ISO-10303-21;
HEADER;
FILE_DESCRIPTION (( 'STEP AP214' ),
    '1' );
FILE_NAME ('DC11_B01_CASE_M_DUMMY.STEP',
    '2026-08-29T22:11:53',
    ( '' ),
    ( '' ),
    'SwSTEP 2.0',
    'SolidWorks 2023',
    '' );
FILE_SCHEMA (( 'AUTOMOTIVE_DESIGN' ));
ENDSEC;

DATA;
#1 = DIRECTION ( 'NONE',  ( 0.000000000000000000, 0.000000000000000000, 1.000000000000000000 ) ) ;
#2 = LINE ( 'NONE', #1425, #3682 ) ;
#3 = VECTOR ( 'NONE', #156, 1000.000000000000000 ) ;
#4 = VECTOR ( 'NONE', #3955, 1000.000000000000000 ) ;
#5 = CARTESIAN_POINT ( 'NONE',  ( 8.349999999999999645, -31.25000000000000000, 3.899999999999999911 ) ) ;
#6 = CARTESIAN_POINT ( 'NONE',  ( 8.000000000000000000, -31.25000000000000000, 6.000000000000000000 ) ) ;
#7 = ORIENTED_EDGE ( 'NONE', *, *, #2386, .F. ) ;
#8 = ORIENTED_EDGE ( 'NONE', *, *, #152, .T. ) ;
#9 = AXIS2_PLACEMENT_3D ( 'NONE', #556, #1989, #1599 ) ;
#10 = AXIS2_PLACEMENT_3D ( 'NONE', #2876, #1055, #2541 ) ;
#11 = DIRECTION ( 'NONE',  ( -0.000000000000000000, 0.000000000000000000, 1.000000000000000000 ) ) ;
#12 = CARTESIAN_POINT ( 'NONE',  ( 0.000000000000000000, 0.000000000000000000, 10.80000000000000071 ) ) ;
#13 = EDGE_LOOP ( 'NONE', ( #3179, #3445, #1833, #2332 ) ) ;
#14 = ORIENTED_EDGE ( 'NONE', *, *, #4043, .T. ) ;
#15 = DIRECTION ( 'NONE',  ( 1.000000000000000000, 0.000000000000000000, 0.000000000000000000 ) ) ;
#16 = CARTESIAN_POINT ( 'NONE',  ( 7.650000000000000355, -31.25000000000000000, 3.899999999999999911 ) ) ;
#17 = CARTESIAN_POINT ( 'NONE',  ( 14.25000000000000000, -5.349999999999999645, -3.899999999999999911 ) ) ;
#18 = EDGE_CURVE ( 'NONE', #1321, #1157, #1120, .T. ) ;
#19 = EDGE_LOOP ( 'NONE', ( #1081, #1569, #475, #2555 ) ) ;
#20 = EDGE_LOOP ( 'NONE', ( #3260, #167, #90, #3786 ) ) ;
#21 = EDGE_CURVE ( 'NONE', #3541, #2312, #3024, .T. ) ;
#22 = DIRECTION ( 'NONE',  ( 0.000000000000000000, -1.000000000000000000, 0.000000000000000000 ) ) ;
#23 = ORIENTED_EDGE ( 'NONE', *, *, #1244, .F. ) ;
#24 = DIRECTION ( 'NONE',  ( 1.000000000000000000, 0.000000000000000000, 0.000000000000000000 ) ) ;
#25 = DIRECTION ( 'NONE',  ( -0.000000000000000000, 0.000000000000000000, 1.000000000000000000 ) ) ;
#26 = LINE ( 'NONE', #1816, #951 ) ;
#27 = ADVANCED_FACE ( 'NONE', ( #2651 ), #4419, .T. ) ;
#28 = EDGE_CURVE ( 'NONE', #517, #958, #785, .T. ) ;
#29 = ORIENTED_EDGE ( 'NONE', *, *, #3063, .F. ) ;
#30 = CARTESIAN_POINT ( 'NONE',  ( -10.25000000000000000, -4.000000000000000000, 6.000000000000000000 ) ) ;
#31 = VECTOR ( 'NONE', #4496, 1000.000000000000114 ) ;
#32 = DIRECTION ( 'NONE',  ( 1.000000000000000000, 0.000000000000000000, 0.000000000000000000 ) ) ;
#33 = ORIENTED_EDGE ( 'NONE', *, *, #947, .F. ) ;
#34 = ORIENTED_EDGE ( 'NONE', *, *, #2954, .T. ) ;
#35 = LINE ( 'NONE', #381, #4279 ) ;
#36 = PLANE ( 'NONE',  #4128 ) ;
#37 = ORIENTED_EDGE ( 'NONE', *, *, #3095, .T. ) ;
#38 = ORIENTED_EDGE ( 'NONE', *, *, #2687, .T. ) ;
#39 = PLANE ( 'NONE',  #4130 ) ;
#40 = ADVANCED_FACE ( 'NONE', ( #4016 ), #761, .F. ) ;
#41 = DIRECTION ( 'NONE',  ( -1.000000000000000000, 0.000000000000000000, 0.000000000000000000 ) ) ;
#42 = PRODUCT_DEFINITION_SHAPE ( 'NONE', 'NONE',  #605 ) ;
#43 = ORIENTED_EDGE ( 'NONE', *, *, #3655, .T. ) ;
#44 = VERTEX_POINT ( 'NONE', #809 ) ;
#45 = DIRECTION ( 'NONE',  ( 1.000000000000000000, 0.000000000000000000, 0.000000000000000000 ) ) ;
#46 = VERTEX_POINT ( 'NONE', #1535 ) ;
#47 = CARTESIAN_POINT ( 'NONE',  ( 8.000000000000000000, -35.25000000000000000, 7.050000000000000711 ) ) ;
#48 = ADVANCED_FACE ( 'NONE', ( #4082 ), #590, .F. ) ;
#49 = PRODUCT_DEFINITION_CONTEXT ( 'detailed design', #1299, 'design' ) ;
#50 = FACE_OUTER_BOUND ( 'NONE', #1721, .T. ) ;
#51 = CARTESIAN_POINT ( 'NONE',  ( -14.25000000000000000, 0.000000000000000000, 11.50000000000000000 ) ) ;
#52 = VECTOR ( 'NONE', #2951, 1000.000000000000000 ) ;
#53 = EDGE_CURVE ( 'NONE', #3962, #4557, #852, .T. ) ;
#54 = ORIENTED_EDGE ( 'NONE', *, *, #3865, .T. ) ;
#55 = CARTESIAN_POINT ( 'NONE',  ( -14.25000000000000000, -28.00000000000000000, -6.000000000000000000 ) ) ;
#56 = EDGE_CURVE ( 'NONE', #2801, #387, #1604, .T. ) ;
#57 = EDGE_CURVE ( 'NONE', #3402, #1689, #1199, .T. ) ;
#58 = CARTESIAN_POINT ( 'NONE',  ( -8.349999999999999645, -35.25000000000000000, 3.899999999999999911 ) ) ;
#59 = EDGE_LOOP ( 'NONE', ( #4150, #2843, #1115, #2243, #2733, #534, #2257, #2870 ) ) ;
#60 = ORIENTED_EDGE ( 'NONE', *, *, #92, .T. ) ;
#61 = VECTOR ( 'NONE', #3242, 1000.000000000000000 ) ;
#62 = VECTOR ( 'NONE', #766, 1000.000000000000000 ) ;
#63 = CARTESIAN_POINT ( 'NONE',  ( -8.349999999999999645, -19.30000000000000071, -10.80000000000000071 ) ) ;
#64 = LINE ( 'NONE', #1509, #3911 ) ;
#65 = ORIENTED_EDGE ( 'NONE', *, *, #1959, .F. ) ;
#66 = CIRCLE ( 'NONE', #2640, 1.050000000000000488 ) ;
#67 = CONICAL_SURFACE ( 'NONE', #3692, 1.250000000055933702, 0.7853981635395568262 ) ;
#68 = ORIENTED_EDGE ( 'NONE', *, *, #1873, .F. ) ;
#69 = LINE ( 'NONE', #2530, #2094 ) ;
#70 = CARTESIAN_POINT ( 'NONE',  ( -14.25000000000000000, -4.000000000000000000, 7.050000000000000711 ) ) ;
#71 = LINE ( 'NONE', #406, #2711 ) ;
#72 = ORIENTED_EDGE ( 'NONE', *, *, #2207, .F. ) ;
#73 = CARTESIAN_POINT ( 'NONE',  ( -14.25000000000000000, -29.35000000000000142, 3.899999999999999911 ) ) ;
#74 = EDGE_CURVE ( 'NONE', #4247, #3583, #1976, .T. ) ;
#75 = DIRECTION ( 'NONE',  ( -0.7071067811865475727, 0.7071067811865475727, 0.000000000000000000 ) ) ;
#76 = VERTEX_POINT ( 'NONE', #3797 ) ;
#77 = CARTESIAN_POINT ( 'NONE',  ( 10.25000000000000000, -26.64999999999999858, 3.900000000000000355 ) ) ;
#78 = DIRECTION ( 'NONE',  ( -0.000000000000000000, -1.000000000000000000, -0.000000000000000000 ) ) ;
#79 = AXIS2_PLACEMENT_3D ( 'NONE', #1404, #3936, #4314 ) ;
#80 = FACE_OUTER_BOUND ( 'NONE', #543, .T. ) ;
#81 = DIRECTION ( 'NONE',  ( 0.000000000000000000, -1.000000000000000000, 0.000000000000000000 ) ) ;
#82 = VERTEX_POINT ( 'NONE', #3489 ) ;
#83 = EDGE_CURVE ( 'NONE', #2587, #1261, #4076, .T. ) ;
#84 = EDGE_CURVE ( 'NONE', #712, #3702, #1658, .T. ) ;
#85 = VECTOR ( 'NONE', #736, 1000.000000000000000 ) ;
#86 = LINE ( 'NONE', #63, #1458 ) ;
#87 = AXIS2_PLACEMENT_3D ( 'NONE', #2860, #2503, #3560 ) ;
#88 = AXIS2_PLACEMENT_3D ( 'NONE', #103, #1542, #2989 ) ;
#89 = SURFACE_SIDE_STYLE ('',( #1432 ) ) ;
#90 = ORIENTED_EDGE ( 'NONE', *, *, #465, .T. ) ;
#91 = EDGE_CURVE ( 'NONE', #1161, #4667, #1276, .T. ) ;
#92 = EDGE_CURVE ( 'NONE', #2927, #2312, #3249, .T. ) ;
#93 = VECTOR ( 'NONE', #4164, 1000.000000000000000 ) ;
#94 = VERTEX_POINT ( 'NONE', #3776 ) ;
#95 = DIRECTION ( 'NONE',  ( 0.000000000000000000, 0.000000000000000000, -1.000000000000000000 ) ) ;
#96 = DIRECTION ( 'NONE',  ( -1.000000000000000000, 0.000000000000000000, -0.000000000000000000 ) ) ;
#97 = VECTOR ( 'NONE', #3695, 1000.000000000000000 ) ;
#98 = ORIENTED_EDGE ( 'NONE', *, *, #1611, .T. ) ;
#99 = ORIENTED_EDGE ( 'NONE', *, *, #2473, .F. ) ;
#100 = CARTESIAN_POINT ( 'NONE',  ( 11.96005050634000177, -34.54999999999999716, -10.80000000000000071 ) ) ;
#101 = ORIENTED_EDGE ( 'NONE', *, *, #268, .T. ) ;
#102 = CARTESIAN_POINT ( 'NONE',  ( 10.25000000000000000, -26.64999999999999858, -3.899999999999999911 ) ) ;
#103 = CARTESIAN_POINT ( 'NONE',  ( -10.25000000000000000, -4.000000000000000000, 6.000000000000000000 ) ) ;
#104 = PLANE ( 'NONE',  #565 ) ;
#105 = CONICAL_SURFACE ( 'NONE', #2976, 1.249999999885403446, 0.7853981633974482790 ) ;
#106 = EDGE_LOOP ( 'NONE', ( #2611, #4578, #1612, #2300 ) ) ;
#107 = DIRECTION ( 'NONE',  ( 0.000000000000000000, 1.000000000000000000, 0.000000000000000000 ) ) ;
#108 = EDGE_LOOP ( 'NONE', ( #2109, #1707, #3077, #3511 ) ) ;
#109 = ADVANCED_FACE ( 'NONE', ( #562 ), #2744, .T. ) ;
#110 = CARTESIAN_POINT ( 'NONE',  ( 14.24999999989040589, -28.00000000000000000, -6.000000000000000000 ) ) ;
#111 = EDGE_LOOP ( 'NONE', ( #130, #3638, #2488, #4193, #1441, #3377, #1457, #4360 ) ) ;
#112 = ADVANCED_FACE ( 'NONE', ( #2018 ), #3844, .T. ) ;
#113 = CARTESIAN_POINT ( 'NONE',  ( -11.96005050633987565, 10.54999999999987459, 10.80000000000000071 ) ) ;
#114 = EDGE_CURVE ( 'NONE', #2343, #4224, #1228, .T. ) ;
#115 = ADVANCED_FACE ( 'NONE', ( #1251 ), #4576, .F. ) ;
#116 = PLANE ( 'NONE',  #2252 ) ;
#117 = ORIENTED_EDGE ( 'NONE', *, *, #1235, .F. ) ;
#118 = ORIENTED_EDGE ( 'NONE', *, *, #1864, .F. ) ;
#119 = CARTESIAN_POINT ( 'NONE',  ( -10.25000000000000000, -27.64999999999999858, -3.899999999999999911 ) ) ;
#120 = EDGE_LOOP ( 'NONE', ( #705, #3102, #986, #3231 ) ) ;
#121 = FACE_OUTER_BOUND ( 'NONE', #2255, .T. ) ;
#122 = DIRECTION ( 'NONE',  ( 0.000000000000000000, -1.000000000000000000, 0.000000000000000000 ) ) ;
#123 = DIRECTION ( 'NONE',  ( -0.000000000000000000, -0.000000000000000000, 1.000000000000000000 ) ) ;
#124 = EDGE_LOOP ( 'NONE', ( #383, #3600 ) ) ;
#125 = DIRECTION ( 'NONE',  ( 0.000000000000000000, 0.000000000000000000, 1.000000000000000000 ) ) ;
#126 = VECTOR ( 'NONE', #4142, 1000.000000000000000 ) ;
#127 = CARTESIAN_POINT ( 'NONE',  ( 10.25000000000000000, -3.649999999999999911, -3.899999999999999911 ) ) ;
#128 = VERTEX_POINT ( 'NONE', #3070 ) ;
#129 = LINE ( 'NONE', #3088, #4511 ) ;
#130 = ORIENTED_EDGE ( 'NONE', *, *, #3254, .T. ) ;
#131 = LINE ( 'NONE', #3374, #482 ) ;
#132 = FACE_OUTER_BOUND ( 'NONE', #4552, .T. ) ;
#133 = EDGE_LOOP ( 'NONE', ( #2914, #2162, #4599, #2068 ) ) ;
#134 = EDGE_LOOP ( 'NONE', ( #468, #2913, #3974, #851 ) ) ;
#135 = AXIS2_PLACEMENT_3D ( 'NONE', #2383, #3100, #4509 ) ;
#136 = AXIS2_PLACEMENT_3D ( 'NONE', #2536, #4584, #2173 ) ;
#137 = EDGE_CURVE ( 'NONE', #3297, #3156, #591, .T. ) ;
#138 = DIRECTION ( 'NONE',  ( -0.000000000000000000, -1.000000000000000000, -0.000000000000000000 ) ) ;
#139 = ORIENTED_EDGE ( 'NONE', *, *, #1868, .T. ) ;
#140 = DIRECTION ( 'NONE',  ( 0.000000000000000000, 0.000000000000000000, -1.000000000000000000 ) ) ;
#141 = CARTESIAN_POINT ( 'NONE',  ( 14.25000000000000000, -27.64999999999999858, -3.899999999999999911 ) ) ;
#142 = CARTESIAN_POINT ( 'NONE',  ( -12.25000000000000000, -35.25000000000000000, -10.80000000000000071 ) ) ;
#143 = VERTEX_POINT ( 'NONE', #541 ) ;
#144 = DIRECTION ( 'NONE',  ( 0.000000000000000000, -0.000000000000000000, -1.000000000000000000 ) ) ;
#145 = DIRECTION ( 'NONE',  ( -0.7071067811865474617, 8.659560562354932858E-17, -0.7071067811865474617 ) ) ;
#146 = ORIENTED_EDGE ( 'NONE', *, *, #2182, .T. ) ;
#147 = LINE ( 'NONE', #1293, #171 ) ;
#148 = ORIENTED_EDGE ( 'NONE', *, *, #1277, .T. ) ;
#149 = VECTOR ( 'NONE', #3267, 1000.000000000000000 ) ;
#150 = CARTESIAN_POINT ( 'NONE',  ( -14.24999999989040589, -28.00000000000000000, -6.000000000000000000 ) ) ;
#151 = LINE ( 'NONE', #3047, #3319 ) ;
#152 = EDGE_CURVE ( 'NONE', #4356, #4359, #3443, .T. ) ;
#153 = ORIENTED_EDGE ( 'NONE', *, *, #4119, .T. ) ;
#154 = DIRECTION ( 'NONE',  ( 8.659560563585529986E-17, -0.7071067810860616198, 0.7071067812870334146 ) ) ;
#155 = EDGE_CURVE ( 'NONE', #4224, #215, #2721, .T. ) ;
#156 = DIRECTION ( 'NONE',  ( 0.000000000000000000, -0.000000000000000000, 1.000000000000000000 ) ) ;
#157 = VERTEX_POINT ( 'NONE', #4481 ) ;
#158 = PLANE ( 'NONE',  #1626 ) ;
#159 = DIRECTION ( 'NONE',  ( 0.000000000000000000, 0.000000000000000000, -1.000000000000000000 ) ) ;
#160 = LINE ( 'NONE', #4486, #3456 ) ;
#161 = EDGE_CURVE ( 'NONE', #1473, #1606, #193, .T. ) ;
#162 = ORIENTED_EDGE ( 'NONE', *, *, #2872, .T. ) ;
#163 = EDGE_LOOP ( 'NONE', ( #3863, #43, #3163, #1813 ) ) ;
#164 = PLANE ( 'NONE',  #3914 ) ;
#165 = CARTESIAN_POINT ( 'NONE',  ( -14.25000000000000000, -4.000000000000000000, -6.000000000000000000 ) ) ;
#166 = EDGE_CURVE ( 'NONE', #945, #3402, #3584, .T. ) ;
#167 = ORIENTED_EDGE ( 'NONE', *, *, #2688, .F. ) ;
#168 = DIRECTION ( 'NONE',  ( -0.000000000000000000, 1.000000000000000000, 0.000000000000000000 ) ) ;
#169 = DIRECTION ( 'NONE',  ( -0.7071067811865474617, -0.7071067811865474617, 0.000000000000000000 ) ) ;
#170 = CYLINDRICAL_SURFACE ( 'NONE', #1312, 1.050000000000000488 ) ;
#171 = VECTOR ( 'NONE', #169, 1000.000000000000114 ) ;
#172 = CARTESIAN_POINT ( 'NONE',  ( 12.25000000000000000, 11.25000000000000000, -10.80000000000000071 ) ) ;
#173 = ORIENTED_EDGE ( 'NONE', *, *, #1278, .T. ) ;
#174 = DIRECTION ( 'NONE',  ( 0.000000000000000000, 0.000000000000000000, -1.000000000000000000 ) ) ;
#175 = PLANE ( 'NONE',  #2646 ) ;
#176 = ORIENTED_EDGE ( 'NONE', *, *, #3973, .F. ) ;
#177 = FACE_BOUND ( 'NONE', #4610, .T. ) ;
#178 = PLANE ( 'NONE',  #742 ) ;
#179 = DIRECTION ( 'NONE',  ( 0.000000000000000000, 0.000000000000000000, -1.000000000000000000 ) ) ;
#180 = EDGE_LOOP ( 'NONE', ( #2142, #867 ) ) ;
#181 = ADVANCED_FACE ( 'NONE', ( #2431 ), #1126, .F. ) ;
#182 = ORIENTED_EDGE ( 'NONE', *, *, #2386, .T. ) ;
#183 = DIRECTION ( 'NONE',  ( 0.000000000000000000, -0.000000000000000000, -1.000000000000000000 ) ) ;
#184 = CARTESIAN_POINT ( 'NONE',  ( 8.349999999999999645, -19.30000000000000071, -4.700000000000000178 ) ) ;
#185 = ORIENTED_EDGE ( 'NONE', *, *, #4588, .F. ) ;
#186 = EDGE_CURVE ( 'NONE', #1137, #492, #1498, .T. ) ;
#187 = DIRECTION ( 'NONE',  ( -0.000000000000000000, -1.000000000000000000, 0.000000000000000000 ) ) ;
#188 = CARTESIAN_POINT ( 'NONE',  ( -14.25000000000000000, -3.649999999999999911, -3.899999999999999911 ) ) ;
#189 = DIRECTION ( 'NONE',  ( 0.000000000000000000, -1.000000000000000000, 0.000000000000000000 ) ) ;
#190 = CIRCLE ( 'NONE', #4573, 1.049999999935607553 ) ;
#191 = DIRECTION ( 'NONE',  ( 1.000000000000000000, 0.000000000000000000, 0.000000000000000000 ) ) ;
#192 = VERTEX_POINT ( 'NONE', #684 ) ;
#193 = LINE ( 'NONE', #1631, #3939 ) ;
#194 = LINE ( 'NONE', #4556, #3107 ) ;
#195 = ORIENTED_EDGE ( 'NONE', *, *, #166, .T. ) ;
#196 = CARTESIAN_POINT ( 'NONE',  ( 14.25000000000000000, -28.00000000000000000, 7.050000000000000711 ) ) ;
#197 = VECTOR ( 'NONE', #4330, 1000.000000000000000 ) ;
#198 = CARTESIAN_POINT ( 'NONE',  ( 14.25000000003228706, -4.000000000000000000, -6.000000000000000000 ) ) ;
#199 = LINE ( 'NONE', #1638, #3757 ) ;
#200 = VERTEX_POINT ( 'NONE', #1779 ) ;
#201 = AXIS2_PLACEMENT_3D ( 'NONE', #2119, #1759, #248 ) ;
#202 = AXIS2_PLACEMENT_3D ( 'NONE', #4459, #2672, #2402 ) ;
#203 = ORIENTED_EDGE ( 'NONE', *, *, #1618, .T. ) ;
#204 = CARTESIAN_POINT ( 'NONE',  ( -14.25000000000000000, -29.35000000000000142, 3.899999999999999911 ) ) ;
#205 = CARTESIAN_POINT ( 'NONE',  ( 14.25000000000000000, 0.000000000000000000, 11.50000000000000000 ) ) ;
#206 = ORIENTED_EDGE ( 'NONE', *, *, #2831, .F. ) ;
#207 = CARTESIAN_POINT ( 'NONE',  ( 0.000000000000000000, 10.55000000000000071, -11.50000000000000000 ) ) ;
#208 = DIRECTION ( 'NONE',  ( 0.000000000000000000, 0.000000000000000000, -1.000000000000000000 ) ) ;
#209 = EDGE_CURVE ( 'NONE', #3985, #1329, #2140, .T. ) ;
#210 = EDGE_LOOP ( 'NONE', ( #2273, #2316 ) ) ;
#211 = DIRECTION ( 'NONE',  ( 0.000000000000000000, -1.000000000000000000, 0.000000000000000000 ) ) ;
#212 = CARTESIAN_POINT ( 'NONE',  ( -14.25000000000000000, -29.35000000000000142, -3.899999999999999911 ) ) ;
#213 = DIRECTION ( 'NONE',  ( 0.000000000000000000, -1.000000000000000000, 0.000000000000000000 ) ) ;
#214 = EDGE_CURVE ( 'NONE', #1717, #4515, #2842, .T. ) ;
#215 = VERTEX_POINT ( 'NONE', #338 ) ;
#216 = DIRECTION ( 'NONE',  ( 0.000000000000000000, 0.000000000000000000, -1.000000000000000000 ) ) ;
#217 = ADVANCED_FACE ( 'NONE', ( #1014 ), #4641, .F. ) ;
#218 = CLOSED_SHELL ( 'NONE', ( #990, #3698, #2890, #2706, #1746, #181, #3056, #3040, #1720, #643, #1554, #4636, #2547, #1362, #4587, #4354, #2411, #362, #2232, #3722, #3062, #4498, #2034, #48, #115, #3173, #962, #608, #2863, #1066, #865, #2766, #3639, #3148, #112, #636, #3861, #4642, #379, #1077, #756, #2157, #4112, #2394, #3959, #4389, #459, #3295, #2184, #3809, #1530, #1135, #1507, #3659, #2447, #3871, #1733, #2776, #3064, #528, #3982, #2740, #4263, #1305, #4037, #3741, #4333, #2691, #1683, #1336, #762, #847, #395, #444, #2280, #2366, #2421, #3693, #2608, #751, #27, #4214, #778, #3404, #3884, #2540, #4266, #585, #323, #2655, #3405, #3320, #2900, #3568, #2107, #1745, #2716, #4562, #3263, #4488, #2661, #2518, #4229, #2254, #2893, #1350, #4494, #2595, #1591, #2126, #3220, #2480, #2781, #1934, #3548, #936, #270, #1379, #1357, #4633, #445, #1752, #1767, #217, #3354, #1538, #1163, #644, #1903, #1079, #3574, #4384, #4060, #3957, #2001, #1510, #40, #1623, #2083, #586, #1925, #1433, #2918, #3509, #4421, #4070, #817, #467, #2101, #3743, #4616, #4111, #3607, #487, #2335, #1802, #109, #987, #2007, #2459, #4470, #252, #1471, #4212, #1982, #1794, #1952, #786 ) ) ;
#219 = VECTOR ( 'NONE', #1998, 1000.000000000000000 ) ;
#220 = AXIS2_PLACEMENT_3D ( 'NONE', #3543, #1422, #4329 ) ;
#221 = DIRECTION ( 'NONE',  ( -0.000000000000000000, -0.000000000000000000, 1.000000000000000000 ) ) ;
#222 = EDGE_LOOP ( 'NONE', ( #1006, #432, #4117, #884 ) ) ;
#223 = FACE_BOUND ( 'NONE', #124, .T. ) ;
#224 = CARTESIAN_POINT ( 'NONE',  ( 10.25000000000000000, -28.35000000000000497, 3.899999999999999911 ) ) ;
#225 = LINE ( 'NONE', #1665, #1022 ) ;
#226 = ORIENTED_EDGE ( 'NONE', *, *, #3276, .T. ) ;
#227 = ORIENTED_EDGE ( 'NONE', *, *, #1854, .F. ) ;
#228 = CARTESIAN_POINT ( 'NONE',  ( 10.25000000000000000, -27.64999999999999858, -3.899999999999999911 ) ) ;
#229 = PLANE ( 'NONE',  #3313 ) ;
#230 = FACE_OUTER_BOUND ( 'NONE', #2754, .T. ) ;
#231 = ORIENTED_EDGE ( 'NONE', *, *, #1244, .T. ) ;
#232 = VECTOR ( 'NONE', #4307, 1000.000000000000000 ) ;
#233 = CARTESIAN_POINT ( 'NONE',  ( -14.25000000000000000, -2.649999999999999467, 3.899999999999999911 ) ) ;
#234 = EDGE_CURVE ( 'NONE', #1671, #3660, #1343, .T. ) ;
#235 = ORIENTED_EDGE ( 'NONE', *, *, #2753, .F. ) ;
#236 = LINE ( 'NONE', #1315, #1523 ) ;
#237 = EDGE_CURVE ( 'NONE', #707, #2258, #1391, .T. ) ;
#238 = DIRECTION ( 'NONE',  ( 0.000000000000000000, -0.000000000000000000, 1.000000000000000000 ) ) ;
#239 = CARTESIAN_POINT ( 'NONE',  ( 14.25000000000000000, -4.349999999999999645, 3.899999999999999911 ) ) ;
#240 = ORIENTED_EDGE ( 'NONE', *, *, #1219, .T. ) ;
#241 = CARTESIAN_POINT ( 'NONE',  ( -13.55000000000000071, 8.960050506339001686, 10.80000000000000071 ) ) ;
#242 = EDGE_CURVE ( 'NONE', #1157, #832, #3944, .T. ) ;
#243 = EDGE_CURVE ( 'NONE', #46, #2467, #4220, .T. ) ;
#244 = AXIS2_PLACEMENT_3D ( 'NONE', #1600, #3066, #4167 ) ;
#245 = EDGE_CURVE ( 'NONE', #2225, #157, #2883, .T. ) ;
#246 = LINE ( 'NONE', #706, #2031 ) ;
#247 = ORIENTED_EDGE ( 'NONE', *, *, #3287, .F. ) ;
#248 = DIRECTION ( 'NONE',  ( 0.000000000000000000, 0.000000000000000000, -1.000000000000000000 ) ) ;
#249 = DIRECTION ( 'NONE',  ( 0.000000000000000000, 1.000000000000000000, 0.000000000000000000 ) ) ;
#250 = DIRECTION ( 'NONE',  ( 0.000000000000000000, 0.000000000000000000, -1.000000000000000000 ) ) ;
#251 = ORIENTED_EDGE ( 'NONE', *, *, #3689, .F. ) ;
#252 = ADVANCED_FACE ( 'NONE', ( #4621 ), #263, .T. ) ;
#253 = ORIENTED_EDGE ( 'NONE', *, *, #2328, .T. ) ;
#254 = DIRECTION ( 'NONE',  ( -1.000000000000000000, 0.000000000000000000, -0.000000000000000000 ) ) ;
#255 = CARTESIAN_POINT ( 'NONE',  ( 13.55000000000000071, 0.000000000000000000, -11.50000000000000000 ) ) ;
#256 = ORIENTED_EDGE ( 'NONE', *, *, #161, .T. ) ;
#257 = DIRECTION ( 'NONE',  ( -1.000000000000000000, 0.000000000000000000, 0.000000000000000000 ) ) ;
#258 = ORIENTED_EDGE ( 'NONE', *, *, #2910, .T. ) ;
#259 = CARTESIAN_POINT ( 'NONE',  ( -10.25000000000000000, -28.00000000000000000, -6.000000000000000000 ) ) ;
#260 = CARTESIAN_POINT ( 'NONE',  ( 14.25000000000000000, -5.349999999999999645, -3.899999999999999911 ) ) ;
#261 = DIRECTION ( 'NONE',  ( 0.000000000000000000, 0.000000000000000000, 1.000000000000000000 ) ) ;
#262 = ORIENTED_EDGE ( 'NONE', *, *, #1481, .F. ) ;
#263 = PLANE ( 'NONE',  #1898 ) ;
#264 = ORIENTED_EDGE ( 'NONE', *, *, #4092, .F. ) ;
#265 = CARTESIAN_POINT ( 'NONE',  ( -14.25000000000000000, -4.000000000000000000, 6.000000000000000000 ) ) ;
#266 = DIRECTION ( 'NONE',  ( -1.000000000000000000, 0.000000000000000000, 0.000000000000000000 ) ) ;
#267 = PLANE ( 'NONE',  #1469 ) ;
#268 = EDGE_CURVE ( 'NONE', #3890, #4171, #1704, .T. ) ;
#269 = ORIENTED_EDGE ( 'NONE', *, *, #701, .T. ) ;
#270 = ADVANCED_FACE ( 'NONE', ( #3919 ), #662, .T. ) ;
#271 = VECTOR ( 'NONE', #2823, 1000.000000000000000 ) ;
#272 = VECTOR ( 'NONE', #1376, 1000.000000000000000 ) ;
#273 = CARTESIAN_POINT ( 'NONE',  ( 8.000000000000000000, -35.25000000000000000, -4.949999999999999289 ) ) ;
#274 = EDGE_LOOP ( 'NONE', ( #2377, #3805, #3227, #4003 ) ) ;
#275 = FACE_OUTER_BOUND ( 'NONE', #2163, .T. ) ;
#276 = DIRECTION ( 'NONE',  ( 0.000000000000000000, -1.000000000000000000, 0.000000000000000000 ) ) ;
#277 = DIRECTION ( 'NONE',  ( 1.000000000000000000, 0.000000000000000000, 0.000000000000000000 ) ) ;
#278 = VERTEX_POINT ( 'NONE', #635 ) ;
#279 = VECTOR ( 'NONE', #1088, 1000.000000000000000 ) ;
#280 = EDGE_CURVE ( 'NONE', #1002, #4018, #1756, .T. ) ;
#281 = AXIS2_PLACEMENT_3D ( 'NONE', #2029, #1331, #183 ) ;
#282 = FACE_BOUND ( 'NONE', #111, .T. ) ;
#283 = ORIENTED_EDGE ( 'NONE', *, *, #1386, .F. ) ;
#284 = CARTESIAN_POINT ( 'NONE',  ( -14.24999999997544364, -4.000000000000000000, -7.249999999970441422 ) ) ;
#285 = PLANE ( 'NONE',  #4066 ) ;
#286 = VERTEX_POINT ( 'NONE', #535 ) ;
#287 = CARTESIAN_POINT ( 'NONE',  ( -8.349999999999999645, -8.900000000000000355, -4.700000000000000178 ) ) ;
#288 = CARTESIAN_POINT ( 'NONE',  ( -10.25000000000000000, 0.000000000000000000, -10.80000000000000071 ) ) ;
#289 = ORIENTED_EDGE ( 'NONE', *, *, #2219, .T. ) ;
#290 = CARTESIAN_POINT ( 'NONE',  ( -11.96005050634000177, 10.55000000000000071, -10.80000000000000071 ) ) ;
#291 = EDGE_CURVE ( 'NONE', #1445, #453, #4521, .T. ) ;
#292 = CARTESIAN_POINT ( 'NONE',  ( 14.25000000000000000, -4.000000000000000000, 4.949999999999999289 ) ) ;
#293 = DIRECTION ( 'NONE',  ( -0.000000000000000000, -1.000000000000000000, -0.000000000000000000 ) ) ;
#294 = ORIENTED_EDGE ( 'NONE', *, *, #3575, .F. ) ;
#295 = CIRCLE ( 'NONE', #2504, 1.049999999991996669 ) ;
#296 = EDGE_CURVE ( 'NONE', #4575, #4018, #1267, .T. ) ;
#297 = DIRECTION ( 'NONE',  ( -0.7071067811865474617, 0.000000000000000000, 0.7071067811865474617 ) ) ;
#298 = ORIENTED_EDGE ( 'NONE', *, *, #155, .F. ) ;
#299 = DIRECTION ( 'NONE',  ( 0.000000000000000000, 0.000000000000000000, 1.000000000000000000 ) ) ;
#301 = EDGE_CURVE ( 'NONE', #902, #3398, #3501, .T. ) ;
#300 = AXIS2_PLACEMENT_3D ( 'NONE', #3139, #2404, #174 ) ;
#302 = CARTESIAN_POINT ( 'NONE',  ( 8.000000000000000000, -35.25000000007594281, -6.000000000000000000 ) ) ;
#303 = CIRCLE ( 'NONE', #1732, 1.250000000027284841 ) ;
#304 = DIRECTION ( 'NONE',  ( 0.000000000000000000, -1.000000000000000000, 0.000000000000000000 ) ) ;
#305 = AXIS2_PLACEMENT_3D ( 'NONE', #3132, #1334, #1291 ) ;
#306 = CARTESIAN_POINT ( 'NONE',  ( 0.000000000000000000, 0.000000000000000000, -11.50000000000000000 ) ) ;
#307 = EDGE_CURVE ( 'NONE', #873, #4474, #580, .T. ) ;
#308 = CARTESIAN_POINT ( 'NONE',  ( 8.000000000000000000, 7.250000000000000000, 6.000000000000000000 ) ) ;
#309 = CIRCLE ( 'NONE', #3347, 1.049999999991996669 ) ;
#310 = ORIENTED_EDGE ( 'NONE', *, *, #928, .T. ) ;
#311 = CARTESIAN_POINT ( 'NONE',  ( -14.25000000000000000, -4.000000000000000000, -6.000000000000000000 ) ) ;
#312 = PLANE ( 'NONE',  #4429 ) ;
#313 = CARTESIAN_POINT ( 'NONE',  ( 7.650000000000000355, -35.25000000000000000, -3.899999999999999911 ) ) ;
#314 = ORIENTED_EDGE ( 'NONE', *, *, #1655, .T. ) ;
#315 = DIRECTION ( 'NONE',  ( 0.000000000000000000, -1.000000000000000000, -0.000000000000000000 ) ) ;
#316 = VECTOR ( 'NONE', #2684, 1000.000000000000114 ) ;
#317 = DIRECTION ( 'NONE',  ( 0.7071067811865474617, 0.7071067811865474617, -0.000000000000000000 ) ) ;
#318 = EDGE_LOOP ( 'NONE', ( #2994, #2697, #1610, #4427 ) ) ;
#319 = DIRECTION ( 'NONE',  ( 1.000000000000000000, 0.000000000000000000, -0.000000000000000000 ) ) ;
#320 = DIRECTION ( 'NONE',  ( 1.000000000000000000, 0.000000000000000000, 0.000000000000000000 ) ) ;
#321 = FACE_OUTER_BOUND ( 'NONE', #794, .T. ) ;
#322 = VERTEX_POINT ( 'NONE', #964 ) ;
#323 = ADVANCED_FACE ( 'NONE', ( #4211 ), #3414, .T. ) ;
#324 = CARTESIAN_POINT ( 'NONE',  ( 14.04999999994061000, -4.000000000000000000, 6.000000000000000000 ) ) ;
#325 = VERTEX_POINT ( 'NONE', #988 ) ;
#326 = LINE ( 'NONE', #4308, #4077 ) ;
#327 = DIRECTION ( 'NONE',  ( -1.000000000000000000, -0.000000000000000000, 0.000000000000000000 ) ) ;
#328 = CARTESIAN_POINT ( 'NONE',  ( -10.25000000000000000, -4.000000000000000000, 7.050000000000000711 ) ) ;
#329 = DIRECTION ( 'NONE',  ( 1.000000000000000000, 0.000000000000000000, -0.000000000000000000 ) ) ;
#330 = ORIENTED_EDGE ( 'NONE', *, *, #4534, .F. ) ;
#331 = DIRECTION ( 'NONE',  ( 0.000000000000000000, 0.000000000000000000, -1.000000000000000000 ) ) ;
#332 = EDGE_CURVE ( 'NONE', #1796, #3890, #2393, .T. ) ;
#333 = EDGE_CURVE ( 'NONE', #3355, #1635, #916, .T. ) ;
#334 = AXIS2_PLACEMENT_3D ( 'NONE', #4161, #3880, #4586 ) ;
#335 = CARTESIAN_POINT ( 'NONE',  ( 10.25000000000000000, -2.649999999999999911, -3.899999999999999911 ) ) ;
#336 = CARTESIAN_POINT ( 'NONE',  ( 14.25000000000000000, -4.000000000000000000, -6.000000000000000000 ) ) ;
#337 = EDGE_LOOP ( 'NONE', ( #3394, #3873, #554, #4185 ) ) ;
#338 = CARTESIAN_POINT ( 'NONE',  ( -8.000000000000000000, -35.24999999993406163, 7.249999999913599780 ) ) ;
#339 = VECTOR ( 'NONE', #3941, 1000.000000000000114 ) ;
#340 = ORIENTED_EDGE ( 'NONE', *, *, #1197, .T. ) ;
#341 = DIRECTION ( 'NONE',  ( 1.000000000000000000, 0.000000000000000000, 0.000000000000000000 ) ) ;
#342 = CARTESIAN_POINT ( 'NONE',  ( -12.25000000000000000, -35.25000000000000000, -11.50000000000000000 ) ) ;
#343 = DIRECTION ( 'NONE',  ( 0.000000000000000000, 0.000000000000000000, 1.000000000000000000 ) ) ;
#344 = ORIENTED_EDGE ( 'NONE', *, *, #1421, .F. ) ;
#345 = VECTOR ( 'NONE', #1643, 1000.000000000000000 ) ;
#346 = DIRECTION ( 'NONE',  ( 0.000000000000000000, 0.000000000000000000, -1.000000000000000000 ) ) ;
#347 = DIRECTION ( 'NONE',  ( -0.000000000000000000, -1.000000000000000000, -0.000000000000000000 ) ) ;
#348 = CARTESIAN_POINT ( 'NONE',  ( -13.55000000000000071, -32.96005050634000355, -11.50000000000000000 ) ) ;
#349 = DIRECTION ( 'NONE',  ( -0.000000000000000000, 1.000000000000000000, 0.000000000000000000 ) ) ;
#350 = CARTESIAN_POINT ( 'NONE',  ( 12.25000000000000000, -35.25000000000000000, -11.50000000000000000 ) ) ;
#351 = FACE_OUTER_BOUND ( 'NONE', #4540, .T. ) ;
#352 = VECTOR ( 'NONE', #1520, 1000.000000000000114 ) ;
#353 = ORIENTED_EDGE ( 'NONE', *, *, #4660, .F. ) ;
#354 = VERTEX_POINT ( 'NONE', #3108 ) ;
#355 = COLOUR_RGB ( '',0.7921568627450980005, 0.8196078431372548767, 0.9333333333333333481 ) ;
#356 = CIRCLE ( 'NONE', #4213, 1.049999999935153250 ) ;
#357 = CARTESIAN_POINT ( 'NONE',  ( 12.75000000000000178, -8.900000000000000355, -10.80000000000000071 ) ) ;
#358 = EDGE_CURVE ( 'NONE', #1984, #3579, #1054, .T. ) ;
#359 = EDGE_LOOP ( 'NONE', ( #4614, #2010, #2148, #1983 ) ) ;
#360 = ORIENTED_EDGE ( 'NONE', *, *, #186, .T. ) ;
#361 = FACE_OUTER_BOUND ( 'NONE', #3877, .T. ) ;
#362 = ADVANCED_FACE ( 'NONE', ( #3480 ), #2372, .F. ) ;
#363 = FACE_OUTER_BOUND ( 'NONE', #3738, .T. ) ;
#364 = FACE_BOUND ( 'NONE', #2341, .T. ) ;
#365 = ORIENTED_EDGE ( 'NONE', *, *, #997, .F. ) ;
#366 = ORIENTED_EDGE ( 'NONE', *, *, #1652, .T. ) ;
#367 = AXIS2_PLACEMENT_3D ( 'NONE', #2141, #1780, #616 ) ;
#368 = CARTESIAN_POINT ( 'NONE',  ( -11.96005050634000177, 10.55000000000000071, -11.50000000000000000 ) ) ;
#369 = ORIENTED_EDGE ( 'NONE', *, *, #84, .T. ) ;
#370 = DIRECTION ( 'NONE',  ( 0.000000000000000000, -1.000000000000000000, 0.000000000000000000 ) ) ;
#371 = FACE_OUTER_BOUND ( 'NONE', #106, .T. ) ;
#372 = DIRECTION ( 'NONE',  ( 0.000000000000000000, -0.000000000000000000, 1.000000000000000000 ) ) ;
#373 = AXIS2_PLACEMENT_3D ( 'NONE', #978, #249, #1687 ) ;
#374 = EDGE_LOOP ( 'NONE', ( #1349, #162, #2621, #3847 ) ) ;
#375 = VECTOR ( 'NONE', #622, 1000.000000000000000 ) ;
#376 = CARTESIAN_POINT ( 'NONE',  ( -12.75000000000000178, -19.30000000000000071, -4.700000000000000178 ) ) ;
#377 = ORIENTED_EDGE ( 'NONE', *, *, #931, .F. ) ;
#378 = ORIENTED_EDGE ( 'NONE', *, *, #1197, .F. ) ;
#379 = ADVANCED_FACE ( 'NONE', ( #3065 ), #3860, .T. ) ;
#380 = VECTOR ( 'NONE', #1764, 1000.000000000000000 ) ;
#381 = CARTESIAN_POINT ( 'NONE',  ( 14.25000000000000000, -28.00000000000000000, -7.050000000000000711 ) ) ;
#382 = ORIENTED_EDGE ( 'NONE', *, *, #696, .T. ) ;
#383 = ORIENTED_EDGE ( 'NONE', *, *, #4435, .T. ) ;
#384 = CARTESIAN_POINT ( 'NONE',  ( -9.350000000000001421, -35.25000000000000000, -3.899999999999999911 ) ) ;
#385 = PLANE ( 'NONE',  #3913 ) ;
#386 = EDGE_LOOP ( 'NONE', ( #3390, #3783, #4204, #4398 ) ) ;
#387 = VERTEX_POINT ( 'NONE', #233 ) ;
#388 = EDGE_CURVE ( 'NONE', #2946, #3279, #2033, .T. ) ;
#389 = EDGE_CURVE ( 'NONE', #2543, #1940, #1659, .T. ) ;
#390 = CARTESIAN_POINT ( 'NONE',  ( 12.25000000000000000, -35.25000000000000000, 11.50000000000000000 ) ) ;
#391 = EDGE_LOOP ( 'NONE', ( #3552, #4121, #1490, #3796 ) ) ;
#392 = CARTESIAN_POINT ( 'NONE',  ( 14.25000000000000000, -2.649999999999999911, 3.899999999999999911 ) ) ;
#393 = DIRECTION ( 'NONE',  ( 0.000000000000000000, -1.000000000000000000, 0.000000000000000000 ) ) ;
#394 = DIRECTION ( 'NONE',  ( 0.000000000000000000, -0.000000000000000000, 1.000000000000000000 ) ) ;
#395 = ADVANCED_FACE ( 'NONE', ( #3154 ), #2277, .F. ) ;
#396 = VERTEX_POINT ( 'NONE', #3437 ) ;
#397 = CARTESIAN_POINT ( 'NONE',  ( -10.25000000000000000, -26.64999999999999858, -3.899999999999999911 ) ) ;
#398 = VECTOR ( 'NONE', #2497, 1000.000000000000114 ) ;
#399 = CARTESIAN_POINT ( 'NONE',  ( 8.000000000000000000, 7.250000000000000000, 6.000000000000000000 ) ) ;
#400 = ORIENTED_EDGE ( 'NONE', *, *, #2473, .T. ) ;
#401 = EDGE_LOOP ( 'NONE', ( #4487, #1149 ) ) ;
#402 = DIRECTION ( 'NONE',  ( 0.000000000000000000, -0.000000000000000000, -1.000000000000000000 ) ) ;
#403 = ORIENTED_EDGE ( 'NONE', *, *, #3233, .F. ) ;
#404 = ORIENTED_EDGE ( 'NONE', *, *, #2322, .T. ) ;
#405 = PLANE ( 'NONE',  #652 ) ;
#406 = CARTESIAN_POINT ( 'NONE',  ( -8.000000000000000000, -35.25000000000000000, -4.949999999999999289 ) ) ;
#407 = ORIENTED_EDGE ( 'NONE', *, *, #358, .T. ) ;
#408 = ORIENTED_EDGE ( 'NONE', *, *, #3785, .F. ) ;
#409 = LINE ( 'NONE', #2242, #3935 ) ;
#410 = ORIENTED_EDGE ( 'NONE', *, *, #869, .T. ) ;
#411 = DIRECTION ( 'NONE',  ( 0.000000000000000000, 0.000000000000000000, -1.000000000000000000 ) ) ;
#412 = LINE ( 'NONE', #837, #3608 ) ;
#413 = VECTOR ( 'NONE', #3224, 1000.000000000000000 ) ;
#414 = ORIENTED_EDGE ( 'NONE', *, *, #4611, .T. ) ;
#415 = CARTESIAN_POINT ( 'NONE',  ( 10.25000000000000000, 0.000000000000000000, -3.899999999999999911 ) ) ;
#416 = DIRECTION ( 'NONE',  ( 0.000000000000000000, 0.000000000000000000, 1.000000000000000000 ) ) ;
#417 = EDGE_CURVE ( 'NONE', #949, #94, #1738, .T. ) ;
#418 = EDGE_CURVE ( 'NONE', #3170, #396, #3769, .T. ) ;
#419 = VERTEX_POINT ( 'NONE', #4138 ) ;
#420 = ORIENTED_EDGE ( 'NONE', *, *, #1841, .T. ) ;
#421 = VECTOR ( 'NONE', #3125, 1000.000000000000000 ) ;
#422 = DIRECTION ( 'NONE',  ( 0.000000000000000000, 0.000000000000000000, -1.000000000000000000 ) ) ;
#423 = LINE ( 'NONE', #1153, #2326 ) ;
#424 = ORIENTED_EDGE ( 'NONE', *, *, #3418, .T. ) ;
#425 = VECTOR ( 'NONE', #450, 1000.000000000000000 ) ;
#426 = VECTOR ( 'NONE', #4585, 1000.000000000000000 ) ;
#427 = AXIS2_PLACEMENT_3D ( 'NONE', #239, #4319, #2525 ) ;
#428 = EDGE_LOOP ( 'NONE', ( #815, #38 ) ) ;
#429 = CARTESIAN_POINT ( 'NONE',  ( -6.650000000000000355, -35.25000000000000000, 3.899999999999999911 ) ) ;
#430 = CARTESIAN_POINT ( 'NONE',  ( 0.000000000000000000, 0.000000000000000000, 0.000000000000000000 ) ) ;
#431 = DIRECTION ( 'NONE',  ( 0.000000000000000000, 0.000000000000000000, -1.000000000000000000 ) ) ;
#432 = ORIENTED_EDGE ( 'NONE', *, *, #579, .F. ) ;
#433 = ORIENTED_EDGE ( 'NONE', *, *, #2065, .F. ) ;
#434 = DIRECTION ( 'NONE',  ( 0.000000000000000000, 0.000000000000000000, 1.000000000000000000 ) ) ;
#435 = ORIENTED_EDGE ( 'NONE', *, *, #3120, .F. ) ;
#436 = CARTESIAN_POINT ( 'NONE',  ( -14.25000000000000000, -28.00000000000000000, -7.050000000000000711 ) ) ;
#437 = DIRECTION ( 'NONE',  ( 1.000000000000000000, 0.000000000000000000, -0.000000000000000000 ) ) ;
#438 = FACE_BOUND ( 'NONE', #2514, .T. ) ;
#439 = EDGE_CURVE ( 'NONE', #2544, #2908, #891, .T. ) ;
#440 = EDGE_LOOP ( 'NONE', ( #617, #4374, #240, #2081, #1657, #3153, #4449, #1789 ) ) ;
#441 = FACE_OUTER_BOUND ( 'NONE', #1749, .T. ) ;
#442 = DIRECTION ( 'NONE',  ( 0.000000000000000000, -0.000000000000000000, -1.000000000000000000 ) ) ;
#443 = ORIENTED_EDGE ( 'NONE', *, *, #3321, .T. ) ;
#444 = ADVANCED_FACE ( 'NONE', ( #1819 ), #2271, .F. ) ;
#445 = ADVANCED_FACE ( 'NONE', ( #2853 ), #4631, .F. ) ;
#446 = CIRCLE ( 'NONE', #1575, 1.049999999991996669 ) ;
#447 = VECTOR ( 'NONE', #2583, 1000.000000000000000 ) ;
#448 = LINE ( 'NONE', #4340, #1552 ) ;
#449 = VERTEX_POINT ( 'NONE', #3883 ) ;
#450 = DIRECTION ( 'NONE',  ( 1.000000000000000000, 0.000000000000000000, 0.000000000000000000 ) ) ;
#451 = PLANE ( 'NONE',  #2093 ) ;
#452 = VERTEX_POINT ( 'NONE', #3550 ) ;
#453 = VERTEX_POINT ( 'NONE', #2129 ) ;
#454 = CARTESIAN_POINT ( 'NONE',  ( -8.349999999999999645, -8.900000000000000355, -10.80000000000000071 ) ) ;
#455 = ORIENTED_EDGE ( 'NONE', *, *, #631, .T. ) ;
#456 = CARTESIAN_POINT ( 'NONE',  ( 14.25000000000000000, -4.349999999999999645, -3.899999999999999911 ) ) ;
#457 = FACE_OUTER_BOUND ( 'NONE', #2297, .T. ) ;
#458 = FACE_OUTER_BOUND ( 'NONE', #3790, .T. ) ;
#459 = ADVANCED_FACE ( 'NONE', ( #282, #1451 ), #3244, .T. ) ;
#460 = VECTOR ( 'NONE', #32, 1000.000000000000000 ) ;
#461 = ORIENTED_EDGE ( 'NONE', *, *, #3729, .T. ) ;
#462 = LINE ( 'NONE', #415, #3113 ) ;
#463 = LINE ( 'NONE', #4430, #1478 ) ;
#464 = VERTEX_POINT ( 'NONE', #2495 ) ;
#465 = EDGE_CURVE ( 'NONE', #921, #2759, #655, .T. ) ;
#466 = VECTOR ( 'NONE', #297, 1000.000000000000114 ) ;
#467 = ADVANCED_FACE ( 'NONE', ( #677 ), #2923, .T. ) ;
#468 = ORIENTED_EDGE ( 'NONE', *, *, #3894, .F. ) ;
#469 = CARTESIAN_POINT ( 'NONE',  ( -14.25000000000000000, -27.64999999999999503, 3.899999999999999911 ) ) ;
#470 = EDGE_CURVE ( 'NONE', #449, #1689, #1381, .T. ) ;
#471 = VERTEX_POINT ( 'NONE', #5 ) ;
#472 = DIRECTION ( 'NONE',  ( -1.000000000000000000, 0.000000000000000000, 0.000000000000000000 ) ) ;
#473 = CARTESIAN_POINT ( 'NONE',  ( -10.25000000000000000, -5.349999999999999645, -3.899999999999999911 ) ) ;
#474 = ORIENTED_EDGE ( 'NONE', *, *, #3717, .F. ) ;
#475 = ORIENTED_EDGE ( 'NONE', *, *, #2246, .F. ) ;
#476 = DIRECTION ( 'NONE',  ( 0.000000000000000000, -0.000000000000000000, -1.000000000000000000 ) ) ;
#477 = VERTEX_POINT ( 'NONE', #3905 ) ;
#478 = DIRECTION ( 'NONE',  ( 0.7071067811865474617, 0.7071067811865474617, 0.000000000000000000 ) ) ;
#479 = CARTESIAN_POINT ( 'NONE',  ( -13.55000000000000071, 8.960050506339003462, 10.80000000000000071 ) ) ;
#480 = EDGE_LOOP ( 'NONE', ( #4657, #1302, #2767, #606 ) ) ;
#481 = CARTESIAN_POINT ( 'NONE',  ( -14.25000000000000000, -33.25000000000000000, -11.50000000000000000 ) ) ;
#482 = VECTOR ( 'NONE', #1601, 1000.000000000000000 ) ;
#483 = DIRECTION ( 'NONE',  ( 0.000000000000000000, 1.000000000000000000, 0.000000000000000000 ) ) ;
#484 = ORIENTED_EDGE ( 'NONE', *, *, #1394, .F. ) ;
#485 = DIRECTION ( 'NONE',  ( 0.000000000000000000, -0.7071067810860616198, -0.7071067812870334146 ) ) ;
#486 = ORIENTED_EDGE ( 'NONE', *, *, #793, .F. ) ;
#487 = ADVANCED_FACE ( 'NONE', ( #3270 ), #4357, .F. ) ;
#488 = AXIS2_PLACEMENT_3D ( 'NONE', #2749, #1589, #250 ) ;
#489 = EDGE_CURVE ( 'NONE', #2682, #500, #1201, .T. ) ;
#490 = DIRECTION ( 'NONE',  ( 1.000000000000000000, 0.000000000000000000, 0.000000000000000000 ) ) ;
#491 = CARTESIAN_POINT ( 'NONE',  ( -13.55000000000000071, -32.96005050634000355, -11.50000000000000000 ) ) ;
#492 = VERTEX_POINT ( 'NONE', #4334 ) ;
#493 = DIRECTION ( 'NONE',  ( 0.000000000000000000, 0.000000000000000000, 1.000000000000000000 ) ) ;
#494 = AXIS2_PLACEMENT_3D ( 'NONE', #2340, #4179, #3076 ) ;
#495 = CIRCLE ( 'NONE', #3159, 1.249999999970441422 ) ;
#496 = VECTOR ( 'NONE', #2004, 1000.000000000000000 ) ;
#497 = EDGE_CURVE ( 'NONE', #4219, #2824, #4313, .T. ) ;
#498 = EDGE_CURVE ( 'NONE', #1409, #4050, #2833, .T. ) ;
#499 = FACE_BOUND ( 'NONE', #3467, .T. ) ;
#500 = VERTEX_POINT ( 'NONE', #328 ) ;
#501 = LINE ( 'NONE', #196, #3155 ) ;
#502 = DIRECTION ( 'NONE',  ( 0.000000000000000000, 0.000000000000000000, -1.000000000000000000 ) ) ;
#503 = DIRECTION ( 'NONE',  ( -0.000000000000000000, -0.000000000000000000, -1.000000000000000000 ) ) ;
#504 = ORIENTED_EDGE ( 'NONE', *, *, #1831, .F. ) ;
#505 = ORIENTED_EDGE ( 'NONE', *, *, #497, .F. ) ;
#506 = DIRECTION ( 'NONE',  ( -0.000000000000000000, 0.000000000000000000, -1.000000000000000000 ) ) ;
#507 = LINE ( 'NONE', #1547, #3531 ) ;
#508 = DIRECTION ( 'NONE',  ( 0.000000000000000000, -1.000000000000000000, 0.000000000000000000 ) ) ;
#509 = VERTEX_POINT ( 'NONE', #1007 ) ;
#510 = CARTESIAN_POINT ( 'NONE',  ( -7.650000000000000355, -35.25000000000000000, -10.80000000000000071 ) ) ;
#511 = LINE ( 'NONE', #2303, #1070 ) ;
#512 = ORIENTED_EDGE ( 'NONE', *, *, #3225, .T. ) ;
#513 = EDGE_CURVE ( 'NONE', #699, #464, #2108, .T. ) ;
#514 = CIRCLE ( 'NONE', #3555, 1.250000000027284841 ) ;
#515 = DIRECTION ( 'NONE',  ( -0.000000000000000000, -0.000000000000000000, 1.000000000000000000 ) ) ;
#516 = DIRECTION ( 'NONE',  ( 0.000000000000000000, -0.000000000000000000, 1.000000000000000000 ) ) ;
#517 = VERTEX_POINT ( 'NONE', #2902 ) ;
#518 = CARTESIAN_POINT ( 'NONE',  ( -8.000000000000000000, -35.25000000000000000, 7.050000000000000711 ) ) ;
#519 = AXIS2_PLACEMENT_3D ( 'NONE', #3576, #3978, #1358 ) ;
#520 = CARTESIAN_POINT ( 'NONE',  ( 6.650000000000000355, -35.25000000000000000, -3.899999999999999911 ) ) ;
#521 = VERTEX_POINT ( 'NONE', #350 ) ;
#522 = DIRECTION ( 'NONE',  ( 0.000000000000000000, 0.000000000000000000, -1.000000000000000000 ) ) ;
#523 = VECTOR ( 'NONE', #4653, 1000.000000000000114 ) ;
#524 = FACE_OUTER_BOUND ( 'NONE', #1285, .T. ) ;
#525 = CARTESIAN_POINT ( 'NONE',  ( -8.000000000000000000, -35.25000000000000000, 6.000000000000000000 ) ) ;
#526 = EDGE_CURVE ( 'NONE', #3694, #3660, #3187, .T. ) ;
#527 = EDGE_LOOP ( 'NONE', ( #1430, #314, #1318, #4634 ) ) ;
#528 = ADVANCED_FACE ( 'NONE', ( #2519 ), #2124, .F. ) ;
#529 = EDGE_CURVE ( 'NONE', #3482, #3851, #1351, .T. ) ;
#530 = EDGE_LOOP ( 'NONE', ( #2387, #1847 ) ) ;
#531 = DIRECTION ( 'NONE',  ( 0.7071067811865472397, -0.7071067811865479058, 0.000000000000000000 ) ) ;
#532 = DIRECTION ( 'NONE',  ( 0.000000000000000000, 1.000000000000000000, -0.000000000000000000 ) ) ;
#533 = DIRECTION ( 'NONE',  ( -1.000000000000000000, 0.000000000000000000, -0.000000000000000000 ) ) ;
#534 = ORIENTED_EDGE ( 'NONE', *, *, #242, .F. ) ;
#535 = CARTESIAN_POINT ( 'NONE',  ( 14.04999999994061000, -28.00000000000000000, -7.049999999935607775 ) ) ;
#536 = CARTESIAN_POINT ( 'NONE',  ( 11.96005050633975131, 10.54999999999975024, -11.50000000000000000 ) ) ;
#537 = CARTESIAN_POINT ( 'NONE',  ( 6.650000000000000355, -35.25000000000000000, 3.899999999999999911 ) ) ;
#538 = EDGE_CURVE ( 'NONE', #517, #707, #309, .T. ) ;
#539 = DIRECTION ( 'NONE',  ( -1.000000000000000000, -0.000000000000000000, -0.000000000000000000 ) ) ;
#540 = ORIENTED_EDGE ( 'NONE', *, *, #1831, .T. ) ;
#541 = CARTESIAN_POINT ( 'NONE',  ( 14.04999999994061000, -4.000000000000000000, 4.950000000064846972 ) ) ;
#542 = FACE_OUTER_BOUND ( 'NONE', #386, .T. ) ;
#543 = EDGE_LOOP ( 'NONE', ( #1553, #3408, #3491, #2091 ) ) ;
#544 = LINE ( 'NONE', #3468, #2088 ) ;
#545 = DIRECTION ( 'NONE',  ( 0.000000000000000000, 0.000000000000000000, 1.000000000000000000 ) ) ;
#546 = DIRECTION ( 'NONE',  ( 0.000000000000000000, 0.000000000000000000, 1.000000000000000000 ) ) ;
#547 = EDGE_LOOP ( 'NONE', ( #3628, #2650, #2410, #1970 ) ) ;
#548 = CIRCLE ( 'NONE', #3208, 1.049999999991996669 ) ;
#549 = ORIENTED_EDGE ( 'NONE', *, *, #838, .T. ) ;
#550 = DIRECTION ( 'NONE',  ( 0.000000000000000000, 1.000000000000000000, 0.000000000000000000 ) ) ;
#551 = EDGE_CURVE ( 'NONE', #1940, #3614, #3015, .T. ) ;
#552 = CARTESIAN_POINT ( 'NONE',  ( 9.350000000000001421, -35.25000000000000000, -3.899999999999999911 ) ) ;
#553 = DIRECTION ( 'NONE',  ( 0.000000000000000000, 0.000000000000000000, -1.000000000000000000 ) ) ;
#554 = ORIENTED_EDGE ( 'NONE', *, *, #2752, .F. ) ;
#555 = VECTOR ( 'NONE', #515, 1000.000000000000000 ) ;
#556 = CARTESIAN_POINT ( 'NONE',  ( 14.25000000000000000, 9.250000000000000000, -10.80000000000000071 ) ) ;
#557 = FACE_OUTER_BOUND ( 'NONE', #527, .T. ) ;
#558 = DIRECTION ( 'NONE',  ( 0.000000000000000000, 0.000000000000000000, -1.000000000000000000 ) ) ;
#559 = DIRECTION ( 'NONE',  ( 0.000000000000000000, 1.000000000000000000, 0.000000000000000000 ) ) ;
#560 = DIRECTION ( 'NONE',  ( 0.000000000000000000, 1.000000000000000000, -0.000000000000000000 ) ) ;
#561 = EDGE_LOOP ( 'NONE', ( #4393, #353, #2834, #2907 ) ) ;
#562 = FACE_OUTER_BOUND ( 'NONE', #210, .T. ) ;
#563 = ORIENTED_EDGE ( 'NONE', *, *, #526, .F. ) ;
#564 = CARTESIAN_POINT ( 'NONE',  ( -8.000000000000000000, 7.250000000000000000, 6.000000000000000000 ) ) ;
#565 = AXIS2_PLACEMENT_3D ( 'NONE', #2200, #394, #2268 ) ;
#566 = CIRCLE ( 'NONE', #3230, 1.050000000000000488 ) ;
#567 = CARTESIAN_POINT ( 'NONE',  ( 10.25000000000000000, 0.000000000000000000, -10.80000000000000071 ) ) ;
#568 = CARTESIAN_POINT ( 'NONE',  ( 14.25000000003274181, -28.00000000000000000, 7.250000000027284841 ) ) ;
#569 = ORIENTED_EDGE ( 'NONE', *, *, #3481, .T. ) ;
#570 = VECTOR ( 'NONE', #2952, 1000.000000000000000 ) ;
#571 = EDGE_CURVE ( 'NONE', #1090, #3315, #1900, .T. ) ;
#572 = CIRCLE ( 'NONE', #201, 1.049999999991996669 ) ;
#573 = AXIS2_PLACEMENT_3D ( 'NONE', #1226, #4098, #4115 ) ;
#574 = ORIENTED_EDGE ( 'NONE', *, *, #4666, .T. ) ;
#575 = CARTESIAN_POINT ( 'NONE',  ( 0.000000000000000000, 0.000000000000000000, -4.700000000000000178 ) ) ;
#576 = PLANE ( 'NONE',  #281 ) ;
#577 = DIRECTION ( 'NONE',  ( 0.000000000000000000, -1.000000000000000000, -0.000000000000000000 ) ) ;
#578 = VERTEX_POINT ( 'NONE', #3647 ) ;
#579 = EDGE_CURVE ( 'NONE', #3831, #1661, #462, .T. ) ;
#580 = LINE ( 'NONE', #1967, #3479 ) ;
#581 = FACE_OUTER_BOUND ( 'NONE', #1453, .T. ) ;
#582 = ORIENTED_EDGE ( 'NONE', *, *, #3835, .T. ) ;
#583 = LINE ( 'NONE', #2856, #2450 ) ;
#584 = AXIS2_PLACEMENT_3D ( 'NONE', #4120, #3096, #2745 ) ;
#585 = ADVANCED_FACE ( 'NONE', ( #80 ), #1938, .T. ) ;
#586 = ADVANCED_FACE ( 'NONE', ( #4068 ), #3038, .F. ) ;
#587 = CARTESIAN_POINT ( 'NONE',  ( -14.04999999994061000, -28.00000000000000000, 7.049999999935153028 ) ) ;
#588 = DIRECTION ( 'NONE',  ( -1.000000000000000000, 0.000000000000000000, 0.000000000000000000 ) ) ;
#589 = ORIENTED_EDGE ( 'NONE', *, *, #2812, .T. ) ;
#590 = CYLINDRICAL_SURFACE ( 'NONE', #4311, 1.050000000000000488 ) ;
#591 = CIRCLE ( 'NONE', #3853, 1.249999999970441422 ) ;
#592 = VECTOR ( 'NONE', #3029, 1000.000000000000000 ) ;
#593 = LINE ( 'NONE', #2722, #3710 ) ;
#594 = VERTEX_POINT ( 'NONE', #1101 ) ;
#595 = CARTESIAN_POINT ( 'NONE',  ( 13.55000000000000071, 8.960050506339001686, 10.80000000000000071 ) ) ;
#596 = PLANE ( 'NONE',  #373 ) ;
#597 = DIRECTION ( 'NONE',  ( 0.000000000000000000, 1.000000000000000000, 0.000000000000000000 ) ) ;
#598 = VECTOR ( 'NONE', #3084, 1000.000000000000000 ) ;
#599 = ORIENTED_EDGE ( 'NONE', *, *, #3835, .F. ) ;
#600 = VECTOR ( 'NONE', #3669, 1000.000000000000000 ) ;
#601 = ORIENTED_EDGE ( 'NONE', *, *, #2628, .T. ) ;
#602 = DIRECTION ( 'NONE',  ( -1.000000000000000000, 0.000000000000000000, -0.000000000000000000 ) ) ;
#603 = DIRECTION ( 'NONE',  ( 0.000000000000000000, 0.000000000000000000, -1.000000000000000000 ) ) ;
#604 = LINE ( 'NONE', #887, #2160 ) ;
#605 = PRODUCT_DEFINITION ( 'Êô', '', #2591, #49 ) ;
#606 = ORIENTED_EDGE ( 'NONE', *, *, #728, .F. ) ;
#607 = CARTESIAN_POINT ( 'NONE',  ( 10.25000000000000000, -4.000000000000000000, -6.000000000000000000 ) ) ;
#608 = ADVANCED_FACE ( 'NONE', ( #1150 ), #1917, .F. ) ;
#609 = EDGE_LOOP ( 'NONE', ( #3073, #153 ) ) ;
#610 = DIRECTION ( 'NONE',  ( 0.000000000000000000, 0.000000000000000000, 1.000000000000000000 ) ) ;
#611 = CARTESIAN_POINT ( 'NONE',  ( -14.25000000000000000, -26.64999999999999858, 3.899999999999999911 ) ) ;
#612 = LINE ( 'NONE', #2475, #570 ) ;
#613 = ORIENTED_EDGE ( 'NONE', *, *, #2329, .F. ) ;
#614 = DIRECTION ( 'NONE',  ( 0.000000000000000000, 0.000000000000000000, -1.000000000000000000 ) ) ;
#615 = AXIS2_PLACEMENT_3D ( 'NONE', #3504, #3157, #610 ) ;
#616 = DIRECTION ( 'NONE',  ( 0.000000000000000000, -0.000000000000000000, 1.000000000000000000 ) ) ;
#617 = ORIENTED_EDGE ( 'NONE', *, *, #2358, .T. ) ;
#618 = CARTESIAN_POINT ( 'NONE',  ( 10.25000000000000000, -4.000000000000000000, 7.050000000000000711 ) ) ;
#619 = CARTESIAN_POINT ( 'NONE',  ( -14.25000000000000000, -29.35000000000000142, -3.899999999999999911 ) ) ;
#620 = LINE ( 'NONE', #3898, #2405 ) ;
#621 = EDGE_LOOP ( 'NONE', ( #3681, #3661 ) ) ;
#622 = DIRECTION ( 'NONE',  ( 0.000000000000000000, -1.000000000000000000, -0.000000000000000000 ) ) ;
#623 = ORIENTED_EDGE ( 'NONE', *, *, #1947, .F. ) ;
#624 = CARTESIAN_POINT ( 'NONE',  ( 10.25000000000000000, 0.000000000000000000, -10.80000000000000071 ) ) ;
#625 = DIRECTION ( 'NONE',  ( -0.000000000000000000, 0.000000000000000000, 1.000000000000000000 ) ) ;
#626 = ORIENTED_EDGE ( 'NONE', *, *, #4199, .T. ) ;
#627 = DIRECTION ( 'NONE',  ( 0.000000000000000000, 0.000000000000000000, -1.000000000000000000 ) ) ;
#628 = DIRECTION ( 'NONE',  ( 0.000000000000000000, -1.000000000000000000, 0.000000000000000000 ) ) ;
#629 = ORIENTED_EDGE ( 'NONE', *, *, #2602, .F. ) ;
#630 = CARTESIAN_POINT ( 'NONE',  ( -13.55000000000000071, -32.96005050634000355, 10.80000000000000071 ) ) ;
#631 = EDGE_CURVE ( 'NONE', #1329, #3707, #2616, .T. ) ;
#632 = FACE_OUTER_BOUND ( 'NONE', #1093, .T. ) ;
#633 = CARTESIAN_POINT ( 'NONE',  ( -14.25000000000000000, -4.000000000000000000, 4.949999999999999289 ) ) ;
#634 = ORIENTED_EDGE ( 'NONE', *, *, #4292, .T. ) ;
#635 = CARTESIAN_POINT ( 'NONE',  ( -14.04999999994061000, -28.00000000000000000, -4.950000000064392225 ) ) ;
#636 = ADVANCED_FACE ( 'NONE', ( #2203 ), #1194, .T. ) ;
#637 = EDGE_CURVE ( 'NONE', #453, #2805, #795, .T. ) ;
#638 = ORIENTED_EDGE ( 'NONE', *, *, #4448, .F. ) ;
#639 = CARTESIAN_POINT ( 'NONE',  ( -14.04999999994061000, -4.000000000000000000, -6.000000000000000000 ) ) ;
#640 = DIRECTION ( 'NONE',  ( 1.000000000000000000, -0.000000000000000000, -0.000000000000000000 ) ) ;
#641 = DIRECTION ( 'NONE',  ( 0.7071067811865474617, -0.7071067811865474617, -0.000000000000000000 ) ) ;
#642 = ORIENTED_EDGE ( 'NONE', *, *, #4617, .T. ) ;
#643 = ADVANCED_FACE ( 'NONE', ( #441 ), #904, .F. ) ;
#644 = ADVANCED_FACE ( 'NONE', ( #744 ), #2226, .F. ) ;
#645 = AXIS2_PLACEMENT_3D ( 'NONE', #2968, #3691, #4445 ) ;
#646 = VECTOR ( 'NONE', #3195, 1000.000000000000000 ) ;
#647 = DIRECTION ( 'NONE',  ( 1.000000000000000000, 0.000000000000000000, -0.000000000000000000 ) ) ;
#648 = CARTESIAN_POINT ( 'NONE',  ( -8.349999999999999645, 0.000000000000000000, -10.80000000000000071 ) ) ;
#649 = CARTESIAN_POINT ( 'NONE',  ( -11.96005050634000177, -34.54999999999999716, -10.80000000000000071 ) ) ;
#650 = DIRECTION ( 'NONE',  ( 0.000000000000000000, -1.000000000000000000, 0.000000000000000000 ) ) ;
#651 = AXIS2_PLACEMENT_3D ( 'NONE', #2792, #969, #2429 ) ;
#652 = AXIS2_PLACEMENT_3D ( 'NONE', #384, #3678, #1139 ) ;
#653 = AXIS2_PLACEMENT_3D ( 'NONE', #4517, #3059, #2803 ) ;
#654 = VECTOR ( 'NONE', #3534, 1000.000000000000000 ) ;
#655 = LINE ( 'NONE', #3934, #2589 ) ;
#656 = DIRECTION ( 'NONE',  ( -1.000000000000000000, -0.000000000000000000, 0.000000000000000000 ) ) ;
#657 = EDGE_LOOP ( 'NONE', ( #1979, #3239, #2800, #2179 ) ) ;
#658 = FACE_OUTER_BOUND ( 'NONE', #2496, .T. ) ;
#659 = DIRECTION ( 'NONE',  ( 1.000000000000000000, 0.000000000000000000, 0.000000000000000000 ) ) ;
#660 = DIRECTION ( 'NONE',  ( 0.000000000000000000, 0.000000000000000000, -1.000000000000000000 ) ) ;
#661 = ORIENTED_EDGE ( 'NONE', *, *, #4203, .T. ) ;
#662 = PLANE ( 'NONE',  #2813 ) ;
#663 = VECTOR ( 'NONE', #2016, 1000.000000000000114 ) ;
#664 = ORIENTED_EDGE ( 'NONE', *, *, #1977, .T. ) ;
#665 = CARTESIAN_POINT ( 'NONE',  ( 14.25000000000000000, -26.64999999999999858, -10.80000000000000071 ) ) ;
#666 = DIRECTION ( 'NONE',  ( 0.000000000000000000, 0.000000000000000000, -1.000000000000000000 ) ) ;
#667 = FACE_OUTER_BOUND ( 'NONE', #2630, .T. ) ;
#668 = EDGE_CURVE ( 'NONE', #1714, #4476, #4380, .T. ) ;
#669 = ORIENTED_EDGE ( 'NONE', *, *, #18, .T. ) ;
#670 = CARTESIAN_POINT ( 'NONE',  ( 14.25000000000000000, -27.64999999999999858, 3.899999999999999911 ) ) ;
#671 = VECTOR ( 'NONE', #1410, 1000.000000000000000 ) ;
#672 = DIRECTION ( 'NONE',  ( -0.000000000000000000, -1.000000000000000000, 0.000000000000000000 ) ) ;
#673 = CIRCLE ( 'NONE', #1272, 1.249999999970441422 ) ;
#674 = CARTESIAN_POINT ( 'NONE',  ( 14.25000000000000000, -2.649999999999999911, 3.899999999999999911 ) ) ;
#675 = EDGE_CURVE ( 'NONE', #2985, #3988, #4045, .T. ) ;
#676 = AXIS2_PLACEMENT_3D ( 'NONE', #3778, #2021, #4196 ) ;
#677 = FACE_OUTER_BOUND ( 'NONE', #2865, .T. ) ;
#678 = LINE ( 'NONE', #3961, #4455 ) ;
#679 = ORIENTED_EDGE ( 'NONE', *, *, #3372, .T. ) ;
#680 = LINE ( 'NONE', #992, #3278 ) ;
#681 = LINE ( 'NONE', #3581, #2078 ) ;
#682 = CARTESIAN_POINT ( 'NONE',  ( 7.650000000000000355, -35.25000000000000000, 3.899999999999999911 ) ) ;
#683 = ORIENTED_EDGE ( 'NONE', *, *, #3233, .T. ) ;
#684 = CARTESIAN_POINT ( 'NONE',  ( -10.25000000000000000, -28.35000000000000497, 3.899999999999999911 ) ) ;
#685 = DIRECTION ( 'NONE',  ( 0.000000000000000000, 0.000000000000000000, -1.000000000000000000 ) ) ;
#686 = ORIENTED_EDGE ( 'NONE', *, *, #1184, .T. ) ;
#687 = LINE ( 'NONE', #1322, #1023 ) ;
#688 = CYLINDRICAL_SURFACE ( 'NONE', #3036, 1.050000000000000488 ) ;
#689 = DIRECTION ( 'NONE',  ( -1.000000000000000000, 0.000000000000000000, 0.000000000000000000 ) ) ;
#690 = VERTEX_POINT ( 'NONE', #2274 ) ;
#691 = VECTOR ( 'NONE', #2058, 1000.000000000000000 ) ;
#692 = PLANE ( 'NONE',  #3857 ) ;
#693 = CARTESIAN_POINT ( 'NONE',  ( -8.000000000000000000, 11.24999999990450306, 4.750000000115051080 ) ) ;
#694 = CARTESIAN_POINT ( 'NONE',  ( 8.349999999999999645, -19.30000000000000071, -10.80000000000000071 ) ) ;
#695 = CARTESIAN_POINT ( 'NONE',  ( 12.75000000000000178, -19.30000000000000071, -10.80000000000000071 ) ) ;
#696 = EDGE_CURVE ( 'NONE', #1689, #3402, #2969, .T. ) ;
#697 = DIRECTION ( 'NONE',  ( 0.000000000000000000, -1.000000000000000000, 0.000000000000000000 ) ) ;
#698 = CARTESIAN_POINT ( 'NONE',  ( 8.000000000000000000, -31.25000000000000000, -6.000000000000000000 ) ) ;
#699 = VERTEX_POINT ( 'NONE', #3719 ) ;
#700 = ORIENTED_EDGE ( 'NONE', *, *, #1208, .F. ) ;
#701 = EDGE_CURVE ( 'NONE', #1940, #2543, #3259, .T. ) ;
#702 = EDGE_CURVE ( 'NONE', #1210, #2953, #2683, .T. ) ;
#703 = CARTESIAN_POINT ( 'NONE',  ( -8.349999999999999645, -31.25000000000000000, -3.899999999999999911 ) ) ;
#704 = DIRECTION ( 'NONE',  ( -1.000000000000000000, -0.000000000000000000, -0.000000000000000000 ) ) ;
#705 = ORIENTED_EDGE ( 'NONE', *, *, #4563, .T. ) ;
#706 = CARTESIAN_POINT ( 'NONE',  ( 13.55000000000000071, -32.96005050634000355, 11.50000000000000000 ) ) ;
#707 = VERTEX_POINT ( 'NONE', #1668 ) ;
#708 = PLANE ( 'NONE',  #2019 ) ;
#709 = CARTESIAN_POINT ( 'NONE',  ( 12.75000000000000178, -8.900000000000000355, -4.700000000000000178 ) ) ;
#710 = CARTESIAN_POINT ( 'NONE',  ( 14.25000000000000000, -28.00000000000000000, -6.000000000000000000 ) ) ;
#711 = ORIENTED_EDGE ( 'NONE', *, *, #3549, .F. ) ;
#712 = VERTEX_POINT ( 'NONE', #2344 ) ;
#713 = VECTOR ( 'NONE', #1616, 1000.000000000000000 ) ;
#714 = FACE_OUTER_BOUND ( 'NONE', #2786, .T. ) ;
#715 = VERTEX_POINT ( 'NONE', #1693 ) ;
#716 = DIRECTION ( 'NONE',  ( -1.000000000000000000, 0.000000000000000000, 0.000000000000000000 ) ) ;
#717 = CARTESIAN_POINT ( 'NONE',  ( -10.25000000000000000, -27.64999999999999858, -3.899999999999999911 ) ) ;
#718 = CARTESIAN_POINT ( 'NONE',  ( 14.25000000000000000, -3.649999999999999911, 3.899999999999999911 ) ) ;
#719 = DIRECTION ( 'NONE',  ( -1.000000000000000000, 0.000000000000000000, 0.000000000000000000 ) ) ;
#720 = FACE_OUTER_BOUND ( 'NONE', #480, .T. ) ;
#721 = VECTOR ( 'NONE', #4403, 1000.000000000000000 ) ;
#722 = CIRCLE ( 'NONE', #952, 1.049999999935607553 ) ;
#723 = ORIENTED_EDGE ( 'NONE', *, *, #1772, .F. ) ;
#724 = VERTEX_POINT ( 'NONE', #1263 ) ;
#725 = CIRCLE ( 'NONE', #2862, 1.250000000027284841 ) ;
#726 = DIRECTION ( 'NONE',  ( 0.000000000000000000, 0.000000000000000000, 1.000000000000000000 ) ) ;
#727 = DIRECTION ( 'NONE',  ( 0.000000000000000000, 0.000000000000000000, -1.000000000000000000 ) ) ;
#728 = EDGE_CURVE ( 'NONE', #3725, #3890, #2703, .T. ) ;
#729 = VERTEX_POINT ( 'NONE', #1985 ) ;
#730 = ORIENTED_EDGE ( 'NONE', *, *, #3973, .T. ) ;
#731 = LINE ( 'NONE', #2259, #1476 ) ;
#732 = LINE ( 'NONE', #2189, #1252 ) ;
#733 = EDGE_LOOP ( 'NONE', ( #1696, #4438 ) ) ;
#734 = ORIENTED_EDGE ( 'NONE', *, *, #91, .T. ) ;
#735 = AXIS2_PLACEMENT_3D ( 'NONE', #1647, #1359, #917 ) ;
#736 = DIRECTION ( 'NONE',  ( -1.000000000000000000, -0.000000000000000000, 0.000000000000000000 ) ) ;
#737 = ORIENTED_EDGE ( 'NONE', *, *, #1619, .T. ) ;
#738 = CARTESIAN_POINT ( 'NONE',  ( 8.000000000000000000, -35.24999999999090505, 7.249999999970443199 ) ) ;
#739 = LINE ( 'NONE', #348, #1344 ) ;
#740 = LINE ( 'NONE', #3010, #4056 ) ;
#741 = VECTOR ( 'NONE', #3094, 1000.000000000000000 ) ;
#742 = AXIS2_PLACEMENT_3D ( 'NONE', #2699, #1259, #502 ) ;
#743 = EDGE_LOOP ( 'NONE', ( #1008, #1524, #2904, #3800 ) ) ;
#744 = FACE_OUTER_BOUND ( 'NONE', #2099, .T. ) ;
#745 = AXIS2_PLACEMENT_3D ( 'NONE', #3264, #2825, #2513 ) ;
#746 = DIRECTION ( 'NONE',  ( 0.000000000000000000, -1.000000000000000000, 0.000000000000000000 ) ) ;
#747 = VERTEX_POINT ( 'NONE', #2317 ) ;
#748 = ORIENTED_EDGE ( 'NONE', *, *, #4534, .T. ) ;
#749 = AXIS2_PLACEMENT_3D ( 'NONE', #306, #627, #2469 ) ;
#751 = ADVANCED_FACE ( 'NONE', ( #3103 ), #3765, .F. ) ;
#750 = AXIS2_PLACEMENT_3D ( 'NONE', #1843, #816, #4023 ) ;
#752 = PLANE ( 'NONE',  #4048 ) ;
#753 = DIRECTION ( 'NONE',  ( 0.000000000000000000, 0.000000000000000000, 1.000000000000000000 ) ) ;
#754 = VERTEX_POINT ( 'NONE', #2051 ) ;
#755 = EDGE_CURVE ( 'NONE', #1739, #215, #2739, .T. ) ;
#756 = ADVANCED_FACE ( 'NONE', ( #1962 ), #4490, .T. ) ;
#757 = ORIENTED_EDGE ( 'NONE', *, *, #909, .F. ) ;
#758 = CARTESIAN_POINT ( 'NONE',  ( -8.000000000000000000, -31.25000000000000000, -4.949999999999999289 ) ) ;
#759 = DIRECTION ( 'NONE',  ( 0.000000000000000000, -0.000000000000000000, 1.000000000000000000 ) ) ;
#760 = ORIENTED_EDGE ( 'NONE', *, *, #4617, .F. ) ;
#761 = PLANE ( 'NONE',  #2658 ) ;
#762 = ADVANCED_FACE ( 'NONE', ( #4183 ), #3432, .F. ) ;
#763 = EDGE_CURVE ( 'NONE', #278, #724, #959, .T. ) ;
#764 = CARTESIAN_POINT ( 'NONE',  ( -8.000000000000000000, 11.24999999998999556, 4.750000000029558578 ) ) ;
#765 = VERTEX_POINT ( 'NONE', #228 ) ;
#766 = DIRECTION ( 'NONE',  ( -0.000000000000000000, -0.000000000000000000, -1.000000000000000000 ) ) ;
#767 = CARTESIAN_POINT ( 'NONE',  ( 14.04999999994061000, -4.000000000000000000, 7.049999999935153028 ) ) ;
#768 = FACE_BOUND ( 'NONE', #3687, .T. ) ;
#769 = EDGE_LOOP ( 'NONE', ( #1435, #4270 ) ) ;
#770 = CARTESIAN_POINT ( 'NONE',  ( -14.24999999989040589, -4.000000000000000000, 6.000000000000000000 ) ) ;
#771 = CIRCLE ( 'NONE', #4555, 1.050000000000000488 ) ;
#772 = CARTESIAN_POINT ( 'NONE',  ( -8.000000000000000000, 11.24999999990450306, 7.249999999884948920 ) ) ;
#773 = ORIENTED_EDGE ( 'NONE', *, *, #3425, .F. ) ;
#774 = VERTEX_POINT ( 'NONE', #2778 ) ;
#775 = DIRECTION ( 'NONE',  ( 0.000000000000000000, 0.000000000000000000, -1.000000000000000000 ) ) ;
#776 = DIRECTION ( 'NONE',  ( 0.7071067811865475727, 0.7071067811865475727, 0.000000000000000000 ) ) ;
#777 = VERTEX_POINT ( 'NONE', #4565 ) ;
#778 = ADVANCED_FACE ( 'NONE', ( #2388 ), #3828, .T. ) ;
#779 = ORIENTED_EDGE ( 'NONE', *, *, #3632, .F. ) ;
#780 = CARTESIAN_POINT ( 'NONE',  ( -8.000000000000000000, 11.24999999990450306, 6.000000000000000000 ) ) ;
#781 = CARTESIAN_POINT ( 'NONE',  ( 0.000000000000000000, 0.000000000000000000, 11.50000000000000000 ) ) ;
#782 = FACE_OUTER_BOUND ( 'NONE', #998, .T. ) ;
#783 = EDGE_CURVE ( 'NONE', #2543, #3590, #2413, .T. ) ;
#784 = ORIENTED_EDGE ( 'NONE', *, *, #3327, .T. ) ;
#785 = LINE ( 'NONE', #2936, #447 ) ;
#786 = ADVANCED_FACE ( 'NONE', ( #3852 ), #2755, .T. ) ;
#787 = CARTESIAN_POINT ( 'NONE',  ( -8.000000000000000000, -35.05000000006930350, 6.000000000000000000 ) ) ;
#788 = ORIENTED_EDGE ( 'NONE', *, *, #2565, .T. ) ;
#789 = CARTESIAN_POINT ( 'NONE',  ( 9.350000000000001421, -31.25000000000000000, 3.900000000000000355 ) ) ;
#790 = CARTESIAN_POINT ( 'NONE',  ( 14.25000000000000000, -26.64999999999999858, 3.899999999999999911 ) ) ;
#791 = CIRCLE ( 'NONE', #2385, 1.050000000000000488 ) ;
#792 = EDGE_CURVE ( 'NONE', #2680, #325, #4134, .T. ) ;
#793 = EDGE_CURVE ( 'NONE', #2801, #2456, #4605, .T. ) ;
#794 = EDGE_LOOP ( 'NONE', ( #1218, #642 ) ) ;
#795 = LINE ( 'NONE', #397, #600 ) ;
#796 = DIRECTION ( 'NONE',  ( 0.000000000000000000, 1.000000000000000000, -0.000000000000000000 ) ) ;
#797 = ORIENTED_EDGE ( 'NONE', *, *, #1113, .T. ) ;
#798 = VECTOR ( 'NONE', #372, 1000.000000000000000 ) ;
#799 = VECTOR ( 'NONE', #1466, 1000.000000000000000 ) ;
#800 = CONICAL_SURFACE ( 'NONE', #3684, 1.249999999885403446, 0.7853981633974482790 ) ;
#801 = ORIENTED_EDGE ( 'NONE', *, *, #4328, .F. ) ;
#802 = VECTOR ( 'NONE', #4052, 1000.000000000000000 ) ;
#803 = VECTOR ( 'NONE', #850, 1000.000000000000000 ) ;
#804 = ORIENTED_EDGE ( 'NONE', *, *, #2647, .T. ) ;
#805 = DIRECTION ( 'NONE',  ( -0.000000000000000000, 0.000000000000000000, -1.000000000000000000 ) ) ;
#806 = PLANE ( 'NONE',  #2737 ) ;
#807 = DIRECTION ( 'NONE',  ( -1.000000000000000000, -0.000000000000000000, 0.000000000000000000 ) ) ;
#808 = EDGE_LOOP ( 'NONE', ( #1857, #1308, #2276, #1807 ) ) ;
#809 = CARTESIAN_POINT ( 'NONE',  ( -14.04999999994061000, -4.000000000000000000, -4.950000000064392225 ) ) ;
#810 = CARTESIAN_POINT ( 'NONE',  ( -14.24999999989040589, -4.000000000000000000, 7.249999999884948920 ) ) ;
#811 = ORIENTED_EDGE ( 'NONE', *, *, #3135, .F. ) ;
#812 = DIRECTION ( 'NONE',  ( 1.000000000000000000, 0.000000000000000000, -0.000000000000000000 ) ) ;
#813 = LINE ( 'NONE', #2590, #2735 ) ;
#814 = DIRECTION ( 'NONE',  ( 1.000000000000000000, 0.000000000000000000, 0.000000000000000000 ) ) ;
#815 = ORIENTED_EDGE ( 'NONE', *, *, #1108, .T. ) ;
#816 = DIRECTION ( 'NONE',  ( 0.000000000000000000, 1.000000000000000000, 0.000000000000000000 ) ) ;
#817 = ADVANCED_FACE ( 'NONE', ( #1353 ), #4231, .T. ) ;
#818 = PLANE ( 'NONE',  #4549 ) ;
#819 = VERTEX_POINT ( 'NONE', #2827 ) ;
#820 = AXIS2_PLACEMENT_3D ( 'NONE', #73, #2674, #1463 ) ;
#821 = VECTOR ( 'NONE', #437, 1000.000000000000000 ) ;
#822 = AXIS2_PLACEMENT_3D ( 'NONE', #2147, #3951, #4627 ) ;
#823 = ORIENTED_EDGE ( 'NONE', *, *, #2008, .T. ) ;
#824 = LINE ( 'NONE', #918, #31 ) ;
#825 = EDGE_LOOP ( 'NONE', ( #1825, #2202, #369, #2606 ) ) ;
#826 = VECTOR ( 'NONE', #3466, 1000.000000000000000 ) ;
#827 = DIRECTION ( 'NONE',  ( 1.000000000000000000, 0.000000000000000000, 0.000000000000000000 ) ) ;
#828 = SHAPE_DEFINITION_REPRESENTATION ( #42, #2832 ) ;
#829 = DIRECTION ( 'NONE',  ( 0.000000000000000000, -1.000000000000000000, 0.000000000000000000 ) ) ;
#830 = VECTOR ( 'NONE', #3385, 1000.000000000000000 ) ;
#831 = ORIENTED_EDGE ( 'NONE', *, *, #3689, .T. ) ;
#832 = VERTEX_POINT ( 'NONE', #3520 ) ;
#833 = FACE_OUTER_BOUND ( 'NONE', #1044, .T. ) ;
#834 = EDGE_LOOP ( 'NONE', ( #4215, #4230, #1373, #206 ) ) ;
#835 = LINE ( 'NONE', #436, #3526 ) ;
#836 = CARTESIAN_POINT ( 'NONE',  ( -14.25000000000000000, -2.649999999999999467, -10.80000000000000071 ) ) ;
#837 = CARTESIAN_POINT ( 'NONE',  ( -8.349999999999999645, -19.30000000000000071, -4.700000000000000178 ) ) ;
#838 = EDGE_CURVE ( 'NONE', #2550, #4338, #3571, .T. ) ;
#839 = ORIENTED_EDGE ( 'NONE', *, *, #2539, .T. ) ;
#840 = DIRECTION ( 'NONE',  ( 0.000000000000000000, -1.000000000000000000, -0.000000000000000000 ) ) ;
#841 = DIRECTION ( 'NONE',  ( 0.000000000000000000, -0.000000000000000000, -1.000000000000000000 ) ) ;
#842 = ORIENTED_EDGE ( 'NONE', *, *, #3025, .T. ) ;
#843 = EDGE_CURVE ( 'NONE', #902, #3185, #2074, .T. ) ;
#844 = VECTOR ( 'NONE', #3744, 1000.000000000000000 ) ;
#845 = LINE ( 'NONE', #1943, #4260 ) ;
#846 = EDGE_LOOP ( 'NONE', ( #72, #3779, #3111, #2434 ) ) ;
#847 = ADVANCED_FACE ( 'NONE', ( #4650 ), #1397, .F. ) ;
#848 = EDGE_CURVE ( 'NONE', #4171, #1345, #2849, .T. ) ;
#849 = FACE_OUTER_BOUND ( 'NONE', #1440, .T. ) ;
#850 = DIRECTION ( 'NONE',  ( 1.000000000000000000, 0.000000000000000000, 0.000000000000000000 ) ) ;
#851 = ORIENTED_EDGE ( 'NONE', *, *, #1140, .F. ) ;
#852 = LINE ( 'NONE', #2768, #972 ) ;
#853 = DIRECTION ( 'NONE',  ( 0.000000000000000000, -0.7071067810860616198, -0.7071067812870334146 ) ) ;
#854 = ORIENTED_EDGE ( 'NONE', *, *, #1015, .T. ) ;
#855 = CARTESIAN_POINT ( 'NONE',  ( 14.25000000000000000, -5.349999999999999645, -3.899999999999999911 ) ) ;
#856 = PLANE ( 'NONE',  #3339 ) ;
#857 = CARTESIAN_POINT ( 'NONE',  ( -14.25000000000000000, -4.349999999999999645, -10.80000000000000071 ) ) ;
#858 = ORIENTED_EDGE ( 'NONE', *, *, #3667, .F. ) ;
#859 = ORIENTED_EDGE ( 'NONE', *, *, #3025, .F. ) ;
#860 = DIRECTION ( 'NONE',  ( 0.000000000000000000, -0.000000000000000000, 1.000000000000000000 ) ) ;
#861 = VECTOR ( 'NONE', #659, 1000.000000000000000 ) ;
#862 = FACE_OUTER_BOUND ( 'NONE', #3332, .T. ) ;
#863 = CARTESIAN_POINT ( 'NONE',  ( -6.650000000000000355, -31.25000000000000000, -3.899999999999999911 ) ) ;
#864 = ORIENTED_EDGE ( 'NONE', *, *, #152, .F. ) ;
#865 = ADVANCED_FACE ( 'NONE', ( #275 ), #3544, .T. ) ;
#866 = FACE_OUTER_BOUND ( 'NONE', #657, .T. ) ;
#867 = ORIENTED_EDGE ( 'NONE', *, *, #1335, .T. ) ;
#868 = CIRCLE ( 'NONE', #2937, 1.250000000027284841 ) ;
#869 = EDGE_CURVE ( 'NONE', #3680, #4520, #1330, .T. ) ;
#870 = DIRECTION ( 'NONE',  ( 0.000000000000000000, -1.000000000000000000, 0.000000000000000000 ) ) ;
#871 = EDGE_CURVE ( 'NONE', #2167, #3384, #3240, .T. ) ;
#872 = CARTESIAN_POINT ( 'NONE',  ( -8.000000000000000000, 11.25000000000000000, 7.050000000000000711 ) ) ;
#873 = VERTEX_POINT ( 'NONE', #4628 ) ;
#874 = CARTESIAN_POINT ( 'NONE',  ( 14.25000000000000000, 9.250000000000000000, 11.50000000000000000 ) ) ;
#875 = CONICAL_SURFACE ( 'NONE', #2323, 1.249999999884949142, 0.7853981633974482790 ) ;
#876 = CONICAL_SURFACE ( 'NONE', #2324, 1.250000000055479399, 0.7853981635395568262 ) ;
#877 = CIRCLE ( 'NONE', #3013, 1.249999999970441422 ) ;
#878 = DIRECTION ( 'NONE',  ( 1.000000000000000000, 0.000000000000000000, 0.000000000000000000 ) ) ;
#879 = ORIENTED_EDGE ( 'NONE', *, *, #755, .F. ) ;
#880 = LINE ( 'NONE', #1587, #3987 ) ;
#881 = DIRECTION ( 'NONE',  ( 0.000000000000000000, -0.000000000000000000, -1.000000000000000000 ) ) ;
#882 = DIRECTION ( 'NONE',  ( 1.000000000000000000, 0.000000000000000000, 0.000000000000000000 ) ) ;
#883 = ORIENTED_EDGE ( 'NONE', *, *, #2238, .T. ) ;
#884 = ORIENTED_EDGE ( 'NONE', *, *, #1923, .F. ) ;
#885 = CARTESIAN_POINT ( 'NONE',  ( 12.75000000000000178, -8.900000000000000355, -10.80000000000000071 ) ) ;
#886 = CARTESIAN_POINT ( 'NONE',  ( -6.650000000000000355, -35.25000000000000000, -3.899999999999999911 ) ) ;
#887 = CARTESIAN_POINT ( 'NONE',  ( 14.25000000000000000, -28.35000000000000497, -3.899999999999999911 ) ) ;
#888 = ORIENTED_EDGE ( 'NONE', *, *, #696, .F. ) ;
#889 = VECTOR ( 'NONE', #4072, 1000.000000000000000 ) ;
#890 = EDGE_CURVE ( 'NONE', #2287, #3761, #4675, .T. ) ;
#891 = LINE ( 'NONE', #2350, #598 ) ;
#892 = CARTESIAN_POINT ( 'NONE',  ( 8.000000000000000000, -35.25000000007594281, -7.250000000055933924 ) ) ;
#893 = VECTOR ( 'NONE', #4271, 1000.000000000000000 ) ;
#894 = AXIS2_PLACEMENT_3D ( 'NONE', #1956, #3539, #2508 ) ;
#895 = DIRECTION ( 'NONE',  ( 0.000000000000000000, -0.000000000000000000, 1.000000000000000000 ) ) ;
#896 = VECTOR ( 'NONE', #1660, 1000.000000000000000 ) ;
#897 = LINE ( 'NONE', #872, #3089 ) ;
#898 = ORIENTED_EDGE ( 'NONE', *, *, #2785, .F. ) ;
#899 = DIRECTION ( 'NONE',  ( 0.000000000000000000, 0.000000000000000000, -1.000000000000000000 ) ) ;
#900 = EDGE_CURVE ( 'NONE', #2258, #958, #2636, .T. ) ;
#901 = CARTESIAN_POINT ( 'NONE',  ( 10.25000000000000000, -26.64999999999999858, -3.899999999999999911 ) ) ;
#902 = VERTEX_POINT ( 'NONE', #1073 ) ;
#903 = DIRECTION ( 'NONE',  ( 0.000000000000000000, 1.000000000000000000, -0.000000000000000000 ) ) ;
#904 = CONICAL_SURFACE ( 'NONE', #2432, 1.249999999884949142, 0.7853981633974482790 ) ;
#905 = FACE_OUTER_BOUND ( 'NONE', #2210, .T. ) ;
#906 = DIRECTION ( 'NONE',  ( 0.000000000000000000, 0.000000000000000000, -1.000000000000000000 ) ) ;
#907 = EDGE_LOOP ( 'NONE', ( #1954, #1162, #2511, #29 ) ) ;
#908 = EDGE_CURVE ( 'NONE', #2653, #1778, #1787, .T. ) ;
#909 = EDGE_CURVE ( 'NONE', #970, #2407, #566, .T. ) ;
#910 = ORIENTED_EDGE ( 'NONE', *, *, #3396, .T. ) ;
#911 = CARTESIAN_POINT ( 'NONE',  ( -8.349999999999999645, -35.25000000000000000, -10.80000000000000071 ) ) ;
#912 = DIRECTION ( 'NONE',  ( 1.000000000000000000, 0.000000000000000000, 0.000000000000000000 ) ) ;
#913 = FACE_OUTER_BOUND ( 'NONE', #1808, .T. ) ;
#914 = EDGE_LOOP ( 'NONE', ( #3752, #1215, #1250, #486 ) ) ;
#915 = VECTOR ( 'NONE', #1502, 1000.000000000000114 ) ;
#916 = LINE ( 'NONE', #3813, #3631 ) ;
#917 = DIRECTION ( 'NONE',  ( 0.000000000000000000, 0.000000000000000000, -1.000000000000000000 ) ) ;
#918 = CARTESIAN_POINT ( 'NONE',  ( 13.55000000000000071, 8.960050506339001686, -10.80000000000000071 ) ) ;
#919 = DIRECTION ( 'NONE',  ( 0.000000000000000000, 0.000000000000000000, 1.000000000000000000 ) ) ;
#920 = DIRECTION ( 'NONE',  ( -0.7071067811865474617, 0.7071067811865474617, -0.000000000000000000 ) ) ;
#921 = VERTEX_POINT ( 'NONE', #2103 ) ;
#922 = DIRECTION ( 'NONE',  ( 0.000000000000000000, 0.000000000000000000, 1.000000000000000000 ) ) ;
#923 = CARTESIAN_POINT ( 'NONE',  ( 14.04999999994061000, -28.00000000000000000, 4.950000000064846972 ) ) ;
#924 = ORIENTED_EDGE ( 'NONE', *, *, #3810, .T. ) ;
#925 = FACE_BOUND ( 'NONE', #2873, .T. ) ;
#926 = LINE ( 'NONE', #2798, #2961 ) ;
#927 = CARTESIAN_POINT ( 'NONE',  ( -14.25000000000000000, -28.35000000000000142, -10.80000000000000071 ) ) ;
#928 = EDGE_CURVE ( 'NONE', #2206, #2370, #2964, .T. ) ;
#929 = ORIENTED_EDGE ( 'NONE', *, *, #1751, .T. ) ;
#930 = VECTOR ( 'NONE', #3808, 1000.000000000000000 ) ;
#931 = EDGE_CURVE ( 'NONE', #2886, #3200, #1166, .T. ) ;
#932 = VERTEX_POINT ( 'NONE', #456 ) ;
#933 = DIRECTION ( 'NONE',  ( -0.000000000000000000, 1.000000000000000000, -0.000000000000000000 ) ) ;
#934 = DIRECTION ( 'NONE',  ( 1.000000000000000000, 0.000000000000000000, 0.000000000000000000 ) ) ;
#935 = CARTESIAN_POINT ( 'NONE',  ( 14.25000000000000000, -26.64999999999999858, 3.899999999999999911 ) ) ;
#936 = ADVANCED_FACE ( 'NONE', ( #3664 ), #3713, .F. ) ;
#937 = ORIENTED_EDGE ( 'NONE', *, *, #792, .T. ) ;
#938 = AXIS2_PLACEMENT_3D ( 'NONE', #2764, #2039, #4190 ) ;
#939 = CARTESIAN_POINT ( 'NONE',  ( -8.349999999999999645, -35.25000000000000000, -3.899999999999999911 ) ) ;
#940 = ORIENTED_EDGE ( 'NONE', *, *, #4141, .T. ) ;
#941 = DIRECTION ( 'NONE',  ( 0.000000000000000000, 0.000000000000000000, -1.000000000000000000 ) ) ;
#942 = VECTOR ( 'NONE', #2517, 1000.000000000000000 ) ;
#943 = DIRECTION ( 'NONE',  ( -1.000000000000000000, 0.000000000000000000, -0.000000000000000000 ) ) ;
#944 = FACE_OUTER_BOUND ( 'NONE', #1675, .T. ) ;
#945 = VERTEX_POINT ( 'NONE', #1861 ) ;
#946 = DIRECTION ( 'NONE',  ( 0.000000000000000000, 1.000000000000000000, 0.000000000000000000 ) ) ;
#947 = EDGE_CURVE ( 'NONE', #1152, #1131, #835, .T. ) ;
#948 = LINE ( 'NONE', #3121, #1426 ) ;
#949 = VERTEX_POINT ( 'NONE', #4401 ) ;
#950 = DIRECTION ( 'NONE',  ( 0.000000000000000000, -0.000000000000000000, 1.000000000000000000 ) ) ;
#951 = VECTOR ( 'NONE', #625, 1000.000000000000000 ) ;
#952 = AXIS2_PLACEMENT_3D ( 'NONE', #2222, #24, #1446 ) ;
#953 = FACE_OUTER_BOUND ( 'NONE', #3455, .T. ) ;
#954 = LINE ( 'NONE', #2363, #3907 ) ;
#955 = ORIENTED_EDGE ( 'NONE', *, *, #3031, .F. ) ;
#956 = AXIS2_PLACEMENT_3D ( 'NONE', #3589, #689, #343 ) ;
#957 = EDGE_CURVE ( 'NONE', #354, #517, #1912, .T. ) ;
#958 = VERTEX_POINT ( 'NONE', #738 ) ;
#959 = LINE ( 'NONE', #3079, #3862 ) ;
#960 = LINE ( 'NONE', #2731, #3812 ) ;
#961 = ORIENTED_EDGE ( 'NONE', *, *, #1016, .F. ) ;
#962 = ADVANCED_FACE ( 'NONE', ( #121 ), #2942, .F. ) ;
#963 = EDGE_CURVE ( 'NONE', #1111, #932, #1146, .T. ) ;
#964 = CARTESIAN_POINT ( 'NONE',  ( -14.25000000000000178, 9.249999999999998224, -11.50000000000000000 ) ) ;
#965 = AXIS2_PLACEMENT_3D ( 'NONE', #3129, #1615, #4566 ) ;
#966 = ORIENTED_EDGE ( 'NONE', *, *, #3798, .F. ) ;
#967 = CARTESIAN_POINT ( 'NONE',  ( 0.000000000000000000, -31.25000000000000000, -3.899999999999999911 ) ) ;
#968 = LINE ( 'NONE', #1753, #3298 ) ;
#969 = DIRECTION ( 'NONE',  ( -1.000000000000000000, -0.000000000000000000, -0.000000000000000000 ) ) ;
#970 = VERTEX_POINT ( 'NONE', #3997 ) ;
#971 = DIRECTION ( 'NONE',  ( 0.000000000000000000, -1.000000000000000000, 0.000000000000000000 ) ) ;
#972 = VECTOR ( 'NONE', #4194, 1000.000000000000000 ) ;
#973 = VECTOR ( 'NONE', #4376, 1000.000000000000000 ) ;
#974 = CONICAL_SURFACE ( 'NONE', #2732, 1.249999999884949142, 0.7853981633974482790 ) ;
#975 = DIRECTION ( 'NONE',  ( -0.7071067811865474617, 8.659560562354932858E-17, -0.7071067811865474617 ) ) ;
#976 = EDGE_LOOP ( 'NONE', ( #4622, #4383, #256, #2603 ) ) ;
#977 = LINE ( 'NONE', #595, #4057 ) ;
#978 = CARTESIAN_POINT ( 'NONE',  ( 12.25000000000000000, 11.25000000000000000, -10.80000000000000071 ) ) ;
#979 = FACE_BOUND ( 'NONE', #3625, .T. ) ;
#980 = VERTEX_POINT ( 'NONE', #3008 ) ;
#981 = AXIS2_PLACEMENT_3D ( 'NONE', #1501, #4001, #4428 ) ;
#982 = ORIENTED_EDGE ( 'NONE', *, *, #2424, .T. ) ;
#983 = CARTESIAN_POINT ( 'NONE',  ( 0.000000000000000000, -31.25000000000000000, 3.900000000000000799 ) ) ;
#984 = CARTESIAN_POINT ( 'NONE',  ( 8.000000000000000000, -35.25000000007594281, 6.000000000000000000 ) ) ;
#985 = DIRECTION ( 'NONE',  ( -0.000000000000000000, -1.000000000000000000, -0.000000000000000000 ) ) ;
#986 = ORIENTED_EDGE ( 'NONE', *, *, #2602, .T. ) ;
#987 = ADVANCED_FACE ( 'NONE', ( #4375 ), #2654, .T. ) ;
#988 = CARTESIAN_POINT ( 'NONE',  ( 12.75000000000000178, -8.900000000000000355, -10.80000000000000071 ) ) ;
#989 = LINE ( 'NONE', #2446, #3021 ) ;
#990 = ADVANCED_FACE ( 'NONE', ( #4085 ), #4210, .F. ) ;
#991 = ORIENTED_EDGE ( 'NONE', *, *, #963, .F. ) ;
#992 = CARTESIAN_POINT ( 'NONE',  ( -6.650000000000000355, -31.25000000000000000, -3.899999999999999911 ) ) ;
#993 = CARTESIAN_POINT ( 'NONE',  ( -8.000000000000000000, -35.25000000007594281, -7.250000000055933924 ) ) ;
#994 = DIRECTION ( 'NONE',  ( 0.000000000000000000, -1.000000000000000000, 0.000000000000000000 ) ) ;
#995 = ORIENTED_EDGE ( 'NONE', *, *, #1777, .T. ) ;
#996 = CARTESIAN_POINT ( 'NONE',  ( 0.000000000000000000, -31.25000000000000000, -10.80000000000000071 ) ) ;
#997 = EDGE_CURVE ( 'NONE', #3519, #4315, #1814, .T. ) ;
#998 = EDGE_LOOP ( 'NONE', ( #2448, #859, #4159, #995 ) ) ;
#999 = CARTESIAN_POINT ( 'NONE',  ( -13.55000000000000071, 8.960050506339001686, -10.80000000000000071 ) ) ;
#1000 = DIRECTION ( 'NONE',  ( 0.000000000000000000, -0.000000000000000000, -1.000000000000000000 ) ) ;
#1001 = FACE_OUTER_BOUND ( 'NONE', #4102, .T. ) ;
#1002 = VERTEX_POINT ( 'NONE', #789 ) ;
#1003 = DIRECTION ( 'NONE',  ( -0.000000000000000000, -0.000000000000000000, -1.000000000000000000 ) ) ;
#1004 = DIRECTION ( 'NONE',  ( 0.000000000000000000, 0.000000000000000000, -1.000000000000000000 ) ) ;
#1005 = CARTESIAN_POINT ( 'NONE',  ( 8.000000000000000000, -35.05000000006930350, 6.000000000000000000 ) ) ;
#1006 = ORIENTED_EDGE ( 'NONE', *, *, #1904, .T. ) ;
#1007 = CARTESIAN_POINT ( 'NONE',  ( 13.55000000000000071, 8.960050506339003462, -10.80000000000000071 ) ) ;
#1008 = ORIENTED_EDGE ( 'NONE', *, *, #3630, .T. ) ;
#1009 = LINE ( 'NONE', #2134, #3881 ) ;
#1010 = EDGE_CURVE ( 'NONE', #2022, #1173, #3266, .T. ) ;
#1011 = LINE ( 'NONE', #3533, #4353 ) ;
#1012 = DIRECTION ( 'NONE',  ( 1.000000000000000000, -0.000000000000000000, -0.000000000000000000 ) ) ;
#1013 = EDGE_LOOP ( 'NONE', ( #2981, #408, #4202, #378 ) ) ;
#1014 = FACE_OUTER_BOUND ( 'NONE', #1785, .T. ) ;
#1015 = EDGE_CURVE ( 'NONE', #4405, #286, #722, .T. ) ;
#1016 = EDGE_CURVE ( 'NONE', #492, #1137, #4362, .T. ) ;
#1017 = ORIENTED_EDGE ( 'NONE', *, *, #4660, .T. ) ;
#1018 = CARTESIAN_POINT ( 'NONE',  ( -14.04999999994061000, -28.00000000000000000, -7.049999999935607775 ) ) ;
#1019 = CARTESIAN_POINT ( 'NONE',  ( -10.25000000000000000, -28.00000000000000000, -6.000000000000000000 ) ) ;
#1020 = DIRECTION ( 'NONE',  ( 1.000000000000000000, 0.000000000000000000, 0.000000000000000000 ) ) ;
#1021 = VERTEX_POINT ( 'NONE', #2917 ) ;
#1022 = VECTOR ( 'NONE', #2097, 1000.000000000000000 ) ;
#1023 = VECTOR ( 'NONE', #2797, 1000.000000000000000 ) ;
#1024 = DIRECTION ( 'NONE',  ( 0.000000000000000000, 0.000000000000000000, -1.000000000000000000 ) ) ;
#1025 = ORIENTED_EDGE ( 'NONE', *, *, #3603, .F. ) ;
#1026 = DIRECTION ( 'NONE',  ( 0.000000000000000000, 0.000000000000000000, -1.000000000000000000 ) ) ;
#1027 = CARTESIAN_POINT ( 'NONE',  ( 14.25000000003228706, -4.000000000000000000, -7.250000000027284841 ) ) ;
#1028 = AXIS2_PLACEMENT_3D ( 'NONE', #3512, #1708, #2047 ) ;
#1029 = CIRCLE ( 'NONE', #4294, 1.050000000000000488 ) ;
#1030 = LINE ( 'NONE', #3219, #1491 ) ;
#1031 = VERTEX_POINT ( 'NONE', #4350 ) ;
#1032 = DIRECTION ( 'NONE',  ( -0.000000000000000000, 1.000000000000000000, -0.000000000000000000 ) ) ;
#1033 = DIRECTION ( 'NONE',  ( -1.000000000000000000, -0.000000000000000000, -0.000000000000000000 ) ) ;
#1034 = CARTESIAN_POINT ( 'NONE',  ( 8.349999999999999645, -35.25000000000000000, 3.899999999999999911 ) ) ;
#1035 = ORIENTED_EDGE ( 'NONE', *, *, #137, .T. ) ;
#1036 = CARTESIAN_POINT ( 'NONE',  ( 8.000000000000000000, -35.25000000007594281, 4.749999999944520823 ) ) ;
#1037 = EDGE_CURVE ( 'NONE', #715, #1635, #1094, .T. ) ;
#1038 = PLANE ( 'NONE',  #367 ) ;
#1039 = ORIENTED_EDGE ( 'NONE', *, *, #3352, .F. ) ;
#1040 = CARTESIAN_POINT ( 'NONE',  ( 14.24999999989040589, -28.00000000000000000, -4.750000000114596332 ) ) ;
#1041 = DIRECTION ( 'NONE',  ( 1.000000000000000000, 0.000000000000000000, 0.000000000000000000 ) ) ;
#1042 = CARTESIAN_POINT ( 'NONE',  ( 14.25000000003228706, -4.000000000000000000, -4.749999999972715159 ) ) ;
#1043 = EDGE_CURVE ( 'NONE', #3055, #1473, #3642, .T. ) ;
#1044 = EDGE_LOOP ( 'NONE', ( #2291, #1214, #4181, #4105 ) ) ;
#1045 = EDGE_CURVE ( 'NONE', #492, #1984, #501, .T. ) ;
#1046 = VECTOR ( 'NONE', #4645, 1000.000000000000000 ) ;
#1047 = CARTESIAN_POINT ( 'NONE',  ( 14.25000000000000000, -29.35000000000000142, -3.899999999999999911 ) ) ;
#1048 = ORIENTED_EDGE ( 'NONE', *, *, #1235, .T. ) ;
#1049 = CARTESIAN_POINT ( 'NONE',  ( -10.25000000000000000, -2.649999999999999911, 3.899999999999999911 ) ) ;
#1050 = CARTESIAN_POINT ( 'NONE',  ( 14.24999999989040589, -4.000000000000000000, -4.750000000114596332 ) ) ;
#1051 = AXIS2_PLACEMENT_3D ( 'NONE', #1019, #2868, #666 ) ;
#1052 = CARTESIAN_POINT ( 'NONE',  ( 10.25000000000000000, -27.64999999999999858, -3.899999999999999911 ) ) ;
#1053 = EDGE_CURVE ( 'NONE', #594, #4388, #3908, .T. ) ;
#1054 = CIRCLE ( 'NONE', #3407, 1.049999999935153250 ) ;
#1055 = DIRECTION ( 'NONE',  ( -1.000000000000000000, -0.000000000000000000, -0.000000000000000000 ) ) ;
#1056 = CARTESIAN_POINT ( 'NONE',  ( -6.650000000000000355, -35.25000000000000000, 3.899999999999999911 ) ) ;
#1057 = ORIENTED_EDGE ( 'NONE', *, *, #3396, .F. ) ;
#1058 = ORIENTED_EDGE ( 'NONE', *, *, #4563, .F. ) ;
#1059 = PLANE ( 'NONE',  #3745 ) ;
#1060 = DIRECTION ( 'NONE',  ( -0.000000000000000000, -1.000000000000000000, -0.000000000000000000 ) ) ;
#1061 = ORIENTED_EDGE ( 'NONE', *, *, #1439, .F. ) ;
#1062 = DIRECTION ( 'NONE',  ( 0.000000000000000000, 0.000000000000000000, -1.000000000000000000 ) ) ;
#1063 = CIRCLE ( 'NONE', #3724, 1.050000000000000488 ) ;
#1064 = ORIENTED_EDGE ( 'NONE', *, *, #1208, .T. ) ;
#1065 = DIRECTION ( 'NONE',  ( -0.000000000000000000, 0.000000000000000000, 1.000000000000000000 ) ) ;
#1066 = ADVANCED_FACE ( 'NONE', ( #2698 ), #1997, .T. ) ;
#1067 = CARTESIAN_POINT ( 'NONE',  ( -14.24999999997589839, -4.000000000000000000, 6.000000000000000000 ) ) ;
#1068 = CARTESIAN_POINT ( 'NONE',  ( -10.25000000000000000, 0.000000000000000000, -10.80000000000000071 ) ) ;
#1069 = ORIENTED_EDGE ( 'NONE', *, *, #161, .F. ) ;
#1070 = VECTOR ( 'NONE', #4140, 1000.000000000000000 ) ;
#1071 = CARTESIAN_POINT ( 'NONE',  ( 14.24999999989040589, -28.00000000000000000, 6.000000000000000000 ) ) ;
#1072 = EDGE_LOOP ( 'NONE', ( #2440, #1534, #3359, #3624 ) ) ;
#1073 = CARTESIAN_POINT ( 'NONE',  ( -7.650000000000000355, -35.25000000000000000, -3.899999999999999911 ) ) ;
#1074 = EDGE_CURVE ( 'NONE', #765, #3519, #880, .T. ) ;
#1075 = FACE_OUTER_BOUND ( 'NONE', #1132, .T. ) ;
#1076 = CARTESIAN_POINT ( 'NONE',  ( -14.25000000000000000, -28.00000000000000000, 6.000000000000000000 ) ) ;
#1077 = ADVANCED_FACE ( 'NONE', ( #4533, #4484, #177, #223, #925, #1636, #3098, #3381, #2677 ), #1607, .T. ) ;
#1078 = DIRECTION ( 'NONE',  ( 0.000000000000000000, 0.000000000000000000, -1.000000000000000000 ) ) ;
#1079 = ADVANCED_FACE ( 'NONE', ( #3823 ), #1211, .T. ) ;
#1080 = CARTESIAN_POINT ( 'NONE',  ( 8.000000000000000000, -35.05000000006930350, -7.049999999992451194 ) ) ;
#1081 = ORIENTED_EDGE ( 'NONE', *, *, #2807, .F. ) ;
#1082 = EDGE_LOOP ( 'NONE', ( #4583, #2809, #1741, #3527 ) ) ;
#1083 = DIRECTION ( 'NONE',  ( 1.000000000000000000, 0.000000000000000000, 0.000000000000000000 ) ) ;
#1084 = LINE ( 'NONE', #1849, #1944 ) ;
#1085 = ORIENTED_EDGE ( 'NONE', *, *, #848, .F. ) ;
#1086 = AXIS2_PLACEMENT_3D ( 'NONE', #3767, #2977, #726 ) ;
#1087 = EDGE_LOOP ( 'NONE', ( #1048, #924 ) ) ;
#1088 = DIRECTION ( 'NONE',  ( -0.000000000000000000, 1.000000000000000000, 0.000000000000000000 ) ) ;
#1089 = DIRECTION ( 'NONE',  ( 1.000000000000000000, 0.000000000000000000, 0.000000000000000000 ) ) ;
#1090 = VERTEX_POINT ( 'NONE', #3028 ) ;
#1091 = ORIENTED_EDGE ( 'NONE', *, *, #3119, .T. ) ;
#1092 = DIRECTION ( 'NONE',  ( 0.000000000000000000, 1.000000000000000000, -0.000000000000000000 ) ) ;
#1093 = EDGE_LOOP ( 'NONE', ( #801, #2419, #2935, #1548 ) ) ;
#1094 = LINE ( 'NONE', #2561, #3833 ) ;
#1095 = LINE ( 'NONE', #717, #1127 ) ;
#1096 = FACE_OUTER_BOUND ( 'NONE', #3261, .T. ) ;
#1097 = EDGE_CURVE ( 'NONE', #1409, #4547, #1099, .T. ) ;
#1098 = CIRCLE ( 'NONE', #494, 1.049999999935153250 ) ;
#1099 = CIRCLE ( 'NONE', #2938, 1.049999999935153250 ) ;
#1100 = EDGE_LOOP ( 'NONE', ( #3929, #3388, #4011, #403 ) ) ;
#1101 = CARTESIAN_POINT ( 'NONE',  ( 14.25000000003228706, -28.00000000000000000, -7.250000000027284841 ) ) ;
#1102 = FACE_OUTER_BOUND ( 'NONE', #1087, .T. ) ;
#1103 = AXIS2_PLACEMENT_3D ( 'NONE', #2649, #41, #2286 ) ;
#1104 = VECTOR ( 'NONE', #3209, 1000.000000000000000 ) ;
#1105 = ORIENTED_EDGE ( 'NONE', *, *, #3933, .T. ) ;
#1106 = AXIS2_PLACEMENT_3D ( 'NONE', #624, #934, #603 ) ;
#1107 = ORIENTED_EDGE ( 'NONE', *, *, #2334, .F. ) ;
#1108 = EDGE_CURVE ( 'NONE', #1454, #3069, #4591, .T. ) ;
#1109 = CARTESIAN_POINT ( 'NONE',  ( 0.000000000000000000, -31.25000000000000000, -10.80000000000000071 ) ) ;
#1110 =( LENGTH_UNIT ( ) NAMED_UNIT ( * ) SI_UNIT ( .MILLI., .METRE. ) );
#1111 = VERTEX_POINT ( 'NONE', #4151 ) ;
#1112 = EDGE_CURVE ( 'NONE', #932, #1958, #2338, .T. ) ;
#1113 = EDGE_CURVE ( 'NONE', #3200, #3708, #1303, .T. ) ;
#1114 = CARTESIAN_POINT ( 'NONE',  ( -12.75000000000000178, 0.000000000000000000, -10.80000000000000071 ) ) ;
#1115 = ORIENTED_EDGE ( 'NONE', *, *, #3605, .F. ) ;
#1116 = DIRECTION ( 'NONE',  ( -1.000000000000000000, 0.000000000000000000, -0.000000000000000000 ) ) ;
#1117 = CARTESIAN_POINT ( 'NONE',  ( -8.000000000000000000, -35.25000000000000000, -6.000000000000000000 ) ) ;
#1118 = VECTOR ( 'NONE', #2465, 1000.000000000000114 ) ;
#1119 = ORIENTED_EDGE ( 'NONE', *, *, #3262, .F. ) ;
#1120 = LINE ( 'NONE', #4461, #1809 ) ;
#1121 = CARTESIAN_POINT ( 'NONE',  ( -6.650000000000000355, -35.25000000000000000, 3.899999999999999911 ) ) ;
#1122 = ORIENTED_EDGE ( 'NONE', *, *, #3197, .T. ) ;
#1123 = DIRECTION ( 'NONE',  ( 0.000000000000000000, -0.000000000000000000, 1.000000000000000000 ) ) ;
#1124 = LINE ( 'NONE', #836, #2270 ) ;
#1125 = FACE_BOUND ( 'NONE', #401, .T. ) ;
#1126 = CONICAL_SURFACE ( 'NONE', #2960, 1.250000000055479399, 0.7853981635395568262 ) ;
#1127 = VECTOR ( 'NONE', #25, 1000.000000000000000 ) ;
#1128 = ORIENTED_EDGE ( 'NONE', *, *, #2304, .F. ) ;
#1129 = DIRECTION ( 'NONE',  ( -0.000000000000000000, 1.000000000000000000, 0.000000000000000000 ) ) ;
#1130 = FACE_OUTER_BOUND ( 'NONE', #914, .T. ) ;
#1131 = VERTEX_POINT ( 'NONE', #4465 ) ;
#1132 = EDGE_LOOP ( 'NONE', ( #3194, #1193, #4570, #1384 ) ) ;
#1133 = EDGE_CURVE ( 'NONE', #1345, #3702, #544, .T. ) ;
#1134 = LINE ( 'NONE', #3651, #2158 ) ;
#1135 = ADVANCED_FACE ( 'NONE', ( #3756 ), #158, .T. ) ;
#1136 = DIRECTION ( 'NONE',  ( 0.7071067811865474617, 0.7071067811865474617, -0.000000000000000000 ) ) ;
#1137 = VERTEX_POINT ( 'NONE', #3446 ) ;
#1138 = ORIENTED_EDGE ( 'NONE', *, *, #947, .T. ) ;
#1139 = DIRECTION ( 'NONE',  ( -1.000000000000000000, 0.000000000000000000, -0.000000000000000000 ) ) ;
#1140 = EDGE_CURVE ( 'NONE', #3315, #1090, #495, .T. ) ;
#1141 = CYLINDRICAL_SURFACE ( 'NONE', #3529, 1.050000000000000488 ) ;
#1142 = ORIENTED_EDGE ( 'NONE', *, *, #1224, .T. ) ;
#1143 = ORIENTED_EDGE ( 'NONE', *, *, #4119, .F. ) ;
#1144 = CARTESIAN_POINT ( 'NONE',  ( -8.000000000000000000, 11.05000000001155058, 6.000000000000000000 ) ) ;
#1145 = ORIENTED_EDGE ( 'NONE', *, *, #2241, .F. ) ;
#1146 = LINE ( 'NONE', #2612, #1470 ) ;
#1147 = DIRECTION ( 'NONE',  ( 0.000000000000000000, 0.000000000000000000, 1.000000000000000000 ) ) ;
#1148 = FACE_BOUND ( 'NONE', #530, .T. ) ;
#1149 = ORIENTED_EDGE ( 'NONE', *, *, #2973, .T. ) ;
#1150 = FACE_OUTER_BOUND ( 'NONE', #4031, .T. ) ;
#1151 = DIRECTION ( 'NONE',  ( 0.7071067811865474617, -0.7071067811865474617, 0.000000000000000000 ) ) ;
#1152 = VERTEX_POINT ( 'NONE', #1018 ) ;
#1153 = CARTESIAN_POINT ( 'NONE',  ( 14.25000000000000000, -4.349999999999999645, 3.899999999999999911 ) ) ;
#1154 = EDGE_LOOP ( 'NONE', ( #842, #1729 ) ) ;
#1155 = AXIS2_PLACEMENT_3D ( 'NONE', #4208, #3830, #2005 ) ;
#1156 = EDGE_CURVE ( 'NONE', #4405, #4388, #3848, .T. ) ;
#1157 = VERTEX_POINT ( 'NONE', #4324 ) ;
#1158 = CARTESIAN_POINT ( 'NONE',  ( 14.25000000000000000, -29.35000000000000142, -3.899999999999999911 ) ) ;
#1159 = DIRECTION ( 'NONE',  ( 0.000000000000000000, 0.000000000000000000, 1.000000000000000000 ) ) ;
#1160 = FACE_OUTER_BOUND ( 'NONE', #2392, .T. ) ;
#1161 = VERTEX_POINT ( 'NONE', #3167 ) ;
#1162 = ORIENTED_EDGE ( 'NONE', *, *, #2489, .T. ) ;
#1163 = ADVANCED_FACE ( 'NONE', ( #2069 ), #2844, .F. ) ;
#1164 = DIRECTION ( 'NONE',  ( 0.000000000000000000, 0.000000000000000000, -1.000000000000000000 ) ) ;
#1165 = ORIENTED_EDGE ( 'NONE', *, *, #3655, .F. ) ;
#1166 = LINE ( 'NONE', #2631, #352 ) ;
#1167 = CARTESIAN_POINT ( 'NONE',  ( 8.349999999999999645, -8.900000000000000355, -10.80000000000000071 ) ) ;
#1168 = CARTESIAN_POINT ( 'NONE',  ( 14.24999999989040589, -4.000000000000000000, 6.000000000000000000 ) ) ;
#1169 = AXIS2_PLACEMENT_3D ( 'NONE', #3573, #4309, #1744 ) ;
#1170 = ORIENTED_EDGE ( 'NONE', *, *, #1624, .T. ) ;
#1171 = DIRECTION ( 'NONE',  ( -0.000000000000000000, 1.000000000000000000, -0.000000000000000000 ) ) ;
#1172 = PLANE ( 'NONE',  #4131 ) ;
#1173 = VERTEX_POINT ( 'NONE', #4251 ) ;
#1174 = CIRCLE ( 'NONE', #4506, 1.249999999970441422 ) ;
#1175 = AXIS2_PLACEMENT_3D ( 'NONE', #2266, #3363, #812 ) ;
#1176 = VERTEX_POINT ( 'NONE', #2143 ) ;
#1177 = DIRECTION ( 'NONE',  ( 0.000000000000000000, 1.000000000000000000, 0.000000000000000000 ) ) ;
#1178 = VECTOR ( 'NONE', #2620, 1000.000000000000000 ) ;
#1179 = ORIENTED_EDGE ( 'NONE', *, *, #1652, .F. ) ;
#1180 = VECTOR ( 'NONE', #2145, 1000.000000000000000 ) ;
#1181 = VECTOR ( 'NONE', #1701, 1000.000000000000000 ) ;
#1182 = DIRECTION ( 'NONE',  ( 0.000000000000000000, -0.000000000000000000, 1.000000000000000000 ) ) ;
#1183 = CARTESIAN_POINT ( 'NONE',  ( 14.25000000000000000, -2.649999999999999911, -3.899999999999999911 ) ) ;
#1184 = EDGE_CURVE ( 'NONE', #2953, #2922, #3564, .T. ) ;
#1185 = ORIENTED_EDGE ( 'NONE', *, *, #1655, .F. ) ;
#1186 = EDGE_LOOP ( 'NONE', ( #1298, #1145, #734, #2187 ) ) ;
#1187 = DIRECTION ( 'NONE',  ( 0.000000000000000000, 1.000000000000000000, 0.000000000000000000 ) ) ;
#1188 = ORIENTED_EDGE ( 'NONE', *, *, #3223, .T. ) ;
#1189 = DIRECTION ( 'NONE',  ( 0.000000000000000000, 1.000000000000000000, 0.000000000000000000 ) ) ;
#1190 = LINE ( 'NONE', #3317, #3940 ) ;
#1191 = CARTESIAN_POINT ( 'NONE',  ( -8.000000000000000000, -35.25000000000000000, 6.000000000000000000 ) ) ;
#1192 = EDGE_CURVE ( 'NONE', #2403, #3869, #3922, .T. ) ;
#1193 = ORIENTED_EDGE ( 'NONE', *, *, #2840, .F. ) ;
#1194 = PLANE ( 'NONE',  #3636 ) ;
#1195 = LINE ( 'NONE', #3386, #3763 ) ;
#1196 = EDGE_CURVE ( 'NONE', #3279, #777, #2887, .T. ) ;
#1197 = EDGE_CURVE ( 'NONE', #4471, #3858, #687, .T. ) ;
#1198 = EDGE_LOOP ( 'NONE', ( #784, #203, #1755, #23 ) ) ;
#1199 = CIRCLE ( 'NONE', #1418, 1.049999999991996669 ) ;
#1200 = CIRCLE ( 'NONE', #3033, 1.249999999970441422 ) ;
#1201 = CIRCLE ( 'NONE', #4462, 1.050000000000000488 ) ;
#1202 = CARTESIAN_POINT ( 'NONE',  ( 11.96005050634000177, 10.55000000000000071, 11.50000000000000000 ) ) ;
#1203 = ORIENTED_EDGE ( 'NONE', *, *, #668, .F. ) ;
#1204 = LINE ( 'NONE', #3115, #2852 ) ;
#1205 = CARTESIAN_POINT ( 'NONE',  ( 10.25000000000000000, -4.000000000000000000, 6.000000000000000000 ) ) ;
#1206 = ORIENTED_EDGE ( 'NONE', *, *, #3596, .F. ) ;
#1207 = DIRECTION ( 'NONE',  ( 0.000000000000000000, -1.000000000000000000, 0.000000000000000000 ) ) ;
#1208 = EDGE_CURVE ( 'NONE', #200, #2032, #4644, .T. ) ;
#1209 = PLANE ( 'NONE',  #584 ) ;
#1210 = VERTEX_POINT ( 'NONE', #3587 ) ;
#1211 = PLANE ( 'NONE',  #3457 ) ;
#1212 = DIRECTION ( 'NONE',  ( 0.000000000000000000, -0.000000000000000000, 1.000000000000000000 ) ) ;
#1213 = DIRECTION ( 'NONE',  ( 0.000000000000000000, -1.000000000000000000, 0.000000000000000000 ) ) ;
#1214 = ORIENTED_EDGE ( 'NONE', *, *, #57, .F. ) ;
#1215 = ORIENTED_EDGE ( 'NONE', *, *, #333, .F. ) ;
#1216 = LINE ( 'NONE', #772, #915 ) ;
#1217 = CARTESIAN_POINT ( 'NONE',  ( -8.000000000000000000, -35.25000000007594281, 6.000000000000000000 ) ) ;
#1218 = ORIENTED_EDGE ( 'NONE', *, *, #3135, .T. ) ;
#1219 = EDGE_CURVE ( 'NONE', #1173, #4327, #977, .T. ) ;
#1220 = VECTOR ( 'NONE', #331, 1000.000000000000000 ) ;
#1221 = EDGE_CURVE ( 'NONE', #2168, #3708, #2821, .T. ) ;
#1222 = CARTESIAN_POINT ( 'NONE',  ( -14.04999999994061000, -28.00000000000000000, 6.000000000000000000 ) ) ;
#1223 = ORIENTED_EDGE ( 'NONE', *, *, #3310, .F. ) ;
#1224 = EDGE_CURVE ( 'NONE', #4301, #949, #1393, .T. ) ;
#1225 = CARTESIAN_POINT ( 'NONE',  ( 8.000000000000000000, 11.25000000000000000, 6.000000000000000000 ) ) ;
#1226 = CARTESIAN_POINT ( 'NONE',  ( 14.25000000000000000, -2.649999999999999911, 3.899999999999999911 ) ) ;
#1227 = VERTEX_POINT ( 'NONE', #618 ) ;
#1228 = LINE ( 'NONE', #518, #741 ) ;
#1229 = DIRECTION ( 'NONE',  ( 0.000000000000000000, -1.000000000000000000, -0.000000000000000000 ) ) ;
#1230 = ORIENTED_EDGE ( 'NONE', *, *, #4116, .F. ) ;
#1231 = DIRECTION ( 'NONE',  ( -1.000000000000000000, -0.000000000000000000, -0.000000000000000000 ) ) ;
#1232 = PLANE ( 'NONE',  #4538 ) ;
#1233 = CARTESIAN_POINT ( 'NONE',  ( -14.25000000000000000, -2.649999999999999911, 3.899999999999999911 ) ) ;
#1234 = ORIENTED_EDGE ( 'NONE', *, *, #1568, .F. ) ;
#1235 = EDGE_CURVE ( 'NONE', #754, #354, #3086, .T. ) ;
#1236 = VERTEX_POINT ( 'NONE', #1782 ) ;
#1237 = CARTESIAN_POINT ( 'NONE',  ( -8.000000000000000000, -35.24999999993406163, 6.000000000000000000 ) ) ;
#1238 = VECTOR ( 'NONE', #4618, 1000.000000000000000 ) ;
#1239 = CARTESIAN_POINT ( 'NONE',  ( -14.25000000000000000, -4.000000000000000000, -4.949999999999999289 ) ) ;
#1240 = DIRECTION ( 'NONE',  ( -1.000000000000000000, -0.000000000000000000, 0.000000000000000000 ) ) ;
#1241 = ORIENTED_EDGE ( 'NONE', *, *, #4206, .T. ) ;
#1242 = EDGE_CURVE ( 'NONE', #2397, #3656, #1735, .T. ) ;
#1243 = CARTESIAN_POINT ( 'NONE',  ( 0.000000000000000000, -31.25000000000000000, 3.900000000000000799 ) ) ;
#1244 = EDGE_CURVE ( 'NONE', #4474, #4575, #2457, .T. ) ;
#1245 = CARTESIAN_POINT ( 'NONE',  ( 8.000000000000000000, -35.24999999999045031, -6.000000000000000000 ) ) ;
#1246 = VECTOR ( 'NONE', #1888, 1000.000000000000000 ) ;
#1247 = AXIS2_PLACEMENT_3D ( 'NONE', #3902, #1742, #3954 ) ;
#1248 = FACE_OUTER_BOUND ( 'NONE', #2118, .T. ) ;
#1249 = CARTESIAN_POINT ( 'NONE',  ( 14.24999999989040589, -28.00000000000000000, 4.750000000115051080 ) ) ;
#1250 = ORIENTED_EDGE ( 'NONE', *, *, #3450, .T. ) ;
#1251 = FACE_OUTER_BOUND ( 'NONE', #3296, .T. ) ;
#1252 = VECTOR ( 'NONE', #3679, 1000.000000000000114 ) ;
#1253 = AXIS2_PLACEMENT_3D ( 'NONE', #2645, #870, #2330 ) ;
#1254 = EDGE_CURVE ( 'NONE', #2225, #477, #3896, .T. ) ;
#1255 = CIRCLE ( 'NONE', #653, 1.249999999913598003 ) ;
#1256 = CARTESIAN_POINT ( 'NONE',  ( 14.25000000000000000, -28.35000000000000497, 3.899999999999999911 ) ) ;
#1257 = ORIENTED_EDGE ( 'NONE', *, *, #3120, .T. ) ;
#1258 = CARTESIAN_POINT ( 'NONE',  ( -14.04999999994061000, -4.000000000000000000, 6.000000000000000000 ) ) ;
#1259 = DIRECTION ( 'NONE',  ( 1.000000000000000000, 0.000000000000000000, 0.000000000000000000 ) ) ;
#1260 = CARTESIAN_POINT ( 'NONE',  ( 14.25000000003274181, -28.00000000000000000, 6.000000000000000000 ) ) ;
#1261 = VERTEX_POINT ( 'NONE', #3232 ) ;
#1262 = ORIENTED_EDGE ( 'NONE', *, *, #2782, .F. ) ;
#1263 = CARTESIAN_POINT ( 'NONE',  ( -10.25000000000000000, -28.00000000000000000, -4.949999999999999289 ) ) ;
#1264 = LINE ( 'NONE', #1239, #2486 ) ;
#1265 = DIRECTION ( 'NONE',  ( 0.000000000000000000, 1.000000000000000000, 0.000000000000000000 ) ) ;
#1266 = ORIENTED_EDGE ( 'NONE', *, *, #538, .F. ) ;
#1267 = LINE ( 'NONE', #2736, #93 ) ;
#1268 = EDGE_CURVE ( 'NONE', #4301, #44, #4293, .T. ) ;
#1269 = DIRECTION ( 'NONE',  ( 0.000000000000000000, -1.000000000000000000, 0.000000000000000000 ) ) ;
#1271 = EDGE_CURVE ( 'NONE', #3988, #2550, #2866, .T. ) ;
#1270 = VECTOR ( 'NONE', #1584, 1000.000000000000000 ) ;
#1272 = AXIS2_PLACEMENT_3D ( 'NONE', #1067, #640, #1711 ) ;
#1273 = DIRECTION ( 'NONE',  ( 0.000000000000000000, -0.000000000000000000, 1.000000000000000000 ) ) ;
#1274 = CARTESIAN_POINT ( 'NONE',  ( 13.55000000000000071, -32.96005050634000355, -10.80000000000000071 ) ) ;
#1275 = ORIENTED_EDGE ( 'NONE', *, *, #763, .T. ) ;
#1276 = LINE ( 'NONE', #1300, #1270 ) ;
#1277 = EDGE_CURVE ( 'NONE', #1176, #2167, #572, .T. ) ;
#1278 = EDGE_CURVE ( 'NONE', #322, #1714, #1686, .T. ) ;
#1279 = DIRECTION ( 'NONE',  ( 0.000000000000000000, 0.000000000000000000, 1.000000000000000000 ) ) ;
#1280 = ORIENTED_EDGE ( 'NONE', *, *, #2785, .T. ) ;
#1281 = DIRECTION ( 'NONE',  ( 0.000000000000000000, 0.000000000000000000, 1.000000000000000000 ) ) ;
#1282 = AXIS2_PLACEMENT_3D ( 'NONE', #1237, #933, #4541 ) ;
#1283 = CARTESIAN_POINT ( 'NONE',  ( -10.25000000000000000, -4.349999999999999645, -3.899999999999999911 ) ) ;
#1284 = DIRECTION ( 'NONE',  ( 0.000000000000000000, 0.000000000000000000, 1.000000000000000000 ) ) ;
#1285 = EDGE_LOOP ( 'NONE', ( #1289, #2035, #831, #773 ) ) ;
#1286 = CARTESIAN_POINT ( 'NONE',  ( 14.25000000000000000, -4.000000000000000000, -4.949999999999999289 ) ) ;
#1287 = FACE_OUTER_BOUND ( 'NONE', #2877, .T. ) ;
#1288 = DIRECTION ( 'NONE',  ( 1.000000000000000000, 0.000000000000000000, 0.000000000000000000 ) ) ;
#1289 = ORIENTED_EDGE ( 'NONE', *, *, #209, .T. ) ;
#1290 = AXIS2_PLACEMENT_3D ( 'NONE', #4046, #81, #442 ) ;
#1291 = DIRECTION ( 'NONE',  ( 0.000000000000000000, 0.000000000000000000, -1.000000000000000000 ) ) ;
#1292 = EDGE_LOOP ( 'NONE', ( #98, #1566, #227, #4365 ) ) ;
#1293 = CARTESIAN_POINT ( 'NONE',  ( -12.25000000000000000, 11.25000000000000000, -11.50000000000000000 ) ) ;
#1294 = EDGE_CURVE ( 'NONE', #3725, #712, #3000, .T. ) ;
#1295 = CIRCLE ( 'NONE', #4478, 1.249999999970441422 ) ;
#1296 = DIRECTION ( 'NONE',  ( 0.000000000000000000, -0.7071067810860616198, -0.7071067812870334146 ) ) ;
#1297 = PLANE ( 'NONE',  #2642 ) ;
#1298 = ORIENTED_EDGE ( 'NONE', *, *, #2278, .T. ) ;
#1299 = APPLICATION_CONTEXT ( 'automotive_design' ) ;
#1300 = CARTESIAN_POINT ( 'NONE',  ( -14.25000000000000000, -5.349999999999998757, -10.80000000000000071 ) ) ;
#1301 = CARTESIAN_POINT ( 'NONE',  ( 6.650000000000000355, -35.25000000000000000, -3.899999999999999911 ) ) ;
#1302 = ORIENTED_EDGE ( 'NONE', *, *, #3747, .T. ) ;
#1303 = LINE ( 'NONE', #2771, #1550 ) ;
#1304 = DIRECTION ( 'NONE',  ( 8.659560563585529986E-17, -0.7071067810860616198, 0.7071067812870334146 ) ) ;
#1305 = ADVANCED_FACE ( 'NONE', ( #3968 ), #3611, .T. ) ;
#1306 = ORIENTED_EDGE ( 'NONE', *, *, #4446, .F. ) ;
#1307 = EDGE_CURVE ( 'NONE', #3563, #2206, #2933, .T. ) ;
#1308 = ORIENTED_EDGE ( 'NONE', *, *, #3602, .T. ) ;
#1309 = DIRECTION ( 'NONE',  ( 1.000000000000000000, 0.000000000000000000, 0.000000000000000000 ) ) ;
#1310 = DIRECTION ( 'NONE',  ( 1.000000000000000000, 0.000000000000000000, 0.000000000000000000 ) ) ;
#1311 = ORIENTED_EDGE ( 'NONE', *, *, #1411, .T. ) ;
#1312 = AXIS2_PLACEMENT_3D ( 'NONE', #1225, #2306, #919 ) ;
#1313 = DIRECTION ( 'NONE',  ( 0.7071067811865474617, -0.7071067811865474617, 0.000000000000000000 ) ) ;
#1314 = ORIENTED_EDGE ( 'NONE', *, *, #571, .T. ) ;
#1315 = CARTESIAN_POINT ( 'NONE',  ( -9.350000000000001421, -31.25000000000000000, 3.899999999999999911 ) ) ;
#1316 = CARTESIAN_POINT ( 'NONE',  ( -8.000000000000000000, -35.25000000000000000, 4.949999999999999289 ) ) ;
#1317 = CARTESIAN_POINT ( 'NONE',  ( -10.25000000000000000, -26.64999999999999858, 3.900000000000000355 ) ) ;
#1318 = ORIENTED_EDGE ( 'NONE', *, *, #2978, .F. ) ;
#1319 = CARTESIAN_POINT ( 'NONE',  ( -14.24999999997544364, -4.000000000000000000, -6.000000000000000000 ) ) ;
#1320 = FACE_OUTER_BOUND ( 'NONE', #359, .T. ) ;
#1321 = VERTEX_POINT ( 'NONE', #2604 ) ;
#1322 = CARTESIAN_POINT ( 'NONE',  ( -14.25000000000000000, -4.349999999999999645, -3.899999999999999911 ) ) ;
#1323 = VECTOR ( 'NONE', #1304, 1000.000000000000000 ) ;
#1324 = AXIS2_PLACEMENT_3D ( 'NONE', #4063, #2244, #1838 ) ;
#1325 = FACE_BOUND ( 'NONE', #1880, .T. ) ;
#1326 = LINE ( 'NONE', #3235, #4123 ) ;
#1327 = EDGE_LOOP ( 'NONE', ( #2216, #4062 ) ) ;
#1328 = EDGE_CURVE ( 'NONE', #4247, #2886, #731, .T. ) ;
#1329 = VERTEX_POINT ( 'NONE', #1828 ) ;
#1330 = LINE ( 'NONE', #648, #197 ) ;
#1331 = DIRECTION ( 'NONE',  ( 0.000000000000000000, -1.000000000000000000, 0.000000000000000000 ) ) ;
#1332 = CARTESIAN_POINT ( 'NONE',  ( 8.349999999999999645, -31.25000000000000000, -3.899999999999999911 ) ) ;
#1333 = VERTEX_POINT ( 'NONE', #758 ) ;
#1334 = DIRECTION ( 'NONE',  ( -1.000000000000000000, -0.000000000000000000, -0.000000000000000000 ) ) ;
#1335 = EDGE_CURVE ( 'NONE', #1236, #1500, #1710, .T. ) ;
#1336 = ADVANCED_FACE ( 'NONE', ( #4436 ), #39, .T. ) ;
#1337 = EDGE_LOOP ( 'NONE', ( #4561, #2619, #2077, #3284 ) ) ;
#1338 = DIRECTION ( 'NONE',  ( -1.000000000000000000, 0.000000000000000000, 0.000000000000000000 ) ) ;
#1339 = VECTOR ( 'NONE', #656, 1000.000000000000000 ) ;
#1340 = DIRECTION ( 'NONE',  ( 0.000000000000000000, 0.000000000000000000, -1.000000000000000000 ) ) ;
#1341 = DIRECTION ( 'NONE',  ( 1.000000000000000000, 0.000000000000000000, 0.000000000000000000 ) ) ;
#1342 = ORIENTED_EDGE ( 'NONE', *, *, #526, .T. ) ;
#1343 = LINE ( 'NONE', #4298, #1891 ) ;
#1344 = VECTOR ( 'NONE', #4629, 1000.000000000000000 ) ;
#1345 = VERTEX_POINT ( 'NONE', #3634 ) ;
#1346 = CARTESIAN_POINT ( 'NONE',  ( 6.650000000000000355, -35.25000000000000000, -3.899999999999999911 ) ) ;
#1347 = DIRECTION ( 'NONE',  ( 0.000000000000000000, -1.000000000000000000, 0.000000000000000000 ) ) ;
#1348 = FACE_OUTER_BOUND ( 'NONE', #3023, .T. ) ;
#1349 = ORIENTED_EDGE ( 'NONE', *, *, #3517, .T. ) ;
#1350 = ADVANCED_FACE ( 'NONE', ( #4012 ), #708, .F. ) ;
#1351 = CIRCLE ( 'NONE', #2668, 1.249999999913598003 ) ;
#1352 = PLANE ( 'NONE',  #745 ) ;
#1353 = FACE_OUTER_BOUND ( 'NONE', #3360, .T. ) ;
#1354 = CARTESIAN_POINT ( 'NONE',  ( -10.25000000000000000, -5.349999999999999645, 3.900000000000000355 ) ) ;
#1355 = CARTESIAN_POINT ( 'NONE',  ( 13.55000000000012683, 8.960050506339126031, 11.50000000000000000 ) ) ;
#1356 = EDGE_LOOP ( 'NONE', ( #1870, #310, #4593, #1832 ) ) ;
#1357 = ADVANCED_FACE ( 'NONE', ( #361 ), #405, .F. ) ;
#1358 = DIRECTION ( 'NONE',  ( 0.000000000000000000, 0.000000000000000000, -1.000000000000000000 ) ) ;
#1359 = DIRECTION ( 'NONE',  ( -0.000000000000000000, 1.000000000000000000, -0.000000000000000000 ) ) ;
#1360 = ORIENTED_EDGE ( 'NONE', *, *, #489, .F. ) ;
#1361 = DIRECTION ( 'NONE',  ( 1.000000000000000000, 0.000000000000000000, 0.000000000000000000 ) ) ;
#1362 = ADVANCED_FACE ( 'NONE', ( #3657 ), #875, .F. ) ;
#1363 = EDGE_CURVE ( 'NONE', #3402, #1261, #69, .T. ) ;
#1364 = DIRECTION ( 'NONE',  ( 0.000000000000000000, -0.000000000000000000, -1.000000000000000000 ) ) ;
#1365 = LINE ( 'NONE', #2815, #654 ) ;
#1366 = EDGE_LOOP ( 'NONE', ( #4004, #2263, #2686, #3289 ) ) ;
#1367 = CARTESIAN_POINT ( 'NONE',  ( 8.000000000000000000, 11.25000000000000000, 7.050000000000000711 ) ) ;
#1368 = CIRCLE ( 'NONE', #4030, 1.050000000000000488 ) ;
#1369 = EDGE_LOOP ( 'NONE', ( #2566, #3980, #4674, #4400 ) ) ;
#1370 = CARTESIAN_POINT ( 'NONE',  ( 8.349999999999999645, -35.25000000000000000, -10.80000000000000071 ) ) ;
#1371 = DIRECTION ( 'NONE',  ( 0.000000000000000000, -0.000000000000000000, -1.000000000000000000 ) ) ;
#1372 = FACE_BOUND ( 'NONE', #1186, .T. ) ;
#1373 = ORIENTED_EDGE ( 'NONE', *, *, #3542, .T. ) ;
#1374 = CARTESIAN_POINT ( 'NONE',  ( 7.650000000000000355, -35.25000000000000000, 3.899999999999999911 ) ) ;
#1375 = ORIENTED_EDGE ( 'NONE', *, *, #2389, .T. ) ;
#1376 = DIRECTION ( 'NONE',  ( -1.000000000000000000, -0.000000000000000000, -0.000000000000000000 ) ) ;
#1377 = DIRECTION ( 'NONE',  ( 0.000000000000000000, 0.000000000000000000, 1.000000000000000000 ) ) ;
#1378 = CARTESIAN_POINT ( 'NONE',  ( -14.25000000000000000, -28.35000000000000142, 3.899999999999999911 ) ) ;
#1379 = ADVANCED_FACE ( 'NONE', ( #3256 ), #1486, .F. ) ;
#1380 = VECTOR ( 'NONE', #1265, 1000.000000000000000 ) ;
#1381 = LINE ( 'NONE', #3177, #3556 ) ;
#1382 = CYLINDRICAL_SURFACE ( 'NONE', #3547, 1.050000000000000488 ) ;
#1383 = EDGE_CURVE ( 'NONE', #1021, #4471, #3333, .T. ) ;
#1384 = ORIENTED_EDGE ( 'NONE', *, *, #2389, .F. ) ;
#1385 = DIRECTION ( 'NONE',  ( 0.000000000000000000, -1.000000000000000000, 0.000000000000000000 ) ) ;
#1386 = EDGE_CURVE ( 'NONE', #2653, #4405, #2624, .T. ) ;
#1387 = LINE ( 'NONE', #2452, #2545 ) ;
#1388 = AXIS2_PLACEMENT_3D ( 'NONE', #2573, #2906, #422 ) ;
#1389 = FACE_OUTER_BOUND ( 'NONE', #2820, .T. ) ;
#1390 = ORIENTED_EDGE ( 'NONE', *, *, #3927, .F. ) ;
#1391 = LINE ( 'NONE', #1036, #4154 ) ;
#1392 = ORIENTED_EDGE ( 'NONE', *, *, #1581, .T. ) ;
#1393 = LINE ( 'NONE', #4274, #1632 ) ;
#1394 = EDGE_CURVE ( 'NONE', #819, #1227, #66, .T. ) ;
#1395 = CARTESIAN_POINT ( 'NONE',  ( -8.000000000000000000, -31.25000000000000000, 7.050000000000000711 ) ) ;
#1396 = ORIENTED_EDGE ( 'NONE', *, *, #2295, .F. ) ;
#1397 = CONICAL_SURFACE ( 'NONE', #2861, 1.249999999884949142, 0.7853981633974482790 ) ;
#1398 = FACE_OUTER_BOUND ( 'NONE', #4504, .T. ) ;
#1399 = CARTESIAN_POINT ( 'NONE',  ( 10.25000000000000000, 0.000000000000000000, -10.80000000000000071 ) ) ;
#1400 = LINE ( 'NONE', #2874, #4 ) ;
#1401 = DIRECTION ( 'NONE',  ( -0.000000000000000000, 1.000000000000000000, 0.000000000000000000 ) ) ;
#1402 = AXIS2_PLACEMENT_3D ( 'NONE', #639, #2483, #4668 ) ;
#1403 = CARTESIAN_POINT ( 'NONE',  ( -10.25000000000000000, -5.349999999999999645, 3.899999999999999911 ) ) ;
#1404 = CARTESIAN_POINT ( 'NONE',  ( 0.000000000000000000, -31.25000000000000000, -10.80000000000000071 ) ) ;
#1405 = VERTEX_POINT ( 'NONE', #3356 ) ;
#1406 = VERTEX_POINT ( 'NONE', #113 ) ;
#1407 = FACE_OUTER_BOUND ( 'NONE', #2233, .T. ) ;
#1408 = CARTESIAN_POINT ( 'NONE',  ( 13.55000000000000071, -32.96005050634000355, 11.50000000000000000 ) ) ;
#1409 = VERTEX_POINT ( 'NONE', #1436 ) ;
#1410 = DIRECTION ( 'NONE',  ( -1.000000000000000000, -0.000000000000000000, 0.000000000000000000 ) ) ;
#1411 = EDGE_CURVE ( 'NONE', #3431, #453, #2909, .T. ) ;
#1412 = AXIS2_PLACEMENT_3D ( 'NONE', #3817, #560, #2355 ) ;
#1413 = ORIENTED_EDGE ( 'NONE', *, *, #4525, .F. ) ;
#1414 = CARTESIAN_POINT ( 'NONE',  ( 0.000000000000000000, -35.25000000000000000, 11.50000000000000000 ) ) ;
#1415 = DIRECTION ( 'NONE',  ( 1.000000000000000000, 0.000000000000000000, 0.000000000000000000 ) ) ;
#1416 = DIRECTION ( 'NONE',  ( -1.000000000000000000, -0.000000000000000000, -0.000000000000000000 ) ) ;
#1417 = ORIENTED_EDGE ( 'NONE', *, *, #3438, .T. ) ;
#1418 = AXIS2_PLACEMENT_3D ( 'NONE', #1681, #946, #2043 ) ;
#1419 = CIRCLE ( 'NONE', #3182, 1.050000000000000488 ) ;
#1420 = EDGE_CURVE ( 'NONE', #143, #1866, #1580, .T. ) ;
#1421 = EDGE_CURVE ( 'NONE', #452, #4224, #3312, .T. ) ;
#1422 = DIRECTION ( 'NONE',  ( 1.000000000000000000, 0.000000000000000000, 0.000000000000000000 ) ) ;
#1423 = DIRECTION ( 'NONE',  ( 0.000000000000000000, 0.000000000000000000, -1.000000000000000000 ) ) ;
#1424 = CARTESIAN_POINT ( 'NONE',  ( 14.25000000003274181, -28.00000000000000000, 6.000000000000000000 ) ) ;
#1425 = CARTESIAN_POINT ( 'NONE',  ( -11.96005050634000177, 10.55000000000000071, 10.80000000000000071 ) ) ;
#1426 = VECTOR ( 'NONE', #1279, 1000.000000000000000 ) ;
#1427 = DIRECTION ( 'NONE',  ( 0.000000000000000000, 0.000000000000000000, 1.000000000000000000 ) ) ;
#1428 = DIRECTION ( 'NONE',  ( 0.000000000000000000, 0.000000000000000000, -1.000000000000000000 ) ) ;
#1429 = ORIENTED_EDGE ( 'NONE', *, *, #1043, .F. ) ;
#1430 = ORIENTED_EDGE ( 'NONE', *, *, #2425, .F. ) ;
#1431 = CYLINDRICAL_SURFACE ( 'NONE', #2696, 1.050000000000000488 ) ;
#1432 = SURFACE_STYLE_FILL_AREA ( #1456 ) ;
#1433 = ADVANCED_FACE ( 'NONE', ( #1555 ), #170, .F. ) ;
#1434 = ORIENTED_EDGE ( 'NONE', *, *, #2901, .F. ) ;
#1435 = ORIENTED_EDGE ( 'NONE', *, *, #489, .T. ) ;
#1436 = CARTESIAN_POINT ( 'NONE',  ( -14.04999999994061000, -4.000000000000000000, 4.950000000064846972 ) ) ;
#1437 = CARTESIAN_POINT ( 'NONE',  ( 10.25000000000000000, -28.35000000000000497, 3.899999999999999911 ) ) ;
#1438 = CARTESIAN_POINT ( 'NONE',  ( 14.04999999994061000, -4.000000000000000000, 6.000000000000000000 ) ) ;
#1439 = EDGE_CURVE ( 'NONE', #4338, #2985, #3772, .T. ) ;
#1440 = EDGE_LOOP ( 'NONE', ( #2597, #3019, #3918, #1876 ) ) ;
#1441 = ORIENTED_EDGE ( 'NONE', *, *, #3925, .T. ) ;
#1442 = AXIS2_PLACEMENT_3D ( 'NONE', #3461, #211, #1649 ) ;
#1443 = EDGE_CURVE ( 'NONE', #2984, #322, #1204, .T. ) ;
#1444 = DIRECTION ( 'NONE',  ( -0.7071067811863253061, -0.7071067811867697284, 0.000000000000000000 ) ) ;
#1445 = VERTEX_POINT ( 'NONE', #1654 ) ;
#1446 = DIRECTION ( 'NONE',  ( 0.000000000000000000, 0.000000000000000000, -1.000000000000000000 ) ) ;
#1447 = DIRECTION ( 'NONE',  ( 0.000000000000000000, -1.000000000000000000, 0.000000000000000000 ) ) ;
#1448 = DIRECTION ( 'NONE',  ( -0.7071067811863253061, -0.7071067811867697284, 0.000000000000000000 ) ) ;
#1449 = EDGE_CURVE ( 'NONE', #4359, #1111, #2671, .T. ) ;
#1450 = ORIENTED_EDGE ( 'NONE', *, *, #1053, .T. ) ;
#1451 = FACE_OUTER_BOUND ( 'NONE', #4054, .T. ) ;
#1452 = CARTESIAN_POINT ( 'NONE',  ( 14.24999999989040589, -28.00000000000000000, -6.000000000000000000 ) ) ;
#1453 = EDGE_LOOP ( 'NONE', ( #1559, #1592, #1206, #3488 ) ) ;
#1454 = VERTEX_POINT ( 'NONE', #3793 ) ;
#1455 = FACE_OUTER_BOUND ( 'NONE', #4368, .T. ) ;
#1456 = FILL_AREA_STYLE ('',( #4411 ) ) ;
#1457 = ORIENTED_EDGE ( 'NONE', *, *, #4473, .T. ) ;
#1458 = VECTOR ( 'NONE', #2548, 1000.000000000000000 ) ;
#1459 = ORIENTED_EDGE ( 'NONE', *, *, #92, .F. ) ;
#1460 = DIRECTION ( 'NONE',  ( 0.000000000000000000, 0.000000000000000000, 1.000000000000000000 ) ) ;
#1461 = DIRECTION ( 'NONE',  ( -1.000000000000000000, 0.000000000000000000, 0.000000000000000000 ) ) ;
#1462 = EDGE_LOOP ( 'NONE', ( #4099, #1597, #1558, #3302 ) ) ;
#1463 = DIRECTION ( 'NONE',  ( 0.000000000000000000, -0.000000000000000000, 1.000000000000000000 ) ) ;
#1464 = CARTESIAN_POINT ( 'NONE',  ( 7.650000000000000355, -35.25000000000000000, -10.80000000000000071 ) ) ;
#1465 = ORIENTED_EDGE ( 'NONE', *, *, #3146, .F. ) ;
#1466 = DIRECTION ( 'NONE',  ( 0.000000000000000000, -1.000000000000000000, 0.000000000000000000 ) ) ;
#1467 = DIRECTION ( 'NONE',  ( 0.000000000000000000, 0.000000000000000000, -1.000000000000000000 ) ) ;
#1468 = EDGE_CURVE ( 'NONE', #1661, #3055, #131, .T. ) ;
#1469 = AXIS2_PLACEMENT_3D ( 'NONE', #1806, #3191, #3613 ) ;
#1470 = VECTOR ( 'NONE', #4041, 1000.000000000000000 ) ;
#1471 = ADVANCED_FACE ( 'NONE', ( #1248 ), #2741, .F. ) ;
#1472 =( GEOMETRIC_REPRESENTATION_CONTEXT ( 3 ) GLOBAL_UNCERTAINTY_ASSIGNED_CONTEXT ( ( #1886 ) ) GLOBAL_UNIT_ASSIGNED_CONTEXT ( ( #1110, #3251, #2930 ) ) REPRESENTATION_CONTEXT ( 'NONE', 'WORKASPACE' ) );
#1473 = VERTEX_POINT ( 'NONE', #4524 ) ;
#1474 = DIRECTION ( 'NONE',  ( 0.000000000000000000, 0.000000000000000000, -1.000000000000000000 ) ) ;
#1475 = DIRECTION ( 'NONE',  ( 0.000000000000000000, -1.000000000000000000, 0.000000000000000000 ) ) ;
#1476 = VECTOR ( 'NONE', #2236, 1000.000000000000000 ) ;
#1477 = EDGE_LOOP ( 'NONE', ( #748, #3471 ) ) ;
#1478 = VECTOR ( 'NONE', #483, 1000.000000000000000 ) ;
#1479 = ORIENTED_EDGE ( 'NONE', *, *, #3596, .T. ) ;
#1480 = CONICAL_SURFACE ( 'NONE', #4132, 1.249999999885403446, 0.7853981633974482790 ) ;
#1481 = EDGE_CURVE ( 'NONE', #4359, #1958, #4477, .T. ) ;
#1482 = PLANE ( 'NONE',  #4432 ) ;
#1483 = DIRECTION ( 'NONE',  ( -1.000000000000000000, -0.000000000000000000, -0.000000000000000000 ) ) ;
#1484 = ORIENTED_EDGE ( 'NONE', *, *, #702, .T. ) ;
#1485 = ORIENTED_EDGE ( 'NONE', *, *, #3254, .F. ) ;
#1486 = PLANE ( 'NONE',  #2484 ) ;
#1487 = DIRECTION ( 'NONE',  ( 1.000000000000000000, 0.000000000000000000, -0.000000000000000000 ) ) ;
#1488 = DIRECTION ( 'NONE',  ( 0.000000000000000000, -0.000000000000000000, -1.000000000000000000 ) ) ;
#1489 = EDGE_LOOP ( 'NONE', ( #1937, #1781, #60, #3478 ) ) ;
#1490 = ORIENTED_EDGE ( 'NONE', *, *, #3090, .T. ) ;
#1491 = VECTOR ( 'NONE', #3551, 1000.000000000000000 ) ;
#1492 = EDGE_LOOP ( 'NONE', ( #1342, #4564 ) ) ;
#1493 = CARTESIAN_POINT ( 'NONE',  ( 8.000000000000000000, 11.25000000000000000, 6.000000000000000000 ) ) ;
#1494 = CARTESIAN_POINT ( 'NONE',  ( 8.000000000000000000, -35.05000000006930350, -6.000000000000000000 ) ) ;
#1495 = DIRECTION ( 'NONE',  ( 0.000000000000000000, 1.000000000000000000, -0.000000000000000000 ) ) ;
#1496 = PRODUCT_RELATED_PRODUCT_CATEGORY ( 'part', '', ( #2921 ) ) ;
#1497 = VECTOR ( 'NONE', #4373, 1000.000000000000000 ) ;
#1498 = CIRCLE ( 'NONE', #87, 1.050000000000000488 ) ;
#1499 = VECTOR ( 'NONE', #4303, 1000.000000000000000 ) ;
#1500 = VERTEX_POINT ( 'NONE', #4096 ) ;
#1501 = CARTESIAN_POINT ( 'NONE',  ( -10.25000000000000000, 0.000000000000000000, -10.80000000000000071 ) ) ;
#1502 = DIRECTION ( 'NONE',  ( 0.000000000000000000, 0.7071067811865474617, 0.7071067811865474617 ) ) ;
#1503 = ORIENTED_EDGE ( 'NONE', *, *, #1644, .F. ) ;
#1504 = EDGE_CURVE ( 'NONE', #3712, #3761, #3091, .T. ) ;
#1505 = VECTOR ( 'NONE', #4669, 1000.000000000000000 ) ;
#1506 = VECTOR ( 'NONE', #531, 999.9999999999998863 ) ;
#1507 = ADVANCED_FACE ( 'NONE', ( #3815 ), #2015, .F. ) ;
#1508 = PLANE ( 'NONE',  #1614 ) ;
#1509 = CARTESIAN_POINT ( 'NONE',  ( -6.650000000000000355, -35.25000000000000000, -3.899999999999999911 ) ) ;
#1510 = ADVANCED_FACE ( 'NONE', ( #2285 ), #3462, .T. ) ;
#1511 = ORIENTED_EDGE ( 'NONE', *, *, #4447, .F. ) ;
#1512 = ORIENTED_EDGE ( 'NONE', *, *, #234, .T. ) ;
#1513 = CARTESIAN_POINT ( 'NONE',  ( -10.25000000000000000, -4.349999999999999645, 3.899999999999999911 ) ) ;
#1514 = LINE ( 'NONE', #3376, #3085 ) ;
#1515 = ORIENTED_EDGE ( 'NONE', *, *, #4239, .F. ) ;
#1516 = EDGE_LOOP ( 'NONE', ( #613, #3672, #2086, #2327, #3646, #1107, #638, #1179 ) ) ;
#1517 = CIRCLE ( 'NONE', #1672, 1.050000000000000488 ) ;
#1518 = CARTESIAN_POINT ( 'NONE',  ( 8.349999999999999645, -35.25000000000000000, -3.899999999999999911 ) ) ;
#1519 = ORIENTED_EDGE ( 'NONE', *, *, #4328, .T. ) ;
#1520 = DIRECTION ( 'NONE',  ( -0.7071067811865474617, 0.7071067811865474617, 0.000000000000000000 ) ) ;
#1521 = CARTESIAN_POINT ( 'NONE',  ( -13.55000000000000071, -32.96005050634000355, 10.80000000000000071 ) ) ;
#1522 = DIRECTION ( 'NONE',  ( -0.000000000000000000, 0.000000000000000000, 1.000000000000000000 ) ) ;
#1523 = VECTOR ( 'NONE', #1003, 1000.000000000000000 ) ;
#1524 = ORIENTED_EDGE ( 'NONE', *, *, #3119, .F. ) ;
#1525 = CARTESIAN_POINT ( 'NONE',  ( 8.000000000000000000, -35.05000000006930350, 6.000000000000000000 ) ) ;
#1526 = CARTESIAN_POINT ( 'NONE',  ( 7.650000000000000355, -31.25000000000000000, -3.899999999999999911 ) ) ;
#1527 = ORIENTED_EDGE ( 'NONE', *, *, #3865, .F. ) ;
#1528 = DIRECTION ( 'NONE',  ( 0.000000000000000000, 0.000000000000000000, -1.000000000000000000 ) ) ;
#1529 = ORIENTED_EDGE ( 'NONE', *, *, #1960, .F. ) ;
#1530 = ADVANCED_FACE ( 'NONE', ( #4458 ), #3370, .F. ) ;
#1531 = DIRECTION ( 'NONE',  ( 0.000000000000000000, 0.000000000000000000, -1.000000000000000000 ) ) ;
#1532 = PRODUCT_CONTEXT ( 'NONE', #4310, 'mechanical' ) ;
#1533 = LINE ( 'NONE', #3658, #4512 ) ;
#1534 = ORIENTED_EDGE ( 'NONE', *, *, #84, .F. ) ;
#1535 = CARTESIAN_POINT ( 'NONE',  ( -10.25000000000000000, -28.35000000000000497, -3.899999999999999911 ) ) ;
#1536 = AXIS2_PLACEMENT_3D ( 'NONE', #150, #2814, #3183 ) ;
#1537 = EDGE_CURVE ( 'NONE', #1152, #278, #190, .T. ) ;
#1538 = ADVANCED_FACE ( 'NONE', ( #849 ), #3440, .F. ) ;
#1539 = DIRECTION ( 'NONE',  ( -0.7071067811865474617, 0.000000000000000000, 0.7071067811865474617 ) ) ;
#1540 = ORIENTED_EDGE ( 'NONE', *, *, #793, .T. ) ;
#1541 = DIRECTION ( 'NONE',  ( 1.000000000000000000, 0.000000000000000000, 0.000000000000000000 ) ) ;
#1542 = DIRECTION ( 'NONE',  ( -1.000000000000000000, -0.000000000000000000, -0.000000000000000000 ) ) ;
#1543 = LINE ( 'NONE', #1914, #3158 ) ;
#1544 = AXIS2_PLACEMENT_3D ( 'NONE', #3956, #2128, #4630 ) ;
#1545 = EDGE_LOOP ( 'NONE', ( #1540, #1950, #1105, #2959 ) ) ;
#1546 = CARTESIAN_POINT ( 'NONE',  ( -14.24999999997589839, -28.00000000000000000, 6.000000000000000000 ) ) ;
#1547 = CARTESIAN_POINT ( 'NONE',  ( -14.25000000000000000, -26.64999999999999858, 3.899999999999999911 ) ) ;
#1548 = ORIENTED_EDGE ( 'NONE', *, *, #3481, .F. ) ;
#1549 = CIRCLE ( 'NONE', #488, 1.049999999935607553 ) ;
#1550 = VECTOR ( 'NONE', #2023, 1000.000000000000000 ) ;
#1551 = LINE ( 'NONE', #3792, #2014 ) ;
#1552 = VECTOR ( 'NONE', #1136, 1000.000000000000114 ) ;
#1553 = ORIENTED_EDGE ( 'NONE', *, *, #1702, .T. ) ;
#1554 = ADVANCED_FACE ( 'NONE', ( #3392 ), #3816, .F. ) ;
#1555 = FACE_OUTER_BOUND ( 'NONE', #3994, .T. ) ;
#1556 =( NAMED_UNIT ( * ) SI_UNIT ( $, .STERADIAN. ) SOLID_ANGLE_UNIT ( ) );
#1557 = CARTESIAN_POINT ( 'NONE',  ( -14.25000000000000000, -3.650000000000000355, -3.899999999999999911 ) ) ;
#1558 = ORIENTED_EDGE ( 'NONE', *, *, #2106, .T. ) ;
#1559 = ORIENTED_EDGE ( 'NONE', *, *, #3450, .F. ) ;
#1560 = EDGE_CURVE ( 'NONE', #4114, #452, #3866, .T. ) ;
#1561 = CARTESIAN_POINT ( 'NONE',  ( 14.25000000000000000, -28.00000000000000000, 6.000000000000000000 ) ) ;
#1562 = ORIENTED_EDGE ( 'NONE', *, *, #4525, .T. ) ;
#1563 = DIRECTION ( 'NONE',  ( -1.000000000000000000, 0.000000000000000000, -0.000000000000000000 ) ) ;
#1564 = LINE ( 'NONE', #1521, #592 ) ;
#1565 = FACE_OUTER_BOUND ( 'NONE', #609, .T. ) ;
#1566 = ORIENTED_EDGE ( 'NONE', *, *, #1328, .F. ) ;
#1567 = CIRCLE ( 'NONE', #735, 1.249999999913598003 ) ;
#1568 = EDGE_CURVE ( 'NONE', #2560, #1002, #1387, .T. ) ;
#1569 = ORIENTED_EDGE ( 'NONE', *, *, #3005, .F. ) ;
#1570 = DIRECTION ( 'NONE',  ( 0.000000000000000000, -1.000000000000000000, 0.000000000000000000 ) ) ;
#1571 = LINE ( 'NONE', #3740, #1871 ) ;
#1572 = VERTEX_POINT ( 'NONE', #3485 ) ;
#1573 = VECTOR ( 'NONE', #1951, 1000.000000000000000 ) ;
#1574 = CIRCLE ( 'NONE', #4234, 1.049999999992450972 ) ;
#1575 = AXIS2_PLACEMENT_3D ( 'NONE', #787, #4422, #1164 ) ;
#1576 = VECTOR ( 'NONE', #187, 1000.000000000000000 ) ;
#1577 = CARTESIAN_POINT ( 'NONE',  ( 0.000000000000000000, -8.900000000000000355, -10.80000000000000071 ) ) ;
#1578 = ORIENTED_EDGE ( 'NONE', *, *, #3868, .F. ) ;
#1579 = AXIS2_PLACEMENT_3D ( 'NONE', #1593, #1641, #4107 ) ;
#1580 = LINE ( 'NONE', #1628, #2712 ) ;
#1581 = EDGE_CURVE ( 'NONE', #2430, #1852, #3916, .T. ) ;
#1582 = LINE ( 'NONE', #172, #2181 ) ;
#1583 = ORIENTED_EDGE ( 'NONE', *, *, #114, .T. ) ;
#1584 = DIRECTION ( 'NONE',  ( -0.000000000000000000, -0.000000000000000000, -1.000000000000000000 ) ) ;
#1585 = CARTESIAN_POINT ( 'NONE',  ( -14.25000000000000000, -3.650000000000000355, -10.80000000000000071 ) ) ;
#1586 = ORIENTED_EDGE ( 'NONE', *, *, #1560, .F. ) ;
#1587 = CARTESIAN_POINT ( 'NONE',  ( 10.25000000000000000, 0.000000000000000000, -3.899999999999999911 ) ) ;
#1588 = CARTESIAN_POINT ( 'NONE',  ( 8.349999999999999645, -35.25000000000000000, -3.899999999999999911 ) ) ;
#1589 = DIRECTION ( 'NONE',  ( 1.000000000000000000, 0.000000000000000000, 0.000000000000000000 ) ) ;
#1590 = EDGE_LOOP ( 'NONE', ( #2054, #3451, #2932, #4643 ) ) ;
#1591 = ADVANCED_FACE ( 'NONE', ( #3841 ), #312, .F. ) ;
#1592 = ORIENTED_EDGE ( 'NONE', *, *, #4005, .F. ) ;
#1593 = CARTESIAN_POINT ( 'NONE',  ( -14.25000000000000000, -28.35000000000000497, 3.899999999999999911 ) ) ;
#1594 = EDGE_CURVE ( 'NONE', #2892, #2476, #1727, .T. ) ;
#1595 = CARTESIAN_POINT ( 'NONE',  ( -11.96005050634000355, -34.54999999999999716, -11.50000000000000000 ) ) ;
#1596 = CARTESIAN_POINT ( 'NONE',  ( 14.25000000000000000, -5.349999999999999645, -3.899999999999999911 ) ) ;
#1597 = ORIENTED_EDGE ( 'NONE', *, *, #1112, .T. ) ;
#1598 = CIRCLE ( 'NONE', #615, 1.249999999970441422 ) ;
#1599 = DIRECTION ( 'NONE',  ( -0.7071067811865474617, 0.7071067811865474617, 0.000000000000000000 ) ) ;
#1600 = CARTESIAN_POINT ( 'NONE',  ( 8.000000000000000000, -35.25000000007594281, -6.000000000000000000 ) ) ;
#1601 = DIRECTION ( 'NONE',  ( 0.000000000000000000, -0.000000000000000000, 1.000000000000000000 ) ) ;
#1602 = LINE ( 'NONE', #1249, #663 ) ;
#1603 = EDGE_LOOP ( 'NONE', ( #730, #414, #3138, #2576 ) ) ;
#1604 = LINE ( 'NONE', #2357, #1573 ) ;
#1605 = LINE ( 'NONE', #3846, #3699 ) ;
#1606 = VERTEX_POINT ( 'NONE', #2791 ) ;
#1607 = PLANE ( 'NONE',  #1942 ) ;
#1608 = DIRECTION ( 'NONE',  ( -1.000000000000000000, -0.000000000000000000, -0.000000000000000000 ) ) ;
#1609 = LINE ( 'NONE', #857, #2169 ) ;
#1610 = ORIENTED_EDGE ( 'NONE', *, *, #1053, .F. ) ;
#1611 = EDGE_CURVE ( 'NONE', #4515, #2886, #1011, .T. ) ;
#1612 = ORIENTED_EDGE ( 'NONE', *, *, #3912, .T. ) ;
#1613 = DIRECTION ( 'NONE',  ( 0.000000000000000000, -0.000000000000000000, -1.000000000000000000 ) ) ;
#1614 = AXIS2_PLACEMENT_3D ( 'NONE', #1109, #4363, #402 ) ;
#1615 = DIRECTION ( 'NONE',  ( -0.7071067811865475727, -0.7071067811865475727, 0.000000000000000000 ) ) ;
#1616 = DIRECTION ( 'NONE',  ( 0.000000000000000000, 1.000000000000000000, -0.000000000000000000 ) ) ;
#1617 = EDGE_LOOP ( 'NONE', ( #4155, #4371 ) ) ;
#1618 = EDGE_CURVE ( 'NONE', #1920, #471, #968, .T. ) ;
#1619 = EDGE_CURVE ( 'NONE', #3185, #1724, #4595, .T. ) ;
#1620 = DIRECTION ( 'NONE',  ( -1.000000000000000000, 0.000000000000000000, -0.000000000000000000 ) ) ;
#1621 = DIRECTION ( 'NONE',  ( 0.000000000000000000, -0.000000000000000000, -1.000000000000000000 ) ) ;
#1622 = DIRECTION ( 'NONE',  ( -1.000000000000000000, 0.000000000000000000, 0.000000000000000000 ) ) ;
#1623 = ADVANCED_FACE ( 'NONE', ( #2857 ), #3203, .T. ) ;
#1624 = EDGE_CURVE ( 'NONE', #690, #4356, #2061, .T. ) ;
#1625 = VECTOR ( 'NONE', #4021, 1000.000000000000000 ) ;
#1626 = AXIS2_PLACEMENT_3D ( 'NONE', #4198, #2361, #950 ) ;
#1627 = VECTOR ( 'NONE', #3369, 1000.000000000000000 ) ;
#1628 = CARTESIAN_POINT ( 'NONE',  ( 14.24999999989040589, -4.000000000000000000, 4.750000000115051080 ) ) ;
#1629 = DIRECTION ( 'NONE',  ( 0.000000000000000000, 0.000000000000000000, -1.000000000000000000 ) ) ;
#1630 = ORIENTED_EDGE ( 'NONE', *, *, #900, .T. ) ;
#1631 = CARTESIAN_POINT ( 'NONE',  ( 14.25000000000000000, -2.649999999999999467, -10.80000000000000071 ) ) ;
#1632 = VECTOR ( 'NONE', #341, 1000.000000000000000 ) ;
#1633 = CIRCLE ( 'NONE', #1792, 1.249999999970441422 ) ;
#1634 = DIRECTION ( 'NONE',  ( -1.000000000000000000, 0.000000000000000000, -0.000000000000000000 ) ) ;
#1635 = VERTEX_POINT ( 'NONE', #2112 ) ;
#1636 = FACE_BOUND ( 'NONE', #976, .T. ) ;
#1637 = CYLINDRICAL_SURFACE ( 'NONE', #894, 1.050000000000000488 ) ;
#1638 = CARTESIAN_POINT ( 'NONE',  ( 14.25000000000000000, -3.649999999999999911, -3.899999999999999911 ) ) ;
#1639 = VERTEX_POINT ( 'NONE', #3888 ) ;
#1640 = ORIENTED_EDGE ( 'NONE', *, *, #1221, .T. ) ;
#1641 = DIRECTION ( 'NONE',  ( 0.000000000000000000, 1.000000000000000000, 0.000000000000000000 ) ) ;
#1642 = CARTESIAN_POINT ( 'NONE',  ( 13.55000000000000071, -32.96005050634000355, -10.80000000000000071 ) ) ;
#1643 = DIRECTION ( 'NONE',  ( -0.000000000000000000, -1.000000000000000000, -0.000000000000000000 ) ) ;
#1644 = EDGE_CURVE ( 'NONE', #94, #949, #791, .T. ) ;
#1645 = EDGE_LOOP ( 'NONE', ( #3051, #2723, #2305, #3027 ) ) ;
#1646 = CARTESIAN_POINT ( 'NONE',  ( 14.04999999994061000, -28.00000000000000000, 6.000000000000000000 ) ) ;
#1647 = CARTESIAN_POINT ( 'NONE',  ( -8.000000000000000000, -35.24999999993360689, -6.000000000000000000 ) ) ;
#1648 = VERTEX_POINT ( 'NONE', #2499 ) ;
#1649 = DIRECTION ( 'NONE',  ( 0.000000000000000000, 0.000000000000000000, -1.000000000000000000 ) ) ;
#1650 = AXIS2_PLACEMENT_3D ( 'NONE', #4172, #3819, #2309 ) ;
#1651 = AXIS2_PLACEMENT_3D ( 'NONE', #3241, #2898, #4331 ) ;
#1652 = EDGE_CURVE ( 'NONE', #777, #3656, #2428, .T. ) ;
#1653 = AXIS2_PLACEMENT_3D ( 'NONE', #430, #1159, #2579 ) ;
#1654 = CARTESIAN_POINT ( 'NONE',  ( -14.25000000000000000, -26.64999999999999858, -3.899999999999999911 ) ) ;
#1655 = EDGE_CURVE ( 'NONE', #4297, #2522, #681, .T. ) ;
#1656 = CARTESIAN_POINT ( 'NONE',  ( -14.24999999997544364, -28.00000000000000000, -6.000000000000000000 ) ) ;
#1657 = ORIENTED_EDGE ( 'NONE', *, *, #2012, .T. ) ;
#1658 = LINE ( 'NONE', #2378, #3709 ) ;
#1659 = CIRCLE ( 'NONE', #2662, 1.050000000000000488 ) ;
#1660 = DIRECTION ( 'NONE',  ( -0.000000000000000000, -1.000000000000000000, 0.000000000000000000 ) ) ;
#1661 = VERTEX_POINT ( 'NONE', #335 ) ;
#1662 = CARTESIAN_POINT ( 'NONE',  ( -14.25000000000000000, -26.64999999999999858, 3.899999999999999911 ) ) ;
#1663 = AXIS2_PLACEMENT_3D ( 'NONE', #4472, #3058, #506 ) ;
#1664 = CARTESIAN_POINT ( 'NONE',  ( -8.349999999999999645, -8.900000000000000355, -10.80000000000000071 ) ) ;
#1665 = CARTESIAN_POINT ( 'NONE',  ( 12.75000000000000178, -19.30000000000000071, -10.80000000000000071 ) ) ;
#1666 = ORIENTED_EDGE ( 'NONE', *, *, #1108, .F. ) ;
#1667 = ORIENTED_EDGE ( 'NONE', *, *, #1890, .T. ) ;
#1668 = CARTESIAN_POINT ( 'NONE',  ( 8.000000000000000000, -35.05000000006930350, 4.950000000008003553 ) ) ;
#1669 = PLANE ( 'NONE',  #965 ) ;
#1670 = FACE_OUTER_BOUND ( 'NONE', #3122, .T. ) ;
#1671 = VERTEX_POINT ( 'NONE', #587 ) ;
#1672 = AXIS2_PLACEMENT_3D ( 'NONE', #308, #3578, #2542 ) ;
#1673 = DIRECTION ( 'NONE',  ( 1.000000000000000000, 0.000000000000000000, 0.000000000000000000 ) ) ;
#1674 = DIRECTION ( 'NONE',  ( 1.000000000000000000, 0.000000000000000000, 0.000000000000000000 ) ) ;
#1675 = EDGE_LOOP ( 'NONE', ( #1375, #1527, #2533, #1902 ) ) ;
#1676 = PLANE ( 'NONE',  #3429 ) ;
#1677 = AXIS2_PLACEMENT_3D ( 'NONE', #1222, #1622, #3018 ) ;
#1678 = CARTESIAN_POINT ( 'NONE',  ( 8.000000000000000000, 11.05000000001155058, 4.950000000008003553 ) ) ;
#1679 = PLANE ( 'NONE',  #427 ) ;
#1680 = EDGE_LOOP ( 'NONE', ( #629, #4537, #3535, #289 ) ) ;
#1681 = CARTESIAN_POINT ( 'NONE',  ( 8.000000000000000000, 11.05000000001155058, 6.000000000000000000 ) ) ;
#1682 = EDGE_CURVE ( 'NONE', #2312, #3851, #4245, .T. ) ;
#1683 = ADVANCED_FACE ( 'NONE', ( #632 ), #4550, .F. ) ;
#1684 = LINE ( 'NONE', #3141, #3845 ) ;
#1685 = EDGE_LOOP ( 'NONE', ( #1119, #99, #683, #898 ) ) ;
#1686 = LINE ( 'NONE', #2435, #3762 ) ;
#1687 = DIRECTION ( 'NONE',  ( 0.000000000000000000, -0.000000000000000000, 1.000000000000000000 ) ) ;
#1688 = CARTESIAN_POINT ( 'NONE',  ( 14.25000000000000000, -28.35000000000000497, -3.899999999999999911 ) ) ;
#1689 = VERTEX_POINT ( 'NONE', #1678 ) ;
#1690 = EDGE_CURVE ( 'NONE', #1333, #3541, #4497, .T. ) ;
#1691 = EDGE_CURVE ( 'NONE', #2908, #1572, #2230, .T. ) ;
#1692 = ORIENTED_EDGE ( 'NONE', *, *, #1254, .F. ) ;
#1693 = CARTESIAN_POINT ( 'NONE',  ( -14.25000000000000000, -2.649999999999999467, -3.899999999999999911 ) ) ;
#1694 = CARTESIAN_POINT ( 'NONE',  ( -14.25000000000000000, -3.649999999999999911, -3.899999999999999911 ) ) ;
#1695 = CARTESIAN_POINT ( 'NONE',  ( -10.25000000000000000, 0.000000000000000000, -10.80000000000000071 ) ) ;
#1696 = ORIENTED_EDGE ( 'NONE', *, *, #417, .T. ) ;
#1697 = CARTESIAN_POINT ( 'NONE',  ( 14.25000000000000000, -4.000000000000000000, -6.000000000000000000 ) ) ;
#1698 = ORIENTED_EDGE ( 'NONE', *, *, #3484, .F. ) ;
#1699 = DIRECTION ( 'NONE',  ( -1.000000000000000000, -0.000000000000000000, -0.000000000000000000 ) ) ;
#1700 = DIRECTION ( 'NONE',  ( 0.000000000000000000, 0.000000000000000000, -1.000000000000000000 ) ) ;
#1701 = DIRECTION ( 'NONE',  ( -0.000000000000000000, 1.000000000000000000, 0.000000000000000000 ) ) ;
#1702 = EDGE_CURVE ( 'NONE', #2946, #3048, #1134, .T. ) ;
#1703 = ORIENTED_EDGE ( 'NONE', *, *, #3234, .F. ) ;
#1704 = LINE ( 'NONE', #3164, #3343 ) ;
#1705 = CONICAL_SURFACE ( 'NONE', #135, 1.249999999885403446, 0.7853981633974482790 ) ;
#1706 = VECTOR ( 'NONE', #3947, 1000.000000000000000 ) ;
#1707 = ORIENTED_EDGE ( 'NONE', *, *, #3795, .F. ) ;
#1708 = DIRECTION ( 'NONE',  ( 0.000000000000000000, -1.000000000000000000, 0.000000000000000000 ) ) ;
#1709 = VECTOR ( 'NONE', #4395, 1000.000000000000000 ) ;
#1710 = CIRCLE ( 'NONE', #4367, 1.249999999970441422 ) ;
#1711 = DIRECTION ( 'NONE',  ( 0.000000000000000000, 0.000000000000000000, 1.000000000000000000 ) ) ;
#1712 = VECTOR ( 'NONE', #841, 1000.000000000000000 ) ;
#1713 = CARTESIAN_POINT ( 'NONE',  ( 14.25000000000000000, -29.35000000000000142, -3.899999999999999911 ) ) ;
#1714 = VERTEX_POINT ( 'NONE', #4027 ) ;
#1715 = EDGE_CURVE ( 'NONE', #3663, #4520, #86, .T. ) ;
#1716 = LINE ( 'NONE', #670, #3705 ) ;
#1717 = VERTEX_POINT ( 'NONE', #2208 ) ;
#1718 = DIRECTION ( 'NONE',  ( 0.000000000000000000, 0.000000000000000000, 1.000000000000000000 ) ) ;
#1719 = LINE ( 'NONE', #718, #942 ) ;
#1720 = ADVANCED_FACE ( 'NONE', ( #3274 ), #1930, .F. ) ;
#1721 = EDGE_LOOP ( 'NONE', ( #3967, #443, #3943, #1413 ) ) ;
#1722 = DIRECTION ( 'NONE',  ( 1.000000000000000000, 0.000000000000000000, 0.000000000000000000 ) ) ;
#1723 = CARTESIAN_POINT ( 'NONE',  ( -12.75000000000000178, -19.30000000000000071, -4.700000000000000178 ) ) ;
#1724 = VERTEX_POINT ( 'NONE', #863 ) ;
#1725 = CARTESIAN_POINT ( 'NONE',  ( -8.000000000000000000, 11.24999999998999556, 7.249999999970441422 ) ) ;
#1726 = AXIS2_PLACEMENT_3D ( 'NONE', #188, #628, #1621 ) ;
#1727 = LINE ( 'NONE', #2136, #2468 ) ;
#1728 = PLANE ( 'NONE',  #2100 ) ;
#1729 = ORIENTED_EDGE ( 'NONE', *, *, #1690, .T. ) ;
#1730 = DIRECTION ( 'NONE',  ( 0.000000000000000000, -0.7071067810860616198, -0.7071067812870334146 ) ) ;
#1731 = AXIS2_PLACEMENT_3D ( 'NONE', #324, #2491, #1024 ) ;
#1732 = AXIS2_PLACEMENT_3D ( 'NONE', #1424, #3644, #2516 ) ;
#1733 = ADVANCED_FACE ( 'NONE', ( #1455 ), #1059, .F. ) ;
#1734 = VERTEX_POINT ( 'NONE', #3329 ) ;
#1735 = LINE ( 'NONE', #999, #4659 ) ;
#1736 = FACE_OUTER_BOUND ( 'NONE', #3247, .T. ) ;
#1737 = CARTESIAN_POINT ( 'NONE',  ( 11.96005050634000177, 10.55000000000000071, -10.80000000000000071 ) ) ;
#1738 = CIRCLE ( 'NONE', #305, 1.050000000000000488 ) ;
#1739 = VERTEX_POINT ( 'NONE', #4410 ) ;
#1740 = CYLINDRICAL_SURFACE ( 'NONE', #1915, 1.050000000000000488 ) ;
#1741 = ORIENTED_EDGE ( 'NONE', *, *, #2975, .T. ) ;
#1742 = DIRECTION ( 'NONE',  ( -0.7071067811865475727, 0.7071067811865475727, 0.000000000000000000 ) ) ;
#1743 = DIRECTION ( 'NONE',  ( 0.000000000000000000, 0.000000000000000000, -1.000000000000000000 ) ) ;
#1744 = DIRECTION ( 'NONE',  ( 1.000000000000000000, 0.000000000000000000, -0.000000000000000000 ) ) ;
#1745 = ADVANCED_FACE ( 'NONE', ( #1407 ), #1431, .F. ) ;
#1746 = ADVANCED_FACE ( 'NONE', ( #3626 ), #3900, .F. ) ;
#1747 = CARTESIAN_POINT ( 'NONE',  ( -14.25000000000000000, -29.35000000000000142, -3.899999999999999911 ) ) ;
#1748 = DIRECTION ( 'NONE',  ( -0.000000000000000000, -0.000000000000000000, -1.000000000000000000 ) ) ;
#1749 = EDGE_LOOP ( 'NONE', ( #1821, #2859, #330, #1039 ) ) ;
#1750 = DIRECTION ( 'NONE',  ( 1.000000000000000000, 0.000000000000000000, 0.000000000000000000 ) ) ;
#1751 = EDGE_CURVE ( 'NONE', #419, #4106, #3604, .T. ) ;
#1752 = ADVANCED_FACE ( 'NONE', ( #4109 ), #2599, .F. ) ;
#1753 = CARTESIAN_POINT ( 'NONE',  ( 8.349999999999999645, -31.25000000000000000, -3.899999999999999911 ) ) ;
#1754 = DIRECTION ( 'NONE',  ( 0.000000000000000000, 1.000000000000000000, 0.000000000000000000 ) ) ;
#1755 = ORIENTED_EDGE ( 'NONE', *, *, #2752, .T. ) ;
#1756 = LINE ( 'NONE', #2009, #4391 ) ;
#1757 = DIRECTION ( 'NONE',  ( -0.000000000000000000, -1.000000000000000000, 0.000000000000000000 ) ) ;
#1758 = ORIENTED_EDGE ( 'NONE', *, *, #2182, .F. ) ;
#1759 = DIRECTION ( 'NONE',  ( 0.000000000000000000, 1.000000000000000000, 0.000000000000000000 ) ) ;
#1760 = CARTESIAN_POINT ( 'NONE',  ( 10.25000000000000000, 0.000000000000000000, -10.80000000000000071 ) ) ;
#1761 = LINE ( 'NONE', #2869, #271 ) ;
#1762 = ORIENTED_EDGE ( 'NONE', *, *, #389, .T. ) ;
#1763 = DIRECTION ( 'NONE',  ( 0.000000000000000000, 0.000000000000000000, -1.000000000000000000 ) ) ;
#1764 = DIRECTION ( 'NONE',  ( -0.000000000000000000, -1.000000000000000000, -0.000000000000000000 ) ) ;
#1765 = CARTESIAN_POINT ( 'NONE',  ( 0.000000000000000000, -31.25000000000000000, 3.900000000000000799 ) ) ;
#1766 = DIRECTION ( 'NONE',  ( 0.000000000000000000, -0.000000000000000000, -1.000000000000000000 ) ) ;
#1767 = ADVANCED_FACE ( 'NONE', ( #3964 ), #1508, .T. ) ;
#1768 = DIRECTION ( 'NONE',  ( -1.000000000000000000, -0.000000000000000000, 0.000000000000000000 ) ) ;
#1769 = CARTESIAN_POINT ( 'NONE',  ( 8.000000000000000000, -35.25000000000000000, 6.000000000000000000 ) ) ;
#1770 = EDGE_LOOP ( 'NONE', ( #3735, #258, #823, #3322 ) ) ;
#1771 = LINE ( 'NONE', #3887, #398 ) ;
#1772 = EDGE_CURVE ( 'NONE', #1778, #286, #35, .T. ) ;
#1773 = VECTOR ( 'NONE', #1364, 1000.000000000000000 ) ;
#1774 = DIRECTION ( 'NONE',  ( 0.000000000000000000, -1.000000000000000000, -0.000000000000000000 ) ) ;
#1775 = VECTOR ( 'NONE', #2175, 1000.000000000000000 ) ;
#1776 = CARTESIAN_POINT ( 'NONE',  ( 12.75000000000000178, -19.30000000000000071, -10.80000000000000071 ) ) ;
#1777 = EDGE_CURVE ( 'NONE', #2312, #2927, #2234, .T. ) ;
#1778 = VERTEX_POINT ( 'NONE', #4006 ) ;
#1779 = CARTESIAN_POINT ( 'NONE',  ( 7.650000000000000355, -35.25000000000000000, -3.899999999999999911 ) ) ;
#1780 = DIRECTION ( 'NONE',  ( 0.000000000000000000, 1.000000000000000000, 0.000000000000000000 ) ) ;
#1781 = ORIENTED_EDGE ( 'NONE', *, *, #2444, .T. ) ;
#1782 = CARTESIAN_POINT ( 'NONE',  ( -14.24999999997544364, -28.00000000000000000, -7.249999999970441422 ) ) ;
#1783 = LINE ( 'NONE', #16, #1505 ) ;
#1784 = CYLINDRICAL_SURFACE ( 'NONE', #4441, 1.050000000000000488 ) ;
#1785 = EDGE_LOOP ( 'NONE', ( #589, #4382, #3252, #3428 ) ) ;
#1786 = AXIS2_PLACEMENT_3D ( 'NONE', #1076, #277, #3522 ) ;
#1787 = CIRCLE ( 'NONE', #136, 1.050000000000000488 ) ;
#1788 = CARTESIAN_POINT ( 'NONE',  ( -11.96005050634000177, 10.55000000000000071, -11.50000000000000000 ) ) ;
#1789 = ORIENTED_EDGE ( 'NONE', *, *, #1254, .T. ) ;
#1790 = FACE_OUTER_BOUND ( 'NONE', #1013, .T. ) ;
#1791 = CARTESIAN_POINT ( 'NONE',  ( -6.650000000000000355, -35.25000000000000000, -10.80000000000000071 ) ) ;
#1792 = AXIS2_PLACEMENT_3D ( 'NONE', #1656, #2331, #4526 ) ;
#1793 = CARTESIAN_POINT ( 'NONE',  ( 9.350000000000001421, -35.25000000000000000, 3.899999999999999911 ) ) ;
#1794 = ADVANCED_FACE ( 'NONE', ( #1823 ), #752, .F. ) ;
#1795 = LINE ( 'NONE', #376, #460 ) ;
#1796 = VERTEX_POINT ( 'NONE', #703 ) ;
#1797 = ORIENTED_EDGE ( 'NONE', *, *, #3729, .F. ) ;
#1798 = EDGE_CURVE ( 'NONE', #2367, #1945, #2003, .T. ) ;
#1799 = FACE_OUTER_BOUND ( 'NONE', #733, .T. ) ;
#1800 = PLANE ( 'NONE',  #2564 ) ;
#1801 = ORIENTED_EDGE ( 'NONE', *, *, #1307, .F. ) ;
#1802 = ADVANCED_FACE ( 'NONE', ( #1799 ), #1482, .F. ) ;
#1803 = EDGE_LOOP ( 'NONE', ( #2042, #3610, #2830, #1801 ) ) ;
#1804 = CARTESIAN_POINT ( 'NONE',  ( 8.349999999999999645, -35.25000000000000000, -3.899999999999999911 ) ) ;
#1805 = PLANE ( 'NONE',  #4317 ) ;
#1806 = CARTESIAN_POINT ( 'NONE',  ( -14.25000000000000000, -27.64999999999999858, -3.899999999999999911 ) ) ;
#1807 = ORIENTED_EDGE ( 'NONE', *, *, #1715, .T. ) ;
#1808 = EDGE_LOOP ( 'NONE', ( #2215, #400, #1142, #1503 ) ) ;
#1809 = VECTOR ( 'NONE', #4035, 1000.000000000000114 ) ;
#1810 = AXIS2_PLACEMENT_3D ( 'NONE', #2613, #3344, #3665 ) ;
#1811 = VECTOR ( 'NONE', #1539, 1000.000000000000114 ) ;
#1812 = LINE ( 'NONE', #3569, #2660 ) ;
#1813 = ORIENTED_EDGE ( 'NONE', *, *, #3346, .F. ) ;
#1814 = LINE ( 'NONE', #102, #2789 ) ;
#1815 = CARTESIAN_POINT ( 'NONE',  ( 14.25000000000000000, -29.35000000000000142, -10.80000000000000071 ) ) ;
#1816 = CARTESIAN_POINT ( 'NONE',  ( 6.649999999999999467, -35.25000000000000000, -10.80000000000000071 ) ) ;
#1817 = AXIS2_PLACEMENT_3D ( 'NONE', #575, #2028, #602 ) ;
#1818 = EDGE_LOOP ( 'NONE', ( #1230, #1703, #2980, #3378 ) ) ;
#1819 = FACE_OUTER_BOUND ( 'NONE', #2841, .T. ) ;
#1820 = DIRECTION ( 'NONE',  ( 0.000000000000000000, -1.000000000000000000, 0.000000000000000000 ) ) ;
#1821 = ORIENTED_EDGE ( 'NONE', *, *, #1097, .F. ) ;
#1822 = ORIENTED_EDGE ( 'NONE', *, *, #1974, .F. ) ;
#1823 = FACE_OUTER_BOUND ( 'NONE', #4075, .T. ) ;
#1824 = CARTESIAN_POINT ( 'NONE',  ( 14.25000000003228706, -28.00000000000000000, -6.000000000000000000 ) ) ;
#1825 = ORIENTED_EDGE ( 'NONE', *, *, #2120, .T. ) ;
#1826 = EDGE_CURVE ( 'NONE', #3677, #3909, #2053, .T. ) ;
#1827 = ORIENTED_EDGE ( 'NONE', *, *, #1568, .T. ) ;
#1828 = CARTESIAN_POINT ( 'NONE',  ( -12.75000000000000178, -8.900000000000000355, -4.700000000000000178 ) ) ;
#1829 = APPLICATION_PROTOCOL_DEFINITION ( 'draft international standard', 'automotive_design', 1998, #4310 ) ;
#1830 = CARTESIAN_POINT ( 'NONE',  ( -13.55000000000000071, 8.960050506339001686, -10.80000000000000071 ) ) ;
#1831 = EDGE_CURVE ( 'NONE', #2522, #1866, #3436, .T. ) ;
#1832 = ORIENTED_EDGE ( 'NONE', *, *, #1926, .T. ) ;
#1833 = ORIENTED_EDGE ( 'NONE', *, *, #2807, .T. ) ;
#1834 = EDGE_CURVE ( 'NONE', #4547, #1409, #4420, .T. ) ;
#1835 = VECTOR ( 'NONE', #4658, 1000.000000000000000 ) ;
#1836 = DIRECTION ( 'NONE',  ( 0.000000000000000000, 0.000000000000000000, -1.000000000000000000 ) ) ;
#1837 = ORIENTED_EDGE ( 'NONE', *, *, #957, .T. ) ;
#1838 = DIRECTION ( 'NONE',  ( 0.000000000000000000, 0.000000000000000000, -1.000000000000000000 ) ) ;
#1839 = DIRECTION ( 'NONE',  ( 0.000000000000000000, 0.000000000000000000, 1.000000000000000000 ) ) ;
#1840 = FACE_OUTER_BOUND ( 'NONE', #3567, .T. ) ;
#1841 = EDGE_CURVE ( 'NONE', #192, #1639, #2369, .T. ) ;
#1842 = EDGE_CURVE ( 'NONE', #4018, #873, #4518, .T. ) ;
#1843 = CARTESIAN_POINT ( 'NONE',  ( -8.000000000000000000, 11.25000000000000000, 6.000000000000000000 ) ) ;
#1844 = CIRCLE ( 'NONE', #3701, 1.249999999970441422 ) ;
#1845 = CARTESIAN_POINT ( 'NONE',  ( 10.25000000000000000, -3.649999999999999911, -3.899999999999999911 ) ) ;
#1846 = ORIENTED_EDGE ( 'NONE', *, *, #928, .F. ) ;
#1847 = ORIENTED_EDGE ( 'NONE', *, *, #529, .T. ) ;
#1848 = DIRECTION ( 'NONE',  ( 0.000000000000000000, 0.000000000000000000, -1.000000000000000000 ) ) ;
#1849 = CARTESIAN_POINT ( 'NONE',  ( 14.25000000000000000, -29.35000000000000142, 3.899999999999999911 ) ) ;
#1850 = ORIENTED_EDGE ( 'NONE', *, *, #28, .F. ) ;
#1851 = AXIS2_PLACEMENT_3D ( 'NONE', #1217, #508, #775 ) ;
#1852 = VERTEX_POINT ( 'NONE', #4184 ) ;
#1853 = DIRECTION ( 'NONE',  ( 0.000000000000000000, 1.000000000000000000, -0.000000000000000000 ) ) ;
#1854 = EDGE_CURVE ( 'NONE', #1717, #4247, #2757, .T. ) ;
#1855 = DIRECTION ( 'NONE',  ( 0.000000000000000000, 0.000000000000000000, 1.000000000000000000 ) ) ;
#1856 = LINE ( 'NONE', #3305, #2867 ) ;
#1857 = ORIENTED_EDGE ( 'NONE', *, *, #2451, .T. ) ;
#1858 = ORIENTED_EDGE ( 'NONE', *, *, #1045, .T. ) ;
#1859 = CARTESIAN_POINT ( 'NONE',  ( -6.650000000000000355, -35.25000000000000000, 3.899999999999999911 ) ) ;
#1860 = ORIENTED_EDGE ( 'NONE', *, *, #2718, .F. ) ;
#1861 = CARTESIAN_POINT ( 'NONE',  ( 8.000000000000000000, 7.250000000000000000, 7.050000000000000711 ) ) ;
#1862 = CARTESIAN_POINT ( 'NONE',  ( -14.04999999994061000, -4.000000000000000000, -7.049999999935607775 ) ) ;
#1863 = LINE ( 'NONE', #51, #721 ) ;
#1864 = EDGE_CURVE ( 'NONE', #3811, #578, #2030, .T. ) ;
#1865 = VECTOR ( 'NONE', #4008, 1000.000000000000000 ) ;
#1866 = VERTEX_POINT ( 'NONE', #3411 ) ;
#1867 = DIRECTION ( 'NONE',  ( 0.000000000000000000, 0.000000000000000000, 1.000000000000000000 ) ) ;
#1868 = EDGE_CURVE ( 'NONE', #3858, #4667, #960, .T. ) ;
#1869 = CARTESIAN_POINT ( 'NONE',  ( 8.349999999999999645, -8.900000000000000355, -4.700000000000000178 ) ) ;
#1870 = ORIENTED_EDGE ( 'NONE', *, *, #1307, .T. ) ;
#1871 = VECTOR ( 'NONE', #1963, 1000.000000000000000 ) ;
#1872 = ORIENTED_EDGE ( 'NONE', *, *, #245, .T. ) ;
#1873 = EDGE_CURVE ( 'NONE', #1648, #2673, #3856, .T. ) ;
#1874 = DIRECTION ( 'NONE',  ( 0.000000000000000000, -1.000000000000000000, 0.000000000000000000 ) ) ;
#1875 = PLANE ( 'NONE',  #2089 ) ;
#1876 = ORIENTED_EDGE ( 'NONE', *, *, #2806, .F. ) ;
#1877 = EDGE_LOOP ( 'NONE', ( #2623, #2191, #3126, #3537, #2816, #1484, #686, #3899 ) ) ;
#1878 = DIRECTION ( 'NONE',  ( 0.000000000000000000, 0.000000000000000000, 1.000000000000000000 ) ) ;
#1879 = CARTESIAN_POINT ( 'NONE',  ( 10.25000000000000000, -4.000000000000000000, -4.949999999999999289 ) ) ;
#1880 = EDGE_LOOP ( 'NONE', ( #1257, #4423 ) ) ;
#1881 = EDGE_LOOP ( 'NONE', ( #1314, #3042 ) ) ;
#1882 = VECTOR ( 'NONE', #920, 1000.000000000000114 ) ;
#1883 = LINE ( 'NONE', #810, #1811 ) ;
#1884 = ORIENTED_EDGE ( 'NONE', *, *, #4446, .T. ) ;
#1885 = DIRECTION ( 'NONE',  ( 0.000000000000000000, 0.000000000000000000, 1.000000000000000000 ) ) ;
#1886 = UNCERTAINTY_MEASURE_WITH_UNIT (LENGTH_MEASURE( 1.000000000000000082E-05 ), #1110, 'distance_accuracy_value', 'NONE');
#1887 = CARTESIAN_POINT ( 'NONE',  ( 11.96005050634000177, 10.55000000000000071, 10.80000000000000071 ) ) ;
#1888 = DIRECTION ( 'NONE',  ( 1.000000000000000000, 0.000000000000000000, -0.000000000000000000 ) ) ;
#1889 = VECTOR ( 'NONE', #2073, 1000.000000000000000 ) ;
#1890 = EDGE_CURVE ( 'NONE', #396, #3398, #3477, .T. ) ;
#1891 = VECTOR ( 'NONE', #3536, 1000.000000000000000 ) ;
#1892 = VECTOR ( 'NONE', #1000, 1000.000000000000000 ) ;
#1893 = EDGE_LOOP ( 'NONE', ( #404, #2770, #226, #1061 ) ) ;
#1894 = CARTESIAN_POINT ( 'NONE',  ( 14.25000000000000000, -26.64999999999999858, 3.899999999999999911 ) ) ;
#1895 = LINE ( 'NONE', #4069, #2096 ) ;
#1896 = ORIENTED_EDGE ( 'NONE', *, *, #2910, .F. ) ;
#1897 = EDGE_CURVE ( 'NONE', #286, #4405, #4038, .T. ) ;
#1898 = AXIS2_PLACEMENT_3D ( 'NONE', #4321, #3870, #1062 ) ;
#1899 = EDGE_CURVE ( 'NONE', #3336, #2206, #604, .T. ) ;
#1900 = CIRCLE ( 'NONE', #2353, 1.249999999970441422 ) ;
#1901 = CARTESIAN_POINT ( 'NONE',  ( -10.25000000000000000, -5.349999999999999645, -3.899999999999999911 ) ) ;
#1902 = ORIENTED_EDGE ( 'NONE', *, *, #1468, .T. ) ;
#1903 = ADVANCED_FACE ( 'NONE', ( #913 ), #4543, .F. ) ;
#1904 = EDGE_CURVE ( 'NONE', #1606, #1661, #3789, .T. ) ;
#1905 = CARTESIAN_POINT ( 'NONE',  ( 10.25000000000000000, -4.000000000000000000, 6.000000000000000000 ) ) ;
#1906 = DIRECTION ( 'NONE',  ( 0.000000000000000000, -0.000000000000000000, -1.000000000000000000 ) ) ;
#1907 = ORIENTED_EDGE ( 'NONE', *, *, #417, .F. ) ;
#1908 = DIRECTION ( 'NONE',  ( 1.000000000000000000, 0.000000000000000000, 0.000000000000000000 ) ) ;
#1909 = VECTOR ( 'NONE', #329, 1000.000000000000000 ) ;
#1910 = DIRECTION ( 'NONE',  ( 0.000000000000000000, 0.000000000000000000, 1.000000000000000000 ) ) ;
#1911 = ORIENTED_EDGE ( 'NONE', *, *, #74, .F. ) ;
#1912 = LINE ( 'NONE', #47, #799 ) ;
#1913 = CARTESIAN_POINT ( 'NONE',  ( -14.25000000000000000, -29.35000000000000142, -3.899999999999999911 ) ) ;
#1914 = CARTESIAN_POINT ( 'NONE',  ( 0.000000000000000000, -31.25000000000000000, -3.899999999999999911 ) ) ;
#1915 = AXIS2_PLACEMENT_3D ( 'NONE', #2171, #22, #346 ) ;
#1916 = EDGE_LOOP ( 'NONE', ( #1143, #1583, #424, #1586 ) ) ;
#1917 = CYLINDRICAL_SURFACE ( 'NONE', #750, 1.050000000000000488 ) ;
#1918 = FACE_OUTER_BOUND ( 'NONE', #3093, .T. ) ;
#1919 = ORIENTED_EDGE ( 'NONE', *, *, #3346, .T. ) ;
#1920 = VERTEX_POINT ( 'NONE', #1332 ) ;
#1921 = CARTESIAN_POINT ( 'NONE',  ( 12.25000000000000000, -35.25000000000000000, 11.50000000000000355 ) ) ;
#1922 = ORIENTED_EDGE ( 'NONE', *, *, #439, .F. ) ;
#1923 = EDGE_CURVE ( 'NONE', #1606, #76, #4235, .T. ) ;
#1924 = DIRECTION ( 'NONE',  ( 1.000000000000000000, 0.000000000000000000, -0.000000000000000000 ) ) ;
#1925 = ADVANCED_FACE ( 'NONE', ( #230 ), #4491, .T. ) ;
#1926 = EDGE_CURVE ( 'NONE', #1405, #3563, #3081, .T. ) ;
#1927 = DIRECTION ( 'NONE',  ( 0.000000000000000000, 0.000000000000000000, 1.000000000000000000 ) ) ;
#1928 = ORIENTED_EDGE ( 'NONE', *, *, #3310, .T. ) ;
#1929 = ORIENTED_EDGE ( 'NONE', *, *, #3292, .T. ) ;
#1930 = CONICAL_SURFACE ( 'NONE', #1086, 1.249999999884949142, 0.7853981633974482790 ) ;
#1931 = LINE ( 'NONE', #3379, #4390 ) ;
#1932 = ORIENTED_EDGE ( 'NONE', *, *, #1278, .F. ) ;
#1933 = DIRECTION ( 'NONE',  ( 1.000000000000000000, 0.000000000000000000, -0.000000000000000000 ) ) ;
#1934 = ADVANCED_FACE ( 'NONE', ( #1670 ), #3130, .T. ) ;
#1935 = LINE ( 'NONE', #2267, #973 ) ;
#1936 = LINE ( 'NONE', #3645, #2708 ) ;
#1937 = ORIENTED_EDGE ( 'NONE', *, *, #1690, .F. ) ;
#1938 = PLANE ( 'NONE',  #2818 ) ;
#1939 = CARTESIAN_POINT ( 'NONE',  ( -10.25000000000000000, 0.000000000000000000, -10.80000000000000071 ) ) ;
#1940 = VERTEX_POINT ( 'NONE', #2538 ) ;
#1941 = VECTOR ( 'NONE', #3825, 1000.000000000000000 ) ;
#1942 = AXIS2_PLACEMENT_3D ( 'NONE', #4177, #4558, #3074 ) ;
#1943 = CARTESIAN_POINT ( 'NONE',  ( -14.25000000000000000, -28.35000000000000497, 3.899999999999999911 ) ) ;
#1944 = VECTOR ( 'NONE', #2643, 1000.000000000000000 ) ;
#1945 = VERTEX_POINT ( 'NONE', #1027 ) ;
#1946 = CIRCLE ( 'NONE', #1103, 1.049999999935607553 ) ;
#1947 = EDGE_CURVE ( 'NONE', #707, #517, #548, .T. ) ;
#1948 = DIRECTION ( 'NONE',  ( 0.000000000000000000, 0.000000000000000000, -1.000000000000000000 ) ) ;
#1949 = CARTESIAN_POINT ( 'NONE',  ( 12.75000000000000178, -8.900000000000000355, -4.700000000000000178 ) ) ;
#1950 = ORIENTED_EDGE ( 'NONE', *, *, #2950, .T. ) ;
#1951 = DIRECTION ( 'NONE',  ( -1.000000000000000000, -0.000000000000000000, -0.000000000000000000 ) ) ;
#1952 = ADVANCED_FACE ( 'NONE', ( #2899 ), #3216, .F. ) ;
#1953 = DIRECTION ( 'NONE',  ( -0.000000000000000000, -0.000000000000000000, -1.000000000000000000 ) ) ;
#1954 = ORIENTED_EDGE ( 'NONE', *, *, #2885, .T. ) ;
#1955 = CARTESIAN_POINT ( 'NONE',  ( -14.24999999997589839, -28.00000000000000000, 6.000000000000000000 ) ) ;
#1956 = CARTESIAN_POINT ( 'NONE',  ( 8.000000000000000000, -35.25000000000000000, -6.000000000000000000 ) ) ;
#1957 = LINE ( 'NONE', #3850, #1323 ) ;
#1958 = VERTEX_POINT ( 'NONE', #2076 ) ;
#1959 = EDGE_CURVE ( 'NONE', #1734, #3192, #2494, .T. ) ;
#1960 = EDGE_CURVE ( 'NONE', #765, #2783, #3976, .T. ) ;
#1961 = ORIENTED_EDGE ( 'NONE', *, *, #2352, .F. ) ;
#1962 = FACE_OUTER_BOUND ( 'NONE', #4379, .T. ) ;
#1963 = DIRECTION ( 'NONE',  ( -0.000000000000000000, 1.000000000000000000, 0.000000000000000000 ) ) ;
#1964 = DIRECTION ( 'NONE',  ( 0.000000000000000000, 0.000000000000000000, -1.000000000000000000 ) ) ;
#1965 = ORIENTED_EDGE ( 'NONE', *, *, #3893, .T. ) ;
#1966 = VECTOR ( 'NONE', #2695, 1000.000000000000000 ) ;
#1967 = CARTESIAN_POINT ( 'NONE',  ( 6.650000000000000355, -35.25000000000000000, -3.899999999999999911 ) ) ;
#1968 = VECTOR ( 'NONE', #3704, 1000.000000000000000 ) ;
#1969 = DIRECTION ( 'NONE',  ( 0.000000000000000000, 0.000000000000000000, 1.000000000000000000 ) ) ;
#1970 = ORIENTED_EDGE ( 'NONE', *, *, #1037, .T. ) ;
#1971 = VECTOR ( 'NONE', #4406, 1000.000000000000114 ) ;
#1972 = DIRECTION ( 'NONE',  ( -0.000000000000000000, -0.000000000000000000, -1.000000000000000000 ) ) ;
#1973 = CARTESIAN_POINT ( 'NONE',  ( -10.25000000000000000, -4.000000000000000000, 4.949999999999999289 ) ) ;
#1974 = EDGE_CURVE ( 'NONE', #2550, #3519, #3546, .T. ) ;
#1975 = ORIENTED_EDGE ( 'NONE', *, *, #1443, .F. ) ;
#1976 = LINE ( 'NONE', #874, #2192 ) ;
#1977 = EDGE_CURVE ( 'NONE', #4095, #1031, #1719, .T. ) ;
#1978 = PLANE ( 'NONE',  #676 ) ;
#1979 = ORIENTED_EDGE ( 'NONE', *, *, #4493, .F. ) ;
#1980 = DIRECTION ( 'NONE',  ( 0.000000000000000000, 0.000000000000000000, 1.000000000000000000 ) ) ;
#1981 = DIRECTION ( 'NONE',  ( 1.000000000000000000, 0.000000000000000000, 0.000000000000000000 ) ) ;
#1982 = ADVANCED_FACE ( 'NONE', ( #4609 ), #3268, .F. ) ;
#1983 = ORIENTED_EDGE ( 'NONE', *, *, #3114, .T. ) ;
#1984 = VERTEX_POINT ( 'NONE', #3196 ) ;
#1985 = CARTESIAN_POINT ( 'NONE',  ( 14.25000000003274181, -28.00000000000000000, 4.749999999972715159 ) ) ;
#1986 = CARTESIAN_POINT ( 'NONE',  ( 8.349999999999999645, -19.30000000000000071, -10.80000000000000071 ) ) ;
#1987 = CARTESIAN_POINT ( 'NONE',  ( -13.55000000000000071, -32.96005050634000355, -10.80000000000000071 ) ) ;
#1988 = ORIENTED_EDGE ( 'NONE', *, *, #668, .T. ) ;
#1989 = DIRECTION ( 'NONE',  ( 0.7071067811865475727, 0.7071067811865475727, 0.000000000000000000 ) ) ;
#1990 = DIRECTION ( 'NONE',  ( 1.000000000000000000, 0.000000000000000000, -0.000000000000000000 ) ) ;
#1991 = DIRECTION ( 'NONE',  ( 0.000000000000000000, 0.000000000000000000, -1.000000000000000000 ) ) ;
#1992 = PLANE ( 'NONE',  #2020 ) ;
#1993 = AXIS2_PLACEMENT_3D ( 'NONE', #3434, #2443, #3152 ) ;
#1994 = ORIENTED_EDGE ( 'NONE', *, *, #4448, .T. ) ;
#1995 = DIRECTION ( 'NONE',  ( 0.7071067811865474617, 0.7071067811865474617, 0.000000000000000000 ) ) ;
#1996 = EDGE_LOOP ( 'NONE', ( #298, #344, #3464, #3207 ) ) ;
#1997 = PLANE ( 'NONE',  #2558 ) ;
#1998 = DIRECTION ( 'NONE',  ( -1.000000000000000000, -0.000000000000000000, -0.000000000000000000 ) ) ;
#1999 = DIRECTION ( 'NONE',  ( -1.000000000000000000, -0.000000000000000000, -0.000000000000000000 ) ) ;
#2000 = EDGE_LOOP ( 'NONE', ( #4649, #4081, #2607, #4289 ) ) ;
#2001 = ADVANCED_FACE ( 'NONE', ( #1096 ), #4652, .T. ) ;
#2002 = EDGE_LOOP ( 'NONE', ( #3004, #433, #182, #1306 ) ) ;
#2003 = CIRCLE ( 'NONE', #2993, 1.250000000027284841 ) ;
#2004 = DIRECTION ( 'NONE',  ( 1.000000000000000000, 0.000000000000000000, -0.000000000000000000 ) ) ;
#2005 = DIRECTION ( 'NONE',  ( 0.000000000000000000, 0.000000000000000000, -1.000000000000000000 ) ) ;
#2006 = ORIENTED_EDGE ( 'NONE', *, *, #3140, .F. ) ;
#2007 = ADVANCED_FACE ( 'NONE', ( #4352 ), #3931, .T. ) ;
#2008 = EDGE_CURVE ( 'NONE', #3727, #4051, #3594, .T. ) ;
#2009 = CARTESIAN_POINT ( 'NONE',  ( 9.350000000000001421, -35.25000000000000000, 3.899999999999999911 ) ) ;
#2010 = ORIENTED_EDGE ( 'NONE', *, *, #4355, .F. ) ;
#2011 = FACE_OUTER_BOUND ( 'NONE', #3348, .T. ) ;
#2012 = EDGE_CURVE ( 'NONE', #1406, #2155, #2, .T. ) ;
#2013 = VECTOR ( 'NONE', #1284, 1000.000000000000000 ) ;
#2014 = VECTOR ( 'NONE', #189, 1000.000000000000000 ) ;
#2015 = PLANE ( 'NONE',  #2928 ) ;
#2016 = DIRECTION ( 'NONE',  ( 0.7071067811865474617, 0.000000000000000000, -0.7071067811865474617 ) ) ;
#2017 = ORIENTED_EDGE ( 'NONE', *, *, #3810, .F. ) ;
#2018 = FACE_OUTER_BOUND ( 'NONE', #3882, .T. ) ;
#2019 = AXIS2_PLACEMENT_3D ( 'NONE', #1158, #3280, #1116 ) ;
#2020 = AXIS2_PLACEMENT_3D ( 'NONE', #2719, #213, #4144 ) ;
#2021 = DIRECTION ( 'NONE',  ( 0.000000000000000000, 0.000000000000000000, 1.000000000000000000 ) ) ;
#2022 = VERTEX_POINT ( 'NONE', #1355 ) ;
#2023 = DIRECTION ( 'NONE',  ( -1.000000000000000000, -0.000000000000000000, 0.000000000000000000 ) ) ;
#2024 = LINE ( 'NONE', #2748, #3476 ) ;
#2025 = CARTESIAN_POINT ( 'NONE',  ( -8.000000000000000000, -35.05000000006930350, -7.049999999992451194 ) ) ;
#2026 = ORIENTED_EDGE ( 'NONE', *, *, #2395, .F. ) ;
#2027 = VERTEX_POINT ( 'NONE', #1378 ) ;
#2028 = DIRECTION ( 'NONE',  ( 0.000000000000000000, 0.000000000000000000, -1.000000000000000000 ) ) ;
#2029 = CARTESIAN_POINT ( 'NONE',  ( 0.000000000000000000, -31.25000000000000000, -10.80000000000000071 ) ) ;
#2030 = LINE ( 'NONE', #255, #1380 ) ;
#2031 = VECTOR ( 'NONE', #317, 1000.000000000000114 ) ;
#2032 = VERTEX_POINT ( 'NONE', #4332 ) ;
#2033 = LINE ( 'NONE', #207, #2198 ) ;
#2034 = ADVANCED_FACE ( 'NONE', ( #2851 ), #2466, .F. ) ;
#2035 = ORIENTED_EDGE ( 'NONE', *, *, #3927, .T. ) ;
#2036 = DIRECTION ( 'NONE',  ( 0.000000000000000000, 0.000000000000000000, -1.000000000000000000 ) ) ;
#2037 = AXIS2_PLACEMENT_3D ( 'NONE', #4402, #3290, #1147 ) ;
#2038 = VECTOR ( 'NONE', #3281, 1000.000000000000000 ) ;
#2039 = DIRECTION ( 'NONE',  ( -1.000000000000000000, 0.000000000000000000, 0.000000000000000000 ) ) ;
#2040 = LINE ( 'NONE', #313, #4058 ) ;
#2041 = EDGE_CURVE ( 'NONE', #4015, #832, #3175, .T. ) ;
#2042 = ORIENTED_EDGE ( 'NONE', *, *, #4413, .T. ) ;
#2043 = DIRECTION ( 'NONE',  ( 0.000000000000000000, 0.000000000000000000, -1.000000000000000000 ) ) ;
#2044 = EDGE_CURVE ( 'NONE', #2032, #3712, #26, .T. ) ;
#2045 = CARTESIAN_POINT ( 'NONE',  ( 14.24999999989040589, -28.00000000000000000, -7.249999999885403668 ) ) ;
#2046 = ORIENTED_EDGE ( 'NONE', *, *, #2539, .F. ) ;
#2047 = DIRECTION ( 'NONE',  ( 0.000000000000000000, 0.000000000000000000, -1.000000000000000000 ) ) ;
#2048 = CARTESIAN_POINT ( 'NONE',  ( 14.25000000000000000, -26.64999999999999858, 3.899999999999999911 ) ) ;
#2049 = FACE_OUTER_BOUND ( 'NONE', #1685, .T. ) ;
#2050 = ORIENTED_EDGE ( 'NONE', *, *, #3933, .F. ) ;
#2051 = CARTESIAN_POINT ( 'NONE',  ( 8.000000000000000000, -31.25000000000000000, 4.949999999999999289 ) ) ;
#2052 = PLANE ( 'NONE',  #1106 ) ;
#2053 = LINE ( 'NONE', #184, #713 ) ;
#2054 = ORIENTED_EDGE ( 'NONE', *, *, #3225, .F. ) ;
#2055 = CARTESIAN_POINT ( 'NONE',  ( -14.24999999989040589, -4.000000000000000000, 6.000000000000000000 ) ) ;
#2056 = CARTESIAN_POINT ( 'NONE',  ( 8.349999999999999645, -19.30000000000000071, -4.700000000000000178 ) ) ;
#2057 = VERTEX_POINT ( 'NONE', #2829 ) ;
#2058 = DIRECTION ( 'NONE',  ( -1.000000000000000000, -0.000000000000000000, 0.000000000000000000 ) ) ;
#2059 = CONICAL_SURFACE ( 'NONE', #1442, 1.250000000055933702, 0.7853981635395568262 ) ;
#2060 = EDGE_CURVE ( 'NONE', #754, #707, #4258, .T. ) ;
#2061 = LINE ( 'NONE', #4295, #4191 ) ;
#2062 = DIRECTION ( 'NONE',  ( 0.000000000000000000, 0.000000000000000000, 1.000000000000000000 ) ) ;
#2063 = ORIENTED_EDGE ( 'NONE', *, *, #2718, .T. ) ;
#2064 = DIRECTION ( 'NONE',  ( 0.000000000000000000, 1.000000000000000000, 0.000000000000000000 ) ) ;
#2065 = EDGE_CURVE ( 'NONE', #1445, #1572, #740, .T. ) ;
#2066 = EDGE_CURVE ( 'NONE', #2984, #1210, #1863, .T. ) ;
#2067 = CARTESIAN_POINT ( 'NONE',  ( -10.25000000000000000, -28.00000000000000000, 7.050000000000000711 ) ) ;
#2068 = ORIENTED_EDGE ( 'NONE', *, *, #3373, .F. ) ;
#2069 = FACE_OUTER_BOUND ( 'NONE', #3017, .T. ) ;
#2070 = FACE_OUTER_BOUND ( 'NONE', #1100, .T. ) ;
#2071 = PLANE ( 'NONE',  #2557 ) ;
#2072 = EDGE_LOOP ( 'NONE', ( #1850, #623, #3082, #3272 ) ) ;
#2073 = DIRECTION ( 'NONE',  ( 1.000000000000000000, 0.000000000000000000, 0.000000000000000000 ) ) ;
#2074 = LINE ( 'NONE', #2897, #3043 ) ;
#2075 = LINE ( 'NONE', #1642, #3087 ) ;
#2076 = CARTESIAN_POINT ( 'NONE',  ( 14.25000000000000000, -5.350000000000000533, -3.899999999999999911 ) ) ;
#2077 = ORIENTED_EDGE ( 'NONE', *, *, #3484, .T. ) ;
#2078 = VECTOR ( 'NONE', #3505, 1000.000000000000114 ) ;
#2079 = DIRECTION ( 'NONE',  ( -1.000000000000000000, -0.000000000000000000, -0.000000000000000000 ) ) ;
#2080 = CARTESIAN_POINT ( 'NONE',  ( 14.24999999989040589, -4.000000000000000000, 6.000000000000000000 ) ) ;
#2081 = ORIENTED_EDGE ( 'NONE', *, *, #3401, .T. ) ;
#2082 = CARTESIAN_POINT ( 'NONE',  ( 14.25000000000000000, -4.349999999999999645, -10.80000000000000071 ) ) ;
#2083 = ADVANCED_FACE ( 'NONE', ( #4065 ), #104, .T. ) ;
#2084 = DIRECTION ( 'NONE',  ( 0.000000000000000000, -1.000000000000000000, 0.000000000000000000 ) ) ;
#2085 = FACE_OUTER_BOUND ( 'NONE', #3732, .T. ) ;
#2086 = ORIENTED_EDGE ( 'NONE', *, *, #4093, .F. ) ;
#2087 = DIRECTION ( 'NONE',  ( 0.000000000000000000, 0.000000000000000000, -1.000000000000000000 ) ) ;
#2088 = VECTOR ( 'NONE', #903, 1000.000000000000000 ) ;
#2089 = AXIS2_PLACEMENT_3D ( 'NONE', #2574, #776, #4433 ) ;
#2090 = FACE_OUTER_BOUND ( 'NONE', #1492, .T. ) ;
#2091 = ORIENTED_EDGE ( 'NONE', *, *, #388, .F. ) ;
#2092 = DIRECTION ( 'NONE',  ( 1.000000000000000000, 0.000000000000000000, 0.000000000000000000 ) ) ;
#2093 = AXIS2_PLACEMENT_3D ( 'NONE', #17, #2554, #96 ) ;
#2094 = VECTOR ( 'NONE', #2164, 1000.000000000000114 ) ;
#2095 = LINE ( 'NONE', #1437, #1892 ) ;
#2096 = VECTOR ( 'NONE', #145, 1000.000000000000114 ) ;
#2097 = DIRECTION ( 'NONE',  ( -0.000000000000000000, 0.000000000000000000, 1.000000000000000000 ) ) ;
#2098 = EDGE_CURVE ( 'NONE', #3663, #3985, #412, .T. ) ;
#2099 = EDGE_LOOP ( 'NONE', ( #4166, #3341, #1138, #760 ) ) ;
#2100 = AXIS2_PLACEMENT_3D ( 'NONE', #682, #2453, #2062 ) ;
#2101 = ADVANCED_FACE ( 'NONE', ( #1565 ), #3715, .T. ) ;
#2102 = CARTESIAN_POINT ( 'NONE',  ( -10.25000000000000000, 0.000000000000000000, 3.900000000000000799 ) ) ;
#2103 = CARTESIAN_POINT ( 'NONE',  ( 13.55000000000000071, -32.96005050634000355, 10.80000000000000071 ) ) ;
#2104 = DIRECTION ( 'NONE',  ( 0.000000000000000000, -0.000000000000000000, 1.000000000000000000 ) ) ;
#2105 = DIRECTION ( 'NONE',  ( 0.000000000000000000, -1.000000000000000000, 0.000000000000000000 ) ) ;
#2106 = EDGE_CURVE ( 'NONE', #1958, #1734, #1936, .T. ) ;
#2107 = ADVANCED_FACE ( 'NONE', ( #458 ), #3737, .F. ) ;
#2108 = LINE ( 'NONE', #1747, #2201 ) ;
#2109 = ORIENTED_EDGE ( 'NONE', *, *, #2098, .F. ) ;
#2110 = CARTESIAN_POINT ( 'NONE',  ( 14.25000000000000000, -5.349999999999999645, 3.899999999999999911 ) ) ;
#2111 = AXIS2_PLACEMENT_3D ( 'NONE', #4632, #3906, #2132 ) ;
#2112 = CARTESIAN_POINT ( 'NONE',  ( -10.25000000000000000, -2.649999999999999911, -3.899999999999999911 ) ) ;
#2113 = CARTESIAN_POINT ( 'NONE',  ( 13.55000000000000071, 0.000000000000000000, 10.80000000000000071 ) ) ;
#2114 = VERTEX_POINT ( 'NONE', #2990 ) ;
#2115 = DIRECTION ( 'NONE',  ( 0.000000000000000000, -1.000000000000000000, 0.000000000000000000 ) ) ;
#2116 = AXIS2_PLACEMENT_3D ( 'NONE', #1121, #434, #4399 ) ;
#2117 = VECTOR ( 'NONE', #3781, 1000.000000000000114 ) ;
#2118 = EDGE_LOOP ( 'NONE', ( #1058, #3133, #4264, #3843 ) ) ;
#2119 = CARTESIAN_POINT ( 'NONE',  ( -8.000000000000000000, 11.05000000001155058, 6.000000000000000000 ) ) ;
#2120 = EDGE_CURVE ( 'NONE', #3147, #1796, #1543, .T. ) ;
#2121 = DIRECTION ( 'NONE',  ( -0.000000000000000000, -1.000000000000000000, -0.000000000000000000 ) ) ;
#2122 = DIRECTION ( 'NONE',  ( 0.7071067811865486830, 0.7071067811865464625, 0.000000000000000000 ) ) ;
#2123 = ORIENTED_EDGE ( 'NONE', *, *, #4259, .T. ) ;
#2124 = CONICAL_SURFACE ( 'NONE', #4396, 1.250000000055479399, 0.7853981635395568262 ) ;
#2125 = ORIENTED_EDGE ( 'NONE', *, *, #2207, .T. ) ;
#2126 = ADVANCED_FACE ( 'NONE', ( #1840 ), #4468, .F. ) ;
#2127 = CARTESIAN_POINT ( 'NONE',  ( -14.24999999997589839, -4.000000000000000000, 6.000000000000000000 ) ) ;
#2128 = DIRECTION ( 'NONE',  ( 0.000000000000000000, -0.000000000000000000, 1.000000000000000000 ) ) ;
#2129 = CARTESIAN_POINT ( 'NONE',  ( -10.25000000000000000, -26.64999999999999858, -3.899999999999999911 ) ) ;
#2130 = EDGE_CURVE ( 'NONE', #1635, #2801, #2944, .T. ) ;
#2131 = EDGE_CURVE ( 'NONE', #1210, #1714, #4087, .T. ) ;
#2132 = DIRECTION ( 'NONE',  ( 0.000000000000000000, 0.000000000000000000, 1.000000000000000000 ) ) ;
#2133 = ORIENTED_EDGE ( 'NONE', *, *, #2546, .T. ) ;
#2134 = CARTESIAN_POINT ( 'NONE',  ( -12.25000000000000000, 11.25000000000000000, 11.50000000000000000 ) ) ;
#2135 = AXIS2_PLACEMENT_3D ( 'NONE', #698, #1820, #2854 ) ;
#2136 = CARTESIAN_POINT ( 'NONE',  ( 8.000000000000000000, -35.25000000007594281, -4.749999999944066076 ) ) ;
#2137 = CARTESIAN_POINT ( 'NONE',  ( 14.24999999989040589, -4.000000000000000000, -6.000000000000000000 ) ) ;
#2138 = ORIENTED_EDGE ( 'NONE', *, *, #1691, .F. ) ;
#2139 = AXIS2_PLACEMENT_3D ( 'NONE', #311, #1750, #941 ) ;
#2140 = LINE ( 'NONE', #287, #3181 ) ;
#2141 = CARTESIAN_POINT ( 'NONE',  ( 14.25000000000000000, -3.649999999999999911, -3.899999999999999911 ) ) ;
#2142 = ORIENTED_EDGE ( 'NONE', *, *, #2634, .T. ) ;
#2143 = CARTESIAN_POINT ( 'NONE',  ( -8.000000000000000000, 11.05000000001155058, 7.049999999991996447 ) ) ;
#2144 = DIRECTION ( 'NONE',  ( 0.000000000000000000, 0.000000000000000000, -1.000000000000000000 ) ) ;
#2145 = DIRECTION ( 'NONE',  ( 0.000000000000000000, -1.000000000000000000, -0.000000000000000000 ) ) ;
#2146 = ORIENTED_EDGE ( 'NONE', *, *, #3912, .F. ) ;
#2147 = CARTESIAN_POINT ( 'NONE',  ( 14.04999999994061000, -4.000000000000000000, -6.000000000000000000 ) ) ;
#2148 = ORIENTED_EDGE ( 'NONE', *, *, #2041, .T. ) ;
#2149 = DIRECTION ( 'NONE',  ( 8.659560562354932858E-17, 0.7071067811865474617, -0.7071067811865474617 ) ) ;
#2150 = DIRECTION ( 'NONE',  ( -1.000000000000000000, 0.000000000000000000, 0.000000000000000000 ) ) ;
#2151 = CARTESIAN_POINT ( 'NONE',  ( -12.75000000000000178, -19.30000000000000071, -10.80000000000000071 ) ) ;
#2152 = VECTOR ( 'NONE', #2391, 1000.000000000000000 ) ;
#2153 = DIRECTION ( 'NONE',  ( 1.000000000000000000, 0.000000000000000000, -0.000000000000000000 ) ) ;
#2154 = LINE ( 'NONE', #2204, #1339 ) ;
#2155 = VERTEX_POINT ( 'NONE', #479 ) ;
#2156 = EDGE_LOOP ( 'NONE', ( #3718, #4034, #435, #599 ) ) ;
#2157 = ADVANCED_FACE ( 'NONE', ( #768, #3318, #1148, #1125, #2224, #438, #3345, #2245, #3383 ), #3030, .T. ) ;
#2158 = VECTOR ( 'NONE', #11, 1000.000000000000000 ) ;
#2159 = CARTESIAN_POINT ( 'NONE',  ( 14.25000000003228706, -4.000000000000000000, -6.000000000000000000 ) ) ;
#2160 = VECTOR ( 'NONE', #3498, 1000.000000000000000 ) ;
#2161 = FACE_OUTER_BOUND ( 'NONE', #440, .T. ) ;
#2162 = ORIENTED_EDGE ( 'NONE', *, *, #3894, .T. ) ;
#2163 = EDGE_LOOP ( 'NONE', ( #3721, #3822, #634, #3953 ) ) ;
#2164 = DIRECTION ( 'NONE',  ( 0.000000000000000000, 0.7071067811865474617, 0.7071067811865474617 ) ) ;
#2165 = FACE_OUTER_BOUND ( 'NONE', #1154, .T. ) ;
#2166 = FACE_BOUND ( 'NONE', #2002, .T. ) ;
#2167 = VERTEX_POINT ( 'NONE', #3666 ) ;
#2168 = VERTEX_POINT ( 'NONE', #2614 ) ;
#2169 = VECTOR ( 'NONE', #546, 1000.000000000000000 ) ;
#2170 = VECTOR ( 'NONE', #3688, 1000.000000000000000 ) ;
#2171 = CARTESIAN_POINT ( 'NONE',  ( 8.000000000000000000, -35.25000000000000000, 6.000000000000000000 ) ) ;
#2172 = EDGE_LOOP ( 'NONE', ( #910, #1896, #4464, #4323 ) ) ;
#2173 = DIRECTION ( 'NONE',  ( 0.000000000000000000, 0.000000000000000000, -1.000000000000000000 ) ) ;
#2174 = LINE ( 'NONE', #1815, #149 ) ;
#2175 = DIRECTION ( 'NONE',  ( 0.000000000000000000, -0.000000000000000000, 1.000000000000000000 ) ) ;
#2176 = PRESENTATION_LAYER_ASSIGNMENT (  '', '', ( #2790 ) ) ;
#2177 = DIRECTION ( 'NONE',  ( 0.000000000000000000, 1.000000000000000000, 0.000000000000000000 ) ) ;
#2178 = CARTESIAN_POINT ( 'NONE',  ( 6.650000000000000355, -31.25000000000000000, 3.899999999999999911 ) ) ;
#2179 = ORIENTED_EDGE ( 'NONE', *, *, #2975, .F. ) ;
#2180 = ORIENTED_EDGE ( 'NONE', *, *, #1504, .T. ) ;
#2181 = VECTOR ( 'NONE', #516, 1000.000000000000000 ) ;
#2182 = EDGE_CURVE ( 'NONE', #4315, #3988, #4042, .T. ) ;
#2183 = CARTESIAN_POINT ( 'NONE',  ( 14.25000000000000000, -29.35000000000000142, 3.899999999999999911 ) ) ;
#2184 = ADVANCED_FACE ( 'NONE', ( #4426 ), #3229, .F. ) ;
#2185 = CARTESIAN_POINT ( 'NONE',  ( 12.75000000000000178, -19.30000000000000071, -4.700000000000000178 ) ) ;
#2186 = ORIENTED_EDGE ( 'NONE', *, *, #538, .T. ) ;
#2187 = ORIENTED_EDGE ( 'NONE', *, *, #1868, .F. ) ;
#2188 = CARTESIAN_POINT ( 'NONE',  ( -14.24999999997544364, -28.00000000000000000, -6.000000000000000000 ) ) ;
#2189 = CARTESIAN_POINT ( 'NONE',  ( 12.25000000000000000, -35.25000000000000000, -11.50000000000000000 ) ) ;
#2190 = ORIENTED_EDGE ( 'NONE', *, *, #3777, .F. ) ;
#2191 = ORIENTED_EDGE ( 'NONE', *, *, #74, .T. ) ;
#2192 = VECTOR ( 'NONE', #2333, 1000.000000000000114 ) ;
#2193 = VECTOR ( 'NONE', #4651, 1000.000000000000000 ) ;
#2194 = CONICAL_SURFACE ( 'NONE', #3178, 1.249999999884949142, 0.7853981633974482790 ) ;
#2195 = LINE ( 'NONE', #390, #3629 ) ;
#2196 = ORIENTED_EDGE ( 'NONE', *, *, #291, .T. ) ;
#2197 = DIRECTION ( 'NONE',  ( 1.000000000000000000, 0.000000000000000000, 0.000000000000000000 ) ) ;
#2198 = VECTOR ( 'NONE', #1620, 1000.000000000000000 ) ;
#2199 = PLANE ( 'NONE',  #2659 ) ;
#2200 = CARTESIAN_POINT ( 'NONE',  ( -14.25000000000000000, -5.349999999999999645, -3.899999999999999911 ) ) ;
#2201 = VECTOR ( 'NONE', #1768, 1000.000000000000000 ) ;
#2202 = ORIENTED_EDGE ( 'NONE', *, *, #3747, .F. ) ;
#2203 = FACE_OUTER_BOUND ( 'NONE', #391, .T. ) ;
#2204 = CARTESIAN_POINT ( 'NONE',  ( 0.000000000000000000, 11.25000000000000000, 11.50000000000000000 ) ) ;
#2205 = ORIENTED_EDGE ( 'NONE', *, *, #3893, .F. ) ;
#2206 = VERTEX_POINT ( 'NONE', #1688 ) ;
#2207 = EDGE_CURVE ( 'NONE', #2927, #3482, #1957, .T. ) ;
#2208 = CARTESIAN_POINT ( 'NONE',  ( 14.25000000000000000, -33.25000000000000000, 11.50000000000000533 ) ) ;
#2209 = LINE ( 'NONE', #3300, #1178 ) ;
#2210 = EDGE_LOOP ( 'NONE', ( #757, #512, #4084, #2958 ) ) ;
#2211 = EDGE_CURVE ( 'NONE', #2337, #2476, #1174, .T. ) ;
#2212 = ORIENTED_EDGE ( 'NONE', *, *, #2131, .T. ) ;
#2213 = CARTESIAN_POINT ( 'NONE',  ( -7.650000000000000355, -35.25000000000000000, -3.899999999999999911 ) ) ;
#2214 = CARTESIAN_POINT ( 'NONE',  ( 0.000000000000000000, -19.30000000000000071, -10.80000000000000071 ) ) ;
#2215 = ORIENTED_EDGE ( 'NONE', *, *, #4036, .F. ) ;
#2216 = ORIENTED_EDGE ( 'NONE', *, *, #3892, .T. ) ;
#2217 = EDGE_CURVE ( 'NONE', #2882, #464, #160, .T. ) ;
#2218 = CIRCLE ( 'NONE', #2296, 1.250000000027284841 ) ;
#2219 = EDGE_CURVE ( 'NONE', #4100, #3677, #954, .T. ) ;
#2220 = CARTESIAN_POINT ( 'NONE',  ( -7.650000000000000355, -35.25000000000000000, 3.899999999999999911 ) ) ;
#2221 = ORIENTED_EDGE ( 'NONE', *, *, #890, .T. ) ;
#2222 = CARTESIAN_POINT ( 'NONE',  ( 14.04999999994061000, -28.00000000000000000, -6.000000000000000000 ) ) ;
#2223 = CYLINDRICAL_SURFACE ( 'NONE', #1810, 1.050000000000000488 ) ;
#2224 = FACE_BOUND ( 'NONE', #4443, .T. ) ;
#2225 = VERTEX_POINT ( 'NONE', #3782 ) ;
#2226 = CYLINDRICAL_SURFACE ( 'NONE', #3716, 1.050000000000000488 ) ;
#2227 = LINE ( 'NONE', #4024, #316 ) ;
#2228 = VERTEX_POINT ( 'NONE', #568 ) ;
#2229 = ORIENTED_EDGE ( 'NONE', *, *, #1420, .T. ) ;
#2230 = LINE ( 'NONE', #4339, #52 ) ;
#2231 = LINE ( 'NONE', #3330, #1865 ) ;
#2232 = ADVANCED_FACE ( 'NONE', ( #4153 ), #3803, .F. ) ;
#2233 = EDGE_LOOP ( 'NONE', ( #283, #2360, #2526, #3507 ) ) ;
#2234 = CIRCLE ( 'NONE', #1388, 1.049999999992450972 ) ;
#2235 = ORIENTED_EDGE ( 'NONE', *, *, #2665, .T. ) ;
#2236 = DIRECTION ( 'NONE',  ( -0.000000000000000000, 0.000000000000000000, -1.000000000000000000 ) ) ;
#2237 = LINE ( 'NONE', #473, #4129 ) ;
#2238 = EDGE_CURVE ( 'NONE', #3590, #3614, #1549, .T. ) ;
#2239 = VERTEX_POINT ( 'NONE', #3054 ) ;
#2240 = ORIENTED_EDGE ( 'NONE', *, *, #4387, .F. ) ;
#2241 = EDGE_CURVE ( 'NONE', #1161, #774, #4581, .T. ) ;
#2242 = CARTESIAN_POINT ( 'NONE',  ( -9.350000000000001421, -35.25000000000000000, -3.899999999999999911 ) ) ;
#2243 = ORIENTED_EDGE ( 'NONE', *, *, #4268, .F. ) ;
#2244 = DIRECTION ( 'NONE',  ( 1.000000000000000000, 0.000000000000000000, 0.000000000000000000 ) ) ;
#2245 = FACE_BOUND ( 'NONE', #1770, .T. ) ;
#2246 = EDGE_CURVE ( 'NONE', #2467, #2027, #4201, .T. ) ;
#2247 = VECTOR ( 'NONE', #1522, 1000.000000000000000 ) ;
#2248 = AXIS2_PLACEMENT_3D ( 'NONE', #3184, #994, #3965 ) ;
#2249 = ORIENTED_EDGE ( 'NONE', *, *, #1682, .F. ) ;
#2250 = CARTESIAN_POINT ( 'NONE',  ( -8.000000000000000000, -35.24999999993360689, -6.000000000000000000 ) ) ;
#2251 = FACE_OUTER_BOUND ( 'NONE', #1369, .T. ) ;
#2252 = AXIS2_PLACEMENT_3D ( 'NONE', #4033, #1461, #2625 ) ;
#2253 = VECTOR ( 'NONE', #3492, 1000.000000000000000 ) ;
#2254 = ADVANCED_FACE ( 'NONE', ( #2700 ), #4126, .T. ) ;
#2255 = EDGE_LOOP ( 'NONE', ( #2190, #3472, #382, #3277 ) ) ;
#2256 = DIRECTION ( 'NONE',  ( 1.000000000000000000, 0.000000000000000000, -0.000000000000000000 ) ) ;
#2257 = ORIENTED_EDGE ( 'NONE', *, *, #18, .F. ) ;
#2258 = VERTEX_POINT ( 'NONE', #2409 ) ;
#2259 = CARTESIAN_POINT ( 'NONE',  ( 14.25000000000000000, 9.250000000000000000, -10.80000000000000071 ) ) ;
#2260 =( LENGTH_UNIT ( ) NAMED_UNIT ( * ) SI_UNIT ( .MILLI., .METRE. ) );
#2261 = FACE_OUTER_BOUND ( 'NONE', #222, .T. ) ;
#2262 = ORIENTED_EDGE ( 'NONE', *, *, #4013, .T. ) ;
#2263 = ORIENTED_EDGE ( 'NONE', *, *, #1834, .F. ) ;
#2264 = PLANE ( 'NONE',  #3034 ) ;
#2265 = ORIENTED_EDGE ( 'NONE', *, *, #280, .F. ) ;
#2266 = CARTESIAN_POINT ( 'NONE',  ( 9.350000000000001421, -35.25000000000000000, 3.899999999999999911 ) ) ;
#2267 = CARTESIAN_POINT ( 'NONE',  ( 11.96005050634000533, -34.54999999999999716, 10.80000000000000071 ) ) ;
#2268 = DIRECTION ( 'NONE',  ( 1.000000000000000000, 0.000000000000000000, -0.000000000000000000 ) ) ;
#2269 = AXIS2_PLACEMENT_3D ( 'NONE', #241, #3465, #1995 ) ;
#2270 = VECTOR ( 'NONE', #4444, 1000.000000000000000 ) ;
#2271 = CONICAL_SURFACE ( 'NONE', #4612, 1.249999999885403446, 0.7853981633974482790 ) ;
#2272 = AXIS2_PLACEMENT_3D ( 'NONE', #3513, #266, #3168 ) ;
#2273 = ORIENTED_EDGE ( 'NONE', *, *, #3798, .T. ) ;
#2274 = CARTESIAN_POINT ( 'NONE',  ( 10.25000000000000000, -4.349999999999999645, 3.899999999999999911 ) ) ;
#2275 = DIRECTION ( 'NONE',  ( -0.7071067811865475727, -0.7071067811865475727, 0.000000000000000000 ) ) ;
#2276 = ORIENTED_EDGE ( 'NONE', *, *, #3795, .T. ) ;
#2277 = CONICAL_SURFACE ( 'NONE', #4238, 1.249999999884949142, 0.7853981633974482790 ) ;
#2278 = EDGE_CURVE ( 'NONE', #3858, #774, #1609, .T. ) ;
#2279 = EDGE_CURVE ( 'NONE', #1671, #2239, #1098, .T. ) ;
#2280 = ADVANCED_FACE ( 'NONE', ( #2049 ), #1705, .F. ) ;
#2281 = VECTOR ( 'NONE', #3452, 1000.000000000000000 ) ;
#2282 = EDGE_LOOP ( 'NONE', ( #2348, #54, #664, #4409 ) ) ;
#2283 = DIRECTION ( 'NONE',  ( 0.000000000000000000, 0.000000000000000000, -1.000000000000000000 ) ) ;
#2284 = ORIENTED_EDGE ( 'NONE', *, *, #2131, .F. ) ;
#2285 = FACE_OUTER_BOUND ( 'NONE', #2445, .T. ) ;
#2286 = DIRECTION ( 'NONE',  ( 0.000000000000000000, 0.000000000000000000, -1.000000000000000000 ) ) ;
#2287 = VERTEX_POINT ( 'NONE', #3494 ) ;
#2288 = ORIENTED_EDGE ( 'NONE', *, *, #931, .T. ) ;
#2289 = AXIS2_PLACEMENT_3D ( 'NONE', #3367, #796, #416 ) ;
#2290 = DIRECTION ( 'NONE',  ( -0.7071067811865474617, -0.7071067811865474617, 0.000000000000000000 ) ) ;
#2291 = ORIENTED_EDGE ( 'NONE', *, *, #4407, .F. ) ;
#2292 = DIRECTION ( 'NONE',  ( 1.000000000000000000, 0.000000000000000000, 0.000000000000000000 ) ) ;
#2293 = DIRECTION ( 'NONE',  ( -0.000000000000000000, -0.000000000000000000, -1.000000000000000000 ) ) ;
#2294 = DIRECTION ( 'NONE',  ( 0.000000000000000000, -1.000000000000000000, 0.000000000000000000 ) ) ;
#2295 = EDGE_CURVE ( 'NONE', #2228, #729, #868, .T. ) ;
#2296 = AXIS2_PLACEMENT_3D ( 'NONE', #4523, #4454, #558 ) ;
#2297 = EDGE_LOOP ( 'NONE', ( #3221, #2751, #1311, #4372 ) ) ;
#2298 = DIRECTION ( 'NONE',  ( 0.000000000000000000, -1.000000000000000000, 0.000000000000000000 ) ) ;
#2299 = LINE ( 'NONE', #127, #3570 ) ;
#2300 = ORIENTED_EDGE ( 'NONE', *, *, #4378, .T. ) ;
#2301 = EDGE_CURVE ( 'NONE', #76, #3831, #199, .T. ) ;
#2302 = ORIENTED_EDGE ( 'NONE', *, *, #1449, .F. ) ;
#2303 = CARTESIAN_POINT ( 'NONE',  ( -14.25000000000000000, -3.649999999999999911, 3.899999999999999911 ) ) ;
#2304 = EDGE_CURVE ( 'NONE', #1852, #3336, #4536, .T. ) ;
#2305 = ORIENTED_EDGE ( 'NONE', *, *, #497, .T. ) ;
#2306 = DIRECTION ( 'NONE',  ( 0.000000000000000000, 1.000000000000000000, 0.000000000000000000 ) ) ;
#2307 = LINE ( 'NONE', #3116, #4661 ) ;
#2308 = ORIENTED_EDGE ( 'NONE', *, *, #900, .F. ) ;
#2309 = DIRECTION ( 'NONE',  ( 0.000000000000000000, -0.000000000000000000, 1.000000000000000000 ) ) ;
#2310 = AXIS2_PLACEMENT_3D ( 'NONE', #4499, #3020, #1273 ) ;
#2311 = CARTESIAN_POINT ( 'NONE',  ( 14.04999999994061000, -4.000000000000000000, -4.950000000064392225 ) ) ;
#2312 = VERTEX_POINT ( 'NONE', #2025 ) ;
#2313 = CARTESIAN_POINT ( 'NONE',  ( -11.96005050634000177, 10.55000000000000071, -10.80000000000000071 ) ) ;
#2314 = DIRECTION ( 'NONE',  ( 0.000000000000000000, -1.000000000000000000, 0.000000000000000000 ) ) ;
#2315 = ORIENTED_EDGE ( 'NONE', *, *, #2395, .T. ) ;
#2316 = ORIENTED_EDGE ( 'NONE', *, *, #3777, .T. ) ;
#2317 = CARTESIAN_POINT ( 'NONE',  ( -12.75000000000000178, -8.900000000000000355, -10.80000000000000071 ) ) ;
#2318 = CARTESIAN_POINT ( 'NONE',  ( -8.349999999999999645, -35.25000000000000000, -3.899999999999999911 ) ) ;
#2319 = DIRECTION ( 'NONE',  ( 0.000000000000000000, 0.000000000000000000, -1.000000000000000000 ) ) ;
#2320 = ORIENTED_EDGE ( 'NONE', *, *, #2647, .F. ) ;
#2321 = AXIS2_PLACEMENT_3D ( 'NONE', #2802, #2441, #1423 ) ;
#2322 = EDGE_CURVE ( 'NONE', #4338, #765, #3470, .T. ) ;
#2323 = AXIS2_PLACEMENT_3D ( 'NONE', #780, #1853, #3303 ) ;
#2324 = AXIS2_PLACEMENT_3D ( 'NONE', #984, #276, #3854 ) ;
#2325 = CARTESIAN_POINT ( 'NONE',  ( -8.000000000000000000, 11.25000000000000000, 6.000000000000000000 ) ) ;
#2326 = VECTOR ( 'NONE', #1483, 1000.000000000000000 ) ;
#2327 = ORIENTED_EDGE ( 'NONE', *, *, #2872, .F. ) ;
#2328 = EDGE_CURVE ( 'NONE', #2727, #2855, #225, .T. ) ;
#2329 = EDGE_CURVE ( 'NONE', #3048, #777, #4277, .T. ) ;
#2330 = DIRECTION ( 'NONE',  ( 0.000000000000000000, 0.000000000000000000, -1.000000000000000000 ) ) ;
#2331 = DIRECTION ( 'NONE',  ( 1.000000000000000000, -0.000000000000000000, -0.000000000000000000 ) ) ;
#2332 = ORIENTED_EDGE ( 'NONE', *, *, #4206, .F. ) ;
#2333 = DIRECTION ( 'NONE',  ( -0.7071067811865474617, 0.7071067811865474617, 0.000000000000000000 ) ) ;
#2334 = EDGE_CURVE ( 'NONE', #1648, #419, #4646, .T. ) ;
#2335 = ADVANCED_FACE ( 'NONE', ( #321 ), #2071, .F. ) ;
#2336 = CARTESIAN_POINT ( 'NONE',  ( -8.000000000000000000, -35.24999999993360689, -4.750000000086403773 ) ) ;
#2337 = VERTEX_POINT ( 'NONE', #3540 ) ;
#2338 = LINE ( 'NONE', #855, #2400 ) ;
#2339 = CARTESIAN_POINT ( 'NONE',  ( 8.000000000000000000, -35.05000000006930350, -6.000000000000000000 ) ) ;
#2340 = CARTESIAN_POINT ( 'NONE',  ( -14.04999999994061000, -28.00000000000000000, 6.000000000000000000 ) ) ;
#2341 = EDGE_LOOP ( 'NONE', ( #2529, #2205, #4664, #2380 ) ) ;
#2342 = CONICAL_SURFACE ( 'NONE', #4222, 1.249999999884949142, 0.7853981633974482790 ) ;
#2343 = VERTEX_POINT ( 'NONE', #1395 ) ;
#2344 = CARTESIAN_POINT ( 'NONE',  ( -8.349999999999999645, -31.25000000000000000, 3.899999999999999911 ) ) ;
#2345 = FACE_OUTER_BOUND ( 'NONE', #3946, .T. ) ;
#2346 = CARTESIAN_POINT ( 'NONE',  ( -7.650000000000000355, -35.25000000000000000, 3.899999999999999911 ) ) ;
#2347 = VECTOR ( 'NONE', #45, 1000.000000000000000 ) ;
#2348 = ORIENTED_EDGE ( 'NONE', *, *, #2301, .T. ) ;
#2349 = VECTOR ( 'NONE', #2104, 1000.000000000000000 ) ;
#2350 = CARTESIAN_POINT ( 'NONE',  ( -14.25000000000000000, -27.64999999999999858, 3.899999999999999911 ) ) ;
#2351 = CARTESIAN_POINT ( 'NONE',  ( 14.25000000000000000, -27.64999999999999858, 3.899999999999999911 ) ) ;
#2352 = EDGE_CURVE ( 'NONE', #2397, #2673, #1761, .T. ) ;
#2353 = AXIS2_PLACEMENT_3D ( 'NONE', #1546, #2664, #125 ) ;
#2354 = DIRECTION ( 'NONE',  ( 0.000000000000000000, 0.000000000000000000, -1.000000000000000000 ) ) ;
#2355 = DIRECTION ( 'NONE',  ( 0.000000000000000000, 0.000000000000000000, 1.000000000000000000 ) ) ;
#2356 = ORIENTED_EDGE ( 'NONE', *, *, #1097, .T. ) ;
#2357 = CARTESIAN_POINT ( 'NONE',  ( -14.25000000000000000, -2.649999999999999911, 3.899999999999999911 ) ) ;
#2358 = EDGE_CURVE ( 'NONE', #477, #921, #3514, .T. ) ;
#2359 = DIRECTION ( 'NONE',  ( 1.000000000000000000, 0.000000000000000000, 0.000000000000000000 ) ) ;
#2360 = ORIENTED_EDGE ( 'NONE', *, *, #4141, .F. ) ;
#2361 = DIRECTION ( 'NONE',  ( 0.000000000000000000, 1.000000000000000000, 0.000000000000000000 ) ) ;
#2362 = CARTESIAN_POINT ( 'NONE',  ( 14.04999999994061000, -28.00000000000000000, -4.950000000064392225 ) ) ;
#2363 = CARTESIAN_POINT ( 'NONE',  ( 8.349999999999999645, -19.30000000000000071, -10.80000000000000071 ) ) ;
#2364 = CIRCLE ( 'NONE', #2135, 1.050000000000000488 ) ;
#2365 = ORIENTED_EDGE ( 'NONE', *, *, #871, .F. ) ;
#2366 = ADVANCED_FACE ( 'NONE', ( #667 ), #267, .F. ) ;
#2367 = VERTEX_POINT ( 'NONE', #1042 ) ;
#2368 = CARTESIAN_POINT ( 'NONE',  ( 14.25000000000000000, -26.64999999999999858, 3.899999999999999911 ) ) ;
#2369 = LINE ( 'NONE', #2415, #2376 ) ;
#2370 = VERTEX_POINT ( 'NONE', #1713 ) ;
#2371 = EDGE_CURVE ( 'NONE', #2155, #4015, #1326, .T. ) ;
#2372 = CYLINDRICAL_SURFACE ( 'NONE', #3035, 1.050000000000000488 ) ;
#2373 = CARTESIAN_POINT ( 'NONE',  ( 11.96005050633975131, 10.54999999999975024, -10.80000000000000071 ) ) ;
#2374 = CARTESIAN_POINT ( 'NONE',  ( 14.25000000000000000, -27.64999999999999858, -10.80000000000000071 ) ) ;
#2375 = LINE ( 'NONE', #3068, #1882 ) ;
#2376 = VECTOR ( 'NONE', #577, 1000.000000000000000 ) ;
#2377 = ORIENTED_EDGE ( 'NONE', *, *, #2217, .F. ) ;
#2378 = CARTESIAN_POINT ( 'NONE',  ( 0.000000000000000000, -31.25000000000000000, 3.900000000000000799 ) ) ;
#2379 = CARTESIAN_POINT ( 'NONE',  ( 12.24999999999999822, 11.25000000000000000, 11.50000000000000355 ) ) ;
#2380 = ORIENTED_EDGE ( 'NONE', *, *, #4582, .F. ) ;
#2381 = DIRECTION ( 'NONE',  ( 1.000000000000000000, 0.000000000000000000, 0.000000000000000000 ) ) ;
#2382 = DIRECTION ( 'NONE',  ( 0.000000000000000000, 0.000000000000000000, -1.000000000000000000 ) ) ;
#2383 = CARTESIAN_POINT ( 'NONE',  ( -14.24999999989040589, -4.000000000000000000, -6.000000000000000000 ) ) ;
#2384 = EDGE_LOOP ( 'NONE', ( #4480, #3742, #4647, #3827 ) ) ;
#2385 = AXIS2_PLACEMENT_3D ( 'NONE', #3557, #1033, #1340 ) ;
#2386 = EDGE_CURVE ( 'NONE', #1445, #2114, #620, .T. ) ;
#2387 = ORIENTED_EDGE ( 'NONE', *, *, #3717, .T. ) ;
#2388 = FACE_OUTER_BOUND ( 'NONE', #1645, .T. ) ;
#2389 = EDGE_CURVE ( 'NONE', #3055, #4095, #2846, .T. ) ;
#2390 = VECTOR ( 'NONE', #327, 1000.000000000000000 ) ;
#2391 = DIRECTION ( 'NONE',  ( -0.000000000000000000, 1.000000000000000000, 0.000000000000000000 ) ) ;
#2392 = EDGE_LOOP ( 'NONE', ( #410, #2926, #4603, #3700 ) ) ;
#2393 = LINE ( 'NONE', #939, #1576 ) ;
#2394 = ADVANCED_FACE ( 'NONE', ( #3566, #4304, #3169, #979, #2166, #4625, #364, #1372, #2437 ), #4602, .T. ) ;
#2395 = EDGE_CURVE ( 'NONE', #715, #2598, #2889, .T. ) ;
#2396 = PLANE ( 'NONE',  #1726 ) ;
#2397 = VERTEX_POINT ( 'NONE', #4253 ) ;
#2398 = CARTESIAN_POINT ( 'NONE',  ( 12.25000000000000000, 11.25000000000000000, -11.50000000000000000 ) ) ;
#2399 = AXIS2_PLACEMENT_3D ( 'NONE', #2151, #349, #3620 ) ;
#2400 = VECTOR ( 'NONE', #3123, 1000.000000000000000 ) ;
#2401 = CARTESIAN_POINT ( 'NONE',  ( 0.000000000000000000, -31.25000000000000000, -3.899999999999999911 ) ) ;
#2402 = DIRECTION ( 'NONE',  ( 0.000000000000000000, 0.000000000000000000, -1.000000000000000000 ) ) ;
#2403 = VERTEX_POINT ( 'NONE', #2532 ) ;
#2404 = DIRECTION ( 'NONE',  ( 0.000000000000000000, -1.000000000000000000, 0.000000000000000000 ) ) ;
#2405 = VECTOR ( 'NONE', #3211, 1000.000000000000000 ) ;
#2406 = CARTESIAN_POINT ( 'NONE',  ( -8.000000000000000000, -31.25000000000000000, -7.050000000000000711 ) ) ;
#2407 = VERTEX_POINT ( 'NONE', #3970 ) ;
#2408 = FACE_OUTER_BOUND ( 'NONE', #2905, .T. ) ;
#2409 = CARTESIAN_POINT ( 'NONE',  ( 8.000000000000000000, -35.24999999999090505, 4.750000000029556801 ) ) ;
#2410 = ORIENTED_EDGE ( 'NONE', *, *, #4299, .F. ) ;
#2411 = ADVANCED_FACE ( 'NONE', ( #1348 ), #1784, .F. ) ;
#2412 = ORIENTED_EDGE ( 'NONE', *, *, #2066, .F. ) ;
#2413 = LINE ( 'NONE', #1286, #2281 ) ;
#2414 = CARTESIAN_POINT ( 'NONE',  ( -13.55000000000000071, -32.96005050634000355, 10.80000000000000071 ) ) ;
#2415 = CARTESIAN_POINT ( 'NONE',  ( -10.25000000000000000, 0.000000000000000000, 3.900000000000000799 ) ) ;
#2416 = AXIS2_PLACEMENT_3D ( 'NONE', #2433, #3920, #4223 ) ;
#2417 = ORIENTED_EDGE ( 'NONE', *, *, #1449, .T. ) ;
#2418 = DIRECTION ( 'NONE',  ( 0.000000000000000000, 0.000000000000000000, -1.000000000000000000 ) ) ;
#2419 = ORIENTED_EDGE ( 'NONE', *, *, #1504, .F. ) ;
#2420 = LINE ( 'NONE', #2082, #1220 ) ;
#2421 = ADVANCED_FACE ( 'NONE', ( #1001 ), #2460, .T. ) ;
#2422 = VECTOR ( 'NONE', #154, 1000.000000000000000 ) ;
#2423 = VECTOR ( 'NONE', #3802, 1000.000000000000000 ) ;
#2424 = EDGE_CURVE ( 'NONE', #3811, #128, #1533, .T. ) ;
#2425 = EDGE_CURVE ( 'NONE', #4297, #143, #356, .T. ) ;
#2426 = VECTOR ( 'NONE', #3791, 1000.000000000000000 ) ;
#2427 =( GEOMETRIC_REPRESENTATION_CONTEXT ( 3 ) GLOBAL_UNCERTAINTY_ASSIGNED_CONTEXT ( ( #3643 ) ) GLOBAL_UNIT_ASSIGNED_CONTEXT ( ( #2260, #4416, #1556 ) ) REPRESENTATION_CONTEXT ( 'NONE', 'WORKASPACE' ) );
#2428 = LINE ( 'NONE', #3161, #339 ) ;
#2429 = DIRECTION ( 'NONE',  ( 0.000000000000000000, 0.000000000000000000, -1.000000000000000000 ) ) ;
#2430 = VERTEX_POINT ( 'NONE', #2605 ) ;
#2431 = FACE_OUTER_BOUND ( 'NONE', #3633, .T. ) ;
#2432 = AXIS2_PLACEMENT_3D ( 'NONE', #770, #2947, #1867 ) ;
#2433 = CARTESIAN_POINT ( 'NONE',  ( -11.96005050634000177, -34.54999999999999716, 10.80000000000000071 ) ) ;
#2434 = ORIENTED_EDGE ( 'NONE', *, *, #529, .F. ) ;
#2435 = CARTESIAN_POINT ( 'NONE',  ( -14.25000000000000000, 9.250000000000000000, -11.50000000000000000 ) ) ;
#2436 = DIRECTION ( 'NONE',  ( 0.000000000000000000, -0.000000000000000000, -1.000000000000000000 ) ) ;
#2437 = FACE_OUTER_BOUND ( 'NONE', #3649, .T. ) ;
#2438 = ORIENTED_EDGE ( 'NONE', *, *, #1611, .F. ) ;
#2439 = LINE ( 'NONE', #3238, #466 ) ;
#2440 = ORIENTED_EDGE ( 'NONE', *, *, #1133, .T. ) ;
#2441 = DIRECTION ( 'NONE',  ( -0.000000000000000000, 1.000000000000000000, -0.000000000000000000 ) ) ;
#2442 = DIRECTION ( 'NONE',  ( 1.000000000000000000, 0.000000000000000000, -0.000000000000000000 ) ) ;
#2443 = DIRECTION ( 'NONE',  ( -1.000000000000000000, 0.000000000000000000, 0.000000000000000000 ) ) ;
#2444 = EDGE_CURVE ( 'NONE', #1333, #2927, #71, .T. ) ;
#2445 = EDGE_LOOP ( 'NONE', ( #1241, #4067, #2987, #4439 ) ) ;
#2446 = CARTESIAN_POINT ( 'NONE',  ( 0.000000000000000000, -8.900000000000000355, -10.80000000000000071 ) ) ;
#2447 = ADVANCED_FACE ( 'NONE', ( #4417 ), #3358, .F. ) ;
#2448 = ORIENTED_EDGE ( 'NONE', *, *, #2444, .F. ) ;
#2449 = DIRECTION ( 'NONE',  ( 1.000000000000000000, 0.000000000000000000, 0.000000000000000000 ) ) ;
#2450 = VECTOR ( 'NONE', #3180, 1000.000000000000000 ) ;
#2451 = EDGE_CURVE ( 'NONE', #4520, #82, #3706, .T. ) ;
#2452 = CARTESIAN_POINT ( 'NONE',  ( 9.350000000000001421, -31.25000000000000000, -3.899999999999999911 ) ) ;
#2453 = DIRECTION ( 'NONE',  ( -1.000000000000000000, 0.000000000000000000, 0.000000000000000000 ) ) ;
#2454 = ORIENTED_EDGE ( 'NONE', *, *, #675, .F. ) ;
#2455 = DIRECTION ( 'NONE',  ( 0.000000000000000000, -0.000000000000000000, -1.000000000000000000 ) ) ;
#2456 = VERTEX_POINT ( 'NONE', #2581 ) ;
#2457 = LINE ( 'NONE', #1370, #3685 ) ;
#2458 = CARTESIAN_POINT ( 'NONE',  ( 14.25000000000000178, -33.25000000000000000, -11.50000000000000000 ) ) ;
#2459 = ADVANCED_FACE ( 'NONE', ( #1160 ), #116, .T. ) ;
#2460 = PLANE ( 'NONE',  #4366 ) ;
#2461 = EDGE_LOOP ( 'NONE', ( #1417, #1064, #3601, #14 ) ) ;
#2462 = DIRECTION ( 'NONE',  ( -0.000000000000000000, -1.000000000000000000, -0.000000000000000000 ) ) ;
#2463 = EDGE_LOOP ( 'NONE', ( #2417, #4316, #1170, #8 ) ) ;
#2464 = CARTESIAN_POINT ( 'NONE',  ( 14.25000000000000000, -29.35000000000000142, -3.899999999999999911 ) ) ;
#2465 = DIRECTION ( 'NONE',  ( 0.7071067811865474617, 8.659560562354932858E-17, 0.7071067811865474617 ) ) ;
#2466 = CYLINDRICAL_SURFACE ( 'NONE', #1786, 1.050000000000000488 ) ;
#2467 = VERTEX_POINT ( 'NONE', #4053 ) ;
#2468 = VECTOR ( 'NONE', #2838, 1000.000000000000000 ) ;
#2469 = DIRECTION ( 'NONE',  ( -1.000000000000000000, 0.000000000000000000, -0.000000000000000000 ) ) ;
#2470 = DIRECTION ( 'NONE',  ( 0.000000000000000000, 1.000000000000000000, 0.000000000000000000 ) ) ;
#2471 = EDGE_LOOP ( 'NONE', ( #569, #700, #1262, #3255 ) ) ;
#2472 = CARTESIAN_POINT ( 'NONE',  ( -14.04999999994061000, -28.00000000000000000, -6.000000000000000000 ) ) ;
#2473 = EDGE_CURVE ( 'NONE', #44, #4301, #1946, .T. ) ;
#2474 = DIRECTION ( 'NONE',  ( -0.000000000000000000, 1.000000000000000000, 0.000000000000000000 ) ) ;
#2475 = CARTESIAN_POINT ( 'NONE',  ( -10.25000000000000000, -28.35000000000000497, 3.899999999999999911 ) ) ;
#2476 = VERTEX_POINT ( 'NONE', #4014 ) ;
#2477 = CARTESIAN_POINT ( 'NONE',  ( 8.000000000000000000, -35.25000000007594281, 6.000000000000000000 ) ) ;
#2478 = EDGE_CURVE ( 'NONE', #76, #1031, #2934, .T. ) ;
#2479 = VECTOR ( 'NONE', #2507, 1000.000000000000114 ) ;
#2480 = ADVANCED_FACE ( 'NONE', ( #782 ), #1141, .F. ) ;
#2481 = CARTESIAN_POINT ( 'NONE',  ( 9.350000000000001421, -35.25000000000000000, -3.899999999999999911 ) ) ;
#2482 = ORIENTED_EDGE ( 'NONE', *, *, #2490, .T. ) ;
#2483 = DIRECTION ( 'NONE',  ( -1.000000000000000000, 0.000000000000000000, 0.000000000000000000 ) ) ;
#2484 = AXIS2_PLACEMENT_3D ( 'NONE', #429, #1878, #2956 ) ;
#2485 = CARTESIAN_POINT ( 'NONE',  ( 14.25000000000000000, -28.00000000000000000, 6.000000000000000000 ) ) ;
#2486 = VECTOR ( 'NONE', #4233, 1000.000000000000000 ) ;
#2487 = CARTESIAN_POINT ( 'NONE',  ( -14.25000000000000000, -26.64999999999999858, -3.899999999999999911 ) ) ;
#2488 = ORIENTED_EDGE ( 'NONE', *, *, #4180, .T. ) ;
#2489 = EDGE_CURVE ( 'NONE', #690, #1111, #1856, .T. ) ;
#2490 = EDGE_CURVE ( 'NONE', #2922, #521, #2957, .T. ) ;
#2491 = DIRECTION ( 'NONE',  ( 1.000000000000000000, 0.000000000000000000, 0.000000000000000000 ) ) ;
#2492 = EDGE_LOOP ( 'NONE', ( #360, #4255 ) ) ;
#2493 = PLANE ( 'NONE',  #4312 ) ;
#2494 = LINE ( 'NONE', #674, #3820 ) ;
#2495 = CARTESIAN_POINT ( 'NONE',  ( -14.25000000000000000, -29.35000000000000142, -3.899999999999999911 ) ) ;
#2496 = EDGE_LOOP ( 'NONE', ( #3768, #3615, #1907, #2974 ) ) ;
#2497 = DIRECTION ( 'NONE',  ( 0.7071067811865474617, -0.7071067811865474617, -0.000000000000000000 ) ) ;
#2498 = VECTOR ( 'NONE', #853, 1000.000000000000000 ) ;
#2499 = CARTESIAN_POINT ( 'NONE',  ( -13.55000000000000249, -32.96005050634000355, -10.80000000000000071 ) ) ;
#2500 = VECTOR ( 'NONE', #2121, 1000.000000000000000 ) ;
#2501 = CARTESIAN_POINT ( 'NONE',  ( -8.000000000000000000, 7.250000000000000000, 6.000000000000000000 ) ) ;
#2502 = EDGE_LOOP ( 'NONE', ( #2774, #4176, #3188, #4000 ) ) ;
#2503 = DIRECTION ( 'NONE',  ( 1.000000000000000000, 0.000000000000000000, 0.000000000000000000 ) ) ;
#2504 = AXIS2_PLACEMENT_3D ( 'NONE', #1144, #1187, #1836 ) ;
#2505 = AXIS2_PLACEMENT_3D ( 'NONE', #1760, #1041, #3923 ) ;
#2506 = ORIENTED_EDGE ( 'NONE', *, *, #4292, .F. ) ;
#2507 = DIRECTION ( 'NONE',  ( 0.7071067811865474617, 8.659560562354932858E-17, 0.7071067811865474617 ) ) ;
#2508 = DIRECTION ( 'NONE',  ( 0.000000000000000000, 0.000000000000000000, -1.000000000000000000 ) ) ;
#2509 = CARTESIAN_POINT ( 'NONE',  ( 10.25000000000000000, 0.000000000000000000, 3.900000000000000799 ) ) ;
#2510 = EDGE_CURVE ( 'NONE', #2824, #4471, #2237, .T. ) ;
#2511 = ORIENTED_EDGE ( 'NONE', *, *, #963, .T. ) ;
#2512 = CONICAL_SURFACE ( 'NONE', #2272, 1.249999999885403446, 0.7853981633974482790 ) ;
#2513 = DIRECTION ( 'NONE',  ( 0.000000000000000000, -0.000000000000000000, 1.000000000000000000 ) ) ;
#2514 = EDGE_LOOP ( 'NONE', ( #2777, #101, #2916, #1122 ) ) ;
#2515 = CARTESIAN_POINT ( 'NONE',  ( -9.350000000000001421, -35.25000000000000000, -10.80000000000000071 ) ) ;
#2516 = DIRECTION ( 'NONE',  ( 0.000000000000000000, 0.000000000000000000, -1.000000000000000000 ) ) ;
#2517 = DIRECTION ( 'NONE',  ( 1.000000000000000000, 0.000000000000000000, -0.000000000000000000 ) ) ;
#2518 = ADVANCED_FACE ( 'NONE', ( #2261 ), #451, .F. ) ;
#2519 = FACE_OUTER_BOUND ( 'NONE', #1996, .T. ) ;
#2520 = DIRECTION ( 'NONE',  ( -1.000000000000000000, -0.000000000000000000, -0.000000000000000000 ) ) ;
#2521 = ORIENTED_EDGE ( 'NONE', *, *, #332, .F. ) ;
#2522 = VERTEX_POINT ( 'NONE', #3992 ) ;
#2523 = CONICAL_SURFACE ( 'NONE', #2289, 1.249999999884949142, 0.7853981633974482790 ) ;
#2524 = DIRECTION ( 'NONE',  ( -1.000000000000000000, 0.000000000000000000, -0.000000000000000000 ) ) ;
#2525 = DIRECTION ( 'NONE',  ( 0.000000000000000000, -0.000000000000000000, -1.000000000000000000 ) ) ;
#2526 = ORIENTED_EDGE ( 'NONE', *, *, #1772, .T. ) ;
#2527 = VECTOR ( 'NONE', #3901, 1000.000000000000000 ) ;
#2528 = PLANE ( 'NONE',  #3621 ) ;
#2529 = ORIENTED_EDGE ( 'NONE', *, *, #2246, .T. ) ;
#2530 = CARTESIAN_POINT ( 'NONE',  ( 8.000000000000000000, 11.24999999990450306, 7.249999999884948920 ) ) ;
#2531 = FACE_OUTER_BOUND ( 'NONE', #3826, .T. ) ;
#2532 = CARTESIAN_POINT ( 'NONE',  ( 6.650000000000000355, -31.25000000000000000, -3.899999999999999911 ) ) ;
#2533 = ORIENTED_EDGE ( 'NONE', *, *, #579, .T. ) ;
#2534 = DIRECTION ( 'NONE',  ( -0.7071067811865474617, 8.659560562354932858E-17, -0.7071067811865474617 ) ) ;
#2535 = ORIENTED_EDGE ( 'NONE', *, *, #4435, .F. ) ;
#2536 = CARTESIAN_POINT ( 'NONE',  ( 10.25000000000000000, -28.00000000000000000, -6.000000000000000000 ) ) ;
#2537 = CARTESIAN_POINT ( 'NONE',  ( 14.25000000000000000, -2.649999999999999911, 3.899999999999999911 ) ) ;
#2538 = CARTESIAN_POINT ( 'NONE',  ( 10.25000000000000000, -4.000000000000000000, -7.050000000000000711 ) ) ;
#2539 = EDGE_CURVE ( 'NONE', #521, #4515, #732, .T. ) ;
#2540 = ADVANCED_FACE ( 'NONE', ( #3635 ), #385, .T. ) ;
#2541 = DIRECTION ( 'NONE',  ( 0.000000000000000000, 0.000000000000000000, -1.000000000000000000 ) ) ;
#2542 = DIRECTION ( 'NONE',  ( 0.000000000000000000, 0.000000000000000000, 1.000000000000000000 ) ) ;
#2543 = VERTEX_POINT ( 'NONE', #1879 ) ;
#2544 = VERTEX_POINT ( 'NONE', #3335 ) ;
#2545 = VECTOR ( 'NONE', #238, 1000.000000000000000 ) ;
#2546 = EDGE_CURVE ( 'NONE', #2953, #4476, #1514, .T. ) ;
#2547 = ADVANCED_FACE ( 'NONE', ( #132 ), #3391, .F. ) ;
#2548 = DIRECTION ( 'NONE',  ( -0.000000000000000000, 0.000000000000000000, -1.000000000000000000 ) ) ;
#2549 = CARTESIAN_POINT ( 'NONE',  ( 14.25000000000000000, 9.250000000000001776, -11.50000000000000000 ) ) ;
#2550 = VERTEX_POINT ( 'NONE', #3441 ) ;
#2551 = ORIENTED_EDGE ( 'NONE', *, *, #843, .T. ) ;
#2552 = CARTESIAN_POINT ( 'NONE',  ( -8.349999999999999645, -35.25000000000000000, 3.899999999999999911 ) ) ;
#2553 = CARTESIAN_POINT ( 'NONE',  ( -14.25000000000000000, -5.349999999999998757, -3.899999999999999911 ) ) ;
#2554 = DIRECTION ( 'NONE',  ( 0.000000000000000000, 0.000000000000000000, -1.000000000000000000 ) ) ;
#2555 = ORIENTED_EDGE ( 'NONE', *, *, #243, .F. ) ;
#2556 = ORIENTED_EDGE ( 'NONE', *, *, #2490, .F. ) ;
#2557 = AXIS2_PLACEMENT_3D ( 'NONE', #1068, #4227, #3258 ) ;
#2558 = AXIS2_PLACEMENT_3D ( 'NONE', #4505, #3801, #1980 ) ;
#2559 = CARTESIAN_POINT ( 'NONE',  ( 8.000000000000000000, 11.24999999990450306, 6.000000000000000000 ) ) ;
#2560 = VERTEX_POINT ( 'NONE', #3419 ) ;
#2561 = CARTESIAN_POINT ( 'NONE',  ( -14.25000000000000000, -2.649999999999999911, -3.899999999999999911 ) ) ;
#2562 = CARTESIAN_POINT ( 'NONE',  ( 14.25000000000000178, 9.250000000000000000, 11.50000000000000355 ) ) ;
#2563 = CARTESIAN_POINT ( 'NONE',  ( 14.25000000000000000, -26.64999999999999858, -3.899999999999999911 ) ) ;
#2564 = AXIS2_PLACEMENT_3D ( 'NONE', #12, #753, #2256 ) ;
#2565 = EDGE_CURVE ( 'NONE', #3200, #3583, #1582, .T. ) ;
#2566 = ORIENTED_EDGE ( 'NONE', *, *, #3090, .F. ) ;
#2567 = DIRECTION ( 'NONE',  ( 0.000000000000000000, -1.000000000000000000, 0.000000000000000000 ) ) ;
#2568 = PLANE ( 'NONE',  #2111 ) ;
#2569 = ORIENTED_EDGE ( 'NONE', *, *, #755, .T. ) ;
#2570 = ORIENTED_EDGE ( 'NONE', *, *, #908, .F. ) ;
#2571 = EDGE_CURVE ( 'NONE', #3579, #729, #1602, .T. ) ;
#2572 = EDGE_CURVE ( 'NONE', #2022, #2997, #2375, .T. ) ;
#2573 = CARTESIAN_POINT ( 'NONE',  ( -8.000000000000000000, -35.05000000006930350, -6.000000000000000000 ) ) ;
#2574 = CARTESIAN_POINT ( 'NONE',  ( -13.55000000000000071, -32.96005050634000355, -10.80000000000000071 ) ) ;
#2575 = EDGE_CURVE ( 'NONE', #4315, #2783, #3463, .T. ) ;
#2576 = ORIENTED_EDGE ( 'NONE', *, *, #3438, .F. ) ;
#2577 = ORIENTED_EDGE ( 'NONE', *, *, #4361, .F. ) ;
#2578 = DIRECTION ( 'NONE',  ( 1.000000000000000000, 0.000000000000000000, -0.000000000000000000 ) ) ;
#2579 = DIRECTION ( 'NONE',  ( 1.000000000000000000, 0.000000000000000000, 0.000000000000000000 ) ) ;
#2580 = CIRCLE ( 'NONE', #1731, 1.049999999935153250 ) ;
#2581 = CARTESIAN_POINT ( 'NONE',  ( -10.25000000000000000, -3.649999999999999911, 3.900000000000000355 ) ) ;
#2582 = ORIENTED_EDGE ( 'NONE', *, *, #702, .F. ) ;
#2583 = DIRECTION ( 'NONE',  ( 8.659560563585529986E-17, -0.7071067810860616198, 0.7071067812870334146 ) ) ;
#2584 = VECTOR ( 'NONE', #1415, 1000.000000000000000 ) ;
#2585 = VECTOR ( 'NONE', #3026, 1000.000000000000114 ) ;
#2586 = FACE_OUTER_BOUND ( 'NONE', #2172, .T. ) ;
#2587 = VERTEX_POINT ( 'NONE', #2765 ) ;
#2588 = CARTESIAN_POINT ( 'NONE',  ( 14.24999999989040589, -28.00000000000000000, 6.000000000000000000 ) ) ;
#2589 = VECTOR ( 'NONE', #4285, 1000.000000000000000 ) ;
#2590 = CARTESIAN_POINT ( 'NONE',  ( 6.650000000000000355, -31.25000000000000000, 3.899999999999999911 ) ) ;
#2591 = PRODUCT_DEFINITION_FORMATION_WITH_SPECIFIED_SOURCE ( 'ÂØ', '', #2921, .NOT_KNOWN. ) ;
#2592 = DIRECTION ( 'NONE',  ( 0.000000000000000000, -0.000000000000000000, -1.000000000000000000 ) ) ;
#2593 = ORIENTED_EDGE ( 'NONE', *, *, #3630, .F. ) ;
#2594 = DIRECTION ( 'NONE',  ( 0.000000000000000000, 0.000000000000000000, -1.000000000000000000 ) ) ;
#2595 = ADVANCED_FACE ( 'NONE', ( #4500 ), #3794, .F. ) ;
#2596 = FACE_OUTER_BOUND ( 'NONE', #1803, .T. ) ;
#2597 = ORIENTED_EDGE ( 'NONE', *, *, #234, .F. ) ;
#2598 = VERTEX_POINT ( 'NONE', #1557 ) ;
#2599 = PLANE ( 'NONE',  #3071 ) ;
#2600 = FACE_OUTER_BOUND ( 'NONE', #318, .T. ) ;
#2601 = ORIENTED_EDGE ( 'NONE', *, *, #1904, .F. ) ;
#2602 = EDGE_CURVE ( 'NONE', #2855, #3677, #2307, .T. ) ;
#2603 = ORIENTED_EDGE ( 'NONE', *, *, #1923, .T. ) ;
#2604 = CARTESIAN_POINT ( 'NONE',  ( -11.96005050633987565, 10.54999999999987459, 11.50000000000000000 ) ) ;
#2605 = CARTESIAN_POINT ( 'NONE',  ( 10.25000000000000000, -29.35000000000000142, 3.899999999999999911 ) ) ;
#2606 = ORIENTED_EDGE ( 'NONE', *, *, #3202, .T. ) ;
#2607 = ORIENTED_EDGE ( 'NONE', *, *, #4173, .F. ) ;
#2608 = ADVANCED_FACE ( 'NONE', ( #3393 ), #1992, .T. ) ;
#2609 = EDGE_CURVE ( 'NONE', #1454, #1176, #897, .T. ) ;
#2610 = DIRECTION ( 'NONE',  ( -0.7071067811865474617, 0.000000000000000000, 0.7071067811865474617 ) ) ;
#2611 = ORIENTED_EDGE ( 'NONE', *, *, #1826, .F. ) ;
#2612 = CARTESIAN_POINT ( 'NONE',  ( 14.25000000000000000, -4.349999999999999645, -3.899999999999999911 ) ) ;
#2613 = CARTESIAN_POINT ( 'NONE',  ( 14.25000000000000000, -4.000000000000000000, 6.000000000000000000 ) ) ;
#2614 = CARTESIAN_POINT ( 'NONE',  ( -12.25000000000000000, 11.25000000000000000, 11.50000000000000355 ) ) ;
#2615 = EDGE_LOOP ( 'NONE', ( #3368, #1434, #737, #4228 ) ) ;
#2616 = LINE ( 'NONE', #2971, #4466 ) ;
#2617 = DIRECTION ( 'NONE',  ( 0.000000000000000000, -0.000000000000000000, 1.000000000000000000 ) ) ;
#2618 = AXIS2_PLACEMENT_3D ( 'NONE', #165, #1288, #553 ) ;
#2619 = ORIENTED_EDGE ( 'NONE', *, *, #2371, .F. ) ;
#2620 = DIRECTION ( 'NONE',  ( -0.000000000000000000, 1.000000000000000000, 0.000000000000000000 ) ) ;
#2621 = ORIENTED_EDGE ( 'NONE', *, *, #2424, .F. ) ;
#2622 = AXIS2_PLACEMENT_3D ( 'NONE', #4078, #827, #2354 ) ;
#2623 = ORIENTED_EDGE ( 'NONE', *, *, #1854, .T. ) ;
#2624 = LINE ( 'NONE', #3703, #425 ) ;
#2625 = DIRECTION ( 'NONE',  ( 0.000000000000000000, 0.000000000000000000, 1.000000000000000000 ) ) ;
#2626 = EDGE_LOOP ( 'NONE', ( #2180, #2670, #176, #3585 ) ) ;
#2627 = CARTESIAN_POINT ( 'NONE',  ( -10.25000000000000000, 0.000000000000000000, -10.80000000000000071 ) ) ;
#2628 = EDGE_CURVE ( 'NONE', #1227, #819, #1029, .T. ) ;
#2629 = DIRECTION ( 'NONE',  ( -0.7071067811865474617, 0.000000000000000000, 0.7071067811865474617 ) ) ;
#2630 = EDGE_LOOP ( 'NONE', ( #1515, #3500, #2138, #1922 ) ) ;
#2631 = CARTESIAN_POINT ( 'NONE',  ( 14.25000000000000000, 9.250000000000000000, -11.50000000000000000 ) ) ;
#2632 = PLANE ( 'NONE',  #4457 ) ;
#2633 = DIRECTION ( 'NONE',  ( 0.000000000000000000, -1.000000000000000000, 0.000000000000000000 ) ) ;
#2634 = EDGE_CURVE ( 'NONE', #1500, #1236, #1633, .T. ) ;
#2635 = AXIS2_PLACEMENT_3D ( 'NONE', #142, #1213, #2592 ) ;
#2636 = CIRCLE ( 'NONE', #2321, 1.249999999970441422 ) ;
#2637 = ORIENTED_EDGE ( 'NONE', *, *, #1112, .F. ) ;
#2638 = DIRECTION ( 'NONE',  ( 0.000000000000000000, 0.000000000000000000, -1.000000000000000000 ) ) ;
#2639 = DIRECTION ( 'NONE',  ( -0.000000000000000000, -1.000000000000000000, 0.000000000000000000 ) ) ;
#2640 = AXIS2_PLACEMENT_3D ( 'NONE', #1905, #15, #1531 ) ;
#2641 = ORIENTED_EDGE ( 'NONE', *, *, #2565, .F. ) ;
#2642 = AXIS2_PLACEMENT_3D ( 'NONE', #1274, #588, #2742 ) ;
#2643 = DIRECTION ( 'NONE',  ( -1.000000000000000000, -0.000000000000000000, -0.000000000000000000 ) ) ;
#2644 = EDGE_LOOP ( 'NONE', ( #4137, #2601, #1069, #1429 ) ) ;
#2645 = CARTESIAN_POINT ( 'NONE',  ( -8.000000000000000000, -35.05000000006930350, 6.000000000000000000 ) ) ;
#2646 = AXIS2_PLACEMENT_3D ( 'NONE', #1301, #4503, #1634 ) ;
#2647 = EDGE_CURVE ( 'NONE', #2805, #2114, #151, .T. ) ;
#2648 = FACE_OUTER_BOUND ( 'NONE', #1877, .T. ) ;
#2649 = CARTESIAN_POINT ( 'NONE',  ( -14.04999999994061000, -4.000000000000000000, -6.000000000000000000 ) ) ;
#2650 = ORIENTED_EDGE ( 'NONE', *, *, #56, .T. ) ;
#2651 = FACE_OUTER_BOUND ( 'NONE', #274, .T. ) ;
#2652 = CARTESIAN_POINT ( 'NONE',  ( -14.24999999989040589, -28.00000000000000000, 7.249999999884948920 ) ) ;
#2653 = VERTEX_POINT ( 'NONE', #4192 ) ;
#2654 = PLANE ( 'NONE',  #4507 ) ;
#2655 = ADVANCED_FACE ( 'NONE', ( #4551 ), #1297, .T. ) ;
#2656 = DIRECTION ( 'NONE',  ( 1.000000000000000000, 0.000000000000000000, -0.000000000000000000 ) ) ;
#2657 = DIRECTION ( 'NONE',  ( 0.000000000000000000, -0.000000000000000000, -1.000000000000000000 ) ) ;
#2658 = AXIS2_PLACEMENT_3D ( 'NONE', #2627, #1908, #4055 ) ;
#2659 = AXIS2_PLACEMENT_3D ( 'NONE', #2537, #1718, #3975 ) ;
#2660 = VECTOR ( 'NONE', #2534, 1000.000000000000114 ) ;
#2661 = ADVANCED_FACE ( 'NONE', ( #944 ), #3751, .T. ) ;
#2662 = AXIS2_PLACEMENT_3D ( 'NONE', #607, #1673, #4546 ) ;
#2663 = ORIENTED_EDGE ( 'NONE', *, *, #2978, .T. ) ;
#2664 = DIRECTION ( 'NONE',  ( 1.000000000000000000, -0.000000000000000000, -0.000000000000000000 ) ) ;
#2665 = EDGE_CURVE ( 'NONE', #1852, #2370, #3842, .T. ) ;
#2666 = DIRECTION ( 'NONE',  ( -0.7071067811865474617, -0.7071067811865474617, 0.000000000000000000 ) ) ;
#2667 = EDGE_LOOP ( 'NONE', ( #2551, #4026, #1667, #3142 ) ) ;
#2668 = AXIS2_PLACEMENT_3D ( 'NONE', #2250, #1171, #2594 ) ;
#2669 = LINE ( 'NONE', #3415, #844 ) ;
#2670 = ORIENTED_EDGE ( 'NONE', *, *, #890, .F. ) ;
#2671 = LINE ( 'NONE', #3417, #3977 ) ;
#2672 = DIRECTION ( 'NONE',  ( 1.000000000000000000, 0.000000000000000000, 0.000000000000000000 ) ) ;
#2673 = VERTEX_POINT ( 'NONE', #491 ) ;
#2674 = DIRECTION ( 'NONE',  ( 0.000000000000000000, 1.000000000000000000, 0.000000000000000000 ) ) ;
#2675 = FACE_OUTER_BOUND ( 'NONE', #3416, .T. ) ;
#2676 = ORIENTED_EDGE ( 'NONE', *, *, #2546, .F. ) ;
#2677 = FACE_OUTER_BOUND ( 'NONE', #1292, .T. ) ;
#2678 = LINE ( 'NONE', #4200, #2423 ) ;
#2679 = CARTESIAN_POINT ( 'NONE',  ( 10.25000000000000000, 0.000000000000000000, -3.899999999999999911 ) ) ;
#2680 = VERTEX_POINT ( 'NONE', #1949 ) ;
#2681 = CONICAL_SURFACE ( 'NONE', #244, 1.250000000055933702, 0.7853981635395568262 ) ;
#2682 = VERTEX_POINT ( 'NONE', #1973 ) ;
#2683 = LINE ( 'NONE', #3473, #1506 ) ;
#2684 = DIRECTION ( 'NONE',  ( 0.7071067811865474617, 8.659560562354932858E-17, 0.7071067811865474617 ) ) ;
#2685 = DIRECTION ( 'NONE',  ( 1.000000000000000000, 0.000000000000000000, 0.000000000000000000 ) ) ;
#2686 = ORIENTED_EDGE ( 'NONE', *, *, #3352, .T. ) ;
#2687 = EDGE_CURVE ( 'NONE', #3069, #1454, #3237, .T. ) ;
#2688 = EDGE_CURVE ( 'NONE', #921, #1173, #3942, .T. ) ;
#2689 = CARTESIAN_POINT ( 'NONE',  ( -14.25000000000000000, 9.250000000000000000, 11.50000000000000533 ) ) ;
#2690 = EDGE_LOOP ( 'NONE', ( #1185, #3057, #2229, #504 ) ) ;
#2691 = ADVANCED_FACE ( 'NONE', ( #4218 ), #1728, .T. ) ;
#2692 = DIRECTION ( 'NONE',  ( -0.000000000000000000, 1.000000000000000000, 0.000000000000000000 ) ) ;
#2693 = DIRECTION ( 'NONE',  ( 0.000000000000000000, 1.000000000000000000, 0.000000000000000000 ) ) ;
#2694 = EDGE_LOOP ( 'NONE', ( #982, #3460, #3097, #118 ) ) ;
#2695 = DIRECTION ( 'NONE',  ( 0.000000000000000000, -0.000000000000000000, -1.000000000000000000 ) ) ;
#2696 = AXIS2_PLACEMENT_3D ( 'NONE', #4662, #3983, #3248 ) ;
#2697 = ORIENTED_EDGE ( 'NONE', *, *, #1156, .T. ) ;
#2698 = FACE_OUTER_BOUND ( 'NONE', #20, .T. ) ;
#2699 = CARTESIAN_POINT ( 'NONE',  ( 10.25000000000000000, 0.000000000000000000, -10.80000000000000071 ) ) ;
#2700 = FACE_OUTER_BOUND ( 'NONE', #3212, .T. ) ;
#2701 = ORIENTED_EDGE ( 'NONE', *, *, #2060, .T. ) ;
#2702 = ORIENTED_EDGE ( 'NONE', *, *, #214, .F. ) ;
#2703 = LINE ( 'NONE', #911, #4163 ) ;
#2704 = DIRECTION ( 'NONE',  ( -0.000000000000000000, 0.000000000000000000, -1.000000000000000000 ) ) ;
#2705 = CARTESIAN_POINT ( 'NONE',  ( 9.350000000000001421, -35.25000000000000000, -10.80000000000000071 ) ) ;
#2706 = ADVANCED_FACE ( 'NONE', ( #1389 ), #1480, .F. ) ;
#2707 = ORIENTED_EDGE ( 'NONE', *, *, #3632, .T. ) ;
#2708 = VECTOR ( 'NONE', #123, 1000.000000000000000 ) ;
#2709 = AXIS2_PLACEMENT_3D ( 'NONE', #3424, #1231, #4122 ) ;
#2710 = DIRECTION ( 'NONE',  ( -1.000000000000000000, -0.000000000000000000, -0.000000000000000000 ) ) ;
#2711 = VECTOR ( 'NONE', #4437, 1000.000000000000000 ) ;
#2712 = VECTOR ( 'NONE', #3067, 1000.000000000000114 ) ;
#2713 = VECTOR ( 'NONE', #3410, 1000.000000000000000 ) ;
#2714 = LINE ( 'NONE', #892, #4335 ) ;
#2715 = VECTOR ( 'NONE', #1060, 1000.000000000000000 ) ;
#2716 = ADVANCED_FACE ( 'NONE', ( #3917 ), #4638, .F. ) ;
#2717 = CARTESIAN_POINT ( 'NONE',  ( 14.25000000000000000, -5.349999999999999645, -3.899999999999999911 ) ) ;
#2718 = EDGE_CURVE ( 'NONE', #1409, #2682, #3867, .T. ) ;
#2719 = CARTESIAN_POINT ( 'NONE',  ( -14.25000000000000000, -2.649999999999999911, -3.899999999999999911 ) ) ;
#2720 = ORIENTED_EDGE ( 'NONE', *, *, #2334, .T. ) ;
#2721 = LINE ( 'NONE', #4146, #2422 ) ;
#2722 = CARTESIAN_POINT ( 'NONE',  ( -13.55000000000000071, 8.960050506339003462, 10.80000000000000071 ) ) ;
#2723 = ORIENTED_EDGE ( 'NONE', *, *, #3549, .T. ) ;
#2724 = DIRECTION ( 'NONE',  ( -1.000000000000000000, 0.000000000000000000, 0.000000000000000000 ) ) ;
#2725 = LINE ( 'NONE', #3053, #219 ) ;
#2726 = CARTESIAN_POINT ( 'NONE',  ( 8.000000000000000000, -35.24999999999045031, -6.000000000000000000 ) ) ;
#2727 = VERTEX_POINT ( 'NONE', #1776 ) ;
#2728 = VECTOR ( 'NONE', #1748, 1000.000000000000000 ) ;
#2729 = ORIENTED_EDGE ( 'NONE', *, *, #1221, .F. ) ;
#2730 = CARTESIAN_POINT ( 'NONE',  ( -8.349999999999999645, -8.900000000000000355, -4.700000000000000178 ) ) ;
#2731 = CARTESIAN_POINT ( 'NONE',  ( -14.25000000000000000, -5.349999999999999645, -3.899999999999999911 ) ) ;
#2732 = AXIS2_PLACEMENT_3D ( 'NONE', #2559, #1092, #1910 ) ;
#2733 = ORIENTED_EDGE ( 'NONE', *, *, #3114, .F. ) ;
#2734 = VECTOR ( 'NONE', #315, 1000.000000000000000 ) ;
#2735 = VECTOR ( 'NONE', #2293, 1000.000000000000000 ) ;
#2736 = CARTESIAN_POINT ( 'NONE',  ( 9.350000000000001421, -35.25000000000000000, 3.899999999999999911 ) ) ;
#2737 = AXIS2_PLACEMENT_3D ( 'NONE', #781, #1855, #1487 ) ;
#2738 = DIRECTION ( 'NONE',  ( 0.000000000000000000, 0.000000000000000000, -1.000000000000000000 ) ) ;
#2740 = ADVANCED_FACE ( 'NONE', ( #3226 ), #67, .F. ) ;
#2739 = CIRCLE ( 'NONE', #1282, 1.249999999913598003 ) ;
#2741 = PLANE ( 'NONE',  #2310 ) ;
#2742 = DIRECTION ( 'NONE',  ( 0.000000000000000000, 0.000000000000000000, 1.000000000000000000 ) ) ;
#2743 = ORIENTED_EDGE ( 'NONE', *, *, #1184, .F. ) ;
#2744 = PLANE ( 'NONE',  #1650 ) ;
#2745 = DIRECTION ( 'NONE',  ( 0.000000000000000000, 0.000000000000000000, -1.000000000000000000 ) ) ;
#2746 = EDGE_LOOP ( 'NONE', ( #2235, #1846, #4544, #1128 ) ) ;
#2747 = DIRECTION ( 'NONE',  ( 1.000000000000000000, -0.000000000000000000, -0.000000000000000000 ) ) ;
#2748 = CARTESIAN_POINT ( 'NONE',  ( 13.55000000000000071, 8.960050506339001686, -11.50000000000000000 ) ) ;
#2749 = CARTESIAN_POINT ( 'NONE',  ( 14.04999999994061000, -4.000000000000000000, -6.000000000000000000 ) ) ;
#2750 = CIRCLE ( 'NONE', #4168, 1.050000000000000488 ) ;
#2751 = ORIENTED_EDGE ( 'NONE', *, *, #3486, .T. ) ;
#2752 = EDGE_CURVE ( 'NONE', #471, #4575, #4663, .T. ) ;
#2753 = EDGE_CURVE ( 'NONE', #2727, #4100, #1365, .T. ) ;
#2754 = EDGE_LOOP ( 'NONE', ( #3838, #3371, #4088, #711 ) ) ;
#2755 = PLANE ( 'NONE',  #1817 ) ;
#2756 = DIRECTION ( 'NONE',  ( 0.000000000000000000, 1.000000000000000000, -0.000000000000000000 ) ) ;
#2757 = LINE ( 'NONE', #205, #2779 ) ;
#2758 = CIRCLE ( 'NONE', #3577, 1.049999999935607553 ) ;
#2759 = VERTEX_POINT ( 'NONE', #1408 ) ;
#2760 = DIRECTION ( 'NONE',  ( -0.000000000000000000, 0.000000000000000000, 1.000000000000000000 ) ) ;
#2761 = CARTESIAN_POINT ( 'NONE',  ( -10.25000000000000000, -28.00000000000000000, 4.949999999999999289 ) ) ;
#2762 = ORIENTED_EDGE ( 'NONE', *, *, #1074, .T. ) ;
#2763 = PLANE ( 'NONE',  #3654 ) ;
#2764 = CARTESIAN_POINT ( 'NONE',  ( 6.650000000000000355, -35.25000000000000000, 3.899999999999999911 ) ) ;
#2765 = CARTESIAN_POINT ( 'NONE',  ( 8.000000000000000000, 11.24999999998999556, 4.750000000029558578 ) ) ;
#2766 = ADVANCED_FACE ( 'NONE', ( #2085 ), #285, .T. ) ;
#2767 = ORIENTED_EDGE ( 'NONE', *, *, #332, .T. ) ;
#2768 = CARTESIAN_POINT ( 'NONE',  ( 0.000000000000000000, -34.54999999999999716, -11.50000000000000000 ) ) ;
#2769 = FACE_OUTER_BOUND ( 'NONE', #1516, .T. ) ;
#2770 = ORIENTED_EDGE ( 'NONE', *, *, #1960, .T. ) ;
#2771 = CARTESIAN_POINT ( 'NONE',  ( 12.25000000000000000, 11.25000000000000000, -11.50000000000000000 ) ) ;
#2772 = CARTESIAN_POINT ( 'NONE',  ( 14.25000000003228706, -28.00000000000000000, -4.749999999972715159 ) ) ;
#2773 = DIRECTION ( 'NONE',  ( 0.000000000000000000, 0.000000000000000000, -1.000000000000000000 ) ) ;
#2774 = ORIENTED_EDGE ( 'NONE', *, *, #1974, .T. ) ;
#2775 = AXIS2_PLACEMENT_3D ( 'NONE', #212, #1182, #1924 ) ;
#2776 = ADVANCED_FACE ( 'NONE', ( #3558 ), #1679, .T. ) ;
#2777 = ORIENTED_EDGE ( 'NONE', *, *, #728, .T. ) ;
#2778 = CARTESIAN_POINT ( 'NONE',  ( -14.25000000000000000, -4.349999999999999645, 3.899999999999999911 ) ) ;
#2779 = VECTOR ( 'NONE', #2804, 1000.000000000000000 ) ;
#2780 = DIRECTION ( 'NONE',  ( -0.000000000000000000, -1.000000000000000000, -0.000000000000000000 ) ) ;
#2781 = ADVANCED_FACE ( 'NONE', ( #4246 ), #4269, .F. ) ;
#2782 = EDGE_CURVE ( 'NONE', #3869, #200, #2040, .T. ) ;
#2783 = VERTEX_POINT ( 'NONE', #3487 ) ;
#2784 = CARTESIAN_POINT ( 'NONE',  ( 13.55000000000000071, 8.960050506339001686, -10.80000000000000071 ) ) ;
#2785 = EDGE_CURVE ( 'NONE', #3156, #3297, #877, .T. ) ;
#2786 = EDGE_LOOP ( 'NONE', ( #2123, #929, #4127, #2896 ) ) ;
#2787 = DIRECTION ( 'NONE',  ( 0.000000000000000000, -0.000000000000000000, -1.000000000000000000 ) ) ;
#2788 = AXIS2_PLACEMENT_3D ( 'NONE', #1168, #1981, #4560 ) ;
#2789 = VECTOR ( 'NONE', #4019, 1000.000000000000000 ) ;
#2790 = STYLED_ITEM ( 'NONE', ( #4049 ), #2871 ) ;
#2791 = CARTESIAN_POINT ( 'NONE',  ( 14.25000000000000000, -2.649999999999999467, -3.899999999999999911 ) ) ;
#2792 = CARTESIAN_POINT ( 'NONE',  ( -10.25000000000000000, -28.00000000000000000, 6.000000000000000000 ) ) ;
#2793 = ORIENTED_EDGE ( 'NONE', *, *, #4554, .F. ) ;
#2794 = CARTESIAN_POINT ( 'NONE',  ( 8.000000000000000000, 11.24999999998999556, 6.000000000000000000 ) ) ;
#2795 = PLANE ( 'NONE',  #2416 ) ;
#2796 = ORIENTED_EDGE ( 'NONE', *, *, #2304, .T. ) ;
#2797 = DIRECTION ( 'NONE',  ( -1.000000000000000000, -0.000000000000000000, 0.000000000000000000 ) ) ;
#2798 = CARTESIAN_POINT ( 'NONE',  ( -14.25000000000000000, -26.64999999999999858, 3.899999999999999911 ) ) ;
#2799 = CARTESIAN_POINT ( 'NONE',  ( 11.96005050634000177, -34.54999999999999716, 10.80000000000000071 ) ) ;
#2800 = ORIENTED_EDGE ( 'NONE', *, *, #2211, .F. ) ;
#2801 = VERTEX_POINT ( 'NONE', #4619 ) ;
#2802 = CARTESIAN_POINT ( 'NONE',  ( 8.000000000000000000, -35.24999999999090505, 6.000000000000000000 ) ) ;
#2803 = DIRECTION ( 'NONE',  ( 0.000000000000000000, 0.000000000000000000, -1.000000000000000000 ) ) ;
#2804 = DIRECTION ( 'NONE',  ( -0.000000000000000000, 1.000000000000000000, 0.000000000000000000 ) ) ;
#2805 = VERTEX_POINT ( 'NONE', #1317 ) ;
#2806 = EDGE_CURVE ( 'NONE', #3660, #3694, #3532, .T. ) ;
#2807 = EDGE_CURVE ( 'NONE', #192, #46, #612, .T. ) ;
#2808 = DIRECTION ( 'NONE',  ( -0.7071067811865475727, -0.7071067811865475727, 0.000000000000000000 ) ) ;
#2809 = ORIENTED_EDGE ( 'NONE', *, *, #4276, .F. ) ;
#2810 = DIRECTION ( 'NONE',  ( 0.000000000000000000, -0.000000000000000000, 1.000000000000000000 ) ) ;
#2811 = AXIS2_PLACEMENT_3D ( 'NONE', #3049, #3118, #216 ) ;
#2812 = EDGE_CURVE ( 'NONE', #4051, #1724, #64, .T. ) ;
#2813 = AXIS2_PLACEMENT_3D ( 'NONE', #996, #2115, #2455 ) ;
#2814 = DIRECTION ( 'NONE',  ( -1.000000000000000000, 0.000000000000000000, 0.000000000000000000 ) ) ;
#2815 = CARTESIAN_POINT ( 'NONE',  ( 0.000000000000000000, -19.30000000000000071, -10.80000000000000071 ) ) ;
#2816 = ORIENTED_EDGE ( 'NONE', *, *, #2066, .T. ) ;
#2817 = DIRECTION ( 'NONE',  ( -1.000000000000000000, -0.000000000000000000, -0.000000000000000000 ) ) ;
#2818 = AXIS2_PLACEMENT_3D ( 'NONE', #4450, #1570, #144 ) ;
#2819 = CARTESIAN_POINT ( 'NONE',  ( -14.24999999989040589, -28.00000000000000000, -7.249999999885403668 ) ) ;
#2820 = EDGE_LOOP ( 'NONE', ( #4254, #3515, #2535, #1511 ) ) ;
#2821 = LINE ( 'NONE', #3538, #4288 ) ;
#2822 = DIRECTION ( 'NONE',  ( 0.000000000000000000, 0.000000000000000000, -1.000000000000000000 ) ) ;
#2823 = DIRECTION ( 'NONE',  ( -0.000000000000000000, -1.000000000000000000, -0.000000000000000000 ) ) ;
#2824 = VERTEX_POINT ( 'NONE', #1901 ) ;
#2825 = DIRECTION ( 'NONE',  ( -0.000000000000000000, 1.000000000000000000, 0.000000000000000000 ) ) ;
#2826 = ORIENTED_EDGE ( 'NONE', *, *, #155, .T. ) ;
#2827 = CARTESIAN_POINT ( 'NONE',  ( 10.25000000000000000, -4.000000000000000000, 4.949999999999999289 ) ) ;
#2828 = DIRECTION ( 'NONE',  ( 1.000000000000000000, -0.000000000000000000, -0.000000000000000000 ) ) ;
#2829 = CARTESIAN_POINT ( 'NONE',  ( -14.24999999997589839, -4.000000000000000000, 7.249999999970441422 ) ) ;
#2830 = ORIENTED_EDGE ( 'NONE', *, *, #1899, .T. ) ;
#2831 = EDGE_CURVE ( 'NONE', #4388, #594, #725, .T. ) ;
#2832 = ADVANCED_BREP_SHAPE_REPRESENTATION ( 'DC11_B01_CASE_M_DUMMY', ( #2871, #1653 ), #2427 ) ;
#2833 = LINE ( 'NONE', #4262, #523 ) ;
#2834 = ORIENTED_EDGE ( 'NONE', *, *, #4413, .F. ) ;
#2835 = LINE ( 'NONE', #4290, #691 ) ;
#2836 = EDGE_CURVE ( 'NONE', #1405, #2430, #1084, .T. ) ;
#2837 = CIRCLE ( 'NONE', #4097, 1.249999999970441422 ) ;
#2838 = DIRECTION ( 'NONE',  ( 8.659560563585529986E-17, -0.7071067810860616198, 0.7071067812870334146 ) ) ;
#2839 = CARTESIAN_POINT ( 'NONE',  ( 11.96005050634000177, -34.54999999999999716, 10.80000000000000071 ) ) ;
#2840 = EDGE_CURVE ( 'NONE', #1031, #1473, #2209, .T. ) ;
#2841 = EDGE_LOOP ( 'NONE', ( #1165, #1465, #1919, #3131 ) ) ;
#2842 = LINE ( 'NONE', #4248, #893 ) ;
#2843 = ORIENTED_EDGE ( 'NONE', *, *, #3728, .F. ) ;
#2844 = CYLINDRICAL_SURFACE ( 'NONE', #3758, 1.050000000000000488 ) ;
#2845 = DIRECTION ( 'NONE',  ( 0.000000000000000000, -1.000000000000000000, 0.000000000000000000 ) ) ;
#2846 = LINE ( 'NONE', #2509, #1180 ) ;
#2847 = ORIENTED_EDGE ( 'NONE', *, *, #4639, .F. ) ;
#2848 = CARTESIAN_POINT ( 'NONE',  ( -14.24999999997589839, -28.00000000000000000, 4.750000000029558578 ) ) ;
#2849 = LINE ( 'NONE', #2515, #646 ) ;
#2850 = CARTESIAN_POINT ( 'NONE',  ( -8.000000000000000000, -31.25000000000000000, 6.000000000000000000 ) ) ;
#2851 = FACE_OUTER_BOUND ( 'NONE', #2963, .T. ) ;
#2852 = VECTOR ( 'NONE', #1972, 1000.000000000000000 ) ;
#2853 = FACE_OUTER_BOUND ( 'NONE', #2626, .T. ) ;
#2854 = DIRECTION ( 'NONE',  ( 0.000000000000000000, 0.000000000000000000, -1.000000000000000000 ) ) ;
#2855 = VERTEX_POINT ( 'NONE', #2185 ) ;
#2856 = CARTESIAN_POINT ( 'NONE',  ( 11.96005050634000177, 10.55000000000000071, 10.80000000000000071 ) ) ;
#2857 = FACE_OUTER_BOUND ( 'NONE', #4009, .T. ) ;
#2858 = DIRECTION ( 'NONE',  ( 0.000000000000000000, 0.000000000000000000, 1.000000000000000000 ) ) ;
#2859 = ORIENTED_EDGE ( 'NONE', *, *, #498, .T. ) ;
#2860 = CARTESIAN_POINT ( 'NONE',  ( 10.25000000000000000, -28.00000000000000000, 6.000000000000000000 ) ) ;
#2861 = AXIS2_PLACEMENT_3D ( 'NONE', #4256, #716, #299 ) ;
#2862 = AXIS2_PLACEMENT_3D ( 'NONE', #1824, #704, #727 ) ;
#2863 = ADVANCED_FACE ( 'NONE', ( #2161 ), #1800, .T. ) ;
#2864 = CARTESIAN_POINT ( 'NONE',  ( -13.55000000000025118, 8.960050506339250376, -10.80000000000000071 ) ) ;
#2865 = EDGE_LOOP ( 'NONE', ( #269, #1762 ) ) ;
#2866 = LINE ( 'NONE', #665, #2253 ) ;
#2867 = VECTOR ( 'NONE', #1488, 1000.000000000000000 ) ;
#2868 = DIRECTION ( 'NONE',  ( -1.000000000000000000, -0.000000000000000000, -0.000000000000000000 ) ) ;
#2869 = CARTESIAN_POINT ( 'NONE',  ( -13.55000000000000071, 0.000000000000000000, -11.50000000000000000 ) ) ;
#2870 = ORIENTED_EDGE ( 'NONE', *, *, #3749, .F. ) ;
#2871 = MANIFOLD_SOLID_BREP ( ' ‰»Î1', #218 ) ;
#2872 = EDGE_CURVE ( 'NONE', #4106, #128, #448, .T. ) ;
#2873 = EDGE_LOOP ( 'NONE', ( #4418, #4341, #4261, #549 ) ) ;
#2874 = CARTESIAN_POINT ( 'NONE',  ( -10.25000000000000000, -29.35000000000000142, -3.899999999999999911 ) ) ;
#2875 = DIRECTION ( 'NONE',  ( 0.000000000000000000, 0.000000000000000000, -1.000000000000000000 ) ) ;
#2876 = CARTESIAN_POINT ( 'NONE',  ( -10.25000000000000000, -28.00000000000000000, 6.000000000000000000 ) ) ;
#2877 = EDGE_LOOP ( 'NONE', ( #1234, #2593, #3325, #2265 ) ) ;
#2878 = ORIENTED_EDGE ( 'NONE', *, *, #1873, .T. ) ;
#2879 = CARTESIAN_POINT ( 'NONE',  ( -11.96005050634000177, -34.54999999999999716, -10.80000000000000071 ) ) ;
#2880 = VECTOR ( 'NONE', #3447, 1000.000000000000000 ) ;
#2881 = DIRECTION ( 'NONE',  ( 0.000000000000000000, -0.000000000000000000, 1.000000000000000000 ) ) ;
#2882 = VERTEX_POINT ( 'NONE', #3353 ) ;
#2883 = LINE ( 'NONE', #3186, #3338 ) ;
#2884 = VECTOR ( 'NONE', #3361, 1000.000000000000000 ) ;
#2885 = EDGE_CURVE ( 'NONE', #3192, #690, #423, .T. ) ;
#2886 = VERTEX_POINT ( 'NONE', #2549 ) ;
#2887 = LINE ( 'NONE', #290, #1706 ) ;
#2888 = LINE ( 'NONE', #292, #2584 ) ;
#2889 = LINE ( 'NONE', #3949, #3837 ) ;
#2890 = ADVANCED_FACE ( 'NONE', ( #2600 ), #800, .F. ) ;
#2891 = VECTOR ( 'NONE', #347, 1000.000000000000000 ) ;
#2892 = VERTEX_POINT ( 'NONE', #3275 ) ;
#2893 = ADVANCED_FACE ( 'NONE', ( #3652 ), #36, .F. ) ;
#2894 = AXIS2_PLACEMENT_3D ( 'NONE', #1399, #4282, #1004 ) ;
#2895 = FACE_OUTER_BOUND ( 'NONE', #2502, .T. ) ;
#2896 = ORIENTED_EDGE ( 'NONE', *, *, #53, .F. ) ;
#2897 = CARTESIAN_POINT ( 'NONE',  ( -7.650000000000000355, -35.25000000000000000, -3.899999999999999911 ) ) ;
#2898 = DIRECTION ( 'NONE',  ( 0.000000000000000000, 1.000000000000000000, 0.000000000000000000 ) ) ;
#2899 = FACE_OUTER_BOUND ( 'NONE', #108, .T. ) ;
#2900 = ADVANCED_FACE ( 'NONE', ( #2995 ), #1875, .T. ) ;
#2901 = EDGE_CURVE ( 'NONE', #3185, #396, #2231, .T. ) ;
#2902 = CARTESIAN_POINT ( 'NONE',  ( 8.000000000000000000, -35.05000000006930350, 7.049999999991996447 ) ) ;
#2903 = CARTESIAN_POINT ( 'NONE',  ( 13.54999999999999893, -32.96005050634000355, -11.50000000000000000 ) ) ;
#2904 = ORIENTED_EDGE ( 'NONE', *, *, #3327, .F. ) ;
#2905 = EDGE_LOOP ( 'NONE', ( #146, #2454, #3697, #4349 ) ) ;
#2906 = DIRECTION ( 'NONE',  ( 0.000000000000000000, -1.000000000000000000, 0.000000000000000000 ) ) ;
#2907 = ORIENTED_EDGE ( 'NONE', *, *, #1926, .F. ) ;
#2908 = VERTEX_POINT ( 'NONE', #469 ) ;
#2909 = LINE ( 'NONE', #4343, #279 ) ;
#2910 = EDGE_CURVE ( 'NONE', #3398, #3727, #129, .T. ) ;
#2911 = DIRECTION ( 'NONE',  ( 0.000000000000000000, -1.000000000000000000, 0.000000000000000000 ) ) ;
#2912 = CARTESIAN_POINT ( 'NONE',  ( 12.25000000000000000, -35.25000000000000000, -10.80000000000000071 ) ) ;
#2913 = ORIENTED_EDGE ( 'NONE', *, *, #2279, .F. ) ;
#2914 = ORIENTED_EDGE ( 'NONE', *, *, #2954, .F. ) ;
#2915 = DIRECTION ( 'NONE',  ( -0.000000000000000000, 0.000000000000000000, 1.000000000000000000 ) ) ;
#2916 = ORIENTED_EDGE ( 'NONE', *, *, #848, .T. ) ;
#2917 = CARTESIAN_POINT ( 'NONE',  ( -10.25000000000000000, -4.349999999999999645, 3.899999999999999911 ) ) ;
#2918 = ADVANCED_FACE ( 'NONE', ( #3044 ), #3770, .F. ) ;
#2919 = CARTESIAN_POINT ( 'NONE',  ( -8.000000000000000000, -35.05000000006930350, 7.049999999991996447 ) ) ;
#2920 = DIRECTION ( 'NONE',  ( 0.000000000000000000, -0.000000000000000000, -1.000000000000000000 ) ) ;
#2921 = PRODUCT ( 'DC11_B01_CASE_M_DUMMY', 'DC11_B01_CASE_M_DUMMY', '', ( #1532 ) ) ;
#2922 = VERTEX_POINT ( 'NONE', #1921 ) ;
#2923 = PLANE ( 'NONE',  #3859 ) ;
#2924 = EDGE_CURVE ( 'NONE', #4250, #325, #4094, .T. ) ;
#2925 = CARTESIAN_POINT ( 'NONE',  ( -8.349999999999999645, -31.25000000000000000, 3.899999999999999911 ) ) ;
#2926 = ORIENTED_EDGE ( 'NONE', *, *, #1715, .F. ) ;
#2927 = VERTEX_POINT ( 'NONE', #4475 ) ;
#2928 = AXIS2_PLACEMENT_3D ( 'NONE', #3046, #559, #895 ) ;
#2929 = DIRECTION ( 'NONE',  ( 0.000000000000000000, -0.000000000000000000, -1.000000000000000000 ) ) ;
#2930 =( NAMED_UNIT ( * ) SI_UNIT ( $, .STERADIAN. ) SOLID_ANGLE_UNIT ( ) );
#2931 = ORIENTED_EDGE ( 'NONE', *, *, #2831, .T. ) ;
#2932 = ORIENTED_EDGE ( 'NONE', *, *, #2945, .T. ) ;
#2933 = LINE ( 'NONE', #4394, #4059 ) ;
#2934 = LINE ( 'NONE', #4370, #3311 ) ;
#2935 = ORIENTED_EDGE ( 'NONE', *, *, #2044, .F. ) ;
#2936 = CARTESIAN_POINT ( 'NONE',  ( 8.000000000000000000, -35.25000000007594281, 7.250000000055479177 ) ) ;
#2937 = AXIS2_PLACEMENT_3D ( 'NONE', #1260, #1999, #3448 ) ;
#2938 = AXIS2_PLACEMENT_3D ( 'NONE', #1258, #2724, #522 ) ;
#2939 = VECTOR ( 'NONE', #319, 1000.000000000000000 ) ;
#2940 = CARTESIAN_POINT ( 'NONE',  ( -14.24999999989040589, -28.00000000000000000, -4.750000000114596332 ) ) ;
#2941 = ORIENTED_EDGE ( 'NONE', *, *, #2885, .F. ) ;
#2942 = CYLINDRICAL_SURFACE ( 'NONE', #3309, 1.050000000000000488 ) ;
#2943 = LINE ( 'NONE', #4020, #821 ) ;
#2944 = LINE ( 'NONE', #3291, #2247 ) ;
#2945 = EDGE_CURVE ( 'NONE', #2407, #3733, #1551, .T. ) ;
#2946 = VERTEX_POINT ( 'NONE', #536 ) ;
#2947 = DIRECTION ( 'NONE',  ( -1.000000000000000000, 0.000000000000000000, 0.000000000000000000 ) ) ;
#2948 = ORIENTED_EDGE ( 'NONE', *, *, #307, .T. ) ;
#2949 = ORIENTED_EDGE ( 'NONE', *, *, #1242, .T. ) ;
#2950 = EDGE_CURVE ( 'NONE', #2456, #980, #511, .T. ) ;
#2951 = DIRECTION ( 'NONE',  ( -0.000000000000000000, -0.000000000000000000, -1.000000000000000000 ) ) ;
#2952 = DIRECTION ( 'NONE',  ( -0.000000000000000000, 0.000000000000000000, -1.000000000000000000 ) ) ;
#2953 = VERTEX_POINT ( 'NONE', #4548 ) ;
#2954 = EDGE_CURVE ( 'NONE', #2239, #1671, #4174, .T. ) ;
#2955 = ORIENTED_EDGE ( 'NONE', *, *, #3667, .T. ) ;
#2956 = DIRECTION ( 'NONE',  ( 1.000000000000000000, 0.000000000000000000, -0.000000000000000000 ) ) ;
#2957 = LINE ( 'NONE', #2912, #1709 ) ;
#2958 = ORIENTED_EDGE ( 'NONE', *, *, #2945, .F. ) ;
#2959 = ORIENTED_EDGE ( 'NONE', *, *, #56, .F. ) ;
#2960 = AXIS2_PLACEMENT_3D ( 'NONE', #2477, #971, #614 ) ;
#2961 = VECTOR ( 'NONE', #3824, 1000.000000000000000 ) ;
#2962 = LINE ( 'NONE', #2940, #4236 ) ;
#2963 = EDGE_LOOP ( 'NONE', ( #34, #1512, #563, #2240 ) ) ;
#2964 = LINE ( 'NONE', #4424, #2170 ) ;
#2965 = VECTOR ( 'NONE', #2710, 1000.000000000000000 ) ;
#2966 = PLANE ( 'NONE',  #2037 ) ;
#2967 = AXIS2_PLACEMENT_3D ( 'NONE', #4601, #1347, #2822 ) ;
#2968 = CARTESIAN_POINT ( 'NONE',  ( 14.25000000000000000, -4.000000000000000000, 6.000000000000000000 ) ) ;
#2969 = CIRCLE ( 'NONE', #3561, 1.049999999991996669 ) ;
#2970 = ORIENTED_EDGE ( 'NONE', *, *, #3602, .F. ) ;
#2971 = CARTESIAN_POINT ( 'NONE',  ( -12.75000000000000178, -8.900000000000000355, -4.700000000000000178 ) ) ;
#2972 = DIRECTION ( 'NONE',  ( -0.7071067811865475727, 0.7071067811865475727, 0.000000000000000000 ) ) ;
#2973 = EDGE_CURVE ( 'NONE', #2476, #2337, #1295, .T. ) ;
#2974 = ORIENTED_EDGE ( 'NONE', *, *, #1224, .F. ) ;
#2975 = EDGE_CURVE ( 'NONE', #3733, #2337, #2714, .T. ) ;
#2976 = AXIS2_PLACEMENT_3D ( 'NONE', #1452, #4002, #3623 ) ;
#2977 = DIRECTION ( 'NONE',  ( -1.000000000000000000, 0.000000000000000000, 0.000000000000000000 ) ) ;
#2978 = EDGE_CURVE ( 'NONE', #1866, #2522, #2218, .T. ) ;
#2979 = SURFACE_STYLE_USAGE ( .BOTH. , #89 ) ;
#2980 = ORIENTED_EDGE ( 'NONE', *, *, #4447, .T. ) ;
#2981 = ORIENTED_EDGE ( 'NONE', *, *, #1383, .F. ) ;
#2982 = DIRECTION ( 'NONE',  ( 1.000000000000000000, 0.000000000000000000, -0.000000000000000000 ) ) ;
#2983 = DIRECTION ( 'NONE',  ( 0.000000000000000000, 0.000000000000000000, -1.000000000000000000 ) ) ;
#2984 = VERTEX_POINT ( 'NONE', #2689 ) ;
#2985 = VERTEX_POINT ( 'NONE', #2351 ) ;
#2986 = CARTESIAN_POINT ( 'NONE',  ( 0.000000000000000000, 10.55000000000000071, 10.80000000000000071 ) ) ;
#2987 = ORIENTED_EDGE ( 'NONE', *, *, #4582, .T. ) ;
#2988 = CARTESIAN_POINT ( 'NONE',  ( 13.55000000000000071, 8.960050506339001686, 10.80000000000000071 ) ) ;
#2989 = DIRECTION ( 'NONE',  ( 0.000000000000000000, 0.000000000000000000, -1.000000000000000000 ) ) ;
#2990 = CARTESIAN_POINT ( 'NONE',  ( -14.25000000000000000, -26.64999999999999858, 3.899999999999999911 ) ) ;
#2991 = CARTESIAN_POINT ( 'NONE',  ( 14.25000000000000000, -4.000000000000000000, -7.050000000000000711 ) ) ;
#2992 = LINE ( 'NONE', #3324, #1712 ) ;
#2993 = AXIS2_PLACEMENT_3D ( 'NONE', #2159, #3299, #2319 ) ;
#2994 = ORIENTED_EDGE ( 'NONE', *, *, #1015, .F. ) ;
#2995 = FACE_OUTER_BOUND ( 'NONE', #4188, .T. ) ;
#2997 = VERTEX_POINT ( 'NONE', #1202 ) ;
#2996 = VECTOR ( 'NONE', #1296, 1000.000000000000000 ) ;
#2998 = EDGE_CURVE ( 'NONE', #1639, #699, #2669, .T. ) ;
#2999 = VECTOR ( 'NONE', #985, 1000.000000000000000 ) ;
#3000 = LINE ( 'NONE', #2552, #802 ) ;
#3001 = CARTESIAN_POINT ( 'NONE',  ( 10.25000000000000000, 0.000000000000000000, 3.900000000000000799 ) ) ;
#3002 = DIRECTION ( 'NONE',  ( 0.000000000000000000, 1.000000000000000000, 0.000000000000000000 ) ) ;
#3003 = ORIENTED_EDGE ( 'NONE', *, *, #114, .F. ) ;
#3004 = ORIENTED_EDGE ( 'NONE', *, *, #1691, .T. ) ;
#3005 = EDGE_CURVE ( 'NONE', #2027, #192, #845, .T. ) ;
#3006 = DIRECTION ( 'NONE',  ( 0.7071067811865472397, 0.7071067811865479058, 0.000000000000000000 ) ) ;
#3007 = ORIENTED_EDGE ( 'NONE', *, *, #1537, .T. ) ;
#3008 = CARTESIAN_POINT ( 'NONE',  ( -14.25000000000000000, -3.650000000000000355, 3.899999999999999911 ) ) ;
#3009 = DIRECTION ( 'NONE',  ( 0.7071067811865475727, -0.7071067811865475727, 0.000000000000000000 ) ) ;
#3010 = CARTESIAN_POINT ( 'NONE',  ( -14.25000000000000000, -29.35000000000000142, -3.899999999999999911 ) ) ;
#3011 = VECTOR ( 'NONE', #641, 1000.000000000000114 ) ;
#3012 = AXIS2_PLACEMENT_3D ( 'NONE', #2588, #2292, #3736 ) ;
#3013 = AXIS2_PLACEMENT_3D ( 'NONE', #4296, #1012, #2858 ) ;
#3014 = ORIENTED_EDGE ( 'NONE', *, *, #1271, .F. ) ;
#3015 = LINE ( 'NONE', #2991, #97 ) ;
#3016 = PLANE ( 'NONE',  #1290 ) ;
#3017 = EDGE_LOOP ( 'NONE', ( #4489, #3650, #2063, #2577 ) ) ;
#3018 = DIRECTION ( 'NONE',  ( 0.000000000000000000, 0.000000000000000000, -1.000000000000000000 ) ) ;
#3019 = ORIENTED_EDGE ( 'NONE', *, *, #2279, .T. ) ;
#3020 = DIRECTION ( 'NONE',  ( -0.000000000000000000, 1.000000000000000000, 0.000000000000000000 ) ) ;
#3021 = VECTOR ( 'NONE', #3885, 1000.000000000000000 ) ;
#3022 = DIRECTION ( 'NONE',  ( -1.000000000000000000, -0.000000000000000000, -0.000000000000000000 ) ) ;
#3023 = EDGE_LOOP ( 'NONE', ( #2570, #3495, #854, #723 ) ) ;
#3024 = LINE ( 'NONE', #3307, #3474 ) ;
#3025 = EDGE_CURVE ( 'NONE', #3541, #1333, #1368, .T. ) ;
#3026 = DIRECTION ( 'NONE',  ( 0.7071067811865474617, 0.000000000000000000, -0.7071067811865474617 ) ) ;
#3027 = ORIENTED_EDGE ( 'NONE', *, *, #3109, .T. ) ;
#3028 = CARTESIAN_POINT ( 'NONE',  ( -14.24999999997589839, -28.00000000000000000, 7.249999999970441422 ) ) ;
#3029 = DIRECTION ( 'NONE',  ( 0.7071067811865486830, -0.7071067811865464625, 0.000000000000000000 ) ) ;
#3030 = PLANE ( 'NONE',  #2635 ) ;
#3031 = EDGE_CURVE ( 'NONE', #3708, #322, #147, .T. ) ;
#3032 = ORIENTED_EDGE ( 'NONE', *, *, #4299, .T. ) ;
#3033 = AXIS2_PLACEMENT_3D ( 'NONE', #2127, #2828, #1 ) ;
#3034 = AXIS2_PLACEMENT_3D ( 'NONE', #100, #75, #2290 ) ;
#3035 = AXIS2_PLACEMENT_3D ( 'NONE', #1697, #4240, #2418 ) ;
#3036 = AXIS2_PLACEMENT_3D ( 'NONE', #2485, #320, #2144 ) ;
#3037 = ORIENTED_EDGE ( 'NONE', *, *, #3283, .F. ) ;
#3038 = PLANE ( 'NONE',  #981 ) ;
#3039 = CARTESIAN_POINT ( 'NONE',  ( 11.96005050634000177, 10.55000000000000071, 10.80000000000000071 ) ) ;
#3040 = ADVANCED_FACE ( 'NONE', ( #866 ), #2681, .F. ) ;
#3041 = EDGE_CURVE ( 'NONE', #509, #3048, #824, .T. ) ;
#3042 = ORIENTED_EDGE ( 'NONE', *, *, #1140, .T. ) ;
#3043 = VECTOR ( 'NONE', #3214, 1000.000000000000000 ) ;
#3044 = FACE_OUTER_BOUND ( 'NONE', #4568, .T. ) ;
#3045 = ORIENTED_EDGE ( 'NONE', *, *, #4519, .F. ) ;
#3046 = CARTESIAN_POINT ( 'NONE',  ( 14.25000000000000000, -26.64999999999999858, -3.899999999999999911 ) ) ;
#3047 = CARTESIAN_POINT ( 'NONE',  ( -14.25000000000000000, -26.64999999999999858, 3.899999999999999911 ) ) ;
#3048 = VERTEX_POINT ( 'NONE', #2373 ) ;
#3049 = CARTESIAN_POINT ( 'NONE',  ( -14.25000000000000000, -28.00000000000000000, -6.000000000000000000 ) ) ;
#3050 = LINE ( 'NONE', #4482, #3773 ) ;
#3051 = ORIENTED_EDGE ( 'NONE', *, *, #91, .F. ) ;
#3052 = DIRECTION ( 'NONE',  ( 0.000000000000000000, 0.000000000000000000, 1.000000000000000000 ) ) ;
#3053 = CARTESIAN_POINT ( 'NONE',  ( 14.25000000000000000, -28.35000000000000497, 3.899999999999999911 ) ) ;
#3054 = CARTESIAN_POINT ( 'NONE',  ( -14.04999999994061000, -28.00000000000000000, 4.950000000064846972 ) ) ;
#3055 = VERTEX_POINT ( 'NONE', #3814 ) ;
#3056 = ADVANCED_FACE ( 'NONE', ( #2011 ), #2059, .F. ) ;
#3057 = ORIENTED_EDGE ( 'NONE', *, *, #3292, .F. ) ;
#3058 = DIRECTION ( 'NONE',  ( 1.000000000000000000, 0.000000000000000000, -0.000000000000000000 ) ) ;
#3059 = DIRECTION ( 'NONE',  ( -0.000000000000000000, 1.000000000000000000, -0.000000000000000000 ) ) ;
#3060 = DIRECTION ( 'NONE',  ( 0.000000000000000000, 0.000000000000000000, -1.000000000000000000 ) ) ;
#3061 = ORIENTED_EDGE ( 'NONE', *, *, #4180, .F. ) ;
#3062 = ADVANCED_FACE ( 'NONE', ( #3112 ), #4074, .F. ) ;
#3063 = EDGE_CURVE ( 'NONE', #3192, #932, #2420, .T. ) ;
#3064 = ADVANCED_FACE ( 'NONE', ( #3864 ), #2763, .F. ) ;
#3065 = FACE_OUTER_BOUND ( 'NONE', #4337, .T. ) ;
#3066 = DIRECTION ( 'NONE',  ( 0.000000000000000000, -1.000000000000000000, 0.000000000000000000 ) ) ;
#3067 = DIRECTION ( 'NONE',  ( 0.7071067811865474617, 0.000000000000000000, -0.7071067811865474617 ) ) ;
#3068 = CARTESIAN_POINT ( 'NONE',  ( 11.96005050634000177, 10.55000000000000071, 11.50000000000000000 ) ) ;
#3069 = VERTEX_POINT ( 'NONE', #4615 ) ;
#3070 = CARTESIAN_POINT ( 'NONE',  ( 13.54999999999999893, -32.96005050634000355, -10.80000000000000071 ) ) ;
#3071 = AXIS2_PLACEMENT_3D ( 'NONE', #3674, #4385, #2524 ) ;
#3072 = LINE ( 'NONE', #4149, #826 ) ;
#3073 = ORIENTED_EDGE ( 'NONE', *, *, #4639, .T. ) ;
#3074 = DIRECTION ( 'NONE',  ( 0.000000000000000000, 0.000000000000000000, -1.000000000000000000 ) ) ;
#3075 = CARTESIAN_POINT ( 'NONE',  ( 14.24999999989040589, -4.000000000000000000, -7.249999999885403668 ) ) ;
#3076 = DIRECTION ( 'NONE',  ( 0.000000000000000000, 0.000000000000000000, -1.000000000000000000 ) ) ;
#3077 = ORIENTED_EDGE ( 'NONE', *, *, #631, .F. ) ;
#3078 = ORIENTED_EDGE ( 'NONE', *, *, #551, .F. ) ;
#3079 = CARTESIAN_POINT ( 'NONE',  ( -14.25000000000000000, -28.00000000000000000, -4.949999999999999289 ) ) ;
#3080 = CARTESIAN_POINT ( 'NONE',  ( 9.350000000000001421, -35.25000000000000000, 3.899999999999999911 ) ) ;
#3081 = LINE ( 'NONE', #935, #2152 ) ;
#3082 = ORIENTED_EDGE ( 'NONE', *, *, #237, .T. ) ;
#3083 = VECTOR ( 'NONE', #2092, 1000.000000000000000 ) ;
#3084 = DIRECTION ( 'NONE',  ( -1.000000000000000000, -0.000000000000000000, -0.000000000000000000 ) ) ;
#3085 = VECTOR ( 'NONE', #4170, 1000.000000000000000 ) ;
#3086 = CIRCLE ( 'NONE', #1028, 1.050000000000000488 ) ;
#3087 = VECTOR ( 'NONE', #2756, 1000.000000000000000 ) ;
#3088 = CARTESIAN_POINT ( 'NONE',  ( -6.650000000000000355, -35.25000000000000000, 3.899999999999999911 ) ) ;
#3089 = VECTOR ( 'NONE', #2693, 1000.000000000000000 ) ;
#3090 = EDGE_CURVE ( 'NONE', #4327, #2997, #583, .T. ) ;
#3091 = LINE ( 'NONE', #537, #3673 ) ;
#3092 = DIRECTION ( 'NONE',  ( 0.000000000000000000, -1.000000000000000000, -0.000000000000000000 ) ) ;
#3093 = EDGE_LOOP ( 'NONE', ( #3326, #1975, #3966, #1640 ) ) ;
#3094 = DIRECTION ( 'NONE',  ( 0.000000000000000000, -1.000000000000000000, 0.000000000000000000 ) ) ;
#3095 = EDGE_CURVE ( 'NONE', #958, #2258, #2837, .T. ) ;
#3096 = DIRECTION ( 'NONE',  ( 1.000000000000000000, 0.000000000000000000, 0.000000000000000000 ) ) ;
#3097 = ORIENTED_EDGE ( 'NONE', *, *, #4306, .F. ) ;
#3098 = FACE_BOUND ( 'NONE', #1356, .T. ) ;
#3099 = PLANE ( 'NONE',  #4156 ) ;
#3100 = DIRECTION ( 'NONE',  ( -1.000000000000000000, 0.000000000000000000, 0.000000000000000000 ) ) ;
#3101 = ORIENTED_EDGE ( 'NONE', *, *, #268, .F. ) ;
#3102 = ORIENTED_EDGE ( 'NONE', *, *, #4588, .T. ) ;
#3103 = FACE_OUTER_BOUND ( 'NONE', #19, .T. ) ;
#3104 = CARTESIAN_POINT ( 'NONE',  ( 14.25000000000000000, -2.649999999999999911, -3.899999999999999911 ) ) ;
#3105 = CIRCLE ( 'NONE', #220, 1.049999999935153250 ) ;
#3106 = ORIENTED_EDGE ( 'NONE', *, *, #3109, .F. ) ;
#3107 = VECTOR ( 'NONE', #878, 1000.000000000000000 ) ;
#3108 = CARTESIAN_POINT ( 'NONE',  ( 8.000000000000000000, -31.25000000000000000, 7.050000000000000711 ) ) ;
#3109 = EDGE_CURVE ( 'NONE', #2824, #4667, #2835, .T. ) ;
#3110 = AXIS2_PLACEMENT_3D ( 'NONE', #2784, #2808, #1313 ) ;
#3111 = ORIENTED_EDGE ( 'NONE', *, *, #1682, .T. ) ;
#3112 = FACE_OUTER_BOUND ( 'NONE', #1489, .T. ) ;
#3113 = VECTOR ( 'NONE', #1129, 1000.000000000000000 ) ;
#3114 = EDGE_CURVE ( 'NONE', #832, #157, #1771, .T. ) ;
#3115 = CARTESIAN_POINT ( 'NONE',  ( -14.25000000000000000, 9.250000000000000000, -10.80000000000000071 ) ) ;
#3116 = CARTESIAN_POINT ( 'NONE',  ( 12.75000000000000178, -19.30000000000000071, -4.700000000000000178 ) ) ;
#3117 = ORIENTED_EDGE ( 'NONE', *, *, #1196, .T. ) ;
#3118 = DIRECTION ( 'NONE',  ( 1.000000000000000000, 0.000000000000000000, 0.000000000000000000 ) ) ;
#3119 = EDGE_CURVE ( 'NONE', #1920, #2560, #3938, .T. ) ;
#3120 = EDGE_CURVE ( 'NONE', #3166, #3384, #1598, .T. ) ;
#3121 = CARTESIAN_POINT ( 'NONE',  ( 11.96005050634000177, -34.54999999999999716, -10.80000000000000071 ) ) ;
#3122 = EDGE_LOOP ( 'NONE', ( #661, #4460, #1091, #1827 ) ) ;
#3123 = DIRECTION ( 'NONE',  ( -0.000000000000000000, -1.000000000000000000, -0.000000000000000000 ) ) ;
#3124 = LINE ( 'NONE', #4178, #3784 ) ;
#3125 = DIRECTION ( 'NONE',  ( -1.000000000000000000, -0.000000000000000000, 0.000000000000000000 ) ) ;
#3126 = ORIENTED_EDGE ( 'NONE', *, *, #3723, .T. ) ;
#3127 = ORIENTED_EDGE ( 'NONE', *, *, #3510, .T. ) ;
#3128 = DIRECTION ( 'NONE',  ( 0.7071067811865475727, -0.7071067811865475727, 0.000000000000000000 ) ) ;
#3129 = CARTESIAN_POINT ( 'NONE',  ( -14.25000000000000000, -33.25000000000000000, -10.80000000000000071 ) ) ;
#3130 = PLANE ( 'NONE',  #3217 ) ;
#3131 = ORIENTED_EDGE ( 'NONE', *, *, #1335, .F. ) ;
#3132 = CARTESIAN_POINT ( 'NONE',  ( -10.25000000000000000, -4.000000000000000000, -6.000000000000000000 ) ) ;
#3133 = ORIENTED_EDGE ( 'NONE', *, *, #4378, .F. ) ;
#3134 = DIRECTION ( 'NONE',  ( 0.000000000000000000, 0.000000000000000000, -1.000000000000000000 ) ) ;
#3135 = EDGE_CURVE ( 'NONE', #1131, #724, #771, .T. ) ;
#3136 = CARTESIAN_POINT ( 'NONE',  ( -8.000000000000000000, -31.25000000000000000, -6.000000000000000000 ) ) ;
#3137 = DIRECTION ( 'NONE',  ( 0.000000000000000000, 0.000000000000000000, -1.000000000000000000 ) ) ;
#3138 = ORIENTED_EDGE ( 'NONE', *, *, #2782, .T. ) ;
#3139 = CARTESIAN_POINT ( 'NONE',  ( -8.000000000000000000, -35.05000000006930350, -6.000000000000000000 ) ) ;
#3140 = EDGE_CURVE ( 'NONE', #1724, #3170, #680, .T. ) ;
#3141 = CARTESIAN_POINT ( 'NONE',  ( -9.350000000000001421, -35.25000000000000000, -3.899999999999999911 ) ) ;
#3142 = ORIENTED_EDGE ( 'NONE', *, *, #301, .F. ) ;
#3143 = CARTESIAN_POINT ( 'NONE',  ( 0.000000000000000000, -34.54999999999999716, 10.80000000000000071 ) ) ;
#3144 = DIRECTION ( 'NONE',  ( 8.659560562354932858E-17, 0.7071067811865474617, -0.7071067811865474617 ) ) ;
#3145 = DIRECTION ( 'NONE',  ( -1.000000000000000000, -0.000000000000000000, 0.000000000000000000 ) ) ;
#3146 = EDGE_CURVE ( 'NONE', #278, #1152, #2758, .T. ) ;
#3147 = VERTEX_POINT ( 'NONE', #4243 ) ;
#3148 = ADVANCED_FACE ( 'NONE', ( #3553 ), #1676, .T. ) ;
#3149 = AXIS2_PLACEMENT_3D ( 'NONE', #3748, #490, #1948 ) ;
#3150 = DIRECTION ( 'NONE',  ( 0.000000000000000000, 0.000000000000000000, -1.000000000000000000 ) ) ;
#3151 = LINE ( 'NONE', #204, #426 ) ;
#3152 = DIRECTION ( 'NONE',  ( 0.000000000000000000, 0.000000000000000000, -1.000000000000000000 ) ) ;
#3153 = ORIENTED_EDGE ( 'NONE', *, *, #2371, .T. ) ;
#3154 = FACE_OUTER_BOUND ( 'NONE', #1366, .T. ) ;
#3155 = VECTOR ( 'NONE', #2381, 1000.000000000000000 ) ;
#3156 = VERTEX_POINT ( 'NONE', #284 ) ;
#3157 = DIRECTION ( 'NONE',  ( -0.000000000000000000, -1.000000000000000000, 0.000000000000000000 ) ) ;
#3158 = VECTOR ( 'NONE', #814, 1000.000000000000000 ) ;
#3159 = AXIS2_PLACEMENT_3D ( 'NONE', #1955, #2747, #3052 ) ;
#3160 = AXIS2_PLACEMENT_3D ( 'NONE', #3453, #3497, #254 ) ;
#3161 = CARTESIAN_POINT ( 'NONE',  ( -11.96005050634000177, 10.55000000000000071, -10.80000000000000071 ) ) ;
#3162 = DIRECTION ( 'NONE',  ( 1.000000000000000000, 0.000000000000000000, 0.000000000000000000 ) ) ;
#3163 = ORIENTED_EDGE ( 'NONE', *, *, #2634, .F. ) ;
#3164 = CARTESIAN_POINT ( 'NONE',  ( -9.350000000000001421, -35.25000000000000000, -3.899999999999999911 ) ) ;
#3165 = CARTESIAN_POINT ( 'NONE',  ( -8.349999999999999645, -19.30000000000000071, -4.700000000000000178 ) ) ;
#3166 = VERTEX_POINT ( 'NONE', #1725 ) ;
#3167 = CARTESIAN_POINT ( 'NONE',  ( -14.25000000000000000, -5.349999999999998757, 3.899999999999999911 ) ) ;
#3168 = DIRECTION ( 'NONE',  ( 0.000000000000000000, 0.000000000000000000, 1.000000000000000000 ) ) ;
#3169 = FACE_BOUND ( 'NONE', #180, .T. ) ;
#3170 = VERTEX_POINT ( 'NONE', #4265 ) ;
#3171 = EDGE_CURVE ( 'NONE', #2168, #2984, #1009, .T. ) ;
#3172 = CARTESIAN_POINT ( 'NONE',  ( -14.24999999997544364, -4.000000000000000000, -4.750000000029558578 ) ) ;
#3173 = ADVANCED_FACE ( 'NONE', ( #658 ), #3580, .F. ) ;
#3174 = CARTESIAN_POINT ( 'NONE',  ( -8.000000000000000000, -31.25000000000000000, 4.949999999999999289 ) ) ;
#3175 = LINE ( 'NONE', #4284, #798 ) ;
#3176 = ORIENTED_EDGE ( 'NONE', *, *, #2812, .F. ) ;
#3177 = CARTESIAN_POINT ( 'NONE',  ( 8.000000000000000000, 11.25000000000000000, 4.949999999999999289 ) ) ;
#3178 = AXIS2_PLACEMENT_3D ( 'NONE', #1071, #3213, #1763 ) ;
#3179 = ORIENTED_EDGE ( 'NONE', *, *, #2998, .F. ) ;
#3180 = DIRECTION ( 'NONE',  ( -0.000000000000000000, 0.000000000000000000, 1.000000000000000000 ) ) ;
#3181 = VECTOR ( 'NONE', #2817, 1000.000000000000000 ) ;
#3182 = AXIS2_PLACEMENT_3D ( 'NONE', #3998, #3619, #1026 ) ;
#3183 = DIRECTION ( 'NONE',  ( 0.000000000000000000, 0.000000000000000000, 1.000000000000000000 ) ) ;
#3184 = CARTESIAN_POINT ( 'NONE',  ( 8.000000000000000000, -35.25000000000000000, -6.000000000000000000 ) ) ;
#3185 = VERTEX_POINT ( 'NONE', #3201 ) ;
#3186 = CARTESIAN_POINT ( 'NONE',  ( -11.96005050634000177, -34.54999999999999716, 10.80000000000000071 ) ) ;
#3187 = CIRCLE ( 'NONE', #10, 1.050000000000000488 ) ;
#3188 = ORIENTED_EDGE ( 'NONE', *, *, #2322, .F. ) ;
#3189 = DIRECTION ( 'NONE',  ( -0.000000000000000000, -0.000000000000000000, 1.000000000000000000 ) ) ;
#3190 = DIRECTION ( 'NONE',  ( 1.000000000000000000, 0.000000000000000000, 0.000000000000000000 ) ) ;
#3191 = DIRECTION ( 'NONE',  ( 0.000000000000000000, -1.000000000000000000, 0.000000000000000000 ) ) ;
#3192 = VERTEX_POINT ( 'NONE', #3222 ) ;
#3193 = DIRECTION ( 'NONE',  ( 0.000000000000000000, 0.000000000000000000, -1.000000000000000000 ) ) ;
#3194 = ORIENTED_EDGE ( 'NONE', *, *, #1043, .T. ) ;
#3195 = DIRECTION ( 'NONE',  ( -0.000000000000000000, 0.000000000000000000, 1.000000000000000000 ) ) ;
#3196 = CARTESIAN_POINT ( 'NONE',  ( 14.04999999994061000, -28.00000000000000000, 7.049999999935153028 ) ) ;
#3197 = EDGE_CURVE ( 'NONE', #1345, #3725, #4635, .T. ) ;
#3198 = DIRECTION ( 'NONE',  ( 0.000000000000000000, 0.000000000000000000, 1.000000000000000000 ) ) ;
#3199 = DIRECTION ( 'NONE',  ( 0.000000000000000000, 0.000000000000000000, -1.000000000000000000 ) ) ;
#3200 = VERTEX_POINT ( 'NONE', #2398 ) ;
#3201 = CARTESIAN_POINT ( 'NONE',  ( -7.650000000000000355, -31.25000000000000000, -3.899999999999999911 ) ) ;
#3202 = EDGE_CURVE ( 'NONE', #3702, #3147, #236, .T. ) ;
#3203 = PLANE ( 'NONE',  #3516 ) ;
#3204 = DIRECTION ( 'NONE',  ( 0.000000000000000000, -1.000000000000000000, 0.000000000000000000 ) ) ;
#3205 = ORIENTED_EDGE ( 'NONE', *, *, #2106, .F. ) ;
#3206 = CARTESIAN_POINT ( 'NONE',  ( -13.55000000000000071, -32.96005050634000355, 11.50000000000000000 ) ) ;
#3207 = ORIENTED_EDGE ( 'NONE', *, *, #4013, .F. ) ;
#3208 = AXIS2_PLACEMENT_3D ( 'NONE', #1005, #2105, #2875 ) ;
#3209 = DIRECTION ( 'NONE',  ( 1.000000000000000000, 0.000000000000000000, -0.000000000000000000 ) ) ;
#3210 = LINE ( 'NONE', #709, #1046 ) ;
#3211 = DIRECTION ( 'NONE',  ( 0.000000000000000000, 0.000000000000000000, 1.000000000000000000 ) ) ;
#3212 = EDGE_LOOP ( 'NONE', ( #2796, #2793, #1017, #1392 ) ) ;
#3213 = DIRECTION ( 'NONE',  ( 1.000000000000000000, 0.000000000000000000, 0.000000000000000000 ) ) ;
#3214 = DIRECTION ( 'NONE',  ( 0.000000000000000000, 1.000000000000000000, 0.000000000000000000 ) ) ;
#3215 = DIRECTION ( 'NONE',  ( -0.000000000000000000, 0.000000000000000000, 1.000000000000000000 ) ) ;
#3216 = PLANE ( 'NONE',  #1169 ) ;
#3217 = AXIS2_PLACEMENT_3D ( 'NONE', #4567, #650, #2920 ) ;
#3218 = DIRECTION ( 'NONE',  ( 0.000000000000000000, 0.000000000000000000, -1.000000000000000000 ) ) ;
#3219 = CARTESIAN_POINT ( 'NONE',  ( 13.55000000000000071, 8.960050506339001686, 11.50000000000000000 ) ) ;
#3220 = ADVANCED_FACE ( 'NONE', ( #1398 ), #1740, .F. ) ;
#3221 = ORIENTED_EDGE ( 'NONE', *, *, #2065, .T. ) ;
#3222 = CARTESIAN_POINT ( 'NONE',  ( 14.25000000000000000, -4.349999999999999645, 3.899999999999999911 ) ) ;
#3223 = EDGE_CURVE ( 'NONE', #2805, #2544, #3518, .T. ) ;
#3224 = DIRECTION ( 'NONE',  ( 1.000000000000000000, 0.000000000000000000, 0.000000000000000000 ) ) ;
#3225 = EDGE_CURVE ( 'NONE', #970, #2892, #4673, .T. ) ;
#3226 = FACE_OUTER_BOUND ( 'NONE', #846, .T. ) ;
#3227 = ORIENTED_EDGE ( 'NONE', *, *, #2998, .T. ) ;
#3228 = DIRECTION ( 'NONE',  ( -1.000000000000000000, 0.000000000000000000, -0.000000000000000000 ) ) ;
#3229 = CONICAL_SURFACE ( 'NONE', #2788, 1.249999999884949142, 0.7853981633974482790 ) ;
#3230 = AXIS2_PLACEMENT_3D ( 'NONE', #3618, #370, #3150 ) ;
#3231 = ORIENTED_EDGE ( 'NONE', *, *, #1826, .T. ) ;
#3232 = CARTESIAN_POINT ( 'NONE',  ( 8.000000000000000000, 11.24999999998999556, 7.249999999970441422 ) ) ;
#3233 = EDGE_CURVE ( 'NONE', #44, #3297, #2439, .T. ) ;
#3234 = EDGE_CURVE ( 'NONE', #3614, #3590, #4079, .T. ) ;
#3235 = CARTESIAN_POINT ( 'NONE',  ( -13.55000000000000071, 0.000000000000000000, 10.80000000000000071 ) ) ;
#3236 = EDGE_LOOP ( 'NONE', ( #3127, #4527, #2941, #65 ) ) ;
#3237 = CIRCLE ( 'NONE', #4514, 1.050000000000000488 ) ;
#3238 = CARTESIAN_POINT ( 'NONE',  ( -14.24999999989040589, -4.000000000000000000, -4.750000000114596332 ) ) ;
#3239 = ORIENTED_EDGE ( 'NONE', *, *, #1594, .T. ) ;
#3240 = LINE ( 'NONE', #693, #4656 ) ;
#3241 = CARTESIAN_POINT ( 'NONE',  ( -14.25000000000000000, -4.349999999999999645, 3.899999999999999911 ) ) ;
#3242 = DIRECTION ( 'NONE',  ( 0.000000000000000000, -0.000000000000000000, -1.000000000000000000 ) ) ;
#3243 = VECTOR ( 'NONE', #1953, 1000.000000000000000 ) ;
#3244 = PLANE ( 'NONE',  #749 ) ;
#3245 = DIRECTION ( 'NONE',  ( 0.000000000000000000, 0.000000000000000000, 1.000000000000000000 ) ) ;
#3246 = EDGE_LOOP ( 'NONE', ( #3331, #340, #139, #3106 ) ) ;
#3247 = EDGE_LOOP ( 'NONE', ( #961, #1858, #407, #1223 ) ) ;
#3248 = DIRECTION ( 'NONE',  ( 0.000000000000000000, 0.000000000000000000, -1.000000000000000000 ) ) ;
#3249 = CIRCLE ( 'NONE', #300, 1.049999999992450972 ) ;
#3250 = CIRCLE ( 'NONE', #88, 1.050000000000000488 ) ;
#3251 =( NAMED_UNIT ( * ) PLANE_ANGLE_UNIT ( ) SI_UNIT ( $, .RADIAN. ) );
#3252 = ORIENTED_EDGE ( 'NONE', *, *, #843, .F. ) ;
#3254 = EDGE_CURVE ( 'NONE', #3279, #2397, #4280, .T. ) ;
#3253 = AXIS2_PLACEMENT_3D ( 'NONE', #1793, #1427, #2153 ) ;
#3255 = ORIENTED_EDGE ( 'NONE', *, *, #1192, .F. ) ;
#3256 = FACE_OUTER_BOUND ( 'NONE', #1072, .T. ) ;
#3257 = CARTESIAN_POINT ( 'NONE',  ( 0.000000000000000000, -31.25000000000000000, -10.80000000000000071 ) ) ;
#3258 = DIRECTION ( 'NONE',  ( 0.000000000000000000, 0.000000000000000000, -1.000000000000000000 ) ) ;
#3259 = CIRCLE ( 'NONE', #3413, 1.050000000000000488 ) ;
#3260 = ORIENTED_EDGE ( 'NONE', *, *, #1010, .T. ) ;
#3261 = EDGE_LOOP ( 'NONE', ( #2315, #4346, #3523, #4209 ) ) ;
#3262 = EDGE_CURVE ( 'NONE', #4301, #3156, #1812, .T. ) ;
#3263 = ADVANCED_FACE ( 'NONE', ( #2895 ), #692, .F. ) ;
#3264 = CARTESIAN_POINT ( 'NONE',  ( -11.96005050634000177, -34.54999999999999716, -10.80000000000000071 ) ) ;
#3265 = EDGE_LOOP ( 'NONE', ( #1630, #37 ) ) ;
#3266 = LINE ( 'NONE', #2988, #62 ) ;
#3267 = DIRECTION ( 'NONE',  ( -0.000000000000000000, -0.000000000000000000, 1.000000000000000000 ) ) ;
#3268 = PLANE ( 'NONE',  #3597 ) ;
#3269 = ORIENTED_EDGE ( 'NONE', *, *, #237, .F. ) ;
#3270 = FACE_OUTER_BOUND ( 'NONE', #769, .T. ) ;
#3271 = CARTESIAN_POINT ( 'NONE',  ( -8.000000000000000000, 11.25000000000000000, 4.949999999999999289 ) ) ;
#3272 = ORIENTED_EDGE ( 'NONE', *, *, #3095, .F. ) ;
#3273 = EDGE_LOOP ( 'NONE', ( #864, #3937, #3205, #262 ) ) ;
#3274 = FACE_OUTER_BOUND ( 'NONE', #133, .T. ) ;
#3275 = CARTESIAN_POINT ( 'NONE',  ( 8.000000000000000000, -35.05000000006930350, -4.950000000007548806 ) ) ;
#3276 = EDGE_CURVE ( 'NONE', #2783, #2985, #1716, .T. ) ;
#3277 = ORIENTED_EDGE ( 'NONE', *, *, #166, .F. ) ;
#3278 = VECTOR ( 'NONE', #2810, 1000.000000000000000 ) ;
#3279 = VERTEX_POINT ( 'NONE', #1788 ) ;
#3280 = DIRECTION ( 'NONE',  ( 0.000000000000000000, 0.000000000000000000, -1.000000000000000000 ) ) ;
#3281 = DIRECTION ( 'NONE',  ( 1.000000000000000000, 0.000000000000000000, 0.000000000000000000 ) ) ;
#3282 = DIRECTION ( 'NONE',  ( 1.000000000000000000, 0.000000000000000000, 0.000000000000000000 ) ) ;
#3283 = EDGE_CURVE ( 'NONE', #3579, #1984, #3105, .T. ) ;
#3284 = ORIENTED_EDGE ( 'NONE', *, *, #242, .T. ) ;
#3285 = ORIENTED_EDGE ( 'NONE', *, *, #2665, .F. ) ;
#3286 = AXIS2_PLACEMENT_3D ( 'NONE', #2850, #1447, #1743 ) ;
#3287 = EDGE_CURVE ( 'NONE', #1021, #4219, #3878, .T. ) ;
#3288 = PLANE ( 'NONE',  #2116 ) ;
#3289 = ORIENTED_EDGE ( 'NONE', *, *, #4147, .F. ) ;
#3290 = DIRECTION ( 'NONE',  ( -1.000000000000000000, 0.000000000000000000, 0.000000000000000000 ) ) ;
#3291 = CARTESIAN_POINT ( 'NONE',  ( -10.25000000000000000, -2.649999999999999911, -3.899999999999999911 ) ) ;
#3292 = EDGE_CURVE ( 'NONE', #143, #4297, #2580, .T. ) ;
#3293 = ORIENTED_EDGE ( 'NONE', *, *, #4244, .F. ) ;
#3294 = DIRECTION ( 'NONE',  ( 0.000000000000000000, -0.000000000000000000, -1.000000000000000000 ) ) ;
#3295 = ADVANCED_FACE ( 'NONE', ( #3591 ), #2194, .F. ) ;
#3296 = EDGE_LOOP ( 'NONE', ( #3007, #1275, #811, #33 ) ) ;
#3297 = VERTEX_POINT ( 'NONE', #3172 ) ;
#3298 = VECTOR ( 'NONE', #4637, 1000.000000000000000 ) ;
#3299 = DIRECTION ( 'NONE',  ( -1.000000000000000000, -0.000000000000000000, -0.000000000000000000 ) ) ;
#3300 = CARTESIAN_POINT ( 'NONE',  ( 14.25000000000000000, -2.649999999999999911, 3.899999999999999911 ) ) ;
#3301 = VERTEX_POINT ( 'NONE', #1374 ) ;
#3302 = ORIENTED_EDGE ( 'NONE', *, *, #1959, .T. ) ;
#3303 = DIRECTION ( 'NONE',  ( 0.000000000000000000, 0.000000000000000000, 1.000000000000000000 ) ) ;
#3304 = LINE ( 'NONE', #70, #2038 ) ;
#3305 = CARTESIAN_POINT ( 'NONE',  ( 10.25000000000000000, -4.349999999999999645, 3.899999999999999911 ) ) ;
#3306 = ORIENTED_EDGE ( 'NONE', *, *, #3603, .T. ) ;
#3307 = CARTESIAN_POINT ( 'NONE',  ( -8.000000000000000000, -35.25000000000000000, -7.050000000000000711 ) ) ;
#3308 = AXIS2_PLACEMENT_3D ( 'NONE', #1191, #2294, #1467 ) ;
#3309 = AXIS2_PLACEMENT_3D ( 'NONE', #1493, #1189, #1885 ) ;
#3310 = EDGE_CURVE ( 'NONE', #1137, #3579, #4604, .T. ) ;
#3311 = VECTOR ( 'NONE', #4080, 1000.000000000000000 ) ;
#3312 = CIRCLE ( 'NONE', #1253, 1.049999999991996669 ) ;
#3313 = AXIS2_PLACEMENT_3D ( 'NONE', #552, #2442, #2704 ) ;
#3314 = CARTESIAN_POINT ( 'NONE',  ( 8.000000000000000000, 11.05000000001155058, 7.049999999991996447 ) ) ;
#3315 = VERTEX_POINT ( 'NONE', #2848 ) ;
#3316 = DIRECTION ( 'NONE',  ( 0.000000000000000000, 1.000000000000000000, 0.000000000000000000 ) ) ;
#3317 = CARTESIAN_POINT ( 'NONE',  ( 13.55000000000000071, 8.960050506339001686, -10.80000000000000071 ) ) ;
#3318 = FACE_BOUND ( 'NONE', #3265, .T. ) ;
#3319 = VECTOR ( 'NONE', #3022, 1000.000000000000000 ) ;
#3320 = ADVANCED_FACE ( 'NONE', ( #714 ), #1352, .T. ) ;
#3321 = EDGE_CURVE ( 'NONE', #1227, #4297, #4442, .T. ) ;
#3322 = ORIENTED_EDGE ( 'NONE', *, *, #3328, .T. ) ;
#3323 = DIRECTION ( 'NONE',  ( 1.000000000000000000, 0.000000000000000000, 0.000000000000000000 ) ) ;
#3324 = CARTESIAN_POINT ( 'NONE',  ( -12.75000000000000178, -8.900000000000000355, -10.80000000000000071 ) ) ;
#3325 = ORIENTED_EDGE ( 'NONE', *, *, #1842, .F. ) ;
#3326 = ORIENTED_EDGE ( 'NONE', *, *, #3031, .T. ) ;
#3327 = EDGE_CURVE ( 'NONE', #4474, #1920, #3340, .T. ) ;
#3328 = EDGE_CURVE ( 'NONE', #4051, #902, #409, .T. ) ;
#3329 = CARTESIAN_POINT ( 'NONE',  ( 14.25000000000000000, -5.350000000000000533, 3.899999999999999911 ) ) ;
#3330 = CARTESIAN_POINT ( 'NONE',  ( -7.650000000000000355, -31.25000000000000000, -3.899999999999999911 ) ) ;
#3331 = ORIENTED_EDGE ( 'NONE', *, *, #2510, .T. ) ;
#3332 = EDGE_LOOP ( 'NONE', ( #2365, #3996, #582, #3746 ) ) ;
#3333 = LINE ( 'NONE', #1513, #3530 ) ;
#3334 = VECTOR ( 'NONE', #138, 1000.000000000000000 ) ;
#3335 = CARTESIAN_POINT ( 'NONE',  ( -10.25000000000000000, -27.64999999999999858, 3.900000000000000355 ) ) ;
#3336 = VERTEX_POINT ( 'NONE', #3662 ) ;
#3337 = ORIENTED_EDGE ( 'NONE', *, *, #701, .F. ) ;
#3338 = VECTOR ( 'NONE', #3891, 1000.000000000000000 ) ;
#3339 = AXIS2_PLACEMENT_3D ( 'NONE', #2313, #3009, #478 ) ;
#3340 = LINE ( 'NONE', #1518, #1497 ) ;
#3341 = ORIENTED_EDGE ( 'NONE', *, *, #3146, .T. ) ;
#3342 = CARTESIAN_POINT ( 'NONE',  ( 0.000000000000000000, 7.250000000000000000, -10.80000000000000071 ) ) ;
#3343 = VECTOR ( 'NONE', #4598, 1000.000000000000000 ) ;
#3344 = DIRECTION ( 'NONE',  ( 1.000000000000000000, 0.000000000000000000, 0.000000000000000000 ) ) ;
#3345 = FACE_BOUND ( 'NONE', #2461, .T. ) ;
#3346 = EDGE_CURVE ( 'NONE', #278, #1500, #2962, .T. ) ;
#3347 = AXIS2_PLACEMENT_3D ( 'NONE', #1525, #2567, #3739 ) ;
#3348 = EDGE_LOOP ( 'NONE', ( #1459, #2125, #474, #2249 ) ) ;
#3349 = CARTESIAN_POINT ( 'NONE',  ( 8.000000000000000000, 11.05000000001155058, 6.000000000000000000 ) ) ;
#3350 = LINE ( 'NONE', #3720, #2713 ) ;
#3351 = EDGE_LOOP ( 'NONE', ( #1578, #3037, #4501, #1396 ) ) ;
#3352 = EDGE_CURVE ( 'NONE', #4547, #2057, #1883, .T. ) ;
#3353 = CARTESIAN_POINT ( 'NONE',  ( -14.25000000000000000, -29.35000000000000142, 3.899999999999999911 ) ) ;
#3354 = ADVANCED_FACE ( 'NONE', ( #2586 ), #3288, .F. ) ;
#3355 = VERTEX_POINT ( 'NONE', #4039 ) ;
#3356 = CARTESIAN_POINT ( 'NONE',  ( 14.25000000000000000, -29.35000000000000142, 3.899999999999999911 ) ) ;
#3357 = VECTOR ( 'NONE', #2449, 1000.000000000000000 ) ;
#3358 = PLANE ( 'NONE',  #3387 ) ;
#3359 = ORIENTED_EDGE ( 'NONE', *, *, #1294, .F. ) ;
#3360 = EDGE_LOOP ( 'NONE', ( #940, #4022 ) ) ;
#3361 = DIRECTION ( 'NONE',  ( -0.000000000000000000, -0.000000000000000000, -1.000000000000000000 ) ) ;
#3362 = ORIENTED_EDGE ( 'NONE', *, *, #1481, .T. ) ;
#3363 = DIRECTION ( 'NONE',  ( 0.000000000000000000, 0.000000000000000000, 1.000000000000000000 ) ) ;
#3364 = DIRECTION ( 'NONE',  ( 0.000000000000000000, -1.000000000000000000, 0.000000000000000000 ) ) ;
#3365 = EDGE_LOOP ( 'NONE', ( #3559, #4456, #883, #3078 ) ) ;
#3366 = DIRECTION ( 'NONE',  ( 0.000000000000000000, 0.000000000000000000, -1.000000000000000000 ) ) ;
#3367 = CARTESIAN_POINT ( 'NONE',  ( -8.000000000000000000, 11.24999999990450306, 6.000000000000000000 ) ) ;
#3368 = ORIENTED_EDGE ( 'NONE', *, *, #418, .T. ) ;
#3369 = DIRECTION ( 'NONE',  ( 1.000000000000000000, 0.000000000000000000, -0.000000000000000000 ) ) ;
#3371 = ORIENTED_EDGE ( 'NONE', *, *, #3785, .T. ) ;
#3370 = CONICAL_SURFACE ( 'NONE', #2622, 1.249999999885403446, 0.7853981633974482790 ) ;
#3372 = EDGE_CURVE ( 'NONE', #2167, #1176, #295, .T. ) ;
#3373 = EDGE_CURVE ( 'NONE', #1671, #1090, #4017, .T. ) ;
#3374 = CARTESIAN_POINT ( 'NONE',  ( 10.25000000000000000, -2.649999999999999911, -3.899999999999999911 ) ) ;
#3375 = APPLICATION_PROTOCOL_DEFINITION ( 'draft international standard', 'automotive_design', 1998, #1299 ) ;
#3376 = CARTESIAN_POINT ( 'NONE',  ( -12.25000000000000000, -35.25000000000000000, -10.80000000000000071 ) ) ;
#3377 = ORIENTED_EDGE ( 'NONE', *, *, #1864, .T. ) ;
#3378 = ORIENTED_EDGE ( 'NONE', *, *, #1798, .F. ) ;
#3379 = CARTESIAN_POINT ( 'NONE',  ( -10.25000000000000000, -3.649999999999999911, -3.899999999999999911 ) ) ;
#3380 = ORIENTED_EDGE ( 'NONE', *, *, #1192, .T. ) ;
#3381 = FACE_BOUND ( 'NONE', #1462, .T. ) ;
#3382 = FACE_OUTER_BOUND ( 'NONE', #4071, .T. ) ;
#3383 = FACE_OUTER_BOUND ( 'NONE', #3653, .T. ) ;
#3384 = VERTEX_POINT ( 'NONE', #764 ) ;
#3385 = DIRECTION ( 'NONE',  ( -0.000000000000000000, 1.000000000000000000, 0.000000000000000000 ) ) ;
#3386 = CARTESIAN_POINT ( 'NONE',  ( 7.650000000000000355, -35.25000000000000000, 3.899999999999999911 ) ) ;
#3387 = AXIS2_PLACEMENT_3D ( 'NONE', #1183, #3002, #759 ) ;
#3388 = ORIENTED_EDGE ( 'NONE', *, *, #3262, .T. ) ;
#3389 = CARTESIAN_POINT ( 'NONE',  ( -8.000000000000000000, -31.25000000000000000, -6.000000000000000000 ) ) ;
#3390 = ORIENTED_EDGE ( 'NONE', *, *, #637, .F. ) ;
#3391 = CONICAL_SURFACE ( 'NONE', #1412, 1.249999999884949142, 0.7853981633974482790 ) ;
#3392 = FACE_OUTER_BOUND ( 'NONE', #163, .T. ) ;
#3393 = FACE_OUTER_BOUND ( 'NONE', #547, .T. ) ;
#3394 = ORIENTED_EDGE ( 'NONE', *, *, #280, .T. ) ;
#3395 = CARTESIAN_POINT ( 'NONE',  ( 10.25000000000000000, -5.349999999999999645, 3.899999999999999911 ) ) ;
#3396 = EDGE_CURVE ( 'NONE', #3170, #3727, #4083, .T. ) ;
#3397 = CARTESIAN_POINT ( 'NONE',  ( -12.75000000000000178, -19.30000000000000071, -10.80000000000000071 ) ) ;
#3398 = VERTEX_POINT ( 'NONE', #2220 ) ;
#3399 = DIRECTION ( 'NONE',  ( 0.000000000000000000, 0.000000000000000000, -1.000000000000000000 ) ) ;
#3400 = DIRECTION ( 'NONE',  ( 0.000000000000000000, 0.000000000000000000, 1.000000000000000000 ) ) ;
#3401 = EDGE_CURVE ( 'NONE', #4327, #1406, #3686, .T. ) ;
#3402 = VERTEX_POINT ( 'NONE', #3314 ) ;
#3403 = AXIS2_PLACEMENT_3D ( 'NONE', #302, #122, #3690 ) ;
#3404 = ADVANCED_FACE ( 'NONE', ( #833 ), #974, .F. ) ;
#3405 = ADVANCED_FACE ( 'NONE', ( #4061 ), #2264, .T. ) ;
#3406 = VECTOR ( 'NONE', #476, 1000.000000000000000 ) ;
#3407 = AXIS2_PLACEMENT_3D ( 'NONE', #1646, #3458, #4187 ) ;
#3408 = ORIENTED_EDGE ( 'NONE', *, *, #2329, .T. ) ;
#3409 = DIRECTION ( 'NONE',  ( 0.000000000000000000, 0.000000000000000000, -1.000000000000000000 ) ) ;
#3410 = DIRECTION ( 'NONE',  ( 0.7071067811865486830, 0.7071067811865464625, 0.000000000000000000 ) ) ;
#3411 = CARTESIAN_POINT ( 'NONE',  ( 14.25000000003274181, -4.000000000000000000, 4.749999999972715159 ) ) ;
#3412 = ORIENTED_EDGE ( 'NONE', *, *, #296, .T. ) ;
#3413 = AXIS2_PLACEMENT_3D ( 'NONE', #4516, #1309, #3409 ) ;
#3414 = PLANE ( 'NONE',  #3110 ) ;
#3415 = CARTESIAN_POINT ( 'NONE',  ( -10.25000000000000000, -29.35000000000000142, 3.899999999999999911 ) ) ;
#3416 = EDGE_LOOP ( 'NONE', ( #3950, #4047, #1928, #4620 ) ) ;
#3417 = CARTESIAN_POINT ( 'NONE',  ( 10.25000000000000000, 0.000000000000000000, -3.899999999999999911 ) ) ;
#3418 = EDGE_CURVE ( 'NONE', #4224, #452, #446, .T. ) ;
#3419 = CARTESIAN_POINT ( 'NONE',  ( 9.350000000000001421, -31.25000000000000000, -3.899999999999999911 ) ) ;
#3420 = ORIENTED_EDGE ( 'NONE', *, *, #439, .T. ) ;
#3421 = DIRECTION ( 'NONE',  ( -0.000000000000000000, -1.000000000000000000, 0.000000000000000000 ) ) ;
#3422 = LINE ( 'NONE', #2045, #2585 ) ;
#3423 = EDGE_LOOP ( 'NONE', ( #3804, #251, #858, #4431 ) ) ;
#3424 = CARTESIAN_POINT ( 'NONE',  ( 14.25000000003228706, -28.00000000000000000, -6.000000000000000000 ) ) ;
#3425 = EDGE_CURVE ( 'NONE', #3985, #3680, #3711, .T. ) ;
#3426 = DIRECTION ( 'NONE',  ( 0.000000000000000000, -1.000000000000000000, 0.000000000000000000 ) ) ;
#3427 = DIRECTION ( 'NONE',  ( -0.000000000000000000, 1.000000000000000000, -0.000000000000000000 ) ) ;
#3428 = ORIENTED_EDGE ( 'NONE', *, *, #3328, .F. ) ;
#3429 = AXIS2_PLACEMENT_3D ( 'NONE', #630, #1361, #3910 ) ;
#3430 = EDGE_CURVE ( 'NONE', #2922, #1717, #2195, .T. ) ;
#3431 = VERTEX_POINT ( 'NONE', #119 ) ;
#3432 = PLANE ( 'NONE',  #1663 ) ;
#3433 = CARTESIAN_POINT ( 'NONE',  ( 11.96005050634000177, -34.54999999999999716, -10.80000000000000071 ) ) ;
#3434 = CARTESIAN_POINT ( 'NONE',  ( -14.04999999994061000, -4.000000000000000000, 6.000000000000000000 ) ) ;
#3435 = EDGE_LOOP ( 'NONE', ( #1188, #3420, #1884, #2320 ) ) ;
#3436 = CIRCLE ( 'NONE', #1155, 1.250000000027284841 ) ;
#3437 = CARTESIAN_POINT ( 'NONE',  ( -7.650000000000000355, -31.25000000000000000, 3.899999999999999911 ) ) ;
#3438 = EDGE_CURVE ( 'NONE', #3301, #200, #3734, .T. ) ;
#3439 = DIRECTION ( 'NONE',  ( 1.000000000000000000, 0.000000000000000000, -0.000000000000000000 ) ) ;
#3440 = CYLINDRICAL_SURFACE ( 'NONE', #3149, 1.050000000000000488 ) ;
#3441 = CARTESIAN_POINT ( 'NONE',  ( 14.25000000000000000, -26.64999999999999858, -3.899999999999999911 ) ) ;
#3442 = ORIENTED_EDGE ( 'NONE', *, *, #2609, .T. ) ;
#3443 = LINE ( 'NONE', #3395, #1966 ) ;
#3444 = DIRECTION ( 'NONE',  ( 1.000000000000000000, 0.000000000000000000, -0.000000000000000000 ) ) ;
#3445 = ORIENTED_EDGE ( 'NONE', *, *, #1841, .F. ) ;
#3446 = CARTESIAN_POINT ( 'NONE',  ( 10.25000000000000000, -28.00000000000000000, 4.949999999999999289 ) ) ;
#3447 = DIRECTION ( 'NONE',  ( 0.000000000000000000, -1.000000000000000000, -0.000000000000000000 ) ) ;
#3448 = DIRECTION ( 'NONE',  ( 0.000000000000000000, 0.000000000000000000, -1.000000000000000000 ) ) ;
#3449 = ORIENTED_EDGE ( 'NONE', *, *, #2924, .F. ) ;
#3450 = EDGE_CURVE ( 'NONE', #3355, #2456, #1931, .T. ) ;
#3451 = ORIENTED_EDGE ( 'NONE', *, *, #3750, .F. ) ;
#3452 = DIRECTION ( 'NONE',  ( 1.000000000000000000, 0.000000000000000000, 0.000000000000000000 ) ) ;
#3453 = CARTESIAN_POINT ( 'NONE',  ( -14.25000000000000000, -2.649999999999999911, 3.899999999999999911 ) ) ;
#3454 = CARTESIAN_POINT ( 'NONE',  ( -14.25000000000000000, -2.649999999999999911, 3.899999999999999911 ) ) ;
#3455 = EDGE_LOOP ( 'NONE', ( #797, #2729, #3641, #2641 ) ) ;
#3456 = VECTOR ( 'NONE', #503, 1000.000000000000000 ) ;
#3457 = AXIS2_PLACEMENT_3D ( 'NONE', #1662, #140, #1563 ) ;
#3458 = DIRECTION ( 'NONE',  ( 1.000000000000000000, 0.000000000000000000, 0.000000000000000000 ) ) ;
#3459 = AXIS2_PLACEMENT_3D ( 'NONE', #1804, #2578, #805 ) ;
#3460 = ORIENTED_EDGE ( 'NONE', *, *, #4093, .T. ) ;
#3461 = CARTESIAN_POINT ( 'NONE',  ( -8.000000000000000000, -35.25000000007594281, -6.000000000000000000 ) ) ;
#3462 = PLANE ( 'NONE',  #2775 ) ;
#3463 = LINE ( 'NONE', #4479, #4073 ) ;
#3464 = ORIENTED_EDGE ( 'NONE', *, *, #3575, .T. ) ;
#3465 = DIRECTION ( 'NONE',  ( 0.7071067811865475727, -0.7071067811865475727, 0.000000000000000000 ) ) ;
#3466 = DIRECTION ( 'NONE',  ( -1.000000000000000000, -0.000000000000000000, -0.000000000000000000 ) ) ;
#3467 = EDGE_LOOP ( 'NONE', ( #2146, #235, #1025, #3449 ) ) ;
#3468 = CARTESIAN_POINT ( 'NONE',  ( -9.350000000000001421, -35.25000000000000000, 3.899999999999999911 ) ) ;
#3469 = FACE_BOUND ( 'NONE', #1327, .T. ) ;
#3470 = LINE ( 'NONE', #4104, #421 ) ;
#3471 = ORIENTED_EDGE ( 'NONE', *, *, #4147, .T. ) ;
#3472 = ORIENTED_EDGE ( 'NONE', *, *, #470, .T. ) ;
#3473 = CARTESIAN_POINT ( 'NONE',  ( -14.25000000000000000, -33.25000000000000000, 11.50000000000000000 ) ) ;
#3474 = VECTOR ( 'NONE', #1207, 1000.000000000000000 ) ;
#3475 = FACE_OUTER_BOUND ( 'NONE', #3775, .T. ) ;
#3476 = VECTOR ( 'NONE', #4226, 1000.000000000000000 ) ;
#3477 = LINE ( 'NONE', #2346, #345 ) ;
#3478 = ORIENTED_EDGE ( 'NONE', *, *, #21, .F. ) ;
#3479 = VECTOR ( 'NONE', #4592, 1000.000000000000000 ) ;
#3480 = FACE_OUTER_BOUND ( 'NONE', #3365, .T. ) ;
#3481 = EDGE_CURVE ( 'NONE', #2403, #2032, #4348, .T. ) ;
#3482 = VERTEX_POINT ( 'NONE', #2336 ) ;
#3483 = CARTESIAN_POINT ( 'NONE',  ( -6.650000000000000355, -35.25000000000000000, 3.899999999999999911 ) ) ;
#3484 = EDGE_CURVE ( 'NONE', #2155, #1157, #593, .T. ) ;
#3485 = CARTESIAN_POINT ( 'NONE',  ( -14.25000000000000000, -27.64999999999999503, -3.899999999999999911 ) ) ;
#3486 = EDGE_CURVE ( 'NONE', #1572, #3431, #194, .T. ) ;
#3487 = CARTESIAN_POINT ( 'NONE',  ( 10.25000000000000000, -27.64999999999999858, 3.899999999999999911 ) ) ;
#3488 = ORIENTED_EDGE ( 'NONE', *, *, #2950, .F. ) ;
#3489 = CARTESIAN_POINT ( 'NONE',  ( -12.75000000000000178, -19.30000000000000071, -10.80000000000000071 ) ) ;
#3490 = CYLINDRICAL_SURFACE ( 'NONE', #3932, 1.050000000000000488 ) ;
#3491 = ORIENTED_EDGE ( 'NONE', *, *, #1196, .F. ) ;
#3492 = DIRECTION ( 'NONE',  ( 0.000000000000000000, 0.000000000000000000, -1.000000000000000000 ) ) ;
#3493 = DIRECTION ( 'NONE',  ( 0.000000000000000000, -1.000000000000000000, 0.000000000000000000 ) ) ;
#3494 = CARTESIAN_POINT ( 'NONE',  ( 7.650000000000000355, -31.25000000000000000, 3.899999999999999911 ) ) ;
#3495 = ORIENTED_EDGE ( 'NONE', *, *, #1386, .T. ) ;
#3496 = CARTESIAN_POINT ( 'NONE',  ( 12.25000000000000000, -35.25000000000000000, -10.80000000000000071 ) ) ;
#3497 = DIRECTION ( 'NONE',  ( 0.000000000000000000, 0.000000000000000000, -1.000000000000000000 ) ) ;
#3498 = DIRECTION ( 'NONE',  ( 1.000000000000000000, 0.000000000000000000, 0.000000000000000000 ) ) ;
#3499 = AXIS2_PLACEMENT_3D ( 'NONE', #3839, #3528, #4189 ) ;
#3500 = ORIENTED_EDGE ( 'NONE', *, *, #3486, .F. ) ;
#3501 = LINE ( 'NONE', #510, #4539 ) ;
#3502 = CARTESIAN_POINT ( 'NONE',  ( -8.349999999999999645, -8.900000000000000355, -10.80000000000000071 ) ) ;
#3503 = EDGE_LOOP ( 'NONE', ( #3362, #2637, #991, #2302 ) ) ;
#3504 = CARTESIAN_POINT ( 'NONE',  ( -8.000000000000000000, 11.24999999998999556, 6.000000000000000000 ) ) ;
#3505 = DIRECTION ( 'NONE',  ( 0.7071067811865474617, 8.659560562354932858E-17, 0.7071067811865474617 ) ) ;
#3506 = CARTESIAN_POINT ( 'NONE',  ( -8.000000000000000000, -35.25000000007594281, -6.000000000000000000 ) ) ;
#3507 = ORIENTED_EDGE ( 'NONE', *, *, #1897, .T. ) ;
#3508 = CARTESIAN_POINT ( 'NONE',  ( -9.350000000000001421, -35.25000000000000000, -3.899999999999999911 ) ) ;
#3509 = ADVANCED_FACE ( 'NONE', ( #4463, #499, #2769 ), #1978, .F. ) ;
#3510 = EDGE_CURVE ( 'NONE', #1734, #4356, #3072, .T. ) ;
#3511 = ORIENTED_EDGE ( 'NONE', *, *, #209, .F. ) ;
#3512 = CARTESIAN_POINT ( 'NONE',  ( 8.000000000000000000, -31.25000000000000000, 6.000000000000000000 ) ) ;
#3513 = CARTESIAN_POINT ( 'NONE',  ( -14.24999999989040589, -4.000000000000000000, -6.000000000000000000 ) ) ;
#3514 = LINE ( 'NONE', #2799, #3525 ) ;
#3515 = ORIENTED_EDGE ( 'NONE', *, *, #4116, .T. ) ;
#3516 = AXIS2_PLACEMENT_3D ( 'NONE', #611, #1700, #4217 ) ;
#3517 = EDGE_CURVE ( 'NONE', #4557, #4106, #948, .T. ) ;
#3518 = LINE ( 'NONE', #3928, #3960 ) ;
#3519 = VERTEX_POINT ( 'NONE', #901 ) ;
#3520 = CARTESIAN_POINT ( 'NONE',  ( -13.54999999999999893, -32.96005050634000355, 11.50000000000000000 ) ) ;
#3521 = FACE_OUTER_BOUND ( 'NONE', #2072, .T. ) ;
#3522 = DIRECTION ( 'NONE',  ( 0.000000000000000000, 0.000000000000000000, -1.000000000000000000 ) ) ;
#3523 = ORIENTED_EDGE ( 'NONE', *, *, #333, .T. ) ;
#3524 = CARTESIAN_POINT ( 'NONE',  ( -9.350000000000001421, -31.25000000000000000, 3.899999999999999911 ) ) ;
#3525 = VECTOR ( 'NONE', #2122, 1000.000000000000000 ) ;
#3526 = VECTOR ( 'NONE', #1541, 1000.000000000000000 ) ;
#3527 = ORIENTED_EDGE ( 'NONE', *, *, #2973, .F. ) ;
#3528 = DIRECTION ( 'NONE',  ( 0.000000000000000000, -1.000000000000000000, 0.000000000000000000 ) ) ;
#3529 = AXIS2_PLACEMENT_3D ( 'NONE', #1117, #829, #3731 ) ;
#3530 = VECTOR ( 'NONE', #4415, 1000.000000000000000 ) ;
#3531 = VECTOR ( 'NONE', #3670, 1000.000000000000000 ) ;
#3532 = CIRCLE ( 'NONE', #651, 1.050000000000000488 ) ;
#3533 = CARTESIAN_POINT ( 'NONE',  ( 14.25000000000000000, -33.25000000000000000, -11.50000000000000000 ) ) ;
#3534 = DIRECTION ( 'NONE',  ( -1.000000000000000000, -0.000000000000000000, 0.000000000000000000 ) ) ;
#3535 = ORIENTED_EDGE ( 'NONE', *, *, #2753, .T. ) ;
#3536 = DIRECTION ( 'NONE',  ( 1.000000000000000000, 0.000000000000000000, 0.000000000000000000 ) ) ;
#3537 = ORIENTED_EDGE ( 'NONE', *, *, #3171, .T. ) ;
#3538 = CARTESIAN_POINT ( 'NONE',  ( -12.25000000000000000, 11.25000000000000000, -10.80000000000000071 ) ) ;
#3539 = DIRECTION ( 'NONE',  ( 0.000000000000000000, -1.000000000000000000, 0.000000000000000000 ) ) ;
#3540 = CARTESIAN_POINT ( 'NONE',  ( 8.000000000000000000, -35.24999999999045031, -7.249999999970439646 ) ) ;
#3541 = VERTEX_POINT ( 'NONE', #2406 ) ;
#3542 = EDGE_CURVE ( 'NONE', #286, #594, #3422, .T. ) ;
#3543 = CARTESIAN_POINT ( 'NONE',  ( 14.04999999994061000, -28.00000000000000000, 6.000000000000000000 ) ) ;
#3544 = PLANE ( 'NONE',  #1247 ) ;
#3545 = FACE_OUTER_BOUND ( 'NONE', #1082, .T. ) ;
#3546 = LINE ( 'NONE', #2563, #2390 ) ;
#3547 = AXIS2_PLACEMENT_3D ( 'NONE', #1769, #1475, #3199 ) ;
#3548 = ADVANCED_FACE ( 'NONE', ( #4531 ), #175, .F. ) ;
#3549 = EDGE_CURVE ( 'NONE', #1161, #4219, #1605, .T. ) ;
#3550 = CARTESIAN_POINT ( 'NONE',  ( -8.000000000000000000, -35.05000000006930350, 4.950000000008003553 ) ) ;
#3551 = DIRECTION ( 'NONE',  ( 0.000000000000000000, 1.000000000000000000, -0.000000000000000000 ) ) ;
#3552 = ORIENTED_EDGE ( 'NONE', *, *, #4199, .F. ) ;
#3553 = FACE_OUTER_BOUND ( 'NONE', #1337, .T. ) ;
#3554 = AXIS2_PLACEMENT_3D ( 'NONE', #3508, #2087, #3228 ) ;
#3555 = AXIS2_PLACEMENT_3D ( 'NONE', #198, #1608, #3399 ) ;
#3556 = VECTOR ( 'NONE', #2177, 1000.000000000000000 ) ;
#3557 = CARTESIAN_POINT ( 'NONE',  ( -10.25000000000000000, -4.000000000000000000, -6.000000000000000000 ) ) ;
#3558 = FACE_OUTER_BOUND ( 'NONE', #907, .T. ) ;
#3559 = ORIENTED_EDGE ( 'NONE', *, *, #389, .F. ) ;
#3560 = DIRECTION ( 'NONE',  ( 0.000000000000000000, 0.000000000000000000, -1.000000000000000000 ) ) ;
#3561 = AXIS2_PLACEMENT_3D ( 'NONE', #3349, #107, #2638 ) ;
#3562 = LINE ( 'NONE', #2819, #4453 ) ;
#3563 = VERTEX_POINT ( 'NONE', #1256 ) ;
#3564 = LINE ( 'NONE', #1414, #1104 ) ;
#3565 = LINE ( 'NONE', #342, #1499 ) ;
#3566 = FACE_BOUND ( 'NONE', #1881, .T. ) ;
#3567 = EDGE_LOOP ( 'NONE', ( #3003, #2847, #4305, #3926 ) ) ;
#3568 = ADVANCED_FACE ( 'NONE', ( #2675 ), #3490, .F. ) ;
#3569 = CARTESIAN_POINT ( 'NONE',  ( -14.24999999989040589, -4.000000000000000000, -7.249999999885403668 ) ) ;
#3570 = VECTOR ( 'NONE', #2617, 1000.000000000000000 ) ;
#3571 = LINE ( 'NONE', #2464, #380 ) ;
#3572 = CARTESIAN_POINT ( 'NONE',  ( -9.350000000000001421, -35.25000000000000000, -3.899999999999999911 ) ) ;
#3573 = CARTESIAN_POINT ( 'NONE',  ( 0.000000000000000000, 0.000000000000000000, -4.700000000000000178 ) ) ;
#3574 = ADVANCED_FACE ( 'NONE', ( #542 ), #1209, .F. ) ;
#3575 = EDGE_CURVE ( 'NONE', #452, #1739, #4175, .T. ) ;
#3576 = CARTESIAN_POINT ( 'NONE',  ( -10.25000000000000000, 0.000000000000000000, -10.80000000000000071 ) ) ;
#3577 = AXIS2_PLACEMENT_3D ( 'NONE', #2472, #1338, #3134 ) ;
#3578 = DIRECTION ( 'NONE',  ( 0.000000000000000000, 1.000000000000000000, 0.000000000000000000 ) ) ;
#3579 = VERTEX_POINT ( 'NONE', #923 ) ;
#3580 = CYLINDRICAL_SURFACE ( 'NONE', #2139, 1.050000000000000488 ) ;
#3581 = CARTESIAN_POINT ( 'NONE',  ( 14.24999999989040589, -4.000000000000000000, 7.249999999884948920 ) ) ;
#3582 = DIRECTION ( 'NONE',  ( 0.000000000000000000, 0.000000000000000000, -1.000000000000000000 ) ) ;
#3583 = VERTEX_POINT ( 'NONE', #2379 ) ;
#3584 = LINE ( 'NONE', #1367, #4606 ) ;
#3585 = ORIENTED_EDGE ( 'NONE', *, *, #4043, .F. ) ;
#3586 = VECTOR ( 'NONE', #1240, 1000.000000000000000 ) ;
#3587 = CARTESIAN_POINT ( 'NONE',  ( -14.25000000000000000, -33.25000000000000000, 11.50000000000000355 ) ) ;
#3588 = CARTESIAN_POINT ( 'NONE',  ( -14.04999999994061000, -4.000000000000000000, 7.049999999935153028 ) ) ;
#3589 = CARTESIAN_POINT ( 'NONE',  ( -14.25000000000000000, 9.250000000000000000, -10.80000000000000071 ) ) ;
#3590 = VERTEX_POINT ( 'NONE', #2311 ) ;
#3591 = FACE_OUTER_BOUND ( 'NONE', #3351, .T. ) ;
#3592 = ORIENTED_EDGE ( 'NONE', *, *, #1383, .T. ) ;
#3593 = DIRECTION ( 'NONE',  ( 0.000000000000000000, 0.000000000000000000, 1.000000000000000000 ) ) ;
#3594 = LINE ( 'NONE', #1791, #61 ) ;
#3595 = AXIS2_PLACEMENT_3D ( 'NONE', #3136, #2084, #4318 ) ;
#3596 = EDGE_CURVE ( 'NONE', #980, #2598, #3821, .T. ) ;
#3597 = AXIS2_PLACEMENT_3D ( 'NONE', #695, #304, #1766 ) ;
#3598 = DIRECTION ( 'NONE',  ( -0.000000000000000000, 0.000000000000000000, -1.000000000000000000 ) ) ;
#3599 = CARTESIAN_POINT ( 'NONE',  ( -14.25000000000000000, -4.349999999999999645, 3.899999999999999911 ) ) ;
#3600 = ORIENTED_EDGE ( 'NONE', *, *, #1798, .T. ) ;
#3601 = ORIENTED_EDGE ( 'NONE', *, *, #2044, .T. ) ;
#3602 = EDGE_CURVE ( 'NONE', #82, #3707, #3754, .T. ) ;
#3603 = EDGE_CURVE ( 'NONE', #325, #2727, #3050, .T. ) ;
#3604 = LINE ( 'NONE', #2879, #413 ) ;
#3605 = EDGE_CURVE ( 'NONE', #3671, #2759, #246, .T. ) ;
#3606 = EDGE_LOOP ( 'NONE', ( #1479, #2026, #3032, #2050 ) ) ;
#3607 = ADVANCED_FACE ( 'NONE', ( #2090 ), #2528, .F. ) ;
#3608 = VECTOR ( 'NONE', #1495, 1000.000000000000000 ) ;
#3609 = VECTOR ( 'NONE', #1933, 1000.000000000000000 ) ;
#3610 = ORIENTED_EDGE ( 'NONE', *, *, #4554, .T. ) ;
#3611 = PLANE ( 'NONE',  #3459 ) ;
#3612 = PLANE ( 'NONE',  #4010 ) ;
#3613 = DIRECTION ( 'NONE',  ( 0.000000000000000000, -0.000000000000000000, -1.000000000000000000 ) ) ;
#3614 = VERTEX_POINT ( 'NONE', #4300 ) ;
#3615 = ORIENTED_EDGE ( 'NONE', *, *, #4036, .T. ) ;
#3616 = DIRECTION ( 'NONE',  ( -1.000000000000000000, 0.000000000000000000, -0.000000000000000000 ) ) ;
#3617 = ORIENTED_EDGE ( 'NONE', *, *, #2609, .F. ) ;
#3618 = CARTESIAN_POINT ( 'NONE',  ( 8.000000000000000000, -31.25000000000000000, -6.000000000000000000 ) ) ;
#3619 = DIRECTION ( 'NONE',  ( 1.000000000000000000, 0.000000000000000000, 0.000000000000000000 ) ) ;
#3620 = DIRECTION ( 'NONE',  ( 0.000000000000000000, -0.000000000000000000, 1.000000000000000000 ) ) ;
#3621 = AXIS2_PLACEMENT_3D ( 'NONE', #288, #4272, #685 ) ;
#3622 = CARTESIAN_POINT ( 'NONE',  ( -14.24999999989040589, -28.00000000000000000, -6.000000000000000000 ) ) ;
#3623 = DIRECTION ( 'NONE',  ( 0.000000000000000000, 0.000000000000000000, -1.000000000000000000 ) ) ;
#3624 = ORIENTED_EDGE ( 'NONE', *, *, #3197, .F. ) ;
#3625 = EDGE_LOOP ( 'NONE', ( #1035, #1280 ) ) ;
#3626 = FACE_OUTER_BOUND ( 'NONE', #4347, .T. ) ;
#3627 = AXIS2_PLACEMENT_3D ( 'NONE', #2048, #545, #4508 ) ;
#3628 = ORIENTED_EDGE ( 'NONE', *, *, #2130, .T. ) ;
#3629 = VECTOR ( 'NONE', #3006, 999.9999999999998863 ) ;
#3630 = EDGE_CURVE ( 'NONE', #873, #2560, #4577, .T. ) ;
#3631 = VECTOR ( 'NONE', #168, 1000.000000000000000 ) ;
#3632 = EDGE_CURVE ( 'NONE', #3147, #4171, #1684, .T. ) ;
#3633 = EDGE_LOOP ( 'NONE', ( #1266, #4044, #2308, #3269 ) ) ;
#3634 = CARTESIAN_POINT ( 'NONE',  ( -9.350000000000001421, -35.25000000000000000, 3.899999999999999911 ) ) ;
#3635 = FACE_OUTER_BOUND ( 'NONE', #4671, .T. ) ;
#3636 = AXIS2_PLACEMENT_3D ( 'NONE', #4089, #2298, #3294 ) ;
#3637 = ORIENTED_EDGE ( 'NONE', *, *, #1394, .T. ) ;
#3638 = ORIENTED_EDGE ( 'NONE', *, *, #2352, .T. ) ;
#3639 = ADVANCED_FACE ( 'NONE', ( #1320 ), #2795, .T. ) ;
#3640 = DIRECTION ( 'NONE',  ( -1.000000000000000000, 0.000000000000000000, -0.000000000000000000 ) ) ;
#3641 = ORIENTED_EDGE ( 'NONE', *, *, #3723, .F. ) ;
#3642 = LINE ( 'NONE', #392, #3609 ) ;
#3643 = UNCERTAINTY_MEASURE_WITH_UNIT (LENGTH_MEASURE( 1.000000000000000082E-05 ), #2260, 'distance_accuracy_value', 'NONE');
#3644 = DIRECTION ( 'NONE',  ( -1.000000000000000000, -0.000000000000000000, -0.000000000000000000 ) ) ;
#3645 = CARTESIAN_POINT ( 'NONE',  ( 14.25000000000000000, -5.350000000000000533, -10.80000000000000071 ) ) ;
#3646 = ORIENTED_EDGE ( 'NONE', *, *, #1751, .F. ) ;
#3647 = CARTESIAN_POINT ( 'NONE',  ( 13.55000000000000071, 8.960050506339003462, -11.50000000000000000 ) ) ;
#3648 = LINE ( 'NONE', #2925, #2728 ) ;
#3649 = EDGE_LOOP ( 'NONE', ( #173, #2284, #2412, #4640 ) ) ;
#3650 = ORIENTED_EDGE ( 'NONE', *, *, #1834, .T. ) ;
#3651 = CARTESIAN_POINT ( 'NONE',  ( 11.96005050634000177, 10.55000000000000071, -10.80000000000000071 ) ) ;
#3652 = FACE_OUTER_BOUND ( 'NONE', #561, .T. ) ;
#3653 = EDGE_LOOP ( 'NONE', ( #4237, #2556, #2743, #2133 ) ) ;
#3654 = AXIS2_PLACEMENT_3D ( 'NONE', #2110, #1385, #2787 ) ;
#3655 = EDGE_CURVE ( 'NONE', #1152, #1236, #3562, .T. ) ;
#3656 = VERTEX_POINT ( 'NONE', #2864 ) ;
#3657 = FACE_OUTER_BOUND ( 'NONE', #2156, .T. ) ;
#3658 = CARTESIAN_POINT ( 'NONE',  ( 13.55000000000000071, -32.96005050634000355, -10.80000000000000071 ) ) ;
#3659 = ADVANCED_FACE ( 'NONE', ( #3872 ), #1038, .T. ) ;
#3660 = VERTEX_POINT ( 'NONE', #2067 ) ;
#3661 = ORIENTED_EDGE ( 'NONE', *, *, #909, .T. ) ;
#3662 = CARTESIAN_POINT ( 'NONE',  ( 10.25000000000000000, -28.35000000000000497, -3.899999999999999911 ) ) ;
#3663 = VERTEX_POINT ( 'NONE', #3165 ) ;
#3664 = FACE_OUTER_BOUND ( 'NONE', #337, .T. ) ;
#3665 = DIRECTION ( 'NONE',  ( 0.000000000000000000, 0.000000000000000000, -1.000000000000000000 ) ) ;
#3666 = CARTESIAN_POINT ( 'NONE',  ( -8.000000000000000000, 11.05000000001155058, 4.950000000008003553 ) ) ;
#3667 = EDGE_CURVE ( 'NONE', #82, #747, #4249, .T. ) ;
#3668 = ORIENTED_EDGE ( 'NONE', *, *, #4259, .F. ) ;
#3669 = DIRECTION ( 'NONE',  ( -0.000000000000000000, 0.000000000000000000, 1.000000000000000000 ) ) ;
#3670 = DIRECTION ( 'NONE',  ( 0.000000000000000000, 1.000000000000000000, 0.000000000000000000 ) ) ;
#3671 = VERTEX_POINT ( 'NONE', #4241 ) ;
#3672 = ORIENTED_EDGE ( 'NONE', *, *, #3041, .F. ) ;
#3673 = VECTOR ( 'NONE', #4169, 1000.000000000000000 ) ;
#3674 = CARTESIAN_POINT ( 'NONE',  ( 6.650000000000000355, -35.25000000000000000, -3.899999999999999911 ) ) ;
#3675 = CARTESIAN_POINT ( 'NONE',  ( 14.25000000000000000, -26.64999999999999858, 3.899999999999999911 ) ) ;
#3676 = ORIENTED_EDGE ( 'NONE', *, *, #1328, .T. ) ;
#3677 = VERTEX_POINT ( 'NONE', #2056 ) ;
#3678 = DIRECTION ( 'NONE',  ( 0.000000000000000000, 0.000000000000000000, -1.000000000000000000 ) ) ;
#3679 = DIRECTION ( 'NONE',  ( 0.7071067811865474617, 0.7071067811865474617, 0.000000000000000000 ) ) ;
#3680 = VERTEX_POINT ( 'NONE', #3502 ) ;
#3681 = ORIENTED_EDGE ( 'NONE', *, *, #3750, .T. ) ;
#3682 = VECTOR ( 'NONE', #1448, 1000.000000000000000 ) ;
#3683 = VECTOR ( 'NONE', #3874, 1000.000000000000000 ) ;
#3684 = AXIS2_PLACEMENT_3D ( 'NONE', #110, #3984, #1528 ) ;
#3685 = VECTOR ( 'NONE', #1065, 1000.000000000000000 ) ;
#3686 = LINE ( 'NONE', #2986, #85 ) ;
#3687 = EDGE_LOOP ( 'NONE', ( #2569, #2262 ) ) ;
#3688 = DIRECTION ( 'NONE',  ( -0.000000000000000000, -1.000000000000000000, -0.000000000000000000 ) ) ;
#3689 = EDGE_CURVE ( 'NONE', #747, #3680, #989, .T. ) ;
#3690 = DIRECTION ( 'NONE',  ( 0.000000000000000000, 0.000000000000000000, -1.000000000000000000 ) ) ;
#3691 = DIRECTION ( 'NONE',  ( 1.000000000000000000, 0.000000000000000000, 0.000000000000000000 ) ) ;
#3692 = AXIS2_PLACEMENT_3D ( 'NONE', #3506, #3204, #660 ) ;
#3693 = ADVANCED_FACE ( 'NONE', ( #581 ), #2396, .F. ) ;
#3694 = VERTEX_POINT ( 'NONE', #2761 ) ;
#3695 = DIRECTION ( 'NONE',  ( 1.000000000000000000, 0.000000000000000000, 0.000000000000000000 ) ) ;
#3696 = CARTESIAN_POINT ( 'NONE',  ( 8.000000000000000000, 11.24999999998999556, 6.000000000000000000 ) ) ;
#3697 = ORIENTED_EDGE ( 'NONE', *, *, #3276, .F. ) ;
#3698 = ADVANCED_FACE ( 'NONE', ( #557 ), #2342, .F. ) ;
#3699 = VECTOR ( 'NONE', #3444, 1000.000000000000000 ) ;
#3700 = ORIENTED_EDGE ( 'NONE', *, *, #3425, .T. ) ;
#3701 = AXIS2_PLACEMENT_3D ( 'NONE', #4351, #672, #1377 ) ;
#3702 = VERTEX_POINT ( 'NONE', #3524 ) ;
#3703 = CARTESIAN_POINT ( 'NONE',  ( 14.25000000000000000, -28.00000000000000000, -4.949999999999999289 ) ) ;
#3704 = DIRECTION ( 'NONE',  ( 0.000000000000000000, -1.000000000000000000, -0.000000000000000000 ) ) ;
#3705 = VECTOR ( 'NONE', #647, 1000.000000000000000 ) ;
#3706 = LINE ( 'NONE', #2214, #3990 ) ;
#3707 = VERTEX_POINT ( 'NONE', #1723 ) ;
#3708 = VERTEX_POINT ( 'NONE', #4522 ) ;
#3709 = VECTOR ( 'NONE', #4502, 1000.000000000000000 ) ;
#3710 = VECTOR ( 'NONE', #221, 1000.000000000000000 ) ;
#3711 = LINE ( 'NONE', #454, #2884 ) ;
#3712 = VERTEX_POINT ( 'NONE', #4165 ) ;
#3713 = PLANE ( 'NONE',  #1175 ) ;
#3714 = CARTESIAN_POINT ( 'NONE',  ( 10.25000000000000000, -5.349999999999999645, 3.899999999999999911 ) ) ;
#3715 = PLANE ( 'NONE',  #4590 ) ;
#3717 = EDGE_CURVE ( 'NONE', #3851, #3482, #1567, .T. ) ;
#3716 = AXIS2_PLACEMENT_3D ( 'NONE', #55, #3323, #3366 ) ;
#3718 = ORIENTED_EDGE ( 'NONE', *, *, #3372, .F. ) ;
#3719 = CARTESIAN_POINT ( 'NONE',  ( -10.25000000000000000, -29.35000000000000142, -3.899999999999999911 ) ) ;
#3720 = CARTESIAN_POINT ( 'NONE',  ( 11.96005050634000177, -34.54999999999999716, -11.50000000000000000 ) ) ;
#3721 = ORIENTED_EDGE ( 'NONE', *, *, #465, .F. ) ;
#3722 = ADVANCED_FACE ( 'NONE', ( #351 ), #1382, .F. ) ;
#3723 = EDGE_CURVE ( 'NONE', #3583, #2168, #2154, .T. ) ;
#3724 = AXIS2_PLACEMENT_3D ( 'NONE', #6, #746, #1428 ) ;
#3725 = VERTEX_POINT ( 'NONE', #58 ) ;
#3726 = DIRECTION ( 'NONE',  ( -0.000000000000000000, 1.000000000000000000, -0.000000000000000000 ) ) ;
#3727 = VERTEX_POINT ( 'NONE', #1056 ) ;
#3728 = EDGE_CURVE ( 'NONE', #2759, #2022, #1030, .T. ) ;
#3729 = EDGE_CURVE ( 'NONE', #3069, #2167, #4336, .T. ) ;
#3730 = CARTESIAN_POINT ( 'NONE',  ( -14.04999999994061000, -28.00000000000000000, -6.000000000000000000 ) ) ;
#3731 = DIRECTION ( 'NONE',  ( 0.000000000000000000, 0.000000000000000000, -1.000000000000000000 ) ) ;
#3732 = EDGE_LOOP ( 'NONE', ( #2506, #1692, #1872, #4320 ) ) ;
#3733 = VERTEX_POINT ( 'NONE', #1080 ) ;
#3734 = LINE ( 'NONE', #1464, #3406 ) ;
#3735 = ORIENTED_EDGE ( 'NONE', *, *, #301, .T. ) ;
#3736 = DIRECTION ( 'NONE',  ( 0.000000000000000000, 0.000000000000000000, -1.000000000000000000 ) ) ;
#3737 = CYLINDRICAL_SURFACE ( 'NONE', #645, 1.050000000000000488 ) ;
#3738 = EDGE_LOOP ( 'NONE', ( #3380, #4342, #2221, #1519 ) ) ;
#3739 = DIRECTION ( 'NONE',  ( 0.000000000000000000, 0.000000000000000000, -1.000000000000000000 ) ) ;
#3740 = CARTESIAN_POINT ( 'NONE',  ( 8.349999999999999645, 0.000000000000000000, -10.80000000000000071 ) ) ;
#3741 = ADVANCED_FACE ( 'NONE', ( #720 ), #2568, .T. ) ;
#3742 = ORIENTED_EDGE ( 'NONE', *, *, #3041, .T. ) ;
#3743 = ADVANCED_FACE ( 'NONE', ( #1102 ), #4654, .T. ) ;
#3744 = DIRECTION ( 'NONE',  ( -0.000000000000000000, 0.000000000000000000, -1.000000000000000000 ) ) ;
#3746 = ORIENTED_EDGE ( 'NONE', *, *, #4139, .F. ) ;
#3745 = AXIS2_PLACEMENT_3D ( 'NONE', #2183, #1874, #2929 ) ;
#3747 = EDGE_CURVE ( 'NONE', #712, #1796, #3648, .T. ) ;
#3748 = CARTESIAN_POINT ( 'NONE',  ( -14.25000000000000000, -28.00000000000000000, 6.000000000000000000 ) ) ;
#3749 = EDGE_CURVE ( 'NONE', #2997, #1321, #678, .T. ) ;
#3750 = EDGE_CURVE ( 'NONE', #2407, #970, #2364, .T. ) ;
#3751 = PLANE ( 'NONE',  #202 ) ;
#3752 = ORIENTED_EDGE ( 'NONE', *, *, #2130, .F. ) ;
#3753 = DIRECTION ( 'NONE',  ( 1.000000000000000000, -0.000000000000000000, -0.000000000000000000 ) ) ;
#3754 = LINE ( 'NONE', #3397, #3 ) ;
#3755 = EDGE_LOOP ( 'NONE', ( #3117, #366, #3971, #1485 ) ) ;
#3756 = FACE_OUTER_BOUND ( 'NONE', #1893, .T. ) ;
#3757 = VECTOR ( 'NONE', #3145, 1000.000000000000000 ) ;
#3758 = AXIS2_PLACEMENT_3D ( 'NONE', #265, #4579, #4600 ) ;
#3759 = CARTESIAN_POINT ( 'NONE',  ( -12.25000000000000000, -35.25000000000000000, -11.50000000000000000 ) ) ;
#3760 = CARTESIAN_POINT ( 'NONE',  ( 10.25000000000000000, 0.000000000000000000, -10.80000000000000071 ) ) ;
#3761 = VERTEX_POINT ( 'NONE', #2178 ) ;
#3762 = VECTOR ( 'NONE', #3989, 1000.000000000000000 ) ;
#3763 = VECTOR ( 'NONE', #532, 1000.000000000000000 ) ;
#3764 = EDGE_LOOP ( 'NONE', ( #2006, #3176, #3993, #1057 ) ) ;
#3765 = PLANE ( 'NONE',  #1579 ) ;
#3766 = DIRECTION ( 'NONE',  ( 0.000000000000000000, 0.000000000000000000, 1.000000000000000000 ) ) ;
#3767 = CARTESIAN_POINT ( 'NONE',  ( -14.24999999989040589, -28.00000000000000000, 6.000000000000000000 ) ) ;
#3768 = ORIENTED_EDGE ( 'NONE', *, *, #1268, .T. ) ;
#3769 = LINE ( 'NONE', #1243, #2965 ) ;
#3770 = CYLINDRICAL_SURFACE ( 'NONE', #4291, 1.050000000000000488 ) ;
#3771 = ORIENTED_EDGE ( 'NONE', *, *, #1363, .F. ) ;
#3772 = LINE ( 'NONE', #2374, #555 ) ;
#3773 = VECTOR ( 'NONE', #1229, 1000.000000000000000 ) ;
#3774 = CARTESIAN_POINT ( 'NONE',  ( 14.25000000000000000, -29.35000000000000142, -3.899999999999999911 ) ) ;
#3775 = EDGE_LOOP ( 'NONE', ( #1988, #2676, #2582, #2212 ) ) ;
#3776 = CARTESIAN_POINT ( 'NONE',  ( -10.25000000000000000, -4.000000000000000000, -4.949999999999999289 ) ) ;
#3777 = EDGE_CURVE ( 'NONE', #449, #945, #1517, .T. ) ;
#3778 = CARTESIAN_POINT ( 'NONE',  ( 0.000000000000000000, 0.000000000000000000, -10.80000000000000071 ) ) ;
#3779 = ORIENTED_EDGE ( 'NONE', *, *, #1777, .F. ) ;
#3780 = DIRECTION ( 'NONE',  ( -0.000000000000000000, 1.000000000000000000, 0.000000000000000000 ) ) ;
#3781 = DIRECTION ( 'NONE',  ( 0.7071067811865474617, 0.000000000000000000, -0.7071067811865474617 ) ) ;
#3782 = CARTESIAN_POINT ( 'NONE',  ( -11.96005050634000177, -34.54999999999999716, 10.80000000000000071 ) ) ;
#3783 = ORIENTED_EDGE ( 'NONE', *, *, #1411, .F. ) ;
#3784 = VECTOR ( 'NONE', #3144, 1000.000000000000114 ) ;
#3785 = EDGE_CURVE ( 'NONE', #774, #1021, #4286, .T. ) ;
#3786 = ORIENTED_EDGE ( 'NONE', *, *, #3728, .T. ) ;
#3787 = DIRECTION ( 'NONE',  ( 0.7071067811865474617, 0.7071067811865474617, 0.000000000000000000 ) ) ;
#3788 = CARTESIAN_POINT ( 'NONE',  ( 10.25000000000000000, -3.649999999999999911, 3.899999999999999911 ) ) ;
#3789 = LINE ( 'NONE', #3104, #3586 ) ;
#3790 = EDGE_LOOP ( 'NONE', ( #3981, #484, #1562, #1929 ) ) ;
#3791 = DIRECTION ( 'NONE',  ( 1.000000000000000000, 0.000000000000000000, 0.000000000000000000 ) ) ;
#3792 = CARTESIAN_POINT ( 'NONE',  ( 8.000000000000000000, -35.25000000000000000, -7.050000000000000711 ) ) ;
#3793 = CARTESIAN_POINT ( 'NONE',  ( -8.000000000000000000, 7.250000000000000000, 7.050000000000000711 ) ) ;
#3794 = PLANE ( 'NONE',  #573 ) ;
#3795 = EDGE_CURVE ( 'NONE', #3707, #3663, #1795, .T. ) ;
#3796 = ORIENTED_EDGE ( 'NONE', *, *, #3749, .T. ) ;
#3797 = CARTESIAN_POINT ( 'NONE',  ( 14.25000000000000000, -3.650000000000000355, -3.899999999999999911 ) ) ;
#3798 = EDGE_CURVE ( 'NONE', #945, #449, #2750, .T. ) ;
#3799 = DIRECTION ( 'NONE',  ( 0.000000000000000000, 0.000000000000000000, -1.000000000000000000 ) ) ;
#3800 = ORIENTED_EDGE ( 'NONE', *, *, #307, .F. ) ;
#3801 = DIRECTION ( 'NONE',  ( -1.000000000000000000, 0.000000000000000000, 0.000000000000000000 ) ) ;
#3802 = DIRECTION ( 'NONE',  ( 1.000000000000000000, 0.000000000000000000, 0.000000000000000000 ) ) ;
#3803 = CYLINDRICAL_SURFACE ( 'NONE', #3986, 1.050000000000000488 ) ;
#3804 = ORIENTED_EDGE ( 'NONE', *, *, #869, .F. ) ;
#3805 = ORIENTED_EDGE ( 'NONE', *, *, #4092, .T. ) ;
#3806 = DIRECTION ( 'NONE',  ( 1.000000000000000000, 0.000000000000000000, 0.000000000000000000 ) ) ;
#3807 = CARTESIAN_POINT ( 'NONE',  ( 9.350000000000001421, -35.25000000000000000, 3.899999999999999911 ) ) ;
#3808 = DIRECTION ( 'NONE',  ( 0.000000000000000000, -0.000000000000000000, -1.000000000000000000 ) ) ;
#3809 = ADVANCED_FACE ( 'NONE', ( #4358 ), #105, .F. ) ;
#3810 = EDGE_CURVE ( 'NONE', #354, #754, #1063, .T. ) ;
#3811 = VERTEX_POINT ( 'NONE', #2903 ) ;
#3812 = VECTOR ( 'NONE', #2780, 1000.000000000000000 ) ;
#3813 = CARTESIAN_POINT ( 'NONE',  ( -10.25000000000000000, 0.000000000000000000, -3.899999999999999911 ) ) ;
#3814 = CARTESIAN_POINT ( 'NONE',  ( 10.25000000000000000, -2.649999999999999911, 3.900000000000000355 ) ) ;
#3815 = FACE_OUTER_BOUND ( 'NONE', #4434, .T. ) ;
#3816 = CONICAL_SURFACE ( 'NONE', #1536, 1.249999999885403446, 0.7853981633974482790 ) ;
#3817 = CARTESIAN_POINT ( 'NONE',  ( 8.000000000000000000, 11.24999999990450306, 6.000000000000000000 ) ) ;
#3818 = ORIENTED_EDGE ( 'NONE', *, *, #3892, .F. ) ;
#3819 = DIRECTION ( 'NONE',  ( 0.000000000000000000, 1.000000000000000000, 0.000000000000000000 ) ) ;
#3820 = VECTOR ( 'NONE', #1401, 1000.000000000000000 ) ;
#3821 = LINE ( 'NONE', #1585, #3243 ) ;
#3822 = ORIENTED_EDGE ( 'NONE', *, *, #2358, .F. ) ;
#3823 = FACE_OUTER_BOUND ( 'NONE', #3435, .T. ) ;
#3824 = DIRECTION ( 'NONE',  ( 0.000000000000000000, 1.000000000000000000, 0.000000000000000000 ) ) ;
#3825 = DIRECTION ( 'NONE',  ( -0.000000000000000000, 1.000000000000000000, 0.000000000000000000 ) ) ;
#3826 = EDGE_LOOP ( 'NONE', ( #3963, #1529, #2762, #4273 ) ) ;
#3827 = ORIENTED_EDGE ( 'NONE', *, *, #4473, .F. ) ;
#3828 = PLANE ( 'NONE',  #4322 ) ;
#3829 = PLANE ( 'NONE',  #3160 ) ;
#3830 = DIRECTION ( 'NONE',  ( -1.000000000000000000, -0.000000000000000000, -0.000000000000000000 ) ) ;
#3831 = VERTEX_POINT ( 'NONE', #1845 ) ;
#3832 = VECTOR ( 'NONE', #1416, 1000.000000000000000 ) ;
#3833 = VECTOR ( 'NONE', #2197, 1000.000000000000000 ) ;
#3834 = MECHANICAL_DESIGN_GEOMETRIC_PRESENTATION_REPRESENTATION (  '', ( #2790 ), #1472 ) ;
#3835 = EDGE_CURVE ( 'NONE', #1176, #3166, #1216, .T. ) ;
#3836 = CARTESIAN_POINT ( 'NONE',  ( -14.25000000000000000, -26.64999999999999858, -3.899999999999999911 ) ) ;
#3837 = VECTOR ( 'NONE', #293, 1000.000000000000000 ) ;
#3838 = ORIENTED_EDGE ( 'NONE', *, *, #2241, .T. ) ;
#3839 = CARTESIAN_POINT ( 'NONE',  ( -8.000000000000000000, -35.25000000000000000, -6.000000000000000000 ) ) ;
#3840 = AXIS2_PLACEMENT_3D ( 'NONE', #336, #3889, #3137 ) ;
#3841 = FACE_OUTER_BOUND ( 'NONE', #3503, .T. ) ;
#3842 = LINE ( 'NONE', #3774, #803 ) ;
#3843 = ORIENTED_EDGE ( 'NONE', *, *, #792, .F. ) ;
#3844 = PLANE ( 'NONE',  #2269 ) ;
#3845 = VECTOR ( 'NONE', #1757, 1000.000000000000000 ) ;
#3846 = CARTESIAN_POINT ( 'NONE',  ( -14.25000000000000000, -5.349999999999999645, 3.899999999999999911 ) ) ;
#3847 = ORIENTED_EDGE ( 'NONE', *, *, #3925, .F. ) ;
#3848 = LINE ( 'NONE', #1040, #2479 ) ;
#3849 = PLANE ( 'NONE',  #3627 ) ;
#3850 = CARTESIAN_POINT ( 'NONE',  ( -8.000000000000000000, -35.25000000007594281, -4.749999999944066076 ) ) ;
#3851 = VERTEX_POINT ( 'NONE', #4108 ) ;
#3852 = FACE_OUTER_BOUND ( 'NONE', #120, .T. ) ;
#3853 = AXIS2_PLACEMENT_3D ( 'NONE', #1319, #3753, #493 ) ;
#3854 = DIRECTION ( 'NONE',  ( 0.000000000000000000, 0.000000000000000000, -1.000000000000000000 ) ) ;
#3855 = AXIS2_PLACEMENT_3D ( 'NONE', #1494, #393, #411 ) ;
#3856 = LINE ( 'NONE', #1987, #4186 ) ;
#3857 = AXIS2_PLACEMENT_3D ( 'NONE', #1047, #3193, #3616 ) ;
#3858 = VERTEX_POINT ( 'NONE', #4408 ) ;
#3859 = AXIS2_PLACEMENT_3D ( 'NONE', #4613, #1722, #3218 ) ;
#3860 = PLANE ( 'NONE',  #9 ) ;
#3861 = ADVANCED_FACE ( 'NONE', ( #2251 ), #818, .T. ) ;
#3862 = VECTOR ( 'NONE', #3806, 1000.000000000000000 ) ;
#3863 = ORIENTED_EDGE ( 'NONE', *, *, #1537, .F. ) ;
#3864 = FACE_OUTER_BOUND ( 'NONE', #3273, .T. ) ;
#3865 = EDGE_CURVE ( 'NONE', #3831, #4095, #2299, .T. ) ;
#3866 = LINE ( 'NONE', #1316, #1238 ) ;
#3867 = LINE ( 'NONE', #633, #3915 ) ;
#3868 = EDGE_CURVE ( 'NONE', #1984, #2228, #2227, .T. ) ;
#3869 = VERTEX_POINT ( 'NONE', #1526 ) ;
#3870 = DIRECTION ( 'NONE',  ( 1.000000000000000000, 0.000000000000000000, 0.000000000000000000 ) ) ;
#3871 = ADVANCED_FACE ( 'NONE', ( #2596 ), #3016, .T. ) ;
#3872 = FACE_OUTER_BOUND ( 'NONE', #2282, .T. ) ;
#3873 = ORIENTED_EDGE ( 'NONE', *, *, #296, .F. ) ;
#3874 = DIRECTION ( 'NONE',  ( -1.000000000000000000, 0.000000000000000000, -0.000000000000000000 ) ) ;
#3875 = LINE ( 'NONE', #4325, #4529 ) ;
#3876 = DIRECTION ( 'NONE',  ( 0.000000000000000000, 0.000000000000000000, -1.000000000000000000 ) ) ;
#3877 = EDGE_LOOP ( 'NONE', ( #2707, #3101, #2521, #4412 ) ) ;
#3878 = LINE ( 'NONE', #2102, #375 ) ;
#3879 = FACE_OUTER_BOUND ( 'NONE', #1545, .T. ) ;
#3880 = DIRECTION ( 'NONE',  ( 1.000000000000000000, 0.000000000000000000, 0.000000000000000000 ) ) ;
#3881 = VECTOR ( 'NONE', #4571, 1000.000000000000114 ) ;
#3882 = EDGE_LOOP ( 'NONE', ( #1698, #4597, #626, #669 ) ) ;
#3883 = CARTESIAN_POINT ( 'NONE',  ( 8.000000000000000000, 7.250000000000000000, 4.949999999999999289 ) ) ;
#3884 = ADVANCED_FACE ( 'NONE', ( #862 ), #2523, .F. ) ;
#3885 = DIRECTION ( 'NONE',  ( 1.000000000000000000, 0.000000000000000000, -0.000000000000000000 ) ) ;
#3886 = ORIENTED_EDGE ( 'NONE', *, *, #3202, .F. ) ;
#3887 = CARTESIAN_POINT ( 'NONE',  ( -11.96005050634000177, -34.54999999999999716, 11.50000000000000000 ) ) ;
#3888 = CARTESIAN_POINT ( 'NONE',  ( -10.25000000000000000, -29.35000000000000142, 3.900000000000000355 ) ) ;
#3889 = DIRECTION ( 'NONE',  ( 1.000000000000000000, 0.000000000000000000, 0.000000000000000000 ) ) ;
#3890 = VERTEX_POINT ( 'NONE', #2318 ) ;
#3891 = DIRECTION ( 'NONE',  ( 0.000000000000000000, -0.000000000000000000, 1.000000000000000000 ) ) ;
#3892 = EDGE_CURVE ( 'NONE', #1261, #2587, #4404, .T. ) ;
#3893 = EDGE_CURVE ( 'NONE', #2882, #2027, #507, .T. ) ;
#3894 = EDGE_CURVE ( 'NONE', #2239, #3315, #1895, .T. ) ;
#3895 = ORIENTED_EDGE ( 'NONE', *, *, #57, .T. ) ;
#3896 = LINE ( 'NONE', #3143, #2939 ) ;
#3897 = CARTESIAN_POINT ( 'NONE',  ( -8.349999999999999645, -19.30000000000000071, -10.80000000000000071 ) ) ;
#3898 = CARTESIAN_POINT ( 'NONE',  ( -14.25000000000000000, -26.64999999999999858, -10.80000000000000071 ) ) ;
#3899 = ORIENTED_EDGE ( 'NONE', *, *, #3430, .T. ) ;
#3900 = CONICAL_SURFACE ( 'NONE', #1851, 1.250000000055479399, 0.7853981635395568262 ) ;
#3901 = DIRECTION ( 'NONE',  ( 0.000000000000000000, -1.000000000000000000, 0.000000000000000000 ) ) ;
#3902 = CARTESIAN_POINT ( 'NONE',  ( 13.55000000000000071, -32.96005050634000355, 10.80000000000000071 ) ) ;
#3903 = LINE ( 'NONE', #649, #2349 ) ;
#3904 = CARTESIAN_POINT ( 'NONE',  ( 8.000000000000000000, -35.25000000000000000, 4.949999999999999289 ) ) ;
#3905 = CARTESIAN_POINT ( 'NONE',  ( 11.96005050634000177, -34.54999999999999716, 10.80000000000000071 ) ) ;
#3906 = DIRECTION ( 'NONE',  ( -1.000000000000000000, 0.000000000000000000, 0.000000000000000000 ) ) ;
#3907 = VECTOR ( 'NONE', #3400, 1000.000000000000000 ) ;
#3908 = CIRCLE ( 'NONE', #2709, 1.250000000027284841 ) ;
#3909 = VERTEX_POINT ( 'NONE', #1869 ) ;
#3910 = DIRECTION ( 'NONE',  ( 0.000000000000000000, 0.000000000000000000, -1.000000000000000000 ) ) ;
#3911 = VECTOR ( 'NONE', #1177, 1000.000000000000000 ) ;
#3912 = EDGE_CURVE ( 'NONE', #4100, #4250, #1571, .T. ) ;
#3913 = AXIS2_PLACEMENT_3D ( 'NONE', #1830, #3282, #431 ) ;
#3914 = AXIS2_PLACEMENT_3D ( 'NONE', #1939, #4090, #4381 ) ;
#3915 = VECTOR ( 'NONE', #3162, 1000.000000000000000 ) ;
#3916 = LINE ( 'NONE', #4267, #1773 ) ;
#3917 = FACE_OUTER_BOUND ( 'NONE', #4492, .T. ) ;
#3918 = ORIENTED_EDGE ( 'NONE', *, *, #4387, .T. ) ;
#3919 = FACE_OUTER_BOUND ( 'NONE', #825, .T. ) ;
#3920 = DIRECTION ( 'NONE',  ( 0.7071067811865475727, 0.7071067811865475727, 0.000000000000000000 ) ) ;
#3921 = ORIENTED_EDGE ( 'NONE', *, *, #2687, .F. ) ;
#3922 = LINE ( 'NONE', #4225, #3083 ) ;
#3923 = DIRECTION ( 'NONE',  ( 0.000000000000000000, 0.000000000000000000, -1.000000000000000000 ) ) ;
#3924 = DIRECTION ( 'NONE',  ( 0.000000000000000000, -1.000000000000000000, 0.000000000000000000 ) ) ;
#3925 = EDGE_CURVE ( 'NONE', #4557, #3811, #3350, .T. ) ;
#3926 = ORIENTED_EDGE ( 'NONE', *, *, #1421, .T. ) ;
#3927 = EDGE_CURVE ( 'NONE', #1329, #747, #2992, .T. ) ;
#3928 = CARTESIAN_POINT ( 'NONE',  ( -10.25000000000000000, -26.64999999999999858, 3.899999999999999911 ) ) ;
#3929 = ORIENTED_EDGE ( 'NONE', *, *, #1268, .F. ) ;
#3930 = LINE ( 'NONE', #1050, #1118 ) ;
#3931 = PLANE ( 'NONE',  #2399 ) ;
#3932 = AXIS2_PLACEMENT_3D ( 'NONE', #1561, #2359, #3799 ) ;
#3933 = EDGE_CURVE ( 'NONE', #980, #387, #463, .T. ) ;
#3934 = CARTESIAN_POINT ( 'NONE',  ( 13.55000000000000071, -32.96005050634000355, 10.80000000000000071 ) ) ;
#3935 = VECTOR ( 'NONE', #3640, 1000.000000000000000 ) ;
#3936 = DIRECTION ( 'NONE',  ( 0.000000000000000000, -1.000000000000000000, 0.000000000000000000 ) ) ;
#3937 = ORIENTED_EDGE ( 'NONE', *, *, #3510, .F. ) ;
#3938 = LINE ( 'NONE', #967, #3357 ) ;
#3939 = VECTOR ( 'NONE', #4118, 1000.000000000000000 ) ;
#3940 = VECTOR ( 'NONE', #1839, 1000.000000000000000 ) ;
#3941 = DIRECTION ( 'NONE',  ( -0.7071067811865474617, -0.7071067811865474617, -0.000000000000000000 ) ) ;
#3942 = LINE ( 'NONE', #2113, #1181 ) ;
#3943 = ORIENTED_EDGE ( 'NONE', *, *, #2425, .T. ) ;
#3944 = LINE ( 'NONE', #3206, #2734 ) ;
#3945 = DIRECTION ( 'NONE',  ( 0.000000000000000000, 1.000000000000000000, 0.000000000000000000 ) ) ;
#3946 = EDGE_LOOP ( 'NONE', ( #3637, #601 ) ) ;
#3947 = DIRECTION ( 'NONE',  ( -0.000000000000000000, 0.000000000000000000, 1.000000000000000000 ) ) ;
#3948 = PLANE ( 'NONE',  #2505 ) ;
#3949 = CARTESIAN_POINT ( 'NONE',  ( -14.25000000000000000, -5.349999999999999645, -3.899999999999999911 ) ) ;
#3950 = ORIENTED_EDGE ( 'NONE', *, *, #1045, .F. ) ;
#3951 = DIRECTION ( 'NONE',  ( 1.000000000000000000, 0.000000000000000000, 0.000000000000000000 ) ) ;
#3952 = AXIS2_PLACEMENT_3D ( 'NONE', #3696, #2639, #3766 ) ;
#3953 = ORIENTED_EDGE ( 'NONE', *, *, #3605, .T. ) ;
#3954 = DIRECTION ( 'NONE',  ( -0.7071067811865474617, -0.7071067811865474617, 0.000000000000000000 ) ) ;
#3955 = DIRECTION ( 'NONE',  ( 0.000000000000000000, 1.000000000000000000, 0.000000000000000000 ) ) ;
#3956 = CARTESIAN_POINT ( 'NONE',  ( -14.25000000000000000, -5.349999999999999645, -3.899999999999999911 ) ) ;
#3957 = ADVANCED_FACE ( 'NONE', ( #1130 ), #164, .F. ) ;
#3958 = CARTESIAN_POINT ( 'NONE',  ( -8.000000000000000000, -35.25000000007594281, 6.000000000000000000 ) ) ;
#3959 = ADVANCED_FACE ( 'NONE', ( #1918 ), #1172, .T. ) ;
#3960 = VECTOR ( 'NONE', #2462, 1000.000000000000000 ) ;
#3961 = CARTESIAN_POINT ( 'NONE',  ( -11.96005050634000177, 10.55000000000000071, 11.50000000000000000 ) ) ;
#3962 = VERTEX_POINT ( 'NONE', #1595 ) ;
#3963 = ORIENTED_EDGE ( 'NONE', *, *, #2575, .T. ) ;
#3964 = FACE_OUTER_BOUND ( 'NONE', #2615, .T. ) ;
#3965 = DIRECTION ( 'NONE',  ( 0.000000000000000000, 0.000000000000000000, -1.000000000000000000 ) ) ;
#3966 = ORIENTED_EDGE ( 'NONE', *, *, #3171, .F. ) ;
#3967 = ORIENTED_EDGE ( 'NONE', *, *, #2628, .F. ) ;
#3968 = FACE_OUTER_BOUND ( 'NONE', #1198, .T. ) ;
#3969 = LINE ( 'NONE', #619, #2500 ) ;
#3970 = CARTESIAN_POINT ( 'NONE',  ( 8.000000000000000000, -31.25000000000000000, -7.050000000000000711 ) ) ;
#3971 = ORIENTED_EDGE ( 'NONE', *, *, #1242, .F. ) ;
#3972 = ORIENTED_EDGE ( 'NONE', *, *, #3418, .F. ) ;
#3973 = EDGE_CURVE ( 'NONE', #3301, #2287, #1195, .T. ) ;
#3974 = ORIENTED_EDGE ( 'NONE', *, *, #3373, .T. ) ;
#3975 = DIRECTION ( 'NONE',  ( 1.000000000000000000, 0.000000000000000000, -0.000000000000000000 ) ) ;
#3976 = LINE ( 'NONE', #1052, #1775 ) ;
#3977 = VECTOR ( 'NONE', #2692, 1000.000000000000000 ) ;
#3978 = DIRECTION ( 'NONE',  ( 1.000000000000000000, 0.000000000000000000, 0.000000000000000000 ) ) ;
#3979 = DIRECTION ( 'NONE',  ( 0.000000000000000000, 1.000000000000000000, 0.000000000000000000 ) ) ;
#3980 = ORIENTED_EDGE ( 'NONE', *, *, #1219, .F. ) ;
#3981 = ORIENTED_EDGE ( 'NONE', *, *, #3321, .F. ) ;
#3982 = ADVANCED_FACE ( 'NONE', ( #3521 ), #876, .F. ) ;
#3983 = DIRECTION ( 'NONE',  ( 1.000000000000000000, 0.000000000000000000, 0.000000000000000000 ) ) ;
#3984 = DIRECTION ( 'NONE',  ( 1.000000000000000000, 0.000000000000000000, 0.000000000000000000 ) ) ;
#3985 = VERTEX_POINT ( 'NONE', #2730 ) ;
#3986 = AXIS2_PLACEMENT_3D ( 'NONE', #525, #2314, #179 ) ;
#3987 = VECTOR ( 'NONE', #3780, 1000.000000000000000 ) ;
#3988 = VERTEX_POINT ( 'NONE', #2368 ) ;
#3989 = DIRECTION ( 'NONE',  ( -0.000000000000000000, -1.000000000000000000, 0.000000000000000000 ) ) ;
#3990 = VECTOR ( 'NONE', #807, 1000.000000000000000 ) ;
#3991 = LINE ( 'NONE', #3001, #1968 ) ;
#3992 = CARTESIAN_POINT ( 'NONE',  ( 14.25000000003274181, -4.000000000000000000, 7.250000000027284841 ) ) ;
#3993 = ORIENTED_EDGE ( 'NONE', *, *, #2008, .F. ) ;
#3994 = EDGE_LOOP ( 'NONE', ( #4145, #966, #195, #3895 ) ) ;
#3995 = CARTESIAN_POINT ( 'NONE',  ( 14.25000000000000000, -4.000000000000000000, 7.050000000000000711 ) ) ;
#3996 = ORIENTED_EDGE ( 'NONE', *, *, #1277, .F. ) ;
#3997 = CARTESIAN_POINT ( 'NONE',  ( 8.000000000000000000, -31.25000000000000000, -4.949999999999999289 ) ) ;
#3998 = CARTESIAN_POINT ( 'NONE',  ( 10.25000000000000000, -28.00000000000000000, -6.000000000000000000 ) ) ;
#3999 = CARTESIAN_POINT ( 'NONE',  ( 0.000000000000000000, -31.25000000000000000, -10.80000000000000071 ) ) ;
#4000 = ORIENTED_EDGE ( 'NONE', *, *, #838, .F. ) ;
#4001 = DIRECTION ( 'NONE',  ( 1.000000000000000000, 0.000000000000000000, 0.000000000000000000 ) ) ;
#4002 = DIRECTION ( 'NONE',  ( 1.000000000000000000, 0.000000000000000000, 0.000000000000000000 ) ) ;
#4003 = ORIENTED_EDGE ( 'NONE', *, *, #513, .T. ) ;
#4004 = ORIENTED_EDGE ( 'NONE', *, *, #498, .F. ) ;
#4005 = EDGE_CURVE ( 'NONE', #2598, #3355, #4207, .T. ) ;
#4006 = CARTESIAN_POINT ( 'NONE',  ( 10.25000000000000000, -28.00000000000000000, -7.050000000000000711 ) ) ;
#4007 = CONICAL_SURFACE ( 'NONE', #3403, 1.250000000055933702, 0.7853981635395568262 ) ;
#4008 = DIRECTION ( 'NONE',  ( 0.000000000000000000, -0.000000000000000000, 1.000000000000000000 ) ) ;
#4009 = EDGE_LOOP ( 'NONE', ( #1965, #4278, #420, #264 ) ) ;
#4010 = AXIS2_PLACEMENT_3D ( 'NONE', #4624, #2845, #1371 ) ;
#4011 = ORIENTED_EDGE ( 'NONE', *, *, #137, .F. ) ;
#4012 = FACE_OUTER_BOUND ( 'NONE', #2746, .T. ) ;
#4013 = EDGE_CURVE ( 'NONE', #215, #1739, #1255, .T. ) ;
#4014 = CARTESIAN_POINT ( 'NONE',  ( 8.000000000000000000, -35.24999999999045031, -4.750000000029560354 ) ) ;
#4015 = VERTEX_POINT ( 'NONE', #2414 ) ;
#4016 = FACE_OUTER_BOUND ( 'NONE', #13, .T. ) ;
#4017 = LINE ( 'NONE', #2652, #4148 ) ;
#4018 = VERTEX_POINT ( 'NONE', #3080 ) ;
#4019 = DIRECTION ( 'NONE',  ( 0.000000000000000000, -0.000000000000000000, 1.000000000000000000 ) ) ;
#4020 = CARTESIAN_POINT ( 'NONE',  ( 11.96005050634000177, -34.54999999999999716, 11.50000000000000000 ) ) ;
#4021 = DIRECTION ( 'NONE',  ( -0.000000000000000000, -0.000000000000000000, -1.000000000000000000 ) ) ;
#4022 = ORIENTED_EDGE ( 'NONE', *, *, #908, .T. ) ;
#4023 = DIRECTION ( 'NONE',  ( 0.000000000000000000, 0.000000000000000000, 1.000000000000000000 ) ) ;
#4024 = CARTESIAN_POINT ( 'NONE',  ( 14.24999999989040589, -28.00000000000000000, 7.249999999884948920 ) ) ;
#4025 = ORIENTED_EDGE ( 'NONE', *, *, #4407, .T. ) ;
#4026 = ORIENTED_EDGE ( 'NONE', *, *, #2901, .T. ) ;
#4027 = CARTESIAN_POINT ( 'NONE',  ( -14.24999999999999822, -33.25000000000000000, -11.50000000000000000 ) ) ;
#4028 = DIRECTION ( 'NONE',  ( 0.000000000000000000, 0.000000000000000000, 1.000000000000000000 ) ) ;
#4029 = ORIENTED_EDGE ( 'NONE', *, *, #551, .T. ) ;
#4030 = AXIS2_PLACEMENT_3D ( 'NONE', #3389, #1269, #2738 ) ;
#4031 = EDGE_LOOP ( 'NONE', ( #3921, #461, #679, #3617 ) ) ;
#4032 = DIRECTION ( 'NONE',  ( 1.000000000000000000, -0.000000000000000000, -0.000000000000000000 ) ) ;
#4033 = CARTESIAN_POINT ( 'NONE',  ( -8.349999999999999645, -19.30000000000000071, -10.80000000000000071 ) ) ;
#4034 = ORIENTED_EDGE ( 'NONE', *, *, #871, .T. ) ;
#4035 = DIRECTION ( 'NONE',  ( -0.7071067811865474617, -0.7071067811865474617, -0.000000000000000000 ) ) ;
#4036 = EDGE_CURVE ( 'NONE', #44, #94, #1264, .T. ) ;
#4037 = ADVANCED_FACE ( 'NONE', ( #1287 ), #229, .F. ) ;
#4038 = CIRCLE ( 'NONE', #334, 1.049999999935607553 ) ;
#4039 = CARTESIAN_POINT ( 'NONE',  ( -10.25000000000000000, -3.649999999999999911, -3.899999999999999911 ) ) ;
#4040 = EDGE_LOOP ( 'NONE', ( #2663, #540 ) ) ;
#4041 = DIRECTION ( 'NONE',  ( 1.000000000000000000, 0.000000000000000000, 0.000000000000000000 ) ) ;
#4042 = LINE ( 'NONE', #790, #1246 ) ;
#4043 = EDGE_CURVE ( 'NONE', #3712, #3301, #4160, .T. ) ;
#4044 = ORIENTED_EDGE ( 'NONE', *, *, #28, .T. ) ;
#4045 = LINE ( 'NONE', #1894, #830 ) ;
#4046 = CARTESIAN_POINT ( 'NONE',  ( 14.25000000000000000, -28.35000000000000497, 3.899999999999999911 ) ) ;
#4047 = ORIENTED_EDGE ( 'NONE', *, *, #186, .F. ) ;
#4048 = AXIS2_PLACEMENT_3D ( 'NONE', #357, #1083, #1848 ) ;
#4049 = PRESENTATION_STYLE_ASSIGNMENT (( #2979 ) ) ;
#4050 = VERTEX_POINT ( 'NONE', #4135 ) ;
#4051 = VERTEX_POINT ( 'NONE', #886 ) ;
#4052 = DIRECTION ( 'NONE',  ( 0.000000000000000000, 1.000000000000000000, -0.000000000000000000 ) ) ;
#4053 = CARTESIAN_POINT ( 'NONE',  ( -14.25000000000000000, -28.35000000000000142, -3.899999999999999911 ) ) ;
#4054 = EDGE_LOOP ( 'NONE', ( #955, #4182, #377, #2438, #2046, #3045, #1203, #1932 ) ) ;
#4055 = DIRECTION ( 'NONE',  ( 0.000000000000000000, 0.000000000000000000, -1.000000000000000000 ) ) ;
#4056 = VECTOR ( 'NONE', #78, 1000.000000000000000 ) ;
#4057 = VECTOR ( 'NONE', #4623, 1000.000000000000000 ) ;
#4058 = VECTOR ( 'NONE', #4574, 1000.000000000000000 ) ;
#4059 = VECTOR ( 'NONE', #95, 1000.000000000000000 ) ;
#4060 = ADVANCED_FACE ( 'NONE', ( #3879 ), #3829, .T. ) ;
#4061 = FACE_OUTER_BOUND ( 'NONE', #374, .T. ) ;
#4062 = ORIENTED_EDGE ( 'NONE', *, *, #83, .T. ) ;
#4063 = CARTESIAN_POINT ( 'NONE',  ( 10.25000000000000000, -28.00000000000000000, 6.000000000000000000 ) ) ;
#4064 = CARTESIAN_POINT ( 'NONE',  ( 10.25000000000000000, -5.349999999999999645, -3.899999999999999911 ) ) ;
#4065 = FACE_OUTER_BOUND ( 'NONE', #3246, .T. ) ;
#4066 = AXIS2_PLACEMENT_3D ( 'NONE', #2839, #4596, #2881 ) ;
#4067 = ORIENTED_EDGE ( 'NONE', *, *, #243, .T. ) ;
#4068 = FACE_OUTER_BOUND ( 'NONE', #4397, .T. ) ;
#4069 = CARTESIAN_POINT ( 'NONE',  ( -14.24999999989040589, -28.00000000000000000, 4.750000000115051080 ) ) ;
#4070 = ADVANCED_FACE ( 'NONE', ( #2345 ), #2052, .T. ) ;
#4071 = EDGE_LOOP ( 'NONE', ( #3886, #4133, #1085, #779 ) ) ;
#4072 = DIRECTION ( 'NONE',  ( -0.000000000000000000, 1.000000000000000000, 0.000000000000000000 ) ) ;
#4073 = VECTOR ( 'NONE', #3092, 1000.000000000000000 ) ;
#4074 = CYLINDRICAL_SURFACE ( 'NONE', #3499, 1.050000000000000488 ) ;
#4075 = EDGE_LOOP ( 'NONE', ( #185, #937, #3306, #253 ) ) ;
#4076 = CIRCLE ( 'NONE', #4232, 1.249999999970441422 ) ;
#4077 = VECTOR ( 'NONE', #3215, 1000.000000000000000 ) ;
#4078 = CARTESIAN_POINT ( 'NONE',  ( 14.24999999989040589, -4.000000000000000000, -6.000000000000000000 ) ) ;
#4079 = CIRCLE ( 'NONE', #822, 1.049999999935607553 ) ;
#4080 = DIRECTION ( 'NONE',  ( -0.000000000000000000, -0.000000000000000000, 1.000000000000000000 ) ) ;
#4081 = ORIENTED_EDGE ( 'NONE', *, *, #3868, .T. ) ;
#4082 = FACE_OUTER_BOUND ( 'NONE', #4414, .T. ) ;
#4083 = LINE ( 'NONE', #1859, #3334 ) ;
#4084 = ORIENTED_EDGE ( 'NONE', *, *, #4493, .T. ) ;
#4085 = FACE_OUTER_BOUND ( 'NONE', #2000, .T. ) ;
#4086 = FACE_OUTER_BOUND ( 'NONE', #3755, .T. ) ;
#4087 = LINE ( 'NONE', #4377, #1625 ) ;
#4088 = ORIENTED_EDGE ( 'NONE', *, *, #3287, .T. ) ;
#4089 = CARTESIAN_POINT ( 'NONE',  ( -11.96005050634000177, 10.55000000000000071, 10.80000000000000071 ) ) ;
#4090 = DIRECTION ( 'NONE',  ( 1.000000000000000000, 0.000000000000000000, 0.000000000000000000 ) ) ;
#4091 = ORIENTED_EDGE ( 'NONE', *, *, #2510, .F. ) ;
#4092 = EDGE_CURVE ( 'NONE', #2882, #1639, #3151, .T. ) ;
#4093 = EDGE_CURVE ( 'NONE', #128, #509, #2075, .T. ) ;
#4094 = LINE ( 'NONE', #1577, #1627 ) ;
#4095 = VERTEX_POINT ( 'NONE', #3788 ) ;
#4096 = CARTESIAN_POINT ( 'NONE',  ( -14.24999999997544364, -28.00000000000000000, -4.750000000029558578 ) ) ;
#4097 = AXIS2_PLACEMENT_3D ( 'NONE', #4216, #1032, #2036 ) ;
#4098 = DIRECTION ( 'NONE',  ( 0.000000000000000000, 0.000000000000000000, 1.000000000000000000 ) ) ;
#4099 = ORIENTED_EDGE ( 'NONE', *, *, #3063, .T. ) ;
#4100 = VERTEX_POINT ( 'NONE', #1986 ) ;
#4101 = CARTESIAN_POINT ( 'NONE',  ( -8.000000000000000000, -35.25000000007594281, 4.749999999944520823 ) ) ;
#4102 = EDGE_LOOP ( 'NONE', ( #4532, #804, #7, #2196 ) ) ;
#4103 = DIRECTION ( 'NONE',  ( 0.000000000000000000, 1.000000000000000000, 0.000000000000000000 ) ) ;
#4104 = CARTESIAN_POINT ( 'NONE',  ( 14.25000000000000000, -27.64999999999999858, -3.899999999999999911 ) ) ;
#4105 = ORIENTED_EDGE ( 'NONE', *, *, #83, .F. ) ;
#4106 = VERTEX_POINT ( 'NONE', #3433 ) ;
#4107 = DIRECTION ( 'NONE',  ( 0.000000000000000000, -0.000000000000000000, 1.000000000000000000 ) ) ;
#4108 = CARTESIAN_POINT ( 'NONE',  ( -8.000000000000000000, -35.24999999993360689, -7.249999999913596227 ) ) ;
#4109 = FACE_OUTER_BOUND ( 'NONE', #2471, .T. ) ;
#4110 = ORIENTED_EDGE ( 'NONE', *, *, #1947, .T. ) ;
#4111 = ADVANCED_FACE ( 'NONE', ( #4542 ), #576, .T. ) ;
#4112 = ADVANCED_FACE ( 'NONE', ( #3475 ), #1669, .T. ) ;
#4113 = DIRECTION ( 'NONE',  ( 0.000000000000000000, 1.000000000000000000, 0.000000000000000000 ) ) ;
#4114 = VERTEX_POINT ( 'NONE', #3174 ) ;
#4115 = DIRECTION ( 'NONE',  ( 1.000000000000000000, 0.000000000000000000, -0.000000000000000000 ) ) ;
#4116 = EDGE_CURVE ( 'NONE', #3590, #2367, #3930, .T. ) ;
#4117 = ORIENTED_EDGE ( 'NONE', *, *, #2301, .F. ) ;
#4118 = DIRECTION ( 'NONE',  ( 0.000000000000000000, 0.000000000000000000, -1.000000000000000000 ) ) ;
#4119 = EDGE_CURVE ( 'NONE', #2343, #4114, #4221, .T. ) ;
#4120 = CARTESIAN_POINT ( 'NONE',  ( -10.25000000000000000, 0.000000000000000000, -10.80000000000000071 ) ) ;
#4121 = ORIENTED_EDGE ( 'NONE', *, *, #3401, .F. ) ;
#4122 = DIRECTION ( 'NONE',  ( 0.000000000000000000, 0.000000000000000000, -1.000000000000000000 ) ) ;
#4123 = VECTOR ( 'NONE', #4670, 1000.000000000000000 ) ;
#4124 = AXIS2_PLACEMENT_3D ( 'NONE', #564, #4103, #1281 ) ;
#4125 = FACE_OUTER_BOUND ( 'NONE', #2492, .T. ) ;
#4126 = PLANE ( 'NONE',  #4655 ) ;
#4127 = ORIENTED_EDGE ( 'NONE', *, *, #3517, .F. ) ;
#4128 = AXIS2_PLACEMENT_3D ( 'NONE', #3675, #4028, #4364 ) ;
#4129 = VECTOR ( 'NONE', #4345, 1000.000000000000000 ) ;
#4130 = AXIS2_PLACEMENT_3D ( 'NONE', #2213, #2982, #4369 ) ;
#4131 = AXIS2_PLACEMENT_3D ( 'NONE', #4451, #2972, #2666 ) ;
#4132 = AXIS2_PLACEMENT_3D ( 'NONE', #2137, #1341, #3582 ) ;
#4133 = ORIENTED_EDGE ( 'NONE', *, *, #1133, .F. ) ;
#4134 = LINE ( 'NONE', #885, #232 ) ;
#4135 = CARTESIAN_POINT ( 'NONE',  ( -14.24999999997589839, -4.000000000000000000, 4.750000000029558578 ) ) ;
#4136 = DIRECTION ( 'NONE',  ( 0.000000000000000000, 0.000000000000000000, -1.000000000000000000 ) ) ;
#4137 = ORIENTED_EDGE ( 'NONE', *, *, #1468, .F. ) ;
#4138 = CARTESIAN_POINT ( 'NONE',  ( -11.96005050634000355, -34.54999999999999716, -10.80000000000000071 ) ) ;
#4139 = EDGE_CURVE ( 'NONE', #3384, #3166, #1844, .T. ) ;
#4140 = DIRECTION ( 'NONE',  ( -1.000000000000000000, -0.000000000000000000, -0.000000000000000000 ) ) ;
#4141 = EDGE_CURVE ( 'NONE', #1778, #2653, #1419, .T. ) ;
#4142 = DIRECTION ( 'NONE',  ( 1.000000000000000000, 0.000000000000000000, 0.000000000000000000 ) ) ;
#4143 = VECTOR ( 'NONE', #2470, 1000.000000000000000 ) ;
#4144 = DIRECTION ( 'NONE',  ( 0.000000000000000000, -0.000000000000000000, -1.000000000000000000 ) ) ;
#4145 = ORIENTED_EDGE ( 'NONE', *, *, #470, .F. ) ;
#4146 = CARTESIAN_POINT ( 'NONE',  ( -8.000000000000000000, -35.25000000007594281, 7.250000000055479177 ) ) ;
#4147 = EDGE_CURVE ( 'NONE', #4050, #2057, #1200, .T. ) ;
#4148 = VECTOR ( 'NONE', #2629, 1000.000000000000114 ) ;
#4149 = CARTESIAN_POINT ( 'NONE',  ( 14.25000000000000000, -5.349999999999999645, 3.899999999999999911 ) ) ;
#4150 = ORIENTED_EDGE ( 'NONE', *, *, #2572, .F. ) ;
#4151 = CARTESIAN_POINT ( 'NONE',  ( 10.25000000000000000, -4.349999999999999645, -3.899999999999999911 ) ) ;
#4152 = LINE ( 'NONE', #4485, #2880 ) ;
#4153 = FACE_OUTER_BOUND ( 'NONE', #1916, .T. ) ;
#4154 = VECTOR ( 'NONE', #1730, 1000.000000000000000 ) ;
#4155 = ORIENTED_EDGE ( 'NONE', *, *, #4173, .T. ) ;
#4156 = AXIS2_PLACEMENT_3D ( 'NONE', #567, #4535, #2382 ) ;
#4157 = VECTOR ( 'NONE', #3598, 1000.000000000000000 ) ;
#4158 = CIRCLE ( 'NONE', #1051, 1.050000000000000488 ) ;
#4159 = ORIENTED_EDGE ( 'NONE', *, *, #21, .T. ) ;
#4160 = LINE ( 'NONE', #3807, #496 ) ;
#4161 = CARTESIAN_POINT ( 'NONE',  ( 14.04999999994061000, -28.00000000000000000, -6.000000000000000000 ) ) ;
#4162 = ORIENTED_EDGE ( 'NONE', *, *, #1581, .F. ) ;
#4163 = VECTOR ( 'NONE', #1613, 1000.000000000000000 ) ;
#4164 = DIRECTION ( 'NONE',  ( 1.000000000000000000, 0.000000000000000000, -0.000000000000000000 ) ) ;
#4165 = CARTESIAN_POINT ( 'NONE',  ( 6.649999999999999467, -35.25000000000000000, 3.899999999999999911 ) ) ;
#4166 = ORIENTED_EDGE ( 'NONE', *, *, #763, .F. ) ;
#4167 = DIRECTION ( 'NONE',  ( 0.000000000000000000, 0.000000000000000000, -1.000000000000000000 ) ) ;
#4168 = AXIS2_PLACEMENT_3D ( 'NONE', #399, #3979, #3245 ) ;
#4169 = DIRECTION ( 'NONE',  ( 0.000000000000000000, 1.000000000000000000, -0.000000000000000000 ) ) ;
#4170 = DIRECTION ( 'NONE',  ( 0.000000000000000000, -0.000000000000000000, -1.000000000000000000 ) ) ;
#4171 = VERTEX_POINT ( 'NONE', #3572 ) ;
#4172 = CARTESIAN_POINT ( 'NONE',  ( 0.000000000000000000, 7.250000000000000000, -10.80000000000000071 ) ) ;
#4173 = EDGE_CURVE ( 'NONE', #729, #2228, #303, .T. ) ;
#4174 = CIRCLE ( 'NONE', #1677, 1.049999999935153250 ) ;
#4175 = LINE ( 'NONE', #4101, #2498 ) ;
#4176 = ORIENTED_EDGE ( 'NONE', *, *, #1074, .F. ) ;
#4177 = CARTESIAN_POINT ( 'NONE',  ( 14.25000000000000000, -33.25000000000000000, -10.80000000000000071 ) ) ;
#4178 = CARTESIAN_POINT ( 'NONE',  ( 8.000000000000000000, 11.24999999990450306, 4.750000000115051080 ) ) ;
#4179 = DIRECTION ( 'NONE',  ( -1.000000000000000000, 0.000000000000000000, 0.000000000000000000 ) ) ;
#4180 = EDGE_CURVE ( 'NONE', #2673, #3962, #739, .T. ) ;
#4181 = ORIENTED_EDGE ( 'NONE', *, *, #1363, .T. ) ;
#4182 = ORIENTED_EDGE ( 'NONE', *, *, #1113, .F. ) ;
#4183 = FACE_OUTER_BOUND ( 'NONE', #3764, .T. ) ;
#4184 = CARTESIAN_POINT ( 'NONE',  ( 10.25000000000000000, -29.35000000000000142, -3.899999999999999911 ) ) ;
#4185 = ORIENTED_EDGE ( 'NONE', *, *, #4203, .F. ) ;
#4186 = VECTOR ( 'NONE', #1964, 1000.000000000000000 ) ;
#4187 = DIRECTION ( 'NONE',  ( 0.000000000000000000, 0.000000000000000000, -1.000000000000000000 ) ) ;
#4188 = EDGE_LOOP ( 'NONE', ( #68, #2720, #3668, #3061 ) ) ;
#4189 = DIRECTION ( 'NONE',  ( 0.000000000000000000, 0.000000000000000000, -1.000000000000000000 ) ) ;
#4190 = DIRECTION ( 'NONE',  ( 0.000000000000000000, 0.000000000000000000, 1.000000000000000000 ) ) ;
#4191 = VECTOR ( 'NONE', #1774, 1000.000000000000000 ) ;
#4192 = CARTESIAN_POINT ( 'NONE',  ( 10.25000000000000000, -28.00000000000000000, -4.949999999999999289 ) ) ;
#4193 = ORIENTED_EDGE ( 'NONE', *, *, #53, .T. ) ;
#4194 = DIRECTION ( 'NONE',  ( 1.000000000000000000, -0.000000000000000000, 0.000000000000000000 ) ) ;
#4195 = AXIS2_PLACEMENT_3D ( 'NONE', #3454, #4136, #533 ) ;
#4196 = DIRECTION ( 'NONE',  ( 1.000000000000000000, 0.000000000000000000, -0.000000000000000000 ) ) ;
#4197 = ORIENTED_EDGE ( 'NONE', *, *, #957, .F. ) ;
#4198 = CARTESIAN_POINT ( 'NONE',  ( 14.25000000000000000, -27.64999999999999858, -3.899999999999999911 ) ) ;
#4199 = EDGE_CURVE ( 'NONE', #1406, #1321, #326, .T. ) ;
#4200 = CARTESIAN_POINT ( 'NONE',  ( -14.25000000000000000, -28.00000000000000000, 4.949999999999999289 ) ) ;
#4201 = LINE ( 'NONE', #927, #2013 ) ;
#4202 = ORIENTED_EDGE ( 'NONE', *, *, #2278, .F. ) ;
#4203 = EDGE_CURVE ( 'NONE', #1002, #471, #4283, .T. ) ;
#4204 = ORIENTED_EDGE ( 'NONE', *, *, #4239, .T. ) ;
#4205 = CARTESIAN_POINT ( 'NONE',  ( -14.25000000000000000, -5.349999999999999645, 3.899999999999999911 ) ) ;
#4206 = EDGE_CURVE ( 'NONE', #699, #46, #1400, .T. ) ;
#4207 = LINE ( 'NONE', #1694, #4513 ) ;
#4208 = CARTESIAN_POINT ( 'NONE',  ( 14.25000000003274181, -4.000000000000000000, 6.000000000000000000 ) ) ;
#4209 = ORIENTED_EDGE ( 'NONE', *, *, #1037, .F. ) ;
#4210 = CONICAL_SURFACE ( 'NONE', #3012, 1.249999999884949142, 0.7853981633974482790 ) ;
#4211 = FACE_OUTER_BOUND ( 'NONE', #2384, .T. ) ;
#4212 = ADVANCED_FACE ( 'NONE', ( #371 ), #2493, .F. ) ;
#4213 = AXIS2_PLACEMENT_3D ( 'NONE', #1438, #1089, #2983 ) ;
#4214 = ADVANCED_FACE ( 'NONE', ( #1790 ), #4607, .F. ) ;
#4215 = ORIENTED_EDGE ( 'NONE', *, *, #1156, .F. ) ;
#4216 = CARTESIAN_POINT ( 'NONE',  ( 8.000000000000000000, -35.24999999999090505, 6.000000000000000000 ) ) ;
#4217 = DIRECTION ( 'NONE',  ( -1.000000000000000000, 0.000000000000000000, -0.000000000000000000 ) ) ;
#4218 = FACE_OUTER_BOUND ( 'NONE', #1603, .T. ) ;
#4219 = VERTEX_POINT ( 'NONE', #1354 ) ;
#4220 = LINE ( 'NONE', #4665, #671 ) ;
#4221 = CIRCLE ( 'NONE', #3286, 1.050000000000000488 ) ;
#4222 = AXIS2_PLACEMENT_3D ( 'NONE', #2080, #1674, #208 ) ;
#4223 = DIRECTION ( 'NONE',  ( -0.7071067811865474617, 0.7071067811865474617, 0.000000000000000000 ) ) ;
#4224 = VERTEX_POINT ( 'NONE', #2919 ) ;
#4225 = CARTESIAN_POINT ( 'NONE',  ( 0.000000000000000000, -31.25000000000000000, -3.899999999999999911 ) ) ;
#4226 = DIRECTION ( 'NONE',  ( -0.7071067811863253061, 0.7071067811867697284, 0.000000000000000000 ) ) ;
#4227 = DIRECTION ( 'NONE',  ( 1.000000000000000000, 0.000000000000000000, 0.000000000000000000 ) ) ;
#4228 = ORIENTED_EDGE ( 'NONE', *, *, #3140, .T. ) ;
#4229 = ADVANCED_FACE ( 'NONE', ( #1075 ), #2199, .F. ) ;
#4230 = ORIENTED_EDGE ( 'NONE', *, *, #1897, .F. ) ;
#4231 = PLANE ( 'NONE',  #2894 ) ;
#4232 = AXIS2_PLACEMENT_3D ( 'NONE', #2794, #3421, #922 ) ;
#4233 = DIRECTION ( 'NONE',  ( 1.000000000000000000, 0.000000000000000000, 0.000000000000000000 ) ) ;
#4234 = AXIS2_PLACEMENT_3D ( 'NONE', #2339, #3493, #159 ) ;
#4235 = LINE ( 'NONE', #1596, #2999 ) ;
#4236 = VECTOR ( 'NONE', #2610, 1000.000000000000114 ) ;
#4237 = ORIENTED_EDGE ( 'NONE', *, *, #4519, .T. ) ;
#4239 = EDGE_CURVE ( 'NONE', #3431, #2544, #1095, .T. ) ;
#4238 = AXIS2_PLACEMENT_3D ( 'NONE', #2055, #257, #4495 ) ;
#4240 = DIRECTION ( 'NONE',  ( 1.000000000000000000, 0.000000000000000000, 0.000000000000000000 ) ) ;
#4241 = CARTESIAN_POINT ( 'NONE',  ( 11.96005050634000177, -34.54999999999999716, 11.50000000000000000 ) ) ;
#4242 = EDGE_LOOP ( 'NONE', ( #2955, #1390, #455, #2970 ) ) ;
#4243 = CARTESIAN_POINT ( 'NONE',  ( -9.350000000000001421, -31.25000000000000000, -3.899999999999999911 ) ) ;
#4244 = EDGE_CURVE ( 'NONE', #2370, #1405, #2174, .T. ) ;
#4245 = LINE ( 'NONE', #993, #2996 ) ;
#4246 = FACE_OUTER_BOUND ( 'NONE', #1590, .T. ) ;
#4247 = VERTEX_POINT ( 'NONE', #2562 ) ;
#4248 = CARTESIAN_POINT ( 'NONE',  ( 14.25000000000000000, -33.25000000000000000, -10.80000000000000071 ) ) ;
#4249 = LINE ( 'NONE', #1114, #889 ) ;
#4250 = VERTEX_POINT ( 'NONE', #4257 ) ;
#4251 = CARTESIAN_POINT ( 'NONE',  ( 13.55000000000025118, 8.960050506339250376, 10.80000000000000071 ) ) ;
#4252 = FACE_BOUND ( 'NONE', #59, .T. ) ;
#4253 = CARTESIAN_POINT ( 'NONE',  ( -13.55000000000025118, 8.960050506339250376, -11.50000000000000000 ) ) ;
#4254 = ORIENTED_EDGE ( 'NONE', *, *, #2238, .F. ) ;
#4255 = ORIENTED_EDGE ( 'NONE', *, *, #1016, .T. ) ;
#4256 = CARTESIAN_POINT ( 'NONE',  ( -14.24999999989040589, -28.00000000000000000, 6.000000000000000000 ) ) ;
#4257 = CARTESIAN_POINT ( 'NONE',  ( 8.349999999999999645, -8.900000000000000355, -10.80000000000000071 ) ) ;
#4258 = LINE ( 'NONE', #3904, #4440 ) ;
#4259 = EDGE_CURVE ( 'NONE', #3962, #419, #3903, .T. ) ;
#4260 = VECTOR ( 'NONE', #1990, 1000.000000000000000 ) ;
#4261 = ORIENTED_EDGE ( 'NONE', *, *, #1271, .T. ) ;
#4262 = CARTESIAN_POINT ( 'NONE',  ( -14.24999999989040589, -4.000000000000000000, 4.750000000115051080 ) ) ;
#4263 = ADVANCED_FACE ( 'NONE', ( #3545 ), #4007, .F. ) ;
#4264 = ORIENTED_EDGE ( 'NONE', *, *, #2924, .T. ) ;
#4265 = CARTESIAN_POINT ( 'NONE',  ( -6.650000000000000355, -31.25000000000000000, 3.900000000000000355 ) ) ;
#4266 = ADVANCED_FACE ( 'NONE', ( #4086 ), #856, .T. ) ;
#4267 = CARTESIAN_POINT ( 'NONE',  ( 10.25000000000000000, -29.35000000000000142, 3.899999999999999911 ) ) ;
#4268 = EDGE_CURVE ( 'NONE', #157, #3671, #2943, .T. ) ;
#4269 = CYLINDRICAL_SURFACE ( 'NONE', #2248, 1.050000000000000488 ) ;
#4270 = ORIENTED_EDGE ( 'NONE', *, *, #4361, .T. ) ;
#4271 = DIRECTION ( 'NONE',  ( 0.000000000000000000, 0.000000000000000000, -1.000000000000000000 ) ) ;
#4272 = DIRECTION ( 'NONE',  ( 1.000000000000000000, 0.000000000000000000, 0.000000000000000000 ) ) ;
#4273 = ORIENTED_EDGE ( 'NONE', *, *, #997, .T. ) ;
#4274 = CARTESIAN_POINT ( 'NONE',  ( -14.25000000000000000, -4.000000000000000000, -7.050000000000000711 ) ) ;
#4275 = CARTESIAN_POINT ( 'NONE',  ( 11.96005050634000177, -34.54999999999999716, -11.50000000000000000 ) ) ;
#4276 = EDGE_CURVE ( 'NONE', #3733, #2892, #4386, .T. ) ;
#4277 = LINE ( 'NONE', #1737, #3832 ) ;
#4278 = ORIENTED_EDGE ( 'NONE', *, *, #3005, .T. ) ;
#4279 = VECTOR ( 'NONE', #2685, 1000.000000000000000 ) ;
#4280 = LINE ( 'NONE', #368, #4530 ) ;
#4281 = ORIENTED_EDGE ( 'NONE', *, *, #3234, .T. ) ;
#4282 = DIRECTION ( 'NONE',  ( 1.000000000000000000, 0.000000000000000000, 0.000000000000000000 ) ) ;
#4283 = LINE ( 'NONE', #1765, #2193 ) ;
#4284 = CARTESIAN_POINT ( 'NONE',  ( -13.54999999999999716, -32.96005050634000355, 10.80000000000000071 ) ) ;
#4285 = DIRECTION ( 'NONE',  ( 0.000000000000000000, 0.000000000000000000, 1.000000000000000000 ) ) ;
#4286 = LINE ( 'NONE', #3599, #1909 ) ;
#4287 = VECTOR ( 'NONE', #597, 1000.000000000000000 ) ;
#4288 = VECTOR ( 'NONE', #4302, 1000.000000000000000 ) ;
#4289 = ORIENTED_EDGE ( 'NONE', *, *, #2571, .F. ) ;
#4290 = CARTESIAN_POINT ( 'NONE',  ( -14.25000000000000000, -5.349999999999999645, -3.899999999999999911 ) ) ;
#4291 = AXIS2_PLACEMENT_3D ( 'NONE', #2325, #4113, #1969 ) ;
#4292 = EDGE_CURVE ( 'NONE', #477, #3671, #1935, .T. ) ;
#4293 = CIRCLE ( 'NONE', #1402, 1.049999999935607553 ) ;
#4294 = AXIS2_PLACEMENT_3D ( 'NONE', #1205, #191, #1629 ) ;
#4295 = CARTESIAN_POINT ( 'NONE',  ( 10.25000000000000000, 0.000000000000000000, 3.900000000000000799 ) ) ;
#4296 = CARTESIAN_POINT ( 'NONE',  ( -14.24999999997544364, -4.000000000000000000, -6.000000000000000000 ) ) ;
#4297 = VERTEX_POINT ( 'NONE', #767 ) ;
#4298 = CARTESIAN_POINT ( 'NONE',  ( -14.25000000000000000, -28.00000000000000000, 7.050000000000000711 ) ) ;
#4299 = EDGE_CURVE ( 'NONE', #715, #387, #1124, .T. ) ;
#4300 = CARTESIAN_POINT ( 'NONE',  ( 14.04999999994061000, -4.000000000000000000, -7.049999999935607775 ) ) ;
#4301 = VERTEX_POINT ( 'NONE', #1862 ) ;
#4302 = DIRECTION ( 'NONE',  ( -0.000000000000000000, -0.000000000000000000, -1.000000000000000000 ) ) ;
#4303 = DIRECTION ( 'NONE',  ( 1.000000000000000000, 0.000000000000000000, 0.000000000000000000 ) ) ;
#4304 = FACE_BOUND ( 'NONE', #1477, .T. ) ;
#4305 = ORIENTED_EDGE ( 'NONE', *, *, #1560, .T. ) ;
#4306 = EDGE_CURVE ( 'NONE', #578, #509, #1190, .T. ) ;
#4307 = DIRECTION ( 'NONE',  ( -0.000000000000000000, 0.000000000000000000, -1.000000000000000000 ) ) ;
#4308 = CARTESIAN_POINT ( 'NONE',  ( -11.96005050633950084, 10.54999999999950155, 10.80000000000000071 ) ) ;
#4309 = DIRECTION ( 'NONE',  ( 0.000000000000000000, 0.000000000000000000, 1.000000000000000000 ) ) ;
#4310 = APPLICATION_CONTEXT ( 'automotive_design' ) ;
#4311 = AXIS2_PLACEMENT_3D ( 'NONE', #4553, #4528, #899 ) ;
#4312 = AXIS2_PLACEMENT_3D ( 'NONE', #694, #2150, #3593 ) ;
#4313 = LINE ( 'NONE', #1403, #4157 ) ;
#4314 = DIRECTION ( 'NONE',  ( 0.000000000000000000, -0.000000000000000000, -1.000000000000000000 ) ) ;
#4315 = VERTEX_POINT ( 'NONE', #77 ) ;
#4316 = ORIENTED_EDGE ( 'NONE', *, *, #2489, .F. ) ;
#4317 = AXIS2_PLACEMENT_3D ( 'NONE', #3257, #2911, #2436 ) ;
#4318 = DIRECTION ( 'NONE',  ( 0.000000000000000000, 0.000000000000000000, -1.000000000000000000 ) ) ;
#4319 = DIRECTION ( 'NONE',  ( 0.000000000000000000, -1.000000000000000000, 0.000000000000000000 ) ) ;
#4320 = ORIENTED_EDGE ( 'NONE', *, *, #4268, .T. ) ;
#4321 = CARTESIAN_POINT ( 'NONE',  ( -12.75000000000000178, -8.900000000000000355, -10.80000000000000071 ) ) ;
#4322 = AXIS2_PLACEMENT_3D ( 'NONE', #4205, #550, #860 ) ;
#4323 = ORIENTED_EDGE ( 'NONE', *, *, #418, .F. ) ;
#4324 = CARTESIAN_POINT ( 'NONE',  ( -13.55000000000000071, 8.960050506339003462, 11.50000000000000000 ) ) ;
#4325 = CARTESIAN_POINT ( 'NONE',  ( 8.349999999999999645, -8.900000000000000355, -4.700000000000000178 ) ) ;
#4326 = CARTESIAN_POINT ( 'NONE',  ( -13.55000000000000071, -32.96005050634000355, -10.80000000000000071 ) ) ;
#4327 = VERTEX_POINT ( 'NONE', #1887 ) ;
#4328 = EDGE_CURVE ( 'NONE', #3761, #2403, #813, .T. ) ;
#4329 = DIRECTION ( 'NONE',  ( 0.000000000000000000, 0.000000000000000000, -1.000000000000000000 ) ) ;
#4330 = DIRECTION ( 'NONE',  ( 0.000000000000000000, -1.000000000000000000, -0.000000000000000000 ) ) ;
#4331 = DIRECTION ( 'NONE',  ( 0.000000000000000000, -0.000000000000000000, 1.000000000000000000 ) ) ;
#4332 = CARTESIAN_POINT ( 'NONE',  ( 6.649999999999999467, -35.25000000000000000, -3.899999999999999911 ) ) ;
#4333 = ADVANCED_FACE ( 'NONE', ( #3382 ), #2966, .F. ) ;
#4334 = CARTESIAN_POINT ( 'NONE',  ( 10.25000000000000000, -28.00000000000000000, 7.050000000000000711 ) ) ;
#4335 = VECTOR ( 'NONE', #485, 1000.000000000000000 ) ;
#4336 = LINE ( 'NONE', #3271, #4143 ) ;
#4337 = EDGE_LOOP ( 'NONE', ( #2288, #788, #1911, #3676 ) ) ;
#4338 = VERTEX_POINT ( 'NONE', #141 ) ;
#4339 = CARTESIAN_POINT ( 'NONE',  ( -14.25000000000000000, -27.64999999999999503, -10.80000000000000071 ) ) ;
#4340 = CARTESIAN_POINT ( 'NONE',  ( 11.96005050634000177, -34.54999999999999716, -10.80000000000000071 ) ) ;
#4341 = ORIENTED_EDGE ( 'NONE', *, *, #675, .T. ) ;
#4342 = ORIENTED_EDGE ( 'NONE', *, *, #4611, .F. ) ;
#4343 = CARTESIAN_POINT ( 'NONE',  ( -10.25000000000000000, 0.000000000000000000, -3.899999999999999911 ) ) ;
#4344 = CARTESIAN_POINT ( 'NONE',  ( 8.349999999999999645, -35.25000000000000000, 3.899999999999999911 ) ) ;
#4345 = DIRECTION ( 'NONE',  ( 0.000000000000000000, 1.000000000000000000, 0.000000000000000000 ) ) ;
#4346 = ORIENTED_EDGE ( 'NONE', *, *, #4005, .T. ) ;
#4347 = EDGE_LOOP ( 'NONE', ( #3972, #2826, #879, #294 ) ) ;
#4348 = LINE ( 'NONE', #520, #896 ) ;
#4349 = ORIENTED_EDGE ( 'NONE', *, *, #2575, .F. ) ;
#4350 = CARTESIAN_POINT ( 'NONE',  ( 14.25000000000000000, -3.650000000000000355, 3.899999999999999911 ) ) ;
#4351 = CARTESIAN_POINT ( 'NONE',  ( -8.000000000000000000, 11.24999999998999556, 6.000000000000000000 ) ) ;
#4352 = FACE_OUTER_BOUND ( 'NONE', #808, .T. ) ;
#4353 = VECTOR ( 'NONE', #2474, 1000.000000000000000 ) ;
#4354 = ADVANCED_FACE ( 'NONE', ( #50 ), #2223, .F. ) ;
#4355 = EDGE_CURVE ( 'NONE', #4015, #2225, #1564, .T. ) ;
#4356 = VERTEX_POINT ( 'NONE', #3714 ) ;
#4357 = PLANE ( 'NONE',  #519 ) ;
#4358 = FACE_OUTER_BOUND ( 'NONE', #834, .T. ) ;
#4359 = VERTEX_POINT ( 'NONE', #4064 ) ;
#4360 = ORIENTED_EDGE ( 'NONE', *, *, #388, .T. ) ;
#4361 = EDGE_CURVE ( 'NONE', #500, #2682, #3250, .T. ) ;
#4362 = CIRCLE ( 'NONE', #1324, 1.050000000000000488 ) ;
#4363 = DIRECTION ( 'NONE',  ( 0.000000000000000000, -1.000000000000000000, 0.000000000000000000 ) ) ;
#4364 = DIRECTION ( 'NONE',  ( 1.000000000000000000, 0.000000000000000000, -0.000000000000000000 ) ) ;
#4365 = ORIENTED_EDGE ( 'NONE', *, *, #214, .T. ) ;
#4366 = AXIS2_PLACEMENT_3D ( 'NONE', #2487, #3924, #1906 ) ;
#4367 = AXIS2_PLACEMENT_3D ( 'NONE', #2188, #4032, #1460 ) ;
#4368 = EDGE_LOOP ( 'NONE', ( #4162, #4483, #3293, #3285 ) ) ;
#4369 = DIRECTION ( 'NONE',  ( -0.000000000000000000, 0.000000000000000000, -1.000000000000000000 ) ) ;
#4370 = CARTESIAN_POINT ( 'NONE',  ( 14.25000000000000000, -3.650000000000000355, -10.80000000000000071 ) ) ;
#4371 = ORIENTED_EDGE ( 'NONE', *, *, #2295, .T. ) ;
#4372 = ORIENTED_EDGE ( 'NONE', *, *, #291, .F. ) ;
#4373 = DIRECTION ( 'NONE',  ( 0.000000000000000000, 1.000000000000000000, 0.000000000000000000 ) ) ;
#4374 = ORIENTED_EDGE ( 'NONE', *, *, #2688, .T. ) ;
#4375 = FACE_OUTER_BOUND ( 'NONE', #428, .T. ) ;
#4376 = DIRECTION ( 'NONE',  ( 0.000000000000000000, 0.000000000000000000, 1.000000000000000000 ) ) ;
#4377 = CARTESIAN_POINT ( 'NONE',  ( -14.25000000000000000, -33.25000000000000000, -10.80000000000000071 ) ) ;
#4378 = EDGE_CURVE ( 'NONE', #4250, #3909, #4425, .T. ) ;
#4379 = EDGE_LOOP ( 'NONE', ( #839, #2702, #4626, #2482 ) ) ;
#4380 = LINE ( 'NONE', #481, #1971 ) ;
#4381 = DIRECTION ( 'NONE',  ( 0.000000000000000000, 0.000000000000000000, -1.000000000000000000 ) ) ;
#4382 = ORIENTED_EDGE ( 'NONE', *, *, #1619, .F. ) ;
#4383 = ORIENTED_EDGE ( 'NONE', *, *, #2840, .T. ) ;
#4384 = ADVANCED_FACE ( 'NONE', ( #457 ), #2632, .T. ) ;
#4385 = DIRECTION ( 'NONE',  ( 0.000000000000000000, 0.000000000000000000, -1.000000000000000000 ) ) ;
#4386 = CIRCLE ( 'NONE', #3855, 1.049999999992450972 ) ;
#4387 = EDGE_CURVE ( 'NONE', #2239, #3694, #2678, .T. ) ;
#4388 = VERTEX_POINT ( 'NONE', #2772 ) ;
#4389 = ADVANCED_FACE ( 'NONE', ( #3469, #1325, #953 ), #596, .T. ) ;
#4390 = VECTOR ( 'NONE', #2915, 1000.000000000000000 ) ;
#4391 = VECTOR ( 'NONE', #4569, 1000.000000000000000 ) ;
#4392 = CIRCLE ( 'NONE', #2967, 1.050000000000000488 ) ;
#4393 = ORIENTED_EDGE ( 'NONE', *, *, #2836, .T. ) ;
#4394 = CARTESIAN_POINT ( 'NONE',  ( 14.25000000000000000, -28.35000000000000497, -10.80000000000000071 ) ) ;
#4395 = DIRECTION ( 'NONE',  ( 0.000000000000000000, -0.000000000000000000, -1.000000000000000000 ) ) ;
#4396 = AXIS2_PLACEMENT_3D ( 'NONE', #3958, #697, #1474 ) ;
#4397 = EDGE_LOOP ( 'NONE', ( #505, #247, #3592, #4091 ) ) ;
#4398 = ORIENTED_EDGE ( 'NONE', *, *, #3223, .F. ) ;
#4399 = DIRECTION ( 'NONE',  ( 1.000000000000000000, 0.000000000000000000, -0.000000000000000000 ) ) ;
#4400 = ORIENTED_EDGE ( 'NONE', *, *, #2572, .T. ) ;
#4401 = CARTESIAN_POINT ( 'NONE',  ( -10.25000000000000000, -4.000000000000000000, -7.050000000000000711 ) ) ;
#4402 = CARTESIAN_POINT ( 'NONE',  ( -9.350000000000001421, -35.25000000000000000, 3.899999999999999911 ) ) ;
#4403 = DIRECTION ( 'NONE',  ( 0.000000000000000000, -1.000000000000000000, -0.000000000000000000 ) ) ;
#4404 = CIRCLE ( 'NONE', #3952, 1.249999999970441422 ) ;
#4405 = VERTEX_POINT ( 'NONE', #2362 ) ;
#4406 = DIRECTION ( 'NONE',  ( 0.7071067811865474617, -0.7071067811865474617, 0.000000000000000000 ) ) ;
#4407 = EDGE_CURVE ( 'NONE', #1689, #2587, #3124, .T. ) ;
#4408 = CARTESIAN_POINT ( 'NONE',  ( -14.25000000000000000, -4.349999999999999645, -3.899999999999999911 ) ) ;
#4409 = ORIENTED_EDGE ( 'NONE', *, *, #2478, .F. ) ;
#4410 = CARTESIAN_POINT ( 'NONE',  ( -8.000000000000000000, -35.24999999993406163, 4.750000000086400220 ) ) ;
#4411 = FILL_AREA_STYLE_COLOUR ( '', #355 ) ;
#4412 = ORIENTED_EDGE ( 'NONE', *, *, #2120, .F. ) ;
#4413 = EDGE_CURVE ( 'NONE', #3563, #4452, #2725, .T. ) ;
#4414 = EDGE_LOOP ( 'NONE', ( #2356, #574, #1360, #1860 ) ) ;
#4415 = DIRECTION ( 'NONE',  ( -0.000000000000000000, 0.000000000000000000, -1.000000000000000000 ) ) ;
#4416 =( NAMED_UNIT ( * ) PLANE_ANGLE_UNIT ( ) SI_UNIT ( $, .RADIAN. ) );
#4417 = FACE_OUTER_BOUND ( 'NONE', #2644, .T. ) ;
#4418 = ORIENTED_EDGE ( 'NONE', *, *, #1439, .T. ) ;
#4419 = PLANE ( 'NONE',  #820 ) ;
#4420 = CIRCLE ( 'NONE', #1993, 1.049999999935153250 ) ;
#4421 = ADVANCED_FACE ( 'NONE', ( #4125 ), #3099, .T. ) ;
#4422 = DIRECTION ( 'NONE',  ( 0.000000000000000000, -1.000000000000000000, 0.000000000000000000 ) ) ;
#4423 = ORIENTED_EDGE ( 'NONE', *, *, #4139, .T. ) ;
#4424 = CARTESIAN_POINT ( 'NONE',  ( 14.25000000000000000, -29.35000000000000142, -3.899999999999999911 ) ) ;
#4425 = LINE ( 'NONE', #1167, #4608 ) ;
#4426 = FACE_OUTER_BOUND ( 'NONE', #2690, .T. ) ;
#4427 = ORIENTED_EDGE ( 'NONE', *, *, #3542, .F. ) ;
#4428 = DIRECTION ( 'NONE',  ( 0.000000000000000000, 0.000000000000000000, -1.000000000000000000 ) ) ;
#4429 = AXIS2_PLACEMENT_3D ( 'NONE', #260, #4572, #943 ) ;
#4430 = CARTESIAN_POINT ( 'NONE',  ( -14.25000000000000000, -2.649999999999999911, 3.899999999999999911 ) ) ;
#4431 = ORIENTED_EDGE ( 'NONE', *, *, #2451, .F. ) ;
#4432 = AXIS2_PLACEMENT_3D ( 'NONE', #1695, #1310, #3060 ) ;
#4433 = DIRECTION ( 'NONE',  ( -0.7071067811865474617, 0.7071067811865474617, 0.000000000000000000 ) ) ;
#4434 = EDGE_LOOP ( 'NONE', ( #365, #1822, #3014, #1758 ) ) ;
#4435 = EDGE_CURVE ( 'NONE', #1945, #2367, #514, .T. ) ;
#4436 = FACE_OUTER_BOUND ( 'NONE', #2667, .T. ) ;
#4437 = DIRECTION ( 'NONE',  ( 0.000000000000000000, -1.000000000000000000, 0.000000000000000000 ) ) ;
#4438 = ORIENTED_EDGE ( 'NONE', *, *, #1644, .T. ) ;
#4439 = ORIENTED_EDGE ( 'NONE', *, *, #513, .F. ) ;
#4440 = VECTOR ( 'NONE', #2633, 1000.000000000000000 ) ;
#4441 = AXIS2_PLACEMENT_3D ( 'NONE', #710, #1020, #3876 ) ;
#4442 = LINE ( 'NONE', #3995, #2347 ) ;
#4443 = EDGE_LOOP ( 'NONE', ( #231, #3412, #4510, #2948 ) ) ;
#4444 = DIRECTION ( 'NONE',  ( 0.000000000000000000, 0.000000000000000000, 1.000000000000000000 ) ) ;
#4445 = DIRECTION ( 'NONE',  ( 0.000000000000000000, 0.000000000000000000, -1.000000000000000000 ) ) ;
#4446 = EDGE_CURVE ( 'NONE', #2908, #2114, #926, .T. ) ;
#4447 = EDGE_CURVE ( 'NONE', #3614, #1945, #4559, .T. ) ;
#4448 = EDGE_CURVE ( 'NONE', #3656, #1648, #4152, .T. ) ;
#4449 = ORIENTED_EDGE ( 'NONE', *, *, #4355, .T. ) ;
#4450 = CARTESIAN_POINT ( 'NONE',  ( 11.96005050634000177, 10.55000000000000071, -10.80000000000000071 ) ) ;
#4451 = CARTESIAN_POINT ( 'NONE',  ( -12.25000000000000000, 11.25000000000000000, -10.80000000000000071 ) ) ;
#4452 = VERTEX_POINT ( 'NONE', #224 ) ;
#4453 = VECTOR ( 'NONE', #975, 1000.000000000000114 ) ;
#4454 = DIRECTION ( 'NONE',  ( -1.000000000000000000, -0.000000000000000000, -0.000000000000000000 ) ) ;
#4455 = VECTOR ( 'NONE', #2520, 1000.000000000000000 ) ;
#4456 = ORIENTED_EDGE ( 'NONE', *, *, #783, .T. ) ;
#4457 = AXIS2_PLACEMENT_3D ( 'NONE', #1913, #1212, #2656 ) ;
#4458 = FACE_OUTER_BOUND ( 'NONE', #1818, .T. ) ;
#4459 = CARTESIAN_POINT ( 'NONE',  ( 10.25000000000000000, 0.000000000000000000, -10.80000000000000071 ) ) ;
#4460 = ORIENTED_EDGE ( 'NONE', *, *, #1618, .F. ) ;
#4461 = CARTESIAN_POINT ( 'NONE',  ( -13.55000000000000071, 8.960050506339001686, 11.50000000000000000 ) ) ;
#4462 = AXIS2_PLACEMENT_3D ( 'NONE', #30, #2079, #1078 ) ;
#4463 = FACE_BOUND ( 'NONE', #3423, .T. ) ;
#4464 = ORIENTED_EDGE ( 'NONE', *, *, #1890, .F. ) ;
#4465 = CARTESIAN_POINT ( 'NONE',  ( -10.25000000000000000, -28.00000000000000000, -7.050000000000000711 ) ) ;
#4466 = VECTOR ( 'NONE', #840, 1000.000000000000000 ) ;
#4467 = DIRECTION ( 'NONE',  ( 0.000000000000000000, -0.000000000000000000, 1.000000000000000000 ) ) ;
#4468 = CYLINDRICAL_SURFACE ( 'NONE', #3308, 1.050000000000000488 ) ;
#4469 = ORIENTED_EDGE ( 'NONE', *, *, #2060, .F. ) ;
#4470 = ADVANCED_FACE ( 'NONE', ( #524 ), #1232, .T. ) ;
#4471 = VERTEX_POINT ( 'NONE', #1283 ) ;
#4472 = CARTESIAN_POINT ( 'NONE',  ( -6.650000000000000355, -35.25000000000000000, -3.899999999999999911 ) ) ;
#4473 = EDGE_CURVE ( 'NONE', #578, #2946, #2024, .T. ) ;
#4474 = VERTEX_POINT ( 'NONE', #1588 ) ;
#4475 = CARTESIAN_POINT ( 'NONE',  ( -8.000000000000000000, -35.05000000006930350, -4.950000000007548806 ) ) ;
#4476 = VERTEX_POINT ( 'NONE', #3759 ) ;
#4477 = LINE ( 'NONE', #2717, #126 ) ;
#4478 = AXIS2_PLACEMENT_3D ( 'NONE', #1245, #3726, #2283 ) ;
#4479 = CARTESIAN_POINT ( 'NONE',  ( 10.25000000000000000, 0.000000000000000000, 3.900000000000000799 ) ) ;
#4480 = ORIENTED_EDGE ( 'NONE', *, *, #4306, .T. ) ;
#4481 = CARTESIAN_POINT ( 'NONE',  ( -11.96005050634000177, -34.54999999999999716, 11.50000000000000000 ) ) ;
#4482 = CARTESIAN_POINT ( 'NONE',  ( 12.75000000000000178, 0.000000000000000000, -10.80000000000000071 ) ) ;
#4483 = ORIENTED_EDGE ( 'NONE', *, *, #2836, .F. ) ;
#4484 = FACE_BOUND ( 'NONE', #4040, .T. ) ;
#4485 = CARTESIAN_POINT ( 'NONE',  ( -13.55000000000000071, 8.960050506339001686, -10.80000000000000071 ) ) ;
#4486 = CARTESIAN_POINT ( 'NONE',  ( -14.25000000000000000, -29.35000000000000142, -10.80000000000000071 ) ) ;
#4487 = ORIENTED_EDGE ( 'NONE', *, *, #2211, .T. ) ;
#4488 = ADVANCED_FACE ( 'NONE', ( #2408 ), #3849, .F. ) ;
#4489 = ORIENTED_EDGE ( 'NONE', *, *, #4666, .F. ) ;
#4490 = PLANE ( 'NONE',  #4545 ) ;
#4491 = PLANE ( 'NONE',  #4195 ) ;
#4492 = EDGE_LOOP ( 'NONE', ( #4589, #3337, #4029, #4281 ) ) ;
#4493 = EDGE_CURVE ( 'NONE', #2892, #3733, #1574, .T. ) ;
#4494 = ADVANCED_FACE ( 'NONE', ( #4580 ), #178, .T. ) ;
#4495 = DIRECTION ( 'NONE',  ( 0.000000000000000000, 0.000000000000000000, 1.000000000000000000 ) ) ;
#4496 = DIRECTION ( 'NONE',  ( -0.7071067811865474617, 0.7071067811865474617, -0.000000000000000000 ) ) ;
#4497 = CIRCLE ( 'NONE', #3595, 1.050000000000000488 ) ;
#4498 = ADVANCED_FACE ( 'NONE', ( #905 ), #1637, .F. ) ;
#4499 = CARTESIAN_POINT ( 'NONE',  ( 8.349999999999999645, -8.900000000000000355, -10.80000000000000071 ) ) ;
#4500 = FACE_OUTER_BOUND ( 'NONE', #3236, .T. ) ;
#4501 = ORIENTED_EDGE ( 'NONE', *, *, #2571, .T. ) ;
#4502 = DIRECTION ( 'NONE',  ( -1.000000000000000000, -0.000000000000000000, -0.000000000000000000 ) ) ;
#4503 = DIRECTION ( 'NONE',  ( 0.000000000000000000, 0.000000000000000000, -1.000000000000000000 ) ) ;
#4504 = EDGE_LOOP ( 'NONE', ( #4197, #117, #2701, #4110 ) ) ;
#4505 = CARTESIAN_POINT ( 'NONE',  ( 13.55000000000000071, 8.960050506339001686, 10.80000000000000071 ) ) ;
#4506 = AXIS2_PLACEMENT_3D ( 'NONE', #2726, #3427, #2773 ) ;
#4507 = AXIS2_PLACEMENT_3D ( 'NONE', #3342, #3316, #1123 ) ;
#4508 = DIRECTION ( 'NONE',  ( 1.000000000000000000, 0.000000000000000000, -0.000000000000000000 ) ) ;
#4509 = DIRECTION ( 'NONE',  ( 0.000000000000000000, 0.000000000000000000, 1.000000000000000000 ) ) ;
#4510 = ORIENTED_EDGE ( 'NONE', *, *, #1842, .T. ) ;
#4511 = VECTOR ( 'NONE', #3439, 1000.000000000000000 ) ;
#4512 = VECTOR ( 'NONE', #1927, 1000.000000000000000 ) ;
#4513 = VECTOR ( 'NONE', #912, 1000.000000000000000 ) ;
#4514 = AXIS2_PLACEMENT_3D ( 'NONE', #2501, #1754, #261 ) ;
#4515 = VERTEX_POINT ( 'NONE', #2458 ) ;
#4516 = CARTESIAN_POINT ( 'NONE',  ( 10.25000000000000000, -4.000000000000000000, -6.000000000000000000 ) ) ;
#4517 = CARTESIAN_POINT ( 'NONE',  ( -8.000000000000000000, -35.24999999993406163, 6.000000000000000000 ) ) ;
#4518 = LINE ( 'NONE', #2705, #930 ) ;
#4519 = EDGE_CURVE ( 'NONE', #4476, #521, #3565, .T. ) ;
#4520 = VERTEX_POINT ( 'NONE', #3897 ) ;
#4521 = LINE ( 'NONE', #3836, #2426 ) ;
#4522 = CARTESIAN_POINT ( 'NONE',  ( -12.25000000000000000, 11.25000000000000000, -11.50000000000000000 ) ) ;
#4523 = CARTESIAN_POINT ( 'NONE',  ( 14.25000000003274181, -4.000000000000000000, 6.000000000000000000 ) ) ;
#4524 = CARTESIAN_POINT ( 'NONE',  ( 14.25000000000000000, -2.649999999999999467, 3.899999999999999911 ) ) ;
#4525 = EDGE_CURVE ( 'NONE', #819, #143, #2888, .T. ) ;
#4526 = DIRECTION ( 'NONE',  ( 0.000000000000000000, 0.000000000000000000, 1.000000000000000000 ) ) ;
#4527 = ORIENTED_EDGE ( 'NONE', *, *, #1624, .F. ) ;
#4528 = DIRECTION ( 'NONE',  ( 1.000000000000000000, 0.000000000000000000, 0.000000000000000000 ) ) ;
#4529 = VECTOR ( 'NONE', #3190, 1000.000000000000000 ) ;
#4530 = VECTOR ( 'NONE', #1444, 1000.000000000000000 ) ;
#4531 = FACE_OUTER_BOUND ( 'NONE', #743, .T. ) ;
#4532 = ORIENTED_EDGE ( 'NONE', *, *, #637, .T. ) ;
#4533 = FACE_BOUND ( 'NONE', #1617, .T. ) ;
#4534 = EDGE_CURVE ( 'NONE', #2057, #4050, #673, .T. ) ;
#4535 = DIRECTION ( 'NONE',  ( 1.000000000000000000, 0.000000000000000000, 0.000000000000000000 ) ) ;
#4536 = LINE ( 'NONE', #2679, #1941 ) ;
#4537 = ORIENTED_EDGE ( 'NONE', *, *, #2328, .F. ) ;
#4538 = AXIS2_PLACEMENT_3D ( 'NONE', #1664, #3426, #881 ) ;
#4539 = VECTOR ( 'NONE', #2760, 1000.000000000000000 ) ;
#4540 = EDGE_LOOP ( 'NONE', ( #2017, #1837, #2186, #4469 ) ) ;
#4541 = DIRECTION ( 'NONE',  ( 0.000000000000000000, 0.000000000000000000, -1.000000000000000000 ) ) ;
#4542 = FACE_OUTER_BOUND ( 'NONE', #621, .T. ) ;
#4543 = CYLINDRICAL_SURFACE ( 'NONE', #2618, 1.050000000000000488 ) ;
#4544 = ORIENTED_EDGE ( 'NONE', *, *, #1899, .F. ) ;
#4545 = AXIS2_PLACEMENT_3D ( 'NONE', #3496, #3128, #3787 ) ;
#4546 = DIRECTION ( 'NONE',  ( 0.000000000000000000, 0.000000000000000000, -1.000000000000000000 ) ) ;
#4547 = VERTEX_POINT ( 'NONE', #3588 ) ;
#4548 = CARTESIAN_POINT ( 'NONE',  ( -12.25000000000000000, -35.25000000000000000, 11.50000000000000533 ) ) ;
#4549 = AXIS2_PLACEMENT_3D ( 'NONE', #3039, #2275, #1151 ) ;
#4550 = PLANE ( 'NONE',  #938 ) ;
#4551 = FACE_OUTER_BOUND ( 'NONE', #2694, .T. ) ;
#4552 = EDGE_LOOP ( 'NONE', ( #888, #4025, #3818, #3771 ) ) ;
#4553 = CARTESIAN_POINT ( 'NONE',  ( -14.25000000000000000, -4.000000000000000000, 6.000000000000000000 ) ) ;
#4554 = EDGE_CURVE ( 'NONE', #4452, #3336, #2095, .T. ) ;
#4555 = AXIS2_PLACEMENT_3D ( 'NONE', #259, #1699, #4594 ) ;
#4556 = CARTESIAN_POINT ( 'NONE',  ( -14.25000000000000000, -27.64999999999999858, -3.899999999999999911 ) ) ;
#4557 = VERTEX_POINT ( 'NONE', #4275 ) ;
#4558 = DIRECTION ( 'NONE',  ( 1.000000000000000000, 0.000000000000000000, 0.000000000000000000 ) ) ;
#4559 = LINE ( 'NONE', #3075, #2117 ) ;
#4560 = DIRECTION ( 'NONE',  ( 0.000000000000000000, 0.000000000000000000, -1.000000000000000000 ) ) ;
#4561 = ORIENTED_EDGE ( 'NONE', *, *, #2041, .F. ) ;
#4562 = ADVANCED_FACE ( 'NONE', ( #2531 ), #3948, .T. ) ;
#4563 = EDGE_CURVE ( 'NONE', #3909, #2680, #3875, .T. ) ;
#4564 = ORIENTED_EDGE ( 'NONE', *, *, #2806, .T. ) ;
#4565 = CARTESIAN_POINT ( 'NONE',  ( -11.96005050634000177, 10.55000000000000071, -10.80000000000000071 ) ) ;
#4566 = DIRECTION ( 'NONE',  ( 0.7071067811865474617, -0.7071067811865474617, 0.000000000000000000 ) ) ;
#4567 = CARTESIAN_POINT ( 'NONE',  ( 0.000000000000000000, -31.25000000000000000, -10.80000000000000071 ) ) ;
#4568 = EDGE_LOOP ( 'NONE', ( #1797, #1666, #3442, #148 ) ) ;
#4569 = DIRECTION ( 'NONE',  ( -0.000000000000000000, -1.000000000000000000, -0.000000000000000000 ) ) ;
#4570 = ORIENTED_EDGE ( 'NONE', *, *, #1977, .F. ) ;
#4571 = DIRECTION ( 'NONE',  ( -0.7071067811865474617, -0.7071067811865474617, 0.000000000000000000 ) ) ;
#4572 = DIRECTION ( 'NONE',  ( 0.000000000000000000, 0.000000000000000000, -1.000000000000000000 ) ) ;
#4573 = AXIS2_PLACEMENT_3D ( 'NONE', #3730, #472, #1991 ) ;
#4574 = DIRECTION ( 'NONE',  ( -0.000000000000000000, -1.000000000000000000, 0.000000000000000000 ) ) ;
#4575 = VERTEX_POINT ( 'NONE', #4344 ) ;
#4576 = CYLINDRICAL_SURFACE ( 'NONE', #2811, 1.050000000000000488 ) ;
#4577 = LINE ( 'NONE', #2481, #4672 ) ;
#4578 = ORIENTED_EDGE ( 'NONE', *, *, #2219, .F. ) ;
#4579 = DIRECTION ( 'NONE',  ( 1.000000000000000000, 0.000000000000000000, 0.000000000000000000 ) ) ;
#4580 = FACE_OUTER_BOUND ( 'NONE', #2463, .T. ) ;
#4581 = LINE ( 'NONE', #1233, #4287 ) ;
#4582 = EDGE_CURVE ( 'NONE', #2467, #464, #3969, .T. ) ;
#4583 = ORIENTED_EDGE ( 'NONE', *, *, #1594, .F. ) ;
#4584 = DIRECTION ( 'NONE',  ( 1.000000000000000000, 0.000000000000000000, 0.000000000000000000 ) ) ;
#4585 = DIRECTION ( 'NONE',  ( 1.000000000000000000, 0.000000000000000000, -0.000000000000000000 ) ) ;
#4586 = DIRECTION ( 'NONE',  ( 0.000000000000000000, 0.000000000000000000, -1.000000000000000000 ) ) ;
#4587 = ADVANCED_FACE ( 'NONE', ( #1736 ), #688, .F. ) ;
#4588 = EDGE_CURVE ( 'NONE', #2680, #2855, #3210, .T. ) ;
#4589 = ORIENTED_EDGE ( 'NONE', *, *, #783, .F. ) ;
#4590 = AXIS2_PLACEMENT_3D ( 'NONE', #3999, #3364, #2657 ) ;
#4591 = CIRCLE ( 'NONE', #4124, 1.050000000000000488 ) ;
#4592 = DIRECTION ( 'NONE',  ( -1.000000000000000000, 0.000000000000000000, -0.000000000000000000 ) ) ;
#4593 = ORIENTED_EDGE ( 'NONE', *, *, #4244, .T. ) ;
#4594 = DIRECTION ( 'NONE',  ( 0.000000000000000000, 0.000000000000000000, -1.000000000000000000 ) ) ;
#4595 = LINE ( 'NONE', #2401, #861 ) ;
#4596 = DIRECTION ( 'NONE',  ( 0.000000000000000000, 1.000000000000000000, 0.000000000000000000 ) ) ;
#4597 = ORIENTED_EDGE ( 'NONE', *, *, #2012, .F. ) ;
#4598 = DIRECTION ( 'NONE',  ( -1.000000000000000000, 0.000000000000000000, -0.000000000000000000 ) ) ;
#4599 = ORIENTED_EDGE ( 'NONE', *, *, #571, .F. ) ;
#4600 = DIRECTION ( 'NONE',  ( 0.000000000000000000, 0.000000000000000000, -1.000000000000000000 ) ) ;
#4601 = CARTESIAN_POINT ( 'NONE',  ( -8.000000000000000000, -31.25000000000000000, 6.000000000000000000 ) ) ;
#4602 = PLANE ( 'NONE',  #956 ) ;
#4603 = ORIENTED_EDGE ( 'NONE', *, *, #2098, .T. ) ;
#4604 = LINE ( 'NONE', #4648, #1889 ) ;
#4605 = LINE ( 'NONE', #1049, #2891 ) ;
#4606 = VECTOR ( 'NONE', #2064, 1000.000000000000000 ) ;
#4607 = PLANE ( 'NONE',  #1651 ) ;
#4608 = VECTOR ( 'NONE', #4467, 1000.000000000000000 ) ;
#4609 = FACE_OUTER_BOUND ( 'NONE', #1680, .T. ) ;
#4610 = EDGE_LOOP ( 'NONE', ( #1450, #2931 ) ) ;
#4611 = EDGE_CURVE ( 'NONE', #2287, #3869, #1783, .T. ) ;
#4612 = AXIS2_PLACEMENT_3D ( 'NONE', #3622, #719, #3198 ) ;
#4613 = CARTESIAN_POINT ( 'NONE',  ( 10.25000000000000000, 0.000000000000000000, -10.80000000000000071 ) ) ;
#4614 = ORIENTED_EDGE ( 'NONE', *, *, #245, .F. ) ;
#4615 = CARTESIAN_POINT ( 'NONE',  ( -8.000000000000000000, 7.250000000000000000, 4.949999999999999289 ) ) ;
#4616 = ADVANCED_FACE ( 'NONE', ( #2165 ), #3612, .T. ) ;
#4617 = EDGE_CURVE ( 'NONE', #724, #1131, #4158, .T. ) ;
#4618 = DIRECTION ( 'NONE',  ( 0.000000000000000000, -1.000000000000000000, 0.000000000000000000 ) ) ;
#4619 = CARTESIAN_POINT ( 'NONE',  ( -10.25000000000000000, -2.649999999999999911, 3.900000000000000355 ) ) ;
#4620 = ORIENTED_EDGE ( 'NONE', *, *, #3283, .T. ) ;
#4621 = FACE_OUTER_BOUND ( 'NONE', #4242, .T. ) ;
#4622 = ORIENTED_EDGE ( 'NONE', *, *, #2478, .T. ) ;
#4623 = DIRECTION ( 'NONE',  ( -0.7071067811863253061, 0.7071067811867697284, 0.000000000000000000 ) ) ;
#4624 = CARTESIAN_POINT ( 'NONE',  ( 0.000000000000000000, -31.25000000000000000, -10.80000000000000071 ) ) ;
#4625 = FACE_BOUND ( 'NONE', #3606, .T. ) ;
#4626 = ORIENTED_EDGE ( 'NONE', *, *, #3430, .F. ) ;
#4627 = DIRECTION ( 'NONE',  ( 0.000000000000000000, 0.000000000000000000, -1.000000000000000000 ) ) ;
#4628 = CARTESIAN_POINT ( 'NONE',  ( 9.350000000000001421, -35.25000000000000000, -3.899999999999999911 ) ) ;
#4629 = DIRECTION ( 'NONE',  ( 0.7071067811865486830, -0.7071067811865464625, 0.000000000000000000 ) ) ;
#4630 = DIRECTION ( 'NONE',  ( 1.000000000000000000, 0.000000000000000000, -0.000000000000000000 ) ) ;
#4631 = PLANE ( 'NONE',  #3253 ) ;
#4632 = CARTESIAN_POINT ( 'NONE',  ( -8.349999999999999645, -35.25000000000000000, 3.899999999999999911 ) ) ;
#4633 = ADVANCED_FACE ( 'NONE', ( #363 ), #1805, .T. ) ;
#4634 = ORIENTED_EDGE ( 'NONE', *, *, #1420, .F. ) ;
#4635 = LINE ( 'NONE', #3483, #1835 ) ;
#4636 = ADVANCED_FACE ( 'NONE', ( #2070 ), #2512, .F. ) ;
#4637 = DIRECTION ( 'NONE',  ( 0.000000000000000000, -0.000000000000000000, 1.000000000000000000 ) ) ;
#4638 = CYLINDRICAL_SURFACE ( 'NONE', #3840, 1.050000000000000488 ) ;
#4639 = EDGE_CURVE ( 'NONE', #4114, #2343, #4392, .T. ) ;
#4640 = ORIENTED_EDGE ( 'NONE', *, *, #1443, .T. ) ;
#4641 = PLANE ( 'NONE',  #3554 ) ;
#4642 = ADVANCED_FACE ( 'NONE', ( #4252, #2648 ), #806, .T. ) ;
#4643 = ORIENTED_EDGE ( 'NONE', *, *, #4276, .T. ) ;
#4644 = LINE ( 'NONE', #1346, #3683 ) ;
#4645 = DIRECTION ( 'NONE',  ( 0.000000000000000000, -1.000000000000000000, -0.000000000000000000 ) ) ;
#4646 = LINE ( 'NONE', #4326, #3011 ) ;
#4647 = ORIENTED_EDGE ( 'NONE', *, *, #1702, .F. ) ;
#4648 = CARTESIAN_POINT ( 'NONE',  ( 14.25000000000000000, -28.00000000000000000, 4.949999999999999289 ) ) ;
#4649 = ORIENTED_EDGE ( 'NONE', *, *, #358, .F. ) ;
#4650 = FACE_OUTER_BOUND ( 'NONE', #134, .T. ) ;
#4651 = DIRECTION ( 'NONE',  ( -1.000000000000000000, -0.000000000000000000, -0.000000000000000000 ) ) ;
#4652 = PLANE ( 'NONE',  #1544 ) ;
#4653 = DIRECTION ( 'NONE',  ( -0.7071067811865474617, 8.659560562354932858E-17, -0.7071067811865474617 ) ) ;
#4654 = PLANE ( 'NONE',  #79 ) ;
#4655 = AXIS2_PLACEMENT_3D ( 'NONE', #3760, #882, #906 ) ;
#4656 = VECTOR ( 'NONE', #2149, 1000.000000000000114 ) ;
#4657 = ORIENTED_EDGE ( 'NONE', *, *, #1294, .T. ) ;
#4658 = DIRECTION ( 'NONE',  ( 1.000000000000000000, 0.000000000000000000, -0.000000000000000000 ) ) ;
#4659 = VECTOR ( 'NONE', #3189, 1000.000000000000000 ) ;
#4660 = EDGE_CURVE ( 'NONE', #4452, #2430, #3991, .T. ) ;
#4661 = VECTOR ( 'NONE', #539, 1000.000000000000000 ) ;
#4662 = CARTESIAN_POINT ( 'NONE',  ( 14.25000000000000000, -28.00000000000000000, -6.000000000000000000 ) ) ;
#4663 = LINE ( 'NONE', #1034, #2715 ) ;
#4664 = ORIENTED_EDGE ( 'NONE', *, *, #2217, .T. ) ;
#4665 = CARTESIAN_POINT ( 'NONE',  ( -14.25000000000000000, -28.35000000000000497, -3.899999999999999911 ) ) ;
#4666 = EDGE_CURVE ( 'NONE', #4547, #500, #3304, .T. ) ;
#4667 = VERTEX_POINT ( 'NONE', #2553 ) ;
#4668 = DIRECTION ( 'NONE',  ( 0.000000000000000000, 0.000000000000000000, -1.000000000000000000 ) ) ;
#4669 = DIRECTION ( 'NONE',  ( -0.000000000000000000, -0.000000000000000000, -1.000000000000000000 ) ) ;
#4670 = DIRECTION ( 'NONE',  ( 0.000000000000000000, -1.000000000000000000, -0.000000000000000000 ) ) ;
#4671 = EDGE_LOOP ( 'NONE', ( #2949, #1994, #2878, #1961 ) ) ;
#4672 = VECTOR ( 'NONE', #3945, 1000.000000000000000 ) ;
#4673 = LINE ( 'NONE', #273, #2527 ) ;
#4674 = ORIENTED_EDGE ( 'NONE', *, *, #1010, .F. ) ;
#4675 = LINE ( 'NONE', #983, #272 ) ;
ENDSEC;
END-ISO-10303-21;
