ISO-10303-21;
HEADER;
FILE_DESCRIPTION (( 'STEP AP214' ),
    '1' );
FILE_NAME ('DC11_B01_CASE_B_DUMMY2.STEP',
    '2026-08-29T22:11:46',
    ( '' ),
    ( '' ),
    'SwSTEP 2.0',
    'SolidWorks 2023',
    '' );
FILE_SCHEMA (( 'AUTOMOTIVE_DESIGN' ));
ENDSEC;

DATA;
#1 = DIRECTION ( 'NONE',  ( 0.000000000000000000, 0.000000000000000000, -1.000000000000000000 ) ) ;
#2 = DIRECTION ( 'NONE',  ( 0.000000000000000000, 0.000000000000000000, 1.000000000000000000 ) ) ;
#3 = VECTOR ( 'NONE', #5801, 1000.000000000000000 ) ;
#4 = AXIS2_PLACEMENT_3D ( 'NONE', #4571, #1400, #2890 ) ;
#5 = FACE_OUTER_BOUND ( 'NONE', #1282, .T. ) ;
#6 = ADVANCED_FACE ( 'NONE', ( #2554, #5683 ), #5165, .T. ) ;
#7 = CARTESIAN_POINT ( 'NONE',  ( 4.019999999999999574, 11.25000000000000000, -17.00000000000000000 ) ) ;
#8 = VECTOR ( 'NONE', #4512, 1000.000000000000000 ) ;
#9 = DIRECTION ( 'NONE',  ( 0.000000000000000000, 0.000000000000000000, -1.000000000000000000 ) ) ;
#10 = CARTESIAN_POINT ( 'NONE',  ( 12.34999999999999964, -18.05000000000000071, -6.199999999700000153 ) ) ;
#11 = EDGE_LOOP ( 'NONE', ( #1024, #6268, #5468, #6679 ) ) ;
#12 = DIRECTION ( 'NONE',  ( 0.7071067811865474617, -0.7071067811865474617, 0.000000000000000000 ) ) ;
#13 = VECTOR ( 'NONE', #6284, 1000.000000000000000 ) ;
#14 = LINE ( 'NONE', #2113, #3435 ) ;
#15 = EDGE_CURVE ( 'NONE', #172, #1170, #6103, .T. ) ;
#16 = ORIENTED_EDGE ( 'NONE', *, *, #6131, .T. ) ;
#17 = CIRCLE ( 'NONE', #4741, 2.399999999999999467 ) ;
#18 = VECTOR ( 'NONE', #1216, 1000.000000000000000 ) ;
#19 = AXIS2_PLACEMENT_3D ( 'NONE', #5648, #3972, #347 ) ;
#20 = CARTESIAN_POINT ( 'NONE',  ( 14.25000000000000000, -19.30000000000000071, -17.00000000000000000 ) ) ;
#21 = LINE ( 'NONE', #1642, #5069 ) ;
#22 = DIRECTION ( 'NONE',  ( 0.000000000000000000, 1.000000000000000000, 0.000000000000000000 ) ) ;
#23 = EDGE_LOOP ( 'NONE', ( #5396, #5561 ) ) ;
#24 = EDGE_CURVE ( 'NONE', #6299, #6267, #313, .T. ) ;
#25 = ORIENTED_EDGE ( 'NONE', *, *, #1906, .F. ) ;
#26 = VECTOR ( 'NONE', #2513, 1000.000000000000000 ) ;
#27 = VERTEX_POINT ( 'NONE', #3006 ) ;
#28 = DIRECTION ( 'NONE',  ( 1.000000000000000000, 0.000000000000000000, -0.000000000000000000 ) ) ;
#29 = CARTESIAN_POINT ( 'NONE',  ( 11.75000000000000000, 0.000000000000000000, -10.09999999999999964 ) ) ;
#30 = VECTOR ( 'NONE', #3341, 1000.000000000000000 ) ;
#31 = CARTESIAN_POINT ( 'NONE',  ( 0.000000000000000000, -8.400000000000000355, -11.50000000000000000 ) ) ;
#32 = ORIENTED_EDGE ( 'NONE', *, *, #1963, .F. ) ;
#33 = DIRECTION ( 'NONE',  ( -1.000000000000000000, 0.000000000000000000, 0.000000000000000000 ) ) ;
#34 = DIRECTION ( 'NONE',  ( 0.000000000000000000, 0.000000000000000000, 1.000000000000000000 ) ) ;
#35 = EDGE_CURVE ( 'NONE', #3945, #3970, #5465, .T. ) ;
#36 = ORIENTED_EDGE ( 'NONE', *, *, #5670, .F. ) ;
#37 = ORIENTED_EDGE ( 'NONE', *, *, #4496, .T. ) ;
#38 = CARTESIAN_POINT ( 'NONE',  ( 0.000000000000000000, 0.000000000000000000, -10.50000000000000000 ) ) ;
#39 = CARTESIAN_POINT ( 'NONE',  ( -4.019999999999999574, 8.550000000000000711, -17.00000000000000000 ) ) ;
#40 = CARTESIAN_POINT ( 'NONE',  ( -7.349999999999999645, -8.900000000000000355, -15.50000000000000000 ) ) ;
#41 = EDGE_CURVE ( 'NONE', #5158, #1544, #5133, .T. ) ;
#42 = CARTESIAN_POINT ( 'NONE',  ( 3.483934743577057791, -2.186478501046034140, -14.80000000000000071 ) ) ;
#43 = DIRECTION ( 'NONE',  ( 1.000000000000000000, 0.000000000000000000, 0.000000000000000000 ) ) ;
#44 = VERTEX_POINT ( 'NONE', #4621 ) ;
#45 = CARTESIAN_POINT ( 'NONE',  ( 12.75000000007230483, 8.000000000000000000, -10.30000000006748451 ) ) ;
#46 = VECTOR ( 'NONE', #6332, 1000.000000000000114 ) ;
#47 = CYLINDRICAL_SURFACE ( 'NONE', #680, 1.300000000000000711 ) ;
#48 = EDGE_CURVE ( 'NONE', #995, #5442, #4119, .T. ) ;
#49 = ORIENTED_EDGE ( 'NONE', *, *, #3631, .F. ) ;
#50 = CARTESIAN_POINT ( 'NONE',  ( -12.34999999999999964, -18.05000000000000071, -6.199999999700000153 ) ) ;
#51 = DIRECTION ( 'NONE',  ( 1.000000000000000000, 0.000000000000000000, 0.000000000000000000 ) ) ;
#52 = ORIENTED_EDGE ( 'NONE', *, *, #1420, .T. ) ;
#53 = DIRECTION ( 'NONE',  ( -1.000000000000000000, 0.000000000000000000, 0.000000000000000000 ) ) ;
#54 = EDGE_CURVE ( 'NONE', #1419, #5814, #3594, .T. ) ;
#55 = CARTESIAN_POINT ( 'NONE',  ( 7.349999999999999645, -7.900000000000000355, -11.50000000000000000 ) ) ;
#56 = CARTESIAN_POINT ( 'NONE',  ( -4.105409372631320331, -3.025824496415985276, -15.40000000000000213 ) ) ;
#57 = VERTEX_POINT ( 'NONE', #385 ) ;
#58 = VERTEX_POINT ( 'NONE', #5030 ) ;
#59 = ORIENTED_EDGE ( 'NONE', *, *, #1638, .F. ) ;
#60 = CARTESIAN_POINT ( 'NONE',  ( -6.361960786218999964, -6.783469241813000039, -15.50000000000000000 ) ) ;
#61 = EDGE_CURVE ( 'NONE', #6681, #2309, #5578, .T. ) ;
#62 = CARTESIAN_POINT ( 'NONE',  ( 10.24999999997617195, 0.000000000000000000, -10.19999999999999929 ) ) ;
#63 = DIRECTION ( 'NONE',  ( 0.000000000000000000, 0.000000000000000000, -1.000000000000000000 ) ) ;
#64 = VERTEX_POINT ( 'NONE', #4147 ) ;
#65 = CARTESIAN_POINT ( 'NONE',  ( 8.550000000000000711, -19.10000000000000142, -7.700000000000000178 ) ) ;
#66 = CARTESIAN_POINT ( 'NONE',  ( 4.266405818616999746, -3.144484280588999869, -15.40000000000000391 ) ) ;
#67 = ORIENTED_EDGE ( 'NONE', *, *, #2815, .T. ) ;
#68 = ORIENTED_EDGE ( 'NONE', *, *, #3554, .F. ) ;
#69 = DIRECTION ( 'NONE',  ( 0.000000000000000000, -0.7071067811865475727, 0.7071067811865475727 ) ) ;
#70 = ADVANCED_FACE ( 'NONE', ( #1523 ), #3527, .T. ) ;
#71 = UNCERTAINTY_MEASURE_WITH_UNIT (LENGTH_MEASURE( 1.000000000000000082E-05 ), #6273, 'distance_accuracy_value', 'NONE');
#72 = CARTESIAN_POINT ( 'NONE',  ( -8.349999999999999645, -19.30000000000000071, -11.90000000000000036 ) ) ;
#73 = DIRECTION ( 'NONE',  ( -1.000000000000000000, 0.000000000000000000, 0.000000000000000000 ) ) ;
#74 = VECTOR ( 'NONE', #3174, 1000.000000000000000 ) ;
#75 = LINE ( 'NONE', #1733, #1665 ) ;
#76 = FACE_OUTER_BOUND ( 'NONE', #1616, .T. ) ;
#77 = ORIENTED_EDGE ( 'NONE', *, *, #3277, .T. ) ;
#78 = CARTESIAN_POINT ( 'NONE',  ( 0.6999999999999999556, 3.051732376126000457, -15.19999999999999929 ) ) ;
#79 = EDGE_CURVE ( 'NONE', #541, #3745, #6699, .T. ) ;
#80 = CARTESIAN_POINT ( 'NONE',  ( 5.849999999999999645, -15.30000000000000249, -17.00000000000000000 ) ) ;
#81 = VERTEX_POINT ( 'NONE', #5790 ) ;
#82 = DIRECTION ( 'NONE',  ( 0.000000000000000000, 0.000000000000000000, -1.000000000000000000 ) ) ;
#83 = EDGE_LOOP ( 'NONE', ( #3303, #1475, #4574 ) ) ;
#84 = VECTOR ( 'NONE', #1362, 1000.000000000000000 ) ;
#85 = OPEN_SHELL ( 'NONE', ( #2742, #5432, #370, #5797 ) ) ;
#86 = DIRECTION ( 'NONE',  ( -0.000000000000000000, -0.000000000000000000, -1.000000000000000000 ) ) ;
#87 = LINE ( 'NONE', #3260, #2989 ) ;
#88 = CARTESIAN_POINT ( 'NONE',  ( 0.000000000000000000, 0.000000000000000000, -10.50000000000000000 ) ) ;
#89 = AXIS2_PLACEMENT_3D ( 'NONE', #5887, #2756, #3515 ) ;
#90 = ORIENTED_EDGE ( 'NONE', *, *, #165, .F. ) ;
#91 = ORIENTED_EDGE ( 'NONE', *, *, #5640, .T. ) ;
#92 = AXIS2_PLACEMENT_3D ( 'NONE', #6442, #3305, #3202 ) ;
#93 = VECTOR ( 'NONE', #3184, 1000.000000000000000 ) ;
#94 = EDGE_LOOP ( 'NONE', ( #4174, #4388, #5226, #6373 ) ) ;
#95 = EDGE_CURVE ( 'NONE', #44, #3945, #5268, .T. ) ;
#96 = AXIS2_PLACEMENT_3D ( 'NONE', #5573, #3003, #348 ) ;
#97 = DIRECTION ( 'NONE',  ( 1.000000000000000000, 0.000000000000000000, -0.000000000000000000 ) ) ;
#98 = DIRECTION ( 'NONE',  ( -1.000000000000000000, 0.000000000000000000, 0.000000000000000000 ) ) ;
#99 = DIRECTION ( 'NONE',  ( 0.000000000000000000, -0.7071067811865475727, -0.7071067811865475727 ) ) ;
#100 = EDGE_LOOP ( 'NONE', ( #6189, #436, #224, #5047 ) ) ;
#101 = PLANE ( 'NONE',  #5716 ) ;
#102 = DIRECTION ( 'NONE',  ( 1.000000000000000000, 0.000000000000000000, 0.000000000000000000 ) ) ;
#103 = ORIENTED_EDGE ( 'NONE', *, *, #2426, .F. ) ;
#104 = EDGE_LOOP ( 'NONE', ( #2158, #2324, #500, #2054, #1865, #5411, #840, #678, #1986, #559, #4425, #3572, #5324, #671, #5835 ) ) ;
#105 = ADVANCED_FACE ( 'NONE', ( #4717 ), #2106, .T. ) ;
#106 = CYLINDRICAL_SURFACE ( 'NONE', #2780, 0.1999999999999996503 ) ;
#107 = CARTESIAN_POINT ( 'NONE',  ( 12.34999999999999964, -9.099999999999999645, -9.800000000000000711 ) ) ;
#108 = DIRECTION ( 'NONE',  ( 0.000000000000000000, 0.000000000000000000, 1.000000000000000000 ) ) ;
#109 = EDGE_LOOP ( 'NONE', ( #3603, #330, #450, #3513, #6576, #6073, #5903, #6817 ) ) ;
#110 = DIRECTION ( 'NONE',  ( 0.7071067811865489050, 0.7071067811865460184, 0.000000000000000000 ) ) ;
#111 = VECTOR ( 'NONE', #3885, 1000.000000000000000 ) ;
#112 = DIRECTION ( 'NONE',  ( 0.000000000000000000, 0.000000000000000000, -1.000000000000000000 ) ) ;
#113 = CYLINDRICAL_SURFACE ( 'NONE', #456, 0.5000000000000004441 ) ;
#114 = CYLINDRICAL_SURFACE ( 'NONE', #416, 6.099999999999999645 ) ;
#115 = CARTESIAN_POINT ( 'NONE',  ( 5.308444364885000155, -24.65713244687999861, -14.00000000000000000 ) ) ;
#116 = ADVANCED_FACE ( 'NONE', ( #2204 ), #549, .F. ) ;
#117 = ADVANCED_FACE ( 'NONE', ( #5341 ), #2658, .T. ) ;
#118 = VECTOR ( 'NONE', #6171, 1000.000000000000114 ) ;
#119 = ORIENTED_EDGE ( 'NONE', *, *, #2281, .T. ) ;
#120 = VECTOR ( 'NONE', #1364, 1000.000000000000000 ) ;
#121 = LINE ( 'NONE', #20, #527 ) ;
#122 = AXIS2_PLACEMENT_3D ( 'NONE', #3146, #516, #934 ) ;
#123 = DIRECTION ( 'NONE',  ( 0.000000000000000000, 0.000000000000000000, -1.000000000000000000 ) ) ;
#124 = VECTOR ( 'NONE', #4525, 1000.000000000000000 ) ;
#125 = CARTESIAN_POINT ( 'NONE',  ( 0.000000000000000000, 0.000000000000000000, -14.69999999999999929 ) ) ;
#126 = ORIENTED_EDGE ( 'NONE', *, *, #5809, .F. ) ;
#127 = ORIENTED_EDGE ( 'NONE', *, *, #5391, .T. ) ;
#128 = ORIENTED_EDGE ( 'NONE', *, *, #718, .T. ) ;
#129 = VECTOR ( 'NONE', #6796, 1000.000000000000000 ) ;
#130 = VECTOR ( 'NONE', #3984, 1000.000000000000000 ) ;
#131 = AXIS2_PLACEMENT_3D ( 'NONE', #622, #5417, #4418 ) ;
#132 = CARTESIAN_POINT ( 'NONE',  ( 13.30355339058827724, -33.06507575950827515, -61.32240000000000890 ) ) ;
#133 = LINE ( 'NONE', #2709, #30 ) ;
#134 = CARTESIAN_POINT ( 'NONE',  ( 0.000000000000000000, -19.80000000000000071, -10.80000000000000071 ) ) ;
#135 = VECTOR ( 'NONE', #1148, 1000.000000000000000 ) ;
#136 = VERTEX_POINT ( 'NONE', #586 ) ;
#137 = CARTESIAN_POINT ( 'NONE',  ( 11.71152236890999987, -34.45000000000000284, -11.50000000000000355 ) ) ;
#138 = AXIS2_PLACEMENT_3D ( 'NONE', #3590, #5679, #2580 ) ;
#139 = CARTESIAN_POINT ( 'NONE',  ( 8.849999999999999645, -8.899999999999998579, -11.40000000000000036 ) ) ;
#140 = ORIENTED_EDGE ( 'NONE', *, *, #2014, .T. ) ;
#141 = VERTEX_POINT ( 'NONE', #6420 ) ;
#142 = CIRCLE ( 'NONE', #6076, 1.850000000000000977 ) ;
#143 = DIRECTION ( 'NONE',  ( 0.000000000000000000, -0.7071067811865474617, -0.7071067811865474617 ) ) ;
#144 = CARTESIAN_POINT ( 'NONE',  ( 0.000000000000000000, 0.000000000000000000, -10.80000000000000071 ) ) ;
#145 = CARTESIAN_POINT ( 'NONE',  ( 10.90000000000000036, 1.040949779275250017E-16, -10.09999999999999964 ) ) ;
#146 = CARTESIAN_POINT ( 'NONE',  ( 7.928094874415000604, -7.900000000000000355, -12.50000000000000355 ) ) ;
#147 = VECTOR ( 'NONE', #6116, 1000.000000000000000 ) ;
#148 = EDGE_LOOP ( 'NONE', ( #119, #2792 ) ) ;
#149 = AXIS2_PLACEMENT_3D ( 'NONE', #1424, #1010, #6214 ) ;
#150 = DIRECTION ( 'NONE',  ( 0.000000000000000000, -0.000000000000000000, 1.000000000000000000 ) ) ;
#151 = VERTEX_POINT ( 'NONE', #4757 ) ;
#152 = DIRECTION ( 'NONE',  ( -0.000000000000000000, -0.000000000000000000, -1.000000000000000000 ) ) ;
#153 = EDGE_CURVE ( 'NONE', #601, #5039, #2724, .T. ) ;
#154 = CARTESIAN_POINT ( 'NONE',  ( -11.00000000000000000, 8.000000000000000000, -10.40000000000418368 ) ) ;
#155 = CARTESIAN_POINT ( 'NONE',  ( -4.266405818616999746, -3.144484280588999869, -15.40000000000000391 ) ) ;
#156 = VERTEX_POINT ( 'NONE', #5234 ) ;
#157 = ADVANCED_FACE ( 'NONE', ( #4684 ), #4245, .T. ) ;
#158 = PLANE ( 'NONE',  #4743 ) ;
#159 = FACE_OUTER_BOUND ( 'NONE', #2030, .T. ) ;
#160 = ORIENTED_EDGE ( 'NONE', *, *, #2112, .F. ) ;
#161 = ORIENTED_EDGE ( 'NONE', *, *, #3720, .T. ) ;
#162 = VERTEX_POINT ( 'NONE', #5203 ) ;
#163 = CARTESIAN_POINT ( 'NONE',  ( 0.000000000000000000, 0.000000000000000000, -14.69999999999999929 ) ) ;
#164 = EDGE_CURVE ( 'NONE', #6747, #4173, #3180, .T. ) ;
#165 = EDGE_CURVE ( 'NONE', #5039, #995, #851, .T. ) ;
#166 = CARTESIAN_POINT ( 'NONE',  ( 11.00000000000000000, -32.00000000000000000, -10.40000000000000213 ) ) ;
#167 = CARTESIAN_POINT ( 'NONE',  ( 0.000000000000000000, 9.949999999999999289, -13.19999999999999929 ) ) ;
#168 = ORIENTED_EDGE ( 'NONE', *, *, #738, .F. ) ;
#169 = CARTESIAN_POINT ( 'NONE',  ( -12.55000000000000071, -19.30000000000000071, -8.199999999999999289 ) ) ;
#170 = DIRECTION ( 'NONE',  ( 0.000000000000000000, -0.000000000000000000, -1.000000000000000000 ) ) ;
#171 = ORIENTED_EDGE ( 'NONE', *, *, #1545, .F. ) ;
#172 = VERTEX_POINT ( 'NONE', #1627 ) ;
#173 = LINE ( 'NONE', #4374, #2486 ) ;
#174 = DIRECTION ( 'NONE',  ( 0.000000000000000000, 1.000000000000000000, 0.000000000000000000 ) ) ;
#175 = LINE ( 'NONE', #4890, #967 ) ;
#176 = FACE_OUTER_BOUND ( 'NONE', #1948, .T. ) ;
#177 = ORIENTED_EDGE ( 'NONE', *, *, #5513, .F. ) ;
#178 = EDGE_CURVE ( 'NONE', #252, #648, #6356, .T. ) ;
#179 = LINE ( 'NONE', #5259, #636 ) ;
#180 = ADVANCED_FACE ( 'NONE', ( #1705 ), #1102, .T. ) ;
#181 = VERTEX_POINT ( 'NONE', #5310 ) ;
#182 = DIRECTION ( 'NONE',  ( 0.000000000000000000, 0.000000000000000000, 1.000000000000000000 ) ) ;
#183 = VECTOR ( 'NONE', #1198, 1000.000000000000000 ) ;
#184 = DIRECTION ( 'NONE',  ( 1.000000000000000000, 0.000000000000000000, 0.000000000000000000 ) ) ;
#185 = CARTESIAN_POINT ( 'NONE',  ( -12.55000000000000071, -19.30000000000000071, -10.80000000000000071 ) ) ;
#186 = PLANE ( 'NONE',  #4958 ) ;
#187 = ORIENTED_EDGE ( 'NONE', *, *, #1536, .T. ) ;
#188 = EDGE_CURVE ( 'NONE', #6754, #4102, #484, .T. ) ;
#189 = LINE ( 'NONE', #2912, #3653 ) ;
#190 = CYLINDRICAL_SURFACE ( 'NONE', #2790, 6.099999999999999645 ) ;
#191 = ORIENTED_EDGE ( 'NONE', *, *, #5093, .F. ) ;
#192 = ORIENTED_EDGE ( 'NONE', *, *, #2470, .T. ) ;
#193 = EDGE_LOOP ( 'NONE', ( #3460, #68, #5837, #3555 ) ) ;
#194 = ADVANCED_FACE ( 'NONE', ( #1557 ), #4788, .F. ) ;
#195 = CARTESIAN_POINT ( 'NONE',  ( 8.349999999999997868, -17.80000000000000071, -11.90000000000000036 ) ) ;
#196 = DIRECTION ( 'NONE',  ( 0.000000000000000000, 0.000000000000000000, 1.000000000000000000 ) ) ;
#197 = CARTESIAN_POINT ( 'NONE',  ( 10.90000000000000036, 1.040949779275250140E-16, -10.09999999999999964 ) ) ;
#198 = ORIENTED_EDGE ( 'NONE', *, *, #6529, .T. ) ;
#199 = DIRECTION ( 'NONE',  ( -0.000000000000000000, 1.000000000000000000, 0.000000000000000000 ) ) ;
#200 = AXIS2_PLACEMENT_3D ( 'NONE', #1820, #842, #1227 ) ;
#201 = LINE ( 'NONE', #6247, #2431 ) ;
#202 = ORIENTED_EDGE ( 'NONE', *, *, #2200, .T. ) ;
#203 = VERTEX_POINT ( 'NONE', #517 ) ;
#204 = ADVANCED_FACE ( 'NONE', ( #76 ), #2619, .F. ) ;
#205 = EDGE_CURVE ( 'NONE', #6006, #3284, #654, .T. ) ;
#206 = PLANE ( 'NONE',  #2921 ) ;
#207 = CARTESIAN_POINT ( 'NONE',  ( 0.000000000000000000, 0.000000000000000000, -15.50000000000000000 ) ) ;
#208 = CARTESIAN_POINT ( 'NONE',  ( 13.44999999999999929, 8.711522368915000314, -10.79999999999999716 ) ) ;
#209 = ORIENTED_EDGE ( 'NONE', *, *, #2169, .F. ) ;
#210 = DIRECTION ( 'NONE',  ( 0.000000000000000000, 0.000000000000000000, -1.000000000000000000 ) ) ;
#211 = ORIENTED_EDGE ( 'NONE', *, *, #3256, .T. ) ;
#212 = LINE ( 'NONE', #2800, #5576 ) ;
#213 = LINE ( 'NONE', #78, #2321 ) ;
#214 = CYLINDRICAL_SURFACE ( 'NONE', #5516, 1.850000000000000977 ) ;
#215 = FACE_OUTER_BOUND ( 'NONE', #3465, .T. ) ;
#216 = EDGE_CURVE ( 'NONE', #510, #5314, #298, .T. ) ;
#217 = LINE ( 'NONE', #1176, #5514 ) ;
#218 = ORIENTED_EDGE ( 'NONE', *, *, #930, .T. ) ;
#219 = FACE_OUTER_BOUND ( 'NONE', #2373, .T. ) ;
#220 = CARTESIAN_POINT ( 'NONE',  ( 12.06507575950663558, 10.30355339059163455, -11.50000000000000355 ) ) ;
#221 = EDGE_CURVE ( 'NONE', #6444, #5977, #5962, .T. ) ;
#222 = ORIENTED_EDGE ( 'NONE', *, *, #433, .T. ) ;
#223 = AXIS2_PLACEMENT_3D ( 'NONE', #2788, #4779, #3755 ) ;
#224 = ORIENTED_EDGE ( 'NONE', *, *, #1486, .F. ) ;
#225 = EDGE_LOOP ( 'NONE', ( #6061, #6087, #1822, #32, #3688 ) ) ;
#226 = VECTOR ( 'NONE', #2653, 1000.000000000000000 ) ;
#227 = VECTOR ( 'NONE', #5218, 1000.000000000000000 ) ;
#228 = DIRECTION ( 'NONE',  ( 0.000000000000000000, 0.000000000000000000, -1.000000000000000000 ) ) ;
#229 = LINE ( 'NONE', #6008, #6417 ) ;
#230 = VECTOR ( 'NONE', #6222, 1000.000000000000000 ) ;
#231 = LINE ( 'NONE', #5458, #4625 ) ;
#232 = EDGE_LOOP ( 'NONE', ( #6500, #957, #3224, #5636 ) ) ;
#233 = CARTESIAN_POINT ( 'NONE',  ( -6.900000000000000355, 0.000000000000000000, -15.19999999999999929 ) ) ;
#234 = ORIENTED_EDGE ( 'NONE', *, *, #3108, .T. ) ;
#235 = AXIS2_PLACEMENT_3D ( 'NONE', #1105, #4384, #1772 ) ;
#236 = ORIENTED_EDGE ( 'NONE', *, *, #3225, .T. ) ;
#237 = CARTESIAN_POINT ( 'NONE',  ( -12.55000000000000071, -19.80000000000000071, -10.79999999999999893 ) ) ;
#238 = LINE ( 'NONE', #5565, #3221 ) ;
#239 = VECTOR ( 'NONE', #5272, 1000.000000000000000 ) ;
#240 = FACE_OUTER_BOUND ( 'NONE', #870, .T. ) ;
#241 = EDGE_CURVE ( 'NONE', #5859, #2547, #212, .T. ) ;
#242 = VERTEX_POINT ( 'NONE', #2244 ) ;
#243 = ADVANCED_FACE ( 'NONE', ( #2275 ), #2831, .F. ) ;
#244 = CARTESIAN_POINT ( 'NONE',  ( 12.85000000002528431, -32.00000000000000000, -10.40000000000000213 ) ) ;
#245 = ORIENTED_EDGE ( 'NONE', *, *, #4355, .T. ) ;
#246 = VECTOR ( 'NONE', #4783, 1000.000000000000000 ) ;
#247 = DIRECTION ( 'NONE',  ( 0.000000000000000000, 0.000000000000000000, 1.000000000000000000 ) ) ;
#248 = FACE_OUTER_BOUND ( 'NONE', #3889, .T. ) ;
#249 = DIRECTION ( 'NONE',  ( 0.000000000000000000, 0.000000000000000000, 1.000000000000000000 ) ) ;
#250 = CARTESIAN_POINT ( 'NONE',  ( 13.39999999999999858, -32.00000000000000000, -17.00000000000000000 ) ) ;
#251 = LINE ( 'NONE', #5575, #1230 ) ;
#252 = VERTEX_POINT ( 'NONE', #1245 ) ;
#253 = CARTESIAN_POINT ( 'NONE',  ( -10.44999999999999929, -8.900000000000000355, -8.699999999999999289 ) ) ;
#254 = PLANE ( 'NONE',  #2212 ) ;
#255 = SURFACE_STYLE_USAGE ( .BOTH. , #1816 ) ;
#256 = VERTEX_POINT ( 'NONE', #2310 ) ;
#257 = ORIENTED_EDGE ( 'NONE', *, *, #384, .T. ) ;
#258 = EDGE_CURVE ( 'NONE', #2957, #4391, #1806, .T. ) ;
#259 = FACE_OUTER_BOUND ( 'NONE', #1345, .T. ) ;
#260 = VECTOR ( 'NONE', #2710, 1000.000000000000000 ) ;
#261 = DIRECTION ( 'NONE',  ( 0.000000000000000000, 0.000000000000000000, -1.000000000000000000 ) ) ;
#262 = CARTESIAN_POINT ( 'NONE',  ( -4.029390576326837170, 8.159296608646835480, -14.69070339135316416 ) ) ;
#263 = ORIENTED_EDGE ( 'NONE', *, *, #41, .F. ) ;
#264 = DIRECTION ( 'NONE',  ( 1.000000000000000000, 0.000000000000000000, 0.000000000000000000 ) ) ;
#265 = ORIENTED_EDGE ( 'NONE', *, *, #5204, .T. ) ;
#266 = ORIENTED_EDGE ( 'NONE', *, *, #281, .F. ) ;
#267 = EDGE_CURVE ( 'NONE', #6538, #5938, #4163, .T. ) ;
#268 =( BOUNDED_CURVE ( )  B_SPLINE_CURVE ( 3, ( #5742, #924, #2572, #1579 ),
 .UNSPECIFIED., .F., .T. ) 
 B_SPLINE_CURVE_WITH_KNOTS ( ( 4, 4 ),
 ( 1.391746293112591237, 1.570796326794893227 ),
 .UNSPECIFIED. ) 
 CURVE ( )  GEOMETRIC_REPRESENTATION_ITEM ( )  RATIONAL_B_SPLINE_CURVE ( ( 1.000000000000000000, 0.9973302076397674298, 0.9973302076397674298, 1.000000000000000000 ) ) 
 REPRESENTATION_ITEM ( '' )  );
#269 = CARTESIAN_POINT ( 'NONE',  ( 4.029390576326838058, 8.159296608646833704, -14.69070339135316594 ) ) ;
#270 = CARTESIAN_POINT ( 'NONE',  ( -7.349999999999999645, -20.30000000000000071, -10.80000000000000071 ) ) ;
#271 = CARTESIAN_POINT ( 'NONE',  ( 11.00000000000000000, -32.00000000000000000, -14.19999999999999929 ) ) ;
#272 = ORIENTED_EDGE ( 'NONE', *, *, #2683, .F. ) ;
#273 = DIRECTION ( 'NONE',  ( 0.000000000000000000, 0.000000000000000000, -1.000000000000000000 ) ) ;
#274 = ORIENTED_EDGE ( 'NONE', *, *, #1962, .F. ) ;
#275 = EDGE_CURVE ( 'NONE', #3292, #621, #1626, .T. ) ;
#276 = DIRECTION ( 'NONE',  ( -0.000000000000000000, -1.000000000000000000, 0.000000000000000000 ) ) ;
#277 = LINE ( 'NONE', #3492, #2956 ) ;
#278 = FACE_OUTER_BOUND ( 'NONE', #1496, .T. ) ;
#279 = CARTESIAN_POINT ( 'NONE',  ( 13.44999999999999929, -32.71152236891000342, -10.79999999999999893 ) ) ;
#280 = ORIENTED_EDGE ( 'NONE', *, *, #1381, .F. ) ;
#281 = EDGE_CURVE ( 'NONE', #3280, #3587, #4925, .T. ) ;
#282 = EDGE_CURVE ( 'NONE', #3882, #4133, #1850, .T. ) ;
#283 = LINE ( 'NONE', #5483, #5609 ) ;
#284 = CARTESIAN_POINT ( 'NONE',  ( -6.361960786218999964, -6.783469241813000039, -61.32240000000000890 ) ) ;
#285 = CARTESIAN_POINT ( 'NONE',  ( -12.34999999999999964, -10.15000000000000036, -6.199999999700000153 ) ) ;
#286 = CARTESIAN_POINT ( 'NONE',  ( 11.00000000000000000, 8.000000000000000000, -10.30000000006748451 ) ) ;
#287 = VECTOR ( 'NONE', #3860, 1000.000000000000000 ) ;
#288 = ORIENTED_EDGE ( 'NONE', *, *, #2411, .T. ) ;
#289 = ORIENTED_EDGE ( 'NONE', *, *, #442, .T. ) ;
#290 = FACE_OUTER_BOUND ( 'NONE', #683, .T. ) ;
#291 = PLANE ( 'NONE',  #2202 ) ;
#292 = VERTEX_POINT ( 'NONE', #5376 ) ;
#293 = DIRECTION ( 'NONE',  ( -1.000000000000000000, 0.000000000000000000, 0.000000000000000000 ) ) ;
#294 = ADVANCED_FACE ( 'NONE', ( #3318 ), #3869, .T. ) ;
#295 = EDGE_LOOP ( 'NONE', ( #4218, #1354, #1265, #3317, #6090, #1087, #1482 ) ) ;
#296 = ORIENTED_EDGE ( 'NONE', *, *, #3355, .F. ) ;
#297 = LINE ( 'NONE', #2400, #6460 ) ;
#298 = CIRCLE ( 'NONE', #3944, 0.8500000000000000888 ) ;
#299 = CARTESIAN_POINT ( 'NONE',  ( -8.599999999999999645, -19.30000000000000071, -11.65000000000000036 ) ) ;
#300 = DIRECTION ( 'NONE',  ( -1.000000000000000000, 0.000000000000000000, -0.000000000000000000 ) ) ;
#301 = ORIENTED_EDGE ( 'NONE', *, *, #362, .F. ) ;
#302 = EDGE_CURVE ( 'NONE', #4648, #5355, #2344, .T. ) ;
#303 = DIRECTION ( 'NONE',  ( -0.000000000000000000, 1.000000000000000000, 0.000000000000000000 ) ) ;
#304 = ORIENTED_EDGE ( 'NONE', *, *, #3262, .T. ) ;
#305 = CIRCLE ( 'NONE', #4170, 1.850000000000000977 ) ;
#306 = VECTOR ( 'NONE', #3719, 1000.000000000000000 ) ;
#307 = AXIS2_PLACEMENT_3D ( 'NONE', #5025, #902, #4518 ) ;
#308 = CARTESIAN_POINT ( 'NONE',  ( -8.349999999999997868, -17.80000000000000071, -17.00000000000000000 ) ) ;
#309 = DIRECTION ( 'NONE',  ( -1.000000000000000000, -0.000000000000000000, 0.000000000000000000 ) ) ;
#310 = DIRECTION ( 'NONE',  ( 1.000000000000000000, 0.000000000000000000, 0.000000000000000000 ) ) ;
#311 = EDGE_CURVE ( 'NONE', #1259, #4297, #4893, .T. ) ;
#312 = CARTESIAN_POINT ( 'NONE',  ( -0.6999999999999999556, 3.051732376126000457, -15.40000000000000036 ) ) ;
#313 = LINE ( 'NONE', #2519, #4599 ) ;
#314 = CARTESIAN_POINT ( 'NONE',  ( 12.55000000000000071, -20.30000000000000071, -10.80000000000000071 ) ) ;
#315 = CARTESIAN_POINT ( 'NONE',  ( 6.361960786218999964, -6.783469241813000039, -15.50000000000000711 ) ) ;
#316 = CARTESIAN_POINT ( 'NONE',  ( -4.019999999999999574, 0.000000000000000000, -13.40000000000000036 ) ) ;
#317 = ORIENTED_EDGE ( 'NONE', *, *, #825, .F. ) ;
#318 = FILL_AREA_STYLE_COLOUR ( '', #3968 ) ;
#319 = EDGE_CURVE ( 'NONE', #4887, #2961, #2064, .T. ) ;
#320 = CARTESIAN_POINT ( 'NONE',  ( -10.44999999999999929, -19.55000000000000071, -8.449999999999999289 ) ) ;
#321 = EDGE_CURVE ( 'NONE', #2274, #4049, #3282, .T. ) ;
#322 = ORIENTED_EDGE ( 'NONE', *, *, #3526, .F. ) ;
#323 = EDGE_LOOP ( 'NONE', ( #1812, #3824, #5964, #5936, #4782, #5174, #5772 ) ) ;
#324 = DIRECTION ( 'NONE',  ( -0.000000000000000000, 0.000000000000000000, 1.000000000000000000 ) ) ;
#325 = CYLINDRICAL_SURFACE ( 'NONE', #5635, 0.5000000000000004441 ) ;
#326 = CIRCLE ( 'NONE', #3528, 1.300000000000000711 ) ;
#327 = DIRECTION ( 'NONE',  ( 0.000000000000000000, -0.000000000000000000, -1.000000000000000000 ) ) ;
#328 = ORIENTED_EDGE ( 'NONE', *, *, #6269, .F. ) ;
#329 = DIRECTION ( 'NONE',  ( 0.000000000000000000, -0.000000000000000000, -1.000000000000000000 ) ) ;
#330 = ORIENTED_EDGE ( 'NONE', *, *, #1283, .F. ) ;
#331 = ORIENTED_EDGE ( 'NONE', *, *, #550, .T. ) ;
#332 = VECTOR ( 'NONE', #1101, 1000.000000000000000 ) ;
#333 = VECTOR ( 'NONE', #4084, 1000.000000000000000 ) ;
#334 = VECTOR ( 'NONE', #1471, 1000.000000000000000 ) ;
#335 = DIRECTION ( 'NONE',  ( -1.000000000000000000, 0.000000000000000000, 0.000000000000000000 ) ) ;
#336 = DIRECTION ( 'NONE',  ( 0.000000000000000000, 1.000000000000000000, 0.000000000000000000 ) ) ;
#337 = DIRECTION ( 'NONE',  ( 0.000000000000000000, 0.000000000000000000, 1.000000000000000000 ) ) ;
#338 = EDGE_LOOP ( 'NONE', ( #3711, #1121, #1583, #5660 ) ) ;
#339 = VECTOR ( 'NONE', #6178, 1000.000000000000000 ) ;
#340 = DIRECTION ( 'NONE',  ( 0.000000000000000000, -1.000000000000000000, -0.000000000000000000 ) ) ;
#341 = ORIENTED_EDGE ( 'NONE', *, *, #3812, .T. ) ;
#342 =( GEOMETRIC_REPRESENTATION_CONTEXT ( 3 ) GLOBAL_UNCERTAINTY_ASSIGNED_CONTEXT ( ( #71 ) ) GLOBAL_UNIT_ASSIGNED_CONTEXT ( ( #6273, #2689, #5306 ) ) REPRESENTATION_CONTEXT ( 'NONE', 'WORKASPACE' ) );
#343 = CIRCLE ( 'NONE', #6631, 1.850000000000000977 ) ;
#344 = EDGE_CURVE ( 'NONE', #1196, #1860, #179, .T. ) ;
#345 = FACE_OUTER_BOUND ( 'NONE', #11, .T. ) ;
#346 = EDGE_CURVE ( 'NONE', #2682, #3344, #1162, .T. ) ;
#347 = DIRECTION ( 'NONE',  ( -1.000000000000000000, 0.000000000000000000, 0.000000000000000000 ) ) ;
#348 = DIRECTION ( 'NONE',  ( -1.000000000000000000, 0.000000000000000000, -0.000000000000000000 ) ) ;
#349 = DIRECTION ( 'NONE',  ( -0.000000000000000000, -0.000000000000000000, 1.000000000000000000 ) ) ;
#350 = AXIS2_PLACEMENT_3D ( 'NONE', #1555, #3037, #4081 ) ;
#351 = DIRECTION ( 'NONE',  ( -0.7071067811865476838, -0.7071067811865474617, 0.000000000000000000 ) ) ;
#352 = AXIS2_PLACEMENT_3D ( 'NONE', #3454, #336, #5049 ) ;
#353 = ORIENTED_EDGE ( 'NONE', *, *, #5831, .T. ) ;
#354 = DIRECTION ( 'NONE',  ( 1.000000000000000000, 0.000000000000000000, 0.000000000000000000 ) ) ;
#355 = EDGE_CURVE ( 'NONE', #3337, #1566, #6252, .T. ) ;
#356 = AXIS2_PLACEMENT_3D ( 'NONE', #1917, #3506, #5980 ) ;
#357 = ORIENTED_EDGE ( 'NONE', *, *, #1890, .F. ) ;
#358 = CARTESIAN_POINT ( 'NONE',  ( 0.000000000000000000, 0.000000000000000000, -15.40000000000000036 ) ) ;
#359 = DIRECTION ( 'NONE',  ( 0.000000000000000000, -1.000000000000000000, 0.000000000000000000 ) ) ;
#360 = ORIENTED_EDGE ( 'NONE', *, *, #1905, .T. ) ;
#361 = ORIENTED_EDGE ( 'NONE', *, *, #1077, .F. ) ;
#362 = EDGE_CURVE ( 'NONE', #2182, #6020, #4205, .T. ) ;
#363 = DIRECTION ( 'NONE',  ( -1.000000000000000000, 0.000000000000000000, 0.000000000000000000 ) ) ;
#364 = LINE ( 'NONE', #4027, #147 ) ;
#365 = CARTESIAN_POINT ( 'NONE',  ( 7.849999999999999645, -19.80000000000000426, -8.199999999999999289 ) ) ;
#366 = ORIENTED_EDGE ( 'NONE', *, *, #515, .T. ) ;
#367 = DIRECTION ( 'NONE',  ( -0.000000000000000000, -0.000000000000000000, 1.000000000000000000 ) ) ;
#368 = ORIENTED_EDGE ( 'NONE', *, *, #5029, .T. ) ;
#369 = ORIENTED_EDGE ( 'NONE', *, *, #5682, .T. ) ;
#370 = ADVANCED_FACE ( 'NONE', ( #3272, #4845 ), #2129, .F. ) ;
#371 = AXIS2_PLACEMENT_3D ( 'NONE', #2508, #5642, #3687 ) ;
#372 = EDGE_CURVE ( 'NONE', #6744, #3945, #2069, .T. ) ;
#373 = DIRECTION ( 'NONE',  ( 0.000000000000000000, 0.000000000000000000, -1.000000000000000000 ) ) ;
#374 = DIRECTION ( 'NONE',  ( 0.000000000000000000, 0.000000000000000000, -1.000000000000000000 ) ) ;
#375 = CARTESIAN_POINT ( 'NONE',  ( -11.71152236890999987, -33.95000000000000284, -11.50000000000000355 ) ) ;
#376 = LINE ( 'NONE', #6581, #1183 ) ;
#377 = ORIENTED_EDGE ( 'NONE', *, *, #2879, .F. ) ;
#378 = ORIENTED_EDGE ( 'NONE', *, *, #1308, .F. ) ;
#379 = VERTEX_POINT ( 'NONE', #5365 ) ;
#380 = CARTESIAN_POINT ( 'NONE',  ( 7.458027997690001243, -8.085655099351999553, -61.32240000000000890 ) ) ;
#381 = CARTESIAN_POINT ( 'NONE',  ( 4.590199342083000289, -3.706760040782000054, -61.32240000000000890 ) ) ;
#382 = LINE ( 'NONE', #4520, #546 ) ;
#383 = CARTESIAN_POINT ( 'NONE',  ( 5.308444364885000155, -24.65713244687999861, -14.00000000000000000 ) ) ;
#384 = EDGE_CURVE ( 'NONE', #2751, #6020, #1584, .T. ) ;
#385 = CARTESIAN_POINT ( 'NONE',  ( 7.024736428839713831, -8.335171464272917774, -17.00000000000000000 ) ) ;
#386 = FACE_OUTER_BOUND ( 'NONE', #1264, .T. ) ;
#387 = CARTESIAN_POINT ( 'NONE',  ( -8.349999999999999645, -19.30000000000000071, -10.80000000000000071 ) ) ;
#388 = LINE ( 'NONE', #1796, #415 ) ;
#389 = ADVANCED_FACE ( 'NONE', ( #6306 ), #3689, .T. ) ;
#390 = ORIENTED_EDGE ( 'NONE', *, *, #1106, .T. ) ;
#391 = EDGE_LOOP ( 'NONE', ( #3484, #1449 ) ) ;
#392 = CARTESIAN_POINT ( 'NONE',  ( 8.550000000000000711, -19.10000000000000142, -4.700000000000000178 ) ) ;
#393 = DIRECTION ( 'NONE',  ( -0.000000000000000000, -1.000000000000000000, -0.000000000000000000 ) ) ;
#394 = CARTESIAN_POINT ( 'NONE',  ( 0.7000000000000000666, 3.551732376126000457, -15.69999999999999929 ) ) ;
#395 = ORIENTED_EDGE ( 'NONE', *, *, #5602, .F. ) ;
#396 = CARTESIAN_POINT ( 'NONE',  ( -8.350000000000001421, -19.30000000000000071, -10.79999999999999893 ) ) ;
#397 = EDGE_CURVE ( 'NONE', #1095, #1368, #5032, .T. ) ;
#398 = VERTEX_POINT ( 'NONE', #5781 ) ;
#399 = ORIENTED_EDGE ( 'NONE', *, *, #1679, .T. ) ;
#400 = DIRECTION ( 'NONE',  ( 0.5773502691896257311, 0.5773502691896257311, -0.5773502691896257311 ) ) ;
#401 = DIRECTION ( 'NONE',  ( 0.000000000000000000, 0.000000000000000000, -1.000000000000000000 ) ) ;
#402 = CARTESIAN_POINT ( 'NONE',  ( -7.119026725067594263, -7.718125322108560837, -15.10999999999999943 ) ) ;
#403 = ORIENTED_EDGE ( 'NONE', *, *, #4953, .T. ) ;
#404 = EDGE_CURVE ( 'NONE', #58, #6444, #5368, .T. ) ;
#405 = ORIENTED_EDGE ( 'NONE', *, *, #5450, .T. ) ;
#406 = EDGE_CURVE ( 'NONE', #1939, #4550, #2953, .T. ) ;
#407 = ORIENTED_EDGE ( 'NONE', *, *, #2453, .F. ) ;
#408 = CIRCLE ( 'NONE', #6578, 0.5000000000000004441 ) ;
#409 = CLOSED_SHELL ( 'NONE', ( #5290, #3491, #5830, #4478, #2126 ) ) ;
#410 = CARTESIAN_POINT ( 'NONE',  ( -14.25000000000000000, 9.250000000000000000, -11.50000000000000178 ) ) ;
#411 = CARTESIAN_POINT ( 'NONE',  ( 0.000000000000000000, -20.30000000000000071, -10.80000000000000071 ) ) ;
#412 = LINE ( 'NONE', #6786, #2398 ) ;
#413 = CARTESIAN_POINT ( 'NONE',  ( 11.00000000000000000, 8.000000000000000000, -14.19999999999999929 ) ) ;
#414 = CARTESIAN_POINT ( 'NONE',  ( 7.049999999999999822, 0.000000000000000000, -15.50000000000000000 ) ) ;
#415 = VECTOR ( 'NONE', #170, 1000.000000000000000 ) ;
#416 = AXIS2_PLACEMENT_3D ( 'NONE', #2074, #5274, #2210 ) ;
#417 = DIRECTION ( 'NONE',  ( 0.000000000000000000, 0.000000000000000000, -1.000000000000000000 ) ) ;
#418 = FACE_OUTER_BOUND ( 'NONE', #533, .T. ) ;
#419 = EDGE_CURVE ( 'NONE', #2746, #1188, #3398, .T. ) ;
#420 = EDGE_LOOP ( 'NONE', ( #5605, #2714, #5622, #5633 ) ) ;
#421 = CARTESIAN_POINT ( 'NONE',  ( -11.71152236890999987, 9.949999999999999289, -11.50000000000000355 ) ) ;
#422 = LINE ( 'NONE', #2144, #6174 ) ;
#423 = VERTEX_POINT ( 'NONE', #6371 ) ;
#424 = VERTEX_POINT ( 'NONE', #139 ) ;
#425 = EDGE_CURVE ( 'NONE', #4008, #3679, #2642, .T. ) ;
#426 = CARTESIAN_POINT ( 'NONE',  ( -4.105409372631320331, -3.025824496415985276, -14.80000000000000071 ) ) ;
#427 = LINE ( 'NONE', #1947, #4841 ) ;
#428 = ORIENTED_EDGE ( 'NONE', *, *, #2338, .F. ) ;
#429 = DIRECTION ( 'NONE',  ( -0.000000000000000000, -0.000000000000000000, 1.000000000000000000 ) ) ;
#430 = ORIENTED_EDGE ( 'NONE', *, *, #4526, .T. ) ;
#431 = VERTEX_POINT ( 'NONE', #1195 ) ;
#432 = CARTESIAN_POINT ( 'NONE',  ( -7.024736428839179148, -8.335171464271898145, -17.00000000000000000 ) ) ;
#433 = EDGE_CURVE ( 'NONE', #5340, #1124, #4746, .T. ) ;
#434 = CYLINDRICAL_SURFACE ( 'NONE', #1021, 0.5000000000000004441 ) ;
#435 = DIRECTION ( 'NONE',  ( -1.000000000000000000, 0.000000000000000000, 0.000000000000000000 ) ) ;
#436 = ORIENTED_EDGE ( 'NONE', *, *, #2796, .T. ) ;
#437 = ORIENTED_EDGE ( 'NONE', *, *, #1807, .T. ) ;
#438 = AXIS2_PLACEMENT_3D ( 'NONE', #2449, #4013, #310 ) ;
#439 = VERTEX_POINT ( 'NONE', #1093 ) ;
#440 = VECTOR ( 'NONE', #3893, 1000.000000000000000 ) ;
#441 = CARTESIAN_POINT ( 'NONE',  ( -12.55000000000000071, -20.30000000000000071, -8.199999999999999289 ) ) ;
#442 = EDGE_CURVE ( 'NONE', #1294, #2945, #969, .T. ) ;
#443 = AXIS2_PLACEMENT_3D ( 'NONE', #5307, #652, #3279 ) ;
#444 = ADVANCED_FACE ( 'NONE', ( #2233 ), #4338, .T. ) ;
#445 = FACE_OUTER_BOUND ( 'NONE', #3645, .T. ) ;
#446 = LINE ( 'NONE', #2551, #3402 ) ;
#447 = CARTESIAN_POINT ( 'NONE',  ( -7.849999999999999645, -8.400000000000000355, -8.199999999999999289 ) ) ;
#448 = VECTOR ( 'NONE', #123, 1000.000000000000000 ) ;
#449 = VECTOR ( 'NONE', #3361, 1000.000000000000000 ) ;
#450 = ORIENTED_EDGE ( 'NONE', *, *, #3458, .F. ) ;
#451 = DIRECTION ( 'NONE',  ( 0.000000000000000000, -1.000000000000000000, 0.000000000000000000 ) ) ;
#452 = EDGE_CURVE ( 'NONE', #4693, #2357, #576, .T. ) ;
#453 = FACE_OUTER_BOUND ( 'NONE', #6127, .T. ) ;
#454 = CIRCLE ( 'NONE', #3878, 0.1999999999999996503 ) ;
#455 = ORIENTED_EDGE ( 'NONE', *, *, #5972, .T. ) ;
#456 = AXIS2_PLACEMENT_3D ( 'NONE', #1145, #1808, #184 ) ;
#457 = DIRECTION ( 'NONE',  ( -0.000000000000000000, -1.000000000000000000, 0.000000000000000000 ) ) ;
#458 = DIRECTION ( 'NONE',  ( 1.000000000000000000, 0.000000000000000000, -0.000000000000000000 ) ) ;
#459 = ORIENTED_EDGE ( 'NONE', *, *, #6582, .F. ) ;
#460 = ORIENTED_EDGE ( 'NONE', *, *, #3595, .T. ) ;
#461 = VECTOR ( 'NONE', #6812, 1000.000000000000000 ) ;
#462 = DIRECTION ( 'NONE',  ( 0.000000000000000000, -0.7071067811865483499, 0.7071067811865465735 ) ) ;
#463 = CARTESIAN_POINT ( 'NONE',  ( 12.25000000000000000, -35.25000000000000000, -11.50000000000000000 ) ) ;
#464 = LINE ( 'NONE', #5665, #6396 ) ;
#465 = EDGE_LOOP ( 'NONE', ( #3091, #696, #5881, #4976 ) ) ;
#466 = CARTESIAN_POINT ( 'NONE',  ( -4.019999999999941842, 8.163920626757738219, -15.50000000000000000 ) ) ;
#467 = VECTOR ( 'NONE', #2330, 1000.000000000000114 ) ;
#468 = ORIENTED_EDGE ( 'NONE', *, *, #6106, .T. ) ;
#469 = EDGE_CURVE ( 'NONE', #1154, #1428, #4809, .T. ) ;
#470 = ORIENTED_EDGE ( 'NONE', *, *, #617, .T. ) ;
#471 = EDGE_CURVE ( 'NONE', #5112, #1114, #5585, .T. ) ;
#472 = LINE ( 'NONE', #1441, #4633 ) ;
#473 = CYLINDRICAL_SURFACE ( 'NONE', #5885, 2.399999999999999467 ) ;
#474 = DIRECTION ( 'NONE',  ( -0.7071067811859765850, 0.7071067811871185604, 0.000000000000000000 ) ) ;
#475 = DIRECTION ( 'NONE',  ( -0.000000000000000000, -0.000000000000000000, -1.000000000000000000 ) ) ;
#476 = ORIENTED_EDGE ( 'NONE', *, *, #404, .F. ) ;
#477 = ORIENTED_EDGE ( 'NONE', *, *, #6530, .F. ) ;
#478 = ORIENTED_EDGE ( 'NONE', *, *, #6560, .T. ) ;
#479 = ADVANCED_FACE ( 'NONE', ( #4088 ), #6511, .T. ) ;
#480 = LINE ( 'NONE', #6204, #5297 ) ;
#481 = DIRECTION ( 'NONE',  ( 1.000000000000000000, 0.000000000000000000, -0.000000000000000000 ) ) ;
#482 = DIRECTION ( 'NONE',  ( 1.000000000000000000, 0.000000000000000000, 0.000000000000000000 ) ) ;
#483 = EDGE_CURVE ( 'NONE', #2632, #2563, #388, .T. ) ;
#484 = LINE ( 'NONE', #2691, #4593 ) ;
#485 = PLANE ( 'NONE',  #6168 ) ;
#486 = CARTESIAN_POINT ( 'NONE',  ( 7.061511736714060739, -8.399032729840966383, -17.00000000000000000 ) ) ;
#487 = ORIENTED_EDGE ( 'NONE', *, *, #1831, .F. ) ;
#488 = LINE ( 'NONE', #940, #4600 ) ;
#489 = CARTESIAN_POINT ( 'NONE',  ( 12.06507575950750244, -34.30355339059250497, -11.50000000000000178 ) ) ;
#490 = ADVANCED_FACE ( 'NONE', ( #5626 ), #3501, .T. ) ;
#491 = ORIENTED_EDGE ( 'NONE', *, *, #4058, .T. ) ;
#492 = EDGE_CURVE ( 'NONE', #2207, #820, #4595, .T. ) ;
#494 = ORIENTED_EDGE ( 'NONE', *, *, #6561, .T. ) ;
#493 = CIRCLE ( 'NONE', #837, 10.50000000000000000 ) ;
#495 = FACE_OUTER_BOUND ( 'NONE', #2013, .T. ) ;
#496 = CARTESIAN_POINT ( 'NONE',  ( -9.149999999999998579, -32.00000000000000000, -10.80000000000000071 ) ) ;
#497 = CARTESIAN_POINT ( 'NONE',  ( 11.05000000060000254, -19.10000000000000142, -7.700000000000000178 ) ) ;
#498 = VERTEX_POINT ( 'NONE', #5105 ) ;
#499 = FACE_OUTER_BOUND ( 'NONE', #3712, .T. ) ;
#500 = ORIENTED_EDGE ( 'NONE', *, *, #930, .F. ) ;
#501 = ORIENTED_EDGE ( 'NONE', *, *, #2146, .F. ) ;
#502 = VECTOR ( 'NONE', #2716, 1000.000000000000000 ) ;
#503 = CARTESIAN_POINT ( 'NONE',  ( 6.225144425225168199, -6.637588182849180285, 61.32240000000000890 ) ) ;
#504 = DIRECTION ( 'NONE',  ( 1.000000000000000000, 0.000000000000000000, 0.000000000000000000 ) ) ;
#505 = CARTESIAN_POINT ( 'NONE',  ( 13.44999999999999929, -32.71152236891000342, -11.50000000000000178 ) ) ;
#506 = EDGE_CURVE ( 'NONE', #3807, #2988, #4053, .T. ) ;
#507 = VERTEX_POINT ( 'NONE', #1911 ) ;
#508 = DIRECTION ( 'NONE',  ( -1.000000000000000000, 0.000000000000000000, 0.000000000000000000 ) ) ;
#509 = VECTOR ( 'NONE', #1442, 1000.000000000000000 ) ;
#510 = VERTEX_POINT ( 'NONE', #5037 ) ;
#511 = VERTEX_POINT ( 'NONE', #5398 ) ;
#512 = LINE ( 'NONE', #4113, #3485 ) ;
#513 = CARTESIAN_POINT ( 'NONE',  ( -6.189913262151000239, -21.57615680642999934, -14.00000000000000000 ) ) ;
#514 = DIRECTION ( 'NONE',  ( -0.5773502691896246208, 0.5773502691896279515, -0.5773502691896246208 ) ) ;
#515 = EDGE_CURVE ( 'NONE', #423, #4488, #4023, .T. ) ;
#516 = DIRECTION ( 'NONE',  ( 0.000000000000000000, 0.000000000000000000, -1.000000000000000000 ) ) ;
#517 = CARTESIAN_POINT ( 'NONE',  ( 1.919391177642437274, -1.969374902650477210, -12.50000000000000355 ) ) ;
#518 = LINE ( 'NONE', #2038, #2538 ) ;
#519 = CARTESIAN_POINT ( 'NONE',  ( 14.25000000000000000, -8.400000000000000355, -10.80000000000000071 ) ) ;
#520 = EDGE_CURVE ( 'NONE', #574, #4758, #6110, .T. ) ;
#521 = VECTOR ( 'NONE', #5326, 1000.000000000000000 ) ;
#522 = VERTEX_POINT ( 'NONE', #1392 ) ;
#523 = LINE ( 'NONE', #4792, #5472 ) ;
#524 = LINE ( 'NONE', #941, #129 ) ;
#525 = AXIS2_PLACEMENT_3D ( 'NONE', #4343, #5305, #4376 ) ;
#526 = EDGE_LOOP ( 'NONE', ( #2476, #317, #304, #6568 ) ) ;
#527 = VECTOR ( 'NONE', #3676, 1000.000000000000000 ) ;
#528 = DIRECTION ( 'NONE',  ( 1.000000000000000000, 0.000000000000000000, 0.000000000000000000 ) ) ;
#529 = EDGE_CURVE ( 'NONE', #3161, #1473, #1359, .T. ) ;
#530 = DIRECTION ( 'NONE',  ( 0.000000000000000000, 0.000000000000000000, 1.000000000000000000 ) ) ;
#531 = LINE ( 'NONE', #1153, #5162 ) ;
#532 = EDGE_LOOP ( 'NONE', ( #3171, #6797, #4203, #3329, #4441 ) ) ;
#533 = EDGE_LOOP ( 'NONE', ( #6005, #4503, #5249, #2599 ) ) ;
#534 = ORIENTED_EDGE ( 'NONE', *, *, #1985, .T. ) ;
#535 = CARTESIAN_POINT ( 'NONE',  ( -13.44999999999999929, -32.91862915010000989, -11.50000000000000000 ) ) ;
#536 = FACE_OUTER_BOUND ( 'NONE', #1012, .T. ) ;
#537 = PLANE ( 'NONE',  #1254 ) ;
#538 = ORIENTED_EDGE ( 'NONE', *, *, #4206, .F. ) ;
#539 = LINE ( 'NONE', #3563, #118 ) ;
#540 = DIRECTION ( 'NONE',  ( -1.000000000000000000, 0.000000000000000000, 0.000000000000000000 ) ) ;
#541 = VERTEX_POINT ( 'NONE', #6702 ) ;
#542 = ORIENTED_EDGE ( 'NONE', *, *, #5991, .T. ) ;
#543 = CARTESIAN_POINT ( 'NONE',  ( 0.000000000000000000, 0.000000000000000000, -15.50000000000000000 ) ) ;
#544 = DIRECTION ( 'NONE',  ( 0.9659258262894938607, -0.2588190451009324544, 0.000000000000000000 ) ) ;
#545 = PLANE ( 'NONE',  #1522 ) ;
#546 = VECTOR ( 'NONE', #933, 1000.000000000000000 ) ;
#547 = CARTESIAN_POINT ( 'NONE',  ( 8.550000000000000711, -19.10000000000000142, -10.69999999999999929 ) ) ;
#548 = ADVANCED_FACE ( 'NONE', ( #6181 ), #681, .T. ) ;
#549 = PLANE ( 'NONE',  #3832 ) ;
#550 = EDGE_CURVE ( 'NONE', #1567, #2151, #4531, .T. ) ;
#551 = VECTOR ( 'NONE', #6190, 1000.000000000000000 ) ;
#552 = ORIENTED_EDGE ( 'NONE', *, *, #5473, .T. ) ;
#553 = CIRCLE ( 'NONE', #3093, 6.900000000000000355 ) ;
#554 = CARTESIAN_POINT ( 'NONE',  ( 13.44999999999999929, -19.80000000000000071, -10.79999999999999893 ) ) ;
#555 = ORIENTED_EDGE ( 'NONE', *, *, #6072, .F. ) ;
#556 = PLANE ( 'NONE',  #1652 ) ;
#557 = CARTESIAN_POINT ( 'NONE',  ( 13.44999999999999929, 0.000000000000000000, -10.80000000000000071 ) ) ;
#558 = AXIS2_PLACEMENT_3D ( 'NONE', #6590, #1868, #4575 ) ;
#559 = ORIENTED_EDGE ( 'NONE', *, *, #319, .F. ) ;
#560 = ADVANCED_FACE ( 'NONE', ( #6475 ), #1760, .F. ) ;
#561 = CIRCLE ( 'NONE', #3106, 1.850000000000000977 ) ;
#562 = VECTOR ( 'NONE', #3667, 999.9999999999998863 ) ;
#563 = FACE_OUTER_BOUND ( 'NONE', #5318, .T. ) ;
#564 = LINE ( 'NONE', #2180, #6063 ) ;
#565 = DIRECTION ( 'NONE',  ( 0.4990327298437420289, 0.8665831376992647606, 0.000000000000000000 ) ) ;
#566 = ORIENTED_EDGE ( 'NONE', *, *, #2380, .F. ) ;
#567 = ORIENTED_EDGE ( 'NONE', *, *, #826, .F. ) ;
#568 = VECTOR ( 'NONE', #5336, 1000.000000000000000 ) ;
#569 = EDGE_LOOP ( 'NONE', ( #6153, #4669 ) ) ;
#570 = EDGE_CURVE ( 'NONE', #6461, #2961, #3346, .T. ) ;
#571 = DIRECTION ( 'NONE',  ( 0.000000000000000000, 0.000000000000000000, 1.000000000000000000 ) ) ;
#572 = CARTESIAN_POINT ( 'NONE',  ( 8.349999999999999645, -17.80000000000000071, -10.80000000000000071 ) ) ;
#573 = LINE ( 'NONE', #3818, #5207 ) ;
#574 = VERTEX_POINT ( 'NONE', #5949 ) ;
#575 = LINE ( 'NONE', #6406, #769 ) ;
#576 = LINE ( 'NONE', #5331, #3837 ) ;
#577 = VERTEX_POINT ( 'NONE', #4563 ) ;
#578 = ORIENTED_EDGE ( 'NONE', *, *, #4875, .T. ) ;
#579 = EDGE_CURVE ( 'NONE', #1188, #2746, #4092, .T. ) ;
#580 = EDGE_CURVE ( 'NONE', #6739, #2357, #4853, .T. ) ;
#581 = CARTESIAN_POINT ( 'NONE',  ( 0.000000000000000000, 0.000000000000000000, -13.70000000000000107 ) ) ;
#582 = CARTESIAN_POINT ( 'NONE',  ( 6.099999999999999645, 7.470345474798854293E-16, -15.19999999999999929 ) ) ;
#583 = CARTESIAN_POINT ( 'NONE',  ( 14.25000000000000000, -33.25000000000000000, -17.00000000000000711 ) ) ;
#584 = SHAPE_DEFINITION_REPRESENTATION ( #958, #1687 ) ;
#585 = CARTESIAN_POINT ( 'NONE',  ( 7.928094874415000604, -8.900000000000000355, -17.00000000000000355 ) ) ;
#586 = CARTESIAN_POINT ( 'NONE',  ( -2.750000000000000000, 3.367778697655221012E-16, -10.50000000000000000 ) ) ;
#587 = ORIENTED_EDGE ( 'NONE', *, *, #5671, .F. ) ;
#588 = DIRECTION ( 'NONE',  ( 1.000000000000000000, 0.000000000000000000, 0.000000000000000000 ) ) ;
#589 = CIRCLE ( 'NONE', #4125, 2.399999999999999467 ) ;
#590 = DIRECTION ( 'NONE',  ( 0.000000000000000000, 0.000000000000000000, 1.000000000000000000 ) ) ;
#591 = ORIENTED_EDGE ( 'NONE', *, *, #4650, .T. ) ;
#592 = CARTESIAN_POINT ( 'NONE',  ( -13.44999999999999929, 8.918629150101999414, -11.50000000000000000 ) ) ;
#593 = EDGE_CURVE ( 'NONE', #5034, #5783, #201, .T. ) ;
#594 = EDGE_CURVE ( 'NONE', #1769, #5537, #6622, .T. ) ;
#595 = CARTESIAN_POINT ( 'NONE',  ( 8.849999999999999645, -8.900000000000000355, -10.79999999999999893 ) ) ;
#596 = EDGE_LOOP ( 'NONE', ( #4732, #6231, #4054, #994, #3748, #5950, #6250, #6690 ) ) ;
#597 = CARTESIAN_POINT ( 'NONE',  ( -8.849999999999999645, -17.80000000000000071, -10.80000000000000071 ) ) ;
#598 = DIRECTION ( 'NONE',  ( 1.000000000000000000, 0.000000000000000000, 0.000000000000000000 ) ) ;
#599 = LINE ( 'NONE', #2149, #3 ) ;
#600 = EDGE_CURVE ( 'NONE', #1971, #6007, #3762, .T. ) ;
#601 = VERTEX_POINT ( 'NONE', #3672 ) ;
#602 = ORIENTED_EDGE ( 'NONE', *, *, #2855, .T. ) ;
#603 = ORIENTED_EDGE ( 'NONE', *, *, #3512, .T. ) ;
#604 = CARTESIAN_POINT ( 'NONE',  ( -4.841163111756050519, -4.543340381124959748, -15.19999999999999751 ) ) ;
#605 = CARTESIAN_POINT ( 'NONE',  ( 11.00000000000000000, 8.000000000000000000, -10.40000000000418368 ) ) ;
#606 = FACE_OUTER_BOUND ( 'NONE', #3994, .T. ) ;
#607 = EDGE_CURVE ( 'NONE', #6427, #3848, #6353, .T. ) ;
#608 = VERTEX_POINT ( 'NONE', #489 ) ;
#609 = CARTESIAN_POINT ( 'NONE',  ( 7.928094874415000604, -8.900000000000000355, -12.32190512558499407 ) ) ;
#610 = CARTESIAN_POINT ( 'NONE',  ( 10.44999999999999929, -19.10000000000000142, -7.700000000000000178 ) ) ;
#611 = ORIENTED_EDGE ( 'NONE', *, *, #321, .F. ) ;
#612 = ORIENTED_EDGE ( 'NONE', *, *, #5922, .F. ) ;
#613 = CARTESIAN_POINT ( 'NONE',  ( 12.25000000000000000, 9.750000000000000000, 0.000000000000000000 ) ) ;
#614 = DIRECTION ( 'NONE',  ( 0.000000000000000000, 0.000000000000000000, -1.000000000000000000 ) ) ;
#615 = EDGE_CURVE ( 'NONE', #1826, #4900, #6399, .T. ) ;
#616 = CIRCLE ( 'NONE', #5897, 1.000000000000000222 ) ;
#617 = EDGE_CURVE ( 'NONE', #2499, #2365, #524, .T. ) ;
#618 = DIRECTION ( 'NONE',  ( -0.4990327298409441559, 0.8665831377008759162, 0.000000000000000000 ) ) ;
#619 = ORIENTED_EDGE ( 'NONE', *, *, #4141, .F. ) ;
#620 = CARTESIAN_POINT ( 'NONE',  ( -11.00000000000000000, 8.000000000000000000, -10.80000000000000071 ) ) ;
#621 = VERTEX_POINT ( 'NONE', #6215 ) ;
#622 = CARTESIAN_POINT ( 'NONE',  ( 11.00000000000000000, -32.00000000000000000, -17.00000000000000000 ) ) ;
#623 = FACE_OUTER_BOUND ( 'NONE', #4110, .T. ) ;
#624 = ORIENTED_EDGE ( 'NONE', *, *, #1740, .T. ) ;
#625 = CARTESIAN_POINT ( 'NONE',  ( 6.900000000000000355, 8.450062914116737647E-16, -15.19999999999999929 ) ) ;
#626 = DIRECTION ( 'NONE',  ( -1.000000000000000000, 0.000000000000000000, 0.000000000000000000 ) ) ;
#627 = ORIENTED_EDGE ( 'NONE', *, *, #1001, .T. ) ;
#628 = EDGE_CURVE ( 'NONE', #4360, #4711, #781, .T. ) ;
#629 = AXIS2_PLACEMENT_3D ( 'NONE', #3637, #4127, #5077 ) ;
#630 = AXIS2_PLACEMENT_3D ( 'NONE', #1038, #3732, #1664 ) ;
#631 = CARTESIAN_POINT ( 'NONE',  ( 4.416882714542991195, -3.806566586750004255, -17.00000000000000000 ) ) ;
#632 = CARTESIAN_POINT ( 'NONE',  ( -6.900000000000000355, 0.000000000000000000, -14.69999999999999929 ) ) ;
#633 = CARTESIAN_POINT ( 'NONE',  ( -10.75236886899999966, -19.10000000000000142, -9.349999999999999645 ) ) ;
#634 = EDGE_LOOP ( 'NONE', ( #4439, #5212, #1607, #3926 ) ) ;
#635 = ORIENTED_EDGE ( 'NONE', *, *, #6053, .F. ) ;
#636 = VECTOR ( 'NONE', #2093, 1000.000000000000000 ) ;
#637 = VECTOR ( 'NONE', #5315, 1000.000000000000000 ) ;
#638 = EDGE_LOOP ( 'NONE', ( #455, #1819, #653, #2626 ) ) ;
#639 = CIRCLE ( 'NONE', #4495, 1.750000000072304829 ) ;
#640 = EDGE_CURVE ( 'NONE', #81, #1332, #5727, .T. ) ;
#641 = CARTESIAN_POINT ( 'NONE',  ( 8.849999999999999645, -13.05000000000000071, -11.40000000000000036 ) ) ;
#642 = DIRECTION ( 'NONE',  ( 1.000000000000000000, 0.000000000000000000, -0.000000000000000000 ) ) ;
#643 = CARTESIAN_POINT ( 'NONE',  ( 0.6999999999999999556, 3.051732376126000457, -15.19999999999999929 ) ) ;
#644 = ORIENTED_EDGE ( 'NONE', *, *, #6642, .F. ) ;
#645 = CARTESIAN_POINT ( 'NONE',  ( -8.599999999999999645, -32.00000000000000000, -17.00000000000000000 ) ) ;
#646 = DIRECTION ( 'NONE',  ( -0.000000000000000000, -0.000000000000000000, 1.000000000000000000 ) ) ;
#647 = ORIENTED_EDGE ( 'NONE', *, *, #1879, .F. ) ;
#648 = VERTEX_POINT ( 'NONE', #5689 ) ;
#649 = FACE_OUTER_BOUND ( 'NONE', #94, .T. ) ;
#650 = CARTESIAN_POINT ( 'NONE',  ( 14.25000000000000000, 9.250000000000000000, -17.00000000000000711 ) ) ;
#651 = DIRECTION ( 'NONE',  ( 0.000000000000000000, -0.000000000000000000, -1.000000000000000000 ) ) ;
#652 = DIRECTION ( 'NONE',  ( 0.000000000000000000, 0.000000000000000000, 1.000000000000000000 ) ) ;
#653 = ORIENTED_EDGE ( 'NONE', *, *, #2282, .T. ) ;
#654 = LINE ( 'NONE', #5443, #3725 ) ;
#655 = EDGE_CURVE ( 'NONE', #6410, #2837, #4220, .T. ) ;
#656 = ORIENTED_EDGE ( 'NONE', *, *, #2034, .F. ) ;
#657 = CARTESIAN_POINT ( 'NONE',  ( -0.6999999999999999556, 3.051732376126000457, -14.80000000000000071 ) ) ;
#658 = CYLINDRICAL_SURFACE ( 'NONE', #1788, 0.5000000000000004441 ) ;
#659 = VECTOR ( 'NONE', #5512, 1000.000000000000000 ) ;
#660 = CARTESIAN_POINT ( 'NONE',  ( 0.000000000000000000, -7.900000000000000355, -10.80000000000000071 ) ) ;
#661 = DIRECTION ( 'NONE',  ( -1.000000000000000000, 0.000000000000000000, 0.000000000000000000 ) ) ;
#662 = VECTOR ( 'NONE', #429, 1000.000000000000000 ) ;
#663 = ORIENTED_EDGE ( 'NONE', *, *, #6721, .F. ) ;
#664 = ADVANCED_FACE ( 'NONE', ( #6765 ), #979, .T. ) ;
#665 = CIRCLE ( 'NONE', #4413, 2.399999999999999467 ) ;
#666 = VECTOR ( 'NONE', #340, 1000.000000000000000 ) ;
#667 = LINE ( 'NONE', #3781, #2448 ) ;
#668 = AXIS2_PLACEMENT_3D ( 'NONE', #3060, #3133, #1952 ) ;
#669 = DIRECTION ( 'NONE',  ( -1.000000000000000000, -0.000000000000000000, -0.000000000000000000 ) ) ;
#670 = EDGE_LOOP ( 'NONE', ( #6202, #709, #4345, #1197 ) ) ;
#671 = ORIENTED_EDGE ( 'NONE', *, *, #372, .T. ) ;
#672 = ORIENTED_EDGE ( 'NONE', *, *, #275, .T. ) ;
#673 = AXIS2_PLACEMENT_3D ( 'NONE', #6497, #1876, #1782 ) ;
#674 = CIRCLE ( 'NONE', #4417, 2.750000000000000000 ) ;
#675 = DIRECTION ( 'NONE',  ( -1.000000000000000000, 0.000000000000000000, 0.000000000000000000 ) ) ;
#676 = CARTESIAN_POINT ( 'NONE',  ( -11.71152236890999987, 9.949999999999999289, -61.32240000000000890 ) ) ;
#677 = CARTESIAN_POINT ( 'NONE',  ( -8.050000000000000711, -8.899999999999998579, -12.19999999999999929 ) ) ;
#678 = ORIENTED_EDGE ( 'NONE', *, *, #6435, .T. ) ;
#679 = PLANE ( 'NONE',  #223 ) ;
#680 = AXIS2_PLACEMENT_3D ( 'NONE', #6280, #2072, #2141 ) ;
#681 = PLANE ( 'NONE',  #2730 ) ;
#682 = EDGE_CURVE ( 'NONE', #1538, #5355, #1527, .T. ) ;
#683 = EDGE_LOOP ( 'NONE', ( #5400, #4238, #2991, #3967 ) ) ;
#684 = ORIENTED_EDGE ( 'NONE', *, *, #6764, .T. ) ;
#685 = AXIS2_PLACEMENT_3D ( 'NONE', #4645, #5255, #4232 ) ;
#686 = DIRECTION ( 'NONE',  ( -0.000000000000000000, -0.000000000000000000, -1.000000000000000000 ) ) ;
#687 = DIRECTION ( 'NONE',  ( -0.000000000000000000, -0.000000000000000000, 1.000000000000000000 ) ) ;
#688 = APPLICATION_CONTEXT ( 'automotive_design' ) ;
#689 = DIRECTION ( 'NONE',  ( -1.000000000000000000, 0.000000000000000000, -0.000000000000000000 ) ) ;
#690 = ADVANCED_FACE ( 'NONE', ( #4660 ), #5659, .T. ) ;
#691 = DIRECTION ( 'NONE',  ( -1.000000000000000000, 0.000000000000000000, 0.000000000000000000 ) ) ;
#692 = CIRCLE ( 'NONE', #3342, 0.1999999999999996503 ) ;
#693 = ORIENTED_EDGE ( 'NONE', *, *, #4285, .T. ) ;
#694 = VECTOR ( 'NONE', #3500, 1000.000000000000000 ) ;
#695 = DIRECTION ( 'NONE',  ( 0.000000000000000000, 0.000000000000000000, -1.000000000000000000 ) ) ;
#696 = ORIENTED_EDGE ( 'NONE', *, *, #258, .T. ) ;
#697 = DIRECTION ( 'NONE',  ( -0.7071067811865474617, -0.7071067811865474617, 0.000000000000000000 ) ) ;
#698 = DIRECTION ( 'NONE',  ( -0.7071067811865474617, -0.7071067811865474617, 0.000000000000000000 ) ) ;
#699 = LINE ( 'NONE', #3976, #6501 ) ;
#700 = DIRECTION ( 'NONE',  ( 1.000000000000000000, 0.000000000000000000, -0.000000000000000000 ) ) ;
#701 = EDGE_LOOP ( 'NONE', ( #1505, #4511, #3217, #1578 ) ) ;
#702 = VECTOR ( 'NONE', #1510, 1000.000000000000000 ) ;
#703 = LINE ( 'NONE', #4461, #6623 ) ;
#704 = FACE_OUTER_BOUND ( 'NONE', #1513, .T. ) ;
#705 = EDGE_CURVE ( 'NONE', #4049, #2889, #3152, .T. ) ;
#706 = VERTEX_POINT ( 'NONE', #2665 ) ;
#707 = EDGE_CURVE ( 'NONE', #1481, #1769, #2043, .T. ) ;
#708 = ORIENTED_EDGE ( 'NONE', *, *, #3588, .T. ) ;
#709 = ORIENTED_EDGE ( 'NONE', *, *, #5753, .T. ) ;
#710 = DIRECTION ( 'NONE',  ( -0.000000000000000000, -0.000000000000000000, -1.000000000000000000 ) ) ;
#711 = DIRECTION ( 'NONE',  ( 0.000000000000000000, 0.000000000000000000, -1.000000000000000000 ) ) ;
#712 = DIRECTION ( 'NONE',  ( 0.000000000000000000, 0.000000000000000000, -1.000000000000000000 ) ) ;
#713 = EDGE_LOOP ( 'NONE', ( #6421, #4393, #1549, #4085 ) ) ;
#714 = LINE ( 'NONE', #4337, #3196 ) ;
#715 = CARTESIAN_POINT ( 'NONE',  ( -11.00000000000000000, 8.000000000000000000, -17.00000000000000000 ) ) ;
#716 = ORIENTED_EDGE ( 'NONE', *, *, #3662, .T. ) ;
#717 = ORIENTED_EDGE ( 'NONE', *, *, #2635, .T. ) ;
#718 = EDGE_CURVE ( 'NONE', #1448, #6012, #2543, .T. ) ;
#719 = FACE_OUTER_BOUND ( 'NONE', #896, .T. ) ;
#720 = CARTESIAN_POINT ( 'NONE',  ( 4.020000000000000462, 9.750000000000000000, -13.00000000000000178 ) ) ;
#721 = CARTESIAN_POINT ( 'NONE',  ( 14.25000000000000000, -19.30000000000000071, -17.00000000000000000 ) ) ;
#722 = EDGE_LOOP ( 'NONE', ( #4032, #1343, #4370, #3556 ) ) ;
#723 = CARTESIAN_POINT ( 'NONE',  ( -4.266405818616999746, -3.144484280588999869, -14.80000000000000071 ) ) ;
#724 = FACE_OUTER_BOUND ( 'NONE', #713, .T. ) ;
#725 = EDGE_CURVE ( 'NONE', #1294, #764, #1044, .T. ) ;
#726 = CIRCLE ( 'NONE', #6004, 1.750000000015461410 ) ;
#727 = CARTESIAN_POINT ( 'NONE',  ( -12.25000000000000000, 11.25000000000000000, 0.000000000000000000 ) ) ;
#728 = CARTESIAN_POINT ( 'NONE',  ( -12.55000000000000071, -19.30000000000000071, -8.699999999999999289 ) ) ;
#729 = CYLINDRICAL_SURFACE ( 'NONE', #5294, 1.300000000000000711 ) ;
#730 = ORIENTED_EDGE ( 'NONE', *, *, #5922, .T. ) ;
#731 = LINE ( 'NONE', #4971, #130 ) ;
#732 = CARTESIAN_POINT ( 'NONE',  ( 12.55000000000000071, -20.30000000000000071, -10.80000000000000071 ) ) ;
#733 = ORIENTED_EDGE ( 'NONE', *, *, #221, .T. ) ;
#734 = VERTEX_POINT ( 'NONE', #4723 ) ;
#735 = ORIENTED_EDGE ( 'NONE', *, *, #4014, .T. ) ;
#736 = VECTOR ( 'NONE', #1944, 1000.000000000000000 ) ;
#737 = EDGE_CURVE ( 'NONE', #1736, #4811, #14, .T. ) ;
#738 = EDGE_CURVE ( 'NONE', #4676, #3013, #422, .T. ) ;
#739 = LINE ( 'NONE', #2814, #84 ) ;
#740 = CARTESIAN_POINT ( 'NONE',  ( 0.000000000000000000, 0.000000000000000000, -15.19999999999999929 ) ) ;
#741 = DIRECTION ( 'NONE',  ( -0.000000000000000000, -0.000000000000000000, 1.000000000000000000 ) ) ;
#742 = EDGE_LOOP ( 'NONE', ( #3263, #839, #2610, #6689 ) ) ;
#743 = CARTESIAN_POINT ( 'NONE',  ( 11.05000000060000254, -9.099999999999999645, -7.700000000000000178 ) ) ;
#744 = VECTOR ( 'NONE', #3234, 1000.000000000000000 ) ;
#745 = VECTOR ( 'NONE', #3833, 1000.000000000000000 ) ;
#746 = AXIS2_PLACEMENT_3D ( 'NONE', #1076, #3775, #1672 ) ;
#747 = VERTEX_POINT ( 'NONE', #2524 ) ;
#748 = ORIENTED_EDGE ( 'NONE', *, *, #1845, .F. ) ;
#749 = EDGE_CURVE ( 'NONE', #511, #1566, #1112, .T. ) ;
#750 = LINE ( 'NONE', #2857, #4039 ) ;
#751 = CARTESIAN_POINT ( 'NONE',  ( -4.416882714542956556, -3.806566586750048664, -15.40000000000000391 ) ) ;
#752 = DIRECTION ( 'NONE',  ( -0.7071067811865475727, 0.000000000000000000, 0.7071067811865475727 ) ) ;
#753 = ORIENTED_EDGE ( 'NONE', *, *, #5895, .F. ) ;
#754 = DIRECTION ( 'NONE',  ( -1.000000000000000000, 0.000000000000000000, 0.000000000000000000 ) ) ;
#755 = ORIENTED_EDGE ( 'NONE', *, *, #355, .F. ) ;
#756 = ADVANCED_FACE ( 'NONE', ( #3806 ), #186, .F. ) ;
#757 = CARTESIAN_POINT ( 'NONE',  ( 0.000000000000000000, 0.000000000000000000, -15.19999999999999929 ) ) ;
#758 = PLANE ( 'NONE',  #3985 ) ;
#759 = CYLINDRICAL_SURFACE ( 'NONE', #3328, 0.5000000000000004441 ) ;
#760 = LINE ( 'NONE', #631, #3947 ) ;
#761 = CARTESIAN_POINT ( 'NONE',  ( -7.049999999999999822, 9.750000000000000000, -15.50000000000000000 ) ) ;
#762 = DIRECTION ( 'NONE',  ( -0.000000000000000000, -0.000000000000000000, -1.000000000000000000 ) ) ;
#763 = ADVANCED_FACE ( 'NONE', ( #2177 ), #3327, .F. ) ;
#764 = VERTEX_POINT ( 'NONE', #2697 ) ;
#765 = DIRECTION ( 'NONE',  ( -1.000000000000000000, -0.000000000000000000, -0.000000000000000000 ) ) ;
#766 = DIRECTION ( 'NONE',  ( -0.000000000000000000, 1.000000000000000000, 0.000000000000000000 ) ) ;
#767 = DIRECTION ( 'NONE',  ( 1.000000000000000000, 0.000000000000000000, 0.000000000000000000 ) ) ;
#768 = ORIENTED_EDGE ( 'NONE', *, *, #4058, .F. ) ;
#769 = VECTOR ( 'NONE', #3855, 1000.000000000000000 ) ;
#770 = EDGE_CURVE ( 'NONE', #6267, #5793, #4305, .T. ) ;
#771 = ORIENTED_EDGE ( 'NONE', *, *, #4014, .F. ) ;
#772 = ORIENTED_EDGE ( 'NONE', *, *, #6599, .T. ) ;
#773 = VECTOR ( 'NONE', #3829, 1000.000000000000000 ) ;
#774 = VECTOR ( 'NONE', #4686, 1000.000000000000000 ) ;
#775 = DIRECTION ( 'NONE',  ( 0.000000000000000000, 0.000000000000000000, 1.000000000000000000 ) ) ;
#776 = CARTESIAN_POINT ( 'NONE',  ( -7.050000000000000711, 9.750000000000000000, -13.69999999999999929 ) ) ;
#777 = CARTESIAN_POINT ( 'NONE',  ( -4.048147724577252582, 8.150000000000000355, -14.69999999999999929 ) ) ;
#778 = VERTEX_POINT ( 'NONE', #5316 ) ;
#779 = DIRECTION ( 'NONE',  ( 1.000000000000000000, 0.000000000000000000, 0.000000000000000000 ) ) ;
#780 = EDGE_CURVE ( 'NONE', #4391, #6755, #17, .T. ) ;
#781 = CIRCLE ( 'NONE', #1781, 0.1999999999999996503 ) ;
#782 = ORIENTED_EDGE ( 'NONE', *, *, #770, .T. ) ;
#783 = VECTOR ( 'NONE', #1275, 1000.000000000000000 ) ;
#784 = ORIENTED_EDGE ( 'NONE', *, *, #3519, .T. ) ;
#785 = DIRECTION ( 'NONE',  ( 0.000000000000000000, 0.000000000000000000, -1.000000000000000000 ) ) ;
#786 = VECTOR ( 'NONE', #1211, 1000.000000000000000 ) ;
#787 = CARTESIAN_POINT ( 'NONE',  ( -13.44999999999999929, -32.71152236891000342, -10.79999999999999716 ) ) ;
#788 = VECTOR ( 'NONE', #5059, 1000.000000000000000 ) ;
#789 = DIRECTION ( 'NONE',  ( -0.000000000000000000, 1.000000000000000000, 0.000000000000000000 ) ) ;
#790 = ORIENTED_EDGE ( 'NONE', *, *, #4564, .T. ) ;
#791 = EDGE_CURVE ( 'NONE', #5591, #5151, #217, .T. ) ;
#792 = FACE_OUTER_BOUND ( 'NONE', #1645, .T. ) ;
#793 = EDGE_CURVE ( 'NONE', #4499, #4025, #4861, .T. ) ;
#794 = VERTEX_POINT ( 'NONE', #115 ) ;
#795 = AXIS2_PLACEMENT_3D ( 'NONE', #3763, #5371, #2687 ) ;
#796 = LINE ( 'NONE', #6528, #2424 ) ;
#797 = FACE_OUTER_BOUND ( 'NONE', #4983, .T. ) ;
#798 = CARTESIAN_POINT ( 'NONE',  ( 4.841163111755785842, -4.543340381125122285, -61.32240000000000890 ) ) ;
#799 = VECTOR ( 'NONE', #2427, 1000.000000000000000 ) ;
#800 = FACE_OUTER_BOUND ( 'NONE', #1221, .T. ) ;
#801 = CARTESIAN_POINT ( 'NONE',  ( 11.00000000000000000, -32.00000000000000000, -10.30000000000000071 ) ) ;
#802 = VERTEX_POINT ( 'NONE', #3739 ) ;
#803 = CARTESIAN_POINT ( 'NONE',  ( -2.617351605875999798, -2.685511230887000167, -61.32240000000000890 ) ) ;
#804 = EDGE_CURVE ( 'NONE', #3690, #6464, #2655, .T. ) ;
#805 = LINE ( 'NONE', #1285, #5751 ) ;
#806 = ORIENTED_EDGE ( 'NONE', *, *, #6506, .T. ) ;
#807 = ORIENTED_EDGE ( 'NONE', *, *, #4889, .T. ) ;
#808 = CARTESIAN_POINT ( 'NONE',  ( -11.00000000000000000, -32.00000000000000000, -10.40000000000000213 ) ) ;
#809 = ADVANCED_FACE ( 'NONE', ( #1741 ), #4353, .F. ) ;
#810 = PLANE ( 'NONE',  #1128 ) ;
#811 = CARTESIAN_POINT ( 'NONE',  ( -13.44999999999999929, -8.400000000000000355, -10.80000000000000071 ) ) ;
#812 = ORIENTED_EDGE ( 'NONE', *, *, #3330, .F. ) ;
#813 = LINE ( 'NONE', #5530, #1774 ) ;
#814 = ORIENTED_EDGE ( 'NONE', *, *, #4059, .T. ) ;
#815 = EDGE_LOOP ( 'NONE', ( #3997, #6305, #3955, #5449, #2300, #6639, #5227, #1529, #2909, #2183 ) ) ;
#816 = CARTESIAN_POINT ( 'NONE',  ( 6.361960786218999964, -6.783469241813000039, -14.69999999999999751 ) ) ;
#817 = ADVANCED_FACE ( 'NONE', ( #5827 ), #4423, .F. ) ;
#818 = DIRECTION ( 'NONE',  ( 0.000000000000000000, 1.000000000000000000, 0.000000000000000000 ) ) ;
#819 = LINE ( 'NONE', #890, #1410 ) ;
#820 = VERTEX_POINT ( 'NONE', #595 ) ;
#821 = CARTESIAN_POINT ( 'NONE',  ( -5.014479739296000105, -4.443533835156999956, -15.19999999999999751 ) ) ;
#822 = AXIS2_PLACEMENT_3D ( 'NONE', #1266, #5988, #6653 ) ;
#823 = ORIENTED_EDGE ( 'NONE', *, *, #4248, .T. ) ;
#824 = DIRECTION ( 'NONE',  ( -0.7071067811865475727, -0.7071067811865475727, 0.000000000000000000 ) ) ;
#825 = EDGE_CURVE ( 'NONE', #1930, #6782, #1673, .T. ) ;
#826 = EDGE_CURVE ( 'NONE', #1150, #2029, #4312, .T. ) ;
#827 = CARTESIAN_POINT ( 'NONE',  ( -4.019999999999884999, 8.163920626757766641, -15.19999999999999929 ) ) ;
#828 = PLANE ( 'NONE',  #307 ) ;
#829 = FACE_OUTER_BOUND ( 'NONE', #5821, .T. ) ;
#830 = CARTESIAN_POINT ( 'NONE',  ( 12.25000000000000000, 11.25000000000000000, -17.00000000000000000 ) ) ;
#831 = ORIENTED_EDGE ( 'NONE', *, *, #41, .T. ) ;
#832 = AXIS2_PLACEMENT_3D ( 'NONE', #6128, #5199, #6722 ) ;
#833 = CARTESIAN_POINT ( 'NONE',  ( -0.6999999999999999556, 3.051732376126000457, -15.19999999999999929 ) ) ;
#834 = CARTESIAN_POINT ( 'NONE',  ( -10.66577127869878083, -9.099999999999997868, -8.900000000000000355 ) ) ;
#835 = DIRECTION ( 'NONE',  ( -0.000000000000000000, -0.000000000000000000, 1.000000000000000000 ) ) ;
#836 = CARTESIAN_POINT ( 'NONE',  ( 8.849999999999999645, -19.30000000000000071, -10.80000000000000071 ) ) ;
#837 = AXIS2_PLACEMENT_3D ( 'NONE', #2992, #5223, #1541 ) ;
#838 = CARTESIAN_POINT ( 'NONE',  ( -8.349999999999999645, -17.80000000000000071, -10.80000000000000071 ) ) ;
#839 = ORIENTED_EDGE ( 'NONE', *, *, #4896, .T. ) ;
#840 = ORIENTED_EDGE ( 'NONE', *, *, #3178, .T. ) ;
#841 = EDGE_CURVE ( 'NONE', #5644, #4913, #5930, .T. ) ;
#842 = DIRECTION ( 'NONE',  ( -0.000000000000000000, -0.000000000000000000, -1.000000000000000000 ) ) ;
#843 = CARTESIAN_POINT ( 'NONE',  ( -4.590199342083000289, -3.706760040782000054, -15.40000000000000391 ) ) ;
#844 = PLANE ( 'NONE',  #4519 ) ;
#845 = ORIENTED_EDGE ( 'NONE', *, *, #5136, .F. ) ;
#846 = CARTESIAN_POINT ( 'NONE',  ( 11.91862915010000101, 10.44999999999999929, -11.50000000000000000 ) ) ;
#847 = ORIENTED_EDGE ( 'NONE', *, *, #6154, .T. ) ;
#848 = EDGE_LOOP ( 'NONE', ( #3740, #171, #2170, #6658, #3918, #4464, #3022, #2488, #357, #1389 ) ) ;
#849 = CARTESIAN_POINT ( 'NONE',  ( -8.599999999999999645, -18.55000000000000071, -11.65000000000000036 ) ) ;
#850 = CIRCLE ( 'NONE', #5804, 9.099999999999999645 ) ;
#851 = CIRCLE ( 'NONE', #6793, 0.5000000000000004441 ) ;
#852 = CARTESIAN_POINT ( 'NONE',  ( 6.188644158678401119, -6.883275787781061972, -14.69999999999999751 ) ) ;
#853 = CARTESIAN_POINT ( 'NONE',  ( -8.849999999999999645, -17.80000000000000071, -11.40000000000000036 ) ) ;
#854 = EDGE_LOOP ( 'NONE', ( #4124, #5238, #5056, #3351 ) ) ;
#855 = AXIS2_PLACEMENT_3D ( 'NONE', #4784, #4818, #2271 ) ;
#856 = LINE ( 'NONE', #5054, #8 ) ;
#857 = ORIENTED_EDGE ( 'NONE', *, *, #406, .F. ) ;
#858 = EDGE_CURVE ( 'NONE', #5700, #778, #4387, .T. ) ;
#859 = AXIS2_PLACEMENT_3D ( 'NONE', #5298, #4268, #1655 ) ;
#860 = CIRCLE ( 'NONE', #6253, 0.1999999999999996503 ) ;
#861 = FACE_OUTER_BOUND ( 'NONE', #3989, .T. ) ;
#862 = CARTESIAN_POINT ( 'NONE',  ( 11.00000000000000000, -32.00000000000000000, -10.80000000000000071 ) ) ;
#863 = FACE_BOUND ( 'NONE', #1085, .T. ) ;
#864 = DIRECTION ( 'NONE',  ( 0.000000000000000000, -0.000000000000000000, -1.000000000000000000 ) ) ;
#865 = DIRECTION ( 'NONE',  ( 1.000000000000000000, 0.000000000000000000, 0.000000000000000000 ) ) ;
#866 = EDGE_CURVE ( 'NONE', #6020, #1051, #4870, .T. ) ;
#867 = ORIENTED_EDGE ( 'NONE', *, *, #1237, .T. ) ;
#868 = DIRECTION ( 'NONE',  ( 0.000000000000000000, 0.7071067811865475727, -0.7071067811865475727 ) ) ;
#869 = LINE ( 'NONE', #5103, #339 ) ;
#870 = EDGE_LOOP ( 'NONE', ( #6337, #1958, #37, #2263 ) ) ;
#871 = CARTESIAN_POINT ( 'NONE',  ( 0.000000000000000000, -8.900000000000000355, -11.50000000000000000 ) ) ;
#872 = CARTESIAN_POINT ( 'NONE',  ( -11.91862915010000101, 10.44999999999999929, -10.80000000000000071 ) ) ;
#873 = AXIS2_PLACEMENT_3D ( 'NONE', #125, #2671, #1182 ) ;
#874 = EDGE_CURVE ( 'NONE', #1235, #5194, #1776, .T. ) ;
#875 = ORIENTED_EDGE ( 'NONE', *, *, #1323, .F. ) ;
#876 = ADVANCED_FACE ( 'NONE', ( #2806 ), #729, .F. ) ;
#877 = VERTEX_POINT ( 'NONE', #1281 ) ;
#878 = CARTESIAN_POINT ( 'NONE',  ( 11.00000000000000000, 8.000000000000000000, -17.00000000000000000 ) ) ;
#879 = DIRECTION ( 'NONE',  ( 0.7071067811865475727, -0.7071067811865475727, 0.000000000000000000 ) ) ;
#880 = VECTOR ( 'NONE', #4806, 1000.000000000000000 ) ;
#881 = DIRECTION ( 'NONE',  ( 0.000000000000000000, 1.000000000000000000, 0.000000000000000000 ) ) ;
#882 = VERTEX_POINT ( 'NONE', #4557 ) ;
#883 = DIRECTION ( 'NONE',  ( 0.000000000000000000, 0.000000000000000000, 1.000000000000000000 ) ) ;
#884 = ORIENTED_EDGE ( 'NONE', *, *, #2223, .T. ) ;
#885 = VERTEX_POINT ( 'NONE', #6136 ) ;
#886 = CIRCLE ( 'NONE', #5607, 0.1999999999999996503 ) ;
#887 = AXIS2_PLACEMENT_3D ( 'NONE', #5102, #868, #3946 ) ;
#888 = PLANE ( 'NONE',  #5222 ) ;
#889 = DIRECTION ( 'NONE',  ( 1.000000000000000000, 0.000000000000000000, 0.000000000000000000 ) ) ;
#890 = CARTESIAN_POINT ( 'NONE',  ( 14.25000000000000000, -33.25000000000000000, -17.00000000000000000 ) ) ;
#891 = EDGE_CURVE ( 'NONE', #6144, #987, #454, .T. ) ;
#892 = ADVANCED_FACE ( 'NONE', ( #2351, #6664 ), #3005, .T. ) ;
#893 = AXIS2_PLACEMENT_3D ( 'NONE', #872, #359, #3856 ) ;
#894 = ORIENTED_EDGE ( 'NONE', *, *, #4099, .F. ) ;
#895 = AXIS2_PLACEMENT_3D ( 'NONE', #2622, #590, #3702 ) ;
#896 = EDGE_LOOP ( 'NONE', ( #6656, #5342, #2807, #4675 ) ) ;
#897 = ORIENTED_EDGE ( 'NONE', *, *, #6669, .F. ) ;
#898 = VECTOR ( 'NONE', #3228, 1000.000000000000000 ) ;
#899 = AXIS2_PLACEMENT_3D ( 'NONE', #3324, #2278, #1738 ) ;
#900 = CARTESIAN_POINT ( 'NONE',  ( 12.55000000000000071, -8.900000000000000355, -8.699999999999999289 ) ) ;
#901 = DIRECTION ( 'NONE',  ( 0.000000000000000000, 0.000000000000000000, -1.000000000000000000 ) ) ;
#902 = DIRECTION ( 'NONE',  ( -0.7071067811865475727, 0.7071067811865475727, 0.000000000000000000 ) ) ;
#903 = EDGE_CURVE ( 'NONE', #256, #3306, #251, .T. ) ;
#904 = DIRECTION ( 'NONE',  ( 0.000000000000000000, -0.000000000000000000, -1.000000000000000000 ) ) ;
#905 = DIRECTION ( 'NONE',  ( -1.000000000000000000, 0.000000000000000000, 0.000000000000000000 ) ) ;
#906 = VECTOR ( 'NONE', #544, 1000.000000000000227 ) ;
#907 = ORIENTED_EDGE ( 'NONE', *, *, #5841, .F. ) ;
#908 = CARTESIAN_POINT ( 'NONE',  ( -5.014479739296000105, -4.443533835156999956, -14.69999999999999751 ) ) ;
#909 = CARTESIAN_POINT ( 'NONE',  ( 9.249999999927695171, -32.00000000000000000, -10.30000000010386429 ) ) ;
#910 = DIRECTION ( 'NONE',  ( 0.000000000000000000, -0.000000000000000000, 1.000000000000000000 ) ) ;
#911 = EDGE_LOOP ( 'NONE', ( #1922, #4677, #6120, #4254, #6081 ) ) ;
#912 = ORIENTED_EDGE ( 'NONE', *, *, #3535, .T. ) ;
#913 = CARTESIAN_POINT ( 'NONE',  ( 11.00000000000000000, 8.000000000000000000, -10.30000000000000071 ) ) ;
#914 = ADVANCED_FACE ( 'NONE', ( #2484 ), #3393, .F. ) ;
#915 = EDGE_CURVE ( 'NONE', #6704, #4442, #1841, .T. ) ;
#916 = LINE ( 'NONE', #463, #4432 ) ;
#917 = PLANE ( 'NONE',  #3207 ) ;
#918 = ORIENTED_EDGE ( 'NONE', *, *, #1921, .F. ) ;
#919 = LINE ( 'NONE', #1434, #1439 ) ;
#920 = ORIENTED_EDGE ( 'NONE', *, *, #1789, .F. ) ;
#921 = ORIENTED_EDGE ( 'NONE', *, *, #4122, .F. ) ;
#922 = VECTOR ( 'NONE', #3029, 1000.000000000000000 ) ;
#923 = DIRECTION ( 'NONE',  ( 0.000000000000000000, 0.000000000000000000, -1.000000000000000000 ) ) ;
#924 = CARTESIAN_POINT ( 'NONE',  ( 7.808807792334980569, -8.894656841843579187, -12.44119220766500788 ) ) ;
#925 = CARTESIAN_POINT ( 'NONE',  ( 12.84999999999999964, 8.000000000000000000, -10.80000000000000071 ) ) ;
#926 = LINE ( 'NONE', #3100, #702 ) ;
#927 = EDGE_LOOP ( 'NONE', ( #6477, #3530, #5090, #5106, #2194, #5311, #6620, #2570, #5982, #6111, #4907, #3187, #2283, #2536 ) ) ;
#928 = ORIENTED_EDGE ( 'NONE', *, *, #5759, .F. ) ;
#929 = EDGE_LOOP ( 'NONE', ( #2567, #4246 ) ) ;
#930 = EDGE_CURVE ( 'NONE', #802, #935, #1313, .T. ) ;
#931 = LINE ( 'NONE', #3034, #2105 ) ;
#932 = LINE ( 'NONE', #5786, #5584 ) ;
#933 = DIRECTION ( 'NONE',  ( 0.000000000000000000, 0.000000000000000000, 1.000000000000000000 ) ) ;
#934 = DIRECTION ( 'NONE',  ( -1.000000000000000000, 0.000000000000000000, 0.000000000000000000 ) ) ;
#935 = VERTEX_POINT ( 'NONE', #5099 ) ;
#936 = EDGE_CURVE ( 'NONE', #6744, #3183, #5480, .T. ) ;
#937 = DIRECTION ( 'NONE',  ( -0.000000000000000000, 0.000000000000000000, 1.000000000000000000 ) ) ;
#938 = DIRECTION ( 'NONE',  ( 0.000000000000000000, 0.000000000000000000, -1.000000000000000000 ) ) ;
#939 = ORIENTED_EDGE ( 'NONE', *, *, #372, .F. ) ;
#940 = CARTESIAN_POINT ( 'NONE',  ( -11.91862915010000101, -34.45000000000000284, -11.50000000000000000 ) ) ;
#941 = CARTESIAN_POINT ( 'NONE',  ( -1.500000000000000000, 0.000000000000000000, -14.80000000000000071 ) ) ;
#942 = ORIENTED_EDGE ( 'NONE', *, *, #1921, .T. ) ;
#943 = ORIENTED_EDGE ( 'NONE', *, *, #4901, .T. ) ;
#944 = ADVANCED_FACE ( 'NONE', ( #4965 ), #4456, .T. ) ;
#945 = CARTESIAN_POINT ( 'NONE',  ( 14.25000000000000000, -33.25000000000000000, -11.50000000000000178 ) ) ;
#946 = DIRECTION ( 'NONE',  ( -0.000000000000000000, -1.000000000000000000, 0.000000000000000000 ) ) ;
#947 = DIRECTION ( 'NONE',  ( -0.000000000000000000, -0.000000000000000000, 1.000000000000000000 ) ) ;
#948 = ORIENTED_EDGE ( 'NONE', *, *, #6496, .F. ) ;
#949 = PLANE ( 'NONE',  #3096 ) ;
#950 = ORIENTED_EDGE ( 'NONE', *, *, #2938, .F. ) ;
#951 = ORIENTED_EDGE ( 'NONE', *, *, #6495, .F. ) ;
#952 = EDGE_CURVE ( 'NONE', #747, #4006, #6518, .T. ) ;
#953 = EDGE_CURVE ( 'NONE', #1124, #5637, #6034, .T. ) ;
#954 = FACE_OUTER_BOUND ( 'NONE', #3138, .T. ) ;
#955 = DIRECTION ( 'NONE',  ( 0.000000000000000000, 0.000000000000000000, -1.000000000000000000 ) ) ;
#956 = DIRECTION ( 'NONE',  ( 1.000000000000000000, 0.000000000000000000, 0.000000000000000000 ) ) ;
#957 = ORIENTED_EDGE ( 'NONE', *, *, #5271, .F. ) ;
#958 = PRODUCT_DEFINITION_SHAPE ( 'NONE', 'NONE',  #2869 ) ;
#959 = ORIENTED_EDGE ( 'NONE', *, *, #433, .F. ) ;
#960 = ORIENTED_EDGE ( 'NONE', *, *, #1207, .T. ) ;
#961 = EDGE_CURVE ( 'NONE', #5114, #3161, #2908, .T. ) ;
#962 = AXIS2_PLACEMENT_3D ( 'NONE', #5214, #2016, #3017 ) ;
#963 = VECTOR ( 'NONE', #5994, 1000.000000000000000 ) ;
#964 = DIRECTION ( 'NONE',  ( -0.000000000000000000, -0.000000000000000000, 1.000000000000000000 ) ) ;
#965 = PLANE ( 'NONE',  #2217 ) ;
#966 = DIRECTION ( 'NONE',  ( -1.000000000000000000, 1.776356839400250465E-15, 0.000000000000000000 ) ) ;
#967 = VECTOR ( 'NONE', #3211, 1000.000000000000000 ) ;
#968 = CARTESIAN_POINT ( 'NONE',  ( 0.000000000000000000, -34.45000000000000284, -10.80000000000000071 ) ) ;
#969 = CIRCLE ( 'NONE', #6799, 1.000000000000000000 ) ;
#970 = AXIS2_PLACEMENT_3D ( 'NONE', #2624, #3151, #6425 ) ;
#971 = AXIS2_PLACEMENT_3D ( 'NONE', #6758, #5201, #966 ) ;
#972 = ORIENTED_EDGE ( 'NONE', *, *, #506, .T. ) ;
#973 = CARTESIAN_POINT ( 'NONE',  ( 13.44999999999999929, -19.80000000000000071, -10.80000000000000071 ) ) ;
#974 = CARTESIAN_POINT ( 'NONE',  ( 10.44999999999999929, -9.099999999999999645, -7.700000000000000178 ) ) ;
#975 =( BOUNDED_CURVE ( )  B_SPLINE_CURVE ( 3, ( #777, #2295, #262, #3959 ),
 .UNSPECIFIED., .F., .T. ) 
 B_SPLINE_CURVE_WITH_KNOTS ( ( 4, 4 ),
 ( 2.680584322958406318, 2.684035081030635261 ),
 .UNSPECIFIED. ) 
 CURVE ( )  GEOMETRIC_REPRESENTATION_ITEM ( )  RATIONAL_B_SPLINE_CURVE ( ( 1.000000000000000000, 0.9999990076893068291, 0.9999990076893068291, 1.000000000000000000 ) ) 
 REPRESENTATION_ITEM ( '' )  );
#976 = VERTEX_POINT ( 'NONE', #3430 ) ;
#977 = CARTESIAN_POINT ( 'NONE',  ( 0.6999999999999999556, 5.051732376126016888, -15.40000000000000036 ) ) ;
#978 = EDGE_CURVE ( 'NONE', #794, #2174, #1904, .T. ) ;
#979 = CYLINDRICAL_SURFACE ( 'NONE', #3209, 1.850000000000000977 ) ;
#980 = ORIENTED_EDGE ( 'NONE', *, *, #6080, .T. ) ;
#981 = EDGE_LOOP ( 'NONE', ( #2703, #3048, #716, #6058 ) ) ;
#982 = FACE_OUTER_BOUND ( 'NONE', #1694, .T. ) ;
#983 = CYLINDRICAL_SURFACE ( 'NONE', #5197, 2.399999999999999467 ) ;
#984 = CYLINDRICAL_SURFACE ( 'NONE', #6613, 0.5000000000000004441 ) ;
#985 = ORIENTED_EDGE ( 'NONE', *, *, #1748, .F. ) ;
#986 = CARTESIAN_POINT ( 'NONE',  ( -13.30355339059249786, -33.06507575950750777, -10.79999999999999893 ) ) ;
#987 = VERTEX_POINT ( 'NONE', #6532 ) ;
#988 = ORIENTED_EDGE ( 'NONE', *, *, #3875, .F. ) ;
#989 = VECTOR ( 'NONE', #6066, 1000.000000000000000 ) ;
#990 = LINE ( 'NONE', #3097, #2595 ) ;
#991 = CARTESIAN_POINT ( 'NONE',  ( 0.000000000000000000, 0.000000000000000000, -13.70000000000000107 ) ) ;
#992 = CARTESIAN_POINT ( 'NONE',  ( 4.841163111756007886, -4.543340381125017480, -15.19999999999999751 ) ) ;
#993 = EDGE_CURVE ( 'NONE', #4900, #1826, #2436, .T. ) ;
#994 = ORIENTED_EDGE ( 'NONE', *, *, #529, .F. ) ;
#995 = VERTEX_POINT ( 'NONE', #279 ) ;
#996 = EDGE_LOOP ( 'NONE', ( #6050, #6129 ) ) ;
#997 = CIRCLE ( 'NONE', #6723, 1.000000000000000000 ) ;
#998 = DIRECTION ( 'NONE',  ( 0.000000000000000000, 0.000000000000000000, -1.000000000000000000 ) ) ;
#999 = VECTOR ( 'NONE', #1355, 1000.000000000000000 ) ;
#1000 = CARTESIAN_POINT ( 'NONE',  ( 0.000000000000000000, 0.000000000000000000, -11.50000000000000000 ) ) ;
#1001 = EDGE_CURVE ( 'NONE', #3023, #6611, #2379, .T. ) ;
#1002 = VECTOR ( 'NONE', #947, 1000.000000000000000 ) ;
#1003 = DIRECTION ( 'NONE',  ( 0.000000000000000000, -1.000000000000000000, 0.000000000000000000 ) ) ;
#1004 = VECTOR ( 'NONE', #598, 1000.000000000000000 ) ;
#1005 = ORIENTED_EDGE ( 'NONE', *, *, #3397, .T. ) ;
#1006 = CARTESIAN_POINT ( 'NONE',  ( -14.25000000000000000, 9.250000000000000000, 0.000000000000000000 ) ) ;
#1007 = DIRECTION ( 'NONE',  ( 0.000000000000000000, -0.000000000000000000, 1.000000000000000000 ) ) ;
#1008 = EDGE_LOOP ( 'NONE', ( #1573, #4851 ) ) ;
#1009 = AXIS2_PLACEMENT_3D ( 'NONE', #3219, #1630, #2694 ) ;
#1010 = DIRECTION ( 'NONE',  ( -0.7071067811865475727, -0.7071067811865475727, 0.000000000000000000 ) ) ;
#1011 = DIRECTION ( 'NONE',  ( 0.000000000000000000, 0.000000000000000000, 1.000000000000000000 ) ) ;
#1012 = EDGE_LOOP ( 'NONE', ( #566, #4613, #6609, #6602 ) ) ;
#1013 = ORIENTED_EDGE ( 'NONE', *, *, #793, .T. ) ;
#1014 = VECTOR ( 'NONE', #3796, 1000.000000000000114 ) ;
#1015 = EDGE_CURVE ( 'NONE', #3508, #2526, #2413, .T. ) ;
#1016 = FACE_OUTER_BOUND ( 'NONE', #5569, .T. ) ;
#1017 = LINE ( 'NONE', #5215, #5523 ) ;
#1018 = DIRECTION ( 'NONE',  ( 0.000000000000000000, -0.000000000000000000, -1.000000000000000000 ) ) ;
#1019 = ORIENTED_EDGE ( 'NONE', *, *, #2403, .F. ) ;
#1020 = DIRECTION ( 'NONE',  ( 1.000000000000000000, 0.000000000000000000, -0.000000000000000000 ) ) ;
#1021 = AXIS2_PLACEMENT_3D ( 'NONE', #676, #196, #2744 ) ;
#1022 = ORIENTED_EDGE ( 'NONE', *, *, #993, .T. ) ;
#1023 = CIRCLE ( 'NONE', #6026, 2.399999999999999467 ) ;
#1024 = ORIENTED_EDGE ( 'NONE', *, *, #4970, .F. ) ;
#1025 = EDGE_CURVE ( 'NONE', #4197, #4579, #4015, .T. ) ;
#1026 = CARTESIAN_POINT ( 'NONE',  ( 6.188644158678548557, -6.883275787780682720, -17.00000000000000000 ) ) ;
#1027 = LINE ( 'NONE', #503, #3157 ) ;
#1028 = DIRECTION ( 'NONE',  ( 1.000000000000000000, 0.000000000000000000, 0.000000000000000000 ) ) ;
#1029 = DIRECTION ( 'NONE',  ( 0.000000000000000000, 0.000000000000000000, -1.000000000000000000 ) ) ;
#1030 = ORIENTED_EDGE ( 'NONE', *, *, #1015, .F. ) ;
#1031 = ORIENTED_EDGE ( 'NONE', *, *, #5682, .F. ) ;
#1032 = ORIENTED_EDGE ( 'NONE', *, *, #1498, .F. ) ;
#1033 = EDGE_CURVE ( 'NONE', #64, #5805, #4964, .T. ) ;
#1034 = LINE ( 'NONE', #1452, #2706 ) ;
#1035 = CARTESIAN_POINT ( 'NONE',  ( 8.849999999999999645, -17.80000000000000071, -11.40000000000000036 ) ) ;
#1036 = DIRECTION ( 'NONE',  ( 0.000000000000000000, 0.000000000000000000, -1.000000000000000000 ) ) ;
#1037 = PLANE ( 'NONE',  #1676 ) ;
#1038 = CARTESIAN_POINT ( 'NONE',  ( 14.25000000000000000, -33.25000000000000000, 0.000000000000000000 ) ) ;
#1039 = ADVANCED_FACE ( 'NONE', ( #3663 ), #1037, .T. ) ;
#1040 = PLANE ( 'NONE',  #1666 ) ;
#1041 = CYLINDRICAL_SURFACE ( 'NONE', #4862, 1.000000000000000000 ) ;
#1042 = ORIENTED_EDGE ( 'NONE', *, *, #2666, .F. ) ;
#1043 = DIRECTION ( 'NONE',  ( 1.000000000000000000, 0.000000000000000000, -0.000000000000000000 ) ) ;
#1044 = LINE ( 'NONE', #5275, #4416 ) ;
#1045 = EDGE_LOOP ( 'NONE', ( #1019, #2468, #5085, #2323 ) ) ;
#1046 = CARTESIAN_POINT ( 'NONE',  ( 0.000000000000000000, -8.400000000000000355, -8.199999999999999289 ) ) ;
#1047 = CARTESIAN_POINT ( 'NONE',  ( 0.000000000000000000, 3.051732376126000457, -14.80000000000000071 ) ) ;
#1048 = CARTESIAN_POINT ( 'NONE',  ( 0.000000000000000000, 0.000000000000000000, -14.69999999999999929 ) ) ;
#1049 = ORIENTED_EDGE ( 'NONE', *, *, #2906, .T. ) ;
#1050 = ADVANCED_FACE ( 'NONE', ( #3593, #6728 ), #6209, .T. ) ;
#1051 = VERTEX_POINT ( 'NONE', #2103 ) ;
#1052 = ORIENTED_EDGE ( 'NONE', *, *, #6687, .T. ) ;
#1053 = AXIS2_PLACEMENT_3D ( 'NONE', #5564, #2368, #335 ) ;
#1054 = PLANE ( 'NONE',  #668 ) ;
#1055 = DIRECTION ( 'NONE',  ( 0.000000000000000000, 0.000000000000000000, 1.000000000000000000 ) ) ;
#1056 = CARTESIAN_POINT ( 'NONE',  ( -14.25000000000000000, -33.25000000000000000, -11.50000000000000000 ) ) ;
#1057 = DIRECTION ( 'NONE',  ( -0.000000000000000000, -0.000000000000000000, -1.000000000000000000 ) ) ;
#1058 = ORIENTED_EDGE ( 'NONE', *, *, #1140, .F. ) ;
#1059 = DIRECTION ( 'NONE',  ( 0.000000000000000000, -0.7071067811865474617, 0.7071067811865474617 ) ) ;
#1060 = CARTESIAN_POINT ( 'NONE',  ( -11.00000000000000000, -32.00000000000000000, -10.80000000000000071 ) ) ;
#1061 = EDGE_CURVE ( 'NONE', #6667, #3010, #3564, .T. ) ;
#1062 = AXIS2_PLACEMENT_3D ( 'NONE', #1989, #2707, #2743 ) ;
#1063 = ORIENTED_EDGE ( 'NONE', *, *, #3911, .T. ) ;
#1064 = VERTEX_POINT ( 'NONE', #1489 ) ;
#1065 = CARTESIAN_POINT ( 'NONE',  ( -4.020000000000136353, 9.699979381421329094, -15.10999999999999943 ) ) ;
#1066 = FACE_OUTER_BOUND ( 'NONE', #5345, .T. ) ;
#1067 = FACE_OUTER_BOUND ( 'NONE', #4463, .T. ) ;
#1068 = ADVANCED_FACE ( 'NONE', ( #1457 ), #5652, .F. ) ;
#1069 = DIRECTION ( 'NONE',  ( 1.000000000000000000, 0.000000000000000000, -0.000000000000000000 ) ) ;
#1070 = DIRECTION ( 'NONE',  ( -1.000000000000000000, 0.000000000000000000, 0.000000000000000000 ) ) ;
#1071 = CARTESIAN_POINT ( 'NONE',  ( 11.00000000000000000, -32.00000000000000000, -17.00000000000000000 ) ) ;
#1072 = DIRECTION ( 'NONE',  ( 0.000000000000000000, -0.000000000000000000, -1.000000000000000000 ) ) ;
#1073 = CIRCLE ( 'NONE', #200, 2.750000000000000000 ) ;
#1074 = VECTOR ( 'NONE', #1968, 1000.000000000000000 ) ;
#1075 = ORIENTED_EDGE ( 'NONE', *, *, #4583, .T. ) ;
#1076 = CARTESIAN_POINT ( 'NONE',  ( 0.000000000000000000, 0.000000000000000000, -14.19999999999999929 ) ) ;
#1077 = EDGE_CURVE ( 'NONE', #3578, #5187, #561, .T. ) ;
#1078 = DIRECTION ( 'NONE',  ( -0.000000000000000000, -0.000000000000000000, -1.000000000000000000 ) ) ;
#1079 = AXIS2_PLACEMENT_3D ( 'NONE', #1372, #6019, #3483 ) ;
#1080 = ORIENTED_EDGE ( 'NONE', *, *, #6198, .T. ) ;
#1081 = PLANE ( 'NONE',  #2504 ) ;
#1082 = DIRECTION ( 'NONE',  ( 0.000000000000000000, -0.000000000000000000, 1.000000000000000000 ) ) ;
#1083 = CARTESIAN_POINT ( 'NONE',  ( 12.25000000000000000, 9.750000000000000000, 0.000000000000000000 ) ) ;
#1084 = EDGE_CURVE ( 'NONE', #6782, #3231, #2002, .T. ) ;
#1085 = EDGE_LOOP ( 'NONE', ( #2674, #2764 ) ) ;
#1086 = ORIENTED_EDGE ( 'NONE', *, *, #6784, .F. ) ;
#1087 = ORIENTED_EDGE ( 'NONE', *, *, #311, .T. ) ;
#1088 = CARTESIAN_POINT ( 'NONE',  ( 8.599999999999999645, -32.00000000000000000, -14.19999999999999929 ) ) ;
#1089 = FACE_BOUND ( 'NONE', #23, .T. ) ;
#1090 = CARTESIAN_POINT ( 'NONE',  ( -12.34999999999999964, -9.099999999999999645, -4.700000000000000178 ) ) ;
#1091 = ORIENTED_EDGE ( 'NONE', *, *, #2062, .T. ) ;
#1092 = CARTESIAN_POINT ( 'NONE',  ( 0.000000000000000000, 0.000000000000000000, -15.40000000000000036 ) ) ;
#1093 = CARTESIAN_POINT ( 'NONE',  ( -4.048147724577252582, 8.150000000000000355, -14.69999999999999929 ) ) ;
#1094 = ORIENTED_EDGE ( 'NONE', *, *, #281, .T. ) ;
#1095 = VERTEX_POINT ( 'NONE', #1967 ) ;
#1096 = DIRECTION ( 'NONE',  ( -0.000000000000000000, -1.000000000000000000, 0.000000000000000000 ) ) ;
#1097 = ADVANCED_FACE ( 'NONE', ( #5756 ), #5681, .F. ) ;
#1098 = CARTESIAN_POINT ( 'NONE',  ( 13.25000000002382805, 1.836970198750210638E-16, -10.19999999999999929 ) ) ;
#1099 = DIRECTION ( 'NONE',  ( -0.7071067811865474617, 0.7071067811865474617, 0.000000000000000000 ) ) ;
#1100 = AXIS2_PLACEMENT_3D ( 'NONE', #5420, #1872, #3909 ) ;
#1101 = DIRECTION ( 'NONE',  ( -0.000000000000000000, -0.000000000000000000, -1.000000000000000000 ) ) ;
#1102 = CYLINDRICAL_SURFACE ( 'NONE', #1744, 0.5000000000000004441 ) ;
#1103 = CIRCLE ( 'NONE', #1880, 0.5000000000000004441 ) ;
#1104 = VERTEX_POINT ( 'NONE', #2552 ) ;
#1105 = CARTESIAN_POINT ( 'NONE',  ( 12.25000000000000000, -35.25000000000000000, 0.000000000000000000 ) ) ;
#1106 = EDGE_CURVE ( 'NONE', #4561, #3384, #4212, .T. ) ;
#1107 = VECTOR ( 'NONE', #1018, 1000.000000000000000 ) ;
#1108 = CYLINDRICAL_SURFACE ( 'NONE', #3881, 1.499999999999999556 ) ;
#1109 = ORIENTED_EDGE ( 'NONE', *, *, #5475, .T. ) ;
#1110 = FACE_OUTER_BOUND ( 'NONE', #4668, .T. ) ;
#1111 = VECTOR ( 'NONE', #3223, 1000.000000000000000 ) ;
#1112 = LINE ( 'NONE', #2836, #1111 ) ;
#1113 = VECTOR ( 'NONE', #2802, 1000.000000000000000 ) ;
#1114 = VERTEX_POINT ( 'NONE', #6787 ) ;
#1115 = EDGE_CURVE ( 'NONE', #3070, #172, #5202, .T. ) ;
#1116 = VECTOR ( 'NONE', #1384, 1000.000000000000000 ) ;
#1117 = CIRCLE ( 'NONE', #1894, 1.300000000000000711 ) ;
#1118 = DIRECTION ( 'NONE',  ( 1.000000000000000000, 0.000000000000000000, 0.000000000000000000 ) ) ;
#1119 = CARTESIAN_POINT ( 'NONE',  ( -7.349999999999999645, -8.900000000000000355, -12.50000000000000000 ) ) ;
#1120 = DIRECTION ( 'NONE',  ( 0.000000000000000000, 0.000000000000000000, 1.000000000000000000 ) ) ;
#1121 = ORIENTED_EDGE ( 'NONE', *, *, #5709, .F. ) ;
#1122 = ORIENTED_EDGE ( 'NONE', *, *, #4901, .F. ) ;
#1123 = AXIS2_PLACEMENT_3D ( 'NONE', #6414, #1700, #4342 ) ;
#1124 = VERTEX_POINT ( 'NONE', #3697 ) ;
#1125 = EDGE_CURVE ( 'NONE', #3344, #6704, #3076, .T. ) ;
#1126 = ADVANCED_FACE ( 'NONE', ( #5 ), #5788, .T. ) ;
#1127 = CARTESIAN_POINT ( 'NONE',  ( 8.349999999999999645, -14.09999999999999964, -8.699999999999999289 ) ) ;
#1128 = AXIS2_PLACEMENT_3D ( 'NONE', #2950, #879, #4437 ) ;
#1129 = DIRECTION ( 'NONE',  ( -1.000000000000000000, 0.000000000000000000, 0.000000000000000000 ) ) ;
#1130 = ORIENTED_EDGE ( 'NONE', *, *, #1689, .T. ) ;
#1131 = LINE ( 'NONE', #1232, #5055 ) ;
#1132 = DIRECTION ( 'NONE',  ( 0.000000000000000000, 0.000000000000000000, 1.000000000000000000 ) ) ;
#1133 = VERTEX_POINT ( 'NONE', #547 ) ;
#1134 = VERTEX_POINT ( 'NONE', #2036 ) ;
#1135 = FACE_OUTER_BOUND ( 'NONE', #6748, .T. ) ;
#1136 = LINE ( 'NONE', #650, #1458 ) ;
#1137 = LINE ( 'NONE', #2827, #5690 ) ;
#1138 = LINE ( 'NONE', #5958, #2419 ) ;
#1139 = ORIENTED_EDGE ( 'NONE', *, *, #79, .F. ) ;
#1140 = EDGE_CURVE ( 'NONE', #2601, #1463, #5164, .T. ) ;
#1141 = DIRECTION ( 'NONE',  ( 1.000000000000000000, 0.000000000000000000, 0.000000000000000000 ) ) ;
#1142 = ORIENTED_EDGE ( 'NONE', *, *, #4516, .T. ) ;
#1143 = CARTESIAN_POINT ( 'NONE',  ( -12.25000000000000000, 11.25000000000000000, -17.00000000000000711 ) ) ;
#1144 = AXIS2_PLACEMENT_3D ( 'NONE', #271, #5193, #1991 ) ;
#1145 = CARTESIAN_POINT ( 'NONE',  ( 12.94999999999999929, 8.711522368915000314, -61.32240000000000890 ) ) ;
#1146 = VERTEX_POINT ( 'NONE', #1519 ) ;
#1147 = DIRECTION ( 'NONE',  ( -0.000000000000000000, -0.000000000000000000, 1.000000000000000000 ) ) ;
#1148 = DIRECTION ( 'NONE',  ( -0.000000000000000000, 1.000000000000000000, 0.000000000000000000 ) ) ;
#1149 = EDGE_CURVE ( 'NONE', #6704, #601, #1103, .T. ) ;
#1150 = VERTEX_POINT ( 'NONE', #2068 ) ;
#1151 = DIRECTION ( 'NONE',  ( 1.000000000000000000, 0.000000000000000000, 0.000000000000000000 ) ) ;
#1152 = CARTESIAN_POINT ( 'NONE',  ( -13.30355339059249786, -33.06507575950750777, -11.50000000000000178 ) ) ;
#1153 = CARTESIAN_POINT ( 'NONE',  ( -12.55000000000000071, -7.900000000000000355, -11.50000000000000000 ) ) ;
#1154 = VERTEX_POINT ( 'NONE', #4178 ) ;
#1155 = ORIENTED_EDGE ( 'NONE', *, *, #5775, .T. ) ;
#1156 = ORIENTED_EDGE ( 'NONE', *, *, #1025, .T. ) ;
#1157 = LINE ( 'NONE', #3300, #2500 ) ;
#1158 = DIRECTION ( 'NONE',  ( -0.000000000000000000, -0.000000000000000000, -1.000000000000000000 ) ) ;
#1159 = DIRECTION ( 'NONE',  ( 1.000000000000000000, 0.000000000000000000, -0.000000000000000000 ) ) ;
#1160 = ORIENTED_EDGE ( 'NONE', *, *, #6790, .F. ) ;
#1161 = FACE_OUTER_BOUND ( 'NONE', #4234, .T. ) ;
#1162 = LINE ( 'NONE', #6408, #1187 ) ;
#1163 = EDGE_CURVE ( 'NONE', #1538, #151, #5888, .T. ) ;
#1164 = VERTEX_POINT ( 'NONE', #2201 ) ;
#1165 = ORIENTED_EDGE ( 'NONE', *, *, #1207, .F. ) ;
#1166 = LINE ( 'NONE', #6446, #4253 ) ;
#1167 = DIRECTION ( 'NONE',  ( -1.000000000000000000, 0.000000000000000000, 0.000000000000000000 ) ) ;
#1168 = EDGE_CURVE ( 'NONE', #4173, #6427, #4820, .T. ) ;
#1169 = CARTESIAN_POINT ( 'NONE',  ( 4.020000000000067075, 9.699979381421357516, -17.00000000000000000 ) ) ;
#1170 = VERTEX_POINT ( 'NONE', #1169 ) ;
#1171 = DIRECTION ( 'NONE',  ( -0.000000000000000000, -0.000000000000000000, 1.000000000000000000 ) ) ;
#1172 = EDGE_LOOP ( 'NONE', ( #2997, #2317, #4821, #4877, #845, #5286, #6632, #52 ) ) ;
#1173 = CARTESIAN_POINT ( 'NONE',  ( -10.35000000179999979, -9.099999999999999645, -6.200000000000001066 ) ) ;
#1174 = LINE ( 'NONE', #6490, #2657 ) ;
#1175 = LINE ( 'NONE', #2767, #637 ) ;
#1176 = CARTESIAN_POINT ( 'NONE',  ( 7.849999999999999645, 0.000000000000000000, -8.199999999999999289 ) ) ;
#1177 = ORIENTED_EDGE ( 'NONE', *, *, #1199, .F. ) ;
#1178 = VECTOR ( 'NONE', #6330, 1000.000000000000000 ) ;
#1179 = VECTOR ( 'NONE', #150, 1000.000000000000000 ) ;
#1180 = EDGE_CURVE ( 'NONE', #3451, #5793, #4891, .T. ) ;
#1181 = CARTESIAN_POINT ( 'NONE',  ( -12.55000000000000249, -8.900000000000000355, -8.699999999999999289 ) ) ;
#1182 = DIRECTION ( 'NONE',  ( -1.000000000000000000, 0.000000000000000000, 0.000000000000000000 ) ) ;
#1183 = VECTOR ( 'NONE', #337, 1000.000000000000000 ) ;
#1184 = EDGE_LOOP ( 'NONE', ( #3581, #4151, #1675 ) ) ;
#1185 = EDGE_LOOP ( 'NONE', ( #5367, #5687, #2698, #5582 ) ) ;
#1186 = CIRCLE ( 'NONE', #3510, 1.499999999999999556 ) ;
#1187 = VECTOR ( 'NONE', #3821, 1000.000000000000000 ) ;
#1188 = VERTEX_POINT ( 'NONE', #4755 ) ;
#1189 = DIRECTION ( 'NONE',  ( 1.000000000000000000, 0.000000000000000000, 0.000000000000000000 ) ) ;
#1190 = ADVANCED_FACE ( 'NONE', ( #176 ), #6379, .F. ) ;
#1191 = CARTESIAN_POINT ( 'NONE',  ( 8.349999999999999645, -17.80000000000000071, -17.00000000000000000 ) ) ;
#1192 = FACE_OUTER_BOUND ( 'NONE', #5507, .T. ) ;
#1193 = ORIENTED_EDGE ( 'NONE', *, *, #1890, .T. ) ;
#1194 = CARTESIAN_POINT ( 'NONE',  ( -12.34999999999999964, -18.05000000000000071, -7.250000000000000000 ) ) ;
#1195 = CARTESIAN_POINT ( 'NONE',  ( -6.161960786219000674, -6.783469241813000039, -14.69999999999999751 ) ) ;
#1196 = VERTEX_POINT ( 'NONE', #4859 ) ;
#1197 = ORIENTED_EDGE ( 'NONE', *, *, #5921, .F. ) ;
#1198 = DIRECTION ( 'NONE',  ( 0.000000000000000000, 0.000000000000000000, 1.000000000000000000 ) ) ;
#1199 = EDGE_CURVE ( 'NONE', #1493, #498, #997, .T. ) ;
#1200 = DIRECTION ( 'NONE',  ( 0.000000000000000000, 0.000000000000000000, 1.000000000000000000 ) ) ;
#1201 = DIRECTION ( 'NONE',  ( 0.000000000000000000, 0.000000000000000000, 1.000000000000000000 ) ) ;
#1202 = CARTESIAN_POINT ( 'NONE',  ( 13.25000000002137313, 1.836970198747204339E-16, -10.19999999999754436 ) ) ;
#1203 = ORIENTED_EDGE ( 'NONE', *, *, #3981, .F. ) ;
#1204 = DIRECTION ( 'NONE',  ( 1.000000000000000000, 0.000000000000000000, -0.000000000000000000 ) ) ;
#1205 = ORIENTED_EDGE ( 'NONE', *, *, #3904, .F. ) ;
#1206 = DIRECTION ( 'NONE',  ( -1.000000000000000000, 0.000000000000000000, 0.000000000000000000 ) ) ;
#1207 = EDGE_CURVE ( 'NONE', #3578, #1448, #2242, .T. ) ;
#1208 = CARTESIAN_POINT ( 'NONE',  ( 11.75000000000000000, 0.000000000000000000, -10.19999999999754436 ) ) ;
#1209 = AXIS2_PLACEMENT_3D ( 'NONE', #1331, #5460, #6680 ) ;
#1210 = DIRECTION ( 'NONE',  ( 0.000000000000000000, 0.000000000000000000, -1.000000000000000000 ) ) ;
#1211 = DIRECTION ( 'NONE',  ( 1.000000000000000000, 0.000000000000000000, 0.000000000000000000 ) ) ;
#1212 = VECTOR ( 'NONE', #3212, 1000.000000000000000 ) ;
#1213 = VECTOR ( 'NONE', #2364, 1000.000000000000000 ) ;
#1214 = VERTEX_POINT ( 'NONE', #3766 ) ;
#1215 = AXIS2_PLACEMENT_3D ( 'NONE', #5736, #3125, #3019 ) ;
#1216 = DIRECTION ( 'NONE',  ( 0.000000000000000000, 0.000000000000000000, 1.000000000000000000 ) ) ;
#1217 = CIRCLE ( 'NONE', #2877, 0.1999999999999996503 ) ;
#1218 = CYLINDRICAL_SURFACE ( 'NONE', #1426, 1.850000000000000977 ) ;
#1219 = ORIENTED_EDGE ( 'NONE', *, *, #1168, .F. ) ;
#1220 = CIRCLE ( 'NONE', #2102, 1.500000000000000000 ) ;
#1221 = EDGE_LOOP ( 'NONE', ( #3503, #3894, #567, #3646 ) ) ;
#1222 = ORIENTED_CLOSED_SHELL ( 'NONE', *, #409, .F. );
#1223 = VERTEX_POINT ( 'NONE', #585 ) ;
#1224 = ADVANCED_FACE ( 'NONE', ( #2690 ), #6449, .T. ) ;
#1225 = VECTOR ( 'NONE', #3436, 1000.000000000000114 ) ;
#1226 = AXIS2_PLACEMENT_3D ( 'NONE', #4996, #1870, #4078 ) ;
#1227 = DIRECTION ( 'NONE',  ( 1.000000000000000000, 0.000000000000000000, 0.000000000000000000 ) ) ;
#1228 = CARTESIAN_POINT ( 'NONE',  ( 11.00000000000000000, 8.000000000000000000, -10.80000000000000071 ) ) ;
#1229 = DIRECTION ( 'NONE',  ( 0.000000000000000000, 0.000000000000000000, -1.000000000000000000 ) ) ;
#1230 = VECTOR ( 'NONE', #1934, 1000.000000000000000 ) ;
#1231 = ORIENTED_EDGE ( 'NONE', *, *, #4485, .T. ) ;
#1232 = CARTESIAN_POINT ( 'NONE',  ( 8.849999999999999645, 0.000000000000000000, -10.80000000000000071 ) ) ;
#1233 = AXIS2_PLACEMENT_3D ( 'NONE', #5744, #4136, #6750 ) ;
#1234 = DIRECTION ( 'NONE',  ( -1.000000000000000000, 0.000000000000000000, 0.000000000000000000 ) ) ;
#1235 = VERTEX_POINT ( 'NONE', #4310 ) ;
#1236 = ORIENTED_EDGE ( 'NONE', *, *, #1719, .F. ) ;
#1237 = EDGE_CURVE ( 'NONE', #3799, #1976, #4787, .T. ) ;
#1238 = AXIS2_PLACEMENT_3D ( 'NONE', #605, #711, #98 ) ;
#1239 = DIRECTION ( 'NONE',  ( -1.000000000000000000, 0.000000000000000000, 0.000000000000000000 ) ) ;
#1240 = FACE_OUTER_BOUND ( 'NONE', #3723, .T. ) ;
#1241 = LINE ( 'NONE', #1765, #2842 ) ;
#1242 = DIRECTION ( 'NONE',  ( 0.000000000000000000, -1.000000000000000000, -0.000000000000000000 ) ) ;
#1243 = VERTEX_POINT ( 'NONE', #4244 ) ;
#1244 = EDGE_CURVE ( 'NONE', #3183, #44, #4628, .T. ) ;
#1245 = CARTESIAN_POINT ( 'NONE',  ( 6.161960786219000674, -6.783469241813000039, -15.50000000000000711 ) ) ;
#1246 = ORIENTED_EDGE ( 'NONE', *, *, #216, .F. ) ;
#1247 = PLANE ( 'NONE',  #6514 ) ;
#1248 = CARTESIAN_POINT ( 'NONE',  ( -11.00000000000000000, 8.000000000000000000, -14.19999999999999929 ) ) ;
#1249 = DIRECTION ( 'NONE',  ( 0.000000000000000000, 0.000000000000000000, -1.000000000000000000 ) ) ;
#1250 = CARTESIAN_POINT ( 'NONE',  ( 11.00000000000000000, 8.000000000000000000, -10.80000000000000071 ) ) ;
#1251 = EDGE_CURVE ( 'NONE', #27, #1243, #5819, .T. ) ;
#1252 = EDGE_CURVE ( 'NONE', #1104, #292, #75, .T. ) ;
#1253 = ORIENTED_EDGE ( 'NONE', *, *, #1291, .F. ) ;
#1254 = AXIS2_PLACEMENT_3D ( 'NONE', #6779, #5154, #3136 ) ;
#1255 = CARTESIAN_POINT ( 'NONE',  ( -8.550000000000000711, -14.09999999999999964, -4.700000000000000178 ) ) ;
#1256 = CARTESIAN_POINT ( 'NONE',  ( -6.188644158678394902, -6.883275787781065524, -14.69999999999999751 ) ) ;
#1257 = EDGE_LOOP ( 'NONE', ( #2366, #4091, #4542, #5959 ) ) ;
#1258 = ORIENTED_EDGE ( 'NONE', *, *, #79, .T. ) ;
#1259 = VERTEX_POINT ( 'NONE', #5923 ) ;
#1260 = LINE ( 'NONE', #3373, #2166 ) ;
#1261 = LINE ( 'NONE', #4980, #440 ) ;
#1262 = ORIENTED_EDGE ( 'NONE', *, *, #4045, .T. ) ;
#1263 = CARTESIAN_POINT ( 'NONE',  ( 4.019999999999999574, 8.550000000000000711, -14.30000000000000071 ) ) ;
#1264 = EDGE_LOOP ( 'NONE', ( #5643, #6612, #126, #6718, #2142, #209, #501, #3105, #1253, #4662 ) ) ;
#1265 = ORIENTED_EDGE ( 'NONE', *, *, #4655, .T. ) ;
#1266 = CARTESIAN_POINT ( 'NONE',  ( 0.000000000000000000, 0.000000000000000000, -14.80000000000000071 ) ) ;
#1267 = DIRECTION ( 'NONE',  ( 0.000000000000000000, -0.000000000000000000, 1.000000000000000000 ) ) ;
#1268 = LINE ( 'NONE', #5535, #5577 ) ;
#1269 = ADVANCED_FACE ( 'NONE', ( #2165 ), #2798, .T. ) ;
#1270 = EDGE_CURVE ( 'NONE', #3988, #5247, #4848, .T. ) ;
#1271 = ORIENTED_EDGE ( 'NONE', *, *, #952, .T. ) ;
#1272 = DIRECTION ( 'NONE',  ( 0.000000000000000000, 0.000000000000000000, -1.000000000000000000 ) ) ;
#1273 = ORIENTED_EDGE ( 'NONE', *, *, #4240, .T. ) ;
#1274 = DIRECTION ( 'NONE',  ( 1.000000000000000000, 0.000000000000000000, 0.000000000000000000 ) ) ;
#1275 = DIRECTION ( 'NONE',  ( 0.000000000000000000, 0.000000000000000000, -1.000000000000000000 ) ) ;
#1276 = VECTOR ( 'NONE', #5302, 1000.000000000000000 ) ;
#1277 = CARTESIAN_POINT ( 'NONE',  ( 2.649347420834999856, -0.7371962043556999911, -15.19999999999999929 ) ) ;
#1278 = DIRECTION ( 'NONE',  ( -1.000000000000000000, 0.000000000000000000, 0.000000000000000000 ) ) ;
#1279 = EDGE_CURVE ( 'NONE', #1473, #522, #1768, .T. ) ;
#1280 = CYLINDRICAL_SURFACE ( 'NONE', #5500, 0.1999999999999996503 ) ;
#1281 = CARTESIAN_POINT ( 'NONE',  ( 12.55000000000000249, -8.400000000000000355, -8.199999999999999289 ) ) ;
#1282 = EDGE_LOOP ( 'NONE', ( #5517, #236, #6672, #6200, #748, #6434, #4615 ) ) ;
#1283 = EDGE_CURVE ( 'NONE', #1064, #6681, #1138, .T. ) ;
#1284 = DIRECTION ( 'NONE',  ( 0.000000000000000000, -0.000000000000000000, 1.000000000000000000 ) ) ;
#1285 = CARTESIAN_POINT ( 'NONE',  ( 1.500000000000000000, 1.836970198721029934E-16, -14.80000000000000071 ) ) ;
#1286 = ORIENTED_EDGE ( 'NONE', *, *, #4643, .F. ) ;
#1287 = ORIENTED_EDGE ( 'NONE', *, *, #1507, .F. ) ;
#1288 = ORIENTED_EDGE ( 'NONE', *, *, #2539, .F. ) ;
#1289 = VECTOR ( 'NONE', #3087, 1000.000000000000114 ) ;
#1290 = LINE ( 'NONE', #6505, #2722 ) ;
#1291 = EDGE_CURVE ( 'NONE', #2044, #6816, #2720, .T. ) ;
#1292 = DIRECTION ( 'NONE',  ( 1.000000000000000000, 0.000000000000000000, 0.000000000000000000 ) ) ;
#1293 = LINE ( 'NONE', #197, #2535 ) ;
#1294 = VERTEX_POINT ( 'NONE', #42 ) ;
#1295 = LINE ( 'NONE', #3413, #4191 ) ;
#1296 = VECTOR ( 'NONE', #6079, 1000.000000000000000 ) ;
#1297 = AXIS2_PLACEMENT_3D ( 'NONE', #358, #5624, #1940 ) ;
#1298 = ORIENTED_EDGE ( 'NONE', *, *, #4459, .F. ) ;
#1299 = AXIS2_PLACEMENT_3D ( 'NONE', #3863, #5957, #1099 ) ;
#1300 = ORIENTED_EDGE ( 'NONE', *, *, #6687, .F. ) ;
#1301 = DIRECTION ( 'NONE',  ( 0.000000000000000000, 0.000000000000000000, 1.000000000000000000 ) ) ;
#1302 = LINE ( 'NONE', #2437, #2438 ) ;
#1303 = PLANE ( 'NONE',  #2910 ) ;
#1304 = ORIENTED_EDGE ( 'NONE', *, *, #1507, .T. ) ;
#1305 = CARTESIAN_POINT ( 'NONE',  ( -8.849999999999999645, 0.000000000000000000, -10.80000000000000071 ) ) ;
#1306 = ORIENTED_EDGE ( 'NONE', *, *, #6705, .F. ) ;
#1307 = DIRECTION ( 'NONE',  ( 1.000000000000000000, 0.000000000000000000, 0.000000000000000000 ) ) ;
#1308 = EDGE_CURVE ( 'NONE', #1154, #4913, #1866, .T. ) ;
#1309 = DIRECTION ( 'NONE',  ( 0.000000000000000000, 0.000000000000000000, 1.000000000000000000 ) ) ;
#1310 = PLANE ( 'NONE',  #1563 ) ;
#1311 = LINE ( 'NONE', #2410, #4709 ) ;
#1312 = CARTESIAN_POINT ( 'NONE',  ( 0.000000000000000000, -19.30000000000000071, -10.80000000000000071 ) ) ;
#1313 = LINE ( 'NONE', #312, #5844 ) ;
#1314 = EDGE_LOOP ( 'NONE', ( #3872, #1698, #1042, #2862 ) ) ;
#1315 = AXIS2_PLACEMENT_3D ( 'NONE', #1358, #6535, #2913 ) ;
#1316 = ADVANCED_FACE ( 'NONE', ( #2963, #6657 ), #2901, .T. ) ;
#1317 = CARTESIAN_POINT ( 'NONE',  ( -12.34999999999999964, -14.09999999999999964, -4.700000000000000178 ) ) ;
#1318 = DIRECTION ( 'NONE',  ( 1.000000000000000000, 0.000000000000000000, 0.000000000000000000 ) ) ;
#1319 = DIRECTION ( 'NONE',  ( -1.000000000000000000, 0.000000000000000000, 0.000000000000000000 ) ) ;
#1320 = CIRCLE ( 'NONE', #2636, 1.300000000000000711 ) ;
#1321 = ORIENTED_EDGE ( 'NONE', *, *, #48, .T. ) ;
#1322 = ORIENTED_EDGE ( 'NONE', *, *, #2238, .F. ) ;
#1323 = EDGE_CURVE ( 'NONE', #6538, #4992, #2205, .T. ) ;
#1324 = VECTOR ( 'NONE', #4118, 1000.000000000000000 ) ;
#1325 = CIRCLE ( 'NONE', #5173, 0.5000000000000004441 ) ;
#1326 = LINE ( 'NONE', #3573, #4266 ) ;
#1327 = CARTESIAN_POINT ( 'NONE',  ( -9.149999999999998579, 8.000000000000000000, -10.80000000000000071 ) ) ;
#1328 = AXIS2_PLACEMENT_3D ( 'NONE', #4560, #4682, #3144 ) ;
#1329 = DIRECTION ( 'NONE',  ( 0.000000000000000000, 0.000000000000000000, -1.000000000000000000 ) ) ;
#1330 = ORIENTED_EDGE ( 'NONE', *, *, #1547, .F. ) ;
#1331 = CARTESIAN_POINT ( 'NONE',  ( 5.014479739296000105, -4.443533835156999956, -15.19999999999999751 ) ) ;
#1332 = VERTEX_POINT ( 'NONE', #2308 ) ;
#1333 = VECTOR ( 'NONE', #5800, 1000.000000000000114 ) ;
#1334 = VECTOR ( 'NONE', #1415, 1000.000000000000000 ) ;
#1335 = ORIENTED_EDGE ( 'NONE', *, *, #2999, .F. ) ;
#1336 = EDGE_CURVE ( 'NONE', #5677, #5828, #856, .T. ) ;
#1337 = EDGE_CURVE ( 'NONE', #6409, #3963, #1777, .T. ) ;
#1338 = DIRECTION ( 'NONE',  ( -1.000000000000000000, 0.000000000000000000, 0.000000000000000000 ) ) ;
#1339 = VECTOR ( 'NONE', #4048, 1000.000000000000000 ) ;
#1340 = CARTESIAN_POINT ( 'NONE',  ( 9.149999999974715692, -32.00000000000000000, -10.40000000000000213 ) ) ;
#1341 = VECTOR ( 'NONE', #6785, 1000.000000000000000 ) ;
#1342 = DIRECTION ( 'NONE',  ( -0.000000000000000000, 1.000000000000000000, 0.000000000000000000 ) ) ;
#1343 = ORIENTED_EDGE ( 'NONE', *, *, #737, .T. ) ;
#1344 = CARTESIAN_POINT ( 'NONE',  ( -12.06507575950814193, 10.30355339059285669, -10.79999999999999716 ) ) ;
#1345 = EDGE_LOOP ( 'NONE', ( #2245, #4175, #4704 ) ) ;
#1346 = AXIS2_PLACEMENT_3D ( 'NONE', #29, #1479, #3617 ) ;
#1347 = DIRECTION ( 'NONE',  ( 0.000000000000000000, 1.000000000000000000, 0.000000000000000000 ) ) ;
#1348 = DIRECTION ( 'NONE',  ( 0.000000000000000000, -1.000000000000000000, -0.000000000000000000 ) ) ;
#1349 = LINE ( 'NONE', #4962, #2087 ) ;
#1350 = VECTOR ( 'NONE', #3541, 1000.000000000000000 ) ;
#1351 = PLANE ( 'NONE',  #2972 ) ;
#1352 = CARTESIAN_POINT ( 'NONE',  ( 11.71152236890999987, -34.45000000000000284, -61.32240000000000890 ) ) ;
#1353 = VECTOR ( 'NONE', #5521, 1000.000000000000000 ) ;
#1354 = ORIENTED_EDGE ( 'NONE', *, *, #5985, .F. ) ;
#1355 = DIRECTION ( 'NONE',  ( -0.000000000000000000, 1.000000000000000000, 0.000000000000000000 ) ) ;
#1356 = DIRECTION ( 'NONE',  ( 0.000000000000000000, 0.000000000000000000, 1.000000000000000000 ) ) ;
#1357 = CARTESIAN_POINT ( 'NONE',  ( -8.349999999999999645, -15.30000000000000071, -12.50000000000000000 ) ) ;
#1358 = CARTESIAN_POINT ( 'NONE',  ( 0.000000000000000000, 0.000000000000000000, -15.10999999999999943 ) ) ;
#1359 = LINE ( 'NONE', #2944, #3063 ) ;
#1360 = ORIENTED_EDGE ( 'NONE', *, *, #4592, .T. ) ;
#1361 = ORIENTED_EDGE ( 'NONE', *, *, #1420, .F. ) ;
#1362 = DIRECTION ( 'NONE',  ( 0.000000000000000000, 0.000000000000000000, 1.000000000000000000 ) ) ;
#1363 = CARTESIAN_POINT ( 'NONE',  ( 11.71152236890999987, 9.949999999999999289, -10.79999999999999716 ) ) ;
#1364 = DIRECTION ( 'NONE',  ( -0.000000000000000000, 0.000000000000000000, 1.000000000000000000 ) ) ;
#1365 = EDGE_CURVE ( 'NONE', #4196, #2499, #5058, .T. ) ;
#1366 = ORIENTED_EDGE ( 'NONE', *, *, #6241, .T. ) ;
#1367 = DIRECTION ( 'NONE',  ( 0.000000000000000000, 0.000000000000000000, 1.000000000000000000 ) ) ;
#1368 = VERTEX_POINT ( 'NONE', #1344 ) ;
#1369 = EDGE_LOOP ( 'NONE', ( #403, #4734, #49, #2546 ) ) ;
#1370 = DIRECTION ( 'NONE',  ( 1.000000000000000000, 0.000000000000000000, 0.000000000000000000 ) ) ;
#1371 = FACE_OUTER_BOUND ( 'NONE', #981, .T. ) ;
#1372 = CARTESIAN_POINT ( 'NONE',  ( -0.6999999999999999556, 4.951732376126000368, -15.30000000000000071 ) ) ;
#1373 = EDGE_CURVE ( 'NONE', #764, #498, #2861, .T. ) ;
#1374 = ORIENTED_EDGE ( 'NONE', *, *, #164, .T. ) ;
#1375 = PLANE ( 'NONE',  #2591 ) ;
#1376 = VECTOR ( 'NONE', #3582, 1000.000000000000114 ) ;
#1377 = EDGE_LOOP ( 'NONE', ( #1433, #6547 ) ) ;
#1378 = LINE ( 'NONE', #3388, #3764 ) ;
#1379 = DIRECTION ( 'NONE',  ( -0.000000000000000000, -0.000000000000000000, -1.000000000000000000 ) ) ;
#1380 = CARTESIAN_POINT ( 'NONE',  ( 0.000000000000000000, 0.000000000000000000, -17.00000000000000000 ) ) ;
#1381 = EDGE_CURVE ( 'NONE', #136, #292, #5941, .T. ) ;
#1382 = EDGE_CURVE ( 'NONE', #2058, #3745, #886, .T. ) ;
#1383 = CARTESIAN_POINT ( 'NONE',  ( 6.225144425225105138, -6.637588182849230023, -14.69999999999999751 ) ) ;
#1384 = DIRECTION ( 'NONE',  ( -0.000000000000000000, -0.000000000000000000, 1.000000000000000000 ) ) ;
#1385 = CARTESIAN_POINT ( 'NONE',  ( 13.44999999999999929, 0.000000000000000000, -10.80000000000000071 ) ) ;
#1386 = VECTOR ( 'NONE', #5159, 1000.000000000000000 ) ;
#1387 = PLANE ( 'NONE',  #3315 ) ;
#1388 = LINE ( 'NONE', #3498, #1225 ) ;
#1389 = ORIENTED_EDGE ( 'NONE', *, *, #5743, .F. ) ;
#1390 = DIRECTION ( 'NONE',  ( -1.000000000000000000, -0.000000000000000000, 0.000000000000000000 ) ) ;
#1391 = VECTOR ( 'NONE', #4294, 1000.000000000000000 ) ;
#1392 = CARTESIAN_POINT ( 'NONE',  ( -12.55000000000000071, -20.30000000000000071, -10.80000000000000071 ) ) ;
#1393 = ORIENTED_EDGE ( 'NONE', *, *, #2932, .F. ) ;
#1394 = ORIENTED_EDGE ( 'NONE', *, *, #4610, .F. ) ;
#1395 = EDGE_CURVE ( 'NONE', #6226, #2647, #3969, .T. ) ;
#1396 = DIRECTION ( 'NONE',  ( 0.000000000000000000, 0.000000000000000000, 1.000000000000000000 ) ) ;
#1397 = FACE_OUTER_BOUND ( 'NONE', #4916, .T. ) ;
#1398 = DIRECTION ( 'NONE',  ( 0.000000000000000000, -1.000000000000000000, 0.000000000000000000 ) ) ;
#1399 = ORIENTED_EDGE ( 'NONE', *, *, #1977, .F. ) ;
#1400 = DIRECTION ( 'NONE',  ( 0.000000000000000000, 0.000000000000000000, 1.000000000000000000 ) ) ;
#1401 = EDGE_LOOP ( 'NONE', ( #4097, #4597, #3868, #1684 ) ) ;
#1402 = ORIENTED_EDGE ( 'NONE', *, *, #5482, .F. ) ;
#1403 = ADVANCED_FACE ( 'NONE', ( #3902 ), #5992, .T. ) ;
#1404 = DIRECTION ( 'NONE',  ( -0.000000000000000000, -0.000000000000000000, 1.000000000000000000 ) ) ;
#1405 = AXIS2_PLACEMENT_3D ( 'NONE', #808, #710, #2328 ) ;
#1406 = CLOSED_SHELL ( 'NONE', ( #5579, #690, #2012, #105, #5219, #1651, #3278, #5079, #4458, #4143, #3310, #914, #1780, #2367, #6459, #6386, #3166, #763, #876, #817, #1560, #1938, #6485, #3651, #4695, #5068, #6413, #3851, #2290, #2119, #3024, #4207, #5655, #490, #3999, #2385, #2654, #6517, #4945, #2404, #5116, #5734, #5051, #5446, #4130, #4037, #1050, #3874, #1824, #4994, #5856, #1912, #444, #1126, #2252, #6753, #2589, #4167, #4931, #4326, #1456, #117, #3389, #3746, #6651, #5232, #1862, #892, #4083, #1316, #5188, #2634, #4156, #4641, #5613, #2804, #4812, #1224, #3575, #1403, #4796, #6809, #194, #6338, #3785, #2347, #6323, #809, #116, #5761, #4749, #2299, #5403, #6114, #5379, #1097, #3319, #5135, #5789, #3331, #6043, #5883, #3431, #5647, #4716, #5332, #243, #2556, #4223, #294, #2870, #5570, #479, #4831, #1661, #3008, #548, #1068, #4908, #3917, #4195, #5014, #157, #6476, #4333, #4117, #5784, #756, #6293, #5358, #6, #4535, #4398, #4924, #2916, #5205, #5248, #5163, #2047, #389, #2728, #3675, #4696, #4785, #1704, #5499, #2847, #6206, #4470, #2838, #4823, #204, #3244, #3001, #5422, #1846, #5489, #5155, #1466, #560, #6183, #6372, #5498, #3347, #6015, #6030, #4029, #2900, #5147, #5691, #6313, #2917, #180, #1706, #4346, #5536, #5553, #4362, #3553, #3368, #2830, #944, #6037, #5412, #2898, #70, #664, #3761, #6746, #3707, #6261 ) ) ;
#1407 = CARTESIAN_POINT ( 'NONE',  ( 12.85000000006584742, 8.000000000000000000, -10.40000000000418368 ) ) ;
#1408 = CARTESIAN_POINT ( 'NONE',  ( -11.00000000000000000, 8.000000000000000000, -17.00000000000000000 ) ) ;
#1409 = ORIENTED_EDGE ( 'NONE', *, *, #6593, .T. ) ;
#1410 = VECTOR ( 'NONE', #1342, 1000.000000000000000 ) ;
#1411 = DIRECTION ( 'NONE',  ( 0.000000000000000000, 0.000000000000000000, -1.000000000000000000 ) ) ;
#1412 = ORIENTED_EDGE ( 'NONE', *, *, #2752, .F. ) ;
#1413 = VECTOR ( 'NONE', #5243, 1000.000000000000227 ) ;
#1414 = EDGE_CURVE ( 'NONE', #4707, #2029, #3385, .T. ) ;
#1415 = DIRECTION ( 'NONE',  ( 0.000000000000000000, 1.000000000000000000, -0.000000000000000000 ) ) ;
#1416 = DIRECTION ( 'NONE',  ( -0.000000000000000000, -0.000000000000000000, -1.000000000000000000 ) ) ;
#1417 = DIRECTION ( 'NONE',  ( 1.000000000000000000, 0.000000000000000000, 0.000000000000000000 ) ) ;
#1418 = CARTESIAN_POINT ( 'NONE',  ( -5.850000000000000533, -15.30000000000000071, -17.00000000000000000 ) ) ;
#1419 = VERTEX_POINT ( 'NONE', #721 ) ;
#1420 = EDGE_CURVE ( 'NONE', #3013, #5591, #1832, .T. ) ;
#1421 = FACE_OUTER_BOUND ( 'NONE', #2893, .T. ) ;
#1422 = AXIS2_PLACEMENT_3D ( 'NONE', #1775, #3877, #1210 ) ;
#1423 = EDGE_LOOP ( 'NONE', ( #6617, #2076, #6322, #5737 ) ) ;
#1424 = CARTESIAN_POINT ( 'NONE',  ( -14.25000000000000000, -33.25000000000000000, 0.000000000000000000 ) ) ;
#1425 = CARTESIAN_POINT ( 'NONE',  ( -4.019999999999999574, 9.750000000000000000, 0.000000000000000000 ) ) ;
#1426 = AXIS2_PLACEMENT_3D ( 'NONE', #3468, #6601, #4933 ) ;
#1427 = EDGE_LOOP ( 'NONE', ( #1361, #168, #140, #4773 ) ) ;
#1428 = VERTEX_POINT ( 'NONE', #5469 ) ;
#1429 = FACE_OUTER_BOUND ( 'NONE', #1562, .T. ) ;
#1430 = DIRECTION ( 'NONE',  ( -1.000000000000000000, 0.000000000000000000, 0.000000000000000000 ) ) ;
#1431 = VECTOR ( 'NONE', #6662, 1000.000000000000000 ) ;
#1432 = DIRECTION ( 'NONE',  ( -0.000000000000000000, -0.000000000000000000, -1.000000000000000000 ) ) ;
#1433 = ORIENTED_EDGE ( 'NONE', *, *, #3256, .F. ) ;
#1434 = CARTESIAN_POINT ( 'NONE',  ( 12.55000000000000071, -8.900000000000000355, -11.50000000000000000 ) ) ;
#1435 = EDGE_CURVE ( 'NONE', #2423, #5034, #2930, .T. ) ;
#1436 = ORIENTED_EDGE ( 'NONE', *, *, #5101, .F. ) ;
#1437 = ORIENTED_EDGE ( 'NONE', *, *, #6694, .F. ) ;
#1438 = VECTOR ( 'NONE', #5374, 1000.000000000000000 ) ;
#1439 = VECTOR ( 'NONE', #3544, 1000.000000000000000 ) ;
#1440 = VECTOR ( 'NONE', #6804, 1000.000000000000000 ) ;
#1441 = CARTESIAN_POINT ( 'NONE',  ( -13.30355339059000030, -33.06507575951000177, -10.80000000000000071 ) ) ;
#1442 = DIRECTION ( 'NONE',  ( -0.000000000000000000, 0.000000000000000000, -1.000000000000000000 ) ) ;
#1443 = DIRECTION ( 'NONE',  ( -0.000000000000000000, 0.000000000000000000, -1.000000000000000000 ) ) ;
#1444 = LINE ( 'NONE', #402, #922 ) ;
#1445 = EDGE_LOOP ( 'NONE', ( #1959, #4883, #3622, #6035 ) ) ;
#1446 = AXIS2_PLACEMENT_3D ( 'NONE', #5741, #373, #4608 ) ;
#1447 = EDGE_CURVE ( 'NONE', #4133, #3882, #3815, .T. ) ;
#1448 = VERTEX_POINT ( 'NONE', #244 ) ;
#1449 = ORIENTED_EDGE ( 'NONE', *, *, #5841, .T. ) ;
#1450 = AXIS2_PLACEMENT_3D ( 'NONE', #6559, #2936, #3494 ) ;
#1451 = AXIS2_PLACEMENT_3D ( 'NONE', #5754, #2550, #1 ) ;
#1452 = CARTESIAN_POINT ( 'NONE',  ( -13.44999999999999929, -32.91862915010000989, -11.50000000000000000 ) ) ;
#1453 = LINE ( 'NONE', #6591, #5071 ) ;
#1454 = FACE_OUTER_BOUND ( 'NONE', #532, .T. ) ;
#1455 = CARTESIAN_POINT ( 'NONE',  ( -12.75000000001546141, -32.00000000000000000, -10.30000000004702088 ) ) ;
#1456 = ADVANCED_FACE ( 'NONE', ( #6096 ), #1375, .T. ) ;
#1457 = FACE_OUTER_BOUND ( 'NONE', #2739, .T. ) ;
#1458 = VECTOR ( 'NONE', #4920, 1000.000000000000114 ) ;
#1459 = DIRECTION ( 'NONE',  ( -0.000000000000000000, 0.000000000000000000, 1.000000000000000000 ) ) ;
#1460 = LINE ( 'NONE', #253, #124 ) ;
#1461 = CARTESIAN_POINT ( 'NONE',  ( 4.590199342083000289, -3.706760040782000054, -15.19999999999999751 ) ) ;
#1462 = AXIS2_PLACEMENT_3D ( 'NONE', #4334, #5944, #2294 ) ;
#1463 = VERTEX_POINT ( 'NONE', #3421 ) ;
#1464 = DIRECTION ( 'NONE',  ( -1.000000000000000000, 0.000000000000000000, 0.000000000000000000 ) ) ;
#1465 = DIRECTION ( 'NONE',  ( 0.000000000000000000, 0.000000000000000000, 1.000000000000000000 ) ) ;
#1466 = ADVANCED_FACE ( 'NONE', ( #792 ), #1928, .T. ) ;
#1467 = ORIENTED_EDGE ( 'NONE', *, *, #205, .T. ) ;
#1468 = ORIENTED_EDGE ( 'NONE', *, *, #804, .F. ) ;
#1469 = LINE ( 'NONE', #6218, #1514 ) ;
#1470 = LINE ( 'NONE', #4095, #6640 ) ;
#1471 = DIRECTION ( 'NONE',  ( -0.000000000000000000, -0.000000000000000000, -1.000000000000000000 ) ) ;
#1472 = EDGE_CURVE ( 'NONE', #3754, #3160, #2579, .T. ) ;
#1473 = VERTEX_POINT ( 'NONE', #441 ) ;
#1474 = CARTESIAN_POINT ( 'NONE',  ( -13.39999999999999858, 8.000000000000000000, -14.19999999999999929 ) ) ;
#1475 = ORIENTED_EDGE ( 'NONE', *, *, #6199, .F. ) ;
#1476 = ORIENTED_EDGE ( 'NONE', *, *, #5874, .T. ) ;
#1477 = CONICAL_SURFACE ( 'NONE', #2685, 1.500000000021373125, 0.7853981633974482790 ) ;
#1478 = CARTESIAN_POINT ( 'NONE',  ( -8.349999999999997868, -17.80000000000000071, -11.90000000000000036 ) ) ;
#1479 = DIRECTION ( 'NONE',  ( 0.000000000000000000, 0.000000000000000000, 1.000000000000000000 ) ) ;
#1480 = CARTESIAN_POINT ( 'NONE',  ( 7.349999999999999645, -20.30000000000000071, -10.80000000000000071 ) ) ;
#1481 = VERTEX_POINT ( 'NONE', #2065 ) ;
#1482 = ORIENTED_EDGE ( 'NONE', *, *, #6678, .T. ) ;
#1483 = ORIENTED_EDGE ( 'NONE', *, *, #384, .F. ) ;
#1484 = EDGE_CURVE ( 'NONE', #6734, #2837, #4678, .T. ) ;
#1485 = CYLINDRICAL_SURFACE ( 'NONE', #2375, 0.8500000000000000888 ) ;
#1486 = EDGE_CURVE ( 'NONE', #3258, #2005, #4473, .T. ) ;
#1487 = CYLINDRICAL_SURFACE ( 'NONE', #6801, 5.099999999999999645 ) ;
#1488 = DIRECTION ( 'NONE',  ( 0.000000000000000000, 0.000000000000000000, -1.000000000000000000 ) ) ;
#1489 = CARTESIAN_POINT ( 'NONE',  ( 12.34999999999999964, -9.099999999999999645, -4.700000000000000178 ) ) ;
#1490 = ORIENTED_EDGE ( 'NONE', *, *, #4610, .T. ) ;
#1491 = CARTESIAN_POINT ( 'NONE',  ( -5.099999999999999645, 0.000000000000000000, -14.80000000000000071 ) ) ;
#1492 = EDGE_CURVE ( 'NONE', #4237, #794, #3073, .T. ) ;
#1493 = VERTEX_POINT ( 'NONE', #6691 ) ;
#1494 = FACE_OUTER_BOUND ( 'NONE', #5185, .T. ) ;
#1495 = DIRECTION ( 'NONE',  ( 0.000000000000000000, 0.000000000000000000, -1.000000000000000000 ) ) ;
#1496 = EDGE_LOOP ( 'NONE', ( #4947, #6192, #2623, #2215, #4359 ) ) ;
#1497 = ORIENTED_EDGE ( 'NONE', *, *, #4918, .T. ) ;
#1498 = EDGE_CURVE ( 'NONE', #5452, #3419, #2549, .T. ) ;
#1499 = PRODUCT_DEFINITION_FORMATION_WITH_SPECIFIED_SOURCE ( 'å¯', '', #2059, .NOT_KNOWN. ) ;
#1500 = CARTESIAN_POINT ( 'NONE',  ( -12.94999999999999929, 8.711522368915000314, -10.79999999999999716 ) ) ;
#1501 = CARTESIAN_POINT ( 'NONE',  ( -12.06507575950663735, -34.30355339059163811, -10.79999999999999716 ) ) ;
#1502 = CARTESIAN_POINT ( 'NONE',  ( -7.049999999999999822, 8.000000000000000000, -12.69999999999999929 ) ) ;
#1503 = ORIENTED_EDGE ( 'NONE', *, *, #4185, .T. ) ;
#1504 = LINE ( 'NONE', #1574, #227 ) ;
#1505 = ORIENTED_EDGE ( 'NONE', *, *, #2939, .F. ) ;
#1506 = EDGE_LOOP ( 'NONE', ( #5889, #1130, #460, #5107 ) ) ;
#1507 = EDGE_CURVE ( 'NONE', #648, #2394, #5676, .T. ) ;
#1508 = CARTESIAN_POINT ( 'NONE',  ( -10.44999999999999929, -19.10000000000000142, -9.800000000000000711 ) ) ;
#1509 = CYLINDRICAL_SURFACE ( 'NONE', #1346, 0.8500000000000000888 ) ;
#1510 = DIRECTION ( 'NONE',  ( 0.000000000000000000, -1.000000000000000000, -0.000000000000000000 ) ) ;
#1511 = ORIENTED_EDGE ( 'NONE', *, *, #3153, .F. ) ;
#1512 = ORIENTED_EDGE ( 'NONE', *, *, #5240, .T. ) ;
#1513 = EDGE_LOOP ( 'NONE', ( #160, #361, #960, #128 ) ) ;
#1514 = VECTOR ( 'NONE', #5733, 1000.000000000000000 ) ;
#1515 = AXIS2_PLACEMENT_3D ( 'NONE', #4415, #695, #4957 ) ;
#1516 = CARTESIAN_POINT ( 'NONE',  ( 6.282665550584000336, -28.74869609435000228, -14.00000000000000000 ) ) ;
#1517 = DIRECTION ( 'NONE',  ( -0.000000000000000000, 0.000000000000000000, -1.000000000000000000 ) ) ;
#1518 = CIRCLE ( 'NONE', #1747, 6.099999999999999645 ) ;
#1519 = CARTESIAN_POINT ( 'NONE',  ( -7.928094874415000604, -8.900000000000000355, -17.00000000000000000 ) ) ;
#1520 = AXIS2_PLACEMENT_3D ( 'NONE', #1696, #2160, #4708 ) ;
#1521 = EDGE_CURVE ( 'NONE', #5053, #3194, #6203, .T. ) ;
#1522 = AXIS2_PLACEMENT_3D ( 'NONE', #1000, #4242, #1621 ) ;
#1523 = FACE_OUTER_BOUND ( 'NONE', #2414, .T. ) ;
#1524 = CARTESIAN_POINT ( 'NONE',  ( 7.928094874415000604, -7.900000000000000355, 61.32240000000000890 ) ) ;
#1525 = ORIENTED_EDGE ( 'NONE', *, *, #5338, .T. ) ;
#1526 = DIRECTION ( 'NONE',  ( -0.000000000000000000, 1.000000000000000000, 0.000000000000000000 ) ) ;
#1527 = LINE ( 'NONE', #2590, #13 ) ;
#1528 = EDGE_CURVE ( 'NONE', #6141, #5334, #3559, .T. ) ;
#1529 = ORIENTED_EDGE ( 'NONE', *, *, #4497, .F. ) ;
#1530 = ORIENTED_EDGE ( 'NONE', *, *, #1680, .F. ) ;
#1531 = CARTESIAN_POINT ( 'NONE',  ( 8.349999999999999645, -8.900000000000000355, -10.80000000000000071 ) ) ;
#1532 = DIRECTION ( 'NONE',  ( 0.000000000000000000, -1.000000000000000000, 0.000000000000000000 ) ) ;
#1533 = DIRECTION ( 'NONE',  ( 1.000000000000000000, 0.000000000000000000, 0.000000000000000000 ) ) ;
#1534 = ORIENTED_EDGE ( 'NONE', *, *, #6670, .F. ) ;
#1535 = DIRECTION ( 'NONE',  ( 0.000000000000000000, -1.000000000000000000, -0.000000000000000000 ) ) ;
#1536 = EDGE_CURVE ( 'NONE', #3284, #4197, #1034, .T. ) ;
#1537 = ORIENTED_EDGE ( 'NONE', *, *, #5289, .F. ) ;
#1538 = VERTEX_POINT ( 'NONE', #410 ) ;
#1539 = VECTOR ( 'NONE', #904, 1000.000000000000000 ) ;
#1540 = LINE ( 'NONE', #1026, #5288 ) ;
#1541 = DIRECTION ( 'NONE',  ( -1.000000000000000000, 0.000000000000000000, 0.000000000000000000 ) ) ;
#1542 = DIRECTION ( 'NONE',  ( 1.000000000000000000, 0.000000000000000000, 0.000000000000000000 ) ) ;
#1543 = LINE ( 'NONE', #6751, #4990 ) ;
#1544 = VERTEX_POINT ( 'NONE', #3589 ) ;
#1545 = EDGE_CURVE ( 'NONE', #3280, #5700, #512, .T. ) ;
#1546 = ORIENTED_EDGE ( 'NONE', *, *, #4426, .F. ) ;
#1547 = EDGE_CURVE ( 'NONE', #5228, #2945, #3266, .T. ) ;
#1548 = VECTOR ( 'NONE', #5791, 1000.000000000000000 ) ;
#1549 = ORIENTED_EDGE ( 'NONE', *, *, #1639, .T. ) ;
#1550 = DIRECTION ( 'NONE',  ( -1.000000000000000000, 0.000000000000000000, 0.000000000000000000 ) ) ;
#1551 = AXIS2_PLACEMENT_3D ( 'NONE', #3179, #4654, #3111 ) ;
#1552 = PLANE ( 'NONE',  #1451 ) ;
#1553 = VECTOR ( 'NONE', #1347, 1000.000000000000000 ) ;
#1554 = DIRECTION ( 'NONE',  ( -1.000000000000000000, 0.000000000000000000, 0.000000000000000000 ) ) ;
#1555 = CARTESIAN_POINT ( 'NONE',  ( 11.00000000000000000, 8.000000000000000000, -14.19999999999999929 ) ) ;
#1556 = AXIS2_PLACEMENT_3D ( 'NONE', #5765, #1078, #4153 ) ;
#1557 = FACE_OUTER_BOUND ( 'NONE', #5798, .T. ) ;
#1558 = DIRECTION ( 'NONE',  ( -1.000000000000000000, 0.000000000000000000, 0.000000000000000000 ) ) ;
#1559 = CARTESIAN_POINT ( 'NONE',  ( -14.25000000000000000, -8.900000000000000355, -11.50000000000000000 ) ) ;
#1560 = ADVANCED_FACE ( 'NONE', ( #4142 ), #1485, .F. ) ;
#1561 = AXIS2_PLACEMENT_3D ( 'NONE', #5064, #3977, #6069 ) ;
#1562 = EDGE_LOOP ( 'NONE', ( #3962, #3336, #3713, #331 ) ) ;
#1563 = AXIS2_PLACEMENT_3D ( 'NONE', #2446, #901, #5095 ) ;
#1564 = CARTESIAN_POINT ( 'NONE',  ( -8.349999999999999645, -10.40000000000000213, -10.80000000000000071 ) ) ;
#1565 = CARTESIAN_POINT ( 'NONE',  ( -13.30355339059177311, 9.065075759509772624, -61.32240000000000890 ) ) ;
#1566 = VERTEX_POINT ( 'NONE', #4209 ) ;
#1567 = VERTEX_POINT ( 'NONE', #1588 ) ;
#1568 = VECTOR ( 'NONE', #3583, 1000.000000000000000 ) ;
#1569 = EDGE_CURVE ( 'NONE', #574, #3376, #3693, .T. ) ;
#1570 = CARTESIAN_POINT ( 'NONE',  ( -11.00000000000000000, 8.000000000000000000, -10.80000000000000071 ) ) ;
#1571 = CARTESIAN_POINT ( 'NONE',  ( -4.093089191076958677, -3.244290826557046703, -15.40000000000000391 ) ) ;
#1572 = DIRECTION ( 'NONE',  ( 0.000000000000000000, 0.000000000000000000, -1.000000000000000000 ) ) ;
#1573 = ORIENTED_EDGE ( 'NONE', *, *, #3828, .F. ) ;
#1574 = CARTESIAN_POINT ( 'NONE',  ( 13.44999999999999929, 8.918629150101999414, -11.50000000000000000 ) ) ;
#1575 = AXIS2_PLACEMENT_3D ( 'NONE', #1611, #6469, #3751 ) ;
#1576 = ORIENTED_EDGE ( 'NONE', *, *, #3535, .F. ) ;
#1577 = PRESENTATION_LAYER_ASSIGNMENT (  '', '', ( #6499 ) ) ;
#1578 = ORIENTED_EDGE ( 'NONE', *, *, #705, .F. ) ;
#1579 = CARTESIAN_POINT ( 'NONE',  ( 7.928094874415000604, -8.900000000000000355, -12.32190512558499407 ) ) ;
#1580 = EDGE_CURVE ( 'NONE', #3412, #3104, #3245, .T. ) ;
#1581 = LINE ( 'NONE', #1056, #2443 ) ;
#1582 = CARTESIAN_POINT ( 'NONE',  ( -10.44999999999999929, -19.10000000000000142, -6.200000000000001066 ) ) ;
#1583 = ORIENTED_EDGE ( 'NONE', *, *, #6361, .F. ) ;
#1584 = LINE ( 'NONE', #1725, #5916 ) ;
#1585 = ORIENTED_EDGE ( 'NONE', *, *, #3189, .F. ) ;
#1586 = ORIENTED_EDGE ( 'NONE', *, *, #6220, .F. ) ;
#1587 = VECTOR ( 'NONE', #2125, 1000.000000000000114 ) ;
#1588 = CARTESIAN_POINT ( 'NONE',  ( 8.349999999999999645, -19.30000000000000071, -11.90000000000000036 ) ) ;
#1589 = EDGE_CURVE ( 'NONE', #3546, #511, #1763, .T. ) ;
#1590 = CARTESIAN_POINT ( 'NONE',  ( 10.44999999999999929, -8.650000000000000355, -8.449999999999999289 ) ) ;
#1591 = DIRECTION ( 'NONE',  ( 1.000000000000000000, 0.000000000000000000, 0.000000000000000000 ) ) ;
#1592 = CARTESIAN_POINT ( 'NONE',  ( 11.00000000000000000, -32.00000000000000000, -10.80000000000000071 ) ) ;
#1593 = DIRECTION ( 'NONE',  ( 1.000000000000000000, 0.000000000000000000, 0.000000000000000000 ) ) ;
#1594 = CARTESIAN_POINT ( 'NONE',  ( 1.500000000000000000, 1.836970198721029934E-16, -14.80000000000000071 ) ) ;
#1595 = EDGE_CURVE ( 'NONE', #5993, #747, #1166, .T. ) ;
#1596 = EDGE_CURVE ( 'NONE', #2193, #4182, #5886, .T. ) ;
#1597 = FACE_OUTER_BOUND ( 'NONE', #3094, .T. ) ;
#1598 = VERTEX_POINT ( 'NONE', #2269 ) ;
#1599 = CARTESIAN_POINT ( 'NONE',  ( -7.928094874415000604, -8.900000000000000355, -12.32190512558499762 ) ) ;
#1600 = DIRECTION ( 'NONE',  ( 0.000000000000000000, 0.000000000000000000, -1.000000000000000000 ) ) ;
#1601 = EDGE_LOOP ( 'NONE', ( #4631, #4055, #4894, #1656, #1298, #6432, #3773, #2996 ) ) ;
#1602 = CARTESIAN_POINT ( 'NONE',  ( -9.149999999999998579, 8.000000000000000000, -10.80000000000000071 ) ) ;
#1603 = LINE ( 'NONE', #5320, #4306 ) ;
#1604 = FACE_OUTER_BOUND ( 'NONE', #4772, .T. ) ;
#1605 = ORIENTED_EDGE ( 'NONE', *, *, #2717, .T. ) ;
#1606 = ORIENTED_EDGE ( 'NONE', *, *, #4122, .T. ) ;
#1607 = ORIENTED_EDGE ( 'NONE', *, *, #6097, .T. ) ;
#1608 = EDGE_CURVE ( 'NONE', #424, #820, #4239, .T. ) ;
#1609 = VECTOR ( 'NONE', #1096, 1000.000000000000000 ) ;
#1610 = LINE ( 'NONE', #3714, #3056 ) ;
#1611 = CARTESIAN_POINT ( 'NONE',  ( 0.000000000000000000, 0.000000000000000000, -15.50000000000000000 ) ) ;
#1612 = CARTESIAN_POINT ( 'NONE',  ( -14.25000000000000000, -33.25000000000000000, -17.00000000000000000 ) ) ;
#1613 = ORIENTED_EDGE ( 'NONE', *, *, #5513, .T. ) ;
#1614 = LINE ( 'NONE', #6334, #1431 ) ;
#1615 = DIRECTION ( 'NONE',  ( 1.000000000000000000, 0.000000000000000000, 0.000000000000000000 ) ) ;
#1616 = EDGE_LOOP ( 'NONE', ( #2028, #1817, #4637, #5046, #4033, #5066, #1030, #4849, #1032, #1490, #3916 ) ) ;
#1617 = EDGE_LOOP ( 'NONE', ( #4186, #1779, #4111, #1203, #2843, #5904, #4472, #6287 ) ) ;
#1618 = EDGE_CURVE ( 'NONE', #156, #2044, #5953, .T. ) ;
#1619 = DIRECTION ( 'NONE',  ( 0.000000000000000000, 0.000000000000000000, 1.000000000000000000 ) ) ;
#1620 = FACE_OUTER_BOUND ( 'NONE', #2813, .T. ) ;
#1621 = DIRECTION ( 'NONE',  ( 1.000000000000000000, 0.000000000000000000, -0.000000000000000000 ) ) ;
#1622 = APPLICATION_PROTOCOL_DEFINITION ( 'draft international standard', 'automotive_design', 1998, #688 ) ;
#1623 = CARTESIAN_POINT ( 'NONE',  ( -7.049999999999999822, 9.750000000000000000, -12.69999999999999929 ) ) ;
#1624 = EDGE_CURVE ( 'NONE', #3848, #6747, #3208, .T. ) ;
#1625 = CIRCLE ( 'NONE', #5464, 0.5000000000000004441 ) ;
#1626 = CIRCLE ( 'NONE', #2612, 1.850000000000000977 ) ;
#1627 = CARTESIAN_POINT ( 'NONE',  ( 4.019999999999999574, 11.25000000000000000, -17.00000000000000000 ) ) ;
#1628 = ORIENTED_EDGE ( 'NONE', *, *, #6394, .F. ) ;
#1629 = DIRECTION ( 'NONE',  ( -0.000000000000000000, -1.000000000000000000, -0.000000000000000000 ) ) ;
#1630 = DIRECTION ( 'NONE',  ( 1.000000000000000000, 0.000000000000000000, 0.000000000000000000 ) ) ;
#1631 = VECTOR ( 'NONE', #2669, 1000.000000000000114 ) ;
#1632 = AXIS2_PLACEMENT_3D ( 'NONE', #3250, #5820, #4314 ) ;
#1633 = ORIENTED_EDGE ( 'NONE', *, *, #2192, .F. ) ;
#1634 = CIRCLE ( 'NONE', #970, 6.099999999999999645 ) ;
#1635 = CARTESIAN_POINT ( 'NONE',  ( -8.550000000000000711, -19.10000000000000142, -7.700000000000000178 ) ) ;
#1636 = CARTESIAN_POINT ( 'NONE',  ( 7.049999999999860378, 9.710689985783810485, -15.10999999999999943 ) ) ;
#1637 = CONICAL_SURFACE ( 'NONE', #5914, 1.850000000065847638, 0.7853981636816653733 ) ;
#1638 = EDGE_CURVE ( 'NONE', #6814, #2601, #5451, .T. ) ;
#1639 = EDGE_CURVE ( 'NONE', #4154, #2325, #6115, .T. ) ;
#1640 = EDGE_LOOP ( 'NONE', ( #4024, #405, #2121, #1907 ) ) ;
#1641 = DIRECTION ( 'NONE',  ( 1.000000000000000000, 0.000000000000000000, 0.000000000000000000 ) ) ;
#1642 = CARTESIAN_POINT ( 'NONE',  ( -8.849999999999999645, 0.000000000000000000, -10.80000000000000071 ) ) ;
#1643 = CARTESIAN_POINT ( 'NONE',  ( 0.000000000000000000, 0.000000000000000000, -10.80000000000000071 ) ) ;
#1644 = ORIENTED_EDGE ( 'NONE', *, *, #707, .F. ) ;
#1645 = EDGE_LOOP ( 'NONE', ( #4160, #6503, #5329, #884 ) ) ;
#1646 = ORIENTED_EDGE ( 'NONE', *, *, #953, .F. ) ;
#1647 = DIRECTION ( 'NONE',  ( 0.000000000000000000, -0.000000000000000000, 1.000000000000000000 ) ) ;
#1648 = CARTESIAN_POINT ( 'NONE',  ( 0.000000000000000000, 0.000000000000000000, -8.199999999999999289 ) ) ;
#1649 = CARTESIAN_POINT ( 'NONE',  ( 12.25000000000000000, 11.25000000000000000, -13.40000000000000036 ) ) ;
#1650 = CARTESIAN_POINT ( 'NONE',  ( -7.061511736713918630, -8.399032729840948619, -12.50000000000000178 ) ) ;
#1651 = ADVANCED_FACE ( 'NONE', ( #649 ), #3795, .T. ) ;
#1652 = AXIS2_PLACEMENT_3D ( 'NONE', #4219, #3704, #3255 ) ;
#1653 = ORIENTED_EDGE ( 'NONE', *, *, #3744, .T. ) ;
#1654 = CARTESIAN_POINT ( 'NONE',  ( -4.019999999999999574, 9.750000000000000000, -10.80000000000000071 ) ) ;
#1655 = DIRECTION ( 'NONE',  ( 1.000000000000000000, 0.000000000000000000, 0.000000000000000000 ) ) ;
#1656 = ORIENTED_EDGE ( 'NONE', *, *, #6212, .F. ) ;
#1657 = ORIENTED_EDGE ( 'NONE', *, *, #841, .T. ) ;
#1658 = PLANE ( 'NONE',  #3927 ) ;
#1659 = PLANE ( 'NONE',  #6302 ) ;
#1660 = DIRECTION ( 'NONE',  ( 0.000000000000000000, -1.000000000000000000, 0.000000000000000000 ) ) ;
#1661 = ADVANCED_FACE ( 'NONE', ( #6412 ), #1699, .T. ) ;
#1662 = VECTOR ( 'NONE', #5811, 1000.000000000000000 ) ;
#1663 = DIRECTION ( 'NONE',  ( -1.000000000000000000, 0.000000000000000000, 0.000000000000000000 ) ) ;
#1664 = DIRECTION ( 'NONE',  ( 0.000000000000000000, 0.000000000000000000, -1.000000000000000000 ) ) ;
#1665 = VECTOR ( 'NONE', #5410, 1000.000000000000000 ) ;
#1666 = AXIS2_PLACEMENT_3D ( 'NONE', #5654, #3181, #6349 ) ;
#1667 = ORIENTED_EDGE ( 'NONE', *, *, #2773, .T. ) ;
#1668 = LINE ( 'NONE', #3802, #1113 ) ;
#1669 = CARTESIAN_POINT ( 'NONE',  ( 12.25000000000000000, 11.25000000000000000, -11.50000000000000178 ) ) ;
#1670 = EDGE_CURVE ( 'NONE', #379, #507, #2237, .T. ) ;
#1671 = ORIENTED_EDGE ( 'NONE', *, *, #6361, .T. ) ;
#1672 = DIRECTION ( 'NONE',  ( -1.000000000000000000, 0.000000000000000000, -0.000000000000000000 ) ) ;
#1673 = LINE ( 'NONE', #1636, #3213 ) ;
#1674 = CIRCLE ( 'NONE', #5508, 0.1999999999999996503 ) ;
#1675 = ORIENTED_EDGE ( 'NONE', *, *, #3786, .F. ) ;
#1676 = AXIS2_PLACEMENT_3D ( 'NONE', #5233, #5267, #1069 ) ;
#1677 = CIRCLE ( 'NONE', #3767, 1.300000000000000711 ) ;
#1678 = DIRECTION ( 'NONE',  ( 0.000000000000000000, 0.000000000000000000, -1.000000000000000000 ) ) ;
#1679 = EDGE_CURVE ( 'NONE', #5426, #5977, #4888, .T. ) ;
#1680 = EDGE_CURVE ( 'NONE', #608, #601, #173, .T. ) ;
#1681 = DIRECTION ( 'NONE',  ( 0.000000000000000000, -0.000000000000000000, 1.000000000000000000 ) ) ;
#1682 = DIRECTION ( 'NONE',  ( -1.000000000000000000, 0.000000000000000000, 0.000000000000000000 ) ) ;
#1683 = ORIENTED_EDGE ( 'NONE', *, *, #1033, .F. ) ;
#1684 = ORIENTED_EDGE ( 'NONE', *, *, #5278, .T. ) ;
#1685 = VECTOR ( 'NONE', #3965, 1000.000000000000114 ) ;
#1686 = ORIENTED_EDGE ( 'NONE', *, *, #4846, .F. ) ;
#1687 = MANIFOLD_SURFACE_SHAPE_REPRESENTATION ( 'DC11_B01_CASE_B_DUMMY2', ( #2643, #1328 ), #342 ) ;
#1688 = CARTESIAN_POINT ( 'NONE',  ( 12.30000000000000071, -32.00000000000000000, -14.19999999999999929 ) ) ;
#1689 = EDGE_CURVE ( 'NONE', #5426, #4264, #726, .T. ) ;
#1690 = PLANE ( 'NONE',  #3558 ) ;
#1691 = AXIS2_PLACEMENT_3D ( 'NONE', #4501, #261, #2392 ) ;
#1692 = LINE ( 'NONE', #2262, #3127 ) ;
#1693 =( BOUNDED_CURVE ( )  B_SPLINE_CURVE ( 3, ( #4282, #6320, #6385, #1599 ),
 .UNSPECIFIED., .F., .T. ) 
 B_SPLINE_CURVE_WITH_KNOTS ( ( 4, 4 ),
 ( 4.533338946702389016, 4.712388980384687898 ),
 .UNSPECIFIED. ) 
 CURVE ( )  GEOMETRIC_REPRESENTATION_ITEM ( )  RATIONAL_B_SPLINE_CURVE ( ( 1.000000000000000000, 0.9973302076397676519, 0.9973302076397676519, 1.000000000000000000 ) ) 
 REPRESENTATION_ITEM ( '' )  );
#1694 = EDGE_LOOP ( 'NONE', ( #4795, #5990, #920, #3440 ) ) ;
#1695 = CARTESIAN_POINT ( 'NONE',  ( -12.34999999999999964, -18.05000000000000071, -9.800000000000000711 ) ) ;
#1696 = CARTESIAN_POINT ( 'NONE',  ( -12.55000000000000071, -19.30000000000000071, -11.50000000000000000 ) ) ;
#1697 = VERTEX_POINT ( 'NONE', #2649 ) ;
#1698 = ORIENTED_EDGE ( 'NONE', *, *, #3957, .F. ) ;
#1699 = PLANE ( 'NONE',  #6675 ) ;
#1700 = DIRECTION ( 'NONE',  ( -0.000000000000000000, -0.000000000000000000, 1.000000000000000000 ) ) ;
#1701 = CARTESIAN_POINT ( 'NONE',  ( -12.55000000000000071, -20.30000000000000071, -11.50000000000000000 ) ) ;
#1702 = CARTESIAN_POINT ( 'NONE',  ( 7.024736428838999736, -8.335171464271999398, -15.50000000000000000 ) ) ;
#1703 = ORIENTED_EDGE ( 'NONE', *, *, #515, .F. ) ;
#1704 = ADVANCED_FACE ( 'NONE', ( #1135 ), #2163, .T. ) ;
#1705 = FACE_OUTER_BOUND ( 'NONE', #3570, .T. ) ;
#1706 = ADVANCED_FACE ( 'NONE', ( #6375 ), #1658, .F. ) ;
#1707 = ORIENTED_EDGE ( 'NONE', *, *, #2681, .T. ) ;
#1708 = LINE ( 'NONE', #4790, #4737 ) ;
#1709 = DIRECTION ( 'NONE',  ( 0.000000000000000000, 0.000000000000000000, 1.000000000000000000 ) ) ;
#1710 = LINE ( 'NONE', #592, #3399 ) ;
#1711 = DIRECTION ( 'NONE',  ( -0.000000000000000000, -0.000000000000000000, -1.000000000000000000 ) ) ;
#1712 = ORIENTED_EDGE ( 'NONE', *, *, #725, .T. ) ;
#1713 = EDGE_CURVE ( 'NONE', #5228, #5882, #616, .T. ) ;
#1714 = CARTESIAN_POINT ( 'NONE',  ( -12.55000000000000071, -19.80000000000000071, -11.50000000000000000 ) ) ;
#1715 = CARTESIAN_POINT ( 'NONE',  ( 0.000000000000000000, 0.000000000000000000, -14.80000000000000071 ) ) ;
#1716 = ORIENTED_EDGE ( 'NONE', *, *, #2555, .T. ) ;
#1717 = ORIENTED_EDGE ( 'NONE', *, *, #640, .T. ) ;
#1718 = VERTEX_POINT ( 'NONE', #2435 ) ;
#1719 = EDGE_CURVE ( 'NONE', #2526, #6536, #2157, .T. ) ;
#1720 = CARTESIAN_POINT ( 'NONE',  ( -10.44999999999999929, -19.10000000000000142, -4.700000000000000178 ) ) ;
#1721 = CARTESIAN_POINT ( 'NONE',  ( -7.849999999999999645, -19.80000000000000071, -8.199999999999999289 ) ) ;
#1722 = CARTESIAN_POINT ( 'NONE',  ( -10.55118443540000328, -9.100000000000001421, -10.25000000000000000 ) ) ;
#1723 = ORIENTED_EDGE ( 'NONE', *, *, #1595, .T. ) ;
#1724 = LINE ( 'NONE', #169, #2313 ) ;
#1725 = CARTESIAN_POINT ( 'NONE',  ( 8.349999999999999645, -19.30000000000000071, -17.00000000000000000 ) ) ;
#1726 = ORIENTED_EDGE ( 'NONE', *, *, #362, .T. ) ;
#1727 = EDGE_LOOP ( 'NONE', ( #5091, #5021, #2607, #6360 ) ) ;
#1728 = EDGE_CURVE ( 'NONE', #6007, #4154, #750, .T. ) ;
#1729 = DIRECTION ( 'NONE',  ( 0.000000000000000000, 0.000000000000000000, -1.000000000000000000 ) ) ;
#1730 = CARTESIAN_POINT ( 'NONE',  ( 8.349999999999999645, -8.900000000000000355, -10.80000000000000071 ) ) ;
#1731 = LINE ( 'NONE', #3765, #6021 ) ;
#1732 = CIRCLE ( 'NONE', #822, 5.099999999999999645 ) ;
#1733 = CARTESIAN_POINT ( 'NONE',  ( 2.750000000000000000, 0.000000000000000000, -13.70000000000000107 ) ) ;
#1734 = VERTEX_POINT ( 'NONE', #237 ) ;
#1735 = DIRECTION ( 'NONE',  ( -0.000000000000000000, 1.000000000000000000, 0.000000000000000000 ) ) ;
#1736 = VERTEX_POINT ( 'NONE', #3964 ) ;
#1737 = FACE_OUTER_BOUND ( 'NONE', #2726, .T. ) ;
#1738 = DIRECTION ( 'NONE',  ( -0.7071067811865474617, -0.7071067811865474617, 0.000000000000000000 ) ) ;
#1739 = FACE_OUTER_BOUND ( 'NONE', #6184, .T. ) ;
#1740 = EDGE_CURVE ( 'NONE', #4264, #5426, #4794, .T. ) ;
#1741 = FACE_OUTER_BOUND ( 'NONE', #2749, .T. ) ;
#1742 = EDGE_LOOP ( 'NONE', ( #5389, #2937, #2442, #459 ) ) ;
#1743 = VECTOR ( 'NONE', #5630, 1000.000000000000000 ) ;
#1744 = AXIS2_PLACEMENT_3D ( 'NONE', #3215, #4214, #3113 ) ;
#1745 = FACE_OUTER_BOUND ( 'NONE', #3386, .T. ) ;
#1746 = CARTESIAN_POINT ( 'NONE',  ( -4.019999999999999574, 11.25000000000000000, -13.40000000000000036 ) ) ;
#1747 = AXIS2_PLACEMENT_3D ( 'NONE', #2688, #4921, #1167 ) ;
#1748 = EDGE_CURVE ( 'NONE', #1164, #2957, #1836, .T. ) ;
#1749 = ORIENTED_EDGE ( 'NONE', *, *, #3046, .F. ) ;
#1750 = ORIENTED_EDGE ( 'NONE', *, *, #866, .F. ) ;
#1751 = VECTOR ( 'NONE', #3227, 1000.000000000000000 ) ;
#1752 = ORIENTED_EDGE ( 'NONE', *, *, #4059, .F. ) ;
#1753 = VECTOR ( 'NONE', #4115, 1000.000000000000000 ) ;
#1754 = CARTESIAN_POINT ( 'NONE',  ( -14.25000000000000000, -8.900000000000000355, -17.00000000000000000 ) ) ;
#1755 = DIRECTION ( 'NONE',  ( -0.000000000000000000, -0.000000000000000000, -1.000000000000000000 ) ) ;
#1756 = CARTESIAN_POINT ( 'NONE',  ( 11.75000000000000000, 0.000000000000000000, -10.19999999999754436 ) ) ;
#1757 = EDGE_CURVE ( 'NONE', #3813, #2569, #6054, .T. ) ;
#1758 = ORIENTED_EDGE ( 'NONE', *, *, #4179, .F. ) ;
#1759 = CARTESIAN_POINT ( 'NONE',  ( 0.000000000000000000, 0.000000000000000000, -10.30000000000000071 ) ) ;
#1760 = PLANE ( 'NONE',  #893 ) ;
#1761 = ORIENTED_EDGE ( 'NONE', *, *, #5038, .T. ) ;
#1762 = EDGE_LOOP ( 'NONE', ( #5115, #90, #3681, #4878 ) ) ;
#1763 = LINE ( 'NONE', #2196, #6343 ) ;
#1764 = CARTESIAN_POINT ( 'NONE',  ( -12.55000000000000071, -8.900000000000000355, -11.50000000000000000 ) ) ;
#1765 = CARTESIAN_POINT ( 'NONE',  ( 14.25000000000000000, -19.30000000000000071, -8.699999999999999289 ) ) ;
#1766 = EDGE_CURVE ( 'NONE', #4579, #6006, #5501, .T. ) ;
#1767 = EDGE_CURVE ( 'NONE', #4711, #5993, #5015, .T. ) ;
#1768 = LINE ( 'NONE', #3866, #4300 ) ;
#1769 = VERTEX_POINT ( 'NONE', #2825 ) ;
#1770 = DIRECTION ( 'NONE',  ( 0.000000000000000000, 0.000000000000000000, -1.000000000000000000 ) ) ;
#1771 = EDGE_LOOP ( 'NONE', ( #2592, #5848 ) ) ;
#1772 = DIRECTION ( 'NONE',  ( 0.7071067811865474617, 0.7071067811865474617, 0.000000000000000000 ) ) ;
#1773 = FACE_OUTER_BOUND ( 'NONE', #2986, .T. ) ;
#1774 = VECTOR ( 'NONE', #1949, 1000.000000000000000 ) ;
#1775 = CARTESIAN_POINT ( 'NONE',  ( 8.849999999999999645, -10.40000000000000213, -10.80000000000000071 ) ) ;
#1776 = LINE ( 'NONE', #5421, #786 ) ;
#1777 = CIRCLE ( 'NONE', #6277, 9.099999999999999645 ) ;
#1778 = AXIS2_PLACEMENT_3D ( 'NONE', #6105, #6700, #354 ) ;
#1779 = ORIENTED_EDGE ( 'NONE', *, *, #3912, .F. ) ;
#1780 = ADVANCED_FACE ( 'NONE', ( #6092 ), #2302, .T. ) ;
#1781 = AXIS2_PLACEMENT_3D ( 'NONE', #5211, #6737, #3601 ) ;
#1782 = DIRECTION ( 'NONE',  ( -1.000000000000000000, 0.000000000000000000, -0.000000000000000000 ) ) ;
#1783 = DIRECTION ( 'NONE',  ( -1.000000000000000000, -0.000000000000000000, -0.000000000000000000 ) ) ;
#1784 = EDGE_LOOP ( 'NONE', ( #708, #6453 ) ) ;
#1785 = ORIENTED_EDGE ( 'NONE', *, *, #628, .T. ) ;
#1786 = ORIENTED_EDGE ( 'NONE', *, *, #5921, .T. ) ;
#1787 = VECTOR ( 'NONE', #2219, 1000.000000000000000 ) ;
#1788 = AXIS2_PLACEMENT_3D ( 'NONE', #5893, #5445, #4961 ) ;
#1789 = EDGE_CURVE ( 'NONE', #2365, #4905, #3804, .T. ) ;
#1790 = LINE ( 'NONE', #1754, #6792 ) ;
#1791 = CARTESIAN_POINT ( 'NONE',  ( -7.049999999999860378, 9.710689985783810485, -15.10999999999999943 ) ) ;
#1792 = FACE_OUTER_BOUND ( 'NONE', #2704, .T. ) ;
#1793 = ORIENTED_EDGE ( 'NONE', *, *, #6721, .T. ) ;
#1794 = DIRECTION ( 'NONE',  ( 0.000000000000000000, 0.000000000000000000, -1.000000000000000000 ) ) ;
#1795 = CIRCLE ( 'NONE', #1123, 2.750000000000000000 ) ;
#1796 = CARTESIAN_POINT ( 'NONE',  ( -12.25000000000000000, -35.25000000000000000, 0.000000000000000000 ) ) ;
#1797 = ORIENTED_EDGE ( 'NONE', *, *, #3190, .T. ) ;
#1798 = ORIENTED_EDGE ( 'NONE', *, *, #95, .F. ) ;
#1799 = EDGE_CURVE ( 'NONE', #2787, #2130, #5562, .T. ) ;
#1800 = AXIS2_PLACEMENT_3D ( 'NONE', #3088, #6742, #6803 ) ;
#1801 = DIRECTION ( 'NONE',  ( 1.000000000000000000, 0.000000000000000000, 0.000000000000000000 ) ) ;
#1802 = CARTESIAN_POINT ( 'NONE',  ( -11.00000000000000000, 8.000000000000000000, -10.80000000000000071 ) ) ;
#1803 = ORIENTED_EDGE ( 'NONE', *, *, #2221, .F. ) ;
#1804 = CARTESIAN_POINT ( 'NONE',  ( 0.000000000000000000, 0.000000000000000000, -14.19999999999999929 ) ) ;
#1805 = ORIENTED_EDGE ( 'NONE', *, *, #5062, .F. ) ;
#1806 = LINE ( 'NONE', #2863, #745 ) ;
#1807 = EDGE_CURVE ( 'NONE', #1950, #44, #1732, .T. ) ;
#1808 = DIRECTION ( 'NONE',  ( 0.000000000000000000, 0.000000000000000000, 1.000000000000000000 ) ) ;
#1809 = DIRECTION ( 'NONE',  ( 0.000000000000000000, 0.000000000000000000, -1.000000000000000000 ) ) ;
#1810 = PLANE ( 'NONE',  #1100 ) ;
#1811 = CARTESIAN_POINT ( 'NONE',  ( 5.014479739296000105, -4.443533835156999956, -14.69999999999999751 ) ) ;
#1812 = ORIENTED_EDGE ( 'NONE', *, *, #1395, .F. ) ;
#1813 = AXIS2_PLACEMENT_3D ( 'NONE', #4296, #63, #6403 ) ;
#1814 = EDGE_CURVE ( 'NONE', #1493, #4561, #4034, .T. ) ;
#1815 = LINE ( 'NONE', #6107, #3983 ) ;
#1816 = SURFACE_SIDE_STYLE ('',( #2418 ) ) ;
#1817 = ORIENTED_EDGE ( 'NONE', *, *, #4930, .F. ) ;
#1818 = VERTEX_POINT ( 'NONE', #4919 ) ;
#1819 = ORIENTED_EDGE ( 'NONE', *, *, #397, .F. ) ;
#1820 = CARTESIAN_POINT ( 'NONE',  ( 0.000000000000000000, 0.000000000000000000, -10.80000000000000071 ) ) ;
#1821 = LINE ( 'NONE', #4912, #120 ) ;
#1822 = ORIENTED_EDGE ( 'NONE', *, *, #5646, .F. ) ;
#1823 = LINE ( 'NONE', #5559, #6618 ) ;
#1824 = ADVANCED_FACE ( 'NONE', ( #2926 ), #206, .T. ) ;
#1825 = VERTEX_POINT ( 'NONE', #4405 ) ;
#1826 = VERTEX_POINT ( 'NONE', #6516 ) ;
#1827 = DIRECTION ( 'NONE',  ( 1.000000000000000000, 0.000000000000000000, 0.000000000000000000 ) ) ;
#1828 = LINE ( 'NONE', #1407, #4541 ) ;
#1829 = FACE_OUTER_BOUND ( 'NONE', #4917, .T. ) ;
#1830 = ORIENTED_EDGE ( 'NONE', *, *, #6650, .T. ) ;
#1831 = EDGE_CURVE ( 'NONE', #1825, #3799, #297, .T. ) ;
#1832 = LINE ( 'NONE', #2828, #3380 ) ;
#1833 = EDGE_LOOP ( 'NONE', ( #1503, #693 ) ) ;
#1834 = DIRECTION ( 'NONE',  ( 0.000000000000000000, 0.000000000000000000, -1.000000000000000000 ) ) ;
#1835 = CARTESIAN_POINT ( 'NONE',  ( 7.049999999999999822, 9.750000000000000000, -13.69999999999999929 ) ) ;
#1836 = CIRCLE ( 'NONE', #6566, 2.399999999999999467 ) ;
#1837 = DIRECTION ( 'NONE',  ( 1.000000000000000000, 0.000000000000000000, 0.000000000000000000 ) ) ;
#1838 = CARTESIAN_POINT ( 'NONE',  ( 0.000000000000000000, -8.900000000000000355, -11.50000000000000000 ) ) ;
#1839 = CARTESIAN_POINT ( 'NONE',  ( -13.44999999999999929, -19.80000000000000071, -11.50000000000000178 ) ) ;
#1840 = EDGE_CURVE ( 'NONE', #5828, #1598, #4002, .T. ) ;
#1841 = LINE ( 'NONE', #1352, #1339 ) ;
#1842 = EDGE_LOOP ( 'NONE', ( #1483, #3371, #5975, #2386, #4566, #1160, #3378, #950, #5169, #1750 ) ) ;
#1843 = CARTESIAN_POINT ( 'NONE',  ( 12.25000000000000000, -35.25000000000000000, -17.00000000000000000 ) ) ;
#1844 = DIRECTION ( 'NONE',  ( 0.000000000000000000, 1.000000000000000000, 0.000000000000000000 ) ) ;
#1845 = EDGE_CURVE ( 'NONE', #3807, #511, #4199, .T. ) ;
#1846 = ADVANCED_FACE ( 'NONE', ( #2540 ), #4705, .F. ) ;
#1847 = ORIENTED_EDGE ( 'NONE', *, *, #1569, .F. ) ;
#1848 = ORIENTED_EDGE ( 'NONE', *, *, #1638, .T. ) ;
#1849 = AXIS2_PLACEMENT_3D ( 'NONE', #6254, #4634, #2983 ) ;
#1850 = CIRCLE ( 'NONE', #1515, 1.750000000072304829 ) ;
#1851 = CARTESIAN_POINT ( 'NONE',  ( 0.000000000000000000, 0.000000000000000000, -14.69999999999999929 ) ) ;
#1852 = FACE_OUTER_BOUND ( 'NONE', #911, .T. ) ;
#1853 = CARTESIAN_POINT ( 'NONE',  ( 13.44999999999999929, -19.80000000000000071, -11.50000000000000178 ) ) ;
#1854 = EDGE_LOOP ( 'NONE', ( #5496, #1288, #4984, #2902 ) ) ;
#1855 = DIRECTION ( 'NONE',  ( 0.000000000000000000, 0.000000000000000000, 1.000000000000000000 ) ) ;
#1856 = AXIS2_PLACEMENT_3D ( 'NONE', #4255, #1678, #3708 ) ;
#1857 = AXIS2_PLACEMENT_3D ( 'NONE', #2298, #3533, #6638 ) ;
#1858 = CIRCLE ( 'NONE', #3618, 0.5000000000000004441 ) ;
#1859 = ORIENTED_EDGE ( 'NONE', *, *, #1115, .F. ) ;
#1860 = VERTEX_POINT ( 'NONE', #6684 ) ;
#1861 = DIRECTION ( 'NONE',  ( 0.000000000000000000, -1.000000000000000000, -0.000000000000000000 ) ) ;
#1862 = ADVANCED_FACE ( 'NONE', ( #2089, #954 ), #888, .T. ) ;
#1863 = DIRECTION ( 'NONE',  ( -0.000000000000000000, -0.000000000000000000, -1.000000000000000000 ) ) ;
#1864 = DIRECTION ( 'NONE',  ( 0.000000000000000000, 0.000000000000000000, -1.000000000000000000 ) ) ;
#1865 = ORIENTED_EDGE ( 'NONE', *, *, #6705, .T. ) ;
#1866 = LINE ( 'NONE', #1305, #666 ) ;
#1867 = ORIENTED_EDGE ( 'NONE', *, *, #961, .T. ) ;
#1868 = DIRECTION ( 'NONE',  ( 0.000000000000000000, 0.000000000000000000, 1.000000000000000000 ) ) ;
#1869 = EDGE_CURVE ( 'NONE', #3717, #5724, #3061, .T. ) ;
#1870 = DIRECTION ( 'NONE',  ( 0.000000000000000000, 0.000000000000000000, -1.000000000000000000 ) ) ;
#1871 = CARTESIAN_POINT ( 'NONE',  ( -11.05000000060000254, -19.10000000000000142, -8.900000000000000355 ) ) ;
#1872 = DIRECTION ( 'NONE',  ( 0.000000000000000000, -0.7071067811865475727, -0.7071067811865475727 ) ) ;
#1873 = DIRECTION ( 'NONE',  ( -1.000000000000000000, -0.000000000000000000, 0.000000000000000000 ) ) ;
#1874 = ORIENTED_EDGE ( 'NONE', *, *, #3843, .F. ) ;
#1875 = CARTESIAN_POINT ( 'NONE',  ( -10.35000000179999979, -19.10000000000000142, -7.700000000000000178 ) ) ;
#1876 = DIRECTION ( 'NONE',  ( 0.000000000000000000, 0.000000000000000000, -1.000000000000000000 ) ) ;
#1877 = EDGE_LOOP ( 'NONE', ( #5567, #1848 ) ) ;
#1878 = ORIENTED_EDGE ( 'NONE', *, *, #4068, .F. ) ;
#1879 = EDGE_CURVE ( 'NONE', #1493, #4506, #268, .T. ) ;
#1880 = AXIS2_PLACEMENT_3D ( 'NONE', #3626, #5717, #482 ) ;
#1881 = AXIS2_PLACEMENT_3D ( 'NONE', #908, #2454, #4559 ) ;
#1882 = DIRECTION ( 'NONE',  ( 1.000000000000000000, 0.000000000000000000, -0.000000000000000000 ) ) ;
#1883 = CARTESIAN_POINT ( 'NONE',  ( -6.225144425224898193, -6.637588182849007978, -14.69999999999999751 ) ) ;
#1884 = DIRECTION ( 'NONE',  ( 0.000000000000000000, 0.000000000000000000, -1.000000000000000000 ) ) ;
#1885 = ORIENTED_EDGE ( 'NONE', *, *, #1713, .T. ) ;
#1886 = LINE ( 'NONE', #4065, #4517 ) ;
#1887 = ORIENTED_EDGE ( 'NONE', *, *, #6670, .T. ) ;
#1888 = VECTOR ( 'NONE', #3742, 1000.000000000000114 ) ;
#1889 = EDGE_LOOP ( 'NONE', ( #4414, #5913 ) ) ;
#1890 = EDGE_CURVE ( 'NONE', #4506, #424, #1953, .T. ) ;
#1891 = DIRECTION ( 'NONE',  ( -0.000000000000000000, -0.000000000000000000, 1.000000000000000000 ) ) ;
#1892 = AXIS2_PLACEMENT_3D ( 'NONE', #1250, #6387, #5448 ) ;
#1893 = CARTESIAN_POINT ( 'NONE',  ( -11.71152236890999987, 10.44999999999999929, -11.50000000000000355 ) ) ;
#1894 = AXIS2_PLACEMENT_3D ( 'NONE', #6424, #3836, #2803 ) ;
#1895 = LINE ( 'NONE', #2439, #2390 ) ;
#1896 = ORIENTED_EDGE ( 'NONE', *, *, #442, .F. ) ;
#1897 = DIRECTION ( 'NONE',  ( -1.000000000000000000, 0.000000000000000000, -0.000000000000000000 ) ) ;
#1898 = EDGE_LOOP ( 'NONE', ( #6333, #2684 ) ) ;
#1899 = CIRCLE ( 'NONE', #5419, 1.750000000015461410 ) ;
#1900 = PLANE ( 'NONE',  #5839 ) ;
#1901 = FACE_OUTER_BOUND ( 'NONE', #2899, .T. ) ;
#1902 = CARTESIAN_POINT ( 'NONE',  ( 10.35000000179999802, -9.099999999999999645, -9.799999999999998934 ) ) ;
#1903 = CARTESIAN_POINT ( 'NONE',  ( 13.44999999999999929, 8.918629150101999414, -10.80000000000000071 ) ) ;
#1904 = LINE ( 'NONE', #383, #2216 ) ;
#1905 = EDGE_CURVE ( 'NONE', #3131, #4488, #6157, .T. ) ;
#1906 = EDGE_CURVE ( 'NONE', #4340, #1150, #3027, .T. ) ;
#1907 = ORIENTED_EDGE ( 'NONE', *, *, #6567, .T. ) ;
#1908 = CYLINDRICAL_SURFACE ( 'NONE', #3979, 1.000000000000000222 ) ;
#1909 = ORIENTED_EDGE ( 'NONE', *, *, #2772, .T. ) ;
#1910 = CARTESIAN_POINT ( 'NONE',  ( -2.617351605875999798, -2.685511230887000167, -12.50000000000000355 ) ) ;
#1911 = CARTESIAN_POINT ( 'NONE',  ( 4.745799319780720893, -3.832412923520571280, -15.19999999999999751 ) ) ;
#1912 = ADVANCED_FACE ( 'NONE', ( #6777 ), #4135, .T. ) ;
#1913 = ORIENTED_EDGE ( 'NONE', *, *, #4681, .T. ) ;
#1914 = CIRCLE ( 'NONE', #3571, 2.399999999999999467 ) ;
#1915 = ORIENTED_EDGE ( 'NONE', *, *, #2319, .T. ) ;
#1916 = CARTESIAN_POINT ( 'NONE',  ( 0.000000000000000000, 0.000000000000000000, -15.50000000000000000 ) ) ;
#1917 = CARTESIAN_POINT ( 'NONE',  ( -11.00000000000000000, 8.000000000000000000, -17.00000000000000000 ) ) ;
#1918 = FACE_OUTER_BOUND ( 'NONE', #670, .T. ) ;
#1919 = ORIENTED_EDGE ( 'NONE', *, *, #2681, .F. ) ;
#1920 = CARTESIAN_POINT ( 'NONE',  ( 4.019999999999999574, 9.750000000000000000, 0.000000000000000000 ) ) ;
#1921 = EDGE_CURVE ( 'NONE', #1544, #574, #493, .T. ) ;
#1922 = ORIENTED_EDGE ( 'NONE', *, *, #4109, .T. ) ;
#1923 = ORIENTED_EDGE ( 'NONE', *, *, #6304, .F. ) ;
#1924 = DIRECTION ( 'NONE',  ( -1.000000000000000000, -0.000000000000000000, -0.000000000000000000 ) ) ;
#1925 = DIRECTION ( 'NONE',  ( 0.000000000000000000, 0.000000000000000000, 1.000000000000000000 ) ) ;
#1926 = VERTEX_POINT ( 'NONE', #5087 ) ;
#1927 = EDGE_CURVE ( 'NONE', #64, #5247, #5705, .T. ) ;
#1928 = CYLINDRICAL_SURFACE ( 'NONE', #832, 0.5000000000000004441 ) ;
#1929 = EDGE_CURVE ( 'NONE', #885, #5987, #990, .T. ) ;
#1930 = VERTEX_POINT ( 'NONE', #4576 ) ;
#1931 = CARTESIAN_POINT ( 'NONE',  ( 7.349999999999999645, -7.900000000000000355, -8.199999999999999289 ) ) ;
#1932 = CYLINDRICAL_SURFACE ( 'NONE', #6028, 0.1999999999999996503 ) ;
#1933 = CARTESIAN_POINT ( 'NONE',  ( 6.282665550584000336, -28.74869609435000228, -14.00000000000000000 ) ) ;
#1934 = DIRECTION ( 'NONE',  ( -0.000000000000000000, -0.000000000000000000, -1.000000000000000000 ) ) ;
#1935 = ORIENTED_EDGE ( 'NONE', *, *, #1929, .T. ) ;
#1936 = VECTOR ( 'NONE', #686, 1000.000000000000000 ) ;
#1937 = DIRECTION ( 'NONE',  ( -0.000000000000000000, 1.000000000000000000, 0.000000000000000000 ) ) ;
#1938 = ADVANCED_FACE ( 'NONE', ( #4070 ), #473, .F. ) ;
#1939 = VERTEX_POINT ( 'NONE', #3648 ) ;
#1940 = DIRECTION ( 'NONE',  ( -1.000000000000000000, 0.000000000000000000, -0.000000000000000000 ) ) ;
#1941 = DIRECTION ( 'NONE',  ( 0.000000000000000000, 0.000000000000000000, -1.000000000000000000 ) ) ;
#1942 = ORIENTED_EDGE ( 'NONE', *, *, #3108, .F. ) ;
#1943 = ORIENTED_EDGE ( 'NONE', *, *, #2329, .T. ) ;
#1944 = DIRECTION ( 'NONE',  ( 0.000000000000000000, -1.000000000000000000, -0.000000000000000000 ) ) ;
#1945 = EDGE_CURVE ( 'NONE', #4360, #648, #1027, .T. ) ;
#1946 = LINE ( 'NONE', #1047, #1350 ) ;
#1947 = CARTESIAN_POINT ( 'NONE',  ( 0.000000000000000000, 9.750000000000000000, -10.80000000000000071 ) ) ;
#1948 = EDGE_LOOP ( 'NONE', ( #3499, #395, #2779 ) ) ;
#1949 = DIRECTION ( 'NONE',  ( -0.000000000000000000, 1.000000000000000000, 0.000000000000000000 ) ) ;
#1950 = VERTEX_POINT ( 'NONE', #2604 ) ;
#1951 = ORIENTED_EDGE ( 'NONE', *, *, #3467, .T. ) ;
#1952 = DIRECTION ( 'NONE',  ( 1.000000000000000000, 0.000000000000000000, -0.000000000000000000 ) ) ;
#1953 = LINE ( 'NONE', #5152, #1376 ) ;
#1954 = EDGE_CURVE ( 'NONE', #6646, #4550, #6811, .T. ) ;
#1955 = VECTOR ( 'NONE', #247, 1000.000000000000000 ) ;
#1956 = PLANE ( 'NONE',  #5850 ) ;
#1957 = CARTESIAN_POINT ( 'NONE',  ( 10.55118443540000328, -19.10000000000000497, -10.25000000000000000 ) ) ;
#1958 = ORIENTED_EDGE ( 'NONE', *, *, #5796, .F. ) ;
#1959 = ORIENTED_EDGE ( 'NONE', *, *, #4650, .F. ) ;
#1960 = ORIENTED_EDGE ( 'NONE', *, *, #3730, .T. ) ;
#1961 = DIRECTION ( 'NONE',  ( 1.000000000000000000, 0.000000000000000000, 0.000000000000000000 ) ) ;
#1962 = EDGE_CURVE ( 'NONE', #3451, #6299, #4363, .T. ) ;
#1963 = EDGE_CURVE ( 'NONE', #4733, #3270, #4802, .T. ) ;
#1964 = CARTESIAN_POINT ( 'NONE',  ( -8.550000000000000711, -14.09999999999999964, -10.69999999999999929 ) ) ;
#1965 = LINE ( 'NONE', #4079, #6589 ) ;
#1966 = LINE ( 'NONE', #3524, #3426 ) ;
#1967 = CARTESIAN_POINT ( 'NONE',  ( -11.71152236890999987, 10.44999999999999929, -10.79999999999999716 ) ) ;
#1968 = DIRECTION ( 'NONE',  ( -1.000000000000000000, -0.000000000000000000, -0.000000000000000000 ) ) ;
#1969 = PLANE ( 'NONE',  #4411 ) ;
#1970 = EDGE_CURVE ( 'NONE', #4006, #3030, #5235, .T. ) ;
#1971 = VERTEX_POINT ( 'NONE', #1088 ) ;
#1972 = CARTESIAN_POINT ( 'NONE',  ( 14.25000000000000000, -8.400000000000000355, -11.50000000000000000 ) ) ;
#1973 = CARTESIAN_POINT ( 'NONE',  ( -8.349999999999999645, -17.80000000000000071, -11.90000000000000036 ) ) ;
#1974 = VECTOR ( 'NONE', #565, 1000.000000000000000 ) ;
#1975 = EDGE_LOOP ( 'NONE', ( #4725, #5299, #3081, #2276 ) ) ;
#1976 = VERTEX_POINT ( 'NONE', #2637 ) ;
#1977 = EDGE_CURVE ( 'NONE', #1976, #3450, #5001, .T. ) ;
#1978 = PLANE ( 'NONE',  #2839 ) ;
#1979 = LINE ( 'NONE', #6187, #5424 ) ;
#1980 = CIRCLE ( 'NONE', #3635, 10.50000000000000000 ) ;
#1981 = DIRECTION ( 'NONE',  ( -0.7071067813875193675, 0.000000000000000000, -0.7071067809855756670 ) ) ;
#1982 = VERTEX_POINT ( 'NONE', #4774 ) ;
#1983 = CARTESIAN_POINT ( 'NONE',  ( 0.000000000000000000, 0.000000000000000000, -17.00000000000000000 ) ) ;
#1984 = ORIENTED_EDGE ( 'NONE', *, *, #5350, .T. ) ;
#1985 = EDGE_CURVE ( 'NONE', #6772, #141, #2185, .T. ) ;
#1986 = ORIENTED_EDGE ( 'NONE', *, *, #2888, .F. ) ;
#1987 = EDGE_CURVE ( 'NONE', #1860, #5138, #5806, .T. ) ;
#1988 = CIRCLE ( 'NONE', #3432, 0.1999999999999996503 ) ;
#1989 = CARTESIAN_POINT ( 'NONE',  ( 11.75000000000000000, 0.000000000000000000, -10.09999999996580300 ) ) ;
#1990 = DIRECTION ( 'NONE',  ( -1.000000000000000000, 0.000000000000000000, 0.000000000000000000 ) ) ;
#1991 = DIRECTION ( 'NONE',  ( -1.000000000000000000, 0.000000000000000000, 0.000000000000000000 ) ) ;
#1992 = ORIENTED_EDGE ( 'NONE', *, *, #2808, .F. ) ;
#1993 = CIRCLE ( 'NONE', #1446, 1.750000000015461410 ) ;
#1994 = EDGE_LOOP ( 'NONE', ( #3360, #4290, #5221, #2819 ) ) ;
#1995 = ORIENTED_EDGE ( 'NONE', *, *, #1596, .T. ) ;
#1996 = EDGE_CURVE ( 'NONE', #2659, #5537, #6401, .T. ) ;
#1997 = VECTOR ( 'NONE', #5614, 1000.000000000000000 ) ;
#1998 = DIRECTION ( 'NONE',  ( -0.000000000000000000, 0.000000000000000000, -1.000000000000000000 ) ) ;
#1999 = CARTESIAN_POINT ( 'NONE',  ( 14.25000000000000000, -8.899999999999998579, -17.00000000000000000 ) ) ;
#2000 = LINE ( 'NONE', #3695, #1753 ) ;
#2001 = DIRECTION ( 'NONE',  ( 0.000000000000000000, -0.000000000000000000, -1.000000000000000000 ) ) ;
#2002 = LINE ( 'NONE', #414, #4422 ) ;
#2003 = AXIS2_PLACEMENT_3D ( 'NONE', #2959, #4475, #889 ) ;
#2004 = EDGE_CURVE ( 'NONE', #2751, #1235, #4364, .T. ) ;
#2005 = VERTEX_POINT ( 'NONE', #1688 ) ;
#2006 = DIRECTION ( 'NONE',  ( 0.000000000000000000, 0.000000000000000000, 1.000000000000000000 ) ) ;
#2007 = CYLINDRICAL_SURFACE ( 'NONE', #6730, 0.1999999999999996503 ) ;
#2008 = CIRCLE ( 'NONE', #5967, 1.850000000000000977 ) ;
#2009 = ORIENTED_EDGE ( 'NONE', *, *, #3467, .F. ) ;
#2010 = DIRECTION ( 'NONE',  ( -1.000000000000000000, 0.000000000000000000, 0.000000000000000000 ) ) ;
#2011 = CARTESIAN_POINT ( 'NONE',  ( -11.00000000000000000, -32.00000000000000000, -10.80000000000000071 ) ) ;
#2012 = ADVANCED_FACE ( 'NONE', ( #3787 ), #6468, .T. ) ;
#2013 = EDGE_LOOP ( 'NONE', ( #5183, #4934, #257, #301, #1803, #2188, #5766, #2995 ) ) ;
#2014 = EDGE_CURVE ( 'NONE', #4676, #2751, #1157, .T. ) ;
#2015 = ORIENTED_EDGE ( 'NONE', *, *, #4936, .T. ) ;
#2016 = DIRECTION ( 'NONE',  ( 0.000000000000000000, 0.000000000000000000, -1.000000000000000000 ) ) ;
#2017 = FACE_OUTER_BOUND ( 'NONE', #2844, .T. ) ;
#2018 = DIRECTION ( 'NONE',  ( 0.000000000000000000, 0.000000000000000000, -1.000000000000000000 ) ) ;
#2019 = ORIENTED_EDGE ( 'NONE', *, *, #319, .T. ) ;
#2020 = DIRECTION ( 'NONE',  ( -0.4990327298407822298, -0.8665831377009691749, 0.000000000000000000 ) ) ;
#2021 = ORIENTED_EDGE ( 'NONE', *, *, #419, .T. ) ;
#2022 = ORIENTED_EDGE ( 'NONE', *, *, #5029, .F. ) ;
#2023 = VECTOR ( 'NONE', #6551, 1000.000000000000000 ) ;
#2024 = DIRECTION ( 'NONE',  ( 0.000000000000000000, 0.000000000000000000, 1.000000000000000000 ) ) ;
#2025 = CARTESIAN_POINT ( 'NONE',  ( 9.150000000084219209, -32.00000000000000000, -10.39999999989049684 ) ) ;
#2026 = CARTESIAN_POINT ( 'NONE',  ( -12.25000000000000000, 11.25000000000000000, -11.50000000000000000 ) ) ;
#2027 = EDGE_CURVE ( 'NONE', #2527, #5156, #5393, .T. ) ;
#2028 = ORIENTED_EDGE ( 'NONE', *, *, #471, .F. ) ;
#2029 = VERTEX_POINT ( 'NONE', #5357 ) ;
#2030 = EDGE_LOOP ( 'NONE', ( #918, #2881, #4606, #1847 ) ) ;
#2031 = CARTESIAN_POINT ( 'NONE',  ( 0.000000000000000000, 0.000000000000000000, -14.80000000000000071 ) ) ;
#2032 = DIRECTION ( 'NONE',  ( -0.7071067811865474617, 0.000000000000000000, -0.7071067811865474617 ) ) ;
#2033 = CARTESIAN_POINT ( 'NONE',  ( -0.6999999999999999556, 5.051732376126016888, -14.80000000000000071 ) ) ;
#2034 = EDGE_CURVE ( 'NONE', #424, #4402, #5291, .T. ) ;
#2035 = AXIS2_PLACEMENT_3D ( 'NONE', #4104, #6263, #5598 ) ;
#2036 = CARTESIAN_POINT ( 'NONE',  ( 9.699999999999999289, 8.000000000000000000, -14.19999999999999929 ) ) ;
#2037 = DIRECTION ( 'NONE',  ( -0.000000000000000000, -0.000000000000000000, 1.000000000000000000 ) ) ;
#2038 = CARTESIAN_POINT ( 'NONE',  ( 12.06507575950827160, 10.30355339058827369, -61.32240000000000890 ) ) ;
#2039 = CARTESIAN_POINT ( 'NONE',  ( 11.75000000000000000, 0.000000000000000000, -10.80000000000000071 ) ) ;
#2040 = EDGE_CURVE ( 'NONE', #5039, #3980, #4839, .T. ) ;
#2041 = ORIENTED_EDGE ( 'NONE', *, *, #2888, .T. ) ;
#2042 = CARTESIAN_POINT ( 'NONE',  ( -11.00000000000000000, 8.000000000000000000, -14.19999999999999929 ) ) ;
#2043 = LINE ( 'NONE', #1565, #4527 ) ;
#2044 = VERTEX_POINT ( 'NONE', #3197 ) ;
#2045 = ORIENTED_EDGE ( 'NONE', *, *, #4231, .F. ) ;
#2046 = CARTESIAN_POINT ( 'NONE',  ( -12.34999999999999964, -10.15000000000000036, -7.250000000000000000 ) ) ;
#2047 = ADVANCED_FACE ( 'NONE', ( #2227 ), #4261, .T. ) ;
#2048 = AXIS2_PLACEMENT_3D ( 'NONE', #816, #4444, #2337 ) ;
#2049 = EDGE_CURVE ( 'NONE', #510, #6182, #4332, .T. ) ;
#2050 = DIRECTION ( 'NONE',  ( -0.000000000000000000, -0.000000000000000000, 1.000000000000000000 ) ) ;
#2051 = CARTESIAN_POINT ( 'NONE',  ( 13.25000000000000000, 0.000000000000000000, -10.80000000000000071 ) ) ;
#2052 = VERTEX_POINT ( 'NONE', #2260 ) ;
#2053 = FACE_OUTER_BOUND ( 'NONE', #526, .T. ) ;
#2054 = ORIENTED_EDGE ( 'NONE', *, *, #2307, .T. ) ;
#2055 = ORIENTED_EDGE ( 'NONE', *, *, #2555, .F. ) ;
#2056 = DIRECTION ( 'NONE',  ( -1.000000000000000000, 0.000000000000000000, 0.000000000000000000 ) ) ;
#2057 = DIRECTION ( 'NONE',  ( -0.000000000000000000, -0.000000000000000000, 1.000000000000000000 ) ) ;
#2058 = VERTEX_POINT ( 'NONE', #604 ) ;
#2059 = PRODUCT ( 'DC11_B01_CASE_B_DUMMY2', 'DC11_B01_CASE_B_DUMMY2', '', ( #6342 ) ) ;
#2060 = ORIENTED_EDGE ( 'NONE', *, *, #738, .T. ) ;
#2061 = ORIENTED_EDGE ( 'NONE', *, *, #6283, .T. ) ;
#2062 = EDGE_CURVE ( 'NONE', #2193, #2207, #3685, .T. ) ;
#2063 = AXIS2_PLACEMENT_3D ( 'NONE', #6570, #228, #2918 ) ;
#2064 = CIRCLE ( 'NONE', #5364, 6.099999999999999645 ) ;
#2065 = CARTESIAN_POINT ( 'NONE',  ( -13.30355339059178021, 9.065075759507992714, -10.79999999999999716 ) ) ;
#2066 = DIRECTION ( 'NONE',  ( 0.000000000000000000, -0.000000000000000000, -1.000000000000000000 ) ) ;
#2067 = CARTESIAN_POINT ( 'NONE',  ( -9.099999999999999645, 0.000000000000000000, -15.19999999999999929 ) ) ;
#2068 = CARTESIAN_POINT ( 'NONE',  ( -12.85000000006166410, 8.000000000000000000, -10.40000000000000213 ) ) ;
#2069 = CIRCLE ( 'NONE', #4491, 0.1999999999999996503 ) ;
#2070 = DIRECTION ( 'NONE',  ( 1.000000000000000000, 0.000000000000000000, 0.000000000000000000 ) ) ;
#2071 = CARTESIAN_POINT ( 'NONE',  ( 12.30000000000000071, -32.00000000000000000, -10.30000000000000071 ) ) ;
#2072 = DIRECTION ( 'NONE',  ( 0.000000000000000000, 0.000000000000000000, -1.000000000000000000 ) ) ;
#2073 = ORIENTED_EDGE ( 'NONE', *, *, #2417, .F. ) ;
#2074 = CARTESIAN_POINT ( 'NONE',  ( 0.000000000000000000, 0.000000000000000000, -15.19999999999999929 ) ) ;
#2075 = DIRECTION ( 'NONE',  ( -1.000000000000000000, 0.000000000000000000, 0.000000000000000000 ) ) ;
#2076 = ORIENTED_EDGE ( 'NONE', *, *, #6378, .T. ) ;
#2077 = ORIENTED_EDGE ( 'NONE', *, *, #4496, .F. ) ;
#2078 = EDGE_CURVE ( 'NONE', #3419, #3131, #5776, .T. ) ;
#2079 = DIRECTION ( 'NONE',  ( -0.000000000000000000, -0.000000000000000000, -1.000000000000000000 ) ) ;
#2080 = DIRECTION ( 'NONE',  ( 0.000000000000000000, -0.000000000000000000, -1.000000000000000000 ) ) ;
#2081 = CARTESIAN_POINT ( 'NONE',  ( -3.483934743577000059, -2.186478501045999945, -14.80000000000000071 ) ) ;
#2082 = ORIENTED_EDGE ( 'NONE', *, *, #4978, .T. ) ;
#2083 = PLANE ( 'NONE',  #4952 ) ;
#2084 = ORIENTED_EDGE ( 'NONE', *, *, #6605, .T. ) ;
#2085 = ORIENTED_EDGE ( 'NONE', *, *, #311, .F. ) ;
#2086 = EDGE_CURVE ( 'NONE', #4229, #6488, #1610, .T. ) ;
#2087 = VECTOR ( 'NONE', #3462, 1000.000000000000000 ) ;
#2088 = VECTOR ( 'NONE', #329, 1000.000000000000000 ) ;
#2089 = FACE_BOUND ( 'NONE', #391, .T. ) ;
#2090 = CARTESIAN_POINT ( 'NONE',  ( -13.30355339059000030, -33.06507575951000177, -10.80000000000000071 ) ) ;
#2091 = CARTESIAN_POINT ( 'NONE',  ( 4.093089191077011080, -3.244290826557023610, -14.80000000000000071 ) ) ;
#2092 = ORIENTED_EDGE ( 'NONE', *, *, #1163, .T. ) ;
#2093 = DIRECTION ( 'NONE',  ( -0.000000000000000000, -0.000000000000000000, 1.000000000000000000 ) ) ;
#2094 = ORIENTED_EDGE ( 'NONE', *, *, #1670, .F. ) ;
#2095 = VECTOR ( 'NONE', #3924, 1000.000000000000114 ) ;
#2096 = ORIENTED_EDGE ( 'NONE', *, *, #1140, .T. ) ;
#2097 = ADVANCED_FACE ( 'NONE', ( #2848 ), #2391, .T. ) ;
#2098 = CARTESIAN_POINT ( 'NONE',  ( 4.350813898004999736, -28.23105800415000033, -14.00000000000000000 ) ) ;
#2099 = CARTESIAN_POINT ( 'NONE',  ( -4.020000000000000462, 10.15000000000000036, -13.40000000000000213 ) ) ;
#2100 = AXIS2_PLACEMENT_3D ( 'NONE', #5792, #2172, #6318 ) ;
#2101 = PLANE ( 'NONE',  #5373 ) ;
#2102 = AXIS2_PLACEMENT_3D ( 'NONE', #1715, #2702, #3845 ) ;
#2103 = CARTESIAN_POINT ( 'NONE',  ( 8.849999999999999645, -19.30000000000000071, -10.79999999999999893 ) ) ;
#2104 = VECTOR ( 'NONE', #1082, 1000.000000000000000 ) ;
#2105 = VECTOR ( 'NONE', #6626, 1000.000000000000000 ) ;
#2106 = CYLINDRICAL_SURFACE ( 'NONE', #3173, 1.850000000000000977 ) ;
#2107 = DIRECTION ( 'NONE',  ( -1.000000000000000000, 0.000000000000000000, 0.000000000000000000 ) ) ;
#2108 = DIRECTION ( 'NONE',  ( -1.000000000000000000, 0.000000000000000000, 0.000000000000000000 ) ) ;
#2109 = ORIENTED_EDGE ( 'NONE', *, *, #6072, .T. ) ;
#2110 = AXIS2_PLACEMENT_3D ( 'NONE', #4672, #4739, #1028 ) ;
#2111 = DIRECTION ( 'NONE',  ( 0.000000000000000000, -0.000000000000000000, 1.000000000000000000 ) ) ;
#2112 = EDGE_CURVE ( 'NONE', #5187, #6012, #739, .T. ) ;
#2113 = CARTESIAN_POINT ( 'NONE',  ( 12.30000000000000071, 8.000000000000000000, -17.00000000000000000 ) ) ;
#2114 = ORIENTED_EDGE ( 'NONE', *, *, #5884, .T. ) ;
#2115 = VECTOR ( 'NONE', #5807, 1000.000000000000000 ) ;
#2116 = DIRECTION ( 'NONE',  ( 0.7071067813875193675, 8.659560564816128346E-17, -0.7071067809855756670 ) ) ;
#2117 = CARTESIAN_POINT ( 'NONE',  ( -7.849999999999999645, -8.400000000000000355, -8.199999999999999289 ) ) ;
#2118 = CARTESIAN_POINT ( 'NONE',  ( 10.44999999999999929, -9.099999999999999645, -4.700000000000000178 ) ) ;
#2119 = ADVANCED_FACE ( 'NONE', ( #4939 ), #2425, .F. ) ;
#2120 = ORIENTED_EDGE ( 'NONE', *, *, #4166, .T. ) ;
#2121 = ORIENTED_EDGE ( 'NONE', *, *, #1618, .T. ) ;
#2122 = ORIENTED_EDGE ( 'NONE', *, *, #3641, .T. ) ;
#2123 = CARTESIAN_POINT ( 'NONE',  ( 0.000000000000000000, 8.550000000000000711, -10.80000000000000071 ) ) ;
#2124 = DIRECTION ( 'NONE',  ( -0.000000000000000000, -0.000000000000000000, -1.000000000000000000 ) ) ;
#2125 = DIRECTION ( 'NONE',  ( 0.7071067811865474617, -0.000000000000000000, -0.7071067811865474617 ) ) ;
#2126 = ADVANCED_FACE ( 'NONE', ( #259 ), #6604, .F. ) ;
#2127 = ORIENTED_EDGE ( 'NONE', *, *, #4764, .T. ) ;
#2128 = DIRECTION ( 'NONE',  ( 0.000000000000000000, 0.000000000000000000, 1.000000000000000000 ) ) ;
#2129 = PLANE ( 'NONE',  #3616 ) ;
#2130 = VERTEX_POINT ( 'NONE', #2360 ) ;
#2131 = ORIENTED_EDGE ( 'NONE', *, *, #3370, .F. ) ;
#2132 = AXIS2_PLACEMENT_3D ( 'NONE', #167, #99, #2745 ) ;
#2133 = DIRECTION ( 'NONE',  ( -0.7071067811865477948, -0.7071067811865473507, 0.000000000000000000 ) ) ;
#2134 = LINE ( 'NONE', #513, #906 ) ;
#2135 = CARTESIAN_POINT ( 'NONE',  ( -11.71152236890999987, -34.45000000000000284, -11.50000000000000178 ) ) ;
#2136 = EDGE_CURVE ( 'NONE', #6667, #6201, #4536, .T. ) ;
#2137 = CARTESIAN_POINT ( 'NONE',  ( -4.590199342083000289, -3.706760040782000054, -61.32240000000000890 ) ) ;
#2138 = DIRECTION ( 'NONE',  ( 0.000000000000000000, 0.000000000000000000, -1.000000000000000000 ) ) ;
#2139 = ORIENTED_EDGE ( 'NONE', *, *, #2086, .F. ) ;
#2140 = DIRECTION ( 'NONE',  ( 0.000000000000000000, 0.000000000000000000, -1.000000000000000000 ) ) ;
#2141 = DIRECTION ( 'NONE',  ( -1.000000000000000000, 0.000000000000000000, 0.000000000000000000 ) ) ;
#2142 = ORIENTED_EDGE ( 'NONE', *, *, #302, .F. ) ;
#2143 = FACE_OUTER_BOUND ( 'NONE', #5740, .T. ) ;
#2144 = CARTESIAN_POINT ( 'NONE',  ( 12.55000000000000071, -19.30000000000000071, -8.699999999999999289 ) ) ;
#2145 = ORIENTED_EDGE ( 'NONE', *, *, #1970, .T. ) ;
#2146 = EDGE_CURVE ( 'NONE', #3518, #1146, #1290, .T. ) ;
#2147 = CARTESIAN_POINT ( 'NONE',  ( 4.019999999999941842, 8.163920626757738219, -15.50000000000000000 ) ) ;
#2148 = CARTESIAN_POINT ( 'NONE',  ( 0.000000000000000000, 10.15000000000000036, -13.40000000000000213 ) ) ;
#2149 = CARTESIAN_POINT ( 'NONE',  ( -4.019999999999999574, 11.25000000000000000, -17.00000000000000000 ) ) ;
#2150 = ORIENTED_EDGE ( 'NONE', *, *, #4764, .F. ) ;
#2151 = VERTEX_POINT ( 'NONE', #195 ) ;
#2152 = ORIENTED_EDGE ( 'NONE', *, *, #4000, .T. ) ;
#2153 = VECTOR ( 'NONE', #4852, 1000.000000000000000 ) ;
#2154 = DIRECTION ( 'NONE',  ( -0.000000000000000000, 1.000000000000000000, 0.000000000000000000 ) ) ;
#2155 = PLANE ( 'NONE',  #4651 ) ;
#2156 = CARTESIAN_POINT ( 'NONE',  ( 9.149999999938334128, 8.000000000000000000, -10.40000000000000213 ) ) ;
#2157 =( BOUNDED_CURVE ( )  B_SPLINE_CURVE ( 3, ( #4985, #269, #3898, #5463 ),
 .UNSPECIFIED., .F., .T. ) 
 B_SPLINE_CURVE_WITH_KNOTS ( ( 4, 4 ),
 ( 3.599150226148951415, 3.602600984221179914 ),
 .UNSPECIFIED. ) 
 CURVE ( )  GEOMETRIC_REPRESENTATION_ITEM ( )  RATIONAL_B_SPLINE_CURVE ( ( 1.000000000000000000, 0.9999990076893068291, 0.9999990076893068291, 1.000000000000000000 ) ) 
 REPRESENTATION_ITEM ( '' )  );
#2158 = ORIENTED_EDGE ( 'NONE', *, *, #3812, .F. ) ;
#2159 = CARTESIAN_POINT ( 'NONE',  ( 11.05000000060000254, -19.10000000000000142, -6.200000000000001066 ) ) ;
#2160 = DIRECTION ( 'NONE',  ( -1.000000000000000000, 0.000000000000000000, 0.000000000000000000 ) ) ;
#2161 = ORIENTED_EDGE ( 'NONE', *, *, #1237, .F. ) ;
#2162 = ORIENTED_EDGE ( 'NONE', *, *, #302, .T. ) ;
#2163 = PLANE ( 'NONE',  #3041 ) ;
#2164 = PLANE ( 'NONE',  #2725 ) ;
#2165 = FACE_OUTER_BOUND ( 'NONE', #854, .T. ) ;
#2166 = VECTOR ( 'NONE', #3409, 1000.000000000000000 ) ;
#2167 = DIRECTION ( 'NONE',  ( 0.000000000000000000, 0.000000000000000000, -1.000000000000000000 ) ) ;
#2168 = EDGE_CURVE ( 'NONE', #5977, #2929, #2947, .T. ) ;
#2169 = EDGE_CURVE ( 'NONE', #1146, #4648, #1790, .T. ) ;
#2170 = ORIENTED_EDGE ( 'NONE', *, *, #2582, .F. ) ;
#2171 = CARTESIAN_POINT ( 'NONE',  ( 0.000000000000000000, 0.000000000000000000, -10.80000000000000071 ) ) ;
#2172 = DIRECTION ( 'NONE',  ( -0.000000000000000000, -0.000000000000000000, 1.000000000000000000 ) ) ;
#2173 = VECTOR ( 'NONE', #910, 1000.000000000000000 ) ;
#2174 = VERTEX_POINT ( 'NONE', #3991 ) ;
#2175 = VECTOR ( 'NONE', #12, 1000.000000000000114 ) ;
#2176 = CARTESIAN_POINT ( 'NONE',  ( -7.349999999999999645, -20.30000000000000071, -11.50000000000000000 ) ) ;
#2177 = FACE_OUTER_BOUND ( 'NONE', #3854, .T. ) ;
#2178 = ORIENTED_EDGE ( 'NONE', *, *, #5052, .F. ) ;
#2179 = CARTESIAN_POINT ( 'NONE',  ( 12.55000000000000071, -7.900000000000000355, -10.80000000000000071 ) ) ;
#2180 = CARTESIAN_POINT ( 'NONE',  ( -7.849999999999999645, -19.80000000000000071, -8.199999999999999289 ) ) ;
#2181 = DIRECTION ( 'NONE',  ( 0.000000000000000000, 0.000000000000000000, -1.000000000000000000 ) ) ;
#2182 = VERTEX_POINT ( 'NONE', #5554 ) ;
#2183 = ORIENTED_EDGE ( 'NONE', *, *, #1799, .F. ) ;
#2184 = VERTEX_POINT ( 'NONE', #5943 ) ;
#2185 = LINE ( 'NONE', #1720, #3172 ) ;
#2186 = FACE_BOUND ( 'NONE', #3886, .T. ) ;
#2187 = CYLINDRICAL_SURFACE ( 'NONE', #2353, 1.300000000000000711 ) ;
#2188 = ORIENTED_EDGE ( 'NONE', *, *, #6198, .F. ) ;
#2189 = CARTESIAN_POINT ( 'NONE',  ( 8.849999999999999645, -10.40000000000000036, -11.40000000000000036 ) ) ;
#2190 = DIRECTION ( 'NONE',  ( -0.000000000000000000, -0.000000000000000000, -1.000000000000000000 ) ) ;
#2191 = EDGE_CURVE ( 'NONE', #242, #1104, #1073, .T. ) ;
#2192 = EDGE_CURVE ( 'NONE', #3682, #1950, #5429, .T. ) ;
#2193 = VERTEX_POINT ( 'NONE', #2293 ) ;
#2194 = ORIENTED_EDGE ( 'NONE', *, *, #4592, .F. ) ;
#2195 = VECTOR ( 'NONE', #5245, 1000.000000000000000 ) ;
#2196 = CARTESIAN_POINT ( 'NONE',  ( -5.850000000000000533, -15.30000000000000071, -12.50000000000000000 ) ) ;
#2197 = CARTESIAN_POINT ( 'NONE',  ( -12.55000000000000071, -8.400000000000000355, -10.80000000000000071 ) ) ;
#2198 = LINE ( 'NONE', #3354, #2948 ) ;
#2199 = VECTOR ( 'NONE', #5362, 1000.000000000000000 ) ;
#2200 = EDGE_CURVE ( 'NONE', #3682, #6223, #2949, .T. ) ;
#2201 = CARTESIAN_POINT ( 'NONE',  ( -13.39999999999999858, -32.00000000000000000, -14.19999999999999929 ) ) ;
#2202 = AXIS2_PLACEMENT_3D ( 'NONE', #6572, #6508, #3507 ) ;
#2203 = ORIENTED_EDGE ( 'NONE', *, *, #2496, .T. ) ;
#2204 = FACE_OUTER_BOUND ( 'NONE', #1617, .T. ) ;
#2205 = CIRCLE ( 'NONE', #6057, 5.099999999999999645 ) ;
#2206 = CIRCLE ( 'NONE', #6059, 0.8500000000000000888 ) ;
#2207 = VERTEX_POINT ( 'NONE', #6540 ) ;
#2208 = DIRECTION ( 'NONE',  ( -0.000000000000000000, 0.000000000000000000, 1.000000000000000000 ) ) ;
#2209 = FACE_OUTER_BOUND ( 'NONE', #1975, .T. ) ;
#2210 = DIRECTION ( 'NONE',  ( -1.000000000000000000, 0.000000000000000000, 0.000000000000000000 ) ) ;
#2211 = EDGE_CURVE ( 'NONE', #2394, #2526, #3920, .T. ) ;
#2212 = AXIS2_PLACEMENT_3D ( 'NONE', #1357, #766, #1284 ) ;
#2213 = DIRECTION ( 'NONE',  ( -0.000000000000000000, 1.000000000000000000, 0.000000000000000000 ) ) ;
#2214 = AXIS2_PLACEMENT_3D ( 'NONE', #4895, #182, #588 ) ;
#2215 = ORIENTED_EDGE ( 'NONE', *, *, #4099, .T. ) ;
#2216 = VECTOR ( 'NONE', #5515, 1000.000000000000114 ) ;
#2217 = AXIS2_PLACEMENT_3D ( 'NONE', #3694, #6271, #6724 ) ;
#2218 = DIRECTION ( 'NONE',  ( 0.000000000000000000, 1.000000000000000000, 0.000000000000000000 ) ) ;
#2219 = DIRECTION ( 'NONE',  ( -0.000000000000000000, 1.000000000000000000, 0.000000000000000000 ) ) ;
#2220 = CARTESIAN_POINT ( 'NONE',  ( 12.55000000000000071, -20.30000000000000071, -11.50000000000000000 ) ) ;
#2221 = EDGE_CURVE ( 'NONE', #2151, #2182, #1260, .T. ) ;
#2222 = VERTEX_POINT ( 'NONE', #2885 ) ;
#2223 = EDGE_CURVE ( 'NONE', #3769, #4229, #408, .T. ) ;
#2224 = ORIENTED_EDGE ( 'NONE', *, *, #6650, .F. ) ;
#2225 = VECTOR ( 'NONE', #474, 1000.000000000000114 ) ;
#2226 = VERTEX_POINT ( 'NONE', #4465 ) ;
#2227 = FACE_OUTER_BOUND ( 'NONE', #596, .T. ) ;
#2228 = FACE_BOUND ( 'NONE', #3139, .T. ) ;
#2229 = VECTOR ( 'NONE', #2050, 1000.000000000000000 ) ;
#2230 = DIRECTION ( 'NONE',  ( -1.000000000000000000, 0.000000000000000000, 0.000000000000000000 ) ) ;
#2231 = ORIENTED_EDGE ( 'NONE', *, *, #3370, .T. ) ;
#2232 = LINE ( 'NONE', #2679, #2199 ) ;
#2233 = FACE_OUTER_BOUND ( 'NONE', #4943, .T. ) ;
#2234 = VECTOR ( 'NONE', #3630, 1000.000000000000000 ) ;
#2235 = ORIENTED_EDGE ( 'NONE', *, *, #1767, .T. ) ;
#2236 = ORIENTED_EDGE ( 'NONE', *, *, #267, .T. ) ;
#2237 = LINE ( 'NONE', #4341, #183 ) ;
#2238 = EDGE_CURVE ( 'NONE', #6536, #4360, #850, .T. ) ;
#2239 = LINE ( 'NONE', #1764, #568 ) ;
#2240 = DIRECTION ( 'NONE',  ( -0.000000000000000000, 1.000000000000000000, 0.000000000000000000 ) ) ;
#2241 = CIRCLE ( 'NONE', #6207, 0.5000000000000004441 ) ;
#2242 = LINE ( 'NONE', #4344, #1212 ) ;
#2243 = EDGE_LOOP ( 'NONE', ( #3642, #6213, #1896, #1712 ) ) ;
#2244 = CARTESIAN_POINT ( 'NONE',  ( -2.750000000000000000, 3.367778697655221012E-16, -10.80000000000000071 ) ) ;
#2245 = ORIENTED_EDGE ( 'NONE', *, *, #5773, .F. ) ;
#2246 = DIRECTION ( 'NONE',  ( 1.000000000000000000, 0.000000000000000000, 0.000000000000000000 ) ) ;
#2247 = EDGE_CURVE ( 'NONE', #6807, #4799, #1326, .T. ) ;
#2248 = LINE ( 'NONE', #5966, #4745 ) ;
#2249 = LINE ( 'NONE', #185, #2693 ) ;
#2250 = CARTESIAN_POINT ( 'NONE',  ( 0.000000000000000000, -19.30000000000000071, -10.80000000000000071 ) ) ;
#2251 = ORIENTED_EDGE ( 'NONE', *, *, #5952, .T. ) ;
#2252 = ADVANCED_FACE ( 'NONE', ( #1429 ), #4061, .T. ) ;
#2253 = LINE ( 'NONE', #6391, #5406 ) ;
#2254 = DIRECTION ( 'NONE',  ( -0.000000000000000000, -0.000000000000000000, -1.000000000000000000 ) ) ;
#2255 = ORIENTED_EDGE ( 'NONE', *, *, #4284, .F. ) ;
#2256 = EDGE_LOOP ( 'NONE', ( #6118, #6216, #2502, #5951 ) ) ;
#2257 = ORIENTED_EDGE ( 'NONE', *, *, #3140, .T. ) ;
#2258 = EDGE_CURVE ( 'NONE', #4956, #3379, #2494, .T. ) ;
#2259 = EDGE_CURVE ( 'NONE', #6348, #6754, #6768, .T. ) ;
#2260 = CARTESIAN_POINT ( 'NONE',  ( 8.350000000000001421, -8.900000000000000355, -10.79999999999999893 ) ) ;
#2261 = CARTESIAN_POINT ( 'NONE',  ( 8.349999999999999645, -8.900000000000000355, -11.90000000000000036 ) ) ;
#2262 = CARTESIAN_POINT ( 'NONE',  ( 7.049999999999999822, 9.750000000000000000, -13.70000000000000107 ) ) ;
#2263 = ORIENTED_EDGE ( 'NONE', *, *, #4564, .F. ) ;
#2264 = LINE ( 'NONE', #3895, #2753 ) ;
#2265 = DIRECTION ( 'NONE',  ( 0.000000000000000000, -0.7071067811865474617, 0.7071067811865474617 ) ) ;
#2266 = ORIENTED_EDGE ( 'NONE', *, *, #6132, .F. ) ;
#2267 = ORIENTED_EDGE ( 'NONE', *, *, #2614, .T. ) ;
#2268 = AXIS2_PLACEMENT_3D ( 'NONE', #4585, #964, #6819 ) ;
#2269 = CARTESIAN_POINT ( 'NONE',  ( -12.55000000000000071, -8.400000000000000355, -11.50000000000000000 ) ) ;
#2270 = LINE ( 'NONE', #5955, #3664 ) ;
#2271 = DIRECTION ( 'NONE',  ( 0.000000000000000000, 0.000000000000000000, 1.000000000000000000 ) ) ;
#2272 = AXIS2_PLACEMENT_3D ( 'NONE', #163, #5905, #675 ) ;
#2273 = CARTESIAN_POINT ( 'NONE',  ( 0.000000000000000000, 0.000000000000000000, -15.10999999999999943 ) ) ;
#2274 = VERTEX_POINT ( 'NONE', #5144 ) ;
#2275 = FACE_OUTER_BOUND ( 'NONE', #1742, .T. ) ;
#2276 = ORIENTED_EDGE ( 'NONE', *, *, #6003, .T. ) ;
#2277 = LINE ( 'NONE', #5023, #1553 ) ;
#2278 = DIRECTION ( 'NONE',  ( -0.7071067811865475727, 0.7071067811865475727, 0.000000000000000000 ) ) ;
#2279 = DIRECTION ( 'NONE',  ( -1.000000000000000000, 0.000000000000000000, 0.000000000000000000 ) ) ;
#2280 = DIRECTION ( 'NONE',  ( 0.000000000000000000, -0.000000000000000000, 1.000000000000000000 ) ) ;
#2281 = EDGE_CURVE ( 'NONE', #4604, #1736, #2284, .T. ) ;
#2282 = EDGE_CURVE ( 'NONE', #1095, #5986, #4601, .T. ) ;
#2283 = ORIENTED_EDGE ( 'NONE', *, *, #2483, .F. ) ;
#2284 = CIRCLE ( 'NONE', #4702, 1.300000000000000711 ) ;
#2285 = OPEN_SHELL ( 'NONE', ( #3054 ) ) ;
#2286 = DIRECTION ( 'NONE',  ( -0.000000000000000000, -0.000000000000000000, -1.000000000000000000 ) ) ;
#2287 = DIRECTION ( 'NONE',  ( 0.000000000000000000, 0.000000000000000000, -1.000000000000000000 ) ) ;
#2288 = AXIS2_PLACEMENT_3D ( 'NONE', #2719, #4857, #689 ) ;
#2289 = EDGE_LOOP ( 'NONE', ( #6327, #2224, #4860, #2512 ) ) ;
#2290 = ADVANCED_FACE ( 'NONE', ( #982 ), #4157, .F. ) ;
#2291 = ORIENTED_EDGE ( 'NONE', *, *, #4420, .T. ) ;
#2292 = ORIENTED_EDGE ( 'NONE', *, *, #2954, .T. ) ;
#2293 = CARTESIAN_POINT ( 'NONE',  ( 8.349999999999999645, -10.40000000000000213, -10.79999999999999893 ) ) ;
#2294 = DIRECTION ( 'NONE',  ( 1.000000000000000000, 0.000000000000000000, 0.000000000000000000 ) ) ;
#2295 = CARTESIAN_POINT ( 'NONE',  ( -4.038773160496456960, 8.154656395123019763, -14.69534360487698343 ) ) ;
#2296 = EDGE_LOOP ( 'NONE', ( #1830, #192 ) ) ;
#2297 = CARTESIAN_POINT ( 'NONE',  ( -11.00000000000000000, -32.00000000000000000, -10.39999999989049684 ) ) ;
#2298 = CARTESIAN_POINT ( 'NONE',  ( 0.000000000000000000, 0.000000000000000000, -11.50000000000000000 ) ) ;
#2299 = ADVANCED_FACE ( 'NONE', ( #495 ), #1978, .F. ) ;
#2300 = ORIENTED_EDGE ( 'NONE', *, *, #5038, .F. ) ;
#2301 = VERTEX_POINT ( 'NONE', #5109 ) ;
#2302 = CYLINDRICAL_SURFACE ( 'NONE', #4351, 0.1999999999999996503 ) ;
#2303 = DIRECTION ( 'NONE',  ( 1.000000000000000000, 0.000000000000000000, -0.000000000000000000 ) ) ;
#2304 = FACE_OUTER_BOUND ( 'NONE', #5092, .T. ) ;
#2305 = ORIENTED_EDGE ( 'NONE', *, *, #826, .T. ) ;
#2306 = VECTOR ( 'NONE', #1783, 1000.000000000000000 ) ;
#2307 = EDGE_CURVE ( 'NONE', #802, #4778, #3610, .T. ) ;
#2308 = CARTESIAN_POINT ( 'NONE',  ( -4.020000000000000462, 8.550000000000000711, -14.30000000000000071 ) ) ;
#2309 = VERTEX_POINT ( 'NONE', #392 ) ;
#2310 = CARTESIAN_POINT ( 'NONE',  ( -14.25000000000000000, -33.25000000000000000, -11.50000000000000000 ) ) ;
#2311 = DIRECTION ( 'NONE',  ( 1.000000000000000000, 0.000000000000000000, -0.000000000000000000 ) ) ;
#2312 = CARTESIAN_POINT ( 'NONE',  ( 4.019999999999999574, 9.750000000000000000, -10.80000000000000071 ) ) ;
#2313 = VECTOR ( 'NONE', #4368, 1000.000000000000000 ) ;
#2314 = LINE ( 'NONE', #4047, #1662 ) ;
#2315 = DIRECTION ( 'NONE',  ( 1.000000000000000000, 0.000000000000000000, 0.000000000000000000 ) ) ;
#2316 = CIRCLE ( 'NONE', #1778, 1.000000000000000000 ) ;
#2317 = ORIENTED_EDGE ( 'NONE', *, *, #2453, .T. ) ;
#2318 = CIRCLE ( 'NONE', #3752, 2.399999999999999467 ) ;
#2319 = EDGE_CURVE ( 'NONE', #4402, #4182, #4567, .T. ) ;
#2320 = CARTESIAN_POINT ( 'NONE',  ( -13.39999999999999858, -32.00000000000000000, -17.00000000000000000 ) ) ;
#2321 = VECTOR ( 'NONE', #2765, 1000.000000000000000 ) ;
#2322 = DIRECTION ( 'NONE',  ( 0.000000000000000000, 0.000000000000000000, -1.000000000000000000 ) ) ;
#2323 = ORIENTED_EDGE ( 'NONE', *, *, #2483, .T. ) ;
#2324 = ORIENTED_EDGE ( 'NONE', *, *, #5796, .T. ) ;
#2325 = VERTEX_POINT ( 'NONE', #3049 ) ;
#2326 = AXIS2_PLACEMENT_3D ( 'NONE', #1811, #3464, #3942 ) ;
#2327 = VECTOR ( 'NONE', #2032, 1000.000000000000114 ) ;
#2328 = DIRECTION ( 'NONE',  ( 1.000000000000000000, 0.000000000000000000, 0.000000000000000000 ) ) ;
#2329 = EDGE_CURVE ( 'NONE', #5783, #256, #5663, .T. ) ;
#2330 = DIRECTION ( 'NONE',  ( -0.4990327298407876699, 0.8665831377009659553, 0.000000000000000000 ) ) ;
#2331 = DIRECTION ( 'NONE',  ( 0.000000000000000000, -0.000000000000000000, 1.000000000000000000 ) ) ;
#2332 = ORIENTED_EDGE ( 'NONE', *, *, #2627, .F. ) ;
#2333 = PLANE ( 'NONE',  #4 ) ;
#2334 = VECTOR ( 'NONE', #6125, 1000.000000000000000 ) ;
#2335 = ORIENTED_EDGE ( 'NONE', *, *, #2816, .T. ) ;
#2336 = ORIENTED_EDGE ( 'NONE', *, *, #841, .F. ) ;
#2337 = DIRECTION ( 'NONE',  ( -1.000000000000000000, 0.000000000000000000, 0.000000000000000000 ) ) ;
#2338 = EDGE_CURVE ( 'NONE', #4430, #3232, #1469, .T. ) ;
#2339 = DIRECTION ( 'NONE',  ( -0.000000000000000000, -0.000000000000000000, 1.000000000000000000 ) ) ;
#2340 = CARTESIAN_POINT ( 'NONE',  ( -6.225144425224753419, -6.637588182848737084, -15.19999999999999929 ) ) ;
#2341 = VERTEX_POINT ( 'NONE', #5697 ) ;
#2342 = DIRECTION ( 'NONE',  ( 0.000000000000000000, -1.000000000000000000, 0.000000000000000000 ) ) ;
#2343 = VERTEX_POINT ( 'NONE', #945 ) ;
#2344 = LINE ( 'NONE', #4863, #1179 ) ;
#2345 = PLANE ( 'NONE',  #4530 ) ;
#2346 = EDGE_CURVE ( 'NONE', #1481, #2577, #1625, .T. ) ;
#2347 = ADVANCED_FACE ( 'NONE', ( #1016 ), #4663, .F. ) ;
#2348 = CARTESIAN_POINT ( 'NONE',  ( 10.25000000000000000, 1.836970198721029934E-16, -10.80000000000000071 ) ) ;
#2349 = DIRECTION ( 'NONE',  ( -0.000000000000000000, -0.000000000000000000, -1.000000000000000000 ) ) ;
#2350 = DIRECTION ( 'NONE',  ( -0.000000000000000000, -0.000000000000000000, 1.000000000000000000 ) ) ;
#2351 = FACE_BOUND ( 'NONE', #1833, .T. ) ;
#2352 = ORIENTED_EDGE ( 'NONE', *, *, #3771, .T. ) ;
#2353 = AXIS2_PLACEMENT_3D ( 'NONE', #3716, #3236, #2230 ) ;
#2354 = CARTESIAN_POINT ( 'NONE',  ( -4.266405818616999746, -3.144484280588999869, 57.90930149505000202 ) ) ;
#2355 = DIRECTION ( 'NONE',  ( -1.000000000000000000, 0.000000000000000000, 0.000000000000000000 ) ) ;
#2356 = DIRECTION ( 'NONE',  ( 1.000000000000000000, 0.000000000000000000, -0.000000000000000000 ) ) ;
#2357 = VERTEX_POINT ( 'NONE', #6643 ) ;
#2358 = ORIENTED_EDGE ( 'NONE', *, *, #178, .T. ) ;
#2359 = EDGE_CURVE ( 'NONE', #6041, #5295, #5363, .T. ) ;
#2360 = CARTESIAN_POINT ( 'NONE',  ( -7.119026725067660877, -7.718125322108642550, -17.00000000000000711 ) ) ;
#2361 = CYLINDRICAL_SURFACE ( 'NONE', #4756, 0.1999999999999996503 ) ;
#2362 = FACE_OUTER_BOUND ( 'NONE', #1445, .T. ) ;
#2363 = ORIENTED_EDGE ( 'NONE', *, *, #4309, .F. ) ;
#2364 = DIRECTION ( 'NONE',  ( 1.000000000000000000, 0.000000000000000000, 0.000000000000000000 ) ) ;
#2365 = VERTEX_POINT ( 'NONE', #5588 ) ;
#2366 = ORIENTED_EDGE ( 'NONE', *, *, #2856, .T. ) ;
#2367 = ADVANCED_FACE ( 'NONE', ( #2463 ), #6146, .T. ) ;
#2368 = DIRECTION ( 'NONE',  ( 0.000000000000000000, 0.000000000000000000, -1.000000000000000000 ) ) ;
#2369 = DIRECTION ( 'NONE',  ( 0.000000000000000000, 0.000000000000000000, 1.000000000000000000 ) ) ;
#2370 = CARTESIAN_POINT ( 'NONE',  ( 1.919391177642437274, -1.969374902650477210, -14.80000000000000071 ) ) ;
#2371 = ORIENTED_EDGE ( 'NONE', *, *, #600, .T. ) ;
#2372 = DIRECTION ( 'NONE',  ( 0.7071067813875193675, 8.659560564816128346E-17, -0.7071067809855756670 ) ) ;
#2373 = EDGE_LOOP ( 'NONE', ( #6515, #894, #222, #3585 ) ) ;
#2374 = CYLINDRICAL_SURFACE ( 'NONE', #558, 1.499999999999999556 ) ;
#2375 = AXIS2_PLACEMENT_3D ( 'NONE', #5678, #3141, #1961 ) ;
#2376 = FACE_OUTER_BOUND ( 'NONE', #2892, .T. ) ;
#2377 = DIRECTION ( 'NONE',  ( -0.4990327298408321344, 0.8665831377009404202, 0.000000000000000000 ) ) ;
#2378 = FACE_OUTER_BOUND ( 'NONE', #5873, .T. ) ;
#2379 = LINE ( 'NONE', #830, #6296 ) ;
#2380 = EDGE_CURVE ( 'NONE', #242, #136, #6324, .T. ) ;
#2381 = ORIENTED_EDGE ( 'NONE', *, *, #2004, .T. ) ;
#2382 = DIRECTION ( 'NONE',  ( -1.000000000000000000, 0.000000000000000000, 0.000000000000000000 ) ) ;
#2383 = DIRECTION ( 'NONE',  ( 1.000000000000000000, 0.000000000000000000, 0.000000000000000000 ) ) ;
#2384 = DIRECTION ( 'NONE',  ( -0.000000000000000000, -0.000000000000000000, 1.000000000000000000 ) ) ;
#2385 = ADVANCED_FACE ( 'NONE', ( #5279 ), #5799, .F. ) ;
#2386 = ORIENTED_EDGE ( 'NONE', *, *, #6599, .F. ) ;
#2387 = ORIENTED_EDGE ( 'NONE', *, *, #1382, .F. ) ;
#2388 = VECTOR ( 'NONE', #3163, 1000.000000000000000 ) ;
#2389 = VECTOR ( 'NONE', #1204, 1000.000000000000000 ) ;
#2390 = VECTOR ( 'NONE', #300, 1000.000000000000000 ) ;
#2391 = PLANE ( 'NONE',  #6697 ) ;
#2392 = DIRECTION ( 'NONE',  ( -1.000000000000000000, 0.000000000000000000, 0.000000000000000000 ) ) ;
#2393 = CYLINDRICAL_SURFACE ( 'NONE', #2648, 6.900000000000000355 ) ;
#2394 = VERTEX_POINT ( 'NONE', #2147 ) ;
#2395 = DIRECTION ( 'NONE',  ( -0.000000000000000000, -0.000000000000000000, -1.000000000000000000 ) ) ;
#2396 = AXIS2_PLACEMENT_3D ( 'NONE', #5812, #646, #508 ) ;
#2397 = ORIENTED_EDGE ( 'NONE', *, *, #4348, .F. ) ;
#2398 = VECTOR ( 'NONE', #1517, 1000.000000000000000 ) ;
#2399 = EDGE_LOOP ( 'NONE', ( #266, #6767, #2429, #2055 ) ) ;
#2400 = CARTESIAN_POINT ( 'NONE',  ( -4.841163111755999893, -4.543340381124999716, -14.69999999999999929 ) ) ;
#2401 = LINE ( 'NONE', #4577, #2891 ) ;
#2402 = CARTESIAN_POINT ( 'NONE',  ( -4.019999999999999574, 0.000000000000000000, -17.00000000000000000 ) ) ;
#2403 = EDGE_CURVE ( 'NONE', #379, #5669, #5140, .T. ) ;
#2404 = ADVANCED_FACE ( 'NONE', ( #563 ), #1081, .T. ) ;
#2405 = ORIENTED_EDGE ( 'NONE', *, *, #3692, .T. ) ;
#2406 = CARTESIAN_POINT ( 'NONE',  ( 11.00000000000000000, -32.00000000000000000, -10.30000000010386429 ) ) ;
#2407 = VERTEX_POINT ( 'NONE', #1602 ) ;
#2408 = CARTESIAN_POINT ( 'NONE',  ( 9.149999999999998579, -32.00000000000000000, -10.80000000000000071 ) ) ;
#2409 = CARTESIAN_POINT ( 'NONE',  ( -7.024736428839327473, -8.335171464272155717, -15.50000000000000355 ) ) ;
#2410 = CARTESIAN_POINT ( 'NONE',  ( -8.349999999999999645, 0.000000000000000000, -17.00000000000000000 ) ) ;
#2411 = EDGE_CURVE ( 'NONE', #4340, #2407, #305, .T. ) ;
#2412 = CARTESIAN_POINT ( 'NONE',  ( -11.00000000000000000, -32.00000000000000000, -17.00000000000000000 ) ) ;
#2413 = LINE ( 'NONE', #4521, #3332 ) ;
#2414 = EDGE_LOOP ( 'NONE', ( #3479, #1586, #847, #234 ) ) ;
#2415 = DIRECTION ( 'NONE',  ( -0.000000000000000000, -0.7071067811865474617, 0.7071067811865474617 ) ) ;
#2416 = DIRECTION ( 'NONE',  ( 0.000000000000000000, 0.000000000000000000, -1.000000000000000000 ) ) ;
#2417 = EDGE_CURVE ( 'NONE', #3980, #608, #6290, .T. ) ;
#2418 = SURFACE_STYLE_FILL_AREA ( #4494 ) ;
#2419 = VECTOR ( 'NONE', #1242, 1000.000000000000000 ) ;
#2420 = CARTESIAN_POINT ( 'NONE',  ( -14.25000000000000000, 9.250000000000000000, 0.000000000000000000 ) ) ;
#2421 = VECTOR ( 'NONE', #5495, 1000.000000000000000 ) ;
#2422 = ORIENTED_EDGE ( 'NONE', *, *, #5078, .T. ) ;
#2423 = VERTEX_POINT ( 'NONE', #3741 ) ;
#2424 = VECTOR ( 'NONE', #3906, 1000.000000000000000 ) ;
#2425 = CYLINDRICAL_SURFACE ( 'NONE', #2063, 5.099999999999999645 ) ;
#2426 = EDGE_CURVE ( 'NONE', #3137, #1926, #121, .T. ) ;
#2427 = DIRECTION ( 'NONE',  ( -0.7071067811865476838, 0.7071067811865474617, 0.000000000000000000 ) ) ;
#2428 = DIRECTION ( 'NONE',  ( 1.000000000000000000, 0.000000000000000000, -0.000000000000000000 ) ) ;
#2429 = ORIENTED_EDGE ( 'NONE', *, *, #858, .T. ) ;
#2430 = FACE_OUTER_BOUND ( 'NONE', #2791, .T. ) ;
#2431 = VECTOR ( 'NONE', #5172, 1000.000000000000000 ) ;
#2432 = ORIENTED_EDGE ( 'NONE', *, *, #1382, .T. ) ;
#2433 = CIRCLE ( 'NONE', #2548, 2.399999999999999467 ) ;
#2434 = ORIENTED_EDGE ( 'NONE', *, *, #1624, .F. ) ;
#2435 = CARTESIAN_POINT ( 'NONE',  ( -12.75000000001546141, 8.000000000000000000, -10.30000000001064109 ) ) ;
#2436 = CIRCLE ( 'NONE', #4639, 1.300000000000000711 ) ;
#2437 = CARTESIAN_POINT ( 'NONE',  ( 0.000000000000000000, -19.80000000000000071, -8.199999999999999289 ) ) ;
#2438 = VECTOR ( 'NONE', #3514, 1000.000000000000000 ) ;
#2439 = CARTESIAN_POINT ( 'NONE',  ( 0.000000000000000000, -15.30000000000000071, -12.50000000000000000 ) ) ;
#2440 = ORIENTED_EDGE ( 'NONE', *, *, #3940, .T. ) ;
#2441 = DIRECTION ( 'NONE',  ( 1.000000000000000000, 0.000000000000000000, 0.000000000000000000 ) ) ;
#2442 = ORIENTED_EDGE ( 'NONE', *, *, #3038, .F. ) ;
#2443 = VECTOR ( 'NONE', #3099, 999.9999999999998863 ) ;
#2444 = EDGE_CURVE ( 'NONE', #4133, #1448, #5768, .T. ) ;
#2445 = DIRECTION ( 'NONE',  ( 0.000000000000000000, -0.000000000000000000, 1.000000000000000000 ) ) ;
#2446 = CARTESIAN_POINT ( 'NONE',  ( 0.000000000000000000, 0.000000000000000000, -15.69999999999999929 ) ) ;
#2447 = CARTESIAN_POINT ( 'NONE',  ( -11.00000000000000000, 8.000000000000000000, -14.19999999999999929 ) ) ;
#2448 = VECTOR ( 'NONE', #4356, 1000.000000000000114 ) ;
#2449 = CARTESIAN_POINT ( 'NONE',  ( 11.71152236890999987, -33.95000000000000284, -61.32240000000000890 ) ) ;
#2450 = DIRECTION ( 'NONE',  ( 0.000000000000000000, 0.000000000000000000, -1.000000000000000000 ) ) ;
#2451 = AXIS2_PLACEMENT_3D ( 'NONE', #421, #5725, #4152 ) ;
#2452 = CARTESIAN_POINT ( 'NONE',  ( 0.000000000000000000, 0.000000000000000000, -15.50000000000000000 ) ) ;
#2453 = EDGE_CURVE ( 'NONE', #5151, #877, #4222, .T. ) ;
#2454 = DIRECTION ( 'NONE',  ( -0.000000000000000000, -0.000000000000000000, 1.000000000000000000 ) ) ;
#2455 = CARTESIAN_POINT ( 'NONE',  ( 10.90000000000000036, 1.040949779275250017E-16, -16.00000000000000000 ) ) ;
#2456 = VERTEX_POINT ( 'NONE', #5351 ) ;
#2457 = DIRECTION ( 'NONE',  ( -0.000000000000000000, 1.000000000000000000, 0.000000000000000000 ) ) ;
#2458 = CARTESIAN_POINT ( 'NONE',  ( -6.099999999999999645, 0.000000000000000000, -15.19999999999999929 ) ) ;
#2459 = ORIENTED_EDGE ( 'NONE', *, *, #1115, .T. ) ;
#2460 = AXIS2_PLACEMENT_3D ( 'NONE', #5746, #1057, #4201 ) ;
#2461 = ORIENTED_EDGE ( 'NONE', *, *, #4526, .F. ) ;
#2462 = EDGE_CURVE ( 'NONE', #2394, #6041, #5478, .T. ) ;
#2463 = FACE_OUTER_BOUND ( 'NONE', #5712, .T. ) ;
#2464 = CARTESIAN_POINT ( 'NONE',  ( -12.34999999999999964, -10.15000000000000036, -9.800000000000000711 ) ) ;
#2465 = CARTESIAN_POINT ( 'NONE',  ( 4.020000000000000462, 8.550000000000000711, -14.30000000000000071 ) ) ;
#2466 = EDGE_LOOP ( 'NONE', ( #4281, #3206, #5749, #3960, #612, #4791, #3150, #187, #2109, #3230, #6533, #1943, #5587, #5354, #198, #6397, #772, #3477, #1366, #2740 ) ) ;
#2467 = DIRECTION ( 'NONE',  ( 0.000000000000000000, -0.000000000000000000, 1.000000000000000000 ) ) ;
#2468 = ORIENTED_EDGE ( 'NONE', *, *, #1670, .T. ) ;
#2469 = ORIENTED_EDGE ( 'NONE', *, *, #5246, .F. ) ;
#2470 = EDGE_CURVE ( 'NONE', #3358, #3543, #1186, .T. ) ;
#2471 = EDGE_CURVE ( 'NONE', #1154, #2988, #5997, .T. ) ;
#2472 = CARTESIAN_POINT ( 'NONE',  ( -8.849999999999999645, -10.40000000000000036, -11.40000000000000036 ) ) ;
#2473 = DIRECTION ( 'NONE',  ( 0.000000000000000000, 0.000000000000000000, -1.000000000000000000 ) ) ;
#2474 = DIRECTION ( 'NONE',  ( -0.000000000000000000, -0.000000000000000000, 1.000000000000000000 ) ) ;
#2475 = CARTESIAN_POINT ( 'NONE',  ( 8.599999999999999645, -19.30000000000000071, -11.65000000000000036 ) ) ;
#2476 = ORIENTED_EDGE ( 'NONE', *, *, #1084, .F. ) ;
#2477 = ORIENTED_EDGE ( 'NONE', *, *, #770, .F. ) ;
#2478 = VERTEX_POINT ( 'NONE', #2179 ) ;
#2479 = CARTESIAN_POINT ( 'NONE',  ( 11.00000000000000000, -32.00000000000000000, -17.00000000000000000 ) ) ;
#2480 = LINE ( 'NONE', #827, #3657 ) ;
#2481 = DIRECTION ( 'NONE',  ( 0.000000000000000000, 0.000000000000000000, 1.000000000000000000 ) ) ;
#2482 = CARTESIAN_POINT ( 'NONE',  ( -5.099999999999999645, 0.000000000000000000, -15.19999999999999929 ) ) ;
#2483 = EDGE_CURVE ( 'NONE', #162, #5669, #760, .T. ) ;
#2484 = FACE_OUTER_BOUND ( 'NONE', #4066, .T. ) ;
#2485 = ORIENTED_EDGE ( 'NONE', *, *, #1521, .F. ) ;
#2486 = VECTOR ( 'NONE', #1619, 1000.000000000000000 ) ;
#2487 = DIRECTION ( 'NONE',  ( 0.000000000000000000, -0.000000000000000000, 1.000000000000000000 ) ) ;
#2488 = ORIENTED_EDGE ( 'NONE', *, *, #1608, .F. ) ;
#2489 = CARTESIAN_POINT ( 'NONE',  ( 11.00000000000000000, 8.000000000000000000, -17.00000000000000000 ) ) ;
#2490 = EDGE_CURVE ( 'NONE', #1982, #5150, #4287, .T. ) ;
#2491 = CARTESIAN_POINT ( 'NONE',  ( -4.019999999999999574, 0.000000000000000000, -15.50000000000000000 ) ) ;
#2492 = ORIENTED_EDGE ( 'NONE', *, *, #1279, .T. ) ;
#2493 = ORIENTED_EDGE ( 'NONE', *, *, #1962, .T. ) ;
#2494 = LINE ( 'NONE', #6113, #4807 ) ;
#2495 = CARTESIAN_POINT ( 'NONE',  ( -4.745799319780707570, -3.832412923520764458, -15.19999999999999929 ) ) ;
#2496 = EDGE_CURVE ( 'NONE', #5986, #4229, #6390, .T. ) ;
#2497 = ORIENTED_EDGE ( 'NONE', *, *, #5563, .T. ) ;
#2498 = CARTESIAN_POINT ( 'NONE',  ( 7.049999999999999822, 9.750000000000000000, -12.69999999999999929 ) ) ;
#2499 = VERTEX_POINT ( 'NONE', #2628 ) ;
#2500 = VECTOR ( 'NONE', #3267, 1000.000000000000000 ) ;
#2501 = VECTOR ( 'NONE', #2138, 1000.000000000000000 ) ;
#2502 = ORIENTED_EDGE ( 'NONE', *, *, #6810, .T. ) ;
#2503 = DIRECTION ( 'NONE',  ( 0.000000000000000000, 0.000000000000000000, -1.000000000000000000 ) ) ;
#2504 = AXIS2_PLACEMENT_3D ( 'NONE', #2736, #6357, #4325 ) ;
#2505 = AXIS2_PLACEMENT_3D ( 'NONE', #6335, #2190, #102 ) ;
#2506 = DIRECTION ( 'NONE',  ( 0.000000000000000000, -0.000000000000000000, 1.000000000000000000 ) ) ;
#2507 = VECTOR ( 'NONE', #4868, 1000.000000000000000 ) ;
#2508 = CARTESIAN_POINT ( 'NONE',  ( 11.00000000000000000, 8.000000000000000000, -10.40000000000000213 ) ) ;
#2509 = EDGE_CURVE ( 'NONE', #2499, #4196, #4813, .T. ) ;
#2510 = ORIENTED_EDGE ( 'NONE', *, *, #35, .F. ) ;
#2511 = ORIENTED_EDGE ( 'NONE', *, *, #1569, .T. ) ;
#2512 = ORIENTED_EDGE ( 'NONE', *, *, #3080, .T. ) ;
#2513 = DIRECTION ( 'NONE',  ( -1.000000000000000000, 0.000000000000000000, -0.000000000000000000 ) ) ;
#2514 = LINE ( 'NONE', #2067, #3953 ) ;
#2515 = EDGE_CURVE ( 'NONE', #5377, #1214, #3391, .T. ) ;
#2516 = EDGE_CURVE ( 'NONE', #5497, #57, #6587, .T. ) ;
#2517 = DIRECTION ( 'NONE',  ( -0.000000000000000000, -0.000000000000000000, 1.000000000000000000 ) ) ;
#2518 = CARTESIAN_POINT ( 'NONE',  ( 12.25000000000000000, 11.25000000000000000, -17.00000000000000000 ) ) ;
#2519 = CARTESIAN_POINT ( 'NONE',  ( 10.24999999997862687, 0.000000000000000000, -10.19999999999754436 ) ) ;
#2520 = PLANE ( 'NONE',  #5392 ) ;
#2521 = CARTESIAN_POINT ( 'NONE',  ( 7.119026725067662653, -7.718125322108641662, -15.50000000000000000 ) ) ;
#2522 = ORIENTED_EDGE ( 'NONE', *, *, #3132, .T. ) ;
#2523 = CARTESIAN_POINT ( 'NONE',  ( -9.699999999999999289, -32.00000000000000000, -14.19999999999999929 ) ) ;
#2524 = CARTESIAN_POINT ( 'NONE',  ( 4.841163111755895088, -4.543340381125065441, -14.69999999999999751 ) ) ;
#2525 = CIRCLE ( 'NONE', #4940, 2.399999999999999467 ) ;
#2526 = VERTEX_POINT ( 'NONE', #2967 ) ;
#2527 = VERTEX_POINT ( 'NONE', #2934 ) ;
#2528 = EDGE_CURVE ( 'NONE', #2860, #6182, #3405, .T. ) ;
#2529 = DIRECTION ( 'NONE',  ( -1.000000000000000000, 0.000000000000000000, 0.000000000000000000 ) ) ;
#2530 = FACE_OUTER_BOUND ( 'NONE', #3834, .T. ) ;
#2531 = AXIS2_PLACEMENT_3D ( 'NONE', #5258, #6101, #1417 ) ;
#2532 = FACE_OUTER_BOUND ( 'NONE', #3897, .T. ) ;
#2533 = ORIENTED_EDGE ( 'NONE', *, *, #1015, .T. ) ;
#2534 = CARTESIAN_POINT ( 'NONE',  ( -5.308444364885000155, -25.64286755311999855, -14.00000000000000000 ) ) ;
#2535 = VECTOR ( 'NONE', #4467, 1000.000000000000000 ) ;
#2536 = ORIENTED_EDGE ( 'NONE', *, *, #5475, .F. ) ;
#2537 = ORIENTED_EDGE ( 'NONE', *, *, #594, .F. ) ;
#2538 = VECTOR ( 'NONE', #2620, 1000.000000000000000 ) ;
#2539 = EDGE_CURVE ( 'NONE', #4442, #2682, #4454, .T. ) ;
#2540 = FACE_OUTER_BOUND ( 'NONE', #701, .T. ) ;
#2541 = CYLINDRICAL_SURFACE ( 'NONE', #6411, 2.750000000000000000 ) ;
#2542 = FACE_OUTER_BOUND ( 'NONE', #3536, .T. ) ;
#2543 = CIRCLE ( 'NONE', #1556, 1.850000000000000977 ) ;
#2544 = ORIENTED_EDGE ( 'NONE', *, *, #1435, .F. ) ;
#2545 = VECTOR ( 'NONE', #2311, 1000.000000000000000 ) ;
#2546 = ORIENTED_EDGE ( 'NONE', *, *, #1580, .F. ) ;
#2547 = VERTEX_POINT ( 'NONE', #1871 ) ;
#2548 = AXIS2_PLACEMENT_3D ( 'NONE', #1248, #5996, #2834 ) ;
#2549 = LINE ( 'NONE', #6783, #2824 ) ;
#2550 = DIRECTION ( 'NONE',  ( 1.000000000000000000, 0.000000000000000000, 0.000000000000000000 ) ) ;
#2551 = CARTESIAN_POINT ( 'NONE',  ( 8.349999999999999645, -17.80000000000000426, -11.90000000000000036 ) ) ;
#2552 = CARTESIAN_POINT ( 'NONE',  ( 2.750000000000000000, 0.000000000000000000, -10.80000000000000071 ) ) ;
#2553 = AXIS2_PLACEMENT_3D ( 'NONE', #144, #5852, #2794 ) ;
#2554 = FACE_BOUND ( 'NONE', #148, .T. ) ;
#2555 = EDGE_CURVE ( 'NONE', #3587, #778, #3522, .T. ) ;
#2556 = ADVANCED_FACE ( 'NONE', ( #863, #6032 ), #6557, .F. ) ;
#2557 = LINE ( 'NONE', #5206, #774 ) ;
#2558 = DIRECTION ( 'NONE',  ( 0.000000000000000000, 0.000000000000000000, 1.000000000000000000 ) ) ;
#2559 = VECTOR ( 'NONE', #5842, 1000.000000000000000 ) ;
#2560 = FACE_OUTER_BOUND ( 'NONE', #104, .T. ) ;
#2561 = CARTESIAN_POINT ( 'NONE',  ( 11.00000000000000000, -32.00000000000000000, -10.30000000000000071 ) ) ;
#2562 = ORIENTED_EDGE ( 'NONE', *, *, #2444, .T. ) ;
#2563 = VERTEX_POINT ( 'NONE', #5610 ) ;
#2564 = DIRECTION ( 'NONE',  ( 1.000000000000000000, 0.000000000000000000, 0.000000000000000000 ) ) ;
#2565 = CARTESIAN_POINT ( 'NONE',  ( -14.25000000000000000, 9.250000000000000000, -17.00000000000000000 ) ) ;
#2566 = LINE ( 'NONE', #2081, #2759 ) ;
#2567 = ORIENTED_EDGE ( 'NONE', *, *, #282, .F. ) ;
#2568 = LINE ( 'NONE', #4667, #5281 ) ;
#2569 = VERTEX_POINT ( 'NONE', #4997 ) ;
#2570 = ORIENTED_EDGE ( 'NONE', *, *, #1373, .F. ) ;
#2571 = LINE ( 'NONE', #4168, #4522 ) ;
#2572 = CARTESIAN_POINT ( 'NONE',  ( 7.868331666858770390, -8.900000000000002132, -12.38166833314121718 ) ) ;
#2573 = LINE ( 'NONE', #3686, #5192 ) ;
#2574 = CARTESIAN_POINT ( 'NONE',  ( -8.050000000000000711, -10.40000000000000036, -12.19999999999999929 ) ) ;
#2575 = ORIENTED_EDGE ( 'NONE', *, *, #2027, .T. ) ;
#2576 = EDGE_CURVE ( 'NONE', #3072, #5828, #1349, .T. ) ;
#2577 = VERTEX_POINT ( 'NONE', #5061 ) ;
#2578 = EDGE_LOOP ( 'NONE', ( #5010, #3652, #2305, #6328 ) ) ;
#2579 = LINE ( 'NONE', #6236, #4904 ) ;
#2580 = DIRECTION ( 'NONE',  ( 0.000000000000000000, 0.000000000000000000, 1.000000000000000000 ) ) ;
#2581 = DIRECTION ( 'NONE',  ( 0.000000000000000000, -0.000000000000000000, 1.000000000000000000 ) ) ;
#2582 = EDGE_CURVE ( 'NONE', #1259, #3280, #3939, .T. ) ;
#2583 = DIRECTION ( 'NONE',  ( -0.000000000000000000, 1.000000000000000000, 0.000000000000000000 ) ) ;
#2584 = CARTESIAN_POINT ( 'NONE',  ( 4.105409372631188880, -3.025824496416138931, -15.19999999999999929 ) ) ;
#2585 = CARTESIAN_POINT ( 'NONE',  ( 4.019999999999999574, 11.25000000000000000, -17.00000000000000000 ) ) ;
#2586 = CARTESIAN_POINT ( 'NONE',  ( 12.34999999999999964, -10.15000000000000036, -7.250000000000000000 ) ) ;
#2587 = ORIENTED_EDGE ( 'NONE', *, *, #4544, .T. ) ;
#2588 = CARTESIAN_POINT ( 'NONE',  ( -8.349999999999999645, -19.30000000000000071, -11.90000000000000036 ) ) ;
#2589 = ADVANCED_FACE ( 'NONE', ( #1454 ), #828, .T. ) ;
#2590 = CARTESIAN_POINT ( 'NONE',  ( -14.25000000000000000, 0.000000000000000000, -11.50000000000000000 ) ) ;
#2591 = AXIS2_PLACEMENT_3D ( 'NONE', #4551, #2342, #4449 ) ;
#2592 = ORIENTED_EDGE ( 'NONE', *, *, #5108, .T. ) ;
#2593 = ORIENTED_EDGE ( 'NONE', *, *, #4624, .F. ) ;
#2594 = DIRECTION ( 'NONE',  ( -1.000000000000000000, 0.000000000000000000, 0.000000000000000000 ) ) ;
#2595 = VECTOR ( 'NONE', #4169, 1000.000000000000000 ) ;
#2596 = FACE_OUTER_BOUND ( 'NONE', #3240, .T. ) ;
#2597 = CARTESIAN_POINT ( 'NONE',  ( 7.119026725067597816, -7.718125322108558173, -15.10999999999999943 ) ) ;
#2598 = EDGE_CURVE ( 'NONE', #5637, #1926, #1311, .T. ) ;
#2599 = ORIENTED_EDGE ( 'NONE', *, *, #903, .F. ) ;
#2600 = DIRECTION ( 'NONE',  ( -0.8665831377009691749, 0.4990327298407822298, 0.000000000000000000 ) ) ;
#2601 = VERTEX_POINT ( 'NONE', #6627 ) ;
#2602 = ORIENTED_EDGE ( 'NONE', *, *, #2490, .T. ) ;
#2603 = LINE ( 'NONE', #432, #2771 ) ;
#2604 = CARTESIAN_POINT ( 'NONE',  ( 0.6999999999999999556, 5.051732376126016888, -14.80000000000000071 ) ) ;
#2605 = LINE ( 'NONE', #2090, #1568 ) ;
#2606 = DIRECTION ( 'NONE',  ( 0.000000000000000000, 0.000000000000000000, 1.000000000000000000 ) ) ;
#2607 = ORIENTED_EDGE ( 'NONE', *, *, #1336, .F. ) ;
#2608 = CARTESIAN_POINT ( 'NONE',  ( -11.00000000000000000, -32.00000000000000000, -10.30000000000000071 ) ) ;
#2609 = VERTEX_POINT ( 'NONE', #1902 ) ;
#2610 = ORIENTED_EDGE ( 'NONE', *, *, #3038, .T. ) ;
#2611 = AXIS2_PLACEMENT_3D ( 'NONE', #878, #3123, #2594 ) ;
#2612 = AXIS2_PLACEMENT_3D ( 'NONE', #3905, #6555, #6452 ) ;
#2613 = EDGE_CURVE ( 'NONE', #747, #3121, #5511, .T. ) ;
#2614 = EDGE_CURVE ( 'NONE', #3183, #1294, #277, .T. ) ;
#2615 = DIRECTION ( 'NONE',  ( 0.000000000000000000, 1.000000000000000000, 0.000000000000000000 ) ) ;
#2616 = DIRECTION ( 'NONE',  ( -1.000000000000000000, 0.000000000000000000, 0.000000000000000000 ) ) ;
#2617 = CARTESIAN_POINT ( 'NONE',  ( 14.25000000000000000, -19.30000000000000071, -17.00000000000000000 ) ) ;
#2618 = VECTOR ( 'NONE', #3176, 1000.000000000000000 ) ;
#2619 = PLANE ( 'NONE',  #5686 ) ;
#2620 = DIRECTION ( 'NONE',  ( -0.000000000000000000, -0.000000000000000000, -1.000000000000000000 ) ) ;
#2621 = ADVANCED_FACE ( 'NONE', ( #4011 ), #2867, .T. ) ;
#2622 = CARTESIAN_POINT ( 'NONE',  ( 0.000000000000000000, 0.000000000000000000, -10.30000000000000071 ) ) ;
#2623 = ORIENTED_EDGE ( 'NONE', *, *, #6304, .T. ) ;
#2624 = CARTESIAN_POINT ( 'NONE',  ( 0.000000000000000000, 0.000000000000000000, -15.19999999999999929 ) ) ;
#2625 = DIRECTION ( 'NONE',  ( 0.000000000000000000, 0.7071067811883792187, 0.7071067811847158158 ) ) ;
#2626 = ORIENTED_EDGE ( 'NONE', *, *, #3904, .T. ) ;
#2627 = EDGE_CURVE ( 'NONE', #1463, #6450, #5036, .T. ) ;
#2628 = CARTESIAN_POINT ( 'NONE',  ( -1.500000000000000000, 0.000000000000000000, -11.50000000000000000 ) ) ;
#2629 = LINE ( 'NONE', #1119, #898 ) ;
#2630 = CARTESIAN_POINT ( 'NONE',  ( -13.39999999999999858, -32.00000000000000000, -17.00000000000000000 ) ) ;
#2631 = ORIENTED_EDGE ( 'NONE', *, *, #2516, .F. ) ;
#2632 = VERTEX_POINT ( 'NONE', #4483 ) ;
#2633 = EDGE_LOOP ( 'NONE', ( #2731, #5217, #468, #1749 ) ) ;
#2634 = ADVANCED_FACE ( 'NONE', ( #6661 ), #1932, .T. ) ;
#2635 = EDGE_CURVE ( 'NONE', #5442, #3403, #1965, .T. ) ;
#2636 = AXIS2_PLACEMENT_3D ( 'NONE', #3363, #2350, #3838 ) ;
#2637 = CARTESIAN_POINT ( 'NONE',  ( -6.188644158678627605, -6.883275787780949173, -15.50000000000000000 ) ) ;
#2638 = DIRECTION ( 'NONE',  ( 0.000000000000000000, -0.000000000000000000, 1.000000000000000000 ) ) ;
#2639 = CARTESIAN_POINT ( 'NONE',  ( 0.000000000000000000, 0.000000000000000000, -15.19999999999999929 ) ) ;
#2640 = ORIENTED_EDGE ( 'NONE', *, *, #3473, .F. ) ;
#2641 = FACE_OUTER_BOUND ( 'NONE', #1369, .T. ) ;
#2642 = LINE ( 'NONE', #3756, #6025 ) ;
#2643 = SHELL_BASED_SURFACE_MODEL ( 'NONE', ( #1406, #1222, #5593, #3611, #2285, #4808, #85 ) );
#2644 = VECTOR ( 'NONE', #6060, 1000.000000000000000 ) ;
#2645 = ORIENTED_EDGE ( 'NONE', *, *, #5895, .T. ) ;
#2646 = AXIS2_PLACEMENT_3D ( 'NONE', #2354, #5580, #2382 ) ;
#2647 = VERTEX_POINT ( 'NONE', #3561 ) ;
#2648 = AXIS2_PLACEMENT_3D ( 'NONE', #4438, #1329, #4502 ) ;
#2649 = CARTESIAN_POINT ( 'NONE',  ( -8.599999999999999645, 8.000000000000000000, -14.19999999999999929 ) ) ;
#2650 = LINE ( 'NONE', #5200, #3442 ) ;
#2651 = AXIS2_PLACEMENT_3D ( 'NONE', #2727, #112, #2692 ) ;
#2652 = CARTESIAN_POINT ( 'NONE',  ( 0.000000000000000000, 0.000000000000000000, -15.19999999999999929 ) ) ;
#2653 = DIRECTION ( 'NONE',  ( -0.000000000000000000, -0.000000000000000000, -1.000000000000000000 ) ) ;
#2654 = ADVANCED_FACE ( 'NONE', ( #5649 ), #1487, .F. ) ;
#2655 = CIRCLE ( 'NONE', #4534, 0.1999999999999996503 ) ;
#2656 = VECTOR ( 'NONE', #1681, 1000.000000000000000 ) ;
#2657 = VECTOR ( 'NONE', #5477, 1000.000000000000000 ) ;
#2658 = PLANE ( 'NONE',  #6017 ) ;
#2659 = VERTEX_POINT ( 'NONE', #5266 ) ;
#2660 = FACE_OUTER_BOUND ( 'NONE', #3673, .T. ) ;
#2661 = DIRECTION ( 'NONE',  ( 0.000000000000000000, -1.000000000000000000, 0.000000000000000000 ) ) ;
#2662 = ORIENTED_EDGE ( 'NONE', *, *, #3408, .T. ) ;
#2663 = AXIS2_PLACEMENT_3D ( 'NONE', #5017, #2339, #4548 ) ;
#2664 = DIRECTION ( 'NONE',  ( 0.000000000000000000, 0.000000000000000000, -1.000000000000000000 ) ) ;
#2665 = CARTESIAN_POINT ( 'NONE',  ( -6.032361606991997860, -22.05836502186999937, -13.99999999999999822 ) ) ;
#2666 = EDGE_CURVE ( 'NONE', #6466, #3933, #3075, .T. ) ;
#2667 = VERTEX_POINT ( 'NONE', #2033 ) ;
#2668 = AXIS2_PLACEMENT_3D ( 'NONE', #6676, #1532, #2080 ) ;
#2669 = DIRECTION ( 'NONE',  ( -0.7071067811865474617, -0.7071067811865474617, 0.000000000000000000 ) ) ;
#2670 = DIRECTION ( 'NONE',  ( -1.000000000000000000, 0.000000000000000000, -0.000000000000000000 ) ) ;
#2671 = DIRECTION ( 'NONE',  ( 0.000000000000000000, 0.000000000000000000, -1.000000000000000000 ) ) ;
#2672 = ORIENTED_EDGE ( 'NONE', *, *, #3098, .F. ) ;
#2673 = ORIENTED_EDGE ( 'NONE', *, *, #1547, .T. ) ;
#2674 = ORIENTED_EDGE ( 'NONE', *, *, #3025, .F. ) ;
#2675 = CARTESIAN_POINT ( 'NONE',  ( -12.34999999999999964, -9.099999999999999645, -7.700000000000000178 ) ) ;
#2676 = FACE_OUTER_BOUND ( 'NONE', #3052, .T. ) ;
#2677 = DIRECTION ( 'NONE',  ( -0.000000000000000000, 0.000000000000000000, 1.000000000000000000 ) ) ;
#2678 = ORIENTED_EDGE ( 'NONE', *, *, #258, .F. ) ;
#2679 = CARTESIAN_POINT ( 'NONE',  ( 12.55000000000000071, -19.30000000000000071, -11.50000000000000000 ) ) ;
#2680 = DIRECTION ( 'NONE',  ( 0.000000000000000000, -0.000000000000000000, -1.000000000000000000 ) ) ;
#2681 = EDGE_CURVE ( 'NONE', #507, #577, #5696, .T. ) ;
#2682 = VERTEX_POINT ( 'NONE', #2135 ) ;
#2683 = EDGE_CURVE ( 'NONE', #1976, #5657, #4680, .T. ) ;
#2684 = ORIENTED_EDGE ( 'NONE', *, *, #1365, .T. ) ;
#2685 = AXIS2_PLACEMENT_3D ( 'NONE', #1756, #1229, #1129 ) ;
#2686 = DIRECTION ( 'NONE',  ( -1.000000000000000000, 0.000000000000000000, 0.000000000000000000 ) ) ;
#2687 = DIRECTION ( 'NONE',  ( 0.000000000000000000, 0.000000000000000000, -1.000000000000000000 ) ) ;
#2688 = CARTESIAN_POINT ( 'NONE',  ( 0.000000000000000000, 0.000000000000000000, -15.40000000000000036 ) ) ;
#2689 =( NAMED_UNIT ( * ) PLANE_ANGLE_UNIT ( ) SI_UNIT ( $, .RADIAN. ) );
#2690 = FACE_OUTER_BOUND ( 'NONE', #4923, .T. ) ;
#2691 = CARTESIAN_POINT ( 'NONE',  ( -12.34999999999999964, -14.09999999999999964, -6.199999999700000153 ) ) ;
#2692 = DIRECTION ( 'NONE',  ( -1.000000000000000000, 0.000000000000000000, 0.000000000000000000 ) ) ;
#2693 = VECTOR ( 'NONE', #5998, 1000.000000000000000 ) ;
#2694 = DIRECTION ( 'NONE',  ( 0.000000000000000000, 0.000000000000000000, -1.000000000000000000 ) ) ;
#2695 = ORIENTED_EDGE ( 'NONE', *, *, #6451, .F. ) ;
#2696 = FACE_BOUND ( 'NONE', #4523, .T. ) ;
#2697 = CARTESIAN_POINT ( 'NONE',  ( 3.483934743577099535, -2.186478501046042577, -12.50000000000000178 ) ) ;
#2698 = ORIENTED_EDGE ( 'NONE', *, *, #3842, .T. ) ;
#2699 = DIRECTION ( 'NONE',  ( -0.000000000000000000, -0.000000000000000000, -1.000000000000000000 ) ) ;
#2700 = EDGE_CURVE ( 'NONE', #3963, #4565, #2514, .T. ) ;
#2701 = CARTESIAN_POINT ( 'NONE',  ( 0.000000000000000000, 0.000000000000000000, -10.80000000000000071 ) ) ;
#2702 = DIRECTION ( 'NONE',  ( -0.000000000000000000, -0.000000000000000000, 1.000000000000000000 ) ) ;
#2703 = ORIENTED_EDGE ( 'NONE', *, *, #5662, .F. ) ;
#2704 = EDGE_LOOP ( 'NONE', ( #921, #5645, #4626, #4533 ) ) ;
#2705 = ORIENTED_EDGE ( 'NONE', *, *, #2598, .T. ) ;
#2706 = VECTOR ( 'NONE', #5125, 1000.000000000000000 ) ;
#2707 = DIRECTION ( 'NONE',  ( 0.000000000000000000, 0.000000000000000000, -1.000000000000000000 ) ) ;
#2708 = EDGE_CURVE ( 'NONE', #181, #935, #932, .T. ) ;
#2709 = CARTESIAN_POINT ( 'NONE',  ( 0.000000000000000000, -19.80000000000000071, -11.50000000000000000 ) ) ;
#2710 = DIRECTION ( 'NONE',  ( 1.000000000000000000, 0.000000000000000000, 0.000000000000000000 ) ) ;
#2711 = ORIENTED_EDGE ( 'NONE', *, *, #3216, .T. ) ;
#2712 = FACE_OUTER_BOUND ( 'NONE', #929, .T. ) ;
#2713 = DIRECTION ( 'NONE',  ( 0.000000000000000000, 0.000000000000000000, -1.000000000000000000 ) ) ;
#2714 = ORIENTED_EDGE ( 'NONE', *, *, #3349, .T. ) ;
#2715 = ORIENTED_EDGE ( 'NONE', *, *, #5866, .T. ) ;
#2716 = DIRECTION ( 'NONE',  ( 0.000000000000000000, 0.000000000000000000, -1.000000000000000000 ) ) ;
#2717 = EDGE_CURVE ( 'NONE', #4937, #6798, #639, .T. ) ;
#2718 = DIRECTION ( 'NONE',  ( -0.000000000000000000, 0.000000000000000000, 1.000000000000000000 ) ) ;
#2719 = CARTESIAN_POINT ( 'NONE',  ( 0.000000000000000000, 0.000000000000000000, -13.40000000000000036 ) ) ;
#2720 = LINE ( 'NONE', #3357, #226 ) ;
#2721 = ORIENTED_EDGE ( 'NONE', *, *, #5640, .F. ) ;
#2722 = VECTOR ( 'NONE', #4910, 1000.000000000000000 ) ;
#2723 = AXIS2_PLACEMENT_3D ( 'NONE', #5130, #2037, #3627 ) ;
#2724 = LINE ( 'NONE', #4822, #6137 ) ;
#2725 = AXIS2_PLACEMENT_3D ( 'NONE', #1701, #1660, #651 ) ;
#2726 = EDGE_LOOP ( 'NONE', ( #1874, #3085, #470, #4134 ) ) ;
#2727 = CARTESIAN_POINT ( 'NONE',  ( -11.00000000000000000, -32.00000000000000000, -10.39999999989049684 ) ) ;
#2728 = ADVANCED_FACE ( 'NONE', ( #3625 ), #545, .T. ) ;
#2729 = DIRECTION ( 'NONE',  ( -1.000000000000000000, 0.000000000000000000, 0.000000000000000000 ) ) ;
#2730 = AXIS2_PLACEMENT_3D ( 'NONE', #320, #2789, #2265 ) ;
#2731 = ORIENTED_EDGE ( 'NONE', *, *, #2796, .F. ) ;
#2732 = VECTOR ( 'NONE', #1147, 1000.000000000000000 ) ;
#2733 = CARTESIAN_POINT ( 'NONE',  ( -14.25000000000000000, -33.25000000000000000, -17.00000000000000711 ) ) ;
#2734 = CARTESIAN_POINT ( 'NONE',  ( 14.25000000000000000, -33.25000000000000000, -17.00000000000000000 ) ) ;
#2735 = ORIENTED_EDGE ( 'NONE', *, *, #241, .T. ) ;
#2736 = CARTESIAN_POINT ( 'NONE',  ( 0.6999999999999999556, 5.051732376126000013, -14.80000000000000071 ) ) ;
#2737 = LINE ( 'NONE', #4833, #1787 ) ;
#2738 = LINE ( 'NONE', #3710, #1974 ) ;
#2739 = EDGE_LOOP ( 'NONE', ( #4570, #6040, #2593, #3480, #191, #538, #2336, #5220, #3565, #103 ) ) ;
#2740 = ORIENTED_EDGE ( 'NONE', *, *, #1580, .T. ) ;
#2741 = EDGE_LOOP ( 'NONE', ( #4336, #5551, #6354, #4131, #2440, #16, #4020, #2645, #2974, #2801, #6336, #368, #6443, #4864, #2711, #6176, #369, #619, #5774, #4064, #4973, #6163, #2082, #4311, #4286, #3237, #5976, #1321, #717, #1686, #5878, #4322 ) ) ;
#2742 = ADVANCED_FACE ( 'NONE', ( #3110 ), #2101, .T. ) ;
#2743 = DIRECTION ( 'NONE',  ( -1.000000000000000000, 0.000000000000000000, 0.000000000000000000 ) ) ;
#2744 = DIRECTION ( 'NONE',  ( 1.000000000000000000, 0.000000000000000000, 0.000000000000000000 ) ) ;
#2745 = DIRECTION ( 'NONE',  ( 0.000000000000000000, 0.7071067811865474617, -0.7071067811865474617 ) ) ;
#2746 = VERTEX_POINT ( 'NONE', #6312 ) ;
#2747 = PLANE ( 'NONE',  #5166 ) ;
#2748 = DIRECTION ( 'NONE',  ( -0.000000000000000000, -0.000000000000000000, -1.000000000000000000 ) ) ;
#2749 = EDGE_LOOP ( 'NONE', ( #2705, #5560, #3548, #948 ) ) ;
#2750 = AXIS2_PLACEMENT_3D ( 'NONE', #1380, #249, #4044 ) ;
#2751 = VERTEX_POINT ( 'NONE', #6341 ) ;
#2752 = EDGE_CURVE ( 'NONE', #3970, #1950, #6726, .T. ) ;
#2753 = VECTOR ( 'NONE', #5296, 1000.000000000000000 ) ;
#2754 = CARTESIAN_POINT ( 'NONE',  ( 8.849999999999999645, -8.900000000000000355, -10.80000000000000071 ) ) ;
#2755 = LINE ( 'NONE', #4855, #1014 ) ;
#2756 = DIRECTION ( 'NONE',  ( 0.7071067811865475727, 0.7071067811865475727, 0.000000000000000000 ) ) ;
#2757 = VECTOR ( 'NONE', #3238, 1000.000000000000000 ) ;
#2758 = CARTESIAN_POINT ( 'NONE',  ( -14.25000000000000000, 9.250000000000000000, 0.000000000000000000 ) ) ;
#2759 = VECTOR ( 'NONE', #5770, 999.9999999999998863 ) ;
#2760 = ORIENTED_EDGE ( 'NONE', *, *, #406, .T. ) ;
#2761 = CARTESIAN_POINT ( 'NONE',  ( 14.25000000000000000, -33.25000000000000000, 0.000000000000000000 ) ) ;
#2762 = VECTOR ( 'NONE', #618, 1000.000000000000000 ) ;
#2763 = VECTOR ( 'NONE', #937, 1000.000000000000000 ) ;
#2764 = ORIENTED_EDGE ( 'NONE', *, *, #580, .F. ) ;
#2765 = DIRECTION ( 'NONE',  ( 1.000000000000000000, 0.000000000000000000, 0.000000000000000000 ) ) ;
#2766 = DIRECTION ( 'NONE',  ( 0.000000000000000000, 0.000000000000000000, -1.000000000000000000 ) ) ;
#2767 = CARTESIAN_POINT ( 'NONE',  ( -7.049999999999999822, 8.000000000000000000, -15.50000000000000000 ) ) ;
#2768 = VECTOR ( 'NONE', #2625, 1000.000000000000114 ) ;
#2769 = AXIS2_PLACEMENT_3D ( 'NONE', #2876, #835, #2355 ) ;
#2770 = CARTESIAN_POINT ( 'NONE',  ( -11.00000000000000000, 8.000000000000000000, -17.00000000000000000 ) ) ;
#2771 = VECTOR ( 'NONE', #6683, 1000.000000000000000 ) ;
#2772 = EDGE_CURVE ( 'NONE', #5545, #3070, #412, .T. ) ;
#2773 = EDGE_CURVE ( 'NONE', #3799, #431, #860, .T. ) ;
#2774 = EDGE_LOOP ( 'NONE', ( #5361, #3609 ) ) ;
#2775 = AXIS2_PLACEMENT_3D ( 'NONE', #519, #4216, #1007 ) ;
#2776 = DIRECTION ( 'NONE',  ( 1.000000000000000000, 0.000000000000000000, 0.000000000000000000 ) ) ;
#2777 = PLANE ( 'NONE',  #5491 ) ;
#2778 = ORIENTED_EDGE ( 'NONE', *, *, #2683, .T. ) ;
#2779 = ORIENTED_EDGE ( 'NONE', *, *, #1987, .T. ) ;
#2780 = AXIS2_PLACEMENT_3D ( 'NONE', #3862, #6520, #1801 ) ;
#2781 = ORIENTED_EDGE ( 'NONE', *, *, #1061, .T. ) ;
#2782 = CARTESIAN_POINT ( 'NONE',  ( 12.25000000000000000, 9.750000000000000000, -13.70000000000000107 ) ) ;
#2783 = DIRECTION ( 'NONE',  ( 0.000000000000000000, 0.000000000000000000, 1.000000000000000000 ) ) ;
#2784 = VECTOR ( 'NONE', #5145, 1000.000000000000000 ) ;
#2785 = LINE ( 'NONE', #3343, #260 ) ;
#2786 = EDGE_CURVE ( 'NONE', #3508, #3419, #2000, .T. ) ;
#2787 = VERTEX_POINT ( 'NONE', #3591 ) ;
#2788 = CARTESIAN_POINT ( 'NONE',  ( 12.25000000000000000, 9.750000000000000000, 0.000000000000000000 ) ) ;
#2789 = DIRECTION ( 'NONE',  ( 0.000000000000000000, 0.7071067811865475727, 0.7071067811865475727 ) ) ;
#2790 = AXIS2_PLACEMENT_3D ( 'NONE', #6078, #2287, #4390 ) ;
#2791 = EDGE_LOOP ( 'NONE', ( #6048, #4584 ) ) ;
#2792 = ORIENTED_EDGE ( 'NONE', *, *, #6071, .T. ) ;
#2793 = DIRECTION ( 'NONE',  ( 0.000000000000000000, 0.000000000000000000, -1.000000000000000000 ) ) ;
#2794 = DIRECTION ( 'NONE',  ( 1.000000000000000000, 0.000000000000000000, -0.000000000000000000 ) ) ;
#2795 = DIRECTION ( 'NONE',  ( -1.000000000000000000, -0.000000000000000000, -0.000000000000000000 ) ) ;
#2796 = EDGE_CURVE ( 'NONE', #4900, #2005, #6272, .T. ) ;
#2797 = AXIS2_PLACEMENT_3D ( 'NONE', #2639, #2057, #435 ) ;
#2798 = CYLINDRICAL_SURFACE ( 'NONE', #3978, 12.00000000000000000 ) ;
#2799 = ORIENTED_EDGE ( 'NONE', *, *, #4000, .F. ) ;
#2800 = CARTESIAN_POINT ( 'NONE',  ( -11.05000000060000254, -19.10000000000000142, -7.700000000000000178 ) ) ;
#2801 = ORIENTED_EDGE ( 'NONE', *, *, #6784, .T. ) ;
#2802 = DIRECTION ( 'NONE',  ( -0.000000000000000000, -0.000000000000000000, -1.000000000000000000 ) ) ;
#2803 = DIRECTION ( 'NONE',  ( -1.000000000000000000, 0.000000000000000000, 0.000000000000000000 ) ) ;
#2804 = ADVANCED_FACE ( 'NONE', ( #1067 ), #3660, .T. ) ;
#2805 = DIRECTION ( 'NONE',  ( -0.000000000000000000, 0.000000000000000000, 1.000000000000000000 ) ) ;
#2806 = FACE_OUTER_BOUND ( 'NONE', #722, .T. ) ;
#2807 = ORIENTED_EDGE ( 'NONE', *, *, #6436, .F. ) ;
#2808 = EDGE_CURVE ( 'NONE', #4402, #2207, #5230, .T. ) ;
#2809 = CARTESIAN_POINT ( 'NONE',  ( 0.000000000000000000, 0.000000000000000000, -15.40000000000000036 ) ) ;
#2810 = CARTESIAN_POINT ( 'NONE',  ( -10.44999999999999929, -9.099999999999999645, -6.200000000000001066 ) ) ;
#2811 = ORIENTED_EDGE ( 'NONE', *, *, #3738, .F. ) ;
#2812 = ORIENTED_EDGE ( 'NONE', *, *, #1728, .F. ) ;
#2813 = EDGE_LOOP ( 'NONE', ( #6266, #2131, #1657, #378 ) ) ;
#2814 = CARTESIAN_POINT ( 'NONE',  ( 9.149999999999998579, -32.00000000000000000, -10.80000000000000071 ) ) ;
#2815 = EDGE_CURVE ( 'NONE', #2151, #4561, #446, .T. ) ;
#2816 = EDGE_CURVE ( 'NONE', #1567, #5053, #175, .T. ) ;
#2817 = FACE_BOUND ( 'NONE', #4067, .T. ) ;
#2818 = DIRECTION ( 'NONE',  ( -1.000000000000000000, 0.000000000000000000, 0.000000000000000000 ) ) ;
#2819 = ORIENTED_EDGE ( 'NONE', *, *, #1799, .T. ) ;
#2820 = DIRECTION ( 'NONE',  ( -0.9659258262897273406, 0.2588190451000613734, 0.000000000000000000 ) ) ;
#2821 = DIRECTION ( 'NONE',  ( 0.000000000000000000, 0.000000000000000000, -1.000000000000000000 ) ) ;
#2822 = ORIENTED_EDGE ( 'NONE', *, *, #1680, .T. ) ;
#2823 = ORIENTED_EDGE ( 'NONE', *, *, #594, .T. ) ;
#2824 = VECTOR ( 'NONE', #6165, 1000.000000000000000 ) ;
#2825 = CARTESIAN_POINT ( 'NONE',  ( -13.30355339059263642, 9.065075759509136688, -11.50000000000000355 ) ) ;
#2826 = FACE_OUTER_BOUND ( 'NONE', #109, .T. ) ;
#2827 = CARTESIAN_POINT ( 'NONE',  ( 12.34999999999999964, -14.09999999999999964, -9.800000000000000711 ) ) ;
#2828 = CARTESIAN_POINT ( 'NONE',  ( 0.000000000000000000, -19.80000000000000071, -8.199999999999999289 ) ) ;
#2829 = ORIENTED_EDGE ( 'NONE', *, *, #600, .F. ) ;
#2830 = ADVANCED_FACE ( 'NONE', ( #6448 ), #6522, .T. ) ;
#2831 = CYLINDRICAL_SURFACE ( 'NONE', #3395, 9.099999999999999645 ) ;
#2832 = EDGE_CURVE ( 'NONE', #5802, #4250, #1137, .T. ) ;
#2833 = CYLINDRICAL_SURFACE ( 'NONE', #131, 2.399999999999999467 ) ;
#2834 = DIRECTION ( 'NONE',  ( -1.000000000000000000, 0.000000000000000000, 0.000000000000000000 ) ) ;
#2835 = FACE_BOUND ( 'NONE', #996, .T. ) ;
#2836 = CARTESIAN_POINT ( 'NONE',  ( -7.750000000000000000, 0.000000000000000000, -12.50000000000000000 ) ) ;
#2837 = VERTEX_POINT ( 'NONE', #107 ) ;
#2838 = ADVANCED_FACE ( 'NONE', ( #5919 ), #3059, .T. ) ;
#2839 = AXIS2_PLACEMENT_3D ( 'NONE', #1531, #363, #1396 ) ;
#2840 = CLOSED_SHELL ( 'NONE', ( #1269, #5818, #1039, #4726, #1190 ) ) ;
#2841 = LINE ( 'NONE', #3335, #1353 ) ;
#2842 = VECTOR ( 'NONE', #2795, 1000.000000000000000 ) ;
#2843 = ORIENTED_EDGE ( 'NONE', *, *, #2978, .T. ) ;
#2844 = EDGE_LOOP ( 'NONE', ( #177, #3919, #3516, #3733 ) ) ;
#2845 = AXIS2_PLACEMENT_3D ( 'NONE', #6802, #6100, #4587 ) ;
#2846 = ORIENTED_EDGE ( 'NONE', *, *, #4426, .T. ) ;
#2847 = ADVANCED_FACE ( 'NONE', ( #2304 ), #1637, .T. ) ;
#2848 = FACE_OUTER_BOUND ( 'NONE', #2256, .T. ) ;
#2849 = DIRECTION ( 'NONE',  ( 0.000000000000000000, 0.000000000000000000, -1.000000000000000000 ) ) ;
#2850 = LINE ( 'NONE', #5493, #5721 ) ;
#2851 = ORIENTED_EDGE ( 'NONE', *, *, #5984, .T. ) ;
#2852 = FACE_BOUND ( 'NONE', #5924, .T. ) ;
#2853 = VERTEX_POINT ( 'NONE', #4407 ) ;
#2854 = ORIENTED_EDGE ( 'NONE', *, *, #4076, .F. ) ;
#2855 = EDGE_CURVE ( 'NONE', #6160, #706, #2198, .T. ) ;
#2856 = EDGE_CURVE ( 'NONE', #5629, #4221, #1241, .T. ) ;
#2857 = CARTESIAN_POINT ( 'NONE',  ( 13.39999999999999858, -32.00000000000000000, -17.00000000000000000 ) ) ;
#2858 = LINE ( 'NONE', #4003, #6185 ) ;
#2859 = CARTESIAN_POINT ( 'NONE',  ( -8.349999999999999645, -8.900000000000000355, -17.00000000000000000 ) ) ;
#2860 = VERTEX_POINT ( 'NONE', #145 ) ;
#2861 = LINE ( 'NONE', #4412, #5399 ) ;
#2862 = ORIENTED_EDGE ( 'NONE', *, *, #5262, .F. ) ;
#2863 = CARTESIAN_POINT ( 'NONE',  ( -8.599999999999999645, -32.00000000000000000, -17.00000000000000000 ) ) ;
#2864 = PLANE ( 'NONE',  #3539 ) ;
#2865 = DIRECTION ( 'NONE',  ( -0.000000000000000000, 1.000000000000000000, 0.000000000000000000 ) ) ;
#2866 = CIRCLE ( 'NONE', #1209, 0.1999999999999996503 ) ;
#2867 = PLANE ( 'NONE',  #96 ) ;
#2868 = LINE ( 'NONE', #4963, #3089 ) ;
#2869 = PRODUCT_DEFINITION ( 'æ™', '', #1499, #2896 ) ;
#2870 = ADVANCED_FACE ( 'NONE', ( #6377 ), #4308, .T. ) ;
#2871 = DIRECTION ( 'NONE',  ( 0.000000000000000000, -0.000000000000000000, 1.000000000000000000 ) ) ;
#2872 = AXIS2_PLACEMENT_3D ( 'NONE', #2137, #108, #3731 ) ;
#2873 = VERTEX_POINT ( 'NONE', #583 ) ;
#2874 = CARTESIAN_POINT ( 'NONE',  ( -6.361960786218999964, -6.783469241813000039, -15.50000000000000000 ) ) ;
#2875 = AXIS2_PLACEMENT_3D ( 'NONE', #5435, #6671, #1234 ) ;
#2876 = CARTESIAN_POINT ( 'NONE',  ( 7.928094874415000604, -7.900000000000000355, -17.00000000000000711 ) ) ;
#2877 = AXIS2_PLACEMENT_3D ( 'NONE', #1461, #3566, #5656 ) ;
#2878 = LINE ( 'NONE', #836, #6155 ) ;
#2879 = EDGE_CURVE ( 'NONE', #2343, #2873, #5439, .T. ) ;
#2880 = EDGE_LOOP ( 'NONE', ( #1402, #2114, #2019, #4301 ) ) ;
#2881 = ORIENTED_EDGE ( 'NONE', *, *, #5198, .T. ) ;
#2882 = VERTEX_POINT ( 'NONE', #720 ) ;
#2883 = AXIS2_PLACEMENT_3D ( 'NONE', #5969, #2315, #3839 ) ;
#2884 = CONICAL_SURFACE ( 'NONE', #6735, 1.500000000021373125, 0.7853981633974482790 ) ;
#2885 = CARTESIAN_POINT ( 'NONE',  ( -12.55000000000000249, -19.80000000000000071, -8.199999999999999289 ) ) ;
#2886 = DIRECTION ( 'NONE',  ( 0.000000000000000000, 0.000000000000000000, 1.000000000000000000 ) ) ;
#2887 = CARTESIAN_POINT ( 'NONE',  ( 13.14999999998963176, 1.775737858757313312E-16, -10.09999999996580300 ) ) ;
#2888 = EDGE_CURVE ( 'NONE', #2961, #2184, #1518, .T. ) ;
#2889 = VERTEX_POINT ( 'NONE', #208 ) ;
#2890 = DIRECTION ( 'NONE',  ( 1.000000000000000000, 0.000000000000000000, -0.000000000000000000 ) ) ;
#2891 = VECTOR ( 'NONE', #1443, 1000.000000000000000 ) ;
#2892 = EDGE_LOOP ( 'NONE', ( #1258, #2387, #2127, #4378 ) ) ;
#2893 = EDGE_LOOP ( 'NONE', ( #4781, #1793, #5803, #5825 ) ) ;
#2894 = VECTOR ( 'NONE', #6367, 1000.000000000000000 ) ;
#2895 = CARTESIAN_POINT ( 'NONE',  ( -13.44999999999999929, 0.000000000000000000, -10.80000000000000071 ) ) ;
#2896 = PRODUCT_DEFINITION_CONTEXT ( 'detailed design', #688, 'design' ) ;
#2897 = DIRECTION ( 'NONE',  ( -0.000000000000000000, 0.000000000000000000, -1.000000000000000000 ) ) ;
#2898 = ADVANCED_FACE ( 'NONE', ( #5853 ), #3313, .T. ) ;
#2899 = EDGE_LOOP ( 'NONE', ( #4514, #1951, #2721, #790 ) ) ;
#2900 = ADVANCED_FACE ( 'NONE', ( #4275 ), #2164, .T. ) ;
#2901 = PLANE ( 'NONE',  #5171 ) ;
#2902 = ORIENTED_EDGE ( 'NONE', *, *, #1125, .F. ) ;
#2903 = CARTESIAN_POINT ( 'NONE',  ( -5.308444364885000155, -25.64286755311999855, -14.00000000000000000 ) ) ;
#2904 = CARTESIAN_POINT ( 'NONE',  ( -8.349999999999999645, -19.30000000000000071, -8.699999999999999289 ) ) ;
#2905 = CARTESIAN_POINT ( 'NONE',  ( 14.25000000000000000, 9.250000000000000000, 0.000000000000000000 ) ) ;
#2906 = EDGE_CURVE ( 'NONE', #4604, #1134, #1731, .T. ) ;
#2907 = FACE_OUTER_BOUND ( 'NONE', #5427, .T. ) ;
#2908 = LINE ( 'NONE', #3525, #1997 ) ;
#2909 = ORIENTED_EDGE ( 'NONE', *, *, #4544, .F. ) ;
#2910 = AXIS2_PLACEMENT_3D ( 'NONE', #5503, #789, #4988 ) ;
#2911 = PLANE ( 'NONE',  #887 ) ;
#2912 = CARTESIAN_POINT ( 'NONE',  ( -8.550000000000000711, -9.099999999999999645, -7.700000000000000178 ) ) ;
#2913 = DIRECTION ( 'NONE',  ( -1.000000000000000000, 0.000000000000000000, 0.000000000000000000 ) ) ;
#2914 = ORIENTED_EDGE ( 'NONE', *, *, #4045, .F. ) ;
#2915 = ORIENTED_EDGE ( 'NONE', *, *, #6605, .F. ) ;
#2916 = ADVANCED_FACE ( 'NONE', ( #5337 ), #5409, .T. ) ;
#2917 = ADVANCED_FACE ( 'NONE', ( #6415 ), #3797, .F. ) ;
#2918 = DIRECTION ( 'NONE',  ( -1.000000000000000000, 0.000000000000000000, 0.000000000000000000 ) ) ;
#2919 = LINE ( 'NONE', #1327, #4112 ) ;
#2920 = CARTESIAN_POINT ( 'NONE',  ( 12.55000000000000071, -19.80000000000000071, -10.80000000000000071 ) ) ;
#2921 = AXIS2_PLACEMENT_3D ( 'NONE', #849, #2958, #5016 ) ;
#2922 = ORIENTED_EDGE ( 'NONE', *, *, #915, .T. ) ;
#2923 = CARTESIAN_POINT ( 'NONE',  ( 9.699999999999999289, 8.000000000000000000, -10.30000000000000071 ) ) ;
#2924 = ORIENTED_EDGE ( 'NONE', *, *, #3683, .F. ) ;
#2925 = EDGE_LOOP ( 'NONE', ( #2492, #1031, #3365, #6478 ) ) ;
#2926 = FACE_OUTER_BOUND ( 'NONE', #4269, .T. ) ;
#2927 = LINE ( 'NONE', #4445, #2334 ) ;
#2928 = FACE_OUTER_BOUND ( 'NONE', #4871, .T. ) ;
#2929 = VERTEX_POINT ( 'NONE', #3966 ) ;
#2930 = LINE ( 'NONE', #5568, #5555 ) ;
#2931 = ORIENTED_EDGE ( 'NONE', *, *, #3828, .T. ) ;
#2932 = EDGE_CURVE ( 'NONE', #882, #4956, #1268, .T. ) ;
#2933 = FACE_OUTER_BOUND ( 'NONE', #4573, .T. ) ;
#2934 = CARTESIAN_POINT ( 'NONE',  ( 12.55000000000000071, -19.80000000000000071, -11.50000000000000000 ) ) ;
#2935 = DIRECTION ( 'NONE',  ( 1.000000000000000000, 0.000000000000000000, -0.000000000000000000 ) ) ;
#2936 = DIRECTION ( 'NONE',  ( 0.000000000000000000, 0.000000000000000000, -1.000000000000000000 ) ) ;
#2937 = ORIENTED_EDGE ( 'NONE', *, *, #1337, .F. ) ;
#2938 = EDGE_CURVE ( 'NONE', #3379, #1567, #5600, .T. ) ;
#2939 = EDGE_CURVE ( 'NONE', #4030, #4049, #376, .T. ) ;
#2940 = CARTESIAN_POINT ( 'NONE',  ( 0.000000000000000000, -8.400000000000000355, -8.199999999999999289 ) ) ;
#2941 = DIRECTION ( 'NONE',  ( -1.000000000000000000, 0.000000000000000000, 0.000000000000000000 ) ) ;
#2942 = ORIENTED_EDGE ( 'NONE', *, *, #6713, .T. ) ;
#2943 = CARTESIAN_POINT ( 'NONE',  ( -6.995534289816739637, 9.749999999999907629, -13.70000000000000107 ) ) ;
#2944 = CARTESIAN_POINT ( 'NONE',  ( -12.55000000000000071, -20.30000000000000071, -8.199999999999999289 ) ) ;
#2945 = VERTEX_POINT ( 'NONE', #2370 ) ;
#2946 = ORIENTED_EDGE ( 'NONE', *, *, #607, .F. ) ;
#2947 = CIRCLE ( 'NONE', #1405, 1.850000000000000977 ) ;
#2948 = VECTOR ( 'NONE', #6481, 1000.000000000000114 ) ;
#2949 = LINE ( 'NONE', #5041, #3831 ) ;
#2950 = CARTESIAN_POINT ( 'NONE',  ( -13.44999999999999929, 8.918629150101999414, -10.80000000000000071 ) ) ;
#2951 = ORIENTED_EDGE ( 'NONE', *, *, #793, .F. ) ;
#2952 = LINE ( 'NONE', #1263, #1213 ) ;
#2953 = CIRCLE ( 'NONE', #2396, 6.900000000000000355 ) ;
#2954 = EDGE_CURVE ( 'NONE', #3384, #3546, #1895, .T. ) ;
#2955 = ORIENTED_EDGE ( 'NONE', *, *, #1149, .F. ) ;
#2956 = VECTOR ( 'NONE', #2377, 999.9999999999998863 ) ;
#2957 = VERTEX_POINT ( 'NONE', #4578 ) ;
#2958 = DIRECTION ( 'NONE',  ( -0.7071067811865475727, 0.000000000000000000, -0.7071067811865475727 ) ) ;
#2959 = CARTESIAN_POINT ( 'NONE',  ( 12.94999999999999929, 8.711522368915000314, -11.50000000000000355 ) ) ;
#2960 = CARTESIAN_POINT ( 'NONE',  ( 12.55000000000000249, -19.80000000000000071, -8.199999999999999289 ) ) ;
#2961 = VERTEX_POINT ( 'NONE', #3418 ) ;
#2962 = EDGE_CURVE ( 'NONE', #3674, #4837, #5467, .T. ) ;
#2963 = FACE_BOUND ( 'NONE', #1889, .T. ) ;
#2964 = ORIENTED_EDGE ( 'NONE', *, *, #3613, .F. ) ;
#2965 = DIRECTION ( 'NONE',  ( 0.7071067811865474617, -0.7071067811865474617, 0.000000000000000000 ) ) ;
#2966 = DIRECTION ( 'NONE',  ( 1.000000000000000000, 0.000000000000000000, 0.000000000000000000 ) ) ;
#2967 = CARTESIAN_POINT ( 'NONE',  ( 4.019999999999914309, 8.163920626757766641, -14.68607937324123291 ) ) ;
#2968 = CIRCLE ( 'NONE', #3850, 6.900000000000000355 ) ;
#2969 = FACE_OUTER_BOUND ( 'NONE', #1427, .T. ) ;
#2970 = DIRECTION ( 'NONE',  ( -1.000000000000000000, 0.000000000000000000, 0.000000000000000000 ) ) ;
#2971 = ORIENTED_EDGE ( 'NONE', *, *, #2359, .T. ) ;
#2972 = AXIS2_PLACEMENT_3D ( 'NONE', #4386, #5479, #3941 ) ;
#2973 = DIRECTION ( 'NONE',  ( 0.000000000000000000, 0.000000000000000000, 1.000000000000000000 ) ) ;
#2974 = ORIENTED_EDGE ( 'NONE', *, *, #397, .T. ) ;
#2975 = LINE ( 'NONE', #387, #6083 ) ;
#2976 = EDGE_CURVE ( 'NONE', #5334, #5005, #5050, .T. ) ;
#2977 = DIRECTION ( 'NONE',  ( -0.000000000000000000, -1.000000000000000000, -0.000000000000000000 ) ) ;
#2978 = EDGE_CURVE ( 'NONE', #3010, #156, #6056, .T. ) ;
#2979 = VECTOR ( 'NONE', #3496, 1000.000000000000000 ) ;
#2980 = ORIENTED_EDGE ( 'NONE', *, *, #891, .F. ) ;
#2981 = ORIENTED_EDGE ( 'NONE', *, *, #3822, .T. ) ;
#2982 = AXIS2_PLACEMENT_3D ( 'NONE', #5927, #3323, #1206 ) ;
#2983 = DIRECTION ( 'NONE',  ( -0.7071067811865474617, 0.000000000000000000, -0.7071067811865474617 ) ) ;
#2984 = CYLINDRICAL_SURFACE ( 'NONE', #356, 2.399999999999999467 ) ;
#2985 = CARTESIAN_POINT ( 'NONE',  ( -3.483934743577000059, -2.186478501046099865, -12.50000000000000178 ) ) ;
#2986 = EDGE_LOOP ( 'NONE', ( #1530, #2073, #4539, #5603 ) ) ;
#2987 = CARTESIAN_POINT ( 'NONE',  ( -14.25000000000000000, -8.900000000000000355, -17.00000000000000000 ) ) ;
#2988 = VERTEX_POINT ( 'NONE', #853 ) ;
#2989 = VECTOR ( 'NONE', #6430, 1000.000000000000000 ) ;
#2990 = CIRCLE ( 'NONE', #1226, 12.00000000000000000 ) ;
#2991 = ORIENTED_EDGE ( 'NONE', *, *, #452, .T. ) ;
#2992 = CARTESIAN_POINT ( 'NONE',  ( 0.000000000000000000, 0.000000000000000000, -15.50000000000000000 ) ) ;
#2993 = CARTESIAN_POINT ( 'NONE',  ( -4.093089191076961342, -3.244290826557051588, -14.80000000000000071 ) ) ;
#2994 = DIRECTION ( 'NONE',  ( -1.000000000000000000, 0.000000000000000000, 0.000000000000000000 ) ) ;
#2995 = ORIENTED_EDGE ( 'NONE', *, *, #5874, .F. ) ;
#2996 = ORIENTED_EDGE ( 'NONE', *, *, #6465, .F. ) ;
#2997 = ORIENTED_EDGE ( 'NONE', *, *, #791, .T. ) ;
#2998 = VECTOR ( 'NONE', #4365, 1000.000000000000000 ) ;
#2999 = EDGE_CURVE ( 'NONE', #2873, #1419, #819, .T. ) ;
#3000 = CARTESIAN_POINT ( 'NONE',  ( 11.91862915010000101, 10.44999999999999929, -10.80000000000000071 ) ) ;
#3001 = ADVANCED_FACE ( 'NONE', ( #2928 ), #5989, .F. ) ;
#3002 = CARTESIAN_POINT ( 'NONE',  ( -13.44999999999999929, -8.400000000000000355, -10.79999999999999893 ) ) ;
#3003 = DIRECTION ( 'NONE',  ( 0.000000000000000000, 0.000000000000000000, -1.000000000000000000 ) ) ;
#3004 = LINE ( 'NONE', #2482, #4513 ) ;
#3005 = PLANE ( 'NONE',  #1450 ) ;
#3006 = CARTESIAN_POINT ( 'NONE',  ( 7.024736428839311486, -8.335171464272219666, -15.50000000000000000 ) ) ;
#3007 = CARTESIAN_POINT ( 'NONE',  ( 6.099999999999999645, 7.470345474798854293E-16, -15.40000000000000036 ) ) ;
#3008 = ADVANCED_FACE ( 'NONE', ( #3383 ), #5018, .T. ) ;
#3009 = DIRECTION ( 'NONE',  ( -0.000000000000000000, -0.000000000000000000, 1.000000000000000000 ) ) ;
#3010 = VERTEX_POINT ( 'NONE', #4476 ) ;
#3011 = LINE ( 'NONE', #5170, #5142 ) ;
#3012 = DIRECTION ( 'NONE',  ( -0.7071067811865474617, 0.000000000000000000, 0.7071067811865474617 ) ) ;
#3013 = VERTEX_POINT ( 'NONE', #2960 ) ;
#3014 = AXIS2_PLACEMENT_3D ( 'NONE', #6470, #712, #2818 ) ;
#3015 = ORIENTED_EDGE ( 'NONE', *, *, #3932, .T. ) ;
#3016 = EDGE_CURVE ( 'NONE', #3376, #3023, #4036, .T. ) ;
#3017 = DIRECTION ( 'NONE',  ( -1.000000000000000000, 0.000000000000000000, 0.000000000000000000 ) ) ;
#3018 = DIRECTION ( 'NONE',  ( 0.7071067811865472397, 0.7071067811865479058, 0.000000000000000000 ) ) ;
#3019 = DIRECTION ( 'NONE',  ( 0.000000000000000000, -0.000000000000000000, -1.000000000000000000 ) ) ;
#3020 = ORIENTED_EDGE ( 'NONE', *, *, #471, .T. ) ;
#3021 = DIRECTION ( 'NONE',  ( -0.2588190451024081629, -0.9659258262890983993, 0.000000000000000000 ) ) ;
#3022 = ORIENTED_EDGE ( 'NONE', *, *, #4909, .F. ) ;
#3023 = VERTEX_POINT ( 'NONE', #4446 ) ;
#3024 = ADVANCED_FACE ( 'NONE', ( #240 ), #4510, .T. ) ;
#3025 = EDGE_CURVE ( 'NONE', #2357, #6739, #589, .T. ) ;
#3026 = DIRECTION ( 'NONE',  ( 0.7071067811865489050, -0.7071067811865460184, 0.000000000000000000 ) ) ;
#3027 = LINE ( 'NONE', #6300, #4670 ) ;
#3028 = CARTESIAN_POINT ( 'NONE',  ( -11.00000000000000000, 8.000000000000000000, -10.30000000001064109 ) ) ;
#3029 = DIRECTION ( 'NONE',  ( -0.000000000000000000, -0.000000000000000000, 1.000000000000000000 ) ) ;
#3030 = VERTEX_POINT ( 'NONE', #5089 ) ;
#3031 = ORIENTED_EDGE ( 'NONE', *, *, #2700, .T. ) ;
#3032 = ORIENTED_EDGE ( 'NONE', *, *, #3016, .T. ) ;
#3033 = DIRECTION ( 'NONE',  ( -0.000000000000000000, 1.000000000000000000, 0.000000000000000000 ) ) ;
#3034 = CARTESIAN_POINT ( 'NONE',  ( -7.349999999999999645, -7.900000000000000355, -11.50000000000000000 ) ) ;
#3035 = DIRECTION ( 'NONE',  ( 0.000000000000000000, 0.000000000000000000, -1.000000000000000000 ) ) ;
#3036 = LINE ( 'NONE', #5651, #1539 ) ;
#3037 = DIRECTION ( 'NONE',  ( 0.000000000000000000, 0.000000000000000000, -1.000000000000000000 ) ) ;
#3038 = EDGE_CURVE ( 'NONE', #2226, #6409, #3900, .T. ) ;
#3039 = ADVANCED_FACE ( 'NONE', ( #1829 ), #1303, .T. ) ;
#3040 = CARTESIAN_POINT ( 'NONE',  ( 4.019999999999999574, 0.000000000000000000, -17.00000000000000000 ) ) ;
#3041 = AXIS2_PLACEMENT_3D ( 'NONE', #38, #4273, #6339 ) ;
#3042 = CARTESIAN_POINT ( 'NONE',  ( -11.71152236890999987, -33.95000000000000284, -10.79999999999999716 ) ) ;
#3043 = FACE_OUTER_BOUND ( 'NONE', #742, .T. ) ;
#3044 = CARTESIAN_POINT ( 'NONE',  ( 13.39999999999999858, 8.000000000000000000, -17.00000000000000000 ) ) ;
#3045 = CARTESIAN_POINT ( 'NONE',  ( -4.019999999999999574, 8.163920626757999344, -14.68607937324000012 ) ) ;
#3046 = EDGE_CURVE ( 'NONE', #2005, #3258, #6652, .T. ) ;
#3047 = ORIENTED_EDGE ( 'NONE', *, *, #978, .T. ) ;
#3048 = ORIENTED_EDGE ( 'NONE', *, *, #3216, .F. ) ;
#3049 = CARTESIAN_POINT ( 'NONE',  ( 8.599999999999999645, -32.00000000000000000, -17.00000000000000000 ) ) ;
#3050 = CARTESIAN_POINT ( 'NONE',  ( -0.6999999999999999556, 0.000000000000000000, -14.80000000000000071 ) ) ;
#3051 = LINE ( 'NONE', #5869, #5404 ) ;
#3052 = EDGE_LOOP ( 'NONE', ( #3706, #1605, #806, #1942 ) ) ;
#3053 = DIRECTION ( 'NONE',  ( 0.000000000000000000, 0.000000000000000000, -1.000000000000000000 ) ) ;
#3054 = ADVANCED_FACE ( 'NONE', ( #2542 ), #537, .T. ) ;
#3055 = ORIENTED_EDGE ( 'NONE', *, *, #1748, .T. ) ;
#3056 = VECTOR ( 'NONE', #324, 1000.000000000000000 ) ;
#3057 = VECTOR ( 'NONE', #4278, 1000.000000000000000 ) ;
#3058 = ORIENTED_EDGE ( 'NONE', *, *, #4434, .T. ) ;
#3059 = CONICAL_SURFACE ( 'NONE', #525, 1.849999999915780124, 0.7853981636816653733 ) ;
#3060 = CARTESIAN_POINT ( 'NONE',  ( 0.000000000000000000, 0.000000000000000000, -16.00000000000000000 ) ) ;
#3061 = LINE ( 'NONE', #1508, #4043 ) ;
#3062 = VECTOR ( 'NONE', #2699, 1000.000000000000000 ) ;
#3063 = VECTOR ( 'NONE', #5073, 1000.000000000000000 ) ;
#3064 = CARTESIAN_POINT ( 'NONE',  ( 12.59999999999999964, 0.000000000000000000, -10.09999999999999964 ) ) ;
#3065 = VECTOR ( 'NONE', #1526, 1000.000000000000000 ) ;
#3066 = FACE_OUTER_BOUND ( 'NONE', #100, .T. ) ;
#3067 = ORIENTED_EDGE ( 'NONE', *, *, #3397, .F. ) ;
#3068 = VECTOR ( 'NONE', #2349, 1000.000000000000000 ) ;
#3069 = EDGE_CURVE ( 'NONE', #2130, #5158, #1444, .T. ) ;
#3070 = VERTEX_POINT ( 'NONE', #6159 ) ;
#3071 = EDGE_CURVE ( 'NONE', #3887, #1939, #3243, .T. ) ;
#3072 = VERTEX_POINT ( 'NONE', #6230 ) ;
#3073 = LINE ( 'NONE', #2098, #4581 ) ;
#3074 = CARTESIAN_POINT ( 'NONE',  ( 0.6999999999999999556, 4.951732376126000368, -15.69999999999999929 ) ) ;
#3075 = LINE ( 'NONE', #4754, #3621 ) ;
#3076 = LINE ( 'NONE', #968, #4728 ) ;
#3077 = EDGE_LOOP ( 'NONE', ( #6544, #4447, #5283, #4666 ) ) ;
#3078 = PLANE ( 'NONE',  #3654 ) ;
#3079 = PRODUCT_RELATED_PRODUCT_CATEGORY ( 'part', '', ( #2059 ) ) ;
#3080 = EDGE_CURVE ( 'NONE', #5793, #6267, #5097, .T. ) ;
#3081 = ORIENTED_EDGE ( 'NONE', *, *, #4410, .T. ) ;
#3082 = CARTESIAN_POINT ( 'NONE',  ( 4.105409372631320331, -3.025824496415984388, -15.40000000000000213 ) ) ;
#3083 = DIRECTION ( 'NONE',  ( -0.000000000000000000, -0.000000000000000000, -1.000000000000000000 ) ) ;
#3084 = AXIS2_PLACEMENT_3D ( 'NONE', #286, #2322, #1319 ) ;
#3085 = ORIENTED_EDGE ( 'NONE', *, *, #2509, .F. ) ;
#3086 = ORIENTED_EDGE ( 'NONE', *, *, #4141, .T. ) ;
#3087 = DIRECTION ( 'NONE',  ( -0.7071067811865474617, 0.000000000000000000, -0.7071067811865474617 ) ) ;
#3088 = CARTESIAN_POINT ( 'NONE',  ( 0.000000000000000000, 0.000000000000000000, -15.19999999999999929 ) ) ;
#3089 = VECTOR ( 'NONE', #1249, 1000.000000000000000 ) ;
#3090 = DIRECTION ( 'NONE',  ( 0.000000000000000000, 0.000000000000000000, 1.000000000000000000 ) ) ;
#3091 = ORIENTED_EDGE ( 'NONE', *, *, #3720, .F. ) ;
#3092 = DIRECTION ( 'NONE',  ( 0.000000000000000000, 0.000000000000000000, 1.000000000000000000 ) ) ;
#3093 = AXIS2_PLACEMENT_3D ( 'NONE', #3922, #4028, #3411 ) ;
#3094 = EDGE_LOOP ( 'NONE', ( #4701, #5488, #6369, #3620, #6711, #6583, #265, #684, #1142 ) ) ;
#3095 = VERTEX_POINT ( 'NONE', #5778 ) ;
#3096 = AXIS2_PLACEMENT_3D ( 'NONE', #3128, #6258, #1020 ) ;
#3097 = CARTESIAN_POINT ( 'NONE',  ( 12.55000000000000071, -7.900000000000000355, -8.199999999999999289 ) ) ;
#3098 = EDGE_CURVE ( 'NONE', #4138, #5242, #3584, .T. ) ;
#3099 = DIRECTION ( 'NONE',  ( 0.7071067811865472397, -0.7071067811865479058, 0.000000000000000000 ) ) ;
#3100 = CARTESIAN_POINT ( 'NONE',  ( -8.349999999999999645, -19.30000000000000071, -11.90000000000000036 ) ) ;
#3101 = EDGE_LOOP ( 'NONE', ( #3847, #6152 ) ) ;
#3102 = CIRCLE ( 'NONE', #3879, 1.499999999999999556 ) ;
#3103 = VECTOR ( 'NONE', #4316, 1000.000000000000000 ) ;
#3104 = VERTEX_POINT ( 'NONE', #505 ) ;
#3105 = ORIENTED_EDGE ( 'NONE', *, *, #3225, .F. ) ;
#3106 = AXIS2_PLACEMENT_3D ( 'NONE', #1592, #6696, #6275 ) ;
#3107 = VECTOR ( 'NONE', #2865, 1000.000000000000000 ) ;
#3108 = EDGE_CURVE ( 'NONE', #621, #3292, #6541, .T. ) ;
#3109 = CARTESIAN_POINT ( 'NONE',  ( 0.000000000000000000, 0.000000000000000000, -13.70000000000000107 ) ) ;
#3110 = FACE_OUTER_BOUND ( 'NONE', #6720, .T. ) ;
#3111 = DIRECTION ( 'NONE',  ( -0.7071067811865474617, 0.000000000000000000, 0.7071067811865474617 ) ) ;
#3112 = VECTOR ( 'NONE', #3551, 1000.000000000000000 ) ;
#3113 = DIRECTION ( 'NONE',  ( 1.000000000000000000, 0.000000000000000000, 0.000000000000000000 ) ) ;
#3114 = CARTESIAN_POINT ( 'NONE',  ( 0.000000000000000000, 0.000000000000000000, -14.69999999999999929 ) ) ;
#3115 = PLANE ( 'NONE',  #3214 ) ;
#3116 = VECTOR ( 'NONE', #3474, 1000.000000000000000 ) ;
#3117 = ORIENTED_EDGE ( 'NONE', *, *, #3744, .F. ) ;
#3118 = LINE ( 'NONE', #2588, #3065 ) ;
#3119 = AXIS2_PLACEMENT_3D ( 'NONE', #2042, #5583, #1464 ) ;
#3120 = CARTESIAN_POINT ( 'NONE',  ( -12.94999999999999929, 8.711522368915000314, -11.50000000000000355 ) ) ;
#3121 = VERTEX_POINT ( 'NONE', #992 ) ;
#3122 = ORIENTED_EDGE ( 'NONE', *, *, #5711, .T. ) ;
#3123 = DIRECTION ( 'NONE',  ( 0.000000000000000000, 0.000000000000000000, -1.000000000000000000 ) ) ;
#3124 = DIRECTION ( 'NONE',  ( 0.000000000000000000, 0.000000000000000000, 1.000000000000000000 ) ) ;
#3125 = DIRECTION ( 'NONE',  ( 0.000000000000000000, -1.000000000000000000, 0.000000000000000000 ) ) ;
#3126 = ORIENTED_EDGE ( 'NONE', *, *, #1521, .T. ) ;
#3127 = VECTOR ( 'NONE', #4804, 1000.000000000000000 ) ;
#3128 = CARTESIAN_POINT ( 'NONE',  ( 0.000000000000000000, 0.000000000000000000, -8.199999999999999289 ) ) ;
#3129 = ORIENTED_EDGE ( 'NONE', *, *, #5350, .F. ) ;
#3130 = EDGE_CURVE ( 'NONE', #6006, #4747, #2241, .T. ) ;
#3131 = VERTEX_POINT ( 'NONE', #4706 ) ;
#3132 = EDGE_CURVE ( 'NONE', #976, #5859, #6716, .T. ) ;
#3133 = DIRECTION ( 'NONE',  ( 0.000000000000000000, 0.000000000000000000, 1.000000000000000000 ) ) ;
#3134 = DIRECTION ( 'NONE',  ( 0.000000000000000000, 1.000000000000000000, -0.000000000000000000 ) ) ;
#3135 = CARTESIAN_POINT ( 'NONE',  ( -11.05000000060000254, -9.099999999999999645, -6.200000000000001066 ) ) ;
#3136 = DIRECTION ( 'NONE',  ( -1.000000000000000000, 0.000000000000000000, -0.000000000000000000 ) ) ;
#3137 = VERTEX_POINT ( 'NONE', #5120 ) ;
#3138 = EDGE_LOOP ( 'NONE', ( #4315, #1613 ) ) ;
#3139 = EDGE_LOOP ( 'NONE', ( #1497, #3457 ) ) ;
#3140 = EDGE_CURVE ( 'NONE', #3807, #5891, #926, .T. ) ;
#3141 = DIRECTION ( 'NONE',  ( 0.000000000000000000, 0.000000000000000000, 1.000000000000000000 ) ) ;
#3142 = LINE ( 'NONE', #39, #5186 ) ;
#3143 = DIRECTION ( 'NONE',  ( -1.000000000000000000, 0.000000000000000000, -0.000000000000000000 ) ) ;
#3144 = DIRECTION ( 'NONE',  ( 1.000000000000000000, 0.000000000000000000, 0.000000000000000000 ) ) ;
#3145 = VECTOR ( 'NONE', #6577, 1000.000000000000000 ) ;
#3146 = CARTESIAN_POINT ( 'NONE',  ( 11.00000000000000000, 8.000000000000000000, -17.00000000000000000 ) ) ;
#3147 = CARTESIAN_POINT ( 'NONE',  ( -5.164165701662765784, -4.576176636206793269, 57.88192229229999697 ) ) ;
#3148 = LINE ( 'NONE', #973, #2763 ) ;
#3149 = DIRECTION ( 'NONE',  ( -1.000000000000000000, 0.000000000000000000, 0.000000000000000000 ) ) ;
#3150 = ORIENTED_EDGE ( 'NONE', *, *, #4616, .F. ) ;
#3151 = DIRECTION ( 'NONE',  ( -0.000000000000000000, -0.000000000000000000, 1.000000000000000000 ) ) ;
#3152 = LINE ( 'NONE', #557, #4736 ) ;
#3153 = EDGE_CURVE ( 'NONE', #5387, #1538, #4612, .T. ) ;
#3154 = EDGE_CURVE ( 'NONE', #6007, #1971, #1914, .T. ) ;
#3155 = ORIENTED_EDGE ( 'NONE', *, *, #2078, .F. ) ;
#3156 = CARTESIAN_POINT ( 'NONE',  ( -4.350813898005999825, -22.06894199585000038, -14.00000000000000000 ) ) ;
#3157 = VECTOR ( 'NONE', #2503, 1000.000000000000000 ) ;
#3158 = PLANE ( 'NONE',  #4546 ) ;
#3159 = DIRECTION ( 'NONE',  ( -0.000000000000000000, -0.000000000000000000, 1.000000000000000000 ) ) ;
#3160 = VERTEX_POINT ( 'NONE', #1480 ) ;
#3161 = VERTEX_POINT ( 'NONE', #5674 ) ;
#3162 = EDGE_LOOP ( 'NONE', ( #2822, #2955, #2922, #2422 ) ) ;
#3163 = DIRECTION ( 'NONE',  ( -0.000000000000000000, -1.000000000000000000, -0.000000000000000000 ) ) ;
#3164 = FACE_OUTER_BOUND ( 'NONE', #927, .T. ) ;
#3165 = CARTESIAN_POINT ( 'NONE',  ( 8.349999999999999645, -17.79999999999999716, -17.00000000000000000 ) ) ;
#3166 = ADVANCED_FACE ( 'NONE', ( #3066 ), #5707, .F. ) ;
#3167 = ORIENTED_EDGE ( 'NONE', *, *, #2708, .F. ) ;
#3168 = FACE_OUTER_BOUND ( 'NONE', #3162, .T. ) ;
#3169 = DIRECTION ( 'NONE',  ( 0.000000000000000000, 0.000000000000000000, -1.000000000000000000 ) ) ;
#3170 = ORIENTED_EDGE ( 'NONE', *, *, #2808, .T. ) ;
#3171 = ORIENTED_EDGE ( 'NONE', *, *, #953, .T. ) ;
#3172 = VECTOR ( 'NONE', #1189, 1000.000000000000000 ) ;
#3173 = AXIS2_PLACEMENT_3D ( 'NONE', #620, #3800, #2070 ) ;
#3174 = DIRECTION ( 'NONE',  ( 0.000000000000000000, 0.000000000000000000, -1.000000000000000000 ) ) ;
#3175 = DIRECTION ( 'NONE',  ( 0.000000000000000000, 0.000000000000000000, -1.000000000000000000 ) ) ;
#3176 = DIRECTION ( 'NONE',  ( 0.000000000000000000, 0.000000000000000000, -1.000000000000000000 ) ) ;
#3177 = AXIS2_PLACEMENT_3D ( 'NONE', #1802, #1201, #5817 ) ;
#3178 = EDGE_CURVE ( 'NONE', #6464, #5947, #5256, .T. ) ;
#3179 = CARTESIAN_POINT ( 'NONE',  ( -8.050000000000000711, -13.05000000000000071, -12.19999999999999929 ) ) ;
#3180 = LINE ( 'NONE', #6345, #3057 ) ;
#3181 = DIRECTION ( 'NONE',  ( 0.000000000000000000, -1.000000000000000000, 0.000000000000000000 ) ) ;
#3182 = LINE ( 'NONE', #486, #239 ) ;
#3183 = VERTEX_POINT ( 'NONE', #2091 ) ;
#3184 = DIRECTION ( 'NONE',  ( 0.000000000000000000, 0.000000000000000000, 1.000000000000000000 ) ) ;
#3185 = CARTESIAN_POINT ( 'NONE',  ( 12.34999999999999964, -14.09999999999999964, -9.800000000000000711 ) ) ;
#3186 = AXIS2_PLACEMENT_3D ( 'NONE', #3974, #1416, #6693 ) ;
#3187 = ORIENTED_EDGE ( 'NONE', *, *, #6347, .F. ) ;
#3188 = DIRECTION ( 'NONE',  ( -0.000000000000000000, -0.000000000000000000, -1.000000000000000000 ) ) ;
#3189 = EDGE_CURVE ( 'NONE', #5805, #3988, #1543, .T. ) ;
#3190 = EDGE_CURVE ( 'NONE', #2029, #1150, #5760, .T. ) ;
#3191 = CARTESIAN_POINT ( 'NONE',  ( -4.019999999999999574, 9.750000000000000000, -13.00000000000000178 ) ) ;
#3192 = CARTESIAN_POINT ( 'NONE',  ( -9.699999999999999289, 8.000000000000000000, -17.00000000000000000 ) ) ;
#3193 = ORIENTED_EDGE ( 'NONE', *, *, #1977, .T. ) ;
#3194 = VERTEX_POINT ( 'NONE', #3165 ) ;
#3195 = EDGE_LOOP ( 'NONE', ( #784, #2381, #3655, #5423 ) ) ;
#3196 = VECTOR ( 'NONE', #4914, 1000.000000000000000 ) ;
#3197 = CARTESIAN_POINT ( 'NONE',  ( -8.849999999999999645, -8.900000000000000355, -10.79999999999999893 ) ) ;
#3198 = FACE_OUTER_BOUND ( 'NONE', #2741, .T. ) ;
#3199 = FACE_OUTER_BOUND ( 'NONE', #1185, .T. ) ;
#3200 = ORIENTED_EDGE ( 'NONE', *, *, #4271, .F. ) ;
#3201 = CARTESIAN_POINT ( 'NONE',  ( 9.149999999999998579, 8.000000000000000000, -10.80000000000000071 ) ) ;
#3202 = DIRECTION ( 'NONE',  ( 0.000000000000000000, -0.000000000000000000, 1.000000000000000000 ) ) ;
#3203 = AXIS2_PLACEMENT_3D ( 'NONE', #6344, #6484, #1663 ) ;
#3204 = VERTEX_POINT ( 'NONE', #1957 ) ;
#3205 = VECTOR ( 'NONE', #4591, 1000.000000000000000 ) ;
#3206 = ORIENTED_EDGE ( 'NONE', *, *, #2417, .T. ) ;
#3207 = AXIS2_PLACEMENT_3D ( 'NONE', #1502, #5111, #2018 ) ;
#3208 = LINE ( 'NONE', #4816, #502 ) ;
#3209 = AXIS2_PLACEMENT_3D ( 'NONE', #2011, #1011, #4184 ) ;
#3210 = LINE ( 'NONE', #5304, #26 ) ;
#3211 = DIRECTION ( 'NONE',  ( 0.000000000000000000, -0.000000000000000000, -1.000000000000000000 ) ) ;
#3212 = DIRECTION ( 'NONE',  ( 0.000000000000000000, 0.000000000000000000, 1.000000000000000000 ) ) ;
#3213 = VECTOR ( 'NONE', #82, 1000.000000000000000 ) ;
#3214 = AXIS2_PLACEMENT_3D ( 'NONE', #974, #2661, #1072 ) ;
#3215 = CARTESIAN_POINT ( 'NONE',  ( -11.71152236890999987, -33.95000000000000284, -61.32240000000000890 ) ) ;
#3216 = EDGE_CURVE ( 'NONE', #3072, #2853, #4072, .T. ) ;
#3217 = ORIENTED_EDGE ( 'NONE', *, *, #4410, .F. ) ;
#3218 = CARTESIAN_POINT ( 'NONE',  ( 8.349999999999999645, -19.30000000000000071, -17.00000000000000000 ) ) ;
#3219 = CARTESIAN_POINT ( 'NONE',  ( 8.849999999999999645, -19.30000000000000071, -10.80000000000000071 ) ) ;
#3220 = ORIENTED_EDGE ( 'NONE', *, *, #3567, .F. ) ;
#3221 = VECTOR ( 'NONE', #6550, 1000.000000000000000 ) ;
#3222 = DIRECTION ( 'NONE',  ( -1.000000000000000000, -0.000000000000000000, 0.000000000000000000 ) ) ;
#3223 = DIRECTION ( 'NONE',  ( 0.000000000000000000, 1.000000000000000000, 0.000000000000000000 ) ) ;
#3224 = ORIENTED_EDGE ( 'NONE', *, *, #4777, .T. ) ;
#3225 = EDGE_CURVE ( 'NONE', #6816, #3518, #3853, .T. ) ;
#3226 = AXIS2_PLACEMENT_3D ( 'NONE', #1363, #6085, #6542 ) ;
#3227 = DIRECTION ( 'NONE',  ( 0.000000000000000000, 0.000000000000000000, 1.000000000000000000 ) ) ;
#3228 = DIRECTION ( 'NONE',  ( 0.4990327298407822298, 0.8665831377009691749, -0.000000000000000000 ) ) ;
#3229 = CARTESIAN_POINT ( 'NONE',  ( 0.6999999999999999556, 3.051732376126000457, -14.80000000000000071 ) ) ;
#3230 = ORIENTED_EDGE ( 'NONE', *, *, #1435, .T. ) ;
#3231 = VERTEX_POINT ( 'NONE', #5946 ) ;
#3232 = VERTEX_POINT ( 'NONE', #3789 ) ;
#3233 = EDGE_CURVE ( 'NONE', #5700, #1223, #573, .T. ) ;
#3234 = DIRECTION ( 'NONE',  ( -0.000000000000000000, 1.000000000000000000, 0.000000000000000000 ) ) ;
#3235 = FACE_BOUND ( 'NONE', #1784, .T. ) ;
#3236 = DIRECTION ( 'NONE',  ( 0.000000000000000000, 0.000000000000000000, -1.000000000000000000 ) ) ;
#3237 = ORIENTED_EDGE ( 'NONE', *, *, #153, .T. ) ;
#3238 = DIRECTION ( 'NONE',  ( -0.000000000000000000, -0.000000000000000000, -1.000000000000000000 ) ) ;
#3239 = CARTESIAN_POINT ( 'NONE',  ( 0.000000000000000000, -15.30000000000000071, -17.00000000000000000 ) ) ;
#3240 = EDGE_LOOP ( 'NONE', ( #2461, #4140, #1005, #1139 ) ) ;
#3241 = ORIENTED_EDGE ( 'NONE', *, *, #5824, .T. ) ;
#3242 = EDGE_CURVE ( 'NONE', #398, #2609, #2785, .T. ) ;
#3243 = CIRCLE ( 'NONE', #2797, 6.900000000000000355 ) ;
#3244 = ADVANCED_FACE ( 'NONE', ( #1192 ), #3302, .T. ) ;
#3245 = LINE ( 'NONE', #3311, #1609 ) ;
#3246 = CARTESIAN_POINT ( 'NONE',  ( -12.06507575950849898, 10.30355339059349973, -11.50000000000000178 ) ) ;
#3247 = DIRECTION ( 'NONE',  ( 0.000000000000000000, 0.000000000000000000, -1.000000000000000000 ) ) ;
#3248 = DIRECTION ( 'NONE',  ( 1.000000000000000000, 4.336808689942025625E-15, 0.000000000000000000 ) ) ;
#3249 = ORIENTED_EDGE ( 'NONE', *, *, #1954, .F. ) ;
#3250 = CARTESIAN_POINT ( 'NONE',  ( 6.361960786218999964, -6.783469241813000039, -15.50000000000000711 ) ) ;
#3251 = ORIENTED_EDGE ( 'NONE', *, *, #4508, .T. ) ;
#3252 = LINE ( 'NONE', #5822, #2545 ) ;
#3253 = FACE_OUTER_BOUND ( 'NONE', #1762, .T. ) ;
#3254 = ORIENTED_EDGE ( 'NONE', *, *, #492, .F. ) ;
#3255 = DIRECTION ( 'NONE',  ( 0.7071067811865474617, 0.000000000000000000, -0.7071067811865474617 ) ) ;
#3256 = EDGE_CURVE ( 'NONE', #2325, #4154, #3356, .T. ) ;
#3257 = DIRECTION ( 'NONE',  ( -1.000000000000000000, 0.000000000000000000, 0.000000000000000000 ) ) ;
#3258 = VERTEX_POINT ( 'NONE', #3269 ) ;
#3259 = CARTESIAN_POINT ( 'NONE',  ( 4.019999999999999574, 0.000000000000000000, -15.50000000000000000 ) ) ;
#3260 = CARTESIAN_POINT ( 'NONE',  ( 0.000000000000000000, -19.30000000000000071, -11.50000000000000000 ) ) ;
#3261 = DIRECTION ( 'NONE',  ( 0.000000000000000000, -0.000000000000000000, 1.000000000000000000 ) ) ;
#3262 = EDGE_CURVE ( 'NONE', #1930, #5138, #1692, .T. ) ;
#3263 = ORIENTED_EDGE ( 'NONE', *, *, #4583, .F. ) ;
#3264 = ORIENTED_EDGE ( 'NONE', *, *, #5625, .F. ) ;
#3265 = ORIENTED_EDGE ( 'NONE', *, *, #5711, .F. ) ;
#3266 = CIRCLE ( 'NONE', #6232, 2.750000000000000000 ) ;
#3267 = DIRECTION ( 'NONE',  ( -1.000000000000000000, -0.000000000000000000, 0.000000000000000000 ) ) ;
#3268 = FACE_BOUND ( 'NONE', #5074, .T. ) ;
#3269 = CARTESIAN_POINT ( 'NONE',  ( 9.699999999999999289, -32.00000000000000000, -14.19999999999999929 ) ) ;
#3270 = VERTEX_POINT ( 'NONE', #1090 ) ;
#3271 = DIRECTION ( 'NONE',  ( 0.000000000000000000, 0.000000000000000000, -1.000000000000000000 ) ) ;
#3272 = FACE_BOUND ( 'NONE', #4162, .T. ) ;
#3273 = EDGE_LOOP ( 'NONE', ( #3433, #2122 ) ) ;
#3274 = ORIENTED_EDGE ( 'NONE', *, *, #1251, .T. ) ;
#3275 = DIRECTION ( 'NONE',  ( 0.000000000000000000, 0.000000000000000000, 1.000000000000000000 ) ) ;
#3276 = CARTESIAN_POINT ( 'NONE',  ( -11.00000000000000000, 8.000000000000000000, -10.40000000000418368 ) ) ;
#3277 = EDGE_CURVE ( 'NONE', #1598, #2659, #3753, .T. ) ;
#3278 = ADVANCED_FACE ( 'NONE', ( #4366 ), #4012, .T. ) ;
#3279 = DIRECTION ( 'NONE',  ( 1.000000000000000000, 0.000000000000000000, -0.000000000000000000 ) ) ;
#3280 = VERTEX_POINT ( 'NONE', #5877 ) ;
#3281 = AXIS2_PLACEMENT_3D ( 'NONE', #1648, #1055, #3750 ) ;
#3282 = LINE ( 'NONE', #5925, #2389 ) ;
#3283 = VECTOR ( 'NONE', #6616, 1000.000000000000000 ) ;
#3284 = VERTEX_POINT ( 'NONE', #5843 ) ;
#3285 = FACE_OUTER_BOUND ( 'NONE', #338, .T. ) ;
#3286 = DIRECTION ( 'NONE',  ( -0.000000000000000000, -0.000000000000000000, 1.000000000000000000 ) ) ;
#3287 = AXIS2_PLACEMENT_3D ( 'NONE', #3540, #5867, #53 ) ;
#3288 = AXIS2_PLACEMENT_3D ( 'NONE', #1060, #5880, #1615 ) ;
#3289 = CARTESIAN_POINT ( 'NONE',  ( 13.44999999999999929, -8.400000000000000355, -10.79999999999999893 ) ) ;
#3290 = DIRECTION ( 'NONE',  ( 0.000000000000000000, 0.000000000000000000, -1.000000000000000000 ) ) ;
#3291 = APPLICATION_CONTEXT ( 'automotive_design' ) ;
#3292 = VERTEX_POINT ( 'NONE', #2156 ) ;
#3293 = EDGE_CURVE ( 'NONE', #1734, #4579, #5360, .T. ) ;
#3294 = DIRECTION ( 'NONE',  ( 0.000000000000000000, -1.000000000000000000, -0.000000000000000000 ) ) ;
#3295 = DIRECTION ( 'NONE',  ( 0.000000000000000000, 0.000000000000000000, 1.000000000000000000 ) ) ;
#3296 = ORIENTED_EDGE ( 'NONE', *, *, #1492, .T. ) ;
#3297 = VERTEX_POINT ( 'NONE', #1722 ) ;
#3298 = ORIENTED_EDGE ( 'NONE', *, *, #4420, .F. ) ;
#3299 = EDGE_CURVE ( 'NONE', #6223, #3612, #4842, .T. ) ;
#3300 = CARTESIAN_POINT ( 'NONE',  ( 10.44999999999999929, -19.30000000000000071, -8.699999999999999289 ) ) ;
#3301 = DIRECTION ( 'NONE',  ( 1.000000000000000000, 0.000000000000000000, -0.000000000000000000 ) ) ;
#3302 = PLANE ( 'NONE',  #2132 ) ;
#3303 = ORIENTED_EDGE ( 'NONE', *, *, #3381, .T. ) ;
#3304 = FACE_OUTER_BOUND ( 'NONE', #1506, .T. ) ;
#3305 = DIRECTION ( 'NONE',  ( 0.000000000000000000, 1.000000000000000000, 0.000000000000000000 ) ) ;
#3306 = VERTEX_POINT ( 'NONE', #1612 ) ;
#3307 = EDGE_LOOP ( 'NONE', ( #4710, #5902, #3296, #3047 ) ) ;
#3308 = CIRCLE ( 'NONE', #6494, 2.750000000000000000 ) ;
#3309 = AXIS2_PLACEMENT_3D ( 'NONE', #3463, #5543, #2935 ) ;
#3310 = ADVANCED_FACE ( 'NONE', ( #5395 ), #1477, .T. ) ;
#3311 = CARTESIAN_POINT ( 'NONE',  ( 13.44999999999999929, 8.918629150101999414, -11.50000000000000000 ) ) ;
#3312 = PLANE ( 'NONE',  #2553 ) ;
#3313 = CYLINDRICAL_SURFACE ( 'NONE', #3177, 1.850000000000000977 ) ;
#3314 = AXIS2_PLACEMENT_3D ( 'NONE', #6553, #273, #754 ) ;
#3315 = AXIS2_PLACEMENT_3D ( 'NONE', #5547, #6563, #6666 ) ;
#3316 = CARTESIAN_POINT ( 'NONE',  ( 4.266405818616999746, -3.144484280588999869, -14.80000000000000071 ) ) ;
#3317 = ORIENTED_EDGE ( 'NONE', *, *, #6560, .F. ) ;
#3318 = FACE_OUTER_BOUND ( 'NONE', #2399, .T. ) ;
#3319 = ADVANCED_FACE ( 'NONE', ( #3199 ), #2187, .F. ) ;
#3320 = AXIS2_PLACEMENT_3D ( 'NONE', #715, #2821, #4915 ) ;
#3321 = AXIS2_PLACEMENT_3D ( 'NONE', #6422, #5312, #5378 ) ;
#3322 = ORIENTED_EDGE ( 'NONE', *, *, #936, .T. ) ;
#3323 = DIRECTION ( 'NONE',  ( 0.000000000000000000, 0.000000000000000000, -1.000000000000000000 ) ) ;
#3324 = CARTESIAN_POINT ( 'NONE',  ( 13.44999999999999929, -32.91862915010000989, -10.80000000000000071 ) ) ;
#3325 = LINE ( 'NONE', #1312, #5937 ) ;
#3326 = VECTOR ( 'NONE', #4369, 1000.000000000000000 ) ;
#3327 = CYLINDRICAL_SURFACE ( 'NONE', #5177, 1.300000000000000711 ) ;
#3328 = AXIS2_PLACEMENT_3D ( 'NONE', #6383, #5344, #4350 ) ;
#3329 = ORIENTED_EDGE ( 'NONE', *, *, #1589, .F. ) ;
#3330 = EDGE_CURVE ( 'NONE', #5970, #3161, #4335, .T. ) ;
#3331 = ADVANCED_FACE ( 'NONE', ( #4776 ), #6439, .T. ) ;
#3332 = VECTOR ( 'NONE', #5544, 1000.000000000000114 ) ;
#3333 = AXIS2_PLACEMENT_3D ( 'NONE', #375, #2369, #4987 ) ;
#3334 = DIRECTION ( 'NONE',  ( 1.000000000000000000, 0.000000000000000000, -0.000000000000000000 ) ) ;
#3335 = CARTESIAN_POINT ( 'NONE',  ( -12.30000000000000071, -32.00000000000000000, -17.00000000000000000 ) ) ;
#3336 = ORIENTED_EDGE ( 'NONE', *, *, #2258, .T. ) ;
#3337 = VERTEX_POINT ( 'NONE', #1650 ) ;
#3338 = AXIS2_PLACEMENT_3D ( 'NONE', #740, #2849, #4941 ) ;
#3339 = ORIENTED_EDGE ( 'NONE', *, *, #6378, .F. ) ;
#3340 = CARTESIAN_POINT ( 'NONE',  ( -7.849999999999999645, 0.000000000000000000, -8.199999999999999289 ) ) ;
#3341 = DIRECTION ( 'NONE',  ( 1.000000000000000000, 0.000000000000000000, -0.000000000000000000 ) ) ;
#3342 = AXIS2_PLACEMENT_3D ( 'NONE', #843, #5042, #6147 ) ;
#3343 = CARTESIAN_POINT ( 'NONE',  ( 10.44999999999999929, -9.099999999999999645, -10.69999999999999929 ) ) ;
#3344 = VERTEX_POINT ( 'NONE', #5328 ) ;
#3345 = DIRECTION ( 'NONE',  ( 0.000000000000000000, 0.000000000000000000, 1.000000000000000000 ) ) ;
#3346 = LINE ( 'NONE', #2458, #5065 ) ;
#3347 = ADVANCED_FACE ( 'NONE', ( #606 ), #844, .F. ) ;
#3348 = MECHANICAL_DESIGN_GEOMETRIC_PRESENTATION_REPRESENTATION (  '', ( #6499 ), #6419 ) ;
#3349 = EDGE_CURVE ( 'NONE', #5314, #2860, #1293, .T. ) ;
#3350 = EDGE_LOOP ( 'NONE', ( #2015, #2162, #6573, #2092 ) ) ;
#3351 = ORIENTED_EDGE ( 'NONE', *, *, #825, .T. ) ;
#3352 = DIRECTION ( 'NONE',  ( 0.000000000000000000, 0.000000000000000000, -1.000000000000000000 ) ) ;
#3353 = CARTESIAN_POINT ( 'NONE',  ( 13.39999999999999858, 8.000000000000000000, -14.19999999999999929 ) ) ;
#3354 = CARTESIAN_POINT ( 'NONE',  ( -7.147543729030999771, -25.15008236370000105, -14.00000000000000000 ) ) ;
#3355 = EDGE_CURVE ( 'NONE', #439, #81, #975, .T. ) ;
#3356 = CIRCLE ( 'NONE', #1813, 2.399999999999999467 ) ;
#3357 = CARTESIAN_POINT ( 'NONE',  ( -8.849999999999999645, -8.900000000000000355, -10.80000000000000071 ) ) ;
#3358 = VERTEX_POINT ( 'NONE', #3445 ) ;
#3359 = DIRECTION ( 'NONE',  ( -1.000000000000000000, 0.000000000000000000, 0.000000000000000000 ) ) ;
#3360 = ORIENTED_EDGE ( 'NONE', *, *, #3069, .T. ) ;
#3361 = DIRECTION ( 'NONE',  ( 0.000000000000000000, -1.000000000000000000, -0.000000000000000000 ) ) ;
#3362 = PLANE ( 'NONE',  #6289 ) ;
#3363 = CARTESIAN_POINT ( 'NONE',  ( 11.00000000000000000, 8.000000000000000000, -14.19999999999999929 ) ) ;
#3364 = DIRECTION ( 'NONE',  ( 1.000000000000000000, 0.000000000000000000, 0.000000000000000000 ) ) ;
#3365 = ORIENTED_EDGE ( 'NONE', *, *, #3330, .T. ) ;
#3366 = DIRECTION ( 'NONE',  ( 0.000000000000000000, 1.000000000000000000, -0.000000000000000000 ) ) ;
#3367 = CARTESIAN_POINT ( 'NONE',  ( -8.349999999999997868, -17.80000000000000071, -11.90000000000000036 ) ) ;
#3368 = ADVANCED_FACE ( 'NONE', ( #2362 ), #5557, .T. ) ;
#3369 = ORIENTED_EDGE ( 'NONE', *, *, #550, .F. ) ;
#3370 = EDGE_CURVE ( 'NONE', #5644, #2988, #231, .T. ) ;
#3371 = ORIENTED_EDGE ( 'NONE', *, *, #2014, .F. ) ;
#3372 = ORIENTED_EDGE ( 'NONE', *, *, #1905, .F. ) ;
#3373 = CARTESIAN_POINT ( 'NONE',  ( 8.349999999999999645, -17.80000000000000071, -10.80000000000000071 ) ) ;
#3374 = FACE_OUTER_BOUND ( 'NONE', #2880, .T. ) ;
#3375 = DIRECTION ( 'NONE',  ( 1.000000000000000000, 0.000000000000000000, 0.000000000000000000 ) ) ;
#3376 = VERTEX_POINT ( 'NONE', #5981 ) ;
#3377 = CARTESIAN_POINT ( 'NONE',  ( -13.44999999999999929, -19.80000000000000071, -10.79999999999999893 ) ) ;
#3378 = ORIENTED_EDGE ( 'NONE', *, *, #2816, .F. ) ;
#3379 = VERTEX_POINT ( 'NONE', #4397 ) ;
#3380 = VECTOR ( 'NONE', #6022, 1000.000000000000000 ) ;
#3381 = EDGE_CURVE ( 'NONE', #3231, #1196, #1261, .T. ) ;
#3382 = CARTESIAN_POINT ( 'NONE',  ( -11.00000000000000000, 8.000000000000000000, -14.19999999999999929 ) ) ;
#3383 = FACE_OUTER_BOUND ( 'NONE', #5550, .T. ) ;
#3384 = VERTEX_POINT ( 'NONE', #3475 ) ;
#3385 = LINE ( 'NONE', #4007, #4358 ) ;
#3386 = EDGE_LOOP ( 'NONE', ( #4830, #1476, #1091, #3801 ) ) ;
#3387 = CARTESIAN_POINT ( 'NONE',  ( 11.75000000000000000, 0.000000000000000000, -16.00000000000000000 ) ) ;
#3388 = CARTESIAN_POINT ( 'NONE',  ( 10.35000000179999979, -9.099999999999999645, -7.700000000000000178 ) ) ;
#3389 = ADVANCED_FACE ( 'NONE', ( #1918 ), #291, .T. ) ;
#3390 = CARTESIAN_POINT ( 'NONE',  ( 7.061511736714839671, -8.399032729842389244, -17.00000000000000711 ) ) ;
#3391 = LINE ( 'NONE', #4189, #5694 ) ;
#3392 = CARTESIAN_POINT ( 'NONE',  ( -8.550000000000000711, -19.10000000000000142, -10.69999999999999929 ) ) ;
#3393 = CYLINDRICAL_SURFACE ( 'NONE', #6404, 9.099999999999999645 ) ;
#3394 = VECTOR ( 'NONE', #6366, 1000.000000000000000 ) ;
#3395 = AXIS2_PLACEMENT_3D ( 'NONE', #757, #4347, #6527 ) ;
#3396 = ORIENTED_EDGE ( 'NONE', *, *, #6423, .T. ) ;
#3397 = EDGE_CURVE ( 'NONE', #4550, #3745, #553, .T. ) ;
#3398 = CIRCLE ( 'NONE', #3948, 1.300000000000000711 ) ;
#3399 = VECTOR ( 'NONE', #5894, 1000.000000000000114 ) ;
#3400 = CARTESIAN_POINT ( 'NONE',  ( 4.093089191077007527, -3.244290826557018725, -15.40000000000000391 ) ) ;
#3401 = DIRECTION ( 'NONE',  ( 0.000000000000000000, 0.000000000000000000, -1.000000000000000000 ) ) ;
#3402 = VECTOR ( 'NONE', #514, 1000.000000000000227 ) ;
#3403 = VERTEX_POINT ( 'NONE', #2920 ) ;
#3404 = ORIENTED_EDGE ( 'NONE', *, *, #2496, .F. ) ;
#3405 = CIRCLE ( 'NONE', #3186, 0.8500000000000000888 ) ;
#3406 = EDGE_LOOP ( 'NONE', ( #5416, #831, #942, #5000, #1984, #4258, #4607, #1399, #2778 ) ) ;
#3407 = EDGE_CURVE ( 'NONE', #1170, #6041, #5527, .T. ) ;
#3408 = EDGE_CURVE ( 'NONE', #2659, #5677, #6009, .T. ) ;
#3409 = DIRECTION ( 'NONE',  ( 0.000000000000000000, 0.000000000000000000, 1.000000000000000000 ) ) ;
#3410 = CARTESIAN_POINT ( 'NONE',  ( -7.049999999999929656, 9.710689985783758971, -13.70000000000000107 ) ) ;
#3411 = DIRECTION ( 'NONE',  ( -1.000000000000000000, 0.000000000000000000, 0.000000000000000000 ) ) ;
#3412 = VERTEX_POINT ( 'NONE', #1853 ) ;
#3413 = CARTESIAN_POINT ( 'NONE',  ( -6.161960786219000674, -6.783469241813000039, -61.32240000000000890 ) ) ;
#3414 = ORIENTED_EDGE ( 'NONE', *, *, #1589, .T. ) ;
#3415 = EDGE_LOOP ( 'NONE', ( #5124, #1546, #6717, #4692, #2045 ) ) ;
#3416 = CARTESIAN_POINT ( 'NONE',  ( -2.617351605875999798, -2.685511230887000167, -14.80000000000000071 ) ) ;
#3417 = CARTESIAN_POINT ( 'NONE',  ( -9.149999999974715692, -32.00000000000000000, -10.40000000000000213 ) ) ;
#3418 = CARTESIAN_POINT ( 'NONE',  ( -6.099999999999999645, 0.000000000000000000, -15.40000000000000036 ) ) ;
#3419 = VERTEX_POINT ( 'NONE', #6047 ) ;
#3420 = CIRCLE ( 'NONE', #5269, 1.000000000000000222 ) ;
#3421 = CARTESIAN_POINT ( 'NONE',  ( -12.30000000000000071, 8.000000000000000000, -14.19999999999999929 ) ) ;
#3422 = ORIENTED_EDGE ( 'NONE', *, *, #4624, .T. ) ;
#3423 = CARTESIAN_POINT ( 'NONE',  ( 0.000000000000000000, 0.000000000000000000, -15.40000000000000036 ) ) ;
#3424 = DIRECTION ( 'NONE',  ( 0.000000000000000000, 1.000000000000000000, 0.000000000000000000 ) ) ;
#3425 = LINE ( 'NONE', #3521, #3547 ) ;
#3426 = VECTOR ( 'NONE', #349, 1000.000000000000000 ) ;
#3427 = DIRECTION ( 'NONE',  ( 0.000000000000000000, -1.000000000000000000, -0.000000000000000000 ) ) ;
#3428 = AXIS2_PLACEMENT_3D ( 'NONE', #4263, #5907, #6368 ) ;
#3429 = PLANE ( 'NONE',  #1422 ) ;
#3430 = CARTESIAN_POINT ( 'NONE',  ( -10.35000000179999979, -19.10000000000000142, -6.200000000000001066 ) ) ;
#3431 = ADVANCED_FACE ( 'NONE', ( #1792 ), #2393, .T. ) ;
#3432 = AXIS2_PLACEMENT_3D ( 'NONE', #2874, #3982, #6074 ) ;
#3433 = ORIENTED_EDGE ( 'NONE', *, *, #1789, .T. ) ;
#3434 = FACE_OUTER_BOUND ( 'NONE', #6297, .T. ) ;
#3435 = VECTOR ( 'NONE', #3705, 1000.000000000000000 ) ;
#3436 = DIRECTION ( 'NONE',  ( -0.7071067811859765850, -0.7071067811871185604, 0.000000000000000000 ) ) ;
#3437 = VECTOR ( 'NONE', #4687, 1000.000000000000000 ) ;
#3438 = EDGE_CURVE ( 'NONE', #6226, #5114, #2850, .T. ) ;
#3439 = VERTEX_POINT ( 'NONE', #6086 ) ;
#3440 = ORIENTED_EDGE ( 'NONE', *, *, #617, .F. ) ;
#3441 = VECTOR ( 'NONE', #5864, 1000.000000000000000 ) ;
#3442 = VECTOR ( 'NONE', #2615, 1000.000000000000000 ) ;
#3443 = DIRECTION ( 'NONE',  ( 1.000000000000000000, 0.000000000000000000, 0.000000000000000000 ) ) ;
#3444 = DIRECTION ( 'NONE',  ( 0.000000000000000000, 0.000000000000000000, -1.000000000000000000 ) ) ;
#3445 = CARTESIAN_POINT ( 'NONE',  ( 10.25000000000000000, 1.836970198721030427E-16, -10.80000000000000071 ) ) ;
#3446 = ORIENTED_EDGE ( 'NONE', *, *, #2258, .F. ) ;
#3447 = LINE ( 'NONE', #743, #2088 ) ;
#3448 = CIRCLE ( 'NONE', #685, 1.300000000000000711 ) ;
#3449 = EDGE_CURVE ( 'NONE', #1133, #3204, #6608, .T. ) ;
#3450 = VERTEX_POINT ( 'NONE', #4538 ) ;
#3451 = VERTEX_POINT ( 'NONE', #2887 ) ;
#3452 = VECTOR ( 'NONE', #3124, 1000.000000000000000 ) ;
#3453 = DIRECTION ( 'NONE',  ( 0.000000000000000000, -0.000000000000000000, 1.000000000000000000 ) ) ;
#3454 = CARTESIAN_POINT ( 'NONE',  ( -12.55000000000000071, -8.400000000000000355, -10.80000000000000071 ) ) ;
#3455 = DIRECTION ( 'NONE',  ( -0.000000000000000000, 1.000000000000000000, 0.000000000000000000 ) ) ;
#3456 = AXIS2_PLACEMENT_3D ( 'NONE', #4052, #6795, #2010 ) ;
#3457 = ORIENTED_EDGE ( 'NONE', *, *, #404, .T. ) ;
#3458 = EDGE_CURVE ( 'NONE', #2837, #1064, #1821, .T. ) ;
#3459 = DIRECTION ( 'NONE',  ( -1.000000000000000000, 0.000000000000000000, 0.000000000000000000 ) ) ;
#3460 = ORIENTED_EDGE ( 'NONE', *, *, #5264, .T. ) ;
#3461 = CARTESIAN_POINT ( 'NONE',  ( 7.849999999999999645, -19.80000000000000426, -8.199999999999999289 ) ) ;
#3462 = DIRECTION ( 'NONE',  ( -0.000000000000000000, -1.000000000000000000, 0.000000000000000000 ) ) ;
#3463 = CARTESIAN_POINT ( 'NONE',  ( 0.000000000000000000, 0.000000000000000000, -17.00000000000000000 ) ) ;
#3464 = DIRECTION ( 'NONE',  ( 0.000000000000000000, 0.000000000000000000, 1.000000000000000000 ) ) ;
#3465 = EDGE_LOOP ( 'NONE', ( #1859, #5586, #6145, #6010, #6509, #897, #2631, #4403, #5157 ) ) ;
#3466 = FACE_OUTER_BOUND ( 'NONE', #6138, .T. ) ;
#3467 = EDGE_CURVE ( 'NONE', #3612, #6807, #6117, .T. ) ;
#3468 = CARTESIAN_POINT ( 'NONE',  ( 11.00000000000000000, -32.00000000000000000, -10.80000000000000071 ) ) ;
#3469 = DIRECTION ( 'NONE',  ( -1.000000000000000000, 0.000000000000000000, 0.000000000000000000 ) ) ;
#3470 = EDGE_LOOP ( 'NONE', ( #3846, #552, #782, #2924 ) ) ;
#3471 = ORIENTED_EDGE ( 'NONE', *, *, #2062, .F. ) ;
#3472 = DIRECTION ( 'NONE',  ( 0.000000000000000000, 0.000000000000000000, 1.000000000000000000 ) ) ;
#3473 = EDGE_CURVE ( 'NONE', #4488, #5452, #427, .T. ) ;
#3474 = DIRECTION ( 'NONE',  ( 0.000000000000000000, -0.000000000000000000, 1.000000000000000000 ) ) ;
#3475 = CARTESIAN_POINT ( 'NONE',  ( 5.850000000000000533, -15.30000000000000071, -12.50000000000000178 ) ) ;
#3476 = AXIS2_PLACEMENT_3D ( 'NONE', #6228, #3550, #3615 ) ;
#3477 = ORIENTED_EDGE ( 'NONE', *, *, #2027, .F. ) ;
#3478 = CARTESIAN_POINT ( 'NONE',  ( 7.349999999999999645, -20.30000000000000071, -11.50000000000000000 ) ) ;
#3479 = ORIENTED_EDGE ( 'NONE', *, *, #5552, .F. ) ;
#3480 = ORIENTED_EDGE ( 'NONE', *, *, #2856, .F. ) ;
#3481 = DIRECTION ( 'NONE',  ( -1.000000000000000000, -3.469446951953611033E-15, 0.000000000000000000 ) ) ;
#3482 = CARTESIAN_POINT ( 'NONE',  ( 0.000000000000000000, 10.44999999999999929, -10.80000000000000071 ) ) ;
#3483 = DIRECTION ( 'NONE',  ( 0.000000000000000000, -0.000000000000000000, 1.000000000000000000 ) ) ;
#3484 = ORIENTED_EDGE ( 'NONE', *, *, #2627, .T. ) ;
#3485 = VECTOR ( 'NONE', #6756, 1000.000000000000000 ) ;
#3486 = CARTESIAN_POINT ( 'NONE',  ( -12.55000000000000071, 0.000000000000000000, -8.199999999999999289 ) ) ;
#3487 = VERTEX_POINT ( 'NONE', #6292 ) ;
#3488 = CARTESIAN_POINT ( 'NONE',  ( 0.000000000000000000, 0.000000000000000000, -15.50000000000000000 ) ) ;
#3489 = EDGE_CURVE ( 'NONE', #6755, #4391, #665, .T. ) ;
#3490 = VECTOR ( 'NONE', #6714, 1000.000000000000000 ) ;
#3491 = ADVANCED_FACE ( 'NONE', ( #2532 ), #917, .T. ) ;
#3492 = CARTESIAN_POINT ( 'NONE',  ( 4.093089191077000422, -3.244290826557000074, -14.80000000000000071 ) ) ;
#3493 = CARTESIAN_POINT ( 'NONE',  ( 12.55000000000000071, -19.80000000000000071, -10.80000000000000071 ) ) ;
#3494 = DIRECTION ( 'NONE',  ( -1.000000000000000000, 0.000000000000000000, -0.000000000000000000 ) ) ;
#3495 = CARTESIAN_POINT ( 'NONE',  ( 14.25000000000000000, -19.30000000000000071, -17.00000000000000000 ) ) ;
#3496 = DIRECTION ( 'NONE',  ( 0.000000000000000000, 1.000000000000000000, -0.000000000000000000 ) ) ;
#3497 = DIRECTION ( 'NONE',  ( -1.000000000000000000, 0.000000000000000000, 0.000000000000000000 ) ) ;
#3498 = CARTESIAN_POINT ( 'NONE',  ( -12.06507575951000000, 10.30355339059000208, -10.80000000000000071 ) ) ;
#3499 = ORIENTED_EDGE ( 'NONE', *, *, #3262, .F. ) ;
#3500 = DIRECTION ( 'NONE',  ( -1.000000000000000000, -0.000000000000000000, 0.000000000000000000 ) ) ;
#3501 = PLANE ( 'NONE',  #1857 ) ;
#3502 = ORIENTED_EDGE ( 'NONE', *, *, #3931, .T. ) ;
#3503 = ORIENTED_EDGE ( 'NONE', *, *, #6164, .T. ) ;
#3504 = AXIS2_PLACEMENT_3D ( 'NONE', #1916, #4026, #3505 ) ;
#3505 = DIRECTION ( 'NONE',  ( -1.000000000000000000, 0.000000000000000000, 0.000000000000000000 ) ) ;
#3506 = DIRECTION ( 'NONE',  ( 0.000000000000000000, 0.000000000000000000, -1.000000000000000000 ) ) ;
#3507 = DIRECTION ( 'NONE',  ( 0.000000000000000000, -0.000000000000000000, 1.000000000000000000 ) ) ;
#3508 = VERTEX_POINT ( 'NONE', #2465 ) ;
#3509 = DIRECTION ( 'NONE',  ( 0.000000000000000000, 0.000000000000000000, -1.000000000000000000 ) ) ;
#3510 = AXIS2_PLACEMENT_3D ( 'NONE', #4797, #86, #1118 ) ;
#3511 = ORIENTED_EDGE ( 'NONE', *, *, #4068, .T. ) ;
#3512 = EDGE_CURVE ( 'NONE', #2945, #203, #4096, .T. ) ;
#3513 = ORIENTED_EDGE ( 'NONE', *, *, #655, .F. ) ;
#3514 = DIRECTION ( 'NONE',  ( -1.000000000000000000, -0.000000000000000000, 0.000000000000000000 ) ) ;
#3515 = DIRECTION ( 'NONE',  ( -0.7071067811865474617, 0.7071067811865474617, 0.000000000000000000 ) ) ;
#3516 = ORIENTED_EDGE ( 'NONE', *, *, #580, .T. ) ;
#3517 = CARTESIAN_POINT ( 'NONE',  ( 0.000000000000000000, 0.000000000000000000, -10.50000000000000000 ) ) ;
#3518 = VERTEX_POINT ( 'NONE', #6188 ) ;
#3519 = EDGE_CURVE ( 'NONE', #5591, #2751, #6770, .T. ) ;
#3520 = DIRECTION ( 'NONE',  ( 0.000000000000000000, -0.000000000000000000, -1.000000000000000000 ) ) ;
#3521 = CARTESIAN_POINT ( 'NONE',  ( -7.349999999999999645, 0.000000000000000000, -10.80000000000000071 ) ) ;
#3522 = LINE ( 'NONE', #2905, #989 ) ;
#3523 = AXIS2_PLACEMENT_3D ( 'NONE', #1643, #1120, #2356 ) ;
#3524 = CARTESIAN_POINT ( 'NONE',  ( -4.105409372631187992, -3.025824496416140708, -15.19999999999999929 ) ) ;
#3525 = CARTESIAN_POINT ( 'NONE',  ( -7.349999999999999645, -20.30000000000000071, -8.199999999999999289 ) ) ;
#3526 = EDGE_CURVE ( 'NONE', #5805, #64, #2318, .T. ) ;
#3527 = CYLINDRICAL_SURFACE ( 'NONE', #4703, 1.850000000000000977 ) ;
#3528 = AXIS2_PLACEMENT_3D ( 'NONE', #413, #2517, #5098 ) ;
#3529 = CARTESIAN_POINT ( 'NONE',  ( 12.30000000000000071, 8.000000000000000000, -14.19999999999999929 ) ) ;
#3530 = ORIENTED_EDGE ( 'NONE', *, *, #1595, .F. ) ;
#3531 = LINE ( 'NONE', #5658, #4815 ) ;
#3532 = AXIS2_PLACEMENT_3D ( 'NONE', #4954, #1272, #1897 ) ;
#3533 = DIRECTION ( 'NONE',  ( 0.000000000000000000, 0.000000000000000000, -1.000000000000000000 ) ) ;
#3534 = VECTOR ( 'NONE', #2395, 1000.000000000000000 ) ;
#3535 = EDGE_CURVE ( 'NONE', #5882, #5938, #2566, .T. ) ;
#3536 = EDGE_LOOP ( 'NONE', ( #602, #1155, #2602, #5915 ) ) ;
#3537 = ORIENTED_EDGE ( 'NONE', *, *, #3349, .F. ) ;
#3538 = AXIS2_PLACEMENT_3D ( 'NONE', #2561, #1600, #4691 ) ;
#3539 = AXIS2_PLACEMENT_3D ( 'NONE', #4960, #3424, #2445 ) ;
#3540 = CARTESIAN_POINT ( 'NONE',  ( 0.000000000000000000, 0.000000000000000000, -15.19999999999999929 ) ) ;
#3541 = DIRECTION ( 'NONE',  ( 1.000000000000000000, -0.000000000000000000, 0.000000000000000000 ) ) ;
#3542 = LINE ( 'NONE', #4636, #334 ) ;
#3543 = VERTEX_POINT ( 'NONE', #2051 ) ;
#3544 = DIRECTION ( 'NONE',  ( 0.000000000000000000, 0.000000000000000000, -1.000000000000000000 ) ) ;
#3545 = VECTOR ( 'NONE', #4620, 1000.000000000000114 ) ;
#3546 = VERTEX_POINT ( 'NONE', #4569 ) ;
#3547 = VECTOR ( 'NONE', #1348, 1000.000000000000000 ) ;
#3548 = ORIENTED_EDGE ( 'NONE', *, *, #3140, .F. ) ;
#3549 = CARTESIAN_POINT ( 'NONE',  ( -7.049999999999929656, 9.710689985783758971, -15.50000000000000000 ) ) ;
#3550 = DIRECTION ( 'NONE',  ( 0.000000000000000000, 0.000000000000000000, 1.000000000000000000 ) ) ;
#3551 = DIRECTION ( 'NONE',  ( 0.000000000000000000, 0.000000000000000000, 1.000000000000000000 ) ) ;
#3552 = DIRECTION ( 'NONE',  ( -0.7071067811865474617, 0.000000000000000000, 0.7071067811865474617 ) ) ;
#3553 = ADVANCED_FACE ( 'NONE', ( #5699 ), #6677, .F. ) ;
#3554 = EDGE_CURVE ( 'NONE', #5295, #5497, #6708, .T. ) ;
#3555 = ORIENTED_EDGE ( 'NONE', *, *, #3407, .F. ) ;
#3556 = ORIENTED_EDGE ( 'NONE', *, *, #2906, .F. ) ;
#3557 = ORIENTED_EDGE ( 'NONE', *, *, #4763, .F. ) ;
#3558 = AXIS2_PLACEMENT_3D ( 'NONE', #5359, #2783, #642 ) ;
#3559 = LINE ( 'NONE', #4652, #3810 ) ;
#3560 = CARTESIAN_POINT ( 'NONE',  ( -8.849999999999999645, -19.30000000000000071, -11.40000000000000036 ) ) ;
#3561 = CARTESIAN_POINT ( 'NONE',  ( -12.55000000000000249, -8.400000000000000355, -8.199999999999999289 ) ) ;
#3562 = EDGE_CURVE ( 'NONE', #2667, #802, #3542, .T. ) ;
#3563 = CARTESIAN_POINT ( 'NONE',  ( 14.25000000000000000, 9.250000000000000000, -11.50000000000000000 ) ) ;
#3564 = LINE ( 'NONE', #447, #3545 ) ;
#3565 = ORIENTED_EDGE ( 'NONE', *, *, #5858, .F. ) ;
#3566 = DIRECTION ( 'NONE',  ( 0.000000000000000000, 0.000000000000000000, 1.000000000000000000 ) ) ;
#3567 = EDGE_CURVE ( 'NONE', #4450, #3674, #5081, .T. ) ;
#3568 = DIRECTION ( 'NONE',  ( 1.000000000000000000, 0.000000000000000000, 0.000000000000000000 ) ) ;
#3569 = DIRECTION ( 'NONE',  ( -0.000000000000000000, 1.000000000000000000, 0.000000000000000000 ) ) ;
#3570 = EDGE_LOOP ( 'NONE', ( #5529, #5931, #6260, #730 ) ) ;
#3571 = AXIS2_PLACEMENT_3D ( 'NONE', #6197, #6813, #4172 ) ;
#3572 = ORIENTED_EDGE ( 'NONE', *, *, #2403, .T. ) ;
#3573 = CARTESIAN_POINT ( 'NONE',  ( -0.6999999999999999556, 3.551732376126000457, -15.69999999999999929 ) ) ;
#3574 = EDGE_CURVE ( 'NONE', #431, #6409, #4955, .T. ) ;
#3575 = ADVANCED_FACE ( 'NONE', ( #4192 ), #984, .T. ) ;
#3576 = DIRECTION ( 'NONE',  ( -1.000000000000000000, 0.000000000000000000, 0.000000000000000000 ) ) ;
#3577 = CARTESIAN_POINT ( 'NONE',  ( -6.361960786218999964, -6.783469241813000039, -14.69999999999999751 ) ) ;
#3578 = VERTEX_POINT ( 'NONE', #5182 ) ;
#3579 = FACE_OUTER_BOUND ( 'NONE', #465, .T. ) ;
#3580 = VERTEX_POINT ( 'NONE', #2985 ) ;
#3581 = ORIENTED_EDGE ( 'NONE', *, *, #2976, .F. ) ;
#3582 = DIRECTION ( 'NONE',  ( 0.7071067811865474617, -0.000000000000000000, 0.7071067811865474617 ) ) ;
#3583 = DIRECTION ( 'NONE',  ( 0.000000000000000000, -0.000000000000000000, 1.000000000000000000 ) ) ;
#3584 = LINE ( 'NONE', #2574, #4227 ) ;
#3585 = ORIENTED_EDGE ( 'NONE', *, *, #5006, .F. ) ;
#3586 = ORIENTED_EDGE ( 'NONE', *, *, #2773, .F. ) ;
#3587 = VERTEX_POINT ( 'NONE', #6148 ) ;
#3588 = EDGE_CURVE ( 'NONE', #6182, #2860, #3644, .T. ) ;
#3589 = CARTESIAN_POINT ( 'NONE',  ( -10.50000000000000000, 0.000000000000000000, -15.50000000000000000 ) ) ;
#3590 = CARTESIAN_POINT ( 'NONE',  ( -8.849999999999999645, -17.80000000000000071, -10.80000000000000071 ) ) ;
#3591 = CARTESIAN_POINT ( 'NONE',  ( -7.024736428839663205, -8.335171464272946196, -17.00000000000000711 ) ) ;
#3592 = PLANE ( 'NONE',  #5388 ) ;
#3593 = FACE_BOUND ( 'NONE', #3273, .T. ) ;
#3594 = LINE ( 'NONE', #3495, #4380 ) ;
#3595 = EDGE_CURVE ( 'NONE', #4264, #2929, #464, .T. ) ;
#3596 = VECTOR ( 'NONE', #1924, 1000.000000000000000 ) ;
#3597 = FACE_OUTER_BOUND ( 'NONE', #3629, .T. ) ;
#3598 = PLANE ( 'NONE',  #1009 ) ;
#3599 = ORIENTED_EDGE ( 'NONE', *, *, #5759, .T. ) ;
#3600 = CYLINDRICAL_SURFACE ( 'NONE', #3456, 2.750000000000000000 ) ;
#3601 = DIRECTION ( 'NONE',  ( -1.000000000000000000, 1.301042606982607530E-14, 0.000000000000000000 ) ) ;
#3602 = ORIENTED_EDGE ( 'NONE', *, *, #6283, .F. ) ;
#3603 = ORIENTED_EDGE ( 'NONE', *, *, #5908, .T. ) ;
#3604 = DIRECTION ( 'NONE',  ( 0.000000000000000000, 0.000000000000000000, 1.000000000000000000 ) ) ;
#3605 = DIRECTION ( 'NONE',  ( 0.000000000000000000, 0.000000000000000000, -1.000000000000000000 ) ) ;
#3606 = DIRECTION ( 'NONE',  ( 1.000000000000000000, 0.000000000000000000, 0.000000000000000000 ) ) ;
#3607 = ORIENTED_EDGE ( 'NONE', *, *, #5117, .T. ) ;
#3608 = CARTESIAN_POINT ( 'NONE',  ( 6.161960786219000674, -6.783469241813000039, -14.69999999999999751 ) ) ;
#3609 = ORIENTED_EDGE ( 'NONE', *, *, #780, .F. ) ;
#3610 = CIRCLE ( 'NONE', #629, 5.099999999999999645 ) ;
#3611 = OPEN_SHELL ( 'NONE', ( #2621 ) ) ;
#3612 = VERTEX_POINT ( 'NONE', #394 ) ;
#3613 = EDGE_CURVE ( 'NONE', #2184, #987, #5632, .T. ) ;
#3614 = PLANE ( 'NONE',  #4856 ) ;
#3615 = DIRECTION ( 'NONE',  ( 1.000000000000000000, 0.000000000000000000, -0.000000000000000000 ) ) ;
#3616 = AXIS2_PLACEMENT_3D ( 'NONE', #610, #6815, #2680 ) ;
#3617 = DIRECTION ( 'NONE',  ( 1.000000000000000000, 0.000000000000000000, 0.000000000000000000 ) ) ;
#3618 = AXIS2_PLACEMENT_3D ( 'NONE', #6246, #6180, #3568 ) ;
#3619 = CARTESIAN_POINT ( 'NONE',  ( 11.75000000000000000, 0.000000000000000000, -10.19999999999999929 ) ) ;
#3620 = ORIENTED_EDGE ( 'NONE', *, *, #3661, .T. ) ;
#3621 = VECTOR ( 'NONE', #4177, 1000.000000000000000 ) ;
#3622 = ORIENTED_EDGE ( 'NONE', *, *, #4217, .T. ) ;
#3623 = ORIENTED_EDGE ( 'NONE', *, *, #469, .T. ) ;
#3624 = CARTESIAN_POINT ( 'NONE',  ( 7.928094874415000604, -8.900000000000000355, -17.00000000000000000 ) ) ;
#3625 = FACE_OUTER_BOUND ( 'NONE', #2466, .T. ) ;
#3626 = CARTESIAN_POINT ( 'NONE',  ( 11.71152236890999987, -33.95000000000000284, -10.79999999999999716 ) ) ;
#3627 = DIRECTION ( 'NONE',  ( -1.000000000000000000, 0.000000000000000000, 0.000000000000000000 ) ) ;
#3628 = DIRECTION ( 'NONE',  ( -0.000000000000000000, -0.000000000000000000, 1.000000000000000000 ) ) ;
#3629 = EDGE_LOOP ( 'NONE', ( #1671, #2672, #4075, #428 ) ) ;
#3630 = DIRECTION ( 'NONE',  ( 0.000000000000000000, -1.000000000000000000, -0.000000000000000000 ) ) ;
#3631 = EDGE_CURVE ( 'NONE', #3104, #995, #3051, .T. ) ;
#3632 = DIRECTION ( 'NONE',  ( 1.000000000000000000, 0.000000000000000000, 0.000000000000000000 ) ) ;
#3633 = AXIS2_PLACEMENT_3D ( 'NONE', #4357, #2181, #4328 ) ;
#3634 = ORIENTED_EDGE ( 'NONE', *, *, #6483, .F. ) ;
#3635 = AXIS2_PLACEMENT_3D ( 'NONE', #5846, #1794, #5983 ) ;
#3636 = EDGE_LOOP ( 'NONE', ( #6537, #5693, #2096, #907 ) ) ;
#3637 = CARTESIAN_POINT ( 'NONE',  ( 0.000000000000000000, 0.000000000000000000, -15.40000000000000036 ) ) ;
#3638 = CARTESIAN_POINT ( 'NONE',  ( -6.099999999999999645, 0.000000000000000000, -15.19999999999999929 ) ) ;
#3639 = AXIS2_PLACEMENT_3D ( 'NONE', #6806, #3053, #5738 ) ;
#3640 = DIRECTION ( 'NONE',  ( 1.000000000000000000, 0.000000000000000000, -0.000000000000000000 ) ) ;
#3641 = EDGE_CURVE ( 'NONE', #4905, #2365, #1220, .T. ) ;
#3642 = ORIENTED_EDGE ( 'NONE', *, *, #4355, .F. ) ;
#3643 = CARTESIAN_POINT ( 'NONE',  ( 7.240296017462999778, -25.17477053708000057, -14.00000000000000000 ) ) ;
#3644 = CIRCLE ( 'NONE', #4524, 0.8500000000000000888 ) ;
#3645 = EDGE_LOOP ( 'NONE', ( #6523, #478, #407, #353 ) ) ;
#3646 = ORIENTED_EDGE ( 'NONE', *, *, #4580, .F. ) ;
#3647 = AXIS2_PLACEMENT_3D ( 'NONE', #5113, #2600, #2020 ) ;
#3648 = CARTESIAN_POINT ( 'NONE',  ( 6.900000000000000355, 8.450062914116737647E-16, -15.19999999999999929 ) ) ;
#3649 = PLANE ( 'NONE',  #1233 ) ;
#3650 = DIRECTION ( 'NONE',  ( 0.000000000000000000, 0.000000000000000000, -1.000000000000000000 ) ) ;
#3651 = ADVANCED_FACE ( 'NONE', ( #159 ), #5385, .F. ) ;
#3652 = ORIENTED_EDGE ( 'NONE', *, *, #1906, .T. ) ;
#3653 = VECTOR ( 'NONE', #2286, 1000.000000000000000 ) ;
#3654 = AXIS2_PLACEMENT_3D ( 'NONE', #5167, #451, #4149 ) ;
#3655 = ORIENTED_EDGE ( 'NONE', *, *, #5831, .F. ) ;
#3656 = ORIENTED_EDGE ( 'NONE', *, *, #3574, .T. ) ;
#3657 = VECTOR ( 'NONE', #4453, 1000.000000000000000 ) ;
#3658 = CARTESIAN_POINT ( 'NONE',  ( 8.349999999999999645, 0.000000000000000000, -17.00000000000000000 ) ) ;
#3659 = FACE_BOUND ( 'NONE', #1184, .T. ) ;
#3660 = PLANE ( 'NONE',  #6482 ) ;
#3661 = EDGE_CURVE ( 'NONE', #1064, #2301, #5900, .T. ) ;
#3662 = EDGE_CURVE ( 'NONE', #3072, #6226, #531, .T. ) ;
#3663 = FACE_OUTER_BOUND ( 'NONE', #83, .T. ) ;
#3664 = VECTOR ( 'NONE', #2718, 1000.000000000000000 ) ;
#3665 = CARTESIAN_POINT ( 'NONE',  ( 0.000000000000000000, 0.000000000000000000, -15.10999999999999943 ) ) ;
#3666 = DIRECTION ( 'NONE',  ( -0.000000000000000000, -0.000000000000000000, -1.000000000000000000 ) ) ;
#3667 = DIRECTION ( 'NONE',  ( -0.4990327298405256573, -0.8665831377011170567, 0.000000000000000000 ) ) ;
#3668 = VECTOR ( 'NONE', #393, 1000.000000000000000 ) ;
#3669 = ORIENTED_EDGE ( 'NONE', *, *, #1025, .F. ) ;
#3670 = PLANE ( 'NONE',  #3949 ) ;
#3671 = VECTOR ( 'NONE', #2457, 1000.000000000000000 ) ;
#3672 = CARTESIAN_POINT ( 'NONE',  ( 12.06507575950750066, -34.30355339059250497, -10.79999999999999716 ) ) ;
#3673 = EDGE_LOOP ( 'NONE', ( #6780, #1653, #4642, #4477, #1785, #2235, #1723, #1271, #2145, #5322, #430, #578, #6525, #1667, #3656 ) ) ;
#3674 = VERTEX_POINT ( 'NONE', #4225 ) ;
#3675 = ADVANCED_FACE ( 'NONE', ( #3743 ), #2777, .T. ) ;
#3676 = DIRECTION ( 'NONE',  ( 1.000000000000000000, 0.000000000000000000, 0.000000000000000000 ) ) ;
#3677 = LINE ( 'NONE', #4568, #2784 ) ;
#3678 = DIRECTION ( 'NONE',  ( 0.000000000000000000, 0.000000000000000000, -1.000000000000000000 ) ) ;
#3679 = VERTEX_POINT ( 'NONE', #5353 ) ;
#3680 = AXIS2_PLACEMENT_3D ( 'NONE', #3619, #475, #4137 ) ;
#3681 = ORIENTED_EDGE ( 'NONE', *, *, #2040, .T. ) ;
#3682 = VERTEX_POINT ( 'NONE', #3229 ) ;
#3683 = EDGE_CURVE ( 'NONE', #3543, #5793, #6326, .T. ) ;
#3684 = CARTESIAN_POINT ( 'NONE',  ( -1.919391177642437274, -1.969374902650477210, -14.80000000000000071 ) ) ;
#3685 = LINE ( 'NONE', #4738, #6244 ) ;
#3686 = CARTESIAN_POINT ( 'NONE',  ( 8.350000000000001421, -8.900000000000000355, -17.00000000000000000 ) ) ;
#3687 = DIRECTION ( 'NONE',  ( 1.000000000000000000, 0.000000000000000000, 0.000000000000000000 ) ) ;
#3688 = ORIENTED_EDGE ( 'NONE', *, *, #4869, .F. ) ;
#3689 = PLANE ( 'NONE',  #1520 ) ;
#3690 = VERTEX_POINT ( 'NONE', #56 ) ;
#3691 = ORIENTED_EDGE ( 'NONE', *, *, #3190, .F. ) ;
#3692 = EDGE_CURVE ( 'NONE', #1164, #6755, #4798, .T. ) ;
#3693 = LINE ( 'NONE', #1065, #74 ) ;
#3694 = CARTESIAN_POINT ( 'NONE',  ( 8.349999999999999645, -8.900000000000000355, -10.80000000000000071 ) ) ;
#3695 = CARTESIAN_POINT ( 'NONE',  ( 4.019999999999999574, 8.550000000000000711, -17.00000000000000000 ) ) ;
#3696 = CARTESIAN_POINT ( 'NONE',  ( -9.699999999999999289, 8.000000000000000000, -10.30000000000000071 ) ) ;
#3697 = CARTESIAN_POINT ( 'NONE',  ( -5.849999999999999645, -15.30000000000000071, -17.00000000000000000 ) ) ;
#3698 = DIRECTION ( 'NONE',  ( 0.000000000000000000, 0.000000000000000000, -1.000000000000000000 ) ) ;
#3699 = EDGE_CURVE ( 'NONE', #3736, #3023, #599, .T. ) ;
#3700 = EDGE_CURVE ( 'NONE', #292, #136, #3308, .T. ) ;
#3701 = FACE_OUTER_BOUND ( 'NONE', #5433, .T. ) ;
#3702 = DIRECTION ( 'NONE',  ( 1.000000000000000000, 0.000000000000000000, -0.000000000000000000 ) ) ;
#3703 = ORIENTED_EDGE ( 'NONE', *, *, #3971, .T. ) ;
#3704 = DIRECTION ( 'NONE',  ( 0.7071067811865475727, 0.000000000000000000, 0.7071067811865475727 ) ) ;
#3705 = DIRECTION ( 'NONE',  ( 0.000000000000000000, 0.000000000000000000, -1.000000000000000000 ) ) ;
#3706 = ORIENTED_EDGE ( 'NONE', *, *, #5952, .F. ) ;
#3707 = ADVANCED_FACE ( 'NONE', ( #1604 ), #4731, .F. ) ;
#3708 = DIRECTION ( 'NONE',  ( -1.000000000000000000, 0.000000000000000000, 0.000000000000000000 ) ) ;
#3709 = DIRECTION ( 'NONE',  ( -0.000000000000000000, -0.000000000000000000, 1.000000000000000000 ) ) ;
#3710 = CARTESIAN_POINT ( 'NONE',  ( -7.061511736714001231, -8.399032729841000133, -17.00000000000000000 ) ) ;
#3711 = ORIENTED_EDGE ( 'NONE', *, *, #1291, .T. ) ;
#3712 = EDGE_LOOP ( 'NONE', ( #663, #1534, #3200, #6774, #2469, #272, #2161, #487, #2150, #4108, #328, #5872, #3265, #1576 ) ) ;
#3713 = ORIENTED_EDGE ( 'NONE', *, *, #2938, .T. ) ;
#3714 = CARTESIAN_POINT ( 'NONE',  ( 11.71152236890999987, 10.44999999999999929, -10.80000000000000071 ) ) ;
#3715 = DIRECTION ( 'NONE',  ( 1.000000000000000000, 0.000000000000000000, 0.000000000000000000 ) ) ;
#3716 = CARTESIAN_POINT ( 'NONE',  ( -11.00000000000000000, -32.00000000000000000, -17.00000000000000000 ) ) ;
#3717 = VERTEX_POINT ( 'NONE', #633 ) ;
#3718 = CARTESIAN_POINT ( 'NONE',  ( 0.6999999999999999556, 4.951732376126000368, -15.40000000000000213 ) ) ;
#3719 = DIRECTION ( 'NONE',  ( -1.000000000000000000, -0.000000000000000000, 0.000000000000000000 ) ) ;
#3720 = EDGE_CURVE ( 'NONE', #2957, #1164, #2525, .T. ) ;
#3721 = EDGE_CURVE ( 'NONE', #5767, #2787, #2738, .T. ) ;
#3722 = ORIENTED_EDGE ( 'NONE', *, *, #2962, .F. ) ;
#3723 = EDGE_LOOP ( 'NONE', ( #3251, #1758, #4640, #6586 ) ) ;
#3724 = AXIS2_PLACEMENT_3D ( 'NONE', #60, #6437, #5254 ) ;
#3725 = VECTOR ( 'NONE', #5415, 1000.000000000000000 ) ;
#3726 = CARTESIAN_POINT ( 'NONE',  ( -10.44999999999999929, -8.650000000000000355, -8.449999999999999289 ) ) ;
#3727 = CARTESIAN_POINT ( 'NONE',  ( 0.000000000000000000, 0.000000000000000000, -15.19999999999999929 ) ) ;
#3728 = DIRECTION ( 'NONE',  ( -0.4990327298407822298, -0.8665831377009691749, 0.000000000000000000 ) ) ;
#3729 = VECTOR ( 'NONE', #5161, 1000.000000000000000 ) ;
#3730 = EDGE_CURVE ( 'NONE', #6814, #6450, #4834, .T. ) ;
#3731 = DIRECTION ( 'NONE',  ( 1.000000000000000000, 0.000000000000000000, 0.000000000000000000 ) ) ;
#3732 = DIRECTION ( 'NONE',  ( 1.000000000000000000, 0.000000000000000000, 0.000000000000000000 ) ) ;
#3733 = ORIENTED_EDGE ( 'NONE', *, *, #452, .F. ) ;
#3734 = DIRECTION ( 'NONE',  ( -1.000000000000000000, 0.000000000000000000, 0.000000000000000000 ) ) ;
#3735 = FACE_OUTER_BOUND ( 'NONE', #3636, .T. ) ;
#3736 = VERTEX_POINT ( 'NONE', #1746 ) ;
#3737 = LINE ( 'NONE', #1564, #2732 ) ;
#3738 = EDGE_CURVE ( 'NONE', #3030, #6646, #2968, .T. ) ;
#3739 = CARTESIAN_POINT ( 'NONE',  ( -0.6999999999999999556, 5.051732376126016888, -15.40000000000000036 ) ) ;
#3740 = ORIENTED_EDGE ( 'NONE', *, *, #3233, .F. ) ;
#3741 = CARTESIAN_POINT ( 'NONE',  ( -12.55000000000000071, -19.80000000000000071, -11.50000000000000178 ) ) ;
#3742 = DIRECTION ( 'NONE',  ( 0.000000000000000000, 0.7071067811865490160, -0.7071067811865460184 ) ) ;
#3743 = FACE_OUTER_BOUND ( 'NONE', #3811, .T. ) ;
#3744 = EDGE_CURVE ( 'NONE', #3963, #439, #5597, .T. ) ;
#3745 = VERTEX_POINT ( 'NONE', #4769 ) ;
#3746 = ADVANCED_FACE ( 'NONE', ( #4257 ), #6359, .T. ) ;
#3747 = ORIENTED_EDGE ( 'NONE', *, *, #4372, .T. ) ;
#3748 = ORIENTED_EDGE ( 'NONE', *, *, #961, .F. ) ;
#3749 = CIRCLE ( 'NONE', #3859, 10.50000000000000000 ) ;
#3750 = DIRECTION ( 'NONE',  ( 1.000000000000000000, 0.000000000000000000, -0.000000000000000000 ) ) ;
#3751 = DIRECTION ( 'NONE',  ( -1.000000000000000000, 3.250733016102458350E-13, 0.000000000000000000 ) ) ;
#3752 = AXIS2_PLACEMENT_3D ( 'NONE', #5216, #6256, #4603 ) ;
#3753 = LINE ( 'NONE', #31, #5871 ) ;
#3754 = VERTEX_POINT ( 'NONE', #732 ) ;
#3755 = DIRECTION ( 'NONE',  ( 0.000000000000000000, -0.000000000000000000, 1.000000000000000000 ) ) ;
#3756 = CARTESIAN_POINT ( 'NONE',  ( 13.30355339059100039, 9.065075759508999909, -10.80000000000000071 ) ) ;
#3757 = ORIENTED_EDGE ( 'NONE', *, *, #6251, .F. ) ;
#3758 = AXIS2_PLACEMENT_3D ( 'NONE', #6761, #3666, #4181 ) ;
#3759 = ORIENTED_EDGE ( 'NONE', *, *, #1180, .T. ) ;
#3760 = CARTESIAN_POINT ( 'NONE',  ( 11.91862915010000101, -34.45000000000000284, -10.80000000000000071 ) ) ;
#3761 = ADVANCED_FACE ( 'NONE', ( #704 ), #1218, .T. ) ;
#3762 = CIRCLE ( 'NONE', #5287, 2.399999999999999467 ) ;
#3763 = CARTESIAN_POINT ( 'NONE',  ( 12.34999999999999964, -14.09999999999999964, -7.250000000000000000 ) ) ;
#3764 = VECTOR ( 'NONE', #5057, 1000.000000000000000 ) ;
#3765 = CARTESIAN_POINT ( 'NONE',  ( 9.699999999999999289, 8.000000000000000000, -17.00000000000000000 ) ) ;
#3766 = CARTESIAN_POINT ( 'NONE',  ( 12.34999999999999964, -10.15000000000000036, -6.199999999700000153 ) ) ;
#3767 = AXIS2_PLACEMENT_3D ( 'NONE', #5861, #5418, #2729 ) ;
#3768 = DIRECTION ( 'NONE',  ( 0.7071067811865475727, 0.000000000000000000, -0.7071067811865475727 ) ) ;
#3769 = VERTEX_POINT ( 'NONE', #220 ) ;
#3770 = PLANE ( 'NONE',  #235 ) ;
#3771 = EDGE_CURVE ( 'NONE', #3580, #1818, #3420, .T. ) ;
#3772 = DIRECTION ( 'NONE',  ( 0.000000000000000000, 0.000000000000000000, 1.000000000000000000 ) ) ;
#3773 = ORIENTED_EDGE ( 'NONE', *, *, #2259, .F. ) ;
#3774 = AXIS2_PLACEMENT_3D ( 'NONE', #3727, #998, #5816 ) ;
#3775 = DIRECTION ( 'NONE',  ( 0.000000000000000000, 0.000000000000000000, -1.000000000000000000 ) ) ;
#3776 = DIRECTION ( 'NONE',  ( 0.000000000000000000, 0.000000000000000000, -1.000000000000000000 ) ) ;
#3777 = ORIENTED_EDGE ( 'NONE', *, *, #6435, .F. ) ;
#3778 = AXIS2_PLACEMENT_3D ( 'NONE', #1228, #1158, #3852 ) ;
#3779 = EDGE_CURVE ( 'NONE', #1818, #5228, #4972, .T. ) ;
#3780 = DIRECTION ( 'NONE',  ( 1.000000000000000000, 0.000000000000000000, -0.000000000000000000 ) ) ;
#3781 = CARTESIAN_POINT ( 'NONE',  ( 12.55000000000000249, -8.650000000000000355, -8.449999999999999289 ) ) ;
#3782 = CARTESIAN_POINT ( 'NONE',  ( 13.25000000000000000, 0.000000000000000000, -10.80000000000000071 ) ) ;
#3783 = EDGE_LOOP ( 'NONE', ( #3055, #161 ) ) ;
#3784 = ORIENTED_EDGE ( 'NONE', *, *, #4995, .T. ) ;
#3785 = ADVANCED_FACE ( 'NONE', ( #3915 ), #4462, .F. ) ;
#3786 = EDGE_CURVE ( 'NONE', #5005, #6141, #6565, .T. ) ;
#3787 = FACE_OUTER_BOUND ( 'NONE', #6603, .T. ) ;
#3788 = FACE_BOUND ( 'NONE', #1771, .T. ) ;
#3789 = CARTESIAN_POINT ( 'NONE',  ( -8.349999999999999645, -10.40000000000000213, -10.79999999999999893 ) ) ;
#3790 = EDGE_LOOP ( 'NONE', ( #624, #399, #4742, #4505 ) ) ;
#3791 = DIRECTION ( 'NONE',  ( 1.000000000000000000, 0.000000000000000000, -0.000000000000000000 ) ) ;
#3792 = CARTESIAN_POINT ( 'NONE',  ( 8.349999999999999645, -8.900000000000000355, -10.80000000000000071 ) ) ;
#3793 = ORIENTED_EDGE ( 'NONE', *, *, #2282, .F. ) ;
#3794 = ORIENTED_EDGE ( 'NONE', *, *, #5662, .T. ) ;
#3795 = CYLINDRICAL_SURFACE ( 'NONE', #5787, 2.750000000000000000 ) ;
#3796 = DIRECTION ( 'NONE',  ( 0.5773502691896263972, -0.5773502691896245098, -0.5773502691896263972 ) ) ;
#3797 = PLANE ( 'NONE',  #89 ) ;
#3798 = DIRECTION ( 'NONE',  ( 0.7071067811865474617, 8.659560562354932858E-17, -0.7071067811865474617 ) ) ;
#3799 = VERTEX_POINT ( 'NONE', #1256 ) ;
#3800 = DIRECTION ( 'NONE',  ( 0.000000000000000000, 0.000000000000000000, 1.000000000000000000 ) ) ;
#3801 = ORIENTED_EDGE ( 'NONE', *, *, #492, .T. ) ;
#3802 = CARTESIAN_POINT ( 'NONE',  ( -5.849999999999999645, -15.30000000000000249, -14.75000000000000178 ) ) ;
#3803 = CARTESIAN_POINT ( 'NONE',  ( 7.119026725067662653, -7.718125322108641662, -17.00000000000000000 ) ) ;
#3804 = CIRCLE ( 'NONE', #4685, 1.500000000000000000 ) ;
#3805 = CARTESIAN_POINT ( 'NONE',  ( -12.25000000000000000, -35.25000000000000000, -17.00000000000000000 ) ) ;
#3806 = FACE_OUTER_BOUND ( 'NONE', #848, .T. ) ;
#3807 = VERTEX_POINT ( 'NONE', #3367 ) ;
#3808 = DIRECTION ( 'NONE',  ( -0.000000000000000000, -0.000000000000000000, -1.000000000000000000 ) ) ;
#3809 = DIRECTION ( 'NONE',  ( 1.000000000000000000, 0.000000000000000000, 0.000000000000000000 ) ) ;
#3811 = EDGE_LOOP ( 'NONE', ( #2397, #5481, #4331, #3747, #2575, #3896, #2060 ) ) ;
#3810 = VECTOR ( 'NONE', #1998, 1000.000000000000000 ) ;
#3812 = EDGE_CURVE ( 'NONE', #4371, #3970, #6039, .T. ) ;
#3813 = VERTEX_POINT ( 'NONE', #5935 ) ;
#3814 = ORIENTED_EDGE ( 'NONE', *, *, #419, .F. ) ;
#3815 = CIRCLE ( 'NONE', #5348, 1.750000000072304829 ) ;
#3816 = DIRECTION ( 'NONE',  ( 1.000000000000000000, 0.000000000000000000, 0.000000000000000000 ) ) ;
#3817 = LINE ( 'NONE', #1649, #2559 ) ;
#3818 = CARTESIAN_POINT ( 'NONE',  ( -14.25000000000000000, -8.900000000000000355, -17.00000000000000000 ) ) ;
#3819 = ORIENTED_EDGE ( 'NONE', *, *, #4930, .T. ) ;
#3820 = DIRECTION ( 'NONE',  ( -1.000000000000000000, 0.000000000000000000, 0.000000000000000000 ) ) ;
#3821 = DIRECTION ( 'NONE',  ( 0.000000000000000000, -0.000000000000000000, 1.000000000000000000 ) ) ;
#3822 = EDGE_CURVE ( 'NONE', #1051, #3379, #2878, .T. ) ;
#3823 = ORIENTED_EDGE ( 'NONE', *, *, #1927, .F. ) ;
#3824 = ORIENTED_EDGE ( 'NONE', *, *, #3662, .F. ) ;
#3825 = DIRECTION ( 'NONE',  ( -0.4990327298406565526, 0.8665831377010414505, 0.000000000000000000 ) ) ;
#3826 = PLANE ( 'NONE',  #6635 ) ;
#3827 = CARTESIAN_POINT ( 'NONE',  ( 14.25000000000000000, -33.25000000000000000, 0.000000000000000000 ) ) ;
#3828 = EDGE_CURVE ( 'NONE', #6798, #4937, #6045, .T. ) ;
#3829 = DIRECTION ( 'NONE',  ( -0.000000000000000000, -0.000000000000000000, -1.000000000000000000 ) ) ;
#3830 = ORIENTED_EDGE ( 'NONE', *, *, #1199, .T. ) ;
#3831 = VECTOR ( 'NONE', #5455, 1000.000000000000000 ) ;
#3832 = AXIS2_PLACEMENT_3D ( 'NONE', #4180, #43, #6276 ) ;
#3833 = DIRECTION ( 'NONE',  ( 0.000000000000000000, 0.000000000000000000, -1.000000000000000000 ) ) ;
#3834 = EDGE_LOOP ( 'NONE', ( #218, #3167, #91, #4090, #6351, #6513, #5075 ) ) ;
#3835 = CYLINDRICAL_SURFACE ( 'NONE', #2982, 1.500000000000000000 ) ;
#3836 = DIRECTION ( 'NONE',  ( 0.000000000000000000, 0.000000000000000000, -1.000000000000000000 ) ) ;
#3837 = VECTOR ( 'NONE', #2713, 1000.000000000000000 ) ;
#3838 = DIRECTION ( 'NONE',  ( -1.000000000000000000, 0.000000000000000000, 0.000000000000000000 ) ) ;
#3839 = DIRECTION ( 'NONE',  ( 0.000000000000000000, 0.000000000000000000, -1.000000000000000000 ) ) ;
#3840 = VECTOR ( 'NONE', #4211, 1000.000000000000000 ) ;
#3841 = EDGE_LOOP ( 'NONE', ( #5926, #6569, #5487, #4038 ) ) ;
#3842 = EDGE_CURVE ( 'NONE', #1188, #5436, #2841, .T. ) ;
#3843 = EDGE_CURVE ( 'NONE', #4196, #4905, #805, .T. ) ;
#3844 = DIRECTION ( 'NONE',  ( 0.000000000000000000, 0.000000000000000000, 1.000000000000000000 ) ) ;
#3845 = DIRECTION ( 'NONE',  ( -1.000000000000000000, 0.000000000000000000, 0.000000000000000000 ) ) ;
#3846 = ORIENTED_EDGE ( 'NONE', *, *, #2470, .F. ) ;
#3847 = ORIENTED_EDGE ( 'NONE', *, *, #1033, .T. ) ;
#3848 = VERTEX_POINT ( 'NONE', #2943 ) ;
#3849 = CARTESIAN_POINT ( 'NONE',  ( -8.550000000000000711, -14.09999999999999964, -7.700000000000000178 ) ) ;
#3850 = AXIS2_PLACEMENT_3D ( 'NONE', #1048, #3159, #5282 ) ;
#3851 = ADVANCED_FACE ( 'NONE', ( #3986 ), #190, .T. ) ;
#3852 = DIRECTION ( 'NONE',  ( 1.000000000000000000, 0.000000000000000000, 0.000000000000000000 ) ) ;
#3853 = LINE ( 'NONE', #677, #1587 ) ;
#3854 = EDGE_LOOP ( 'NONE', ( #3814, #494, #6319, #5453 ) ) ;
#3855 = DIRECTION ( 'NONE',  ( -0.000000000000000000, -0.000000000000000000, -1.000000000000000000 ) ) ;
#3856 = DIRECTION ( 'NONE',  ( 0.000000000000000000, -0.000000000000000000, -1.000000000000000000 ) ) ;
#3857 = ORIENTED_EDGE ( 'NONE', *, *, #1180, .F. ) ;
#3858 = EDGE_LOOP ( 'NONE', ( #2812, #2829, #2120, #211 ) ) ;
#3859 = AXIS2_PLACEMENT_3D ( 'NONE', #6610, #3509, #4944 ) ;
#3860 = DIRECTION ( 'NONE',  ( -1.000000000000000000, -0.000000000000000000, 0.000000000000000000 ) ) ;
#3861 = EDGE_CURVE ( 'NONE', #4693, #1697, #6309, .T. ) ;
#3862 = CARTESIAN_POINT ( 'NONE',  ( 5.014479739296000105, -4.443533835156999956, -61.32240000000000890 ) ) ;
#3863 = CARTESIAN_POINT ( 'NONE',  ( 14.25000000000000000, 9.250000000000000000, 0.000000000000000000 ) ) ;
#3864 = AXIS2_PLACEMENT_3D ( 'NONE', #3517, #4040, #2441 ) ;
#3865 = AXIS2_PLACEMENT_3D ( 'NONE', #3995, #1367, #264 ) ;
#3866 = CARTESIAN_POINT ( 'NONE',  ( -12.55000000000000071, -20.30000000000000071, -11.50000000000000000 ) ) ;
#3867 = VECTOR ( 'NONE', #741, 1000.000000000000000 ) ;
#3868 = ORIENTED_EDGE ( 'NONE', *, *, #5338, .F. ) ;
#3869 = PLANE ( 'NONE',  #6474 ) ;
#3870 = AXIS2_PLACEMENT_3D ( 'NONE', #6321, #4765, #3632 ) ;
#3871 = CIRCLE ( 'NONE', #2100, 9.099999999999999645 ) ;
#3872 = ORIENTED_EDGE ( 'NONE', *, *, #6080, .F. ) ;
#3873 = CARTESIAN_POINT ( 'NONE',  ( -13.44999999999999929, 0.000000000000000000, -10.80000000000000071 ) ) ;
#3874 = ADVANCED_FACE ( 'NONE', ( #1494 ), #3600, .T. ) ;
#3875 = EDGE_CURVE ( 'NONE', #4030, #4297, #4121, .T. ) ;
#3876 = DIRECTION ( 'NONE',  ( -0.4990327298407822298, 0.8665831377009691749, 0.000000000000000000 ) ) ;
#3877 = DIRECTION ( 'NONE',  ( 1.000000000000000000, 0.000000000000000000, 0.000000000000000000 ) ) ;
#3878 = AXIS2_PLACEMENT_3D ( 'NONE', #6595, #762, #865 ) ;
#3879 = AXIS2_PLACEMENT_3D ( 'NONE', #5832, #3808, #2776 ) ;
#3880 = CARTESIAN_POINT ( 'NONE',  ( -11.00000000000000000, -32.00000000000000000, -17.00000000000000000 ) ) ;
#3881 = AXIS2_PLACEMENT_3D ( 'NONE', #2039, #2558, #6350 ) ;
#3882 = VERTEX_POINT ( 'NONE', #909 ) ;
#3883 = AXIS2_PLACEMENT_3D ( 'NONE', #3382, #687, #4307 ) ;
#3884 = DIRECTION ( 'NONE',  ( 0.000000000000000000, -1.000000000000000000, 0.000000000000000000 ) ) ;
#3885 = DIRECTION ( 'NONE',  ( -0.000000000000000000, 1.000000000000000000, 0.000000000000000000 ) ) ;
#3886 = EDGE_LOOP ( 'NONE', ( #5459, #288 ) ) ;
#3887 = VERTEX_POINT ( 'NONE', #6701 ) ;
#3888 = VECTOR ( 'NONE', #6046, 1000.000000000000000 ) ;
#3889 = EDGE_LOOP ( 'NONE', ( #3857, #2493, #6161, #5148 ) ) ;
#3890 = EDGE_CURVE ( 'NONE', #3160, #6467, #4594, .T. ) ;
#3891 = DIRECTION ( 'NONE',  ( -1.000000000000000000, -0.000000000000000000, -0.000000000000000000 ) ) ;
#3892 = CARTESIAN_POINT ( 'NONE',  ( 6.361960786218999964, -6.783469241813000039, 61.32240000000000890 ) ) ;
#3893 = DIRECTION ( 'NONE',  ( -1.000000000000000000, -0.000000000000000000, 0.000000000000000000 ) ) ;
#3894 = ORIENTED_EDGE ( 'NONE', *, *, #1414, .T. ) ;
#3895 = CARTESIAN_POINT ( 'NONE',  ( 0.6999999999999999556, 4.951732376126000368, -15.30000000000000071 ) ) ;
#3896 = ORIENTED_EDGE ( 'NONE', *, *, #4443, .T. ) ;
#3897 = EDGE_LOOP ( 'NONE', ( #3511, #5300, #1063, #3339 ) ) ;
#3898 = CARTESIAN_POINT ( 'NONE',  ( 4.038773160496456072, 8.154656395123019763, -14.69534360487698343 ) ) ;
#3899 = LINE ( 'NONE', #582, #246 ) ;
#3900 = LINE ( 'NONE', #2340, #2023 ) ;
#3901 = ORIENTED_EDGE ( 'NONE', *, *, #3779, .T. ) ;
#3902 = FACE_OUTER_BOUND ( 'NONE', #6471, .T. ) ;
#3903 = ORIENTED_EDGE ( 'NONE', *, *, #5901, .F. ) ;
#3904 = EDGE_CURVE ( 'NONE', #5986, #5870, #4324, .T. ) ;
#3905 = CARTESIAN_POINT ( 'NONE',  ( 11.00000000000000000, 8.000000000000000000, -10.40000000000000213 ) ) ;
#3906 = DIRECTION ( 'NONE',  ( 0.000000000000000000, 0.000000000000000000, -1.000000000000000000 ) ) ;
#3907 = DIRECTION ( 'NONE',  ( -1.000000000000000000, 0.000000000000000000, 0.000000000000000000 ) ) ;
#3908 = CARTESIAN_POINT ( 'NONE',  ( -11.91862915010000101, 10.44999999999999929, -11.50000000000000000 ) ) ;
#3909 = DIRECTION ( 'NONE',  ( 0.000000000000000000, 0.7071067811865474617, -0.7071067811865474617 ) ) ;
#3910 = DIRECTION ( 'NONE',  ( 0.000000000000000000, 0.000000000000000000, -1.000000000000000000 ) ) ;
#3911 = EDGE_CURVE ( 'NONE', #6427, #6389, #5134, .T. ) ;
#3912 = EDGE_CURVE ( 'NONE', #4721, #1428, #2975, .T. ) ;
#3913 = EDGE_LOOP ( 'NONE', ( #1219, #5702, #2434, #2946 ) ) ;
#3914 = CARTESIAN_POINT ( 'NONE',  ( -6.995534289816739637, 9.749999999999907629, -15.50000000000000000 ) ) ;
#3915 = FACE_OUTER_BOUND ( 'NONE', #193, .T. ) ;
#3916 = ORIENTED_EDGE ( 'NONE', *, *, #4770, .F. ) ;
#3917 = ADVANCED_FACE ( 'NONE', ( #5210 ), #4562, .T. ) ;
#3918 = ORIENTED_EDGE ( 'NONE', *, *, #874, .F. ) ;
#3919 = ORIENTED_EDGE ( 'NONE', *, *, #5176, .T. ) ;
#3920 = LINE ( 'NONE', #4394, #5250 ) ;
#3921 = CYLINDRICAL_SURFACE ( 'NONE', #3338, 6.099999999999999645 ) ;
#3922 = CARTESIAN_POINT ( 'NONE',  ( 0.000000000000000000, 0.000000000000000000, -15.19999999999999929 ) ) ;
#3923 = ORIENTED_EDGE ( 'NONE', *, *, #2528, .F. ) ;
#3924 = DIRECTION ( 'NONE',  ( 0.7071067811865474617, -0.7071067811865474617, 0.000000000000000000 ) ) ;
#3925 = VERTEX_POINT ( 'NONE', #2523 ) ;
#3926 = ORIENTED_EDGE ( 'NONE', *, *, #718, .F. ) ;
#3927 = AXIS2_PLACEMENT_3D ( 'NONE', #3760, #5851, #3453 ) ;
#3928 = CARTESIAN_POINT ( 'NONE',  ( -7.458027997690001243, -8.085655099351999553, -17.00000000000000711 ) ) ;
#3929 = LINE ( 'NONE', #6158, #5076 ) ;
#3930 = DIRECTION ( 'NONE',  ( 0.7071067811865474617, 0.000000000000000000, 0.7071067811865474617 ) ) ;
#3931 = EDGE_CURVE ( 'NONE', #5355, #3439, #4627, .T. ) ;
#3932 = EDGE_CURVE ( 'NONE', #5247, #3988, #1023, .T. ) ;
#3933 = VERTEX_POINT ( 'NONE', #6736 ) ;
#3934 = DIRECTION ( 'NONE',  ( -1.000000000000000000, 0.000000000000000000, 0.000000000000000000 ) ) ;
#3935 = ORIENTED_EDGE ( 'NONE', *, *, #2319, .F. ) ;
#3936 = CARTESIAN_POINT ( 'NONE',  ( 14.25000000000000000, 0.000000000000000000, -11.50000000000000000 ) ) ;
#3937 = DIRECTION ( 'NONE',  ( 0.000000000000000000, -1.000000000000000000, 0.000000000000000000 ) ) ;
#3938 = CYLINDRICAL_SURFACE ( 'NONE', #6407, 0.5000000000000004441 ) ;
#3939 = LINE ( 'NONE', #1838, #5933 ) ;
#3940 = EDGE_CURVE ( 'NONE', #2889, #3679, #1858, .T. ) ;
#3941 = DIRECTION ( 'NONE',  ( -0.7071067811865474617, 0.7071067811865474617, 0.000000000000000000 ) ) ;
#3942 = DIRECTION ( 'NONE',  ( 1.000000000000000000, 0.000000000000000000, 0.000000000000000000 ) ) ;
#3943 = VECTOR ( 'NONE', #3604, 1000.000000000000000 ) ;
#3944 = AXIS2_PLACEMENT_3D ( 'NONE', #3387, #5474, #1307 ) ;
#3945 = VERTEX_POINT ( 'NONE', #3082 ) ;
#3946 = DIRECTION ( 'NONE',  ( 0.000000000000000000, 0.7071067811865474617, 0.7071067811865474617 ) ) ;
#3947 = VECTOR ( 'NONE', #6429, 1000.000000000000000 ) ;
#3948 = AXIS2_PLACEMENT_3D ( 'NONE', #2608, #3169, #540 ) ;
#3949 = AXIS2_PLACEMENT_3D ( 'NONE', #2176, #5794, #4722 ) ;
#3950 = EDGE_CURVE ( 'NONE', #3807, #4138, #3118, .T. ) ;
#3951 = CARTESIAN_POINT ( 'NONE',  ( 10.75236886899999966, -9.099999999999999645, -9.349999999999999645 ) ) ;
#3952 =( LENGTH_UNIT ( ) NAMED_UNIT ( * ) SI_UNIT ( .MILLI., .METRE. ) );
#3953 = VECTOR ( 'NONE', #4653, 1000.000000000000000 ) ;
#3954 = ORIENTED_EDGE ( 'NONE', *, *, #640, .F. ) ;
#3955 = ORIENTED_EDGE ( 'NONE', *, *, #2169, .T. ) ;
#3956 = DIRECTION ( 'NONE',  ( 0.000000000000000000, 0.000000000000000000, -1.000000000000000000 ) ) ;
#3957 = EDGE_CURVE ( 'NONE', #3933, #6596, #488, .T. ) ;
#3958 = DIRECTION ( 'NONE',  ( 1.000000000000000000, 0.000000000000000000, 0.000000000000000000 ) ) ;
#3959 = CARTESIAN_POINT ( 'NONE',  ( -4.019999999999913420, 8.163920626757766641, -14.68607937324123291 ) ) ;
#3960 = ORIENTED_EDGE ( 'NONE', *, *, #2539, .T. ) ;
#3961 = CYLINDRICAL_SURFACE ( 'NONE', #3865, 1.000000000000000000 ) ;
#3962 = ORIENTED_EDGE ( 'NONE', *, *, #5753, .F. ) ;
#3963 = VERTEX_POINT ( 'NONE', #5688 ) ;
#3964 = CARTESIAN_POINT ( 'NONE',  ( 12.30000000000000071, 8.000000000000000000, -10.30000000000000071 ) ) ;
#3965 = DIRECTION ( 'NONE',  ( -0.7071067811865474617, 0.000000000000000000, 0.7071067811865474617 ) ) ;
#3966 = CARTESIAN_POINT ( 'NONE',  ( -12.85000000002528431, -32.00000000000000000, -10.40000000000000213 ) ) ;
#3967 = ORIENTED_EDGE ( 'NONE', *, *, #3025, .T. ) ;
#3968 = COLOUR_RGB ( '',0.7921568627450980005, 0.8196078431372548767, 0.9333333333333333481 ) ;
#3969 = LINE ( 'NONE', #3486, #2644 ) ;
#3970 = VERTEX_POINT ( 'NONE', #977 ) ;
#3971 = EDGE_CURVE ( 'NONE', #5545, #5387, #3531, .T. ) ;
#3972 = DIRECTION ( 'NONE',  ( 0.000000000000000000, 0.000000000000000000, -1.000000000000000000 ) ) ;
#3973 = AXIS2_PLACEMENT_3D ( 'NONE', #154, #4998, #2279 ) ;
#3974 = CARTESIAN_POINT ( 'NONE',  ( 11.75000000000000000, 0.000000000000000000, -10.09999999999999964 ) ) ;
#3975 = VECTOR ( 'NONE', #6645, 1000.000000000000000 ) ;
#3976 = CARTESIAN_POINT ( 'NONE',  ( 12.55000000000000071, -20.30000000000000071, -11.50000000000000000 ) ) ;
#3977 = DIRECTION ( 'NONE',  ( 0.000000000000000000, 1.000000000000000000, 0.000000000000000000 ) ) ;
#3978 = AXIS2_PLACEMENT_3D ( 'NONE', #2273, #4276, #5441 ) ;
#3979 = AXIS2_PLACEMENT_3D ( 'NONE', #803, #2973, #6177 ) ;
#3980 = VERTEX_POINT ( 'NONE', #6142 ) ;
#3981 = EDGE_CURVE ( 'NONE', #3010, #5629, #3011, .T. ) ;
#3982 = DIRECTION ( 'NONE',  ( 0.000000000000000000, 0.000000000000000000, 1.000000000000000000 ) ) ;
#3983 = VECTOR ( 'NONE', #1318, 1000.000000000000000 ) ;
#3984 = DIRECTION ( 'NONE',  ( -0.000000000000000000, -0.000000000000000000, -1.000000000000000000 ) ) ;
#3985 = AXIS2_PLACEMENT_3D ( 'NONE', #5094, #6659, #1309 ) ;
#3986 = FACE_OUTER_BOUND ( 'NONE', #6688, .T. ) ;
#3987 = CARTESIAN_POINT ( 'NONE',  ( 8.849999999999999645, 0.000000000000000000, -10.80000000000000071 ) ) ;
#3988 = VERTEX_POINT ( 'NONE', #3044 ) ;
#3989 = EDGE_LOOP ( 'NONE', ( #3819, #2061, #6082, #627, #1231, #6294, #1909, #2459 ) ) ;
#3990 = VECTOR ( 'NONE', #700, 1000.000000000000000 ) ;
#3991 = CARTESIAN_POINT ( 'NONE',  ( 7.240296017462999778, -25.17477053708000057, -14.00000000000000000 ) ) ;
#3992 = LINE ( 'NONE', #6571, #3116 ) ;
#3993 = CARTESIAN_POINT ( 'NONE',  ( 0.000000000000000000, 3.551732376126000457, -15.69999999999999929 ) ) ;
#3994 = EDGE_LOOP ( 'NONE', ( #2662, #2022, #1122, #6362 ) ) ;
#3995 = CARTESIAN_POINT ( 'NONE',  ( 2.617351605875999798, -2.685511230887000167, -61.32240000000000890 ) ) ;
#3996 = AXIS2_PLACEMENT_3D ( 'NONE', #1590, #4753, #4144 ) ;
#3997 = ORIENTED_EDGE ( 'NONE', *, *, #3721, .F. ) ;
#3998 = ORIENTED_EDGE ( 'NONE', *, *, #4918, .F. ) ;
#3999 = ADVANCED_FACE ( 'NONE', ( #2560 ), #6109, .T. ) ;
#4000 = EDGE_CURVE ( 'NONE', #3306, #2563, #5104, .T. ) ;
#4001 = VECTOR ( 'NONE', #5110, 1000.000000000000000 ) ;
#4002 = LINE ( 'NONE', #5190, #509 ) ;
#4003 = CARTESIAN_POINT ( 'NONE',  ( 10.44999999999999929, -19.10000000000000142, -6.200000000000001066 ) ) ;
#4004 = CARTESIAN_POINT ( 'NONE',  ( -10.35000000179999979, -9.099999999999999645, -7.700000000000000178 ) ) ;
#4005 = VECTOR ( 'NONE', #6668, 1000.000000000000000 ) ;
#4006 = VERTEX_POINT ( 'NONE', #4183 ) ;
#4007 = CARTESIAN_POINT ( 'NONE',  ( -9.149999999934152584, 8.000000000000000000, -10.40000000000418368 ) ) ;
#4008 = VERTEX_POINT ( 'NONE', #6282 ) ;
#4009 = CYLINDRICAL_SURFACE ( 'NONE', #6400, 1.300000000000000711 ) ;
#4010 = CARTESIAN_POINT ( 'NONE',  ( -11.00000000000000000, -32.00000000000000000, -10.40000000000000213 ) ) ;
#4011 = FACE_OUTER_BOUND ( 'NONE', #3307, .T. ) ;
#4012 = CONICAL_SURFACE ( 'NONE', #3014, 1.849999999915780124, 0.7853981636816653733 ) ;
#4013 = DIRECTION ( 'NONE',  ( 0.000000000000000000, 0.000000000000000000, 1.000000000000000000 ) ) ;
#4014 = EDGE_CURVE ( 'NONE', #1769, #5870, #1710, .T. ) ;
#4015 = LINE ( 'NONE', #6102, #1116 ) ;
#4016 = DIRECTION ( 'NONE',  ( 0.000000000000000000, 0.000000000000000000, 1.000000000000000000 ) ) ;
#4017 = CARTESIAN_POINT ( 'NONE',  ( -14.25000000000000000, -8.900000000000000355, -17.00000000000000000 ) ) ;
#4018 = FACE_OUTER_BOUND ( 'NONE', #1423, .T. ) ;
#4019 = CARTESIAN_POINT ( 'NONE',  ( -10.44999999999999929, -19.10000000000000142, -10.69999999999999929 ) ) ;
#4020 = ORIENTED_EDGE ( 'NONE', *, *, #6346, .T. ) ;
#4021 = DIRECTION ( 'NONE',  ( -1.000000000000000000, 0.000000000000000000, 0.000000000000000000 ) ) ;
#4022 = EDGE_CURVE ( 'NONE', #4164, #141, #4251, .T. ) ;
#4023 = LINE ( 'NONE', #1425, #2173 ) ;
#4024 = ORIENTED_EDGE ( 'NONE', *, *, #2338, .T. ) ;
#4025 = VERTEX_POINT ( 'NONE', #4828 ) ;
#4026 = DIRECTION ( 'NONE',  ( 0.000000000000000000, 0.000000000000000000, -1.000000000000000000 ) ) ;
#4027 = CARTESIAN_POINT ( 'NONE',  ( -8.849999999999999645, -10.40000000000000213, -10.80000000000000071 ) ) ;
#4028 = DIRECTION ( 'NONE',  ( -0.000000000000000000, -0.000000000000000000, 1.000000000000000000 ) ) ;
#4029 = ADVANCED_FACE ( 'NONE', ( #2143 ), #3670, .T. ) ;
#4030 = VERTEX_POINT ( 'NONE', #6352 ) ;
#4031 = CARTESIAN_POINT ( 'NONE',  ( -12.94999999999999929, -32.71152236891000342, -11.50000000000000355 ) ) ;
#4032 = ORIENTED_EDGE ( 'NONE', *, *, #6071, .F. ) ;
#4033 = ORIENTED_EDGE ( 'NONE', *, *, #2462, .F. ) ;
#4034 = LINE ( 'NONE', #6014, #3145 ) ;
#4035 = DIRECTION ( 'NONE',  ( -0.000000000000000000, 0.000000000000000000, 1.000000000000000000 ) ) ;
#4036 = LINE ( 'NONE', #2402, #5253 ) ;
#4037 = ADVANCED_FACE ( 'NONE', ( #1110 ), #114, .T. ) ;
#4038 = ORIENTED_EDGE ( 'NONE', *, *, #178, .F. ) ;
#4039 = VECTOR ( 'NONE', #5533, 1000.000000000000000 ) ;
#4040 = DIRECTION ( 'NONE',  ( -0.000000000000000000, -0.000000000000000000, -1.000000000000000000 ) ) ;
#4041 = ORIENTED_EDGE ( 'NONE', *, *, #3293, .F. ) ;
#4042 = LINE ( 'NONE', #1931, #1334 ) ;
#4043 = VECTOR ( 'NONE', #6749, 1000.000000000000000 ) ;
#4044 = DIRECTION ( 'NONE',  ( 1.000000000000000000, 0.000000000000000000, -0.000000000000000000 ) ) ;
#4045 = EDGE_CURVE ( 'NONE', #6461, #987, #1634, .T. ) ;
#4046 = EDGE_CURVE ( 'NONE', #4138, #3232, #3737, .T. ) ;
#4047 = CARTESIAN_POINT ( 'NONE',  ( 10.44999999999999929, -19.10000000000000142, -9.800000000000000711 ) ) ;
#4048 = DIRECTION ( 'NONE',  ( -0.000000000000000000, -0.000000000000000000, -1.000000000000000000 ) ) ;
#4049 = VERTEX_POINT ( 'NONE', #3289 ) ;
#4050 = LINE ( 'NONE', #1875, #333 ) ;
#4051 = ORIENTED_EDGE ( 'NONE', *, *, #6771, .T. ) ;
#4052 = CARTESIAN_POINT ( 'NONE',  ( 0.000000000000000000, 0.000000000000000000, -17.00000000000000000 ) ) ;
#4053 = LINE ( 'NONE', #1973, #5141 ) ;
#4054 = ORIENTED_EDGE ( 'NONE', *, *, #4434, .F. ) ;
#4055 = ORIENTED_EDGE ( 'NONE', *, *, #4786, .F. ) ;
#4056 = VECTOR ( 'NONE', #5490, 1000.000000000000000 ) ;
#4057 = AXIS2_PLACEMENT_3D ( 'NONE', #3665, #5757, #1070 ) ;
#4058 = EDGE_CURVE ( 'NONE', #2563, #4805, #4320, .T. ) ;
#4059 = EDGE_CURVE ( 'NONE', #2882, #423, #5826, .T. ) ;
#4060 = AXIS2_PLACEMENT_3D ( 'NONE', #5566, #6126, #1925 ) ;
#4061 = PLANE ( 'NONE',  #1849 ) ;
#4062 = LINE ( 'NONE', #6769, #2229 ) ;
#4063 = CARTESIAN_POINT ( 'NONE',  ( -7.458027997690001243, -8.085655099351999553, 57.90930149505000202 ) ) ;
#4064 = ORIENTED_EDGE ( 'NONE', *, *, #1766, .T. ) ;
#4065 = CARTESIAN_POINT ( 'NONE',  ( 7.024736428839278624, -8.335171464271839525, -17.00000000000000000 ) ) ;
#4066 = EDGE_LOOP ( 'NONE', ( #3117, #3031, #3129, #3264, #296 ) ) ;
#4067 = EDGE_LOOP ( 'NONE', ( #360, #6493, #4661, #6329 ) ) ;
#4068 = EDGE_CURVE ( 'NONE', #5252, #4173, #1175, .T. ) ;
#4069 = CARTESIAN_POINT ( 'NONE',  ( 0.000000000000000000, 0.000000000000000000, -11.50000000000000000 ) ) ;
#4070 = FACE_OUTER_BOUND ( 'NONE', #4392, .T. ) ;
#4071 = LINE ( 'NONE', #299, #1685 ) ;
#4072 = LINE ( 'NONE', #4233, #4448 ) ;
#4073 = ORIENTED_EDGE ( 'NONE', *, *, #5670, .T. ) ;
#4074 = ORIENTED_EDGE ( 'NONE', *, *, #4206, .T. ) ;
#4075 = ORIENTED_EDGE ( 'NONE', *, *, #4046, .T. ) ;
#4076 = EDGE_CURVE ( 'NONE', #6467, #2478, #5381, .T. ) ;
#4077 = CARTESIAN_POINT ( 'NONE',  ( 10.44999999999999929, -9.099999999999999645, -9.800000000000000711 ) ) ;
#4078 = DIRECTION ( 'NONE',  ( -1.000000000000000000, 0.000000000000000000, 0.000000000000000000 ) ) ;
#4079 = CARTESIAN_POINT ( 'NONE',  ( 0.000000000000000000, -19.80000000000000071, -10.80000000000000071 ) ) ;
#4080 = LINE ( 'NONE', #6727, #4404 ) ;
#4081 = DIRECTION ( 'NONE',  ( -1.000000000000000000, 0.000000000000000000, 0.000000000000000000 ) ) ;
#4082 = EDGE_LOOP ( 'NONE', ( #476, #6098, #4354, #5849 ) ) ;
#4083 = ADVANCED_FACE ( 'NONE', ( #2696, #5239 ), #5863, .T. ) ;
#4084 = DIRECTION ( 'NONE',  ( 0.000000000000000000, -0.000000000000000000, 1.000000000000000000 ) ) ;
#4085 = ORIENTED_EDGE ( 'NONE', *, *, #4166, .F. ) ;
#4086 = CARTESIAN_POINT ( 'NONE',  ( -7.049999999999999822, 8.000000000000000000, -13.70000000000000107 ) ) ;
#4087 = VECTOR ( 'NONE', #6239, 1000.000000000000000 ) ;
#4088 = FACE_OUTER_BOUND ( 'NONE', #3350, .T. ) ;
#4089 = CIRCLE ( 'NONE', #6504, 0.5000000000000004441 ) ;
#4090 = ORIENTED_EDGE ( 'NONE', *, *, #2247, .T. ) ;
#4091 = ORIENTED_EDGE ( 'NONE', *, *, #6621, .T. ) ;
#4092 = CIRCLE ( 'NONE', #2875, 1.300000000000000711 ) ;
#4093 = AXIS2_PLACEMENT_3D ( 'NONE', #6598, #938, #3497 ) ;
#4094 = CARTESIAN_POINT ( 'NONE',  ( -11.71152236890999987, 10.44999999999999929, -61.32240000000000890 ) ) ;
#4095 = CARTESIAN_POINT ( 'NONE',  ( 9.149999999934152584, 8.000000000000000000, -10.40000000000418368 ) ) ;
#4096 = LINE ( 'NONE', #4665, #1440 ) ;
#4097 = ORIENTED_EDGE ( 'NONE', *, *, #1767, .F. ) ;
#4098 = DIRECTION ( 'NONE',  ( 1.000000000000000000, 0.000000000000000000, -0.000000000000000000 ) ) ;
#4099 = EDGE_CURVE ( 'NONE', #5340, #3384, #523, .T. ) ;
#4100 = VECTOR ( 'NONE', #2871, 1000.000000000000000 ) ;
#4101 = ORIENTED_EDGE ( 'NONE', *, *, #2346, .F. ) ;
#4102 = VERTEX_POINT ( 'NONE', #50 ) ;
#4103 = FACE_OUTER_BOUND ( 'NONE', #6384, .T. ) ;
#4104 = CARTESIAN_POINT ( 'NONE',  ( 13.44999999999999929, 8.918629150101999414, -10.80000000000000071 ) ) ;
#4105 = CARTESIAN_POINT ( 'NONE',  ( 13.30355339059000030, 9.065075759507999820, -10.80000000000000071 ) ) ;
#4106 = CIRCLE ( 'NONE', #2663, 0.5000000000000004441 ) ;
#4107 = DIRECTION ( 'NONE',  ( -1.000000000000000000, -0.000000000000000000, -0.000000000000000000 ) ) ;
#4108 = ORIENTED_EDGE ( 'NONE', *, *, #5391, .F. ) ;
#4109 = EDGE_CURVE ( 'NONE', #1566, #3518, #1693, .T. ) ;
#4110 = EDGE_LOOP ( 'NONE', ( #943, #4101, #6000, #2823 ) ) ;
#4111 = ORIENTED_EDGE ( 'NONE', *, *, #5093, .T. ) ;
#4112 = VECTOR ( 'NONE', #6644, 1000.000000000000000 ) ;
#4113 = CARTESIAN_POINT ( 'NONE',  ( 14.25000000000000000, -8.900000000000000355, -17.00000000000000000 ) ) ;
#4114 = DIRECTION ( 'NONE',  ( -0.000000000000000000, 1.000000000000000000, 0.000000000000000000 ) ) ;
#4115 = DIRECTION ( 'NONE',  ( -0.000000000000000000, 0.000000000000000000, 1.000000000000000000 ) ) ;
#4116 = FACE_OUTER_BOUND ( 'NONE', #4689, .T. ) ;
#4117 = ADVANCED_FACE ( 'NONE', ( #4762 ), #556, .T. ) ;
#4118 = DIRECTION ( 'NONE',  ( -1.000000000000000000, -0.000000000000000000, 0.000000000000000000 ) ) ;
#4119 = LINE ( 'NONE', #1385, #6579 ) ;
#4120 = CARTESIAN_POINT ( 'NONE',  ( -8.849999999999999645, -19.30000000000000071, -10.79999999999999893 ) ) ;
#4121 = LINE ( 'NONE', #1972, #694 ) ;
#4122 = EDGE_CURVE ( 'NONE', #3030, #1939, #5346, .T. ) ;
#4123 = CARTESIAN_POINT ( 'NONE',  ( 12.25000000000000000, 9.750000000000000000, -13.70000000000000107 ) ) ;
#4124 = ORIENTED_EDGE ( 'NONE', *, *, #6199, .T. ) ;
#4125 = AXIS2_PLACEMENT_3D ( 'NONE', #1408, #1864, #2994 ) ;
#4126 = ORIENTED_EDGE ( 'NONE', *, *, #3489, .T. ) ;
#4127 = DIRECTION ( 'NONE',  ( -0.000000000000000000, -0.000000000000000000, 1.000000000000000000 ) ) ;
#4128 = DIRECTION ( 'NONE',  ( -1.000000000000000000, -0.000000000000000000, -0.000000000000000000 ) ) ;
#4129 = DIRECTION ( 'NONE',  ( 0.5773502691896257311, 0.5773502691896257311, -0.5773502691896257311 ) ) ;
#4130 = ADVANCED_FACE ( 'NONE', ( #829 ), #3429, .T. ) ;
#4131 = ORIENTED_EDGE ( 'NONE', *, *, #705, .T. ) ;
#4132 = LINE ( 'NONE', #5149, #662 ) ;
#4133 = VERTEX_POINT ( 'NONE', #6457 ) ;
#4134 = ORIENTED_EDGE ( 'NONE', *, *, #3641, .F. ) ;
#4135 = PLANE ( 'NONE',  #3476 ) ;
#4136 = DIRECTION ( 'NONE',  ( 0.8665831377009691749, 0.4990327298407822298, 0.000000000000000000 ) ) ;
#4137 = DIRECTION ( 'NONE',  ( 1.000000000000000000, 0.000000000000000000, 0.000000000000000000 ) ) ;
#4138 = VERTEX_POINT ( 'NONE', #4928 ) ;
#4139 = EDGE_LOOP ( 'NONE', ( #36, #274 ) ) ;
#4140 = ORIENTED_EDGE ( 'NONE', *, *, #1954, .T. ) ;
#4141 = EDGE_CURVE ( 'NONE', #1734, #522, #2249, .T. ) ;
#4142 = FACE_OUTER_BOUND ( 'NONE', #420, .T. ) ;
#4143 = ADVANCED_FACE ( 'NONE', ( #800 ), #5750, .T. ) ;
#4144 = DIRECTION ( 'NONE',  ( 0.000000000000000000, -0.7071067811865474617, -0.7071067811865474617 ) ) ;
#4145 = CARTESIAN_POINT ( 'NONE',  ( 11.00000000000000000, 8.000000000000000000, -10.30000000006748451 ) ) ;
#4146 = CARTESIAN_POINT ( 'NONE',  ( -12.30000000000000071, 8.000000000000000000, -17.00000000000000000 ) ) ;
#4147 = CARTESIAN_POINT ( 'NONE',  ( 8.599999999999999645, 8.000000000000000000, -14.19999999999999929 ) ) ;
#4148 = VECTOR ( 'NONE', #1861, 1000.000000000000000 ) ;
#4149 = DIRECTION ( 'NONE',  ( 0.000000000000000000, -0.000000000000000000, -1.000000000000000000 ) ) ;
#4150 = CARTESIAN_POINT ( 'NONE',  ( -8.349999999999999645, -19.30000000000000071, -10.80000000000000071 ) ) ;
#4151 = ORIENTED_EDGE ( 'NONE', *, *, #1528, .F. ) ;
#4152 = DIRECTION ( 'NONE',  ( 1.000000000000000000, 0.000000000000000000, 0.000000000000000000 ) ) ;
#4153 = DIRECTION ( 'NONE',  ( 1.000000000000000000, 0.000000000000000000, 0.000000000000000000 ) ) ;
#4154 = VERTEX_POINT ( 'NONE', #250 ) ;
#4155 = EDGE_LOOP ( 'NONE', ( #1300, #6051, #591, #5739 ) ) ;
#4156 = ADVANCED_FACE ( 'NONE', ( #1739 ), #1280, .T. ) ;
#4157 = CYLINDRICAL_SURFACE ( 'NONE', #962, 1.500000000000000000 ) ;
#4158 = LINE ( 'NONE', #3050, #3668 ) ;
#4159 = CARTESIAN_POINT ( 'NONE',  ( 11.75000000000000000, 0.000000000000000000, -10.09999999999999964 ) ) ;
#4160 = ORIENTED_EDGE ( 'NONE', *, *, #2086, .T. ) ;
#4161 = CARTESIAN_POINT ( 'NONE',  ( -9.249999999984538590, 8.000000000000000000, -10.30000000001064109 ) ) ;
#4162 = EDGE_LOOP ( 'NONE', ( #3722, #3220, #3903 ) ) ;
#4163 = CIRCLE ( 'NONE', #4487, 0.1999999999999996503 ) ;
#4164 = VERTEX_POINT ( 'NONE', #3392 ) ;
#4165 = AXIS2_PLACEMENT_3D ( 'NONE', #4950, #752, #3930 ) ;
#4166 = EDGE_CURVE ( 'NONE', #1971, #2325, #4898, .T. ) ;
#4167 = ADVANCED_FACE ( 'NONE', ( #278 ), #1351, .T. ) ;
#4168 = CARTESIAN_POINT ( 'NONE',  ( -12.55000000000000071, -8.900000000000000355, -8.699999999999999289 ) ) ;
#4169 = DIRECTION ( 'NONE',  ( 1.000000000000000000, 0.000000000000000000, -0.000000000000000000 ) ) ;
#4170 = AXIS2_PLACEMENT_3D ( 'NONE', #1570, #3188, #1641 ) ;
#4171 = LINE ( 'NONE', #6301, #5961 ) ;
#4172 = DIRECTION ( 'NONE',  ( -1.000000000000000000, 0.000000000000000000, 0.000000000000000000 ) ) ;
#4173 = VERTEX_POINT ( 'NONE', #761 ) ;
#4174 = ORIENTED_EDGE ( 'NONE', *, *, #2191, .F. ) ;
#4175 = ORIENTED_EDGE ( 'NONE', *, *, #3911, .F. ) ;
#4176 = FACE_OUTER_BOUND ( 'NONE', #6225, .T. ) ;
#4177 = DIRECTION ( 'NONE',  ( -0.000000000000000000, -0.000000000000000000, -1.000000000000000000 ) ) ;
#4178 = CARTESIAN_POINT ( 'NONE',  ( -8.849999999999999645, -17.80000000000000071, -10.79999999999999893 ) ) ;
#4179 = EDGE_CURVE ( 'NONE', #4006, #3887, #2868, .T. ) ;
#4180 = CARTESIAN_POINT ( 'NONE',  ( -8.349999999999999645, -19.30000000000000071, -10.80000000000000071 ) ) ;
#4181 = DIRECTION ( 'NONE',  ( 1.000000000000000000, 0.000000000000000000, 0.000000000000000000 ) ) ;
#4182 = VERTEX_POINT ( 'NONE', #6594 ) ;
#4183 = CARTESIAN_POINT ( 'NONE',  ( 5.164165701663180563, -4.576176636206871429, -14.69999999999999751 ) ) ;
#4184 = DIRECTION ( 'NONE',  ( 1.000000000000000000, 0.000000000000000000, 0.000000000000000000 ) ) ;
#4185 = EDGE_CURVE ( 'NONE', #1134, #4811, #1320, .T. ) ;
#4186 = ORIENTED_EDGE ( 'NONE', *, *, #4995, .F. ) ;
#4187 = AXIS2_PLACEMENT_3D ( 'NONE', #1092, #4588, #6695 ) ;
#4188 = ORIENTED_EDGE ( 'NONE', *, *, #579, .T. ) ;
#4189 = CARTESIAN_POINT ( 'NONE',  ( 12.34999999999999964, -14.09999999999999964, -6.199999999700000153 ) ) ;
#4190 = CARTESIAN_POINT ( 'NONE',  ( 11.71152236890999987, 10.44999999999999929, -10.79999999999999893 ) ) ;
#4191 = VECTOR ( 'NONE', #6088, 1000.000000000000000 ) ;
#4192 = FACE_OUTER_BOUND ( 'NONE', #1994, .T. ) ;
#4193 = EDGE_LOOP ( 'NONE', ( #2981, #3446, #1393, #3298 ) ) ;
#4194 = DIRECTION ( 'NONE',  ( -1.000000000000000000, 0.000000000000000000, 0.000000000000000000 ) ) ;
#4195 = ADVANCED_FACE ( 'NONE', ( #2378 ), #4484, .T. ) ;
#4196 = VERTEX_POINT ( 'NONE', #5447 ) ;
#4197 = VERTEX_POINT ( 'NONE', #1839 ) ;
#4198 = CIRCLE ( 'NONE', #3321, 0.5000000000000004441 ) ;
#4199 = LINE ( 'NONE', #1478, #6104 ) ;
#4200 = FACE_OUTER_BOUND ( 'NONE', #6703, .T. ) ;
#4201 = DIRECTION ( 'NONE',  ( 1.000000000000000000, 0.000000000000000000, 0.000000000000000000 ) ) ;
#4202 = AXIS2_PLACEMENT_3D ( 'NONE', #2617, #1003, #6314 ) ;
#4203 = ORIENTED_EDGE ( 'NONE', *, *, #1845, .T. ) ;
#4204 = VECTOR ( 'NONE', #1844, 1000.000000000000000 ) ;
#4205 = LINE ( 'NONE', #3792, #4272 ) ;
#4206 = EDGE_CURVE ( 'NONE', #4913, #4721, #3325, .T. ) ;
#4207 = ADVANCED_FACE ( 'NONE', ( #2907 ), #1810, .T. ) ;
#4208 = ORIENTED_EDGE ( 'NONE', *, *, #2168, .T. ) ;
#4209 = CARTESIAN_POINT ( 'NONE',  ( -7.749999999999995559, -8.884013320899216026, -12.50000000000000178 ) ) ;
#4210 = CARTESIAN_POINT ( 'NONE',  ( -14.25000000000000000, -19.30000000000000071, -11.50000000000000000 ) ) ;
#4211 = DIRECTION ( 'NONE',  ( -0.000000000000000000, -0.000000000000000000, 1.000000000000000000 ) ) ;
#4212 = LINE ( 'NONE', #4715, #5960 ) ;
#4213 = CIRCLE ( 'NONE', #1462, 0.5000000000000004441 ) ;
#4214 = DIRECTION ( 'NONE',  ( 0.000000000000000000, 0.000000000000000000, 1.000000000000000000 ) ) ;
#4215 = CARTESIAN_POINT ( 'NONE',  ( 0.000000000000000000, -8.900000000000000355, -10.80000000000000071 ) ) ;
#4216 = DIRECTION ( 'NONE',  ( 0.000000000000000000, 1.000000000000000000, 0.000000000000000000 ) ) ;
#4217 = EDGE_CURVE ( 'NONE', #3754, #3813, #699, .T. ) ;
#4218 = ORIENTED_EDGE ( 'NONE', *, *, #4545, .T. ) ;
#4219 = CARTESIAN_POINT ( 'NONE',  ( 8.099999999999999645, -14.09999999999999964, -8.449999999999999289 ) ) ;
#4220 = LINE ( 'NONE', #3185, #5615 ) ;
#4221 = VERTEX_POINT ( 'NONE', #728 ) ;
#4222 = LINE ( 'NONE', #1046, #6479 ) ;
#4223 = ADVANCED_FACE ( 'NONE', ( #2835, #215 ), #6067, .F. ) ;
#4224 = CARTESIAN_POINT ( 'NONE',  ( 11.05000000060000254, -9.099999999999999645, -6.200000000000001066 ) ) ;
#4225 = CARTESIAN_POINT ( 'NONE',  ( 10.66577127869878083, -19.10000000000000497, -8.900000000000000355 ) ) ;
#4226 = EDGE_LOOP ( 'NONE', ( #5909, #6023, #1049, #6381 ) ) ;
#4227 = VECTOR ( 'NONE', #3552, 1000.000000000000114 ) ;
#4228 = ORIENTED_EDGE ( 'NONE', *, *, #520, .F. ) ;
#4229 = VERTEX_POINT ( 'NONE', #4352 ) ;
#4230 = DIRECTION ( 'NONE',  ( -0.000000000000000000, 1.000000000000000000, 0.000000000000000000 ) ) ;
#4231 = EDGE_CURVE ( 'NONE', #3204, #5802, #2314, .T. ) ;
#4232 = DIRECTION ( 'NONE',  ( -1.000000000000000000, 0.000000000000000000, 0.000000000000000000 ) ) ;
#4233 = CARTESIAN_POINT ( 'NONE',  ( 0.000000000000000000, -7.900000000000000355, -10.80000000000000071 ) ) ;
#4234 = EDGE_LOOP ( 'NONE', ( #2931, #2251, #6395, #5692 ) ) ;
#4235 = DIRECTION ( 'NONE',  ( 0.000000000000000000, 0.7071067811865475727, 0.7071067811865475727 ) ) ;
#4236 = DIRECTION ( 'NONE',  ( 1.000000000000000000, 0.000000000000000000, 0.000000000000000000 ) ) ;
#4237 = VERTEX_POINT ( 'NONE', #5612 ) ;
#4238 = ORIENTED_EDGE ( 'NONE', *, *, #3861, .F. ) ;
#4239 = LINE ( 'NONE', #2754, #2153 ) ;
#4240 = EDGE_CURVE ( 'NONE', #3587, #5545, #539, .T. ) ;
#4241 = LINE ( 'NONE', #1035, #2327 ) ;
#4242 = DIRECTION ( 'NONE',  ( 0.000000000000000000, 0.000000000000000000, 1.000000000000000000 ) ) ;
#4243 = APPLICATION_PROTOCOL_DEFINITION ( 'draft international standard', 'automotive_design', 1998, #3291 ) ;
#4244 = CARTESIAN_POINT ( 'NONE',  ( 6.188644158678417995, -6.883275787781091282, -15.50000000000000711 ) ) ;
#4245 = PLANE ( 'NONE',  #630 ) ;
#4246 = ORIENTED_EDGE ( 'NONE', *, *, #1447, .F. ) ;
#4247 = LINE ( 'NONE', #4215, #1548 ) ;
#4248 = EDGE_CURVE ( 'NONE', #379, #4887, #5276, .T. ) ;
#4249 = CARTESIAN_POINT ( 'NONE',  ( -12.30000000000000071, -32.00000000000000000, -14.19999999999999929 ) ) ;
#4250 = VERTEX_POINT ( 'NONE', #5063 ) ;
#4251 = LINE ( 'NONE', #1635, #93 ) ;
#4252 = DIRECTION ( 'NONE',  ( 0.000000000000000000, -0.7071067811865474617, 0.7071067811865474617 ) ) ;
#4253 = VECTOR ( 'NONE', #3825, 1000.000000000000227 ) ;
#4254 = ORIENTED_EDGE ( 'NONE', *, *, #4271, .T. ) ;
#4255 = CARTESIAN_POINT ( 'NONE',  ( 0.000000000000000000, 0.000000000000000000, -15.19999999999999929 ) ) ;
#4256 = LINE ( 'NONE', #5352, #1333 ) ;
#4257 = FACE_OUTER_BOUND ( 'NONE', #4361, .T. ) ;
#4258 = ORIENTED_EDGE ( 'NONE', *, *, #6582, .T. ) ;
#4259 = EDGE_LOOP ( 'NONE', ( #980, #4967, #1467, #6752 ) ) ;
#4260 = ORIENTED_EDGE ( 'NONE', *, *, #903, .T. ) ;
#4261 = PLANE ( 'NONE',  #3281 ) ;
#4262 = CARTESIAN_POINT ( 'NONE',  ( 13.44999999999999929, 8.711522368915000314, -11.50000000000000355 ) ) ;
#4263 = CARTESIAN_POINT ( 'NONE',  ( 6.361960786218999964, -6.783469241813000039, 61.32240000000000890 ) ) ;
#4264 = VERTEX_POINT ( 'NONE', #1455 ) ;
#4265 = CARTESIAN_POINT ( 'NONE',  ( -12.34999999999999964, -14.09999999999999964, -7.250000000000000000 ) ) ;
#4266 = VECTOR ( 'NONE', #462, 1000.000000000000114 ) ;
#4267 = AXIS2_PLACEMENT_3D ( 'NONE', #5653, #4016, #6210 ) ;
#4268 = DIRECTION ( 'NONE',  ( 0.000000000000000000, 0.000000000000000000, 1.000000000000000000 ) ) ;
#4269 = EDGE_LOOP ( 'NONE', ( #2231, #4632, #2257, #2851 ) ) ;
#4270 = EDGE_LOOP ( 'NONE', ( #4789, #4946, #437, #4329, #2267, #289, #1330, #1885, #912, #5710, #4498, #6217, #6233 ) ) ;
#4271 = EDGE_CURVE ( 'NONE', #5767, #3337, #382, .T. ) ;
#4272 = VECTOR ( 'NONE', #4780, 1000.000000000000000 ) ;
#4273 = DIRECTION ( 'NONE',  ( 0.000000000000000000, 0.000000000000000000, 1.000000000000000000 ) ) ;
#4274 = CARTESIAN_POINT ( 'NONE',  ( 14.25000000000000000, -19.30000000000000071, -11.50000000000000000 ) ) ;
#4275 = FACE_OUTER_BOUND ( 'NONE', #2925, .T. ) ;
#4276 = DIRECTION ( 'NONE',  ( 0.000000000000000000, 0.000000000000000000, -1.000000000000000000 ) ) ;
#4277 = EDGE_CURVE ( 'NONE', #5040, #4799, #3036, .T. ) ;
#4278 = DIRECTION ( 'NONE',  ( -1.000000000000000000, -0.000000000000000000, 0.000000000000000000 ) ) ;
#4279 = ORIENTED_EDGE ( 'NONE', *, *, #5317, .T. ) ;
#4280 = FACE_OUTER_BOUND ( 'NONE', #5175, .T. ) ;
#4281 = ORIENTED_EDGE ( 'NONE', *, *, #6219, .F. ) ;
#4282 = CARTESIAN_POINT ( 'NONE',  ( -7.749999999999995559, -8.884013320899216026, -12.50000000000000178 ) ) ;
#4283 = CARTESIAN_POINT ( 'NONE',  ( -8.849999999999999645, -19.30000000000000071, -10.80000000000000071 ) ) ;
#4284 = EDGE_CURVE ( 'NONE', #4992, #4778, #3004, .T. ) ;
#4285 = EDGE_CURVE ( 'NONE', #4811, #1134, #326, .T. ) ;
#4286 = ORIENTED_EDGE ( 'NONE', *, *, #1149, .T. ) ;
#4287 = LINE ( 'NONE', #3156, #1413 ) ;
#4288 = LINE ( 'NONE', #4768, #2656 ) ;
#4289 = DIRECTION ( 'NONE',  ( 1.000000000000000000, 0.000000000000000000, 0.000000000000000000 ) ) ;
#4290 = ORIENTED_EDGE ( 'NONE', *, *, #5971, .F. ) ;
#4291 = EDGE_LOOP ( 'NONE', ( #2139, #3404, #3793, #753 ) ) ;
#4292 = ORIENTED_EDGE ( 'NONE', *, *, #2772, .F. ) ;
#4293 = VECTOR ( 'NONE', #2820, 1000.000000000000114 ) ;
#4294 = DIRECTION ( 'NONE',  ( 0.000000000000000000, -0.000000000000000000, 1.000000000000000000 ) ) ;
#4295 = DIRECTION ( 'NONE',  ( 0.000000000000000000, 0.000000000000000000, 1.000000000000000000 ) ) ;
#4296 = CARTESIAN_POINT ( 'NONE',  ( 11.00000000000000000, -32.00000000000000000, -17.00000000000000000 ) ) ;
#4297 = VERTEX_POINT ( 'NONE', #4619 ) ;
#4298 = FACE_OUTER_BOUND ( 'NONE', #1601, .T. ) ;
#4299 = CARTESIAN_POINT ( 'NONE',  ( 2.617351605875999798, -2.685511230887000167, -14.80000000000000071 ) ) ;
#4300 = VECTOR ( 'NONE', #5854, 1000.000000000000000 ) ;
#4301 = ORIENTED_EDGE ( 'NONE', *, *, #570, .F. ) ;
#4302 = CIRCLE ( 'NONE', #3758, 1.850000000000000977 ) ;
#4303 = ORIENTED_EDGE ( 'NONE', *, *, #1945, .F. ) ;
#4304 = CARTESIAN_POINT ( 'NONE',  ( 8.349999999999999645, -10.40000000000000213, -10.80000000000000071 ) ) ;
#4305 = CIRCLE ( 'NONE', #6062, 1.499999999999999556 ) ;
#4306 = VECTOR ( 'NONE', #2670, 1000.000000000000000 ) ;
#4307 = DIRECTION ( 'NONE',  ( -1.000000000000000000, 0.000000000000000000, 0.000000000000000000 ) ) ;
#4308 = PLANE ( 'NONE',  #1299 ) ;
#4309 = EDGE_CURVE ( 'NONE', #3690, #6538, #1966, .T. ) ;
#4310 = CARTESIAN_POINT ( 'NONE',  ( 8.349999999999999645, -8.899999999999998579, -8.699999999999999289 ) ) ;
#4311 = ORIENTED_EDGE ( 'NONE', *, *, #1125, .T. ) ;
#4312 = CIRCLE ( 'NONE', #5619, 1.850000000000000977 ) ;
#4313 = AXIS2_PLACEMENT_3D ( 'NONE', #6757, #4114, #5265 ) ;
#4314 = DIRECTION ( 'NONE',  ( -1.000000000000000000, 0.000000000000000000, 0.000000000000000000 ) ) ;
#4315 = ORIENTED_EDGE ( 'NONE', *, *, #3861, .T. ) ;
#4316 = DIRECTION ( 'NONE',  ( 0.000000000000000000, 0.000000000000000000, -1.000000000000000000 ) ) ;
#4317 = LINE ( 'NONE', #2348, #4966 ) ;
#4318 = EDGE_CURVE ( 'NONE', #5628, #4805, #4080, .T. ) ;
#4319 = VECTOR ( 'NONE', #6229, 1000.000000000000000 ) ;
#4320 = LINE ( 'NONE', #3805, #2507 ) ;
#4321 = CARTESIAN_POINT ( 'NONE',  ( -14.25000000000000000, -8.900000000000000355, -17.00000000000000000 ) ) ;
#4322 = ORIENTED_EDGE ( 'NONE', *, *, #3890, .T. ) ;
#4323 = VECTOR ( 'NONE', #946, 1000.000000000000000 ) ;
#4324 = CIRCLE ( 'NONE', #2451, 0.5000000000000004441 ) ;
#4325 = DIRECTION ( 'NONE',  ( 0.000000000000000000, 0.000000000000000000, -1.000000000000000000 ) ) ;
#4326 = ADVANCED_FACE ( 'NONE', ( #4116 ), #6208, .F. ) ;
#4327 = CARTESIAN_POINT ( 'NONE',  ( 12.34999999999999964, -19.10000000000000142, -4.700000000000000178 ) ) ;
#4328 = DIRECTION ( 'NONE',  ( -1.000000000000000000, 0.000000000000000000, 0.000000000000000000 ) ) ;
#4329 = ORIENTED_EDGE ( 'NONE', *, *, #1244, .F. ) ;
#4330 = ORIENTED_EDGE ( 'NONE', *, *, #4953, .F. ) ;
#4331 = ORIENTED_EDGE ( 'NONE', *, *, #4846, .T. ) ;
#4332 = LINE ( 'NONE', #5840, #521 ) ;
#4333 = ADVANCED_FACE ( 'NONE', ( #2969 ), #3592, .T. ) ;
#4334 = CARTESIAN_POINT ( 'NONE',  ( 12.94999999999999929, -32.71152236891000342, -11.50000000000000355 ) ) ;
#4335 = LINE ( 'NONE', #5808, #5323 ) ;
#4336 = ORIENTED_EDGE ( 'NONE', *, *, #4076, .T. ) ;
#4337 = CARTESIAN_POINT ( 'NONE',  ( 0.6999999999999999556, 5.051732376126000013, -15.69999999999999929 ) ) ;
#4338 = PLANE ( 'NONE',  #92 ) ;
#4339 = EDGE_LOOP ( 'NONE', ( #6249, #2971, #1805, #3274, #1525, #2358, #1304 ) ) ;
#4340 = VERTEX_POINT ( 'NONE', #5574 ) ;
#4341 = CARTESIAN_POINT ( 'NONE',  ( 4.745799319780535264, -3.832412923520625458, -61.32240000000000890 ) ) ;
#4342 = DIRECTION ( 'NONE',  ( -1.000000000000000000, 0.000000000000000000, 0.000000000000000000 ) ) ;
#4343 = CARTESIAN_POINT ( 'NONE',  ( 11.00000000000000000, -32.00000000000000000, -10.39999999989049684 ) ) ;
#4344 = CARTESIAN_POINT ( 'NONE',  ( 12.84999999999999964, -32.00000000000000000, -10.80000000000000071 ) ) ;
#4345 = ORIENTED_EDGE ( 'NONE', *, *, #2221, .T. ) ;
#4346 = ADVANCED_FACE ( 'NONE', ( #3168 ), #6628, .T. ) ;
#4347 = DIRECTION ( 'NONE',  ( 0.000000000000000000, 0.000000000000000000, -1.000000000000000000 ) ) ;
#4348 = EDGE_CURVE ( 'NONE', #3813, #3013, #1614, .T. ) ;
#4349 = CARTESIAN_POINT ( 'NONE',  ( 4.019999999999999574, 11.25000000000000000, -13.40000000000000036 ) ) ;
#4350 = DIRECTION ( 'NONE',  ( 1.000000000000000000, 0.000000000000000000, 0.000000000000000000 ) ) ;
#4351 = AXIS2_PLACEMENT_3D ( 'NONE', #4474, #6549, #1827 ) ;
#4352 = CARTESIAN_POINT ( 'NONE',  ( 11.71152236890999987, 10.44999999999999929, -11.50000000000000178 ) ) ;
#4353 = PLANE ( 'NONE',  #2883 ) ;
#4354 = ORIENTED_EDGE ( 'NONE', *, *, #5594, .T. ) ;
#4355 = EDGE_CURVE ( 'NONE', #203, #764, #6162, .T. ) ;
#4356 = DIRECTION ( 'NONE',  ( -0.000000000000000000, 0.7071067811865474617, 0.7071067811865474617 ) ) ;
#4357 = CARTESIAN_POINT ( 'NONE',  ( 0.000000000000000000, 0.000000000000000000, -15.10999999999999943 ) ) ;
#4359 = ORIENTED_EDGE ( 'NONE', *, *, #1106, .F. ) ;
#4358 = VECTOR ( 'NONE', #2372, 1000.000000000000000 ) ;
#4360 = VERTEX_POINT ( 'NONE', #1383 ) ;
#4361 = EDGE_LOOP ( 'NONE', ( #1786, #1726, #5383, #2291 ) ) ;
#4362 = ADVANCED_FACE ( 'NONE', ( #2641 ), #4744, .F. ) ;
#4363 = CIRCLE ( 'NONE', #1062, 1.399999999989631760 ) ;
#4364 = LINE ( 'NONE', #1127, #4379 ) ;
#4365 = DIRECTION ( 'NONE',  ( -0.000000000000000000, -1.000000000000000000, 0.000000000000000000 ) ) ;
#4366 = FACE_OUTER_BOUND ( 'NONE', #5898, .T. ) ;
#4367 = ORIENTED_EDGE ( 'NONE', *, *, #1244, .T. ) ;
#4368 = DIRECTION ( 'NONE',  ( 0.000000000000000000, 1.000000000000000000, -0.000000000000000000 ) ) ;
#4369 = DIRECTION ( 'NONE',  ( 0.000000000000000000, 1.000000000000000000, -0.000000000000000000 ) ) ;
#4370 = ORIENTED_EDGE ( 'NONE', *, *, #4185, .F. ) ;
#4371 = VERTEX_POINT ( 'NONE', #3718 ) ;
#4372 = EDGE_CURVE ( 'NONE', #3403, #2527, #5026, .T. ) ;
#4373 = EDGE_CURVE ( 'NONE', #5730, #4237, #4556, .T. ) ;
#4374 = CARTESIAN_POINT ( 'NONE',  ( 12.06507575951000177, -34.30355339059000386, -10.80000000000000071 ) ) ;
#4375 = CARTESIAN_POINT ( 'NONE',  ( -11.05000000060000254, -19.10000000000000142, -6.200000000000001066 ) ) ;
#4376 = DIRECTION ( 'NONE',  ( -1.000000000000000000, 0.000000000000000000, 0.000000000000000000 ) ) ;
#4377 = DIRECTION ( 'NONE',  ( 0.000000000000000000, 0.000000000000000000, -1.000000000000000000 ) ) ;
#4378 = ORIENTED_EDGE ( 'NONE', *, *, #4875, .F. ) ;
#4379 = VECTOR ( 'NONE', #2154, 1000.000000000000000 ) ;
#4380 = VECTOR ( 'NONE', #1459, 1000.000000000000000 ) ;
#4381 = DIRECTION ( 'NONE',  ( -0.000000000000000000, 0.000000000000000000, -1.000000000000000000 ) ) ;
#4382 = VECTOR ( 'NONE', #6655, 1000.000000000000114 ) ;
#4383 = EDGE_LOOP ( 'NONE', ( #2537, #735, #1205, #2203, #4989, #6641, #6648, #1913, #4876, #2085, #5838, #1094, #1273, #3703, #6781, #5494, #3502, #3634, #77, #6013 ) ) ;
#4384 = DIRECTION ( 'NONE',  ( 0.7071067811865475727, -0.7071067811865475727, 0.000000000000000000 ) ) ;
#4385 = CARTESIAN_POINT ( 'NONE',  ( 0.000000000000000000, 0.000000000000000000, -15.19999999999999929 ) ) ;
#4386 = CARTESIAN_POINT ( 'NONE',  ( 7.099999999999999645, -16.55000000000000071, -14.75000000000000178 ) ) ;
#4387 = LINE ( 'NONE', #2734, #135 ) ;
#4388 = ORIENTED_EDGE ( 'NONE', *, *, #2380, .T. ) ;
#4389 = CARTESIAN_POINT ( 'NONE',  ( -0.6999999999999999556, 3.551732376126000457, -15.69999999999999929 ) ) ;
#4390 = DIRECTION ( 'NONE',  ( -1.000000000000000000, 0.000000000000000000, 0.000000000000000000 ) ) ;
#4391 = VERTEX_POINT ( 'NONE', #645 ) ;
#4392 = EDGE_LOOP ( 'NONE', ( #322, #4766, #4699, #3823 ) ) ;
#4393 = ORIENTED_EDGE ( 'NONE', *, *, #1728, .T. ) ;
#4394 = CARTESIAN_POINT ( 'NONE',  ( 4.019999999999885887, 8.163920626757766641, -15.19999999999999929 ) ) ;
#4395 = VECTOR ( 'NONE', #5974, 1000.000000000000000 ) ;
#4396 = CARTESIAN_POINT ( 'NONE',  ( 0.6999999999999999556, 3.051732376126000457, -15.19999999999999929 ) ) ;
#4397 = CARTESIAN_POINT ( 'NONE',  ( 8.849999999999999645, -19.30000000000000071, -11.40000000000000036 ) ) ;
#4398 = ADVANCED_FACE ( 'NONE', ( #5434, #2712 ), #2747, .T. ) ;
#4399 = ORIENTED_EDGE ( 'NONE', *, *, #1807, .F. ) ;
#4400 = DIRECTION ( 'NONE',  ( -1.000000000000000000, 0.000000000000000000, 0.000000000000000000 ) ) ;
#4401 = DIRECTION ( 'NONE',  ( 1.000000000000000000, 0.000000000000000000, -0.000000000000000000 ) ) ;
#4402 = VERTEX_POINT ( 'NONE', #2189 ) ;
#4403 = ORIENTED_EDGE ( 'NONE', *, *, #5264, .F. ) ;
#4404 = VECTOR ( 'NONE', #2001, 1000.000000000000000 ) ;
#4405 = CARTESIAN_POINT ( 'NONE',  ( -4.841163111756058512, -4.543340381124972183, -14.69999999999999751 ) ) ;
#4406 = FACE_OUTER_BOUND ( 'NONE', #1640, .T. ) ;
#4407 = CARTESIAN_POINT ( 'NONE',  ( -7.349999999999999645, -7.900000000000000355, -10.80000000000000071 ) ) ;
#4408 = ADVANCED_FACE ( 'NONE', ( #4298 ), #101, .F. ) ;
#4409 = ORIENTED_EDGE ( 'NONE', *, *, #4240, .F. ) ;
#4410 = EDGE_CURVE ( 'NONE', #2889, #6259, #575, .T. ) ;
#4411 = AXIS2_PLACEMENT_3D ( 'NONE', #4017, #1937, #2487 ) ;
#4412 = CARTESIAN_POINT ( 'NONE',  ( 2.649347420834999856, -0.7371962043556999911, -12.50000000000000000 ) ) ;
#4413 = AXIS2_PLACEMENT_3D ( 'NONE', #4698, #3678, #5146 ) ;
#4414 = ORIENTED_EDGE ( 'NONE', *, *, #1486, .T. ) ;
#4415 = CARTESIAN_POINT ( 'NONE',  ( 11.00000000000000000, -32.00000000000000000, -10.30000000010386429 ) ) ;
#4416 = VECTOR ( 'NONE', #5241, 1000.000000000000000 ) ;
#4417 = AXIS2_PLACEMENT_3D ( 'NONE', #2171, #152, #2246 ) ;
#4418 = DIRECTION ( 'NONE',  ( -1.000000000000000000, 0.000000000000000000, 0.000000000000000000 ) ) ;
#4419 = DIRECTION ( 'NONE',  ( -1.000000000000000000, 0.000000000000000000, 0.000000000000000000 ) ) ;
#4420 = EDGE_CURVE ( 'NONE', #1051, #882, #1131, .T. ) ;
#4421 = CARTESIAN_POINT ( 'NONE',  ( 8.599999999999999645, -32.00000000000000000, -17.00000000000000000 ) ) ;
#4422 = VECTOR ( 'NONE', #2583, 1000.000000000000000 ) ;
#4423 = CYLINDRICAL_SURFACE ( 'NONE', #6629, 1.300000000000000711 ) ;
#4424 = VECTOR ( 'NONE', #5510, 1000.000000000000000 ) ;
#4425 = ORIENTED_EDGE ( 'NONE', *, *, #4248, .F. ) ;
#4426 = EDGE_CURVE ( 'NONE', #2309, #1133, #4844, .T. ) ;
#4427 = VECTOR ( 'NONE', #5088, 1000.000000000000000 ) ;
#4428 = LINE ( 'NONE', #316, #4204 ) ;
#4429 =( NAMED_UNIT ( * ) SI_UNIT ( $, .STERADIAN. ) SOLID_ANGLE_UNIT ( ) );
#4430 = VERTEX_POINT ( 'NONE', #6441 ) ;
#4431 = VERTEX_POINT ( 'NONE', #1695 ) ;
#4432 = VECTOR ( 'NONE', #3018, 999.9999999999998863 ) ;
#4433 = ORIENTED_EDGE ( 'NONE', *, *, #5101, .T. ) ;
#4434 = EDGE_CURVE ( 'NONE', #1473, #2222, #1724, .T. ) ;
#4435 = EDGE_CURVE ( 'NONE', #3612, #5771, #714, .T. ) ;
#4436 = DIRECTION ( 'NONE',  ( 0.000000000000000000, 1.000000000000000000, 0.000000000000000000 ) ) ;
#4437 = DIRECTION ( 'NONE',  ( 0.7071067811865474617, 0.7071067811865474617, 0.000000000000000000 ) ) ;
#4438 = CARTESIAN_POINT ( 'NONE',  ( 0.000000000000000000, 0.000000000000000000, -15.19999999999999929 ) ) ;
#4439 = ORIENTED_EDGE ( 'NONE', *, *, #2444, .F. ) ;
#4440 = CARTESIAN_POINT ( 'NONE',  ( 7.750000000000002665, -17.20000000000000284, -12.50000000000000178 ) ) ;
#4441 = ORIENTED_EDGE ( 'NONE', *, *, #5006, .T. ) ;
#4442 = VERTEX_POINT ( 'NONE', #137 ) ;
#4443 = EDGE_CURVE ( 'NONE', #5156, #4676, #2232, .T. ) ;
#4444 = DIRECTION ( 'NONE',  ( -0.000000000000000000, -0.000000000000000000, 1.000000000000000000 ) ) ;
#4445 = CARTESIAN_POINT ( 'NONE',  ( 12.34999999999999964, -19.10000000000000142, -7.700000000000000178 ) ) ;
#4446 = CARTESIAN_POINT ( 'NONE',  ( -4.019999999999999574, 11.25000000000000000, -17.00000000000000000 ) ) ;
#4447 = ORIENTED_EDGE ( 'NONE', *, *, #54, .T. ) ;
#4448 = VECTOR ( 'NONE', #1159, 1000.000000000000000 ) ;
#4449 = DIRECTION ( 'NONE',  ( 0.000000000000000000, -0.000000000000000000, -1.000000000000000000 ) ) ;
#4450 = VERTEX_POINT ( 'NONE', #2159 ) ;
#4451 = CARTESIAN_POINT ( 'NONE',  ( -9.149999999999998579, -32.00000000000000000, -10.80000000000000071 ) ) ;
#4452 = CARTESIAN_POINT ( 'NONE',  ( -14.25000000000000000, -19.80000000000000071, -10.80000000000000071 ) ) ;
#4453 = DIRECTION ( 'NONE',  ( 0.000000000000000000, 0.000000000000000000, -1.000000000000000000 ) ) ;
#4454 = LINE ( 'NONE', #6134, #4935 ) ;
#4455 = DIRECTION ( 'NONE',  ( 0.000000000000000000, -1.000000000000000000, 0.000000000000000000 ) ) ;
#4456 = PLANE ( 'NONE',  #1561 ) ;
#4457 = ORIENTED_EDGE ( 'NONE', *, *, #5866, .F. ) ;
#4458 = ADVANCED_FACE ( 'NONE', ( #1161 ), #6052, .T. ) ;
#4459 = EDGE_CURVE ( 'NONE', #4102, #4431, #5910, .T. ) ;
#4460 = CARTESIAN_POINT ( 'NONE',  ( 10.35000000179999979, -19.10000000000000142, -6.200000000000001066 ) ) ;
#4461 = CARTESIAN_POINT ( 'NONE',  ( 14.25000000000000000, -19.30000000000000071, -17.00000000000000000 ) ) ;
#4462 = CYLINDRICAL_SURFACE ( 'NONE', #1315, 10.50000000000000000 ) ;
#4463 = EDGE_LOOP ( 'NONE', ( #4279, #1707, #5356, #1262, #2980, #127, #2432, #3067, #857, #5082, #5504, #1109 ) ) ;
#4464 = ORIENTED_EDGE ( 'NONE', *, *, #6124, .F. ) ;
#4465 = CARTESIAN_POINT ( 'NONE',  ( -6.225144425224898193, -6.637588182849007978, -15.50000000000000000 ) ) ;
#4466 = CARTESIAN_POINT ( 'NONE',  ( 12.34999999999999964, -10.15000000000000036, -9.800000000000000711 ) ) ;
#4467 = DIRECTION ( 'NONE',  ( 0.000000000000000000, 0.000000000000000000, 1.000000000000000000 ) ) ;
#4468 = ORIENTED_EDGE ( 'NONE', *, *, #6235, .F. ) ;
#4469 = FACE_OUTER_BOUND ( 'NONE', #2243, .T. ) ;
#4470 = ADVANCED_FACE ( 'NONE', ( #3304 ), #6274, .T. ) ;
#4471 = ORIENTED_EDGE ( 'NONE', *, *, #6621, .F. ) ;
#4472 = ORIENTED_EDGE ( 'NONE', *, *, #4046, .F. ) ;
#4473 = CIRCLE ( 'NONE', #2268, 1.300000000000000711 ) ;
#4474 = CARTESIAN_POINT ( 'NONE',  ( -6.361960786218999964, -6.783469241813000039, -61.32240000000000890 ) ) ;
#4475 = DIRECTION ( 'NONE',  ( 0.000000000000000000, 0.000000000000000000, 1.000000000000000000 ) ) ;
#4476 = CARTESIAN_POINT ( 'NONE',  ( -8.349999999999999645, -8.899999999999998579, -8.699999999999999289 ) ) ;
#4477 = ORIENTED_EDGE ( 'NONE', *, *, #2238, .T. ) ;
#4478 = ADVANCED_FACE ( 'NONE', ( #6370 ), #679, .F. ) ;
#4479 = DIRECTION ( 'NONE',  ( 0.000000000000000000, 0.000000000000000000, -1.000000000000000000 ) ) ;
#4480 = ORIENTED_EDGE ( 'NONE', *, *, #5022, .T. ) ;
#4481 = CARTESIAN_POINT ( 'NONE',  ( -8.599999999999999645, 8.000000000000000000, -17.00000000000000000 ) ) ;
#4482 = DIRECTION ( 'NONE',  ( 1.000000000000000000, 0.000000000000000000, 0.000000000000000000 ) ) ;
#4483 = CARTESIAN_POINT ( 'NONE',  ( -12.25000000000000000, -35.25000000000000000, -11.50000000000000178 ) ) ;
#4484 = PLANE ( 'NONE',  #5604 ) ;
#4485 = EDGE_CURVE ( 'NONE', #6611, #5387, #5330, .T. ) ;
#4486 = DIRECTION ( 'NONE',  ( -1.000000000000000000, 0.000000000000000000, 0.000000000000000000 ) ) ;
#4487 = AXIS2_PLACEMENT_3D ( 'NONE', #723, #1834, #3359 ) ;
#4488 = VERTEX_POINT ( 'NONE', #1654 ) ;
#4489 = CARTESIAN_POINT ( 'NONE',  ( 4.020000000000001350, 9.949999999999999289, -13.19999999999999929 ) ) ;
#4490 = VECTOR ( 'NONE', #528, 1000.000000000000000 ) ;
#4491 = AXIS2_PLACEMENT_3D ( 'NONE', #66, #2748, #5912 ) ;
#4492 = VECTOR ( 'NONE', #1043, 1000.000000000000000 ) ;
#4493 = CARTESIAN_POINT ( 'NONE',  ( 9.249999999927695171, 8.000000000000000000, -10.30000000006748451 ) ) ;
#4494 = FILL_AREA_STYLE ('',( #318 ) ) ;
#4495 = AXIS2_PLACEMENT_3D ( 'NONE', #4145, #1036, #1554 ) ;
#4496 = EDGE_CURVE ( 'NONE', #4371, #5771, #2264, .T. ) ;
#4497 = EDGE_CURVE ( 'NONE', #2456, #3376, #1980, .T. ) ;
#4498 = ORIENTED_EDGE ( 'NONE', *, *, #1323, .T. ) ;
#4499 = VERTEX_POINT ( 'NONE', #3201 ) ;
#4500 = DIRECTION ( 'NONE',  ( 0.000000000000000000, 0.000000000000000000, 1.000000000000000000 ) ) ;
#4501 = CARTESIAN_POINT ( 'NONE',  ( 0.000000000000000000, 0.000000000000000000, -14.80000000000000071 ) ) ;
#4502 = DIRECTION ( 'NONE',  ( -1.000000000000000000, 0.000000000000000000, 0.000000000000000000 ) ) ;
#4503 = ORIENTED_EDGE ( 'NONE', *, *, #5963, .T. ) ;
#4504 = CARTESIAN_POINT ( 'NONE',  ( 0.000000000000000000, 0.000000000000000000, -14.69999999999999929 ) ) ;
#4505 = ORIENTED_EDGE ( 'NONE', *, *, #3595, .F. ) ;
#4506 = VERTEX_POINT ( 'NONE', #609 ) ;
#4507 = DIRECTION ( 'NONE',  ( -0.4990327298406565526, -0.8665831377010414505, 0.000000000000000000 ) ) ;
#4508 = EDGE_CURVE ( 'NONE', #3121, #3887, #2866, .T. ) ;
#4509 = CARTESIAN_POINT ( 'NONE',  ( 13.39999999999999858, -32.00000000000000000, -14.19999999999999929 ) ) ;
#4510 = PLANE ( 'NONE',  #1079 ) ;
#4511 = ORIENTED_EDGE ( 'NONE', *, *, #4681, .F. ) ;
#4512 = DIRECTION ( 'NONE',  ( 1.000000000000000000, 0.000000000000000000, -0.000000000000000000 ) ) ;
#4513 = VECTOR ( 'NONE', #5128, 1000.000000000000000 ) ;
#4514 = ORIENTED_EDGE ( 'NONE', *, *, #4435, .F. ) ;
#4515 = DIRECTION ( 'NONE',  ( 0.000000000000000000, 0.000000000000000000, -1.000000000000000000 ) ) ;
#4516 = EDGE_CURVE ( 'NONE', #6575, #3095, #3447, .T. ) ;
#4517 = VECTOR ( 'NONE', #2467, 1000.000000000000000 ) ;
#4518 = DIRECTION ( 'NONE',  ( -0.7071067811865474617, -0.7071067811865474617, 0.000000000000000000 ) ) ;
#4519 = AXIS2_PLACEMENT_3D ( 'NONE', #5043, #4942, #1884 ) ;
#4520 = CARTESIAN_POINT ( 'NONE',  ( -7.061511736713961263, -8.399032729841023226, -17.00000000000000000 ) ) ;
#4521 = CARTESIAN_POINT ( 'NONE',  ( 4.019999999999999574, 8.550000000000000711, -14.30000000000000071 ) ) ;
#4522 = VECTOR ( 'NONE', #6262, 999.9999999999998863 ) ;
#4523 = EDGE_LOOP ( 'NONE', ( #2497, #542 ) ) ;
#4524 = AXIS2_PLACEMENT_3D ( 'NONE', #4159, #1432, #1533 ) ;
#4525 = DIRECTION ( 'NONE',  ( 1.000000000000000000, 0.000000000000000000, 0.000000000000000000 ) ) ;
#4526 = EDGE_CURVE ( 'NONE', #6646, #541, #6719, .T. ) ;
#4527 = VECTOR ( 'NONE', #3083, 1000.000000000000000 ) ;
#4528 = VECTOR ( 'NONE', #3366, 1000.000000000000000 ) ;
#4529 = CARTESIAN_POINT ( 'NONE',  ( 11.71152236890999987, -34.45000000000000284, -10.79999999999999716 ) ) ;
#4530 = AXIS2_PLACEMENT_3D ( 'NONE', #4452, #3937, #3520 ) ;
#4531 = LINE ( 'NONE', #6143, #3326 ) ;
#4532 = ORIENTED_EDGE ( 'NONE', *, *, #4022, .F. ) ;
#4533 = ORIENTED_EDGE ( 'NONE', *, *, #3071, .T. ) ;
#4534 = AXIS2_PLACEMENT_3D ( 'NONE', #155, #3776, #661 ) ;
#4535 = ADVANCED_FACE ( 'NONE', ( #2852, #2430 ), #2333, .T. ) ;
#4536 = LINE ( 'NONE', #3340, #4056 ) ;
#4537 = DIRECTION ( 'NONE',  ( 1.000000000000000000, 0.000000000000000000, 0.000000000000000000 ) ) ;
#4538 = CARTESIAN_POINT ( 'NONE',  ( -6.161960786219000674, -6.783469241813000039, -15.50000000000000000 ) ) ;
#4539 = ORIENTED_EDGE ( 'NONE', *, *, #2040, .F. ) ;
#4540 = LINE ( 'NONE', #1920, #2421 ) ;
#4541 = VECTOR ( 'NONE', #5599, 1000.000000000000000 ) ;
#4542 = ORIENTED_EDGE ( 'NONE', *, *, #5940, .F. ) ;
#4543 = ORIENTED_EDGE ( 'NONE', *, *, #95, .T. ) ;
#4544 = EDGE_CURVE ( 'NONE', #2130, #2456, #3749, .T. ) ;
#4545 = EDGE_CURVE ( 'NONE', #2274, #2478, #813, .T. ) ;
#4546 = AXIS2_PLACEMENT_3D ( 'NONE', #4697, #3576, #530 ) ;
#4547 = DIRECTION ( 'NONE',  ( -1.000000000000000000, 0.000000000000000000, 0.000000000000000000 ) ) ;
#4548 = DIRECTION ( 'NONE',  ( -1.000000000000000000, 6.938893903907222067E-15, 0.000000000000000000 ) ) ;
#4549 = DIRECTION ( 'NONE',  ( -0.000000000000000000, 0.000000000000000000, 1.000000000000000000 ) ) ;
#4550 = VERTEX_POINT ( 'NONE', #233 ) ;
#4551 = CARTESIAN_POINT ( 'NONE',  ( 8.349999999999999645, -10.40000000000000213, -10.80000000000000071 ) ) ;
#4552 = ORIENTED_EDGE ( 'NONE', *, *, #6428, .T. ) ;
#4553 = CARTESIAN_POINT ( 'NONE',  ( 12.55000000000000071, -19.30000000000000071, -11.50000000000000000 ) ) ;
#4554 = CARTESIAN_POINT ( 'NONE',  ( 4.416882714543005406, -3.806566586750020242, -15.40000000000000391 ) ) ;
#4555 = DIRECTION ( 'NONE',  ( -0.000000000000000000, -0.000000000000000000, 1.000000000000000000 ) ) ;
#4556 = LINE ( 'NONE', #1933, #4293 ) ;
#4557 = CARTESIAN_POINT ( 'NONE',  ( 8.849999999999999645, -17.80000000000000071, -10.79999999999999893 ) ) ;
#4558 = DIRECTION ( 'NONE',  ( -1.000000000000000000, 0.000000000000000000, 0.000000000000000000 ) ) ;
#4559 = DIRECTION ( 'NONE',  ( -1.000000000000000000, 0.000000000000000000, 0.000000000000000000 ) ) ;
#4560 = CARTESIAN_POINT ( 'NONE',  ( 0.000000000000000000, 0.000000000000000000, 0.000000000000000000 ) ) ;
#4561 = VERTEX_POINT ( 'NONE', #4440 ) ;
#4562 = PLANE ( 'NONE',  #149 ) ;
#4563 = CARTESIAN_POINT ( 'NONE',  ( 6.099999999999999645, 7.470345474798854293E-16, -15.19999999999999929 ) ) ;
#4564 = EDGE_CURVE ( 'NONE', #181, #5771, #6011, .T. ) ;
#4565 = VERTEX_POINT ( 'NONE', #6545 ) ;
#4566 = ORIENTED_EDGE ( 'NONE', *, *, #54, .F. ) ;
#4567 = LINE ( 'NONE', #6186, #1289 ) ;
#4568 = CARTESIAN_POINT ( 'NONE',  ( -12.34999999999999964, -14.09999999999999964, -9.800000000000000711 ) ) ;
#4569 = CARTESIAN_POINT ( 'NONE',  ( -5.850000000000001421, -15.30000000000000249, -12.50000000000000178 ) ) ;
#4570 = ORIENTED_EDGE ( 'NONE', *, *, #5963, .F. ) ;
#4571 = CARTESIAN_POINT ( 'NONE',  ( 0.000000000000000000, 0.000000000000000000, -10.30000000000000071 ) ) ;
#4572 = EDGE_CURVE ( 'NONE', #3769, #4008, #6647, .T. ) ;
#4573 = EDGE_LOOP ( 'NONE', ( #1360, #5595, #6108, #5333 ) ) ;
#4574 = ORIENTED_EDGE ( 'NONE', *, *, #1084, .T. ) ;
#4575 = DIRECTION ( 'NONE',  ( 1.000000000000000000, 0.000000000000000000, 0.000000000000000000 ) ) ;
#4576 = CARTESIAN_POINT ( 'NONE',  ( 7.049999999999929656, 9.710689985783758971, -13.70000000000000107 ) ) ;
#4577 = CARTESIAN_POINT ( 'NONE',  ( 12.55000000000000071, -7.900000000000000355, -11.50000000000000000 ) ) ;
#4578 = CARTESIAN_POINT ( 'NONE',  ( -8.599999999999999645, -32.00000000000000000, -14.19999999999999929 ) ) ;
#4579 = VERTEX_POINT ( 'NONE', #3377 ) ;
#4580 = EDGE_CURVE ( 'NONE', #1718, #1150, #1823, .T. ) ;
#4581 = VECTOR ( 'NONE', #5752, 1000.000000000000114 ) ;
#4582 = ORIENTED_EDGE ( 'NONE', *, *, #4309, .T. ) ;
#4583 = EDGE_CURVE ( 'NONE', #3450, #431, #1295, .T. ) ;
#4584 = ORIENTED_EDGE ( 'NONE', *, *, #1689, .F. ) ;
#4585 = CARTESIAN_POINT ( 'NONE',  ( 11.00000000000000000, -32.00000000000000000, -14.19999999999999929 ) ) ;
#4586 = DIRECTION ( 'NONE',  ( 0.000000000000000000, 0.000000000000000000, 1.000000000000000000 ) ) ;
#4587 = DIRECTION ( 'NONE',  ( 1.000000000000000000, 0.000000000000000000, 0.000000000000000000 ) ) ;
#4588 = DIRECTION ( 'NONE',  ( -0.000000000000000000, -0.000000000000000000, 1.000000000000000000 ) ) ;
#4589 = DIRECTION ( 'NONE',  ( 1.000000000000000000, 0.000000000000000000, -0.000000000000000000 ) ) ;
#4590 = DIRECTION ( 'NONE',  ( 1.000000000000000000, 0.000000000000000000, 0.000000000000000000 ) ) ;
#4591 = DIRECTION ( 'NONE',  ( 0.000000000000000000, 0.000000000000000000, 1.000000000000000000 ) ) ;
#4592 = EDGE_CURVE ( 'NONE', #57, #27, #1886, .T. ) ;
#4593 = VECTOR ( 'NONE', #6788, 1000.000000000000000 ) ;
#4594 = LINE ( 'NONE', #4659, #3671 ) ;
#4595 = LINE ( 'NONE', #3987, #4814 ) ;
#4596 = ORIENTED_EDGE ( 'NONE', *, *, #1927, .T. ) ;
#4597 = ORIENTED_EDGE ( 'NONE', *, *, #6173, .T. ) ;
#4598 = VECTOR ( 'NONE', #4436, 1000.000000000000000 ) ;
#4599 = VECTOR ( 'NONE', #6760, 1000.000000000000114 ) ;
#4600 = VECTOR ( 'NONE', #4690, 1000.000000000000114 ) ;
#4601 = LINE ( 'NONE', #4094, #1743 ) ;
#4602 = DIRECTION ( 'NONE',  ( -0.000000000000000000, 0.000000000000000000, -1.000000000000000000 ) ) ;
#4603 = DIRECTION ( 'NONE',  ( -1.000000000000000000, 0.000000000000000000, 0.000000000000000000 ) ) ;
#4604 = VERTEX_POINT ( 'NONE', #2923 ) ;
#4605 = DIRECTION ( 'NONE',  ( 0.000000000000000000, 0.000000000000000000, 1.000000000000000000 ) ) ;
#4606 = ORIENTED_EDGE ( 'NONE', *, *, #4497, .T. ) ;
#4607 = ORIENTED_EDGE ( 'NONE', *, *, #4896, .F. ) ;
#4608 = DIRECTION ( 'NONE',  ( -1.000000000000000000, 0.000000000000000000, 0.000000000000000000 ) ) ;
#4609 = CARTESIAN_POINT ( 'NONE',  ( -6.900000000000000355, 0.000000000000000000, -15.19999999999999929 ) ) ;
#4610 = EDGE_CURVE ( 'NONE', #5452, #2882, #4540, .T. ) ;
#4611 = CARTESIAN_POINT ( 'NONE',  ( -4.416882714542940569, -3.806566586750022019, -15.19999999999999751 ) ) ;
#4612 = LINE ( 'NONE', #2026, #6091 ) ;
#4613 = ORIENTED_EDGE ( 'NONE', *, *, #5108, .F. ) ;
#4614 = ORIENTED_EDGE ( 'NONE', *, *, #1279, .F. ) ;
#4615 = ORIENTED_EDGE ( 'NONE', *, *, #3098, .T. ) ;
#4616 = EDGE_CURVE ( 'NONE', #3284, #6596, #4089, .T. ) ;
#4617 = PLANE ( 'NONE',  #138 ) ;
#4618 = DIRECTION ( 'NONE',  ( -0.000000000000000000, 0.000000000000000000, -1.000000000000000000 ) ) ;
#4619 = CARTESIAN_POINT ( 'NONE',  ( 12.55000000000000071, -8.400000000000000355, -11.50000000000000178 ) ) ;
#4620 = DIRECTION ( 'NONE',  ( -0.5773502691896263972, -0.5773502691896245098, -0.5773502691896263972 ) ) ;
#4621 = CARTESIAN_POINT ( 'NONE',  ( 4.105409372631320331, -3.025824496415984388, -14.80000000000000071 ) ) ;
#4622 = AXIS2_PLACEMENT_3D ( 'NONE', #2412, #1488, #6135 ) ;
#4623 = FACE_OUTER_BOUND ( 'NONE', #3858, .T. ) ;
#4624 = EDGE_CURVE ( 'NONE', #4221, #5034, #5011, .T. ) ;
#4625 = VECTOR ( 'NONE', #881, 1000.000000000000000 ) ;
#4626 = ORIENTED_EDGE ( 'NONE', *, *, #4179, .T. ) ;
#4627 = LINE ( 'NONE', #871, #4005 ) ;
#4628 = CIRCLE ( 'NONE', #5726, 0.1999999999999996503 ) ;
#4629 = CARTESIAN_POINT ( 'NONE',  ( 11.00000000000000000, -32.00000000000000000, -14.19999999999999929 ) ) ;
#4630 = AXIS2_PLACEMENT_3D ( 'NONE', #1071, #2140, #1558 ) ;
#4631 = ORIENTED_EDGE ( 'NONE', *, *, #1963, .T. ) ;
#4632 = ORIENTED_EDGE ( 'NONE', *, *, #506, .F. ) ;
#4633 = VECTOR ( 'NONE', #3026, 1000.000000000000114 ) ;
#4634 = DIRECTION ( 'NONE',  ( 0.7071067811865475727, 0.000000000000000000, -0.7071067811865475727 ) ) ;
#4635 = LINE ( 'NONE', #2565, #4001 ) ;
#4636 = CARTESIAN_POINT ( 'NONE',  ( -0.6999999999999999556, 5.051732376126000013, -14.80000000000000071 ) ) ;
#4637 = ORIENTED_EDGE ( 'NONE', *, *, #15, .T. ) ;
#4638 = CARTESIAN_POINT ( 'NONE',  ( -12.34999999999999964, -9.099999999999999645, -9.800000000000000711 ) ) ;
#4639 = AXIS2_PLACEMENT_3D ( 'NONE', #801, #4999, #4486 ) ;
#4640 = ORIENTED_EDGE ( 'NONE', *, *, #952, .F. ) ;
#4641 = ADVANCED_FACE ( 'NONE', ( #4469 ), #3961, .F. ) ;
#4642 = ORIENTED_EDGE ( 'NONE', *, *, #6593, .F. ) ;
#4643 = EDGE_CURVE ( 'NONE', #1332, #3508, #2952, .T. ) ;
#4644 = CARTESIAN_POINT ( 'NONE',  ( 0.000000000000000000, 0.000000000000000000, -14.19999999999999929 ) ) ;
#4645 = CARTESIAN_POINT ( 'NONE',  ( 11.00000000000000000, 8.000000000000000000, -10.30000000000000071 ) ) ;
#4646 = CIRCLE ( 'NONE', #3333, 0.5000000000000004441 ) ;
#4647 = CARTESIAN_POINT ( 'NONE',  ( -4.093089191077000422, -3.244290826557000074, -15.40000000000000036 ) ) ;
#4648 = VERTEX_POINT ( 'NONE', #2987 ) ;
#4649 = ORIENTED_EDGE ( 'NONE', *, *, #6694, .T. ) ;
#4650 = EDGE_CURVE ( 'NONE', #3160, #2569, #6574, .T. ) ;
#4651 = AXIS2_PLACEMENT_3D ( 'NONE', #4911, #5292, #3301 ) ;
#4652 = CARTESIAN_POINT ( 'NONE',  ( -11.05000000060000254, -9.099999999999999645, -7.700000000000000178 ) ) ;
#4653 = DIRECTION ( 'NONE',  ( 0.000000000000000000, 0.000000000000000000, -1.000000000000000000 ) ) ;
#4654 = DIRECTION ( 'NONE',  ( -0.7071067811865475727, 0.000000000000000000, -0.7071067811865475727 ) ) ;
#4655 = EDGE_CURVE ( 'NONE', #5987, #877, #6049, .T. ) ;
#4656 = DIRECTION ( 'NONE',  ( 0.000000000000000000, -1.000000000000000000, -0.000000000000000000 ) ) ;
#4657 = LINE ( 'NONE', #6789, #5728 ) ;
#4658 = CARTESIAN_POINT ( 'NONE',  ( -9.249999999984538590, -32.00000000000000000, -10.30000000004702088 ) ) ;
#4659 = CARTESIAN_POINT ( 'NONE',  ( 7.349999999999999645, 0.000000000000000000, -10.80000000000000071 ) ) ;
#4660 = FACE_OUTER_BOUND ( 'NONE', #4082, .T. ) ;
#4661 = ORIENTED_EDGE ( 'NONE', *, *, #1498, .T. ) ;
#4662 = ORIENTED_EDGE ( 'NONE', *, *, #1618, .F. ) ;
#4663 = CYLINDRICAL_SURFACE ( 'NONE', #2611, 2.399999999999999467 ) ;
#4664 = CARTESIAN_POINT ( 'NONE',  ( 7.349999999999999645, -7.900000000000000355, -10.80000000000000071 ) ) ;
#4665 = CARTESIAN_POINT ( 'NONE',  ( 1.919391177642474799, -1.969374902650487646, -61.32240000000000890 ) ) ;
#4666 = ORIENTED_EDGE ( 'NONE', *, *, #2879, .T. ) ;
#4667 = CARTESIAN_POINT ( 'NONE',  ( 12.25000000000000000, -35.25000000000000000, -17.00000000000000711 ) ) ;
#4668 = EDGE_LOOP ( 'NONE', ( #6281, #1919, #2094, #823 ) ) ;
#4669 = ORIENTED_EDGE ( 'NONE', *, *, #5240, .F. ) ;
#4670 = VECTOR ( 'NONE', #2024, 1000.000000000000000 ) ;
#4671 = DIRECTION ( 'NONE',  ( 0.000000000000000000, 0.000000000000000000, -1.000000000000000000 ) ) ;
#4672 = CARTESIAN_POINT ( 'NONE',  ( 11.00000000000000000, -32.00000000000000000, -10.80000000000000071 ) ) ;
#4673 = DIRECTION ( 'NONE',  ( -0.7071067811865474617, -0.7071067811865474617, 0.000000000000000000 ) ) ;
#4674 = EDGE_CURVE ( 'NONE', #5194, #1259, #919, .T. ) ;
#4675 = ORIENTED_EDGE ( 'NONE', *, *, #1987, .F. ) ;
#4676 = VERTEX_POINT ( 'NONE', #5634 ) ;
#4677 = ORIENTED_EDGE ( 'NONE', *, *, #2146, .T. ) ;
#4678 = LINE ( 'NONE', #4077, #1386 ) ;
#4679 = DIRECTION ( 'NONE',  ( -0.000000000000000000, -0.000000000000000000, -1.000000000000000000 ) ) ;
#4680 = LINE ( 'NONE', #40, #5920 ) ;
#4681 = EDGE_CURVE ( 'NONE', #6259, #4030, #1504, .T. ) ;
#4682 = DIRECTION ( 'NONE',  ( 0.000000000000000000, 0.000000000000000000, 1.000000000000000000 ) ) ;
#4683 = CARTESIAN_POINT ( 'NONE',  ( 0.000000000000000000, 0.000000000000000000, -14.80000000000000071 ) ) ;
#4684 = FACE_OUTER_BOUND ( 'NONE', #3077, .T. ) ;
#4685 = AXIS2_PLACEMENT_3D ( 'NONE', #6614, #1404, #1338 ) ;
#4686 = DIRECTION ( 'NONE',  ( -0.000000000000000000, -1.000000000000000000, 0.000000000000000000 ) ) ;
#4687 = DIRECTION ( 'NONE',  ( 0.000000000000000000, 0.000000000000000000, -1.000000000000000000 ) ) ;
#4688 = EDGE_CURVE ( 'NONE', #2174, #5730, #4700, .T. ) ;
#4689 = EDGE_LOOP ( 'NONE', ( #2678, #985, #2405, #4126 ) ) ;
#4690 = DIRECTION ( 'NONE',  ( -0.7071067811865474617, 0.7071067811865474617, 0.000000000000000000 ) ) ;
#4691 = DIRECTION ( 'NONE',  ( -1.000000000000000000, 0.000000000000000000, 0.000000000000000000 ) ) ;
#4692 = ORIENTED_EDGE ( 'NONE', *, *, #5908, .F. ) ;
#4693 = VERTEX_POINT ( 'NONE', #1474 ) ;
#4694 = DIRECTION ( 'NONE',  ( -0.000000000000000000, 1.000000000000000000, 0.000000000000000000 ) ) ;
#4695 = ADVANCED_FACE ( 'NONE', ( #3579 ), #5667, .F. ) ;
#4696 = ADVANCED_FACE ( 'NONE', ( #6745 ), #949, .T. ) ;
#4697 = CARTESIAN_POINT ( 'NONE',  ( -0.6999999999999999556, 3.051732376126000457, -14.80000000000000071 ) ) ;
#4698 = CARTESIAN_POINT ( 'NONE',  ( -11.00000000000000000, -32.00000000000000000, -17.00000000000000000 ) ) ;
#4699 = ORIENTED_EDGE ( 'NONE', *, *, #1270, .T. ) ;
#4700 = LINE ( 'NONE', #3643, #4730 ) ;
#4701 = ORIENTED_EDGE ( 'NONE', *, *, #6548, .T. ) ;
#4702 = AXIS2_PLACEMENT_3D ( 'NONE', #913, #6741, #2529 ) ;
#4703 = AXIS2_PLACEMENT_3D ( 'NONE', #5100, #5718, #4590 ) ;
#4704 = ORIENTED_EDGE ( 'NONE', *, *, #607, .T. ) ;
#4705 = PLANE ( 'NONE',  #2035 ) ;
#4706 = CARTESIAN_POINT ( 'NONE',  ( -4.019999999999999574, 8.550000000000000711, -10.80000000000000071 ) ) ;
#4707 = VERTEX_POINT ( 'NONE', #4161 ) ;
#4708 = DIRECTION ( 'NONE',  ( 0.000000000000000000, 0.000000000000000000, 1.000000000000000000 ) ) ;
#4709 = VECTOR ( 'NONE', #3427, 1000.000000000000000 ) ;
#4710 = ORIENTED_EDGE ( 'NONE', *, *, #4688, .T. ) ;
#4711 = VERTEX_POINT ( 'NONE', #3608 ) ;
#4712 = DIRECTION ( 'NONE',  ( -1.000000000000000000, -0.000000000000000000, 0.000000000000000000 ) ) ;
#4713 = LINE ( 'NONE', #3624, #1341 ) ;
#4714 = DIRECTION ( 'NONE',  ( 0.000000000000000000, 0.000000000000000000, -1.000000000000000000 ) ) ;
#4715 = CARTESIAN_POINT ( 'NONE',  ( 7.750000000000000000, -17.19999999999999929, -12.50000000000000000 ) ) ;
#4716 = ADVANCED_FACE ( 'NONE', ( #499 ), #5701, .F. ) ;
#4717 = FACE_OUTER_BOUND ( 'NONE', #2578, .T. ) ;
#4718 = VECTOR ( 'NONE', #669, 1000.000000000000000 ) ;
#4719 = DIRECTION ( 'NONE',  ( 1.000000000000000000, 0.000000000000000000, 0.000000000000000000 ) ) ;
#4720 = LINE ( 'NONE', #2586, #3437 ) ;
#4721 = VERTEX_POINT ( 'NONE', #396 ) ;
#4722 = DIRECTION ( 'NONE',  ( 0.000000000000000000, 0.000000000000000000, -1.000000000000000000 ) ) ;
#4723 = CARTESIAN_POINT ( 'NONE',  ( 10.35000000179999979, -9.099999999999999645, -6.200000000000001066 ) ) ;
#4724 = AXIS2_PLACEMENT_3D ( 'NONE', #4504, #367, #293 ) ;
#4725 = ORIENTED_EDGE ( 'NONE', *, *, #425, .T. ) ;
#4726 = ADVANCED_FACE ( 'NONE', ( #2053 ), #2083, .T. ) ;
#4727 = CARTESIAN_POINT ( 'NONE',  ( -2.750000000000000000, 3.367778697655221012E-16, -13.70000000000000107 ) ) ;
#4728 = VECTOR ( 'NONE', #4589, 1000.000000000000000 ) ;
#4729 = CARTESIAN_POINT ( 'NONE',  ( -12.24999999999999822, 11.25000000000000178, -17.00000000000000711 ) ) ;
#4730 = VECTOR ( 'NONE', #3021, 1000.000000000000227 ) ;
#4731 = PLANE ( 'NONE',  #6818 ) ;
#4732 = ORIENTED_EDGE ( 'NONE', *, *, #2136, .T. ) ;
#4733 = VERTEX_POINT ( 'NONE', #4638 ) ;
#4734 = ORIENTED_EDGE ( 'NONE', *, *, #48, .F. ) ;
#4735 = EDGE_CURVE ( 'NONE', #4250, #5377, #4132, .T. ) ;
#4736 = VECTOR ( 'NONE', #5137, 1000.000000000000000 ) ;
#4737 = VECTOR ( 'NONE', #2208, 1000.000000000000000 ) ;
#4738 = CARTESIAN_POINT ( 'NONE',  ( 0.000000000000000000, -10.40000000000000213, -10.80000000000000071 ) ) ;
#4739 = DIRECTION ( 'NONE',  ( -0.000000000000000000, -0.000000000000000000, -1.000000000000000000 ) ) ;
#4740 = DIRECTION ( 'NONE',  ( -1.000000000000000000, 0.000000000000000000, 0.000000000000000000 ) ) ;
#4741 = AXIS2_PLACEMENT_3D ( 'NONE', #5896, #4793, #5382 ) ;
#4742 = ORIENTED_EDGE ( 'NONE', *, *, #5594, .F. ) ;
#4743 = AXIS2_PLACEMENT_3D ( 'NONE', #2701, #3844, #3334 ) ;
#4744 = PLANE ( 'NONE',  #6388 ) ;
#4745 = VECTOR ( 'NONE', #3772, 1000.000000000000000 ) ;
#4746 = LINE ( 'NONE', #3239, #306 ) ;
#4747 = VERTEX_POINT ( 'NONE', #986 ) ;
#4748 = ORIENTED_EDGE ( 'NONE', *, *, #2112, .T. ) ;
#4749 = ADVANCED_FACE ( 'NONE', ( #6295, #6710, #6224 ), #6150, .F. ) ;
#4750 = EDGE_CURVE ( 'NONE', #5150, #6160, #5184, .T. ) ;
#4751 = CIRCLE ( 'NONE', #3883, 1.300000000000000711 ) ;
#4752 = CARTESIAN_POINT ( 'NONE',  ( 0.000000000000000000, -8.900000000000000355, -10.80000000000000071 ) ) ;
#4753 = DIRECTION ( 'NONE',  ( 0.000000000000000000, -0.7071067811865475727, 0.7071067811865475727 ) ) ;
#4754 = CARTESIAN_POINT ( 'NONE',  ( -12.06507575950827693, -34.30355339058827013, -61.32240000000000890 ) ) ;
#4755 = CARTESIAN_POINT ( 'NONE',  ( -12.30000000000000071, -32.00000000000000000, -10.30000000000000071 ) ) ;
#4756 = AXIS2_PLACEMENT_3D ( 'NONE', #3892, #3444, #5008 ) ;
#4757 = CARTESIAN_POINT ( 'NONE',  ( -14.25000000000000000, 9.250000000000000000, -17.00000000000000355 ) ) ;
#4758 = VERTEX_POINT ( 'NONE', #466 ) ;
#4759 = LINE ( 'NONE', #2585, #5833 ) ;
#4760 = FACE_OUTER_BOUND ( 'NONE', #4193, .T. ) ;
#4761 = EDGE_LOOP ( 'NONE', ( #25, #2266, #5747, #1797 ) ) ;
#4762 = FACE_OUTER_BOUND ( 'NONE', #3195, .T. ) ;
#4763 = EDGE_CURVE ( 'NONE', #4805, #2873, #2568, .T. ) ;
#4764 = EDGE_CURVE ( 'NONE', #2058, #1825, #5031, .T. ) ;
#4765 = DIRECTION ( 'NONE',  ( 0.000000000000000000, 0.000000000000000000, 1.000000000000000000 ) ) ;
#4766 = ORIENTED_EDGE ( 'NONE', *, *, #3189, .T. ) ;
#4767 = CARTESIAN_POINT ( 'NONE',  ( 12.84999999991577901, -32.00000000000000000, -10.39999999989049684 ) ) ;
#4768 = CARTESIAN_POINT ( 'NONE',  ( 12.55000000000000071, -8.400000000000000355, -10.80000000000000071 ) ) ;
#4769 = CARTESIAN_POINT ( 'NONE',  ( -5.164165701662909669, -4.576176636206631620, -15.19999999999999751 ) ) ;
#4770 = EDGE_CURVE ( 'NONE', #1114, #2882, #4968, .T. ) ;
#4771 = ORIENTED_EDGE ( 'NONE', *, *, #3699, .F. ) ;
#4772 = EDGE_LOOP ( 'NONE', ( #1703, #1752, #1394, #2640 ) ) ;
#4773 = ORIENTED_EDGE ( 'NONE', *, *, #3519, .F. ) ;
#4774 = CARTESIAN_POINT ( 'NONE',  ( -4.350813898005999825, -22.06894199585000038, -14.00000000000000000 ) ) ;
#4775 = LINE ( 'NONE', #572, #2115 ) ;
#4776 = FACE_OUTER_BOUND ( 'NONE', #3841, .T. ) ;
#4777 = EDGE_CURVE ( 'NONE', #6554, #3010, #1460, .T. ) ;
#4778 = VERTEX_POINT ( 'NONE', #6139 ) ;
#4779 = DIRECTION ( 'NONE',  ( 0.000000000000000000, 1.000000000000000000, 0.000000000000000000 ) ) ;
#4780 = DIRECTION ( 'NONE',  ( -0.000000000000000000, -1.000000000000000000, 0.000000000000000000 ) ) ;
#4781 = ORIENTED_EDGE ( 'NONE', *, *, #3771, .F. ) ;
#4782 = ORIENTED_EDGE ( 'NONE', *, *, #6483, .T. ) ;
#4783 = DIRECTION ( 'NONE',  ( 0.000000000000000000, 0.000000000000000000, -1.000000000000000000 ) ) ;
#4784 = CARTESIAN_POINT ( 'NONE',  ( 7.349999999999999645, -7.900000000000000355, -11.50000000000000000 ) ) ;
#4785 = ADVANCED_FACE ( 'NONE', ( #6634 ), #1387, .T. ) ;
#4786 = EDGE_CURVE ( 'NONE', #6772, #3270, #5518, .T. ) ;
#4787 = LINE ( 'NONE', #6416, #773 ) ;
#4788 = CYLINDRICAL_SURFACE ( 'NONE', #4057, 10.50000000000000000 ) ;
#4789 = ORIENTED_EDGE ( 'NONE', *, *, #6495, .T. ) ;
#4790 = CARTESIAN_POINT ( 'NONE',  ( -8.350000000000001421, -19.30000000000000071, -17.00000000000000000 ) ) ;
#4791 = ORIENTED_EDGE ( 'NONE', *, *, #3957, .T. ) ;
#4792 = CARTESIAN_POINT ( 'NONE',  ( 5.849999999999999645, -15.30000000000000249, -14.75000000000000178 ) ) ;
#4793 = DIRECTION ( 'NONE',  ( 0.000000000000000000, 0.000000000000000000, -1.000000000000000000 ) ) ;
#4794 = CIRCLE ( 'NONE', #1053, 1.750000000015461410 ) ;
#4795 = ORIENTED_EDGE ( 'NONE', *, *, #1365, .F. ) ;
#4796 = ADVANCED_FACE ( 'NONE', ( #1421 ), #1908, .F. ) ;
#4797 = CARTESIAN_POINT ( 'NONE',  ( 11.75000000000000000, 0.000000000000000000, -10.80000000000000071 ) ) ;
#4798 = LINE ( 'NONE', #2630, #5386 ) ;
#4799 = VERTEX_POINT ( 'NONE', #833 ) ;
#4800 = ORIENTED_EDGE ( 'NONE', *, *, #5552, .T. ) ;
#4801 = ORIENTED_EDGE ( 'NONE', *, *, #6790, .T. ) ;
#4802 = LINE ( 'NONE', #2675, #1391 ) ;
#4803 = LINE ( 'NONE', #5394, #5308 ) ;
#4804 = DIRECTION ( 'NONE',  ( 0.000000000000000000, 1.000000000000000000, -0.000000000000000000 ) ) ;
#4805 = VERTEX_POINT ( 'NONE', #1843 ) ;
#4806 = DIRECTION ( 'NONE',  ( -0.000000000000000000, 0.000000000000000000, -1.000000000000000000 ) ) ;
#4807 = VECTOR ( 'NONE', #6674, 1000.000000000000000 ) ;
#4808 = OPEN_SHELL ( 'NONE', ( #2097, #3039, #5723, #4408 ) ) ;
#4809 = LINE ( 'NONE', #838, #6364 ) ;
#4810 = EDGE_LOOP ( 'NONE', ( #4073, #3759, #2477, #5763 ) ) ;
#4811 = VERTEX_POINT ( 'NONE', #3529 ) ;
#4812 = ADVANCED_FACE ( 'NONE', ( #3466 ), #5618, .T. ) ;
#4813 = CIRCLE ( 'NONE', #6140, 1.500000000000000000 ) ;
#4814 = VECTOR ( 'NONE', #5549, 1000.000000000000000 ) ;
#4815 = VECTOR ( 'NONE', #1390, 1000.000000000000000 ) ;
#4816 = CARTESIAN_POINT ( 'NONE',  ( -6.995534289816867535, 9.749999999999815259, -15.10999999999999943 ) ) ;
#4817 = DIRECTION ( 'NONE',  ( -0.000000000000000000, -1.000000000000000000, 0.000000000000000000 ) ) ;
#4818 = DIRECTION ( 'NONE',  ( -1.000000000000000000, 0.000000000000000000, 0.000000000000000000 ) ) ;
#4819 = AXIS2_PLACEMENT_3D ( 'NONE', #2447, #4555, #5096 ) ;
#4820 = LINE ( 'NONE', #1623, #1438 ) ;
#4821 = ORIENTED_EDGE ( 'NONE', *, *, #4655, .F. ) ;
#4822 = CARTESIAN_POINT ( 'NONE',  ( 12.06507575951000000, -34.30355339058999675, -10.80000000000000071 ) ) ;
#4823 = ADVANCED_FACE ( 'NONE', ( #3434 ), #2911, .T. ) ;
#4824 = ORIENTED_EDGE ( 'NONE', *, *, #2307, .F. ) ;
#4825 = CARTESIAN_POINT ( 'NONE',  ( 8.550000000000000711, -14.09999999999999964, -4.700000000000000178 ) ) ;
#4826 = FACE_OUTER_BOUND ( 'NONE', #5013, .T. ) ;
#4827 = ORIENTED_EDGE ( 'NONE', *, *, #4485, .F. ) ;
#4828 = CARTESIAN_POINT ( 'NONE',  ( 12.84999999999999964, 8.000000000000000000, -10.80000000000000071 ) ) ;
#4829 = DIRECTION ( 'NONE',  ( -0.000000000000000000, 1.000000000000000000, 0.000000000000000000 ) ) ;
#4830 = ORIENTED_EDGE ( 'NONE', *, *, #4909, .T. ) ;
#4831 = ADVANCED_FACE ( 'NONE', ( #386 ), #1969, .F. ) ;
#4832 = CARTESIAN_POINT ( 'NONE',  ( 0.000000000000000000, 0.000000000000000000, -11.50000000000000000 ) ) ;
#4833 = CARTESIAN_POINT ( 'NONE',  ( 14.25000000000000000, 0.000000000000000000, -11.50000000000000000 ) ) ;
#4834 = LINE ( 'NONE', #3192, #2195 ) ;
#4835 = EDGE_LOOP ( 'NONE', ( #988, #5729, #611, #5402 ) ) ;
#4836 = ORIENTED_EDGE ( 'NONE', *, *, #891, .T. ) ;
#4837 = VERTEX_POINT ( 'NONE', #4460 ) ;
#4838 = AXIS2_PLACEMENT_3D ( 'NONE', #5948, #3271, #3820 ) ;
#4839 = LINE ( 'NONE', #132, #3394 ) ;
#4840 = LINE ( 'NONE', #5327, #2998 ) ;
#4841 = VECTOR ( 'NONE', #3640, 1000.000000000000000 ) ;
#4842 = LINE ( 'NONE', #643, #46 ) ;
#4843 = ORIENTED_EDGE ( 'NONE', *, *, #4284, .T. ) ;
#4844 = LINE ( 'NONE', #65, #880 ) ;
#4845 = FACE_OUTER_BOUND ( 'NONE', #3415, .T. ) ;
#4846 = EDGE_CURVE ( 'NONE', #3754, #3403, #6036, .T. ) ;
#4847 = EDGE_CURVE ( 'NONE', #2647, #6667, #5067, .T. ) ;
#4848 = CIRCLE ( 'NONE', #3203, 2.399999999999999467 ) ;
#4849 = ORIENTED_EDGE ( 'NONE', *, *, #2786, .T. ) ;
#4850 = VECTOR ( 'NONE', #2415, 1000.000000000000114 ) ;
#4851 = ORIENTED_EDGE ( 'NONE', *, *, #2717, .F. ) ;
#4852 = DIRECTION ( 'NONE',  ( -0.000000000000000000, -0.000000000000000000, 1.000000000000000000 ) ) ;
#4853 = CIRCLE ( 'NONE', #3320, 2.399999999999999467 ) ;
#4854 = CIRCLE ( 'NONE', #6288, 9.099999999999999645 ) ;
#4855 = CARTESIAN_POINT ( 'NONE',  ( 7.849999999999999645, -8.400000000000000355, -8.199999999999999289 ) ) ;
#4856 = AXIS2_PLACEMENT_3D ( 'NONE', #4069, #6156, #5704 ) ;
#4857 = DIRECTION ( 'NONE',  ( 0.000000000000000000, 0.000000000000000000, -1.000000000000000000 ) ) ;
#4858 = EDGE_CURVE ( 'NONE', #1146, #5767, #2316, .T. ) ;
#4859 = CARTESIAN_POINT ( 'NONE',  ( 6.995534289816738749, 9.749999999999907629, -15.50000000000000000 ) ) ;
#4860 = ORIENTED_EDGE ( 'NONE', *, *, #3683, .T. ) ;
#4861 = CIRCLE ( 'NONE', #1892, 1.850000000000000977 ) ;
#4862 = AXIS2_PLACEMENT_3D ( 'NONE', #1524, #5237, #2108 ) ;
#4863 = CARTESIAN_POINT ( 'NONE',  ( -14.25000000000000000, -8.900000000000000355, -17.00000000000000000 ) ) ;
#4864 = ORIENTED_EDGE ( 'NONE', *, *, #2576, .F. ) ;
#4865 = CARTESIAN_POINT ( 'NONE',  ( 13.30355339059163811, -33.06507575950664091, -10.79999999999999716 ) ) ;
#4866 = CARTESIAN_POINT ( 'NONE',  ( -13.44999999999999929, 8.711522368915002090, -11.50000000000000178 ) ) ;
#4867 = AXIS2_PLACEMENT_3D ( 'NONE', #6055, #2474, #5502 ) ;
#4868 = DIRECTION ( 'NONE',  ( 1.000000000000000000, 0.000000000000000000, 0.000000000000000000 ) ) ;
#4869 = EDGE_CURVE ( 'NONE', #3297, #4733, #283, .T. ) ;
#4870 = LINE ( 'NONE', #2250, #3990 ) ;
#4871 = EDGE_LOOP ( 'NONE', ( #5862, #4228, #2511, #3032, #4771, #5675, #5209, #366, #3372, #3599, #3954 ) ) ;
#4872 = CONICAL_SURFACE ( 'NONE', #1238, 1.850000000065847638, 0.7853981636816653733 ) ;
#4873 = DIRECTION ( 'NONE',  ( 0.4990327298437420289, -0.8665831376992647606, 0.000000000000000000 ) ) ;
#4874 = DIRECTION ( 'NONE',  ( 0.000000000000000000, 0.000000000000000000, 1.000000000000000000 ) ) ;
#4875 = EDGE_CURVE ( 'NONE', #541, #1825, #6392, .T. ) ;
#4876 = ORIENTED_EDGE ( 'NONE', *, *, #3875, .T. ) ;
#4877 = ORIENTED_EDGE ( 'NONE', *, *, #1929, .F. ) ;
#4878 = ORIENTED_EDGE ( 'NONE', *, *, #6219, .T. ) ;
#4879 = CARTESIAN_POINT ( 'NONE',  ( 12.55000000000000071, -20.30000000000000071, -11.50000000000000000 ) ) ;
#4880 = AXIS2_PLACEMENT_3D ( 'NONE', #6265, #1029, #4740 ) ;
#4881 = LINE ( 'NONE', #2261, #2894 ) ;
#4882 = DIRECTION ( 'NONE',  ( -1.000000000000000000, -0.000000000000000000, -0.000000000000000000 ) ) ;
#4883 = ORIENTED_EDGE ( 'NONE', *, *, #1472, .F. ) ;
#4884 = CARTESIAN_POINT ( 'NONE',  ( -12.25000000000000000, 11.25000000000000000, 0.000000000000000000 ) ) ;
#4885 = CARTESIAN_POINT ( 'NONE',  ( 4.019999999999999574, 11.25000000000000000, -13.40000000000000036 ) ) ;
#4886 = ORIENTED_EDGE ( 'NONE', *, *, #615, .T. ) ;
#4887 = VERTEX_POINT ( 'NONE', #3007 ) ;
#4888 = LINE ( 'NONE', #5815, #1276 ) ;
#4889 = EDGE_CURVE ( 'NONE', #5454, #976, #4050, .T. ) ;
#4890 = CARTESIAN_POINT ( 'NONE',  ( 8.349999999999999645, -19.30000000000000071, -17.00000000000000000 ) ) ;
#4891 = LINE ( 'NONE', #1202, #6166 ) ;
#4892 = ORIENTED_EDGE ( 'NONE', *, *, #4763, .T. ) ;
#4893 = LINE ( 'NONE', #6027, #5028 ) ;
#4894 = ORIENTED_EDGE ( 'NONE', *, *, #5309, .F. ) ;
#4895 = CARTESIAN_POINT ( 'NONE',  ( 11.71152236890999987, -33.95000000000000284, -11.50000000000000355 ) ) ;
#4896 = EDGE_CURVE ( 'NONE', #3450, #2226, #1988, .T. ) ;
#4897 = LINE ( 'NONE', #1277, #5408 ) ;
#4898 = LINE ( 'NONE', #4421, #659 ) ;
#4899 = DIRECTION ( 'NONE',  ( 0.000000000000000000, 0.000000000000000000, -1.000000000000000000 ) ) ;
#4900 = VERTEX_POINT ( 'NONE', #2071 ) ;
#4901 = EDGE_CURVE ( 'NONE', #5537, #2577, #4657, .T. ) ;
#4902 = CARTESIAN_POINT ( 'NONE',  ( -12.34999999999999964, -19.10000000000000142, -4.700000000000000178 ) ) ;
#4903 =( NAMED_UNIT ( * ) PLANE_ANGLE_UNIT ( ) SI_UNIT ( $, .RADIAN. ) );
#4905 = VERTEX_POINT ( 'NONE', #1594 ) ;
#4904 = VECTOR ( 'NONE', #4712, 1000.000000000000000 ) ;
#4906 = EDGE_LOOP ( 'NONE', ( #1628, #4843, #4824, #6193 ) ) ;
#4907 = ORIENTED_EDGE ( 'NONE', *, *, #936, .F. ) ;
#4908 = ADVANCED_FACE ( 'NONE', ( #418 ), #485, .T. ) ;
#4909 = EDGE_CURVE ( 'NONE', #820, #2052, #4247, .T. ) ;
#4910 = DIRECTION ( 'NONE',  ( -0.000000000000000000, 0.000000000000000000, -1.000000000000000000 ) ) ;
#4911 = CARTESIAN_POINT ( 'NONE',  ( 0.000000000000000000, 0.000000000000000000, -10.80000000000000071 ) ) ;
#4912 = CARTESIAN_POINT ( 'NONE',  ( 12.34999999999999964, -9.099999999999999645, -7.700000000000000178 ) ) ;
#4913 = VERTEX_POINT ( 'NONE', #4120 ) ;
#4914 = DIRECTION ( 'NONE',  ( -0.000000000000000000, 1.000000000000000000, 0.000000000000000000 ) ) ;
#4915 = DIRECTION ( 'NONE',  ( -1.000000000000000000, 0.000000000000000000, 0.000000000000000000 ) ) ;
#4916 = EDGE_LOOP ( 'NONE', ( #6709, #771, #1644, #1086 ) ) ;
#4917 = EDGE_LOOP ( 'NONE', ( #3396, #5539, #5661, #534, #4532, #5086, #807, #2522, #2735 ) ) ;
#4918 = EDGE_CURVE ( 'NONE', #6444, #58, #4302, .T. ) ;
#4919 = CARTESIAN_POINT ( 'NONE',  ( -1.919391177642437274, -1.969374902650477210, -12.50000000000000000 ) ) ;
#4920 = DIRECTION ( 'NONE',  ( -0.7071067811865474617, 0.7071067811865474617, 0.000000000000000000 ) ) ;
#4921 = DIRECTION ( 'NONE',  ( -0.000000000000000000, -0.000000000000000000, 1.000000000000000000 ) ) ;
#4922 = DIRECTION ( 'NONE',  ( 0.000000000000000000, 0.000000000000000000, -1.000000000000000000 ) ) ;
#4923 = EDGE_LOOP ( 'NONE', ( #3777, #5070, #4836, #2964 ) ) ;
#4924 = ADVANCED_FACE ( 'NONE', ( #2660 ), #2520, .T. ) ;
#4925 = LINE ( 'NONE', #3936, #963 ) ;
#4926 = CARTESIAN_POINT ( 'NONE',  ( -8.349999999999999645, -17.80000000000000071, -10.80000000000000071 ) ) ;
#4927 = FACE_OUTER_BOUND ( 'NONE', #5428, .T. ) ;
#4928 = CARTESIAN_POINT ( 'NONE',  ( -8.349999999999999645, -10.40000000000000036, -11.90000000000000036 ) ) ;
#4929 = CARTESIAN_POINT ( 'NONE',  ( 11.00000000000000000, 8.000000000000000000, -17.00000000000000000 ) ) ;
#4930 = EDGE_CURVE ( 'NONE', #172, #5112, #4759, .T. ) ;
#4931 = ADVANCED_FACE ( 'NONE', ( #4623 ), #6279, .F. ) ;
#4932 = VERTEX_POINT ( 'NONE', #5758 ) ;
#4933 = DIRECTION ( 'NONE',  ( 1.000000000000000000, 0.000000000000000000, 0.000000000000000000 ) ) ;
#4934 = ORIENTED_EDGE ( 'NONE', *, *, #2004, .F. ) ;
#4935 = VECTOR ( 'NONE', #309, 1000.000000000000000 ) ;
#4936 = EDGE_CURVE ( 'NONE', #151, #4648, #2557, .T. ) ;
#4937 = VERTEX_POINT ( 'NONE', #45 ) ;
#4938 = ORIENTED_EDGE ( 'NONE', *, *, #3069, .F. ) ;
#4939 = FACE_OUTER_BOUND ( 'NONE', #4906, .T. ) ;
#4940 = AXIS2_PLACEMENT_3D ( 'NONE', #6393, #6463, #1682 ) ;
#4941 = DIRECTION ( 'NONE',  ( -1.000000000000000000, 0.000000000000000000, 0.000000000000000000 ) ) ;
#4942 = DIRECTION ( 'NONE',  ( 1.000000000000000000, 0.000000000000000000, 0.000000000000000000 ) ) ;
#4943 = EDGE_LOOP ( 'NONE', ( #3784, #972, #5390, #3623 ) ) ;
#4944 = DIRECTION ( 'NONE',  ( -1.000000000000000000, 0.000000000000000000, 0.000000000000000000 ) ) ;
#4945 = ADVANCED_FACE ( 'NONE', ( #3701 ), #1040, .T. ) ;
#4946 = ORIENTED_EDGE ( 'NONE', *, *, #2192, .T. ) ;
#4947 = ORIENTED_EDGE ( 'NONE', *, *, #2815, .F. ) ;
#4948 = VECTOR ( 'NONE', #6472, 1000.000000000000000 ) ;
#4949 = DIRECTION ( 'NONE',  ( 1.000000000000000000, 0.000000000000000000, 0.000000000000000000 ) ) ;
#4950 = CARTESIAN_POINT ( 'NONE',  ( -8.099999999999999645, -14.09999999999999964, -8.449999999999999289 ) ) ;
#4951 = ORIENTED_EDGE ( 'NONE', *, *, #5440, .T. ) ;
#4952 = AXIS2_PLACEMENT_3D ( 'NONE', #2498, #4194, #4605 ) ;
#4953 = EDGE_CURVE ( 'NONE', #3412, #5442, #3148, .T. ) ;
#4954 = CARTESIAN_POINT ( 'NONE',  ( 0.000000000000000000, 0.000000000000000000, -12.50000000000000000 ) ) ;
#4955 = CIRCLE ( 'NONE', #5836, 0.1999999999999996503 ) ;
#4956 = VERTEX_POINT ( 'NONE', #5236 ) ;
#4957 = DIRECTION ( 'NONE',  ( -1.000000000000000000, 0.000000000000000000, 0.000000000000000000 ) ) ;
#4958 = AXIS2_PLACEMENT_3D ( 'NONE', #4321, #2213, #2280 ) ;
#4959 = CONICAL_SURFACE ( 'NONE', #2651, 1.849999999915780124, 0.7853981636816653733 ) ;
#4960 = CARTESIAN_POINT ( 'NONE',  ( 12.25000000000000000, 11.25000000000000000, 0.000000000000000000 ) ) ;
#4961 = DIRECTION ( 'NONE',  ( 1.000000000000000000, 0.000000000000000000, 0.000000000000000000 ) ) ;
#4962 = CARTESIAN_POINT ( 'NONE',  ( -12.55000000000000071, -7.900000000000000355, -10.80000000000000071 ) ) ;
#4963 = CARTESIAN_POINT ( 'NONE',  ( 5.164165701663038455, -4.576176636207033077, -15.19999999999999929 ) ) ;
#4964 = CIRCLE ( 'NONE', #350, 2.399999999999999467 ) ;
#4965 = FACE_OUTER_BOUND ( 'NONE', #5004, .T. ) ;
#4966 = VECTOR ( 'NONE', #1709, 1000.000000000000000 ) ;
#4967 = ORIENTED_EDGE ( 'NONE', *, *, #3130, .F. ) ;
#4968 = LINE ( 'NONE', #4489, #4850 ) ;
#4969 = VECTOR ( 'NONE', #1863, 1000.000000000000000 ) ;
#4970 = EDGE_CURVE ( 'NONE', #3487, #3769, #518, .T. ) ;
#4971 = CARTESIAN_POINT ( 'NONE',  ( -3.483934743576956539, -2.186478501046024370, -17.00000000000000000 ) ) ;
#4972 = LINE ( 'NONE', #6498, #4395 ) ;
#4973 = ORIENTED_EDGE ( 'NONE', *, *, #3130, .T. ) ;
#4974 = ORIENTED_EDGE ( 'NONE', *, *, #2426, .T. ) ;
#4975 = CIRCLE ( 'NONE', #1575, 12.00000000000000000 ) ;
#4976 = ORIENTED_EDGE ( 'NONE', *, *, #3692, .F. ) ;
#4977 = CARTESIAN_POINT ( 'NONE',  ( 0.000000000000000000, 0.000000000000000000, -13.70000000000000107 ) ) ;
#4978 = EDGE_CURVE ( 'NONE', #6466, #3344, #1325, .T. ) ;
#4979 = LINE ( 'NONE', #1791, #3888 ) ;
#4980 = CARTESIAN_POINT ( 'NONE',  ( 12.25000000000000000, 9.750000000000000000, -15.50000000000000000 ) ) ;
#4981 = ORIENTED_EDGE ( 'NONE', *, *, #6220, .T. ) ;
#4982 = CARTESIAN_POINT ( 'NONE',  ( -12.55000000000000071, -19.30000000000000071, -11.50000000000000000 ) ) ;
#4983 = EDGE_LOOP ( 'NONE', ( #3669, #5121, #5810, #5366 ) ) ;
#4984 = ORIENTED_EDGE ( 'NONE', *, *, #915, .F. ) ;
#4985 = CARTESIAN_POINT ( 'NONE',  ( 4.019999999999914309, 8.163920626757766641, -14.68607937324123291 ) ) ;
#4986 = EDGE_CURVE ( 'NONE', #5314, #510, #2206, .T. ) ;
#4987 = DIRECTION ( 'NONE',  ( 1.000000000000000000, 0.000000000000000000, 0.000000000000000000 ) ) ;
#4988 = DIRECTION ( 'NONE',  ( 0.000000000000000000, -0.000000000000000000, 1.000000000000000000 ) ) ;
#4989 = ORIENTED_EDGE ( 'NONE', *, *, #2223, .F. ) ;
#4990 = VECTOR ( 'NONE', #3650, 1000.000000000000000 ) ;
#4991 = CARTESIAN_POINT ( 'NONE',  ( 0.000000000000000000, 0.000000000000000000, -14.80000000000000071 ) ) ;
#4992 = VERTEX_POINT ( 'NONE', #1491 ) ;
#4993 = FACE_OUTER_BOUND ( 'NONE', #3470, .T. ) ;
#4994 = ADVANCED_FACE ( 'NONE', ( #3597 ), #3078, .T. ) ;
#4995 = EDGE_CURVE ( 'NONE', #1428, #3807, #5720, .T. ) ;
#4996 = CARTESIAN_POINT ( 'NONE',  ( 0.000000000000000000, 0.000000000000000000, -13.70000000000000107 ) ) ;
#4997 = CARTESIAN_POINT ( 'NONE',  ( 7.349999999999999645, -20.30000000000000071, -8.199999999999999289 ) ) ;
#4998 = DIRECTION ( 'NONE',  ( 0.000000000000000000, 0.000000000000000000, -1.000000000000000000 ) ) ;
#4999 = DIRECTION ( 'NONE',  ( 0.000000000000000000, 0.000000000000000000, -1.000000000000000000 ) ) ;
#5000 = ORIENTED_EDGE ( 'NONE', *, *, #520, .T. ) ;
#5001 = CIRCLE ( 'NONE', #3724, 0.1999999999999996503 ) ;
#5002 = DIRECTION ( 'NONE',  ( 1.000000000000000000, 0.000000000000000000, -0.000000000000000000 ) ) ;
#5003 = FACE_OUTER_BOUND ( 'NONE', #3406, .T. ) ;
#5004 = EDGE_LOOP ( 'NONE', ( #6486, #2854, #1052, #1935 ) ) ;
#5005 = VERTEX_POINT ( 'NONE', #1173 ) ;
#5006 = EDGE_CURVE ( 'NONE', #3546, #1124, #1668, .T. ) ;
#5007 = CARTESIAN_POINT ( 'NONE',  ( 0.6999999999999999556, 0.000000000000000000, -14.80000000000000071 ) ) ;
#5008 = DIRECTION ( 'NONE',  ( -1.000000000000000000, 0.000000000000000000, 0.000000000000000000 ) ) ;
#5009 = CARTESIAN_POINT ( 'NONE',  ( 4.020000000000135465, 9.699979381421329094, -15.10999999999999943 ) ) ;
#5010 = ORIENTED_EDGE ( 'NONE', *, *, #2411, .F. ) ;
#5011 = LINE ( 'NONE', #4982, #3534 ) ;
#5012 = EDGE_LOOP ( 'NONE', ( #928, #3155, #6805, #1286 ) ) ;
#5013 = EDGE_LOOP ( 'NONE', ( #5285, #1511, #4827, #1761 ) ) ;
#5014 = ADVANCED_FACE ( 'NONE', ( #4280 ), #3770, .T. ) ;
#5015 = CIRCLE ( 'NONE', #2048, 0.1999999999999996503 ) ;
#5016 = DIRECTION ( 'NONE',  ( -0.7071067811865474617, 0.000000000000000000, 0.7071067811865474617 ) ) ;
#5017 = CARTESIAN_POINT ( 'NONE',  ( -7.458027997690001243, -8.085655099351999553, -15.50000000000000711 ) ) ;
#5018 = PLANE ( 'NONE',  #4165 ) ;
#5019 = ORIENTED_EDGE ( 'NONE', *, *, #483, .T. ) ;
#5020 = CARTESIAN_POINT ( 'NONE',  ( 0.000000000000000000, 0.000000000000000000, -14.69999999999999929 ) ) ;
#5021 = ORIENTED_EDGE ( 'NONE', *, *, #1840, .F. ) ;
#5022 = EDGE_CURVE ( 'NONE', #2301, #2309, #6489, .T. ) ;
#5023 = CARTESIAN_POINT ( 'NONE',  ( 8.550000000000000711, -14.09999999999999964, -10.69999999999999929 ) ) ;
#5024 = LINE ( 'NONE', #1964, #6179 ) ;
#5025 = CARTESIAN_POINT ( 'NONE',  ( -7.099999999999999645, -16.55000000000000071, -14.75000000000000178 ) ) ;
#5026 = LINE ( 'NONE', #3493, #5719 ) ;
#5027 = CARTESIAN_POINT ( 'NONE',  ( 0.000000000000000000, 0.000000000000000000, -15.19999999999999929 ) ) ;
#5028 = VECTOR ( 'NONE', #1735, 1000.000000000000000 ) ;
#5029 = EDGE_CURVE ( 'NONE', #2577, #5677, #5965, .T. ) ;
#5030 = CARTESIAN_POINT ( 'NONE',  ( -12.84999999999999964, -32.00000000000000000, -10.80000000000000071 ) ) ;
#5031 = LINE ( 'NONE', #6597, #3205 ) ;
#5032 = CIRCLE ( 'NONE', #859, 0.5000000000000004441 ) ;
#5033 = DIRECTION ( 'NONE',  ( -1.000000000000000000, -0.000000000000000000, -0.000000000000000000 ) ) ;
#5034 = VERTEX_POINT ( 'NONE', #5860 ) ;
#5035 = CARTESIAN_POINT ( 'NONE',  ( 0.6999999999999999556, 5.051732376126000013, -15.40000000000000036 ) ) ;
#5036 = CIRCLE ( 'NONE', #4819, 1.300000000000000711 ) ;
#5037 = CARTESIAN_POINT ( 'NONE',  ( 12.59999999999999964, 0.000000000000000000, -16.00000000000000000 ) ) ;
#5038 = EDGE_CURVE ( 'NONE', #6611, #151, #5343, .T. ) ;
#5039 = VERTEX_POINT ( 'NONE', #4865 ) ;
#5040 = VERTEX_POINT ( 'NONE', #657 ) ;
#5041 = CARTESIAN_POINT ( 'NONE',  ( 0.6999999999999999556, 3.051732376126000457, -14.80000000000000071 ) ) ;
#5042 = DIRECTION ( 'NONE',  ( -0.000000000000000000, -0.000000000000000000, -1.000000000000000000 ) ) ;
#5043 = CARTESIAN_POINT ( 'NONE',  ( -13.44999999999999929, -32.91862915010000989, -10.80000000000000071 ) ) ;
#5044 = ORIENTED_EDGE ( 'NONE', *, *, #4372, .F. ) ;
#5045 = CARTESIAN_POINT ( 'NONE',  ( 12.55000000000000071, -8.900000000000000355, -8.199999999999999289 ) ) ;
#5046 = ORIENTED_EDGE ( 'NONE', *, *, #3407, .T. ) ;
#5047 = ORIENTED_EDGE ( 'NONE', *, *, #6106, .F. ) ;
#5048 = CARTESIAN_POINT ( 'NONE',  ( -11.00000000000000000, -32.00000000000000000, -14.19999999999999929 ) ) ;
#5049 = DIRECTION ( 'NONE',  ( 0.000000000000000000, -0.000000000000000000, 1.000000000000000000 ) ) ;
#5050 = LINE ( 'NONE', #4004, #6248 ) ;
#5051 = ADVANCED_FACE ( 'NONE', ( #3285 ), #1247, .T. ) ;
#5052 = EDGE_CURVE ( 'NONE', #2632, #5628, #3252, .T. ) ;
#5053 = VERTEX_POINT ( 'NONE', #3218 ) ;
#5054 = CARTESIAN_POINT ( 'NONE',  ( 0.000000000000000000, -8.400000000000000355, -10.80000000000000071 ) ) ;
#5055 = VECTOR ( 'NONE', #199, 1000.000000000000000 ) ;
#5056 = ORIENTED_EDGE ( 'NONE', *, *, #5602, .T. ) ;
#5057 = DIRECTION ( 'NONE',  ( -0.000000000000000000, 0.000000000000000000, 1.000000000000000000 ) ) ;
#5058 = CIRCLE ( 'NONE', #3314, 1.500000000000000000 ) ;
#5059 = DIRECTION ( 'NONE',  ( 1.000000000000000000, 0.000000000000000000, 0.000000000000000000 ) ) ;
#5060 = AXIS2_PLACEMENT_3D ( 'NONE', #1983, #3092, #4098 ) ;
#5061 = CARTESIAN_POINT ( 'NONE',  ( -13.44999999999999929, 8.711522368915002090, -10.79999999999999893 ) ) ;
#5062 = EDGE_CURVE ( 'NONE', #27, #5295, #4198, .T. ) ;
#5063 = CARTESIAN_POINT ( 'NONE',  ( 12.34999999999999964, -18.05000000000000071, -9.800000000000000711 ) ) ;
#5064 = CARTESIAN_POINT ( 'NONE',  ( 12.55000000000000071, -7.900000000000000355, -11.50000000000000000 ) ) ;
#5065 = VECTOR ( 'NONE', #1941, 1000.000000000000000 ) ;
#5066 = ORIENTED_EDGE ( 'NONE', *, *, #2211, .T. ) ;
#5067 = LINE ( 'NONE', #2940, #6725 ) ;
#5068 = ADVANCED_FACE ( 'NONE', ( #724 ), #2833, .F. ) ;
#5069 = VECTOR ( 'NONE', #3294, 1000.000000000000000 ) ;
#5070 = ORIENTED_EDGE ( 'NONE', *, *, #6269, .T. ) ;
#5071 = VECTOR ( 'NONE', #276, 1000.000000000000000 ) ;
#5072 = DIRECTION ( 'NONE',  ( -0.000000000000000000, 1.000000000000000000, 0.000000000000000000 ) ) ;
#5073 = DIRECTION ( 'NONE',  ( -1.000000000000000000, -0.000000000000000000, -0.000000000000000000 ) ) ;
#5074 = EDGE_LOOP ( 'NONE', ( #4981, #1013 ) ) ;
#5075 = ORIENTED_EDGE ( 'NONE', *, *, #3562, .T. ) ;
#5076 = VECTOR ( 'NONE', #4035, 1000.000000000000000 ) ;
#5077 = DIRECTION ( 'NONE',  ( -1.000000000000000000, -8.881784197001252323E-16, 0.000000000000000000 ) ) ;
#5078 = EDGE_CURVE ( 'NONE', #4442, #608, #5616, .T. ) ;
#5079 = ADVANCED_FACE ( 'NONE', ( #6382 ), #4959, .T. ) ;
#5080 = FACE_OUTER_BOUND ( 'NONE', #1401, .T. ) ;
#5081 = LINE ( 'NONE', #497, #1107 ) ;
#5082 = ORIENTED_EDGE ( 'NONE', *, *, #3071, .F. ) ;
#5083 = DIRECTION ( 'NONE',  ( 1.000000000000000000, -0.000000000000000000, 0.000000000000000000 ) ) ;
#5084 = CIRCLE ( 'NONE', #3778, 1.850000000000000977 ) ;
#5085 = ORIENTED_EDGE ( 'NONE', *, *, #5317, .F. ) ;
#5086 = ORIENTED_EDGE ( 'NONE', *, *, #6732, .T. ) ;
#5087 = CARTESIAN_POINT ( 'NONE',  ( -8.349999999999999645, -19.30000000000000071, -17.00000000000000000 ) ) ;
#5088 = DIRECTION ( 'NONE',  ( -1.000000000000000000, -0.000000000000000000, 0.000000000000000000 ) ) ;
#5089 = CARTESIAN_POINT ( 'NONE',  ( 6.900000000000000355, 8.450062914116737647E-16, -14.69999999999999929 ) ) ;
#5090 = ORIENTED_EDGE ( 'NONE', *, *, #5278, .F. ) ;
#5091 = ORIENTED_EDGE ( 'NONE', *, *, #3277, .F. ) ;
#5092 = EDGE_LOOP ( 'NONE', ( #6502, #1512, #6307, #3691 ) ) ;
#5093 = EDGE_CURVE ( 'NONE', #4721, #5629, #1708, .T. ) ;
#5094 = CARTESIAN_POINT ( 'NONE',  ( -12.55000000000000071, -7.900000000000000355, -11.50000000000000000 ) ) ;
#5095 = DIRECTION ( 'NONE',  ( -1.000000000000000000, 0.000000000000000000, -0.000000000000000000 ) ) ;
#5096 = DIRECTION ( 'NONE',  ( -1.000000000000000000, 0.000000000000000000, 0.000000000000000000 ) ) ;
#5097 = CIRCLE ( 'NONE', #3680, 1.499999999999999556 ) ;
#5098 = DIRECTION ( 'NONE',  ( -1.000000000000000000, 0.000000000000000000, 0.000000000000000000 ) ) ;
#5099 = CARTESIAN_POINT ( 'NONE',  ( -0.6999999999999999556, 4.951732376126000368, -15.40000000000000213 ) ) ;
#5100 = CARTESIAN_POINT ( 'NONE',  ( 11.00000000000000000, 8.000000000000000000, -10.80000000000000071 ) ) ;
#5101 = EDGE_CURVE ( 'NONE', #4799, #6223, #213, .T. ) ;
#5102 = CARTESIAN_POINT ( 'NONE',  ( 0.000000000000000000, 8.349999999999999645, -14.50000000000000000 ) ) ;
#5103 = CARTESIAN_POINT ( 'NONE',  ( -12.34999999999999964, -19.10000000000000142, -7.700000000000000178 ) ) ;
#5104 = LINE ( 'NONE', #2733, #2175 ) ;
#5105 = CARTESIAN_POINT ( 'NONE',  ( 7.061511736714017218, -8.399032729840889999, -12.50000000000000178 ) ) ;
#5106 = ORIENTED_EDGE ( 'NONE', *, *, #1251, .F. ) ;
#5107 = ORIENTED_EDGE ( 'NONE', *, *, #2168, .F. ) ;
#5108 = EDGE_CURVE ( 'NONE', #1104, #242, #674, .T. ) ;
#5109 = CARTESIAN_POINT ( 'NONE',  ( 8.550000000000000711, -9.099999999999999645, -4.700000000000000178 ) ) ;
#5110 = DIRECTION ( 'NONE',  ( -0.000000000000000000, -1.000000000000000000, 0.000000000000000000 ) ) ;
#5111 = DIRECTION ( 'NONE',  ( 1.000000000000000000, 0.000000000000000000, 0.000000000000000000 ) ) ;
#5112 = VERTEX_POINT ( 'NONE', #4349 ) ;
#5113 = CARTESIAN_POINT ( 'NONE',  ( -7.349999999999999645, -8.900000000000000355, -17.00000000000000000 ) ) ;
#5114 = VERTEX_POINT ( 'NONE', #6454 ) ;
#5115 = ORIENTED_EDGE ( 'NONE', *, *, #3631, .T. ) ;
#5116 = ADVANCED_FACE ( 'NONE', ( #1737 ), #3835, .F. ) ;
#5117 = EDGE_CURVE ( 'NONE', #1133, #398, #2277, .T. ) ;
#5118 = CARTESIAN_POINT ( 'NONE',  ( 11.00000000000000000, 8.000000000000000000, -17.00000000000000000 ) ) ;
#5119 = DIRECTION ( 'NONE',  ( 0.000000000000000000, 0.000000000000000000, 1.000000000000000000 ) ) ;
#5120 = CARTESIAN_POINT ( 'NONE',  ( -14.25000000000000000, -19.29999999999999716, -17.00000000000000000 ) ) ;
#5121 = ORIENTED_EDGE ( 'NONE', *, *, #1536, .F. ) ;
#5122 = AXIS2_PLACEMENT_3D ( 'NONE', #5405, #2793, #2686 ) ;
#5123 = ORIENTED_EDGE ( 'NONE', *, *, #2049, .T. ) ;
#5124 = ORIENTED_EDGE ( 'NONE', *, *, #3449, .F. ) ;
#5125 = DIRECTION ( 'NONE',  ( -0.000000000000000000, 1.000000000000000000, 0.000000000000000000 ) ) ;
#5126 = LINE ( 'NONE', #411, #4424 ) ;
#5127 = CARTESIAN_POINT ( 'NONE',  ( 0.6999999999999999556, 5.051732376126000013, -14.80000000000000071 ) ) ;
#5128 = DIRECTION ( 'NONE',  ( 0.000000000000000000, 0.000000000000000000, -1.000000000000000000 ) ) ;
#5129 = DIRECTION ( 'NONE',  ( -0.7071067811865477948, 0.7071067811865473507, 0.000000000000000000 ) ) ;
#5130 = CARTESIAN_POINT ( 'NONE',  ( 0.000000000000000000, 0.000000000000000000, -15.40000000000000036 ) ) ;
#5131 = DIRECTION ( 'NONE',  ( -1.000000000000000000, 3.170796958329447079E-13, 0.000000000000000000 ) ) ;
#5132 = VECTOR ( 'NONE', #97, 1000.000000000000000 ) ;
#5133 = CIRCLE ( 'NONE', #6698, 10.50000000000000000 ) ;
#5134 = LINE ( 'NONE', #4086, #2234 ) ;
#5135 = ADVANCED_FACE ( 'NONE', ( #6556 ), #4009, .F. ) ;
#5136 = EDGE_CURVE ( 'NONE', #2569, #885, #4042, .T. ) ;
#5137 = DIRECTION ( 'NONE',  ( -0.000000000000000000, 1.000000000000000000, 0.000000000000000000 ) ) ;
#5138 = VERTEX_POINT ( 'NONE', #1835 ) ;
#5139 = EDGE_LOOP ( 'NONE', ( #1915, #1080, #67, #6440, #5865, #1193, #6257 ) ) ;
#5140 = CIRCLE ( 'NONE', #5581, 0.1999999999999996503 ) ;
#5141 = VECTOR ( 'NONE', #3012, 1000.000000000000114 ) ;
#5142 = VECTOR ( 'NONE', #457, 1000.000000000000000 ) ;
#5143 = VECTOR ( 'NONE', #614, 1000.000000000000000 ) ;
#5144 = CARTESIAN_POINT ( 'NONE',  ( 12.55000000000000071, -8.400000000000000355, -10.79999999999999893 ) ) ;
#5145 = DIRECTION ( 'NONE',  ( -0.000000000000000000, -1.000000000000000000, 0.000000000000000000 ) ) ;
#5146 = DIRECTION ( 'NONE',  ( -1.000000000000000000, 0.000000000000000000, 0.000000000000000000 ) ) ;
#5147 = ADVANCED_FACE ( 'NONE', ( #5995 ), #2345, .F. ) ;
#5148 = ORIENTED_EDGE ( 'NONE', *, *, #3080, .F. ) ;
#5149 = CARTESIAN_POINT ( 'NONE',  ( 12.34999999999999964, -18.05000000000000071, -7.250000000000000000 ) ) ;
#5150 = VERTEX_POINT ( 'NONE', #2903 ) ;
#5151 = VERTEX_POINT ( 'NONE', #6029 ) ;
#5152 = CARTESIAN_POINT ( 'NONE',  ( 8.050000000000000711, -8.899999999999998579, -12.19999999999999929 ) ) ;
#5153 = FACE_OUTER_BOUND ( 'NONE', #638, .T. ) ;
#5154 = DIRECTION ( 'NONE',  ( 0.000000000000000000, 0.000000000000000000, -1.000000000000000000 ) ) ;
#5155 = ADVANCED_FACE ( 'NONE', ( #345 ), #5606, .F. ) ;
#5156 = VERTEX_POINT ( 'NONE', #4553 ) ;
#5157 = ORIENTED_EDGE ( 'NONE', *, *, #15, .F. ) ;
#5158 = VERTEX_POINT ( 'NONE', #5509 ) ;
#5159 = DIRECTION ( 'NONE',  ( 1.000000000000000000, 0.000000000000000000, 0.000000000000000000 ) ) ;
#5160 = CARTESIAN_POINT ( 'NONE',  ( -7.061511736714799703, -8.399032729842410561, -17.00000000000000000 ) ) ;
#5161 = DIRECTION ( 'NONE',  ( -0.000000000000000000, 0.000000000000000000, 1.000000000000000000 ) ) ;
#5162 = VECTOR ( 'NONE', #3261, 1000.000000000000000 ) ;
#5163 = ADVANCED_FACE ( 'NONE', ( #5571 ), #758, .T. ) ;
#5164 = LINE ( 'NONE', #4146, #4087 ) ;
#5165 = PLANE ( 'NONE',  #4267 ) ;
#5166 = AXIS2_PLACEMENT_3D ( 'NONE', #1759, #5879, #3791 ) ;
#5167 = CARTESIAN_POINT ( 'NONE',  ( -8.849999999999999645, -10.40000000000000213, -10.80000000000000071 ) ) ;
#5168 = FACE_BOUND ( 'NONE', #1877, .T. ) ;
#5169 = ORIENTED_EDGE ( 'NONE', *, *, #3822, .F. ) ;
#5170 = CARTESIAN_POINT ( 'NONE',  ( -8.349999999999999645, -14.09999999999999964, -8.699999999999999289 ) ) ;
#5171 = AXIS2_PLACEMENT_3D ( 'NONE', #1804, #4479, #6524 ) ;
#5172 = DIRECTION ( 'NONE',  ( -1.000000000000000000, -0.000000000000000000, -0.000000000000000000 ) ) ;
#5173 = AXIS2_PLACEMENT_3D ( 'NONE', #3042, #6733, #4719 ) ;
#5174 = ORIENTED_EDGE ( 'NONE', *, *, #5809, .T. ) ;
#5175 = EDGE_LOOP ( 'NONE', ( #377, #5196, #5195, #4892 ) ) ;
#5176 = EDGE_CURVE ( 'NONE', #1697, #6739, #6625, .T. ) ;
#5177 = AXIS2_PLACEMENT_3D ( 'NONE', #3880, #4899, #3257 ) ;
#5178 = AXIS2_PLACEMENT_3D ( 'NONE', #5520, #3884, #5484 ) ;
#5179 = VECTOR ( 'NONE', #697, 1000.000000000000114 ) ;
#5180 = DIRECTION ( 'NONE',  ( 0.000000000000000000, 0.000000000000000000, 1.000000000000000000 ) ) ;
#5181 = FACE_OUTER_BOUND ( 'NONE', #1842, .T. ) ;
#5182 = CARTESIAN_POINT ( 'NONE',  ( 12.84999999999999964, -32.00000000000000000, -10.80000000000000071 ) ) ;
#5183 = ORIENTED_EDGE ( 'NONE', *, *, #6124, .T. ) ;
#5184 = LINE ( 'NONE', #2534, #551 ) ;
#5185 = EDGE_LOOP ( 'NONE', ( #3901, #2673, #603, #4457 ) ) ;
#5186 = VECTOR ( 'NONE', #2066, 1000.000000000000000 ) ;
#5187 = VERTEX_POINT ( 'NONE', #2408 ) ;
#5188 = ADVANCED_FACE ( 'NONE', ( #5476 ), #1900, .T. ) ;
#5189 = CARTESIAN_POINT ( 'NONE',  ( 8.599999999999999645, 8.000000000000000000, -17.00000000000000000 ) ) ;
#5190 = CARTESIAN_POINT ( 'NONE',  ( -12.55000000000000071, -8.400000000000000355, -10.80000000000000071 ) ) ;
#5191 = CARTESIAN_POINT ( 'NONE',  ( 4.020000000000067075, 9.699979381421357516, -15.50000000000000000 ) ) ;
#5192 = VECTOR ( 'NONE', #2506, 1000.000000000000000 ) ;
#5193 = DIRECTION ( 'NONE',  ( -0.000000000000000000, -0.000000000000000000, 1.000000000000000000 ) ) ;
#5194 = VERTEX_POINT ( 'NONE', #900 ) ;
#5195 = ORIENTED_EDGE ( 'NONE', *, *, #4318, .T. ) ;
#5196 = ORIENTED_EDGE ( 'NONE', *, *, #6529, .F. ) ;
#5197 = AXIS2_PLACEMENT_3D ( 'NONE', #5769, #3605, #1430 ) ;
#5198 = EDGE_CURVE ( 'NONE', #1544, #2456, #796, .T. ) ;
#5199 = DIRECTION ( 'NONE',  ( 0.000000000000000000, 0.000000000000000000, 1.000000000000000000 ) ) ;
#5200 = CARTESIAN_POINT ( 'NONE',  ( -8.849999999999999645, -13.05000000000000071, -11.40000000000000036 ) ) ;
#5201 = DIRECTION ( 'NONE',  ( -0.000000000000000000, -0.000000000000000000, 1.000000000000000000 ) ) ;
#5202 = LINE ( 'NONE', #2518, #1324 ) ;
#5203 = CARTESIAN_POINT ( 'NONE',  ( 4.416882714543001853, -3.806566586750021575, -15.19999999999999751 ) ) ;
#5204 = EDGE_CURVE ( 'NONE', #2609, #734, #1378, .T. ) ;
#5205 = ADVANCED_FACE ( 'NONE', ( #861 ), #2864, .T. ) ;
#5206 = CARTESIAN_POINT ( 'NONE',  ( -14.25000000000000000, 9.250000000000000000, -17.00000000000000000 ) ) ;
#5207 = VECTOR ( 'NONE', #4882, 1000.000000000000000 ) ;
#5208 = FACE_OUTER_BOUND ( 'NONE', #2289, .T. ) ;
#5209 = ORIENTED_EDGE ( 'NONE', *, *, #6633, .F. ) ;
#5210 = FACE_OUTER_BOUND ( 'NONE', #6673, .T. ) ;
#5211 = CARTESIAN_POINT ( 'NONE',  ( 6.361960786218999964, -6.783469241813000039, -14.69999999999999751 ) ) ;
#5212 = ORIENTED_EDGE ( 'NONE', *, *, #1447, .T. ) ;
#5213 = ORIENTED_EDGE ( 'NONE', *, *, #6235, .T. ) ;
#5214 = CARTESIAN_POINT ( 'NONE',  ( 0.000000000000000000, 0.000000000000000000, -14.80000000000000071 ) ) ;
#5215 = CARTESIAN_POINT ( 'NONE',  ( 7.049999999999999822, 9.750000000000000000, 0.000000000000000000 ) ) ;
#5216 = CARTESIAN_POINT ( 'NONE',  ( 11.00000000000000000, 8.000000000000000000, -14.19999999999999929 ) ) ;
#5217 = ORIENTED_EDGE ( 'NONE', *, *, #615, .F. ) ;
#5218 = DIRECTION ( 'NONE',  ( -0.000000000000000000, -1.000000000000000000, 0.000000000000000000 ) ) ;
#5219 = ADVANCED_FACE ( 'NONE', ( #4993 ), #2374, .T. ) ;
#5220 = ORIENTED_EDGE ( 'NONE', *, *, #5984, .F. ) ;
#5221 = ORIENTED_EDGE ( 'NONE', *, *, #5246, .T. ) ;
#5222 = AXIS2_PLACEMENT_3D ( 'NONE', #4644, #374, #5639 ) ;
#5223 = DIRECTION ( 'NONE',  ( 0.000000000000000000, 0.000000000000000000, -1.000000000000000000 ) ) ;
#5224 = LINE ( 'NONE', #6331, #461 ) ;
#5225 = DIRECTION ( 'NONE',  ( -0.4990327298407876699, -0.8665831377009659553, 0.000000000000000000 ) ) ;
#5226 = ORIENTED_EDGE ( 'NONE', *, *, #1381, .T. ) ;
#5227 = ORIENTED_EDGE ( 'NONE', *, *, #3016, .F. ) ;
#5228 = VERTEX_POINT ( 'NONE', #3684 ) ;
#5229 = DIRECTION ( 'NONE',  ( -1.000000000000000000, 0.000000000000000000, 0.000000000000000000 ) ) ;
#5230 = LINE ( 'NONE', #5680, #3729 ) ;
#5231 = AXIS2_PLACEMENT_3D ( 'NONE', #5369, #1729, #1239 ) ;
#5232 = ADVANCED_FACE ( 'NONE', ( #4103 ), #1054, .T. ) ;
#5233 = CARTESIAN_POINT ( 'NONE',  ( 0.000000000000000000, 0.000000000000000000, -15.50000000000000000 ) ) ;
#5234 = CARTESIAN_POINT ( 'NONE',  ( -8.349999999999999645, -8.900000000000000355, -10.79999999999999893 ) ) ;
#5235 = CIRCLE ( 'NONE', #2272, 6.900000000000000355 ) ;
#5236 = CARTESIAN_POINT ( 'NONE',  ( 8.849999999999999645, -17.80000000000000071, -11.40000000000000036 ) ) ;
#5237 = DIRECTION ( 'NONE',  ( 0.000000000000000000, 0.000000000000000000, -1.000000000000000000 ) ) ;
#5238 = ORIENTED_EDGE ( 'NONE', *, *, #344, .T. ) ;
#5239 = FACE_OUTER_BOUND ( 'NONE', #3783, .T. ) ;
#5240 = EDGE_CURVE ( 'NONE', #4707, #1718, #1993, .T. ) ;
#5241 = DIRECTION ( 'NONE',  ( 0.000000000000000000, -0.000000000000000000, 1.000000000000000000 ) ) ;
#5242 = VERTEX_POINT ( 'NONE', #2472 ) ;
#5243 = DIRECTION ( 'NONE',  ( -0.2588190451024086070, -0.9659258262890982882, 0.000000000000000000 ) ) ;
#5244 = CARTESIAN_POINT ( 'NONE',  ( -12.84999999999999964, -32.00000000000000000, -10.80000000000000071 ) ) ;
#5245 = DIRECTION ( 'NONE',  ( 0.000000000000000000, 0.000000000000000000, -1.000000000000000000 ) ) ;
#5246 = EDGE_CURVE ( 'NONE', #5657, #2787, #2603, .T. ) ;
#5247 = VERTEX_POINT ( 'NONE', #5189 ) ;
#5248 = ADVANCED_FACE ( 'NONE', ( #6227 ), #3614, .T. ) ;
#5249 = ORIENTED_EDGE ( 'NONE', *, *, #6530, .T. ) ;
#5250 = VECTOR ( 'NONE', #5978, 1000.000000000000000 ) ;
#5251 = VECTOR ( 'NONE', #2167, 1000.000000000000000 ) ;
#5252 = VERTEX_POINT ( 'NONE', #3549 ) ;
#5253 = VECTOR ( 'NONE', #3455, 1000.000000000000000 ) ;
#5254 = DIRECTION ( 'NONE',  ( 1.000000000000000000, 0.000000000000000000, 0.000000000000000000 ) ) ;
#5255 = DIRECTION ( 'NONE',  ( 0.000000000000000000, 0.000000000000000000, -1.000000000000000000 ) ) ;
#5256 = LINE ( 'NONE', #4647, #6317 ) ;
#5257 = ORIENTED_EDGE ( 'NONE', *, *, #5743, .T. ) ;
#5258 = CARTESIAN_POINT ( 'NONE',  ( 2.617351605875999798, -2.685511230887000167, -12.50000000000000355 ) ) ;
#5259 = CARTESIAN_POINT ( 'NONE',  ( 6.995534289816865758, 9.749999999999815259, -15.10999999999999943 ) ) ;
#5260 = ORIENTED_EDGE ( 'NONE', *, *, #570, .T. ) ;
#5261 = ORIENTED_EDGE ( 'NONE', *, *, #3613, .T. ) ;
#5262 = EDGE_CURVE ( 'NONE', #4747, #6466, #472, .T. ) ;
#5263 = DIRECTION ( 'NONE',  ( -1.000000000000000000, 0.000000000000000000, 0.000000000000000000 ) ) ;
#5264 = EDGE_CURVE ( 'NONE', #1170, #5497, #6175, .T. ) ;
#5265 = DIRECTION ( 'NONE',  ( 0.000000000000000000, -0.000000000000000000, 1.000000000000000000 ) ) ;
#5266 = CARTESIAN_POINT ( 'NONE',  ( -13.44999999999999929, -8.400000000000000355, -11.50000000000000178 ) ) ;
#5267 = DIRECTION ( 'NONE',  ( 0.000000000000000000, 0.000000000000000000, 1.000000000000000000 ) ) ;
#5268 = LINE ( 'NONE', #2584, #5251 ) ;
#5269 = AXIS2_PLACEMENT_3D ( 'NONE', #1910, #5485, #767 ) ;
#5270 = DIRECTION ( 'NONE',  ( -0.000000000000000000, -0.000000000000000000, 1.000000000000000000 ) ) ;
#5271 = EDGE_CURVE ( 'NONE', #6554, #2647, #2571, .T. ) ;
#5272 = DIRECTION ( 'NONE',  ( -0.000000000000000000, 0.000000000000000000, -1.000000000000000000 ) ) ;
#5273 = ORIENTED_EDGE ( 'NONE', *, *, #1814, .T. ) ;
#5274 = DIRECTION ( 'NONE',  ( 0.000000000000000000, 0.000000000000000000, -1.000000000000000000 ) ) ;
#5275 = CARTESIAN_POINT ( 'NONE',  ( 3.483934743577056459, -2.186478501045967082, -17.00000000000000000 ) ) ;
#5276 = CIRCLE ( 'NONE', #4187, 6.099999999999999645 ) ;
#5277 = EDGE_LOOP ( 'NONE', ( #59, #1960, #2332, #1058 ) ) ;
#5278 = EDGE_CURVE ( 'NONE', #1243, #5993, #1540, .T. ) ;
#5279 = FACE_OUTER_BOUND ( 'NONE', #6121, .T. ) ;
#5280 = LINE ( 'NONE', #2148, #1004 ) ;
#5281 = VECTOR ( 'NONE', #6773, 1000.000000000000114 ) ;
#5282 = DIRECTION ( 'NONE',  ( -1.000000000000000000, 0.000000000000000000, 0.000000000000000000 ) ) ;
#5283 = ORIENTED_EDGE ( 'NONE', *, *, #6663, .F. ) ;
#5284 = VECTOR ( 'NONE', #4129, 999.9999999999998863 ) ;
#5285 = ORIENTED_EDGE ( 'NONE', *, *, #1163, .F. ) ;
#5286 = ORIENTED_EDGE ( 'NONE', *, *, #1757, .F. ) ;
#5287 = AXIS2_PLACEMENT_3D ( 'NONE', #4629, #1495, #2075 ) ;
#5288 = VECTOR ( 'NONE', #1647, 1000.000000000000000 ) ;
#5289 = EDGE_CURVE ( 'NONE', #6747, #5252, #6285, .T. ) ;
#5290 = ADVANCED_FACE ( 'NONE', ( #4018 ), #6075, .T. ) ;
#5291 = LINE ( 'NONE', #641, #2388 ) ;
#5292 = DIRECTION ( 'NONE',  ( 0.000000000000000000, 0.000000000000000000, 1.000000000000000000 ) ) ;
#5293 = DIRECTION ( 'NONE',  ( -1.000000000000000000, -0.000000000000000000, 0.000000000000000000 ) ) ;
#5294 = AXIS2_PLACEMENT_3D ( 'NONE', #4929, #2450, #905 ) ;
#5295 = VERTEX_POINT ( 'NONE', #2521 ) ;
#5296 = DIRECTION ( 'NONE',  ( -0.000000000000000000, 0.000000000000000000, -1.000000000000000000 ) ) ;
#5297 = VECTOR ( 'NONE', #4679, 1000.000000000000000 ) ;
#5298 = CARTESIAN_POINT ( 'NONE',  ( -11.71152236890999987, 9.949999999999999289, -10.79999999999999716 ) ) ;
#5299 = ORIENTED_EDGE ( 'NONE', *, *, #3940, .F. ) ;
#5300 = ORIENTED_EDGE ( 'NONE', *, *, #1168, .T. ) ;
#5301 = VECTOR ( 'NONE', #4817, 1000.000000000000000 ) ;
#5302 = DIRECTION ( 'NONE',  ( 0.7071067813875193675, 8.659560564816128346E-17, -0.7071067809855756670 ) ) ;
#5303 = UNCERTAINTY_MEASURE_WITH_UNIT (LENGTH_MEASURE( 1.000000000000000082E-05 ), #3952, 'distance_accuracy_value', 'NONE');
#5304 = CARTESIAN_POINT ( 'NONE',  ( 0.000000000000000000, 4.951732376126000368, -15.40000000000000036 ) ) ;
#5305 = DIRECTION ( 'NONE',  ( 0.000000000000000000, 0.000000000000000000, -1.000000000000000000 ) ) ;
#5306 =( NAMED_UNIT ( * ) SI_UNIT ( $, .STERADIAN. ) SOLID_ANGLE_UNIT ( ) );
#5307 = CARTESIAN_POINT ( 'NONE',  ( 0.000000000000000000, 0.000000000000000000, -13.70000000000000107 ) ) ;
#5308 = VECTOR ( 'NONE', #4295, 1000.000000000000000 ) ;
#5309 = EDGE_CURVE ( 'NONE', #5724, #6772, #869, .T. ) ;
#5310 = CARTESIAN_POINT ( 'NONE',  ( -0.6999999999999999556, 4.951732376126000368, -15.69999999999999929 ) ) ;
#5311 = ORIENTED_EDGE ( 'NONE', *, *, #6669, .T. ) ;
#5312 = DIRECTION ( 'NONE',  ( -0.000000000000000000, -0.000000000000000000, -1.000000000000000000 ) ) ;
#5313 = FACE_OUTER_BOUND ( 'NONE', #4835, .T. ) ;
#5314 = VERTEX_POINT ( 'NONE', #2455 ) ;
#5315 = DIRECTION ( 'NONE',  ( -0.000000000000000000, 1.000000000000000000, 0.000000000000000000 ) ) ;
#5316 = CARTESIAN_POINT ( 'NONE',  ( 14.25000000000000000, 9.250000000000001776, -17.00000000000000000 ) ) ;
#5317 = EDGE_CURVE ( 'NONE', #162, #507, #1217, .T. ) ;
#5318 = EDGE_LOOP ( 'NONE', ( #341, #5437, #1633, #202, #6433, #5668, #2077 ) ) ;
#5319 = CARTESIAN_POINT ( 'NONE',  ( 4.590199342083000289, -3.706760040782000054, -15.40000000000000391 ) ) ;
#5320 = CARTESIAN_POINT ( 'NONE',  ( 0.000000000000000000, 8.150000000000000355, -14.69999999999999929 ) ) ;
#5321 = DIRECTION ( 'NONE',  ( 0.000000000000000000, 0.000000000000000000, -1.000000000000000000 ) ) ;
#5322 = ORIENTED_EDGE ( 'NONE', *, *, #3738, .T. ) ;
#5323 = VECTOR ( 'NONE', #2677, 1000.000000000000000 ) ;
#5324 = ORIENTED_EDGE ( 'NONE', *, *, #6347, .T. ) ;
#5325 = ORIENTED_EDGE ( 'NONE', *, *, #1719, .T. ) ;
#5326 = DIRECTION ( 'NONE',  ( 0.000000000000000000, 0.000000000000000000, 1.000000000000000000 ) ) ;
#5327 = CARTESIAN_POINT ( 'NONE',  ( -12.34999999999999964, -14.09999999999999964, -9.800000000000000711 ) ) ;
#5328 = CARTESIAN_POINT ( 'NONE',  ( -11.71152236890999987, -34.45000000000000284, -10.79999999999999893 ) ) ;
#5329 = ORIENTED_EDGE ( 'NONE', *, *, #4970, .T. ) ;
#5330 = LINE ( 'NONE', #4884, #4948 ) ;
#5331 = CARTESIAN_POINT ( 'NONE',  ( -13.39999999999999858, 8.000000000000000000, -17.00000000000000000 ) ) ;
#5332 = ADVANCED_FACE ( 'NONE', ( #3043 ), #2007, .T. ) ;
#5333 = ORIENTED_EDGE ( 'NONE', *, *, #2516, .T. ) ;
#5334 = VERTEX_POINT ( 'NONE', #834 ) ;
#5335 = CARTESIAN_POINT ( 'NONE',  ( -11.00000000000000000, -32.00000000000000000, -10.30000000004702088 ) ) ;
#5336 = DIRECTION ( 'NONE',  ( 0.000000000000000000, 0.000000000000000000, 1.000000000000000000 ) ) ;
#5337 = FACE_OUTER_BOUND ( 'NONE', #6552, .T. ) ;
#5338 = EDGE_CURVE ( 'NONE', #1243, #252, #1674, .T. ) ;
#5339 = DIRECTION ( 'NONE',  ( -0.000000000000000000, -0.000000000000000000, -1.000000000000000000 ) ) ;
#5340 = VERTEX_POINT ( 'NONE', #80 ) ;
#5341 = FACE_OUTER_BOUND ( 'NONE', #5139, .T. ) ;
#5342 = ORIENTED_EDGE ( 'NONE', *, *, #3381, .F. ) ;
#5343 = LINE ( 'NONE', #1143, #5179 ) ;
#5344 = DIRECTION ( 'NONE',  ( 0.000000000000000000, 0.000000000000000000, 1.000000000000000000 ) ) ;
#5345 = EDGE_LOOP ( 'NONE', ( #1236, #6808, #1287, #4303, #1322 ) ) ;
#5346 = LINE ( 'NONE', #625, #6151 ) ;
#5347 = DIRECTION ( 'NONE',  ( -0.000000000000000000, -0.000000000000000000, -1.000000000000000000 ) ) ;
#5348 = AXIS2_PLACEMENT_3D ( 'NONE', #2406, #6585, #3934 ) ;
#5349 = EDGE_LOOP ( 'NONE', ( #2695, #3998, #733, #4208 ) ) ;
#5350 = EDGE_CURVE ( 'NONE', #4758, #4565, #3871, .T. ) ;
#5351 = CARTESIAN_POINT ( 'NONE',  ( -10.50000000000000000, 0.000000000000000000, -17.00000000000000000 ) ) ;
#5352 = CARTESIAN_POINT ( 'NONE',  ( -12.55000000000000249, -19.55000000000000071, -8.449999999999999289 ) ) ;
#5353 = CARTESIAN_POINT ( 'NONE',  ( 13.30355339059139119, 9.065075759507609021, -10.79999999999999716 ) ) ;
#5354 = ORIENTED_EDGE ( 'NONE', *, *, #5052, .T. ) ;
#5355 = VERTEX_POINT ( 'NONE', #1559 ) ;
#5356 = ORIENTED_EDGE ( 'NONE', *, *, #5482, .T. ) ;
#5357 = CARTESIAN_POINT ( 'NONE',  ( -9.149999999938334128, 8.000000000000000000, -10.40000000000000213 ) ) ;
#5358 = ADVANCED_FACE ( 'NONE', ( #5168, #5685 ), #6791, .T. ) ;
#5359 = CARTESIAN_POINT ( 'NONE',  ( 0.000000000000000000, 0.000000000000000000, -10.09999999999999964 ) ) ;
#5360 = LINE ( 'NONE', #134, #5979 ) ;
#5361 = ORIENTED_EDGE ( 'NONE', *, *, #3489, .F. ) ;
#5362 = DIRECTION ( 'NONE',  ( -0.000000000000000000, -0.000000000000000000, 1.000000000000000000 ) ) ;
#5363 = CIRCLE ( 'NONE', #3504, 10.50000000000000000 ) ;
#5364 = AXIS2_PLACEMENT_3D ( 'NONE', #3423, #1171, #6487 ) ;
#5365 = CARTESIAN_POINT ( 'NONE',  ( 4.745799319780635628, -3.832412923520501558, -15.40000000000000213 ) ) ;
#5366 = ORIENTED_EDGE ( 'NONE', *, *, #1766, .F. ) ;
#5367 = ORIENTED_EDGE ( 'NONE', *, *, #6561, .F. ) ;
#5368 = CIRCLE ( 'NONE', #3288, 1.850000000000000977 ) ;
#5369 = CARTESIAN_POINT ( 'NONE',  ( -11.00000000000000000, 8.000000000000000000, -10.30000000000000071 ) ) ;
#5370 = EDGE_CURVE ( 'NONE', #1214, #6410, #4720, .T. ) ;
#5371 = DIRECTION ( 'NONE',  ( 1.000000000000000000, 0.000000000000000000, 0.000000000000000000 ) ) ;
#5372 = DIRECTION ( 'NONE',  ( 0.000000000000000000, 0.000000000000000000, -1.000000000000000000 ) ) ;
#5373 = AXIS2_PLACEMENT_3D ( 'NONE', #6238, #481, #4618 ) ;
#5374 = DIRECTION ( 'NONE',  ( -0.000000000000000000, -0.000000000000000000, 1.000000000000000000 ) ) ;
#5375 = ORIENTED_EDGE ( 'NONE', *, *, #4318, .F. ) ;
#5376 = CARTESIAN_POINT ( 'NONE',  ( 2.750000000000000000, 0.000000000000000000, -10.50000000000000000 ) ) ;
#5377 = VERTEX_POINT ( 'NONE', #10 ) ;
#5378 = DIRECTION ( 'NONE',  ( 1.000000000000000000, 6.938893903907222067E-15, 0.000000000000000000 ) ) ;
#5379 = ADVANCED_FACE ( 'NONE', ( #3735 ), #47, .F. ) ;
#5380 = CARTESIAN_POINT ( 'NONE',  ( -10.35000000179999802, -19.10000000000000142, -9.799999999999998934 ) ) ;
#5381 = LINE ( 'NONE', #660, #4492 ) ;
#5382 = DIRECTION ( 'NONE',  ( -1.000000000000000000, 0.000000000000000000, 0.000000000000000000 ) ) ;
#5383 = ORIENTED_EDGE ( 'NONE', *, *, #866, .T. ) ;
#5384 = LINE ( 'NONE', #1714, #18 ) ;
#5385 = CYLINDRICAL_SURFACE ( 'NONE', #3633, 10.50000000000000000 ) ;
#5386 = VECTOR ( 'NONE', #5321, 1000.000000000000000 ) ;
#5387 = VERTEX_POINT ( 'NONE', #5823 ) ;
#5388 = AXIS2_PLACEMENT_3D ( 'NONE', #5780, #4235, #1059 ) ;
#5389 = ORIENTED_EDGE ( 'NONE', *, *, #2700, .F. ) ;
#5390 = ORIENTED_EDGE ( 'NONE', *, *, #2471, .F. ) ;
#5391 = EDGE_CURVE ( 'NONE', #6144, #2058, #5762, .T. ) ;
#5392 = AXIS2_PLACEMENT_3D ( 'NONE', #3114, #9, #6316 ) ;
#5393 = LINE ( 'NONE', #4879, #744 ) ;
#5394 = CARTESIAN_POINT ( 'NONE',  ( -4.416882714542892607, -3.806566586750061543, -17.00000000000000000 ) ) ;
#5395 = FACE_OUTER_BOUND ( 'NONE', #4810, .T. ) ;
#5396 = ORIENTED_EDGE ( 'NONE', *, *, #1077, .T. ) ;
#5397 = DIRECTION ( 'NONE',  ( 0.000000000000000000, 0.000000000000000000, -1.000000000000000000 ) ) ;
#5398 = CARTESIAN_POINT ( 'NONE',  ( -7.749999999999999112, -17.19999999999999929, -12.50000000000000178 ) ) ;
#5399 = VECTOR ( 'NONE', #6619, 1000.000000000000000 ) ;
#5400 = ORIENTED_EDGE ( 'NONE', *, *, #5176, .F. ) ;
#5401 = AXIS2_PLACEMENT_3D ( 'NONE', #5932, #3009, #5131 ) ;
#5402 = ORIENTED_EDGE ( 'NONE', *, *, #6678, .F. ) ;
#5403 = ADVANCED_FACE ( 'NONE', ( #453 ), #1041, .T. ) ;
#5404 = VECTOR ( 'NONE', #3295, 1000.000000000000000 ) ;
#5405 = CARTESIAN_POINT ( 'NONE',  ( 11.00000000000000000, -32.00000000000000000, -17.00000000000000000 ) ) ;
#5406 = VECTOR ( 'NONE', #4873, 1000.000000000000000 ) ;
#5407 = PLANE ( 'NONE',  #795 ) ;
#5408 = VECTOR ( 'NONE', #3876, 1000.000000000000000 ) ;
#5409 = PLANE ( 'NONE',  #2288 ) ;
#5410 = DIRECTION ( 'NONE',  ( 0.000000000000000000, 0.000000000000000000, 1.000000000000000000 ) ) ;
#5411 = ORIENTED_EDGE ( 'NONE', *, *, #804, .T. ) ;
#5412 = ADVANCED_FACE ( 'NONE', ( #5208 ), #1108, .T. ) ;
#5413 = VECTOR ( 'NONE', #351, 1000.000000000000000 ) ;
#5414 = CIRCLE ( 'NONE', #5956, 6.099999999999999645 ) ;
#5415 = DIRECTION ( 'NONE',  ( -0.000000000000000000, -0.000000000000000000, -1.000000000000000000 ) ) ;
#5416 = ORIENTED_EDGE ( 'NONE', *, *, #5971, .T. ) ;
#5417 = DIRECTION ( 'NONE',  ( 0.000000000000000000, 0.000000000000000000, -1.000000000000000000 ) ) ;
#5418 = DIRECTION ( 'NONE',  ( -0.000000000000000000, -0.000000000000000000, 1.000000000000000000 ) ) ;
#5419 = AXIS2_PLACEMENT_3D ( 'NONE', #3028, #401, #1990 ) ;
#5420 = CARTESIAN_POINT ( 'NONE',  ( 1.065814103639999922E-14, 3.301732376126000013, -15.45000000000000107 ) ) ;
#5421 = CARTESIAN_POINT ( 'NONE',  ( -14.25000000000000000, -8.900000000000000355, -8.699999999999999289 ) ) ;
#5422 = ADVANCED_FACE ( 'NONE', ( #5313 ), #5722, .F. ) ;
#5423 = ORIENTED_EDGE ( 'NONE', *, *, #791, .F. ) ;
#5424 = VECTOR ( 'NONE', #4128, 1000.000000000000000 ) ;
#5425 = LINE ( 'NONE', #3191, #1888 ) ;
#5426 = VERTEX_POINT ( 'NONE', #4658 ) ;
#5427 = EDGE_LOOP ( 'NONE', ( #1436, #6637, #2009, #6775 ) ) ;
#5428 = EDGE_LOOP ( 'NONE', ( #635, #4748, #5213, #1165 ) ) ;
#5429 = LINE ( 'NONE', #5007, #4598 ) ;
#5430 = FACE_BOUND ( 'NONE', #2296, .T. ) ;
#5431 = DIRECTION ( 'NONE',  ( -1.000000000000000000, -0.000000000000000000, 0.000000000000000000 ) ) ;
#5432 = ADVANCED_FACE ( 'NONE', ( #1597 ), #3115, .T. ) ;
#5433 = EDGE_LOOP ( 'NONE', ( #6089, #4433, #5813, #951 ) ) ;
#5434 = FACE_BOUND ( 'NONE', #6405, .T. ) ;
#5435 = CARTESIAN_POINT ( 'NONE',  ( -11.00000000000000000, -32.00000000000000000, -10.30000000000000071 ) ) ;
#5436 = VERTEX_POINT ( 'NONE', #4249 ) ;
#5437 = ORIENTED_EDGE ( 'NONE', *, *, #2752, .T. ) ;
#5438 = DIRECTION ( 'NONE',  ( -1.000000000000000000, 0.000000000000000000, 0.000000000000000000 ) ) ;
#5439 = LINE ( 'NONE', #3827, #5143 ) ;
#5440 = EDGE_CURVE ( 'NONE', #498, #5524, #3182, .T. ) ;
#5441 = DIRECTION ( 'NONE',  ( -1.000000000000000000, 0.000000000000000000, 0.000000000000000000 ) ) ;
#5442 = VERTEX_POINT ( 'NONE', #554 ) ;
#5443 = CARTESIAN_POINT ( 'NONE',  ( -13.44999999999999929, -32.71152236891000342, -61.32240000000000890 ) ) ;
#5444 = DIRECTION ( 'NONE',  ( 0.000000000000000000, 0.000000000000000000, 1.000000000000000000 ) ) ;
#5445 = DIRECTION ( 'NONE',  ( 0.000000000000000000, 0.000000000000000000, 1.000000000000000000 ) ) ;
#5446 = ADVANCED_FACE ( 'NONE', ( #4760 ), #3598, .T. ) ;
#5447 = CARTESIAN_POINT ( 'NONE',  ( 1.500000000000000000, 1.836970198721029934E-16, -11.50000000000000000 ) ) ;
#5448 = DIRECTION ( 'NONE',  ( 1.000000000000000000, 0.000000000000000000, 0.000000000000000000 ) ) ;
#5449 = ORIENTED_EDGE ( 'NONE', *, *, #4936, .F. ) ;
#5450 = EDGE_CURVE ( 'NONE', #3232, #156, #6762, .T. ) ;
#5452 = VERTEX_POINT ( 'NONE', #2312 ) ;
#5451 = CIRCLE ( 'NONE', #5231, 1.300000000000000711 ) ;
#5453 = ORIENTED_EDGE ( 'NONE', *, *, #3842, .F. ) ;
#5454 = VERTEX_POINT ( 'NONE', #5380 ) ;
#5455 = DIRECTION ( 'NONE',  ( 0.000000000000000000, 0.000000000000000000, -1.000000000000000000 ) ) ;
#5456 = EDGE_CURVE ( 'NONE', #2601, #6814, #1117, .T. ) ;
#5457 = CARTESIAN_POINT ( 'NONE',  ( -7.928094874415000604, -7.900000000000000355, -61.32240000000000890 ) ) ;
#5458 = CARTESIAN_POINT ( 'NONE',  ( -8.849999999999999645, -18.55000000000000071, -11.40000000000000036 ) ) ;
#5459 = ORIENTED_EDGE ( 'NONE', *, *, #6132, .T. ) ;
#5460 = DIRECTION ( 'NONE',  ( 0.000000000000000000, 0.000000000000000000, 1.000000000000000000 ) ) ;
#5461 = ORIENTED_EDGE ( 'NONE', *, *, #4770, .T. ) ;
#5462 = EDGE_LOOP ( 'NONE', ( #1995, #3935, #3170, #3471 ) ) ;
#5463 = CARTESIAN_POINT ( 'NONE',  ( 4.048147724577252582, 8.150000000000000355, -14.69999999999999929 ) ) ;
#5464 = AXIS2_PLACEMENT_3D ( 'NONE', #1500, #5180, #2564 ) ;
#5465 = CIRCLE ( 'NONE', #2723, 5.099999999999999645 ) ;
#5466 = CARTESIAN_POINT ( 'NONE',  ( 12.55000000000000071, -7.900000000000000355, -8.199999999999999289 ) ) ;
#5467 = LINE ( 'NONE', #6686, #6584 ) ;
#5468 = ORIENTED_EDGE ( 'NONE', *, *, #425, .F. ) ;
#5469 = CARTESIAN_POINT ( 'NONE',  ( -8.349999999999999645, -17.80000000000000071, -10.79999999999999893 ) ) ;
#5470 = ORIENTED_EDGE ( 'NONE', *, *, #6154, .F. ) ;
#5471 = AXIS2_PLACEMENT_3D ( 'NONE', #2420, #3469, #1465 ) ;
#5472 = VECTOR ( 'NONE', #2111, 1000.000000000000000 ) ;
#5473 = EDGE_CURVE ( 'NONE', #3358, #6267, #4317, .T. ) ;
#5474 = DIRECTION ( 'NONE',  ( 0.000000000000000000, 0.000000000000000000, 1.000000000000000000 ) ) ;
#5475 = EDGE_CURVE ( 'NONE', #3121, #162, #4897, .T. ) ;
#5476 = FACE_OUTER_BOUND ( 'NONE', #4339, .T. ) ;
#5477 = DIRECTION ( 'NONE',  ( -1.000000000000000000, -0.000000000000000000, -0.000000000000000000 ) ) ;
#5478 = LINE ( 'NONE', #3259, #6024 ) ;
#5479 = DIRECTION ( 'NONE',  ( 0.7071067811865475727, 0.7071067811865475727, 0.000000000000000000 ) ) ;
#5480 = LINE ( 'NONE', #6630, #4100 ) ;
#5481 = ORIENTED_EDGE ( 'NONE', *, *, #4217, .F. ) ;
#5482 = EDGE_CURVE ( 'NONE', #577, #6461, #5414, .T. ) ;
#5483 = CARTESIAN_POINT ( 'NONE',  ( -10.44999999999999929, -9.099999999999999645, -9.800000000000000711 ) ) ;
#5484 = DIRECTION ( 'NONE',  ( 0.000000000000000000, -0.000000000000000000, -1.000000000000000000 ) ) ;
#5485 = DIRECTION ( 'NONE',  ( -0.000000000000000000, -0.000000000000000000, -1.000000000000000000 ) ) ;
#5486 = ORIENTED_EDGE ( 'NONE', *, *, #4643, .T. ) ;
#5487 = ORIENTED_EDGE ( 'NONE', *, *, #1945, .T. ) ;
#5488 = ORIENTED_EDGE ( 'NONE', *, *, #1484, .T. ) ;
#5489 = ADVANCED_FACE ( 'NONE', ( #2209 ), #113, .T. ) ;
#5490 = DIRECTION ( 'NONE',  ( 0.000000000000000000, -1.000000000000000000, -0.000000000000000000 ) ) ;
#5491 = AXIS2_PLACEMENT_3D ( 'NONE', #2220, #3809, #5834 ) ;
#5492 = DIRECTION ( 'NONE',  ( 0.000000000000000000, 0.000000000000000000, 1.000000000000000000 ) ) ;
#5493 = CARTESIAN_POINT ( 'NONE',  ( -7.349999999999999645, -7.900000000000000355, -8.199999999999999289 ) ) ;
#5494 = ORIENTED_EDGE ( 'NONE', *, *, #682, .T. ) ;
#5495 = DIRECTION ( 'NONE',  ( -0.000000000000000000, 0.000000000000000000, -1.000000000000000000 ) ) ;
#5496 = ORIENTED_EDGE ( 'NONE', *, *, #346, .F. ) ;
#5497 = VERTEX_POINT ( 'NONE', #3803 ) ;
#5498 = ADVANCED_FACE ( 'NONE', ( #623 ), #658, .T. ) ;
#5499 = ADVANCED_FACE ( 'NONE', ( #248 ), #2884, .T. ) ;
#5500 = AXIS2_PLACEMENT_3D ( 'NONE', #6033, #5929, #5968 ) ;
#5501 = LINE ( 'NONE', #2895, #4148 ) ;
#5502 = DIRECTION ( 'NONE',  ( -1.000000000000000000, 0.000000000000000000, 0.000000000000000000 ) ) ;
#5503 = CARTESIAN_POINT ( 'NONE',  ( -10.44999999999999929, -19.10000000000000142, -7.700000000000000178 ) ) ;
#5504 = ORIENTED_EDGE ( 'NONE', *, *, #4508, .F. ) ;
#5505 = VECTOR ( 'NONE', #1855, 1000.000000000000000 ) ;
#5506 = DIRECTION ( 'NONE',  ( -1.000000000000000000, 0.000000000000000000, 0.000000000000000000 ) ) ;
#5507 = EDGE_LOOP ( 'NONE', ( #5461, #814, #6649, #4649 ) ) ;
#5508 = AXIS2_PLACEMENT_3D ( 'NONE', #315, #2416, #3149 ) ;
#5509 = CARTESIAN_POINT ( 'NONE',  ( -7.119026725067660877, -7.718125322108642550, -15.50000000000000355 ) ) ;
#5510 = DIRECTION ( 'NONE',  ( -1.000000000000000000, -0.000000000000000000, 0.000000000000000000 ) ) ;
#5511 = LINE ( 'NONE', #798, #3068 ) ;
#5512 = DIRECTION ( 'NONE',  ( 0.000000000000000000, 0.000000000000000000, -1.000000000000000000 ) ) ;
#5513 = EDGE_CURVE ( 'NONE', #1697, #4693, #2433, .T. ) ;
#5514 = VECTOR ( 'NONE', #4829, 1000.000000000000000 ) ;
#5515 = DIRECTION ( 'NONE',  ( 0.9659258262896938119, -0.2588190451001864401, 0.000000000000000000 ) ) ;
#5516 = AXIS2_PLACEMENT_3D ( 'NONE', #862, #6692, #1837 ) ;
#5517 = ORIENTED_EDGE ( 'NONE', *, *, #5709, .T. ) ;
#5518 = LINE ( 'NONE', #1317, #2979 ) ;
#5519 = CIRCLE ( 'NONE', #2110, 1.850000000000000977 ) ;
#5520 = CARTESIAN_POINT ( 'NONE',  ( 4.019999999999999574, 8.550000000000000711, -17.00000000000000000 ) ) ;
#5521 = DIRECTION ( 'NONE',  ( 0.000000000000000000, 0.000000000000000000, -1.000000000000000000 ) ) ;
#5522 = ORIENTED_EDGE ( 'NONE', *, *, #2598, .F. ) ;
#5523 = VECTOR ( 'NONE', #4602, 1000.000000000000000 ) ;
#5524 = VERTEX_POINT ( 'NONE', #3390 ) ;
#5525 = CARTESIAN_POINT ( 'NONE',  ( 11.71152236890999987, 9.949999999999999289, -11.50000000000000355 ) ) ;
#5526 = FACE_OUTER_BOUND ( 'NONE', #4259, .T. ) ;
#5527 = LINE ( 'NONE', #5009, #3867 ) ;
#5528 = EDGE_CURVE ( 'NONE', #4932, #3297, #1174, .T. ) ;
#5529 = ORIENTED_EDGE ( 'NONE', *, *, #346, .T. ) ;
#5530 = CARTESIAN_POINT ( 'NONE',  ( 12.55000000000000071, -8.900000000000000355, -10.80000000000000071 ) ) ;
#5531 = ORIENTED_EDGE ( 'NONE', *, *, #3912, .T. ) ;
#5532 = ORIENTED_EDGE ( 'NONE', *, *, #6097, .F. ) ;
#5533 = DIRECTION ( 'NONE',  ( 0.000000000000000000, 0.000000000000000000, -1.000000000000000000 ) ) ;
#5534 = CARTESIAN_POINT ( 'NONE',  ( -7.349999999999999645, -7.900000000000000355, -11.50000000000000000 ) ) ;
#5535 = CARTESIAN_POINT ( 'NONE',  ( 8.849999999999999645, -17.80000000000000071, -10.80000000000000071 ) ) ;
#5536 = ADVANCED_FACE ( 'NONE', ( #1773 ), #5928, .F. ) ;
#5537 = VERTEX_POINT ( 'NONE', #4866 ) ;
#5538 = DIRECTION ( 'NONE',  ( -1.000000000000000000, 0.000000000000000000, 0.000000000000000000 ) ) ;
#5539 = ORIENTED_EDGE ( 'NONE', *, *, #1869, .T. ) ;
#5540 = DIRECTION ( 'NONE',  ( 0.000000000000000000, 0.000000000000000000, -1.000000000000000000 ) ) ;
#5541 = CARTESIAN_POINT ( 'NONE',  ( -10.44999999999999929, -9.099999999999999645, -4.700000000000000178 ) ) ;
#5542 = DIRECTION ( 'NONE',  ( 1.000000000000000000, 0.000000000000000000, -0.000000000000000000 ) ) ;
#5543 = DIRECTION ( 'NONE',  ( 0.000000000000000000, 0.000000000000000000, 1.000000000000000000 ) ) ;
#5544 = DIRECTION ( 'NONE',  ( 0.000000000000000000, -0.7071067811883792187, -0.7071067811847158158 ) ) ;
#5545 = VERTEX_POINT ( 'NONE', #1669 ) ;
#5546 = VECTOR ( 'NONE', #2473, 1000.000000000000000 ) ;
#5547 = CARTESIAN_POINT ( 'NONE',  ( 12.55000000000000071, -8.900000000000000355, -11.50000000000000000 ) ) ;
#5548 = DIRECTION ( 'NONE',  ( 0.000000000000000000, 0.000000000000000000, -1.000000000000000000 ) ) ;
#5549 = DIRECTION ( 'NONE',  ( -0.000000000000000000, 1.000000000000000000, 0.000000000000000000 ) ) ;
#5550 = EDGE_LOOP ( 'NONE', ( #2781, #5596, #644, #6286 ) ) ;
#5551 = ORIENTED_EDGE ( 'NONE', *, *, #4545, .F. ) ;
#5552 = EDGE_CURVE ( 'NONE', #4499, #3292, #2248, .T. ) ;
#5553 = ADVANCED_FACE ( 'NONE', ( #3253 ), #759, .T. ) ;
#5554 = CARTESIAN_POINT ( 'NONE',  ( 8.349999999999999645, -17.80000000000000071, -10.79999999999999893 ) ) ;
#5555 = VECTOR ( 'NONE', #303, 1000.000000000000000 ) ;
#5556 = CYLINDRICAL_SURFACE ( 'NONE', #5855, 1.000000000000000000 ) ;
#5557 = PLANE ( 'NONE',  #5611 ) ;
#5558 = ORIENTED_EDGE ( 'NONE', *, *, #1308, .T. ) ;
#5559 = CARTESIAN_POINT ( 'NONE',  ( -12.85000000006584742, 8.000000000000000000, -10.40000000000418368 ) ) ;
#5560 = ORIENTED_EDGE ( 'NONE', *, *, #5858, .T. ) ;
#5561 = ORIENTED_EDGE ( 'NONE', *, *, #6053, .T. ) ;
#5562 = CIRCLE ( 'NONE', #6445, 0.5000000000000004441 ) ;
#5563 = EDGE_CURVE ( 'NONE', #5436, #3925, #1677, .T. ) ;
#5564 = CARTESIAN_POINT ( 'NONE',  ( -11.00000000000000000, -32.00000000000000000, -10.30000000004702088 ) ) ;
#5565 = CARTESIAN_POINT ( 'NONE',  ( 0.000000000000000000, -17.80000000000000071, -10.80000000000000071 ) ) ;
#5566 = CARTESIAN_POINT ( 'NONE',  ( -4.019999999999999574, 8.550000000000000711, -17.00000000000000000 ) ) ;
#5567 = ORIENTED_EDGE ( 'NONE', *, *, #5456, .T. ) ;
#5568 = CARTESIAN_POINT ( 'NONE',  ( -12.55000000000000071, 0.000000000000000000, -11.50000000000000000 ) ) ;
#5569 = EDGE_LOOP ( 'NONE', ( #1585, #1683, #4596, #3015 ) ) ;
#5570 = ADVANCED_FACE ( 'NONE', ( #4826 ), #3362, .T. ) ;
#5571 = FACE_OUTER_BOUND ( 'NONE', #323, .T. ) ;
#5572 = LINE ( 'NONE', #5541, #788 ) ;
#5573 = CARTESIAN_POINT ( 'NONE',  ( -1.807193283908999971E-13, -25.14999999999999858, -14.00000000000000000 ) ) ;
#5574 = CARTESIAN_POINT ( 'NONE',  ( -12.84999999999999964, 8.000000000000000000, -10.80000000000000071 ) ) ;
#5575 = CARTESIAN_POINT ( 'NONE',  ( -14.25000000000000000, -33.25000000000000000, 0.000000000000000000 ) ) ;
#5576 = VECTOR ( 'NONE', #4381, 1000.000000000000000 ) ;
#5577 = VECTOR ( 'NONE', #2897, 1000.000000000000000 ) ;
#5578 = LINE ( 'NONE', #6665, #1074 ) ;
#5579 = ADVANCED_FACE ( 'NONE', ( #4927 ), #214, .T. ) ;
#5580 = DIRECTION ( 'NONE',  ( 0.000000000000000000, 0.000000000000000000, -1.000000000000000000 ) ) ;
#5581 = AXIS2_PLACEMENT_3D ( 'NONE', #5319, #2079, #1151 ) ;
#5582 = ORIENTED_EDGE ( 'NONE', *, *, #5991, .F. ) ;
#5583 = DIRECTION ( 'NONE',  ( 0.000000000000000000, 0.000000000000000000, -1.000000000000000000 ) ) ;
#5584 = VECTOR ( 'NONE', #2581, 1000.000000000000000 ) ;
#5585 = LINE ( 'NONE', #4885, #1296 ) ;
#5586 = ORIENTED_EDGE ( 'NONE', *, *, #5824, .F. ) ;
#5587 = ORIENTED_EDGE ( 'NONE', *, *, #6042, .T. ) ;
#5588 = CARTESIAN_POINT ( 'NONE',  ( -1.500000000000000000, 0.000000000000000000, -14.80000000000000071 ) ) ;
#5589 = CARTESIAN_POINT ( 'NONE',  ( 4.416882714543000077, -3.806566586750000258, -15.40000000000000036 ) ) ;
#5590 = CARTESIAN_POINT ( 'NONE',  ( 7.349999999999999645, -20.30000000000000071, -11.50000000000000000 ) ) ;
#5591 = VERTEX_POINT ( 'NONE', #3461 ) ;
#5592 = DIRECTION ( 'NONE',  ( -0.7071067813875193675, 0.000000000000000000, -0.7071067809855756670 ) ) ;
#5593 = ORIENTED_CLOSED_SHELL ( 'NONE', *, #2840, .F. );
#5594 = EDGE_CURVE ( 'NONE', #2929, #5977, #343, .T. ) ;
#5595 = ORIENTED_EDGE ( 'NONE', *, *, #5062, .T. ) ;
#5596 = ORIENTED_EDGE ( 'NONE', *, *, #3981, .T. ) ;
#5597 = CIRCLE ( 'NONE', #873, 9.099999999999999645 ) ;
#5598 = DIRECTION ( 'NONE',  ( 0.000000000000000000, 0.000000000000000000, 1.000000000000000000 ) ) ;
#5599 = DIRECTION ( 'NONE',  ( 0.7071067813875193675, 8.659560564816128346E-17, -0.7071067809855756670 ) ) ;
#5600 = LINE ( 'NONE', #2475, #4382 ) ;
#5601 = ORIENTED_EDGE ( 'NONE', *, *, #6042, .F. ) ;
#5602 = EDGE_CURVE ( 'NONE', #1860, #1930, #2990, .T. ) ;
#5603 = ORIENTED_EDGE ( 'NONE', *, *, #153, .F. ) ;
#5604 = AXIS2_PLACEMENT_3D ( 'NONE', #6491, #4455, #6558 ) ;
#5605 = ORIENTED_EDGE ( 'NONE', *, *, #4986, .F. ) ;
#5606 = PLANE ( 'NONE',  #6064 ) ;
#5607 = AXIS2_PLACEMENT_3D ( 'NONE', #821, #210, #5506 ) ;
#5608 = DIRECTION ( 'NONE',  ( -0.000000000000000000, -1.000000000000000000, 0.000000000000000000 ) ) ;
#5609 = VECTOR ( 'NONE', #765, 1000.000000000000000 ) ;
#5610 = CARTESIAN_POINT ( 'NONE',  ( -12.25000000000000000, -35.25000000000000000, -17.00000000000000711 ) ) ;
#5611 = AXIS2_PLACEMENT_3D ( 'NONE', #5590, #1398, #327 ) ;
#5612 = CARTESIAN_POINT ( 'NONE',  ( 4.350813898005000624, -28.23105800415000033, -14.00000000000000000 ) ) ;
#5613 = ADVANCED_FACE ( 'NONE', ( #2933 ), #3938, .T. ) ;
#5614 = DIRECTION ( 'NONE',  ( 0.000000000000000000, -1.000000000000000000, -0.000000000000000000 ) ) ;
#5615 = VECTOR ( 'NONE', #3569, 1000.000000000000000 ) ;
#5616 = CIRCLE ( 'NONE', #2214, 0.5000000000000004441 ) ;
#5617 = ORIENTED_EDGE ( 'NONE', *, *, #6241, .F. ) ;
#5618 = CYLINDRICAL_SURFACE ( 'NONE', #2646, 0.1999999999999996503 ) ;
#5619 = AXIS2_PLACEMENT_3D ( 'NONE', #6426, #1711, #3364 ) ;
#5620 = CIRCLE ( 'NONE', #5731, 5.099999999999999645 ) ;
#5621 = CARTESIAN_POINT ( 'NONE',  ( -8.849999999999999645, -8.899999999999998579, -11.40000000000000036 ) ) ;
#5622 = ORIENTED_EDGE ( 'NONE', *, *, #3588, .F. ) ;
#5623 = CIRCLE ( 'NONE', #6521, 1.399999999989631760 ) ;
#5624 = DIRECTION ( 'NONE',  ( 0.000000000000000000, 0.000000000000000000, -1.000000000000000000 ) ) ;
#5625 = EDGE_CURVE ( 'NONE', #81, #4758, #2480, .T. ) ;
#5626 = FACE_OUTER_BOUND ( 'NONE', #1898, .T. ) ;
#5627 = EDGE_CURVE ( 'NONE', #4932, #4164, #5024, .T. ) ;
#5628 = VERTEX_POINT ( 'NONE', #6167 ) ;
#5629 = VERTEX_POINT ( 'NONE', #2904 ) ;
#5630 = DIRECTION ( 'NONE',  ( -0.000000000000000000, -0.000000000000000000, -1.000000000000000000 ) ) ;
#5631 = CARTESIAN_POINT ( 'NONE',  ( -9.699999999999999289, 8.000000000000000000, -14.19999999999999929 ) ) ;
#5632 = LINE ( 'NONE', #2495, #1002 ) ;
#5633 = ORIENTED_EDGE ( 'NONE', *, *, #2049, .F. ) ;
#5634 = CARTESIAN_POINT ( 'NONE',  ( 12.55000000000000249, -19.30000000000000071, -8.699999999999999289 ) ) ;
#5635 = AXIS2_PLACEMENT_3D ( 'NONE', #6507, #2886, #4537 ) ;
#5636 = ORIENTED_EDGE ( 'NONE', *, *, #1061, .F. ) ;
#5637 = VERTEX_POINT ( 'NONE', #308 ) ;
#5638 = CARTESIAN_POINT ( 'NONE',  ( 0.000000000000000000, 0.000000000000000000, -17.00000000000000000 ) ) ;
#5639 = DIRECTION ( 'NONE',  ( -1.000000000000000000, 0.000000000000000000, -0.000000000000000000 ) ) ;
#5640 = EDGE_CURVE ( 'NONE', #181, #6807, #1453, .T. ) ;
#5641 = CARTESIAN_POINT ( 'NONE',  ( -7.147543729030999771, -25.15008236370000105, -14.00000000000000000 ) ) ;
#5642 = DIRECTION ( 'NONE',  ( -0.000000000000000000, -0.000000000000000000, -1.000000000000000000 ) ) ;
#5643 = ORIENTED_EDGE ( 'NONE', *, *, #2978, .F. ) ;
#5644 = VERTEX_POINT ( 'NONE', #3560 ) ;
#5645 = ORIENTED_EDGE ( 'NONE', *, *, #1970, .F. ) ;
#5646 = EDGE_CURVE ( 'NONE', #3270, #2341, #5572, .T. ) ;
#5647 = ADVANCED_FACE ( 'NONE', ( #2376 ), #6031, .T. ) ;
#5648 = CARTESIAN_POINT ( 'NONE',  ( -5.014479739296000105, -4.443533835156999956, 57.88192229229999697 ) ) ;
#5649 = FACE_OUTER_BOUND ( 'NONE', #5666, .T. ) ;
#5650 = VECTOR ( 'NONE', #4107, 1000.000000000000000 ) ;
#5651 = CARTESIAN_POINT ( 'NONE',  ( -0.6999999999999999556, 3.051732376126000457, -14.80000000000000071 ) ) ;
#5652 = PLANE ( 'NONE',  #4202 ) ;
#5653 = CARTESIAN_POINT ( 'NONE',  ( 0.000000000000000000, 0.000000000000000000, -10.30000000000000071 ) ) ;
#5654 = CARTESIAN_POINT ( 'NONE',  ( 0.6999999999999999556, 3.051732376126000457, -14.80000000000000071 ) ) ;
#5655 = ADVANCED_FACE ( 'NONE', ( #1901 ), #1310, .T. ) ;
#5656 = DIRECTION ( 'NONE',  ( 1.000000000000000000, 0.000000000000000000, 0.000000000000000000 ) ) ;
#5657 = VERTEX_POINT ( 'NONE', #2409 ) ;
#5658 = CARTESIAN_POINT ( 'NONE',  ( 0.000000000000000000, 11.25000000000000000, -11.50000000000000000 ) ) ;
#5659 = CYLINDRICAL_SURFACE ( 'NONE', #3870, 1.850000000000000977 ) ;
#5660 = ORIENTED_EDGE ( 'NONE', *, *, #6567, .F. ) ;
#5661 = ORIENTED_EDGE ( 'NONE', *, *, #5309, .T. ) ;
#5662 = EDGE_CURVE ( 'NONE', #2853, #5114, #931, .T. ) ;
#5663 = LINE ( 'NONE', #6706, #736 ) ;
#5664 = CARTESIAN_POINT ( 'NONE',  ( -12.55000000000000071, -7.900000000000000355, -11.50000000000000000 ) ) ;
#5665 = CARTESIAN_POINT ( 'NONE',  ( -12.84999999991577901, -32.00000000000000000, -10.39999999989049684 ) ) ;
#5666 = EDGE_LOOP ( 'NONE', ( #2255, #875, #2363, #1306 ) ) ;
#5667 = CYLINDRICAL_SURFACE ( 'NONE', #3639, 2.399999999999999467 ) ;
#5668 = ORIENTED_EDGE ( 'NONE', *, *, #4435, .T. ) ;
#5669 = VERTEX_POINT ( 'NONE', #4554 ) ;
#5670 = EDGE_CURVE ( 'NONE', #6299, #3451, #5623, .T. ) ;
#5671 = EDGE_CURVE ( 'NONE', #2853, #5970, #3425, .T. ) ;
#5672 = CARTESIAN_POINT ( 'NONE',  ( 8.599999999999999645, 8.000000000000000000, -17.00000000000000000 ) ) ;
#5673 = CARTESIAN_POINT ( 'NONE',  ( 6.161960786219000674, -6.783469241813000039, 61.32240000000000890 ) ) ;
#5674 = CARTESIAN_POINT ( 'NONE',  ( -7.349999999999999645, -20.30000000000000071, -8.199999999999999289 ) ) ;
#5675 = ORIENTED_EDGE ( 'NONE', *, *, #6713, .F. ) ;
#5676 = CIRCLE ( 'NONE', #6455, 9.099999999999999645 ) ;
#5677 = VERTEX_POINT ( 'NONE', #3002 ) ;
#5678 = CARTESIAN_POINT ( 'NONE',  ( 11.75000000000000000, 0.000000000000000000, -10.09999999999999964 ) ) ;
#5679 = DIRECTION ( 'NONE',  ( -1.000000000000000000, 0.000000000000000000, 0.000000000000000000 ) ) ;
#5680 = CARTESIAN_POINT ( 'NONE',  ( 8.849999999999999645, -10.40000000000000213, -10.80000000000000071 ) ) ;
#5681 = CYLINDRICAL_SURFACE ( 'NONE', #122, 1.300000000000000711 ) ;
#5682 = EDGE_CURVE ( 'NONE', #5970, #522, #5126, .T. ) ;
#5683 = FACE_OUTER_BOUND ( 'NONE', #1008, .T. ) ;
#5684 = CARTESIAN_POINT ( 'NONE',  ( 11.75000000000000000, 0.000000000000000000, -16.00000000000000000 ) ) ;
#5685 = FACE_OUTER_BOUND ( 'NONE', #569, .T. ) ;
#5686 = AXIS2_PLACEMENT_3D ( 'NONE', #7, #1593, #3698 ) ;
#5687 = ORIENTED_EDGE ( 'NONE', *, *, #579, .F. ) ;
#5688 = CARTESIAN_POINT ( 'NONE',  ( -9.099999999999999645, 0.000000000000000000, -14.69999999999999929 ) ) ;
#5689 = CARTESIAN_POINT ( 'NONE',  ( 6.225144425225105138, -6.637588182849230023, -15.50000000000000355 ) ) ;
#5690 = VECTOR ( 'NONE', #2240, 1000.000000000000000 ) ;
#5691 = ADVANCED_FACE ( 'NONE', ( #797 ), #1552, .F. ) ;
#5692 = ORIENTED_EDGE ( 'NONE', *, *, #6506, .F. ) ;
#5693 = ORIENTED_EDGE ( 'NONE', *, *, #5456, .F. ) ;
#5694 = VECTOR ( 'NONE', #4694, 1000.000000000000000 ) ;
#5695 = VECTOR ( 'NONE', #2977, 1000.000000000000000 ) ;
#5696 = CIRCLE ( 'NONE', #971, 6.099999999999999645 ) ;
#5697 = CARTESIAN_POINT ( 'NONE',  ( -8.550000000000000711, -9.099999999999999645, -4.700000000000000178 ) ) ;
#5698 = LINE ( 'NONE', #5664, #4323 ) ;
#5699 = FACE_OUTER_BOUND ( 'NONE', #5779, .T. ) ;
#5700 = VERTEX_POINT ( 'NONE', #1999 ) ;
#5701 = PLANE ( 'NONE',  #3647 ) ;
#5702 = ORIENTED_EDGE ( 'NONE', *, *, #164, .F. ) ;
#5703 = ORIENTED_EDGE ( 'NONE', *, *, #4986, .T. ) ;
#5704 = DIRECTION ( 'NONE',  ( 1.000000000000000000, 0.000000000000000000, -0.000000000000000000 ) ) ;
#5705 = LINE ( 'NONE', #5672, #5546 ) ;
#5706 = CARTESIAN_POINT ( 'NONE',  ( -11.00000000000000000, 8.000000000000000000, -10.80000000000000071 ) ) ;
#5707 = CYLINDRICAL_SURFACE ( 'NONE', #4880, 1.300000000000000711 ) ;
#5708 = ORIENTED_EDGE ( 'NONE', *, *, #749, .T. ) ;
#5709 = EDGE_CURVE ( 'NONE', #5242, #6816, #2650, .T. ) ;
#5710 = ORIENTED_EDGE ( 'NONE', *, *, #267, .F. ) ;
#5711 = EDGE_CURVE ( 'NONE', #5938, #6464, #480, .T. ) ;
#5712 = EDGE_LOOP ( 'NONE', ( #2811, #1606, #2760, #3249 ) ) ;
#5713 = CYLINDRICAL_SURFACE ( 'NONE', #3774, 9.099999999999999645 ) ;
#5714 = CARTESIAN_POINT ( 'NONE',  ( -6.361960786218999964, -6.783469241813000039, -14.69999999999999751 ) ) ;
#5715 = VECTOR ( 'NONE', #4874, 1000.000000000000000 ) ;
#5716 = AXIS2_PLACEMENT_3D ( 'NONE', #4265, #6510, #3345 ) ;
#5717 = DIRECTION ( 'NONE',  ( 0.000000000000000000, 0.000000000000000000, 1.000000000000000000 ) ) ;
#5718 = DIRECTION ( 'NONE',  ( 0.000000000000000000, 0.000000000000000000, 1.000000000000000000 ) ) ;
#5719 = VECTOR ( 'NONE', #864, 1000.000000000000000 ) ;
#5720 = LINE ( 'NONE', #4926, #3103 ) ;
#5721 = VECTOR ( 'NONE', #2428, 1000.000000000000000 ) ;
#5722 = PLANE ( 'NONE',  #2775 ) ;
#5723 = ADVANCED_FACE ( 'NONE', ( #3659, #6237 ), #6340, .F. ) ;
#5724 = VERTEX_POINT ( 'NONE', #5785 ) ;
#5725 = DIRECTION ( 'NONE',  ( 0.000000000000000000, 0.000000000000000000, 1.000000000000000000 ) ) ;
#5726 = AXIS2_PLACEMENT_3D ( 'NONE', #3316, #5339, #3248 ) ;
#5727 = LINE ( 'NONE', #3045, #2768 ) ;
#5728 = VECTOR ( 'NONE', #3628, 1000.000000000000000 ) ;
#5729 = ORIENTED_EDGE ( 'NONE', *, *, #2939, .T. ) ;
#5730 = VERTEX_POINT ( 'NONE', #1516 ) ;
#5731 = AXIS2_PLACEMENT_3D ( 'NONE', #2809, #2384, #2941 ) ;
#5732 = VECTOR ( 'NONE', #1629, 1000.000000000000000 ) ;
#5733 = DIRECTION ( 'NONE',  ( 1.000000000000000000, 0.000000000000000000, -0.000000000000000000 ) ) ;
#5734 = ADVANCED_FACE ( 'NONE', ( #1620 ), #4617, .T. ) ;
#5735 = DIRECTION ( 'NONE',  ( -0.7071067813875193675, 0.000000000000000000, -0.7071067809855756670 ) ) ;
#5736 = CARTESIAN_POINT ( 'NONE',  ( 12.55000000000000071, -19.80000000000000071, -10.80000000000000071 ) ) ;
#5737 = ORIENTED_EDGE ( 'NONE', *, *, #1624, .T. ) ;
#5738 = DIRECTION ( 'NONE',  ( -1.000000000000000000, 0.000000000000000000, 0.000000000000000000 ) ) ;
#5739 = ORIENTED_EDGE ( 'NONE', *, *, #5136, .T. ) ;
#5740 = EDGE_LOOP ( 'NONE', ( #812, #587, #3794, #1867 ) ) ;
#5741 = CARTESIAN_POINT ( 'NONE',  ( -11.00000000000000000, 8.000000000000000000, -10.30000000001064109 ) ) ;
#5742 = CARTESIAN_POINT ( 'NONE',  ( 7.749999999999992006, -8.884013320899214250, -12.50000000000000178 ) ) ;
#5743 = EDGE_CURVE ( 'NONE', #1223, #4506, #4713, .T. ) ;
#5744 = CARTESIAN_POINT ( 'NONE',  ( 2.649347420834999856, -0.7371962043556999911, -17.00000000000000000 ) ) ;
#5745 = VECTOR ( 'NONE', #955, 1000.000000000000000 ) ;
#5746 = CARTESIAN_POINT ( 'NONE',  ( -11.00000000000000000, 8.000000000000000000, -10.40000000000000213 ) ) ;
#5747 = ORIENTED_EDGE ( 'NONE', *, *, #6355, .T. ) ;
#5748 = ORIENTED_EDGE ( 'NONE', *, *, #483, .F. ) ;
#5749 = ORIENTED_EDGE ( 'NONE', *, *, #5078, .F. ) ;
#5750 = CONICAL_SURFACE ( 'NONE', #3973, 1.850000000065847638, 0.7853981636816653733 ) ;
#5751 = VECTOR ( 'NONE', #3401, 1000.000000000000000 ) ;
#5752 = DIRECTION ( 'NONE',  ( 0.2588190451026605721, 0.9659258262890308977, 0.000000000000000000 ) ) ;
#5753 = EDGE_CURVE ( 'NONE', #4956, #2151, #4241, .T. ) ;
#5754 = CARTESIAN_POINT ( 'NONE',  ( -13.44999999999999929, -32.91862915010000989, -10.80000000000000071 ) ) ;
#5755 = CARTESIAN_POINT ( 'NONE',  ( 12.30000000000000071, -32.00000000000000000, -17.00000000000000000 ) ) ;
#5756 = FACE_OUTER_BOUND ( 'NONE', #4226, .T. ) ;
#5757 = DIRECTION ( 'NONE',  ( 0.000000000000000000, 0.000000000000000000, -1.000000000000000000 ) ) ;
#5758 = CARTESIAN_POINT ( 'NONE',  ( -8.550000000000000711, -9.099999999999999645, -10.69999999999999929 ) ) ;
#5759 = EDGE_CURVE ( 'NONE', #3131, #1332, #3142, .T. ) ;
#5760 = CIRCLE ( 'NONE', #2460, 1.850000000000000977 ) ;
#5761 = ADVANCED_FACE ( 'NONE', ( #4176 ), #965, .F. ) ;
#5762 = LINE ( 'NONE', #6243, #562 ) ;
#5763 = ORIENTED_EDGE ( 'NONE', *, *, #24, .F. ) ;
#5764 = CARTESIAN_POINT ( 'NONE',  ( 12.25000000000000000, 9.750000000000000000, -13.00000000000000178 ) ) ;
#5765 = CARTESIAN_POINT ( 'NONE',  ( 11.00000000000000000, -32.00000000000000000, -10.40000000000000213 ) ) ;
#5766 = ORIENTED_EDGE ( 'NONE', *, *, #1596, .F. ) ;
#5767 = VERTEX_POINT ( 'NONE', #5160 ) ;
#5768 = LINE ( 'NONE', #4767, #6363 ) ;
#5769 = CARTESIAN_POINT ( 'NONE',  ( -11.00000000000000000, 8.000000000000000000, -17.00000000000000000 ) ) ;
#5770 = DIRECTION ( 'NONE',  ( -0.4990327298408321344, -0.8665831377009404202, 0.000000000000000000 ) ) ;
#5771 = VERTEX_POINT ( 'NONE', #3074 ) ;
#5772 = ORIENTED_EDGE ( 'NONE', *, *, #5271, .T. ) ;
#5773 = EDGE_CURVE ( 'NONE', #6389, #3848, #6070, .T. ) ;
#5774 = ORIENTED_EDGE ( 'NONE', *, *, #3293, .T. ) ;
#5775 = EDGE_CURVE ( 'NONE', #706, #1982, #2134, .T. ) ;
#5776 = LINE ( 'NONE', #2123, #1178 ) ;
#5777 = LINE ( 'NONE', #4105, #2225 ) ;
#5778 = CARTESIAN_POINT ( 'NONE',  ( 11.05000000060000254, -9.099999999999999645, -8.900000000000000355 ) ) ;
#5779 = EDGE_LOOP ( 'NONE', ( #5617, #5044, #6234, #4330 ) ) ;
#5780 = CARTESIAN_POINT ( 'NONE',  ( 10.44999999999999929, -19.55000000000000071, -8.449999999999999289 ) ) ;
#5781 = CARTESIAN_POINT ( 'NONE',  ( 8.550000000000000711, -9.099999999999999645, -10.69999999999999929 ) ) ;
#5782 = VERTEX_POINT ( 'NONE', #2099 ) ;
#5783 = VERTEX_POINT ( 'NONE', #4210 ) ;
#5784 = ADVANCED_FACE ( 'NONE', ( #445 ), #6311, .T. ) ;
#5785 = CARTESIAN_POINT ( 'NONE',  ( -12.34999999999999964, -19.10000000000000142, -9.800000000000000711 ) ) ;
#5786 = CARTESIAN_POINT ( 'NONE',  ( -0.6999999999999999556, 4.951732376126000368, -15.30000000000000071 ) ) ;
#5787 = AXIS2_PLACEMENT_3D ( 'NONE', #581, #3275, #5917 ) ;
#5788 = PLANE ( 'NONE',  #1551 ) ;
#5789 = ADVANCED_FACE ( 'NONE', ( #1066 ), #5713, .F. ) ;
#5790 = CARTESIAN_POINT ( 'NONE',  ( -4.019999999999913420, 8.163920626757766641, -14.68607937324123291 ) ) ;
#5791 = DIRECTION ( 'NONE',  ( -1.000000000000000000, -0.000000000000000000, 0.000000000000000000 ) ) ;
#5792 = CARTESIAN_POINT ( 'NONE',  ( 0.000000000000000000, 0.000000000000000000, -15.50000000000000000 ) ) ;
#5793 = VERTEX_POINT ( 'NONE', #1098 ) ;
#5794 = DIRECTION ( 'NONE',  ( 1.000000000000000000, 0.000000000000000000, 0.000000000000000000 ) ) ;
#5795 = DIRECTION ( 'NONE',  ( 0.000000000000000000, 0.000000000000000000, 1.000000000000000000 ) ) ;
#5796 = EDGE_CURVE ( 'NONE', #4371, #935, #3210, .T. ) ;
#5797 = ADVANCED_FACE ( 'NONE', ( #2826 ), #5407, .F. ) ;
#5798 = EDGE_LOOP ( 'NONE', ( #6374, #263, #4938, #2587 ) ) ;
#5799 = CYLINDRICAL_SURFACE ( 'NONE', #1856, 5.099999999999999645 ) ;
#5800 = DIRECTION ( 'NONE',  ( 0.000000000000000000, -0.7071067811865474617, 0.7071067811865474617 ) ) ;
#5801 = DIRECTION ( 'NONE',  ( -0.000000000000000000, -0.000000000000000000, -1.000000000000000000 ) ) ;
#5802 = VERTEX_POINT ( 'NONE', #5918 ) ;
#5803 = ORIENTED_EDGE ( 'NONE', *, *, #1713, .F. ) ;
#5804 = AXIS2_PLACEMENT_3D ( 'NONE', #1851, #3956, #6044 ) ;
#5805 = VERTEX_POINT ( 'NONE', #3353 ) ;
#5806 = LINE ( 'NONE', #2782, #5132 ) ;
#5807 = DIRECTION ( 'NONE',  ( -0.000000000000000000, -0.000000000000000000, -1.000000000000000000 ) ) ;
#5808 = CARTESIAN_POINT ( 'NONE',  ( -7.349999999999999645, -20.30000000000000071, -11.50000000000000000 ) ) ;
#5809 = EDGE_CURVE ( 'NONE', #3439, #6554, #2239, .T. ) ;
#5810 = ORIENTED_EDGE ( 'NONE', *, *, #205, .F. ) ;
#5811 = DIRECTION ( 'NONE',  ( 1.000000000000000000, 0.000000000000000000, 0.000000000000000000 ) ) ;
#5812 = CARTESIAN_POINT ( 'NONE',  ( 0.000000000000000000, 0.000000000000000000, -15.19999999999999929 ) ) ;
#5813 = ORIENTED_EDGE ( 'NONE', *, *, #2200, .F. ) ;
#5814 = VERTEX_POINT ( 'NONE', #4274 ) ;
#5815 = CARTESIAN_POINT ( 'NONE',  ( -9.150000000084219209, -32.00000000000000000, -10.39999999989049684 ) ) ;
#5816 = DIRECTION ( 'NONE',  ( -1.000000000000000000, 0.000000000000000000, 0.000000000000000000 ) ) ;
#5817 = DIRECTION ( 'NONE',  ( 1.000000000000000000, 0.000000000000000000, 0.000000000000000000 ) ) ;
#5818 = ADVANCED_FACE ( 'NONE', ( #719 ), #3826, .F. ) ;
#5819 = LINE ( 'NONE', #1702, #2762 ) ;
#5820 = DIRECTION ( 'NONE',  ( 0.000000000000000000, 0.000000000000000000, -1.000000000000000000 ) ) ;
#5821 = EDGE_LOOP ( 'NONE', ( #1992, #656, #6794, #3254 ) ) ;
#5822 = CARTESIAN_POINT ( 'NONE',  ( 0.000000000000000000, -35.25000000000000000, -11.50000000000000000 ) ) ;
#5823 = CARTESIAN_POINT ( 'NONE',  ( -12.25000000000000000, 11.25000000000000000, -11.50000000000000000 ) ) ;
#5824 = EDGE_CURVE ( 'NONE', #778, #3070, #1136, .T. ) ;
#5825 = ORIENTED_EDGE ( 'NONE', *, *, #3779, .F. ) ;
#5826 = LINE ( 'NONE', #5764, #6588 ) ;
#5827 = FACE_OUTER_BOUND ( 'NONE', #5277, .T. ) ;
#5828 = VERTEX_POINT ( 'NONE', #2197 ) ;
#5829 = CARTESIAN_POINT ( 'NONE',  ( 13.44999999999999929, -32.91862915010000989, -11.50000000000000000 ) ) ;
#5830 = ADVANCED_FACE ( 'NONE', ( #6376 ), #1659, .T. ) ;
#5831 = EDGE_CURVE ( 'NONE', #5151, #1235, #2755, .T. ) ;
#5832 = CARTESIAN_POINT ( 'NONE',  ( 11.75000000000000000, 0.000000000000000000, -10.80000000000000071 ) ) ;
#5833 = VECTOR ( 'NONE', #5270, 1000.000000000000000 ) ;
#5834 = DIRECTION ( 'NONE',  ( 0.000000000000000000, 0.000000000000000000, -1.000000000000000000 ) ) ;
#5835 = ORIENTED_EDGE ( 'NONE', *, *, #35, .T. ) ;
#5836 = AXIS2_PLACEMENT_3D ( 'NONE', #3577, #3090, #3606 ) ;
#5837 = ORIENTED_EDGE ( 'NONE', *, *, #2359, .F. ) ;
#5838 = ORIENTED_EDGE ( 'NONE', *, *, #2582, .T. ) ;
#5839 = AXIS2_PLACEMENT_3D ( 'NONE', #3488, #5540, #6099 ) ;
#5840 = CARTESIAN_POINT ( 'NONE',  ( 12.59999999999999964, 0.000000000000000000, -10.09999999999999964 ) ) ;
#5841 = EDGE_CURVE ( 'NONE', #6450, #1463, #4751, .T. ) ;
#5842 = DIRECTION ( 'NONE',  ( -1.000000000000000000, -0.000000000000000000, 0.000000000000000000 ) ) ;
#5843 = CARTESIAN_POINT ( 'NONE',  ( -13.44999999999999929, -32.71152236891000342, -11.50000000000000355 ) ) ;
#5844 = VECTOR ( 'NONE', #5999, 1000.000000000000000 ) ;
#5845 = ORIENTED_EDGE ( 'NONE', *, *, #3355, .T. ) ;
#5846 = CARTESIAN_POINT ( 'NONE',  ( 0.000000000000000000, 0.000000000000000000, -17.00000000000000000 ) ) ;
#5847 = DIRECTION ( 'NONE',  ( 0.000000000000000000, -0.000000000000000000, -1.000000000000000000 ) ) ;
#5848 = ORIENTED_EDGE ( 'NONE', *, *, #2191, .T. ) ;
#5849 = ORIENTED_EDGE ( 'NONE', *, *, #221, .F. ) ;
#5850 = AXIS2_PLACEMENT_3D ( 'NONE', #5534, #818, #2638 ) ;
#5851 = DIRECTION ( 'NONE',  ( 0.000000000000000000, 1.000000000000000000, 0.000000000000000000 ) ) ;
#5852 = DIRECTION ( 'NONE',  ( 0.000000000000000000, 0.000000000000000000, 1.000000000000000000 ) ) ;
#5853 = FACE_OUTER_BOUND ( 'NONE', #4761, .T. ) ;
#5854 = DIRECTION ( 'NONE',  ( 0.000000000000000000, -0.000000000000000000, -1.000000000000000000 ) ) ;
#5855 = AXIS2_PLACEMENT_3D ( 'NONE', #5457, #5492, #3958 ) ;
#5856 = ADVANCED_FACE ( 'NONE', ( #4406 ), #3312, .T. ) ;
#5857 = DIRECTION ( 'NONE',  ( 0.000000000000000000, 0.000000000000000000, 1.000000000000000000 ) ) ;
#5858 = EDGE_CURVE ( 'NONE', #1926, #5891, #2270, .T. ) ;
#5859 = VERTEX_POINT ( 'NONE', #4375 ) ;
#5860 = CARTESIAN_POINT ( 'NONE',  ( -12.55000000000000071, -19.30000000000000071, -11.50000000000000178 ) ) ;
#5861 = CARTESIAN_POINT ( 'NONE',  ( -11.00000000000000000, -32.00000000000000000, -14.19999999999999929 ) ) ;
#5862 = ORIENTED_EDGE ( 'NONE', *, *, #5625, .T. ) ;
#5863 = PLANE ( 'NONE',  #746 ) ;
#5864 = DIRECTION ( 'NONE',  ( 0.000000000000000000, 0.000000000000000000, 1.000000000000000000 ) ) ;
#5865 = ORIENTED_EDGE ( 'NONE', *, *, #1879, .T. ) ;
#5866 = EDGE_CURVE ( 'NONE', #1818, #203, #1795, .T. ) ;
#5867 = DIRECTION ( 'NONE',  ( 0.000000000000000000, 0.000000000000000000, -1.000000000000000000 ) ) ;
#5868 = LINE ( 'NONE', #6462, #448 ) ;
#5869 = CARTESIAN_POINT ( 'NONE',  ( 13.44999999999999929, -32.71152236891000342, -10.80000000000000071 ) ) ;
#5870 = VERTEX_POINT ( 'NONE', #3246 ) ;
#5871 = VECTOR ( 'NONE', #5431, 1000.000000000000000 ) ;
#5872 = ORIENTED_EDGE ( 'NONE', *, *, #3178, .F. ) ;
#5873 = EDGE_LOOP ( 'NONE', ( #5375, #2178, #5019, #491 ) ) ;
#5874 = EDGE_CURVE ( 'NONE', #2052, #2193, #6447, .T. ) ;
#5875 = CARTESIAN_POINT ( 'NONE',  ( 11.00000000000000000, 8.000000000000000000, -10.80000000000000071 ) ) ;
#5876 = CARTESIAN_POINT ( 'NONE',  ( -12.55000000000000071, -7.900000000000000355, -8.199999999999999289 ) ) ;
#5877 = CARTESIAN_POINT ( 'NONE',  ( 14.25000000000000000, -8.900000000000000355, -11.50000000000000178 ) ) ;
#5878 = ORIENTED_EDGE ( 'NONE', *, *, #1472, .T. ) ;
#5879 = DIRECTION ( 'NONE',  ( 0.000000000000000000, 0.000000000000000000, 1.000000000000000000 ) ) ;
#5880 = DIRECTION ( 'NONE',  ( -0.000000000000000000, -0.000000000000000000, -1.000000000000000000 ) ) ;
#5881 = ORIENTED_EDGE ( 'NONE', *, *, #780, .T. ) ;
#5882 = VERTEX_POINT ( 'NONE', #6480 ) ;
#5883 = ADVANCED_FACE ( 'NONE', ( #1240 ), #106, .T. ) ;
#5884 = EDGE_CURVE ( 'NONE', #577, #4887, #3899, .T. ) ;
#5885 = AXIS2_PLACEMENT_3D ( 'NONE', #5118, #4671, #2056 ) ;
#5886 = LINE ( 'NONE', #4304, #1936 ) ;
#5887 = CARTESIAN_POINT ( 'NONE',  ( -11.91862915010000101, -34.45000000000000284, -10.80000000000000071 ) ) ;
#5888 = LINE ( 'NONE', #2758, #332 ) ;
#5889 = ORIENTED_EDGE ( 'NONE', *, *, #1679, .F. ) ;
#5890 = DIRECTION ( 'NONE',  ( -0.7071067811865474617, 0.000000000000000000, -0.7071067811865474617 ) ) ;
#5891 = VERTEX_POINT ( 'NONE', #72 ) ;
#5892 = CARTESIAN_POINT ( 'NONE',  ( -8.849999999999999645, -8.900000000000000355, -10.80000000000000071 ) ) ;
#5893 = CARTESIAN_POINT ( 'NONE',  ( -12.94999999999999929, 8.711522368915000314, -61.32240000000000890 ) ) ;
#5894 = DIRECTION ( 'NONE',  ( 0.7071067811865474617, 0.7071067811865474617, 0.000000000000000000 ) ) ;
#5895 = EDGE_CURVE ( 'NONE', #6488, #1095, #6018, .T. ) ;
#5896 = CARTESIAN_POINT ( 'NONE',  ( -11.00000000000000000, -32.00000000000000000, -17.00000000000000000 ) ) ;
#5897 = AXIS2_PLACEMENT_3D ( 'NONE', #3416, #1301, #1370 ) ;
#5898 = EDGE_LOOP ( 'NONE', ( #6112, #2562, #4468, #5532 ) ) ;
#5899 = DIRECTION ( 'NONE',  ( -0.5773502691896257311, 0.5773502691896257311, -0.5773502691896257311 ) ) ;
#5900 = LINE ( 'NONE', #2118, #4718 ) ;
#5901 = EDGE_CURVE ( 'NONE', #4837, #4450, #2858, .T. ) ;
#5902 = ORIENTED_EDGE ( 'NONE', *, *, #4373, .T. ) ;
#5903 = ORIENTED_EDGE ( 'NONE', *, *, #4735, .F. ) ;
#5904 = ORIENTED_EDGE ( 'NONE', *, *, #5450, .F. ) ;
#5905 = DIRECTION ( 'NONE',  ( -0.000000000000000000, -0.000000000000000000, 1.000000000000000000 ) ) ;
#5906 = LINE ( 'NONE', #1191, #799 ) ;
#5907 = DIRECTION ( 'NONE',  ( 0.000000000000000000, 0.000000000000000000, -1.000000000000000000 ) ) ;
#5908 = EDGE_CURVE ( 'NONE', #5802, #6681, #2927, .T. ) ;
#5909 = ORIENTED_EDGE ( 'NONE', *, *, #737, .F. ) ;
#5910 = LINE ( 'NONE', #1194, #2757 ) ;
#5911 = AXIS2_PLACEMENT_3D ( 'NONE', #4977, #3472, #1882 ) ;
#5912 = DIRECTION ( 'NONE',  ( 1.000000000000000000, 4.336808689942025625E-15, 0.000000000000000000 ) ) ;
#5913 = ORIENTED_EDGE ( 'NONE', *, *, #3046, .T. ) ;
#5914 = AXIS2_PLACEMENT_3D ( 'NONE', #3276, #5372, #73 ) ;
#5915 = ORIENTED_EDGE ( 'NONE', *, *, #4750, .T. ) ;
#5916 = VECTOR ( 'NONE', #5847, 1000.000000000000000 ) ;
#5917 = DIRECTION ( 'NONE',  ( 1.000000000000000000, 0.000000000000000000, 0.000000000000000000 ) ) ;
#5918 = CARTESIAN_POINT ( 'NONE',  ( 12.34999999999999964, -19.10000000000000142, -9.800000000000000711 ) ) ;
#5919 = FACE_OUTER_BOUND ( 'NONE', #634, .T. ) ;
#5920 = VECTOR ( 'NONE', #3728, 1000.000000000000000 ) ;
#5921 = EDGE_CURVE ( 'NONE', #882, #2182, #238, .T. ) ;
#5922 = EDGE_CURVE ( 'NONE', #3933, #2682, #4646, .T. ) ;
#5923 = CARTESIAN_POINT ( 'NONE',  ( 12.55000000000000071, -8.900000000000000355, -11.50000000000000178 ) ) ;
#5924 = EDGE_LOOP ( 'NONE', ( #4188, #2021 ) ) ;
#5925 = CARTESIAN_POINT ( 'NONE',  ( 0.000000000000000000, -8.400000000000000355, -10.80000000000000071 ) ) ;
#5926 = ORIENTED_EDGE ( 'NONE', *, *, #6173, .F. ) ;
#5927 = CARTESIAN_POINT ( 'NONE',  ( 0.000000000000000000, 0.000000000000000000, -14.80000000000000071 ) ) ;
#5928 = PLANE ( 'NONE',  #899 ) ;
#5929 = DIRECTION ( 'NONE',  ( 0.000000000000000000, 0.000000000000000000, 1.000000000000000000 ) ) ;
#5930 = LINE ( 'NONE', #4283, #3441 ) ;
#5931 = ORIENTED_EDGE ( 'NONE', *, *, #4978, .F. ) ;
#5932 = CARTESIAN_POINT ( 'NONE',  ( 0.000000000000000000, 0.000000000000000000, -15.50000000000000000 ) ) ;
#5933 = VECTOR ( 'NONE', #5542, 1000.000000000000000 ) ;
#5934 = DIRECTION ( 'NONE',  ( -1.000000000000000000, 0.000000000000000000, 0.000000000000000000 ) ) ;
#5935 = CARTESIAN_POINT ( 'NONE',  ( 12.55000000000000071, -20.30000000000000071, -8.199999999999999289 ) ) ;
#5936 = ORIENTED_EDGE ( 'NONE', *, *, #1840, .T. ) ;
#5937 = VECTOR ( 'NONE', #6531, 1000.000000000000000 ) ;
#5938 = VERTEX_POINT ( 'NONE', #2993 ) ;
#5939 = EDGE_LOOP ( 'NONE', ( #2485, #4801, #1335, #3557, #768, #2799, #477, #4974, #5522, #1646, #959, #1923 ) ) ;
#5940 = EDGE_CURVE ( 'NONE', #6201, #2222, #1302, .T. ) ;
#5941 = CIRCLE ( 'NONE', #3864, 2.750000000000000000 ) ;
#5942 = VECTOR ( 'NONE', #5083, 1000.000000000000000 ) ;
#5943 = CARTESIAN_POINT ( 'NONE',  ( -4.745799319780720893, -3.832412923520571280, -15.40000000000000213 ) ) ;
#5944 = DIRECTION ( 'NONE',  ( 0.000000000000000000, 0.000000000000000000, 1.000000000000000000 ) ) ;
#5945 = VECTOR ( 'NONE', #3375, 1000.000000000000000 ) ;
#5946 = CARTESIAN_POINT ( 'NONE',  ( 7.049999999999999822, 9.750000000000000000, -15.50000000000000000 ) ) ;
#5947 = VERTEX_POINT ( 'NONE', #751 ) ;
#5948 = CARTESIAN_POINT ( 'NONE',  ( 11.00000000000000000, 8.000000000000000000, -10.40000000000418368 ) ) ;
#5949 = CARTESIAN_POINT ( 'NONE',  ( -4.020000000000067963, 9.699979381421357516, -15.50000000000000000 ) ) ;
#5950 = ORIENTED_EDGE ( 'NONE', *, *, #3438, .F. ) ;
#5951 = ORIENTED_EDGE ( 'NONE', *, *, #6800, .T. ) ;
#5952 = EDGE_CURVE ( 'NONE', #4937, #621, #1828, .T. ) ;
#5953 = LINE ( 'NONE', #4752, #287 ) ;
#5954 = CIRCLE ( 'NONE', #2769, 1.000000000000000000 ) ;
#5955 = CARTESIAN_POINT ( 'NONE',  ( -8.350000000000001421, -19.30000000000000071, -17.00000000000000000 ) ) ;
#5956 = AXIS2_PLACEMENT_3D ( 'NONE', #4385, #3286, #4419 ) ;
#5957 = DIRECTION ( 'NONE',  ( 0.7071067811865475727, 0.7071067811865475727, 0.000000000000000000 ) ) ;
#5958 = CARTESIAN_POINT ( 'NONE',  ( 12.34999999999999964, -14.09999999999999964, -4.700000000000000178 ) ) ;
#5959 = ORIENTED_EDGE ( 'NONE', *, *, #6642, .T. ) ;
#5960 = VECTOR ( 'NONE', #5129, 999.9999999999998863 ) ;
#5961 = VECTOR ( 'NONE', #6264, 1000.000000000000000 ) ;
#5962 = LINE ( 'NONE', #4451, #1955 ) ;
#5963 = EDGE_CURVE ( 'NONE', #5783, #3137, #6615, .T. ) ;
#5964 = ORIENTED_EDGE ( 'NONE', *, *, #2576, .T. ) ;
#5965 = LINE ( 'NONE', #3873, #449 ) ;
#5966 = CARTESIAN_POINT ( 'NONE',  ( 9.149999999999998579, 8.000000000000000000, -10.80000000000000071 ) ) ;
#5967 = AXIS2_PLACEMENT_3D ( 'NONE', #166, #1755, #3715 ) ;
#5968 = DIRECTION ( 'NONE',  ( 1.000000000000000000, 0.000000000000000000, 0.000000000000000000 ) ) ;
#5969 = CARTESIAN_POINT ( 'NONE',  ( -8.349999999999999645, -19.30000000000000071, -10.80000000000000071 ) ) ;
#5970 = VERTEX_POINT ( 'NONE', #270 ) ;
#5971 = EDGE_CURVE ( 'NONE', #5657, #5158, #4106, .T. ) ;
#5972 = EDGE_CURVE ( 'NONE', #5870, #1368, #3929, .T. ) ;
#5973 = LINE ( 'NONE', #1255, #4528 ) ;
#5974 = DIRECTION ( 'NONE',  ( -0.000000000000000000, -0.000000000000000000, -1.000000000000000000 ) ) ;
#5975 = ORIENTED_EDGE ( 'NONE', *, *, #4443, .F. ) ;
#5976 = ORIENTED_EDGE ( 'NONE', *, *, #165, .T. ) ;
#5977 = VERTEX_POINT ( 'NONE', #3417 ) ;
#5978 = DIRECTION ( 'NONE',  ( -0.000000000000000000, -0.000000000000000000, 1.000000000000000000 ) ) ;
#5979 = VECTOR ( 'NONE', #5293, 1000.000000000000000 ) ;
#5980 = DIRECTION ( 'NONE',  ( -1.000000000000000000, 0.000000000000000000, 0.000000000000000000 ) ) ;
#5981 = CARTESIAN_POINT ( 'NONE',  ( -4.020000000000067963, 9.699979381421357516, -17.00000000000000000 ) ) ;
#5982 = ORIENTED_EDGE ( 'NONE', *, *, #725, .F. ) ;
#5983 = DIRECTION ( 'NONE',  ( -1.000000000000000000, 0.000000000000000000, 0.000000000000000000 ) ) ;
#5984 = EDGE_CURVE ( 'NONE', #5891, #5644, #4071, .T. ) ;
#5985 = EDGE_CURVE ( 'NONE', #5987, #2478, #2401, .T. ) ;
#5986 = VERTEX_POINT ( 'NONE', #1893 ) ;
#5987 = VERTEX_POINT ( 'NONE', #5466 ) ;
#5988 = DIRECTION ( 'NONE',  ( 0.000000000000000000, 0.000000000000000000, -1.000000000000000000 ) ) ;
#5989 = PLANE ( 'NONE',  #4060 ) ;
#5990 = ORIENTED_EDGE ( 'NONE', *, *, #3843, .T. ) ;
#5991 = EDGE_CURVE ( 'NONE', #3925, #5436, #6526, .T. ) ;
#5992 = PLANE ( 'NONE',  #3532 ) ;
#5993 = VERTEX_POINT ( 'NONE', #852 ) ;
#5994 = DIRECTION ( 'NONE',  ( -0.000000000000000000, 1.000000000000000000, 0.000000000000000000 ) ) ;
#5995 = FACE_OUTER_BOUND ( 'NONE', #6766, .T. ) ;
#5996 = DIRECTION ( 'NONE',  ( 0.000000000000000000, 0.000000000000000000, -1.000000000000000000 ) ) ;
#5997 = LINE ( 'NONE', #597, #3062 ) ;
#5998 = DIRECTION ( 'NONE',  ( -0.000000000000000000, -1.000000000000000000, 0.000000000000000000 ) ) ;
#5999 = DIRECTION ( 'NONE',  ( -0.000000000000000000, -1.000000000000000000, 0.000000000000000000 ) ) ;
#6000 = ORIENTED_EDGE ( 'NONE', *, *, #707, .T. ) ;
#6001 = CARTESIAN_POINT ( 'NONE',  ( 7.049999999999929656, 9.710689985783758971, -15.50000000000000000 ) ) ;
#6002 = PRESENTATION_STYLE_ASSIGNMENT (( #255 ) ) ;
#6003 = EDGE_CURVE ( 'NONE', #6259, #4008, #6298, .T. ) ;
#6005 = ORIENTED_EDGE ( 'NONE', *, *, #2329, .F. ) ;
#6004 = AXIS2_PLACEMENT_3D ( 'NONE', #5335, #3352, #5438 ) ;
#6006 = VERTEX_POINT ( 'NONE', #787 ) ;
#6007 = VERTEX_POINT ( 'NONE', #4509 ) ;
#6008 = CARTESIAN_POINT ( 'NONE',  ( -10.44999999999999929, -19.10000000000000142, -8.900000000000000355 ) ) ;
#6009 = LINE ( 'NONE', #811, #6170 ) ;
#6010 = ORIENTED_EDGE ( 'NONE', *, *, #3233, .T. ) ;
#6011 = LINE ( 'NONE', #6119, #5942 ) ;
#6012 = VERTEX_POINT ( 'NONE', #1340 ) ;
#6013 = ORIENTED_EDGE ( 'NONE', *, *, #1996, .T. ) ;
#6014 = CARTESIAN_POINT ( 'NONE',  ( 7.750000000000000000, 0.000000000000000000, -12.50000000000000000 ) ) ;
#6015 = ADVANCED_FACE ( 'NONE', ( #6685 ), #6654, .F. ) ;
#6016 = AXIS2_PLACEMENT_3D ( 'NONE', #5875, #571, #3816 ) ;
#6017 = AXIS2_PLACEMENT_3D ( 'NONE', #6380, #3768, #5890 ) ;
#6018 = LINE ( 'NONE', #3482, #4427 ) ;
#6019 = DIRECTION ( 'NONE',  ( -0.000000000000000000, 1.000000000000000000, 0.000000000000000000 ) ) ;
#6020 = VERTEX_POINT ( 'NONE', #6093 ) ;
#6021 = VECTOR ( 'NONE', #3247, 1000.000000000000000 ) ;
#6022 = DIRECTION ( 'NONE',  ( -1.000000000000000000, -0.000000000000000000, 0.000000000000000000 ) ) ;
#6023 = ORIENTED_EDGE ( 'NONE', *, *, #2281, .F. ) ;
#6024 = VECTOR ( 'NONE', #2218, 1000.000000000000000 ) ;
#6025 = VECTOR ( 'NONE', #1132, 1000.000000000000000 ) ;
#6026 = AXIS2_PLACEMENT_3D ( 'NONE', #2489, #6763, #4021 ) ;
#6027 = CARTESIAN_POINT ( 'NONE',  ( 12.55000000000000071, -8.900000000000000355, -11.50000000000000000 ) ) ;
#6028 = AXIS2_PLACEMENT_3D ( 'NONE', #381, #2481, #6592 ) ;
#6029 = CARTESIAN_POINT ( 'NONE',  ( 7.849999999999999645, -8.400000000000000355, -8.199999999999999289 ) ) ;
#6030 = ADVANCED_FACE ( 'NONE', ( #1371 ), #1956, .T. ) ;
#6031 = CYLINDRICAL_SURFACE ( 'NONE', #19, 0.1999999999999996503 ) ;
#6032 = FACE_OUTER_BOUND ( 'NONE', #815, .T. ) ;
#6033 = CARTESIAN_POINT ( 'NONE',  ( 4.266405818616999746, -3.144484280588999869, -61.32240000000000890 ) ) ;
#6034 = LINE ( 'NONE', #1418, #5413 ) ;
#6035 = ORIENTED_EDGE ( 'NONE', *, *, #1757, .T. ) ;
#6036 = LINE ( 'NONE', #314, #999 ) ;
#6037 = ADVANCED_FACE ( 'NONE', ( #536 ), #2541, .T. ) ;
#6038 = FACE_OUTER_BOUND ( 'NONE', #5012, .T. ) ;
#6039 = LINE ( 'NONE', #5035, #111 ) ;
#6040 = ORIENTED_EDGE ( 'NONE', *, *, #593, .F. ) ;
#6041 = VERTEX_POINT ( 'NONE', #5191 ) ;
#6042 = EDGE_CURVE ( 'NONE', #256, #2632, #1581, .T. ) ;
#6043 = ADVANCED_FACE ( 'NONE', ( #3164 ), #3649, .F. ) ;
#6044 = DIRECTION ( 'NONE',  ( -1.000000000000000000, 0.000000000000000000, 0.000000000000000000 ) ) ;
#6045 = CIRCLE ( 'NONE', #3084, 1.750000000072304829 ) ;
#6046 = DIRECTION ( 'NONE',  ( -0.000000000000000000, -0.000000000000000000, 1.000000000000000000 ) ) ;
#6047 = CARTESIAN_POINT ( 'NONE',  ( 4.019999999999999574, 8.550000000000000711, -10.80000000000000071 ) ) ;
#6048 = ORIENTED_EDGE ( 'NONE', *, *, #1740, .F. ) ;
#6049 = LINE ( 'NONE', #5045, #6278 ) ;
#6050 = ORIENTED_EDGE ( 'NONE', *, *, #3932, .F. ) ;
#6051 = ORIENTED_EDGE ( 'NONE', *, *, #3890, .F. ) ;
#6052 = CONICAL_SURFACE ( 'NONE', #4838, 1.850000000065847638, 0.7853981636816653733 ) ;
#6053 = EDGE_CURVE ( 'NONE', #5187, #3578, #5519, .T. ) ;
#6054 = LINE ( 'NONE', #6123, #3596 ) ;
#6055 = CARTESIAN_POINT ( 'NONE',  ( -11.00000000000000000, -32.00000000000000000, -14.19999999999999929 ) ) ;
#6056 = LINE ( 'NONE', #2859, #3283 ) ;
#6057 = AXIS2_PLACEMENT_3D ( 'NONE', #4991, #4922, #3459 ) ;
#6058 = ORIENTED_EDGE ( 'NONE', *, *, #3438, .T. ) ;
#6059 = AXIS2_PLACEMENT_3D ( 'NONE', #5684, #2006, #6211 ) ;
#6060 = DIRECTION ( 'NONE',  ( 0.000000000000000000, -1.000000000000000000, -0.000000000000000000 ) ) ;
#6061 = ORIENTED_EDGE ( 'NONE', *, *, #5528, .F. ) ;
#6062 = AXIS2_PLACEMENT_3D ( 'NONE', #6458, #5347, #6492 ) ;
#6063 = VECTOR ( 'NONE', #5899, 999.9999999999998863 ) ;
#6064 = AXIS2_PLACEMENT_3D ( 'NONE', #3000, #824, #2965 ) ;
#6065 = DIRECTION ( 'NONE',  ( -1.000000000000000000, 0.000000000000000000, 0.000000000000000000 ) ) ;
#6066 = DIRECTION ( 'NONE',  ( -0.000000000000000000, 0.000000000000000000, -1.000000000000000000 ) ) ;
#6067 = PLANE ( 'NONE',  #3309 ) ;
#6068 = AXIS2_PLACEMENT_3D ( 'NONE', #4683, #6172, #6759 ) ;
#6069 = DIRECTION ( 'NONE',  ( 0.000000000000000000, -0.000000000000000000, 1.000000000000000000 ) ) ;
#6070 = CIRCLE ( 'NONE', #6740, 12.00000000000000000 ) ;
#6071 = EDGE_CURVE ( 'NONE', #1736, #4604, #3448, .T. ) ;
#6072 = EDGE_CURVE ( 'NONE', #4197, #2423, #5224, .T. ) ;
#6073 = ORIENTED_EDGE ( 'NONE', *, *, #2515, .F. ) ;
#6074 = DIRECTION ( 'NONE',  ( 1.000000000000000000, 0.000000000000000000, 0.000000000000000000 ) ) ;
#6075 = CYLINDRICAL_SURFACE ( 'NONE', #4093, 12.00000000000000000 ) ;
#6076 = AXIS2_PLACEMENT_3D ( 'NONE', #5706, #2124, #1542 ) ;
#6077 = LINE ( 'NONE', #4019, #6519 ) ;
#6078 = CARTESIAN_POINT ( 'NONE',  ( 0.000000000000000000, 0.000000000000000000, -15.19999999999999929 ) ) ;
#6079 = DIRECTION ( 'NONE',  ( 0.000000000000000000, -1.000000000000000000, -0.000000000000000000 ) ) ;
#6080 = EDGE_CURVE ( 'NONE', #6596, #4747, #2605, .T. ) ;
#6081 = ORIENTED_EDGE ( 'NONE', *, *, #355, .T. ) ;
#6082 = ORIENTED_EDGE ( 'NONE', *, *, #3699, .T. ) ;
#6083 = VECTOR ( 'NONE', #5072, 1000.000000000000000 ) ;
#6084 = DIRECTION ( 'NONE',  ( -1.000000000000000000, 0.000000000000000000, 0.000000000000000000 ) ) ;
#6085 = DIRECTION ( 'NONE',  ( 0.000000000000000000, 0.000000000000000000, 1.000000000000000000 ) ) ;
#6086 = CARTESIAN_POINT ( 'NONE',  ( -12.55000000000000071, -8.900000000000000355, -11.50000000000000000 ) ) ;
#6087 = ORIENTED_EDGE ( 'NONE', *, *, #6800, .F. ) ;
#6088 = DIRECTION ( 'NONE',  ( 0.000000000000000000, 0.000000000000000000, 1.000000000000000000 ) ) ;
#6089 = ORIENTED_EDGE ( 'NONE', *, *, #4277, .T. ) ;
#6090 = ORIENTED_EDGE ( 'NONE', *, *, #4674, .T. ) ;
#6091 = VECTOR ( 'NONE', #4673, 1000.000000000000114 ) ;
#6092 = FACE_OUTER_BOUND ( 'NONE', #6240, .T. ) ;
#6093 = CARTESIAN_POINT ( 'NONE',  ( 8.349999999999999645, -19.30000000000000071, -10.79999999999999893 ) ) ;
#6094 = DIRECTION ( 'NONE',  ( 0.000000000000000000, -0.000000000000000000, 1.000000000000000000 ) ) ;
#6095 = ORIENTED_EDGE ( 'NONE', *, *, #3700, .F. ) ;
#6096 = FACE_OUTER_BOUND ( 'NONE', #5462, .T. ) ;
#6097 = EDGE_CURVE ( 'NONE', #3882, #6012, #6778, .T. ) ;
#6098 = ORIENTED_EDGE ( 'NONE', *, *, #6451, .T. ) ;
#6099 = DIRECTION ( 'NONE',  ( -1.000000000000000000, 0.000000000000000000, -0.000000000000000000 ) ) ;
#6100 = DIRECTION ( 'NONE',  ( 0.000000000000000000, 0.000000000000000000, 1.000000000000000000 ) ) ;
#6101 = DIRECTION ( 'NONE',  ( -0.000000000000000000, -0.000000000000000000, -1.000000000000000000 ) ) ;
#6102 = CARTESIAN_POINT ( 'NONE',  ( -13.44999999999999929, -19.80000000000000071, -10.80000000000000071 ) ) ;
#6103 = LINE ( 'NONE', #3040, #6245 ) ;
#6104 = VECTOR ( 'NONE', #400, 1000.000000000000114 ) ;
#6105 = CARTESIAN_POINT ( 'NONE',  ( -7.928094874415000604, -7.900000000000000355, -17.00000000000000000 ) ) ;
#6106 = EDGE_CURVE ( 'NONE', #1826, #3258, #4171, .T. ) ;
#6107 = CARTESIAN_POINT ( 'NONE',  ( 10.44999999999999929, -9.099999999999999645, -6.200000000000001066 ) ) ;
#6108 = ORIENTED_EDGE ( 'NONE', *, *, #3554, .T. ) ;
#6109 = PLANE ( 'NONE',  #1297 ) ;
#6110 = LINE ( 'NONE', #2491, #5695 ) ;
#6111 = ORIENTED_EDGE ( 'NONE', *, *, #2614, .F. ) ;
#6112 = ORIENTED_EDGE ( 'NONE', *, *, #282, .T. ) ;
#6113 = CARTESIAN_POINT ( 'NONE',  ( 8.849999999999999645, -18.55000000000000071, -11.40000000000000036 ) ) ;
#6114 = ADVANCED_FACE ( 'NONE', ( #4200 ), #1509, .F. ) ;
#6115 = CIRCLE ( 'NONE', #5122, 2.399999999999999467 ) ;
#6116 = DIRECTION ( 'NONE',  ( 0.000000000000000000, -0.000000000000000000, -1.000000000000000000 ) ) ;
#6117 = LINE ( 'NONE', #3993, #3975 ) ;
#6118 = ORIENTED_EDGE ( 'NONE', *, *, #5627, .T. ) ;
#6119 = CARTESIAN_POINT ( 'NONE',  ( 0.000000000000000000, 4.951732376126000368, -15.69999999999999929 ) ) ;
#6120 = ORIENTED_EDGE ( 'NONE', *, *, #4858, .T. ) ;
#6121 = EDGE_LOOP ( 'NONE', ( #1412, #2510, #1798, #4399 ) ) ;
#6122 = VECTOR ( 'NONE', #3134, 1000.000000000000000 ) ;
#6123 = CARTESIAN_POINT ( 'NONE',  ( 7.349999999999999645, -20.30000000000000071, -8.199999999999999289 ) ) ;
#6124 = EDGE_CURVE ( 'NONE', #2052, #1235, #2573, .T. ) ;
#6125 = DIRECTION ( 'NONE',  ( -0.000000000000000000, 0.000000000000000000, 1.000000000000000000 ) ) ;
#6126 = DIRECTION ( 'NONE',  ( -1.000000000000000000, 0.000000000000000000, 0.000000000000000000 ) ) ;
#6127 = EDGE_LOOP ( 'NONE', ( #647, #3830, #4951, #4051, #5257 ) ) ;
#6128 = CARTESIAN_POINT ( 'NONE',  ( 11.71152236890999987, 9.949999999999999289, -61.32240000000000890 ) ) ;
#6129 = ORIENTED_EDGE ( 'NONE', *, *, #1270, .F. ) ;
#6130 = DIRECTION ( 'NONE',  ( -1.000000000000000000, 0.000000000000000000, 0.000000000000000000 ) ) ;
#6131 = EDGE_CURVE ( 'NONE', #3679, #3487, #5777, .T. ) ;
#6132 = EDGE_CURVE ( 'NONE', #2407, #4340, #142, .T. ) ;
#6133 = DIRECTION ( 'NONE',  ( 0.000000000000000000, 0.000000000000000000, -1.000000000000000000 ) ) ;
#6134 = CARTESIAN_POINT ( 'NONE',  ( 11.91862915010000101, -34.45000000000000284, -11.50000000000000000 ) ) ;
#6135 = DIRECTION ( 'NONE',  ( -1.000000000000000000, 0.000000000000000000, 0.000000000000000000 ) ) ;
#6136 = CARTESIAN_POINT ( 'NONE',  ( 7.349999999999999645, -7.900000000000000355, -8.199999999999999289 ) ) ;
#6137 = VECTOR ( 'NONE', #110, 1000.000000000000114 ) ;
#6138 = EDGE_LOOP ( 'NONE', ( #1468, #4582, #2236, #3122 ) ) ;
#6139 = CARTESIAN_POINT ( 'NONE',  ( -5.099999999999999645, 0.000000000000000000, -15.40000000000000036 ) ) ;
#6140 = AXIS2_PLACEMENT_3D ( 'NONE', #4832, #1809, #1278 ) ;
#6141 = VERTEX_POINT ( 'NONE', #3135 ) ;
#6142 = CARTESIAN_POINT ( 'NONE',  ( 13.30355339059163811, -33.06507575950664091, -11.50000000000000355 ) ) ;
#6143 = CARTESIAN_POINT ( 'NONE',  ( 8.349999999999999645, -8.900000000000000355, -11.90000000000000036 ) ) ;
#6144 = VERTEX_POINT ( 'NONE', #4611 ) ;
#6145 = ORIENTED_EDGE ( 'NONE', *, *, #858, .F. ) ;
#6146 = CYLINDRICAL_SURFACE ( 'NONE', #3287, 6.900000000000000355 ) ;
#6147 = DIRECTION ( 'NONE',  ( 1.000000000000000000, -2.168404344971012812E-15, 0.000000000000000000 ) ) ;
#6148 = CARTESIAN_POINT ( 'NONE',  ( 14.25000000000000178, 9.250000000000000000, -11.50000000000000000 ) ) ;
#6149 = EDGE_LOOP ( 'NONE', ( #1537, #1374, #1878 ) ) ;
#6150 = PLANE ( 'NONE',  #5060 ) ;
#6151 = VECTOR ( 'NONE', #2664, 1000.000000000000000 ) ;
#6152 = ORIENTED_EDGE ( 'NONE', *, *, #3526, .T. ) ;
#6153 = ORIENTED_EDGE ( 'NONE', *, *, #6164, .F. ) ;
#6154 = EDGE_CURVE ( 'NONE', #4025, #621, #6715, .T. ) ;
#6155 = VECTOR ( 'NONE', #5548, 1000.000000000000000 ) ;
#6156 = DIRECTION ( 'NONE',  ( 0.000000000000000000, 0.000000000000000000, 1.000000000000000000 ) ) ;
#6157 = LINE ( 'NONE', #6195, #6122 ) ;
#6158 = CARTESIAN_POINT ( 'NONE',  ( -12.06507575951099831, 10.30355339059100039, -10.80000000000000071 ) ) ;
#6159 = CARTESIAN_POINT ( 'NONE',  ( 12.25000000000000000, 11.25000000000000000, -17.00000000000000711 ) ) ;
#6160 = VERTEX_POINT ( 'NONE', #5641 ) ;
#6161 = ORIENTED_EDGE ( 'NONE', *, *, #24, .T. ) ;
#6162 = CIRCLE ( 'NONE', #2531, 1.000000000000000000 ) ;
#6163 = ORIENTED_EDGE ( 'NONE', *, *, #5262, .T. ) ;
#6164 = EDGE_CURVE ( 'NONE', #1718, #4707, #1899, .T. ) ;
#6165 = DIRECTION ( 'NONE',  ( 0.000000000000000000, -1.000000000000000000, -0.000000000000000000 ) ) ;
#6166 = VECTOR ( 'NONE', #3798, 1000.000000000000114 ) ;
#6167 = CARTESIAN_POINT ( 'NONE',  ( 12.25000000000000000, -35.25000000000000000, -11.50000000000000000 ) ) ;
#6168 = AXIS2_PLACEMENT_3D ( 'NONE', #1006, #2107, #6242 ) ;
#6169 = DIRECTION ( 'NONE',  ( -1.000000000000000000, -0.000000000000000000, 0.000000000000000000 ) ) ;
#6170 = VECTOR ( 'NONE', #2331, 1000.000000000000000 ) ;
#6171 = DIRECTION ( 'NONE',  ( -0.7071067811865474617, 0.7071067811865474617, 0.000000000000000000 ) ) ;
#6172 = DIRECTION ( 'NONE',  ( 0.000000000000000000, 0.000000000000000000, -1.000000000000000000 ) ) ;
#6173 = EDGE_CURVE ( 'NONE', #4711, #252, #6196, .T. ) ;
#6174 = VECTOR ( 'NONE', #4252, 1000.000000000000114 ) ;
#6175 = CIRCLE ( 'NONE', #6624, 10.50000000000000000 ) ;
#6176 = ORIENTED_EDGE ( 'NONE', *, *, #5671, .T. ) ;
#6177 = DIRECTION ( 'NONE',  ( 1.000000000000000000, 0.000000000000000000, 0.000000000000000000 ) ) ;
#6178 = DIRECTION ( 'NONE',  ( 0.000000000000000000, -0.000000000000000000, 1.000000000000000000 ) ) ;
#6179 = VECTOR ( 'NONE', #5608, 1000.000000000000000 ) ;
#6180 = DIRECTION ( 'NONE',  ( 0.000000000000000000, 0.000000000000000000, 1.000000000000000000 ) ) ;
#6181 = FACE_OUTER_BOUND ( 'NONE', #1257, .T. ) ;
#6182 = VERTEX_POINT ( 'NONE', #3064 ) ;
#6183 = ADVANCED_FACE ( 'NONE', ( #5153 ), #434, .T. ) ;
#6184 = EDGE_LOOP ( 'NONE', ( #939, #3322, #4367, #4543 ) ) ;
#6185 = VECTOR ( 'NONE', #4949, 1000.000000000000000 ) ;
#6186 = CARTESIAN_POINT ( 'NONE',  ( 8.050000000000000711, -10.40000000000000036, -12.19999999999999929 ) ) ;
#6187 = CARTESIAN_POINT ( 'NONE',  ( 10.44999999999999929, -9.099999999999999645, -8.900000000000000355 ) ) ;
#6188 = CARTESIAN_POINT ( 'NONE',  ( -7.928094874415000604, -8.900000000000000355, -12.32190512558499762 ) ) ;
#6189 = ORIENTED_EDGE ( 'NONE', *, *, #993, .F. ) ;
#6190 = DIRECTION ( 'NONE',  ( -0.9659258262895299429, 0.2588190451007980064, 0.000000000000000000 ) ) ;
#6191 = CIRCLE ( 'NONE', #3226, 0.5000000000000004441 ) ;
#6192 = ORIENTED_EDGE ( 'NONE', *, *, #6251, .T. ) ;
#6193 = ORIENTED_EDGE ( 'NONE', *, *, #3562, .F. ) ;
#6194 = DIRECTION ( 'NONE',  ( -1.000000000000000000, 0.000000000000000000, 0.000000000000000000 ) ) ;
#6195 = CARTESIAN_POINT ( 'NONE',  ( -4.019999999999999574, 8.550000000000000711, -10.80000000000000071 ) ) ;
#6196 = LINE ( 'NONE', #5673, #5745 ) ;
#6197 = CARTESIAN_POINT ( 'NONE',  ( 11.00000000000000000, -32.00000000000000000, -14.19999999999999929 ) ) ;
#6198 = EDGE_CURVE ( 'NONE', #4182, #2151, #4881, .T. ) ;
#6199 = EDGE_CURVE ( 'NONE', #6782, #1196, #4975, .T. ) ;
#6200 = ORIENTED_EDGE ( 'NONE', *, *, #749, .F. ) ;
#6201 = VERTEX_POINT ( 'NONE', #1721 ) ;
#6202 = ORIENTED_EDGE ( 'NONE', *, *, #2932, .T. ) ;
#6203 = LINE ( 'NONE', #3658, #6776 ) ;
#6204 = CARTESIAN_POINT ( 'NONE',  ( -4.093089191076896505, -3.244290826557059138, -17.00000000000000000 ) ) ;
#6205 = CARTESIAN_POINT ( 'NONE',  ( 0.000000000000000000, 0.000000000000000000, -15.19999999999999929 ) ) ;
#6206 = ADVANCED_FACE ( 'NONE', ( #2676 ), #4872, .T. ) ;
#6207 = AXIS2_PLACEMENT_3D ( 'NONE', #6303, #2606, #956 ) ;
#6208 = CYLINDRICAL_SURFACE ( 'NONE', #4622, 2.399999999999999467 ) ;
#6209 = PLANE ( 'NONE',  #6068 ) ;
#6210 = DIRECTION ( 'NONE',  ( 1.000000000000000000, 0.000000000000000000, -0.000000000000000000 ) ) ;
#6211 = DIRECTION ( 'NONE',  ( 1.000000000000000000, 0.000000000000000000, 0.000000000000000000 ) ) ;
#6212 = EDGE_CURVE ( 'NONE', #4431, #5724, #4840, .T. ) ;
#6213 = ORIENTED_EDGE ( 'NONE', *, *, #3512, .F. ) ;
#6214 = DIRECTION ( 'NONE',  ( 0.7071067811865474617, -0.7071067811865474617, 0.000000000000000000 ) ) ;
#6215 = CARTESIAN_POINT ( 'NONE',  ( 12.85000000006166410, 8.000000000000000000, -10.40000000000000213 ) ) ;
#6216 = ORIENTED_EDGE ( 'NONE', *, *, #4022, .T. ) ;
#6217 = ORIENTED_EDGE ( 'NONE', *, *, #6394, .T. ) ;
#6218 = CARTESIAN_POINT ( 'NONE',  ( 0.000000000000000000, -10.40000000000000213, -10.80000000000000071 ) ) ;
#6219 = EDGE_CURVE ( 'NONE', #3980, #3104, #4213, .T. ) ;
#6220 = EDGE_CURVE ( 'NONE', #4025, #4499, #5084, .T. ) ;
#6221 = CYLINDRICAL_SURFACE ( 'NONE', #1800, 6.900000000000000355 ) ;
#6222 = DIRECTION ( 'NONE',  ( 0.000000000000000000, 0.000000000000000000, -1.000000000000000000 ) ) ;
#6223 = VERTEX_POINT ( 'NONE', #4396 ) ;
#6224 = FACE_OUTER_BOUND ( 'NONE', #5939, .T. ) ;
#6225 = EDGE_LOOP ( 'NONE', ( #3126, #3757, #3369, #2335 ) ) ;
#6226 = VERTEX_POINT ( 'NONE', #5876 ) ;
#6227 = FACE_OUTER_BOUND ( 'NONE', #4383, .T. ) ;
#6228 = CARTESIAN_POINT ( 'NONE',  ( 0.000000000000000000, 0.000000000000000000, -10.80000000000000071 ) ) ;
#6229 = DIRECTION ( 'NONE',  ( -0.7071067813875193675, 0.000000000000000000, -0.7071067809855756670 ) ) ;
#6230 = CARTESIAN_POINT ( 'NONE',  ( -12.55000000000000071, -7.900000000000000355, -10.80000000000000071 ) ) ;
#6231 = ORIENTED_EDGE ( 'NONE', *, *, #5940, .T. ) ;
#6232 = AXIS2_PLACEMENT_3D ( 'NONE', #2031, #6310, #5263 ) ;
#6233 = ORIENTED_EDGE ( 'NONE', *, *, #6539, .T. ) ;
#6234 = ORIENTED_EDGE ( 'NONE', *, *, #2635, .F. ) ;
#6235 = EDGE_CURVE ( 'NONE', #6012, #1448, #2008, .T. ) ;
#6236 = CARTESIAN_POINT ( 'NONE',  ( 0.000000000000000000, -20.30000000000000071, -10.80000000000000071 ) ) ;
#6237 = FACE_OUTER_BOUND ( 'NONE', #225, .T. ) ;
#6238 = CARTESIAN_POINT ( 'NONE',  ( 8.550000000000000711, -14.09999999999999964, -7.700000000000000178 ) ) ;
#6239 = DIRECTION ( 'NONE',  ( 0.000000000000000000, 0.000000000000000000, -1.000000000000000000 ) ) ;
#6240 = EDGE_LOOP ( 'NONE', ( #3193, #1075, #3586, #867 ) ) ;
#6241 = EDGE_CURVE ( 'NONE', #2527, #3412, #133, .T. ) ;
#6242 = DIRECTION ( 'NONE',  ( 0.000000000000000000, 0.000000000000000000, 1.000000000000000000 ) ) ;
#6243 = CARTESIAN_POINT ( 'NONE',  ( -4.416882714543000077, -3.806566586750000258, -15.19999999999999929 ) ) ;
#6244 = VECTOR ( 'NONE', #28, 1000.000000000000000 ) ;
#6245 = VECTOR ( 'NONE', #4656, 1000.000000000000000 ) ;
#6246 = CARTESIAN_POINT ( 'NONE',  ( 12.94999999999999929, 8.711522368915000314, -10.79999999999999716 ) ) ;
#6247 = CARTESIAN_POINT ( 'NONE',  ( 14.25000000000000000, -19.30000000000000071, -11.50000000000000000 ) ) ;
#6248 = VECTOR ( 'NONE', #6094, 1000.000000000000000 ) ;
#6249 = ORIENTED_EDGE ( 'NONE', *, *, #2462, .T. ) ;
#6250 = ORIENTED_EDGE ( 'NONE', *, *, #1395, .T. ) ;
#6251 = EDGE_CURVE ( 'NONE', #2151, #3194, #4775, .T. ) ;
#6252 = CIRCLE ( 'NONE', #2505, 1.000000000000000000 ) ;
#6253 = AXIS2_PLACEMENT_3D ( 'NONE', #5714, #2, #1591 ) ;
#6254 = CARTESIAN_POINT ( 'NONE',  ( 8.599999999999999645, -18.55000000000000071, -11.65000000000000036 ) ) ;
#6255 = LINE ( 'NONE', #5244, #3452 ) ;
#6256 = DIRECTION ( 'NONE',  ( 0.000000000000000000, 0.000000000000000000, -1.000000000000000000 ) ) ;
#6257 = ORIENTED_EDGE ( 'NONE', *, *, #2034, .T. ) ;
#6258 = DIRECTION ( 'NONE',  ( 0.000000000000000000, 0.000000000000000000, 1.000000000000000000 ) ) ;
#6259 = VERTEX_POINT ( 'NONE', #4262 ) ;
#6260 = ORIENTED_EDGE ( 'NONE', *, *, #2666, .T. ) ;
#6261 = ADVANCED_FACE ( 'NONE', ( #2817, #1089, #2228, #3268, #2186, #5430, #3788, #3198 ), #2155, .T. ) ;
#6262 = DIRECTION ( 'NONE',  ( 0.000000000000000000, 0.7071067811865462405, 0.7071067811865489050 ) ) ;
#6263 = DIRECTION ( 'NONE',  ( -1.000000000000000000, 0.000000000000000000, 0.000000000000000000 ) ) ;
#6264 = DIRECTION ( 'NONE',  ( 0.000000000000000000, 0.000000000000000000, -1.000000000000000000 ) ) ;
#6265 = CARTESIAN_POINT ( 'NONE',  ( 11.00000000000000000, -32.00000000000000000, -17.00000000000000000 ) ) ;
#6266 = ORIENTED_EDGE ( 'NONE', *, *, #2471, .T. ) ;
#6267 = VERTEX_POINT ( 'NONE', #62 ) ;
#6268 = ORIENTED_EDGE ( 'NONE', *, *, #6131, .F. ) ;
#6269 = EDGE_CURVE ( 'NONE', #5947, #6144, #4803, .T. ) ;
#6270 = DIRECTION ( 'NONE',  ( -0.000000000000000000, -0.000000000000000000, 1.000000000000000000 ) ) ;
#6271 = DIRECTION ( 'NONE',  ( -1.000000000000000000, 0.000000000000000000, 0.000000000000000000 ) ) ;
#6272 = LINE ( 'NONE', #5755, #2618 ) ;
#6273 =( LENGTH_UNIT ( ) NAMED_UNIT ( * ) SI_UNIT ( .MILLI., .METRE. ) );
#6274 = CONICAL_SURFACE ( 'NONE', #6607, 1.849999999915780124, 0.7853981636816653733 ) ;
#6275 = DIRECTION ( 'NONE',  ( 1.000000000000000000, 0.000000000000000000, 0.000000000000000000 ) ) ;
#6276 = DIRECTION ( 'NONE',  ( 0.000000000000000000, 0.000000000000000000, -1.000000000000000000 ) ) ;
#6277 = AXIS2_PLACEMENT_3D ( 'NONE', #5020, #1411, #5538 ) ;
#6278 = VECTOR ( 'NONE', #1535, 1000.000000000000000 ) ;
#6279 = CYLINDRICAL_SURFACE ( 'NONE', #4630, 2.399999999999999467 ) ;
#6280 = CARTESIAN_POINT ( 'NONE',  ( -11.00000000000000000, 8.000000000000000000, -17.00000000000000000 ) ) ;
#6281 = ORIENTED_EDGE ( 'NONE', *, *, #5884, .F. ) ;
#6282 = CARTESIAN_POINT ( 'NONE',  ( 13.30355339059174824, 9.065075759508250286, -11.50000000000000178 ) ) ;
#6283 = EDGE_CURVE ( 'NONE', #5112, #3736, #3817, .T. ) ;
#6284 = DIRECTION ( 'NONE',  ( 0.000000000000000000, -1.000000000000000000, -0.000000000000000000 ) ) ;
#6285 = CIRCLE ( 'NONE', #5401, 12.00000000000000000 ) ;
#6286 = ORIENTED_EDGE ( 'NONE', *, *, #2136, .F. ) ;
#6287 = ORIENTED_EDGE ( 'NONE', *, *, #3950, .F. ) ;
#6288 = AXIS2_PLACEMENT_3D ( 'NONE', #6358, #3709, #5934 ) ;
#6289 = AXIS2_PLACEMENT_3D ( 'NONE', #727, #6456, #698 ) ;
#6290 = LINE ( 'NONE', #5829, #1631 ) ;
#6291 = PLANE ( 'NONE',  #2668 ) ;
#6292 = CARTESIAN_POINT ( 'NONE',  ( 12.06507575950677769, 10.30355339059149244, -10.79999999999999716 ) ) ;
#6293 = ADVANCED_FACE ( 'NONE', ( #3235, #6402 ), #1690, .T. ) ;
#6294 = ORIENTED_EDGE ( 'NONE', *, *, #3971, .F. ) ;
#6295 = FACE_BOUND ( 'NONE', #2774, .T. ) ;
#6296 = VECTOR ( 'NONE', #1873, 1000.000000000000000 ) ;
#6297 = EDGE_LOOP ( 'NONE', ( #1717, #5486, #2533, #5325, #1409, #5845 ) ) ;
#6298 = CIRCLE ( 'NONE', #2003, 0.5000000000000004441 ) ;
#6299 = VERTEX_POINT ( 'NONE', #6438 ) ;
#6300 = CARTESIAN_POINT ( 'NONE',  ( -12.84999999999999964, 8.000000000000000000, -10.80000000000000071 ) ) ;
#6301 = CARTESIAN_POINT ( 'NONE',  ( 9.699999999999999289, -32.00000000000000000, -17.00000000000000000 ) ) ;
#6302 = AXIS2_PLACEMENT_3D ( 'NONE', #207, #1200, #2303 ) ;
#6303 = CARTESIAN_POINT ( 'NONE',  ( -12.94999999999999929, -32.71152236891000342, -10.79999999999999716 ) ) ;
#6304 = EDGE_CURVE ( 'NONE', #3194, #5340, #5906, .T. ) ;
#6305 = ORIENTED_EDGE ( 'NONE', *, *, #4858, .F. ) ;
#6306 = FACE_OUTER_BOUND ( 'NONE', #6418, .T. ) ;
#6307 = ORIENTED_EDGE ( 'NONE', *, *, #4580, .T. ) ;
#6308 = CIRCLE ( 'NONE', #1691, 5.099999999999999645 ) ;
#6309 = CIRCLE ( 'NONE', #3119, 2.399999999999999467 ) ;
#6310 = DIRECTION ( 'NONE',  ( -0.000000000000000000, -0.000000000000000000, 1.000000000000000000 ) ) ;
#6311 = PLANE ( 'NONE',  #3996 ) ;
#6312 = CARTESIAN_POINT ( 'NONE',  ( -9.699999999999999289, -32.00000000000000000, -10.30000000000000071 ) ) ;
#6313 = ADVANCED_FACE ( 'NONE', ( #5526 ), #325, .T. ) ;
#6314 = DIRECTION ( 'NONE',  ( 0.000000000000000000, -0.000000000000000000, -1.000000000000000000 ) ) ;
#6315 = CARTESIAN_POINT ( 'NONE',  ( 12.94999999999999929, -32.71152236891000342, -10.79999999999999716 ) ) ;
#6316 = DIRECTION ( 'NONE',  ( -1.000000000000000000, 0.000000000000000000, -0.000000000000000000 ) ) ;
#6317 = VECTOR ( 'NONE', #5225, 1000.000000000000114 ) ;
#6318 = DIRECTION ( 'NONE',  ( -1.000000000000000000, -8.881784197001252323E-16, 0.000000000000000000 ) ) ;
#6319 = ORIENTED_EDGE ( 'NONE', *, *, #5563, .F. ) ;
#6320 = CARTESIAN_POINT ( 'NONE',  ( -7.808807792334983233, -8.894656841843579187, -12.44119220766500788 ) ) ;
#6321 = CARTESIAN_POINT ( 'NONE',  ( -11.00000000000000000, -32.00000000000000000, -10.80000000000000071 ) ) ;
#6322 = ORIENTED_EDGE ( 'NONE', *, *, #5773, .T. ) ;
#6323 = ADVANCED_FACE ( 'NONE', ( #1852 ), #5556, .T. ) ;
#6324 = LINE ( 'NONE', #4727, #1751 ) ;
#6325 = LINE ( 'NONE', #55, #2104 ) ;
#6326 = LINE ( 'NONE', #3782, #5715 ) ;
#6327 = ORIENTED_EDGE ( 'NONE', *, *, #5473, .F. ) ;
#6328 = ORIENTED_EDGE ( 'NONE', *, *, #6355, .F. ) ;
#6329 = ORIENTED_EDGE ( 'NONE', *, *, #2078, .T. ) ;
#6330 = DIRECTION ( 'NONE',  ( -1.000000000000000000, -0.000000000000000000, 0.000000000000000000 ) ) ;
#6331 = CARTESIAN_POINT ( 'NONE',  ( -14.25000000000000000, -19.80000000000000071, -11.50000000000000000 ) ) ;
#6332 = DIRECTION ( 'NONE',  ( 0.000000000000000000, 0.7071067811865483499, -0.7071067811865465735 ) ) ;
#6333 = ORIENTED_EDGE ( 'NONE', *, *, #2509, .T. ) ;
#6334 = CARTESIAN_POINT ( 'NONE',  ( 12.55000000000000071, 0.000000000000000000, -8.199999999999999289 ) ) ;
#6335 = CARTESIAN_POINT ( 'NONE',  ( -7.928094874415000604, -7.900000000000000355, -12.50000000000000355 ) ) ;
#6336 = ORIENTED_EDGE ( 'NONE', *, *, #2346, .T. ) ;
#6337 = ORIENTED_EDGE ( 'NONE', *, *, #2708, .T. ) ;
#6338 = ADVANCED_FACE ( 'NONE', ( #290 ), #2984, .F. ) ;
#6339 = DIRECTION ( 'NONE',  ( 1.000000000000000000, 0.000000000000000000, -0.000000000000000000 ) ) ;
#6340 = PLANE ( 'NONE',  #4313 ) ;
#6341 = CARTESIAN_POINT ( 'NONE',  ( 8.349999999999999645, -19.30000000000000426, -8.699999999999999289 ) ) ;
#6342 = PRODUCT_CONTEXT ( 'NONE', #3291, 'mechanical' ) ;
#6343 = VECTOR ( 'NONE', #2133, 999.9999999999998863 ) ;
#6344 = CARTESIAN_POINT ( 'NONE',  ( 11.00000000000000000, 8.000000000000000000, -17.00000000000000000 ) ) ;
#6345 = CARTESIAN_POINT ( 'NONE',  ( 0.000000000000000000, 9.750000000000000000, -15.50000000000000000 ) ) ;
#6346 = EDGE_CURVE ( 'NONE', #3487, #6488, #6191, .T. ) ;
#6347 = EDGE_CURVE ( 'NONE', #5669, #6744, #6606, .T. ) ;
#6348 = VERTEX_POINT ( 'NONE', #2464 ) ;
#6349 = DIRECTION ( 'NONE',  ( 0.000000000000000000, -0.000000000000000000, -1.000000000000000000 ) ) ;
#6350 = DIRECTION ( 'NONE',  ( 1.000000000000000000, 0.000000000000000000, 0.000000000000000000 ) ) ;
#6351 = ORIENTED_EDGE ( 'NONE', *, *, #4277, .F. ) ;
#6352 = CARTESIAN_POINT ( 'NONE',  ( 13.44999999999999929, -8.400000000000002132, -11.50000000000000178 ) ) ;
#6353 = LINE ( 'NONE', #4123, #6512 ) ;
#6354 = ORIENTED_EDGE ( 'NONE', *, *, #321, .T. ) ;
#6355 = EDGE_CURVE ( 'NONE', #2407, #2029, #2919, .T. ) ;
#6356 = CIRCLE ( 'NONE', #1632, 0.1999999999999996503 ) ;
#6357 = DIRECTION ( 'NONE',  ( 1.000000000000000000, 0.000000000000000000, 0.000000000000000000 ) ) ;
#6358 = CARTESIAN_POINT ( 'NONE',  ( 0.000000000000000000, 0.000000000000000000, -15.50000000000000000 ) ) ;
#6359 = PLANE ( 'NONE',  #3523 ) ;
#6360 = ORIENTED_EDGE ( 'NONE', *, *, #3408, .F. ) ;
#6361 = EDGE_CURVE ( 'NONE', #4430, #5242, #364, .T. ) ;
#6362 = ORIENTED_EDGE ( 'NONE', *, *, #1996, .F. ) ;
#6363 = VECTOR ( 'NONE', #2116, 1000.000000000000000 ) ;
#6364 = VECTOR ( 'NONE', #4401, 1000.000000000000000 ) ;
#6365 = EDGE_LOOP ( 'NONE', ( #2371, #6712 ) ) ;
#6366 = DIRECTION ( 'NONE',  ( -0.000000000000000000, -0.000000000000000000, -1.000000000000000000 ) ) ;
#6367 = DIRECTION ( 'NONE',  ( -0.000000000000000000, -1.000000000000000000, 0.000000000000000000 ) ) ;
#6368 = DIRECTION ( 'NONE',  ( -1.000000000000000000, 0.000000000000000000, 0.000000000000000000 ) ) ;
#6369 = ORIENTED_EDGE ( 'NONE', *, *, #3458, .T. ) ;
#6370 = FACE_OUTER_BOUND ( 'NONE', #3913, .T. ) ;
#6371 = CARTESIAN_POINT ( 'NONE',  ( -4.020000000000001350, 9.750000000000000000, -13.00000000000000178 ) ) ;
#6372 = ADVANCED_FACE ( 'NONE', ( #1397 ), #810, .F. ) ;
#6373 = ORIENTED_EDGE ( 'NONE', *, *, #1252, .F. ) ;
#6374 = ORIENTED_EDGE ( 'NONE', *, *, #5198, .F. ) ;
#6375 = FACE_OUTER_BOUND ( 'NONE', #1854, .T. ) ;
#6376 = FACE_OUTER_BOUND ( 'NONE', #6149, .T. ) ;
#6377 = FACE_OUTER_BOUND ( 'NONE', #6398, .T. ) ;
#6378 = EDGE_CURVE ( 'NONE', #5252, #6389, #4979, .T. ) ;
#6379 = PLANE ( 'NONE',  #443 ) ;
#6380 = CARTESIAN_POINT ( 'NONE',  ( 8.050000000000000711, -13.05000000000000071, -12.19999999999999929 ) ) ;
#6381 = ORIENTED_EDGE ( 'NONE', *, *, #4285, .F. ) ;
#6382 = FACE_OUTER_BOUND ( 'NONE', #3790, .T. ) ;
#6383 = CARTESIAN_POINT ( 'NONE',  ( 12.94999999999999929, -32.71152236891000342, -61.32240000000000890 ) ) ;
#6384 = EDGE_LOOP ( 'NONE', ( #6682, #5703 ) ) ;
#6385 = CARTESIAN_POINT ( 'NONE',  ( -7.868331666858773943, -8.900000000000002132, -12.38166833314121895 ) ) ;
#6386 = ADVANCED_FACE ( 'NONE', ( #5080 ), #2361, .T. ) ;
#6387 = DIRECTION ( 'NONE',  ( -0.000000000000000000, -0.000000000000000000, -1.000000000000000000 ) ) ;
#6388 = AXIS2_PLACEMENT_3D ( 'NONE', #1903, #33, #2128 ) ;
#6389 = VERTEX_POINT ( 'NONE', #3410 ) ;
#6390 = LINE ( 'NONE', #3908, #4490 ) ;
#6391 = CARTESIAN_POINT ( 'NONE',  ( 7.024736428838999736, -8.335171464271999398, -17.00000000000000000 ) ) ;
#6392 = CIRCLE ( 'NONE', #1881, 0.1999999999999996503 ) ;
#6393 = CARTESIAN_POINT ( 'NONE',  ( -11.00000000000000000, -32.00000000000000000, -14.19999999999999929 ) ) ;
#6394 = EDGE_CURVE ( 'NONE', #4992, #2667, #6308, .T. ) ;
#6395 = ORIENTED_EDGE ( 'NONE', *, *, #275, .F. ) ;
#6396 = VECTOR ( 'NONE', #1981, 1000.000000000000000 ) ;
#6397 = ORIENTED_EDGE ( 'NONE', *, *, #6663, .T. ) ;
#6398 = EDGE_LOOP ( 'NONE', ( #4292, #4409, #1716, #3241 ) ) ;
#6399 = CIRCLE ( 'NONE', #3538, 1.300000000000000711 ) ;
#6400 = AXIS2_PLACEMENT_3D ( 'NONE', #2479, #4515, #6130 ) ;
#6401 = LINE ( 'NONE', #535, #6473 ) ;
#6402 = FACE_OUTER_BOUND ( 'NONE', #4139, .T. ) ;
#6403 = DIRECTION ( 'NONE',  ( -1.000000000000000000, 0.000000000000000000, 0.000000000000000000 ) ) ;
#6404 = AXIS2_PLACEMENT_3D ( 'NONE', #5027, #3910, #2970 ) ;
#6405 = EDGE_LOOP ( 'NONE', ( #4886, #1022 ) ) ;
#6406 = CARTESIAN_POINT ( 'NONE',  ( 13.44999999999999929, 8.711522368915000314, -61.32240000000000890 ) ) ;
#6407 = AXIS2_PLACEMENT_3D ( 'NONE', #380, #4586, #4482 ) ;
#6408 = CARTESIAN_POINT ( 'NONE',  ( -11.71152236890999987, -34.45000000000000284, -10.80000000000000071 ) ) ;
#6409 = VERTEX_POINT ( 'NONE', #1883 ) ;
#6410 = VERTEX_POINT ( 'NONE', #4466 ) ;
#6411 = AXIS2_PLACEMENT_3D ( 'NONE', #991, #5119, #504 ) ;
#6412 = FACE_OUTER_BOUND ( 'NONE', #232, .T. ) ;
#6413 = ADVANCED_FACE ( 'NONE', ( #3374 ), #3921, .T. ) ;
#6414 = CARTESIAN_POINT ( 'NONE',  ( 0.000000000000000000, 0.000000000000000000, -12.50000000000000000 ) ) ;
#6415 = FACE_OUTER_BOUND ( 'NONE', #1314, .T. ) ;
#6416 = CARTESIAN_POINT ( 'NONE',  ( -6.188644158678537011, -6.883275787780689825, -61.32240000000000890 ) ) ;
#6417 = VECTOR ( 'NONE', #1292, 1000.000000000000000 ) ;
#6418 = EDGE_LOOP ( 'NONE', ( #3086, #4614, #3058, #4471, #3422, #2544, #2084 ) ) ;
#6419 =( GEOMETRIC_REPRESENTATION_CONTEXT ( 3 ) GLOBAL_UNCERTAINTY_ASSIGNED_CONTEXT ( ( #5303 ) ) GLOBAL_UNIT_ASSIGNED_CONTEXT ( ( #3952, #4903, #4429 ) ) REPRESENTATION_CONTEXT ( 'NONE', 'WORKASPACE' ) );
#6420 = CARTESIAN_POINT ( 'NONE',  ( -8.550000000000000711, -19.10000000000000142, -4.700000000000000178 ) ) ;
#6421 = ORIENTED_EDGE ( 'NONE', *, *, #3154, .F. ) ;
#6422 = CARTESIAN_POINT ( 'NONE',  ( 7.458027997690001243, -8.085655099351999553, -15.50000000000000000 ) ) ;
#6423 = EDGE_CURVE ( 'NONE', #2547, #3717, #229, .T. ) ;
#6424 = CARTESIAN_POINT ( 'NONE',  ( -11.00000000000000000, 8.000000000000000000, -10.30000000000000071 ) ) ;
#6425 = DIRECTION ( 'NONE',  ( -1.000000000000000000, 0.000000000000000000, 0.000000000000000000 ) ) ;
#6426 = CARTESIAN_POINT ( 'NONE',  ( -11.00000000000000000, 8.000000000000000000, -10.40000000000000213 ) ) ;
#6427 = VERTEX_POINT ( 'NONE', #776 ) ;
#6428 = EDGE_CURVE ( 'NONE', #398, #2301, #3992, .T. ) ;
#6429 = DIRECTION ( 'NONE',  ( -0.000000000000000000, 0.000000000000000000, -1.000000000000000000 ) ) ;
#6430 = DIRECTION ( 'NONE',  ( -1.000000000000000000, -0.000000000000000000, 0.000000000000000000 ) ) ;
#6431 = DIRECTION ( 'NONE',  ( 0.000000000000000000, -0.000000000000000000, 1.000000000000000000 ) ) ;
#6432 = ORIENTED_EDGE ( 'NONE', *, *, #188, .F. ) ;
#6433 = ORIENTED_EDGE ( 'NONE', *, *, #3299, .T. ) ;
#6434 = ORIENTED_EDGE ( 'NONE', *, *, #3950, .T. ) ;
#6435 = EDGE_CURVE ( 'NONE', #5947, #2184, #692, .T. ) ;
#6436 = EDGE_CURVE ( 'NONE', #5138, #3231, #1017, .T. ) ;
#6437 = DIRECTION ( 'NONE',  ( 0.000000000000000000, 0.000000000000000000, 1.000000000000000000 ) ) ;
#6438 = CARTESIAN_POINT ( 'NONE',  ( 10.35000000001036824, 0.000000000000000000, -10.09999999996580300 ) ) ;
#6439 = CYLINDRICAL_SURFACE ( 'NONE', #3428, 0.1999999999999996503 ) ;
#6440 = ORIENTED_EDGE ( 'NONE', *, *, #1814, .F. ) ;
#6441 = CARTESIAN_POINT ( 'NONE',  ( -8.849999999999999645, -10.40000000000000213, -10.79999999999999893 ) ) ;
#6442 = CARTESIAN_POINT ( 'NONE',  ( -8.349999999999999645, -17.80000000000000071, -10.80000000000000071 ) ) ;
#6443 = ORIENTED_EDGE ( 'NONE', *, *, #1336, .T. ) ;
#6444 = VERTEX_POINT ( 'NONE', #496 ) ;
#6445 = AXIS2_PLACEMENT_3D ( 'NONE', #3928, #1891, #3481 ) ;
#6446 = CARTESIAN_POINT ( 'NONE',  ( 6.188644158677999663, -6.883275787780999799, -14.69999999999999929 ) ) ;
#6447 = LINE ( 'NONE', #1730, #5301 ) ;
#6448 = FACE_OUTER_BOUND ( 'NONE', #4155, .T. ) ;
#6449 = CYLINDRICAL_SURFACE ( 'NONE', #2872, 0.1999999999999996503 ) ;
#6450 = VERTEX_POINT ( 'NONE', #5631 ) ;
#6451 = EDGE_CURVE ( 'NONE', #58, #2929, #6255, .T. ) ;
#6452 = DIRECTION ( 'NONE',  ( 1.000000000000000000, 0.000000000000000000, 0.000000000000000000 ) ) ;
#6453 = ORIENTED_EDGE ( 'NONE', *, *, #2528, .T. ) ;
#6454 = CARTESIAN_POINT ( 'NONE',  ( -7.349999999999999645, -7.900000000000000355, -8.199999999999999289 ) ) ;
#6455 = AXIS2_PLACEMENT_3D ( 'NONE', #543, #6270, #1550 ) ;
#6456 = DIRECTION ( 'NONE',  ( -0.7071067811865475727, 0.7071067811865475727, 0.000000000000000000 ) ) ;
#6457 = CARTESIAN_POINT ( 'NONE',  ( 12.75000000007230483, -32.00000000000000000, -10.30000000010386429 ) ) ;
#6458 = CARTESIAN_POINT ( 'NONE',  ( 11.75000000000000000, 0.000000000000000000, -10.19999999999999929 ) ) ;
#6459 = ADVANCED_FACE ( 'NONE', ( #2596 ), #6221, .T. ) ;
#6460 = VECTOR ( 'NONE', #4507, 1000.000000000000227 ) ;
#6461 = VERTEX_POINT ( 'NONE', #3638 ) ;
#6462 = CARTESIAN_POINT ( 'NONE',  ( -9.699999999999999289, -32.00000000000000000, -17.00000000000000000 ) ) ;
#6463 = DIRECTION ( 'NONE',  ( 0.000000000000000000, 0.000000000000000000, -1.000000000000000000 ) ) ;
#6464 = VERTEX_POINT ( 'NONE', #1571 ) ;
#6465 = EDGE_CURVE ( 'NONE', #4733, #6348, #3677, .T. ) ;
#6466 = VERTEX_POINT ( 'NONE', #1501 ) ;
#6467 = VERTEX_POINT ( 'NONE', #4664 ) ;
#6468 = CYLINDRICAL_SURFACE ( 'NONE', #6016, 1.850000000000000977 ) ;
#6469 = DIRECTION ( 'NONE',  ( -0.000000000000000000, -0.000000000000000000, 1.000000000000000000 ) ) ;
#6470 = CARTESIAN_POINT ( 'NONE',  ( 11.00000000000000000, -32.00000000000000000, -10.39999999989049684 ) ) ;
#6471 = EDGE_LOOP ( 'NONE', ( #3414, #5708, #755, #1887, #2352, #2715, #245, #6738, #1177, #5273, #390, #2292 ) ) ;
#6472 = DIRECTION ( 'NONE',  ( 0.000000000000000000, -0.000000000000000000, 1.000000000000000000 ) ) ;
#6473 = VECTOR ( 'NONE', #4230, 1000.000000000000000 ) ;
#6474 = AXIS2_PLACEMENT_3D ( 'NONE', #2761, #1274, #1770 ) ;
#6475 = FACE_OUTER_BOUND ( 'NONE', #4291, .T. ) ;
#6476 = ADVANCED_FACE ( 'NONE', ( #5181 ), #6291, .F. ) ;
#6477 = ORIENTED_EDGE ( 'NONE', *, *, #2613, .F. ) ;
#6478 = ORIENTED_EDGE ( 'NONE', *, *, #529, .T. ) ;
#6479 = VECTOR ( 'NONE', #3780, 1000.000000000000000 ) ;
#6480 = CARTESIAN_POINT ( 'NONE',  ( -3.483934743577007609, -2.186478501046062561, -14.80000000000000071 ) ) ;
#6481 = DIRECTION ( 'NONE',  ( 0.2588190451026599059, 0.9659258262890310087, 0.000000000000000000 ) ) ;
#6482 = AXIS2_PLACEMENT_3D ( 'NONE', #6205, #4714, #3143 ) ;
#6483 = EDGE_CURVE ( 'NONE', #1598, #3439, #5698, .T. ) ;
#6484 = DIRECTION ( 'NONE',  ( 0.000000000000000000, 0.000000000000000000, -1.000000000000000000 ) ) ;
#6485 = ADVANCED_FACE ( 'NONE', ( #2017 ), #983, .F. ) ;
#6486 = ORIENTED_EDGE ( 'NONE', *, *, #5985, .T. ) ;
#6487 = DIRECTION ( 'NONE',  ( -1.000000000000000000, 0.000000000000000000, 0.000000000000000000 ) ) ;
#6488 = VERTEX_POINT ( 'NONE', #4190 ) ;
#6489 = LINE ( 'NONE', #4825, #5732 ) ;
#6490 = CARTESIAN_POINT ( 'NONE',  ( -10.44999999999999929, -9.099999999999999645, -10.69999999999999929 ) ) ;
#6491 = CARTESIAN_POINT ( 'NONE',  ( -12.25000000000000000, -35.25000000000000000, 0.000000000000000000 ) ) ;
#6492 = DIRECTION ( 'NONE',  ( 1.000000000000000000, 0.000000000000000000, 0.000000000000000000 ) ) ;
#6493 = ORIENTED_EDGE ( 'NONE', *, *, #3473, .T. ) ;
#6494 = AXIS2_PLACEMENT_3D ( 'NONE', #88, #2254, #4289 ) ;
#6495 = EDGE_CURVE ( 'NONE', #5040, #3682, #1946, .T. ) ;
#6496 = EDGE_CURVE ( 'NONE', #5637, #3807, #4062, .T. ) ;
#6497 = CARTESIAN_POINT ( 'NONE',  ( 0.000000000000000000, 0.000000000000000000, -15.50000000000000000 ) ) ;
#6498 = CARTESIAN_POINT ( 'NONE',  ( -1.919391177642474799, -1.969374902650487202, -61.32240000000000890 ) ) ;
#6499 = STYLED_ITEM ( 'NONE', ( #6002 ), #2643 ) ;
#6500 = ORIENTED_EDGE ( 'NONE', *, *, #4847, .F. ) ;
#6501 = VECTOR ( 'NONE', #2805, 1000.000000000000000 ) ;
#6502 = ORIENTED_EDGE ( 'NONE', *, *, #1414, .F. ) ;
#6503 = ORIENTED_EDGE ( 'NONE', *, *, #6346, .F. ) ;
#6504 = AXIS2_PLACEMENT_3D ( 'NONE', #4031, #883, #779 ) ;
#6505 = CARTESIAN_POINT ( 'NONE',  ( -7.928094874415000604, -8.900000000000000355, -17.00000000000000000 ) ) ;
#6506 = EDGE_CURVE ( 'NONE', #6798, #3292, #1470, .T. ) ;
#6507 = CARTESIAN_POINT ( 'NONE',  ( -12.94999999999999929, -32.71152236891000342, -61.32240000000000890 ) ) ;
#6508 = DIRECTION ( 'NONE',  ( 0.000000000000000000, 1.000000000000000000, 0.000000000000000000 ) ) ;
#6509 = ORIENTED_EDGE ( 'NONE', *, *, #6771, .F. ) ;
#6510 = DIRECTION ( 'NONE',  ( -1.000000000000000000, 0.000000000000000000, 0.000000000000000000 ) ) ;
#6511 = PLANE ( 'NONE',  #5471 ) ;
#6512 = VECTOR ( 'NONE', #458, 1000.000000000000000 ) ;
#6513 = ORIENTED_EDGE ( 'NONE', *, *, #6539, .F. ) ;
#6514 = AXIS2_PLACEMENT_3D ( 'NONE', #5892, #3734, #5444 ) ;
#6515 = ORIENTED_EDGE ( 'NONE', *, *, #2954, .F. ) ;
#6516 = CARTESIAN_POINT ( 'NONE',  ( 9.699999999999999289, -32.00000000000000000, -10.30000000000000071 ) ) ;
#6517 = ADVANCED_FACE ( 'NONE', ( #2530 ), #3158, .T. ) ;
#6518 = CIRCLE ( 'NONE', #2326, 0.1999999999999996503 ) ;
#6519 = VECTOR ( 'NONE', #5033, 1000.000000000000000 ) ;
#6520 = DIRECTION ( 'NONE',  ( 0.000000000000000000, 0.000000000000000000, 1.000000000000000000 ) ) ;
#6521 = AXIS2_PLACEMENT_3D ( 'NONE', #6660, #6133, #6065 ) ;
#6522 = PLANE ( 'NONE',  #855 ) ;
#6523 = ORIENTED_EDGE ( 'NONE', *, *, #874, .T. ) ;
#6524 = DIRECTION ( 'NONE',  ( -1.000000000000000000, 0.000000000000000000, -0.000000000000000000 ) ) ;
#6525 = ORIENTED_EDGE ( 'NONE', *, *, #1831, .T. ) ;
#6526 = CIRCLE ( 'NONE', #4867, 1.300000000000000711 ) ;
#6527 = DIRECTION ( 'NONE',  ( -1.000000000000000000, 0.000000000000000000, 0.000000000000000000 ) ) ;
#6528 = CARTESIAN_POINT ( 'NONE',  ( -10.50000000000000000, 0.000000000000000000, -15.10999999999999943 ) ) ;
#6529 = EDGE_CURVE ( 'NONE', #5628, #2343, #916, .T. ) ;
#6530 = EDGE_CURVE ( 'NONE', #3137, #3306, #4635, .T. ) ;
#6531 = DIRECTION ( 'NONE',  ( 1.000000000000000000, 0.000000000000000000, -0.000000000000000000 ) ) ;
#6532 = CARTESIAN_POINT ( 'NONE',  ( -4.745799319780807046, -3.832412923520640557, -15.19999999999999751 ) ) ;
#6533 = ORIENTED_EDGE ( 'NONE', *, *, #593, .T. ) ;
#6534 = CARTESIAN_POINT ( 'NONE',  ( -8.599999999999999645, 8.000000000000000000, -17.00000000000000000 ) ) ;
#6535 = DIRECTION ( 'NONE',  ( 0.000000000000000000, 0.000000000000000000, -1.000000000000000000 ) ) ;
#6536 = VERTEX_POINT ( 'NONE', #6707 ) ;
#6537 = ORIENTED_EDGE ( 'NONE', *, *, #3730, .F. ) ;
#6538 = VERTEX_POINT ( 'NONE', #426 ) ;
#6539 = EDGE_CURVE ( 'NONE', #2667, #5040, #4158, .T. ) ;
#6540 = CARTESIAN_POINT ( 'NONE',  ( 8.849999999999999645, -10.40000000000000213, -10.79999999999999893 ) ) ;
#6541 = CIRCLE ( 'NONE', #371, 1.850000000000000977 ) ;
#6542 = DIRECTION ( 'NONE',  ( 1.000000000000000000, 0.000000000000000000, 0.000000000000000000 ) ) ;
#6543 = CARTESIAN_POINT ( 'NONE',  ( 10.44999999999999929, -19.10000000000000142, -10.69999999999999929 ) ) ;
#6544 = ORIENTED_EDGE ( 'NONE', *, *, #2999, .T. ) ;
#6545 = CARTESIAN_POINT ( 'NONE',  ( -9.099999999999999645, 0.000000000000000000, -15.50000000000000000 ) ) ;
#6546 = ORIENTED_EDGE ( 'NONE', *, *, #469, .F. ) ;
#6547 = ORIENTED_EDGE ( 'NONE', *, *, #1639, .F. ) ;
#6548 = EDGE_CURVE ( 'NONE', #3095, #6734, #1979, .T. ) ;
#6549 = DIRECTION ( 'NONE',  ( 0.000000000000000000, 0.000000000000000000, 1.000000000000000000 ) ) ;
#6550 = DIRECTION ( 'NONE',  ( -1.000000000000000000, -0.000000000000000000, 0.000000000000000000 ) ) ;
#6551 = DIRECTION ( 'NONE',  ( -0.000000000000000000, -0.000000000000000000, 1.000000000000000000 ) ) ;
#6552 = EDGE_LOOP ( 'NONE', ( #3020, #1437, #2942, #3602 ) ) ;
#6553 = CARTESIAN_POINT ( 'NONE',  ( 0.000000000000000000, 0.000000000000000000, -11.50000000000000000 ) ) ;
#6554 = VERTEX_POINT ( 'NONE', #1181 ) ;
#6555 = DIRECTION ( 'NONE',  ( -0.000000000000000000, -0.000000000000000000, -1.000000000000000000 ) ) ;
#6556 = FACE_OUTER_BOUND ( 'NONE', #2633, .T. ) ;
#6557 = PLANE ( 'NONE',  #2750 ) ;
#6558 = DIRECTION ( 'NONE',  ( 0.000000000000000000, -0.000000000000000000, -1.000000000000000000 ) ) ;
#6559 = CARTESIAN_POINT ( 'NONE',  ( 0.000000000000000000, 0.000000000000000000, -14.19999999999999929 ) ) ;
#6560 = EDGE_CURVE ( 'NONE', #5194, #877, #667, .T. ) ;
#6561 = EDGE_CURVE ( 'NONE', #2746, #3925, #5868, .T. ) ;
#6562 = EDGE_LOOP ( 'NONE', ( #4074, #5531, #6546, #5558 ) ) ;
#6563 = DIRECTION ( 'NONE',  ( 1.000000000000000000, 0.000000000000000000, 0.000000000000000000 ) ) ;
#6564 = DIRECTION ( 'NONE',  ( 1.000000000000000000, 0.000000000000000000, 0.000000000000000000 ) ) ;
#6565 = LINE ( 'NONE', #2810, #2306 ) ;
#6566 = AXIS2_PLACEMENT_3D ( 'NONE', #5048, #785, #4547 ) ;
#6567 = EDGE_CURVE ( 'NONE', #2044, #4430, #21, .T. ) ;
#6568 = ORIENTED_EDGE ( 'NONE', *, *, #6436, .T. ) ;
#6569 = ORIENTED_EDGE ( 'NONE', *, *, #628, .F. ) ;
#6570 = CARTESIAN_POINT ( 'NONE',  ( 0.000000000000000000, 0.000000000000000000, -15.19999999999999929 ) ) ;
#6571 = CARTESIAN_POINT ( 'NONE',  ( 8.550000000000000711, -9.099999999999999645, -7.700000000000000178 ) ) ;
#6572 = CARTESIAN_POINT ( 'NONE',  ( 8.849999999999999645, -17.80000000000000071, -10.80000000000000071 ) ) ;
#6573 = ORIENTED_EDGE ( 'NONE', *, *, #682, .F. ) ;
#6574 = LINE ( 'NONE', #3478, #5505 ) ;
#6575 = VERTEX_POINT ( 'NONE', #4224 ) ;
#6576 = ORIENTED_EDGE ( 'NONE', *, *, #5370, .F. ) ;
#6577 = DIRECTION ( 'NONE',  ( -0.000000000000000000, -1.000000000000000000, -0.000000000000000000 ) ) ;
#6578 = AXIS2_PLACEMENT_3D ( 'NONE', #5525, #775, #3443 ) ;
#6579 = VECTOR ( 'NONE', #6731, 1000.000000000000000 ) ;
#6580 = CARTESIAN_POINT ( 'NONE',  ( -14.25000000000000000, -19.29999999999999716, 0.000000000000000000 ) ) ;
#6581 = CARTESIAN_POINT ( 'NONE',  ( 13.44999999999999929, -8.400000000000002132, -10.80000000000000071 ) ) ;
#6582 = EDGE_CURVE ( 'NONE', #4565, #2226, #4854, .T. ) ;
#6583 = ORIENTED_EDGE ( 'NONE', *, *, #3242, .T. ) ;
#6584 = VECTOR ( 'NONE', #4549, 1000.000000000000000 ) ;
#6585 = DIRECTION ( 'NONE',  ( 0.000000000000000000, 0.000000000000000000, -1.000000000000000000 ) ) ;
#6586 = ORIENTED_EDGE ( 'NONE', *, *, #2613, .T. ) ;
#6587 = CIRCLE ( 'NONE', #2845, 0.5000000000000004441 ) ;
#6588 = VECTOR ( 'NONE', #3222, 1000.000000000000000 ) ;
#6589 = VECTOR ( 'NONE', #6169, 1000.000000000000000 ) ;
#6590 = CARTESIAN_POINT ( 'NONE',  ( 11.75000000000000000, 0.000000000000000000, -10.80000000000000071 ) ) ;
#6591 = CARTESIAN_POINT ( 'NONE',  ( -0.6999999999999999556, 3.051732376126000457, -15.69999999999999929 ) ) ;
#6592 = DIRECTION ( 'NONE',  ( 1.000000000000000000, 0.000000000000000000, 0.000000000000000000 ) ) ;
#6593 = EDGE_CURVE ( 'NONE', #6536, #439, #1603, .T. ) ;
#6594 = CARTESIAN_POINT ( 'NONE',  ( 8.349999999999999645, -10.40000000000000036, -11.90000000000000036 ) ) ;
#6595 = CARTESIAN_POINT ( 'NONE',  ( -4.590199342083000289, -3.706760040782000054, -15.19999999999999751 ) ) ;
#6596 = VERTEX_POINT ( 'NONE', #1152 ) ;
#6597 = CARTESIAN_POINT ( 'NONE',  ( -4.841163111756110027, -4.543340381124935767, -17.00000000000000000 ) ) ;
#6598 = CARTESIAN_POINT ( 'NONE',  ( 0.000000000000000000, 0.000000000000000000, -15.10999999999999943 ) ) ;
#6599 = EDGE_CURVE ( 'NONE', #5814, #5156, #87, .T. ) ;
#6600 = PLANE ( 'NONE',  #673 ) ;
#6601 = DIRECTION ( 'NONE',  ( 0.000000000000000000, 0.000000000000000000, 1.000000000000000000 ) ) ;
#6602 = ORIENTED_EDGE ( 'NONE', *, *, #3700, .T. ) ;
#6603 = EDGE_LOOP ( 'NONE', ( #2951, #4800, #672, #5470 ) ) ;
#6604 = PLANE ( 'NONE',  #5911 ) ;
#6605 = EDGE_CURVE ( 'NONE', #2423, #1734, #5384, .T. ) ;
#6606 = LINE ( 'NONE', #5589, #467 ) ;
#6607 = AXIS2_PLACEMENT_3D ( 'NONE', #2297, #5397, #4400 ) ;
#6608 = LINE ( 'NONE', #6543, #5945 ) ;
#6609 = ORIENTED_EDGE ( 'NONE', *, *, #1252, .T. ) ;
#6610 = CARTESIAN_POINT ( 'NONE',  ( 0.000000000000000000, 0.000000000000000000, -17.00000000000000000 ) ) ;
#6611 = VERTEX_POINT ( 'NONE', #4729 ) ;
#6612 = ORIENTED_EDGE ( 'NONE', *, *, #4777, .F. ) ;
#6613 = AXIS2_PLACEMENT_3D ( 'NONE', #4063, #1572, #6743 ) ;
#6614 = CARTESIAN_POINT ( 'NONE',  ( 0.000000000000000000, 0.000000000000000000, -14.80000000000000071 ) ) ;
#6615 = LINE ( 'NONE', #6580, #4969 ) ;
#6616 = DIRECTION ( 'NONE',  ( -0.000000000000000000, 0.000000000000000000, -1.000000000000000000 ) ) ;
#6617 = ORIENTED_EDGE ( 'NONE', *, *, #5289, .T. ) ;
#6618 = VECTOR ( 'NONE', #5592, 1000.000000000000000 ) ;
#6619 = DIRECTION ( 'NONE',  ( 0.4990327298407822298, -0.8665831377009691749, -0.000000000000000000 ) ) ;
#6620 = ORIENTED_EDGE ( 'NONE', *, *, #5440, .F. ) ;
#6621 = EDGE_CURVE ( 'NONE', #4221, #2222, #4256, .T. ) ;
#6622 = CIRCLE ( 'NONE', #6729, 0.5000000000000004441 ) ;
#6623 = VECTOR ( 'NONE', #6564, 1000.000000000000000 ) ;
#6624 = AXIS2_PLACEMENT_3D ( 'NONE', #5638, #923, #6194 ) ;
#6625 = LINE ( 'NONE', #4481, #783 ) ;
#6626 = DIRECTION ( 'NONE',  ( -0.000000000000000000, -0.000000000000000000, 1.000000000000000000 ) ) ;
#6627 = CARTESIAN_POINT ( 'NONE',  ( -12.30000000000000071, 8.000000000000000000, -10.30000000000000071 ) ) ;
#6628 = CYLINDRICAL_SURFACE ( 'NONE', #438, 0.5000000000000004441 ) ;
#6629 = AXIS2_PLACEMENT_3D ( 'NONE', #2770, #3290, #626 ) ;
#6630 = CARTESIAN_POINT ( 'NONE',  ( 4.093089191076996869, -3.244290826557003626, -17.00000000000000000 ) ) ;
#6631 = AXIS2_PLACEMENT_3D ( 'NONE', #4010, #1379, #2966 ) ;
#6632 = ORIENTED_EDGE ( 'NONE', *, *, #4348, .T. ) ;
#6633 = EDGE_CURVE ( 'NONE', #423, #5782, #5425, .T. ) ;
#6634 = FACE_OUTER_BOUND ( 'NONE', #295, .T. ) ;
#6635 = AXIS2_PLACEMENT_3D ( 'NONE', #613, #174, #1267 ) ;
#6636 = PLANE ( 'NONE',  #5178 ) ;
#6637 = ORIENTED_EDGE ( 'NONE', *, *, #2247, .F. ) ;
#6638 = DIRECTION ( 'NONE',  ( -1.000000000000000000, 0.000000000000000000, -0.000000000000000000 ) ) ;
#6639 = ORIENTED_EDGE ( 'NONE', *, *, #1001, .F. ) ;
#6640 = VECTOR ( 'NONE', #5735, 1000.000000000000000 ) ;
#6641 = ORIENTED_EDGE ( 'NONE', *, *, #4572, .T. ) ;
#6642 = EDGE_CURVE ( 'NONE', #6201, #5629, #564, .T. ) ;
#6643 = CARTESIAN_POINT ( 'NONE',  ( -13.39999999999999858, 8.000000000000000000, -17.00000000000000000 ) ) ;
#6644 = DIRECTION ( 'NONE',  ( 0.000000000000000000, 0.000000000000000000, 1.000000000000000000 ) ) ;
#6645 = DIRECTION ( 'NONE',  ( -1.000000000000000000, 0.000000000000000000, -0.000000000000000000 ) ) ;
#6646 = VERTEX_POINT ( 'NONE', #632 ) ;
#6647 = LINE ( 'NONE', #846, #2095 ) ;
#6648 = ORIENTED_EDGE ( 'NONE', *, *, #6003, .F. ) ;
#6649 = ORIENTED_EDGE ( 'NONE', *, *, #6633, .T. ) ;
#6650 = EDGE_CURVE ( 'NONE', #3543, #3358, #3102, .T. ) ;
#6651 = ADVANCED_FACE ( 'NONE', ( #1745 ), #158, .T. ) ;
#6652 = CIRCLE ( 'NONE', #1144, 1.300000000000000711 ) ;
#6653 = DIRECTION ( 'NONE',  ( -1.000000000000000000, 0.000000000000000000, 0.000000000000000000 ) ) ;
#6654 = PLANE ( 'NONE',  #352 ) ;
#6655 = DIRECTION ( 'NONE',  ( -0.7071067811865474617, 0.000000000000000000, -0.7071067811865474617 ) ) ;
#6656 = ORIENTED_EDGE ( 'NONE', *, *, #344, .F. ) ;
#6657 = FACE_OUTER_BOUND ( 'NONE', #6365, .T. ) ;
#6658 = ORIENTED_EDGE ( 'NONE', *, *, #4674, .F. ) ;
#6659 = DIRECTION ( 'NONE',  ( -1.000000000000000000, 0.000000000000000000, 0.000000000000000000 ) ) ;
#6660 = CARTESIAN_POINT ( 'NONE',  ( 11.75000000000000000, 0.000000000000000000, -10.09999999996580300 ) ) ;
#6661 = FACE_OUTER_BOUND ( 'NONE', #1045, .T. ) ;
#6662 = DIRECTION ( 'NONE',  ( -0.000000000000000000, 1.000000000000000000, 0.000000000000000000 ) ) ;
#6663 = EDGE_CURVE ( 'NONE', #2343, #5814, #2737, .T. ) ;
#6664 = FACE_OUTER_BOUND ( 'NONE', #3101, .T. ) ;
#6665 = CARTESIAN_POINT ( 'NONE',  ( 10.44999999999999929, -19.10000000000000142, -4.700000000000000178 ) ) ;
#6666 = DIRECTION ( 'NONE',  ( 0.000000000000000000, 0.000000000000000000, -1.000000000000000000 ) ) ;
#6667 = VERTEX_POINT ( 'NONE', #2117 ) ;
#6668 = DIRECTION ( 'NONE',  ( 1.000000000000000000, 0.000000000000000000, -0.000000000000000000 ) ) ;
#6669 = EDGE_CURVE ( 'NONE', #57, #5524, #2253, .T. ) ;
#6670 = EDGE_CURVE ( 'NONE', #3337, #3580, #2629, .T. ) ;
#6671 = DIRECTION ( 'NONE',  ( 0.000000000000000000, 0.000000000000000000, -1.000000000000000000 ) ) ;
#6672 = ORIENTED_EDGE ( 'NONE', *, *, #4109, .F. ) ;
#6673 = EDGE_LOOP ( 'NONE', ( #5748, #5601, #4260, #2152 ) ) ;
#6674 = DIRECTION ( 'NONE',  ( -0.000000000000000000, -1.000000000000000000, -0.000000000000000000 ) ) ;
#6675 = AXIS2_PLACEMENT_3D ( 'NONE', #3726, #69, #143 ) ;
#6676 = CARTESIAN_POINT ( 'NONE',  ( 14.25000000000000000, -19.30000000000000071, -17.00000000000000000 ) ) ;
#6677 = PLANE ( 'NONE',  #1215 ) ;
#6678 = EDGE_CURVE ( 'NONE', #4297, #2274, #4288, .T. ) ;
#6679 = ORIENTED_EDGE ( 'NONE', *, *, #4572, .F. ) ;
#6680 = DIRECTION ( 'NONE',  ( 1.000000000000000000, 0.000000000000000000, 0.000000000000000000 ) ) ;
#6681 = VERTEX_POINT ( 'NONE', #4327 ) ;
#6682 = ORIENTED_EDGE ( 'NONE', *, *, #216, .T. ) ;
#6683 = DIRECTION ( 'NONE',  ( -0.000000000000000000, -0.000000000000000000, -1.000000000000000000 ) ) ;
#6684 = CARTESIAN_POINT ( 'NONE',  ( 6.995534289816738749, 9.749999999999907629, -13.70000000000000107 ) ) ;
#6685 = FACE_OUTER_BOUND ( 'NONE', #1727, .T. ) ;
#6686 = CARTESIAN_POINT ( 'NONE',  ( 10.35000000179999979, -19.10000000000000142, -7.700000000000000178 ) ) ;
#6687 = EDGE_CURVE ( 'NONE', #6467, #885, #6325, .T. ) ;
#6688 = EDGE_LOOP ( 'NONE', ( #2914, #5260, #2041, #5261 ) ) ;
#6689 = ORIENTED_EDGE ( 'NONE', *, *, #3574, .F. ) ;
#6690 = ORIENTED_EDGE ( 'NONE', *, *, #4847, .T. ) ;
#6691 = CARTESIAN_POINT ( 'NONE',  ( 7.749999999999992006, -8.884013320899214250, -12.50000000000000178 ) ) ;
#6692 = DIRECTION ( 'NONE',  ( 0.000000000000000000, 0.000000000000000000, 1.000000000000000000 ) ) ;
#6693 = DIRECTION ( 'NONE',  ( 1.000000000000000000, 0.000000000000000000, 0.000000000000000000 ) ) ;
#6694 = EDGE_CURVE ( 'NONE', #5782, #1114, #5280, .T. ) ;
#6695 = DIRECTION ( 'NONE',  ( -1.000000000000000000, 1.776356839400250465E-15, 0.000000000000000000 ) ) ;
#6696 = DIRECTION ( 'NONE',  ( -0.000000000000000000, -0.000000000000000000, -1.000000000000000000 ) ) ;
#6697 = AXIS2_PLACEMENT_3D ( 'NONE', #3849, #6084, #4500 ) ;
#6698 = AXIS2_PLACEMENT_3D ( 'NONE', #2452, #417, #4558 ) ;
#6699 = LINE ( 'NONE', #3147, #2501 ) ;
#6700 = DIRECTION ( 'NONE',  ( 0.000000000000000000, 0.000000000000000000, 1.000000000000000000 ) ) ;
#6701 = CARTESIAN_POINT ( 'NONE',  ( 5.164165701663045560, -4.576176636206751525, -15.19999999999999751 ) ) ;
#6702 = CARTESIAN_POINT ( 'NONE',  ( -5.164165701662909669, -4.576176636206631620, -14.69999999999999751 ) ) ;
#6703 = EDGE_LOOP ( 'NONE', ( #3537, #1246, #5123, #3923 ) ) ;
#6704 = VERTEX_POINT ( 'NONE', #4529 ) ;
#6705 = EDGE_CURVE ( 'NONE', #4778, #3690, #5620, .T. ) ;
#6706 = CARTESIAN_POINT ( 'NONE',  ( -14.25000000000000000, 0.000000000000000000, -11.50000000000000000 ) ) ;
#6707 = CARTESIAN_POINT ( 'NONE',  ( 4.048147724577252582, 8.150000000000000355, -14.69999999999999929 ) ) ;
#6708 = LINE ( 'NONE', #2597, #230 ) ;
#6709 = ORIENTED_EDGE ( 'NONE', *, *, #5972, .F. ) ;
#6710 = FACE_BOUND ( 'NONE', #1377, .T. ) ;
#6711 = ORIENTED_EDGE ( 'NONE', *, *, #6428, .F. ) ;
#6712 = ORIENTED_EDGE ( 'NONE', *, *, #3154, .T. ) ;
#6713 = EDGE_CURVE ( 'NONE', #5782, #3736, #4428, .T. ) ;
#6714 = DIRECTION ( 'NONE',  ( 0.000000000000000000, 0.000000000000000000, -1.000000000000000000 ) ) ;
#6715 = LINE ( 'NONE', #925, #3112 ) ;
#6716 = LINE ( 'NONE', #1582, #5650 ) ;
#6717 = ORIENTED_EDGE ( 'NONE', *, *, #61, .F. ) ;
#6718 = ORIENTED_EDGE ( 'NONE', *, *, #3931, .F. ) ;
#6719 = CIRCLE ( 'NONE', #4724, 6.900000000000000355 ) ;
#6720 = EDGE_LOOP ( 'NONE', ( #3607, #4552, #4480, #2846 ) ) ;
#6721 = EDGE_CURVE ( 'NONE', #3580, #5882, #731, .T. ) ;
#6722 = DIRECTION ( 'NONE',  ( 1.000000000000000000, 0.000000000000000000, 0.000000000000000000 ) ) ;
#6723 = AXIS2_PLACEMENT_3D ( 'NONE', #146, #4377, #691 ) ;
#6724 = DIRECTION ( 'NONE',  ( 0.000000000000000000, 0.000000000000000000, 1.000000000000000000 ) ) ;
#6725 = VECTOR ( 'NONE', #5002, 1000.000000000000000 ) ;
#6726 = LINE ( 'NONE', #5127, #3840 ) ;
#6727 = CARTESIAN_POINT ( 'NONE',  ( 12.25000000000000000, -35.25000000000000000, 0.000000000000000000 ) ) ;
#6728 = FACE_OUTER_BOUND ( 'NONE', #4270, .T. ) ;
#6729 = AXIS2_PLACEMENT_3D ( 'NONE', #3120, #5795, #51 ) ;
#6730 = AXIS2_PLACEMENT_3D ( 'NONE', #284, #1356, #2383 ) ;
#6731 = DIRECTION ( 'NONE',  ( -0.000000000000000000, 1.000000000000000000, 0.000000000000000000 ) ) ;
#6732 = EDGE_CURVE ( 'NONE', #4164, #5454, #6077, .T. ) ;
#6733 = DIRECTION ( 'NONE',  ( 0.000000000000000000, 0.000000000000000000, 1.000000000000000000 ) ) ;
#6734 = VERTEX_POINT ( 'NONE', #3951 ) ;
#6735 = AXIS2_PLACEMENT_3D ( 'NONE', #1208, #2766, #3907 ) ;
#6736 = CARTESIAN_POINT ( 'NONE',  ( -12.06507575950663913, -34.30355339059163811, -11.50000000000000355 ) ) ;
#6737 = DIRECTION ( 'NONE',  ( -0.000000000000000000, -0.000000000000000000, 1.000000000000000000 ) ) ;
#6738 = ORIENTED_EDGE ( 'NONE', *, *, #1373, .T. ) ;
#6739 = VERTEX_POINT ( 'NONE', #6534 ) ;
#6740 = AXIS2_PLACEMENT_3D ( 'NONE', #3109, #3175, #5229 ) ;
#6741 = DIRECTION ( 'NONE',  ( 0.000000000000000000, 0.000000000000000000, -1.000000000000000000 ) ) ;
#6742 = DIRECTION ( 'NONE',  ( 0.000000000000000000, 0.000000000000000000, -1.000000000000000000 ) ) ;
#6743 = DIRECTION ( 'NONE',  ( -1.000000000000000000, 0.000000000000000000, 0.000000000000000000 ) ) ;
#6744 = VERTEX_POINT ( 'NONE', #3400 ) ;
#6745 = FACE_OUTER_BOUND ( 'NONE', #1172, .T. ) ;
#6746 = ADVANCED_FACE ( 'NONE', ( #6038 ), #6636, .F. ) ;
#6747 = VERTEX_POINT ( 'NONE', #3914 ) ;
#6748 = EDGE_LOOP ( 'NONE', ( #6095, #280 ) ) ;
#6749 = DIRECTION ( 'NONE',  ( -1.000000000000000000, -0.000000000000000000, -0.000000000000000000 ) ) ;
#6750 = DIRECTION ( 'NONE',  ( -0.4990327298407822298, 0.8665831377009691749, 0.000000000000000000 ) ) ;
#6751 = CARTESIAN_POINT ( 'NONE',  ( 13.39999999999999858, 8.000000000000000000, -17.00000000000000000 ) ) ;
#6752 = ORIENTED_EDGE ( 'NONE', *, *, #4616, .T. ) ;
#6753 = ADVANCED_FACE ( 'NONE', ( #219 ), #254, .T. ) ;
#6754 = VERTEX_POINT ( 'NONE', #285 ) ;
#6755 = VERTEX_POINT ( 'NONE', #2320 ) ;
#6756 = DIRECTION ( 'NONE',  ( -0.000000000000000000, 0.000000000000000000, -1.000000000000000000 ) ) ;
#6757 = CARTESIAN_POINT ( 'NONE',  ( -10.44999999999999929, -9.099999999999999645, -7.700000000000000178 ) ) ;
#6758 = CARTESIAN_POINT ( 'NONE',  ( 0.000000000000000000, 0.000000000000000000, -15.19999999999999929 ) ) ;
#6759 = DIRECTION ( 'NONE',  ( -1.000000000000000000, 0.000000000000000000, -0.000000000000000000 ) ) ;
#6760 = DIRECTION ( 'NONE',  ( -0.7071067811865474617, 0.000000000000000000, -0.7071067811865474617 ) ) ;
#6761 = CARTESIAN_POINT ( 'NONE',  ( -11.00000000000000000, -32.00000000000000000, -10.80000000000000071 ) ) ;
#6762 = LINE ( 'NONE', #4150, #3107 ) ;
#6763 = DIRECTION ( 'NONE',  ( 0.000000000000000000, 0.000000000000000000, -1.000000000000000000 ) ) ;
#6764 = EDGE_CURVE ( 'NONE', #734, #6575, #1815, .T. ) ;
#6765 = FACE_OUTER_BOUND ( 'NONE', #5349, .T. ) ;
#6766 = EDGE_LOOP ( 'NONE', ( #555, #1156, #4041, #2915 ) ) ;
#6767 = ORIENTED_EDGE ( 'NONE', *, *, #1545, .T. ) ;
#6768 = LINE ( 'NONE', #2046, #3943 ) ;
#6769 = CARTESIAN_POINT ( 'NONE',  ( -8.349999999999999645, -17.80000000000000071, -10.80000000000000071 ) ) ;
#6770 = LINE ( 'NONE', #365, #5284 ) ;
#6771 = EDGE_CURVE ( 'NONE', #5524, #1223, #5954, .T. ) ;
#6772 = VERTEX_POINT ( 'NONE', #4902 ) ;
#6773 = DIRECTION ( 'NONE',  ( 0.7071067811865474617, 0.7071067811865474617, 0.000000000000000000 ) ) ;
#6774 = ORIENTED_EDGE ( 'NONE', *, *, #3721, .T. ) ;
#6775 = ORIENTED_EDGE ( 'NONE', *, *, #3299, .F. ) ;
#6776 = VECTOR ( 'NONE', #3033, 1000.000000000000000 ) ;
#6777 = FACE_OUTER_BOUND ( 'NONE', #6562, .T. ) ;
#6778 = LINE ( 'NONE', #2025, #4319 ) ;
#6779 = CARTESIAN_POINT ( 'NONE',  ( -1.807193283908999971E-13, -25.14999999999999858, -14.00000000000000000 ) ) ;
#6780 = ORIENTED_EDGE ( 'NONE', *, *, #1337, .T. ) ;
#6781 = ORIENTED_EDGE ( 'NONE', *, *, #3153, .T. ) ;
#6782 = VERTEX_POINT ( 'NONE', #6001 ) ;
#6783 = CARTESIAN_POINT ( 'NONE',  ( 4.019999999999999574, 11.25000000000000000, -10.80000000000000071 ) ) ;
#6784 = EDGE_CURVE ( 'NONE', #1368, #1481, #1388, .T. ) ;
#6785 = DIRECTION ( 'NONE',  ( 0.000000000000000000, -0.000000000000000000, 1.000000000000000000 ) ) ;
#6786 = CARTESIAN_POINT ( 'NONE',  ( 12.25000000000000000, 11.25000000000000000, 0.000000000000000000 ) ) ;
#6787 = CARTESIAN_POINT ( 'NONE',  ( 4.019999999999999574, 10.15000000000000036, -13.40000000000000213 ) ) ;
#6788 = DIRECTION ( 'NONE',  ( -0.000000000000000000, -1.000000000000000000, 0.000000000000000000 ) ) ;
#6789 = CARTESIAN_POINT ( 'NONE',  ( -13.44999999999999929, 8.711522368915002090, -10.80000000000000071 ) ) ;
#6790 = EDGE_CURVE ( 'NONE', #5053, #1419, #703, .T. ) ;
#6791 = PLANE ( 'NONE',  #895 ) ;
#6792 = VECTOR ( 'NONE', #3891, 1000.000000000000000 ) ;
#6793 = AXIS2_PLACEMENT_3D ( 'NONE', #6315, #5857, #1141 ) ;
#6794 = ORIENTED_EDGE ( 'NONE', *, *, #1608, .T. ) ;
#6795 = DIRECTION ( 'NONE',  ( 0.000000000000000000, 0.000000000000000000, -1.000000000000000000 ) ) ;
#6796 = DIRECTION ( 'NONE',  ( 0.000000000000000000, 0.000000000000000000, -1.000000000000000000 ) ) ;
#6797 = ORIENTED_EDGE ( 'NONE', *, *, #6496, .T. ) ;
#6798 = VERTEX_POINT ( 'NONE', #4493 ) ;
#6799 = AXIS2_PLACEMENT_3D ( 'NONE', #4299, #34, #4236 ) ;
#6800 = EDGE_CURVE ( 'NONE', #2341, #4932, #189, .T. ) ;
#6801 = AXIS2_PLACEMENT_3D ( 'NONE', #2652, #3035, #2616 ) ;
#6802 = CARTESIAN_POINT ( 'NONE',  ( 7.458027997690001243, -8.085655099351999553, -17.00000000000000000 ) ) ;
#6803 = DIRECTION ( 'NONE',  ( -1.000000000000000000, 0.000000000000000000, 0.000000000000000000 ) ) ;
#6804 = DIRECTION ( 'NONE',  ( 0.000000000000000000, 0.000000000000000000, 1.000000000000000000 ) ) ;
#6805 = ORIENTED_EDGE ( 'NONE', *, *, #2786, .F. ) ;
#6806 = CARTESIAN_POINT ( 'NONE',  ( -11.00000000000000000, -32.00000000000000000, -17.00000000000000000 ) ) ;
#6807 = VERTEX_POINT ( 'NONE', #4389 ) ;
#6808 = ORIENTED_EDGE ( 'NONE', *, *, #2211, .F. ) ;
#6809 = ADVANCED_FACE ( 'NONE', ( #5003 ), #6600, .T. ) ;
#6810 = EDGE_CURVE ( 'NONE', #141, #2341, #5973, .T. ) ;
#6811 = LINE ( 'NONE', #4609, #3490 ) ;
#6812 = DIRECTION ( 'NONE',  ( 1.000000000000000000, 0.000000000000000000, 0.000000000000000000 ) ) ;
#6813 = DIRECTION ( 'NONE',  ( 0.000000000000000000, 0.000000000000000000, -1.000000000000000000 ) ) ;
#6814 = VERTEX_POINT ( 'NONE', #3696 ) ;
#6815 = DIRECTION ( 'NONE',  ( 0.000000000000000000, -1.000000000000000000, 0.000000000000000000 ) ) ;
#6816 = VERTEX_POINT ( 'NONE', #5621 ) ;
#6817 = ORIENTED_EDGE ( 'NONE', *, *, #2832, .F. ) ;
#6818 = AXIS2_PLACEMENT_3D ( 'NONE', #1083, #22, #6431 ) ;
#6819 = DIRECTION ( 'NONE',  ( -1.000000000000000000, 0.000000000000000000, 0.000000000000000000 ) ) ;
ENDSEC;
END-ISO-10303-21;
