ISO-10303-21;
HEADER;
FILE_DESCRIPTION (( 'STEP AP214' ),
    '1' );
FILE_NAME ('DC11_A01_HORN_INSERT_1.STEP',
    '2026-08-29T22:11:45',
    ( '' ),
    ( '' ),
    'SwSTEP 2.0',
    'SolidWorks 2023',
    '' );
FILE_SCHEMA (( 'AUTOMOTIVE_DESIGN' ));
ENDSEC;

DATA;
#1 = ORIENTED_EDGE ( 'NONE', *, *, #7, .T. ) ;
#2 = CARTESIAN_POINT ( 'NONE',  ( 0.7120021980490000013, 1.699999999999999956, -1.320247276071000231 ) ) ;
#3 = VECTOR ( 'NONE', #521, 1000.000000000000000 ) ;
#4 = CARTESIAN_POINT ( 'NONE',  ( -0.7836008994800000016, 0.8000000000000000444, -1.078534110909000310 ) ) ;
#5 = ORIENTED_EDGE ( 'NONE', *, *, #4359, .T. ) ;
#6 = CARTESIAN_POINT ( 'NONE',  ( -1.486606874731853267, 0.000000000000000000, -0.1999999999999796663 ) ) ;
#7 = EDGE_CURVE ( 'NONE', #1874, #4257, #2844, .T. ) ;
#8 = ORIENTED_EDGE ( 'NONE', *, *, #3260, .T. ) ;
#9 = ORIENTED_EDGE ( 'NONE', *, *, #4366, .T. ) ;
#10 = VERTEX_POINT ( 'NONE', #3564 ) ;
#11 = DIRECTION ( 'NONE',  ( 0.2840153447039861501, 0.000000000000000000, -0.9588197348681742893 ) ) ;
#12 = DIRECTION ( 'NONE',  ( 0.000000000000000000, -1.000000000000000000, 0.000000000000000000 ) ) ;
#13 = FACE_OUTER_BOUND ( 'NONE', #2662, .T. ) ;
#14 = AXIS2_PLACEMENT_3D ( 'NONE', #1097, #1457, #1732 ) ;
#15 = EDGE_CURVE ( 'NONE', #1547, #1035, #2600, .T. ) ;
#16 = ORIENTED_EDGE ( 'NONE', *, *, #2404, .F. ) ;
#17 = DIRECTION ( 'NONE',  ( 0.000000000000000000, 0.000000000000000000, -1.000000000000000000 ) ) ;
#18 = AXIS2_PLACEMENT_3D ( 'NONE', #2149, #4122, #3523 ) ;
#19 = LINE ( 'NONE', #354, #4329 ) ;
#20 = EDGE_CURVE ( 'NONE', #558, #1086, #3874, .T. ) ;
#21 = VERTEX_POINT ( 'NONE', #1854 ) ;
#22 = DIRECTION ( 'NONE',  ( 0.9426414910921715462, 0.000000000000000000, -0.3338068592337899987 ) ) ;
#23 = DIRECTION ( 'NONE',  ( 0.6087614290087246527, 0.000000000000000000, 0.7933533402912321675 ) ) ;
#24 = ORIENTED_EDGE ( 'NONE', *, *, #2031, .F. ) ;
#25 = DIRECTION ( 'NONE',  ( -0.2840153447038999412, 0.000000000000000000, -0.9588197348681998244 ) ) ;
#26 = VERTEX_POINT ( 'NONE', #2892 ) ;
#27 = ORIENTED_EDGE ( 'NONE', *, *, #717, .F. ) ;
#28 = ORIENTED_EDGE ( 'NONE', *, *, #2555, .F. ) ;
#29 = DIRECTION ( 'NONE',  ( -0.000000000000000000, 1.000000000000000000, 0.000000000000000000 ) ) ;
#30 = EDGE_CURVE ( 'NONE', #2190, #4117, #2257, .T. ) ;
#31 = DIRECTION ( 'NONE',  ( 0.000000000000000000, 0.000000000000000000, -1.000000000000000000 ) ) ;
#32 = LINE ( 'NONE', #730, #3206 ) ;
#33 = DIRECTION ( 'NONE',  ( -0.000000000000000000, 1.000000000000000000, -0.000000000000000000 ) ) ;
#34 = VERTEX_POINT ( 'NONE', #2504 ) ;
#35 = FACE_OUTER_BOUND ( 'NONE', #4309, .T. ) ;
#36 = VECTOR ( 'NONE', #767, 1000.000000000000114 ) ;
#37 = EDGE_CURVE ( 'NONE', #3053, #3697, #1178, .T. ) ;
#38 = CARTESIAN_POINT ( 'NONE',  ( -0.2691754849876999978, 0.000000000000000000, -1.475650554258000291 ) ) ;
#39 = ORIENTED_EDGE ( 'NONE', *, *, #2408, .T. ) ;
#40 = CARTESIAN_POINT ( 'NONE',  ( 0.1999999999999071687, 0.8000000000000000444, -1.486606874731863037 ) ) ;
#41 = EDGE_CURVE ( 'NONE', #3890, #2108, #3382, .T. ) ;
#42 = CARTESIAN_POINT ( 'NONE',  ( -0.1999999999999797218, 0.000000000000000000, 1.486606874731853267 ) ) ;
#43 = PLANE ( 'NONE',  #3951 ) ;
#44 = ORIENTED_EDGE ( 'NONE', *, *, #2634, .F. ) ;
#45 = PLANE ( 'NONE',  #184 ) ;
#46 = VERTEX_POINT ( 'NONE', #1832 ) ;
#47 = ORIENTED_EDGE ( 'NONE', *, *, #4154, .F. ) ;
#48 = VERTEX_POINT ( 'NONE', #210 ) ;
#49 = FACE_OUTER_BOUND ( 'NONE', #3588, .T. ) ;
#50 = DIRECTION ( 'NONE',  ( -0.9426414910921715462, 0.000000000000000000, -0.3338068592337899987 ) ) ;
#51 = LINE ( 'NONE', #3854, #1479 ) ;
#52 = DIRECTION ( 'NONE',  ( 0.000000000000000000, 0.000000000000000000, -1.000000000000000000 ) ) ;
#53 = VECTOR ( 'NONE', #242, 1000.000000000000000 ) ;
#54 = VERTEX_POINT ( 'NONE', #2913 ) ;
#55 = CARTESIAN_POINT ( 'NONE',  ( 0.2000000000000000111, 0.000000000000000000, -1.486606874732000039 ) ) ;
#56 = VECTOR ( 'NONE', #3317, 1000.000000000000000 ) ;
#57 = DIRECTION ( 'NONE',  ( 0.8241261886220260235, 0.000000000000000000, 0.5664062369248178408 ) ) ;
#58 = CARTESIAN_POINT ( 'NONE',  ( 0.000000000000000000, 2.500000000000000000, 0.000000000000000000 ) ) ;
#59 = VECTOR ( 'NONE', #2252, 1000.000000000000000 ) ;
#60 = ORIENTED_EDGE ( 'NONE', *, *, #1436, .F. ) ;
#61 = AXIS2_PLACEMENT_3D ( 'NONE', #527, #847, #891 ) ;
#62 = EDGE_LOOP ( 'NONE', ( #232, #1918, #949, #245 ) ) ;
#63 = DIRECTION ( 'NONE',  ( 0.000000000000000000, -1.000000000000000000, 0.000000000000000000 ) ) ;
#64 = CARTESIAN_POINT ( 'NONE',  ( 0.7836008994800005567, 1.700000000000000844, -1.078534110908996091 ) ) ;
#65 = AXIS2_PLACEMENT_3D ( 'NONE', #4203, #3219, #86 ) ;
#66 = EDGE_CURVE ( 'NONE', #4186, #1960, #794, .T. ) ;
#67 = EDGE_CURVE ( 'NONE', #826, #3226, #1489, .T. ) ;
#68 = DIRECTION ( 'NONE',  ( -0.5664062369248178408, 0.000000000000000000, 0.8241261886220260235 ) ) ;
#69 = ORIENTED_EDGE ( 'NONE', *, *, #183, .T. ) ;
#70 = CIRCLE ( 'NONE', #1078, 1.500000000000000000 ) ;
#71 = CARTESIAN_POINT ( 'NONE',  ( 0.000000000000000000, 0.000000000000000000, 0.000000000000000000 ) ) ;
#72 = VERTEX_POINT ( 'NONE', #1154 ) ;
#73 = ORIENTED_EDGE ( 'NONE', *, *, #1688, .T. ) ;
#74 = CARTESIAN_POINT ( 'NONE',  ( 0.000000000000000000, 0.8000000000000000444, 0.000000000000000000 ) ) ;
#75 = DIRECTION ( 'NONE',  ( 0.000000000000000000, -1.000000000000000000, 0.000000000000000000 ) ) ;
#76 = DIRECTION ( 'NONE',  ( -0.7933533402908364840, 0.000000000000000000, 0.6087614290092401292 ) ) ;
#77 = DIRECTION ( 'NONE',  ( 0.000000000000000000, -1.000000000000000000, 0.000000000000000000 ) ) ;
#78 = ORIENTED_EDGE ( 'NONE', *, *, #3201, .F. ) ;
#79 = CARTESIAN_POINT ( 'NONE',  ( -1.078534110909000310, 3.500000000000000000, -0.7836008994800000016 ) ) ;
#80 = CARTESIAN_POINT ( 'NONE',  ( 1.475650554257899483, 0.000000000000000000, -0.2691754849876817346 ) ) ;
#81 = VERTEX_POINT ( 'NONE', #2531 ) ;
#82 = VECTOR ( 'NONE', #3975, 1000.000000000000000 ) ;
#83 = CYLINDRICAL_SURFACE ( 'NONE', #3227, 1.500000000000000000 ) ;
#84 = DIRECTION ( 'NONE',  ( 0.000000000000000000, -1.000000000000000000, 0.000000000000000000 ) ) ;
#85 = EDGE_CURVE ( 'NONE', #2140, #1490, #3225, .T. ) ;
#86 = DIRECTION ( 'NONE',  ( 0.000000000000000000, 0.000000000000000000, 1.000000000000000000 ) ) ;
#87 = LINE ( 'NONE', #859, #3603 ) ;
#88 = ORIENTED_EDGE ( 'NONE', *, *, #3531, .F. ) ;
#89 = FACE_OUTER_BOUND ( 'NONE', #1969, .T. ) ;
#90 = EDGE_CURVE ( 'NONE', #482, #4410, #4262, .T. ) ;
#91 = DIRECTION ( 'NONE',  ( 0.000000000000000000, 0.000000000000000000, -1.000000000000000000 ) ) ;
#92 = ORIENTED_EDGE ( 'NONE', *, *, #2575, .F. ) ;
#93 = ORIENTED_EDGE ( 'NONE', *, *, #294, .F. ) ;
#94 = EDGE_LOOP ( 'NONE', ( #3719, #2624, #3519, #733 ) ) ;
#95 = CARTESIAN_POINT ( 'NONE',  ( 1.352043756507944616, 1.699999999999999956, 0.6495980915057291138 ) ) ;
#96 = CARTESIAN_POINT ( 'NONE',  ( -1.267892888973999987, 3.500000000000000000, 0.4119633723412000070 ) ) ;
#97 = EDGE_CURVE ( 'NONE', #26, #3685, #866, .T. ) ;
#98 = EDGE_CURVE ( 'NONE', #195, #3744, #1753, .T. ) ;
#99 = CARTESIAN_POINT ( 'NONE',  ( -0.7836008994800000016, 2.500000000000000888, -1.078534110909000310 ) ) ;
#100 = DIRECTION ( 'NONE',  ( -0.6087614290092401292, 0.000000000000000000, 0.7933533402908364840 ) ) ;
#101 = VERTEX_POINT ( 'NONE', #40 ) ;
#102 = DIRECTION ( 'NONE',  ( 0.000000000000000000, 0.000000000000000000, 1.000000000000000000 ) ) ;
#103 = CARTESIAN_POINT ( 'NONE',  ( 0.2000000000000000111, 2.500000000000000000, -1.486606874732000039 ) ) ;
#104 = ORIENTED_EDGE ( 'NONE', *, *, #3599, .T. ) ;
#105 = VECTOR ( 'NONE', #1887, 1000.000000000000000 ) ;
#106 = CARTESIAN_POINT ( 'NONE',  ( -0.7120021980490061075, 3.500000000000000000, 1.320247276071185194 ) ) ;
#107 = DIRECTION ( 'NONE',  ( -0.000000000000000000, -1.000000000000000000, -0.000000000000000000 ) ) ;
#108 = VECTOR ( 'NONE', #2234, 1000.000000000000000 ) ;
#109 = ORIENTED_EDGE ( 'NONE', *, *, #3133, .F. ) ;
#110 = DIRECTION ( 'NONE',  ( -0.000000000000000000, 1.000000000000000000, -0.000000000000000000 ) ) ;
#111 = LINE ( 'NONE', #2839, #2647 ) ;
#112 = ORIENTED_EDGE ( 'NONE', *, *, #340, .F. ) ;
#113 = AXIS2_PLACEMENT_3D ( 'NONE', #3813, #439, #1428 ) ;
#114 = CARTESIAN_POINT ( 'NONE',  ( 0.2691754849878376654, 1.699999999999999956, -1.475650554258007396 ) ) ;
#115 = LINE ( 'NONE', #1487, #3665 ) ;
#116 = CARTESIAN_POINT ( 'NONE',  ( -1.333141477136129849, 0.000000000000000000, 9.980080997729068315E-14 ) ) ;
#117 = EDGE_LOOP ( 'NONE', ( #1790, #810, #4094, #3671 ) ) ;
#118 = EDGE_CURVE ( 'NONE', #4172, #1775, #984, .T. ) ;
#119 = ORIENTED_EDGE ( 'NONE', *, *, #3082, .T. ) ;
#120 = CARTESIAN_POINT ( 'NONE',  ( 0.000000000000000000, 0.000000000000000000, 0.000000000000000000 ) ) ;
#121 = FACE_OUTER_BOUND ( 'NONE', #2857, .T. ) ;
#122 = APPLICATION_CONTEXT ( 'automotive_design' ) ;
#123 = APPLICATION_PROTOCOL_DEFINITION ( 'draft international standard', 'automotive_design', 1998, #209 ) ;
#124 = EDGE_CURVE ( 'NONE', #2383, #2491, #3078, .T. ) ;
#125 = ADVANCED_FACE ( 'NONE', ( #4131 ), #315, .F. ) ;
#126 = EDGE_LOOP ( 'NONE', ( #4150, #1505, #3530, #1278 ) ) ;
#127 = LINE ( 'NONE', #1477, #201 ) ;
#128 = CIRCLE ( 'NONE', #2498, 1.500000000000000000 ) ;
#129 = FACE_OUTER_BOUND ( 'NONE', #2446, .T. ) ;
#130 = PLANE ( 'NONE',  #1353 ) ;
#131 = CIRCLE ( 'NONE', #1567, 1.500000000000000000 ) ;
#132 = VERTEX_POINT ( 'NONE', #3799 ) ;
#133 = CIRCLE ( 'NONE', #853, 1.500000000000000000 ) ;
#134 = CARTESIAN_POINT ( 'NONE',  ( 0.000000000000000000, 0.8000000000000000444, -1.250000000000000000 ) ) ;
#135 = FACE_OUTER_BOUND ( 'NONE', #4060, .T. ) ;
#136 = AXIS2_PLACEMENT_3D ( 'NONE', #4076, #1360, #2731 ) ;
#137 = VECTOR ( 'NONE', #3193, 1000.000000000000000 ) ;
#138 = ORIENTED_EDGE ( 'NONE', *, *, #3946, .T. ) ;
#139 = CARTESIAN_POINT ( 'NONE',  ( 1.333141477136043029, 0.8000000000000000444, -3.327620266529587268E-14 ) ) ;
#140 = VECTOR ( 'NONE', #2710, 1000.000000000000000 ) ;
#141 = CARTESIAN_POINT ( 'NONE',  ( 0.4119633723412000070, 3.500000000000000000, 1.267892888973999987 ) ) ;
#142 = DIRECTION ( 'NONE',  ( 0.9588197348681998244, 0.000000000000000000, 0.2840153447038999412 ) ) ;
#143 = CARTESIAN_POINT ( 'NONE',  ( -0.4119633723412000070, 0.8000000000000000444, 1.267892888973999987 ) ) ;
#144 = ORIENTED_EDGE ( 'NONE', *, *, #124, .F. ) ;
#145 = DIRECTION ( 'NONE',  ( 0.6087614290087246527, 0.000000000000000000, -0.7933533402912321675 ) ) ;
#146 =( GEOMETRIC_REPRESENTATION_CONTEXT ( 3 ) GLOBAL_UNCERTAINTY_ASSIGNED_CONTEXT ( ( #395 ) ) GLOBAL_UNIT_ASSIGNED_CONTEXT ( ( #3897, #4308, #1883 ) ) REPRESENTATION_CONTEXT ( 'NONE', 'WORKASPACE' ) );
#147 = ORIENTED_EDGE ( 'NONE', *, *, #1340, .F. ) ;
#148 = CARTESIAN_POINT ( 'NONE',  ( 0.000000000000000000, 2.500000000000000000, 0.000000000000000000 ) ) ;
#149 = CARTESIAN_POINT ( 'NONE',  ( 0.6495980915057290028, 1.699999999999999956, -1.352043756507944838 ) ) ;
#150 = CARTESIAN_POINT ( 'NONE',  ( -1.352043756507945060, 0.8000000000000000444, -0.6495980915057286698 ) ) ;
#151 = DIRECTION ( 'NONE',  ( 0.3338068592337899987, 0.000000000000000000, -0.9426414910921715462 ) ) ;
#152 = ORIENTED_EDGE ( 'NONE', *, *, #663, .F. ) ;
#153 = CARTESIAN_POINT ( 'NONE',  ( -0.1999999999999669820, 1.699999999999999956, -1.486606874731871697 ) ) ;
#154 = DIRECTION ( 'NONE',  ( 0.9426414910925545732, 0.000000000000000000, -0.3338068592327084194 ) ) ;
#155 = ADVANCED_FACE ( 'NONE', ( #715 ), #1352, .F. ) ;
#156 = LINE ( 'NONE', #4223, #2286 ) ;
#157 = EDGE_CURVE ( 'NONE', #523, #4219, #3099, .T. ) ;
#158 = VERTEX_POINT ( 'NONE', #1690 ) ;
#159 = CARTESIAN_POINT ( 'NONE',  ( 0.000000000000000000, 3.500000000000000000, 0.000000000000000000 ) ) ;
#160 = CARTESIAN_POINT ( 'NONE',  ( -1.486606874731871697, 0.8000000000000000444, 0.1999999999999669820 ) ) ;
#161 = VECTOR ( 'NONE', #1140, 1000.000000000000000 ) ;
#162 = VERTEX_POINT ( 'NONE', #3058 ) ;
#163 = LINE ( 'NONE', #4181, #1279 ) ;
#164 = CIRCLE ( 'NONE', #4334, 1.500000000000000000 ) ;
#165 = CARTESIAN_POINT ( 'NONE',  ( 1.035608995799000009, 0.000000000000000000, -1.085133175154000096 ) ) ;
#166 = ORIENTED_EDGE ( 'NONE', *, *, #2522, .F. ) ;
#167 = ORIENTED_EDGE ( 'NONE', *, *, #2188, .T. ) ;
#168 = CARTESIAN_POINT ( 'NONE',  ( 0.7836008994800000016, 3.500000000000000000, 1.078534110909000310 ) ) ;
#169 = CARTESIAN_POINT ( 'NONE',  ( 0.000000000000000000, 1.699999999999999956, 0.000000000000000000 ) ) ;
#170 = DIRECTION ( 'NONE',  ( 0.000000000000000000, -1.000000000000000000, 0.000000000000000000 ) ) ;
#171 = LINE ( 'NONE', #1612, #3228 ) ;
#172 = ADVANCED_FACE ( 'NONE', ( #2703 ), #296, .F. ) ;
#173 = ORIENTED_EDGE ( 'NONE', *, *, #2270, .T. ) ;
#174 = PLANE ( 'NONE',  #846 ) ;
#175 = DIRECTION ( 'NONE',  ( -0.7933533402908364840, 0.000000000000000000, -0.6087614290092401292 ) ) ;
#176 = ORIENTED_EDGE ( 'NONE', *, *, #2100, .T. ) ;
#177 = EDGE_CURVE ( 'NONE', #4219, #4387, #4092, .T. ) ;
#178 = FACE_OUTER_BOUND ( 'NONE', #3824, .T. ) ;
#179 = CYLINDRICAL_SURFACE ( 'NONE', #2269, 1.250000000000000000 ) ;
#180 = ORIENTED_EDGE ( 'NONE', *, *, #2078, .T. ) ;
#181 = DIRECTION ( 'NONE',  ( 0.000000000000000000, -1.000000000000000000, 0.000000000000000000 ) ) ;
#182 = EDGE_CURVE ( 'NONE', #3796, #4117, #70, .T. ) ;
#183 = EDGE_CURVE ( 'NONE', #2999, #3631, #2402, .T. ) ;
#184 = AXIS2_PLACEMENT_3D ( 'NONE', #672, #1060, #3065 ) ;
#185 = CARTESIAN_POINT ( 'NONE',  ( 1.078534110909000310, 1.699999999999999956, 0.7836008994800000016 ) ) ;
#186 = DIRECTION ( 'NONE',  ( -0.000000000000000000, 1.000000000000000000, -0.000000000000000000 ) ) ;
#187 = CARTESIAN_POINT ( 'NONE',  ( -1.352043756507999905, 0.8000000000000000444, 0.6495980915057999461 ) ) ;
#188 = AXIS2_PLACEMENT_3D ( 'NONE', #2344, #627, #2956 ) ;
#189 = ORIENTED_EDGE ( 'NONE', *, *, #1446, .T. ) ;
#190 = ORIENTED_EDGE ( 'NONE', *, *, #2816, .T. ) ;
#191 = CARTESIAN_POINT ( 'NONE',  ( -1.085133175154000096, 3.500000000000000000, -1.035608995799000009 ) ) ;
#192 = DIRECTION ( 'NONE',  ( -0.000000000000000000, 1.000000000000000000, -0.000000000000000000 ) ) ;
#193 = VECTOR ( 'NONE', #2104, 1000.000000000000114 ) ;
#194 = CARTESIAN_POINT ( 'NONE',  ( -0.2000000000000000111, 0.8000000000000000444, -1.486606874732000039 ) ) ;
#195 = VERTEX_POINT ( 'NONE', #1009 ) ;
#196 = FACE_OUTER_BOUND ( 'NONE', #2607, .T. ) ;
#197 = LINE ( 'NONE', #2590, #3100 ) ;
#198 = EDGE_CURVE ( 'NONE', #1907, #2938, #379, .T. ) ;
#199 = ORIENTED_EDGE ( 'NONE', *, *, #3320, .T. ) ;
#200 = DIRECTION ( 'NONE',  ( 0.000000000000000000, 0.000000000000000000, -1.000000000000000000 ) ) ;
#201 = VECTOR ( 'NONE', #3256, 1000.000000000000000 ) ;
#202 = ADVANCED_FACE ( 'NONE', ( #2092 ), #1077, .F. ) ;
#203 = ORIENTED_EDGE ( 'NONE', *, *, #3525, .T. ) ;
#204 = DIRECTION ( 'NONE',  ( 0.000000000000000000, -1.000000000000000000, 0.000000000000000000 ) ) ;
#205 = VECTOR ( 'NONE', #4442, 1000.000000000000000 ) ;
#206 = CARTESIAN_POINT ( 'NONE',  ( 0.000000000000000000, 3.500000000000000000, 0.000000000000000000 ) ) ;
#207 = ADVANCED_FACE ( 'NONE', ( #2013 ), #3755, .T. ) ;
#208 = EDGE_CURVE ( 'NONE', #4035, #3945, #1710, .T. ) ;
#209 = APPLICATION_CONTEXT ( 'automotive_design' ) ;
#210 = CARTESIAN_POINT ( 'NONE',  ( -1.352043756508117145, 1.699999999999999956, 0.6495980915056981386 ) ) ;
#211 = ORIENTED_EDGE ( 'NONE', *, *, #4401, .F. ) ;
#212 = CIRCLE ( 'NONE', #1941, 1.500000000000000000 ) ;
#213 = ORIENTED_EDGE ( 'NONE', *, *, #4395, .F. ) ;
#214 = CARTESIAN_POINT ( 'NONE',  ( -1.078534110908996091, 1.700000000000000844, -0.7836008994800005567 ) ) ;
#215 = CARTESIAN_POINT ( 'NONE',  ( 0.7836008994800000016, 0.000000000000000000, -1.078534110909000310 ) ) ;
#216 = DIRECTION ( 'NONE',  ( 0.000000000000000000, 0.000000000000000000, -1.000000000000000000 ) ) ;
#217 = CARTESIAN_POINT ( 'NONE',  ( -0.7120021980490200963, 2.500000000000000000, 1.320247276071177422 ) ) ;
#218 = ORIENTED_EDGE ( 'NONE', *, *, #2133, .T. ) ;
#219 = DIRECTION ( 'NONE',  ( 0.6087614290092401292, 0.000000000000000000, -0.7933533402908364840 ) ) ;
#220 = PLANE ( 'NONE',  #582 ) ;
#221 = EDGE_LOOP ( 'NONE', ( #2939, #2562, #3692, #2777 ) ) ;
#222 = VERTEX_POINT ( 'NONE', #4113 ) ;
#223 = DIRECTION ( 'NONE',  ( -0.000000000000000000, 1.000000000000000000, 0.000000000000000000 ) ) ;
#224 = EDGE_LOOP ( 'NONE', ( #3998, #3338, #4296, #950 ) ) ;
#225 = DIRECTION ( 'NONE',  ( -0.9426414910921716572, 0.000000000000000000, -0.3338068592337900542 ) ) ;
#226 = CYLINDRICAL_SURFACE ( 'NONE', #2572, 1.500000000000000000 ) ;
#227 = CARTESIAN_POINT ( 'NONE',  ( -1.035608995799000009, 2.500000000000000888, 1.085133175154000096 ) ) ;
#228 = EDGE_CURVE ( 'NONE', #301, #3412, #3775, .T. ) ;
#229 = DIRECTION ( 'NONE',  ( 0.000000000000000000, 0.000000000000000000, 1.000000000000000000 ) ) ;
#230 = VECTOR ( 'NONE', #4047, 1000.000000000000114 ) ;
#231 = ORIENTED_EDGE ( 'NONE', *, *, #4300, .T. ) ;
#232 = ORIENTED_EDGE ( 'NONE', *, *, #4419, .F. ) ;
#233 = VECTOR ( 'NONE', #774, 1000.000000000000114 ) ;
#234 = EDGE_CURVE ( 'NONE', #1294, #1977, #1734, .T. ) ;
#235 = EDGE_LOOP ( 'NONE', ( #2709, #3470, #736, #2425 ) ) ;
#236 = CARTESIAN_POINT ( 'NONE',  ( 0.000000000000000000, 3.500000000000000000, 0.000000000000000000 ) ) ;
#237 = CARTESIAN_POINT ( 'NONE',  ( -1.333141477135999731, 3.500000000000000000, -9.266006198980864949E-18 ) ) ;
#238 = CARTESIAN_POINT ( 'NONE',  ( 0.000000000000000000, 3.500000000000000000, 0.000000000000000000 ) ) ;
#239 = EDGE_CURVE ( 'NONE', #3062, #1086, #737, .T. ) ;
#240 = ORIENTED_EDGE ( 'NONE', *, *, #481, .F. ) ;
#241 = EDGE_CURVE ( 'NONE', #4013, #2953, #1442, .T. ) ;
#242 = DIRECTION ( 'NONE',  ( -0.2840153447039861501, 0.000000000000000000, -0.9588197348681742893 ) ) ;
#243 = DIRECTION ( 'NONE',  ( 0.000000000000000000, 0.000000000000000000, -1.000000000000000000 ) ) ;
#244 = VERTEX_POINT ( 'NONE', #2474 ) ;
#245 = ORIENTED_EDGE ( 'NONE', *, *, #423, .F. ) ;
#246 = CARTESIAN_POINT ( 'NONE',  ( 1.078534110908997423, 2.500000000000000888, 0.7836008994800001126 ) ) ;
#247 = ORIENTED_EDGE ( 'NONE', *, *, #919, .T. ) ;
#248 = CARTESIAN_POINT ( 'NONE',  ( 1.035608995799000009, 0.000000000000000000, -1.085133175154000096 ) ) ;
#249 = DIRECTION ( 'NONE',  ( -0.9426414910921716572, 0.000000000000000000, -0.3338068592337900542 ) ) ;
#250 = CARTESIAN_POINT ( 'NONE',  ( 0.4119633723412000070, 0.8000000000000000444, 1.267892888973999987 ) ) ;
#251 = ORIENTED_EDGE ( 'NONE', *, *, #2408, .F. ) ;
#252 = EDGE_LOOP ( 'NONE', ( #4212, #4205, #1905, #27 ) ) ;
#253 = AXIS2_PLACEMENT_3D ( 'NONE', #2455, #2410, #2478 ) ;
#254 = ORIENTED_EDGE ( 'NONE', *, *, #1446, .F. ) ;
#255 = LINE ( 'NONE', #3003, #3144 ) ;
#256 = CARTESIAN_POINT ( 'NONE',  ( 0.000000000000000000, 3.500000000000000000, 1.333141477135999953 ) ) ;
#257 = AXIS2_PLACEMENT_3D ( 'NONE', #1079, #4158, #2405 ) ;
#258 = EDGE_CURVE ( 'NONE', #4155, #222, #87, .T. ) ;
#259 = DIRECTION ( 'NONE',  ( 0.000000000000000000, -1.000000000000000000, 0.000000000000000000 ) ) ;
#260 = ORIENTED_EDGE ( 'NONE', *, *, #2244, .T. ) ;
#261 = DIRECTION ( 'NONE',  ( 0.000000000000000000, -1.000000000000000000, -0.000000000000000000 ) ) ;
#262 = VECTOR ( 'NONE', #775, 1000.000000000000000 ) ;
#263 = LINE ( 'NONE', #596, #3325 ) ;
#264 = CARTESIAN_POINT ( 'NONE',  ( -0.4119633723412000070, 2.500000000000000000, 1.267892888973999987 ) ) ;
#265 = ADVANCED_FACE ( 'NONE', ( #1511 ), #428, .F. ) ;
#266 = EDGE_CURVE ( 'NONE', #457, #2282, #338, .T. ) ;
#267 = VERTEX_POINT ( 'NONE', #1174 ) ;
#268 = VERTEX_POINT ( 'NONE', #3935 ) ;
#269 = CARTESIAN_POINT ( 'NONE',  ( -0.7120021980490000013, 2.500000000000000888, -1.320247276071000231 ) ) ;
#270 = ORIENTED_EDGE ( 'NONE', *, *, #241, .T. ) ;
#271 = CARTESIAN_POINT ( 'NONE',  ( 0.000000000000000000, 3.500000000000000000, 0.000000000000000000 ) ) ;
#272 = DIRECTION ( 'NONE',  ( 0.000000000000000000, 0.000000000000000000, -1.000000000000000000 ) ) ;
#273 = AXIS2_PLACEMENT_3D ( 'NONE', #74, #1066, #3409 ) ;
#274 = VERTEX_POINT ( 'NONE', #2552 ) ;
#275 = ORIENTED_EDGE ( 'NONE', *, *, #1837, .F. ) ;
#276 = AXIS2_PLACEMENT_3D ( 'NONE', #236, #3681, #278 ) ;
#277 = PLANE ( 'NONE',  #2592 ) ;
#278 = DIRECTION ( 'NONE',  ( 0.000000000000000000, 0.000000000000000000, 1.000000000000000000 ) ) ;
#279 = PLANE ( 'NONE',  #4127 ) ;
#280 = VECTOR ( 'NONE', #4090, 1000.000000000000000 ) ;
#281 = AXIS2_PLACEMENT_3D ( 'NONE', #1153, #2165, #3542 ) ;
#282 = ORIENTED_EDGE ( 'NONE', *, *, #2715, .T. ) ;
#283 = LINE ( 'NONE', #3029, #2076 ) ;
#284 = ORIENTED_EDGE ( 'NONE', *, *, #4111, .F. ) ;
#285 = CARTESIAN_POINT ( 'NONE',  ( -1.085133175154002538, 3.499999999999999556, -1.035608995799090382 ) ) ;
#286 = EDGE_CURVE ( 'NONE', #46, #645, #163, .T. ) ;
#287 = AXIS2_PLACEMENT_3D ( 'NONE', #4217, #1746, #1113 ) ;
#288 = DIRECTION ( 'NONE',  ( -0.000000000000000000, 1.000000000000000000, -0.000000000000000000 ) ) ;
#289 = CARTESIAN_POINT ( 'NONE',  ( 1.352043756507981032, 2.500000000000000000, 0.6495980915057463223 ) ) ;
#290 = VERTEX_POINT ( 'NONE', #2207 ) ;
#291 = VECTOR ( 'NONE', #1053, 1000.000000000000000 ) ;
#292 = EDGE_CURVE ( 'NONE', #362, #769, #495, .T. ) ;
#293 = DIRECTION ( 'NONE',  ( 0.3338068592337899987, 0.000000000000000000, 0.9426414910921715462 ) ) ;
#294 = EDGE_CURVE ( 'NONE', #48, #558, #2909, .T. ) ;
#295 = ORIENTED_EDGE ( 'NONE', *, *, #182, .T. ) ;
#296 = PLANE ( 'NONE',  #3449 ) ;
#297 = EDGE_CURVE ( 'NONE', #2245, #3328, #2160, .T. ) ;
#298 = DIRECTION ( 'NONE',  ( -0.8241261886220260235, 0.000000000000000000, 0.5664062369248178408 ) ) ;
#299 = CARTESIAN_POINT ( 'NONE',  ( 1.035608995799090382, 3.499999999999999556, -1.085133175154002538 ) ) ;
#300 = ORIENTED_EDGE ( 'NONE', *, *, #2887, .F. ) ;
#301 = VERTEX_POINT ( 'NONE', #1879 ) ;
#302 = FACE_OUTER_BOUND ( 'NONE', #807, .T. ) ;
#303 = DIRECTION ( 'NONE',  ( -0.9426414910925545732, 0.000000000000000000, 0.3338068592327084194 ) ) ;
#304 = CIRCLE ( 'NONE', #3749, 1.500000000000000000 ) ;
#305 = CARTESIAN_POINT ( 'NONE',  ( 0.000000000000000000, 1.699999999999999956, 0.000000000000000000 ) ) ;
#306 = ORIENTED_EDGE ( 'NONE', *, *, #3140, .F. ) ;
#307 = CARTESIAN_POINT ( 'NONE',  ( -0.7836008994800000016, 2.500000000000000888, 1.078534110909000310 ) ) ;
#308 = PLANE ( 'NONE',  #2454 ) ;
#309 = PLANE ( 'NONE',  #1046 ) ;
#310 = EDGE_CURVE ( 'NONE', #1807, #2082, #4279, .T. ) ;
#311 = ORIENTED_EDGE ( 'NONE', *, *, #2382, .T. ) ;
#312 = LINE ( 'NONE', #269, #1818 ) ;
#313 = ORIENTED_EDGE ( 'NONE', *, *, #2249, .T. ) ;
#314 = ADVANCED_FACE ( 'NONE', ( #1806 ), #3169, .T. ) ;
#315 = PLANE ( 'NONE',  #2595 ) ;
#316 = DIRECTION ( 'NONE',  ( -0.9996573249755582591, 0.000000000000000000, 0.02617694830783522456 ) ) ;
#317 = EDGE_CURVE ( 'NONE', #3121, #2258, #3537, .T. ) ;
#318 = EDGE_CURVE ( 'NONE', #2726, #3604, #1828, .T. ) ;
#319 = ORIENTED_EDGE ( 'NONE', *, *, #2551, .F. ) ;
#320 = DIRECTION ( 'NONE',  ( 0.000000000000000000, 0.000000000000000000, -1.000000000000000000 ) ) ;
#321 = DIRECTION ( 'NONE',  ( -0.000000000000000000, 1.000000000000000000, -0.000000000000000000 ) ) ;
#322 = VECTOR ( 'NONE', #4056, 1000.000000000000227 ) ;
#323 = LINE ( 'NONE', #4099, #4002 ) ;
#324 = EDGE_LOOP ( 'NONE', ( #1443, #3904, #2214, #3499 ) ) ;
#325 = LINE ( 'NONE', #4190, #3584 ) ;
#326 = DIRECTION ( 'NONE',  ( 0.000000000000000000, 0.000000000000000000, 1.000000000000000000 ) ) ;
#327 = CIRCLE ( 'NONE', #2845, 1.200000000096679287 ) ;
#328 = DIRECTION ( 'NONE',  ( 0.000000000000000000, -1.000000000000000000, 0.000000000000000000 ) ) ;
#329 = AXIS2_PLACEMENT_3D ( 'NONE', #3625, #879, #537 ) ;
#330 = ORIENTED_EDGE ( 'NONE', *, *, #564, .F. ) ;
#331 = CARTESIAN_POINT ( 'NONE',  ( -1.320247276071145892, 0.000000000000000000, 0.7120021980490788271 ) ) ;
#332 = EDGE_CURVE ( 'NONE', #3593, #3069, #111, .T. ) ;
#333 = ORIENTED_EDGE ( 'NONE', *, *, #3495, .T. ) ;
#334 = DIRECTION ( 'NONE',  ( 0.000000000000000000, 0.000000000000000000, -1.000000000000000000 ) ) ;
#335 = CARTESIAN_POINT ( 'NONE',  ( -1.333141477135999953, 1.699999999999999956, 0.000000000000000000 ) ) ;
#336 = EDGE_CURVE ( 'NONE', #1156, #222, #4204, .T. ) ;
#337 = ORIENTED_EDGE ( 'NONE', *, *, #1865, .T. ) ;
#338 = CIRCLE ( 'NONE', #2863, 1.500000000000000000 ) ;
#339 = FACE_OUTER_BOUND ( 'NONE', #235, .T. ) ;
#340 = EDGE_CURVE ( 'NONE', #2959, #2228, #2865, .T. ) ;
#341 = AXIS2_PLACEMENT_3D ( 'NONE', #1237, #3303, #598 ) ;
#342 = VERTEX_POINT ( 'NONE', #2528 ) ;
#343 = ORIENTED_EDGE ( 'NONE', *, *, #3525, .F. ) ;
#344 = CARTESIAN_POINT ( 'NONE',  ( 1.078534110909000310, 0.000000000000000000, -0.7836008994800000016 ) ) ;
#345 = ORIENTED_EDGE ( 'NONE', *, *, #1925, .F. ) ;
#346 = LINE ( 'NONE', #747, #1644 ) ;
#347 = CARTESIAN_POINT ( 'NONE',  ( -1.267892888973943144, 1.699999999999999956, 0.4119633723410999759 ) ) ;
#348 = CIRCLE ( 'NONE', #4152, 1.500000000000000000 ) ;
#349 = CARTESIAN_POINT ( 'NONE',  ( -0.1999999999999071687, 3.500000000000000000, -1.486606874731863037 ) ) ;
#350 = FACE_OUTER_BOUND ( 'NONE', #3821, .T. ) ;
#351 = VECTOR ( 'NONE', #912, 1000.000000000000114 ) ;
#352 = ORIENTED_EDGE ( 'NONE', *, *, #2657, .T. ) ;
#353 = FACE_OUTER_BOUND ( 'NONE', #3463, .T. ) ;
#354 = CARTESIAN_POINT ( 'NONE',  ( 0.7120021980490787161, 0.000000000000000000, 1.320247276071145892 ) ) ;
#355 = ORIENTED_EDGE ( 'NONE', *, *, #3455, .F. ) ;
#356 = CARTESIAN_POINT ( 'NONE',  ( 0.6495980915057999461, 0.000000000000000000, -1.352043756507999905 ) ) ;
#357 = VECTOR ( 'NONE', #3040, 1000.000000000000000 ) ;
#358 = CARTESIAN_POINT ( 'NONE',  ( -1.320247276071000231, 3.500000000000000000, 0.7120021980490000013 ) ) ;
#359 = EDGE_LOOP ( 'NONE', ( #2470, #1391, #3582, #2825 ) ) ;
#360 = EDGE_CURVE ( 'NONE', #1599, #3610, #3891, .T. ) ;
#361 = FACE_OUTER_BOUND ( 'NONE', #2178, .T. ) ;
#362 = VERTEX_POINT ( 'NONE', #139 ) ;
#363 = VERTEX_POINT ( 'NONE', #2890 ) ;
#364 = EDGE_CURVE ( 'NONE', #3472, #1617, #2285, .T. ) ;
#365 = ORIENTED_EDGE ( 'NONE', *, *, #157, .F. ) ;
#366 = FACE_OUTER_BOUND ( 'NONE', #2226, .T. ) ;
#367 = CYLINDRICAL_SURFACE ( 'NONE', #3688, 1.500000000000000000 ) ;
#368 = CARTESIAN_POINT ( 'NONE',  ( 0.000000000000000000, 2.500000000000000000, 0.000000000000000000 ) ) ;
#369 = DIRECTION ( 'NONE',  ( -0.000000000000000000, -1.000000000000000000, 0.000000000000000000 ) ) ;
#370 = VECTOR ( 'NONE', #2448, 1000.000000000000000 ) ;
#371 = ADVANCED_FACE ( 'NONE', ( #4349 ), #1649, .T. ) ;
#372 = ADVANCED_FACE ( 'NONE', ( #2323 ), #1580, .F. ) ;
#373 = ORIENTED_EDGE ( 'NONE', *, *, #310, .T. ) ;
#374 = DIRECTION ( 'NONE',  ( -0.8241261886220260235, 0.000000000000000000, 0.5664062369248178408 ) ) ;
#375 = AXIS2_PLACEMENT_3D ( 'NONE', #1067, #75, #1111 ) ;
#376 = LINE ( 'NONE', #4222, #161 ) ;
#377 = DIRECTION ( 'NONE',  ( -0.000000000000000000, 1.000000000000000000, -0.000000000000000000 ) ) ;
#378 = ORIENTED_EDGE ( 'NONE', *, *, #2715, .F. ) ;
#379 = LINE ( 'NONE', #4157, #716 ) ;
#380 = CARTESIAN_POINT ( 'NONE',  ( -1.078534110908997423, 2.500000000000000888, -0.7836008994800001126 ) ) ;
#381 = VERTEX_POINT ( 'NONE', #3355 ) ;
#382 = DIRECTION ( 'NONE',  ( 0.9588197348681998244, 0.000000000000000000, -0.2840153447038999412 ) ) ;
#383 = ORIENTED_EDGE ( 'NONE', *, *, #2304, .F. ) ;
#384 = ORIENTED_EDGE ( 'NONE', *, *, #2352, .T. ) ;
#385 = ORIENTED_EDGE ( 'NONE', *, *, #1605, .F. ) ;
#386 = CARTESIAN_POINT ( 'NONE',  ( -1.333141477136051245, 1.699999999999999956, 4.374059810806046199E-14 ) ) ;
#387 = CARTESIAN_POINT ( 'NONE',  ( -0.6495980915057463223, 2.500000000000000000, 1.352043756507981032 ) ) ;
#388 = DIRECTION ( 'NONE',  ( 2.575717417130363489E-14, 0.000000000000000000, -1.000000000000000000 ) ) ;
#389 = CARTESIAN_POINT ( 'NONE',  ( 0.000000000000000000, 0.8000000000000000444, 0.000000000000000000 ) ) ;
#390 = EDGE_CURVE ( 'NONE', #1318, #4097, #128, .T. ) ;
#391 = ORIENTED_EDGE ( 'NONE', *, *, #663, .T. ) ;
#392 = DIRECTION ( 'NONE',  ( 0.000000000000000000, 0.000000000000000000, 1.000000000000000000 ) ) ;
#393 = CIRCLE ( 'NONE', #3485, 1.500000000000000000 ) ;
#394 = LINE ( 'NONE', #712, #3534 ) ;
#395 = UNCERTAINTY_MEASURE_WITH_UNIT (LENGTH_MEASURE( 1.000000000000000082E-05 ), #3897, 'distance_accuracy_value', 'NONE');
#396 = ADVANCED_FACE ( 'NONE', ( #2933 ), #882, .F. ) ;
#397 = EDGE_CURVE ( 'NONE', #3685, #3053, #3648, .T. ) ;
#398 = AXIS2_PLACEMENT_3D ( 'NONE', #2862, #1900, #2137 ) ;
#399 = ORIENTED_EDGE ( 'NONE', *, *, #4447, .T. ) ;
#400 = CARTESIAN_POINT ( 'NONE',  ( -1.078534110909000310, 0.8000000000000000444, 0.7836008994800000016 ) ) ;
#401 = PLANE ( 'NONE',  #136 ) ;
#402 = VECTOR ( 'NONE', #705, 1000.000000000000000 ) ;
#403 = DIRECTION ( 'NONE',  ( 0.000000000000000000, -1.000000000000000000, 0.000000000000000000 ) ) ;
#404 = ORIENTED_EDGE ( 'NONE', *, *, #1414, .T. ) ;
#405 = DIRECTION ( 'NONE',  ( 0.9588197348681997134, 0.000000000000000000, -0.2840153447038998857 ) ) ;
#406 = DIRECTION ( 'NONE',  ( 0.000000000000000000, -1.000000000000000000, 0.000000000000000000 ) ) ;
#407 = EDGE_LOOP ( 'NONE', ( #3291, #4368, #465, #1983 ) ) ;
#408 = VERTEX_POINT ( 'NONE', #1987 ) ;
#409 = ORIENTED_EDGE ( 'NONE', *, *, #1083, .F. ) ;
#410 = PLANE ( 'NONE',  #2142 ) ;
#411 = CARTESIAN_POINT ( 'NONE',  ( -0.6495980915057999461, 0.000000000000000000, 1.352043756507999905 ) ) ;
#412 = LINE ( 'NONE', #1793, #1926 ) ;
#413 = DIRECTION ( 'NONE',  ( 0.000000000000000000, 0.000000000000000000, -1.000000000000000000 ) ) ;
#414 = VECTOR ( 'NONE', #2394, 1000.000000000000000 ) ;
#415 = ORIENTED_EDGE ( 'NONE', *, *, #2299, .T. ) ;
#416 = LINE ( 'NONE', #2833, #2648 ) ;
#417 = VECTOR ( 'NONE', #2370, 1000.000000000000000 ) ;
#418 = CARTESIAN_POINT ( 'NONE',  ( -0.6495980915057464333, 3.499999999999999556, 1.352043756507981032 ) ) ;
#419 = DIRECTION ( 'NONE',  ( 0.000000000000000000, 0.000000000000000000, -1.000000000000000000 ) ) ;
#420 = CIRCLE ( 'NONE', #2432, 1.500000000000000000 ) ;
#421 = EDGE_LOOP ( 'NONE', ( #1730, #2398, #1575, #2033 ) ) ;
#422 = AXIS2_PLACEMENT_3D ( 'NONE', #1882, #4237, #91 ) ;
#423 = EDGE_CURVE ( 'NONE', #753, #3769, #1220, .T. ) ;
#424 = CARTESIAN_POINT ( 'NONE',  ( -1.333141477135999953, 0.8000000000000000444, 0.000000000000000000 ) ) ;
#425 = CARTESIAN_POINT ( 'NONE',  ( 0.2691754849877407985, 2.500000000000000000, 1.475650554257941005 ) ) ;
#426 = VECTOR ( 'NONE', #4355, 1000.000000000000000 ) ;
#427 = FACE_OUTER_BOUND ( 'NONE', #429, .T. ) ;
#428 = PLANE ( 'NONE',  #3304 ) ;
#429 = EDGE_LOOP ( 'NONE', ( #2456, #2144, #3423, #203, #1915, #1073, #1641, #545, #532, #1424, #2991, #566, #2461, #3334, #2388, #352, #1095, #199, #4448, #3934, #2212, #4433, #1686, #1102, #1418, #24, #2848, #2878, #2012, #2315, #173, #2401, #1131, #3639, #3898, #2778, #1972, #2549, #2091, #659, #3677, #1849, #998, #740, #622, #1008, #500, #3526, #3394, #3314, #73, #2678, #565, #3941, #1884, #3292, #104, #2018, #1956, #2338 ) ) ;
#430 = ADVANCED_FACE ( 'NONE', ( #3627 ), #226, .T. ) ;
#431 = LINE ( 'NONE', #3124, #3151 ) ;
#432 = DIRECTION ( 'NONE',  ( 0.000000000000000000, -1.000000000000000000, 0.000000000000000000 ) ) ;
#433 = ORIENTED_EDGE ( 'NONE', *, *, #3257, .F. ) ;
#434 = EDGE_LOOP ( 'NONE', ( #687, #3021, #4251, #311 ) ) ;
#435 = DIRECTION ( 'NONE',  ( 0.8241261886220260235, 0.000000000000000000, -0.5664062369248178408 ) ) ;
#436 = VERTEX_POINT ( 'NONE', #4400 ) ;
#437 = CARTESIAN_POINT ( 'NONE',  ( 0.000000000000000000, 0.000000000000000000, -1.333141477135999953 ) ) ;
#438 = CARTESIAN_POINT ( 'NONE',  ( 0.4119633723412585713, 1.699999999999999956, -1.267892888973870757 ) ) ;
#439 = DIRECTION ( 'NONE',  ( 0.000000000000000000, -1.000000000000000000, 0.000000000000000000 ) ) ;
#440 = ORIENTED_EDGE ( 'NONE', *, *, #3342, .T. ) ;
#441 = CARTESIAN_POINT ( 'NONE',  ( -1.035608995799000009, 0.8000000000000000444, -1.085133175154000096 ) ) ;
#442 = DIRECTION ( 'NONE',  ( 0.9588197348681742893, 0.000000000000000000, 0.2840153447039861501 ) ) ;
#443 = VECTOR ( 'NONE', #3859, 1000.000000000000227 ) ;
#444 = VERTEX_POINT ( 'NONE', #3962 ) ;
#445 = CIRCLE ( 'NONE', #1016, 1.500000000000000000 ) ;
#446 = DIRECTION ( 'NONE',  ( 0.000000000000000000, 0.000000000000000000, 1.000000000000000000 ) ) ;
#447 = DIRECTION ( 'NONE',  ( 0.000000000000000000, -1.000000000000000000, 0.000000000000000000 ) ) ;
#448 = ORIENTED_EDGE ( 'NONE', *, *, #2681, .F. ) ;
#449 = CARTESIAN_POINT ( 'NONE',  ( 1.267892888973999987, 0.000000000000000000, 0.4119633723412000070 ) ) ;
#450 = VERTEX_POINT ( 'NONE', #2684 ) ;
#451 = CARTESIAN_POINT ( 'NONE',  ( 0.000000000000000000, 1.699999999999999956, 0.000000000000000000 ) ) ;
#452 = ADVANCED_FACE ( 'NONE', ( #902 ), #962, .F. ) ;
#453 = ADVANCED_FACE ( 'NONE', ( #2342 ), #540, .T. ) ;
#454 = DIRECTION ( 'NONE',  ( -0.000000000000000000, 1.000000000000000000, -0.000000000000000000 ) ) ;
#455 = EDGE_LOOP ( 'NONE', ( #4324, #3544 ) ) ;
#456 = PLANE ( 'NONE',  #2210 ) ;
#457 = VERTEX_POINT ( 'NONE', #2997 ) ;
#458 = DIRECTION ( 'NONE',  ( 0.000000000000000000, -1.000000000000000000, 0.000000000000000000 ) ) ;
#459 = LINE ( 'NONE', #3205, #608 ) ;
#460 = DIRECTION ( 'NONE',  ( 0.000000000000000000, 0.000000000000000000, -1.000000000000000000 ) ) ;
#461 = ORIENTED_EDGE ( 'NONE', *, *, #3779, .F. ) ;
#462 = CARTESIAN_POINT ( 'NONE',  ( 0.000000000000000000, 0.000000000000000000, -1.250000000000000000 ) ) ;
#463 = CARTESIAN_POINT ( 'NONE',  ( 5.421033961237015202E-14, 1.699999999999999956, 1.333141477136059239 ) ) ;
#464 = CYLINDRICAL_SURFACE ( 'NONE', #1284, 1.500000000000000000 ) ;
#465 = ORIENTED_EDGE ( 'NONE', *, *, #3140, .T. ) ;
#466 = CARTESIAN_POINT ( 'NONE',  ( 0.000000000000000000, 0.000000000000000000, 0.000000000000000000 ) ) ;
#467 = CYLINDRICAL_SURFACE ( 'NONE', #398, 1.500000000000000000 ) ;
#468 = VECTOR ( 'NONE', #1197, 1000.000000000000000 ) ;
#469 = VERTEX_POINT ( 'NONE', #2638 ) ;
#470 = CARTESIAN_POINT ( 'NONE',  ( 0.6495980915057999461, 0.8000000000000000444, 1.352043756507999905 ) ) ;
#471 = PRODUCT_DEFINITION_FORMATION_WITH_SPECIFIED_SOURCE ( 'å¯', '', #2761, .NOT_KNOWN. ) ;
#472 = CARTESIAN_POINT ( 'NONE',  ( -0.4119633723412000070, 0.000000000000000000, 1.267892888973999987 ) ) ;
#473 = ORIENTED_EDGE ( 'NONE', *, *, #872, .F. ) ;
#474 = EDGE_CURVE ( 'NONE', #1490, #3213, #1776, .T. ) ;
#475 = ORIENTED_EDGE ( 'NONE', *, *, #85, .T. ) ;
#476 = ADVANCED_FACE ( 'NONE', ( #2275 ), #518, .F. ) ;
#477 = DIRECTION ( 'NONE',  ( 0.02617694830783522456, 0.000000000000000000, 0.9996573249755582591 ) ) ;
#478 = CARTESIAN_POINT ( 'NONE',  ( -1.333141477135999953, 2.500000000000000000, 0.000000000000000000 ) ) ;
#479 = CARTESIAN_POINT ( 'NONE',  ( -1.320247276071115250, 1.699999999999999956, -0.7120021980489777969 ) ) ;
#480 = CIRCLE ( 'NONE', #1057, 1.500000000000000000 ) ;
#481 = EDGE_CURVE ( 'NONE', #955, #2305, #560, .T. ) ;
#482 = VERTEX_POINT ( 'NONE', #4327 ) ;
#483 = DIRECTION ( 'NONE',  ( 0.9588197348681997134, 0.000000000000000000, -0.2840153447038998857 ) ) ;
#484 = AXIS2_PLACEMENT_3D ( 'NONE', #1621, #1944, #3981 ) ;
#485 = CARTESIAN_POINT ( 'NONE',  ( 0.000000000000000000, 1.699999999999999956, 0.000000000000000000 ) ) ;
#486 = DIRECTION ( 'NONE',  ( 0.000000000000000000, 0.000000000000000000, -1.000000000000000000 ) ) ;
#487 = CIRCLE ( 'NONE', #4149, 1.500000000000000000 ) ;
#488 = VERTEX_POINT ( 'NONE', #1242 ) ;
#489 = AXIS2_PLACEMENT_3D ( 'NONE', #2148, #2535, #1908 ) ;
#490 = VERTEX_POINT ( 'NONE', #3672 ) ;
#491 = CARTESIAN_POINT ( 'NONE',  ( 0.1999999999999669820, 1.699999999999999956, 1.486606874731871697 ) ) ;
#492 = CARTESIAN_POINT ( 'NONE',  ( -0.4119633723412000070, 0.000000000000000000, -1.267892888973999987 ) ) ;
#493 = VECTOR ( 'NONE', #1308, 1000.000000000000000 ) ;
#494 = VERTEX_POINT ( 'NONE', #580 ) ;
#495 = LINE ( 'NONE', #1536, #918 ) ;
#496 = CIRCLE ( 'NONE', #1656, 1.500000000000000000 ) ;
#497 = CARTESIAN_POINT ( 'NONE',  ( -1.078534110909000310, 0.000000000000000000, 0.7836008994800000016 ) ) ;
#498 = EDGE_CURVE ( 'NONE', #2521, #54, #1966, .T. ) ;
#499 = SURFACE_STYLE_FILL_AREA ( #2189 ) ;
#500 = ORIENTED_EDGE ( 'NONE', *, *, #4307, .F. ) ;
#501 = VECTOR ( 'NONE', #2233, 1000.000000000000000 ) ;
#502 = VERTEX_POINT ( 'NONE', #3743 ) ;
#503 = DIRECTION ( 'NONE',  ( -0.6087614290087246527, 0.000000000000000000, 0.7933533402912321675 ) ) ;
#504 = DIRECTION ( 'NONE',  ( -0.000000000000000000, -1.000000000000000000, -0.000000000000000000 ) ) ;
#505 = CARTESIAN_POINT ( 'NONE',  ( 1.530808498934191571E-16, 0.8000000000000000444, 1.250000000000000000 ) ) ;
#506 = EDGE_CURVE ( 'NONE', #2578, #268, #4040, .T. ) ;
#507 = CARTESIAN_POINT ( 'NONE',  ( 1.352043756508117145, 1.699999999999999956, -0.6495980915056981386 ) ) ;
#508 = ORIENTED_EDGE ( 'NONE', *, *, #1162, .F. ) ;
#509 = LINE ( 'NONE', #551, #3580 ) ;
#510 = LINE ( 'NONE', #3301, #82 ) ;
#511 = EDGE_CURVE ( 'NONE', #4219, #381, #3388, .T. ) ;
#512 = EDGE_CURVE ( 'NONE', #576, #502, #2297, .T. ) ;
#513 = ORIENTED_EDGE ( 'NONE', *, *, #2162, .F. ) ;
#514 = LINE ( 'NONE', #2593, #3015 ) ;
#515 = FACE_OUTER_BOUND ( 'NONE', #421, .T. ) ;
#516 = AXIS2_PLACEMENT_3D ( 'NONE', #661, #4429, #2044 ) ;
#517 = EDGE_LOOP ( 'NONE', ( #4345, #2901, #2328, #251 ) ) ;
#518 = PLANE ( 'NONE',  #4445 ) ;
#519 = DIRECTION ( 'NONE',  ( -0.2840153447038998857, 0.000000000000000000, 0.9588197348681997134 ) ) ;
#520 = CYLINDRICAL_SURFACE ( 'NONE', #2296, 1.500000000000000000 ) ;
#521 = DIRECTION ( 'NONE',  ( -0.000000000000000000, -1.000000000000000000, -0.000000000000000000 ) ) ;
#522 = ORIENTED_EDGE ( 'NONE', *, *, #97, .T. ) ;
#523 = VERTEX_POINT ( 'NONE', #3407 ) ;
#524 = CYLINDRICAL_SURFACE ( 'NONE', #489, 1.500000000000000000 ) ;
#525 = CYLINDRICAL_SURFACE ( 'NONE', #1529, 1.500000000000000000 ) ;
#526 = LINE ( 'NONE', #2537, #1267 ) ;
#527 = CARTESIAN_POINT ( 'NONE',  ( 0.000000000000000000, 3.500000000000000000, 0.000000000000000000 ) ) ;
#528 = EDGE_LOOP ( 'NONE', ( #2393, #1422, #3848, #4143 ) ) ;
#529 = CARTESIAN_POINT ( 'NONE',  ( -1.320247276071115250, 0.8000000000000000444, -0.7120021980489777969 ) ) ;
#530 = EDGE_CURVE ( 'NONE', #3850, #523, #2694, .T. ) ;
#531 = CARTESIAN_POINT ( 'NONE',  ( -0.4119633723411355031, 0.8000000000000000444, -1.267892888973955801 ) ) ;
#532 = ORIENTED_EDGE ( 'NONE', *, *, #4340, .T. ) ;
#533 = ORIENTED_EDGE ( 'NONE', *, *, #3082, .F. ) ;
#534 = EDGE_CURVE ( 'NONE', #2053, #3315, #2311, .T. ) ;
#535 = CARTESIAN_POINT ( 'NONE',  ( 0.000000000000000000, 0.8000000000000000444, 0.000000000000000000 ) ) ;
#536 = ADVANCED_FACE ( 'NONE', ( #593 ), #997, .F. ) ;
#537 = DIRECTION ( 'NONE',  ( 0.5664062369248178408, 0.000000000000000000, -0.8241261886220260235 ) ) ;
#538 = ORIENTED_EDGE ( 'NONE', *, *, #266, .T. ) ;
#539 = FACE_OUTER_BOUND ( 'NONE', #2674, .T. ) ;
#540 = CYLINDRICAL_SURFACE ( 'NONE', #2358, 1.500000000000000000 ) ;
#541 = VECTOR ( 'NONE', #1560, 1000.000000000000114 ) ;
#542 = CARTESIAN_POINT ( 'NONE',  ( 0.000000000000000000, 0.000000000000000000, 0.000000000000000000 ) ) ;
#543 = CARTESIAN_POINT ( 'NONE',  ( 0.000000000000000000, 3.500000000000000000, 1.000000000000000000 ) ) ;
#544 = VECTOR ( 'NONE', #3188, 1000.000000000000000 ) ;
#545 = ORIENTED_EDGE ( 'NONE', *, *, #1332, .F. ) ;
#546 = ORIENTED_EDGE ( 'NONE', *, *, #1901, .T. ) ;
#547 = CARTESIAN_POINT ( 'NONE',  ( 0.000000000000000000, 2.500000000000000000, -1.250000000000000000 ) ) ;
#548 = LINE ( 'NONE', #3547, #1619 ) ;
#549 = CARTESIAN_POINT ( 'NONE',  ( 0.000000000000000000, 0.000000000000000000, 0.000000000000000000 ) ) ;
#550 = ORIENTED_EDGE ( 'NONE', *, *, #2510, .F. ) ;
#551 = CARTESIAN_POINT ( 'NONE',  ( -1.078534110909000310, 2.500000000000000888, -0.7836008994800000016 ) ) ;
#552 = DIRECTION ( 'NONE',  ( 0.000000000000000000, -1.000000000000000000, 0.000000000000000000 ) ) ;
#553 = ORIENTED_EDGE ( 'NONE', *, *, #607, .T. ) ;
#554 = EDGE_CURVE ( 'NONE', #4066, #4257, #323, .T. ) ;
#555 = DIRECTION ( 'NONE',  ( 0.000000000000000000, -1.000000000000000000, 0.000000000000000000 ) ) ;
#556 = AXIS2_PLACEMENT_3D ( 'NONE', #4180, #4258, #486 ) ;
#557 = VECTOR ( 'NONE', #2300, 1000.000000000000000 ) ;
#558 = VERTEX_POINT ( 'NONE', #4059 ) ;
#559 = EDGE_CURVE ( 'NONE', #2641, #72, #4446, .T. ) ;
#560 = LINE ( 'NONE', #3265, #557 ) ;
#561 = AXIS2_PLACEMENT_3D ( 'NONE', #3878, #4242, #1859 ) ;
#562 = CARTESIAN_POINT ( 'NONE',  ( 0.000000000000000000, 3.500000000000000000, 0.000000000000000000 ) ) ;
#563 = EDGE_CURVE ( 'NONE', #3472, #1028, #973, .T. ) ;
#564 = EDGE_CURVE ( 'NONE', #2644, #436, #4018, .T. ) ;
#565 = ORIENTED_EDGE ( 'NONE', *, *, #2622, .F. ) ;
#566 = ORIENTED_EDGE ( 'NONE', *, *, #3209, .T. ) ;
#567 = AXIS2_PLACEMENT_3D ( 'NONE', #305, #3725, #638 ) ;
#568 = CARTESIAN_POINT ( 'NONE',  ( -1.320247276071112141, 2.500000000000000444, 0.7120021980489670277 ) ) ;
#569 = EDGE_LOOP ( 'NONE', ( #1015, #1018, #3654, #2813 ) ) ;
#570 = DIRECTION ( 'NONE',  ( 0.000000000000000000, -1.000000000000000000, 0.000000000000000000 ) ) ;
#571 = DIRECTION ( 'NONE',  ( -4.085620730620576069E-14, 0.000000000000000000, -1.000000000000000000 ) ) ;
#572 = AXIS2_PLACEMENT_3D ( 'NONE', #2556, #3290, #839 ) ;
#573 = ORIENTED_EDGE ( 'NONE', *, *, #3562, .T. ) ;
#574 = LINE ( 'NONE', #2968, #3863 ) ;
#575 = LINE ( 'NONE', #2987, #1894 ) ;
#576 = VERTEX_POINT ( 'NONE', #1322 ) ;
#577 = ORIENTED_EDGE ( 'NONE', *, *, #3224, .F. ) ;
#578 = DIRECTION ( 'NONE',  ( -0.000000000000000000, -1.000000000000000000, 0.000000000000000000 ) ) ;
#579 = ORIENTED_EDGE ( 'NONE', *, *, #1026, .T. ) ;
#580 = CARTESIAN_POINT ( 'NONE',  ( 1.486606874731847938, 2.500000000000000000, -0.2000000000000218270 ) ) ;
#581 = CARTESIAN_POINT ( 'NONE',  ( -1.078534110908998089, 1.700000000000000844, 0.7836008994799890104 ) ) ;
#582 = AXIS2_PLACEMENT_3D ( 'NONE', #1526, #1871, #2564 ) ;
#583 = CARTESIAN_POINT ( 'NONE',  ( 1.320247276071000231, 2.500000000000000888, -0.7120021980490000013 ) ) ;
#584 = ORIENTED_EDGE ( 'NONE', *, *, #3067, .F. ) ;
#585 = VERTEX_POINT ( 'NONE', #2735 ) ;
#586 = VECTOR ( 'NONE', #3829, 1000.000000000000000 ) ;
#587 = CARTESIAN_POINT ( 'NONE',  ( 0.6495980915055450389, 2.500000000000000000, 1.352043756508033212 ) ) ;
#588 = ORIENTED_EDGE ( 'NONE', *, *, #1464, .F. ) ;
#589 = DIRECTION ( 'NONE',  ( 0.000000000000000000, -1.000000000000000000, -0.000000000000000000 ) ) ;
#590 = CARTESIAN_POINT ( 'NONE',  ( 0.000000000000000000, 1.699999999999999956, 1.333141477135999953 ) ) ;
#591 = EDGE_CURVE ( 'NONE', #2354, #1541, #1301, .T. ) ;
#592 = ADVANCED_FACE ( 'NONE', ( #676 ), #1578, .F. ) ;
#593 = FACE_OUTER_BOUND ( 'NONE', #1736, .T. ) ;
#594 = ORIENTED_EDGE ( 'NONE', *, *, #4359, .F. ) ;
#595 = CARTESIAN_POINT ( 'NONE',  ( 0.000000000000000000, 2.500000000000000000, 0.000000000000000000 ) ) ;
#596 = CARTESIAN_POINT ( 'NONE',  ( 0.000000000000000000, 2.500000000000000000, -1.333141477135999953 ) ) ;
#597 = EDGE_LOOP ( 'NONE', ( #3486, #3047, #1366, #2546 ) ) ;
#598 = DIRECTION ( 'NONE',  ( 0.2840153447038998857, 0.000000000000000000, 0.9588197348681997134 ) ) ;
#599 = ORIENTED_EDGE ( 'NONE', *, *, #3650, .F. ) ;
#600 = LINE ( 'NONE', #3075, #3732 ) ;
#601 = ORIENTED_EDGE ( 'NONE', *, *, #2106, .F. ) ;
#602 = DIRECTION ( 'NONE',  ( 0.000000000000000000, 0.000000000000000000, -1.000000000000000000 ) ) ;
#603 = CARTESIAN_POINT ( 'NONE',  ( 1.078534110909000310, 2.500000000000000888, 0.7836008994800000016 ) ) ;
#604 = DIRECTION ( 'NONE',  ( 0.000000000000000000, -0.000000000000000000, -1.000000000000000000 ) ) ;
#605 = VERTEX_POINT ( 'NONE', #3088 ) ;
#606 = VERTEX_POINT ( 'NONE', #1273 ) ;
#607 = EDGE_CURVE ( 'NONE', #2578, #3604, #2649, .T. ) ;
#608 = VECTOR ( 'NONE', #4289, 1000.000000000000000 ) ;
#609 = DIRECTION ( 'NONE',  ( -0.9996573249755582591, 0.000000000000000000, 0.02617694830783522456 ) ) ;
#610 = CARTESIAN_POINT ( 'NONE',  ( 0.1999999999999802769, 0.000000000000000000, -1.486606874731853267 ) ) ;
#611 = LINE ( 'NONE', #2371, #1118 ) ;
#612 = AXIS2_PLACEMENT_3D ( 'NONE', #669, #3143, #23 ) ;
#613 = EDGE_CURVE ( 'NONE', #290, #2895, #283, .T. ) ;
#614 = EDGE_CURVE ( 'NONE', #158, #3553, #3080, .T. ) ;
#615 = DIRECTION ( 'NONE',  ( 0.000000000000000000, -1.000000000000000000, 0.000000000000000000 ) ) ;
#616 = VERTEX_POINT ( 'NONE', #2023 ) ;
#617 = DIRECTION ( 'NONE',  ( 0.000000000000000000, -1.000000000000000000, 0.000000000000000000 ) ) ;
#618 = VECTOR ( 'NONE', #980, 1000.000000000000000 ) ;
#619 = DIRECTION ( 'NONE',  ( 0.9588197348681997134, 0.000000000000000000, 0.2840153447038998857 ) ) ;
#620 = FACE_OUTER_BOUND ( 'NONE', #1384, .T. ) ;
#621 = EDGE_CURVE ( 'NONE', #3226, #3472, #1680, .T. ) ;
#622 = ORIENTED_EDGE ( 'NONE', *, *, #2847, .T. ) ;
#623 = CARTESIAN_POINT ( 'NONE',  ( 1.352043756507999905, 0.000000000000000000, 0.6495980915057999461 ) ) ;
#624 = ORIENTED_EDGE ( 'NONE', *, *, #1358, .T. ) ;
#625 = DIRECTION ( 'NONE',  ( -0.02617694830786888166, 0.000000000000000000, -0.9996573249755573709 ) ) ;
#626 = VECTOR ( 'NONE', #2088, 1000.000000000000114 ) ;
#627 = DIRECTION ( 'NONE',  ( 0.000000000000000000, -1.000000000000000000, 0.000000000000000000 ) ) ;
#628 = DIRECTION ( 'NONE',  ( 0.8241261886214986676, 0.000000000000000000, 0.5664062369255852269 ) ) ;
#629 = VECTOR ( 'NONE', #4121, 1000.000000000000000 ) ;
#630 = ORIENTED_EDGE ( 'NONE', *, *, #2078, .F. ) ;
#631 = ORIENTED_EDGE ( 'NONE', *, *, #3203, .F. ) ;
#632 = AXIS2_PLACEMENT_3D ( 'NONE', #4014, #932, #3339 ) ;
#633 = LINE ( 'NONE', #2670, #3233 ) ;
#634 = LINE ( 'NONE', #887, #1715 ) ;
#635 = DIRECTION ( 'NONE',  ( -0.000000000000000000, 1.000000000000000000, -0.000000000000000000 ) ) ;
#636 = CIRCLE ( 'NONE', #4310, 1.000000000000000000 ) ;
#637 = VECTOR ( 'NONE', #1265, 1000.000000000000000 ) ;
#638 = DIRECTION ( 'NONE',  ( 0.000000000000000000, 0.000000000000000000, -1.000000000000000000 ) ) ;
#639 = ORIENTED_EDGE ( 'NONE', *, *, #563, .T. ) ;
#640 = CARTESIAN_POINT ( 'NONE',  ( -0.2691754849876999978, 2.500000000000000000, -1.475650554258000291 ) ) ;
#641 = VECTOR ( 'NONE', #4138, 1000.000000000000000 ) ;
#642 = CARTESIAN_POINT ( 'NONE',  ( -1.320247276071006670, 0.000000000000000000, -0.7120021980490217617 ) ) ;
#643 = DIRECTION ( 'NONE',  ( 0.8241261886214986676, 0.000000000000000000, -0.5664062369255852269 ) ) ;
#644 = ADVANCED_FACE ( 'NONE', ( #1343 ), #2714, .F. ) ;
#645 = VERTEX_POINT ( 'NONE', #724 ) ;
#646 = CLOSED_SHELL ( 'NONE', ( #1499, #3937, #4051, #1441, #3999, #3312, #592, #1045, #974, #1141, #202, #3087, #2686, #899, #757, #1722, #2664, #1020, #4189, #172, #2453, #1364, #125, #207, #1108, #1673, #4124, #536, #3731, #3751, #1169, #644, #4386, #1504, #3944, #1646, #3806, #3801, #3778, #3557, #372, #1370, #476, #3703, #1857, #3501, #1469, #3822, #1306, #2829, #3168, #2965, #890, #844, #1276, #976, #1748, #3621, #3832, #1251, #3239, #2134, #3034, #2770, #3112, #3117, #155, #942, #1198, #2079, #2740, #773, #3705, #371, #1772, #3831, #3965, #4079, #697, #453, #2570, #3393, #2332, #3443, #3570, #948, #2960, #4057, #4210, #396, #2397, #4137, #265, #3147, #2292, #648, #3591, #806, #1316, #3416, #3598, #2606, #4226, #3453, #3976, #4074, #1519, #2955, #3756, #4283, #2984, #2422, #314, #452, #1315, #1255, #1056, #3448, #2272, #2855, #1971, #3262, #4132, #3886, #3481, #2331, #1371, #1924, #4449, #2931, #2004, #1990, #1804 ) ) ;
#647 = DIRECTION ( 'NONE',  ( -0.8241261886214986676, 0.000000000000000000, 0.5664062369255852269 ) ) ;
#648 = ADVANCED_FACE ( 'NONE', ( #1038 ), #2754, .F. ) ;
#649 = EDGE_CURVE ( 'NONE', #162, #4387, #2459, .T. ) ;
#650 = VERTEX_POINT ( 'NONE', #1468 ) ;
#651 = DIRECTION ( 'NONE',  ( 0.000000000000000000, 0.000000000000000000, -1.000000000000000000 ) ) ;
#652 = FACE_OUTER_BOUND ( 'NONE', #2846, .T. ) ;
#653 = ORIENTED_EDGE ( 'NONE', *, *, #3881, .T. ) ;
#654 = CARTESIAN_POINT ( 'NONE',  ( -1.352043756507926853, 0.000000000000000000, 0.6495980915057663063 ) ) ;
#655 = LINE ( 'NONE', #1272, #2051 ) ;
#656 = VECTOR ( 'NONE', #1411, 1000.000000000000227 ) ;
#657 = CARTESIAN_POINT ( 'NONE',  ( -1.267892888973999987, 3.500000000000000000, -0.4119633723412000070 ) ) ;
#658 = EDGE_CURVE ( 'NONE', #3315, #46, #796, .T. ) ;
#659 = ORIENTED_EDGE ( 'NONE', *, *, #1605, .T. ) ;
#660 = CARTESIAN_POINT ( 'NONE',  ( 1.333141477135999953, 3.500000000000000000, 0.000000000000000000 ) ) ;
#661 = CARTESIAN_POINT ( 'NONE',  ( -0.4119633723412000070, 0.000000000000000000, 1.267892888973999987 ) ) ;
#662 = LINE ( 'NONE', #1666, #835 ) ;
#663 = EDGE_CURVE ( 'NONE', #3062, #1318, #3870, .T. ) ;
#664 = EDGE_LOOP ( 'NONE', ( #2475, #892, #3668, #4185 ) ) ;
#665 = DIRECTION ( 'NONE',  ( -0.9588197348681997134, 0.000000000000000000, -0.2840153447038998857 ) ) ;
#666 = EDGE_LOOP ( 'NONE', ( #3979, #3715, #1116, #901 ) ) ;
#667 = DIRECTION ( 'NONE',  ( 0.3338068592337900542, 0.000000000000000000, 0.9426414910921716572 ) ) ;
#668 = EDGE_CURVE ( 'NONE', #4246, #4367, #3592, .T. ) ;
#669 = CARTESIAN_POINT ( 'NONE',  ( 1.486606874732000039, 0.000000000000000000, 0.2000000000000000111 ) ) ;
#670 = VERTEX_POINT ( 'NONE', #2029 ) ;
#671 = DIRECTION ( 'NONE',  ( 0.2840153447039861501, 0.000000000000000000, 0.9588197348681742893 ) ) ;
#672 = CARTESIAN_POINT ( 'NONE',  ( 0.4119633723412000070, 0.000000000000000000, -1.267892888973999987 ) ) ;
#673 = ORIENTED_EDGE ( 'NONE', *, *, #286, .T. ) ;
#674 = CIRCLE ( 'NONE', #827, 1.500000000000000000 ) ;
#675 = VERTEX_POINT ( 'NONE', #2762 ) ;
#676 = FACE_OUTER_BOUND ( 'NONE', #2884, .T. ) ;
#677 = ORIENTED_EDGE ( 'NONE', *, *, #41, .T. ) ;
#678 = LINE ( 'NONE', #3070, #2581 ) ;
#679 = CYLINDRICAL_SURFACE ( 'NONE', #375, 1.500000000000000000 ) ;
#680 = VECTOR ( 'NONE', #1032, 1000.000000000000000 ) ;
#681 = LINE ( 'NONE', #1920, #3061 ) ;
#682 = AXIS2_PLACEMENT_3D ( 'NONE', #750, #2126, #3497 ) ;
#683 = ORIENTED_EDGE ( 'NONE', *, *, #4248, .T. ) ;
#684 = CARTESIAN_POINT ( 'NONE',  ( 1.352043756507927519, 0.000000000000000000, -0.6495980915057648630 ) ) ;
#685 = FACE_OUTER_BOUND ( 'NONE', #1431, .T. ) ;
#686 = EDGE_CURVE ( 'NONE', #1603, #3107, #2658, .T. ) ;
#687 = ORIENTED_EDGE ( 'NONE', *, *, #183, .F. ) ;
#688 = CARTESIAN_POINT ( 'NONE',  ( 1.333141477135999953, 0.000000000000000000, 0.000000000000000000 ) ) ;
#689 = DIRECTION ( 'NONE',  ( -0.9588197348681997134, 0.000000000000000000, -0.2840153447038998857 ) ) ;
#690 = VECTOR ( 'NONE', #2353, 1000.000000000000000 ) ;
#691 = EDGE_CURVE ( 'NONE', #1950, #1180, #212, .T. ) ;
#692 = ORIENTED_EDGE ( 'NONE', *, *, #2633, .T. ) ;
#693 = AXIS2_PLACEMENT_3D ( 'NONE', #3309, #1600, #2663 ) ;
#694 = LINE ( 'NONE', #3760, #1401 ) ;
#695 = VECTOR ( 'NONE', #1880, 1000.000000000000114 ) ;
#696 = EDGE_CURVE ( 'NONE', #645, #2644, #3514, .T. ) ;
#697 = ADVANCED_FACE ( 'NONE', ( #1161 ), #2856, .F. ) ;
#698 = ORIENTED_EDGE ( 'NONE', *, *, #1582, .F. ) ;
#699 = ORIENTED_EDGE ( 'NONE', *, *, #3281, .T. ) ;
#700 = AXIS2_PLACEMENT_3D ( 'NONE', #3613, #2509, #2603 ) ;
#701 = ORIENTED_EDGE ( 'NONE', *, *, #4183, .F. ) ;
#702 = CARTESIAN_POINT ( 'NONE',  ( -0.2691754849876813460, 0.000000000000000000, -1.475650554257899705 ) ) ;
#703 = CARTESIAN_POINT ( 'NONE',  ( 0.000000000000000000, 1.699999999999999956, -1.250000000000000000 ) ) ;
#704 = VECTOR ( 'NONE', #4274, 1000.000000000000000 ) ;
#705 = DIRECTION ( 'NONE',  ( 0.9588197348681742893, 0.000000000000000000, -0.2840153447039861501 ) ) ;
#706 = CARTESIAN_POINT ( 'NONE',  ( 0.2691754849878934541, 0.000000000000000000, -1.475650554258133074 ) ) ;
#707 = AXIS2_PLACEMENT_3D ( 'NONE', #1071, #2129, #151 ) ;
#708 = VECTOR ( 'NONE', #369, 1000.000000000000000 ) ;
#709 = ORIENTED_EDGE ( 'NONE', *, *, #1415, .F. ) ;
#710 = DIRECTION ( 'NONE',  ( 0.000000000000000000, 0.000000000000000000, -1.000000000000000000 ) ) ;
#711 = AXIS2_PLACEMENT_3D ( 'NONE', #2041, #259, #935 ) ;
#712 = CARTESIAN_POINT ( 'NONE',  ( 1.486606874731870143, 0.000000000000000000, -0.2000000000000998202 ) ) ;
#713 = ORIENTED_EDGE ( 'NONE', *, *, #3164, .T. ) ;
#714 = EDGE_LOOP ( 'NONE', ( #2631, #3244, #2636, #1930 ) ) ;
#715 = FACE_OUTER_BOUND ( 'NONE', #1076, .T. ) ;
#716 = VECTOR ( 'NONE', #22, 1000.000000000000114 ) ;
#717 = EDGE_CURVE ( 'NONE', #828, #1286, #1291, .T. ) ;
#718 = LINE ( 'NONE', #1054, #1843 ) ;
#719 = ORIENTED_EDGE ( 'NONE', *, *, #511, .T. ) ;
#720 = EDGE_CURVE ( 'NONE', #3057, #3919, #3300, .T. ) ;
#721 = FACE_OUTER_BOUND ( 'NONE', #3566, .T. ) ;
#722 = VERTEX_POINT ( 'NONE', #507 ) ;
#723 = VERTEX_POINT ( 'NONE', #2287 ) ;
#724 = CARTESIAN_POINT ( 'NONE',  ( -1.085133175154048946, 1.699999999999999956, -1.035608995799134791 ) ) ;
#725 = EDGE_CURVE ( 'NONE', #2802, #408, #171, .T. ) ;
#726 = VERTEX_POINT ( 'NONE', #1546 ) ;
#727 = EDGE_CURVE ( 'NONE', #3302, #1756, #4291, .T. ) ;
#728 = DIRECTION ( 'NONE',  ( -0.000000000000000000, -1.000000000000000000, -0.000000000000000000 ) ) ;
#729 = CARTESIAN_POINT ( 'NONE',  ( 1.267892888973909171, 2.500000000000000000, 0.4119633723412322035 ) ) ;
#730 = CARTESIAN_POINT ( 'NONE',  ( -0.7120021980490000013, 0.000000000000000000, -1.320247276071000231 ) ) ;
#731 = CYLINDRICAL_SURFACE ( 'NONE', #1070, 1.500000000000000000 ) ;
#732 = AXIS2_PLACEMENT_3D ( 'NONE', #3054, #3376, #1669 ) ;
#733 = ORIENTED_EDGE ( 'NONE', *, *, #1896, .F. ) ;
#734 = CARTESIAN_POINT ( 'NONE',  ( 0.000000000000000000, 1.699999999999999956, 0.000000000000000000 ) ) ;
#735 = CARTESIAN_POINT ( 'NONE',  ( -0.7836008994800000016, 0.000000000000000000, -1.078534110909000310 ) ) ;
#736 = ORIENTED_EDGE ( 'NONE', *, *, #1645, .T. ) ;
#737 = LINE ( 'NONE', #3608, #501 ) ;
#738 = DIRECTION ( 'NONE',  ( 0.000000000000000000, 0.000000000000000000, -1.000000000000000000 ) ) ;
#739 = DIRECTION ( 'NONE',  ( -0.000000000000000000, 1.000000000000000000, 0.000000000000000000 ) ) ;
#740 = ORIENTED_EDGE ( 'NONE', *, *, #1226, .F. ) ;
#741 = CARTESIAN_POINT ( 'NONE',  ( -1.078534110909000310, 0.000000000000000000, -0.7836008994800000016 ) ) ;
#742 = PLANE ( 'NONE',  #3196 ) ;
#743 = ORIENTED_EDGE ( 'NONE', *, *, #15, .F. ) ;
#744 = ORIENTED_EDGE ( 'NONE', *, *, #668, .F. ) ;
#745 = DIRECTION ( 'NONE',  ( -0.7933533402912321675, 0.000000000000000000, -0.6087614290087246527 ) ) ;
#746 = ORIENTED_EDGE ( 'NONE', *, *, #591, .T. ) ;
#747 = CARTESIAN_POINT ( 'NONE',  ( -1.085133175154000096, 2.500000000000000888, -1.035608995799000009 ) ) ;
#748 = LINE ( 'NONE', #411, #3467 ) ;
#749 = DIRECTION ( 'NONE',  ( -0.9996573249755574819, 0.000000000000000000, 0.02617694830786888513 ) ) ;
#750 = CARTESIAN_POINT ( 'NONE',  ( 0.000000000000000000, 2.500000000000000000, 0.000000000000000000 ) ) ;
#751 = LINE ( 'NONE', #2127, #2080 ) ;
#752 = EDGE_CURVE ( 'NONE', #3697, #2571, #3991, .T. ) ;
#753 = VERTEX_POINT ( 'NONE', #1911 ) ;
#754 = DIRECTION ( 'NONE',  ( -0.9588197348681742893, 0.000000000000000000, 0.2840153447039861501 ) ) ;
#755 = AXIS2_PLACEMENT_3D ( 'NONE', #1419, #25, #2141 ) ;
#756 = CARTESIAN_POINT ( 'NONE',  ( 1.085133175154002538, 3.499999999999999556, 1.035608995799090382 ) ) ;
#757 = ADVANCED_FACE ( 'NONE', ( #2539 ), #1209, .T. ) ;
#758 = CIRCLE ( 'NONE', #2343, 1.500000000000000000 ) ;
#759 = ORIENTED_EDGE ( 'NONE', *, *, #20, .T. ) ;
#760 = VERTEX_POINT ( 'NONE', #3675 ) ;
#761 = CARTESIAN_POINT ( 'NONE',  ( 1.078534110909000310, 3.500000000000000000, 0.7836008994800000016 ) ) ;
#762 = CIRCLE ( 'NONE', #682, 1.500000000000000000 ) ;
#763 = CARTESIAN_POINT ( 'NONE',  ( 1.486606874732000039, 0.000000000000000000, 0.2000000000000000111 ) ) ;
#764 = CARTESIAN_POINT ( 'NONE',  ( 1.085133175154000096, 3.500000000000000000, 1.035608995799000009 ) ) ;
#765 = EDGE_LOOP ( 'NONE', ( #594, #3836, #4250, #1668 ) ) ;
#766 = CARTESIAN_POINT ( 'NONE',  ( 0.000000000000000000, 0.8000000000000000444, 0.000000000000000000 ) ) ;
#767 = DIRECTION ( 'NONE',  ( 0.3338068592327084194, 0.000000000000000000, 0.9426414910925545732 ) ) ;
#768 = EDGE_LOOP ( 'NONE', ( #2867, #2642, #885, #3049 ) ) ;
#769 = VERTEX_POINT ( 'NONE', #1244 ) ;
#770 = ORIENTED_EDGE ( 'NONE', *, *, #1394, .T. ) ;
#771 = DIRECTION ( 'NONE',  ( 0.9996573249755582591, 0.000000000000000000, 0.02617694830783522456 ) ) ;
#772 = VECTOR ( 'NONE', #1868, 1000.000000000000000 ) ;
#773 = ADVANCED_FACE ( 'NONE', ( #2976, #4351 ), #1653, .T. ) ;
#774 = DIRECTION ( 'NONE',  ( -0.9996573249755582591, 0.000000000000000000, -0.02617694830783522456 ) ) ;
#775 = DIRECTION ( 'NONE',  ( -0.000000000000000000, -1.000000000000000000, 0.000000000000000000 ) ) ;
#776 = AXIS2_PLACEMENT_3D ( 'NONE', #595, #2986, #2313 ) ;
#777 = ORIENTED_EDGE ( 'NONE', *, *, #474, .F. ) ;
#778 = DIRECTION ( 'NONE',  ( 0.000000000000000000, -1.000000000000000000, 0.000000000000000000 ) ) ;
#779 = VECTOR ( 'NONE', #2559, 1000.000000000000000 ) ;
#780 = EDGE_CURVE ( 'NONE', #363, #48, #2513, .T. ) ;
#781 = CARTESIAN_POINT ( 'NONE',  ( -0.1999999999999170497, 3.499999999999999556, 1.486606874731936534 ) ) ;
#782 = FACE_OUTER_BOUND ( 'NONE', #407, .T. ) ;
#783 = ORIENTED_EDGE ( 'NONE', *, *, #3341, .T. ) ;
#784 = VECTOR ( 'NONE', #3629, 1000.000000000000114 ) ;
#785 = EDGE_CURVE ( 'NONE', #3610, #3127, #4052, .T. ) ;
#786 = DIRECTION ( 'NONE',  ( 0.000000000000000000, 0.000000000000000000, 1.000000000000000000 ) ) ;
#787 = EDGE_CURVE ( 'NONE', #1156, #726, #2640, .T. ) ;
#788 = DIRECTION ( 'NONE',  ( 0.6087614290087246527, 0.000000000000000000, 0.7933533402912321675 ) ) ;
#789 = VECTOR ( 'NONE', #2070, 1000.000000000000000 ) ;
#790 = DIRECTION ( 'NONE',  ( 0.000000000000000000, 1.000000000000000000, -0.000000000000000000 ) ) ;
#791 = ORIENTED_EDGE ( 'NONE', *, *, #2095, .F. ) ;
#792 = DIRECTION ( 'NONE',  ( 0.02617694830786888166, 0.000000000000000000, -0.9996573249755573709 ) ) ;
#793 = FACE_OUTER_BOUND ( 'NONE', #2687, .T. ) ;
#794 = LINE ( 'NONE', #4284, #3238 ) ;
#795 = ORIENTED_EDGE ( 'NONE', *, *, #873, .F. ) ;
#796 = LINE ( 'NONE', #1379, #1429 ) ;
#797 = ORIENTED_EDGE ( 'NONE', *, *, #564, .T. ) ;
#798 = FACE_OUTER_BOUND ( 'NONE', #765, .T. ) ;
#799 = DIRECTION ( 'NONE',  ( 0.000000000000000000, 0.000000000000000000, -1.000000000000000000 ) ) ;
#800 = DIRECTION ( 'NONE',  ( -0.3338068592327084194, 0.000000000000000000, -0.9426414910925545732 ) ) ;
#801 = VERTEX_POINT ( 'NONE', #3357 ) ;
#802 = CARTESIAN_POINT ( 'NONE',  ( -0.7836008994800000016, 3.500000000000000000, 1.078534110909000310 ) ) ;
#803 = CARTESIAN_POINT ( 'NONE',  ( -1.333141477135999953, 0.000000000000000000, 0.000000000000000000 ) ) ;
#804 = VECTOR ( 'NONE', #2744, 1000.000000000000000 ) ;
#805 = ORIENTED_EDGE ( 'NONE', *, *, #3916, .F. ) ;
#806 = ADVANCED_FACE ( 'NONE', ( #3333 ), #2667, .T. ) ;
#807 = EDGE_LOOP ( 'NONE', ( #1689, #1719, #2327, #3764 ) ) ;
#808 = CARTESIAN_POINT ( 'NONE',  ( 1.320247276071185194, 3.500000000000000000, 0.7120021980490062186 ) ) ;
#809 = DIRECTION ( 'NONE',  ( -0.5664062369248178408, 0.000000000000000000, -0.8241261886220260235 ) ) ;
#810 = ORIENTED_EDGE ( 'NONE', *, *, #1525, .T. ) ;
#811 = EDGE_CURVE ( 'NONE', #3958, #3098, #2345, .T. ) ;
#812 = EDGE_CURVE ( 'NONE', #290, #4072, #4032, .T. ) ;
#813 = CARTESIAN_POINT ( 'NONE',  ( 0.000000000000000000, 0.000000000000000000, -1.333141477135999953 ) ) ;
#814 = LINE ( 'NONE', #1513, #3349 ) ;
#815 = FACE_OUTER_BOUND ( 'NONE', #3247, .T. ) ;
#816 = FILL_AREA_STYLE_COLOUR ( '', #1877 ) ;
#817 = ORIENTED_EDGE ( 'NONE', *, *, #3805, .F. ) ;
#818 = ORIENTED_EDGE ( 'NONE', *, *, #1055, .F. ) ;
#819 = DIRECTION ( 'NONE',  ( -0.5664062369248178408, 0.000000000000000000, 0.8241261886220260235 ) ) ;
#820 = DIRECTION ( 'NONE',  ( 0.000000000000000000, 1.000000000000000000, -0.000000000000000000 ) ) ;
#821 = DIRECTION ( 'NONE',  ( 0.000000000000000000, -1.000000000000000000, 0.000000000000000000 ) ) ;
#822 = PRODUCT_DEFINITION_SHAPE ( 'NONE', 'NONE',  #1712 ) ;
#823 = VERTEX_POINT ( 'NONE', #299 ) ;
#824 = FACE_OUTER_BOUND ( 'NONE', #434, .T. ) ;
#825 = FACE_OUTER_BOUND ( 'NONE', #1107, .T. ) ;
#826 = VERTEX_POINT ( 'NONE', #2706 ) ;
#827 = AXIS2_PLACEMENT_3D ( 'NONE', #3989, #4038, #2983 ) ;
#828 = VERTEX_POINT ( 'NONE', #2957 ) ;
#829 = DIRECTION ( 'NONE',  ( -0.000000000000000000, 1.000000000000000000, -0.000000000000000000 ) ) ;
#830 = CARTESIAN_POINT ( 'NONE',  ( 0.000000000000000000, -5.684341886080801487E-11, 0.000000000000000000 ) ) ;
#831 = EDGE_CURVE ( 'NONE', #3107, #650, #2278, .T. ) ;
#832 = VECTOR ( 'NONE', #1397, 1000.000000000000000 ) ;
#833 = ORIENTED_EDGE ( 'NONE', *, *, #340, .T. ) ;
#834 = DIRECTION ( 'NONE',  ( 0.000000000000000000, 0.000000000000000000, -1.000000000000000000 ) ) ;
#835 = VECTOR ( 'NONE', #3033, 1000.000000000000000 ) ;
#836 = PLANE ( 'NONE',  #3710 ) ;
#837 = EDGE_CURVE ( 'NONE', #3249, #675, #2326, .T. ) ;
#838 = CARTESIAN_POINT ( 'NONE',  ( 1.035608995798999787, 0.000000000000000000, 1.085133175154008534 ) ) ;
#839 = DIRECTION ( 'NONE',  ( 0.000000000000000000, 0.000000000000000000, -1.000000000000000000 ) ) ;
#840 = ORIENTED_EDGE ( 'NONE', *, *, #360, .T. ) ;
#841 = ORIENTED_EDGE ( 'NONE', *, *, #1866, .F. ) ;
#842 = LINE ( 'NONE', #168, #1647 ) ;
#843 = DIRECTION ( 'NONE',  ( 0.000000000000000000, 0.000000000000000000, -1.000000000000000000 ) ) ;
#844 = ADVANCED_FACE ( 'NONE', ( #2235 ), #520, .T. ) ;
#845 = LINE ( 'NONE', #2242, #3714 ) ;
#846 = AXIS2_PLACEMENT_3D ( 'NONE', #2945, #3954, #849 ) ;
#847 = DIRECTION ( 'NONE',  ( -0.000000000000000000, 1.000000000000000000, 0.000000000000000000 ) ) ;
#848 = EDGE_LOOP ( 'NONE', ( #3316, #2914 ) ) ;
#849 = DIRECTION ( 'NONE',  ( -0.6087614290087246527, 0.000000000000000000, 0.7933533402912321675 ) ) ;
#850 = DIRECTION ( 'NONE',  ( -0.000000000000000000, -1.000000000000000000, -0.000000000000000000 ) ) ;
#851 = AXIS2_PLACEMENT_3D ( 'NONE', #937, #1324, #3299 ) ;
#852 = ORIENTED_EDGE ( 'NONE', *, *, #2990, .F. ) ;
#853 = AXIS2_PLACEMENT_3D ( 'NONE', #1678, #4055, #2982 ) ;
#854 = CARTESIAN_POINT ( 'NONE',  ( 1.078534110909000310, 0.000000000000000000, -0.7836008994800000016 ) ) ;
#855 = LINE ( 'NONE', #1123, #2486 ) ;
#856 = VECTOR ( 'NONE', #1643, 1000.000000000000000 ) ;
#857 = VECTOR ( 'NONE', #4426, 1000.000000000000114 ) ;
#858 = VERTEX_POINT ( 'NONE', #4208 ) ;
#859 = CARTESIAN_POINT ( 'NONE',  ( 1.320247276071000231, 3.500000000000000000, -0.7120021980490000013 ) ) ;
#860 = EDGE_CURVE ( 'NONE', #3108, #444, #3267, .T. ) ;
#861 = CIRCLE ( 'NONE', #2438, 1.500000000000000000 ) ;
#862 = CARTESIAN_POINT ( 'NONE',  ( 0.7836008994800000016, 0.000000000000000000, 1.078534110909000310 ) ) ;
#863 = SURFACE_SIDE_STYLE ('',( #499 ) ) ;
#864 = ORIENTED_EDGE ( 'NONE', *, *, #2107, .T. ) ;
#865 = EDGE_CURVE ( 'NONE', #3545, #1085, #1561, .T. ) ;
#866 = CIRCLE ( 'NONE', #2022, 1.500000000000000000 ) ;
#867 = ORIENTED_EDGE ( 'NONE', *, *, #336, .F. ) ;
#868 = CYLINDRICAL_SURFACE ( 'NONE', #4379, 1.500000000000000000 ) ;
#869 = DIRECTION ( 'NONE',  ( 0.000000000000000000, 0.000000000000000000, -1.000000000000000000 ) ) ;
#870 =( NAMED_UNIT ( * ) SI_UNIT ( $, .STERADIAN. ) SOLID_ANGLE_UNIT ( ) );
#871 = CARTESIAN_POINT ( 'NONE',  ( 0.000000000000000000, 0.000000000000000000, 0.000000000000000000 ) ) ;
#872 = EDGE_CURVE ( 'NONE', #2467, #4066, #3871, .T. ) ;
#873 = EDGE_CURVE ( 'NONE', #4117, #2291, #1539, .T. ) ;
#874 = ORIENTED_EDGE ( 'NONE', *, *, #1003, .T. ) ;
#875 = CARTESIAN_POINT ( 'NONE',  ( -0.6495980915057287808, 0.8000000000000000444, 1.352043756507945060 ) ) ;
#876 = DIRECTION ( 'NONE',  ( 0.000000000000000000, 0.000000000000000000, -1.000000000000000000 ) ) ;
#877 = ORIENTED_EDGE ( 'NONE', *, *, #3846, .F. ) ;
#878 = CARTESIAN_POINT ( 'NONE',  ( -1.078534110909000310, 3.500000000000000888, 0.7836008994800001126 ) ) ;
#879 = DIRECTION ( 'NONE',  ( 0.8241261886220260235, 0.000000000000000000, 0.5664062369248178408 ) ) ;
#880 = CIRCLE ( 'NONE', #3395, 1.500000000000000000 ) ;
#881 = VERTEX_POINT ( 'NONE', #2912 ) ;
#882 = PLANE ( 'NONE',  #693 ) ;
#883 = FACE_BOUND ( 'NONE', #1834, .T. ) ;
#884 = DIRECTION ( 'NONE',  ( 0.3338068592327084194, 0.000000000000000000, -0.9426414910925545732 ) ) ;
#885 = ORIENTED_EDGE ( 'NONE', *, *, #1632, .F. ) ;
#886 = ORIENTED_EDGE ( 'NONE', *, *, #1672, .F. ) ;
#887 = CARTESIAN_POINT ( 'NONE',  ( 0.2691754849876999978, 0.8000000000000000444, -1.475650554258000291 ) ) ;
#888 = LINE ( 'NONE', #215, #105 ) ;
#889 = DIRECTION ( 'NONE',  ( 0.000000000000000000, -1.000000000000000000, 0.000000000000000000 ) ) ;
#890 = ADVANCED_FACE ( 'NONE', ( #793 ), #3563, .F. ) ;
#891 = DIRECTION ( 'NONE',  ( 0.000000000000000000, 0.000000000000000000, 1.000000000000000000 ) ) ;
#892 = ORIENTED_EDGE ( 'NONE', *, *, #2650, .F. ) ;
#893 = DIRECTION ( 'NONE',  ( 0.000000000000000000, -1.000000000000000000, 0.000000000000000000 ) ) ;
#894 = CARTESIAN_POINT ( 'NONE',  ( 1.267892888973999987, 1.699999999999999956, -0.4119633723412000070 ) ) ;
#895 = EDGE_CURVE ( 'NONE', #675, #4130, #115, .T. ) ;
#896 = ORIENTED_EDGE ( 'NONE', *, *, #4395, .T. ) ;
#897 = LINE ( 'NONE', #4297, #994 ) ;
#898 = EDGE_CURVE ( 'NONE', #3769, #3121, #3516, .T. ) ;
#899 = ADVANCED_FACE ( 'NONE', ( #815 ), #2187, .F. ) ;
#900 = AXIS2_PLACEMENT_3D ( 'NONE', #3046, #3004, #3340 ) ;
#901 = ORIENTED_EDGE ( 'NONE', *, *, #4033, .T. ) ;
#902 = FACE_OUTER_BOUND ( 'NONE', #1906, .T. ) ;
#903 = CIRCLE ( 'NONE', #188, 1.500000000000000000 ) ;
#904 = CYLINDRICAL_SURFACE ( 'NONE', #3565, 1.500000000000000000 ) ;
#905 = ORIENTED_EDGE ( 'NONE', *, *, #241, .F. ) ;
#906 = ORIENTED_EDGE ( 'NONE', *, *, #2795, .F. ) ;
#907 = DIRECTION ( 'NONE',  ( 8.659560562354932858E-17, -0.7071067811865474617, 0.7071067811865474617 ) ) ;
#908 = ORIENTED_EDGE ( 'NONE', *, *, #1577, .F. ) ;
#909 = DIRECTION ( 'NONE',  ( -0.000000000000000000, 1.000000000000000000, -0.000000000000000000 ) ) ;
#910 = LINE ( 'NONE', #2351, #3985 ) ;
#911 = LINE ( 'NONE', #2898, #4068 ) ;
#912 = DIRECTION ( 'NONE',  ( 0.9426414910925545732, 0.000000000000000000, -0.3338068592327084194 ) ) ;
#913 = PRODUCT_RELATED_PRODUCT_CATEGORY ( 'part', '', ( #2761 ) ) ;
#914 = EDGE_LOOP ( 'NONE', ( #3877, #1323, #247, #4440 ) ) ;
#915 = LINE ( 'NONE', #2625, #4304 ) ;
#916 = CARTESIAN_POINT ( 'NONE',  ( 1.333141477135999953, 2.500000000000000000, 0.000000000000000000 ) ) ;
#917 = VERTEX_POINT ( 'NONE', #2554 ) ;
#918 = VECTOR ( 'NONE', #1780, 1000.000000000000227 ) ;
#919 = EDGE_CURVE ( 'NONE', #1409, #4034, #3917, .T. ) ;
#920 = ORIENTED_EDGE ( 'NONE', *, *, #3427, .F. ) ;
#921 = CARTESIAN_POINT ( 'NONE',  ( 1.035608995799088383, 0.000000000000000000, 1.085133175154093133 ) ) ;
#922 = AXIS2_PLACEMENT_3D ( 'NONE', #1164, #3926, #2265 ) ;
#923 = VERTEX_POINT ( 'NONE', #1497 ) ;
#924 = DIRECTION ( 'NONE',  ( -0.9996573249755573709, 0.000000000000000000, -0.02617694830786888166 ) ) ;
#925 = EDGE_CURVE ( 'NONE', #494, #3154, #1362, .T. ) ;
#926 = CARTESIAN_POINT ( 'NONE',  ( 1.267892888973999987, 0.000000000000000000, -0.4119633723412000070 ) ) ;
#927 = VERTEX_POINT ( 'NONE', #1863 ) ;
#928 = ORIENTED_EDGE ( 'NONE', *, *, #2052, .T. ) ;
#929 = VECTOR ( 'NONE', #2811, 1000.000000000000114 ) ;
#930 = DIRECTION ( 'NONE',  ( 0.000000000000000000, 1.000000000000000000, -0.000000000000000000 ) ) ;
#931 = VERTEX_POINT ( 'NONE', #217 ) ;
#932 = DIRECTION ( 'NONE',  ( -0.000000000000000000, 1.000000000000000000, -0.000000000000000000 ) ) ;
#933 = CARTESIAN_POINT ( 'NONE',  ( 1.085133175154052942, 2.500000000000000000, -1.035608995799130350 ) ) ;
#934 = VECTOR ( 'NONE', #2577, 1000.000000000000000 ) ;
#935 = DIRECTION ( 'NONE',  ( 0.000000000000000000, 0.000000000000000000, -1.000000000000000000 ) ) ;
#936 = ORIENTED_EDGE ( 'NONE', *, *, #563, .F. ) ;
#937 = CARTESIAN_POINT ( 'NONE',  ( 0.000000000000000000, 0.000000000000000000, 0.000000000000000000 ) ) ;
#938 = CARTESIAN_POINT ( 'NONE',  ( -1.078534110909000310, 2.500000000000000888, 0.7836008994800000016 ) ) ;
#939 = ORIENTED_EDGE ( 'NONE', *, *, #1825, .T. ) ;
#940 = ORIENTED_EDGE ( 'NONE', *, *, #1764, .T. ) ;
#941 = CARTESIAN_POINT ( 'NONE',  ( -1.475650554257941005, 2.500000000000000000, 0.2691754849877407985 ) ) ;
#942 = ADVANCED_FACE ( 'NONE', ( #1522, #3903 ), #1184, .F. ) ;
#943 = ORIENTED_EDGE ( 'NONE', *, *, #3694, .F. ) ;
#944 = DIRECTION ( 'NONE',  ( 0.000000000000000000, 0.000000000000000000, -1.000000000000000000 ) ) ;
#945 = DIRECTION ( 'NONE',  ( 0.3338068592337899987, 0.000000000000000000, 0.9426414910921715462 ) ) ;
#946 = VECTOR ( 'NONE', #3576, 1000.000000000000000 ) ;
#947 = DIRECTION ( 'NONE',  ( 0.5664062369255852269, 0.000000000000000000, -0.8241261886214986676 ) ) ;
#948 = ADVANCED_FACE ( 'NONE', ( #1207 ), #2584, .T. ) ;
#949 = ORIENTED_EDGE ( 'NONE', *, *, #898, .F. ) ;
#950 = ORIENTED_EDGE ( 'NONE', *, *, #2757, .T. ) ;
#951 = DIRECTION ( 'NONE',  ( 0.000000000000000000, 1.000000000000000000, 0.000000000000000000 ) ) ;
#952 = CARTESIAN_POINT ( 'NONE',  ( 0.6495980915057999461, 3.500000000000000000, -1.352043756507999905 ) ) ;
#953 = EDGE_CURVE ( 'NONE', #2996, #2305, #3273, .T. ) ;
#954 = DIRECTION ( 'NONE',  ( 0.02617694830786888166, 0.000000000000000000, 0.9996573249755573709 ) ) ;
#955 = VERTEX_POINT ( 'NONE', #1292 ) ;
#956 = LINE ( 'NONE', #307, #2361 ) ;
#957 = LINE ( 'NONE', #3369, #3036 ) ;
#958 = DIRECTION ( 'NONE',  ( 0.000000000000000000, -1.000000000000000000, 0.000000000000000000 ) ) ;
#959 = ORIENTED_EDGE ( 'NONE', *, *, #1162, .T. ) ;
#960 = PLANE ( 'NONE',  #3968 ) ;
#961 = ORIENTED_EDGE ( 'NONE', *, *, #2462, .F. ) ;
#962 = PLANE ( 'NONE',  #1203 ) ;
#963 = EDGE_CURVE ( 'NONE', #2147, #1485, #2666, .T. ) ;
#964 = CARTESIAN_POINT ( 'NONE',  ( 1.267892888973999987, 0.000000000000000000, 0.4119633723412000070 ) ) ;
#965 = DIRECTION ( 'NONE',  ( 0.000000000000000000, 0.000000000000000000, -1.000000000000000000 ) ) ;
#966 = EDGE_LOOP ( 'NONE', ( #673, #1065, #797, #2927 ) ) ;
#967 = ORIENTED_EDGE ( 'NONE', *, *, #234, .T. ) ;
#968 = CIRCLE ( 'NONE', #4354, 1.500000000000000000 ) ;
#969 = EDGE_CURVE ( 'NONE', #1081, #342, #3163, .T. ) ;
#970 = CARTESIAN_POINT ( 'NONE',  ( -1.267892888973999987, 0.000000000000000000, 0.4119633723412000070 ) ) ;
#971 = DIRECTION ( 'NONE',  ( -0.000000000000000000, 1.000000000000000000, -0.000000000000000000 ) ) ;
#972 = AXIS2_PLACEMENT_3D ( 'NONE', #2159, #3216, #3581 ) ;
#973 = LINE ( 'NONE', #1633, #690 ) ;
#974 = ADVANCED_FACE ( 'NONE', ( #350 ), #731, .T. ) ;
#975 = ORIENTED_EDGE ( 'NONE', *, *, #90, .F. ) ;
#976 = ADVANCED_FACE ( 'NONE', ( #1044 ), #2445, .F. ) ;
#977 = CARTESIAN_POINT ( 'NONE',  ( -1.085133175154008534, 0.000000000000000000, 1.035608995798999787 ) ) ;
#978 = VECTOR ( 'NONE', #821, 1000.000000000000000 ) ;
#979 = FACE_OUTER_BOUND ( 'NONE', #1535, .T. ) ;
#980 = DIRECTION ( 'NONE',  ( -0.000000000000000000, 1.000000000000000000, -0.000000000000000000 ) ) ;
#981 = EDGE_LOOP ( 'NONE', ( #2695, #3808, #284, #4048 ) ) ;
#982 = CARTESIAN_POINT ( 'NONE',  ( 1.333141477135999953, 1.699999999999999956, 0.000000000000000000 ) ) ;
#983 = ORIENTED_EDGE ( 'NONE', *, *, #2186, .F. ) ;
#984 = LINE ( 'NONE', #2364, #291 ) ;
#985 = VECTOR ( 'NONE', #754, 1000.000000000000000 ) ;
#986 = DIRECTION ( 'NONE',  ( -0.02617694830783522456, 0.000000000000000000, 0.9996573249755582591 ) ) ;
#987 = AXIS2_PLACEMENT_3D ( 'NONE', #2803, #3765, #4101 ) ;
#988 = EDGE_CURVE ( 'NONE', #3647, #362, #3182, .T. ) ;
#989 = ORIENTED_EDGE ( 'NONE', *, *, #4441, .T. ) ;
#990 = VECTOR ( 'NONE', #3215, 1000.000000000000000 ) ;
#991 = DIRECTION ( 'NONE',  ( -0.000000000000000000, 1.000000000000000000, -0.000000000000000000 ) ) ;
#992 = DIRECTION ( 'NONE',  ( 0.000000000000000000, -1.000000000000000000, 0.000000000000000000 ) ) ;
#993 = CARTESIAN_POINT ( 'NONE',  ( 0.4119633723412000070, 2.500000000000000000, -1.267892888973999987 ) ) ;
#994 = VECTOR ( 'NONE', #2568, 1000.000000000000114 ) ;
#995 = EDGE_CURVE ( 'NONE', #2702, #244, #2227, .T. ) ;
#996 = VECTOR ( 'NONE', #435, 1000.000000000000000 ) ;
#997 = PLANE ( 'NONE',  #2514 ) ;
#998 = ORIENTED_EDGE ( 'NONE', *, *, #2003, .T. ) ;
#999 = DIRECTION ( 'NONE',  ( 0.000000000000000000, 1.000000000000000000, 0.000000000000000000 ) ) ;
#1000 = AXIS2_PLACEMENT_3D ( 'NONE', #741, #2117, #405 ) ;
#1001 = DIRECTION ( 'NONE',  ( 0.8241261886220260235, 0.000000000000000000, 0.5664062369248178408 ) ) ;
#1002 = CARTESIAN_POINT ( 'NONE',  ( 1.085133175154006535, 0.8000000000000000444, -1.035608995799090160 ) ) ;
#1003 = EDGE_CURVE ( 'NONE', #3953, #2999, #2831, .T. ) ;
#1004 = EDGE_CURVE ( 'NONE', #3685, #1517, #3855, .T. ) ;
#1005 = ORIENTED_EDGE ( 'NONE', *, *, #4024, .T. ) ;
#1006 = CARTESIAN_POINT ( 'NONE',  ( 0.000000000000000000, 1.699999999999999956, 0.000000000000000000 ) ) ;
#1007 = CARTESIAN_POINT ( 'NONE',  ( 0.000000000000000000, 2.500000000000000000, 0.000000000000000000 ) ) ;
#1008 = ORIENTED_EDGE ( 'NONE', *, *, #2854, .T. ) ;
#1009 = CARTESIAN_POINT ( 'NONE',  ( -1.475650554257890601, 0.8000000000000000444, -0.2691754849877313061 ) ) ;
#1010 = DIRECTION ( 'NONE',  ( 0.000000000000000000, -1.000000000000000000, 0.000000000000000000 ) ) ;
#1011 = EDGE_LOOP ( 'NONE', ( #2860, #3468, #2505, #3521 ) ) ;
#1012 = CARTESIAN_POINT ( 'NONE',  ( 0.000000000000000000, 0.000000000000000000, 0.000000000000000000 ) ) ;
#1013 = CIRCLE ( 'NONE', #4039, 1.500000000000000000 ) ;
#1014 = CYLINDRICAL_SURFACE ( 'NONE', #1985, 1.500000000000000000 ) ;
#1015 = ORIENTED_EDGE ( 'NONE', *, *, #2989, .F. ) ;
#1016 = AXIS2_PLACEMENT_3D ( 'NONE', #4062, #2356, #326 ) ;
#1017 = EDGE_LOOP ( 'NONE', ( #2566, #1991, #152, #2042, #3482, #1516, #1327, #1627, #2482, #2602, #2893, #2618, #3518, #1334, #2206, #1607, #791, #852, #4263, #2036, #3696, #1047, #3607, #1625, #2532, #2424, #2119, #1762, #3298, #2699, #3992, #378, #2808, #4348, #1951, #3712, #2961, #28, #4025, #4194, #2294, #1309, #1568, #4010, #1858, #3089, #584, #1523, #1694, #1395, #3202, #961, #3554, #3210, #3081, #744, #2391, #1098, #3128, #4301 ) ) ;
#1018 = ORIENTED_EDGE ( 'NONE', *, *, #1582, .T. ) ;
#1019 = CARTESIAN_POINT ( 'NONE',  ( 1.267892888973943144, 1.699999999999999956, -0.4119633723410999759 ) ) ;
#1020 = ADVANCED_FACE ( 'NONE', ( #2105 ), #4193, .T. ) ;
#1021 = DIRECTION ( 'NONE',  ( 0.7933533402912321675, 0.000000000000000000, -0.6087614290087246527 ) ) ;
#1022 = FACE_OUTER_BOUND ( 'NONE', #2083, .T. ) ;
#1023 = DIRECTION ( 'NONE',  ( 0.000000000000000000, 1.000000000000000000, 0.000000000000000000 ) ) ;
#1024 = VERTEX_POINT ( 'NONE', #3476 ) ;
#1025 = CARTESIAN_POINT ( 'NONE',  ( 0.4119633723412000070, 0.000000000000000000, -1.267892888973999987 ) ) ;
#1026 = EDGE_CURVE ( 'NONE', #4186, #4410, #3735, .T. ) ;
#1027 = PLANE ( 'NONE',  #1737 ) ;
#1028 = VERTEX_POINT ( 'NONE', #2806 ) ;
#1029 = DIRECTION ( 'NONE',  ( 0.8241261886220260235, 0.000000000000000000, -0.5664062369248178408 ) ) ;
#1030 = EDGE_CURVE ( 'NONE', #726, #4155, #2488, .T. ) ;
#1031 = EDGE_CURVE ( 'NONE', #1213, #3890, #751, .T. ) ;
#1032 = DIRECTION ( 'NONE',  ( 0.2840153447039861501, 0.000000000000000000, -0.9588197348681742893 ) ) ;
#1033 = ORIENTED_EDGE ( 'NONE', *, *, #3746, .T. ) ;
#1034 = CARTESIAN_POINT ( 'NONE',  ( -0.7836008994800001126, 3.500000000000000888, -1.078534110909000310 ) ) ;
#1035 = VERTEX_POINT ( 'NONE', #568 ) ;
#1036 = VECTOR ( 'NONE', #321, 1000.000000000000000 ) ;
#1037 = ORIENTED_EDGE ( 'NONE', *, *, #2766, .T. ) ;
#1038 = FACE_OUTER_BOUND ( 'NONE', #1307, .T. ) ;
#1039 = ORIENTED_EDGE ( 'NONE', *, *, #360, .F. ) ;
#1040 = DIRECTION ( 'NONE',  ( -0.000000000000000000, 1.000000000000000000, -0.000000000000000000 ) ) ;
#1041 = LINE ( 'NONE', #2485, #1598 ) ;
#1042 = AXIS2_PLACEMENT_3D ( 'NONE', #3332, #2665, #2324 ) ;
#1043 = CARTESIAN_POINT ( 'NONE',  ( -1.320247276071000231, 0.8000000000000000444, -0.7120021980490000013 ) ) ;
#1044 = FACE_OUTER_BOUND ( 'NONE', #3044, .T. ) ;
#1045 = ADVANCED_FACE ( 'NONE', ( #3403 ), #1297, .F. ) ;
#1046 = AXIS2_PLACEMENT_3D ( 'NONE', #3411, #1684, #4103 ) ;
#1047 = ORIENTED_EDGE ( 'NONE', *, *, #3507, .F. ) ;
#1048 = FACE_OUTER_BOUND ( 'NONE', #569, .T. ) ;
#1049 = CARTESIAN_POINT ( 'NONE',  ( 9.980080997729068315E-14, 0.000000000000000000, 1.333141477136129849 ) ) ;
#1050 = EDGE_LOOP ( 'NONE', ( #3538, #4227, #1993, #3803 ) ) ;
#1051 = EDGE_CURVE ( 'NONE', #482, #3589, #2349, .T. ) ;
#1052 = ORIENTED_EDGE ( 'NONE', *, *, #2990, .T. ) ;
#1053 = DIRECTION ( 'NONE',  ( 0.000000000000000000, -1.000000000000000000, 0.000000000000000000 ) ) ;
#1054 = CARTESIAN_POINT ( 'NONE',  ( -0.4119633723412000070, 3.500000000000000000, 1.267892888973999987 ) ) ;
#1055 = EDGE_CURVE ( 'NONE', #3107, #1170, #3657, .T. ) ;
#1056 = ADVANCED_FACE ( 'NONE', ( #4036 ), #4075, .F. ) ;
#1057 = AXIS2_PLACEMENT_3D ( 'NONE', #4269, #3550, #3640 ) ;
#1058 = VERTEX_POINT ( 'NONE', #3986 ) ;
#1059 = CARTESIAN_POINT ( 'NONE',  ( 0.7836008994800000016, 1.699999999999999956, 1.078534110909000310 ) ) ;
#1060 = DIRECTION ( 'NONE',  ( -0.8241261886220260235, 0.000000000000000000, 0.5664062369248178408 ) ) ;
#1061 = CIRCLE ( 'NONE', #273, 1.250000000000000000 ) ;
#1062 = ORIENTED_EDGE ( 'NONE', *, *, #3676, .F. ) ;
#1063 = EDGE_LOOP ( 'NONE', ( #2153, #93, #1167, #3733 ) ) ;
#1064 = VECTOR ( 'NONE', #589, 1000.000000000000000 ) ;
#1065 = ORIENTED_EDGE ( 'NONE', *, *, #696, .T. ) ;
#1066 = DIRECTION ( 'NONE',  ( 0.000000000000000000, -1.000000000000000000, 0.000000000000000000 ) ) ;
#1067 = CARTESIAN_POINT ( 'NONE',  ( 0.000000000000000000, 0.000000000000000000, 0.000000000000000000 ) ) ;
#1068 = CIRCLE ( 'NONE', #2946, 1.500000000000000000 ) ;
#1069 = CARTESIAN_POINT ( 'NONE',  ( 0.000000000000000000, 0.000000000000000000, 0.000000000000000000 ) ) ;
#1070 = AXIS2_PLACEMENT_3D ( 'NONE', #1093, #77, #413 ) ;
#1071 = CARTESIAN_POINT ( 'NONE',  ( -1.267892888973999987, 0.000000000000000000, 0.4119633723412000070 ) ) ;
#1072 = AXIS2_PLACEMENT_3D ( 'NONE', #1453, #33, #1389 ) ;
#1073 = ORIENTED_EDGE ( 'NONE', *, *, #1557, .T. ) ;
#1074 = DIRECTION ( 'NONE',  ( -0.000000000000000000, 1.000000000000000000, -0.000000000000000000 ) ) ;
#1075 = DIRECTION ( 'NONE',  ( -0.000000000000000000, -1.000000000000000000, -0.000000000000000000 ) ) ;
#1076 = EDGE_LOOP ( 'NONE', ( #2090, #4313, #2156, #2288 ) ) ;
#1077 = PLANE ( 'NONE',  #1225 ) ;
#1078 = AXIS2_PLACEMENT_3D ( 'NONE', #2790, #3737, #651 ) ;
#1079 = CARTESIAN_POINT ( 'NONE',  ( -0.4119633723412000070, 0.000000000000000000, -1.267892888973999987 ) ) ;
#1080 = EDGE_CURVE ( 'NONE', #3825, #826, #2281, .T. ) ;
#1081 = VERTEX_POINT ( 'NONE', #1269 ) ;
#1082 = DIRECTION ( 'NONE',  ( 0.000000000000000000, -1.000000000000000000, 0.000000000000000000 ) ) ;
#1083 = EDGE_CURVE ( 'NONE', #268, #2726, #4012, .T. ) ;
#1084 = EDGE_CURVE ( 'NONE', #1375, #927, #2307, .T. ) ;
#1085 = VERTEX_POINT ( 'NONE', #587 ) ;
#1086 = VERTEX_POINT ( 'NONE', #3337 ) ;
#1087 = DIRECTION ( 'NONE',  ( -0.2840153447038998857, 0.000000000000000000, 0.9588197348681997134 ) ) ;
#1088 = ORIENTED_EDGE ( 'NONE', *, *, #1143, .F. ) ;
#1089 = LINE ( 'NONE', #1405, #629 ) ;
#1090 = CARTESIAN_POINT ( 'NONE',  ( 1.475650554257941005, 2.500000000000000000, -0.2691754849877407985 ) ) ;
#1091 = EDGE_CURVE ( 'NONE', #1960, #482, #3517, .T. ) ;
#1092 = DIRECTION ( 'NONE',  ( -0.000000000000000000, 1.000000000000000000, -0.000000000000000000 ) ) ;
#1093 = CARTESIAN_POINT ( 'NONE',  ( 0.000000000000000000, 0.000000000000000000, 0.000000000000000000 ) ) ;
#1094 = VECTOR ( 'NONE', #3687, 1000.000000000000000 ) ;
#1095 = ORIENTED_EDGE ( 'NONE', *, *, #3426, .F. ) ;
#1096 = LINE ( 'NONE', #2468, #3363 ) ;
#1097 = CARTESIAN_POINT ( 'NONE',  ( 0.000000000000000000, 1.699999999999999956, 0.000000000000000000 ) ) ;
#1098 = ORIENTED_EDGE ( 'NONE', *, *, #4187, .F. ) ;
#1099 = FACE_OUTER_BOUND ( 'NONE', #2101, .T. ) ;
#1100 = CARTESIAN_POINT ( 'NONE',  ( 1.035608995799090160, 0.8000000000000000444, 1.085133175154006535 ) ) ;
#1101 = DIRECTION ( 'NONE',  ( 0.000000000000000000, 1.000000000000000000, 0.000000000000000000 ) ) ;
#1102 = ORIENTED_EDGE ( 'NONE', *, *, #3251, .T. ) ;
#1103 = EDGE_CURVE ( 'NONE', #823, #1970, #633, .T. ) ;
#1104 = CARTESIAN_POINT ( 'NONE',  ( 0.2691754849876819011, 0.000000000000000000, 1.475650554257899483 ) ) ;
#1105 = DIRECTION ( 'NONE',  ( 0.000000000000000000, -1.000000000000000000, 0.000000000000000000 ) ) ;
#1106 = ORIENTED_EDGE ( 'NONE', *, *, #1445, .F. ) ;
#1107 = EDGE_LOOP ( 'NONE', ( #2836, #240, #2431, #1329 ) ) ;
#1108 = ADVANCED_FACE ( 'NONE', ( #1994 ), #277, .F. ) ;
#1109 = EDGE_LOOP ( 'NONE', ( #4019, #677, #1655, #777 ) ) ;
#1110 = CARTESIAN_POINT ( 'NONE',  ( 1.267892888973999987, 0.000000000000000000, -0.4119633723412000070 ) ) ;
#1111 = DIRECTION ( 'NONE',  ( 0.000000000000000000, 0.000000000000000000, -1.000000000000000000 ) ) ;
#1112 = CARTESIAN_POINT ( 'NONE',  ( -1.267892888973870757, 3.500000000000000000, -0.4119633723412585713 ) ) ;
#1113 = DIRECTION ( 'NONE',  ( 0.000000000000000000, 0.000000000000000000, -1.000000000000000000 ) ) ;
#1114 = EDGE_CURVE ( 'NONE', #1437, #4292, #3447, .T. ) ;
#1115 = EDGE_CURVE ( 'NONE', #3108, #1213, #4162, .T. ) ;
#1116 = ORIENTED_EDGE ( 'NONE', *, *, #3507, .T. ) ;
#1117 = DIRECTION ( 'NONE',  ( 0.9996573249755573709, 0.000000000000000000, 0.02617694830786888166 ) ) ;
#1118 = VECTOR ( 'NONE', #3660, 1000.000000000000114 ) ;
#1119 = FACE_OUTER_BOUND ( 'NONE', #3452, .T. ) ;
#1120 = ORIENTED_EDGE ( 'NONE', *, *, #1611, .F. ) ;
#1121 = DIRECTION ( 'NONE',  ( 0.000000000000000000, -1.000000000000000000, 0.000000000000000000 ) ) ;
#1122 = CIRCLE ( 'NONE', #2128, 1.250000000000000000 ) ;
#1123 = CARTESIAN_POINT ( 'NONE',  ( -0.2000000000000998202, 0.000000000000000000, -1.486606874731870143 ) ) ;
#1124 = DIRECTION ( 'NONE',  ( 0.000000000000000000, 1.000000000000000000, 0.000000000000000000 ) ) ;
#1125 = EDGE_LOOP ( 'NONE', ( #1149, #4053, #4392, #550 ) ) ;
#1126 = CARTESIAN_POINT ( 'NONE',  ( 1.078534110909000310, 3.500000000000000888, 0.7836008994800001126 ) ) ;
#1127 = CARTESIAN_POINT ( 'NONE',  ( 1.085133175154000096, 0.8000000000000000444, -1.035608995799000009 ) ) ;
#1128 = ORIENTED_EDGE ( 'NONE', *, *, #2157, .T. ) ;
#1129 = EDGE_LOOP ( 'NONE', ( #908, #1317, #2099, #3367 ) ) ;
#1130 = VECTOR ( 'NONE', #2184, 1000.000000000000000 ) ;
#1131 = ORIENTED_EDGE ( 'NONE', *, *, #898, .T. ) ;
#1132 = PLANE ( 'NONE',  #700 ) ;
#1133 = VECTOR ( 'NONE', #4393, 1000.000000000000000 ) ;
#1134 = DIRECTION ( 'NONE',  ( -0.6087614290092401292, 0.000000000000000000, -0.7933533402908364840 ) ) ;
#1135 = DIRECTION ( 'NONE',  ( -0.000000000000000000, 1.000000000000000000, 0.000000000000000000 ) ) ;
#1136 = EDGE_CURVE ( 'NONE', #1335, #4268, #431, .T. ) ;
#1137 = VECTOR ( 'NONE', #954, 1000.000000000000114 ) ;
#1138 = ORIENTED_EDGE ( 'NONE', *, *, #1693, .T. ) ;
#1139 = DIRECTION ( 'NONE',  ( 0.9426414910925545732, 0.000000000000000000, 0.3338068592327084194 ) ) ;
#1140 = DIRECTION ( 'NONE',  ( -0.9588197348681742893, 0.000000000000000000, -0.2840153447039861501 ) ) ;
#1141 = ADVANCED_FACE ( 'NONE', ( #2452 ), #2055, .F. ) ;
#1142 = DIRECTION ( 'NONE',  ( 0.000000000000000000, 0.000000000000000000, -1.000000000000000000 ) ) ;
#1143 = EDGE_CURVE ( 'NONE', #3127, #1219, #1783, .T. ) ;
#1144 = EDGE_LOOP ( 'NONE', ( #3618, #282, #1257, #3578 ) ) ;
#1145 = AXIS2_PLACEMENT_3D ( 'NONE', #1982, #4394, #3208 ) ;
#1146 = LINE ( 'NONE', #3532, #990 ) ;
#1147 = CARTESIAN_POINT ( 'NONE',  ( -1.475650554257941005, 3.499999999999999556, 0.2691754849877409095 ) ) ;
#1148 = STYLED_ITEM ( 'NONE', ( #4211 ), #2010 ) ;
#1149 = ORIENTED_EDGE ( 'NONE', *, *, #686, .T. ) ;
#1150 = CARTESIAN_POINT ( 'NONE',  ( 0.000000000000000000, 2.500000000000000000, 0.000000000000000000 ) ) ;
#1151 = CARTESIAN_POINT ( 'NONE',  ( -1.352043756508272576, 0.000000000000000000, 0.6495980915057033567 ) ) ;
#1152 = DIRECTION ( 'NONE',  ( 0.9996573249755574819, 0.000000000000000000, 0.02617694830786888513 ) ) ;
#1153 = CARTESIAN_POINT ( 'NONE',  ( -0.6495980915057999461, 0.000000000000000000, 1.352043756507999905 ) ) ;
#1154 = CARTESIAN_POINT ( 'NONE',  ( -0.4119633723412000070, 3.500000000000000000, 1.267892888973999987 ) ) ;
#1155 = ORIENTED_EDGE ( 'NONE', *, *, #310, .F. ) ;
#1156 = VERTEX_POINT ( 'NONE', #3844 ) ;
#1157 = CARTESIAN_POINT ( 'NONE',  ( 0.000000000000000000, 0.8000000000000000444, 0.000000000000000000 ) ) ;
#1158 = LINE ( 'NONE', #2536, #1336 ) ;
#1159 = DIRECTION ( 'NONE',  ( -0.000000000000000000, 1.000000000000000000, -0.000000000000000000 ) ) ;
#1160 = DIRECTION ( 'NONE',  ( -0.000000000000000000, 1.000000000000000000, -0.000000000000000000 ) ) ;
#1161 = FACE_OUTER_BOUND ( 'NONE', #1063, .T. ) ;
#1162 = EDGE_CURVE ( 'NONE', #3127, #2491, #861, .T. ) ;
#1163 = ORIENTED_EDGE ( 'NONE', *, *, #3699, .F. ) ;
#1164 = CARTESIAN_POINT ( 'NONE',  ( 0.2691754849876999978, 0.000000000000000000, 1.475650554258000291 ) ) ;
#1165 = CARTESIAN_POINT ( 'NONE',  ( 1.486606874731871697, 1.699999999999999956, -0.1999999999999669820 ) ) ;
#1166 = AXIS2_PLACEMENT_3D ( 'NONE', #3237, #1549, #876 ) ;
#1167 = ORIENTED_EDGE ( 'NONE', *, *, #1390, .T. ) ;
#1168 = VECTOR ( 'NONE', #1744, 1000.000000000000114 ) ;
#1169 = ADVANCED_FACE ( 'NONE', ( #539 ), #3980, .F. ) ;
#1170 = VERTEX_POINT ( 'NONE', #1965 ) ;
#1171 = DIRECTION ( 'NONE',  ( 0.000000000000000000, 0.000000000000000000, -1.000000000000000000 ) ) ;
#1172 = PLANE ( 'NONE',  #2273 ) ;
#1173 = VERTEX_POINT ( 'NONE', #2817 ) ;
#1174 = CARTESIAN_POINT ( 'NONE',  ( 1.475650554257941005, 3.499999999999999556, -0.2691754849877409095 ) ) ;
#1175 = EDGE_CURVE ( 'NONE', #4377, #2726, #4389, .T. ) ;
#1176 = CARTESIAN_POINT ( 'NONE',  ( 0.4119633723412322035, 0.8000000000000000444, -1.267892888973909171 ) ) ;
#1177 = DIRECTION ( 'NONE',  ( 0.2840153447038998857, 0.000000000000000000, -0.9588197348681997134 ) ) ;
#1178 = LINE ( 'NONE', #3630, #3957 ) ;
#1179 = ORIENTED_EDGE ( 'NONE', *, *, #780, .T. ) ;
#1180 = VERTEX_POINT ( 'NONE', #1827 ) ;
#1181 = DIRECTION ( 'NONE',  ( 0.2840153447038998857, 0.000000000000000000, 0.9588197348681997134 ) ) ;
#1182 = CARTESIAN_POINT ( 'NONE',  ( -1.352043756507927741, 0.000000000000000000, -0.6495980915057646410 ) ) ;
#1183 = CARTESIAN_POINT ( 'NONE',  ( -1.085133175154000096, 0.000000000000000000, -1.035608995799000009 ) ) ;
#1184 = PLANE ( 'NONE',  #2151 ) ;
#1185 = ORIENTED_EDGE ( 'NONE', *, *, #1638, .T. ) ;
#1186 = CARTESIAN_POINT ( 'NONE',  ( 0.000000000000000000, 3.500000000000000000, 0.000000000000000000 ) ) ;
#1187 = LINE ( 'NONE', #4270, #2820 ) ;
#1188 = VERTEX_POINT ( 'NONE', #4232 ) ;
#1189 = VECTOR ( 'NONE', #4306, 1000.000000000000114 ) ;
#1190 = CYLINDRICAL_SURFACE ( 'NONE', #1217, 1.500000000000000000 ) ;
#1191 = CARTESIAN_POINT ( 'NONE',  ( 1.530808498934191571E-16, 2.500000000000000000, 1.250000000000000000 ) ) ;
#1192 = VECTOR ( 'NONE', #1876, 1000.000000000000227 ) ;
#1193 = EDGE_CURVE ( 'NONE', #3769, #917, #496, .T. ) ;
#1194 = ORIENTED_EDGE ( 'NONE', *, *, #860, .F. ) ;
#1195 = DIRECTION ( 'NONE',  ( -0.000000000000000000, -1.000000000000000000, 0.000000000000000000 ) ) ;
#1196 = AXIS2_PLACEMENT_3D ( 'NONE', #4192, #3092, #3788 ) ;
#1197 = DIRECTION ( 'NONE',  ( 0.000000000000000000, -1.000000000000000000, 0.000000000000000000 ) ) ;
#1198 = ADVANCED_FACE ( 'NONE', ( #2115, #427 ), #43, .T. ) ;
#1199 = EDGE_CURVE ( 'NONE', #753, #2239, #2019, .T. ) ;
#1200 = CARTESIAN_POINT ( 'NONE',  ( 1.320247276071006670, 0.000000000000000000, 0.7120021980490217617 ) ) ;
#1201 = ORIENTED_EDGE ( 'NONE', *, *, #506, .F. ) ;
#1202 = EDGE_LOOP ( 'NONE', ( #588, #1701, #78, #3967 ) ) ;
#1203 = AXIS2_PLACEMENT_3D ( 'NONE', #248, #2255, #1262 ) ;
#1204 = CARTESIAN_POINT ( 'NONE',  ( 1.352043756507999905, 0.8000000000000000444, -0.6495980915057999461 ) ) ;
#1205 = CARTESIAN_POINT ( 'NONE',  ( -0.7120021980489777969, 0.8000000000000000444, 1.320247276071115250 ) ) ;
#1206 =( NAMED_UNIT ( * ) PLANE_ANGLE_UNIT ( ) SI_UNIT ( $, .RADIAN. ) );
#1207 = FACE_OUTER_BOUND ( 'NONE', #1109, .T. ) ;
#1208 = VECTOR ( 'NONE', #1139, 1000.000000000000114 ) ;
#1209 = CYLINDRICAL_SURFACE ( 'NONE', #2016, 1.500000000000000000 ) ;
#1210 = ORIENTED_EDGE ( 'NONE', *, *, #258, .T. ) ;
#1211 = CARTESIAN_POINT ( 'NONE',  ( 0.000000000000000000, 0.2000000000000000944, -1.000000000000000000 ) ) ;
#1212 = DIRECTION ( 'NONE',  ( -0.9426414910921715462, 0.000000000000000000, -0.3338068592337899987 ) ) ;
#1213 = VERTEX_POINT ( 'NONE', #1417 ) ;
#1214 = VECTOR ( 'NONE', #671, 1000.000000000000000 ) ;
#1215 = DIRECTION ( 'NONE',  ( 0.000000000000000000, 0.000000000000000000, -1.000000000000000000 ) ) ;
#1216 = CARTESIAN_POINT ( 'NONE',  ( 1.085133175154048724, 1.699999999999999956, 1.035608995799135013 ) ) ;
#1217 = AXIS2_PLACEMENT_3D ( 'NONE', #2906, #1940, #3624 ) ;
#1218 = VECTOR ( 'NONE', #947, 1000.000000000000000 ) ;
#1219 = VERTEX_POINT ( 'NONE', #2889 ) ;
#1220 = LINE ( 'NONE', #2974, #1639 ) ;
#1221 = VECTOR ( 'NONE', #100, 1000.000000000000227 ) ;
#1222 = LINE ( 'NONE', #2891, #1189 ) ;
#1223 = ORIENTED_EDGE ( 'NONE', *, *, #3862, .F. ) ;
#1224 = ORIENTED_EDGE ( 'NONE', *, *, #727, .T. ) ;
#1225 = AXIS2_PLACEMENT_3D ( 'NONE', #2384, #1396, #625 ) ;
#1226 = EDGE_CURVE ( 'NONE', #1173, #3953, #2763, .T. ) ;
#1227 = ORIENTED_EDGE ( 'NONE', *, *, #2152, .F. ) ;
#1228 = LINE ( 'NONE', #3204, #779 ) ;
#1229 = PLANE ( 'NONE',  #1551 ) ;
#1230 = LINE ( 'NONE', #2219, #3776 ) ;
#1231 = CARTESIAN_POINT ( 'NONE',  ( 0.000000000000000000, 0.000000000000000000, 0.000000000000000000 ) ) ;
#1232 = EDGE_CURVE ( 'NONE', #3328, #3397, #156, .T. ) ;
#1233 = ORIENTED_EDGE ( 'NONE', *, *, #4300, .F. ) ;
#1234 = CARTESIAN_POINT ( 'NONE',  ( 1.333141477136129849, 0.000000000000000000, -9.980080997729068315E-14 ) ) ;
#1235 = DIRECTION ( 'NONE',  ( -0.000000000000000000, 1.000000000000000000, -0.000000000000000000 ) ) ;
#1236 = ORIENTED_EDGE ( 'NONE', *, *, #1115, .T. ) ;
#1237 = CARTESIAN_POINT ( 'NONE',  ( 0.7836008994800000016, 0.000000000000000000, -1.078534110909000310 ) ) ;
#1238 = CARTESIAN_POINT ( 'NONE',  ( 0.000000000000000000, 1.699999999999999956, 0.000000000000000000 ) ) ;
#1239 = DIRECTION ( 'NONE',  ( -0.02617694830786888166, 0.000000000000000000, 0.9996573249755573709 ) ) ;
#1240 = CIRCLE ( 'NONE', #3465, 1.250000000000000000 ) ;
#1241 = ORIENTED_EDGE ( 'NONE', *, *, #4248, .F. ) ;
#1242 = CARTESIAN_POINT ( 'NONE',  ( 1.035608995799130128, 2.500000000000000000, 1.085133175154053164 ) ) ;
#1243 = CARTESIAN_POINT ( 'NONE',  ( 1.475650554257860847, 2.500000000000000000, 0.2691754849878944533 ) ) ;
#1244 = CARTESIAN_POINT ( 'NONE',  ( 1.486606874731863037, 0.8000000000000000444, 0.1999999999999071132 ) ) ;
#1245 = ORIENTED_EDGE ( 'NONE', *, *, #2026, .T. ) ;
#1246 = ORIENTED_EDGE ( 'NONE', *, *, #2900, .T. ) ;
#1247 = EDGE_LOOP ( 'NONE', ( #653, #3017, #3492, #1372 ) ) ;
#1248 = LINE ( 'NONE', #3988, #3510 ) ;
#1249 = PLANE ( 'NONE',  #1475 ) ;
#1250 = DIRECTION ( 'NONE',  ( 0.000000000000000000, 0.000000000000000000, -1.000000000000000000 ) ) ;
#1251 = ADVANCED_FACE ( 'NONE', ( #1774 ), #4271, .T. ) ;
#1252 = ORIENTED_EDGE ( 'NONE', *, *, #7, .F. ) ;
#1253 = CARTESIAN_POINT ( 'NONE',  ( 1.035608995799000009, 0.000000000000000000, -1.085133175154000096 ) ) ;
#1254 = CARTESIAN_POINT ( 'NONE',  ( -1.078534110909000310, 0.000000000000000000, -0.7836008994800000016 ) ) ;
#1255 = ADVANCED_FACE ( 'NONE', ( #782 ), #464, .T. ) ;
#1256 = EDGE_CURVE ( 'NONE', #54, #3850, #1781, .T. ) ;
#1257 = ORIENTED_EDGE ( 'NONE', *, *, #2717, .T. ) ;
#1258 = ORIENTED_EDGE ( 'NONE', *, *, #4033, .F. ) ;
#1259 = LINE ( 'NONE', #3261, #1869 ) ;
#1260 = VECTOR ( 'NONE', #4015, 1000.000000000000000 ) ;
#1261 = VERTEX_POINT ( 'NONE', #4175 ) ;
#1262 = DIRECTION ( 'NONE',  ( 0.9996573249755573709, 0.000000000000000000, -0.02617694830786888166 ) ) ;
#1263 = VECTOR ( 'NONE', #1534, 1000.000000000000000 ) ;
#1264 = CARTESIAN_POINT ( 'NONE',  ( 1.320247276071000231, 0.000000000000000000, -0.7120021980490000013 ) ) ;
#1265 = DIRECTION ( 'NONE',  ( -0.5664062369255852269, 0.000000000000000000, 0.8241261886214986676 ) ) ;
#1266 = ORIENTED_EDGE ( 'NONE', *, *, #2550, .T. ) ;
#1267 = VECTOR ( 'NONE', #4267, 1000.000000000000000 ) ;
#1268 = VERTEX_POINT ( 'NONE', #2835 ) ;
#1269 = CARTESIAN_POINT ( 'NONE',  ( -1.035608995799135013, 3.500000000000000000, -1.085133175154048724 ) ) ;
#1270 = EDGE_LOOP ( 'NONE', ( #2191, #989, #1981, #1500 ) ) ;
#1271 = DIRECTION ( 'NONE',  ( 0.000000000000000000, -1.000000000000000000, 0.000000000000000000 ) ) ;
#1272 = CARTESIAN_POINT ( 'NONE',  ( 0.000000000000000000, 1.699999999999999956, -1.333141477135999953 ) ) ;
#1273 = CARTESIAN_POINT ( 'NONE',  ( 1.352043756507981032, 3.499999999999999556, 0.6495980915057464333 ) ) ;
#1274 = ORIENTED_EDGE ( 'NONE', *, *, #865, .F. ) ;
#1275 = LINE ( 'NONE', #2652, #3288 ) ;
#1276 = ADVANCED_FACE ( 'NONE', ( #2520 ), #130, .F. ) ;
#1277 = CARTESIAN_POINT ( 'NONE',  ( 0.2691754849877409095, 3.499999999999999556, 1.475650554257941005 ) ) ;
#1278 = ORIENTED_EDGE ( 'NONE', *, *, #498, .F. ) ;
#1279 = VECTOR ( 'NONE', #2499, 1000.000000000000000 ) ;
#1280 = ORIENTED_EDGE ( 'NONE', *, *, #1136, .F. ) ;
#1281 = EDGE_CURVE ( 'NONE', #1775, #3825, #1640, .T. ) ;
#1282 = CARTESIAN_POINT ( 'NONE',  ( -1.475650554258000291, 2.500000000000000000, 0.2691754849876999978 ) ) ;
#1283 = EDGE_CURVE ( 'NONE', #2061, #3984, #3005, .T. ) ;
#1284 = AXIS2_PLACEMENT_3D ( 'NONE', #3529, #3928, #3137 ) ;
#1285 = CIRCLE ( 'NONE', #561, 1.200000000096679287 ) ;
#1286 = VERTEX_POINT ( 'NONE', #3310 ) ;
#1287 = DIRECTION ( 'NONE',  ( 0.000000000000000000, -1.000000000000000000, 0.000000000000000000 ) ) ;
#1288 = EDGE_CURVE ( 'NONE', #4372, #1509, #3913, .T. ) ;
#1289 = AXIS2_PLACEMENT_3D ( 'NONE', #2929, #1919, #200 ) ;
#1290 = DIRECTION ( 'NONE',  ( 0.9588197348681997134, 0.000000000000000000, 0.2840153447038998857 ) ) ;
#1291 = CIRCLE ( 'NONE', #61, 1.500000000000000000 ) ;
#1292 = CARTESIAN_POINT ( 'NONE',  ( -5.421033961237015202E-14, 1.699999999999999956, -1.333141477136059239 ) ) ;
#1293 = DIRECTION ( 'NONE',  ( 0.000000000000000000, -1.000000000000000000, 0.000000000000000000 ) ) ;
#1294 = VERTEX_POINT ( 'NONE', #1537 ) ;
#1295 = ORIENTED_EDGE ( 'NONE', *, *, #318, .T. ) ;
#1296 = VECTOR ( 'NONE', #1757, 1000.000000000000000 ) ;
#1297 = PLANE ( 'NONE',  #2800 ) ;
#1298 = LINE ( 'NONE', #2671, #2654 ) ;
#1299 = CARTESIAN_POINT ( 'NONE',  ( 0.000000000000000000, 2.500000000000000000, 0.000000000000000000 ) ) ;
#1300 = VECTOR ( 'NONE', #3398, 1000.000000000000000 ) ;
#1301 = LINE ( 'NONE', #2392, #1852 ) ;
#1302 = ORIENTED_EDGE ( 'NONE', *, *, #66, .T. ) ;
#1303 = FACE_OUTER_BOUND ( 'NONE', #1573, .T. ) ;
#1304 = CARTESIAN_POINT ( 'NONE',  ( 0.6495980915057463223, 2.500000000000000000, -1.352043756507981032 ) ) ;
#1305 = FACE_OUTER_BOUND ( 'NONE', #1011, .T. ) ;
#1306 = ADVANCED_FACE ( 'NONE', ( #2507 ), #456, .F. ) ;
#1307 = EDGE_LOOP ( 'NONE', ( #4166, #1258, #3178, #3977 ) ) ;
#1308 = DIRECTION ( 'NONE',  ( 0.000000000000000000, -1.000000000000000000, 0.000000000000000000 ) ) ;
#1309 = ORIENTED_EDGE ( 'NONE', *, *, #2910, .F. ) ;
#1310 = EDGE_CURVE ( 'NONE', #1213, #2140, #4323, .T. ) ;
#1311 = CARTESIAN_POINT ( 'NONE',  ( 0.000000000000000000, 1.699999999999999956, 0.000000000000000000 ) ) ;
#1312 = DIRECTION ( 'NONE',  ( 0.3338068592327084194, 0.000000000000000000, 0.9426414910925545732 ) ) ;
#1313 = AXIS2_PLACEMENT_3D ( 'NONE', #3620, #1235, #2609 ) ;
#1314 = DIRECTION ( 'NONE',  ( 0.7933533402908364840, 0.000000000000000000, 0.6087614290092401292 ) ) ;
#1315 = ADVANCED_FACE ( 'NONE', ( #2316 ), #1667, .F. ) ;
#1316 = ADVANCED_FACE ( 'NONE', ( #1512 ), #2476, .F. ) ;
#1317 = ORIENTED_EDGE ( 'NONE', *, *, #613, .F. ) ;
#1318 = VERTEX_POINT ( 'NONE', #4198 ) ;
#1319 = VECTOR ( 'NONE', #4451, 1000.000000000000000 ) ;
#1320 = CARTESIAN_POINT ( 'NONE',  ( 0.000000000000000000, 0.000000000000000000, 0.000000000000000000 ) ) ;
#1321 = LINE ( 'NONE', #993, #4280 ) ;
#1322 = CARTESIAN_POINT ( 'NONE',  ( 1.836970198721029934E-16, 3.500000000000000000, 1.500000000000000000 ) ) ;
#1323 = ORIENTED_EDGE ( 'NONE', *, *, #3289, .T. ) ;
#1324 = DIRECTION ( 'NONE',  ( 0.000000000000000000, -1.000000000000000000, 0.000000000000000000 ) ) ;
#1325 = CARTESIAN_POINT ( 'NONE',  ( 1.320247276071000231, 0.000000000000000000, -0.7120021980490000013 ) ) ;
#1326 = LINE ( 'NONE', #3748, #2995 ) ;
#1327 = ORIENTED_EDGE ( 'NONE', *, *, #1865, .F. ) ;
#1328 = FACE_OUTER_BOUND ( 'NONE', #1050, .T. ) ;
#1329 = ORIENTED_EDGE ( 'NONE', *, *, #2107, .F. ) ;
#1330 = CARTESIAN_POINT ( 'NONE',  ( -1.267892888973727317, 0.000000000000000000, -0.4119633723412965964 ) ) ;
#1331 = DIRECTION ( 'NONE',  ( -0.000000000000000000, 1.000000000000000000, -0.000000000000000000 ) ) ;
#1332 = EDGE_CURVE ( 'NONE', #342, #3302, #131, .T. ) ;
#1333 = CARTESIAN_POINT ( 'NONE',  ( -1.475650554258000291, 3.500000000000000000, 0.2691754849876999978 ) ) ;
#1334 = ORIENTED_EDGE ( 'NONE', *, *, #3860, .F. ) ;
#1335 = VERTEX_POINT ( 'NONE', #2447 ) ;
#1336 = VECTOR ( 'NONE', #1134, 1000.000000000000227 ) ;
#1337 = DIRECTION ( 'NONE',  ( -0.3338068592337899987, 0.000000000000000000, -0.9426414910921715462 ) ) ;
#1338 = LINE ( 'NONE', #3634, #1498 ) ;
#1339 = PLANE ( 'NONE',  #900 ) ;
#1340 = EDGE_CURVE ( 'NONE', #3057, #723, #416, .T. ) ;
#1341 = EDGE_CURVE ( 'NONE', #1592, #1375, #3437, .T. ) ;
#1342 = CONICAL_SURFACE ( 'NONE', #3772, 1.199999999982992449, 0.7853981633974482790 ) ;
#1343 = FACE_OUTER_BOUND ( 'NONE', #2457, .T. ) ;
#1344 = ORIENTED_EDGE ( 'NONE', *, *, #2381, .F. ) ;
#1345 = DIRECTION ( 'NONE',  ( 0.000000000000000000, 0.000000000000000000, -1.000000000000000000 ) ) ;
#1346 = VECTOR ( 'NONE', #3548, 1000.000000000000000 ) ;
#1347 = DIRECTION ( 'NONE',  ( 0.000000000000000000, 1.000000000000000000, 0.000000000000000000 ) ) ;
#1348 = CARTESIAN_POINT ( 'NONE',  ( 0.4119633723412000070, 3.500000000000000000, -1.267892888973999987 ) ) ;
#1349 = ORIENTED_EDGE ( 'NONE', *, *, #3364, .T. ) ;
#1350 = DIRECTION ( 'NONE',  ( 0.000000000000000000, -1.000000000000000000, 0.000000000000000000 ) ) ;
#1351 = VERTEX_POINT ( 'NONE', #2109 ) ;
#1352 = PLANE ( 'NONE',  #3159 ) ;
#1353 = AXIS2_PLACEMENT_3D ( 'NONE', #1435, #2177, #3552 ) ;
#1354 = LINE ( 'NONE', #42, #2199 ) ;
#1355 = VECTOR ( 'NONE', #1700, 1000.000000000000000 ) ;
#1356 = CIRCLE ( 'NONE', #1420, 1.500000000000000000 ) ;
#1357 = ORIENTED_EDGE ( 'NONE', *, *, #2460, .F. ) ;
#1358 = EDGE_CURVE ( 'NONE', #3623, #3958, #2421, .T. ) ;
#1359 = CARTESIAN_POINT ( 'NONE',  ( 0.6495980915057999461, 0.000000000000000000, -1.352043756507999905 ) ) ;
#1360 = DIRECTION ( 'NONE',  ( 0.9588197348681998244, 0.000000000000000000, 0.2840153447038999412 ) ) ;
#1361 = CARTESIAN_POINT ( 'NONE',  ( 0.4119633723412000070, 0.000000000000000000, -1.267892888973999987 ) ) ;
#1362 = CIRCLE ( 'NONE', #4088, 1.500000000000000000 ) ;
#1363 = ORIENTED_EDGE ( 'NONE', *, *, #1193, .T. ) ;
#1364 = ADVANCED_FACE ( 'NONE', ( #35 ), #3460, .F. ) ;
#1365 = CARTESIAN_POINT ( 'NONE',  ( -1.035608995798999787, 0.000000000000000000, -1.085133175154008534 ) ) ;
#1366 = ORIENTED_EDGE ( 'NONE', *, *, #3645, .T. ) ;
#1367 = CYLINDRICAL_SURFACE ( 'NONE', #3006, 1.500000000000000000 ) ;
#1368 = DIRECTION ( 'NONE',  ( -0.2840153447038999412, 0.000000000000000000, 0.9588197348681998244 ) ) ;
#1369 = CARTESIAN_POINT ( 'NONE',  ( 0.000000000000000000, 0.8000000000000000444, 0.000000000000000000 ) ) ;
#1370 = ADVANCED_FACE ( 'NONE', ( #2419 ), #3184, .T. ) ;
#1371 = ADVANCED_FACE ( 'NONE', ( #353 ), #3834, .F. ) ;
#1372 = ORIENTED_EDGE ( 'NONE', *, *, #1358, .F. ) ;
#1373 = CARTESIAN_POINT ( 'NONE',  ( -1.035608995799134568, 0.8000000000000000444, 1.085133175154049168 ) ) ;
#1374 = CARTESIAN_POINT ( 'NONE',  ( -0.7120021980490217617, 0.000000000000000000, 1.320247276071006670 ) ) ;
#1375 = VERTEX_POINT ( 'NONE', #1373 ) ;
#1376 = DIRECTION ( 'NONE',  ( 0.2840153447039861501, 0.000000000000000000, 0.9588197348681742893 ) ) ;
#1377 = CARTESIAN_POINT ( 'NONE',  ( -0.1999999999999068911, 1.699999999999999956, 1.486606874731863037 ) ) ;
#1378 = EDGE_LOOP ( 'NONE', ( #2167, #3375, #1224, #254 ) ) ;
#1379 = CARTESIAN_POINT ( 'NONE',  ( -1.078534110909000310, 0.8000000000000000444, -0.7836008994800000016 ) ) ;
#1380 = CIRCLE ( 'NONE', #1961, 1.500000000000000000 ) ;
#1381 = CARTESIAN_POINT ( 'NONE',  ( -0.6495980915057290028, 3.500000000000000000, -1.352043756507944616 ) ) ;
#1382 = ORIENTED_EDGE ( 'NONE', *, *, #4058, .T. ) ;
#1383 = VECTOR ( 'NONE', #1636, 1000.000000000000000 ) ;
#1384 = EDGE_LOOP ( 'NONE', ( #1878, #1787, #391, #4140 ) ) ;
#1385 = ORIENTED_EDGE ( 'NONE', *, *, #1672, .T. ) ;
#1386 = LINE ( 'NONE', #2756, #2009 ) ;
#1387 = LINE ( 'NONE', #3474, #1168 ) ;
#1388 = DIRECTION ( 'NONE',  ( -0.8241261886220260235, 0.000000000000000000, 0.5664062369248178408 ) ) ;
#1389 = DIRECTION ( 'NONE',  ( 0.000000000000000000, 0.000000000000000000, -1.000000000000000000 ) ) ;
#1390 = EDGE_CURVE ( 'NONE', #48, #3062, #3114, .T. ) ;
#1391 = ORIENTED_EDGE ( 'NONE', *, *, #1030, .F. ) ;
#1392 = DIRECTION ( 'NONE',  ( -0.000000000000000000, 1.000000000000000000, 0.000000000000000000 ) ) ;
#1393 = PLANE ( 'NONE',  #2964 ) ;
#1394 = EDGE_CURVE ( 'NONE', #436, #1467, #2743, .T. ) ;
#1395 = ORIENTED_EDGE ( 'NONE', *, *, #614, .F. ) ;
#1396 = DIRECTION ( 'NONE',  ( 0.9996573249755574819, 0.000000000000000000, -0.02617694830786888513 ) ) ;
#1397 = DIRECTION ( 'NONE',  ( 0.9588197348681742893, 0.000000000000000000, 0.2840153447039861501 ) ) ;
#1398 = ORIENTED_EDGE ( 'NONE', *, *, #2163, .T. ) ;
#1399 = CARTESIAN_POINT ( 'NONE',  ( 1.078534110909000310, 0.8000000000000000444, -0.7836008994800000016 ) ) ;
#1400 = VERTEX_POINT ( 'NONE', #1432 ) ;
#1401 = VECTOR ( 'NONE', #1444, 1000.000000000000114 ) ;
#1402 = ORIENTED_EDGE ( 'NONE', *, *, #2186, .T. ) ;
#1403 = DIRECTION ( 'NONE',  ( 0.8241261886220260235, 0.000000000000000000, 0.5664062369248178408 ) ) ;
#1404 = ORIENTED_EDGE ( 'NONE', *, *, #3364, .F. ) ;
#1405 = CARTESIAN_POINT ( 'NONE',  ( -1.078534110909000310, 0.000000000000000000, 0.7836008994800000016 ) ) ;
#1406 = DIRECTION ( 'NONE',  ( -0.000000000000000000, -1.000000000000000000, 0.000000000000000000 ) ) ;
#1407 = VECTOR ( 'NONE', #1331, 1000.000000000000000 ) ;
#1408 = DIRECTION ( 'NONE',  ( -0.000000000000000000, -1.000000000000000000, -0.000000000000000000 ) ) ;
#1409 = VERTEX_POINT ( 'NONE', #2492 ) ;
#1410 = CYLINDRICAL_SURFACE ( 'NONE', #2005, 1.250000000000000000 ) ;
#1411 = DIRECTION ( 'NONE',  ( -0.7933533402908364840, 0.000000000000000000, -0.6087614290092401292 ) ) ;
#1412 = EDGE_LOOP ( 'NONE', ( #2374, #440, #4276, #1742 ) ) ;
#1413 = DIRECTION ( 'NONE',  ( 0.3338068592327084194, 0.000000000000000000, 0.9426414910925545732 ) ) ;
#1414 = EDGE_CURVE ( 'NONE', #3780, #2521, #3858, .T. ) ;
#1415 = EDGE_CURVE ( 'NONE', #4268, #1268, #3161, .T. ) ;
#1416 = DIRECTION ( 'NONE',  ( -0.000000000000000000, 1.000000000000000000, -0.000000000000000000 ) ) ;
#1417 = CARTESIAN_POINT ( 'NONE',  ( -0.4119633723412585713, 1.699999999999999956, 1.267892888973870757 ) ) ;
#1418 = ORIENTED_EDGE ( 'NONE', *, *, #787, .T. ) ;
#1419 = CARTESIAN_POINT ( 'NONE',  ( 1.078534110909000310, 0.000000000000000000, 0.7836008994800000016 ) ) ;
#1420 = AXIS2_PLACEMENT_3D ( 'NONE', #4388, #617, #1345 ) ;
#1421 = ORIENTED_EDGE ( 'NONE', *, *, #2430, .F. ) ;
#1422 = ORIENTED_EDGE ( 'NONE', *, *, #925, .T. ) ;
#1423 = VECTOR ( 'NONE', #3568, 1000.000000000000000 ) ;
#1424 = ORIENTED_EDGE ( 'NONE', *, *, #2575, .T. ) ;
#1425 = CARTESIAN_POINT ( 'NONE',  ( -1.486606874732000039, 1.699999999999999956, 0.2000000000000000111 ) ) ;
#1426 = FACE_OUTER_BOUND ( 'NONE', #4023, .T. ) ;
#1427 = VECTOR ( 'NONE', #1553, 1000.000000000000114 ) ;
#1428 = DIRECTION ( 'NONE',  ( 0.000000000000000000, 0.000000000000000000, -1.000000000000000000 ) ) ;
#1429 = VECTOR ( 'NONE', #3122, 1000.000000000000114 ) ;
#1430 = VECTOR ( 'NONE', #2477, 1000.000000000000000 ) ;
#1431 = EDGE_LOOP ( 'NONE', ( #3505, #4332, #1037, #166 ) ) ;
#1432 = CARTESIAN_POINT ( 'NONE',  ( -1.085133175154052942, 2.500000000000000000, 1.035608995799130572 ) ) ;
#1433 = CYLINDRICAL_SURFACE ( 'NONE', #14, 1.250000000000000000 ) ;
#1434 = CARTESIAN_POINT ( 'NONE',  ( 1.035608995799000009, 2.500000000000000888, -1.085133175154000096 ) ) ;
#1435 = CARTESIAN_POINT ( 'NONE',  ( -0.7836008994800000016, 0.000000000000000000, 1.078534110909000310 ) ) ;
#1436 = EDGE_CURVE ( 'NONE', #923, #1286, #4108, .T. ) ;
#1437 = VERTEX_POINT ( 'NONE', #3096 ) ;
#1438 = MECHANICAL_DESIGN_GEOMETRIC_PRESENTATION_REPRESENTATION (  '', ( #1148 ), #146 ) ;
#1439 = LINE ( 'NONE', #1481, #1214 ) ;
#1440 = DIRECTION ( 'NONE',  ( 0.000000000000000000, -1.000000000000000000, 0.000000000000000000 ) ) ;
#1441 = ADVANCED_FACE ( 'NONE', ( #1048 ), #1410, .T. ) ;
#1442 = LINE ( 'NONE', #813, #4397 ) ;
#1443 = ORIENTED_EDGE ( 'NONE', *, *, #4218, .F. ) ;
#1444 = DIRECTION ( 'NONE',  ( -0.9996573249755582591, 0.000000000000000000, -0.02617694830783522456 ) ) ;
#1445 = EDGE_CURVE ( 'NONE', #1375, #2046, #4312, .T. ) ;
#1446 = EDGE_CURVE ( 'NONE', #1081, #1756, #2139, .T. ) ;
#1447 = ORIENTED_EDGE ( 'NONE', *, *, #4419, .T. ) ;
#1448 = ORIENTED_EDGE ( 'NONE', *, *, #3670, .T. ) ;
#1449 = VERTEX_POINT ( 'NONE', #4151 ) ;
#1450 = CARTESIAN_POINT ( 'NONE',  ( 1.486606874732000039, 0.000000000000000000, 0.2000000000000000111 ) ) ;
#1451 = DIRECTION ( 'NONE',  ( 0.7933533402908364840, 0.000000000000000000, -0.6087614290092401292 ) ) ;
#1452 = LINE ( 'NONE', #2830, #262 ) ;
#1453 = CARTESIAN_POINT ( 'NONE',  ( 0.000000000000000000, 1.699999999999999956, 0.000000000000000000 ) ) ;
#1454 = AXIS2_PLACEMENT_3D ( 'NONE', #1325, #1368, #619 ) ;
#1455 = ORIENTED_EDGE ( 'NONE', *, *, #2436, .T. ) ;
#1456 = CARTESIAN_POINT ( 'NONE',  ( -0.7836008994800000016, 0.8000000000000000444, 1.078534110909000310 ) ) ;
#1457 = DIRECTION ( 'NONE',  ( 0.000000000000000000, -1.000000000000000000, 0.000000000000000000 ) ) ;
#1458 = EDGE_LOOP ( 'NONE', ( #2780, #306, #3002, #3680 ) ) ;
#1459 = EDGE_CURVE ( 'NONE', #4362, #1024, #1771, .T. ) ;
#1460 = DIRECTION ( 'NONE',  ( 0.000000000000000000, 0.000000000000000000, -1.000000000000000000 ) ) ;
#1461 = DIRECTION ( 'NONE',  ( 0.000000000000000000, 0.000000000000000000, 1.000000000000000000 ) ) ;
#1462 = DIRECTION ( 'NONE',  ( -0.02617694830783522456, 0.000000000000000000, -0.9996573249755582591 ) ) ;
#1463 = ORIENTED_EDGE ( 'NONE', *, *, #3846, .T. ) ;
#1464 = EDGE_CURVE ( 'NONE', #3397, #3623, #1096, .T. ) ;
#1465 = PLANE ( 'NONE',  #2561 ) ;
#1466 = EDGE_LOOP ( 'NONE', ( #2928, #4125, #337, #3626 ) ) ;
#1467 = VERTEX_POINT ( 'NONE', #1913 ) ;
#1468 = CARTESIAN_POINT ( 'NONE',  ( 0.000000000000000000, 3.500000000000000000, 1.000000000000000000 ) ) ;
#1469 = ADVANCED_FACE ( 'NONE', ( #824 ), #2222, .F. ) ;
#1470 = ORIENTED_EDGE ( 'NONE', *, *, #4154, .T. ) ;
#1471 = EDGE_CURVE ( 'NONE', #3553, #290, #2587, .T. ) ;
#1472 = FACE_OUTER_BOUND ( 'NONE', #2334, .T. ) ;
#1473 = CARTESIAN_POINT ( 'NONE',  ( 1.347111479121287584E-16, 0.2000000000000000944, 1.000000000000000000 ) ) ;
#1474 = DIRECTION ( 'NONE',  ( 0.9996573249755573709, 0.000000000000000000, 0.02617694830786888166 ) ) ;
#1475 = AXIS2_PLACEMENT_3D ( 'NONE', #3722, #4407, #3682 ) ;
#1476 = ORIENTED_EDGE ( 'NONE', *, *, #1967, .F. ) ;
#1477 = CARTESIAN_POINT ( 'NONE',  ( -0.4119633723412000070, 0.8000000000000000444, -1.267892888973999987 ) ) ;
#1478 = CARTESIAN_POINT ( 'NONE',  ( 1.320247276071185194, 1.699999999999999956, -0.7120021980490062186 ) ) ;
#1479 = VECTOR ( 'NONE', #2465, 1000.000000000000000 ) ;
#1480 = ORIENTED_EDGE ( 'NONE', *, *, #2816, .F. ) ;
#1481 = CARTESIAN_POINT ( 'NONE',  ( 0.7120021980490000013, 0.8000000000000000444, -1.320247276071000231 ) ) ;
#1482 = DIRECTION ( 'NONE',  ( 0.000000000000000000, 0.000000000000000000, -1.000000000000000000 ) ) ;
#1483 = VERTEX_POINT ( 'NONE', #529 ) ;
#1484 = CARTESIAN_POINT ( 'NONE',  ( 1.078534110909000310, 0.000000000000000000, -0.7836008994800000016 ) ) ;
#1485 = VERTEX_POINT ( 'NONE', #1936 ) ;
#1486 = CARTESIAN_POINT ( 'NONE',  ( -1.267892888973870757, 1.699999999999999956, -0.4119633723412585713 ) ) ;
#1487 = CARTESIAN_POINT ( 'NONE',  ( 1.085133175154092688, 0.000000000000000000, 1.035608995799088827 ) ) ;
#1488 = EDGE_CURVE ( 'NONE', #4234, #2232, #3211, .T. ) ;
#1489 = LINE ( 'NONE', #2870, #3083 ) ;
#1490 = VERTEX_POINT ( 'NONE', #875 ) ;
#1491 = VECTOR ( 'NONE', #1195, 1000.000000000000000 ) ;
#1492 = EDGE_LOOP ( 'NONE', ( #2736, #533, #3908, #3911 ) ) ;
#1493 = DIRECTION ( 'NONE',  ( 0.000000000000000000, 0.000000000000000000, 1.000000000000000000 ) ) ;
#1494 = VECTOR ( 'NONE', #2765, 1000.000000000000000 ) ;
#1495 = CARTESIAN_POINT ( 'NONE',  ( 0.000000000000000000, 0.000000000000000000, 0.000000000000000000 ) ) ;
#1496 = PRODUCT_CONTEXT ( 'NONE', #209, 'mechanical' ) ;
#1497 = CARTESIAN_POINT ( 'NONE',  ( 0.1999999999999171607, 2.500000000000000000, -1.486606874731936534 ) ) ;
#1498 = VECTOR ( 'NONE', #2350, 1000.000000000000000 ) ;
#1499 = ADVANCED_FACE ( 'NONE', ( #2541 ), #2902, .F. ) ;
#1500 = ORIENTED_EDGE ( 'NONE', *, *, #1175, .F. ) ;
#1501 = LINE ( 'NONE', #2923, #2721 ) ;
#1502 = AXIS2_PLACEMENT_3D ( 'NONE', #2442, #728, #2102 ) ;
#1503 = LINE ( 'NONE', #2247, #1675 ) ;
#1504 = ADVANCED_FACE ( 'NONE', ( #196 ), #174, .F. ) ;
#1505 = ORIENTED_EDGE ( 'NONE', *, *, #2757, .F. ) ;
#1506 = VECTOR ( 'NONE', #4148, 1000.000000000000000 ) ;
#1507 = LINE ( 'NONE', #2632, #3148 ) ;
#1508 = DIRECTION ( 'NONE',  ( 0.000000000000000000, 0.000000000000000000, -1.000000000000000000 ) ) ;
#1509 = VERTEX_POINT ( 'NONE', #2516 ) ;
#1510 = DIRECTION ( 'NONE',  ( 0.000000000000000000, 0.000000000000000000, 1.000000000000000000 ) ) ;
#1511 = FACE_OUTER_BOUND ( 'NONE', #2280, .T. ) ;
#1512 = FACE_OUTER_BOUND ( 'NONE', #597, .T. ) ;
#1513 = CARTESIAN_POINT ( 'NONE',  ( 0.2691754849876816236, 0.000000000000000000, -1.475650554257899483 ) ) ;
#1514 = CARTESIAN_POINT ( 'NONE',  ( -0.2691754849878934541, 0.000000000000000000, 1.475650554258133074 ) ) ;
#1515 = DIRECTION ( 'NONE',  ( -0.9426414910925545732, 0.000000000000000000, 0.3338068592327084194 ) ) ;
#1516 = ORIENTED_EDGE ( 'NONE', *, *, #2766, .F. ) ;
#1517 = VERTEX_POINT ( 'NONE', #3619 ) ;
#1518 = CARTESIAN_POINT ( 'NONE',  ( 0.7836008994799927851, 0.8000000000000002665, 1.078534110908998089 ) ) ;
#1519 = ADVANCED_FACE ( 'NONE', ( #3601 ), #2246, .T. ) ;
#1520 = LINE ( 'NONE', #2897, #2267 ) ;
#1521 = CARTESIAN_POINT ( 'NONE',  ( 1.035608995799134791, 1.699999999999999956, -1.085133175154049168 ) ) ;
#1522 = FACE_BOUND ( 'NONE', #2966, .T. ) ;
#1523 = ORIENTED_EDGE ( 'NONE', *, *, #812, .F. ) ;
#1524 = CARTESIAN_POINT ( 'NONE',  ( 1.224646799147353207E-16, 3.500000000000000000, -1.000000000000000000 ) ) ;
#1525 = EDGE_CURVE ( 'NONE', #1603, #1351, #4320, .T. ) ;
#1526 = CARTESIAN_POINT ( 'NONE',  ( 0.2000000000000000111, 0.000000000000000000, -1.486606874732000039 ) ) ;
#1527 = AXIS2_PLACEMENT_3D ( 'NONE', #2880, #4321, #2542 ) ;
#1528 = ORIENTED_EDGE ( 'NONE', *, *, #3281, .F. ) ;
#1529 = AXIS2_PLACEMENT_3D ( 'NONE', #1909, #4243, #799 ) ;
#1530 = ORIENTED_EDGE ( 'NONE', *, *, #1978, .F. ) ;
#1531 = EDGE_CURVE ( 'NONE', #408, #362, #3575, .T. ) ;
#1532 = FACE_OUTER_BOUND ( 'NONE', #252, .T. ) ;
#1533 = EDGE_CURVE ( 'NONE', #723, #2938, #480, .T. ) ;
#1534 = DIRECTION ( 'NONE',  ( 0.000000000000000000, 1.000000000000000000, -0.000000000000000000 ) ) ;
#1535 = EDGE_LOOP ( 'NONE', ( #3259, #1155, #1959, #1867 ) ) ;
#1536 = CARTESIAN_POINT ( 'NONE',  ( 1.333141477135999953, 0.8000000000000000444, 0.000000000000000000 ) ) ;
#1537 = CARTESIAN_POINT ( 'NONE',  ( -1.078534110908998089, 0.8000000000000002665, 0.7836008994799927851 ) ) ;
#1538 = CYLINDRICAL_SURFACE ( 'NONE', #3274, 1.500000000000000000 ) ;
#1539 = LINE ( 'NONE', #1127, #2798 ) ;
#1540 = CARTESIAN_POINT ( 'NONE',  ( 1.085133175154008534, 0.000000000000000000, -1.035608995798999787 ) ) ;
#1541 = VERTEX_POINT ( 'NONE', #462 ) ;
#1542 = ORIENTED_EDGE ( 'NONE', *, *, #4438, .T. ) ;
#1543 = CARTESIAN_POINT ( 'NONE',  ( 0.4119633723412322035, 2.500000000000000000, -1.267892888973909171 ) ) ;
#1544 = DIRECTION ( 'NONE',  ( 0.000000000000000000, -1.000000000000000000, 0.000000000000000000 ) ) ;
#1545 = DIRECTION ( 'NONE',  ( -0.02617694830786888166, 0.000000000000000000, -0.9996573249755573709 ) ) ;
#1546 = CARTESIAN_POINT ( 'NONE',  ( 1.320247276071112141, 2.500000000000000444, -0.7120021980489670277 ) ) ;
#1547 = VERTEX_POINT ( 'NONE', #1842 ) ;
#1548 = CARTESIAN_POINT ( 'NONE',  ( 0.6495980915056981386, 0.8000000000000000444, 1.352043756508117145 ) ) ;
#1549 = DIRECTION ( 'NONE',  ( -0.000000000000000000, 1.000000000000000000, -0.000000000000000000 ) ) ;
#1550 = ORIENTED_EDGE ( 'NONE', *, *, #4104, .F. ) ;
#1551 = AXIS2_PLACEMENT_3D ( 'NONE', #3879, #2942, #2604 ) ;
#1552 = ORIENTED_EDGE ( 'NONE', *, *, #1459, .T. ) ;
#1553 = DIRECTION ( 'NONE',  ( 0.9996573249755582591, 0.000000000000000000, 0.02617694830783522456 ) ) ;
#1554 = DIRECTION ( 'NONE',  ( -0.6087614290087246527, 0.000000000000000000, 0.7933533402912321675 ) ) ;
#1555 = AXIS2_PLACEMENT_3D ( 'NONE', #562, #3628, #4031 ) ;
#1556 = ORIENTED_EDGE ( 'NONE', *, *, #2215, .F. ) ;
#1557 = EDGE_CURVE ( 'NONE', #54, #3849, #509, .T. ) ;
#1558 = DIRECTION ( 'NONE',  ( 0.000000000000000000, 0.000000000000000000, 1.000000000000000000 ) ) ;
#1559 = VECTOR ( 'NONE', #1474, 1000.000000000000114 ) ;
#1560 = DIRECTION ( 'NONE',  ( 0.02617694830783522456, 0.000000000000000000, 0.9996573249755582591 ) ) ;
#1561 = LINE ( 'NONE', #2143, #2367 ) ;
#1562 = EDGE_CURVE ( 'NONE', #2308, #606, #3932, .T. ) ;
#1563 = ORIENTED_EDGE ( 'NONE', *, *, #3174, .T. ) ;
#1564 = ORIENTED_EDGE ( 'NONE', *, *, #294, .T. ) ;
#1565 = CARTESIAN_POINT ( 'NONE',  ( 0.000000000000000000, 3.500000000000000000, 0.000000000000000000 ) ) ;
#1566 = CARTESIAN_POINT ( 'NONE',  ( 1.078534110908997423, 0.8000000000000002665, 0.7836008994800001126 ) ) ;
#1567 = AXIS2_PLACEMENT_3D ( 'NONE', #2823, #1074, #2131 ) ;
#1568 = ORIENTED_EDGE ( 'NONE', *, *, #397, .F. ) ;
#1569 = DIRECTION ( 'NONE',  ( 0.2840153447039861501, 0.000000000000000000, 0.9588197348681742893 ) ) ;
#1570 = FACE_OUTER_BOUND ( 'NONE', #324, .T. ) ;
#1571 = AXIS2_PLACEMENT_3D ( 'NONE', #4373, #204, #2954 ) ;
#1572 = AXIS2_PLACEMENT_3D ( 'NONE', #1253, #3390, #4428 ) ;
#1573 = EDGE_LOOP ( 'NONE', ( #3358, #3773, #3512, #936 ) ) ;
#1574 = VECTOR ( 'NONE', #2038, 1000.000000000000114 ) ;
#1575 = ORIENTED_EDGE ( 'NONE', *, *, #725, .T. ) ;
#1576 = DIRECTION ( 'NONE',  ( 0.000000000000000000, -1.000000000000000000, 0.000000000000000000 ) ) ;
#1577 = EDGE_CURVE ( 'NONE', #2895, #760, #127, .T. ) ;
#1578 = CONICAL_SURFACE ( 'NONE', #3797, 1.199999999982992449, 0.7853981633974482790 ) ;
#1579 = ORIENTED_EDGE ( 'NONE', *, *, #530, .F. ) ;
#1580 = PLANE ( 'NONE',  #484 ) ;
#1581 = LINE ( 'NONE', #3024, #2630 ) ;
#1582 = EDGE_CURVE ( 'NONE', #3984, #2702, #1501, .T. ) ;
#1583 = CARTESIAN_POINT ( 'NONE',  ( -0.4119633723412000070, 1.699999999999999956, -1.267892888973999987 ) ) ;
#1584 = ORIENTED_EDGE ( 'NONE', *, *, #3039, .F. ) ;
#1585 = ORIENTED_EDGE ( 'NONE', *, *, #2215, .T. ) ;
#1586 = ORIENTED_EDGE ( 'NONE', *, *, #2634, .T. ) ;
#1587 = CARTESIAN_POINT ( 'NONE',  ( 0.000000000000000000, 0.8000000000000000444, 0.000000000000000000 ) ) ;
#1588 = CARTESIAN_POINT ( 'NONE',  ( 0.6495980915057999461, 0.000000000000000000, -1.352043756507999905 ) ) ;
#1589 = EDGE_CURVE ( 'NONE', #490, #2245, #4293, .T. ) ;
#1590 = CARTESIAN_POINT ( 'NONE',  ( -1.035608995799089049, 0.000000000000000000, -1.085133175154092688 ) ) ;
#1591 = FACE_OUTER_BOUND ( 'NONE', #528, .T. ) ;
#1592 = VERTEX_POINT ( 'NONE', #3236 ) ;
#1593 = CARTESIAN_POINT ( 'NONE',  ( -0.4119633723412000070, 0.000000000000000000, -1.267892888973999987 ) ) ;
#1594 = CARTESIAN_POINT ( 'NONE',  ( 1.475650554258007396, 1.699999999999999956, 0.2691754849878376654 ) ) ;
#1595 = ORIENTED_EDGE ( 'NONE', *, *, #1831, .T. ) ;
#1596 = VECTOR ( 'NONE', #442, 1000.000000000000000 ) ;
#1597 = LINE ( 'NONE', #921, #704 ) ;
#1598 = VECTOR ( 'NONE', #1451, 1000.000000000000227 ) ;
#1599 = VERTEX_POINT ( 'NONE', #1548 ) ;
#1600 = DIRECTION ( 'NONE',  ( -0.6087614290087246527, 0.000000000000000000, -0.7933533402912321675 ) ) ;
#1601 = PLANE ( 'NONE',  #2125 ) ;
#1602 = CARTESIAN_POINT ( 'NONE',  ( 0.000000000000000000, 1.699999999999999956, 0.000000000000000000 ) ) ;
#1603 = VERTEX_POINT ( 'NONE', #1211 ) ;
#1604 = VERTEX_POINT ( 'NONE', #153 ) ;
#1605 = EDGE_CURVE ( 'NONE', #1261, #2959, #2563, .T. ) ;
#1606 = DIRECTION ( 'NONE',  ( 0.3338068592337900542, 0.000000000000000000, 0.9426414910921716572 ) ) ;
#1607 = ORIENTED_EDGE ( 'NONE', *, *, #2882, .F. ) ;
#1608 = CARTESIAN_POINT ( 'NONE',  ( -1.475650554258000291, 0.000000000000000000, 0.2691754849876999978 ) ) ;
#1609 = CARTESIAN_POINT ( 'NONE',  ( 1.333141477135999731, 3.500000000000000000, 9.266006198980864949E-18 ) ) ;
#1610 = EDGE_CURVE ( 'NONE', #2467, #1318, #1275, .T. ) ;
#1611 = EDGE_CURVE ( 'NONE', #3213, #1592, #574, .T. ) ;
#1612 = CARTESIAN_POINT ( 'NONE',  ( 1.486606874732000039, 1.699999999999999956, -0.2000000000000000111 ) ) ;
#1613 = ORIENTED_EDGE ( 'NONE', *, *, #2583, .F. ) ;
#1614 = DIRECTION ( 'NONE',  ( -0.2840153447038998857, 0.000000000000000000, 0.9588197348681997134 ) ) ;
#1615 = LINE ( 'NONE', #938, #3894 ) ;
#1616 = VERTEX_POINT ( 'NONE', #3993 ) ;
#1617 = VERTEX_POINT ( 'NONE', #1682 ) ;
#1618 = CARTESIAN_POINT ( 'NONE',  ( -1.320247276071185194, 3.500000000000000000, -0.7120021980490059965 ) ) ;
#1619 = VECTOR ( 'NONE', #504, 1000.000000000000000 ) ;
#1620 = ORIENTED_EDGE ( 'NONE', *, *, #860, .T. ) ;
#1621 = CARTESIAN_POINT ( 'NONE',  ( 1.085133175154000096, 0.000000000000000000, 1.035608995799000009 ) ) ;
#1622 = AXIS2_PLACEMENT_3D ( 'NONE', #3717, #2685, #945 ) ;
#1623 = FACE_OUTER_BOUND ( 'NONE', #3176, .T. ) ;
#1624 = CARTESIAN_POINT ( 'NONE',  ( 0.000000000000000000, 0.000000000000000000, 0.000000000000000000 ) ) ;
#1625 = ORIENTED_EDGE ( 'NONE', *, *, #3645, .F. ) ;
#1626 = VECTOR ( 'NONE', #2677, 1000.000000000000000 ) ;
#1627 = ORIENTED_EDGE ( 'NONE', *, *, #2489, .F. ) ;
#1628 = DIRECTION ( 'NONE',  ( 0.9426414910921715462, 0.000000000000000000, -0.3338068592337899987 ) ) ;
#1629 = ORIENTED_EDGE ( 'NONE', *, *, #3285, .F. ) ;
#1630 = DIRECTION ( 'NONE',  ( 0.000000000000000000, 0.000000000000000000, -1.000000000000000000 ) ) ;
#1631 = CARTESIAN_POINT ( 'NONE',  ( -0.7836008994799890104, 1.700000000000000844, -1.078534110908998089 ) ) ;
#1632 = EDGE_CURVE ( 'NONE', #858, #3825, #2289, .T. ) ;
#1633 = CARTESIAN_POINT ( 'NONE',  ( -0.6495980915057650851, 0.000000000000000000, -1.352043756507927297 ) ) ;
#1634 = VERTEX_POINT ( 'NONE', #4061 ) ;
#1635 = DIRECTION ( 'NONE',  ( 0.000000000000000000, 0.000000000000000000, -1.000000000000000000 ) ) ;
#1636 = DIRECTION ( 'NONE',  ( -0.6087614290087246527, 0.000000000000000000, 0.7933533402912321675 ) ) ;
#1637 = CARTESIAN_POINT ( 'NONE',  ( 0.000000000000000000, 0.000000000000000000, 0.000000000000000000 ) ) ;
#1638 = EDGE_CURVE ( 'NONE', #132, #2819, #3073, .T. ) ;
#1639 = VECTOR ( 'NONE', #181, 1000.000000000000000 ) ;
#1640 = CIRCLE ( 'NONE', #3504, 1.500000000000000000 ) ;
#1641 = ORIENTED_EDGE ( 'NONE', *, *, #1889, .T. ) ;
#1642 = VERTEX_POINT ( 'NONE', #1664 ) ;
#1643 = DIRECTION ( 'NONE',  ( -0.8241261886220260235, 0.000000000000000000, -0.5664062369248178408 ) ) ;
#1644 = VECTOR ( 'NONE', #1725, 1000.000000000000114 ) ;
#1645 = EDGE_CURVE ( 'NONE', #3553, #2819, #915, .T. ) ;
#1646 = ADVANCED_FACE ( 'NONE', ( #4020 ), #1979, .T. ) ;
#1647 = VECTOR ( 'NONE', #771, 1000.000000000000114 ) ;
#1648 = ORIENTED_EDGE ( 'NONE', *, *, #1838, .T. ) ;
#1649 = CYLINDRICAL_SURFACE ( 'NONE', #2423, 1.500000000000000000 ) ;
#1650 = CIRCLE ( 'NONE', #2797, 1.500000000000000000 ) ;
#1651 = DIRECTION ( 'NONE',  ( -0.3338068592337899987, 0.000000000000000000, 0.9426414910921715462 ) ) ;
#1652 = AXIS2_PLACEMENT_3D ( 'NONE', #3313, #4420, #604 ) ;
#1653 = PLANE ( 'NONE',  #1652 ) ;
#1654 = ORIENTED_EDGE ( 'NONE', *, *, #953, .T. ) ;
#1655 = ORIENTED_EDGE ( 'NONE', *, *, #2551, .T. ) ;
#1656 = AXIS2_PLACEMENT_3D ( 'NONE', #2473, #110, #1755 ) ;
#1657 = CARTESIAN_POINT ( 'NONE',  ( 0.7836008994800000016, 0.000000000000000000, -1.078534110909000310 ) ) ;
#1658 = DIRECTION ( 'NONE',  ( 0.5664062369255852269, 0.000000000000000000, 0.8241261886214986676 ) ) ;
#1659 = CARTESIAN_POINT ( 'NONE',  ( -1.078534110908997423, 0.8000000000000002665, -0.7836008994800001126 ) ) ;
#1660 = ORIENTED_EDGE ( 'NONE', *, *, #2382, .F. ) ;
#1661 = AXIS2_PLACEMENT_3D ( 'NONE', #2049, #2769, #334 ) ;
#1662 = DIRECTION ( 'NONE',  ( 0.6087614290092401292, 0.000000000000000000, -0.7933533402908364840 ) ) ;
#1663 = VERTEX_POINT ( 'NONE', #3323 ) ;
#1664 = CARTESIAN_POINT ( 'NONE',  ( 1.530808498934191571E-16, 0.000000000000000000, 1.250000000000000000 ) ) ;
#1665 = DIRECTION ( 'NONE',  ( -0.000000000000000000, 1.000000000000000000, -0.000000000000000000 ) ) ;
#1666 = CARTESIAN_POINT ( 'NONE',  ( 1.267892888973999987, 0.8000000000000000444, -0.4119633723412000070 ) ) ;
#1667 = PLANE ( 'NONE',  #341 ) ;
#1668 = ORIENTED_EDGE ( 'NONE', *, *, #3174, .F. ) ;
#1669 = DIRECTION ( 'NONE',  ( 0.000000000000000000, 0.000000000000000000, -1.000000000000000000 ) ) ;
#1670 = EDGE_LOOP ( 'NONE', ( #2908, #112, #385, #1833 ) ) ;
#1671 = CARTESIAN_POINT ( 'NONE',  ( -1.267892888973999987, 0.000000000000000000, -0.4119633723412000070 ) ) ;
#1672 = EDGE_CURVE ( 'NONE', #1970, #3057, #3686, .T. ) ;
#1673 = ADVANCED_FACE ( 'NONE', ( #2025 ), #3050, .F. ) ;
#1674 = FACE_OUTER_BOUND ( 'NONE', #1492, .T. ) ;
#1675 = VECTOR ( 'NONE', #850, 1000.000000000000000 ) ;
#1676 = ORIENTED_EDGE ( 'NONE', *, *, #785, .T. ) ;
#1677 = ORIENTED_EDGE ( 'NONE', *, *, #1562, .F. ) ;
#1678 = CARTESIAN_POINT ( 'NONE',  ( 0.000000000000000000, 0.8000000000000000444, 0.000000000000000000 ) ) ;
#1679 = CARTESIAN_POINT ( 'NONE',  ( 1.486606874731853267, 0.000000000000000000, -0.1999999999999803602 ) ) ;
#1680 = LINE ( 'NONE', #3048, #857 ) ;
#1681 = ORIENTED_EDGE ( 'NONE', *, *, #118, .T. ) ;
#1682 = CARTESIAN_POINT ( 'NONE',  ( -0.7120021980489670277, 3.499999999999999556, -1.320247276071112141 ) ) ;
#1683 = DIRECTION ( 'NONE',  ( -0.9426414910921715462, 0.000000000000000000, 0.3338068592337899987 ) ) ;
#1684 = DIRECTION ( 'NONE',  ( -0.6087614290087246527, 0.000000000000000000, 0.7933533402912321675 ) ) ;
#1685 = DIRECTION ( 'NONE',  ( 0.000000000000000000, 0.000000000000000000, 1.000000000000000000 ) ) ;
#1686 = ORIENTED_EDGE ( 'NONE', *, *, #4254, .F. ) ;
#1687 = LINE ( 'NONE', #4434, #3683 ) ;
#1688 = EDGE_CURVE ( 'NONE', #931, #4372, #956, .T. ) ;
#1689 = ORIENTED_EDGE ( 'NONE', *, *, #811, .F. ) ;
#1690 = CARTESIAN_POINT ( 'NONE',  ( -0.7120021980490064406, 1.699999999999999956, -1.320247276071185194 ) ) ;
#1691 = CARTESIAN_POINT ( 'NONE',  ( 0.000000000000000000, 1.699999999999999956, 0.000000000000000000 ) ) ;
#1692 = CIRCLE ( 'NONE', #4199, 1.500000000000000000 ) ;
#1693 = EDGE_CURVE ( 'NONE', #1028, #4115, #4080, .T. ) ;
#1694 = ORIENTED_EDGE ( 'NONE', *, *, #1471, .F. ) ;
#1695 = VECTOR ( 'NONE', #1881, 1000.000000000000000 ) ;
#1696 = CARTESIAN_POINT ( 'NONE',  ( 1.078534110908998089, 0.8000000000000002665, -0.7836008994799927851 ) ) ;
#1697 = PLANE ( 'NONE',  #3560 ) ;
#1698 = EDGE_CURVE ( 'NONE', #670, #2046, #3345, .T. ) ;
#1699 = AXIS2_PLACEMENT_3D ( 'NONE', #2277, #3381, #3652 ) ;
#1700 = DIRECTION ( 'NONE',  ( 0.000000000000000000, -1.000000000000000000, 0.000000000000000000 ) ) ;
#1701 = ORIENTED_EDGE ( 'NONE', *, *, #4164, .F. ) ;
#1702 = LINE ( 'NONE', #2084, #2941 ) ;
#1703 = AXIS2_PLACEMENT_3D ( 'NONE', #549, #3296, #1933 ) ;
#1704 = LINE ( 'NONE', #3071, #1319 ) ;
#1705 = DIRECTION ( 'NONE',  ( 0.000000000000000000, -1.000000000000000000, 0.000000000000000000 ) ) ;
#1706 = ORIENTED_EDGE ( 'NONE', *, *, #720, .F. ) ;
#1707 = LINE ( 'NONE', #331, #280 ) ;
#1708 = VECTOR ( 'NONE', #1101, 1000.000000000000000 ) ;
#1709 = ORIENTED_EDGE ( 'NONE', *, *, #1488, .F. ) ;
#1710 = LINE ( 'NONE', #2, #3739 ) ;
#1711 = AXIS2_PLACEMENT_3D ( 'NONE', #3792, #3527, #3770 ) ;
#1712 = PRODUCT_DEFINITION ( 'æ™', '', #471, #3956 ) ;
#1713 = DIRECTION ( 'NONE',  ( 0.000000000000000000, 0.000000000000000000, 1.000000000000000000 ) ) ;
#1714 = ORIENTED_EDGE ( 'NONE', *, *, #2404, .T. ) ;
#1715 = VECTOR ( 'NONE', #1658, 1000.000000000000000 ) ;
#1716 = EDGE_CURVE ( 'NONE', #101, #1517, #1356, .T. ) ;
#1717 = DIRECTION ( 'NONE',  ( -0.2840153447038998857, 0.000000000000000000, -0.9588197348681997134 ) ) ;
#1718 = VECTOR ( 'NONE', #3175, 1000.000000000000114 ) ;
#1719 = ORIENTED_EDGE ( 'NONE', *, *, #1949, .F. ) ;
#1720 = ORIENTED_EDGE ( 'NONE', *, *, #1716, .T. ) ;
#1721 = CARTESIAN_POINT ( 'NONE',  ( 0.000000000000000000, 5.684341886080801487E-11, 0.000000000000000000 ) ) ;
#1722 = ADVANCED_FACE ( 'NONE', ( #1303 ), #4042, .F. ) ;
#1723 = ORIENTED_EDGE ( 'NONE', *, *, #752, .F. ) ;
#1724 = EDGE_CURVE ( 'NONE', #3412, #274, #2718, .T. ) ;
#1725 = DIRECTION ( 'NONE',  ( -0.02617694830786888166, 0.000000000000000000, -0.9996573249755573709 ) ) ;
#1726 = CARTESIAN_POINT ( 'NONE',  ( 0.000000000000000000, 0.000000000000000000, 0.000000000000000000 ) ) ;
#1727 = CYLINDRICAL_SURFACE ( 'NONE', #113, 1.500000000000000000 ) ;
#1728 = DIRECTION ( 'NONE',  ( -0.9996573249755573709, 0.000000000000000000, 0.02617694830786888166 ) ) ;
#1729 = PRESENTATION_LAYER_ASSIGNMENT (  '', '', ( #1148 ) ) ;
#1730 = ORIENTED_EDGE ( 'NONE', *, *, #988, .F. ) ;
#1731 = DIRECTION ( 'NONE',  ( 0.9996573249755582591, 0.000000000000000000, 0.02617694830783522456 ) ) ;
#1732 = DIRECTION ( 'NONE',  ( 0.000000000000000000, 0.000000000000000000, -1.000000000000000000 ) ) ;
#1733 = ORIENTED_EDGE ( 'NONE', *, *, #90, .T. ) ;
#1734 = LINE ( 'NONE', #400, #4026 ) ;
#1735 = DIRECTION ( 'NONE',  ( 0.000000000000000000, 0.000000000000000000, -1.000000000000000000 ) ) ;
#1736 = EDGE_LOOP ( 'NONE', ( #4273, #867, #3689, #2755 ) ) ;
#1737 = AXIS2_PLACEMENT_3D ( 'NONE', #3037, #2400, #665 ) ;
#1738 = LINE ( 'NONE', #2775, #2406 ) ;
#1739 = ORIENTED_EDGE ( 'NONE', *, *, #607, .F. ) ;
#1740 = VECTOR ( 'NONE', #1406, 1000.000000000000000 ) ;
#1741 = ORIENTED_EDGE ( 'NONE', *, *, #1866, .T. ) ;
#1742 = ORIENTED_EDGE ( 'NONE', *, *, #2436, .F. ) ;
#1743 = DIRECTION ( 'NONE',  ( -0.3338068592327084194, 0.000000000000000000, 0.9426414910925545732 ) ) ;
#1744 = DIRECTION ( 'NONE',  ( -0.02617694830783522456, 0.000000000000000000, 0.9996573249755582591 ) ) ;
#1745 = CARTESIAN_POINT ( 'NONE',  ( 1.267892888973999987, 0.000000000000000000, 0.4119633723412000070 ) ) ;
#1746 = DIRECTION ( 'NONE',  ( 0.000000000000000000, -1.000000000000000000, 0.000000000000000000 ) ) ;
#1747 = EDGE_CURVE ( 'NONE', #1035, #2611, #2335, .T. ) ;
#1748 = ADVANCED_FACE ( 'NONE', ( #2375 ), #3745, .T. ) ;
#1749 = ORIENTED_EDGE ( 'NONE', *, *, #2437, .F. ) ;
#1750 = DIRECTION ( 'NONE',  ( 0.5664062369248178408, 0.000000000000000000, 0.8241261886220260235 ) ) ;
#1751 = DIRECTION ( 'NONE',  ( 0.000000000000000000, 0.000000000000000000, -1.000000000000000000 ) ) ;
#1752 = ORIENTED_EDGE ( 'NONE', *, *, #3907, .T. ) ;
#1753 = LINE ( 'NONE', #2426, #2302 ) ;
#1754 = DIRECTION ( 'NONE',  ( 0.000000000000000000, -1.000000000000000000, 0.000000000000000000 ) ) ;
#1755 = DIRECTION ( 'NONE',  ( 0.000000000000000000, 0.000000000000000000, -1.000000000000000000 ) ) ;
#1756 = VERTEX_POINT ( 'NONE', #285 ) ;
#1757 = DIRECTION ( 'NONE',  ( -0.2840153447039861501, 0.000000000000000000, 0.9588197348681742893 ) ) ;
#1758 = CARTESIAN_POINT ( 'NONE',  ( 1.078534110908996091, 1.700000000000000844, 0.7836008994800005567 ) ) ;
#1759 = ORIENTED_EDGE ( 'NONE', *, *, #481, .T. ) ;
#1760 = VECTOR ( 'NONE', #2582, 1000.000000000000114 ) ;
#1761 = ORIENTED_EDGE ( 'NONE', *, *, #2854, .F. ) ;
#1762 = ORIENTED_EDGE ( 'NONE', *, *, #2633, .F. ) ;
#1763 = DIRECTION ( 'NONE',  ( 0.6087614290092401292, 0.000000000000000000, -0.7933533402908364840 ) ) ;
#1764 = EDGE_CURVE ( 'NONE', #4097, #1874, #3851, .T. ) ;
#1765 = CARTESIAN_POINT ( 'NONE',  ( 0.4119633723412000070, 0.000000000000000000, 1.267892888973999987 ) ) ;
#1766 = AXIS2_PLACEMENT_3D ( 'NONE', #763, #1848, #788 ) ;
#1767 = DIRECTION ( 'NONE',  ( 0.000000000000000000, 0.000000000000000000, -1.000000000000000000 ) ) ;
#1768 = DIRECTION ( 'NONE',  ( 0.000000000000000000, -1.000000000000000000, 0.000000000000000000 ) ) ;
#1769 = AXIS2_PLACEMENT_3D ( 'NONE', #1637, #1705, #2739 ) ;
#1770 = ORIENTED_EDGE ( 'NONE', *, *, #2462, .T. ) ;
#1771 = LINE ( 'NONE', #4173, #1934 ) ;
#1772 = ADVANCED_FACE ( 'NONE', ( #2737 ), #4144, .F. ) ;
#1773 = FACE_OUTER_BOUND ( 'NONE', #4118, .T. ) ;
#1774 = FACE_OUTER_BOUND ( 'NONE', #1412, .T. ) ;
#1775 = VERTEX_POINT ( 'NONE', #4168 ) ;
#1776 = CIRCLE ( 'NONE', #1571, 1.500000000000000000 ) ;
#1777 = EDGE_CURVE ( 'NONE', #2985, #3796, #325, .T. ) ;
#1778 = DIRECTION ( 'NONE',  ( 0.02617694830783522456, 0.000000000000000000, -0.9996573249755582591 ) ) ;
#1779 = CARTESIAN_POINT ( 'NONE',  ( 0.000000000000000000, 5.684341886080801487E-11, 0.000000000000000000 ) ) ;
#1780 = DIRECTION ( 'NONE',  ( 0.6087614290092401292, 0.000000000000000000, 0.7933533402908364840 ) ) ;
#1781 = CIRCLE ( 'NONE', #4298, 1.500000000000000000 ) ;
#1782 = ORIENTED_EDGE ( 'NONE', *, *, #3774, .F. ) ;
#1783 = LINE ( 'NONE', #1104, #1430 ) ;
#1784 = CARTESIAN_POINT ( 'NONE',  ( -0.6495980915056981386, 1.699999999999999956, -1.352043756508117145 ) ) ;
#1785 = VECTOR ( 'NONE', #2463, 1000.000000000000114 ) ;
#1786 = ORIENTED_EDGE ( 'NONE', *, *, #2789, .T. ) ;
#1787 = ORIENTED_EDGE ( 'NONE', *, *, #239, .F. ) ;
#1788 = CIRCLE ( 'NONE', #1864, 1.500000000000000000 ) ;
#1789 = CARTESIAN_POINT ( 'NONE',  ( 1.475650554258000291, 0.000000000000000000, -0.2691754849876999978 ) ) ;
#1790 = ORIENTED_EDGE ( 'NONE', *, *, #686, .F. ) ;
#1791 = CARTESIAN_POINT ( 'NONE',  ( -1.267892888973999987, 0.000000000000000000, -0.4119633723412000070 ) ) ;
#1792 = DIRECTION ( 'NONE',  ( 0.000000000000000000, -1.000000000000000000, 0.000000000000000000 ) ) ;
#1793 = CARTESIAN_POINT ( 'NONE',  ( 0.000000000000000000, 0.8000000000000000444, 1.333141477135999953 ) ) ;
#1794 = VECTOR ( 'NONE', #2623, 1000.000000000000000 ) ;
#1795 = VECTOR ( 'NONE', #2608, 1000.000000000000000 ) ;
#1796 = EDGE_CURVE ( 'NONE', #2228, #1872, #1702, .T. ) ;
#1797 = VECTOR ( 'NONE', #2466, 1000.000000000000000 ) ;
#1798 = ORIENTED_EDGE ( 'NONE', *, *, #2325, .F. ) ;
#1799 = DIRECTION ( 'NONE',  ( 0.000000000000000000, 0.000000000000000000, -1.000000000000000000 ) ) ;
#1800 = DIRECTION ( 'NONE',  ( 0.9996573249755573709, 0.000000000000000000, 0.02617694830786888166 ) ) ;
#1801 = ORIENTED_EDGE ( 'NONE', *, *, #1747, .F. ) ;
#1802 = DIRECTION ( 'NONE',  ( 0.000000000000000000, -1.000000000000000000, 0.000000000000000000 ) ) ;
#1803 = FACE_OUTER_BOUND ( 'NONE', #517, .T. ) ;
#1804 = ADVANCED_FACE ( 'NONE', ( #366 ), #410, .F. ) ;
#1805 = EDGE_CURVE ( 'NONE', #4367, #2053, #1386, .T. ) ;
#1806 = FACE_OUTER_BOUND ( 'NONE', #3987, .T. ) ;
#1807 = VERTEX_POINT ( 'NONE', #1019 ) ;
#1808 = CARTESIAN_POINT ( 'NONE',  ( 1.475650554258000291, 2.500000000000000000, -0.2691754849876999978 ) ) ;
#1809 = DIRECTION ( 'NONE',  ( 0.000000000000000000, -1.000000000000000000, 0.000000000000000000 ) ) ;
#1810 = ORIENTED_EDGE ( 'NONE', *, *, #1901, .F. ) ;
#1811 = ORIENTED_EDGE ( 'NONE', *, *, #988, .T. ) ;
#1812 = CIRCLE ( 'NONE', #2682, 1.250000000000000000 ) ;
#1813 = EDGE_LOOP ( 'NONE', ( #3077, #2264, #2098, #4100 ) ) ;
#1814 = LINE ( 'NONE', #3270, #3222 ) ;
#1815 = FACE_OUTER_BOUND ( 'NONE', #1813, .T. ) ;
#1816 = LINE ( 'NONE', #3458, #2201 ) ;
#1817 = DIRECTION ( 'NONE',  ( -0.02617694830786888513, 0.000000000000000000, -0.9996573249755574819 ) ) ;
#1818 = VECTOR ( 'NONE', #3771, 1000.000000000000114 ) ;
#1819 = ORIENTED_EDGE ( 'NONE', *, *, #2106, .T. ) ;
#1820 = DIRECTION ( 'NONE',  ( 0.000000000000000000, -1.000000000000000000, 0.000000000000000000 ) ) ;
#1821 = LINE ( 'NONE', #2132, #4256 ) ;
#1822 = VERTEX_POINT ( 'NONE', #3090 ) ;
#1823 = CARTESIAN_POINT ( 'NONE',  ( 0.000000000000000000, 0.000000000000000000, 0.000000000000000000 ) ) ;
#1824 = LINE ( 'NONE', #3509, #1192 ) ;
#1825 = EDGE_CURVE ( 'NONE', #722, #1807, #678, .T. ) ;
#1826 = ORIENTED_EDGE ( 'NONE', *, *, #3531, .T. ) ;
#1827 = CARTESIAN_POINT ( 'NONE',  ( -1.035608995799090382, 3.499999999999999556, 1.085133175154002538 ) ) ;
#1828 = LINE ( 'NONE', #764, #4221 ) ;
#1829 = ORIENTED_EDGE ( 'NONE', *, *, #3699, .T. ) ;
#1830 = CARTESIAN_POINT ( 'NONE',  ( 1.486606874731871697, 0.8000000000000000444, -0.1999999999999669820 ) ) ;
#1831 = EDGE_CURVE ( 'NONE', #1547, #2418, #1089, .T. ) ;
#1832 = CARTESIAN_POINT ( 'NONE',  ( -1.085133175154048946, 0.8000000000000000444, -1.035608995799134791 ) ) ;
#1833 = ORIENTED_EDGE ( 'NONE', *, *, #2935, .T. ) ;
#1834 = EDGE_LOOP ( 'NONE', ( #3782, #3784 ) ) ;
#1835 = LINE ( 'NONE', #191, #4452 ) ;
#1836 = LINE ( 'NONE', #2511, #1760 ) ;
#1837 = EDGE_CURVE ( 'NONE', #1188, #1335, #2043, .T. ) ;
#1838 = EDGE_CURVE ( 'NONE', #760, #4072, #4450, .T. ) ;
#1839 = DIRECTION ( 'NONE',  ( 0.000000000000000000, 0.000000000000000000, -1.000000000000000000 ) ) ;
#1840 = VECTOR ( 'NONE', #2262, 1000.000000000000114 ) ;
#1841 = EDGE_LOOP ( 'NONE', ( #1552, #2130, #3344, #1223 ) ) ;
#1842 = CARTESIAN_POINT ( 'NONE',  ( -1.078534110908998089, 2.500000000000000888, 0.7836008994799927851 ) ) ;
#1843 = VECTOR ( 'NONE', #2050, 1000.000000000000000 ) ;
#1844 = DIRECTION ( 'NONE',  ( 0.9588197348681997134, 0.000000000000000000, -0.2840153447038998857 ) ) ;
#1845 = ORIENTED_EDGE ( 'NONE', *, *, #3477, .T. ) ;
#1846 = ORIENTED_EDGE ( 'NONE', *, *, #2152, .T. ) ;
#1847 = DIRECTION ( 'NONE',  ( -0.000000000000000000, -1.000000000000000000, -0.000000000000000000 ) ) ;
#1848 = DIRECTION ( 'NONE',  ( -0.7933533402912321675, 0.000000000000000000, 0.6087614290087246527 ) ) ;
#1849 = ORIENTED_EDGE ( 'NONE', *, *, #2795, .T. ) ;
#1850 = DIRECTION ( 'NONE',  ( -0.9426414910921715462, 0.000000000000000000, 0.3338068592337899987 ) ) ;
#1851 = EDGE_CURVE ( 'NONE', #3383, #158, #2484, .T. ) ;
#1852 = VECTOR ( 'NONE', #3763, 1000.000000000000000 ) ;
#1853 = CARTESIAN_POINT ( 'NONE',  ( -1.486606874731863037, 3.500000000000000000, 0.1999999999999071409 ) ) ;
#1854 = CARTESIAN_POINT ( 'NONE',  ( 0.000000000000000000, -5.684341886080801487E-11, -1.200000000096679287 ) ) ;
#1855 = EDGE_LOOP ( 'NONE', ( #3241, #3326, #4213, #3869 ) ) ;
#1856 = VECTOR ( 'NONE', #3559, 1000.000000000000000 ) ;
#1857 = ADVANCED_FACE ( 'NONE', ( #49 ), #1367, .T. ) ;
#1858 = ORIENTED_EDGE ( 'NONE', *, *, #3377, .F. ) ;
#1859 = DIRECTION ( 'NONE',  ( 0.000000000000000000, 0.000000000000000000, -1.000000000000000000 ) ) ;
#1860 = AXIS2_PLACEMENT_3D ( 'NONE', #2175, #3974, #3276 ) ;
#1861 = DIRECTION ( 'NONE',  ( 0.6087614290087246527, 0.000000000000000000, -0.7933533402912321675 ) ) ;
#1862 = CARTESIAN_POINT ( 'NONE',  ( 0.000000000000000000, 2.500000000000000000, 0.000000000000000000 ) ) ;
#1863 = CARTESIAN_POINT ( 'NONE',  ( -1.035608995799134568, 1.699999999999999956, 1.085133175154049168 ) ) ;
#1864 = AXIS2_PLACEMENT_3D ( 'NONE', #3404, #1802, #320 ) ;
#1865 = EDGE_CURVE ( 'NONE', #670, #3720, #3456, .T. ) ;
#1866 = EDGE_CURVE ( 'NONE', #2232, #2641, #487, .T. ) ;
#1867 = ORIENTED_EDGE ( 'NONE', *, *, #2729, .F. ) ;
#1868 = DIRECTION ( 'NONE',  ( -0.6087614290087246527, 0.000000000000000000, -0.7933533402912321675 ) ) ;
#1869 = VECTOR ( 'NONE', #4347, 1000.000000000000000 ) ;
#1870 = AXIS2_PLACEMENT_3D ( 'NONE', #4106, #1023, #1685 ) ;
#1871 = DIRECTION ( 'NONE',  ( 0.6087614290087246527, 0.000000000000000000, 0.7933533402912321675 ) ) ;
#1872 = VERTEX_POINT ( 'NONE', #3828 ) ;
#1873 = VECTOR ( 'NONE', #3789, 1000.000000000000000 ) ;
#1874 = VERTEX_POINT ( 'NONE', #386 ) ;
#1875 = PLANE ( 'NONE',  #3373 ) ;
#1876 = DIRECTION ( 'NONE',  ( 0.7933533402908364840, 0.000000000000000000, -0.6087614290092401292 ) ) ;
#1877 = COLOUR_RGB ( '',0.7921568627450980005, 0.8196078431372548767, 0.9333333333333333481 ) ;
#1878 = ORIENTED_EDGE ( 'NONE', *, *, #4278, .F. ) ;
#1879 = CARTESIAN_POINT ( 'NONE',  ( 1.333141477136043029, 2.500000000000000000, -3.324886662288880475E-14 ) ) ;
#1880 = DIRECTION ( 'NONE',  ( -0.9996573249755573709, 0.000000000000000000, 0.02617694830786888166 ) ) ;
#1881 = DIRECTION ( 'NONE',  ( 0.8241261886220260235, 0.000000000000000000, 0.5664062369248178408 ) ) ;
#1882 = CARTESIAN_POINT ( 'NONE',  ( 0.000000000000000000, 0.8000000000000000444, 0.000000000000000000 ) ) ;
#1883 =( NAMED_UNIT ( * ) SI_UNIT ( $, .STERADIAN. ) SOLID_ANGLE_UNIT ( ) );
#1884 = ORIENTED_EDGE ( 'NONE', *, *, #15, .T. ) ;
#1885 = ORIENTED_EDGE ( 'NONE', *, *, #98, .T. ) ;
#1886 = DIRECTION ( 'NONE',  ( -0.9426414910925545732, 0.000000000000000000, -0.3338068592327084194 ) ) ;
#1887 = DIRECTION ( 'NONE',  ( 0.000000000000000000, 1.000000000000000000, -0.000000000000000000 ) ) ;
#1888 = CARTESIAN_POINT ( 'NONE',  ( 0.000000000000000000, 0.8000000000000000444, 0.000000000000000000 ) ) ;
#1889 = EDGE_CURVE ( 'NONE', #3849, #3302, #346, .T. ) ;
#1890 = EDGE_LOOP ( 'NONE', ( #1709, #1556, #3574, #2753 ) ) ;
#1891 = DIRECTION ( 'NONE',  ( -0.000000000000000000, 1.000000000000000000, 0.000000000000000000 ) ) ;
#1892 = DIRECTION ( 'NONE',  ( 0.6087614290087246527, 0.000000000000000000, -0.7933533402912321675 ) ) ;
#1893 = UNCERTAINTY_MEASURE_WITH_UNIT (LENGTH_MEASURE( 1.000000000000000082E-05 ), #3990, 'distance_accuracy_value', 'NONE');
#1894 = VECTOR ( 'NONE', #3728, 1000.000000000000000 ) ;
#1895 = EDGE_CURVE ( 'NONE', #4378, #2354, #1061, .T. ) ;
#1896 = EDGE_CURVE ( 'NONE', #1351, #650, #2217, .T. ) ;
#1897 = ORIENTED_EDGE ( 'NONE', *, *, #3649, .F. ) ;
#1898 = EDGE_LOOP ( 'NONE', ( #2596, #1179, #1564, #2629 ) ) ;
#1899 = CARTESIAN_POINT ( 'NONE',  ( -1.035608995799000009, 1.699999999999999956, -1.085133175154000096 ) ) ;
#1900 = DIRECTION ( 'NONE',  ( 0.000000000000000000, -1.000000000000000000, 0.000000000000000000 ) ) ;
#1901 = EDGE_CURVE ( 'NONE', #917, #2239, #3473, .T. ) ;
#1902 = ORIENTED_EDGE ( 'NONE', *, *, #364, .F. ) ;
#1903 = DIRECTION ( 'NONE',  ( 0.02617694830786888513, 0.000000000000000000, -0.9996573249755574819 ) ) ;
#1904 = DIRECTION ( 'NONE',  ( 0.000000000000000000, -1.000000000000000000, 0.000000000000000000 ) ) ;
#1905 = ORIENTED_EDGE ( 'NONE', *, *, #1436, .T. ) ;
#1906 = EDGE_LOOP ( 'NONE', ( #3997, #433, #2788, #701 ) ) ;
#1907 = VERTEX_POINT ( 'NONE', #1543 ) ;
#1908 = DIRECTION ( 'NONE',  ( 0.000000000000000000, 0.000000000000000000, -1.000000000000000000 ) ) ;
#1909 = CARTESIAN_POINT ( 'NONE',  ( 0.000000000000000000, 0.000000000000000000, 0.000000000000000000 ) ) ;
#1910 = DIRECTION ( 'NONE',  ( -0.2840153447039861501, 0.000000000000000000, 0.9588197348681742893 ) ) ;
#1911 = CARTESIAN_POINT ( 'NONE',  ( 1.475650554257890601, 3.500000000000000000, 0.2691754849877316946 ) ) ;
#1912 = VERTEX_POINT ( 'NONE', #1518 ) ;
#1913 = CARTESIAN_POINT ( 'NONE',  ( -0.7836008994799927851, 0.8000000000000002665, -1.078534110908998089 ) ) ;
#1914 = CARTESIAN_POINT ( 'NONE',  ( 1.475650554258000291, 3.500000000000000000, -0.2691754849876999978 ) ) ;
#1915 = ORIENTED_EDGE ( 'NONE', *, *, #1256, .F. ) ;
#1916 = AXIS2_PLACEMENT_3D ( 'NONE', #497, #1152, #792 ) ;
#1917 = EDGE_CURVE ( 'NONE', #1872, #4377, #842, .T. ) ;
#1918 = ORIENTED_EDGE ( 'NONE', *, *, #317, .F. ) ;
#1919 = DIRECTION ( 'NONE',  ( 0.000000000000000000, -1.000000000000000000, 0.000000000000000000 ) ) ;
#1920 = CARTESIAN_POINT ( 'NONE',  ( -1.078534110909000310, 1.699999999999999956, -0.7836008994800000016 ) ) ;
#1921 = AXIS2_PLACEMENT_3D ( 'NONE', #1691, #403, #2792 ) ;
#1922 = ORIENTED_EDGE ( 'NONE', *, *, #4187, .T. ) ;
#1923 = CARTESIAN_POINT ( 'NONE',  ( 0.000000000000000000, 0.000000000000000000, 0.000000000000000000 ) ) ;
#1924 = ADVANCED_FACE ( 'NONE', ( #4288 ), #868, .T. ) ;
#1925 = EDGE_CURVE ( 'NONE', #723, #2147, #2192, .T. ) ;
#1926 = VECTOR ( 'NONE', #76, 1000.000000000000227 ) ;
#1927 = FACE_OUTER_BOUND ( 'NONE', #62, .T. ) ;
#1928 = DIRECTION ( 'NONE',  ( 0.000000000000000000, -1.000000000000000000, -0.000000000000000000 ) ) ;
#1929 = EDGE_LOOP ( 'NONE', ( #2250, #1252, #1752, #1953 ) ) ;
#1930 = ORIENTED_EDGE ( 'NONE', *, *, #37, .T. ) ;
#1931 = CARTESIAN_POINT ( 'NONE',  ( -1.486606874731870143, 0.000000000000000000, 0.2000000000000998202 ) ) ;
#1932 = DIRECTION ( 'NONE',  ( 0.000000000000000000, -1.000000000000000000, 0.000000000000000000 ) ) ;
#1933 = DIRECTION ( 'NONE',  ( 1.000000000000000000, 0.000000000000000000, 0.000000000000000000 ) ) ;
#1934 = VECTOR ( 'NONE', #4126, 1000.000000000000000 ) ;
#1935 = ORIENTED_EDGE ( 'NONE', *, *, #1777, .T. ) ;
#1936 = CARTESIAN_POINT ( 'NONE',  ( 1.035608995799090382, 2.500000000000000444, -1.085133175154002760 ) ) ;
#1937 = LINE ( 'NONE', #3927, #3889 ) ;
#1938 = ORIENTED_EDGE ( 'NONE', *, *, #3826, .T. ) ;
#1939 = VECTOR ( 'NONE', #992, 1000.000000000000000 ) ;
#1940 = DIRECTION ( 'NONE',  ( 0.000000000000000000, -1.000000000000000000, 0.000000000000000000 ) ) ;
#1941 = AXIS2_PLACEMENT_3D ( 'NONE', #2006, #2722, #3350 ) ;
#1942 = VECTOR ( 'NONE', #4081, 1000.000000000000000 ) ;
#1943 = ORIENTED_EDGE ( 'NONE', *, *, #3018, .T. ) ;
#1944 = DIRECTION ( 'NONE',  ( -0.9996573249755574819, 0.000000000000000000, 0.02617694830786888513 ) ) ;
#1945 = DIRECTION ( 'NONE',  ( 0.000000000000000000, 0.000000000000000000, -1.000000000000000000 ) ) ;
#1946 = CARTESIAN_POINT ( 'NONE',  ( -1.078534110909000310, 3.500000000000000888, -0.7836008994800001126 ) ) ;
#1947 = OPEN_SHELL ( 'NONE', ( #430, #2733 ) ) ;
#1948 = EDGE_CURVE ( 'NONE', #1756, #3780, #1835, .T. ) ;
#1949 = EDGE_CURVE ( 'NONE', #2544, #3958, #1228, .T. ) ;
#1950 = VERTEX_POINT ( 'NONE', #2916 ) ;
#1951 = ORIENTED_EDGE ( 'NONE', *, *, #3670, .F. ) ;
#1952 = CARTESIAN_POINT ( 'NONE',  ( -0.2691754849876999978, 0.000000000000000000, -1.475650554258000291 ) ) ;
#1953 = ORIENTED_EDGE ( 'NONE', *, *, #3562, .F. ) ;
#1954 = DIRECTION ( 'NONE',  ( 0.000000000000000000, -1.000000000000000000, 0.000000000000000000 ) ) ;
#1955 = DIRECTION ( 'NONE',  ( 0.7933533402908364840, 0.000000000000000000, -0.6087614290092401292 ) ) ;
#1956 = ORIENTED_EDGE ( 'NONE', *, *, #2692, .F. ) ;
#1957 = DIRECTION ( 'NONE',  ( -0.000000000000000000, -1.000000000000000000, 0.000000000000000000 ) ) ;
#1958 = DIRECTION ( 'NONE',  ( -0.5664062369248178408, 0.000000000000000000, 0.8241261886220260235 ) ) ;
#1959 = ORIENTED_EDGE ( 'NONE', *, *, #2876, .T. ) ;
#1960 = VERTEX_POINT ( 'NONE', #95 ) ;
#1961 = AXIS2_PLACEMENT_3D ( 'NONE', #3439, #3115, #3794 ) ;
#1962 = CARTESIAN_POINT ( 'NONE',  ( 0.1999999999999669820, 0.8000000000000000444, 1.486606874731871697 ) ) ;
#1963 = CIRCLE ( 'NONE', #2970, 1.500000000000000000 ) ;
#1964 = EDGE_LOOP ( 'NONE', ( #2768, #3086, #719, #4241, #3818, #3549, #624, #3961, #2579, #1455, #3655, #3255, #3229, #3189, #2586, #1741, #3214, #1938, #3379, #3704, #3930, #2716, #69, #3235, #176, #3761, #3103, #3736, #1295, #2251, #2122, #2145, #1447, #2826, #699, #2449, #313, #2840, #3359, #2613, #1210, #3330, #1033, #3095, #1385, #3690, #1349, #1845, #2414, #1586, #4405, #2540, #2017, #3814, #4167, #4264, #4197, #189, #2949, #404 ) ) ;
#1965 = CARTESIAN_POINT ( 'NONE',  ( 1.469576159095221960E-16, -5.684341886080801487E-11, 1.200000000096679287 ) ) ;
#1966 = LINE ( 'NONE', #3068, #1355 ) ;
#1967 = EDGE_CURVE ( 'NONE', #2169, #2082, #2849, .T. ) ;
#1968 = DIRECTION ( 'NONE',  ( 0.000000000000000000, -1.000000000000000000, 0.000000000000000000 ) ) ;
#1969 = EDGE_LOOP ( 'NONE', ( #1302, #4399, #1733, #3354 ) ) ;
#1970 = VERTEX_POINT ( 'NONE', #3546 ) ;
#1971 = ADVANCED_FACE ( 'NONE', ( #1472 ), #3594, .F. ) ;
#1972 = ORIENTED_EDGE ( 'NONE', *, *, #506, .T. ) ;
#1973 = DIRECTION ( 'NONE',  ( 0.000000000000000000, -1.000000000000000000, 0.000000000000000000 ) ) ;
#1974 = CARTESIAN_POINT ( 'NONE',  ( 0.000000000000000000, 2.500000000000000000, 0.000000000000000000 ) ) ;
#1975 = DIRECTION ( 'NONE',  ( -0.02617694830786888166, 0.000000000000000000, 0.9996573249755573709 ) ) ;
#1976 = EDGE_CURVE ( 'NONE', #675, #4034, #2146, .T. ) ;
#1977 = VERTEX_POINT ( 'NONE', #3947 ) ;
#1978 = EDGE_CURVE ( 'NONE', #2521, #523, #348, .T. ) ;
#1979 = CYLINDRICAL_SURFACE ( 'NONE', #851, 1.500000000000000000 ) ;
#1980 = DIRECTION ( 'NONE',  ( -0.3338068592337900542, 0.000000000000000000, -0.9426414910921716572 ) ) ;
#1981 = ORIENTED_EDGE ( 'NONE', *, *, #1083, .T. ) ;
#1982 = CARTESIAN_POINT ( 'NONE',  ( 0.000000000000000000, 1.699999999999999956, 0.000000000000000000 ) ) ;
#1983 = ORIENTED_EDGE ( 'NONE', *, *, #2163, .F. ) ;
#1984 = DIRECTION ( 'NONE',  ( 0.000000000000000000, 0.000000000000000000, -1.000000000000000000 ) ) ;
#1985 = AXIS2_PLACEMENT_3D ( 'NONE', #71, #1082, #4443 ) ;
#1986 = EDGE_LOOP ( 'NONE', ( #1039, #577, #928, #190 ) ) ;
#1987 = CARTESIAN_POINT ( 'NONE',  ( 1.333141477136059239, 1.699999999999999956, -5.421033961237015202E-14 ) ) ;
#1988 = AXIS2_PLACEMENT_3D ( 'NONE', #3079, #3738, #1713 ) ;
#1989 = CYLINDRICAL_SURFACE ( 'NONE', #1699, 1.500000000000000000 ) ;
#1990 = ADVANCED_FACE ( 'NONE', ( #798 ), #1132, .F. ) ;
#1991 = ORIENTED_EDGE ( 'NONE', *, *, #390, .F. ) ;
#1992 = CIRCLE ( 'NONE', #2490, 1.500000000000000000 ) ;
#1993 = ORIENTED_EDGE ( 'NONE', *, *, #3768, .T. ) ;
#1994 = FACE_OUTER_BOUND ( 'NONE', #3535, .T. ) ;
#1995 = FACE_OUTER_BOUND ( 'NONE', #2958, .T. ) ;
#1996 = CARTESIAN_POINT ( 'NONE',  ( -1.085133175154092688, 0.000000000000000000, 1.035608995799089049 ) ) ;
#1997 = EDGE_CURVE ( 'NONE', #21, #1170, #1285, .T. ) ;
#1998 = DIRECTION ( 'NONE',  ( 0.000000000000000000, 0.000000000000000000, -1.000000000000000000 ) ) ;
#1999 = ORIENTED_EDGE ( 'NONE', *, *, #4316, .T. ) ;
#2000 = DIRECTION ( 'NONE',  ( 0.000000000000000000, -1.000000000000000000, 0.000000000000000000 ) ) ;
#2001 = PLANE ( 'NONE',  #1454 ) ;
#2002 = LINE ( 'NONE', #3767, #618 ) ;
#2003 = EDGE_CURVE ( 'NONE', #4346, #3953, #2896, .T. ) ;
#2004 = ADVANCED_FACE ( 'NONE', ( #3230 ), #524, .T. ) ;
#2005 = AXIS2_PLACEMENT_3D ( 'NONE', #734, #778, #710 ) ;
#2006 = CARTESIAN_POINT ( 'NONE',  ( 0.000000000000000000, 3.500000000000000000, 0.000000000000000000 ) ) ;
#2007 = ORIENTED_EDGE ( 'NONE', *, *, #534, .F. ) ;
#2008 = CARTESIAN_POINT ( 'NONE',  ( -1.320247276071112141, 3.499999999999999556, 0.7120021980489670277 ) ) ;
#2009 = VECTOR ( 'NONE', #3130, 1000.000000000000000 ) ;
#2010 = SHELL_BASED_SURFACE_MODEL ( 'NONE', ( #646, #1947 ) );
#2011 = VECTOR ( 'NONE', #4423, 1000.000000000000000 ) ;
#2012 = ORIENTED_EDGE ( 'NONE', *, *, #925, .F. ) ;
#2013 = FACE_OUTER_BOUND ( 'NONE', #3454, .T. ) ;
#2014 = VECTOR ( 'NONE', #4369, 1000.000000000000000 ) ;
#2015 = DIRECTION ( 'NONE',  ( -0.5664062369248178408, 0.000000000000000000, -0.8241261886220260235 ) ) ;
#2016 = AXIS2_PLACEMENT_3D ( 'NONE', #3662, #3573, #3718 ) ;
#2017 = ORIENTED_EDGE ( 'NONE', *, *, #67, .T. ) ;
#2018 = ORIENTED_EDGE ( 'NONE', *, *, #2524, .T. ) ;
#2019 = CIRCLE ( 'NONE', #65, 1.500000000000000000 ) ;
#2020 = DIRECTION ( 'NONE',  ( 0.5664062369248178408, 0.000000000000000000, -0.8241261886220260235 ) ) ;
#2021 = LINE ( 'NONE', #952, #3413 ) ;
#2022 = AXIS2_PLACEMENT_3D ( 'NONE', #3940, #4417, #3119 ) ;
#2023 = CARTESIAN_POINT ( 'NONE',  ( 0.6495980915056981386, 1.699999999999999956, 1.352043756508117145 ) ) ;
#2024 = ORIENTED_EDGE ( 'NONE', *, *, #3422, .F. ) ;
#2025 = FACE_OUTER_BOUND ( 'NONE', #4427, .T. ) ;
#2026 = EDGE_CURVE ( 'NONE', #4046, #1173, #1814, .T. ) ;
#2027 = CARTESIAN_POINT ( 'NONE',  ( 0.7120021980489670277, 2.500000000000000444, 1.320247276071112141 ) ) ;
#2028 = CARTESIAN_POINT ( 'NONE',  ( -1.486606874731847938, 2.500000000000000000, 0.2000000000000217437 ) ) ;
#2029 = CARTESIAN_POINT ( 'NONE',  ( -1.085133175154006535, 1.699999999999999956, 1.035608995799090160 ) ) ;
#2030 = ORIENTED_EDGE ( 'NONE', *, *, #963, .F. ) ;
#2031 = EDGE_CURVE ( 'NONE', #1268, #726, #2872, .T. ) ;
#2032 = DIRECTION ( 'NONE',  ( -0.9426414910921716572, 0.000000000000000000, 0.3338068592337900542 ) ) ;
#2033 = ORIENTED_EDGE ( 'NONE', *, *, #1531, .T. ) ;
#2034 = CARTESIAN_POINT ( 'NONE',  ( 0.2691754849876999978, 3.500000000000000000, 1.475650554258000291 ) ) ;
#2035 = CARTESIAN_POINT ( 'NONE',  ( -0.2691754849877407985, 2.500000000000000000, -1.475650554257941005 ) ) ;
#2036 = ORIENTED_EDGE ( 'NONE', *, *, #4024, .F. ) ;
#2037 = CARTESIAN_POINT ( 'NONE',  ( 1.469576158955995653E-16, 5.684341886080801487E-11, 1.199999999982992449 ) ) ;
#2038 = DIRECTION ( 'NONE',  ( -0.3338068592327084194, 0.000000000000000000, 0.9426414910925545732 ) ) ;
#2039 = FACE_OUTER_BOUND ( 'NONE', #2111, .T. ) ;
#2040 = APPLICATION_PROTOCOL_DEFINITION ( 'draft international standard', 'automotive_design', 1998, #122 ) ;
#2041 = CARTESIAN_POINT ( 'NONE',  ( 0.000000000000000000, 3.500000000000000000, 0.000000000000000000 ) ) ;
#2042 = ORIENTED_EDGE ( 'NONE', *, *, #1390, .F. ) ;
#2043 = LINE ( 'NONE', #1110, #414 ) ;
#2044 = DIRECTION ( 'NONE',  ( -0.5664062369248178408, 0.000000000000000000, -0.8241261886220260235 ) ) ;
#2045 = DIRECTION ( 'NONE',  ( -0.000000000000000000, 1.000000000000000000, 0.000000000000000000 ) ) ;
#2046 = VERTEX_POINT ( 'NONE', #2940 ) ;
#2047 = CARTESIAN_POINT ( 'NONE',  ( -1.267892888973727317, 0.000000000000000000, -0.4119633723412965964 ) ) ;
#2048 = ORIENTED_EDGE ( 'NONE', *, *, #297, .T. ) ;
#2049 = CARTESIAN_POINT ( 'NONE',  ( 0.000000000000000000, 0.000000000000000000, 0.000000000000000000 ) ) ;
#2050 = DIRECTION ( 'NONE',  ( 0.5664062369255852269, 0.000000000000000000, 0.8241261886214986676 ) ) ;
#2051 = VECTOR ( 'NONE', #1955, 1000.000000000000227 ) ;
#2052 = EDGE_CURVE ( 'NONE', #616, #1449, #4314, .T. ) ;
#2053 = VERTEX_POINT ( 'NONE', #214 ) ;
#2054 = AXIS2_PLACEMENT_3D ( 'NONE', #542, #1440, #738 ) ;
#2055 = PLANE ( 'NONE',  #1000 ) ;
#2056 = LINE ( 'NONE', #6, #1036 ) ;
#2057 = AXIS2_PLACEMENT_3D ( 'NONE', #2377, #2930, #4431 ) ;
#2058 = ORIENTED_EDGE ( 'NONE', *, *, #2517, .T. ) ;
#2059 = ORIENTED_EDGE ( 'NONE', *, *, #4087, .T. ) ;
#2060 = CARTESIAN_POINT ( 'NONE',  ( -0.6495980915057999461, 3.500000000000000000, 1.352043756507999905 ) ) ;
#2061 = VERTEX_POINT ( 'NONE', #547 ) ;
#2062 = DIRECTION ( 'NONE',  ( 0.000000000000000000, 0.000000000000000000, -1.000000000000000000 ) ) ;
#2063 = CARTESIAN_POINT ( 'NONE',  ( -1.085133175154000096, 0.8000000000000000444, 1.035608995799000009 ) ) ;
#2064 = DIRECTION ( 'NONE',  ( 0.000000000000000000, 0.000000000000000000, 1.000000000000000000 ) ) ;
#2065 = ORIENTED_EDGE ( 'NONE', *, *, #1445, .T. ) ;
#2066 = DIRECTION ( 'NONE',  ( 0.000000000000000000, -1.000000000000000000, 0.000000000000000000 ) ) ;
#2067 = VECTOR ( 'NONE', #2373, 1000.000000000000114 ) ;
#2068 = DIRECTION ( 'NONE',  ( -0.3338068592337899987, 0.000000000000000000, 0.9426414910921715462 ) ) ;
#2069 = ORIENTED_EDGE ( 'NONE', *, *, #1341, .F. ) ;
#2070 = DIRECTION ( 'NONE',  ( 0.000000000000000000, 1.000000000000000000, 0.000000000000000000 ) ) ;
#2071 = AXIS2_PLACEMENT_3D ( 'NONE', #2543, #3861, #419 ) ;
#2072 = CARTESIAN_POINT ( 'NONE',  ( -0.6495980915057287808, 1.699999999999999956, 1.352043756507945060 ) ) ;
#2073 = VECTOR ( 'NONE', #1181, 1000.000000000000114 ) ;
#2074 = ORIENTED_EDGE ( 'NONE', *, *, #1394, .F. ) ;
#2075 = AXIS2_PLACEMENT_3D ( 'NONE', #854, #4253, #1239 ) ;
#2076 = VECTOR ( 'NONE', #4409, 1000.000000000000000 ) ;
#2077 = FACE_OUTER_BOUND ( 'NONE', #4404, .T. ) ;
#2078 = EDGE_CURVE ( 'NONE', #760, #2996, #3438, .T. ) ;
#2079 = ADVANCED_FACE ( 'NONE', ( #1995 ), #2260, .T. ) ;
#2080 = VECTOR ( 'NONE', #3498, 1000.000000000000114 ) ;
#2081 = ORIENTED_EDGE ( 'NONE', *, *, #1031, .T. ) ;
#2082 = VERTEX_POINT ( 'NONE', #3361 ) ;
#2083 = EDGE_LOOP ( 'NONE', ( #3322, #2483, #1620, #2508 ) ) ;
#2084 = CARTESIAN_POINT ( 'NONE',  ( 0.7120021980490000013, 3.500000000000000000, 1.320247276071000231 ) ) ;
#2085 = LINE ( 'NONE', #2464, #2173 ) ;
#2086 = DIRECTION ( 'NONE',  ( -0.5664062369248178408, 0.000000000000000000, -0.8241261886220260235 ) ) ;
#2087 = ORIENTED_EDGE ( 'NONE', *, *, #3336, .F. ) ;
#2088 = DIRECTION ( 'NONE',  ( -0.9996573249755582591, 0.000000000000000000, 0.02617694830783522456 ) ) ;
#2089 = CYLINDRICAL_SURFACE ( 'NONE', #3611, 1.500000000000000000 ) ;
#2090 = ORIENTED_EDGE ( 'NONE', *, *, #511, .F. ) ;
#2091 = ORIENTED_EDGE ( 'NONE', *, *, #3400, .T. ) ;
#2092 = FACE_OUTER_BOUND ( 'NONE', #224, .T. ) ;
#2093 = LINE ( 'NONE', #4179, #3123 ) ;
#2094 = EDGE_LOOP ( 'NONE', ( #44, #60, #3139, #270 ) ) ;
#2095 = EDGE_CURVE ( 'NONE', #1219, #2383, #3661, .T. ) ;
#2096 = AXIS2_PLACEMENT_3D ( 'NONE', #803, #3097, #1892 ) ;
#2097 = CARTESIAN_POINT ( 'NONE',  ( -0.7836008994800000016, 0.000000000000000000, 1.078534110909000310 ) ) ;
#2098 = ORIENTED_EDGE ( 'NONE', *, *, #1589, .F. ) ;
#2099 = ORIENTED_EDGE ( 'NONE', *, *, #812, .T. ) ;
#2100 = EDGE_CURVE ( 'NONE', #3545, #2228, #3012, .T. ) ;
#2101 = EDGE_LOOP ( 'NONE', ( #864, #522, #3118, #4082 ) ) ;
#2102 = DIRECTION ( 'NONE',  ( 0.000000000000000000, 0.000000000000000000, 1.000000000000000000 ) ) ;
#2103 = FACE_OUTER_BOUND ( 'NONE', #1986, .T. ) ;
#2104 = DIRECTION ( 'NONE',  ( -0.3338068592327084194, 0.000000000000000000, -0.9426414910925545732 ) ) ;
#2105 = FACE_OUTER_BOUND ( 'NONE', #3925, .T. ) ;
#2106 = EDGE_CURVE ( 'NONE', #881, #3471, #1338, .T. ) ;
#2107 = EDGE_CURVE ( 'NONE', #101, #26, #3385, .T. ) ;
#2108 = VERTEX_POINT ( 'NONE', #3721 ) ;
#2109 = CARTESIAN_POINT ( 'NONE',  ( 1.224646799147353207E-16, 3.500000000000000000, -1.000000000000000000 ) ) ;
#2110 = CARTESIAN_POINT ( 'NONE',  ( 1.530808498934191571E-16, 1.699999999999999956, 1.250000000000000000 ) ) ;
#2111 = EDGE_LOOP ( 'NONE', ( #3153, #975, #4136, #4422 ) ) ;
#2112 = DIRECTION ( 'NONE',  ( -0.9588197348681742893, 0.000000000000000000, -0.2840153447039861501 ) ) ;
#2113 = LINE ( 'NONE', #761, #205 ) ;
#2114 = PLANE ( 'NONE',  #2704 ) ;
#2115 = FACE_BOUND ( 'NONE', #4356, .T. ) ;
#2116 = ORIENTED_EDGE ( 'NONE', *, *, #4218, .T. ) ;
#2117 = DIRECTION ( 'NONE',  ( 0.2840153447038999412, 0.000000000000000000, 0.9588197348681998244 ) ) ;
#2118 = DIRECTION ( 'NONE',  ( 0.000000000000000000, 1.000000000000000000, -0.000000000000000000 ) ) ;
#2119 = ORIENTED_EDGE ( 'NONE', *, *, #3768, .F. ) ;
#2120 = VECTOR ( 'NONE', #2963, 1000.000000000000000 ) ;
#2121 = ORIENTED_EDGE ( 'NONE', *, *, #1917, .F. ) ;
#2122 = ORIENTED_EDGE ( 'NONE', *, *, #1562, .T. ) ;
#2123 = CARTESIAN_POINT ( 'NONE',  ( 0.000000000000000000, 0.000000000000000000, 0.000000000000000000 ) ) ;
#2124 = DIRECTION ( 'NONE',  ( 0.000000000000000000, 1.000000000000000000, 0.000000000000000000 ) ) ;
#2125 = AXIS2_PLACEMENT_3D ( 'NONE', #926, #249, #1651 ) ;
#2126 = DIRECTION ( 'NONE',  ( -0.000000000000000000, 1.000000000000000000, -0.000000000000000000 ) ) ;
#2127 = CARTESIAN_POINT ( 'NONE',  ( -0.4119633723412000070, 1.699999999999999956, 1.267892888973999987 ) ) ;
#2128 = AXIS2_PLACEMENT_3D ( 'NONE', #1888, #3572, #1250 ) ;
#2129 = DIRECTION ( 'NONE',  ( 0.9426414910921716572, 0.000000000000000000, 0.3338068592337900542 ) ) ;
#2130 = ORIENTED_EDGE ( 'NONE', *, *, #4307, .T. ) ;
#2131 = DIRECTION ( 'NONE',  ( 0.000000000000000000, 0.000000000000000000, -1.000000000000000000 ) ) ;
#2132 = CARTESIAN_POINT ( 'NONE',  ( -1.078534110909000310, 0.000000000000000000, -0.7836008994800000016 ) ) ;
#2133 = EDGE_CURVE ( 'NONE', #1517, #3697, #634, .T. ) ;
#2134 = ADVANCED_FACE ( 'NONE', ( #302 ), #2690, .F. ) ;
#2135 = ORIENTED_EDGE ( 'NONE', *, *, #3372, .F. ) ;
#2136 = CARTESIAN_POINT ( 'NONE',  ( 1.267892888973999987, 3.500000000000000000, 0.4119633723412000070 ) ) ;
#2137 = DIRECTION ( 'NONE',  ( 0.000000000000000000, 0.000000000000000000, -1.000000000000000000 ) ) ;
#2138 = DIRECTION ( 'NONE',  ( 0.000000000000000000, -1.000000000000000000, -0.000000000000000000 ) ) ;
#2139 = CIRCLE ( 'NONE', #3138, 1.500000000000000000 ) ;
#2140 = VERTEX_POINT ( 'NONE', #2619 ) ;
#2141 = DIRECTION ( 'NONE',  ( -0.9588197348681997134, 0.000000000000000000, 0.2840153447038998857 ) ) ;
#2142 = AXIS2_PLACEMENT_3D ( 'NONE', #1791, #3785, #3810 ) ;
#2143 = CARTESIAN_POINT ( 'NONE',  ( 0.6495980915057649741, 0.000000000000000000, 1.352043756507927519 ) ) ;
#2144 = ORIENTED_EDGE ( 'NONE', *, *, #2841, .F. ) ;
#2145 = ORIENTED_EDGE ( 'NONE', *, *, #4277, .T. ) ;
#2146 = CIRCLE ( 'NONE', #3297, 1.500000000000000000 ) ;
#2147 = VERTEX_POINT ( 'NONE', #2329 ) ;
#2148 = CARTESIAN_POINT ( 'NONE',  ( 0.000000000000000000, 0.000000000000000000, 0.000000000000000000 ) ) ;
#2149 = CARTESIAN_POINT ( 'NONE',  ( 0.000000000000000000, 2.500000000000000000, 0.000000000000000000 ) ) ;
#2150 = FACE_OUTER_BOUND ( 'NONE', #4436, .T. ) ;
#2151 = AXIS2_PLACEMENT_3D ( 'NONE', #1231, #2919, #4290 ) ;
#2152 = EDGE_CURVE ( 'NONE', #3969, #2764, #1248, .T. ) ;
#2153 = ORIENTED_EDGE ( 'NONE', *, *, #20, .F. ) ;
#2154 = CARTESIAN_POINT ( 'NONE',  ( 0.000000000000000000, 0.8000000000000000444, 0.000000000000000000 ) ) ;
#2155 = DIRECTION ( 'NONE',  ( -0.02617694830786888513, 0.000000000000000000, 0.9996573249755574819 ) ) ;
#2156 = ORIENTED_EDGE ( 'NONE', *, *, #649, .F. ) ;
#2157 = EDGE_CURVE ( 'NONE', #4414, #1483, #133, .T. ) ;
#2158 = CARTESIAN_POINT ( 'NONE',  ( 1.836970198721029934E-16, 0.000000000000000000, 1.500000000000000000 ) ) ;
#2159 = CARTESIAN_POINT ( 'NONE',  ( 0.000000000000000000, 1.699999999999999956, 0.000000000000000000 ) ) ;
#2160 = LINE ( 'NONE', #3583, #1708 ) ;
#2161 = ORIENTED_EDGE ( 'NONE', *, *, #2910, .T. ) ;
#2162 = EDGE_CURVE ( 'NONE', #3186, #3098, #3027, .T. ) ;
#2163 = EDGE_CURVE ( 'NONE', #2571, #1634, #4011, .T. ) ;
#2164 = LINE ( 'NONE', #3223, #3632 ) ;
#2165 = DIRECTION ( 'NONE',  ( -0.3338068592337900542, 0.000000000000000000, -0.9426414910921716572 ) ) ;
#2166 = VERTEX_POINT ( 'NONE', #3700 ) ;
#2167 = ORIENTED_EDGE ( 'NONE', *, *, #969, .T. ) ;
#2168 = CIRCLE ( 'NONE', #1313, 1.500000000000000000 ) ;
#2169 = VERTEX_POINT ( 'NONE', #3970 ) ;
#2170 = DIRECTION ( 'NONE',  ( 0.000000000000000000, -1.000000000000000000, 0.000000000000000000 ) ) ;
#2171 = LINE ( 'NONE', #3614, #1840 ) ;
#2172 = CARTESIAN_POINT ( 'NONE',  ( -0.2691754849877316946, 3.500000000000000000, 1.475650554257890601 ) ) ;
#2173 = VECTOR ( 'NONE', #3156, 1000.000000000000000 ) ;
#2174 = ORIENTED_EDGE ( 'NONE', *, *, #4340, .F. ) ;
#2175 = CARTESIAN_POINT ( 'NONE',  ( 0.000000000000000000, 3.500000000000000000, 0.000000000000000000 ) ) ;
#2176 = DIRECTION ( 'NONE',  ( 0.2840153447038999412, 0.000000000000000000, 0.9588197348681998244 ) ) ;
#2177 = DIRECTION ( 'NONE',  ( 0.9588197348681998244, 0.000000000000000000, -0.2840153447038999412 ) ) ;
#2178 = EDGE_LOOP ( 'NONE', ( #39, #2058, #683, #1344 ) ) ;
#2179 = ORIENTED_EDGE ( 'NONE', *, *, #1080, .T. ) ;
#2180 = LINE ( 'NONE', #424, #4305 ) ;
#2181 = DIRECTION ( 'NONE',  ( -0.000000000000000000, 1.000000000000000000, -0.000000000000000000 ) ) ;
#2182 = ORIENTED_EDGE ( 'NONE', *, *, #658, .F. ) ;
#2183 = DIRECTION ( 'NONE',  ( 0.000000000000000000, -0.000000000000000000, -1.000000000000000000 ) ) ;
#2184 = DIRECTION ( 'NONE',  ( 0.000000000000000000, 1.000000000000000000, 0.000000000000000000 ) ) ;
#2185 = DIRECTION ( 'NONE',  ( -0.5664062369255852269, 0.000000000000000000, -0.8241261886214986676 ) ) ;
#2186 = EDGE_CURVE ( 'NONE', #4097, #4066, #4406, .T. ) ;
#2187 = PLANE ( 'NONE',  #2947 ) ;
#2188 = EDGE_CURVE ( 'NONE', #2108, #1663, #3659, .T. ) ;
#2189 = FILL_AREA_STYLE ('',( #816 ) ) ;
#2190 = VERTEX_POINT ( 'NONE', #2645 ) ;
#2191 = ORIENTED_EDGE ( 'NONE', *, *, #2460, .T. ) ;
#2192 = LINE ( 'NONE', #2216, #2073 ) ;
#2193 = LINE ( 'NONE', #478, #2387 ) ;
#2194 = LINE ( 'NONE', #2621, #2926 ) ;
#2195 = AXIS2_PLACEMENT_3D ( 'NONE', #169, #1544, #2917 ) ;
#2196 = DIRECTION ( 'NONE',  ( -0.6087614290092401292, 0.000000000000000000, 0.7933533402908364840 ) ) ;
#2197 = ORIENTED_EDGE ( 'NONE', *, *, #1831, .F. ) ;
#2198 = DIRECTION ( 'NONE',  ( 0.000000000000000000, 0.000000000000000000, -1.000000000000000000 ) ) ;
#2199 = VECTOR ( 'NONE', #1416, 1000.000000000000000 ) ;
#2200 = LINE ( 'NONE', #1914, #946 ) ;
#2201 = VECTOR ( 'NONE', #1408, 1000.000000000000000 ) ;
#2202 = ORIENTED_EDGE ( 'NONE', *, *, #4104, .T. ) ;
#2203 = ORIENTED_EDGE ( 'NONE', *, *, #3536, .T. ) ;
#2204 = DIRECTION ( 'NONE',  ( -0.000000000000000000, 1.000000000000000000, 0.000000000000000000 ) ) ;
#2205 = DIRECTION ( 'NONE',  ( -0.7933533402912321675, 0.000000000000000000, -0.6087614290087246527 ) ) ;
#2206 = ORIENTED_EDGE ( 'NONE', *, *, #3306, .F. ) ;
#2207 = CARTESIAN_POINT ( 'NONE',  ( -0.4119633723410999759, 1.699999999999999956, -1.267892888973943144 ) ) ;
#2208 = EDGE_CURVE ( 'NONE', #1541, #1642, #2585, .T. ) ;
#2209 = CARTESIAN_POINT ( 'NONE',  ( 0.7120021980490000013, 0.000000000000000000, 1.320247276071000231 ) ) ;
#2210 = AXIS2_PLACEMENT_3D ( 'NONE', #2458, #145, #745 ) ;
#2211 = EDGE_LOOP ( 'NONE', ( #805, #1801, #743, #1595 ) ) ;
#2212 = ORIENTED_EDGE ( 'NONE', *, *, #1925, .T. ) ;
#2213 = EDGE_CURVE ( 'NONE', #1604, #955, #255, .T. ) ;
#2214 = ORIENTED_EDGE ( 'NONE', *, *, #1805, .T. ) ;
#2215 = EDGE_CURVE ( 'NONE', #4372, #4234, #1298, .T. ) ;
#2216 = CARTESIAN_POINT ( 'NONE',  ( 0.7836008994800000016, 2.500000000000000888, -1.078534110909000310 ) ) ;
#2217 = CIRCLE ( 'NONE', #1502, 1.000000000000000000 ) ;
#2218 = LINE ( 'NONE', #3252, #2481 ) ;
#2219 = CARTESIAN_POINT ( 'NONE',  ( -0.7120021980490000013, 3.500000000000000000, -1.320247276071000231 ) ) ;
#2220 = AXIS2_PLACEMENT_3D ( 'NONE', #148, #3179, #4265 ) ;
#2221 = ORIENTED_EDGE ( 'NONE', *, *, #2681, .T. ) ;
#2222 = PLANE ( 'NONE',  #922 ) ;
#2223 = CIRCLE ( 'NONE', #2656, 1.500000000000000000 ) ;
#2224 = AXIS2_PLACEMENT_3D ( 'NONE', #1789, #3520, #1403 ) ;
#2225 = PLANE ( 'NONE',  #1527 ) ;
#2226 = EDGE_LOOP ( 'NONE', ( #3384, #3577, #1922, #3348 ) ) ;
#2227 = CIRCLE ( 'NONE', #1072, 1.250000000000000000 ) ;
#2228 = VERTEX_POINT ( 'NONE', #2814 ) ;
#2229 = DIRECTION ( 'NONE',  ( 0.000000000000000000, 0.000000000000000000, 1.000000000000000000 ) ) ;
#2230 = DIRECTION ( 'NONE',  ( 0.8241261886220260235, 0.000000000000000000, -0.5664062369248178408 ) ) ;
#2231 = VECTOR ( 'NONE', #1413, 1000.000000000000114 ) ;
#2232 = VERTEX_POINT ( 'NONE', #106 ) ;
#2233 = DIRECTION ( 'NONE',  ( -0.000000000000000000, -1.000000000000000000, -0.000000000000000000 ) ) ;
#2234 = DIRECTION ( 'NONE',  ( -0.8241261886214986676, 0.000000000000000000, 0.5664062369255852269 ) ) ;
#2235 = FACE_OUTER_BOUND ( 'NONE', #2312, .T. ) ;
#2236 = EDGE_CURVE ( 'NONE', #381, #162, #2389, .T. ) ;
#2237 = SURFACE_STYLE_USAGE ( .BOTH. , #863 ) ;
#2238 = ORIENTED_EDGE ( 'NONE', *, *, #969, .F. ) ;
#2239 = VERTEX_POINT ( 'NONE', #2496 ) ;
#2240 = DIRECTION ( 'NONE',  ( -0.000000000000000000, 1.000000000000000000, 0.000000000000000000 ) ) ;
#2241 = CARTESIAN_POINT ( 'NONE',  ( -0.4119633723412000070, 3.500000000000000000, -1.267892888973999987 ) ) ;
#2242 = CARTESIAN_POINT ( 'NONE',  ( -0.6495980915057999461, 0.8000000000000000444, -1.352043756507999905 ) ) ;
#2243 = DIRECTION ( 'NONE',  ( 0.000000000000000000, 0.000000000000000000, -1.000000000000000000 ) ) ;
#2244 = EDGE_CURVE ( 'NONE', #1634, #2985, #1439, .T. ) ;
#2245 = VERTEX_POINT ( 'NONE', #3741 ) ;
#2246 = CYLINDRICAL_SURFACE ( 'NONE', #3790, 1.500000000000000000 ) ;
#2247 = CARTESIAN_POINT ( 'NONE',  ( 0.4119633723410065507, 0.000000000000000000, 1.267892888973866983 ) ) ;
#2248 = VECTOR ( 'NONE', #154, 1000.000000000000114 ) ;
#2249 = EDGE_CURVE ( 'NONE', #274, #267, #3076, .T. ) ;
#2250 = ORIENTED_EDGE ( 'NONE', *, *, #2299, .F. ) ;
#2251 = ORIENTED_EDGE ( 'NONE', *, *, #2325, .T. ) ;
#2252 = DIRECTION ( 'NONE',  ( 0.000000000000000000, 1.000000000000000000, 0.000000000000000000 ) ) ;
#2253 = CARTESIAN_POINT ( 'NONE',  ( 0.000000000000000000, 0.000000000000000000, 0.000000000000000000 ) ) ;
#2254 = EDGE_LOOP ( 'NONE', ( #713, #3758, #3842, #3351 ) ) ;
#2255 = DIRECTION ( 'NONE',  ( 0.02617694830786888513, 0.000000000000000000, 0.9996573249755574819 ) ) ;
#2256 = CARTESIAN_POINT ( 'NONE',  ( -1.267892888973909171, 0.8000000000000000444, -0.4119633723412322035 ) ) ;
#2257 = LINE ( 'NONE', #1540, #2807 ) ;
#2258 = VERTEX_POINT ( 'NONE', #2136 ) ;
#2259 = EDGE_LOOP ( 'NONE', ( #448, #144, #2279, #2668 ) ) ;
#2260 = CYLINDRICAL_SURFACE ( 'NONE', #3938, 1.250000000000000000 ) ;
#2261 = EDGE_CURVE ( 'NONE', #585, #444, #1788, .T. ) ;
#2262 = DIRECTION ( 'NONE',  ( 0.9426414910921715462, 0.000000000000000000, 0.3338068592337899987 ) ) ;
#2263 = DIRECTION ( 'NONE',  ( 6.927791673660976812E-14, 0.000000000000000000, -1.000000000000000000 ) ) ;
#2264 = ORIENTED_EDGE ( 'NONE', *, *, #297, .F. ) ;
#2265 = DIRECTION ( 'NONE',  ( -0.5664062369248178408, 0.000000000000000000, 0.8241261886220260235 ) ) ;
#2266 = CARTESIAN_POINT ( 'NONE',  ( 1.486606874731863037, 1.699999999999999956, 0.1999999999999071132 ) ) ;
#2267 = VECTOR ( 'NONE', #3295, 1000.000000000000114 ) ;
#2268 = ORIENTED_EDGE ( 'NONE', *, *, #2711, .T. ) ;
#2269 = AXIS2_PLACEMENT_3D ( 'NONE', #3866, #447, #1482 ) ;
#2270 = EDGE_CURVE ( 'NONE', #301, #917, #1146, .T. ) ;
#2271 = CARTESIAN_POINT ( 'NONE',  ( 0.000000000000000000, 0.8000000000000000444, 0.000000000000000000 ) ) ;
#2272 = ADVANCED_FACE ( 'NONE', ( #1099 ), #2523, .T. ) ;
#2273 = AXIS2_PLACEMENT_3D ( 'NONE', #3888, #2230, #809 ) ;
#2274 = EDGE_LOOP ( 'NONE', ( #1528, #1810, #2616, #3165 ) ) ;
#2275 = FACE_OUTER_BOUND ( 'NONE', #4112, .T. ) ;
#2276 = AXIS2_PLACEMENT_3D ( 'NONE', #3924, #889, #460 ) ;
#2277 = CARTESIAN_POINT ( 'NONE',  ( 0.000000000000000000, 0.000000000000000000, 0.000000000000000000 ) ) ;
#2278 = LINE ( 'NONE', #543, #4311 ) ;
#2279 = ORIENTED_EDGE ( 'NONE', *, *, #2882, .T. ) ;
#2280 = EDGE_LOOP ( 'NONE', ( #2439, #1480, #1052, #1088 ) ) ;
#2281 = LINE ( 'NONE', #1952, #426 ) ;
#2282 = VERTEX_POINT ( 'NONE', #2158 ) ;
#2283 = DIRECTION ( 'NONE',  ( -0.000000000000000000, 1.000000000000000000, 0.000000000000000000 ) ) ;
#2284 = FACE_OUTER_BOUND ( 'NONE', #1964, .T. ) ;
#2285 = CIRCLE ( 'NONE', #4005, 1.500000000000000000 ) ;
#2286 = VECTOR ( 'NONE', #3503, 1000.000000000000227 ) ;
#2287 = CARTESIAN_POINT ( 'NONE',  ( 0.7120021980490203184, 2.500000000000000000, -1.320247276071177200 ) ) ;
#2288 = ORIENTED_EDGE ( 'NONE', *, *, #2236, .F. ) ;
#2289 = LINE ( 'NONE', #640, #4444 ) ;
#2290 = FACE_OUTER_BOUND ( 'NONE', #1247, .T. ) ;
#2291 = VERTEX_POINT ( 'NONE', #1696 ) ;
#2292 = ADVANCED_FACE ( 'NONE', ( #3508 ), #2837, .T. ) ;
#2293 = AXIS2_PLACEMENT_3D ( 'NONE', #4095, #3838, #446 ) ;
#2294 = ORIENTED_EDGE ( 'NONE', *, *, #3730, .F. ) ;
#2295 = CARTESIAN_POINT ( 'NONE',  ( 0.4119633723412000070, 0.000000000000000000, 1.267892888973999987 ) ) ;
#2296 = AXIS2_PLACEMENT_3D ( 'NONE', #2530, #3964, #2843 ) ;
#2297 = CIRCLE ( 'NONE', #711, 1.500000000000000000 ) ;
#2298 = ORIENTED_EDGE ( 'NONE', *, *, #1283, .T. ) ;
#2299 = EDGE_CURVE ( 'NONE', #4257, #34, #2180, .T. ) ;
#2300 = DIRECTION ( 'NONE',  ( 0.000000000000000000, -1.000000000000000000, -0.000000000000000000 ) ) ;
#2301 = FACE_OUTER_BOUND ( 'NONE', #359, .T. ) ;
#2302 = VECTOR ( 'NONE', #3419, 1000.000000000000000 ) ;
#2303 = EDGE_CURVE ( 'NONE', #222, #605, #3865, .T. ) ;
#2304 = EDGE_CURVE ( 'NONE', #3798, #2306, #3483, .T. ) ;
#2305 = VERTEX_POINT ( 'NONE', #3887 ) ;
#2306 = VERTEX_POINT ( 'NONE', #4178 ) ;
#2307 = LINE ( 'NONE', #3679, #4318 ) ;
#2308 = VERTEX_POINT ( 'NONE', #808 ) ;
#2309 = DIRECTION ( 'NONE',  ( 0.000000000000000000, 0.000000000000000000, -1.000000000000000000 ) ) ;
#2310 = LINE ( 'NONE', #4337, #2340 ) ;
#2311 = LINE ( 'NONE', #3343, #1942 ) ;
#2312 = EDGE_LOOP ( 'NONE', ( #1542, #2322, #3000, #841 ) ) ;
#2313 = DIRECTION ( 'NONE',  ( 8.881784197001252323E-16, 0.000000000000000000, -1.000000000000000000 ) ) ;
#2314 = DIRECTION ( 'NONE',  ( 0.02617694830786888166, 0.000000000000000000, -0.9996573249755573709 ) ) ;
#2315 = ORIENTED_EDGE ( 'NONE', *, *, #3023, .T. ) ;
#2316 = FACE_OUTER_BOUND ( 'NONE', #1458, .T. ) ;
#2317 = EDGE_LOOP ( 'NONE', ( #2087, #1660, #906, #1274 ) ) ;
#2318 = VECTOR ( 'NONE', #1212, 1000.000000000000114 ) ;
#2319 = CARTESIAN_POINT ( 'NONE',  ( -0.1999999999999171607, 2.500000000000000000, 1.486606874731936534 ) ) ;
#2320 = EDGE_CURVE ( 'NONE', #3098, #3798, #3142, .T. ) ;
#2321 = CIRCLE ( 'NONE', #2899, 1.500000000000000000 ) ;
#2322 = ORIENTED_EDGE ( 'NONE', *, *, #3094, .T. ) ;
#2323 = FACE_OUTER_BOUND ( 'NONE', #2659, .T. ) ;
#2324 = DIRECTION ( 'NONE',  ( 0.000000000000000000, -0.000000000000000000, -1.000000000000000000 ) ) ;
#2325 = EDGE_CURVE ( 'NONE', #3604, #2308, #2113, .T. ) ;
#2326 = LINE ( 'NONE', #3198, #1718 ) ;
#2327 = ORIENTED_EDGE ( 'NONE', *, *, #2524, .F. ) ;
#2328 = ORIENTED_EDGE ( 'NONE', *, *, #2628, .T. ) ;
#2329 = CARTESIAN_POINT ( 'NONE',  ( 0.7836008994800001126, 2.500000000000000888, -1.078534110908997423 ) ) ;
#2330 = DIRECTION ( 'NONE',  ( 0.000000000000000000, -1.000000000000000000, 0.000000000000000000 ) ) ;
#2331 = ADVANCED_FACE ( 'NONE', ( #3555 ), #401, .F. ) ;
#2332 = ADVANCED_FACE ( 'NONE', ( #3166 ), #83, .T. ) ;
#2333 = CARTESIAN_POINT ( 'NONE',  ( 1.085133175154000096, 2.500000000000000888, 1.035608995799000009 ) ) ;
#2334 = EDGE_LOOP ( 'NONE', ( #3451, #4239, #2359, #1759 ) ) ;
#2335 = LINE ( 'NONE', #4083, #2791 ) ;
#2336 = CARTESIAN_POINT ( 'NONE',  ( 0.7836008994800001126, 0.8000000000000002665, -1.078534110908997423 ) ) ;
#2337 = CYLINDRICAL_SURFACE ( 'NONE', #1769, 1.500000000000000000 ) ;
#2338 = ORIENTED_EDGE ( 'NONE', *, *, #3201, .T. ) ;
#2339 = LINE ( 'NONE', #1374, #804 ) ;
#2340 = VECTOR ( 'NONE', #3028, 1000.000000000000000 ) ;
#2341 = ORIENTED_EDGE ( 'NONE', *, *, #4278, .T. ) ;
#2342 = FACE_OUTER_BOUND ( 'NONE', #1898, .T. ) ;
#2343 = AXIS2_PLACEMENT_3D ( 'NONE', #2569, #84, #4275 ) ;
#2344 = CARTESIAN_POINT ( 'NONE',  ( 0.000000000000000000, 1.699999999999999956, 0.000000000000000000 ) ) ;
#2345 = LINE ( 'NONE', #1333, #2877 ) ;
#2346 = ORIENTED_EDGE ( 'NONE', *, *, #3260, .F. ) ;
#2347 = AXIS2_PLACEMENT_3D ( 'NONE', #3830, #2512, #3157 ) ;
#2348 = ORIENTED_EDGE ( 'NONE', *, *, #872, .T. ) ;
#2349 = LINE ( 'NONE', #2980, #140 ) ;
#2350 = DIRECTION ( 'NONE',  ( 0.000000000000000000, 1.000000000000000000, -0.000000000000000000 ) ) ;
#2351 = CARTESIAN_POINT ( 'NONE',  ( 0.4119633723412000070, 3.500000000000000000, 1.267892888973999987 ) ) ;
#2352 = EDGE_CURVE ( 'NONE', #650, #1351, #636, .T. ) ;
#2353 = DIRECTION ( 'NONE',  ( 0.000000000000000000, -1.000000000000000000, 0.000000000000000000 ) ) ;
#2354 = VERTEX_POINT ( 'NONE', #134 ) ;
#2355 = DIRECTION ( 'NONE',  ( 0.9426414910921715462, 0.000000000000000000, 0.3338068592337899987 ) ) ;
#2356 = DIRECTION ( 'NONE',  ( -0.000000000000000000, 1.000000000000000000, 0.000000000000000000 ) ) ;
#2357 = CARTESIAN_POINT ( 'NONE',  ( 1.352043756507944616, 0.8000000000000000444, 0.6495980915057291138 ) ) ;
#2358 = AXIS2_PLACEMENT_3D ( 'NONE', #1923, #4030, #3286 ) ;
#2359 = ORIENTED_EDGE ( 'NONE', *, *, #2213, .T. ) ;
#2360 = LINE ( 'NONE', #3734, #2894 ) ;
#2361 = VECTOR ( 'NONE', #2675, 1000.000000000000114 ) ;
#2362 = VECTOR ( 'NONE', #1778, 1000.000000000000114 ) ;
#2363 = EDGE_LOOP ( 'NONE', ( #2707, #983, #940, #1 ) ) ;
#2364 = CARTESIAN_POINT ( 'NONE',  ( -0.1999999999999802769, 0.000000000000000000, -1.486606874731853267 ) ) ;
#2365 = AXIS2_PLACEMENT_3D ( 'NONE', #3669, #555, #1215 ) ;
#2366 = LINE ( 'NONE', #335, #3487 ) ;
#2367 = VECTOR ( 'NONE', #1809, 1000.000000000000000 ) ;
#2368 = EDGE_LOOP ( 'NONE', ( #2182, #2007, #3750, #3269 ) ) ;
#2369 = VECTOR ( 'NONE', #930, 1000.000000000000000 ) ;
#2370 = DIRECTION ( 'NONE',  ( 0.000000000000000000, -1.000000000000000000, 0.000000000000000000 ) ) ;
#2371 = CARTESIAN_POINT ( 'NONE',  ( 0.7836008994800000016, 2.500000000000000888, 1.078534110909000310 ) ) ;
#2372 = EDGE_CURVE ( 'NONE', #450, #3647, #420, .T. ) ;
#2373 = DIRECTION ( 'NONE',  ( 0.9426414910925545732, 0.000000000000000000, -0.3338068592327084194 ) ) ;
#2374 = ORIENTED_EDGE ( 'NONE', *, *, #2304, .T. ) ;
#2375 = FACE_OUTER_BOUND ( 'NONE', #3170, .T. ) ;
#2376 = CARTESIAN_POINT ( 'NONE',  ( -0.6495980915057999461, 0.000000000000000000, 1.352043756507999905 ) ) ;
#2377 = CARTESIAN_POINT ( 'NONE',  ( -1.475650554258000291, 0.000000000000000000, 0.2691754849876999978 ) ) ;
#2378 = EDGE_CURVE ( 'NONE', #3945, #4455, #897, .T. ) ;
#2379 = ORIENTED_EDGE ( 'NONE', *, *, #2261, .T. ) ;
#2380 = LINE ( 'NONE', #1282, #856 ) ;
#2381 = EDGE_CURVE ( 'NONE', #769, #3983, #3795, .T. ) ;
#2382 = EDGE_CURVE ( 'NONE', #4346, #3631, #2547, .T. ) ;
#2383 = VERTEX_POINT ( 'NONE', #491 ) ;
#2384 = CARTESIAN_POINT ( 'NONE',  ( -1.085133175154000096, 0.000000000000000000, -1.035608995799000009 ) ) ;
#2385 = CIRCLE ( 'NONE', #732, 1.500000000000000000 ) ;
#2386 = FACE_OUTER_BOUND ( 'NONE', #2274, .T. ) ;
#2387 = VECTOR ( 'NONE', #1861, 1000.000000000000000 ) ;
#2388 = ORIENTED_EDGE ( 'NONE', *, *, #3042, .T. ) ;
#2389 = LINE ( 'NONE', #2471, #1939 ) ;
#2390 = DIRECTION ( 'NONE',  ( -0.02617694830786888513, 0.000000000000000000, -0.9996573249755574819 ) ) ;
#2391 = ORIENTED_EDGE ( 'NONE', *, *, #2822, .F. ) ;
#2392 = CARTESIAN_POINT ( 'NONE',  ( 0.000000000000000000, 0.000000000000000000, -1.250000000000000000 ) ) ;
#2393 = ORIENTED_EDGE ( 'NONE', *, *, #3372, .T. ) ;
#2394 = DIRECTION ( 'NONE',  ( 0.000000000000000000, 1.000000000000000000, 0.000000000000000000 ) ) ;
#2395 = DIRECTION ( 'NONE',  ( -0.6087614290087246527, 0.000000000000000000, -0.7933533402912321675 ) ) ;
#2396 = CARTESIAN_POINT ( 'NONE',  ( 0.2691754849878945088, 2.500000000000000000, -1.475650554257860847 ) ) ;
#2397 = ADVANCED_FACE ( 'NONE', ( #3579 ), #1875, .F. ) ;
#2398 = ORIENTED_EDGE ( 'NONE', *, *, #2717, .F. ) ;
#2399 = DIRECTION ( 'NONE',  ( -0.02617694830786888513, 0.000000000000000000, 0.9996573249755574819 ) ) ;
#2400 = DIRECTION ( 'NONE',  ( 0.2840153447038999412, 0.000000000000000000, -0.9588197348681998244 ) ) ;
#2401 = ORIENTED_EDGE ( 'NONE', *, *, #1193, .F. ) ;
#2402 = LINE ( 'NONE', #2034, #1300 ) ;
#2403 = EDGE_CURVE ( 'NONE', #46, #436, #2223, .T. ) ;
#2404 = EDGE_CURVE ( 'NONE', #1663, #1592, #1259, .T. ) ;
#2405 = DIRECTION ( 'NONE',  ( 0.9426414910921715462, 0.000000000000000000, 0.3338068592337899987 ) ) ;
#2406 = VECTOR ( 'NONE', #3823, 1000.000000000000114 ) ;
#2407 = ORIENTED_EDGE ( 'NONE', *, *, #318, .F. ) ;
#2408 = EDGE_CURVE ( 'NONE', #769, #2832, #514, .T. ) ;
#2409 = VECTOR ( 'NONE', #986, 1000.000000000000114 ) ;
#2410 = DIRECTION ( 'NONE',  ( 0.3338068592337900542, 0.000000000000000000, -0.9426414910921716572 ) ) ;
#2411 = CIRCLE ( 'NONE', #3420, 1.500000000000000000 ) ;
#2412 = VERTEX_POINT ( 'NONE', #3959 ) ;
#2413 = ORIENTED_EDGE ( 'NONE', *, *, #1340, .T. ) ;
#2414 = ORIENTED_EDGE ( 'NONE', *, *, #717, .T. ) ;
#2415 = CARTESIAN_POINT ( 'NONE',  ( -1.085133175154000096, 1.699999999999999956, 1.035608995799000009 ) ) ;
#2416 = PLANE ( 'NONE',  #4260 ) ;
#2417 = LINE ( 'NONE', #1043, #402 ) ;
#2418 = VERTEX_POINT ( 'NONE', #878 ) ;
#2419 = FACE_OUTER_BOUND ( 'NONE', #1270, .T. ) ;
#2420 = DIRECTION ( 'NONE',  ( 0.7933533402912321675, 0.000000000000000000, -0.6087614290087246527 ) ) ;
#2421 = CIRCLE ( 'NONE', #1711, 1.500000000000000000 ) ;
#2422 = ADVANCED_FACE ( 'NONE', ( #178 ), #3978, .F. ) ;
#2423 = AXIS2_PLACEMENT_3D ( 'NONE', #2597, #1287, #944 ) ;
#2424 = ORIENTED_EDGE ( 'NONE', *, *, #1091, .F. ) ;
#2425 = ORIENTED_EDGE ( 'NONE', *, *, #1638, .F. ) ;
#2426 = CARTESIAN_POINT ( 'NONE',  ( -1.475650554258000291, 0.8000000000000000444, -0.2691754849876999978 ) ) ;
#2427 = VECTOR ( 'NONE', #219, 1000.000000000000227 ) ;
#2428 = LINE ( 'NONE', #3820, #2409 ) ;
#2429 = VECTOR ( 'NONE', #1886, 1000.000000000000114 ) ;
#2430 = EDGE_CURVE ( 'NONE', #2953, #4172, #1507, .T. ) ;
#2431 = ORIENTED_EDGE ( 'NONE', *, *, #3377, .T. ) ;
#2432 = AXIS2_PLACEMENT_3D ( 'NONE', #535, #1576, #1171 ) ;
#2433 = MANIFOLD_SURFACE_SHAPE_REPRESENTATION ( 'DC11_A01_HORN_INSERT_1', ( #2010, #1703 ), #4364 ) ;
#2434 = VECTOR ( 'NONE', #3587, 1000.000000000000000 ) ;
#2435 = DIRECTION ( 'NONE',  ( 0.000000000000000000, 0.000000000000000000, -1.000000000000000000 ) ) ;
#2436 = EDGE_CURVE ( 'NONE', #3798, #2611, #2588, .T. ) ;
#2437 = EDGE_CURVE ( 'NONE', #4046, #2999, #1068, .T. ) ;
#2438 = AXIS2_PLACEMENT_3D ( 'NONE', #766, #3171, #4302 ) ;
#2439 = ORIENTED_EDGE ( 'NONE', *, *, #785, .F. ) ;
#2440 = ORIENTED_EDGE ( 'NONE', *, *, #4183, .T. ) ;
#2441 = EDGE_LOOP ( 'NONE', ( #355, #47, #4054, #1227 ) ) ;
#2442 = CARTESIAN_POINT ( 'NONE',  ( 0.000000000000000000, 3.500000000000000000, 0.000000000000000000 ) ) ;
#2443 = CARTESIAN_POINT ( 'NONE',  ( -0.7836008994800000016, 3.500000000000000000, -1.078534110909000310 ) ) ;
#2444 = DIRECTION ( 'NONE',  ( 0.000000000000000000, -1.000000000000000000, 0.000000000000000000 ) ) ;
#2445 = PLANE ( 'NONE',  #3016 ) ;
#2446 = EDGE_LOOP ( 'NONE', ( #2944, #1782, #1761, #2451 ) ) ;
#2447 = CARTESIAN_POINT ( 'NONE',  ( 1.267892888973999987, 3.500000000000000000, -0.4119633723412000070 ) ) ;
#2448 = DIRECTION ( 'NONE',  ( -0.000000000000000000, 1.000000000000000000, -0.000000000000000000 ) ) ;
#2449 = ORIENTED_EDGE ( 'NONE', *, *, #1724, .T. ) ;
#2450 = FACE_OUTER_BOUND ( 'NONE', #2363, .T. ) ;
#2451 = ORIENTED_EDGE ( 'NONE', *, *, #2967, .T. ) ;
#2452 = FACE_OUTER_BOUND ( 'NONE', #126, .T. ) ;
#2453 = ADVANCED_FACE ( 'NONE', ( #1532 ), #1190, .T. ) ;
#2454 = AXIS2_PLACEMENT_3D ( 'NONE', #2376, #1980, #1683 ) ;
#2455 = CARTESIAN_POINT ( 'NONE',  ( 0.4119633723412000070, 0.000000000000000000, 1.267892888973999987 ) ) ;
#2456 = ORIENTED_EDGE ( 'NONE', *, *, #1589, .T. ) ;
#2457 = EDGE_LOOP ( 'NONE', ( #300, #631, #1897, #4326 ) ) ;
#2458 = CARTESIAN_POINT ( 'NONE',  ( 0.000000000000000000, 0.000000000000000000, 1.333141477135999953 ) ) ;
#2459 = LINE ( 'NONE', #4119, #996 ) ;
#2460 = EDGE_CURVE ( 'NONE', #4377, #488, #1597, .T. ) ;
#2461 = ORIENTED_EDGE ( 'NONE', *, *, #1632, .T. ) ;
#2462 = EDGE_CURVE ( 'NONE', #2644, #3383, #3605, .T. ) ;
#2463 = DIRECTION ( 'NONE',  ( 0.02617694830783522456, 0.000000000000000000, -0.9996573249755582591 ) ) ;
#2464 = CARTESIAN_POINT ( 'NONE',  ( 1.352043756507999905, 0.000000000000000000, 0.6495980915057999461 ) ) ;
#2465 = DIRECTION ( 'NONE',  ( 0.000000000000000000, -1.000000000000000000, -0.000000000000000000 ) ) ;
#2466 = DIRECTION ( 'NONE',  ( 0.000000000000000000, 1.000000000000000000, -0.000000000000000000 ) ) ;
#2467 = VERTEX_POINT ( 'NONE', #3646 ) ;
#2468 = CARTESIAN_POINT ( 'NONE',  ( -1.333141477135999953, 3.500000000000000000, 0.000000000000000000 ) ) ;
#2469 = CARTESIAN_POINT ( 'NONE',  ( 1.078534110909000310, 1.699999999999999956, -0.7836008994800000016 ) ) ;
#2470 = ORIENTED_EDGE ( 'NONE', *, *, #258, .F. ) ;
#2471 = CARTESIAN_POINT ( 'NONE',  ( -1.475650554257899705, 0.000000000000000000, -0.2691754849876807354 ) ) ;
#2472 = CARTESIAN_POINT ( 'NONE',  ( -0.2691754849877315836, 1.699999999999999956, -1.475650554257890601 ) ) ;
#2473 = CARTESIAN_POINT ( 'NONE',  ( 0.000000000000000000, 2.500000000000000000, 0.000000000000000000 ) ) ;
#2474 = CARTESIAN_POINT ( 'NONE',  ( 0.000000000000000000, 1.699999999999999956, -1.250000000000000000 ) ) ;
#2475 = ORIENTED_EDGE ( 'NONE', *, *, #4333, .F. ) ;
#2476 = PLANE ( 'NONE',  #4008 ) ;
#2477 = DIRECTION ( 'NONE',  ( -0.000000000000000000, 1.000000000000000000, -0.000000000000000000 ) ) ;
#2478 = DIRECTION ( 'NONE',  ( -0.9426414910921715462, 0.000000000000000000, -0.3338068592337899987 ) ) ;
#2479 = EDGE_CURVE ( 'NONE', #3589, #3249, #2972, .T. ) ;
#2480 = ORIENTED_EDGE ( 'NONE', *, *, #530, .T. ) ;
#2481 = VECTOR ( 'NONE', #820, 1000.000000000000000 ) ;
#2482 = ORIENTED_EDGE ( 'NONE', *, *, #3892, .F. ) ;
#2483 = ORIENTED_EDGE ( 'NONE', *, *, #3860, .T. ) ;
#2484 = LINE ( 'NONE', #2781, #3141 ) ;
#2485 = CARTESIAN_POINT ( 'NONE',  ( -0.2000000000000000111, 3.500000000000000000, 1.486606874732000039 ) ) ;
#2486 = VECTOR ( 'NONE', #4201, 1000.000000000000000 ) ;
#2487 = CARTESIAN_POINT ( 'NONE',  ( -1.267892888973999987, 0.8000000000000000444, 0.4119633723412000070 ) ) ;
#2488 = LINE ( 'NONE', #4171, #1797 ) ;
#2489 = EDGE_CURVE ( 'NONE', #927, #670, #4383, .T. ) ;
#2490 = AXIS2_PLACEMENT_3D ( 'NONE', #4064, #2045, #2064 ) ;
#2491 = VERTEX_POINT ( 'NONE', #1962 ) ;
#2492 = CARTESIAN_POINT ( 'NONE',  ( 1.035608995799090160, 1.699999999999999956, 1.085133175154006535 ) ) ;
#2493 = LINE ( 'NONE', #2469, #1596 ) ;
#2494 = EDGE_CURVE ( 'NONE', #4378, #1642, #2952, .T. ) ;
#2495 = ORIENTED_EDGE ( 'NONE', *, *, #591, .F. ) ;
#2496 = CARTESIAN_POINT ( 'NONE',  ( 1.486606874731936534, 3.499999999999999556, 0.1999999999999170497 ) ) ;
#2497 = LINE ( 'NONE', #4255, #544 ) ;
#2498 = AXIS2_PLACEMENT_3D ( 'NONE', #1311, #3693, #602 ) ;
#2499 = DIRECTION ( 'NONE',  ( -0.000000000000000000, 1.000000000000000000, -0.000000000000000000 ) ) ;
#2500 = VECTOR ( 'NONE', #1731, 1000.000000000000114 ) ;
#2501 = ORIENTED_EDGE ( 'NONE', *, *, #2550, .F. ) ;
#2502 = DIRECTION ( 'NONE',  ( -0.9996573249755573709, 0.000000000000000000, -0.02617694830786888166 ) ) ;
#2503 = DIRECTION ( 'NONE',  ( -0.000000000000000000, -1.000000000000000000, -0.000000000000000000 ) ) ;
#2504 = CARTESIAN_POINT ( 'NONE',  ( -1.486606874731863037, 0.8000000000000000444, -0.1999999999999068634 ) ) ;
#2505 = ORIENTED_EDGE ( 'NONE', *, *, #3616, .T. ) ;
#2506 = VECTOR ( 'NONE', #819, 1000.000000000000000 ) ;
#2507 = FACE_OUTER_BOUND ( 'NONE', #1855, .T. ) ;
#2508 = ORIENTED_EDGE ( 'NONE', *, *, #2261, .F. ) ;
#2509 = DIRECTION ( 'NONE',  ( 0.9426414910921716572, 0.000000000000000000, -0.3338068592337900542 ) ) ;
#2510 = EDGE_CURVE ( 'NONE', #1603, #21, #2660, .T. ) ;
#2511 = CARTESIAN_POINT ( 'NONE',  ( 1.035608995799000009, 0.8000000000000000444, 1.085133175154000096 ) ) ;
#2512 = DIRECTION ( 'NONE',  ( -0.000000000000000000, 1.000000000000000000, -0.000000000000000000 ) ) ;
#2513 = CIRCLE ( 'NONE', #2589, 1.500000000000000000 ) ;
#2514 = AXIS2_PLACEMENT_3D ( 'NONE', #344, #3684, #1975 ) ;
#2515 = VERTEX_POINT ( 'NONE', #2319 ) ;
#2516 = CARTESIAN_POINT ( 'NONE',  ( -1.035608995799090382, 2.500000000000000444, 1.085133175154002760 ) ) ;
#2517 = EDGE_CURVE ( 'NONE', #2832, #2905, #1650, .T. ) ;
#2518 = FACE_OUTER_BOUND ( 'NONE', #1202, .T. ) ;
#2519 = VECTOR ( 'NONE', #884, 1000.000000000000114 ) ;
#2520 = FACE_OUTER_BOUND ( 'NONE', #1890, .T. ) ;
#2521 = VERTEX_POINT ( 'NONE', #1618 ) ;
#2522 = EDGE_CURVE ( 'NONE', #1977, #363, #1707, .T. ) ;
#2523 = CYLINDRICAL_SURFACE ( 'NONE', #3440, 1.500000000000000000 ) ;
#2524 = EDGE_CURVE ( 'NONE', #3186, #2544, #2380, .T. ) ;
#2525 = DIRECTION ( 'NONE',  ( 0.000000000000000000, 1.000000000000000000, 0.000000000000000000 ) ) ;
#2526 = ORIENTED_EDGE ( 'NONE', *, *, #2208, .T. ) ;
#2527 = DIRECTION ( 'NONE',  ( 0.000000000000000000, -1.000000000000000000, 0.000000000000000000 ) ) ;
#2528 = CARTESIAN_POINT ( 'NONE',  ( -1.035608995799130572, 2.500000000000000000, -1.085133175154052942 ) ) ;
#2529 = LINE ( 'NONE', #1808, #1695 ) ;
#2530 = CARTESIAN_POINT ( 'NONE',  ( 0.000000000000000000, 0.000000000000000000, 0.000000000000000000 ) ) ;
#2531 = CARTESIAN_POINT ( 'NONE',  ( -1.475650554257890601, 1.699999999999999956, -0.2691754849877313061 ) ) ;
#2532 = ORIENTED_EDGE ( 'NONE', *, *, #1051, .F. ) ;
#2533 = VECTOR ( 'NONE', #4249, 1000.000000000000000 ) ;
#2534 = ORIENTED_EDGE ( 'NONE', *, *, #1895, .T. ) ;
#2535 = DIRECTION ( 'NONE',  ( 0.000000000000000000, -1.000000000000000000, 0.000000000000000000 ) ) ;
#2536 = CARTESIAN_POINT ( 'NONE',  ( 1.486606874732000039, 3.500000000000000000, 0.2000000000000000111 ) ) ;
#2537 = CARTESIAN_POINT ( 'NONE',  ( 0.6495980915057650851, 0.000000000000000000, -1.352043756507927519 ) ) ;
#2538 = AXIS2_PLACEMENT_3D ( 'NONE', #4102, #1021, #2395 ) ;
#2539 = FACE_OUTER_BOUND ( 'NONE', #3129, .T. ) ;
#2540 = ORIENTED_EDGE ( 'NONE', *, *, #3779, .T. ) ;
#2541 = FACE_OUTER_BOUND ( 'NONE', #117, .T. ) ;
#2542 = DIRECTION ( 'NONE',  ( -0.7933533402912321675, 0.000000000000000000, 0.6087614290087246527 ) ) ;
#2543 = CARTESIAN_POINT ( 'NONE',  ( 0.000000000000000000, 0.000000000000000000, 0.000000000000000000 ) ) ;
#2544 = VERTEX_POINT ( 'NONE', #941 ) ;
#2545 = EDGE_CURVE ( 'NONE', #3600, #3744, #3691, .T. ) ;
#2546 = ORIENTED_EDGE ( 'NONE', *, *, #895, .F. ) ;
#2547 = LINE ( 'NONE', #2295, #59 ) ;
#2548 = PLANE ( 'NONE',  #3490 ) ;
#2549 = ORIENTED_EDGE ( 'NONE', *, *, #4441, .F. ) ;
#2550 = EDGE_CURVE ( 'NONE', #1509, #1180, #600, .T. ) ;
#2551 = EDGE_CURVE ( 'NONE', #2108, #3213, #2339, .T. ) ;
#2552 = CARTESIAN_POINT ( 'NONE',  ( 1.486606874731863037, 3.500000000000000000, -0.1999999999999072242 ) ) ;
#2553 = LINE ( 'NONE', #2574, #108 ) ;
#2554 = CARTESIAN_POINT ( 'NONE',  ( 1.486606874731936534, 2.500000000000000000, 0.1999999999999171607 ) ) ;
#2555 = EDGE_CURVE ( 'NONE', #4455, #2190, #1013, .T. ) ;
#2556 = CARTESIAN_POINT ( 'NONE',  ( 0.000000000000000000, 1.699999999999999956, 0.000000000000000000 ) ) ;
#2557 = ORIENTED_EDGE ( 'NONE', *, *, #30, .T. ) ;
#2558 = ORIENTED_EDGE ( 'NONE', *, *, #3060, .T. ) ;
#2559 = DIRECTION ( 'NONE',  ( 0.000000000000000000, 1.000000000000000000, 0.000000000000000000 ) ) ;
#2560 = DIRECTION ( 'NONE',  ( 0.000000000000000000, -1.000000000000000000, 0.000000000000000000 ) ) ;
#2561 = AXIS2_PLACEMENT_3D ( 'NONE', #862, #3266, #2502 ) ;
#2562 = ORIENTED_EDGE ( 'NONE', *, *, #2031, .T. ) ;
#2563 = LINE ( 'NONE', #3031, #3653 ) ;
#2564 = DIRECTION ( 'NONE',  ( 0.7933533402912321675, 0.000000000000000000, -0.6087614290087246527 ) ) ;
#2565 = CIRCLE ( 'NONE', #2347, 1.500000000000000000 ) ;
#2566 = ORIENTED_EDGE ( 'NONE', *, *, #1764, .F. ) ;
#2567 = ORIENTED_EDGE ( 'NONE', *, *, #1283, .F. ) ;
#2568 = DIRECTION ( 'NONE',  ( 0.9996573249755582591, 0.000000000000000000, -0.02617694830783522456 ) ) ;
#2569 = CARTESIAN_POINT ( 'NONE',  ( 0.000000000000000000, 0.8000000000000000444, 0.000000000000000000 ) ) ;
#2570 = ADVANCED_FACE ( 'NONE', ( #685 ), #1027, .F. ) ;
#2571 = VERTEX_POINT ( 'NONE', #3352 ) ;
#2572 = AXIS2_PLACEMENT_3D ( 'NONE', #271, #3022, #3331 ) ;
#2573 = DIRECTION ( 'NONE',  ( -0.9588197348681742893, 0.000000000000000000, -0.2840153447039861501 ) ) ;
#2574 = CARTESIAN_POINT ( 'NONE',  ( 1.475650554258000291, 0.8000000000000000444, 0.2691754849876999978 ) ) ;
#2575 = EDGE_CURVE ( 'NONE', #881, #4115, #312, .T. ) ;
#2576 = VECTOR ( 'NONE', #2809, 1000.000000000000114 ) ;
#2577 = DIRECTION ( 'NONE',  ( -0.000000000000000000, -1.000000000000000000, -0.000000000000000000 ) ) ;
#2578 = VERTEX_POINT ( 'NONE', #246 ) ;
#2579 = ORIENTED_EDGE ( 'NONE', *, *, #2320, .T. ) ;
#2580 = DIRECTION ( 'NONE',  ( 0.7933533402912321675, 0.000000000000000000, 0.6087614290087246527 ) ) ;
#2581 = VECTOR ( 'NONE', #1743, 1000.000000000000114 ) ;
#2582 = DIRECTION ( 'NONE',  ( -0.9996573249755582591, 0.000000000000000000, -0.02617694830783522456 ) ) ;
#2583 = EDGE_CURVE ( 'NONE', #1268, #1188, #1687, .T. ) ;
#2584 = CYLINDRICAL_SURFACE ( 'NONE', #3445, 1.500000000000000000 ) ;
#2585 = CIRCLE ( 'NONE', #632, 1.250000000000000000 ) ;
#2586 = ORIENTED_EDGE ( 'NONE', *, *, #1488, .T. ) ;
#2587 = LINE ( 'NONE', #4220, #1208 ) ;
#2588 = CIRCLE ( 'NONE', #4016, 1.500000000000000000 ) ;
#2589 = AXIS2_PLACEMENT_3D ( 'NONE', #1602, #1293, #4403 ) ;
#2590 = CARTESIAN_POINT ( 'NONE',  ( 0.2000000000000000111, 1.699999999999999956, 1.486606874732000039 ) ) ;
#2591 = ORIENTED_EDGE ( 'NONE', *, *, #2100, .F. ) ;
#2592 = AXIS2_PLACEMENT_3D ( 'NONE', #1657, #2689, #3488 ) ;
#2593 = CARTESIAN_POINT ( 'NONE',  ( 1.486606874731853267, 0.000000000000000000, 0.1999999999999801381 ) ) ;
#2594 = FACE_OUTER_BOUND ( 'NONE', #1129, .T. ) ;
#2595 = AXIS2_PLACEMENT_3D ( 'NONE', #356, #667, #2727 ) ;
#2596 = ORIENTED_EDGE ( 'NONE', *, *, #2522, .T. ) ;
#2597 = CARTESIAN_POINT ( 'NONE',  ( 0.000000000000000000, 0.000000000000000000, 0.000000000000000000 ) ) ;
#2598 = EDGE_CURVE ( 'NONE', #605, #3436, #3019, .T. ) ;
#2599 = CARTESIAN_POINT ( 'NONE',  ( 3.324886662288880475E-14, 2.500000000000000000, 1.333141477136043029 ) ) ;
#2600 = LINE ( 'NONE', #3543, #3876 ) ;
#2601 = ORIENTED_EDGE ( 'NONE', *, *, #3023, .F. ) ;
#2602 = ORIENTED_EDGE ( 'NONE', *, *, #2188, .F. ) ;
#2603 = DIRECTION ( 'NONE',  ( -0.3338068592337899987, 0.000000000000000000, -0.9426414910921715462 ) ) ;
#2604 = DIRECTION ( 'NONE',  ( 0.3338068592337899987, 0.000000000000000000, -0.9426414910921715462 ) ) ;
#2605 = EDGE_CURVE ( 'NONE', #3121, #4141, #2680, .T. ) ;
#2606 = ADVANCED_FACE ( 'NONE', ( #1328 ), #960, .F. ) ;
#2607 = EDGE_LOOP ( 'NONE', ( #3663, #4107, #2601, #2135 ) ) ;
#2608 = DIRECTION ( 'NONE',  ( -0.000000000000000000, -1.000000000000000000, 0.000000000000000000 ) ) ;
#2609 = DIRECTION ( 'NONE',  ( 0.000000000000000000, 0.000000000000000000, -1.000000000000000000 ) ) ;
#2610 = VECTOR ( 'NONE', #1350, 1000.000000000000000 ) ;
#2611 = VERTEX_POINT ( 'NONE', #2008 ) ;
#2612 = DIRECTION ( 'NONE',  ( 0.000000000000000000, 0.000000000000000000, -1.000000000000000000 ) ) ;
#2613 = ORIENTED_EDGE ( 'NONE', *, *, #4160, .T. ) ;
#2614 = CARTESIAN_POINT ( 'NONE',  ( 0.2691754849876999978, 1.699999999999999956, -1.475650554258000291 ) ) ;
#2615 = FACE_OUTER_BOUND ( 'NONE', #3025, .T. ) ;
#2616 = ORIENTED_EDGE ( 'NONE', *, *, #2270, .F. ) ;
#2617 = EDGE_LOOP ( 'NONE', ( #877, #1233, #3446, #3973 ) ) ;
#2618 = ORIENTED_EDGE ( 'NONE', *, *, #1031, .F. ) ;
#2619 = CARTESIAN_POINT ( 'NONE',  ( -0.4119633723412322035, 0.8000000000000000444, 1.267892888973909171 ) ) ;
#2620 = LINE ( 'NONE', #1588, #2120 ) ;
#2621 = CARTESIAN_POINT ( 'NONE',  ( 1.267892888973999987, 3.500000000000000000, 0.4119633723412000070 ) ) ;
#2622 = EDGE_CURVE ( 'NONE', #1400, #1509, #2385, .T. ) ;
#2623 = DIRECTION ( 'NONE',  ( 0.000000000000000000, 1.000000000000000000, 0.000000000000000000 ) ) ;
#2624 = ORIENTED_EDGE ( 'NONE', *, *, #4225, .F. ) ;
#2625 = CARTESIAN_POINT ( 'NONE',  ( -0.6495980915057033567, 0.000000000000000000, -1.352043756508272576 ) ) ;
#2626 = LINE ( 'NONE', #894, #3172 ) ;
#2627 = VECTOR ( 'NONE', #4077, 1000.000000000000227 ) ;
#2628 = EDGE_CURVE ( 'NONE', #408, #2832, #4415, .T. ) ;
#2629 = ORIENTED_EDGE ( 'NONE', *, *, #3995, .F. ) ;
#2630 = VECTOR ( 'NONE', #4050, 1000.000000000000000 ) ;
#2631 = ORIENTED_EDGE ( 'NONE', *, *, #2133, .F. ) ;
#2632 = CARTESIAN_POINT ( 'NONE',  ( 0.000000000000000000, 3.500000000000000000, -1.333141477135999953 ) ) ;
#2633 = EDGE_CURVE ( 'NONE', #2905, #1058, #2360, .T. ) ;
#2634 = EDGE_CURVE ( 'NONE', #1286, #2953, #2724, .T. ) ;
#2635 = CIRCLE ( 'NONE', #3847, 1.500000000000000000 ) ;
#2636 = ORIENTED_EDGE ( 'NONE', *, *, #397, .T. ) ;
#2637 = DIRECTION ( 'NONE',  ( -0.3338068592337899987, 0.000000000000000000, 0.9426414910921715462 ) ) ;
#2638 = CARTESIAN_POINT ( 'NONE',  ( 1.475650554257890601, 1.699999999999999956, -0.2691754849877318057 ) ) ;
#2639 = CARTESIAN_POINT ( 'NONE',  ( 1.267892888973999987, 1.699999999999999956, 0.4119633723412000070 ) ) ;
#2640 = LINE ( 'NONE', #583, #784 ) ;
#2641 = VERTEX_POINT ( 'NONE', #418 ) ;
#2642 = ORIENTED_EDGE ( 'NONE', *, *, #1080, .F. ) ;
#2643 = CARTESIAN_POINT ( 'NONE',  ( -1.352043756507999905, 0.000000000000000000, -0.6495980915057999461 ) ) ;
#2644 = VERTEX_POINT ( 'NONE', #4128 ) ;
#2645 = CARTESIAN_POINT ( 'NONE',  ( 1.085133175154006535, 1.699999999999999956, -1.035608995799090160 ) ) ;
#2646 = DIRECTION ( 'NONE',  ( -1.953992523340275511E-14, 0.000000000000000000, -1.000000000000000000 ) ) ;
#2647 = VECTOR ( 'NONE', #1850, 1000.000000000000114 ) ;
#2648 = VECTOR ( 'NONE', #2066, 1000.000000000000000 ) ;
#2649 = LINE ( 'NONE', #2673, #3943 ) ;
#2650 = EDGE_CURVE ( 'NONE', #2796, #2166, #3502, .T. ) ;
#2651 = ORIENTED_EDGE ( 'NONE', *, *, #3195, .T. ) ;
#2652 = CARTESIAN_POINT ( 'NONE',  ( -1.475650554257899705, 0.000000000000000000, 0.2691754849876812905 ) ) ;
#2653 = DIRECTION ( 'NONE',  ( 0.000000000000000000, -1.000000000000000000, 0.000000000000000000 ) ) ;
#2654 = VECTOR ( 'NONE', #951, 1000.000000000000000 ) ;
#2655 = ORIENTED_EDGE ( 'NONE', *, *, #474, .T. ) ;
#2656 = AXIS2_PLACEMENT_3D ( 'NONE', #2271, #3931, #2612 ) ;
#2657 = EDGE_CURVE ( 'NONE', #4013, #923, #3185, .T. ) ;
#2658 = CIRCLE ( 'NONE', #1870, 1.000000000000000000 ) ;
#2659 = EDGE_LOOP ( 'NONE', ( #2407, #409, #1201, #553 ) ) ;
#2660 = LINE ( 'NONE', #4027, #3590 ) ;
#2661 = VECTOR ( 'NONE', #4385, 1000.000000000000000 ) ;
#2662 = EDGE_LOOP ( 'NONE', ( #1163, #1241, #692, #2978 ) ) ;
#2663 = DIRECTION ( 'NONE',  ( -0.7933533402912321675, 0.000000000000000000, 0.6087614290087246527 ) ) ;
#2664 = ADVANCED_FACE ( 'NONE', ( #4153 ), #2810, .F. ) ;
#2665 = DIRECTION ( 'NONE',  ( 0.000000000000000000, -1.000000000000000000, 0.000000000000000000 ) ) ;
#2666 = LINE ( 'NONE', #1434, #929 ) ;
#2667 = CYLINDRICAL_SURFACE ( 'NONE', #3149, 1.500000000000000000 ) ;
#2668 = ORIENTED_EDGE ( 'NONE', *, *, #2650, .T. ) ;
#2669 = ORIENTED_EDGE ( 'NONE', *, *, #1226, .T. ) ;
#2670 = CARTESIAN_POINT ( 'NONE',  ( 1.035608995799000009, 3.500000000000000000, -1.085133175154000096 ) ) ;
#2671 = CARTESIAN_POINT ( 'NONE',  ( -0.7836008994800000016, 0.000000000000000000, 1.078534110909000310 ) ) ;
#2672 = DIRECTION ( 'NONE',  ( -0.9588197348681997134, 0.000000000000000000, 0.2840153447038998857 ) ) ;
#2673 = CARTESIAN_POINT ( 'NONE',  ( 1.078534110909000310, 0.000000000000000000, 0.7836008994800000016 ) ) ;
#2674 = EDGE_LOOP ( 'NONE', ( #1280, #275, #1613, #709 ) ) ;
#2675 = DIRECTION ( 'NONE',  ( -0.2840153447038998857, 0.000000000000000000, -0.9588197348681997134 ) ) ;
#2676 = FACE_OUTER_BOUND ( 'NONE', #2993, .T. ) ;
#2677 = DIRECTION ( 'NONE',  ( -0.5664062369248178408, 0.000000000000000000, -0.8241261886220260235 ) ) ;
#2678 = ORIENTED_EDGE ( 'NONE', *, *, #1288, .T. ) ;
#2679 = CIRCLE ( 'NONE', #1166, 1.250000000000000000 ) ;
#2680 = LINE ( 'NONE', #3713, #230 ) ;
#2681 = EDGE_CURVE ( 'NONE', #2491, #2166, #3136, .T. ) ;
#2682 = AXIS2_PLACEMENT_3D ( 'NONE', #4084, #1665, #3032 ) ;
#2683 = ORIENTED_EDGE ( 'NONE', *, *, #3599, .F. ) ;
#2684 = CARTESIAN_POINT ( 'NONE',  ( 1.475650554257890601, 0.8000000000000000444, -0.2691754849877318057 ) ) ;
#2685 = DIRECTION ( 'NONE',  ( -0.9426414910921716572, 0.000000000000000000, 0.3338068592337900542 ) ) ;
#2686 = ADVANCED_FACE ( 'NONE', ( #1773 ), #1393, .F. ) ;
#2687 = EDGE_LOOP ( 'NONE', ( #3275, #3667, #2971, #3837 ) ) ;
#2688 = VERTEX_POINT ( 'NONE', #781 ) ;
#2689 = DIRECTION ( 'NONE',  ( -0.9588197348681998244, 0.000000000000000000, 0.2840153447038999412 ) ) ;
#2690 = PLANE ( 'NONE',  #2793 ) ;
#2691 = CARTESIAN_POINT ( 'NONE',  ( -1.486606874731936534, 3.499999999999999556, -0.1999999999999170497 ) ) ;
#2692 = EDGE_CURVE ( 'NONE', #4188, #2544, #1380, .T. ) ;
#2693 = ORIENTED_EDGE ( 'NONE', *, *, #177, .F. ) ;
#2694 = LINE ( 'NONE', #3702, #2661 ) ;
#2695 = ORIENTED_EDGE ( 'NONE', *, *, #3826, .F. ) ;
#2696 = DIRECTION ( 'NONE',  ( -0.000000000000000000, 1.000000000000000000, -0.000000000000000000 ) ) ;
#2697 = CARTESIAN_POINT ( 'NONE',  ( -0.1999999999999669820, 0.8000000000000000444, -1.486606874731871697 ) ) ;
#2698 = DIRECTION ( 'NONE',  ( -0.000000000000000000, -1.000000000000000000, 0.000000000000000000 ) ) ;
#2699 = ORIENTED_EDGE ( 'NONE', *, *, #2628, .F. ) ;
#2700 = DIRECTION ( 'NONE',  ( 0.6087614290092401292, 0.000000000000000000, 0.7933533402908364840 ) ) ;
#2701 = VECTOR ( 'NONE', #3125, 1000.000000000000000 ) ;
#2702 = VERTEX_POINT ( 'NONE', #2110 ) ;
#2703 = FACE_OUTER_BOUND ( 'NONE', #2094, .T. ) ;
#2704 = AXIS2_PLACEMENT_3D ( 'NONE', #4439, #3421, #689 ) ;
#2705 = FACE_OUTER_BOUND ( 'NONE', #3264, .T. ) ;
#2706 = CARTESIAN_POINT ( 'NONE',  ( -0.2691754849877409095, 3.499999999999999556, -1.475650554257941005 ) ) ;
#2707 = ORIENTED_EDGE ( 'NONE', *, *, #554, .F. ) ;
#2708 = AXIS2_PLACEMENT_3D ( 'NONE', #1183, #3253, #1545 ) ;
#2709 = ORIENTED_EDGE ( 'NONE', *, *, #3812, .T. ) ;
#2710 = DIRECTION ( 'NONE',  ( -0.9588197348681742893, 0.000000000000000000, 0.2840153447039861501 ) ) ;
#2711 = EDGE_CURVE ( 'NONE', #10, #4292, #19, .T. ) ;
#2712 = DIRECTION ( 'NONE',  ( 0.000000000000000000, -1.000000000000000000, 0.000000000000000000 ) ) ;
#2713 = LINE ( 'NONE', #256, #2627 ) ;
#2714 = PLANE ( 'NONE',  #2224 ) ;
#2715 = EDGE_CURVE ( 'NONE', #469, #2802, #304, .T. ) ;
#2716 = ORIENTED_EDGE ( 'NONE', *, *, #2437, .T. ) ;
#2717 = EDGE_CURVE ( 'NONE', #2802, #3647, #394, .T. ) ;
#2718 = LINE ( 'NONE', #660, #2427 ) ;
#2719 = FACE_OUTER_BOUND ( 'NONE', #2441, .T. ) ;
#2720 = LINE ( 'NONE', #4045, #2776 ) ;
#2721 = VECTOR ( 'NONE', #2879, 1000.000000000000000 ) ;
#2722 = DIRECTION ( 'NONE',  ( -0.000000000000000000, 1.000000000000000000, 0.000000000000000000 ) ) ;
#2723 = ORIENTED_EDGE ( 'NONE', *, *, #118, .F. ) ;
#2724 = LINE ( 'NONE', #3396, #443 ) ;
#2725 = VECTOR ( 'NONE', #1040, 1000.000000000000000 ) ;
#2726 = VERTEX_POINT ( 'NONE', #756 ) ;
#2727 = DIRECTION ( 'NONE',  ( 0.9426414910921715462, 0.000000000000000000, -0.3338068592337899987 ) ) ;
#2728 = DIRECTION ( 'NONE',  ( 0.6087614290087246527, 0.000000000000000000, -0.7933533402912321675 ) ) ;
#2729 = EDGE_CURVE ( 'NONE', #450, #469, #2859, .T. ) ;
#2730 = ORIENTED_EDGE ( 'NONE', *, *, #498, .T. ) ;
#2731 = DIRECTION ( 'NONE',  ( 0.2840153447038998857, 0.000000000000000000, -0.9588197348681997134 ) ) ;
#2732 = FACE_OUTER_BOUND ( 'NONE', #2317, .T. ) ;
#2733 = ADVANCED_FACE ( 'NONE', ( #1119 ), #2089, .T. ) ;
#2734 = ORIENTED_EDGE ( 'NONE', *, *, #2236, .T. ) ;
#2735 = CARTESIAN_POINT ( 'NONE',  ( -0.1999999999999068911, 0.8000000000000000444, 1.486606874731863037 ) ) ;
#2736 = ORIENTED_EDGE ( 'NONE', *, *, #4277, .F. ) ;
#2737 = FACE_OUTER_BOUND ( 'NONE', #1929, .T. ) ;
#2738 = LINE ( 'NONE', #916, #1383 ) ;
#2739 = DIRECTION ( 'NONE',  ( 0.000000000000000000, 0.000000000000000000, -1.000000000000000000 ) ) ;
#2740 = ADVANCED_FACE ( 'NONE', ( #3816 ), #1433, .T. ) ;
#2741 = EDGE_CURVE ( 'NONE', #3106, #2764, #2493, .T. ) ;
#2742 = EDGE_LOOP ( 'NONE', ( #1563, #3428, #3043, #4396 ) ) ;
#2743 = LINE ( 'NONE', #441, #2500 ) ;
#2744 = DIRECTION ( 'NONE',  ( -0.000000000000000000, -1.000000000000000000, -0.000000000000000000 ) ) ;
#2745 = CARTESIAN_POINT ( 'NONE',  ( 0.000000000000000000, 2.500000000000000000, 0.000000000000000000 ) ) ;
#2746 = EDGE_LOOP ( 'NONE', ( #109, #2197, #1584, #920 ) ) ;
#2747 = DIRECTION ( 'NONE',  ( 0.7933533402912321675, 0.000000000000000000, -0.6087614290087246527 ) ) ;
#2748 = VECTOR ( 'NONE', #2786, 1000.000000000000000 ) ;
#2749 = PLANE ( 'NONE',  #257 ) ;
#2750 = CIRCLE ( 'NONE', #18, 1.500000000000000000 ) ;
#2751 = ORIENTED_EDGE ( 'NONE', *, *, #3010, .F. ) ;
#2752 = CYLINDRICAL_SURFACE ( 'NONE', #3347, 1.500000000000000000 ) ;
#2753 = ORIENTED_EDGE ( 'NONE', *, *, #4438, .F. ) ;
#2754 = PLANE ( 'NONE',  #3374 ) ;
#2755 = ORIENTED_EDGE ( 'NONE', *, *, #2598, .F. ) ;
#2756 = CARTESIAN_POINT ( 'NONE',  ( -1.320247276071000231, 1.699999999999999956, -0.7120021980490000013 ) ) ;
#2757 = EDGE_CURVE ( 'NONE', #3849, #3780, #1821, .T. ) ;
#2758 = LINE ( 'NONE', #4146, #1740 ) ;
#2759 = PLANE ( 'NONE',  #3279 ) ;
#2760 = CARTESIAN_POINT ( 'NONE',  ( 0.2691754849876999978, 0.000000000000000000, 1.475650554258000291 ) ) ;
#2761 = PRODUCT ( 'DC11_A01_HORN_INSERT_1', 'DC11_A01_HORN_INSERT_1', '', ( #1496 ) ) ;
#2762 = CARTESIAN_POINT ( 'NONE',  ( 1.085133175154048724, 0.8000000000000000444, 1.035608995799135013 ) ) ;
#2763 = CIRCLE ( 'NONE', #556, 1.500000000000000000 ) ;
#2764 = VERTEX_POINT ( 'NONE', #1478 ) ;
#2765 = DIRECTION ( 'NONE',  ( 0.000000000000000000, -1.000000000000000000, 0.000000000000000000 ) ) ;
#2766 = EDGE_CURVE ( 'NONE', #3720, #363, #376, .T. ) ;
#2767 = CARTESIAN_POINT ( 'NONE',  ( 0.2000000000000000111, 0.8000000000000000444, 1.486606874732000039 ) ) ;
#2768 = ORIENTED_EDGE ( 'NONE', *, *, #1978, .T. ) ;
#2769 = DIRECTION ( 'NONE',  ( 0.000000000000000000, -1.000000000000000000, 0.000000000000000000 ) ) ;
#2770 = ADVANCED_FACE ( 'NONE', ( #2518 ), #3884, .F. ) ;
#2771 = DIRECTION ( 'NONE',  ( -0.6087614290092401292, 0.000000000000000000, -0.7933533402908364840 ) ) ;
#2772 = VECTOR ( 'NONE', #2118, 1000.000000000000000 ) ;
#2773 = ORIENTED_EDGE ( 'NONE', *, *, #2841, .T. ) ;
#2774 = VECTOR ( 'NONE', #1754, 1000.000000000000000 ) ;
#2775 = CARTESIAN_POINT ( 'NONE',  ( -1.352043756507999905, 2.500000000000000000, -0.6495980915057999461 ) ) ;
#2776 = VECTOR ( 'NONE', #3709, 1000.000000000000000 ) ;
#2777 = ORIENTED_EDGE ( 'NONE', *, *, #4160, .F. ) ;
#2778 = ORIENTED_EDGE ( 'NONE', *, *, #3805, .T. ) ;
#2779 = CARTESIAN_POINT ( 'NONE',  ( 0.7120021980490000013, 0.000000000000000000, 1.320247276071000231 ) ) ;
#2780 = ORIENTED_EDGE ( 'NONE', *, *, #2244, .F. ) ;
#2781 = CARTESIAN_POINT ( 'NONE',  ( -0.7836008994800000016, 1.699999999999999956, -1.078534110909000310 ) ) ;
#2782 = CARTESIAN_POINT ( 'NONE',  ( 1.078534110908998089, 1.700000000000000844, -0.7836008994799890104 ) ) ;
#2783 = CARTESIAN_POINT ( 'NONE',  ( -1.333141477136043029, 0.8000000000000000444, 3.327620266529587268E-14 ) ) ;
#2784 = ORIENTED_EDGE ( 'NONE', *, *, #658, .T. ) ;
#2785 = CARTESIAN_POINT ( 'NONE',  ( 0.000000000000000000, 3.500000000000000000, 0.000000000000000000 ) ) ;
#2786 = DIRECTION ( 'NONE',  ( -0.000000000000000000, -1.000000000000000000, -0.000000000000000000 ) ) ;
#2787 = AXIS2_PLACEMENT_3D ( 'NONE', #1025, #374, #1750 ) ;
#2788 = ORIENTED_EDGE ( 'NONE', *, *, #2378, .T. ) ;
#2789 = EDGE_CURVE ( 'NONE', #1912, #10, #1187, .T. ) ;
#2790 = CARTESIAN_POINT ( 'NONE',  ( 0.000000000000000000, 0.8000000000000000444, 0.000000000000000000 ) ) ;
#2791 = VECTOR ( 'NONE', #999, 1000.000000000000000 ) ;
#2792 = DIRECTION ( 'NONE',  ( 0.000000000000000000, 0.000000000000000000, -1.000000000000000000 ) ) ;
#2793 = AXIS2_PLACEMENT_3D ( 'NONE', #1608, #2020, #4336 ) ;
#2794 = EDGE_CURVE ( 'NONE', #81, #195, #1937, .T. ) ;
#2795 = EDGE_CURVE ( 'NONE', #1085, #4346, #2925, .T. ) ;
#2796 = VERTEX_POINT ( 'NONE', #463 ) ;
#2797 = AXIS2_PLACEMENT_3D ( 'NONE', #1006, #2994, #4067 ) ;
#2798 = VECTOR ( 'NONE', #3873, 1000.000000000000114 ) ;
#2799 = FACE_OUTER_BOUND ( 'NONE', #666, .T. ) ;
#2800 = AXIS2_PLACEMENT_3D ( 'NONE', #2643, #3063, #1337 ) ;
#2801 = ORIENTED_EDGE ( 'NONE', *, *, #1997, .T. ) ;
#2802 = VERTEX_POINT ( 'NONE', #1165 ) ;
#2803 = CARTESIAN_POINT ( 'NONE',  ( -1.486606874732000039, 0.000000000000000000, -0.2000000000000000111 ) ) ;
#2804 = DIRECTION ( 'NONE',  ( 0.000000000000000000, 0.000000000000000000, -1.000000000000000000 ) ) ;
#2805 = CARTESIAN_POINT ( 'NONE',  ( 1.352043756507944838, 3.500000000000000000, -0.6495980915057288918 ) ) ;
#2806 = CARTESIAN_POINT ( 'NONE',  ( -0.6495980915055450389, 2.500000000000000000, -1.352043756508033212 ) ) ;
#2807 = VECTOR ( 'NONE', #3199, 1000.000000000000000 ) ;
#2808 = ORIENTED_EDGE ( 'NONE', *, *, #2876, .F. ) ;
#2809 = DIRECTION ( 'NONE',  ( 0.3338068592327084194, 0.000000000000000000, -0.9426414910925545732 ) ) ;
#2810 = PLANE ( 'NONE',  #3321 ) ;
#2811 = DIRECTION ( 'NONE',  ( 0.9996573249755573709, 0.000000000000000000, -0.02617694830786888166 ) ) ;
#2812 = DIRECTION ( 'NONE',  ( -0.000000000000000000, 1.000000000000000000, -0.000000000000000000 ) ) ;
#2813 = ORIENTED_EDGE ( 'NONE', *, *, #3060, .F. ) ;
#2814 = CARTESIAN_POINT ( 'NONE',  ( 0.7120021980489670277, 3.499999999999999556, 1.320247276071112141 ) ) ;
#2815 = DIRECTION ( 'NONE',  ( 0.7933533402912321675, 0.000000000000000000, 0.6087614290087246527 ) ) ;
#2816 = EDGE_CURVE ( 'NONE', #1449, #3610, #1503, .T. ) ;
#2817 = CARTESIAN_POINT ( 'NONE',  ( 0.2000000000000216882, 2.500000000000000000, 1.486606874731847938 ) ) ;
#2818 = CARTESIAN_POINT ( 'NONE',  ( 0.000000000000000000, 0.000000000000000000, 0.000000000000000000 ) ) ;
#2819 = VERTEX_POINT ( 'NONE', #2948 ) ;
#2820 = VECTOR ( 'NONE', #3602, 1000.000000000000000 ) ;
#2821 = PLANE ( 'NONE',  #755 ) ;
#2822 = EDGE_CURVE ( 'NONE', #3600, #4246, #3906, .T. ) ;
#2823 = CARTESIAN_POINT ( 'NONE',  ( 0.000000000000000000, 2.500000000000000000, 0.000000000000000000 ) ) ;
#2824 = ORIENTED_EDGE ( 'NONE', *, *, #1341, .T. ) ;
#2825 = ORIENTED_EDGE ( 'NONE', *, *, #336, .T. ) ;
#2826 = ORIENTED_EDGE ( 'NONE', *, *, #1199, .T. ) ;
#2827 = DIRECTION ( 'NONE',  ( 0.2840153447039861501, 0.000000000000000000, -0.9588197348681742893 ) ) ;
#2828 = LINE ( 'NONE', #703, #586 ) ;
#2829 = ADVANCED_FACE ( 'NONE', ( #129 ), #2225, .F. ) ;
#2830 = CARTESIAN_POINT ( 'NONE',  ( 1.267892888973727317, 0.000000000000000000, 0.4119633723412965964 ) ) ;
#2831 = LINE ( 'NONE', #2760, #1873 ) ;
#2832 = VERTEX_POINT ( 'NONE', #2266 ) ;
#2833 = CARTESIAN_POINT ( 'NONE',  ( 0.7120021980490787161, 0.000000000000000000, -1.320247276071145892 ) ) ;
#2834 = CARTESIAN_POINT ( 'NONE',  ( 0.000000000000000000, 1.699999999999999956, 0.000000000000000000 ) ) ;
#2835 = CARTESIAN_POINT ( 'NONE',  ( 1.352043756508033212, 2.500000000000000000, -0.6495980915055449278 ) ) ;
#2836 = ORIENTED_EDGE ( 'NONE', *, *, #3952, .F. ) ;
#2837 = CYLINDRICAL_SURFACE ( 'NONE', #3585, 1.500000000000000000 ) ;
#2838 = LINE ( 'NONE', #492, #1263 ) ;
#2839 = CARTESIAN_POINT ( 'NONE',  ( -0.6495980915057999461, 2.500000000000000000, 1.352043756507999905 ) ) ;
#2840 = ORIENTED_EDGE ( 'NONE', *, *, #2887, .T. ) ;
#2841 = EDGE_CURVE ( 'NONE', #162, #2245, #2168, .T. ) ;
#2842 = CARTESIAN_POINT ( 'NONE',  ( 0.000000000000000000, 0.000000000000000000, 0.000000000000000000 ) ) ;
#2843 = DIRECTION ( 'NONE',  ( 0.000000000000000000, 0.000000000000000000, -1.000000000000000000 ) ) ;
#2844 = LINE ( 'NONE', #116, #3 ) ;
#2845 = AXIS2_PLACEMENT_3D ( 'NONE', #830, #2181, #1508 ) ;
#2846 = EDGE_LOOP ( 'NONE', ( #213, #3183, #4319, #3408 ) ) ;
#2847 = EDGE_CURVE ( 'NONE', #1173, #3643, #3955, .T. ) ;
#2848 = ORIENTED_EDGE ( 'NONE', *, *, #2583, .T. ) ;
#2849 = LINE ( 'NONE', #1204, #4085 ) ;
#2850 = CARTESIAN_POINT ( 'NONE',  ( -1.085133175154002760, 2.500000000000000444, -1.035608995799090382 ) ) ;
#2851 = AXIS2_PLACEMENT_3D ( 'NONE', #1069, #2444, #1767 ) ;
#2852 = CARTESIAN_POINT ( 'NONE',  ( 0.4119633723411355586, 2.500000000000000000, 1.267892888973955801 ) ) ;
#2853 = CARTESIAN_POINT ( 'NONE',  ( 1.486606874732000039, 0.8000000000000000444, -0.2000000000000000111 ) ) ;
#2854 = EDGE_CURVE ( 'NONE', #3643, #2515, #510, .T. ) ;
#2855 = ADVANCED_FACE ( 'NONE', ( #825 ), #220, .F. ) ;
#2856 = PLANE ( 'NONE',  #707 ) ;
#2857 = EDGE_LOOP ( 'NONE', ( #1648, #3754, #3726, #630 ) ) ;
#2858 = DIRECTION ( 'NONE',  ( -0.6087614290092401292, 0.000000000000000000, 0.7933533402908364840 ) ) ;
#2859 = LINE ( 'NONE', #80, #370 ) ;
#2860 = ORIENTED_EDGE ( 'NONE', *, *, #2598, .T. ) ;
#2861 = DIRECTION ( 'NONE',  ( -0.6087614290092401292, 0.000000000000000000, -0.7933533402908364840 ) ) ;
#2862 = CARTESIAN_POINT ( 'NONE',  ( 0.000000000000000000, 0.000000000000000000, 0.000000000000000000 ) ) ;
#2863 = AXIS2_PLACEMENT_3D ( 'NONE', #2818, #3191, #834 ) ;
#2864 = ORIENTED_EDGE ( 'NONE', *, *, #4058, .F. ) ;
#2865 = LINE ( 'NONE', #4233, #1856 ) ;
#2866 = VECTOR ( 'NONE', #1569, 1000.000000000000000 ) ;
#2867 = ORIENTED_EDGE ( 'NONE', *, *, #67, .F. ) ;
#2868 = DIRECTION ( 'NONE',  ( -0.000000000000000000, 1.000000000000000000, 0.000000000000000000 ) ) ;
#2869 = CARTESIAN_POINT ( 'NONE',  ( 1.267892888973999987, 2.500000000000000000, 0.4119633723412000070 ) ) ;
#2870 = CARTESIAN_POINT ( 'NONE',  ( -0.2691754849876999978, 3.500000000000000000, -1.475650554258000291 ) ) ;
#2871 = EDGE_LOOP ( 'NONE', ( #4342, #1363, #546, #3791 ) ) ;
#2872 = CIRCLE ( 'NONE', #2220, 1.500000000000000000 ) ;
#2873 = ORIENTED_EDGE ( 'NONE', *, *, #3234, .T. ) ;
#2874 = DIRECTION ( 'NONE',  ( 0.000000000000000000, 0.000000000000000000, -1.000000000000000000 ) ) ;
#2875 = DIRECTION ( 'NONE',  ( 0.000000000000000000, 0.000000000000000000, -1.000000000000000000 ) ) ;
#2876 = EDGE_CURVE ( 'NONE', #1807, #469, #2626, .T. ) ;
#2877 = VECTOR ( 'NONE', #628, 1000.000000000000000 ) ;
#2878 = ORIENTED_EDGE ( 'NONE', *, *, #3649, .T. ) ;
#2879 = DIRECTION ( 'NONE',  ( 0.000000000000000000, -1.000000000000000000, 0.000000000000000000 ) ) ;
#2880 = CARTESIAN_POINT ( 'NONE',  ( -0.2000000000000000111, 0.000000000000000000, 1.486606874732000039 ) ) ;
#2881 = VECTOR ( 'NONE', #3716, 1000.000000000000000 ) ;
#2882 = EDGE_CURVE ( 'NONE', #2383, #2796, #197, .T. ) ;
#2883 = EDGE_CURVE ( 'NONE', #1642, #1541, #2679, .T. ) ;
#2884 = EDGE_LOOP ( 'NONE', ( #818, #3177, #3459, #2864 ) ) ;
#2885 = DIRECTION ( 'NONE',  ( -0.7933533402912321675, 0.000000000000000000, -0.6087614290087246527 ) ) ;
#2886 = CARTESIAN_POINT ( 'NONE',  ( 0.7120021980489777969, 1.699999999999999956, -1.320247276071115250 ) ) ;
#2887 = EDGE_CURVE ( 'NONE', #267, #1335, #2200, .T. ) ;
#2888 = ORIENTED_EDGE ( 'NONE', *, *, #2989, .T. ) ;
#2889 = CARTESIAN_POINT ( 'NONE',  ( 0.2691754849877319167, 1.699999999999999956, 1.475650554257890601 ) ) ;
#2890 = CARTESIAN_POINT ( 'NONE',  ( -1.320247276071185194, 1.699999999999999956, 0.7120021980490063296 ) ) ;
#2891 = CARTESIAN_POINT ( 'NONE',  ( -1.267892888973999987, 2.500000000000000000, 0.4119633723412000070 ) ) ;
#2892 = CARTESIAN_POINT ( 'NONE',  ( 0.1999999999999071687, 1.699999999999999956, -1.486606874731863037 ) ) ;
#2893 = ORIENTED_EDGE ( 'NONE', *, *, #41, .F. ) ;
#2894 = VECTOR ( 'NONE', #647, 1000.000000000000000 ) ;
#2895 = VERTEX_POINT ( 'NONE', #531 ) ;
#2896 = LINE ( 'NONE', #3522, #2506 ) ;
#2897 = CARTESIAN_POINT ( 'NONE',  ( -1.035608995799000009, 3.500000000000000000, 1.085133175154000096 ) ) ;
#2898 = CARTESIAN_POINT ( 'NONE',  ( 1.836970198721029934E-16, 3.500000000000000000, 1.500000000000000000 ) ) ;
#2899 = AXIS2_PLACEMENT_3D ( 'NONE', #3569, #2560, #869 ) ;
#2900 = EDGE_CURVE ( 'NONE', #244, #2702, #1240, .T. ) ;
#2901 = ORIENTED_EDGE ( 'NONE', *, *, #1531, .F. ) ;
#2902 = CYLINDRICAL_SURFACE ( 'NONE', #1860, 1.000000000000000000 ) ;
#2903 = PLANE ( 'NONE',  #3819 ) ;
#2904 = ORIENTED_EDGE ( 'NONE', *, *, #2320, .F. ) ;
#2905 = VERTEX_POINT ( 'NONE', #1594 ) ;
#2906 = CARTESIAN_POINT ( 'NONE',  ( 0.000000000000000000, 0.000000000000000000, 0.000000000000000000 ) ) ;
#2907 = CARTESIAN_POINT ( 'NONE',  ( -3.324886662288880475E-14, 2.500000000000000000, -1.333141477136043029 ) ) ;
#2908 = ORIENTED_EDGE ( 'NONE', *, *, #1796, .F. ) ;
#2909 = LINE ( 'NONE', #1151, #3787 ) ;
#2910 = EDGE_CURVE ( 'NONE', #3053, #3284, #2969, .T. ) ;
#2911 = LINE ( 'NONE', #472, #4430 ) ;
#2912 = CARTESIAN_POINT ( 'NONE',  ( -0.7836008994799927851, 2.500000000000000888, -1.078534110908998089 ) ) ;
#2913 = CARTESIAN_POINT ( 'NONE',  ( -1.320247276071177644, 2.500000000000000000, -0.7120021980490200963 ) ) ;
#2914 = ORIENTED_EDGE ( 'NONE', *, *, #2883, .F. ) ;
#2915 = EDGE_LOOP ( 'NONE', ( #3008, #3431, #1402, #473 ) ) ;
#2916 = CARTESIAN_POINT ( 'NONE',  ( -1.085133175154048724, 3.500000000000000000, 1.035608995799135013 ) ) ;
#2917 = DIRECTION ( 'NONE',  ( 0.000000000000000000, 0.000000000000000000, -1.000000000000000000 ) ) ;
#2918 = DIRECTION ( 'NONE',  ( 0.9426414910925545732, 0.000000000000000000, 0.3338068592327084194 ) ) ;
#2919 = DIRECTION ( 'NONE',  ( -0.000000000000000000, 1.000000000000000000, 0.000000000000000000 ) ) ;
#2920 = CIRCLE ( 'NONE', #2195, 1.500000000000000000 ) ;
#2921 = DIRECTION ( 'NONE',  ( 0.000000000000000000, 0.000000000000000000, 1.000000000000000000 ) ) ;
#2922 = ORIENTED_EDGE ( 'NONE', *, *, #554, .T. ) ;
#2923 = CARTESIAN_POINT ( 'NONE',  ( 1.530808498934191571E-16, 1.699999999999999956, 1.250000000000000000 ) ) ;
#2924 = VECTOR ( 'NONE', #3246, 1000.000000000000000 ) ;
#2925 = LINE ( 'NONE', #3212, #2318 ) ;
#2926 = VECTOR ( 'NONE', #4244, 1000.000000000000000 ) ;
#2927 = ORIENTED_EDGE ( 'NONE', *, *, #2403, .F. ) ;
#2928 = ORIENTED_EDGE ( 'NONE', *, *, #3116, .F. ) ;
#2929 = CARTESIAN_POINT ( 'NONE',  ( 0.000000000000000000, 1.699999999999999956, 0.000000000000000000 ) ) ;
#2930 = DIRECTION ( 'NONE',  ( 0.5664062369248178408, 0.000000000000000000, -0.8241261886220260235 ) ) ;
#2931 = ADVANCED_FACE ( 'NONE', ( #1570 ), #2903, .F. ) ;
#2932 = ORIENTED_EDGE ( 'NONE', *, *, #3952, .T. ) ;
#2933 = FACE_OUTER_BOUND ( 'NONE', #664, .T. ) ;
#2934 = LINE ( 'NONE', #165, #3840 ) ;
#2935 = EDGE_CURVE ( 'NONE', #1261, #1872, #575, .T. ) ;
#2936 = EDGE_CURVE ( 'NONE', #4367, #1483, #3011, .T. ) ;
#2937 = AXIS2_PLACEMENT_3D ( 'NONE', #4195, #2399, #1117 ) ;
#2938 = VERTEX_POINT ( 'NONE', #1304 ) ;
#2939 = ORIENTED_EDGE ( 'NONE', *, *, #1415, .T. ) ;
#2940 = CARTESIAN_POINT ( 'NONE',  ( -1.085133175154006535, 0.8000000000000000444, 1.035608995799090160 ) ) ;
#2941 = VECTOR ( 'NONE', #11, 1000.000000000000000 ) ;
#2942 = DIRECTION ( 'NONE',  ( 0.9426414910921716572, 0.000000000000000000, 0.3338068592337900542 ) ) ;
#2943 = AXIS2_PLACEMENT_3D ( 'NONE', #1587, #1973, #3293 ) ;
#2944 = ORIENTED_EDGE ( 'NONE', *, *, #3055, .F. ) ;
#2945 = CARTESIAN_POINT ( 'NONE',  ( 1.333141477135999953, 0.000000000000000000, 0.000000000000000000 ) ) ;
#2946 = AXIS2_PLACEMENT_3D ( 'NONE', #159, #223, #2229 ) ;
#2947 = AXIS2_PLACEMENT_3D ( 'NONE', #4282, #142, #1177 ) ;
#2948 = CARTESIAN_POINT ( 'NONE',  ( -0.6495980915056981386, 0.8000000000000000444, -1.352043756508117145 ) ) ;
#2949 = ORIENTED_EDGE ( 'NONE', *, *, #1948, .T. ) ;
#2950 = AXIS2_PLACEMENT_3D ( 'NONE', #3001, #4380, #3698 ) ;
#2951 = ORIENTED_EDGE ( 'NONE', *, *, #1967, .T. ) ;
#2952 = LINE ( 'NONE', #4325, #493 ) ;
#2953 = VERTEX_POINT ( 'NONE', #4390 ) ;
#2954 = DIRECTION ( 'NONE',  ( 0.000000000000000000, 0.000000000000000000, -1.000000000000000000 ) ) ;
#2955 = ADVANCED_FACE ( 'NONE', ( #979 ), #3391, .F. ) ;
#2956 = DIRECTION ( 'NONE',  ( 0.000000000000000000, 0.000000000000000000, -1.000000000000000000 ) ) ;
#2957 = CARTESIAN_POINT ( 'NONE',  ( 0.2691754849877317501, 3.500000000000000000, -1.475650554257890601 ) ) ;
#2958 = EDGE_LOOP ( 'NONE', ( #4231, #2534, #746, #2526 ) ) ;
#2959 = VERTEX_POINT ( 'NONE', #2027 ) ;
#2960 = ADVANCED_FACE ( 'NONE', ( #2676 ), #308, .F. ) ;
#2961 = ORIENTED_EDGE ( 'NONE', *, *, #3893, .F. ) ;
#2962 = CARTESIAN_POINT ( 'NONE',  ( 0.000000000000000000, 1.699999999999999956, 0.000000000000000000 ) ) ;
#2963 = DIRECTION ( 'NONE',  ( -0.000000000000000000, 1.000000000000000000, 0.000000000000000000 ) ) ;
#2964 = AXIS2_PLACEMENT_3D ( 'NONE', #735, #2155, #1800 ) ;
#2965 = ADVANCED_FACE ( 'NONE', ( #3051 ), #3707, .F. ) ;
#2966 = EDGE_LOOP ( 'NONE', ( #2801, #1382 ) ) ;
#2967 = EDGE_CURVE ( 'NONE', #3643, #1616, #957, .T. ) ;
#2968 = CARTESIAN_POINT ( 'NONE',  ( -0.7120021980490000013, 0.8000000000000000444, 1.320247276071000231 ) ) ;
#2969 = LINE ( 'NONE', #4344, #2248 ) ;
#2970 = AXIS2_PLACEMENT_3D ( 'NONE', #4169, #1792, #2804 ) ;
#2971 = ORIENTED_EDGE ( 'NONE', *, *, #332, .F. ) ;
#2972 = LINE ( 'NONE', #4000, #3942 ) ;
#2973 = ORIENTED_EDGE ( 'NONE', *, *, #2555, .T. ) ;
#2974 = CARTESIAN_POINT ( 'NONE',  ( 1.475650554257899483, 0.000000000000000000, 0.2691754849876815681 ) ) ;
#2975 = CARTESIAN_POINT ( 'NONE',  ( 0.000000000000000000, 0.000000000000000000, 0.000000000000000000 ) ) ;
#2976 = FACE_BOUND ( 'NONE', #455, .T. ) ;
#2977 = EDGE_CURVE ( 'NONE', #2282, #457, #880, .T. ) ;
#2978 = ORIENTED_EDGE ( 'NONE', *, *, #4339, .T. ) ;
#2979 = ORIENTED_EDGE ( 'NONE', *, *, #37, .F. ) ;
#2980 = CARTESIAN_POINT ( 'NONE',  ( 1.320247276071000231, 1.699999999999999956, 0.7120021980490000013 ) ) ;
#2981 = ORIENTED_EDGE ( 'NONE', *, *, #1103, .F. ) ;
#2982 = DIRECTION ( 'NONE',  ( 0.000000000000000000, 0.000000000000000000, -1.000000000000000000 ) ) ;
#2983 = DIRECTION ( 'NONE',  ( -7.105427357601001859E-15, 0.000000000000000000, -1.000000000000000000 ) ) ;
#2984 = ADVANCED_FACE ( 'NONE', ( #2719 ), #2001, .F. ) ;
#2985 = VERTEX_POINT ( 'NONE', #2336 ) ;
#2986 = DIRECTION ( 'NONE',  ( -0.000000000000000000, 1.000000000000000000, -0.000000000000000000 ) ) ;
#2987 = CARTESIAN_POINT ( 'NONE',  ( 0.7836008994800000016, 0.000000000000000000, 1.078534110909000310 ) ) ;
#2988 = AXIS2_PLACEMENT_3D ( 'NONE', #3489, #406, #2435 ) ;
#2989 = EDGE_CURVE ( 'NONE', #3984, #2061, #1812, .T. ) ;
#2990 = EDGE_CURVE ( 'NONE', #1449, #1219, #4412, .T. ) ;
#2991 = ORIENTED_EDGE ( 'NONE', *, *, #1693, .F. ) ;
#2992 = AXIS2_PLACEMENT_3D ( 'NONE', #1264, #3982, #1290 ) ;
#2993 = EDGE_LOOP ( 'NONE', ( #3493, #4091, #2081, #3882 ) ) ;
#2994 = DIRECTION ( 'NONE',  ( 0.000000000000000000, -1.000000000000000000, 0.000000000000000000 ) ) ;
#2995 = VECTOR ( 'NONE', #2698, 1000.000000000000000 ) ;
#2996 = VERTEX_POINT ( 'NONE', #2697 ) ;
#2997 = CARTESIAN_POINT ( 'NONE',  ( 0.000000000000000000, 0.000000000000000000, -1.500000000000000000 ) ) ;
#2998 = PLANE ( 'NONE',  #1622 ) ;
#2999 = VERTEX_POINT ( 'NONE', #1277 ) ;
#3000 = ORIENTED_EDGE ( 'NONE', *, *, #3105, .T. ) ;
#3001 = CARTESIAN_POINT ( 'NONE',  ( 0.000000000000000000, 1.699999999999999956, 0.000000000000000000 ) ) ;
#3002 = ORIENTED_EDGE ( 'NONE', *, *, #208, .T. ) ;
#3003 = CARTESIAN_POINT ( 'NONE',  ( -0.2000000000000000111, 1.699999999999999956, -1.486606874732000039 ) ) ;
#3004 = DIRECTION ( 'NONE',  ( 0.9996573249755574819, 0.000000000000000000, 0.02617694830786888513 ) ) ;
#3005 = CIRCLE ( 'NONE', #4145, 1.250000000000000000 ) ;
#3006 = AXIS2_PLACEMENT_3D ( 'NONE', #2123, #3155, #2062 ) ;
#3007 = DIRECTION ( 'NONE',  ( -0.8241261886214986676, 0.000000000000000000, 0.5664062369255852269 ) ) ;
#3008 = ORIENTED_EDGE ( 'NONE', *, *, #1610, .T. ) ;
#3009 = DIRECTION ( 'NONE',  ( -0.2840153447039861501, 0.000000000000000000, -0.9588197348681742893 ) ) ;
#3010 = EDGE_CURVE ( 'NONE', #381, #3328, #445, .T. ) ;
#3011 = LINE ( 'NONE', #642, #1094 ) ;
#3012 = CIRCLE ( 'NONE', #276, 1.500000000000000000 ) ;
#3013 = PLANE ( 'NONE',  #329 ) ;
#3014 = ORIENTED_EDGE ( 'NONE', *, *, #4333, .T. ) ;
#3015 = VECTOR ( 'NONE', #829, 1000.000000000000000 ) ;
#3016 = AXIS2_PLACEMENT_3D ( 'NONE', #3158, #1817, #1728 ) ;
#3017 = ORIENTED_EDGE ( 'NONE', *, *, #2692, .T. ) ;
#3018 = EDGE_CURVE ( 'NONE', #4410, #3249, #1704, .T. ) ;
#3019 = LINE ( 'NONE', #4398, #2610 ) ;
#3020 = AXIS2_PLACEMENT_3D ( 'NONE', #3308, #225, #2637 ) ;
#3021 = ORIENTED_EDGE ( 'NONE', *, *, #1003, .F. ) ;
#3022 = DIRECTION ( 'NONE',  ( 0.000000000000000000, -1.000000000000000000, 0.000000000000000000 ) ) ;
#3023 = EDGE_CURVE ( 'NONE', #494, #301, #2738, .T. ) ;
#3024 = CARTESIAN_POINT ( 'NONE',  ( -0.2000000000000000111, 0.000000000000000000, 1.486606874732000039 ) ) ;
#3025 = EDGE_LOOP ( 'NONE', ( #3307, #783, #119, #1677 ) ) ;
#3026 = ORIENTED_EDGE ( 'NONE', *, *, #2095, .T. ) ;
#3027 = LINE ( 'NONE', #970, #4230 ) ;
#3028 = DIRECTION ( 'NONE',  ( -0.000000000000000000, -1.000000000000000000, -0.000000000000000000 ) ) ;
#3029 = CARTESIAN_POINT ( 'NONE',  ( -0.4119633723410065507, 0.000000000000000000, -1.267892888973866983 ) ) ;
#3030 = ORIENTED_EDGE ( 'NONE', *, *, #2372, .T. ) ;
#3031 = CARTESIAN_POINT ( 'NONE',  ( 0.7120021980490000013, 2.500000000000000888, 1.320247276071000231 ) ) ;
#3032 = DIRECTION ( 'NONE',  ( 0.000000000000000000, 0.000000000000000000, -1.000000000000000000 ) ) ;
#3033 = DIRECTION ( 'NONE',  ( 0.8241261886214986676, 0.000000000000000000, 0.5664062369255852269 ) ) ;
#3034 = ADVANCED_FACE ( 'NONE', ( #2290 ), #3666, .T. ) ;
#3035 = EDGE_LOOP ( 'NONE', ( #365, #1579, #343, #2693 ) ) ;
#3036 = VECTOR ( 'NONE', #1347, 1000.000000000000000 ) ;
#3037 = CARTESIAN_POINT ( 'NONE',  ( -1.320247276071000231, 0.000000000000000000, 0.7120021980490000013 ) ) ;
#3038 = ORIENTED_EDGE ( 'NONE', *, *, #4252, .T. ) ;
#3039 = EDGE_CURVE ( 'NONE', #1400, #1547, #1615, .T. ) ;
#3040 = DIRECTION ( 'NONE',  ( -0.000000000000000000, -1.000000000000000000, -0.000000000000000000 ) ) ;
#3041 = LINE ( 'NONE', #3287, #1407 ) ;
#3042 = EDGE_CURVE ( 'NONE', #1775, #4013, #263, .T. ) ;
#3043 = ORIENTED_EDGE ( 'NONE', *, *, #2936, .T. ) ;
#3044 = EDGE_LOOP ( 'NONE', ( #1629, #2501, #4073, #1585 ) ) ;
#3045 = CARTESIAN_POINT ( 'NONE',  ( -0.7120021980490000013, 1.699999999999999956, 1.320247276071000231 ) ) ;
#3046 = CARTESIAN_POINT ( 'NONE',  ( -1.078534110909000310, 0.000000000000000000, 0.7836008994800000016 ) ) ;
#3047 = ORIENTED_EDGE ( 'NONE', *, *, #2479, .F. ) ;
#3048 = CARTESIAN_POINT ( 'NONE',  ( -0.4119633723412000070, 3.500000000000000000, -1.267892888973999987 ) ) ;
#3049 = ORIENTED_EDGE ( 'NONE', *, *, #4001, .T. ) ;
#3050 = PLANE ( 'NONE',  #1572 ) ;
#3051 = FACE_OUTER_BOUND ( 'NONE', #981, .T. ) ;
#3052 = PLANE ( 'NONE',  #2057 ) ;
#3053 = VERTEX_POINT ( 'NONE', #438 ) ;
#3054 = CARTESIAN_POINT ( 'NONE',  ( 0.000000000000000000, 2.500000000000000000, 0.000000000000000000 ) ) ;
#3055 = EDGE_CURVE ( 'NONE', #2688, #1616, #1041, .T. ) ;
#3056 = AXIS2_PLACEMENT_3D ( 'NONE', #1495, #1932, #2875 ) ;
#3057 = VERTEX_POINT ( 'NONE', #3496 ) ;
#3058 = CARTESIAN_POINT ( 'NONE',  ( -1.475650554257861069, 2.500000000000000000, -0.2691754849878940647 ) ) ;
#3059 = FACE_OUTER_BOUND ( 'NONE', #1125, .T. ) ;
#3060 = EDGE_CURVE ( 'NONE', #2061, #244, #2828, .T. ) ;
#3061 = VECTOR ( 'NONE', #3435, 1000.000000000000114 ) ;
#3062 = VERTEX_POINT ( 'NONE', #347 ) ;
#3063 = DIRECTION ( 'NONE',  ( 0.9426414910921716572, 0.000000000000000000, -0.3338068592337900542 ) ) ;
#3064 = DIRECTION ( 'NONE',  ( 0.000000000000000000, 0.000000000000000000, -1.000000000000000000 ) ) ;
#3065 = DIRECTION ( 'NONE',  ( 0.5664062369248178408, 0.000000000000000000, 0.8241261886220260235 ) ) ;
#3066 = EDGE_CURVE ( 'NONE', #502, #457, #3180, .T. ) ;
#3067 = EDGE_CURVE ( 'NONE', #4072, #1604, #1963, .T. ) ;
#3068 = CARTESIAN_POINT ( 'NONE',  ( -1.320247276071146336, 0.000000000000000000, -0.7120021980490782720 ) ) ;
#3069 = VERTEX_POINT ( 'NONE', #387 ) ;
#3070 = CARTESIAN_POINT ( 'NONE',  ( 1.352043756507999905, 1.699999999999999956, -0.6495980915057999461 ) ) ;
#3071 = CARTESIAN_POINT ( 'NONE',  ( 1.320247276071000231, 0.8000000000000000444, 0.7120021980490000013 ) ) ;
#3072 = LINE ( 'NONE', #264, #1626 ) ;
#3073 = CIRCLE ( 'NONE', #3506, 1.500000000000000000 ) ;
#3074 = EDGE_LOOP ( 'NONE', ( #2268, #1005, #3152, #1550 ) ) ;
#3075 = CARTESIAN_POINT ( 'NONE',  ( -1.035608995799000009, 0.000000000000000000, 1.085133175154000096 ) ) ;
#3076 = CIRCLE ( 'NONE', #2293, 1.500000000000000000 ) ;
#3077 = ORIENTED_EDGE ( 'NONE', *, *, #1232, .F. ) ;
#3078 = LINE ( 'NONE', #3442, #357 ) ;
#3079 = CARTESIAN_POINT ( 'NONE',  ( 0.000000000000000000, 3.500000000000000000, 0.000000000000000000 ) ) ;
#3080 = CIRCLE ( 'NONE', #567, 1.500000000000000000 ) ;
#3081 = ORIENTED_EDGE ( 'NONE', *, *, #1805, .F. ) ;
#3082 = EDGE_CURVE ( 'NONE', #4141, #606, #2085, .T. ) ;
#3083 = VECTOR ( 'NONE', #4238, 1000.000000000000000 ) ;
#3084 = CARTESIAN_POINT ( 'NONE',  ( -1.035608995799000009, 0.000000000000000000, 1.085133175154000096 ) ) ;
#3085 = ORIENTED_EDGE ( 'NONE', *, *, #2794, .T. ) ;
#3086 = ORIENTED_EDGE ( 'NONE', *, *, #157, .T. ) ;
#3087 = ADVANCED_FACE ( 'NONE', ( #4191 ), #679, .T. ) ;
#3088 = CARTESIAN_POINT ( 'NONE',  ( 1.085133175154048946, 3.500000000000000000, -1.035608995799134791 ) ) ;
#3089 = ORIENTED_EDGE ( 'NONE', *, *, #2213, .F. ) ;
#3090 = CARTESIAN_POINT ( 'NONE',  ( 1.267892888973909171, 0.8000000000000000444, 0.4119633723412322035 ) ) ;
#3091 = CARTESIAN_POINT ( 'NONE',  ( 0.2691754849877319167, 0.8000000000000000444, 1.475650554257890601 ) ) ;
#3092 = DIRECTION ( 'NONE',  ( 0.000000000000000000, 1.000000000000000000, 0.000000000000000000 ) ) ;
#3093 = EDGE_CURVE ( 'NONE', #3471, #1081, #3852, .T. ) ;
#3094 = EDGE_CURVE ( 'NONE', #931, #3069, #2750, .T. ) ;
#3095 = ORIENTED_EDGE ( 'NONE', *, *, #1103, .T. ) ;
#3096 = CARTESIAN_POINT ( 'NONE',  ( 0.7836008994799890104, 1.700000000000000844, 1.078534110908998089 ) ) ;
#3097 = DIRECTION ( 'NONE',  ( 0.7933533402912321675, 0.000000000000000000, 0.6087614290087246527 ) ) ;
#3098 = VERTEX_POINT ( 'NONE', #96 ) ;
#3099 = LINE ( 'NONE', #4070, #2231 ) ;
#3100 = VECTOR ( 'NONE', #175, 1000.000000000000227 ) ;
#3101 = PLANE ( 'NONE',  #612 ) ;
#3102 = VECTOR ( 'NONE', #3433, 1000.000000000000114 ) ;
#3103 = ORIENTED_EDGE ( 'NONE', *, *, #1917, .T. ) ;
#3104 = LINE ( 'NONE', #3425, #3637 ) ;
#3105 = EDGE_CURVE ( 'NONE', #3069, #2641, #748, .T. ) ;
#3106 = VERTEX_POINT ( 'NONE', #2782 ) ;
#3107 = VERTEX_POINT ( 'NONE', #1473 ) ;
#3108 = VERTEX_POINT ( 'NONE', #3457 ) ;
#3109 = DIRECTION ( 'NONE',  ( 0.9996573249755582591, 0.000000000000000000, -0.02617694830783522456 ) ) ;
#3110 = DIRECTION ( 'NONE',  ( 0.000000000000000000, -1.000000000000000000, 0.000000000000000000 ) ) ;
#3111 = CARTESIAN_POINT ( 'NONE',  ( 1.352043756507999905, 3.500000000000000000, 0.6495980915057999461 ) ) ;
#3112 = ADVANCED_FACE ( 'NONE', ( #1815 ), #3811, .F. ) ;
#3113 = ORIENTED_EDGE ( 'NONE', *, *, #1256, .T. ) ;
#3114 = LINE ( 'NONE', #3479, #2576 ) ;
#3115 = DIRECTION ( 'NONE',  ( -0.000000000000000000, 1.000000000000000000, -0.000000000000000000 ) ) ;
#3116 = EDGE_CURVE ( 'NONE', #2046, #1294, #3766, .T. ) ;
#3117 = ADVANCED_FACE ( 'NONE', ( #1426 ), #367, .T. ) ;
#3118 = ORIENTED_EDGE ( 'NONE', *, *, #1004, .T. ) ;
#3119 = DIRECTION ( 'NONE',  ( 0.000000000000000000, 0.000000000000000000, -1.000000000000000000 ) ) ;
#3120 = CARTESIAN_POINT ( 'NONE',  ( -1.352043756507981032, 2.500000000000000000, -0.6495980915057463223 ) ) ;
#3121 = VERTEX_POINT ( 'NONE', #729 ) ;
#3122 = DIRECTION ( 'NONE',  ( -0.02617694830783522456, 0.000000000000000000, -0.9996573249755582591 ) ) ;
#3123 = VECTOR ( 'NONE', #107, 1000.000000000000000 ) ;
#3124 = CARTESIAN_POINT ( 'NONE',  ( 1.267892888973999987, 3.500000000000000000, -0.4119633723412000070 ) ) ;
#3125 = DIRECTION ( 'NONE',  ( 0.9588197348681742893, 0.000000000000000000, 0.2840153447039861501 ) ) ;
#3126 = VECTOR ( 'NONE', #800, 1000.000000000000114 ) ;
#3127 = VERTEX_POINT ( 'NONE', #3091 ) ;
#3128 = ORIENTED_EDGE ( 'NONE', *, *, #4366, .F. ) ;
#3129 = EDGE_LOOP ( 'NONE', ( #639, #1138, #3038, #1902 ) ) ;
#3130 = DIRECTION ( 'NONE',  ( 0.9588197348681742893, 0.000000000000000000, -0.2840153447039861501 ) ) ;
#3131 = DIRECTION ( 'NONE',  ( 0.3338068592337900542, 0.000000000000000000, -0.9426414910921716572 ) ) ;
#3132 = CARTESIAN_POINT ( 'NONE',  ( 0.7120021980490062186, 1.699999999999999956, 1.320247276071185194 ) ) ;
#3133 = EDGE_CURVE ( 'NONE', #2418, #1950, #1387, .T. ) ;
#3134 = ORIENTED_EDGE ( 'NONE', *, *, #1084, .T. ) ;
#3135 = DIRECTION ( 'NONE',  ( 0.000000000000000000, -1.000000000000000000, 0.000000000000000000 ) ) ;
#3136 = LINE ( 'NONE', #2767, #656 ) ;
#3137 = DIRECTION ( 'NONE',  ( 0.000000000000000000, 0.000000000000000000, -1.000000000000000000 ) ) ;
#3138 = AXIS2_PLACEMENT_3D ( 'NONE', #2785, #1392, #392 ) ;
#3139 = ORIENTED_EDGE ( 'NONE', *, *, #2657, .F. ) ;
#3140 = EDGE_CURVE ( 'NONE', #4035, #1634, #2758, .T. ) ;
#3141 = VECTOR ( 'NONE', #2827, 1000.000000000000000 ) ;
#3142 = LINE ( 'NONE', #3187, #1574 ) ;
#3143 = DIRECTION ( 'NONE',  ( -0.7933533402912321675, 0.000000000000000000, 0.6087614290087246527 ) ) ;
#3144 = VECTOR ( 'NONE', #4381, 1000.000000000000227 ) ;
#3145 = DIRECTION ( 'NONE',  ( 0.000000000000000000, -1.000000000000000000, 0.000000000000000000 ) ) ;
#3146 = ORIENTED_EDGE ( 'NONE', *, *, #1143, .T. ) ;
#3147 = ADVANCED_FACE ( 'NONE', ( #2103 ), #2416, .F. ) ;
#3148 = VECTOR ( 'NONE', #3282, 1000.000000000000227 ) ;
#3149 = AXIS2_PLACEMENT_3D ( 'NONE', #1624, #4007, #965 ) ;
#3150 = LINE ( 'NONE', #1399, #2701 ) ;
#3151 = VECTOR ( 'NONE', #3513, 1000.000000000000114 ) ;
#3152 = ORIENTED_EDGE ( 'NONE', *, *, #3224, .T. ) ;
#3153 = ORIENTED_EDGE ( 'NONE', *, *, #3018, .F. ) ;
#3154 = VERTEX_POINT ( 'NONE', #1090 ) ;
#3155 = DIRECTION ( 'NONE',  ( 0.000000000000000000, -1.000000000000000000, 0.000000000000000000 ) ) ;
#3156 = DIRECTION ( 'NONE',  ( 0.000000000000000000, 1.000000000000000000, -0.000000000000000000 ) ) ;
#3157 = DIRECTION ( 'NONE',  ( 0.000000000000000000, 0.000000000000000000, -1.000000000000000000 ) ) ;
#3158 = CARTESIAN_POINT ( 'NONE',  ( -1.035608995799000009, 0.000000000000000000, 1.085133175154000096 ) ) ;
#3159 = AXIS2_PLACEMENT_3D ( 'NONE', #1671, #3380, #1029 ) ;
#3160 = ORIENTED_EDGE ( 'NONE', *, *, #512, .T. ) ;
#3161 = LINE ( 'NONE', #684, #1494 ) ;
#3162 = CARTESIAN_POINT ( 'NONE',  ( 0.000000000000000000, 3.500000000000000000, 0.000000000000000000 ) ) ;
#3163 = LINE ( 'NONE', #1590, #1506 ) ;
#3164 = EDGE_CURVE ( 'NONE', #502, #576, #2321, .T. ) ;
#3165 = ORIENTED_EDGE ( 'NONE', *, *, #228, .T. ) ;
#3166 = FACE_OUTER_BOUND ( 'NONE', #4041, .T. ) ;
#3167 = PLANE ( 'NONE',  #1766 ) ;
#3168 = ADVANCED_FACE ( 'NONE', ( #4266 ), #525, .T. ) ;
#3169 = CYLINDRICAL_SURFACE ( 'NONE', #4374, 1.500000000000000000 ) ;
#3170 = EDGE_LOOP ( 'NONE', ( #3899, #4416, #1266, #3817 ) ) ;
#3171 = DIRECTION ( 'NONE',  ( 0.000000000000000000, -1.000000000000000000, 0.000000000000000000 ) ) ;
#3172 = VECTOR ( 'NONE', #4294, 1000.000000000000000 ) ;
#3173 = CARTESIAN_POINT ( 'NONE',  ( -0.6495980915057647520, 0.000000000000000000, 1.352043756507927741 ) ) ;
#3174 = EDGE_CURVE ( 'NONE', #4414, #4246, #4315, .T. ) ;
#3175 = DIRECTION ( 'NONE',  ( 0.02617694830783522456, 0.000000000000000000, 0.9996573249755582591 ) ) ;
#3176 = EDGE_LOOP ( 'NONE', ( #1476, #4287, #939, #373 ) ) ;
#3177 = ORIENTED_EDGE ( 'NONE', *, *, #4225, .T. ) ;
#3178 = ORIENTED_EDGE ( 'NONE', *, *, #1114, .T. ) ;
#3179 = DIRECTION ( 'NONE',  ( -0.000000000000000000, 1.000000000000000000, -0.000000000000000000 ) ) ;
#3180 = LINE ( 'NONE', #3786, #4109 ) ;
#3181 = LINE ( 'NONE', #3111, #193 ) ;
#3182 = LINE ( 'NONE', #2853, #1221 ) ;
#3183 = ORIENTED_EDGE ( 'NONE', *, *, #1645, .F. ) ;
#3184 = CYLINDRICAL_SURFACE ( 'NONE', #3221, 1.500000000000000000 ) ;
#3185 = LINE ( 'NONE', #103, #3248 ) ;
#3186 = VERTEX_POINT ( 'NONE', #3595 ) ;
#3187 = CARTESIAN_POINT ( 'NONE',  ( -1.267892888973999987, 3.500000000000000000, 0.4119633723412000070 ) ) ;
#3188 = DIRECTION ( 'NONE',  ( -0.000000000000000000, -1.000000000000000000, -0.000000000000000000 ) ) ;
#3189 = ORIENTED_EDGE ( 'NONE', *, *, #3285, .T. ) ;
#3190 = CARTESIAN_POINT ( 'NONE',  ( 0.000000000000000000, 3.500000000000000000, 0.000000000000000000 ) ) ;
#3191 = DIRECTION ( 'NONE',  ( -0.000000000000000000, 1.000000000000000000, -0.000000000000000000 ) ) ;
#3192 = ORIENTED_EDGE ( 'NONE', *, *, #837, .T. ) ;
#3193 = DIRECTION ( 'NONE',  ( -0.8241261886214986676, 0.000000000000000000, -0.5664062369255852269 ) ) ;
#3194 = CARTESIAN_POINT ( 'NONE',  ( 1.085133175154000096, 0.000000000000000000, 1.035608995799000009 ) ) ;
#3195 = EDGE_CURVE ( 'NONE', #3969, #2169, #164, .T. ) ;
#3196 = AXIS2_PLACEMENT_3D ( 'NONE', #3084, #2390, #4139 ) ;
#3197 = DIRECTION ( 'NONE',  ( 0.000000000000000000, 0.000000000000000000, -1.000000000000000000 ) ) ;
#3198 = CARTESIAN_POINT ( 'NONE',  ( 1.078534110909000310, 0.8000000000000000444, 0.7836008994800000016 ) ) ;
#3199 = DIRECTION ( 'NONE',  ( -0.000000000000000000, -1.000000000000000000, -0.000000000000000000 ) ) ;
#3200 = ORIENTED_EDGE ( 'NONE', *, *, #1577, .T. ) ;
#3201 = EDGE_CURVE ( 'NONE', #4188, #490, #2193, .T. ) ;
#3202 = ORIENTED_EDGE ( 'NONE', *, *, #1851, .F. ) ;
#3203 = EDGE_CURVE ( 'NONE', #3154, #267, #2218, .T. ) ;
#3204 = CARTESIAN_POINT ( 'NONE',  ( -1.475650554258000291, 0.000000000000000000, 0.2691754849876999978 ) ) ;
#3205 = CARTESIAN_POINT ( 'NONE',  ( 0.7836008994800002236, 0.000000000000000000, -1.078534110908991650 ) ) ;
#3206 = VECTOR ( 'NONE', #1135, 1000.000000000000000 ) ;
#3207 = FACE_OUTER_BOUND ( 'NONE', #2368, .T. ) ;
#3208 = DIRECTION ( 'NONE',  ( 0.000000000000000000, 0.000000000000000000, -1.000000000000000000 ) ) ;
#3209 = EDGE_CURVE ( 'NONE', #1028, #858, #2171, .T. ) ;
#3210 = ORIENTED_EDGE ( 'NONE', *, *, #4133, .F. ) ;
#3211 = LINE ( 'NONE', #802, #2866 ) ;
#3212 = CARTESIAN_POINT ( 'NONE',  ( 0.4119633723412000070, 2.500000000000000000, 1.267892888973999987 ) ) ;
#3213 = VERTEX_POINT ( 'NONE', #1205 ) ;
#3214 = ORIENTED_EDGE ( 'NONE', *, *, #559, .T. ) ;
#3215 = DIRECTION ( 'NONE',  ( 0.6087614290087246527, 0.000000000000000000, 0.7933533402912321675 ) ) ;
#3216 = DIRECTION ( 'NONE',  ( 0.000000000000000000, -1.000000000000000000, 0.000000000000000000 ) ) ;
#3217 = VECTOR ( 'NONE', #4303, 1000.000000000000000 ) ;
#3218 = ORIENTED_EDGE ( 'NONE', *, *, #3400, .F. ) ;
#3219 = DIRECTION ( 'NONE',  ( -0.000000000000000000, 1.000000000000000000, 0.000000000000000000 ) ) ;
#3220 = DIRECTION ( 'NONE',  ( -0.9426414910925545732, 0.000000000000000000, -0.3338068592327084194 ) ) ;
#3221 = AXIS2_PLACEMENT_3D ( 'NONE', #3500, #3135, #1799 ) ;
#3222 = VECTOR ( 'NONE', #2170, 1000.000000000000000 ) ;
#3223 = CARTESIAN_POINT ( 'NONE',  ( -0.2691754849876999978, 0.8000000000000000444, 1.475650554258000291 ) ) ;
#3224 = EDGE_CURVE ( 'NONE', #616, #1599, #548, .T. ) ;
#3225 = LINE ( 'NONE', #143, #4240 ) ;
#3226 = VERTEX_POINT ( 'NONE', #2241 ) ;
#3227 = AXIS2_PLACEMENT_3D ( 'NONE', #466, #1121, #1460 ) ;
#3228 = VECTOR ( 'NONE', #2196, 1000.000000000000227 ) ;
#3229 = ORIENTED_EDGE ( 'NONE', *, *, #691, .T. ) ;
#3230 = FACE_OUTER_BOUND ( 'NONE', #2742, .T. ) ;
#3231 = CARTESIAN_POINT ( 'NONE',  ( 1.078534110909000310, 2.500000000000000888, -0.7836008994800000016 ) ) ;
#3232 = PLANE ( 'NONE',  #2708 ) ;
#3233 = VECTOR ( 'NONE', #609, 1000.000000000000114 ) ;
#3234 = EDGE_CURVE ( 'NONE', #4034, #1912, #1836, .T. ) ;
#3235 = ORIENTED_EDGE ( 'NONE', *, *, #3336, .T. ) ;
#3236 = CARTESIAN_POINT ( 'NONE',  ( -0.7836008994800001126, 0.8000000000000002665, 1.078534110908997423 ) ) ;
#3237 = CARTESIAN_POINT ( 'NONE',  ( 0.000000000000000000, 0.000000000000000000, 0.000000000000000000 ) ) ;
#3238 = VECTOR ( 'NONE', #454, 1000.000000000000000 ) ;
#3239 = ADVANCED_FACE ( 'NONE', ( #3271 ), #1229, .F. ) ;
#3240 = ORIENTED_EDGE ( 'NONE', *, *, #3320, .F. ) ;
#3241 = ORIENTED_EDGE ( 'NONE', *, *, #3399, .F. ) ;
#3242 = CARTESIAN_POINT ( 'NONE',  ( 0.000000000000000000, 3.500000000000000000, 0.000000000000000000 ) ) ;
#3243 = CARTESIAN_POINT ( 'NONE',  ( 0.000000000000000000, 3.500000000000000000, 0.000000000000000000 ) ) ;
#3244 = ORIENTED_EDGE ( 'NONE', *, *, #1004, .F. ) ;
#3245 = DIRECTION ( 'NONE',  ( -0.8241261886220260235, 0.000000000000000000, -0.5664062369248178408 ) ) ;
#3246 = DIRECTION ( 'NONE',  ( -0.000000000000000000, 1.000000000000000000, -0.000000000000000000 ) ) ;
#3247 = EDGE_LOOP ( 'NONE', ( #211, #3633, #92, #1819 ) ) ;
#3248 = VECTOR ( 'NONE', #2420, 1000.000000000000000 ) ;
#3249 = VERTEX_POINT ( 'NONE', #1566 ) ;
#3250 = DIRECTION ( 'NONE',  ( 0.000000000000000000, -1.000000000000000000, 0.000000000000000000 ) ) ;
#3251 = EDGE_CURVE ( 'NONE', #3436, #1156, #3971, .T. ) ;
#3252 = CARTESIAN_POINT ( 'NONE',  ( 1.475650554258000291, 0.000000000000000000, -0.2691754849876999978 ) ) ;
#3253 = DIRECTION ( 'NONE',  ( 0.9996573249755574819, 0.000000000000000000, -0.02617694830786888513 ) ) ;
#3254 = VECTOR ( 'NONE', #3410, 1000.000000000000000 ) ;
#3255 = ORIENTED_EDGE ( 'NONE', *, *, #3133, .T. ) ;
#3256 = DIRECTION ( 'NONE',  ( 0.5664062369255852269, 0.000000000000000000, -0.8241261886214986676 ) ) ;
#3257 = EDGE_CURVE ( 'NONE', #3945, #2985, #459, .T. ) ;
#3258 = CARTESIAN_POINT ( 'NONE',  ( -1.267892888973999987, 1.699999999999999956, -0.4119633723412000070 ) ) ;
#3259 = ORIENTED_EDGE ( 'NONE', *, *, #4087, .F. ) ;
#3260 = EDGE_CURVE ( 'NONE', #2147, #1970, #888, .T. ) ;
#3261 = CARTESIAN_POINT ( 'NONE',  ( -0.7836008994800002236, 0.000000000000000000, 1.078534110908991650 ) ) ;
#3262 = ADVANCED_FACE ( 'NONE', ( #121 ), #3635, .T. ) ;
#3263 = CYLINDRICAL_SURFACE ( 'NONE', #3277, 1.000000000000000000 ) ;
#3264 = EDGE_LOOP ( 'NONE', ( #1245, #2669, #874, #1749 ) ) ;
#3265 = CARTESIAN_POINT ( 'NONE',  ( -9.980080997729068315E-14, 0.000000000000000000, -1.333141477136129849 ) ) ;
#3266 = DIRECTION ( 'NONE',  ( 0.02617694830786888513, 0.000000000000000000, -0.9996573249755574819 ) ) ;
#3267 = LINE ( 'NONE', #1514, #4454 ) ;
#3268 = ORIENTED_EDGE ( 'NONE', *, *, #2494, .T. ) ;
#3269 = ORIENTED_EDGE ( 'NONE', *, *, #286, .F. ) ;
#3270 = CARTESIAN_POINT ( 'NONE',  ( 0.1999999999999800826, 0.000000000000000000, 1.486606874731853267 ) ) ;
#3271 = FACE_OUTER_BOUND ( 'NONE', #4069, .T. ) ;
#3272 = CYLINDRICAL_SURFACE ( 'NONE', #2276, 1.500000000000000000 ) ;
#3273 = LINE ( 'NONE', #194, #4021 ) ;
#3274 = AXIS2_PLACEMENT_3D ( 'NONE', #2842, #3561, #3586 ) ;
#3275 = ORIENTED_EDGE ( 'NONE', *, *, #559, .F. ) ;
#3276 = DIRECTION ( 'NONE',  ( 0.000000000000000000, 0.000000000000000000, 1.000000000000000000 ) ) ;
#3277 = AXIS2_PLACEMENT_3D ( 'NONE', #3243, #2525, #1461 ) ;
#3278 = DIRECTION ( 'NONE',  ( -0.000000000000000000, 1.000000000000000000, -0.000000000000000000 ) ) ;
#3279 = AXIS2_PLACEMENT_3D ( 'NONE', #1745, #2086, #1388 ) ;
#3280 = ORIENTED_EDGE ( 'NONE', *, *, #1611, .T. ) ;
#3281 = EDGE_CURVE ( 'NONE', #2239, #3412, #1158, .T. ) ;
#3282 = DIRECTION ( 'NONE',  ( -0.7933533402908364840, 0.000000000000000000, -0.6087614290092401292 ) ) ;
#3283 = FACE_OUTER_BOUND ( 'NONE', #4165, .T. ) ;
#3284 = VERTEX_POINT ( 'NONE', #149 ) ;
#3285 = EDGE_CURVE ( 'NONE', #1180, #4234, #1520, .T. ) ;
#3286 = DIRECTION ( 'NONE',  ( 0.000000000000000000, 0.000000000000000000, -1.000000000000000000 ) ) ;
#3287 = CARTESIAN_POINT ( 'NONE',  ( -0.7120021980490789382, 0.000000000000000000, -1.320247276071145892 ) ) ;
#3288 = VECTOR ( 'NONE', #2696, 1000.000000000000000 ) ;
#3289 = EDGE_CURVE ( 'NONE', #4130, #1409, #2920, .T. ) ;
#3290 = DIRECTION ( 'NONE',  ( 0.000000000000000000, -1.000000000000000000, 0.000000000000000000 ) ) ;
#3291 = ORIENTED_EDGE ( 'NONE', *, *, #4370, .T. ) ;
#3292 = ORIENTED_EDGE ( 'NONE', *, *, #3342, .F. ) ;
#3293 = DIRECTION ( 'NONE',  ( 0.000000000000000000, 0.000000000000000000, -1.000000000000000000 ) ) ;
#3294 = AXIS2_PLACEMENT_3D ( 'NONE', #3706, #2000, #3368 ) ;
#3295 = DIRECTION ( 'NONE',  ( 0.9996573249755582591, 0.000000000000000000, -0.02617694830783522456 ) ) ;
#3296 = DIRECTION ( 'NONE',  ( 0.000000000000000000, 0.000000000000000000, 1.000000000000000000 ) ) ;
#3297 = AXIS2_PLACEMENT_3D ( 'NONE', #1157, #3250, #4214 ) ;
#3298 = ORIENTED_EDGE ( 'NONE', *, *, #2517, .F. ) ;
#3299 = DIRECTION ( 'NONE',  ( 0.000000000000000000, 0.000000000000000000, -1.000000000000000000 ) ) ;
#3300 = CIRCLE ( 'NONE', #4235, 1.500000000000000000 ) ;
#3301 = CARTESIAN_POINT ( 'NONE',  ( -0.2000000000000000111, 2.500000000000000000, 1.486606874732000039 ) ) ;
#3302 = VERTEX_POINT ( 'NONE', #2850 ) ;
#3303 = DIRECTION ( 'NONE',  ( -0.9588197348681998244, 0.000000000000000000, 0.2840153447038999412 ) ) ;
#3304 = AXIS2_PLACEMENT_3D ( 'NONE', #3912, #3245, #68 ) ;
#3305 = DIRECTION ( 'NONE',  ( 0.000000000000000000, 0.000000000000000000, 1.000000000000000000 ) ) ;
#3306 = EDGE_CURVE ( 'NONE', #2796, #3864, #4215, .T. ) ;
#3307 = ORIENTED_EDGE ( 'NONE', *, *, #3676, .T. ) ;
#3308 = CARTESIAN_POINT ( 'NONE',  ( 1.267892888973999987, 0.000000000000000000, -0.4119633723412000070 ) ) ;
#3309 = CARTESIAN_POINT ( 'NONE',  ( -0.2000000000000000111, 0.000000000000000000, 1.486606874732000039 ) ) ;
#3310 = CARTESIAN_POINT ( 'NONE',  ( 0.1999999999999170497, 3.499999999999999556, -1.486606874731936534 ) ) ;
#3311 = PLANE ( 'NONE',  #1042 ) ;
#3312 = ADVANCED_FACE ( 'NONE', ( #4424, #2284 ), #1249, .T. ) ;
#3313 = CARTESIAN_POINT ( 'NONE',  ( 0.000000000000000000, 0.8000000000000000444, 0.000000000000000000 ) ) ;
#3314 = ORIENTED_EDGE ( 'NONE', *, *, #3094, .F. ) ;
#3315 = VERTEX_POINT ( 'NONE', #1659 ) ;
#3316 = ORIENTED_EDGE ( 'NONE', *, *, #2208, .F. ) ;
#3317 = DIRECTION ( 'NONE',  ( -0.000000000000000000, 1.000000000000000000, -0.000000000000000000 ) ) ;
#3318 = DIRECTION ( 'NONE',  ( 0.5664062369248178408, 0.000000000000000000, 0.8241261886220260235 ) ) ;
#3319 = EDGE_CURVE ( 'NONE', #3720, #1294, #2310, .T. ) ;
#3320 = EDGE_CURVE ( 'NONE', #4089, #1907, #1321, .T. ) ;
#3321 = AXIS2_PLACEMENT_3D ( 'NONE', #38, #57, #3835 ) ;
#3322 = ORIENTED_EDGE ( 'NONE', *, *, #3856, .T. ) ;
#3323 = CARTESIAN_POINT ( 'NONE',  ( -0.7836008994800005567, 1.700000000000000844, 1.078534110908996091 ) ) ;
#3324 = CARTESIAN_POINT ( 'NONE',  ( 0.000000000000000000, 0.000000000000000000, 0.000000000000000000 ) ) ;
#3325 = VECTOR ( 'NONE', #3346, 1000.000000000000000 ) ;
#3326 = ORIENTED_EDGE ( 'NONE', *, *, #2967, .F. ) ;
#3327 = CARTESIAN_POINT ( 'NONE',  ( -0.4119633723412965964, 0.000000000000000000, 1.267892888973727317 ) ) ;
#3328 = VERTEX_POINT ( 'NONE', #2691 ) ;
#3329 = DIRECTION ( 'NONE',  ( 0.6087614290087246527, 0.000000000000000000, -0.7933533402912321675 ) ) ;
#3330 = ORIENTED_EDGE ( 'NONE', *, *, #2303, .T. ) ;
#3331 = DIRECTION ( 'NONE',  ( 0.000000000000000000, 0.000000000000000000, -1.000000000000000000 ) ) ;
#3332 = CARTESIAN_POINT ( 'NONE',  ( 0.000000000000000000, 1.699999999999999956, 0.000000000000000000 ) ) ;
#3333 = FACE_OUTER_BOUND ( 'NONE', #914, .T. ) ;
#3334 = ORIENTED_EDGE ( 'NONE', *, *, #1281, .F. ) ;
#3335 = ORIENTED_EDGE ( 'NONE', *, *, #3650, .T. ) ;
#3336 = EDGE_CURVE ( 'NONE', #3631, #3545, #910, .T. ) ;
#3337 = CARTESIAN_POINT ( 'NONE',  ( -1.267892888973955801, 0.8000000000000000444, 0.4119633723411355031 ) ) ;
#3338 = ORIENTED_EDGE ( 'NONE', *, *, #727, .F. ) ;
#3339 = DIRECTION ( 'NONE',  ( 0.000000000000000000, 0.000000000000000000, -1.000000000000000000 ) ) ;
#3340 = DIRECTION ( 'NONE',  ( 0.02617694830786888166, 0.000000000000000000, -0.9996573249755573709 ) ) ;
#3341 = EDGE_CURVE ( 'NONE', #801, #4141, #393, .T. ) ;
#3342 = EDGE_CURVE ( 'NONE', #2306, #1035, #968, .T. ) ;
#3343 = CARTESIAN_POINT ( 'NONE',  ( -1.078534110908991650, 0.000000000000000000, -0.7836008994800002236 ) ) ;
#3344 = ORIENTED_EDGE ( 'NONE', *, *, #3774, .T. ) ;
#3345 = LINE ( 'NONE', #977, #3365 ) ;
#3346 = DIRECTION ( 'NONE',  ( 0.7933533402912321675, 0.000000000000000000, 0.6087614290087246527 ) ) ;
#3347 = AXIS2_PLACEMENT_3D ( 'NONE', #4096, #1105, #4184 ) ;
#3348 = ORIENTED_EDGE ( 'NONE', *, *, #2545, .T. ) ;
#3349 = VECTOR ( 'NONE', #1904, 1000.000000000000000 ) ;
#3350 = DIRECTION ( 'NONE',  ( 0.000000000000000000, 0.000000000000000000, 1.000000000000000000 ) ) ;
#3351 = ORIENTED_EDGE ( 'NONE', *, *, #3066, .F. ) ;
#3352 = CARTESIAN_POINT ( 'NONE',  ( 0.6495980915057290028, 0.8000000000000000444, -1.352043756507944838 ) ) ;
#3353 = CIRCLE ( 'NONE', #3994, 1.500000000000000000 ) ;
#3354 = ORIENTED_EDGE ( 'NONE', *, *, #1026, .F. ) ;
#3355 = CARTESIAN_POINT ( 'NONE',  ( -1.475650554257890601, 3.500000000000000000, -0.2691754849877313061 ) ) ;
#3356 = PLANE ( 'NONE',  #4202 ) ;
#3357 = CARTESIAN_POINT ( 'NONE',  ( 1.320247276071177422, 2.500000000000000000, 0.7120021980490202074 ) ) ;
#3358 = ORIENTED_EDGE ( 'NONE', *, *, #621, .F. ) ;
#3359 = ORIENTED_EDGE ( 'NONE', *, *, #1136, .T. ) ;
#3360 = CARTESIAN_POINT ( 'NONE',  ( 1.085133175154000096, 0.000000000000000000, 1.035608995799000009 ) ) ;
#3361 = CARTESIAN_POINT ( 'NONE',  ( 1.267892888973955801, 0.8000000000000000444, -0.4119633723411355031 ) ) ;
#3362 = FACE_OUTER_BOUND ( 'NONE', #3478, .T. ) ;
#3363 = VECTOR ( 'NONE', #2858, 1000.000000000000227 ) ;
#3364 = EDGE_CURVE ( 'NONE', #3919, #4120, #2021, .T. ) ;
#3365 = VECTOR ( 'NONE', #261, 1000.000000000000000 ) ;
#3366 = DIRECTION ( 'NONE',  ( 0.000000000000000000, 1.000000000000000000, 0.000000000000000000 ) ) ;
#3367 = ORIENTED_EDGE ( 'NONE', *, *, #1838, .F. ) ;
#3368 = DIRECTION ( 'NONE',  ( 0.000000000000000000, 0.000000000000000000, -1.000000000000000000 ) ) ;
#3369 = CARTESIAN_POINT ( 'NONE',  ( 0.000000000000000000, 0.000000000000000000, 1.333141477135999953 ) ) ;
#3370 = AXIS2_PLACEMENT_3D ( 'NONE', #4357, #1271, #4037 ) ;
#3371 = DIRECTION ( 'NONE',  ( 0.000000000000000000, 0.000000000000000000, -1.000000000000000000 ) ) ;
#3372 = EDGE_CURVE ( 'NONE', #274, #494, #3701, .T. ) ;
#3373 = AXIS2_PLACEMENT_3D ( 'NONE', #3909, #3329, #2885 ) ;
#3374 = AXIS2_PLACEMENT_3D ( 'NONE', #2779, #4142, #1087 ) ;
#3375 = ORIENTED_EDGE ( 'NONE', *, *, #1332, .T. ) ;
#3376 = DIRECTION ( 'NONE',  ( -0.000000000000000000, 1.000000000000000000, -0.000000000000000000 ) ) ;
#3377 = EDGE_CURVE ( 'NONE', #955, #26, #655, .T. ) ;
#3378 = AXIS2_PLACEMENT_3D ( 'NONE', #3190, #739, #1510 ) ;
#3379 = ORIENTED_EDGE ( 'NONE', *, *, #3862, .T. ) ;
#3380 = DIRECTION ( 'NONE',  ( 0.5664062369248178408, 0.000000000000000000, 0.8241261886220260235 ) ) ;
#3381 = DIRECTION ( 'NONE',  ( 0.000000000000000000, -1.000000000000000000, 0.000000000000000000 ) ) ;
#3382 = CIRCLE ( 'NONE', #572, 1.500000000000000000 ) ;
#3383 = VERTEX_POINT ( 'NONE', #1631 ) ;
#3384 = ORIENTED_EDGE ( 'NONE', *, *, #98, .F. ) ;
#3385 = LINE ( 'NONE', #610, #56 ) ;
#3386 = DIRECTION ( 'NONE',  ( 0.9426414910925545732, 0.000000000000000000, 0.3338068592327084194 ) ) ;
#3387 = ORIENTED_EDGE ( 'NONE', *, *, #873, .T. ) ;
#3388 = LINE ( 'NONE', #657, #3656 ) ;
#3389 = ORIENTED_EDGE ( 'NONE', *, *, #4425, .F. ) ;
#3390 = DIRECTION ( 'NONE',  ( 0.02617694830786888513, 0.000000000000000000, 0.9996573249755574819 ) ) ;
#3391 = PLANE ( 'NONE',  #4408 ) ;
#3392 = FACE_OUTER_BOUND ( 'NONE', #3827, .T. ) ;
#3393 = ADVANCED_FACE ( 'NONE', ( #3742 ), #1339, .F. ) ;
#3394 = ORIENTED_EDGE ( 'NONE', *, *, #332, .T. ) ;
#3395 = AXIS2_PLACEMENT_3D ( 'NONE', #4365, #288, #4043 ) ;
#3396 = CARTESIAN_POINT ( 'NONE',  ( 0.2000000000000000111, 3.500000000000000000, -1.486606874732000039 ) ) ;
#3397 = VERTEX_POINT ( 'NONE', #237 ) ;
#3398 = DIRECTION ( 'NONE',  ( 0.5664062369255852269, 0.000000000000000000, -0.8241261886214986676 ) ) ;
#3399 = EDGE_CURVE ( 'NONE', #1616, #4046, #2713, .T. ) ;
#3400 = EDGE_CURVE ( 'NONE', #488, #1261, #611, .T. ) ;
#3401 = PLANE ( 'NONE',  #4065 ) ;
#3402 = EDGE_LOOP ( 'NONE', ( #1723, #2979, #2161, #3429 ) ) ;
#3403 = FACE_OUTER_BOUND ( 'NONE', #3035, .T. ) ;
#3404 = CARTESIAN_POINT ( 'NONE',  ( 0.000000000000000000, 0.8000000000000000444, 0.000000000000000000 ) ) ;
#3405 = DIRECTION ( 'NONE',  ( -0.2840153447038999412, 0.000000000000000000, -0.9588197348681998244 ) ) ;
#3406 = SHAPE_DEFINITION_REPRESENTATION ( #822, #2433 ) ;
#3407 = CARTESIAN_POINT ( 'NONE',  ( -1.352043756507981032, 3.499999999999999556, -0.6495980915057464333 ) ) ;
#3408 = ORIENTED_EDGE ( 'NONE', *, *, #613, .T. ) ;
#3409 = DIRECTION ( 'NONE',  ( 0.000000000000000000, 0.000000000000000000, -1.000000000000000000 ) ) ;
#3410 = DIRECTION ( 'NONE',  ( -0.5664062369255852269, 0.000000000000000000, 0.8241261886214986676 ) ) ;
#3411 = CARTESIAN_POINT ( 'NONE',  ( 0.000000000000000000, 0.000000000000000000, -1.333141477135999953 ) ) ;
#3412 = VERTEX_POINT ( 'NONE', #1609 ) ;
#3413 = VECTOR ( 'NONE', #303, 1000.000000000000114 ) ;
#3414 = DIRECTION ( 'NONE',  ( 0.000000000000000000, -0.7071067811865474617, -0.7071067811865474617 ) ) ;
#3415 = DIRECTION ( 'NONE',  ( -0.000000000000000000, 1.000000000000000000, -0.000000000000000000 ) ) ;
#3416 = ADVANCED_FACE ( 'NONE', ( #2039 ), #279, .F. ) ;
#3417 = AXIS2_PLACEMENT_3D ( 'NONE', #206, #4375, #229 ) ;
#3418 = ORIENTED_EDGE ( 'NONE', *, *, #2489, .T. ) ;
#3419 = DIRECTION ( 'NONE',  ( 0.8241261886214986676, 0.000000000000000000, -0.5664062369255852269 ) ) ;
#3420 = AXIS2_PLACEMENT_3D ( 'NONE', #368, #1092, #388 ) ;
#3421 = DIRECTION ( 'NONE',  ( 0.2840153447038999412, 0.000000000000000000, -0.9588197348681998244 ) ) ;
#3422 = EDGE_CURVE ( 'NONE', #2938, #3919, #2620, .T. ) ;
#3423 = ORIENTED_EDGE ( 'NONE', *, *, #649, .T. ) ;
#3424 = CARTESIAN_POINT ( 'NONE',  ( -0.2691754849876999978, 1.699999999999999956, 1.475650554258000291 ) ) ;
#3425 = CARTESIAN_POINT ( 'NONE',  ( 0.4119633723412000070, 3.500000000000000000, -1.267892888973999987 ) ) ;
#3426 = EDGE_CURVE ( 'NONE', #4089, #923, #674, .T. ) ;
#3427 = EDGE_CURVE ( 'NONE', #1950, #1400, #4358, .T. ) ;
#3428 = ORIENTED_EDGE ( 'NONE', *, *, #668, .T. ) ;
#3429 = ORIENTED_EDGE ( 'NONE', *, *, #4370, .F. ) ;
#3430 = DIRECTION ( 'NONE',  ( -0.000000000000000000, -1.000000000000000000, 0.000000000000000000 ) ) ;
#3431 = ORIENTED_EDGE ( 'NONE', *, *, #390, .T. ) ;
#3432 = CARTESIAN_POINT ( 'NONE',  ( 0.000000000000000000, 3.500000000000000000, 0.000000000000000000 ) ) ;
#3433 = DIRECTION ( 'NONE',  ( 0.02617694830783522456, 0.000000000000000000, -0.9996573249755582591 ) ) ;
#3434 = VECTOR ( 'NONE', #1124, 1000.000000000000000 ) ;
#3435 = DIRECTION ( 'NONE',  ( -0.02617694830783522456, 0.000000000000000000, -0.9996573249755582591 ) ) ;
#3436 = VERTEX_POINT ( 'NONE', #933 ) ;
#3437 = LINE ( 'NONE', #1456, #626 ) ;
#3438 = CIRCLE ( 'NONE', #2943, 1.500000000000000000 ) ;
#3439 = CARTESIAN_POINT ( 'NONE',  ( 0.000000000000000000, 2.500000000000000000, 0.000000000000000000 ) ) ;
#3440 = AXIS2_PLACEMENT_3D ( 'NONE', #1823, #63, #3064 ) ;
#3441 = ORIENTED_EDGE ( 'NONE', *, *, #3477, .F. ) ;
#3442 = CARTESIAN_POINT ( 'NONE',  ( 0.2000000000000998202, 0.000000000000000000, 1.486606874731870143 ) ) ;
#3443 = ADVANCED_FACE ( 'NONE', ( #3362 ), #742, .F. ) ;
#3444 = CARTESIAN_POINT ( 'NONE',  ( -0.7836008994800000016, 1.699999999999999956, 1.078534110909000310 ) ) ;
#3445 = AXIS2_PLACEMENT_3D ( 'NONE', #871, #3950, #2243 ) ;
#3446 = ORIENTED_EDGE ( 'NONE', *, *, #1851, .T. ) ;
#3447 = LINE ( 'NONE', #1059, #1296 ) ;
#3448 = ADVANCED_FACE ( 'NONE', ( #3781 ), #45, .F. ) ;
#3449 = AXIS2_PLACEMENT_3D ( 'NONE', #4437, #3464, #2747 ) ;
#3450 = PLANE ( 'NONE',  #253 ) ;
#3451 = ORIENTED_EDGE ( 'NONE', *, *, #953, .F. ) ;
#3452 = EDGE_LOOP ( 'NONE', ( #3389, #3160, #4353, #538 ) ) ;
#3453 = ADVANCED_FACE ( 'NONE', ( #361 ), #2752, .T. ) ;
#3454 = EDGE_LOOP ( 'NONE', ( #2413, #3875, #3885, #1706 ) ) ;
#3455 = EDGE_CURVE ( 'NONE', #2291, #3969, #3150, .T. ) ;
#3456 = LINE ( 'NONE', #2415, #1785 ) ;
#3457 = CARTESIAN_POINT ( 'NONE',  ( -0.2691754849878376654, 1.699999999999999956, 1.475650554258007396 ) ) ;
#3458 = CARTESIAN_POINT ( 'NONE',  ( 1.475650554258133074, 0.000000000000000000, 0.2691754849878934541 ) ) ;
#3459 = ORIENTED_EDGE ( 'NONE', *, *, #2510, .T. ) ;
#3460 = PLANE ( 'NONE',  #2787 ) ;
#3461 = DIRECTION ( 'NONE',  ( -0.000000000000000000, 1.000000000000000000, 0.000000000000000000 ) ) ;
#3462 = ORIENTED_EDGE ( 'NONE', *, *, #3455, .T. ) ;
#3463 = EDGE_LOOP ( 'NONE', ( #2074, #330, #1770, #231 ) ) ;
#3464 = DIRECTION ( 'NONE',  ( 0.6087614290087246527, 0.000000000000000000, 0.7933533402912321675 ) ) ;
#3465 = AXIS2_PLACEMENT_3D ( 'NONE', #485, #3278, #3996 ) ;
#3466 = FACE_OUTER_BOUND ( 'NONE', #2211, .T. ) ;
#3467 = VECTOR ( 'NONE', #2124, 1000.000000000000000 ) ;
#3468 = ORIENTED_EDGE ( 'NONE', *, *, #4254, .T. ) ;
#3469 = CARTESIAN_POINT ( 'NONE',  ( 0.6495980915057288918, 3.500000000000000000, 1.352043756507944838 ) ) ;
#3470 = ORIENTED_EDGE ( 'NONE', *, *, #614, .T. ) ;
#3471 = VERTEX_POINT ( 'NONE', #1034 ) ;
#3472 = VERTEX_POINT ( 'NONE', #1381 ) ;
#3473 = LINE ( 'NONE', #1450, #1423 ) ;
#3474 = CARTESIAN_POINT ( 'NONE',  ( -1.078534110909000310, 3.500000000000000000, 0.7836008994800000016 ) ) ;
#3475 = CARTESIAN_POINT ( 'NONE',  ( -0.7836008994800001126, 3.500000000000000888, 1.078534110909000310 ) ) ;
#3476 = CARTESIAN_POINT ( 'NONE',  ( -0.2691754849878944533, 2.500000000000000000, 1.475650554257860847 ) ) ;
#3477 = EDGE_CURVE ( 'NONE', #4120, #828, #3104, .T. ) ;
#3478 = EDGE_LOOP ( 'NONE', ( #2069, #16, #3558, #4272 ) ) ;
#3479 = CARTESIAN_POINT ( 'NONE',  ( -1.352043756507999905, 1.699999999999999956, 0.6495980915057999461 ) ) ;
#3480 = DIRECTION ( 'NONE',  ( -0.000000000000000000, 1.000000000000000000, -0.000000000000000000 ) ) ;
#3481 = ADVANCED_FACE ( 'NONE', ( #339 ), #1014, .T. ) ;
#3482 = ORIENTED_EDGE ( 'NONE', *, *, #780, .F. ) ;
#3483 = LINE ( 'NONE', #654, #417 ) ;
#3484 = LINE ( 'NONE', #4, #680 ) ;
#3485 = AXIS2_PLACEMENT_3D ( 'NONE', #1974, #971, #571 ) ;
#3486 = ORIENTED_EDGE ( 'NONE', *, *, #837, .F. ) ;
#3487 = VECTOR ( 'NONE', #2771, 1000.000000000000227 ) ;
#3488 = DIRECTION ( 'NONE',  ( 0.2840153447038998857, 0.000000000000000000, 0.9588197348681997134 ) ) ;
#3489 = CARTESIAN_POINT ( 'NONE',  ( 0.000000000000000000, 0.8000000000000000444, 0.000000000000000000 ) ) ;
#3490 = AXIS2_PLACEMENT_3D ( 'NONE', #3910, #2205, #1554 ) ;
#3491 = ORIENTED_EDGE ( 'NONE', *, *, #30, .F. ) ;
#3492 = ORIENTED_EDGE ( 'NONE', *, *, #1949, .T. ) ;
#3493 = ORIENTED_EDGE ( 'NONE', *, *, #85, .F. ) ;
#3494 = DIRECTION ( 'NONE',  ( 0.000000000000000000, 0.000000000000000000, 1.000000000000000000 ) ) ;
#3495 = EDGE_CURVE ( 'NONE', #1907, #4120, #4116, .T. ) ;
#3496 = CARTESIAN_POINT ( 'NONE',  ( 0.7120021980490062186, 3.500000000000000000, -1.320247276071185194 ) ) ;
#3497 = DIRECTION ( 'NONE',  ( 0.000000000000000000, 0.000000000000000000, -1.000000000000000000 ) ) ;
#3498 = DIRECTION ( 'NONE',  ( -0.9426414910925545732, 0.000000000000000000, 0.3338068592327084194 ) ) ;
#3499 = ORIENTED_EDGE ( 'NONE', *, *, #534, .T. ) ;
#3500 = CARTESIAN_POINT ( 'NONE',  ( 0.000000000000000000, 0.000000000000000000, 0.000000000000000000 ) ) ;
#3501 = ADVANCED_FACE ( 'NONE', ( #2732 ), #3450, .F. ) ;
#3502 = LINE ( 'NONE', #1049, #2748 ) ;
#3503 = DIRECTION ( 'NONE',  ( 0.6087614290092401292, 0.000000000000000000, 0.7933533402908364840 ) ) ;
#3504 = AXIS2_PLACEMENT_3D ( 'NONE', #1007, #3415, #3753 ) ;
#3505 = ORIENTED_EDGE ( 'NONE', *, *, #234, .F. ) ;
#3506 = AXIS2_PLACEMENT_3D ( 'NONE', #3664, #4363, #1635 ) ;
#3507 = EDGE_CURVE ( 'NONE', #1409, #1437, #694, .T. ) ;
#3508 = FACE_OUTER_BOUND ( 'NONE', #3074, .T. ) ;
#3509 = CARTESIAN_POINT ( 'NONE',  ( 0.000000000000000000, 0.8000000000000000444, -1.333141477135999953 ) ) ;
#3510 = VECTOR ( 'NONE', #909, 1000.000000000000000 ) ;
#3511 = CARTESIAN_POINT ( 'NONE',  ( 1.267892888973866983, 0.000000000000000000, -0.4119633723410065507 ) ) ;
#3512 = ORIENTED_EDGE ( 'NONE', *, *, #3209, .F. ) ;
#3513 = DIRECTION ( 'NONE',  ( 0.3338068592327084194, 0.000000000000000000, -0.9426414910925545732 ) ) ;
#3514 = CIRCLE ( 'NONE', #1145, 1.500000000000000000 ) ;
#3515 = FACE_OUTER_BOUND ( 'NONE', #1017, .T. ) ;
#3516 = LINE ( 'NONE', #2869, #4017 ) ;
#3517 = CIRCLE ( 'NONE', #2950, 1.500000000000000000 ) ;
#3518 = ORIENTED_EDGE ( 'NONE', *, *, #1115, .F. ) ;
#3519 = ORIENTED_EDGE ( 'NONE', *, *, #831, .T. ) ;
#3520 = DIRECTION ( 'NONE',  ( -0.5664062369248178408, 0.000000000000000000, 0.8241261886220260235 ) ) ;
#3521 = ORIENTED_EDGE ( 'NONE', *, *, #3746, .F. ) ;
#3522 = CARTESIAN_POINT ( 'NONE',  ( 0.2691754849876999978, 2.500000000000000000, 1.475650554258000291 ) ) ;
#3523 = DIRECTION ( 'NONE',  ( -2.486899575160350651E-14, 0.000000000000000000, -1.000000000000000000 ) ) ;
#3524 = LINE ( 'NONE', #99, #1559 ) ;
#3525 = EDGE_CURVE ( 'NONE', #4387, #3850, #1738, .T. ) ;
#3526 = ORIENTED_EDGE ( 'NONE', *, *, #4111, .T. ) ;
#3527 = DIRECTION ( 'NONE',  ( -0.000000000000000000, 1.000000000000000000, 0.000000000000000000 ) ) ;
#3528 = DIRECTION ( 'NONE',  ( 0.000000000000000000, -1.000000000000000000, 0.000000000000000000 ) ) ;
#3529 = CARTESIAN_POINT ( 'NONE',  ( 0.000000000000000000, 0.000000000000000000, 0.000000000000000000 ) ) ;
#3530 = ORIENTED_EDGE ( 'NONE', *, *, #1557, .F. ) ;
#3531 = EDGE_CURVE ( 'NONE', #34, #195, #3708, .T. ) ;
#3532 = CARTESIAN_POINT ( 'NONE',  ( 1.486606874732000039, 2.500000000000000000, 0.2000000000000000111 ) ) ;
#3533 = FACE_OUTER_BOUND ( 'NONE', #4335, .T. ) ;
#3534 = VECTOR ( 'NONE', #1075, 1000.000000000000000 ) ;
#3535 = EDGE_LOOP ( 'NONE', ( #886, #2346, #345, #147 ) ) ;
#3536 = EDGE_CURVE ( 'NONE', #1822, #4186, #3845, .T. ) ;
#3537 = LINE ( 'NONE', #449, #1130 ) ;
#3538 = ORIENTED_EDGE ( 'NONE', *, *, #3536, .F. ) ;
#3539 = CARTESIAN_POINT ( 'NONE',  ( -1.267892888973999987, 1.699999999999999956, 0.4119633723412000070 ) ) ;
#3540 = AXIS2_PLACEMENT_3D ( 'NONE', #3324, #2653, #243 ) ;
#3541 = LINE ( 'NONE', #185, #541 ) ;
#3542 = DIRECTION ( 'NONE',  ( -0.9426414910921715462, 0.000000000000000000, 0.3338068592337899987 ) ) ;
#3543 = CARTESIAN_POINT ( 'NONE',  ( -1.320247276071000231, 2.500000000000000888, 0.7120021980490000013 ) ) ;
#3544 = ORIENTED_EDGE ( 'NONE', *, *, #1895, .F. ) ;
#3545 = VERTEX_POINT ( 'NONE', #3469 ) ;
#3546 = CARTESIAN_POINT ( 'NONE',  ( 0.7836008994800001126, 3.500000000000000888, -1.078534110909000310 ) ) ;
#3547 = CARTESIAN_POINT ( 'NONE',  ( 0.6495980915057033567, 0.000000000000000000, 1.352043756508272576 ) ) ;
#3548 = DIRECTION ( 'NONE',  ( -0.8241261886214986676, 0.000000000000000000, -0.5664062369255852269 ) ) ;
#3549 = ORIENTED_EDGE ( 'NONE', *, *, #1464, .T. ) ;
#3550 = DIRECTION ( 'NONE',  ( -0.000000000000000000, 1.000000000000000000, -0.000000000000000000 ) ) ;
#3551 = DIRECTION ( 'NONE',  ( -0.3338068592327084194, 0.000000000000000000, -0.9426414910925545732 ) ) ;
#3552 = DIRECTION ( 'NONE',  ( -0.2840153447038998857, 0.000000000000000000, -0.9588197348681997134 ) ) ;
#3553 = VERTEX_POINT ( 'NONE', #1784 ) ;
#3554 = ORIENTED_EDGE ( 'NONE', *, *, #696, .F. ) ;
#3555 = FACE_OUTER_BOUND ( 'NONE', #2617, .T. ) ;
#3556 = FACE_OUTER_BOUND ( 'NONE', #2915, .T. ) ;
#3557 = ADVANCED_FACE ( 'NONE', ( #2077 ), #2821, .F. ) ;
#3558 = ORIENTED_EDGE ( 'NONE', *, *, #3892, .T. ) ;
#3559 = DIRECTION ( 'NONE',  ( 0.000000000000000000, 1.000000000000000000, 0.000000000000000000 ) ) ;
#3560 = AXIS2_PLACEMENT_3D ( 'NONE', #2097, #382, #1717 ) ;
#3561 = DIRECTION ( 'NONE',  ( 0.000000000000000000, -1.000000000000000000, 0.000000000000000000 ) ) ;
#3562 = EDGE_CURVE ( 'NONE', #34, #2412, #2056, .T. ) ;
#3563 = PLANE ( 'NONE',  #281 ) ;
#3564 = CARTESIAN_POINT ( 'NONE',  ( 0.7120021980490062186, 0.8000000000000000444, 1.320247276071185194 ) ) ;
#3565 = AXIS2_PLACEMENT_3D ( 'NONE', #2975, #1968, #272 ) ;
#3566 = EDGE_LOOP ( 'NONE', ( #1120, #319, #167, #1714 ) ) ;
#3567 = ORIENTED_EDGE ( 'NONE', *, *, #1896, .T. ) ;
#3568 = DIRECTION ( 'NONE',  ( 0.000000000000000000, 1.000000000000000000, -0.000000000000000000 ) ) ;
#3569 = CARTESIAN_POINT ( 'NONE',  ( 0.000000000000000000, 3.500000000000000000, 0.000000000000000000 ) ) ;
#3570 = ADVANCED_FACE ( 'NONE', ( #721 ), #1697, .F. ) ;
#3571 = CIRCLE ( 'NONE', #1196, 1.000000000000000000 ) ;
#3572 = DIRECTION ( 'NONE',  ( 0.000000000000000000, -1.000000000000000000, 0.000000000000000000 ) ) ;
#3573 = DIRECTION ( 'NONE',  ( 0.000000000000000000, -1.000000000000000000, 0.000000000000000000 ) ) ;
#3574 = ORIENTED_EDGE ( 'NONE', *, *, #1688, .F. ) ;
#3575 = LINE ( 'NONE', #1234, #1795 ) ;
#3576 = DIRECTION ( 'NONE',  ( -0.8241261886214986676, 0.000000000000000000, -0.5664062369255852269 ) ) ;
#3577 = ORIENTED_EDGE ( 'NONE', *, *, #2794, .F. ) ;
#3578 = ORIENTED_EDGE ( 'NONE', *, *, #2372, .F. ) ;
#3579 = FACE_OUTER_BOUND ( 'NONE', #2259, .T. ) ;
#3580 = VECTOR ( 'NONE', #483, 1000.000000000000114 ) ;
#3581 = DIRECTION ( 'NONE',  ( 0.000000000000000000, 0.000000000000000000, -1.000000000000000000 ) ) ;
#3582 = ORIENTED_EDGE ( 'NONE', *, *, #787, .F. ) ;
#3583 = CARTESIAN_POINT ( 'NONE',  ( -1.486606874732000039, 0.000000000000000000, -0.2000000000000000111 ) ) ;
#3584 = VECTOR ( 'NONE', #3109, 1000.000000000000114 ) ;
#3585 = AXIS2_PLACEMENT_3D ( 'NONE', #1012, #2712, #3759 ) ;
#3586 = DIRECTION ( 'NONE',  ( 0.000000000000000000, 0.000000000000000000, -1.000000000000000000 ) ) ;
#3587 = DIRECTION ( 'NONE',  ( -0.000000000000000000, -1.000000000000000000, -0.000000000000000000 ) ) ;
#3588 = EDGE_LOOP ( 'NONE', ( #4176, #1999, #833, #2591 ) ) ;
#3589 = VERTEX_POINT ( 'NONE', #1758 ) ;
#3590 = VECTOR ( 'NONE', #3414, 1000.000000000000114 ) ;
#3591 = ADVANCED_FACE ( 'NONE', ( #2799 ), #1465, .F. ) ;
#3592 = CIRCLE ( 'NONE', #4156, 1.500000000000000000 ) ;
#3593 = VERTEX_POINT ( 'NONE', #4207 ) ;
#3594 = PLANE ( 'NONE',  #3793 ) ;
#3595 = CARTESIAN_POINT ( 'NONE',  ( -1.267892888973955801, 2.500000000000000000, 0.4119633723411355586 ) ) ;
#3596 = CARTESIAN_POINT ( 'NONE',  ( 1.035608995799134568, 3.500000000000000000, 1.085133175154049168 ) ) ;
#3597 = AXIS2_PLACEMENT_3D ( 'NONE', #1359, #1606, #1628 ) ;
#3598 = ADVANCED_FACE ( 'NONE', ( #89 ), #1538, .T. ) ;
#3599 = EDGE_CURVE ( 'NONE', #2306, #3186, #1222, .T. ) ;
#3600 = VERTEX_POINT ( 'NONE', #1486 ) ;
#3601 = FACE_OUTER_BOUND ( 'NONE', #1144, .T. ) ;
#3602 = DIRECTION ( 'NONE',  ( -0.2840153447039861501, 0.000000000000000000, 0.9588197348681742893 ) ) ;
#3603 = VECTOR ( 'NONE', #2573, 1000.000000000000000 ) ;
#3604 = VERTEX_POINT ( 'NONE', #1126 ) ;
#3605 = LINE ( 'NONE', #1899, #1427 ) ;
#3606 = CARTESIAN_POINT ( 'NONE',  ( 0.1999999999999070854, 3.500000000000000000, 1.486606874731863037 ) ) ;
#3607 = ORIENTED_EDGE ( 'NONE', *, *, #3289, .F. ) ;
#3608 = CARTESIAN_POINT ( 'NONE',  ( -1.267892888973866983, 0.000000000000000000, 0.4119633723410065507 ) ) ;
#3609 = DIRECTION ( 'NONE',  ( -0.9588197348681998244, 0.000000000000000000, -0.2840153447038999412 ) ) ;
#3610 = VERTEX_POINT ( 'NONE', #3963 ) ;
#3611 = AXIS2_PLACEMENT_3D ( 'NONE', #3162, #3528, #4196 ) ;
#3612 = ORIENTED_EDGE ( 'NONE', *, *, #3195, .F. ) ;
#3613 = CARTESIAN_POINT ( 'NONE',  ( -1.352043756507999905, 0.000000000000000000, -0.6495980915057999461 ) ) ;
#3614 = CARTESIAN_POINT ( 'NONE',  ( -0.4119633723412000070, 2.500000000000000000, -1.267892888973999987 ) ) ;
#3615 = DIRECTION ( 'NONE',  ( 0.000000000000000000, -1.000000000000000000, 0.000000000000000000 ) ) ;
#3616 = EDGE_CURVE ( 'NONE', #1485, #823, #2934, .T. ) ;
#3617 = DIRECTION ( 'NONE',  ( -0.000000000000000000, 1.000000000000000000, 0.000000000000000000 ) ) ;
#3618 = ORIENTED_EDGE ( 'NONE', *, *, #2729, .T. ) ;
#3619 = CARTESIAN_POINT ( 'NONE',  ( 0.2691754849878376654, 0.8000000000000000444, -1.475650554258007396 ) ) ;
#3620 = CARTESIAN_POINT ( 'NONE',  ( 0.000000000000000000, 2.500000000000000000, 0.000000000000000000 ) ) ;
#3621 = ADVANCED_FACE ( 'NONE', ( #4236 ), #3915, .F. ) ;
#3622 = ORIENTED_EDGE ( 'NONE', *, *, #1698, .T. ) ;
#3623 = VERTEX_POINT ( 'NONE', #1853 ) ;
#3624 = DIRECTION ( 'NONE',  ( 0.000000000000000000, 0.000000000000000000, -1.000000000000000000 ) ) ;
#3625 = CARTESIAN_POINT ( 'NONE',  ( -0.2691754849876999978, 0.000000000000000000, -1.475650554258000291 ) ) ;
#3626 = ORIENTED_EDGE ( 'NONE', *, *, #3319, .T. ) ;
#3627 = FACE_OUTER_BOUND ( 'NONE', #2254, .T. ) ;
#3628 = DIRECTION ( 'NONE',  ( -0.000000000000000000, 1.000000000000000000, 0.000000000000000000 ) ) ;
#3629 = DIRECTION ( 'NONE',  ( 0.9588197348681997134, 0.000000000000000000, 0.2840153447038998857 ) ) ;
#3630 = CARTESIAN_POINT ( 'NONE',  ( 0.4119633723412965964, 0.000000000000000000, -1.267892888973727317 ) ) ;
#3631 = VERTEX_POINT ( 'NONE', #141 ) ;
#3632 = VECTOR ( 'NONE', #2185, 1000.000000000000000 ) ;
#3633 = ORIENTED_EDGE ( 'NONE', *, *, #4252, .F. ) ;
#3634 = CARTESIAN_POINT ( 'NONE',  ( -0.7836008994800000016, 0.000000000000000000, -1.078534110909000310 ) ) ;
#3635 = CYLINDRICAL_SURFACE ( 'NONE', #3056, 1.500000000000000000 ) ;
#3636 = CARTESIAN_POINT ( 'NONE',  ( 0.000000000000000000, 1.699999999999999956, 0.000000000000000000 ) ) ;
#3637 = VECTOR ( 'NONE', #4163, 1000.000000000000000 ) ;
#3638 = EDGE_CURVE ( 'NONE', #3593, #72, #2911, .T. ) ;
#3639 = ORIENTED_EDGE ( 'NONE', *, *, #2605, .T. ) ;
#3640 = DIRECTION ( 'NONE',  ( 3.463895836830488406E-14, 0.000000000000000000, -1.000000000000000000 ) ) ;
#3641 = CIRCLE ( 'NONE', #3417, 1.500000000000000000 ) ;
#3642 = CARTESIAN_POINT ( 'NONE',  ( 0.000000000000000000, 2.500000000000000000, 1.333141477135999953 ) ) ;
#3643 = VERTEX_POINT ( 'NONE', #2599 ) ;
#3644 = DIRECTION ( 'NONE',  ( 0.000000000000000000, -1.000000000000000000, 0.000000000000000000 ) ) ;
#3645 = EDGE_CURVE ( 'NONE', #3589, #4130, #3541, .T. ) ;
#3646 = CARTESIAN_POINT ( 'NONE',  ( -1.475650554257890601, 0.8000000000000000444, 0.2691754849877315836 ) ) ;
#3647 = VERTEX_POINT ( 'NONE', #1830 ) ;
#3648 = LINE ( 'NONE', #2614, #3217 ) ;
#3649 = EDGE_CURVE ( 'NONE', #1188, #3154, #2529, .T. ) ;
#3650 = EDGE_CURVE ( 'NONE', #444, #2140, #2164, .T. ) ;
#3651 = VECTOR ( 'NONE', #3220, 1000.000000000000114 ) ;
#3652 = DIRECTION ( 'NONE',  ( 0.000000000000000000, 0.000000000000000000, -1.000000000000000000 ) ) ;
#3653 = VECTOR ( 'NONE', #1614, 1000.000000000000114 ) ;
#3654 = ORIENTED_EDGE ( 'NONE', *, *, #995, .T. ) ;
#3655 = ORIENTED_EDGE ( 'NONE', *, *, #3916, .T. ) ;
#3656 = VECTOR ( 'NONE', #3007, 1000.000000000000000 ) ;
#3657 = LINE ( 'NONE', #2037, #3802 ) ;
#3658 = ORIENTED_EDGE ( 'NONE', *, *, #2403, .T. ) ;
#3659 = LINE ( 'NONE', #3045, #2011 ) ;
#3660 = DIRECTION ( 'NONE',  ( -0.9996573249755573709, 0.000000000000000000, -0.02617694830786888166 ) ) ;
#3661 = CIRCLE ( 'NONE', #3867, 1.500000000000000000 ) ;
#3662 = CARTESIAN_POINT ( 'NONE',  ( 0.000000000000000000, 0.000000000000000000, 0.000000000000000000 ) ) ;
#3663 = ORIENTED_EDGE ( 'NONE', *, *, #1724, .F. ) ;
#3664 = CARTESIAN_POINT ( 'NONE',  ( 0.000000000000000000, 0.8000000000000000444, 0.000000000000000000 ) ) ;
#3665 = VECTOR ( 'NONE', #186, 1000.000000000000000 ) ;
#3666 = CYLINDRICAL_SURFACE ( 'NONE', #3540, 1.500000000000000000 ) ;
#3667 = ORIENTED_EDGE ( 'NONE', *, *, #3105, .F. ) ;
#3668 = ORIENTED_EDGE ( 'NONE', *, *, #3306, .T. ) ;
#3669 = CARTESIAN_POINT ( 'NONE',  ( 0.000000000000000000, 0.8000000000000000444, 0.000000000000000000 ) ) ;
#3670 = EDGE_CURVE ( 'NONE', #2764, #722, #1692, .T. ) ;
#3671 = ORIENTED_EDGE ( 'NONE', *, *, #831, .F. ) ;
#3672 = CARTESIAN_POINT ( 'NONE',  ( -1.333141477136043029, 2.500000000000000000, 3.324886662288880475E-14 ) ) ;
#3673 = PLANE ( 'NONE',  #2992 ) ;
#3674 = EDGE_CURVE ( 'NONE', #1490, #3890, #3895, .T. ) ;
#3675 = CARTESIAN_POINT ( 'NONE',  ( -0.2691754849877315836, 0.8000000000000000444, -1.475650554257890601 ) ) ;
#3676 = EDGE_CURVE ( 'NONE', #2308, #801, #4261, .T. ) ;
#3677 = ORIENTED_EDGE ( 'NONE', *, *, #4316, .F. ) ;
#3678 = EDGE_LOOP ( 'NONE', ( #384, #3567 ) ) ;
#3679 = CARTESIAN_POINT ( 'NONE',  ( -1.035608995799088161, 0.000000000000000000, 1.085133175154093355 ) ) ;
#3680 = ORIENTED_EDGE ( 'NONE', *, *, #3257, .T. ) ;
#3681 = DIRECTION ( 'NONE',  ( -0.000000000000000000, 1.000000000000000000, 0.000000000000000000 ) ) ;
#3682 = DIRECTION ( 'NONE',  ( 0.000000000000000000, -0.000000000000000000, 1.000000000000000000 ) ) ;
#3683 = VECTOR ( 'NONE', #2068, 1000.000000000000114 ) ;
#3684 = DIRECTION ( 'NONE',  ( -0.9996573249755574819, 0.000000000000000000, -0.02617694830786888513 ) ) ;
#3685 = VERTEX_POINT ( 'NONE', #114 ) ;
#3686 = LINE ( 'NONE', #3727, #53 ) ;
#3687 = DIRECTION ( 'NONE',  ( 0.000000000000000000, -1.000000000000000000, -0.000000000000000000 ) ) ;
#3688 = AXIS2_PLACEMENT_3D ( 'NONE', #1726, #3110, #31 ) ;
#3689 = ORIENTED_EDGE ( 'NONE', *, *, #3251, .F. ) ;
#3690 = ORIENTED_EDGE ( 'NONE', *, *, #720, .T. ) ;
#3691 = LINE ( 'NONE', #2047, #2014 ) ;
#3692 = ORIENTED_EDGE ( 'NONE', *, *, #1030, .T. ) ;
#3693 = DIRECTION ( 'NONE',  ( 0.000000000000000000, -1.000000000000000000, 0.000000000000000000 ) ) ;
#3694 = EDGE_CURVE ( 'NONE', #828, #4089, #814, .T. ) ;
#3695 = LINE ( 'NONE', #603, #4129 ) ;
#3696 = ORIENTED_EDGE ( 'NONE', *, *, #1114, .F. ) ;
#3697 = VERTEX_POINT ( 'NONE', #1176 ) ;
#3698 = DIRECTION ( 'NONE',  ( 0.000000000000000000, 0.000000000000000000, -1.000000000000000000 ) ) ;
#3699 = EDGE_CURVE ( 'NONE', #3983, #1822, #2553, .T. ) ;
#3700 = CARTESIAN_POINT ( 'NONE',  ( 3.327620266529587268E-14, 0.8000000000000000444, 1.333141477136043029 ) ) ;
#3701 = LINE ( 'NONE', #1679, #4063 ) ;
#3702 = CARTESIAN_POINT ( 'NONE',  ( -1.352043756507999905, 0.000000000000000000, -0.6495980915057999461 ) ) ;
#3703 = ADVANCED_FACE ( 'NONE', ( #3939 ), #836, .F. ) ;
#3704 = ORIENTED_EDGE ( 'NONE', *, *, #3055, .T. ) ;
#3705 = ADVANCED_FACE ( 'NONE', ( #883, #3515 ), #3311, .F. ) ;
#3706 = CARTESIAN_POINT ( 'NONE',  ( 0.000000000000000000, 0.000000000000000000, 0.000000000000000000 ) ) ;
#3707 = PLANE ( 'NONE',  #516 ) ;
#3708 = CIRCLE ( 'NONE', #2988, 1.500000000000000000 ) ;
#3709 = DIRECTION ( 'NONE',  ( -0.000000000000000000, 1.000000000000000000, 0.000000000000000000 ) ) ;
#3710 = AXIS2_PLACEMENT_3D ( 'NONE', #2209, #3609, #519 ) ;
#3711 = DIRECTION ( 'NONE',  ( 0.000000000000000000, 0.000000000000000000, -1.000000000000000000 ) ) ;
#3712 = ORIENTED_EDGE ( 'NONE', *, *, #2741, .F. ) ;
#3713 = CARTESIAN_POINT ( 'NONE',  ( 1.352043756507999905, 2.500000000000000000, 0.6495980915057999461 ) ) ;
#3714 = VECTOR ( 'NONE', #2918, 1000.000000000000114 ) ;
#3715 = ORIENTED_EDGE ( 'NONE', *, *, #919, .F. ) ;
#3716 = DIRECTION ( 'NONE',  ( -0.000000000000000000, -1.000000000000000000, -0.000000000000000000 ) ) ;
#3717 = CARTESIAN_POINT ( 'NONE',  ( 1.352043756507999905, 0.000000000000000000, 0.6495980915057999461 ) ) ;
#3718 = DIRECTION ( 'NONE',  ( 0.000000000000000000, 0.000000000000000000, -1.000000000000000000 ) ) ;
#3719 = ORIENTED_EDGE ( 'NONE', *, *, #1525, .F. ) ;
#3720 = VERTEX_POINT ( 'NONE', #581 ) ;
#3721 = CARTESIAN_POINT ( 'NONE',  ( -0.7120021980489777969, 1.699999999999999956, 1.320247276071115250 ) ) ;
#3722 = CARTESIAN_POINT ( 'NONE',  ( 0.000000000000000000, 3.500000000000000000, 0.000000000000000000 ) ) ;
#3723 = AXIS2_PLACEMENT_3D ( 'NONE', #1186, #1891, #102 ) ;
#3724 = VECTOR ( 'NONE', #1763, 1000.000000000000227 ) ;
#3725 = DIRECTION ( 'NONE',  ( 0.000000000000000000, -1.000000000000000000, 0.000000000000000000 ) ) ;
#3726 = ORIENTED_EDGE ( 'NONE', *, *, #4029, .T. ) ;
#3727 = CARTESIAN_POINT ( 'NONE',  ( 0.7836008994800000016, 3.500000000000000000, -1.078534110909000310 ) ) ;
#3728 = DIRECTION ( 'NONE',  ( 0.000000000000000000, 1.000000000000000000, 0.000000000000000000 ) ) ;
#3729 = CARTESIAN_POINT ( 'NONE',  ( -1.475650554258000291, 1.699999999999999956, -0.2691754849876999978 ) ) ;
#3730 = EDGE_CURVE ( 'NONE', #3284, #4035, #903, .T. ) ;
#3731 = ADVANCED_FACE ( 'NONE', ( #2301 ), #3673, .F. ) ;
#3732 = VECTOR ( 'NONE', #4456, 1000.000000000000000 ) ;
#3733 = ORIENTED_EDGE ( 'NONE', *, *, #239, .T. ) ;
#3734 = CARTESIAN_POINT ( 'NONE',  ( 1.475650554258000291, 1.699999999999999956, 0.2691754849876999978 ) ) ;
#3735 = CIRCLE ( 'NONE', #4159, 1.500000000000000000 ) ;
#3736 = ORIENTED_EDGE ( 'NONE', *, *, #1175, .T. ) ;
#3737 = DIRECTION ( 'NONE',  ( 0.000000000000000000, -1.000000000000000000, 0.000000000000000000 ) ) ;
#3738 = DIRECTION ( 'NONE',  ( -0.000000000000000000, 1.000000000000000000, 0.000000000000000000 ) ) ;
#3739 = VECTOR ( 'NONE', #1376, 1000.000000000000000 ) ;
#3740 = ORIENTED_EDGE ( 'NONE', *, *, #1976, .T. ) ;
#3741 = CARTESIAN_POINT ( 'NONE',  ( -1.486606874731936534, 2.500000000000000000, -0.1999999999999171607 ) ) ;
#3742 = FACE_OUTER_BOUND ( 'NONE', #1466, .T. ) ;
#3743 = CARTESIAN_POINT ( 'NONE',  ( 0.000000000000000000, 3.500000000000000000, -1.500000000000000000 ) ) ;
#3744 = VERTEX_POINT ( 'NONE', #2256 ) ;
#3745 = CYLINDRICAL_SURFACE ( 'NONE', #3294, 1.500000000000000000 ) ;
#3746 = EDGE_CURVE ( 'NONE', #605, #823, #3641, .T. ) ;
#3747 = CARTESIAN_POINT ( 'NONE',  ( 1.475650554258000291, 0.000000000000000000, -0.2691754849876999978 ) ) ;
#3748 = CARTESIAN_POINT ( 'NONE',  ( 1.078534110908993648, 0.000000000000000000, -0.7836008994799783522 ) ) ;
#3749 = AXIS2_PLACEMENT_3D ( 'NONE', #2834, #4174, #1751 ) ;
#3750 = ORIENTED_EDGE ( 'NONE', *, *, #4133, .T. ) ;
#3751 = ADVANCED_FACE ( 'NONE', ( #4328 ), #904, .T. ) ;
#3752 = DIRECTION ( 'NONE',  ( 0.000000000000000000, -1.000000000000000000, 0.000000000000000000 ) ) ;
#3753 = DIRECTION ( 'NONE',  ( 0.000000000000000000, 0.000000000000000000, -1.000000000000000000 ) ) ;
#3754 = ORIENTED_EDGE ( 'NONE', *, *, #3067, .T. ) ;
#3755 = CYLINDRICAL_SURFACE ( 'NONE', #1661, 1.500000000000000000 ) ;
#3756 = ADVANCED_FACE ( 'NONE', ( #1623 ), #1601, .F. ) ;
#3757 = LINE ( 'NONE', #358, #832 ) ;
#3758 = ORIENTED_EDGE ( 'NONE', *, *, #4425, .T. ) ;
#3759 = DIRECTION ( 'NONE',  ( 0.000000000000000000, 0.000000000000000000, -1.000000000000000000 ) ) ;
#3760 = CARTESIAN_POINT ( 'NONE',  ( 1.035608995799000009, 1.699999999999999956, 1.085133175154000096 ) ) ;
#3761 = ORIENTED_EDGE ( 'NONE', *, *, #1796, .T. ) ;
#3762 = ORIENTED_EDGE ( 'NONE', *, *, #752, .T. ) ;
#3763 = DIRECTION ( 'NONE',  ( 0.000000000000000000, -1.000000000000000000, 0.000000000000000000 ) ) ;
#3764 = ORIENTED_EDGE ( 'NONE', *, *, #2162, .T. ) ;
#3765 = DIRECTION ( 'NONE',  ( 0.7933533402912321675, 0.000000000000000000, -0.6087614290087246527 ) ) ;
#3766 = LINE ( 'NONE', #2063, #3102 ) ;
#3767 = CARTESIAN_POINT ( 'NONE',  ( 1.035608995799088605, 0.000000000000000000, -1.085133175154093133 ) ) ;
#3768 = EDGE_CURVE ( 'NONE', #1058, #1960, #4350, .T. ) ;
#3769 = VERTEX_POINT ( 'NONE', #1243 ) ;
#3770 = DIRECTION ( 'NONE',  ( 0.000000000000000000, 0.000000000000000000, 1.000000000000000000 ) ) ;
#3771 = DIRECTION ( 'NONE',  ( 0.2840153447038998857, 0.000000000000000000, -0.9588197348681997134 ) ) ;
#3772 = AXIS2_PLACEMENT_3D ( 'NONE', #1779, #1010, #1735 ) ;
#3773 = ORIENTED_EDGE ( 'NONE', *, *, #4001, .F. ) ;
#3774 = EDGE_CURVE ( 'NONE', #2515, #2688, #1581, .T. ) ;
#3775 = LINE ( 'NONE', #688, #789 ) ;
#3776 = VECTOR ( 'NONE', #1910, 1000.000000000000000 ) ;
#3777 = CARTESIAN_POINT ( 'NONE',  ( -1.333141477135999953, 0.000000000000000000, 0.000000000000000000 ) ) ;
#3778 = ADVANCED_FACE ( 'NONE', ( #2615 ), #1989, .T. ) ;
#3779 = EDGE_CURVE ( 'NONE', #4172, #826, #4285, .T. ) ;
#3780 = VERTEX_POINT ( 'NONE', #1946 ) ;
#3781 = FACE_OUTER_BOUND ( 'NONE', #714, .T. ) ;
#3782 = ORIENTED_EDGE ( 'NONE', *, *, #2900, .F. ) ;
#3783 = ORIENTED_EDGE ( 'NONE', *, *, #198, .F. ) ;
#3784 = ORIENTED_EDGE ( 'NONE', *, *, #995, .F. ) ;
#3785 = DIRECTION ( 'NONE',  ( 0.5664062369248178408, 0.000000000000000000, 0.8241261886220260235 ) ) ;
#3786 = CARTESIAN_POINT ( 'NONE',  ( 0.000000000000000000, 3.500000000000000000, -1.500000000000000000 ) ) ;
#3787 = VECTOR ( 'NONE', #2138, 1000.000000000000000 ) ;
#3788 = DIRECTION ( 'NONE',  ( 0.000000000000000000, 0.000000000000000000, 1.000000000000000000 ) ) ;
#3789 = DIRECTION ( 'NONE',  ( 0.000000000000000000, 1.000000000000000000, 0.000000000000000000 ) ) ;
#3790 = AXIS2_PLACEMENT_3D ( 'NONE', #3905, #893, #2198 ) ;
#3791 = ORIENTED_EDGE ( 'NONE', *, *, #1199, .F. ) ;
#3792 = CARTESIAN_POINT ( 'NONE',  ( 0.000000000000000000, 3.500000000000000000, 0.000000000000000000 ) ) ;
#3793 = AXIS2_PLACEMENT_3D ( 'NONE', #437, #503, #2580 ) ;
#3794 = DIRECTION ( 'NONE',  ( 0.000000000000000000, 0.000000000000000000, -1.000000000000000000 ) ) ;
#3795 = CIRCLE ( 'NONE', #2365, 1.500000000000000000 ) ;
#3796 = VERTEX_POINT ( 'NONE', #4402 ) ;
#3797 = AXIS2_PLACEMENT_3D ( 'NONE', #1721, #615, #1998 ) ;
#3798 = VERTEX_POINT ( 'NONE', #4006 ) ;
#3799 = CARTESIAN_POINT ( 'NONE',  ( -0.7120021980490064406, 0.8000000000000000444, -1.320247276071185194 ) ) ;
#3800 = LINE ( 'NONE', #3444, #4206 ) ;
#3801 = ADVANCED_FACE ( 'NONE', ( #1674 ), #2998, .F. ) ;
#3802 = VECTOR ( 'NONE', #907, 1000.000000000000114 ) ;
#3803 = ORIENTED_EDGE ( 'NONE', *, *, #66, .F. ) ;
#3804 = CARTESIAN_POINT ( 'NONE',  ( 1.267892888973999987, 0.8000000000000000444, 0.4119633723412000070 ) ) ;
#3805 = EDGE_CURVE ( 'NONE', #801, #2578, #3695, .T. ) ;
#3806 = ADVANCED_FACE ( 'NONE', ( #1927 ), #3356, .F. ) ;
#3807 = ORIENTED_EDGE ( 'NONE', *, *, #3116, .T. ) ;
#3808 = ORIENTED_EDGE ( 'NONE', *, *, #3638, .F. ) ;
#3809 = ORIENTED_EDGE ( 'NONE', *, *, #1281, .T. ) ;
#3810 = DIRECTION ( 'NONE',  ( 0.8241261886220260235, 0.000000000000000000, -0.5664062369248178408 ) ) ;
#3811 = PLANE ( 'NONE',  #2538 ) ;
#3812 = EDGE_CURVE ( 'NONE', #132, #158, #3041, .T. ) ;
#3813 = CARTESIAN_POINT ( 'NONE',  ( 0.000000000000000000, 0.000000000000000000, 0.000000000000000000 ) ) ;
#3814 = ORIENTED_EDGE ( 'NONE', *, *, #621, .T. ) ;
#3815 = DIRECTION ( 'NONE',  ( -0.000000000000000000, 1.000000000000000000, 0.000000000000000000 ) ) ;
#3816 = FACE_OUTER_BOUND ( 'NONE', #4161, .T. ) ;
#3817 = ORIENTED_EDGE ( 'NONE', *, *, #691, .F. ) ;
#3818 = ORIENTED_EDGE ( 'NONE', *, *, #1232, .T. ) ;
#3819 = AXIS2_PLACEMENT_3D ( 'NONE', #1254, #2176, #1844 ) ;
#3820 = CARTESIAN_POINT ( 'NONE',  ( 1.085133175154000096, 1.699999999999999956, -1.035608995799000009 ) ) ;
#3821 = EDGE_LOOP ( 'NONE', ( #2730, #3113, #2480, #1530 ) ) ;
#3822 = ADVANCED_FACE ( 'NONE', ( #2705 ), #4071, .T. ) ;
#3823 = DIRECTION ( 'NONE',  ( -0.3338068592337899987, 0.000000000000000000, -0.9426414910921715462 ) ) ;
#3824 = EDGE_LOOP ( 'NONE', ( #795, #3491, #4352, #1470 ) ) ;
#3825 = VERTEX_POINT ( 'NONE', #2035 ) ;
#3826 = EDGE_CURVE ( 'NONE', #72, #4362, #718, .T. ) ;
#3827 = EDGE_LOOP ( 'NONE', ( #1421, #905, #4009, #2723 ) ) ;
#3828 = CARTESIAN_POINT ( 'NONE',  ( 0.7836008994800001126, 3.500000000000000888, 1.078534110909000310 ) ) ;
#3829 = DIRECTION ( 'NONE',  ( 0.000000000000000000, -1.000000000000000000, 0.000000000000000000 ) ) ;
#3830 = CARTESIAN_POINT ( 'NONE',  ( 0.000000000000000000, 2.500000000000000000, 0.000000000000000000 ) ) ;
#3831 = ADVANCED_FACE ( 'NONE', ( #2450 ), #3401, .F. ) ;
#3832 = ADVANCED_FACE ( 'NONE', ( #3466 ), #2114, .F. ) ;
#3833 = ORIENTED_EDGE ( 'NONE', *, *, #2883, .T. ) ;
#3834 = PLANE ( 'NONE',  #2937 ) ;
#3835 = DIRECTION ( 'NONE',  ( 0.5664062369248178408, 0.000000000000000000, -0.8241261886220260235 ) ) ;
#3836 = ORIENTED_EDGE ( 'NONE', *, *, #2545, .F. ) ;
#3837 = ORIENTED_EDGE ( 'NONE', *, *, #3638, .T. ) ;
#3838 = DIRECTION ( 'NONE',  ( -0.000000000000000000, 1.000000000000000000, 0.000000000000000000 ) ) ;
#3839 = CARTESIAN_POINT ( 'NONE',  ( 1.320247276071185194, 0.8000000000000000444, -0.7120021980490062186 ) ) ;
#3840 = VECTOR ( 'NONE', #2868, 1000.000000000000000 ) ;
#3841 = CARTESIAN_POINT ( 'NONE',  ( 0.000000000000000000, 0.000000000000000000, 0.000000000000000000 ) ) ;
#3842 = ORIENTED_EDGE ( 'NONE', *, *, #2977, .T. ) ;
#3843 = CIRCLE ( 'NONE', #972, 1.500000000000000000 ) ;
#3844 = CARTESIAN_POINT ( 'NONE',  ( 1.078534110908998089, 2.500000000000000888, -0.7836008994799927851 ) ) ;
#3845 = LINE ( 'NONE', #3804, #36 ) ;
#3846 = EDGE_CURVE ( 'NONE', #1467, #132, #3484, .T. ) ;
#3847 = AXIS2_PLACEMENT_3D ( 'NONE', #1862, #1159, #1839 ) ;
#3848 = ORIENTED_EDGE ( 'NONE', *, *, #3203, .T. ) ;
#3849 = VERTEX_POINT ( 'NONE', #380 ) ;
#3850 = VERTEX_POINT ( 'NONE', #3120 ) ;
#3851 = LINE ( 'NONE', #1425, #3724 ) ;
#3852 = LINE ( 'NONE', #2443, #233 ) ;
#3853 = DIRECTION ( 'NONE',  ( 0.02617694830786888166, 0.000000000000000000, 0.9996573249755573709 ) ) ;
#3854 = CARTESIAN_POINT ( 'NONE',  ( -0.7836008994799783522, 0.000000000000000000, -1.078534110908993648 ) ) ;
#3855 = LINE ( 'NONE', #706, #708 ) ;
#3856 = EDGE_CURVE ( 'NONE', #585, #3864, #1354, .T. ) ;
#3857 = ORIENTED_EDGE ( 'NONE', *, *, #3995, .T. ) ;
#3858 = LINE ( 'NONE', #79, #985 ) ;
#3859 = DIRECTION ( 'NONE',  ( -0.7933533402908364840, 0.000000000000000000, 0.6087614290092401292 ) ) ;
#3860 = EDGE_CURVE ( 'NONE', #3864, #3108, #3918, .T. ) ;
#3861 = DIRECTION ( 'NONE',  ( 0.000000000000000000, -1.000000000000000000, 0.000000000000000000 ) ) ;
#3862 = EDGE_CURVE ( 'NONE', #4362, #2688, #4360, .T. ) ;
#3863 = VECTOR ( 'NONE', #3009, 1000.000000000000000 ) ;
#3864 = VERTEX_POINT ( 'NONE', #1377 ) ;
#3865 = LINE ( 'NONE', #4228, #2362 ) ;
#3866 = CARTESIAN_POINT ( 'NONE',  ( 0.000000000000000000, 0.000000000000000000, 0.000000000000000000 ) ) ;
#3867 = AXIS2_PLACEMENT_3D ( 'NONE', #2962, #570, #2309 ) ;
#3868 = DIRECTION ( 'NONE',  ( 0.000000000000000000, 0.000000000000000000, -1.000000000000000000 ) ) ;
#3869 = ORIENTED_EDGE ( 'NONE', *, *, #2026, .F. ) ;
#3870 = LINE ( 'NONE', #3539, #137 ) ;
#3871 = CIRCLE ( 'NONE', #422, 1.500000000000000000 ) ;
#3872 = DIRECTION ( 'NONE',  ( 0.000000000000000000, 1.000000000000000000, 0.000000000000000000 ) ) ;
#3873 = DIRECTION ( 'NONE',  ( -0.02617694830783522456, 0.000000000000000000, 0.9996573249755582591 ) ) ;
#3874 = LINE ( 'NONE', #187, #2519 ) ;
#3875 = ORIENTED_EDGE ( 'NONE', *, *, #1533, .T. ) ;
#3876 = VECTOR ( 'NONE', #3966, 1000.000000000000114 ) ;
#3877 = ORIENTED_EDGE ( 'NONE', *, *, #895, .T. ) ;
#3878 = CARTESIAN_POINT ( 'NONE',  ( 0.000000000000000000, -5.684341886080801487E-11, 0.000000000000000000 ) ) ;
#3879 = CARTESIAN_POINT ( 'NONE',  ( -1.267892888973999987, 0.000000000000000000, 0.4119633723412000070 ) ) ;
#3880 = CARTESIAN_POINT ( 'NONE',  ( -1.267892888973999987, 0.8000000000000000444, -0.4119633723412000070 ) ) ;
#3881 = EDGE_CURVE ( 'NONE', #3623, #4188, #4114, .T. ) ;
#3882 = ORIENTED_EDGE ( 'NONE', *, *, #3674, .F. ) ;
#3883 = DIRECTION ( 'NONE',  ( 0.000000000000000000, 1.000000000000000000, 0.000000000000000000 ) ) ;
#3884 = PLANE ( 'NONE',  #2096 ) ;
#3885 = ORIENTED_EDGE ( 'NONE', *, *, #3422, .T. ) ;
#3886 = ADVANCED_FACE ( 'NONE', ( #652 ), #2749, .F. ) ;
#3887 = CARTESIAN_POINT ( 'NONE',  ( -3.327620266529587268E-14, 0.8000000000000000444, -1.333141477136043029 ) ) ;
#3888 = CARTESIAN_POINT ( 'NONE',  ( -0.4119633723412000070, 0.000000000000000000, 1.267892888973999987 ) ) ;
#3889 = VECTOR ( 'NONE', #552, 1000.000000000000000 ) ;
#3890 = VERTEX_POINT ( 'NONE', #2072 ) ;
#3891 = LINE ( 'NONE', #470, #3651 ) ;
#3892 = EDGE_CURVE ( 'NONE', #1663, #927, #3800, .T. ) ;
#3893 = EDGE_CURVE ( 'NONE', #2190, #3106, #2428, .T. ) ;
#3894 = VECTOR ( 'NONE', #2314, 1000.000000000000114 ) ;
#3895 = LINE ( 'NONE', #3173, #2924 ) ;
#3896 = DIRECTION ( 'NONE',  ( -0.8241261886220260235, 0.000000000000000000, 0.5664062369248178408 ) ) ;
#3897 =( LENGTH_UNIT ( ) NAMED_UNIT ( * ) SI_UNIT ( .MILLI., .METRE. ) );
#3898 = ORIENTED_EDGE ( 'NONE', *, *, #3341, .F. ) ;
#3899 = ORIENTED_EDGE ( 'NONE', *, *, #3427, .T. ) ;
#3900 = DIRECTION ( 'NONE',  ( -0.3338068592327084194, 0.000000000000000000, 0.9426414910925545732 ) ) ;
#3901 = DIRECTION ( 'NONE',  ( 0.000000000000000000, -1.000000000000000000, 0.000000000000000000 ) ) ;
#3902 = CARTESIAN_POINT ( 'NONE',  ( -0.7120021980490783831, 0.000000000000000000, 1.320247276071146114 ) ) ;
#3903 = FACE_OUTER_BOUND ( 'NONE', #848, .T. ) ;
#3904 = ORIENTED_EDGE ( 'NONE', *, *, #2936, .F. ) ;
#3905 = CARTESIAN_POINT ( 'NONE',  ( 0.000000000000000000, 0.000000000000000000, 0.000000000000000000 ) ) ;
#3906 = LINE ( 'NONE', #3258, #4105 ) ;
#3907 = EDGE_CURVE ( 'NONE', #1874, #2412, #2366, .T. ) ;
#3908 = ORIENTED_EDGE ( 'NONE', *, *, #2605, .F. ) ;
#3909 = CARTESIAN_POINT ( 'NONE',  ( 0.000000000000000000, 0.000000000000000000, 1.333141477135999953 ) ) ;
#3910 = CARTESIAN_POINT ( 'NONE',  ( 1.333141477135999953, 0.000000000000000000, 0.000000000000000000 ) ) ;
#3911 = ORIENTED_EDGE ( 'NONE', *, *, #317, .T. ) ;
#3912 = CARTESIAN_POINT ( 'NONE',  ( 0.2691754849876999978, 0.000000000000000000, 1.475650554258000291 ) ) ;
#3913 = LINE ( 'NONE', #227, #695 ) ;
#3914 = VECTOR ( 'NONE', #3948, 1000.000000000000114 ) ;
#3915 = PLANE ( 'NONE',  #1916 ) ;
#3916 = EDGE_CURVE ( 'NONE', #2611, #2418, #3757, .T. ) ;
#3917 = LINE ( 'NONE', #838, #2434 ) ;
#3918 = CIRCLE ( 'NONE', #1921, 1.500000000000000000 ) ;
#3919 = VERTEX_POINT ( 'NONE', #4093 ) ;
#3920 = ORIENTED_EDGE ( 'NONE', *, *, #124, .T. ) ;
#3921 = CARTESIAN_POINT ( 'NONE',  ( 0.6495980915057999461, 1.699999999999999956, 1.352043756507999905 ) ) ;
#3922 = CARTESIAN_POINT ( 'NONE',  ( 0.000000000000000000, 0.8000000000000000444, 0.000000000000000000 ) ) ;
#3923 = AXIS2_PLACEMENT_3D ( 'NONE', #1369, #328, #3371 ) ;
#3924 = CARTESIAN_POINT ( 'NONE',  ( 0.000000000000000000, 0.000000000000000000, 0.000000000000000000 ) ) ;
#3925 = EDGE_LOOP ( 'NONE', ( #1681, #3809, #2179, #461 ) ) ;
#3926 = DIRECTION ( 'NONE',  ( -0.8241261886220260235, 0.000000000000000000, -0.5664062369248178408 ) ) ;
#3927 = CARTESIAN_POINT ( 'NONE',  ( -1.475650554257899705, 0.000000000000000000, -0.2691754849876807354 ) ) ;
#3928 = DIRECTION ( 'NONE',  ( 0.000000000000000000, -1.000000000000000000, 0.000000000000000000 ) ) ;
#3929 = ORIENTED_EDGE ( 'NONE', *, *, #182, .F. ) ;
#3930 = ORIENTED_EDGE ( 'NONE', *, *, #3399, .T. ) ;
#3931 = DIRECTION ( 'NONE',  ( 0.000000000000000000, -1.000000000000000000, 0.000000000000000000 ) ) ;
#3932 = CIRCLE ( 'NONE', #3723, 1.500000000000000000 ) ;
#3933 = FACE_OUTER_BOUND ( 'NONE', #94, .T. ) ;
#3934 = ORIENTED_EDGE ( 'NONE', *, *, #1533, .F. ) ;
#3935 = CARTESIAN_POINT ( 'NONE',  ( 1.085133175154002760, 2.500000000000000444, 1.035608995799090382 ) ) ;
#3936 = AXIS2_PLACEMENT_3D ( 'NONE', #1593, #4411, #2355 ) ;
#3937 = ADVANCED_FACE ( 'NONE', ( #3059 ), #1342, .F. ) ;
#3938 = AXIS2_PLACEMENT_3D ( 'NONE', #1320, #1954, #1630 ) ;
#3939 = FACE_OUTER_BOUND ( 'NONE', #1670, .T. ) ;
#3940 = CARTESIAN_POINT ( 'NONE',  ( 0.000000000000000000, 1.699999999999999956, 0.000000000000000000 ) ) ;
#3941 = ORIENTED_EDGE ( 'NONE', *, *, #3039, .T. ) ;
#3942 = VECTOR ( 'NONE', #578, 1000.000000000000000 ) ;
#3943 = VECTOR ( 'NONE', #3366, 1000.000000000000000 ) ;
#3944 = ADVANCED_FACE ( 'NONE', ( #2386 ), #3101, .F. ) ;
#3945 = VERTEX_POINT ( 'NONE', #64 ) ;
#3946 = EDGE_CURVE ( 'NONE', #722, #2169, #2093, .T. ) ;
#3947 = CARTESIAN_POINT ( 'NONE',  ( -1.320247276071185194, 0.8000000000000000444, 0.7120021980490063296 ) ) ;
#3948 = DIRECTION ( 'NONE',  ( -0.02617694830786888166, 0.000000000000000000, 0.9996573249755573709 ) ) ;
#3949 = CARTESIAN_POINT ( 'NONE',  ( 1.320247276071115250, 0.8000000000000000444, 0.7120021980489777969 ) ) ;
#3950 = DIRECTION ( 'NONE',  ( 0.000000000000000000, -1.000000000000000000, 0.000000000000000000 ) ) ;
#3951 = AXIS2_PLACEMENT_3D ( 'NONE', #1150, #2527, #2183 ) ;
#3952 = EDGE_CURVE ( 'NONE', #2305, #101, #1824, .T. ) ;
#3953 = VERTEX_POINT ( 'NONE', #425 ) ;
#3954 = DIRECTION ( 'NONE',  ( -0.7933533402912321675, 0.000000000000000000, -0.6087614290087246527 ) ) ;
#3955 = LINE ( 'NONE', #3642, #2533 ) ;
#3956 = PRODUCT_DEFINITION_CONTEXT ( 'detailed design', #122, 'design' ) ;
#3957 = VECTOR ( 'NONE', #1928, 1000.000000000000000 ) ;
#3958 = VERTEX_POINT ( 'NONE', #1147 ) ;
#3959 = CARTESIAN_POINT ( 'NONE',  ( -1.486606874731863037, 1.699999999999999956, -0.1999999999999068634 ) ) ;
#3960 = CARTESIAN_POINT ( 'NONE',  ( -1.486606874731871697, 1.699999999999999956, 0.1999999999999669820 ) ) ;
#3961 = ORIENTED_EDGE ( 'NONE', *, *, #811, .T. ) ;
#3962 = CARTESIAN_POINT ( 'NONE',  ( -0.2691754849878376654, 0.8000000000000000444, 1.475650554258007396 ) ) ;
#3963 = CARTESIAN_POINT ( 'NONE',  ( 0.4119633723411355031, 0.8000000000000000444, 1.267892888973955801 ) ) ;
#3964 = DIRECTION ( 'NONE',  ( 0.000000000000000000, -1.000000000000000000, 0.000000000000000000 ) ) ;
#3965 = ADVANCED_FACE ( 'NONE', ( #3556 ), #467, .T. ) ;
#3966 = DIRECTION ( 'NONE',  ( -0.9588197348681997134, 0.000000000000000000, -0.2840153447038998857 ) ) ;
#3967 = ORIENTED_EDGE ( 'NONE', *, *, #3881, .F. ) ;
#3968 = AXIS2_PLACEMENT_3D ( 'NONE', #623, #2032, #293 ) ;
#3969 = VERTEX_POINT ( 'NONE', #3839 ) ;
#3970 = CARTESIAN_POINT ( 'NONE',  ( 1.352043756508117145, 0.8000000000000000444, -0.6495980915056981386 ) ) ;
#3971 = LINE ( 'NONE', #3231, #3914 ) ;
#3972 = LINE ( 'NONE', #3902, #978 ) ;
#3973 = ORIENTED_EDGE ( 'NONE', *, *, #3812, .F. ) ;
#3974 = DIRECTION ( 'NONE',  ( 0.000000000000000000, 1.000000000000000000, 0.000000000000000000 ) ) ;
#3975 = DIRECTION ( 'NONE',  ( -0.7933533402912321675, 0.000000000000000000, 0.6087614290087246527 ) ) ;
#3976 = ADVANCED_FACE ( 'NONE', ( #1803 ), #3167, .F. ) ;
#3977 = ORIENTED_EDGE ( 'NONE', *, *, #2711, .F. ) ;
#3978 = PLANE ( 'NONE',  #2075 ) ;
#3979 = ORIENTED_EDGE ( 'NONE', *, *, #3234, .F. ) ;
#3980 = PLANE ( 'NONE',  #3020 ) ;
#3981 = DIRECTION ( 'NONE',  ( 0.02617694830786888166, 0.000000000000000000, 0.9996573249755573709 ) ) ;
#3982 = DIRECTION ( 'NONE',  ( -0.2840153447038999412, 0.000000000000000000, 0.9588197348681998244 ) ) ;
#3983 = VERTEX_POINT ( 'NONE', #4229 ) ;
#3984 = VERTEX_POINT ( 'NONE', #1191 ) ;
#3985 = VECTOR ( 'NONE', #3386, 1000.000000000000114 ) ;
#3986 = CARTESIAN_POINT ( 'NONE',  ( 1.267892888973870757, 1.699999999999999956, 0.4119633723412585713 ) ) ;
#3987 = EDGE_LOOP ( 'NONE', ( #2440, #2973, #2557, #3929 ) ) ;
#3988 = CARTESIAN_POINT ( 'NONE',  ( 1.320247276071145892, 0.000000000000000000, -0.7120021980490787161 ) ) ;
#3989 = CARTESIAN_POINT ( 'NONE',  ( 0.000000000000000000, 2.500000000000000000, 0.000000000000000000 ) ) ;
#3990 =( LENGTH_UNIT ( ) NAMED_UNIT ( * ) SI_UNIT ( .MILLI., .METRE. ) );
#3991 = LINE ( 'NONE', #4361, #351 ) ;
#3992 = ORIENTED_EDGE ( 'NONE', *, *, #725, .F. ) ;
#3993 = CARTESIAN_POINT ( 'NONE',  ( -9.266006198980864949E-18, 3.500000000000000000, 1.333141477135999731 ) ) ;
#3994 = AXIS2_PLACEMENT_3D ( 'NONE', #3636, #170, #216 ) ;
#3995 = EDGE_CURVE ( 'NONE', #1977, #558, #758, .T. ) ;
#3996 = DIRECTION ( 'NONE',  ( 0.000000000000000000, 0.000000000000000000, -1.000000000000000000 ) ) ;
#3997 = ORIENTED_EDGE ( 'NONE', *, *, #1777, .F. ) ;
#3998 = ORIENTED_EDGE ( 'NONE', *, *, #1948, .F. ) ;
#3999 = ADVANCED_FACE ( 'NONE', ( #3933 ), #3263, .F. ) ;
#4000 = CARTESIAN_POINT ( 'NONE',  ( 1.078534110908991650, 0.000000000000000000, 0.7836008994800002236 ) ) ;
#4001 = EDGE_CURVE ( 'NONE', #858, #3226, #2838, .T. ) ;
#4002 = VECTOR ( 'NONE', #1662, 1000.000000000000227 ) ;
#4003 = EDGE_LOOP ( 'NONE', ( #573, #9, #3085, #88 ) ) ;
#4004 = CARTESIAN_POINT ( 'NONE',  ( 0.7836008994800000016, 0.000000000000000000, 1.078534110909000310 ) ) ;
#4005 = AXIS2_PLACEMENT_3D ( 'NONE', #4259, #4049, #1558 ) ;
#4006 = CARTESIAN_POINT ( 'NONE',  ( -1.352043756507944616, 3.500000000000000000, 0.6495980915057295579 ) ) ;
#4007 = DIRECTION ( 'NONE',  ( 0.000000000000000000, -1.000000000000000000, 0.000000000000000000 ) ) ;
#4008 = AXIS2_PLACEMENT_3D ( 'NONE', #3194, #749, #3853 ) ;
#4009 = ORIENTED_EDGE ( 'NONE', *, *, #3042, .F. ) ;
#4010 = ORIENTED_EDGE ( 'NONE', *, *, #97, .F. ) ;
#4011 = CIRCLE ( 'NONE', #3370, 1.500000000000000000 ) ;
#4012 = LINE ( 'NONE', #3360, #2369 ) ;
#4013 = VERTEX_POINT ( 'NONE', #2907 ) ;
#4014 = CARTESIAN_POINT ( 'NONE',  ( 0.000000000000000000, 0.000000000000000000, 0.000000000000000000 ) ) ;
#4015 = DIRECTION ( 'NONE',  ( 0.000000000000000000, -1.000000000000000000, 0.000000000000000000 ) ) ;
#4016 = AXIS2_PLACEMENT_3D ( 'NONE', #3242, #2204, #3305 ) ;
#4017 = VECTOR ( 'NONE', #3896, 1000.000000000000000 ) ;
#4018 = LINE ( 'NONE', #1365, #4371 ) ;
#4019 = ORIENTED_EDGE ( 'NONE', *, *, #3674, .T. ) ;
#4020 = FACE_OUTER_BOUND ( 'NONE', #2871, .T. ) ;
#4021 = VECTOR ( 'NONE', #1314, 1000.000000000000227 ) ;
#4022 = CARTESIAN_POINT ( 'NONE',  ( 0.4119633723412000070, 1.699999999999999956, 1.267892888973999987 ) ) ;
#4023 = EDGE_LOOP ( 'NONE', ( #2734, #2773, #2048, #2751 ) ) ;
#4024 = EDGE_CURVE ( 'NONE', #4292, #616, #3843, .T. ) ;
#4025 = ORIENTED_EDGE ( 'NONE', *, *, #2378, .F. ) ;
#4026 = VECTOR ( 'NONE', #2112, 1000.000000000000000 ) ;
#4027 = CARTESIAN_POINT ( 'NONE',  ( 0.000000000000000000, 5.684341886080801487E-11, -1.199999999982992449 ) ) ;
#4028 = ORIENTED_EDGE ( 'NONE', *, *, #2935, .F. ) ;
#4029 = EDGE_CURVE ( 'NONE', #1604, #2996, #855, .T. ) ;
#4030 = DIRECTION ( 'NONE',  ( 0.000000000000000000, -1.000000000000000000, 0.000000000000000000 ) ) ;
#4031 = DIRECTION ( 'NONE',  ( 0.000000000000000000, 0.000000000000000000, 1.000000000000000000 ) ) ;
#4032 = LINE ( 'NONE', #1583, #1218 ) ;
#4033 = EDGE_CURVE ( 'NONE', #1437, #1912, #2497, .T. ) ;
#4034 = VERTEX_POINT ( 'NONE', #1100 ) ;
#4035 = VERTEX_POINT ( 'NONE', #2886 ) ;
#4036 = FACE_OUTER_BOUND ( 'NONE', #3402, .T. ) ;
#4037 = DIRECTION ( 'NONE',  ( 0.000000000000000000, 0.000000000000000000, -1.000000000000000000 ) ) ;
#4038 = DIRECTION ( 'NONE',  ( -0.000000000000000000, 1.000000000000000000, -0.000000000000000000 ) ) ;
#4039 = AXIS2_PLACEMENT_3D ( 'NONE', #4110, #3752, #1984 ) ;
#4040 = LINE ( 'NONE', #2333, #1137 ) ;
#4041 = EDGE_LOOP ( 'NONE', ( #3134, #3418, #3622, #1106 ) ) ;
#4042 = PLANE ( 'NONE',  #3936 ) ;
#4043 = DIRECTION ( 'NONE',  ( 0.000000000000000000, 0.000000000000000000, -1.000000000000000000 ) ) ;
#4044 = VECTOR ( 'NONE', #192, 1000.000000000000000 ) ;
#4045 = CARTESIAN_POINT ( 'NONE',  ( -1.333141477135999953, 0.000000000000000000, 0.000000000000000000 ) ) ;
#4046 = VERTEX_POINT ( 'NONE', #3606 ) ;
#4047 = DIRECTION ( 'NONE',  ( 0.3338068592337899987, 0.000000000000000000, 0.9426414910921715462 ) ) ;
#4048 = ORIENTED_EDGE ( 'NONE', *, *, #1459, .F. ) ;
#4049 = DIRECTION ( 'NONE',  ( -0.000000000000000000, 1.000000000000000000, 0.000000000000000000 ) ) ;
#4050 = DIRECTION ( 'NONE',  ( 0.000000000000000000, 1.000000000000000000, 0.000000000000000000 ) ) ;
#4051 = ADVANCED_FACE ( 'NONE', ( #3533 ), #179, .T. ) ;
#4052 = LINE ( 'NONE', #250, #637 ) ;
#4053 = ORIENTED_EDGE ( 'NONE', *, *, #1055, .T. ) ;
#4054 = ORIENTED_EDGE ( 'NONE', *, *, #2741, .T. ) ;
#4055 = DIRECTION ( 'NONE',  ( 0.000000000000000000, -1.000000000000000000, 0.000000000000000000 ) ) ;
#4056 = DIRECTION ( 'NONE',  ( -0.7933533402908364840, 0.000000000000000000, 0.6087614290092401292 ) ) ;
#4057 = ADVANCED_FACE ( 'NONE', ( #135 ), #1172, .F. ) ;
#4058 = EDGE_CURVE ( 'NONE', #1170, #21, #327, .T. ) ;
#4059 = CARTESIAN_POINT ( 'NONE',  ( -1.352043756508117145, 0.8000000000000000444, 0.6495980915056981386 ) ) ;
#4060 = EDGE_LOOP ( 'NONE', ( #599, #1194, #1236, #4322 ) ) ;
#4061 = CARTESIAN_POINT ( 'NONE',  ( 0.7120021980489777969, 0.8000000000000000444, -1.320247276071115250 ) ) ;
#4062 = CARTESIAN_POINT ( 'NONE',  ( 0.000000000000000000, 3.500000000000000000, 0.000000000000000000 ) ) ;
#4063 = VECTOR ( 'NONE', #2330, 1000.000000000000000 ) ;
#4064 = CARTESIAN_POINT ( 'NONE',  ( 0.000000000000000000, 3.500000000000000000, 0.000000000000000000 ) ) ;
#4065 = AXIS2_PLACEMENT_3D ( 'NONE', #3777, #2815, #2728 ) ;
#4066 = VERTEX_POINT ( 'NONE', #160 ) ;
#4067 = DIRECTION ( 'NONE',  ( 0.000000000000000000, 0.000000000000000000, -1.000000000000000000 ) ) ;
#4068 = VECTOR ( 'NONE', #3615, 1000.000000000000000 ) ;
#4069 = EDGE_LOOP ( 'NONE', ( #2904, #513, #2683, #383 ) ) ;
#4070 = CARTESIAN_POINT ( 'NONE',  ( -1.352043756507999905, 3.500000000000000000, -0.6495980915057999461 ) ) ;
#4071 = CYLINDRICAL_SURFACE ( 'NONE', #2054, 1.500000000000000000 ) ;
#4072 = VERTEX_POINT ( 'NONE', #2472 ) ;
#4073 = ORIENTED_EDGE ( 'NONE', *, *, #1288, .F. ) ;
#4074 = ADVANCED_FACE ( 'NONE', ( #515 ), #2548, .F. ) ;
#4075 = PLANE ( 'NONE',  #3597 ) ;
#4076 = CARTESIAN_POINT ( 'NONE',  ( -0.7120021980490000013, 0.000000000000000000, -1.320247276071000231 ) ) ;
#4077 = DIRECTION ( 'NONE',  ( 0.7933533402908364840, 0.000000000000000000, 0.6087614290092401292 ) ) ;
#4078 = VECTOR ( 'NONE', #3815, 1000.000000000000000 ) ;
#4079 = ADVANCED_FACE ( 'NONE', ( #620 ), #3052, .F. ) ;
#4080 = CIRCLE ( 'NONE', #776, 1.500000000000000000 ) ;
#4081 = DIRECTION ( 'NONE',  ( -0.000000000000000000, -1.000000000000000000, -0.000000000000000000 ) ) ;
#4082 = ORIENTED_EDGE ( 'NONE', *, *, #1716, .F. ) ;
#4083 = CARTESIAN_POINT ( 'NONE',  ( -1.320247276071000231, 0.000000000000000000, 0.7120021980490000013 ) ) ;
#4084 = CARTESIAN_POINT ( 'NONE',  ( 0.000000000000000000, 2.500000000000000000, 0.000000000000000000 ) ) ;
#4085 = VECTOR ( 'NONE', #3900, 1000.000000000000114 ) ;
#4086 = LINE ( 'NONE', #3729, #4209 ) ;
#4087 = EDGE_CURVE ( 'NONE', #2082, #450, #662, .T. ) ;
#4088 = AXIS2_PLACEMENT_3D ( 'NONE', #4245, #1160, #2263 ) ;
#4089 = VERTEX_POINT ( 'NONE', #2396 ) ;
#4090 = DIRECTION ( 'NONE',  ( -0.000000000000000000, 1.000000000000000000, -0.000000000000000000 ) ) ;
#4091 = ORIENTED_EDGE ( 'NONE', *, *, #1310, .F. ) ;
#4092 = LINE ( 'NONE', #1330, #2881 ) ;
#4093 = CARTESIAN_POINT ( 'NONE',  ( 0.6495980915057464333, 3.499999999999999556, -1.352043756507981032 ) ) ;
#4094 = ORIENTED_EDGE ( 'NONE', *, *, #2352, .F. ) ;
#4095 = CARTESIAN_POINT ( 'NONE',  ( 0.000000000000000000, 3.500000000000000000, 0.000000000000000000 ) ) ;
#4096 = CARTESIAN_POINT ( 'NONE',  ( 0.000000000000000000, 0.000000000000000000, 0.000000000000000000 ) ) ;
#4097 = VERTEX_POINT ( 'NONE', #3960 ) ;
#4098 = ORIENTED_EDGE ( 'NONE', *, *, #3616, .F. ) ;
#4099 = CARTESIAN_POINT ( 'NONE',  ( -1.486606874732000039, 0.8000000000000000444, 0.2000000000000000111 ) ) ;
#4100 = ORIENTED_EDGE ( 'NONE', *, *, #4164, .T. ) ;
#4101 = DIRECTION ( 'NONE',  ( -0.6087614290087246527, 0.000000000000000000, -0.7933533402912321675 ) ) ;
#4102 = CARTESIAN_POINT ( 'NONE',  ( -1.486606874732000039, 0.000000000000000000, -0.2000000000000000111 ) ) ;
#4103 = DIRECTION ( 'NONE',  ( 0.7933533402912321675, 0.000000000000000000, 0.6087614290087246527 ) ) ;
#4104 = EDGE_CURVE ( 'NONE', #10, #1599, #4435, .T. ) ;
#4105 = VECTOR ( 'NONE', #3551, 1000.000000000000114 ) ;
#4106 = CARTESIAN_POINT ( 'NONE',  ( 0.000000000000000000, 0.2000000000000000944, 0.000000000000000000 ) ) ;
#4107 = ORIENTED_EDGE ( 'NONE', *, *, #228, .F. ) ;
#4108 = LINE ( 'NONE', #55, #4078 ) ;
#4109 = VECTOR ( 'NONE', #12, 1000.000000000000000 ) ;
#4110 = CARTESIAN_POINT ( 'NONE',  ( 0.000000000000000000, 1.699999999999999956, 0.000000000000000000 ) ) ;
#4111 = EDGE_CURVE ( 'NONE', #1024, #3593, #3072, .T. ) ;
#4112 = EDGE_LOOP ( 'NONE', ( #2121, #4028, #3218, #1357 ) ) ;
#4113 = CARTESIAN_POINT ( 'NONE',  ( 1.078534110909000310, 3.500000000000000888, -0.7836008994800001126 ) ) ;
#4114 = LINE ( 'NONE', #4135, #2774 ) ;
#4115 = VERTEX_POINT ( 'NONE', #4453 ) ;
#4116 = LINE ( 'NONE', #1361, #2772 ) ;
#4117 = VERTEX_POINT ( 'NONE', #1002 ) ;
#4118 = EDGE_LOOP ( 'NONE', ( #4182, #601, #2174, #2238 ) ) ;
#4119 = CARTESIAN_POINT ( 'NONE',  ( -1.267892888973999987, 2.500000000000000000, -0.4119633723412000070 ) ) ;
#4120 = VERTEX_POINT ( 'NONE', #1348 ) ;
#4121 = DIRECTION ( 'NONE',  ( -0.000000000000000000, 1.000000000000000000, 0.000000000000000000 ) ) ;
#4122 = DIRECTION ( 'NONE',  ( -0.000000000000000000, 1.000000000000000000, -0.000000000000000000 ) ) ;
#4123 = LINE ( 'NONE', #2487, #1346 ) ;
#4124 = ADVANCED_FACE ( 'NONE', ( #1305 ), #4299, .T. ) ;
#4125 = ORIENTED_EDGE ( 'NONE', *, *, #1698, .F. ) ;
#4126 = DIRECTION ( 'NONE',  ( 0.000000000000000000, -1.000000000000000000, 0.000000000000000000 ) ) ;
#4127 = AXIS2_PLACEMENT_3D ( 'NONE', #4382, #3405, #2672 ) ;
#4128 = CARTESIAN_POINT ( 'NONE',  ( -1.035608995799090160, 1.699999999999999956, -1.085133175154006535 ) ) ;
#4129 = VECTOR ( 'NONE', #4418, 1000.000000000000114 ) ;
#4130 = VERTEX_POINT ( 'NONE', #1216 ) ;
#4131 = FACE_OUTER_BOUND ( 'NONE', #4421, .T. ) ;
#4132 = ADVANCED_FACE ( 'NONE', ( #2594 ), #3013, .F. ) ;
#4133 = EDGE_CURVE ( 'NONE', #2053, #645, #681, .T. ) ;
#4134 = AXIS2_PLACEMENT_3D ( 'NONE', #2253, #958, #4413 ) ;
#4135 = CARTESIAN_POINT ( 'NONE',  ( -1.486606874731853267, 0.000000000000000000, 0.1999999999999801936 ) ) ;
#4136 = ORIENTED_EDGE ( 'NONE', *, *, #1051, .T. ) ;
#4137 = ADVANCED_FACE ( 'NONE', ( #3283 ), #2337, .T. ) ;
#4138 = DIRECTION ( 'NONE',  ( -0.5664062369255852269, 0.000000000000000000, -0.8241261886214986676 ) ) ;
#4139 = DIRECTION ( 'NONE',  ( -0.9996573249755573709, 0.000000000000000000, 0.02617694830786888166 ) ) ;
#4140 = ORIENTED_EDGE ( 'NONE', *, *, #1610, .F. ) ;
#4141 = VERTEX_POINT ( 'NONE', #289 ) ;
#4142 = DIRECTION ( 'NONE',  ( -0.9588197348681998244, 0.000000000000000000, -0.2840153447038999412 ) ) ;
#4143 = ORIENTED_EDGE ( 'NONE', *, *, #2249, .F. ) ;
#4144 = PLANE ( 'NONE',  #987 ) ;
#4145 = AXIS2_PLACEMENT_3D ( 'NONE', #2745, #377, #1945 ) ;
#4146 = CARTESIAN_POINT ( 'NONE',  ( 0.7120021980490217617, 0.000000000000000000, -1.320247276071006670 ) ) ;
#4147 = CYLINDRICAL_SURFACE ( 'NONE', #2851, 1.500000000000000000 ) ;
#4148 = DIRECTION ( 'NONE',  ( 0.000000000000000000, -1.000000000000000000, 0.000000000000000000 ) ) ;
#4149 = AXIS2_PLACEMENT_3D ( 'NONE', #3432, #29, #3494 ) ;
#4150 = ORIENTED_EDGE ( 'NONE', *, *, #1414, .F. ) ;
#4151 = CARTESIAN_POINT ( 'NONE',  ( 0.4119633723410999759, 1.699999999999999956, 1.267892888973943144 ) ) ;
#4152 = AXIS2_PLACEMENT_3D ( 'NONE', #1565, #2240, #1493 ) ;
#4153 = FACE_OUTER_BOUND ( 'NONE', #768, .T. ) ;
#4154 = EDGE_CURVE ( 'NONE', #3106, #2291, #1326, .T. ) ;
#4155 = VERTEX_POINT ( 'NONE', #4391 ) ;
#4156 = AXIS2_PLACEMENT_3D ( 'NONE', #1238, #3644, #3711 ) ;
#4157 = CARTESIAN_POINT ( 'NONE',  ( 0.6495980915057999461, 2.500000000000000000, -1.352043756507999905 ) ) ;
#4158 = DIRECTION ( 'NONE',  ( -0.3338068592337900542, 0.000000000000000000, 0.9426414910921716572 ) ) ;
#4159 = AXIS2_PLACEMENT_3D ( 'NONE', #389, #1768, #52 ) ;
#4160 = EDGE_CURVE ( 'NONE', #4268, #4155, #1992, .T. ) ;
#4161 = EDGE_LOOP ( 'NONE', ( #698, #2567, #2558, #1246 ) ) ;
#4162 = LINE ( 'NONE', #3424, #641 ) ;
#4163 = DIRECTION ( 'NONE',  ( -0.5664062369255852269, 0.000000000000000000, -0.8241261886214986676 ) ) ;
#4164 = EDGE_CURVE ( 'NONE', #490, #3397, #2720, .T. ) ;
#4165 = EDGE_LOOP ( 'NONE', ( #3146, #3026, #3920, #508 ) ) ;
#4166 = ORIENTED_EDGE ( 'NONE', *, *, #2789, .F. ) ;
#4167 = ORIENTED_EDGE ( 'NONE', *, *, #364, .T. ) ;
#4168 = CARTESIAN_POINT ( 'NONE',  ( -0.2000000000000217715, 2.500000000000000000, -1.486606874731847938 ) ) ;
#4169 = CARTESIAN_POINT ( 'NONE',  ( 0.000000000000000000, 1.699999999999999956, 0.000000000000000000 ) ) ;
#4170 = CARTESIAN_POINT ( 'NONE',  ( -1.352043756507945060, 1.699999999999999956, -0.6495980915057286698 ) ) ;
#4171 = CARTESIAN_POINT ( 'NONE',  ( 1.320247276071000231, 0.000000000000000000, -0.7120021980490000013 ) ) ;
#4172 = VERTEX_POINT ( 'NONE', #349 ) ;
#4173 = CARTESIAN_POINT ( 'NONE',  ( -0.2691754849876815125, 0.000000000000000000, 1.475650554257899483 ) ) ;
#4174 = DIRECTION ( 'NONE',  ( 0.000000000000000000, -1.000000000000000000, 0.000000000000000000 ) ) ;
#4175 = CARTESIAN_POINT ( 'NONE',  ( 0.7836008994799927851, 2.500000000000000888, 1.078534110908998089 ) ) ;
#4176 = ORIENTED_EDGE ( 'NONE', *, *, #865, .T. ) ;
#4177 = VECTOR ( 'NONE', #2700, 1000.000000000000227 ) ;
#4178 = CARTESIAN_POINT ( 'NONE',  ( -1.352043756508032768, 2.500000000000000000, 0.6495980915055457050 ) ) ;
#4179 = CARTESIAN_POINT ( 'NONE',  ( 1.352043756508272576, 0.000000000000000000, -0.6495980915057033567 ) ) ;
#4180 = CARTESIAN_POINT ( 'NONE',  ( 0.000000000000000000, 2.500000000000000000, 0.000000000000000000 ) ) ;
#4181 = CARTESIAN_POINT ( 'NONE',  ( -1.085133175154092910, 0.000000000000000000, -1.035608995799088605 ) ) ;
#4182 = ORIENTED_EDGE ( 'NONE', *, *, #3093, .F. ) ;
#4183 = EDGE_CURVE ( 'NONE', #3796, #4455, #2002, .T. ) ;
#4184 = DIRECTION ( 'NONE',  ( 0.000000000000000000, 0.000000000000000000, -1.000000000000000000 ) ) ;
#4185 = ORIENTED_EDGE ( 'NONE', *, *, #3856, .F. ) ;
#4186 = VERTEX_POINT ( 'NONE', #2357 ) ;
#4187 = EDGE_CURVE ( 'NONE', #81, #3600, #4086, .T. ) ;
#4188 = VERTEX_POINT ( 'NONE', #2028 ) ;
#4189 = ADVANCED_FACE ( 'NONE', ( #3392 ), #309, .F. ) ;
#4190 = CARTESIAN_POINT ( 'NONE',  ( 0.7836008994800000016, 0.8000000000000000444, -1.078534110909000310 ) ) ;
#4191 = FACE_OUTER_BOUND ( 'NONE', #1378, .T. ) ;
#4192 = CARTESIAN_POINT ( 'NONE',  ( 0.000000000000000000, 0.2000000000000000944, 0.000000000000000000 ) ) ;
#4193 = CYLINDRICAL_SURFACE ( 'NONE', #287, 1.500000000000000000 ) ;
#4194 = ORIENTED_EDGE ( 'NONE', *, *, #208, .F. ) ;
#4195 = CARTESIAN_POINT ( 'NONE',  ( -0.7836008994800000016, 0.000000000000000000, -1.078534110909000310 ) ) ;
#4196 = DIRECTION ( 'NONE',  ( 0.000000000000000000, 0.000000000000000000, -1.000000000000000000 ) ) ;
#4197 = ORIENTED_EDGE ( 'NONE', *, *, #3093, .T. ) ;
#4198 = CARTESIAN_POINT ( 'NONE',  ( -1.475650554257890601, 1.699999999999999956, 0.2691754849877315836 ) ) ;
#4199 = AXIS2_PLACEMENT_3D ( 'NONE', #451, #432, #3197 ) ;
#4200 = CARTESIAN_POINT ( 'NONE',  ( 0.000000000000000000, 3.500000000000000000, 0.000000000000000000 ) ) ;
#4201 = DIRECTION ( 'NONE',  ( -0.000000000000000000, -1.000000000000000000, 0.000000000000000000 ) ) ;
#4202 = AXIS2_PLACEMENT_3D ( 'NONE', #964, #2015, #298 ) ;
#4203 = CARTESIAN_POINT ( 'NONE',  ( 0.000000000000000000, 3.500000000000000000, 0.000000000000000000 ) ) ;
#4204 = LINE ( 'NONE', #1484, #3434 ) ;
#4205 = ORIENTED_EDGE ( 'NONE', *, *, #3426, .T. ) ;
#4206 = VECTOR ( 'NONE', #316, 1000.000000000000114 ) ;
#4207 = CARTESIAN_POINT ( 'NONE',  ( -0.4119633723412322035, 2.500000000000000000, 1.267892888973909171 ) ) ;
#4208 = CARTESIAN_POINT ( 'NONE',  ( -0.4119633723411355586, 2.500000000000000000, -1.267892888973955801 ) ) ;
#4209 = VECTOR ( 'NONE', #643, 1000.000000000000000 ) ;
#4210 = ADVANCED_FACE ( 'NONE', ( #1022 ), #1727, .T. ) ;
#4211 = PRESENTATION_STYLE_ASSIGNMENT (( #2237 ) ) ;
#4212 = ORIENTED_EDGE ( 'NONE', *, *, #3694, .T. ) ;
#4213 = ORIENTED_EDGE ( 'NONE', *, *, #2847, .F. ) ;
#4214 = DIRECTION ( 'NONE',  ( 0.000000000000000000, 0.000000000000000000, -1.000000000000000000 ) ) ;
#4215 = LINE ( 'NONE', #590, #322 ) ;
#4216 = LINE ( 'NONE', #3880, #3126 ) ;
#4217 = CARTESIAN_POINT ( 'NONE',  ( 0.000000000000000000, 0.000000000000000000, 0.000000000000000000 ) ) ;
#4218 = EDGE_CURVE ( 'NONE', #1483, #3315, #2417, .T. ) ;
#4219 = VERTEX_POINT ( 'NONE', #1112 ) ;
#4220 = CARTESIAN_POINT ( 'NONE',  ( -0.6495980915057999461, 1.699999999999999956, -1.352043756507999905 ) ) ;
#4221 = VECTOR ( 'NONE', #1462, 1000.000000000000114 ) ;
#4222 = CARTESIAN_POINT ( 'NONE',  ( -1.078534110909000310, 1.699999999999999956, 0.7836008994800000016 ) ) ;
#4223 = CARTESIAN_POINT ( 'NONE',  ( -1.486606874732000039, 3.500000000000000000, -0.2000000000000000111 ) ) ;
#4224 = VECTOR ( 'NONE', #3883, 1000.000000000000000 ) ;
#4225 = EDGE_CURVE ( 'NONE', #3107, #1603, #3571, .T. ) ;
#4226 = ADVANCED_FACE ( 'NONE', ( #13 ), #2759, .F. ) ;
#4227 = ORIENTED_EDGE ( 'NONE', *, *, #4339, .F. ) ;
#4228 = CARTESIAN_POINT ( 'NONE',  ( 1.078534110909000310, 3.500000000000000000, -0.7836008994800000016 ) ) ;
#4229 = CARTESIAN_POINT ( 'NONE',  ( 1.475650554258007396, 0.8000000000000000444, 0.2691754849878376654 ) ) ;
#4230 = VECTOR ( 'NONE', #2283, 1000.000000000000000 ) ;
#4231 = ORIENTED_EDGE ( 'NONE', *, *, #2494, .F. ) ;
#4232 = CARTESIAN_POINT ( 'NONE',  ( 1.267892888973955801, 2.500000000000000000, -0.4119633723411355586 ) ) ;
#4233 = CARTESIAN_POINT ( 'NONE',  ( 0.7120021980490000013, 0.000000000000000000, 1.320247276071000231 ) ) ;
#4234 = VERTEX_POINT ( 'NONE', #3475 ) ;
#4235 = AXIS2_PLACEMENT_3D ( 'NONE', #238, #3617, #2921 ) ;
#4236 = FACE_OUTER_BOUND ( 'NONE', #2746, .T. ) ;
#4237 = DIRECTION ( 'NONE',  ( 0.000000000000000000, -1.000000000000000000, 0.000000000000000000 ) ) ;
#4238 = DIRECTION ( 'NONE',  ( -0.5664062369255852269, 0.000000000000000000, 0.8241261886214986676 ) ) ;
#4239 = ORIENTED_EDGE ( 'NONE', *, *, #4029, .F. ) ;
#4240 = VECTOR ( 'NONE', #1515, 1000.000000000000114 ) ;
#4241 = ORIENTED_EDGE ( 'NONE', *, *, #3010, .T. ) ;
#4242 = DIRECTION ( 'NONE',  ( -0.000000000000000000, 1.000000000000000000, -0.000000000000000000 ) ) ;
#4243 = DIRECTION ( 'NONE',  ( 0.000000000000000000, -1.000000000000000000, 0.000000000000000000 ) ) ;
#4244 = DIRECTION ( 'NONE',  ( 0.8241261886214986676, 0.000000000000000000, -0.5664062369255852269 ) ) ;
#4245 = CARTESIAN_POINT ( 'NONE',  ( 0.000000000000000000, 2.500000000000000000, 0.000000000000000000 ) ) ;
#4246 = VERTEX_POINT ( 'NONE', #4170 ) ;
#4247 = CARTESIAN_POINT ( 'NONE',  ( -1.486606874732000039, 2.500000000000000000, -0.2000000000000000111 ) ) ;
#4248 = EDGE_CURVE ( 'NONE', #2905, #3983, #1816, .T. ) ;
#4249 = DIRECTION ( 'NONE',  ( -0.7933533402912321675, 0.000000000000000000, -0.6087614290087246527 ) ) ;
#4250 = ORIENTED_EDGE ( 'NONE', *, *, #2822, .T. ) ;
#4251 = ORIENTED_EDGE ( 'NONE', *, *, #2003, .F. ) ;
#4252 = EDGE_CURVE ( 'NONE', #4115, #1617, #32, .T. ) ;
#4253 = DIRECTION ( 'NONE',  ( -0.9996573249755574819, 0.000000000000000000, -0.02617694830786888513 ) ) ;
#4254 = EDGE_CURVE ( 'NONE', #3436, #1485, #2411, .T. ) ;
#4255 = CARTESIAN_POINT ( 'NONE',  ( 0.7836008994799783522, 0.000000000000000000, 1.078534110908993648 ) ) ;
#4256 = VECTOR ( 'NONE', #3461, 1000.000000000000000 ) ;
#4257 = VERTEX_POINT ( 'NONE', #2783 ) ;
#4258 = DIRECTION ( 'NONE',  ( -0.000000000000000000, 1.000000000000000000, -0.000000000000000000 ) ) ;
#4259 = CARTESIAN_POINT ( 'NONE',  ( 0.000000000000000000, 3.500000000000000000, 0.000000000000000000 ) ) ;
#4260 = AXIS2_PLACEMENT_3D ( 'NONE', #1765, #3131, #50 ) ;
#4261 = LINE ( 'NONE', #4281, #468 ) ;
#4262 = LINE ( 'NONE', #1200, #934 ) ;
#4263 = ORIENTED_EDGE ( 'NONE', *, *, #2052, .F. ) ;
#4264 = ORIENTED_EDGE ( 'NONE', *, *, #4401, .T. ) ;
#4265 = DIRECTION ( 'NONE',  ( 4.884981308350688778E-14, 0.000000000000000000, -1.000000000000000000 ) ) ;
#4266 = FACE_OUTER_BOUND ( 'NONE', #1841, .T. ) ;
#4267 = DIRECTION ( 'NONE',  ( -0.000000000000000000, 1.000000000000000000, -0.000000000000000000 ) ) ;
#4268 = VERTEX_POINT ( 'NONE', #2805 ) ;
#4269 = CARTESIAN_POINT ( 'NONE',  ( 0.000000000000000000, 2.500000000000000000, 0.000000000000000000 ) ) ;
#4270 = CARTESIAN_POINT ( 'NONE',  ( 0.7836008994800000016, 0.8000000000000000444, 1.078534110909000310 ) ) ;
#4271 = CYLINDRICAL_SURFACE ( 'NONE', #2071, 1.500000000000000000 ) ;
#4272 = ORIENTED_EDGE ( 'NONE', *, *, #1084, .F. ) ;
#4273 = ORIENTED_EDGE ( 'NONE', *, *, #2303, .F. ) ;
#4274 = DIRECTION ( 'NONE',  ( 0.000000000000000000, -1.000000000000000000, 0.000000000000000000 ) ) ;
#4275 = DIRECTION ( 'NONE',  ( 0.000000000000000000, 0.000000000000000000, -1.000000000000000000 ) ) ;
#4276 = ORIENTED_EDGE ( 'NONE', *, *, #1747, .T. ) ;
#4277 = EDGE_CURVE ( 'NONE', #606, #2258, #3181, .T. ) ;
#4278 = EDGE_CURVE ( 'NONE', #1086, #2467, #4123, .T. ) ;
#4279 = LINE ( 'NONE', #3511, #1491 ) ;
#4280 = VECTOR ( 'NONE', #3318, 1000.000000000000000 ) ;
#4281 = CARTESIAN_POINT ( 'NONE',  ( 1.320247276071146114, 0.000000000000000000, 0.7120021980490784941 ) ) ;
#4282 = CARTESIAN_POINT ( 'NONE',  ( -0.7120021980490000013, 0.000000000000000000, -1.320247276071000231 ) ) ;
#4283 = ADVANCED_FACE ( 'NONE', ( #2150 ), #4147, .T. ) ;
#4284 = CARTESIAN_POINT ( 'NONE',  ( 1.352043756507927297, 0.000000000000000000, 0.6495980915057653071 ) ) ;
#4285 = CIRCLE ( 'NONE', #1555, 1.500000000000000000 ) ;
#4286 = EDGE_LOOP ( 'NONE', ( #415, #1826, #1885, #5, #1128, #2116, #2784, #3658, #770, #1463, #1185, #896, #3200, #180, #1654, #2932, #1720, #218, #3762, #1398, #260, #1935, #295, #3387, #3462, #2651, #2951, #2059, #3030, #1811, #4384, #4295, #1829, #2203, #579, #1943, #3192, #3740, #2873, #1786, #2202, #840, #1676, #959, #2221, #3014, #2379, #3335, #475, #2655, #3280, #2824, #2065, #3807, #967, #3857, #759, #2341, #2348, #2922 ) ) ;
#4287 = ORIENTED_EDGE ( 'NONE', *, *, #3946, .F. ) ;
#4288 = FACE_OUTER_BOUND ( 'NONE', #966, .T. ) ;
#4289 = DIRECTION ( 'NONE',  ( 0.000000000000000000, -1.000000000000000000, -0.000000000000000000 ) ) ;
#4290 = DIRECTION ( 'NONE',  ( 0.000000000000000000, -0.000000000000000000, 1.000000000000000000 ) ) ;
#4291 = LINE ( 'NONE', #4341, #1794 ) ;
#4292 = VERTEX_POINT ( 'NONE', #3132 ) ;
#4293 = LINE ( 'NONE', #4247, #772 ) ;
#4294 = DIRECTION ( 'NONE',  ( 0.8241261886214986676, 0.000000000000000000, 0.5664062369255852269 ) ) ;
#4295 = ORIENTED_EDGE ( 'NONE', *, *, #2381, .T. ) ;
#4296 = ORIENTED_EDGE ( 'NONE', *, *, #1889, .F. ) ;
#4297 = CARTESIAN_POINT ( 'NONE',  ( 0.7836008994800000016, 1.699999999999999956, -1.078534110909000310 ) ) ;
#4298 = AXIS2_PLACEMENT_3D ( 'NONE', #58, #2812, #1142 ) ;
#4299 = CYLINDRICAL_SURFACE ( 'NONE', #4134, 1.500000000000000000 ) ;
#4300 = EDGE_CURVE ( 'NONE', #3383, #1467, #51, .T. ) ;
#4301 = ORIENTED_EDGE ( 'NONE', *, *, #3907, .F. ) ;
#4302 = DIRECTION ( 'NONE',  ( 0.000000000000000000, 0.000000000000000000, -1.000000000000000000 ) ) ;
#4303 = DIRECTION ( 'NONE',  ( 0.5664062369255852269, 0.000000000000000000, 0.8241261886214986676 ) ) ;
#4304 = VECTOR ( 'NONE', #1957, 1000.000000000000000 ) ;
#4305 = VECTOR ( 'NONE', #2861, 1000.000000000000227 ) ;
#4306 = DIRECTION ( 'NONE',  ( 0.3338068592337899987, 0.000000000000000000, -0.9426414910921715462 ) ) ;
#4307 = EDGE_CURVE ( 'NONE', #1024, #2515, #2565, .T. ) ;
#4308 =( NAMED_UNIT ( * ) PLANE_ANGLE_UNIT ( ) SI_UNIT ( $, .RADIAN. ) );
#4309 = EDGE_LOOP ( 'NONE', ( #3441, #4331, #3240, #943 ) ) ;
#4310 = AXIS2_PLACEMENT_3D ( 'NONE', #4200, #1847, #786 ) ;
#4311 = VECTOR ( 'NONE', #4330, 1000.000000000000000 ) ;
#4312 = CIRCLE ( 'NONE', #4376, 1.500000000000000000 ) ;
#4313 = ORIENTED_EDGE ( 'NONE', *, *, #177, .T. ) ;
#4314 = LINE ( 'NONE', #3921, #2429 ) ;
#4315 = LINE ( 'NONE', #1182, #4044 ) ;
#4316 = EDGE_CURVE ( 'NONE', #1085, #2959, #762, .T. ) ;
#4317 = CARTESIAN_POINT ( 'NONE',  ( -0.7836008994800001126, 2.500000000000000888, 1.078534110908997423 ) ) ;
#4318 = VECTOR ( 'NONE', #991, 1000.000000000000000 ) ;
#4319 = ORIENTED_EDGE ( 'NONE', *, *, #1471, .T. ) ;
#4320 = LINE ( 'NONE', #1524, #4224 ) ;
#4321 = DIRECTION ( 'NONE',  ( -0.6087614290087246527, 0.000000000000000000, -0.7933533402912321675 ) ) ;
#4322 = ORIENTED_EDGE ( 'NONE', *, *, #1310, .T. ) ;
#4323 = LINE ( 'NONE', #3327, #1133 ) ;
#4324 = ORIENTED_EDGE ( 'NONE', *, *, #4447, .F. ) ;
#4325 = CARTESIAN_POINT ( 'NONE',  ( 1.530808498934191571E-16, 0.000000000000000000, 1.250000000000000000 ) ) ;
#4326 = ORIENTED_EDGE ( 'NONE', *, *, #1837, .T. ) ;
#4327 = CARTESIAN_POINT ( 'NONE',  ( 1.320247276071115250, 1.699999999999999956, 0.7120021980489777969 ) ) ;
#4328 = FACE_OUTER_BOUND ( 'NONE', #221, .T. ) ;
#4329 = VECTOR ( 'NONE', #3480, 1000.000000000000000 ) ;
#4330 = DIRECTION ( 'NONE',  ( 0.000000000000000000, 1.000000000000000000, 0.000000000000000000 ) ) ;
#4331 = ORIENTED_EDGE ( 'NONE', *, *, #3495, .F. ) ;
#4332 = ORIENTED_EDGE ( 'NONE', *, *, #3319, .F. ) ;
#4333 = EDGE_CURVE ( 'NONE', #2166, #585, #412, .T. ) ;
#4334 = AXIS2_PLACEMENT_3D ( 'NONE', #3922, #3901, #843 ) ;
#4335 = EDGE_LOOP ( 'NONE', ( #399, #3268, #3833, #2495 ) ) ;
#4336 = DIRECTION ( 'NONE',  ( -0.8241261886220260235, 0.000000000000000000, -0.5664062369248178408 ) ) ;
#4337 = CARTESIAN_POINT ( 'NONE',  ( -1.078534110908993648, 0.000000000000000000, 0.7836008994799783522 ) ) ;
#4338 = CARTESIAN_POINT ( 'NONE',  ( -1.267892888973741528, 2.500000000000000000, -0.4119633723413170800 ) ) ;
#4339 = EDGE_CURVE ( 'NONE', #1058, #1822, #1452, .T. ) ;
#4340 = EDGE_CURVE ( 'NONE', #342, #881, #3524, .T. ) ;
#4341 = CARTESIAN_POINT ( 'NONE',  ( -1.085133175154000096, 0.000000000000000000, -1.035608995799000009 ) ) ;
#4342 = ORIENTED_EDGE ( 'NONE', *, *, #423, .T. ) ;
#4343 = DIRECTION ( 'NONE',  ( 0.5664062369248178408, 0.000000000000000000, -0.8241261886220260235 ) ) ;
#4344 = CARTESIAN_POINT ( 'NONE',  ( 0.4119633723412000070, 1.699999999999999956, -1.267892888973999987 ) ) ;
#4345 = ORIENTED_EDGE ( 'NONE', *, *, #292, .F. ) ;
#4346 = VERTEX_POINT ( 'NONE', #2852 ) ;
#4347 = DIRECTION ( 'NONE',  ( -0.000000000000000000, -1.000000000000000000, -0.000000000000000000 ) ) ;
#4348 = ORIENTED_EDGE ( 'NONE', *, *, #1825, .F. ) ;
#4349 = FACE_OUTER_BOUND ( 'NONE', #4003, .T. ) ;
#4350 = LINE ( 'NONE', #2639, #4432 ) ;
#4351 = FACE_OUTER_BOUND ( 'NONE', #4286, .T. ) ;
#4352 = ORIENTED_EDGE ( 'NONE', *, *, #3893, .T. ) ;
#4353 = ORIENTED_EDGE ( 'NONE', *, *, #3066, .T. ) ;
#4354 = AXIS2_PLACEMENT_3D ( 'NONE', #1299, #635, #2646 ) ;
#4355 = DIRECTION ( 'NONE',  ( -0.000000000000000000, 1.000000000000000000, 0.000000000000000000 ) ) ;
#4356 = EDGE_LOOP ( 'NONE', ( #2298, #2888 ) ) ;
#4357 = CARTESIAN_POINT ( 'NONE',  ( 0.000000000000000000, 0.8000000000000000444, 0.000000000000000000 ) ) ;
#4358 = LINE ( 'NONE', #1996, #1260 ) ;
#4359 = EDGE_CURVE ( 'NONE', #3744, #4414, #4216, .T. ) ;
#4360 = CIRCLE ( 'NONE', #1988, 1.500000000000000000 ) ;
#4361 = CARTESIAN_POINT ( 'NONE',  ( 0.4119633723412000070, 0.8000000000000000444, -1.267892888973999987 ) ) ;
#4362 = VERTEX_POINT ( 'NONE', #2172 ) ;
#4363 = DIRECTION ( 'NONE',  ( 0.000000000000000000, -1.000000000000000000, 0.000000000000000000 ) ) ;
#4364 =( GEOMETRIC_REPRESENTATION_CONTEXT ( 3 ) GLOBAL_UNCERTAINTY_ASSIGNED_CONTEXT ( ( #1893 ) ) GLOBAL_UNIT_ASSIGNED_CONTEXT ( ( #3990, #1206, #870 ) ) REPRESENTATION_CONTEXT ( 'NONE', 'WORKASPACE' ) );
#4365 = CARTESIAN_POINT ( 'NONE',  ( 0.000000000000000000, 0.000000000000000000, 0.000000000000000000 ) ) ;
#4366 = EDGE_CURVE ( 'NONE', #2412, #81, #3353, .T. ) ;
#4367 = VERTEX_POINT ( 'NONE', #479 ) ;
#4368 = ORIENTED_EDGE ( 'NONE', *, *, #3730, .T. ) ;
#4369 = DIRECTION ( 'NONE',  ( -0.000000000000000000, -1.000000000000000000, -0.000000000000000000 ) ) ;
#4370 = EDGE_CURVE ( 'NONE', #2571, #3284, #526, .T. ) ;
#4371 = VECTOR ( 'NONE', #3430, 1000.000000000000000 ) ;
#4372 = VERTEX_POINT ( 'NONE', #4317 ) ;
#4373 = CARTESIAN_POINT ( 'NONE',  ( 0.000000000000000000, 0.8000000000000000444, 0.000000000000000000 ) ) ;
#4374 = AXIS2_PLACEMENT_3D ( 'NONE', #3841, #3145, #3868 ) ;
#4375 = DIRECTION ( 'NONE',  ( -0.000000000000000000, 1.000000000000000000, 0.000000000000000000 ) ) ;
#4376 = AXIS2_PLACEMENT_3D ( 'NONE', #2154, #1820, #17 ) ;
#4377 = VERTEX_POINT ( 'NONE', #3596 ) ;
#4378 = VERTEX_POINT ( 'NONE', #505 ) ;
#4379 = AXIS2_PLACEMENT_3D ( 'NONE', #120, #458, #2874 ) ;
#4380 = DIRECTION ( 'NONE',  ( 0.000000000000000000, -1.000000000000000000, 0.000000000000000000 ) ) ;
#4381 = DIRECTION ( 'NONE',  ( 0.7933533402908364840, 0.000000000000000000, 0.6087614290092401292 ) ) ;
#4382 = CARTESIAN_POINT ( 'NONE',  ( 1.078534110909000310, 0.000000000000000000, 0.7836008994800000016 ) ) ;
#4383 = CIRCLE ( 'NONE', #1289, 1.500000000000000000 ) ;
#4384 = ORIENTED_EDGE ( 'NONE', *, *, #292, .T. ) ;
#4385 = DIRECTION ( 'NONE',  ( 0.000000000000000000, 1.000000000000000000, 0.000000000000000000 ) ) ;
#4386 = ADVANCED_FACE ( 'NONE', ( #1591 ), #3272, .T. ) ;
#4387 = VERTEX_POINT ( 'NONE', #4338 ) ;
#4388 = CARTESIAN_POINT ( 'NONE',  ( 0.000000000000000000, 0.8000000000000000444, 0.000000000000000000 ) ) ;
#4389 = CIRCLE ( 'NONE', #3378, 1.500000000000000000 ) ;
#4390 = CARTESIAN_POINT ( 'NONE',  ( 9.266006198980864949E-18, 3.500000000000000000, -1.333141477135999731 ) ) ;
#4391 = CARTESIAN_POINT ( 'NONE',  ( 1.320247276071112141, 3.499999999999999556, -0.7120021980489670277 ) ) ;
#4392 = ORIENTED_EDGE ( 'NONE', *, *, #1997, .F. ) ;
#4393 = DIRECTION ( 'NONE',  ( -0.000000000000000000, -1.000000000000000000, -0.000000000000000000 ) ) ;
#4394 = DIRECTION ( 'NONE',  ( 0.000000000000000000, -1.000000000000000000, 0.000000000000000000 ) ) ;
#4395 = EDGE_CURVE ( 'NONE', #2819, #2895, #845, .T. ) ;
#4396 = ORIENTED_EDGE ( 'NONE', *, *, #2157, .F. ) ;
#4397 = VECTOR ( 'NONE', #790, 1000.000000000000000 ) ;
#4398 = CARTESIAN_POINT ( 'NONE',  ( 1.085133175154092910, 0.000000000000000000, -1.035608995799088605 ) ) ;
#4399 = ORIENTED_EDGE ( 'NONE', *, *, #1091, .T. ) ;
#4400 = CARTESIAN_POINT ( 'NONE',  ( -1.035608995799090160, 0.8000000000000000444, -1.085133175154006535 ) ) ;
#4401 = EDGE_CURVE ( 'NONE', #1617, #3471, #1230, .T. ) ;
#4402 = CARTESIAN_POINT ( 'NONE',  ( 1.035608995799134791, 0.8000000000000000444, -1.085133175154049168 ) ) ;
#4403 = DIRECTION ( 'NONE',  ( 0.000000000000000000, 0.000000000000000000, -1.000000000000000000 ) ) ;
#4404 = EDGE_LOOP ( 'NONE', ( #1798, #1739, #817, #1062 ) ) ;
#4405 = ORIENTED_EDGE ( 'NONE', *, *, #2430, .T. ) ;
#4406 = LINE ( 'NONE', #1931, #1064 ) ;
#4407 = DIRECTION ( 'NONE',  ( -0.000000000000000000, 1.000000000000000000, 0.000000000000000000 ) ) ;
#4408 = AXIS2_PLACEMENT_3D ( 'NONE', #3747, #1958, #1001 ) ;
#4409 = DIRECTION ( 'NONE',  ( 0.000000000000000000, -1.000000000000000000, -0.000000000000000000 ) ) ;
#4410 = VERTEX_POINT ( 'NONE', #3949 ) ;
#4411 = DIRECTION ( 'NONE',  ( -0.3338068592337900542, 0.000000000000000000, 0.9426414910921716572 ) ) ;
#4412 = LINE ( 'NONE', #4022, #3254 ) ;
#4413 = DIRECTION ( 'NONE',  ( 0.000000000000000000, 0.000000000000000000, -1.000000000000000000 ) ) ;
#4414 = VERTEX_POINT ( 'NONE', #150 ) ;
#4415 = LINE ( 'NONE', #982, #4177 ) ;
#4416 = ORIENTED_EDGE ( 'NONE', *, *, #2622, .T. ) ;
#4417 = DIRECTION ( 'NONE',  ( 0.000000000000000000, -1.000000000000000000, 0.000000000000000000 ) ) ;
#4418 = DIRECTION ( 'NONE',  ( -0.9588197348681997134, 0.000000000000000000, 0.2840153447038998857 ) ) ;
#4419 = EDGE_CURVE ( 'NONE', #2258, #753, #2194, .T. ) ;
#4420 = DIRECTION ( 'NONE',  ( 0.000000000000000000, -1.000000000000000000, 0.000000000000000000 ) ) ;
#4421 = EDGE_LOOP ( 'NONE', ( #1404, #2024, #3783, #333 ) ) ;
#4422 = ORIENTED_EDGE ( 'NONE', *, *, #2479, .T. ) ;
#4423 = DIRECTION ( 'NONE',  ( -0.2840153447039861501, 0.000000000000000000, -0.9588197348681742893 ) ) ;
#4424 = FACE_BOUND ( 'NONE', #3678, .T. ) ;
#4425 = EDGE_CURVE ( 'NONE', #576, #2282, #911, .T. ) ;
#4426 = DIRECTION ( 'NONE',  ( -0.9426414910925545732, 0.000000000000000000, -0.3338068592327084194 ) ) ;
#4427 = EDGE_LOOP ( 'NONE', ( #2981, #4098, #2030, #8 ) ) ;
#4428 = DIRECTION ( 'NONE',  ( 0.9996573249755573709, 0.000000000000000000, -0.02617694830786888166 ) ) ;
#4429 = DIRECTION ( 'NONE',  ( 0.8241261886220260235, 0.000000000000000000, -0.5664062369248178408 ) ) ;
#4430 = VECTOR ( 'NONE', #3872, 1000.000000000000000 ) ;
#4431 = DIRECTION ( 'NONE',  ( -0.8241261886220260235, 0.000000000000000000, -0.5664062369248178408 ) ) ;
#4432 = VECTOR ( 'NONE', #1312, 1000.000000000000114 ) ;
#4433 = ORIENTED_EDGE ( 'NONE', *, *, #963, .T. ) ;
#4434 = CARTESIAN_POINT ( 'NONE',  ( 1.267892888973999987, 2.500000000000000000, -0.4119633723412000070 ) ) ;
#4435 = CIRCLE ( 'NONE', #3923, 1.500000000000000000 ) ;
#4436 = EDGE_LOOP ( 'NONE', ( #1846, #1448, #138, #3612 ) ) ;
#4437 = CARTESIAN_POINT ( 'NONE',  ( 0.2000000000000000111, 0.000000000000000000, -1.486606874732000039 ) ) ;
#4438 = EDGE_CURVE ( 'NONE', #2232, #931, #3972, .T. ) ;
#4439 = CARTESIAN_POINT ( 'NONE',  ( -1.320247276071000231, 0.000000000000000000, 0.7120021980490000013 ) ) ;
#4440 = ORIENTED_EDGE ( 'NONE', *, *, #1976, .F. ) ;
#4441 = EDGE_CURVE ( 'NONE', #488, #268, #2635, .T. ) ;
#4442 = DIRECTION ( 'NONE',  ( 0.9588197348681742893, 0.000000000000000000, -0.2840153447039861501 ) ) ;
#4443 = DIRECTION ( 'NONE',  ( 0.000000000000000000, 0.000000000000000000, -1.000000000000000000 ) ) ;
#4444 = VECTOR ( 'NONE', #4343, 1000.000000000000000 ) ;
#4445 = AXIS2_PLACEMENT_3D ( 'NONE', #4004, #1903, #924 ) ;
#4446 = LINE ( 'NONE', #2060, #2067 ) ;
#4447 = EDGE_CURVE ( 'NONE', #2354, #4378, #1122, .T. ) ;
#4448 = ORIENTED_EDGE ( 'NONE', *, *, #198, .T. ) ;
#4449 = ADVANCED_FACE ( 'NONE', ( #3207 ), #3232, .F. ) ;
#4450 = LINE ( 'NONE', #702, #2725 ) ;
#4451 = DIRECTION ( 'NONE',  ( -0.9588197348681742893, 0.000000000000000000, 0.2840153447039861501 ) ) ;
#4452 = VECTOR ( 'NONE', #477, 1000.000000000000114 ) ;
#4453 = CARTESIAN_POINT ( 'NONE',  ( -0.7120021980489670277, 2.500000000000000444, -1.320247276071112141 ) ) ;
#4454 = VECTOR ( 'NONE', #2503, 1000.000000000000000 ) ;
#4455 = VERTEX_POINT ( 'NONE', #1521 ) ;
#4456 = DIRECTION ( 'NONE',  ( 0.000000000000000000, 1.000000000000000000, 0.000000000000000000 ) ) ;
ENDSEC;
END-ISO-10303-21;
