ISO-10303-21;
HEADER;
FILE_DESCRIPTION (( 'STEP AP214' ),
    '1' );
FILE_NAME ('DC11_B01_CASE_M_DUMMY.STEP',
    '2026-08-29T22:11:45',
    ( '' ),
    ( '' ),
    'SwSTEP 2.0',
    'SolidWorks 2023',
    '' );
FILE_SCHEMA (( 'AUTOMOTIVE_DESIGN' ));
ENDSEC;

DATA;
#1 = ADVANCED_FACE ( 'NONE', ( #2716 ), #573, .F. ) ;
#2 = ADVANCED_FACE ( 'NONE', ( #146 ), #4422, .F. ) ;
#3 = ORIENTED_EDGE ( 'NONE', *, *, #2248, .T. ) ;
#4 = DIRECTION ( 'NONE',  ( 1.000000000000000000, 0.000000000000000000, 0.000000000000000000 ) ) ;
#5 = CARTESIAN_POINT ( 'NONE',  ( 8.000000000000000000, -35.24999999999090505, 6.000000000000000000 ) ) ;
#6 = EDGE_CURVE ( 'NONE', #1836, #2747, #1916, .T. ) ;
#7 = EDGE_LOOP ( 'NONE', ( #912, #3035, #776, #2570, #1404, #2638, #2918, #2615 ) ) ;
#8 = CARTESIAN_POINT ( 'NONE',  ( 10.25000000000000000, -4.349999999999999645, 3.899999999999999911 ) ) ;
#9 = ORIENTED_EDGE ( 'NONE', *, *, #3946, .T. ) ;
#10 = ORIENTED_EDGE ( 'NONE', *, *, #373, .T. ) ;
#11 = ORIENTED_EDGE ( 'NONE', *, *, #1148, .T. ) ;
#12 = CYLINDRICAL_SURFACE ( 'NONE', #128, 1.050000000000000488 ) ;
#13 = FACE_BOUND ( 'NONE', #1484, .T. ) ;
#14 = DIRECTION ( 'NONE',  ( 1.000000000000000000, 0.000000000000000000, 0.000000000000000000 ) ) ;
#15 = AXIS2_PLACEMENT_3D ( 'NONE', #2810, #2837, #3569 ) ;
#16 = VERTEX_POINT ( 'NONE', #2009 ) ;
#17 = CARTESIAN_POINT ( 'NONE',  ( 14.25000000000000000, -27.64999999999999858, 3.899999999999999911 ) ) ;
#18 = CIRCLE ( 'NONE', #2276, 1.250000000027284841 ) ;
#19 = CARTESIAN_POINT ( 'NONE',  ( -14.25000000000000000, -29.35000000000000142, 3.899999999999999911 ) ) ;
#20 = EDGE_LOOP ( 'NONE', ( #3327, #4524, #2222, #1109 ) ) ;
#21 = DIRECTION ( 'NONE',  ( 0.000000000000000000, 0.000000000000000000, -1.000000000000000000 ) ) ;
#22 = EDGE_CURVE ( 'NONE', #2759, #1383, #1565, .T. ) ;
#23 = EDGE_CURVE ( 'NONE', #2735, #1662, #170, .T. ) ;
#24 = LINE ( 'NONE', #1069, #2451 ) ;
#25 = ORIENTED_EDGE ( 'NONE', *, *, #202, .F. ) ;
#26 = LINE ( 'NONE', #2865, #265 ) ;
#27 = ORIENTED_EDGE ( 'NONE', *, *, #1132, .T. ) ;
#28 = ORIENTED_EDGE ( 'NONE', *, *, #2616, .F. ) ;
#29 = ADVANCED_FACE ( 'NONE', ( #1636 ), #2633, .F. ) ;
#30 = VERTEX_POINT ( 'NONE', #3445 ) ;
#31 = DIRECTION ( 'NONE',  ( 0.000000000000000000, -1.000000000000000000, 0.000000000000000000 ) ) ;
#32 = CARTESIAN_POINT ( 'NONE',  ( 11.96005050634000177, -34.54999999999999716, 11.50000000000000000 ) ) ;
#33 = DIRECTION ( 'NONE',  ( 0.000000000000000000, -1.000000000000000000, -0.000000000000000000 ) ) ;
#34 = DIRECTION ( 'NONE',  ( -0.000000000000000000, -0.000000000000000000, -1.000000000000000000 ) ) ;
#35 = VERTEX_POINT ( 'NONE', #2267 ) ;
#36 = LINE ( 'NONE', #59, #4440 ) ;
#37 = AXIS2_PLACEMENT_3D ( 'NONE', #1825, #4396, #789 ) ;
#38 = DIRECTION ( 'NONE',  ( 0.000000000000000000, 0.000000000000000000, -1.000000000000000000 ) ) ;
#39 = AXIS2_PLACEMENT_3D ( 'NONE', #3114, #1378, #288 ) ;
#40 = EDGE_LOOP ( 'NONE', ( #826, #4521, #65, #1566 ) ) ;
#41 = FACE_OUTER_BOUND ( 'NONE', #4327, .T. ) ;
#42 = VECTOR ( 'NONE', #1441, 1000.000000000000000 ) ;
#43 = CARTESIAN_POINT ( 'NONE',  ( -12.25000000000000000, 11.25000000000000000, -11.50000000000000000 ) ) ;
#44 = DIRECTION ( 'NONE',  ( 0.000000000000000000, 0.000000000000000000, 1.000000000000000000 ) ) ;
#45 = EDGE_LOOP ( 'NONE', ( #70, #2308, #2030, #3869 ) ) ;
#46 = CARTESIAN_POINT ( 'NONE',  ( -8.000000000000000000, 11.05000000001155058, 6.000000000000000000 ) ) ;
#47 = VECTOR ( 'NONE', #2719, 1000.000000000000000 ) ;
#48 = ADVANCED_FACE ( 'NONE', ( #478 ), #2644, .F. ) ;
#49 = EDGE_LOOP ( 'NONE', ( #365, #2922, #3394, #1195 ) ) ;
#50 = ORIENTED_EDGE ( 'NONE', *, *, #3879, .F. ) ;
#51 = AXIS2_PLACEMENT_3D ( 'NONE', #4023, #87, #2636 ) ;
#52 = ORIENTED_EDGE ( 'NONE', *, *, #1558, .F. ) ;
#53 = CARTESIAN_POINT ( 'NONE',  ( 6.649999999999999467, -35.25000000000000000, 3.899999999999999911 ) ) ;
#54 = DIRECTION ( 'NONE',  ( 0.000000000000000000, 0.000000000000000000, 1.000000000000000000 ) ) ;
#55 = FACE_OUTER_BOUND ( 'NONE', #2216, .T. ) ;
#56 = DIRECTION ( 'NONE',  ( 0.000000000000000000, -1.000000000000000000, -0.000000000000000000 ) ) ;
#57 = EDGE_CURVE ( 'NONE', #141, #1498, #3711, .T. ) ;
#58 = EDGE_LOOP ( 'NONE', ( #733, #277, #3948, #1972 ) ) ;
#59 = CARTESIAN_POINT ( 'NONE',  ( 6.650000000000000355, -31.25000000000000000, 3.899999999999999911 ) ) ;
#60 = CONICAL_SURFACE ( 'NONE', #3154, 1.249999999885403446, 0.7853981633974482790 ) ;
#61 = CARTESIAN_POINT ( 'NONE',  ( -8.000000000000000000, 11.05000000001155058, 7.049999999991996447 ) ) ;
#62 = FACE_OUTER_BOUND ( 'NONE', #4617, .T. ) ;
#63 = AXIS2_PLACEMENT_3D ( 'NONE', #3578, #610, #2396 ) ;
#64 = VECTOR ( 'NONE', #4434, 1000.000000000000114 ) ;
#65 = ORIENTED_EDGE ( 'NONE', *, *, #2157, .F. ) ;
#66 = EDGE_LOOP ( 'NONE', ( #3302, #1115 ) ) ;
#67 = DIRECTION ( 'NONE',  ( 0.000000000000000000, 1.000000000000000000, 0.000000000000000000 ) ) ;
#68 = CARTESIAN_POINT ( 'NONE',  ( 14.25000000000000000, -26.64999999999999858, -3.899999999999999911 ) ) ;
#69 = DIRECTION ( 'NONE',  ( -1.000000000000000000, 0.000000000000000000, 0.000000000000000000 ) ) ;
#70 = ORIENTED_EDGE ( 'NONE', *, *, #4505, .F. ) ;
#71 = VECTOR ( 'NONE', #2829, 1000.000000000000000 ) ;
#72 = DIRECTION ( 'NONE',  ( 0.7071067811865474617, -0.7071067811865474617, 0.000000000000000000 ) ) ;
#73 = ORIENTED_EDGE ( 'NONE', *, *, #3195, .F. ) ;
#74 = EDGE_LOOP ( 'NONE', ( #3705, #4543, #4513, #1678 ) ) ;
#75 = ADVANCED_FACE ( 'NONE', ( #1211 ), #863, .T. ) ;
#76 = FACE_OUTER_BOUND ( 'NONE', #3586, .T. ) ;
#77 = EDGE_CURVE ( 'NONE', #2373, #587, #4066, .T. ) ;
#78 = FACE_BOUND ( 'NONE', #3523, .T. ) ;
#79 = DIRECTION ( 'NONE',  ( -1.000000000000000000, 0.000000000000000000, 0.000000000000000000 ) ) ;
#80 = LINE ( 'NONE', #412, #4465 ) ;
#81 = EDGE_LOOP ( 'NONE', ( #1183, #2737, #1638, #3174 ) ) ;
#82 = DIRECTION ( 'NONE',  ( 0.000000000000000000, -1.000000000000000000, -0.000000000000000000 ) ) ;
#83 = ADVANCED_FACE ( 'NONE', ( #3046 ), #4492, .F. ) ;
#84 = CARTESIAN_POINT ( 'NONE',  ( 14.25000000000000000, -5.350000000000000533, -10.80000000000000071 ) ) ;
#85 = VERTEX_POINT ( 'NONE', #1754 ) ;
#86 = COLOUR_RGB ( '',0.7921568627450980005, 0.8196078431372548767, 0.9333333333333333481 ) ;
#87 = DIRECTION ( 'NONE',  ( -1.000000000000000000, -0.000000000000000000, -0.000000000000000000 ) ) ;
#88 = CYLINDRICAL_SURFACE ( 'NONE', #954, 1.050000000000000488 ) ;
#89 = DIRECTION ( 'NONE',  ( -1.000000000000000000, 0.000000000000000000, 0.000000000000000000 ) ) ;
#90 = DIRECTION ( 'NONE',  ( 0.000000000000000000, 0.000000000000000000, -1.000000000000000000 ) ) ;
#91 = VERTEX_POINT ( 'NONE', #666 ) ;
#92 = PLANE ( 'NONE',  #3734 ) ;
#93 = DIRECTION ( 'NONE',  ( 0.000000000000000000, -1.000000000000000000, 0.000000000000000000 ) ) ;
#94 = VERTEX_POINT ( 'NONE', #4299 ) ;
#95 = EDGE_LOOP ( 'NONE', ( #1777, #1139 ) ) ;
#96 = ORIENTED_EDGE ( 'NONE', *, *, #1123, .F. ) ;
#97 = CARTESIAN_POINT ( 'NONE',  ( -10.25000000000000000, -2.649999999999999911, 3.899999999999999911 ) ) ;
#98 = CARTESIAN_POINT ( 'NONE',  ( -12.25000000000000000, -35.25000000000000000, -10.80000000000000071 ) ) ;
#99 = LINE ( 'NONE', #4070, #3207 ) ;
#100 = CARTESIAN_POINT ( 'NONE',  ( 0.000000000000000000, -31.25000000000000000, -3.899999999999999911 ) ) ;
#101 = EDGE_CURVE ( 'NONE', #3843, #3865, #709, .T. ) ;
#102 = EDGE_CURVE ( 'NONE', #2376, #1165, #3989, .T. ) ;
#103 = ORIENTED_EDGE ( 'NONE', *, *, #526, .T. ) ;
#104 = DIRECTION ( 'NONE',  ( 0.000000000000000000, 1.000000000000000000, -0.000000000000000000 ) ) ;
#105 = CARTESIAN_POINT ( 'NONE',  ( 8.349999999999999645, -31.25000000000000000, -3.899999999999999911 ) ) ;
#106 = EDGE_CURVE ( 'NONE', #587, #4466, #1488, .T. ) ;
#107 = ORIENTED_EDGE ( 'NONE', *, *, #1180, .F. ) ;
#108 = AXIS2_PLACEMENT_3D ( 'NONE', #3050, #3738, #4499 ) ;
#109 = LINE ( 'NONE', #3652, #4283 ) ;
#110 = CARTESIAN_POINT ( 'NONE',  ( 10.25000000000000000, 0.000000000000000000, -10.80000000000000071 ) ) ;
#111 = VECTOR ( 'NONE', #4204, 1000.000000000000000 ) ;
#112 = ADVANCED_FACE ( 'NONE', ( #1066 ), #3246, .F. ) ;
#113 = ORIENTED_EDGE ( 'NONE', *, *, #22, .F. ) ;
#114 = FACE_OUTER_BOUND ( 'NONE', #3777, .T. ) ;
#115 = PLANE ( 'NONE',  #3464 ) ;
#116 = ORIENTED_EDGE ( 'NONE', *, *, #3965, .T. ) ;
#117 = VECTOR ( 'NONE', #4141, 1000.000000000000000 ) ;
#118 = CARTESIAN_POINT ( 'NONE',  ( -14.25000000000000000, -29.35000000000000142, -3.899999999999999911 ) ) ;
#119 = DIRECTION ( 'NONE',  ( 0.000000000000000000, 0.000000000000000000, -1.000000000000000000 ) ) ;
#120 = VECTOR ( 'NONE', #3409, 1000.000000000000000 ) ;
#121 = VERTEX_POINT ( 'NONE', #3229 ) ;
#122 = ORIENTED_EDGE ( 'NONE', *, *, #464, .F. ) ;
#123 = VERTEX_POINT ( 'NONE', #2125 ) ;
#124 = DIRECTION ( 'NONE',  ( 0.000000000000000000, 0.000000000000000000, -1.000000000000000000 ) ) ;
#125 = DIRECTION ( 'NONE',  ( 1.000000000000000000, 0.000000000000000000, 0.000000000000000000 ) ) ;
#126 = FACE_OUTER_BOUND ( 'NONE', #3914, .T. ) ;
#127 = EDGE_CURVE ( 'NONE', #4275, #551, #2145, .T. ) ;
#128 = AXIS2_PLACEMENT_3D ( 'NONE', #2554, #387, #4354 ) ;
#129 = VERTEX_POINT ( 'NONE', #1775 ) ;
#130 = LINE ( 'NONE', #1576, #1874 ) ;
#131 = CIRCLE ( 'NONE', #512, 1.049999999991996669 ) ;
#132 = CARTESIAN_POINT ( 'NONE',  ( -14.25000000000000000, -4.000000000000000000, -6.000000000000000000 ) ) ;
#133 = LINE ( 'NONE', #3675, #1127 ) ;
#134 = ORIENTED_EDGE ( 'NONE', *, *, #3110, .T. ) ;
#135 = AXIS2_PLACEMENT_3D ( 'NONE', #3243, #375, #1816 ) ;
#136 = CARTESIAN_POINT ( 'NONE',  ( 11.96005050634000177, -34.54999999999999716, -10.80000000000000071 ) ) ;
#137 = EDGE_CURVE ( 'NONE', #4385, #3063, #4373, .T. ) ;
#138 = PLANE ( 'NONE',  #349 ) ;
#139 = AXIS2_PLACEMENT_3D ( 'NONE', #2706, #1648, #922 ) ;
#140 = AXIS2_PLACEMENT_3D ( 'NONE', #4388, #1064, #3937 ) ;
#141 = VERTEX_POINT ( 'NONE', #1400 ) ;
#142 = CARTESIAN_POINT ( 'NONE',  ( -14.25000000000000000, -26.64999999999999858, -3.899999999999999911 ) ) ;
#143 = ADVANCED_FACE ( 'NONE', ( #2518 ), #3962, .T. ) ;
#144 = FACE_OUTER_BOUND ( 'NONE', #2931, .T. ) ;
#145 = FACE_OUTER_BOUND ( 'NONE', #2120, .T. ) ;
#146 = FACE_OUTER_BOUND ( 'NONE', #4129, .T. ) ;
#147 = ORIENTED_EDGE ( 'NONE', *, *, #4009, .T. ) ;
#148 = DIRECTION ( 'NONE',  ( 0.000000000000000000, 1.000000000000000000, 0.000000000000000000 ) ) ;
#149 = VECTOR ( 'NONE', #475, 1000.000000000000000 ) ;
#150 = EDGE_LOOP ( 'NONE', ( #306, #3242, #316, #2594 ) ) ;
#151 = DIRECTION ( 'NONE',  ( 0.7071067811865474617, -0.7071067811865474617, 0.000000000000000000 ) ) ;
#152 = PLANE ( 'NONE',  #568 ) ;
#153 = DIRECTION ( 'NONE',  ( 0.000000000000000000, -1.000000000000000000, 0.000000000000000000 ) ) ;
#154 = LINE ( 'NONE', #893, #4544 ) ;
#155 = ORIENTED_EDGE ( 'NONE', *, *, #1870, .F. ) ;
#156 = CARTESIAN_POINT ( 'NONE',  ( -14.25000000000000000, -5.349999999999999645, -3.899999999999999911 ) ) ;
#157 = DIRECTION ( 'NONE',  ( 1.000000000000000000, 0.000000000000000000, 0.000000000000000000 ) ) ;
#158 = CARTESIAN_POINT ( 'NONE',  ( 10.25000000000000000, 0.000000000000000000, -3.899999999999999911 ) ) ;
#159 = ORIENTED_EDGE ( 'NONE', *, *, #3919, .F. ) ;
#160 = ORIENTED_EDGE ( 'NONE', *, *, #4621, .F. ) ;
#161 = CARTESIAN_POINT ( 'NONE',  ( -14.24999999997544364, -28.00000000000000000, -6.000000000000000000 ) ) ;
#162 = DIRECTION ( 'NONE',  ( 0.000000000000000000, 0.000000000000000000, -1.000000000000000000 ) ) ;
#163 = AXIS2_PLACEMENT_3D ( 'NONE', #2699, #226, #2348 ) ;
#164 = EDGE_LOOP ( 'NONE', ( #4006, #2702, #1685, #3120 ) ) ;
#166 = ADVANCED_FACE ( 'NONE', ( #3587 ), #399, .F. ) ;
#165 = LINE ( 'NONE', #2238, #1345 ) ;
#167 = EDGE_CURVE ( 'NONE', #1741, #3415, #3183, .T. ) ;
#168 = VECTOR ( 'NONE', #4059, 1000.000000000000000 ) ;
#169 = LINE ( 'NONE', #4420, #3058 ) ;
#170 = LINE ( 'NONE', #3026, #4610 ) ;
#171 = ORIENTED_EDGE ( 'NONE', *, *, #3401, .F. ) ;
#172 = EDGE_CURVE ( 'NONE', #4021, #1657, #2034, .T. ) ;
#173 = ORIENTED_EDGE ( 'NONE', *, *, #4648, .F. ) ;
#174 = CARTESIAN_POINT ( 'NONE',  ( 0.000000000000000000, -31.25000000000000000, 3.900000000000000799 ) ) ;
#175 = PRODUCT_DEFINITION_SHAPE ( 'NONE', 'NONE',  #335 ) ;
#176 = PLANE ( 'NONE',  #108 ) ;
#177 = DIRECTION ( 'NONE',  ( 0.000000000000000000, -0.000000000000000000, -1.000000000000000000 ) ) ;
#178 = EDGE_CURVE ( 'NONE', #1095, #743, #2337, .T. ) ;
#179 = DIRECTION ( 'NONE',  ( 1.000000000000000000, 0.000000000000000000, 0.000000000000000000 ) ) ;
#180 = EDGE_LOOP ( 'NONE', ( #3933, #1458, #113, #4475 ) ) ;
#181 = DIRECTION ( 'NONE',  ( 0.000000000000000000, 0.000000000000000000, 1.000000000000000000 ) ) ;
#182 = FACE_OUTER_BOUND ( 'NONE', #2306, .T. ) ;
#183 = UNCERTAINTY_MEASURE_WITH_UNIT (LENGTH_MEASURE( 1.000000000000000082E-05 ), #3212, 'distance_accuracy_value', 'NONE');
#184 = ORIENTED_EDGE ( 'NONE', *, *, #1170, .T. ) ;
#185 = ORIENTED_EDGE ( 'NONE', *, *, #1783, .T. ) ;
#186 = DIRECTION ( 'NONE',  ( -0.7071067811865475727, 0.7071067811865475727, 0.000000000000000000 ) ) ;
#187 = DIRECTION ( 'NONE',  ( 1.000000000000000000, 0.000000000000000000, 0.000000000000000000 ) ) ;
#188 = ADVANCED_FACE ( 'NONE', ( #734 ), #356, .F. ) ;
#189 = ORIENTED_EDGE ( 'NONE', *, *, #1533, .T. ) ;
#190 = DIRECTION ( 'NONE',  ( 0.000000000000000000, 1.000000000000000000, 0.000000000000000000 ) ) ;
#191 = CONICAL_SURFACE ( 'NONE', #3810, 1.250000000055479399, 0.7853981635395568262 ) ;
#192 = DIRECTION ( 'NONE',  ( 0.000000000000000000, -0.000000000000000000, -1.000000000000000000 ) ) ;
#193 = DIRECTION ( 'NONE',  ( 0.000000000000000000, 0.000000000000000000, 1.000000000000000000 ) ) ;
#194 = DIRECTION ( 'NONE',  ( 0.000000000000000000, 0.000000000000000000, -1.000000000000000000 ) ) ;
#195 = CIRCLE ( 'NONE', #3960, 1.249999999970441422 ) ;
#196 = VERTEX_POINT ( 'NONE', #3611 ) ;
#197 = ORIENTED_EDGE ( 'NONE', *, *, #1677, .F. ) ;
#198 = LINE ( 'NONE', #650, #1939 ) ;
#199 = FACE_OUTER_BOUND ( 'NONE', #818, .T. ) ;
#200 = ADVANCED_FACE ( 'NONE', ( #4656 ), #1424, .T. ) ;
#201 = AXIS2_PLACEMENT_3D ( 'NONE', #2935, #1524, #1145 ) ;
#202 = EDGE_CURVE ( 'NONE', #2735, #4376, #2877, .T. ) ;
#203 = CARTESIAN_POINT ( 'NONE',  ( 10.25000000000000000, 0.000000000000000000, -3.899999999999999911 ) ) ;
#204 = DIRECTION ( 'NONE',  ( 1.000000000000000000, 0.000000000000000000, 0.000000000000000000 ) ) ;
#205 = ORIENTED_EDGE ( 'NONE', *, *, #2823, .T. ) ;
#206 = LINE ( 'NONE', #511, #744 ) ;
#207 = CYLINDRICAL_SURFACE ( 'NONE', #521, 1.050000000000000488 ) ;
#208 = ADVANCED_FACE ( 'NONE', ( #41 ), #2923, .T. ) ;
#209 = VECTOR ( 'NONE', #1670, 1000.000000000000114 ) ;
#210 = ORIENTED_EDGE ( 'NONE', *, *, #4472, .F. ) ;
#211 = VERTEX_POINT ( 'NONE', #3706 ) ;
#212 = CARTESIAN_POINT ( 'NONE',  ( 14.25000000000000000, 9.250000000000000000, -10.80000000000000071 ) ) ;
#213 = ORIENTED_EDGE ( 'NONE', *, *, #725, .T. ) ;
#214 = LINE ( 'NONE', #1307, #3600 ) ;
#215 = AXIS2_PLACEMENT_3D ( 'NONE', #2143, #3224, #4630 ) ;
#216 = CIRCLE ( 'NONE', #2545, 1.049999999992450972 ) ;
#217 = DIRECTION ( 'NONE',  ( -0.7071067811865474617, 0.7071067811865474617, -0.000000000000000000 ) ) ;
#218 = CIRCLE ( 'NONE', #3538, 1.250000000027284841 ) ;
#219 = DIRECTION ( 'NONE',  ( 0.000000000000000000, 0.000000000000000000, 1.000000000000000000 ) ) ;
#220 = ORIENTED_EDGE ( 'NONE', *, *, #956, .T. ) ;
#221 = ORIENTED_EDGE ( 'NONE', *, *, #2419, .F. ) ;
#222 = CARTESIAN_POINT ( 'NONE',  ( 8.000000000000000000, -35.05000000006930350, -6.000000000000000000 ) ) ;
#223 = VECTOR ( 'NONE', #3857, 1000.000000000000000 ) ;
#224 = DIRECTION ( 'NONE',  ( 1.000000000000000000, 0.000000000000000000, 0.000000000000000000 ) ) ;
#225 = PLANE ( 'NONE',  #3966 ) ;
#226 = DIRECTION ( 'NONE',  ( -1.000000000000000000, 0.000000000000000000, 0.000000000000000000 ) ) ;
#227 = EDGE_CURVE ( 'NONE', #4655, #1836, #4468, .T. ) ;
#228 = ADVANCED_FACE ( 'NONE', ( #1866 ), #4417, .T. ) ;
#229 = ORIENTED_EDGE ( 'NONE', *, *, #2671, .F. ) ;
#230 = CARTESIAN_POINT ( 'NONE',  ( 14.25000000000000000, -33.25000000000000000, -10.80000000000000071 ) ) ;
#231 = DIRECTION ( 'NONE',  ( -0.000000000000000000, 0.000000000000000000, 1.000000000000000000 ) ) ;
#232 = ORIENTED_EDGE ( 'NONE', *, *, #1723, .T. ) ;
#233 = VERTEX_POINT ( 'NONE', #4081 ) ;
#234 = CARTESIAN_POINT ( 'NONE',  ( -13.55000000000000071, 0.000000000000000000, -11.50000000000000000 ) ) ;
#235 = ORIENTED_EDGE ( 'NONE', *, *, #3947, .F. ) ;
#236 = CARTESIAN_POINT ( 'NONE',  ( 8.000000000000000000, -35.25000000007594281, -4.749999999944066076 ) ) ;
#237 = CARTESIAN_POINT ( 'NONE',  ( 14.25000000000000000, -2.649999999999999911, 3.899999999999999911 ) ) ;
#238 = DIRECTION ( 'NONE',  ( 0.000000000000000000, -1.000000000000000000, 0.000000000000000000 ) ) ;
#239 = DIRECTION ( 'NONE',  ( 0.000000000000000000, 0.000000000000000000, -1.000000000000000000 ) ) ;
#240 = VECTOR ( 'NONE', #1264, 1000.000000000000000 ) ;
#241 = ORIENTED_EDGE ( 'NONE', *, *, #4324, .F. ) ;
#242 = ORIENTED_EDGE ( 'NONE', *, *, #1503, .F. ) ;
#243 = CIRCLE ( 'NONE', #2882, 1.050000000000000488 ) ;
#244 = VERTEX_POINT ( 'NONE', #811 ) ;
#245 = CARTESIAN_POINT ( 'NONE',  ( 8.349999999999999645, -19.30000000000000071, -4.700000000000000178 ) ) ;
#246 = LINE ( 'NONE', #4260, #3127 ) ;
#247 = DIRECTION ( 'NONE',  ( -0.000000000000000000, 1.000000000000000000, -0.000000000000000000 ) ) ;
#248 = CARTESIAN_POINT ( 'NONE',  ( -14.25000000000000000, -4.000000000000000000, -7.050000000000000711 ) ) ;
#249 = ORIENTED_EDGE ( 'NONE', *, *, #22, .T. ) ;
#250 = CARTESIAN_POINT ( 'NONE',  ( 14.25000000000000000, -4.000000000000000000, -7.050000000000000711 ) ) ;
#251 = DIRECTION ( 'NONE',  ( 0.7071067811865474617, 0.7071067811865474617, 0.000000000000000000 ) ) ;
#252 = EDGE_LOOP ( 'NONE', ( #2953, #2293, #4444, #3486 ) ) ;
#253 = ORIENTED_EDGE ( 'NONE', *, *, #572, .F. ) ;
#254 = LINE ( 'NONE', #1751, #3084 ) ;
#255 = LINE ( 'NONE', #2427, #2774 ) ;
#256 = EDGE_CURVE ( 'NONE', #4253, #2141, #4102, .T. ) ;
#257 = ADVANCED_FACE ( 'NONE', ( #1889 ), #115, .F. ) ;
#258 = EDGE_LOOP ( 'NONE', ( #3619, #833, #4101, #2107 ) ) ;
#259 = DIRECTION ( 'NONE',  ( 0.000000000000000000, -0.000000000000000000, 1.000000000000000000 ) ) ;
#260 = CARTESIAN_POINT ( 'NONE',  ( -14.25000000000000000, 9.250000000000000000, -10.80000000000000071 ) ) ;
#261 = EDGE_CURVE ( 'NONE', #1574, #979, #4055, .T. ) ;
#262 = LINE ( 'NONE', #1702, #2428 ) ;
#263 = VERTEX_POINT ( 'NONE', #2640 ) ;
#264 = ORIENTED_EDGE ( 'NONE', *, *, #715, .T. ) ;
#265 = VECTOR ( 'NONE', #4345, 1000.000000000000114 ) ;
#266 = ORIENTED_EDGE ( 'NONE', *, *, #3716, .F. ) ;
#267 = DIRECTION ( 'NONE',  ( 0.000000000000000000, -0.000000000000000000, -1.000000000000000000 ) ) ;
#268 = CARTESIAN_POINT ( 'NONE',  ( -6.650000000000000355, -35.25000000000000000, -3.899999999999999911 ) ) ;
#269 = LINE ( 'NONE', #3574, #447 ) ;
#270 = AXIS2_PLACEMENT_3D ( 'NONE', #1020, #3872, #644 ) ;
#271 = LINE ( 'NONE', #1541, #1384 ) ;
#272 = VERTEX_POINT ( 'NONE', #3345 ) ;
#273 = DIRECTION ( 'NONE',  ( 0.000000000000000000, 0.000000000000000000, 1.000000000000000000 ) ) ;
#274 = FACE_OUTER_BOUND ( 'NONE', #4343, .T. ) ;
#275 = EDGE_CURVE ( 'NONE', #880, #1758, #762, .T. ) ;
#276 = DIRECTION ( 'NONE',  ( 1.000000000000000000, 0.000000000000000000, 0.000000000000000000 ) ) ;
#277 = ORIENTED_EDGE ( 'NONE', *, *, #3871, .F. ) ;
#278 = ORIENTED_EDGE ( 'NONE', *, *, #602, .F. ) ;
#279 = CARTESIAN_POINT ( 'NONE',  ( -10.25000000000000000, -26.64999999999999858, 3.899999999999999911 ) ) ;
#280 = DIRECTION ( 'NONE',  ( 0.000000000000000000, 0.000000000000000000, -1.000000000000000000 ) ) ;
#281 = VECTOR ( 'NONE', #2864, 1000.000000000000000 ) ;
#282 = VERTEX_POINT ( 'NONE', #2999 ) ;
#283 = VECTOR ( 'NONE', #591, 1000.000000000000000 ) ;
#284 = CARTESIAN_POINT ( 'NONE',  ( -6.650000000000000355, -35.25000000000000000, 3.899999999999999911 ) ) ;
#285 = VECTOR ( 'NONE', #3818, 1000.000000000000000 ) ;
#286 = ADVANCED_FACE ( 'NONE', ( #2288 ), #3823, .F. ) ;
#287 = EDGE_CURVE ( 'NONE', #1258, #4168, #3754, .T. ) ;
#288 = DIRECTION ( 'NONE',  ( 0.000000000000000000, -0.000000000000000000, 1.000000000000000000 ) ) ;
#289 = ORIENTED_EDGE ( 'NONE', *, *, #3859, .F. ) ;
#290 = ORIENTED_EDGE ( 'NONE', *, *, #715, .F. ) ;
#291 = VECTOR ( 'NONE', #4653, 1000.000000000000000 ) ;
#292 = EDGE_CURVE ( 'NONE', #510, #2529, #2663, .T. ) ;
#293 = AXIS2_PLACEMENT_3D ( 'NONE', #2470, #1794, #3223 ) ;
#294 = FACE_OUTER_BOUND ( 'NONE', #701, .T. ) ;
#295 = CARTESIAN_POINT ( 'NONE',  ( 6.649999999999999467, -35.25000000000000000, -10.80000000000000071 ) ) ;
#296 = DIRECTION ( 'NONE',  ( 1.000000000000000000, 0.000000000000000000, 0.000000000000000000 ) ) ;
#297 = LINE ( 'NONE', #2766, #3303 ) ;
#298 = VECTOR ( 'NONE', #3153, 1000.000000000000000 ) ;
#299 = VECTOR ( 'NONE', #4442, 1000.000000000000000 ) ;
#300 = EDGE_LOOP ( 'NONE', ( #1922, #3475, #1842, #1122 ) ) ;
#301 = CARTESIAN_POINT ( 'NONE',  ( -14.25000000000000000, -5.349999999999998757, 3.899999999999999911 ) ) ;
#302 = ORIENTED_EDGE ( 'NONE', *, *, #1503, .T. ) ;
#303 = DIRECTION ( 'NONE',  ( 0.000000000000000000, 0.000000000000000000, -1.000000000000000000 ) ) ;
#304 = CARTESIAN_POINT ( 'NONE',  ( 14.25000000003274181, -4.000000000000000000, 6.000000000000000000 ) ) ;
#305 = LINE ( 'NONE', #4512, #3358 ) ;
#306 = ORIENTED_EDGE ( 'NONE', *, *, #985, .F. ) ;
#307 = CARTESIAN_POINT ( 'NONE',  ( -8.000000000000000000, -31.25000000000000000, 6.000000000000000000 ) ) ;
#308 = AXIS2_PLACEMENT_3D ( 'NONE', #2901, #3266, #2543 ) ;
#309 = CARTESIAN_POINT ( 'NONE',  ( -12.25000000000000000, 11.25000000000000000, -11.50000000000000000 ) ) ;
#310 = EDGE_LOOP ( 'NONE', ( #1456, #3621, #2654, #804 ) ) ;
#311 = DIRECTION ( 'NONE',  ( 0.000000000000000000, -0.000000000000000000, 1.000000000000000000 ) ) ;
#312 = PLANE ( 'NONE',  #951 ) ;
#313 = DIRECTION ( 'NONE',  ( 0.000000000000000000, 0.000000000000000000, -1.000000000000000000 ) ) ;
#314 = EDGE_CURVE ( 'NONE', #2090, #4666, #1962, .T. ) ;
#315 = EDGE_CURVE ( 'NONE', #3235, #2476, #165, .T. ) ;
#316 = ORIENTED_EDGE ( 'NONE', *, *, #3620, .T. ) ;
#317 = ORIENTED_EDGE ( 'NONE', *, *, #2185, .T. ) ;
#318 = PLANE ( 'NONE',  #2313 ) ;
#319 = DIRECTION ( 'NONE',  ( 0.000000000000000000, -1.000000000000000000, 0.000000000000000000 ) ) ;
#320 = EDGE_CURVE ( 'NONE', #1896, #1134, #2767, .T. ) ;
#321 = CIRCLE ( 'NONE', #3935, 1.049999999992450972 ) ;
#322 = DIRECTION ( 'NONE',  ( 0.000000000000000000, 0.000000000000000000, -1.000000000000000000 ) ) ;
#323 = ORIENTED_EDGE ( 'NONE', *, *, #1246, .F. ) ;
#324 = CARTESIAN_POINT ( 'NONE',  ( 14.25000000000000000, -2.649999999999999467, -10.80000000000000071 ) ) ;
#325 = DIRECTION ( 'NONE',  ( -1.000000000000000000, -0.000000000000000000, -0.000000000000000000 ) ) ;
#326 = DIRECTION ( 'NONE',  ( 0.000000000000000000, -1.000000000000000000, 0.000000000000000000 ) ) ;
#327 = EDGE_CURVE ( 'NONE', #1258, #85, #1936, .T. ) ;
#328 = ORIENTED_EDGE ( 'NONE', *, *, #1871, .T. ) ;
#329 = CARTESIAN_POINT ( 'NONE',  ( -14.04999999994061000, -4.000000000000000000, 6.000000000000000000 ) ) ;
#330 = CARTESIAN_POINT ( 'NONE',  ( 8.000000000000000000, 7.250000000000000000, 6.000000000000000000 ) ) ;
#331 = ORIENTED_EDGE ( 'NONE', *, *, #581, .T. ) ;
#332 = DIRECTION ( 'NONE',  ( 1.000000000000000000, 0.000000000000000000, 0.000000000000000000 ) ) ;
#333 = PRODUCT ( 'DC11_B01_CASE_M_DUMMY', 'DC11_B01_CASE_M_DUMMY', '', ( #741 ) ) ;
#334 = CARTESIAN_POINT ( 'NONE',  ( -14.25000000000000000, -29.35000000000000142, -3.899999999999999911 ) ) ;
#335 = PRODUCT_DEFINITION ( 'Êô', '', #1284, #1271 ) ;
#336 = VERTEX_POINT ( 'NONE', #1609 ) ;
#337 = DIRECTION ( 'NONE',  ( 0.000000000000000000, 0.000000000000000000, 1.000000000000000000 ) ) ;
#338 = DIRECTION ( 'NONE',  ( -0.000000000000000000, 0.000000000000000000, 1.000000000000000000 ) ) ;
#339 = PLANE ( 'NONE',  #4143 ) ;
#340 = VECTOR ( 'NONE', #1080, 1000.000000000000000 ) ;
#341 = DIRECTION ( 'NONE',  ( -1.000000000000000000, -0.000000000000000000, -0.000000000000000000 ) ) ;
#342 = ORIENTED_EDGE ( 'NONE', *, *, #814, .F. ) ;
#343 = EDGE_CURVE ( 'NONE', #4376, #4195, #3043, .T. ) ;
#344 = PLANE ( 'NONE',  #4278 ) ;
#345 = ADVANCED_FACE ( 'NONE', ( #1159 ), #1585, .F. ) ;
#346 = LINE ( 'NONE', #658, #832 ) ;
#347 = AXIS2_PLACEMENT_3D ( 'NONE', #1985, #1255, #909 ) ;
#348 = CARTESIAN_POINT ( 'NONE',  ( 8.000000000000000000, -31.25000000000000000, -6.000000000000000000 ) ) ;
#349 = AXIS2_PLACEMENT_3D ( 'NONE', #2612, #520, #1607 ) ;
#350 = EDGE_LOOP ( 'NONE', ( #1847, #1047, #103, #1617 ) ) ;
#351 = FACE_OUTER_BOUND ( 'NONE', #745, .T. ) ;
#352 = EDGE_CURVE ( 'NONE', #35, #805, #3373, .T. ) ;
#353 = DIRECTION ( 'NONE',  ( -1.000000000000000000, 0.000000000000000000, 0.000000000000000000 ) ) ;
#354 = VECTOR ( 'NONE', #3718, 1000.000000000000000 ) ;
#355 = ORIENTED_EDGE ( 'NONE', *, *, #950, .T. ) ;
#356 = CYLINDRICAL_SURFACE ( 'NONE', #3845, 1.050000000000000488 ) ;
#357 = LINE ( 'NONE', #3567, #4030 ) ;
#358 = VECTOR ( 'NONE', #3694, 1000.000000000000000 ) ;
#359 = ORIENTED_EDGE ( 'NONE', *, *, #2159, .F. ) ;
#360 = VECTOR ( 'NONE', #2405, 1000.000000000000000 ) ;
#361 = DIRECTION ( 'NONE',  ( -0.7071067811865474617, 8.659560562354932858E-17, -0.7071067811865474617 ) ) ;
#362 = EDGE_LOOP ( 'NONE', ( #4528, #4076, #2270, #4045 ) ) ;
#363 = EDGE_LOOP ( 'NONE', ( #3748, #2727, #4075, #3398 ) ) ;
#364 = CYLINDRICAL_SURFACE ( 'NONE', #778, 1.050000000000000488 ) ;
#365 = ORIENTED_EDGE ( 'NONE', *, *, #2730, .F. ) ;
#366 = FACE_BOUND ( 'NONE', #1473, .T. ) ;
#367 = FACE_BOUND ( 'NONE', #1542, .T. ) ;
#368 = AXIS2_PLACEMENT_3D ( 'NONE', #3984, #2258, #4003 ) ;
#369 = VECTOR ( 'NONE', #1106, 1000.000000000000000 ) ;
#370 = DIRECTION ( 'NONE',  ( 0.000000000000000000, 1.000000000000000000, 0.000000000000000000 ) ) ;
#371 = CARTESIAN_POINT ( 'NONE',  ( -10.25000000000000000, 0.000000000000000000, -3.899999999999999911 ) ) ;
#372 = ADVANCED_FACE ( 'NONE', ( #3778 ), #1536, .F. ) ;
#373 = EDGE_CURVE ( 'NONE', #3625, #880, #948, .T. ) ;
#374 = EDGE_LOOP ( 'NONE', ( #2497, #3719, #4578, #3094 ) ) ;
#375 = DIRECTION ( 'NONE',  ( 0.7071067811865475727, 0.7071067811865475727, 0.000000000000000000 ) ) ;
#376 = DIRECTION ( 'NONE',  ( 1.000000000000000000, 0.000000000000000000, 0.000000000000000000 ) ) ;
#377 = AXIS2_PLACEMENT_3D ( 'NONE', #3076, #580, #4167 ) ;
#378 = ORIENTED_EDGE ( 'NONE', *, *, #2854, .T. ) ;
#379 = CARTESIAN_POINT ( 'NONE',  ( -9.350000000000001421, -31.25000000000000000, 3.899999999999999911 ) ) ;
#380 = AXIS2_PLACEMENT_3D ( 'NONE', #760, #4, #3545 ) ;
#381 = LINE ( 'NONE', #43, #3273 ) ;
#382 = ORIENTED_EDGE ( 'NONE', *, *, #3819, .F. ) ;
#383 = CARTESIAN_POINT ( 'NONE',  ( -8.000000000000000000, -35.25000000007594281, -4.749999999944066076 ) ) ;
#384 = ORIENTED_EDGE ( 'NONE', *, *, #4384, .T. ) ;
#385 = VERTEX_POINT ( 'NONE', #1633 ) ;
#386 = ORIENTED_EDGE ( 'NONE', *, *, #3528, .F. ) ;
#387 = DIRECTION ( 'NONE',  ( 1.000000000000000000, 0.000000000000000000, 0.000000000000000000 ) ) ;
#388 = CARTESIAN_POINT ( 'NONE',  ( 8.349999999999999645, -35.25000000000000000, -3.899999999999999911 ) ) ;
#389 = LINE ( 'NONE', #2533, #1331 ) ;
#390 = LINE ( 'NONE', #1102, #1824 ) ;
#391 = AXIS2_PLACEMENT_3D ( 'NONE', #2341, #3421, #862 ) ;
#392 = EDGE_CURVE ( 'NONE', #2668, #4010, #4613, .T. ) ;
#393 = VERTEX_POINT ( 'NONE', #2055 ) ;
#394 = DIRECTION ( 'NONE',  ( 0.000000000000000000, 0.000000000000000000, 1.000000000000000000 ) ) ;
#395 = AXIS2_PLACEMENT_3D ( 'NONE', #1329, #1356, #4615 ) ;
#396 = CARTESIAN_POINT ( 'NONE',  ( 0.000000000000000000, 10.55000000000000071, 10.80000000000000071 ) ) ;
#397 = LINE ( 'NONE', #2875, #4522 ) ;
#398 = ORIENTED_EDGE ( 'NONE', *, *, #1838, .T. ) ;
#399 = PLANE ( 'NONE',  #380 ) ;
#400 = ADVANCED_FACE ( 'NONE', ( #2358 ), #545, .T. ) ;
#401 = EDGE_CURVE ( 'NONE', #2897, #3969, #1699, .T. ) ;
#402 = CARTESIAN_POINT ( 'NONE',  ( 0.000000000000000000, 0.000000000000000000, -10.80000000000000071 ) ) ;
#403 = EDGE_LOOP ( 'NONE', ( #728, #2173, #2857, #503 ) ) ;
#404 = EDGE_CURVE ( 'NONE', #1741, #3081, #214, .T. ) ;
#405 = CARTESIAN_POINT ( 'NONE',  ( -8.349999999999999645, -8.900000000000000355, -10.80000000000000071 ) ) ;
#406 = ORIENTED_EDGE ( 'NONE', *, *, #1646, .F. ) ;
#407 = EDGE_LOOP ( 'NONE', ( #3550, #4479, #846, #2872 ) ) ;
#408 = EDGE_LOOP ( 'NONE', ( #1023, #10, #3367, #210 ) ) ;
#409 = DIRECTION ( 'NONE',  ( 0.000000000000000000, -0.000000000000000000, -1.000000000000000000 ) ) ;
#410 = CARTESIAN_POINT ( 'NONE',  ( 8.000000000000000000, -35.25000000007594281, 4.749999999944520823 ) ) ;
#411 = CARTESIAN_POINT ( 'NONE',  ( -14.25000000000000000, -4.000000000000000000, 7.050000000000000711 ) ) ;
#412 = CARTESIAN_POINT ( 'NONE',  ( -8.349999999999999645, 0.000000000000000000, -10.80000000000000071 ) ) ;
#413 = ORIENTED_EDGE ( 'NONE', *, *, #1357, .T. ) ;
#414 = CARTESIAN_POINT ( 'NONE',  ( -14.24999999989040589, -4.000000000000000000, -6.000000000000000000 ) ) ;
#415 = AXIS2_PLACEMENT_3D ( 'NONE', #3592, #3617, #2951 ) ;
#416 = CARTESIAN_POINT ( 'NONE',  ( -14.25000000000000000, -28.35000000000000497, -3.899999999999999911 ) ) ;
#417 = AXIS2_PLACEMENT_3D ( 'NONE', #2902, #3206, #1801 ) ;
#418 = ORIENTED_EDGE ( 'NONE', *, *, #2073, .F. ) ;
#419 = DIRECTION ( 'NONE',  ( -0.7071067811865474617, 0.7071067811865474617, 0.000000000000000000 ) ) ;
#420 = DIRECTION ( 'NONE',  ( 0.000000000000000000, 0.000000000000000000, 1.000000000000000000 ) ) ;
#421 = AXIS2_PLACEMENT_3D ( 'NONE', #4357, #2203, #1852 ) ;
#422 = CARTESIAN_POINT ( 'NONE',  ( -9.350000000000001421, -31.25000000000000000, -3.899999999999999911 ) ) ;
#423 = EDGE_CURVE ( 'NONE', #233, #3646, #3518, .T. ) ;
#424 = ORIENTED_EDGE ( 'NONE', *, *, #1397, .F. ) ;
#425 = DIRECTION ( 'NONE',  ( 1.000000000000000000, 0.000000000000000000, 0.000000000000000000 ) ) ;
#426 = CARTESIAN_POINT ( 'NONE',  ( -14.25000000000000000, -33.25000000000000000, -10.80000000000000071 ) ) ;
#427 = VECTOR ( 'NONE', #3577, 1000.000000000000000 ) ;
#428 = APPLICATION_CONTEXT ( 'automotive_design' ) ;
#429 = ORIENTED_EDGE ( 'NONE', *, *, #2391, .T. ) ;
#430 = ORIENTED_EDGE ( 'NONE', *, *, #3612, .F. ) ;
#431 = EDGE_CURVE ( 'NONE', #3455, #1517, #3136, .T. ) ;
#432 = CONICAL_SURFACE ( 'NONE', #4126, 1.249999999885403446, 0.7853981633974482790 ) ;
#433 = ORIENTED_EDGE ( 'NONE', *, *, #3861, .T. ) ;
#434 = DIRECTION ( 'NONE',  ( 0.000000000000000000, -0.000000000000000000, -1.000000000000000000 ) ) ;
#435 = DIRECTION ( 'NONE',  ( 0.000000000000000000, -1.000000000000000000, 0.000000000000000000 ) ) ;
#436 = DIRECTION ( 'NONE',  ( 0.000000000000000000, 0.000000000000000000, -1.000000000000000000 ) ) ;
#437 = DIRECTION ( 'NONE',  ( 0.000000000000000000, 0.000000000000000000, -1.000000000000000000 ) ) ;
#438 = VERTEX_POINT ( 'NONE', #2782 ) ;
#439 = VECTOR ( 'NONE', #3338, 1000.000000000000000 ) ;
#440 = CARTESIAN_POINT ( 'NONE',  ( 8.000000000000000000, -31.25000000000000000, -6.000000000000000000 ) ) ;
#441 = AXIS2_PLACEMENT_3D ( 'NONE', #4094, #872, #895 ) ;
#442 = DIRECTION ( 'NONE',  ( 0.000000000000000000, 0.000000000000000000, 1.000000000000000000 ) ) ;
#443 = DIRECTION ( 'NONE',  ( 0.7071067811865486830, 0.7071067811865464625, 0.000000000000000000 ) ) ;
#444 = VECTOR ( 'NONE', #1480, 1000.000000000000000 ) ;
#445 = AXIS2_PLACEMENT_3D ( 'NONE', #796, #4041, #4410 ) ;
#446 = ORIENTED_EDGE ( 'NONE', *, *, #275, .F. ) ;
#447 = VECTOR ( 'NONE', #1365, 1000.000000000000000 ) ;
#448 = CARTESIAN_POINT ( 'NONE',  ( 8.000000000000000000, 11.24999999998999556, 6.000000000000000000 ) ) ;
#449 = CARTESIAN_POINT ( 'NONE',  ( 9.350000000000001421, -35.25000000000000000, 3.899999999999999911 ) ) ;
#450 = CARTESIAN_POINT ( 'NONE',  ( -14.24999999989040589, -28.00000000000000000, -6.000000000000000000 ) ) ;
#451 = DIRECTION ( 'NONE',  ( -1.000000000000000000, 0.000000000000000000, 0.000000000000000000 ) ) ;
#452 = ORIENTED_EDGE ( 'NONE', *, *, #2213, .F. ) ;
#453 = CARTESIAN_POINT ( 'NONE',  ( -8.000000000000000000, -35.05000000006930350, 4.950000000008003553 ) ) ;
#454 = DIRECTION ( 'NONE',  ( 1.000000000000000000, 0.000000000000000000, -0.000000000000000000 ) ) ;
#455 = EDGE_CURVE ( 'NONE', #1165, #3625, #131, .T. ) ;
#456 = EDGE_CURVE ( 'NONE', #2604, #4067, #3870, .T. ) ;
#457 = ORIENTED_EDGE ( 'NONE', *, *, #2730, .T. ) ;
#458 = EDGE_LOOP ( 'NONE', ( #1734, #1918, #1001, #171 ) ) ;
#459 = DIRECTION ( 'NONE',  ( 0.000000000000000000, 0.000000000000000000, 1.000000000000000000 ) ) ;
#460 = ORIENTED_EDGE ( 'NONE', *, *, #102, .T. ) ;
#461 = DIRECTION ( 'NONE',  ( 0.000000000000000000, 0.000000000000000000, -1.000000000000000000 ) ) ;
#462 = CARTESIAN_POINT ( 'NONE',  ( 8.349999999999999645, -35.25000000000000000, -10.80000000000000071 ) ) ;
#463 = EDGE_CURVE ( 'NONE', #3072, #1467, #4515, .T. ) ;
#464 = EDGE_CURVE ( 'NONE', #1475, #1335, #1324, .T. ) ;
#465 = DIRECTION ( 'NONE',  ( -0.000000000000000000, -1.000000000000000000, 0.000000000000000000 ) ) ;
#466 = ORIENTED_EDGE ( 'NONE', *, *, #4243, .T. ) ;
#467 = DIRECTION ( 'NONE',  ( -0.000000000000000000, -0.000000000000000000, -1.000000000000000000 ) ) ;
#468 = LINE ( 'NONE', #3286, #2024 ) ;
#469 = AXIS2_PLACEMENT_3D ( 'NONE', #4160, #93, #3732 ) ;
#470 = ORIENTED_EDGE ( 'NONE', *, *, #4436, .F. ) ;
#471 = AXIS2_PLACEMENT_3D ( 'NONE', #1995, #939, #1689 ) ;
#472 = PLANE ( 'NONE',  #4352 ) ;
#473 = DIRECTION ( 'NONE',  ( -1.000000000000000000, 0.000000000000000000, 0.000000000000000000 ) ) ;
#474 = ORIENTED_EDGE ( 'NONE', *, *, #3221, .F. ) ;
#475 = DIRECTION ( 'NONE',  ( 1.000000000000000000, 0.000000000000000000, -0.000000000000000000 ) ) ;
#476 = ORIENTED_EDGE ( 'NONE', *, *, #1154, .F. ) ;
#477 = DIRECTION ( 'NONE',  ( 0.000000000000000000, -0.000000000000000000, -1.000000000000000000 ) ) ;
#478 = FACE_OUTER_BOUND ( 'NONE', #4418, .T. ) ;
#479 = ORIENTED_EDGE ( 'NONE', *, *, #2967, .F. ) ;
#480 = DIRECTION ( 'NONE',  ( -1.000000000000000000, -0.000000000000000000, -0.000000000000000000 ) ) ;
#481 = ORIENTED_EDGE ( 'NONE', *, *, #1882, .T. ) ;
#482 = DIRECTION ( 'NONE',  ( -0.000000000000000000, 0.000000000000000000, -1.000000000000000000 ) ) ;
#483 = DIRECTION ( 'NONE',  ( 0.000000000000000000, 0.000000000000000000, -1.000000000000000000 ) ) ;
#484 = CARTESIAN_POINT ( 'NONE',  ( 11.96005050633975131, 10.54999999999975024, -11.50000000000000000 ) ) ;
#485 = EDGE_CURVE ( 'NONE', #123, #3336, #1727, .T. ) ;
#486 = ADVANCED_FACE ( 'NONE', ( #3468 ), #3163, .F. ) ;
#487 = VERTEX_POINT ( 'NONE', #2006 ) ;
#488 = DIRECTION ( 'NONE',  ( 1.000000000000000000, 0.000000000000000000, 0.000000000000000000 ) ) ;
#489 = FACE_OUTER_BOUND ( 'NONE', #1031, .T. ) ;
#490 = DIRECTION ( 'NONE',  ( 0.000000000000000000, -0.000000000000000000, -1.000000000000000000 ) ) ;
#491 = ORIENTED_EDGE ( 'NONE', *, *, #2610, .F. ) ;
#492 = AXIS2_PLACEMENT_3D ( 'NONE', #1596, #125, #4455 ) ;
#493 = ADVANCED_FACE ( 'NONE', ( #4254 ), #3441, .F. ) ;
#494 = EDGE_LOOP ( 'NONE', ( #681, #3991, #4339, #3803 ) ) ;
#495 = CARTESIAN_POINT ( 'NONE',  ( -13.55000000000000071, 8.960050506339001686, 11.50000000000000000 ) ) ;
#496 = CARTESIAN_POINT ( 'NONE',  ( -14.24999999997544364, -4.000000000000000000, -6.000000000000000000 ) ) ;
#497 = VECTOR ( 'NONE', #1557, 1000.000000000000000 ) ;
#498 = VERTEX_POINT ( 'NONE', #3821 ) ;
#499 = DIRECTION ( 'NONE',  ( 0.000000000000000000, 0.000000000000000000, -1.000000000000000000 ) ) ;
#500 = VECTOR ( 'NONE', #1921, 1000.000000000000000 ) ;
#501 = CARTESIAN_POINT ( 'NONE',  ( -14.25000000000000000, -5.349999999999999645, -3.899999999999999911 ) ) ;
#502 = ORIENTED_EDGE ( 'NONE', *, *, #2479, .T. ) ;
#503 = ORIENTED_EDGE ( 'NONE', *, *, #2694, .F. ) ;
#504 = VERTEX_POINT ( 'NONE', #1679 ) ;
#505 = CARTESIAN_POINT ( 'NONE',  ( -8.000000000000000000, -35.25000000007594281, -7.250000000055933924 ) ) ;
#506 = VECTOR ( 'NONE', #2436, 1000.000000000000000 ) ;
#507 = DIRECTION ( 'NONE',  ( 0.000000000000000000, 0.000000000000000000, -1.000000000000000000 ) ) ;
#508 = CARTESIAN_POINT ( 'NONE',  ( 8.000000000000000000, -35.25000000000000000, 7.050000000000000711 ) ) ;
#509 = AXIS2_PLACEMENT_3D ( 'NONE', #3146, #2763, #577 ) ;
#510 = VERTEX_POINT ( 'NONE', #3113 ) ;
#511 = CARTESIAN_POINT ( 'NONE',  ( -9.350000000000001421, -35.25000000000000000, -3.899999999999999911 ) ) ;
#512 = AXIS2_PLACEMENT_3D ( 'NONE', #1377, #2430, #998 ) ;
#513 = DIRECTION ( 'NONE',  ( -0.7071067811865474617, 0.000000000000000000, 0.7071067811865474617 ) ) ;
#514 = LINE ( 'NONE', #158, #3383 ) ;
#515 = ADVANCED_FACE ( 'NONE', ( #4558 ), #2753, .F. ) ;
#516 = EDGE_CURVE ( 'NONE', #1537, #859, #617, .T. ) ;
#517 = ORIENTED_EDGE ( 'NONE', *, *, #1677, .T. ) ;
#518 = VECTOR ( 'NONE', #2097, 1000.000000000000000 ) ;
#519 = CARTESIAN_POINT ( 'NONE',  ( -8.000000000000000000, -35.05000000006930350, -7.049999999992451194 ) ) ;
#520 = DIRECTION ( 'NONE',  ( 1.000000000000000000, 0.000000000000000000, -0.000000000000000000 ) ) ;
#521 = AXIS2_PLACEMENT_3D ( 'NONE', #2305, #1925, #3085 ) ;
#522 = AXIS2_PLACEMENT_3D ( 'NONE', #329, #2748, #4609 ) ;
#523 = ORIENTED_EDGE ( 'NONE', *, *, #3999, .T. ) ;
#524 = CARTESIAN_POINT ( 'NONE',  ( -14.25000000000000000, -28.00000000000000000, -4.949999999999999289 ) ) ;
#525 = CARTESIAN_POINT ( 'NONE',  ( 14.25000000003274181, -4.000000000000000000, 7.250000000027284841 ) ) ;
#526 = EDGE_CURVE ( 'NONE', #3499, #3576, #1388, .T. ) ;
#527 = VECTOR ( 'NONE', #3478, 1000.000000000000000 ) ;
#528 = DIRECTION ( 'NONE',  ( 1.000000000000000000, 0.000000000000000000, 0.000000000000000000 ) ) ;
#529 = ORIENTED_EDGE ( 'NONE', *, *, #1380, .F. ) ;
#530 = AXIS2_PLACEMENT_3D ( 'NONE', #1234, #1940, #2666 ) ;
#531 = ORIENTED_EDGE ( 'NONE', *, *, #546, .T. ) ;
#532 = DIRECTION ( 'NONE',  ( -1.000000000000000000, 0.000000000000000000, -0.000000000000000000 ) ) ;
#533 = CARTESIAN_POINT ( 'NONE',  ( -8.000000000000000000, 11.05000000001155058, 6.000000000000000000 ) ) ;
#534 = DIRECTION ( 'NONE',  ( 0.000000000000000000, 0.000000000000000000, 1.000000000000000000 ) ) ;
#535 = DIRECTION ( 'NONE',  ( -0.000000000000000000, 0.000000000000000000, 1.000000000000000000 ) ) ;
#536 = VERTEX_POINT ( 'NONE', #3927 ) ;
#537 = PLANE ( 'NONE',  #4210 ) ;
#538 = DIRECTION ( 'NONE',  ( 1.000000000000000000, 0.000000000000000000, 0.000000000000000000 ) ) ;
#539 = EDGE_CURVE ( 'NONE', #1009, #4098, #700, .T. ) ;
#540 = VERTEX_POINT ( 'NONE', #2816 ) ;
#541 = ORIENTED_EDGE ( 'NONE', *, *, #3919, .T. ) ;
#542 = DIRECTION ( 'NONE',  ( 0.000000000000000000, 0.000000000000000000, -1.000000000000000000 ) ) ;
#543 = CARTESIAN_POINT ( 'NONE',  ( 8.000000000000000000, 11.05000000001155058, 7.049999999991996447 ) ) ;
#544 = ORIENTED_EDGE ( 'NONE', *, *, #3832, .T. ) ;
#545 = PLANE ( 'NONE',  #2997 ) ;
#546 = EDGE_CURVE ( 'NONE', #4537, #4110, #1194, .T. ) ;
#547 = ADVANCED_FACE ( 'NONE', ( #1764 ), #3880, .F. ) ;
#548 = LINE ( 'NONE', #4106, #3434 ) ;
#549 = LINE ( 'NONE', #4083, #3479 ) ;
#550 = ORIENTED_EDGE ( 'NONE', *, *, #3859, .T. ) ;
#551 = VERTEX_POINT ( 'NONE', #1340 ) ;
#552 = EDGE_CURVE ( 'NONE', #129, #4029, #1007, .T. ) ;
#553 = VERTEX_POINT ( 'NONE', #301 ) ;
#554 = DIRECTION ( 'NONE',  ( -1.000000000000000000, 0.000000000000000000, 0.000000000000000000 ) ) ;
#555 = CARTESIAN_POINT ( 'NONE',  ( 10.25000000000000000, 0.000000000000000000, -10.80000000000000071 ) ) ;
#556 = DIRECTION ( 'NONE',  ( 1.000000000000000000, 0.000000000000000000, 0.000000000000000000 ) ) ;
#557 = CARTESIAN_POINT ( 'NONE',  ( 14.25000000003228706, -28.00000000000000000, -4.749999999972715159 ) ) ;
#558 = EDGE_LOOP ( 'NONE', ( #3970, #3854, #290, #4161 ) ) ;
#559 = CARTESIAN_POINT ( 'NONE',  ( -12.75000000000000178, -19.30000000000000071, -4.700000000000000178 ) ) ;
#560 = DIRECTION ( 'NONE',  ( 0.000000000000000000, 0.000000000000000000, 1.000000000000000000 ) ) ;
#561 = ORIENTED_EDGE ( 'NONE', *, *, #1551, .T. ) ;
#562 = ORIENTED_EDGE ( 'NONE', *, *, #3620, .F. ) ;
#563 = CARTESIAN_POINT ( 'NONE',  ( -14.24999999989040589, -28.00000000000000000, -4.750000000114596332 ) ) ;
#564 = CARTESIAN_POINT ( 'NONE',  ( -14.25000000000000000, -26.64999999999999858, -10.80000000000000071 ) ) ;
#565 = ORIENTED_EDGE ( 'NONE', *, *, #2610, .T. ) ;
#566 = DIRECTION ( 'NONE',  ( -0.7071067811865474617, 0.7071067811865474617, 0.000000000000000000 ) ) ;
#567 = CARTESIAN_POINT ( 'NONE',  ( 13.55000000000000071, 8.960050506339001686, -10.80000000000000071 ) ) ;
#568 = AXIS2_PLACEMENT_3D ( 'NONE', #555, #3010, #1216 ) ;
#569 = DIRECTION ( 'NONE',  ( 0.000000000000000000, 0.000000000000000000, -1.000000000000000000 ) ) ;
#570 = DIRECTION ( 'NONE',  ( 0.000000000000000000, 0.000000000000000000, 1.000000000000000000 ) ) ;
#571 = ADVANCED_FACE ( 'NONE', ( #3237 ), #3950, .T. ) ;
#572 = EDGE_CURVE ( 'NONE', #2579, #2494, #1056, .T. ) ;
#573 = PLANE ( 'NONE',  #4452 ) ;
#574 = VECTOR ( 'NONE', #2033, 1000.000000000000000 ) ;
#575 = ORIENTED_EDGE ( 'NONE', *, *, #3861, .F. ) ;
#576 = ORIENTED_EDGE ( 'NONE', *, *, #3688, .T. ) ;
#577 = DIRECTION ( 'NONE',  ( 0.000000000000000000, -0.000000000000000000, -1.000000000000000000 ) ) ;
#578 = FACE_OUTER_BOUND ( 'NONE', #4013, .T. ) ;
#579 = VECTOR ( 'NONE', #33, 1000.000000000000000 ) ;
#580 = DIRECTION ( 'NONE',  ( 0.000000000000000000, 0.000000000000000000, 1.000000000000000000 ) ) ;
#581 = EDGE_CURVE ( 'NONE', #4038, #2747, #2088, .T. ) ;
#582 = ORIENTED_EDGE ( 'NONE', *, *, #463, .F. ) ;
#583 = CARTESIAN_POINT ( 'NONE',  ( 10.25000000000000000, 0.000000000000000000, -3.899999999999999911 ) ) ;
#584 = CYLINDRICAL_SURFACE ( 'NONE', #3755, 1.050000000000000488 ) ;
#585 = VECTOR ( 'NONE', #3476, 1000.000000000000000 ) ;
#586 = ORIENTED_EDGE ( 'NONE', *, *, #3833, .T. ) ;
#587 = VERTEX_POINT ( 'NONE', #3575 ) ;
#588 = DIRECTION ( 'NONE',  ( 0.000000000000000000, -1.000000000000000000, -0.000000000000000000 ) ) ;
#589 = VECTOR ( 'NONE', #2114, 1000.000000000000000 ) ;
#590 = ORIENTED_EDGE ( 'NONE', *, *, #3746, .F. ) ;
#591 = DIRECTION ( 'NONE',  ( -0.000000000000000000, -1.000000000000000000, -0.000000000000000000 ) ) ;
#592 = VECTOR ( 'NONE', #3648, 1000.000000000000000 ) ;
#593 = VECTOR ( 'NONE', #2418, 1000.000000000000000 ) ;
#594 = CARTESIAN_POINT ( 'NONE',  ( -13.55000000000000071, 8.960050506339003462, 11.50000000000000000 ) ) ;
#595 = AXIS2_PLACEMENT_3D ( 'NONE', #2492, #3909, #683 ) ;
#596 = ORIENTED_EDGE ( 'NONE', *, *, #1871, .F. ) ;
#597 = ORIENTED_EDGE ( 'NONE', *, *, #1029, .F. ) ;
#598 = CARTESIAN_POINT ( 'NONE',  ( 11.96005050634000177, 10.55000000000000071, -10.80000000000000071 ) ) ;
#599 = ORIENTED_EDGE ( 'NONE', *, *, #664, .F. ) ;
#600 = EDGE_CURVE ( 'NONE', #4037, #30, #3906, .T. ) ;
#601 = LINE ( 'NONE', #295, #585 ) ;
#602 = EDGE_CURVE ( 'NONE', #4110, #4537, #4199, .T. ) ;
#603 = DIRECTION ( 'NONE',  ( -0.000000000000000000, 0.000000000000000000, 1.000000000000000000 ) ) ;
#604 = DIRECTION ( 'NONE',  ( 1.000000000000000000, 0.000000000000000000, -0.000000000000000000 ) ) ;
#605 = AXIS2_PLACEMENT_3D ( 'NONE', #4135, #528, #1966 ) ;
#606 = ORIENTED_EDGE ( 'NONE', *, *, #3965, .F. ) ;
#607 = EDGE_CURVE ( 'NONE', #4195, #4001, #4641, .T. ) ;
#608 = FACE_BOUND ( 'NONE', #3604, .T. ) ;
#609 = EDGE_CURVE ( 'NONE', #1714, #4067, #1937, .T. ) ;
#610 = DIRECTION ( 'NONE',  ( 0.000000000000000000, -1.000000000000000000, 0.000000000000000000 ) ) ;
#611 = EDGE_LOOP ( 'NONE', ( #3640, #1605 ) ) ;
#612 = ORIENTED_EDGE ( 'NONE', *, *, #2359, .T. ) ;
#613 = FACE_OUTER_BOUND ( 'NONE', #1002, .T. ) ;
#614 = ADVANCED_FACE ( 'NONE', ( #1367 ), #4623, .T. ) ;
#615 = CARTESIAN_POINT ( 'NONE',  ( 14.24999999989040589, -28.00000000000000000, -6.000000000000000000 ) ) ;
#616 = ORIENTED_EDGE ( 'NONE', *, *, #3549, .F. ) ;
#617 = LINE ( 'NONE', #4241, #1427 ) ;
#618 = DIRECTION ( 'NONE',  ( 0.000000000000000000, -0.000000000000000000, 1.000000000000000000 ) ) ;
#619 = PRESENTATION_LAYER_ASSIGNMENT (  '', '', ( #2499 ) ) ;
#620 = DIRECTION ( 'NONE',  ( 0.000000000000000000, -1.000000000000000000, 0.000000000000000000 ) ) ;
#621 = ORIENTED_EDGE ( 'NONE', *, *, #927, .F. ) ;
#622 = EDGE_LOOP ( 'NONE', ( #1753, #2019, #4430, #924 ) ) ;
#623 = VECTOR ( 'NONE', #3361, 1000.000000000000000 ) ;
#624 = ADVANCED_FACE ( 'NONE', ( #3191 ), #3635, .F. ) ;
#625 = DIRECTION ( 'NONE',  ( 0.000000000000000000, -0.000000000000000000, -1.000000000000000000 ) ) ;
#626 = VERTEX_POINT ( 'NONE', #1411 ) ;
#627 = DIRECTION ( 'NONE',  ( -1.000000000000000000, -0.000000000000000000, -0.000000000000000000 ) ) ;
#628 = DIRECTION ( 'NONE',  ( -0.7071067811865475727, 0.7071067811865475727, 0.000000000000000000 ) ) ;
#629 = DIRECTION ( 'NONE',  ( 0.000000000000000000, -0.000000000000000000, -1.000000000000000000 ) ) ;
#630 = DIRECTION ( 'NONE',  ( 0.000000000000000000, 0.000000000000000000, -1.000000000000000000 ) ) ;
#631 = ORIENTED_EDGE ( 'NONE', *, *, #3024, .F. ) ;
#632 = CARTESIAN_POINT ( 'NONE',  ( 8.000000000000000000, -31.25000000000000000, 6.000000000000000000 ) ) ;
#633 = CARTESIAN_POINT ( 'NONE',  ( 14.25000000000000000, 9.250000000000000000, -11.50000000000000000 ) ) ;
#634 = ADVANCED_FACE ( 'NONE', ( #3595 ), #364, .F. ) ;
#635 = EDGE_CURVE ( 'NONE', #2897, #3993, #271, .T. ) ;
#636 = ORIENTED_EDGE ( 'NONE', *, *, #1791, .T. ) ;
#637 = DIRECTION ( 'NONE',  ( -1.000000000000000000, -0.000000000000000000, -0.000000000000000000 ) ) ;
#638 = VERTEX_POINT ( 'NONE', #1477 ) ;
#639 = DIRECTION ( 'NONE',  ( -0.000000000000000000, 0.000000000000000000, -1.000000000000000000 ) ) ;
#640 = CARTESIAN_POINT ( 'NONE',  ( 14.25000000000000000, -4.349999999999999645, 3.899999999999999911 ) ) ;
#641 = EDGE_CURVE ( 'NONE', #4253, #958, #2888, .T. ) ;
#642 = ORIENTED_EDGE ( 'NONE', *, *, #1839, .F. ) ;
#643 = DIRECTION ( 'NONE',  ( 0.000000000000000000, -1.000000000000000000, 0.000000000000000000 ) ) ;
#644 = DIRECTION ( 'NONE',  ( 0.000000000000000000, 0.000000000000000000, -1.000000000000000000 ) ) ;
#645 = FACE_OUTER_BOUND ( 'NONE', #4323, .T. ) ;
#646 = EDGE_LOOP ( 'NONE', ( #721, #413 ) ) ;
#647 = EDGE_LOOP ( 'NONE', ( #3355, #812, #4212, #4605 ) ) ;
#648 = CIRCLE ( 'NONE', #3268, 1.249999999970441422 ) ;
#649 = DIRECTION ( 'NONE',  ( 1.000000000000000000, 0.000000000000000000, 0.000000000000000000 ) ) ;
#650 = CARTESIAN_POINT ( 'NONE',  ( -6.650000000000000355, -35.25000000000000000, 3.899999999999999911 ) ) ;
#651 = DIRECTION ( 'NONE',  ( 0.000000000000000000, 0.000000000000000000, -1.000000000000000000 ) ) ;
#652 = DIRECTION ( 'NONE',  ( -1.000000000000000000, -0.000000000000000000, -0.000000000000000000 ) ) ;
#653 = AXIS2_PLACEMENT_3D ( 'NONE', #1730, #3849, #618 ) ;
#654 = DIRECTION ( 'NONE',  ( 1.000000000000000000, 0.000000000000000000, -0.000000000000000000 ) ) ;
#655 = ORIENTED_EDGE ( 'NONE', *, *, #4116, .F. ) ;
#656 = CARTESIAN_POINT ( 'NONE',  ( 14.25000000000000178, 9.250000000000000000, 11.50000000000000355 ) ) ;
#657 = VECTOR ( 'NONE', #187, 1000.000000000000000 ) ;
#658 = CARTESIAN_POINT ( 'NONE',  ( 12.25000000000000000, -35.25000000000000000, 11.50000000000000000 ) ) ;
#659 = CARTESIAN_POINT ( 'NONE',  ( 10.25000000000000000, -4.000000000000000000, -7.050000000000000711 ) ) ;
#660 = ORIENTED_EDGE ( 'NONE', *, *, #1148, .F. ) ;
#661 = CARTESIAN_POINT ( 'NONE',  ( -8.000000000000000000, -35.25000000000000000, 7.050000000000000711 ) ) ;
#662 = CARTESIAN_POINT ( 'NONE',  ( 9.350000000000001421, -35.25000000000000000, -3.899999999999999911 ) ) ;
#663 = CIRCLE ( 'NONE', #3369, 1.049999999935153250 ) ;
#664 = EDGE_CURVE ( 'NONE', #1134, #4110, #2911, .T. ) ;
#665 = ORIENTED_EDGE ( 'NONE', *, *, #57, .T. ) ;
#666 = CARTESIAN_POINT ( 'NONE',  ( -14.25000000000000000, -28.35000000000000142, -3.899999999999999911 ) ) ;
#667 = CIRCLE ( 'NONE', #3903, 1.249999999970441422 ) ;
#668 = ADVANCED_FACE ( 'NONE', ( #2573 ), #1875, .F. ) ;
#669 = CARTESIAN_POINT ( 'NONE',  ( -9.350000000000001421, -31.25000000000000000, 3.899999999999999911 ) ) ;
#670 = LINE ( 'NONE', #3471, #4247 ) ;
#671 = ORIENTED_EDGE ( 'NONE', *, *, #3308, .F. ) ;
#672 = ORIENTED_EDGE ( 'NONE', *, *, #752, .T. ) ;
#673 = CIRCLE ( 'NONE', #1048, 1.050000000000000488 ) ;
#674 = AXIS2_PLACEMENT_3D ( 'NONE', #1244, #2676, #3720 ) ;
#675 = CARTESIAN_POINT ( 'NONE',  ( 14.04999999994061000, -28.00000000000000000, -6.000000000000000000 ) ) ;
#676 = PLANE ( 'NONE',  #2609 ) ;
#677 = DIRECTION ( 'NONE',  ( 8.659560563585529986E-17, -0.7071067810860616198, 0.7071067812870334146 ) ) ;
#678 = VECTOR ( 'NONE', #1126, 1000.000000000000000 ) ;
#679 = CONICAL_SURFACE ( 'NONE', #1280, 1.249999999885403446, 0.7853981633974482790 ) ;
#680 = CARTESIAN_POINT ( 'NONE',  ( 14.25000000000000000, -5.349999999999999645, 3.899999999999999911 ) ) ;
#681 = ORIENTED_EDGE ( 'NONE', *, *, #1984, .T. ) ;
#682 = DIRECTION ( 'NONE',  ( -0.000000000000000000, -0.000000000000000000, 1.000000000000000000 ) ) ;
#683 = DIRECTION ( 'NONE',  ( 0.000000000000000000, -0.000000000000000000, 1.000000000000000000 ) ) ;
#684 = DIRECTION ( 'NONE',  ( 1.000000000000000000, 0.000000000000000000, 0.000000000000000000 ) ) ;
#685 = EDGE_LOOP ( 'NONE', ( #4484, #155, #738, #565 ) ) ;
#686 = DIRECTION ( 'NONE',  ( 0.000000000000000000, 0.000000000000000000, 1.000000000000000000 ) ) ;
#687 = EDGE_CURVE ( 'NONE', #4184, #1893, #1453, .T. ) ;
#688 = VECTOR ( 'NONE', #1837, 1000.000000000000000 ) ;
#689 = DIRECTION ( 'NONE',  ( 0.000000000000000000, 0.000000000000000000, 1.000000000000000000 ) ) ;
#690 = ORIENTED_EDGE ( 'NONE', *, *, #3819, .T. ) ;
#691 = CARTESIAN_POINT ( 'NONE',  ( 8.000000000000000000, 11.05000000001155058, 6.000000000000000000 ) ) ;
#692 = LINE ( 'NONE', #1821, #1028 ) ;
#693 = ADVANCED_FACE ( 'NONE', ( #1300 ), #3347, .T. ) ;
#694 = VERTEX_POINT ( 'NONE', #4314 ) ;
#695 = EDGE_CURVE ( 'NONE', #1771, #2404, #18, .T. ) ;
#696 = PLANE ( 'NONE',  #1044 ) ;
#697 = CARTESIAN_POINT ( 'NONE',  ( -11.96005050634000177, -34.54999999999999716, -10.80000000000000071 ) ) ;
#698 = DIRECTION ( 'NONE',  ( 0.000000000000000000, 0.000000000000000000, 1.000000000000000000 ) ) ;
#699 = AXIS2_PLACEMENT_3D ( 'NONE', #1210, #3351, #119 ) ;
#700 = LINE ( 'NONE', #4600, #589 ) ;
#701 = EDGE_LOOP ( 'NONE', ( #2800, #3548, #213, #2787 ) ) ;
#702 = LINE ( 'NONE', #3152, #209 ) ;
#703 = CARTESIAN_POINT ( 'NONE',  ( 13.55000000000000071, 8.960050506339001686, 11.50000000000000000 ) ) ;
#704 = LINE ( 'NONE', #3601, #2082 ) ;
#705 = VERTEX_POINT ( 'NONE', #3510 ) ;
#706 = DIRECTION ( 'NONE',  ( 0.000000000000000000, -1.000000000000000000, 0.000000000000000000 ) ) ;
#707 = LINE ( 'NONE', #2122, #1352 ) ;
#708 = ORIENTED_EDGE ( 'NONE', *, *, #1792, .F. ) ;
#709 = LINE ( 'NONE', #379, #71 ) ;
#710 = DIRECTION ( 'NONE',  ( -0.7071067811865474617, -0.7071067811865474617, 0.000000000000000000 ) ) ;
#711 = VERTEX_POINT ( 'NONE', #4607 ) ;
#712 = CARTESIAN_POINT ( 'NONE',  ( 8.349999999999999645, -8.900000000000000355, -4.700000000000000178 ) ) ;
#713 = DIRECTION ( 'NONE',  ( 0.000000000000000000, 1.000000000000000000, 0.000000000000000000 ) ) ;
#714 = ADVANCED_FACE ( 'NONE', ( #3887 ), #2095, .F. ) ;
#715 = EDGE_CURVE ( 'NONE', #94, #4520, #2229, .T. ) ;
#716 =( NAMED_UNIT ( * ) SI_UNIT ( $, .STERADIAN. ) SOLID_ANGLE_UNIT ( ) );
#717 = ORIENTED_EDGE ( 'NONE', *, *, #4009, .F. ) ;
#718 = VECTOR ( 'NONE', #960, 1000.000000000000000 ) ;
#719 = ORIENTED_EDGE ( 'NONE', *, *, #1178, .T. ) ;
#720 = DIRECTION ( 'NONE',  ( -0.000000000000000000, 0.000000000000000000, -1.000000000000000000 ) ) ;
#721 = ORIENTED_EDGE ( 'NONE', *, *, #4496, .T. ) ;
#722 = DIRECTION ( 'NONE',  ( -0.000000000000000000, 1.000000000000000000, 0.000000000000000000 ) ) ;
#723 = PLANE ( 'NONE',  #2627 ) ;
#724 = CIRCLE ( 'NONE', #4649, 1.249999999970441422 ) ;
#725 = EDGE_CURVE ( 'NONE', #1493, #3215, #1219, .T. ) ;
#726 = CARTESIAN_POINT ( 'NONE',  ( 11.96005050634000177, 10.55000000000000071, -10.80000000000000071 ) ) ;
#727 = VECTOR ( 'NONE', #870, 1000.000000000000000 ) ;
#728 = ORIENTED_EDGE ( 'NONE', *, *, #607, .F. ) ;
#729 = FACE_OUTER_BOUND ( 'NONE', #766, .T. ) ;
#730 = DIRECTION ( 'NONE',  ( 0.000000000000000000, 0.000000000000000000, -1.000000000000000000 ) ) ;
#731 = ADVANCED_FACE ( 'NONE', ( #3787 ), #3055, .F. ) ;
#732 = AXIS2_PLACEMENT_3D ( 'NONE', #3766, #3429, #534 ) ;
#733 = ORIENTED_EDGE ( 'NONE', *, *, #2042, .F. ) ;
#734 = FACE_OUTER_BOUND ( 'NONE', #1359, .T. ) ;
#735 = CARTESIAN_POINT ( 'NONE',  ( 10.25000000000000000, -29.35000000000000142, 3.899999999999999911 ) ) ;
#736 = AXIS2_PLACEMENT_3D ( 'NONE', #1744, #341, #2867 ) ;
#737 = VECTOR ( 'NONE', #2345, 1000.000000000000000 ) ;
#738 = ORIENTED_EDGE ( 'NONE', *, *, #926, .T. ) ;
#739 = AXIS2_PLACEMENT_3D ( 'NONE', #3320, #1182, #3023 ) ;
#740 = CARTESIAN_POINT ( 'NONE',  ( -10.25000000000000000, -5.349999999999999645, -3.899999999999999911 ) ) ;
#741 = PRODUCT_CONTEXT ( 'NONE', #428, 'mechanical' ) ;
#742 = ORIENTED_EDGE ( 'NONE', *, *, #3271, .F. ) ;
#743 = VERTEX_POINT ( 'NONE', #557 ) ;
#744 = VECTOR ( 'NONE', #1647, 1000.000000000000000 ) ;
#745 = EDGE_LOOP ( 'NONE', ( #1150, #1226 ) ) ;
#746 = LINE ( 'NONE', #1787, #3670 ) ;
#747 = LINE ( 'NONE', #32, #444 ) ;
#748 = CIRCLE ( 'NONE', #2398, 1.050000000000000488 ) ;
#749 = VECTOR ( 'NONE', #490, 1000.000000000000000 ) ;
#750 = DIRECTION ( 'NONE',  ( 0.000000000000000000, 0.000000000000000000, 1.000000000000000000 ) ) ;
#751 = LINE ( 'NONE', #100, #3100 ) ;
#752 = EDGE_CURVE ( 'NONE', #2954, #233, #154, .T. ) ;
#753 = ORIENTED_EDGE ( 'NONE', *, *, #1239, .F. ) ;
#754 = DIRECTION ( 'NONE',  ( 0.000000000000000000, -1.000000000000000000, 0.000000000000000000 ) ) ;
#755 = VECTOR ( 'NONE', #3503, 1000.000000000000000 ) ;
#756 = DIRECTION ( 'NONE',  ( 0.000000000000000000, 0.000000000000000000, -1.000000000000000000 ) ) ;
#757 = AXIS2_PLACEMENT_3D ( 'NONE', #4187, #153, #4115 ) ;
#758 = EDGE_LOOP ( 'NONE', ( #822, #3901 ) ) ;
#759 = ORIENTED_EDGE ( 'NONE', *, *, #4383, .F. ) ;
#760 = CARTESIAN_POINT ( 'NONE',  ( -10.25000000000000000, 0.000000000000000000, -10.80000000000000071 ) ) ;
#761 = EDGE_CURVE ( 'NONE', #3404, #4125, #4189, .T. ) ;
#762 = CIRCLE ( 'NONE', #3393, 1.249999999913598003 ) ;
#763 = DIRECTION ( 'NONE',  ( -0.000000000000000000, 1.000000000000000000, -0.000000000000000000 ) ) ;
#764 = EDGE_LOOP ( 'NONE', ( #4370, #3129 ) ) ;
#765 = LINE ( 'NONE', #1162, #1846 ) ;
#766 = EDGE_LOOP ( 'NONE', ( #1547, #3795, #2343, #914 ) ) ;
#767 = ORIENTED_EDGE ( 'NONE', *, *, #2907, .T. ) ;
#768 = EDGE_CURVE ( 'NONE', #141, #1119, #1225, .T. ) ;
#769 = CARTESIAN_POINT ( 'NONE',  ( 10.25000000000000000, 0.000000000000000000, 3.900000000000000799 ) ) ;
#770 = ORIENTED_EDGE ( 'NONE', *, *, #2643, .T. ) ;
#771 = DIRECTION ( 'NONE',  ( 0.000000000000000000, 1.000000000000000000, 0.000000000000000000 ) ) ;
#772 = LINE ( 'NONE', #2225, #4182 ) ;
#773 = FACE_OUTER_BOUND ( 'NONE', #3760, .T. ) ;
#774 = DIRECTION ( 'NONE',  ( 0.000000000000000000, -1.000000000000000000, -0.000000000000000000 ) ) ;
#775 = VECTOR ( 'NONE', #3875, 1000.000000000000000 ) ;
#776 = ORIENTED_EDGE ( 'NONE', *, *, #2135, .T. ) ;
#777 = CARTESIAN_POINT ( 'NONE',  ( -8.000000000000000000, -35.05000000006930350, -6.000000000000000000 ) ) ;
#778 = AXIS2_PLACEMENT_3D ( 'NONE', #4219, #3860, #630 ) ;
#779 = CARTESIAN_POINT ( 'NONE',  ( 0.000000000000000000, -34.54999999999999716, 10.80000000000000071 ) ) ;
#780 = ADVANCED_FACE ( 'NONE', ( #3836 ), #1267, .F. ) ;
#781 = ADVANCED_FACE ( 'NONE', ( #4572 ), #2653, .F. ) ;
#782 = ORIENTED_EDGE ( 'NONE', *, *, #2127, .T. ) ;
#783 = CARTESIAN_POINT ( 'NONE',  ( -13.55000000000000071, -32.96005050634000355, -10.80000000000000071 ) ) ;
#784 = DIRECTION ( 'NONE',  ( 0.000000000000000000, 0.7071067811865474617, 0.7071067811865474617 ) ) ;
#785 = EDGE_CURVE ( 'NONE', #2645, #536, #3521, .T. ) ;
#786 = DIRECTION ( 'NONE',  ( -0.000000000000000000, 1.000000000000000000, 0.000000000000000000 ) ) ;
#787 = ORIENTED_EDGE ( 'NONE', *, *, #1527, .T. ) ;
#788 = LINE ( 'NONE', #2217, #1147 ) ;
#789 = DIRECTION ( 'NONE',  ( 0.000000000000000000, -0.000000000000000000, 1.000000000000000000 ) ) ;
#790 = ORIENTED_EDGE ( 'NONE', *, *, #1358, .F. ) ;
#791 = ORIENTED_EDGE ( 'NONE', *, *, #3551, .T. ) ;
#792 = CARTESIAN_POINT ( 'NONE',  ( -10.25000000000000000, -28.00000000000000000, -6.000000000000000000 ) ) ;
#793 = ORIENTED_EDGE ( 'NONE', *, *, #1791, .F. ) ;
#794 = DIRECTION ( 'NONE',  ( -0.7071067811865474617, 8.659560562354932858E-17, -0.7071067811865474617 ) ) ;
#795 = DIRECTION ( 'NONE',  ( 0.000000000000000000, 0.000000000000000000, -1.000000000000000000 ) ) ;
#796 = CARTESIAN_POINT ( 'NONE',  ( 8.349999999999999645, -35.25000000000000000, -3.899999999999999911 ) ) ;
#797 = FACE_OUTER_BOUND ( 'NONE', #2302, .T. ) ;
#798 = DIRECTION ( 'NONE',  ( -1.000000000000000000, 0.000000000000000000, -0.000000000000000000 ) ) ;
#799 = ORIENTED_EDGE ( 'NONE', *, *, #2539, .T. ) ;
#800 = FACE_OUTER_BOUND ( 'NONE', #2909, .T. ) ;
#801 = VECTOR ( 'NONE', #2765, 1000.000000000000114 ) ;
#802 = FACE_OUTER_BOUND ( 'NONE', #3480, .T. ) ;
#803 = AXIS2_PLACEMENT_3D ( 'NONE', #118, #3378, #454 ) ;
#804 = ORIENTED_EDGE ( 'NONE', *, *, #2109, .F. ) ;
#805 = VERTEX_POINT ( 'NONE', #2756 ) ;
#806 = ADVANCED_FACE ( 'NONE', ( #1402 ), #2380, .F. ) ;
#807 = EDGE_CURVE ( 'NONE', #1383, #1212, #670, .T. ) ;
#808 = DIRECTION ( 'NONE',  ( 0.7071067811865474617, 0.7071067811865474617, 0.000000000000000000 ) ) ;
#809 = CIRCLE ( 'NONE', #4654, 1.249999999970441422 ) ;
#810 = CARTESIAN_POINT ( 'NONE',  ( 0.000000000000000000, -35.25000000000000000, 11.50000000000000000 ) ) ;
#811 = CARTESIAN_POINT ( 'NONE',  ( 8.000000000000000000, -35.24999999999045031, -7.249999999970439646 ) ) ;
#812 = ORIENTED_EDGE ( 'NONE', *, *, #4328, .F. ) ;
#813 = EDGE_CURVE ( 'NONE', #958, #1602, #1681, .T. ) ;
#814 = EDGE_CURVE ( 'NONE', #121, #3142, #3116, .T. ) ;
#815 = DIRECTION ( 'NONE',  ( 0.000000000000000000, 1.000000000000000000, 0.000000000000000000 ) ) ;
#816 = LINE ( 'NONE', #2242, #2372 ) ;
#817 = AXIS2_PLACEMENT_3D ( 'NONE', #2060, #1025, #936 ) ;
#818 = EDGE_LOOP ( 'NONE', ( #3683, #978, #1268, #934 ) ) ;
#819 = ORIENTED_EDGE ( 'NONE', *, *, #2486, .F. ) ;
#820 = AXIS2_PLACEMENT_3D ( 'NONE', #161, #2334, #2402 ) ;
#821 = ADVANCED_FACE ( 'NONE', ( #645 ), #3898, .F. ) ;
#822 = ORIENTED_EDGE ( 'NONE', *, *, #2004, .T. ) ;
#823 = PLANE ( 'NONE',  #3283 ) ;
#824 = FACE_OUTER_BOUND ( 'NONE', #258, .T. ) ;
#825 = DIRECTION ( 'NONE',  ( 0.000000000000000000, -0.000000000000000000, -1.000000000000000000 ) ) ;
#826 = ORIENTED_EDGE ( 'NONE', *, *, #3474, .T. ) ;
#827 = AXIS2_PLACEMENT_3D ( 'NONE', #4433, #1174, #442 ) ;
#828 = LINE ( 'NONE', #4046, #3377 ) ;
#829 = CONICAL_SURFACE ( 'NONE', #674, 1.249999999884949142, 0.7853981633974482790 ) ;
#830 = DIRECTION ( 'NONE',  ( 1.000000000000000000, 0.000000000000000000, -0.000000000000000000 ) ) ;
#831 = LINE ( 'NONE', #3701, #2175 ) ;
#832 = VECTOR ( 'NONE', #1343, 999.9999999999998863 ) ;
#833 = ORIENTED_EDGE ( 'NONE', *, *, #3797, .T. ) ;
#834 = EDGE_CURVE ( 'NONE', #3235, #4474, #1660, .T. ) ;
#835 = CARTESIAN_POINT ( 'NONE',  ( -10.25000000000000000, 0.000000000000000000, -10.80000000000000071 ) ) ;
#836 = DIRECTION ( 'NONE',  ( 0.000000000000000000, -0.000000000000000000, 1.000000000000000000 ) ) ;
#837 = AXIS2_PLACEMENT_3D ( 'NONE', #1110, #2170, #2477 ) ;
#838 = DIRECTION ( 'NONE',  ( 0.000000000000000000, 0.000000000000000000, -1.000000000000000000 ) ) ;
#839 = EDGE_LOOP ( 'NONE', ( #1288, #3508, #185, #1726 ) ) ;
#840 = FACE_BOUND ( 'NONE', #3406, .T. ) ;
#841 = DIRECTION ( 'NONE',  ( 0.000000000000000000, -1.000000000000000000, 0.000000000000000000 ) ) ;
#842 = EDGE_CURVE ( 'NONE', #2376, #2796, #243, .T. ) ;
#843 = DIRECTION ( 'NONE',  ( 0.000000000000000000, -1.000000000000000000, 0.000000000000000000 ) ) ;
#844 = ORIENTED_EDGE ( 'NONE', *, *, #314, .F. ) ;
#845 = DIRECTION ( 'NONE',  ( 0.7071067811865472397, -0.7071067811865479058, 0.000000000000000000 ) ) ;
#846 = ORIENTED_EDGE ( 'NONE', *, *, #2103, .T. ) ;
#847 = LINE ( 'NONE', #4497, #358 ) ;
#848 = CARTESIAN_POINT ( 'NONE',  ( 14.25000000000000000, -4.000000000000000000, 6.000000000000000000 ) ) ;
#849 = CARTESIAN_POINT ( 'NONE',  ( 14.25000000000000000, -28.00000000000000000, -7.050000000000000711 ) ) ;
#850 = EDGE_CURVE ( 'NONE', #3702, #3499, #262, .T. ) ;
#851 = ORIENTED_EDGE ( 'NONE', *, *, #2823, .F. ) ;
#852 = CARTESIAN_POINT ( 'NONE',  ( 14.24999999989040589, -4.000000000000000000, -6.000000000000000000 ) ) ;
#853 = CARTESIAN_POINT ( 'NONE',  ( -14.04999999994061000, -28.00000000000000000, -6.000000000000000000 ) ) ;
#854 = ORIENTED_EDGE ( 'NONE', *, *, #1672, .T. ) ;
#855 = VECTOR ( 'NONE', #1141, 1000.000000000000000 ) ;
#856 = VERTEX_POINT ( 'NONE', #1000 ) ;
#857 = FACE_OUTER_BOUND ( 'NONE', #4509, .T. ) ;
#858 = LINE ( 'NONE', #2970, #1104 ) ;
#859 = VERTEX_POINT ( 'NONE', #2432 ) ;
#860 = CARTESIAN_POINT ( 'NONE',  ( 12.75000000000000178, -8.900000000000000355, -10.80000000000000071 ) ) ;
#861 = DIRECTION ( 'NONE',  ( 0.000000000000000000, -0.000000000000000000, -1.000000000000000000 ) ) ;
#862 = DIRECTION ( 'NONE',  ( 0.000000000000000000, 0.000000000000000000, -1.000000000000000000 ) ) ;
#863 = PLANE ( 'NONE',  #4147 ) ;
#864 = EDGE_LOOP ( 'NONE', ( #1904, #899, #4612, #621 ) ) ;
#865 = ORIENTED_EDGE ( 'NONE', *, *, #1558, .T. ) ;
#866 = ADVANCED_FACE ( 'NONE', ( #145 ), #2975, .F. ) ;
#867 = DIRECTION ( 'NONE',  ( 0.000000000000000000, -0.7071067810860616198, -0.7071067812870334146 ) ) ;
#868 = ADVANCED_FACE ( 'NONE', ( #4491 ), #2802, .F. ) ;
#869 = PLANE ( 'NONE',  #3202 ) ;
#870 = DIRECTION ( 'NONE',  ( 0.000000000000000000, -0.000000000000000000, 1.000000000000000000 ) ) ;
#871 = ORIENTED_EDGE ( 'NONE', *, *, #4217, .F. ) ;
#872 = DIRECTION ( 'NONE',  ( -1.000000000000000000, -0.000000000000000000, -0.000000000000000000 ) ) ;
#873 = FACE_OUTER_BOUND ( 'NONE', #2978, .T. ) ;
#874 = ORIENTED_EDGE ( 'NONE', *, *, #4096, .T. ) ;
#875 = CIRCLE ( 'NONE', #4411, 1.049999999991996669 ) ;
#876 = EDGE_CURVE ( 'NONE', #711, #3565, #884, .T. ) ;
#877 = DIRECTION ( 'NONE',  ( -1.000000000000000000, -0.000000000000000000, 0.000000000000000000 ) ) ;
#878 = PLANE ( 'NONE',  #2003 ) ;
#879 = VECTOR ( 'NONE', #1844, 1000.000000000000000 ) ;
#880 = VERTEX_POINT ( 'NONE', #2665 ) ;
#881 = CARTESIAN_POINT ( 'NONE',  ( 10.25000000000000000, 0.000000000000000000, 3.900000000000000799 ) ) ;
#882 = AXIS2_PLACEMENT_3D ( 'NONE', #1416, #3931, #4292 ) ;
#883 = CARTESIAN_POINT ( 'NONE',  ( -14.25000000000000000, -28.00000000000000000, -7.050000000000000711 ) ) ;
#884 = LINE ( 'NONE', #1564, #1223 ) ;
#885 = DIRECTION ( 'NONE',  ( 0.000000000000000000, -0.000000000000000000, -1.000000000000000000 ) ) ;
#886 = VERTEX_POINT ( 'NONE', #1590 ) ;
#887 = EDGE_CURVE ( 'NONE', #3440, #196, #1612, .T. ) ;
#888 = ORIENTED_EDGE ( 'NONE', *, *, #3946, .F. ) ;
#889 = CARTESIAN_POINT ( 'NONE',  ( 14.25000000000000000, -26.64999999999999858, 3.899999999999999911 ) ) ;
#890 = AXIS2_PLACEMENT_3D ( 'NONE', #1459, #1079, #2956 ) ;
#891 = CARTESIAN_POINT ( 'NONE',  ( 10.25000000000000000, -28.00000000000000000, -7.050000000000000711 ) ) ;
#892 = CARTESIAN_POINT ( 'NONE',  ( 8.000000000000000000, 11.24999999998999556, 6.000000000000000000 ) ) ;
#893 = CARTESIAN_POINT ( 'NONE',  ( -7.650000000000000355, -35.25000000000000000, -10.80000000000000071 ) ) ;
#894 = ORIENTED_EDGE ( 'NONE', *, *, #2733, .F. ) ;
#895 = DIRECTION ( 'NONE',  ( 0.000000000000000000, 0.000000000000000000, -1.000000000000000000 ) ) ;
#896 = PLANE ( 'NONE',  #139 ) ;
#897 = EDGE_CURVE ( 'NONE', #2220, #2349, #549, .T. ) ;
#898 = ADVANCED_FACE ( 'NONE', ( #2291 ), #3045, .F. ) ;
#899 = ORIENTED_EDGE ( 'NONE', *, *, #687, .F. ) ;
#900 = CIRCLE ( 'NONE', #3608, 1.050000000000000488 ) ;
#901 = AXIS2_PLACEMENT_3D ( 'NONE', #307, #2142, #3179 ) ;
#902 = DIRECTION ( 'NONE',  ( 1.000000000000000000, 0.000000000000000000, -0.000000000000000000 ) ) ;
#903 = DIRECTION ( 'NONE',  ( 0.000000000000000000, 0.000000000000000000, 1.000000000000000000 ) ) ;
#904 = CIRCLE ( 'NONE', #4134, 1.050000000000000488 ) ;
#905 = AXIS2_PLACEMENT_3D ( 'NONE', #2121, #4250, #1015 ) ;
#906 = ADVANCED_FACE ( 'NONE', ( #1635 ), #1379, .F. ) ;
#907 = ORIENTED_EDGE ( 'NONE', *, *, #3034, .T. ) ;
#908 = CARTESIAN_POINT ( 'NONE',  ( 14.04999999994061000, -28.00000000000000000, 6.000000000000000000 ) ) ;
#909 = DIRECTION ( 'NONE',  ( 0.000000000000000000, 0.000000000000000000, -1.000000000000000000 ) ) ;
#910 = AXIS2_PLACEMENT_3D ( 'NONE', #2794, #652, #1434 ) ;
#911 = ORIENTED_EDGE ( 'NONE', *, *, #3572, .T. ) ;
#912 = ORIENTED_EDGE ( 'NONE', *, *, #3942, .T. ) ;
#913 = CLOSED_SHELL ( 'NONE', ( #1149, #2652, #624, #1761, #868, #3379, #286, #3105, #4089, #1208, #1229, #1621, #1735, #4451, #83, #3263, #1964, #4149, #1958, #2, #866, #2880, #780, #3001, #188, #2916, #2382, #2548, #571, #1510, #3463, #3658, #1593, #1928, #693, #143, #2134, #1372, #2472, #1818, #2301, #3167, #3515, #3721, #2435, #1983, #3248, #3334, #4024, #2504, #1639, #3087, #112, #1390, #3802, #1994, #2016, #3431, #1041, #2184, #906, #3138, #2994, #1366, #4058, #4251, #2558, #1663, #949, #3774, #2966, #1587, #4071, #1392, #2360, #2617, #1325, #2940, #2205, #3519, #400, #515, #3752, #1733, #29, #3324, #2985, #2241, #3115, #614, #1897, #4620, #208, #2908, #806, #634, #4124, #4000, #1304, #4498, #2758, #2525, #486, #2164, #2336, #547, #1588, #1113, #2043, #4523, #3573, #3656, #898, #3804, #1019, #4536, #4300, #714, #2015, #2884, #3891, #731, #2444, #3316, #2960, #493, #4025, #4245, #1068, #4268, #3307, #3650, #2793, #781, #3636, #2280, #166, #2502, #1446, #48, #1417, #668, #821, #3975, #3955, #2879, #4322, #3335, #75, #4559, #3200, #4446, #1046, #3893, #2587, #2329, #1495, #2080, #2861, #228, #1742, #200, #4445, #1, #345, #257, #372, #2212 ) ) ;
#914 = ORIENTED_EDGE ( 'NONE', *, *, #3448, .T. ) ;
#915 = CARTESIAN_POINT ( 'NONE',  ( -7.650000000000000355, -35.25000000000000000, -3.899999999999999911 ) ) ;
#916 = DIRECTION ( 'NONE',  ( 1.000000000000000000, 0.000000000000000000, 0.000000000000000000 ) ) ;
#917 = CARTESIAN_POINT ( 'NONE',  ( 14.25000000000000000, -29.35000000000000142, -3.899999999999999911 ) ) ;
#918 = LINE ( 'NONE', #4092, #2568 ) ;
#919 = MANIFOLD_SOLID_BREP ( ' ‰»Î1', #913 ) ;
#920 = ORIENTED_EDGE ( 'NONE', *, *, #3060, .F. ) ;
#921 = DIRECTION ( 'NONE',  ( -0.000000000000000000, -0.000000000000000000, -1.000000000000000000 ) ) ;
#922 = DIRECTION ( 'NONE',  ( 0.000000000000000000, -0.000000000000000000, -1.000000000000000000 ) ) ;
#923 = ORIENTED_EDGE ( 'NONE', *, *, #292, .T. ) ;
#924 = ORIENTED_EDGE ( 'NONE', *, *, #4065, .T. ) ;
#925 = PLANE ( 'NONE',  #3070 ) ;
#926 = EDGE_CURVE ( 'NONE', #1955, #4229, #1572, .T. ) ;
#927 = EDGE_CURVE ( 'NONE', #3865, #4174, #918, .T. ) ;
#928 = CARTESIAN_POINT ( 'NONE',  ( -8.000000000000000000, -35.25000000000000000, -4.949999999999999289 ) ) ;
#929 = VECTOR ( 'NONE', #1381, 1000.000000000000000 ) ;
#930 = ORIENTED_EDGE ( 'NONE', *, *, #4207, .F. ) ;
#931 = CARTESIAN_POINT ( 'NONE',  ( -14.25000000000000000, -33.25000000000000000, -10.80000000000000071 ) ) ;
#932 = FACE_BOUND ( 'NONE', #66, .T. ) ;
#933 = DIRECTION ( 'NONE',  ( 1.000000000000000000, 0.000000000000000000, -0.000000000000000000 ) ) ;
#934 = ORIENTED_EDGE ( 'NONE', *, *, #2218, .F. ) ;
#935 = ORIENTED_EDGE ( 'NONE', *, *, #1768, .T. ) ;
#936 = DIRECTION ( 'NONE',  ( 0.000000000000000000, 0.000000000000000000, -1.000000000000000000 ) ) ;
#937 = CARTESIAN_POINT ( 'NONE',  ( 9.350000000000001421, -35.25000000000000000, 3.899999999999999911 ) ) ;
#938 = CARTESIAN_POINT ( 'NONE',  ( -14.24999999997589839, -4.000000000000000000, 4.750000000029558578 ) ) ;
#939 = DIRECTION ( 'NONE',  ( 1.000000000000000000, 0.000000000000000000, 0.000000000000000000 ) ) ;
#940 = VERTEX_POINT ( 'NONE', #1947 ) ;
#941 = FACE_OUTER_BOUND ( 'NONE', #1293, .T. ) ;
#942 = CARTESIAN_POINT ( 'NONE',  ( -14.25000000000000000, -3.649999999999999911, -3.899999999999999911 ) ) ;
#943 = ORIENTED_EDGE ( 'NONE', *, *, #2352, .T. ) ;
#944 = DIRECTION ( 'NONE',  ( 0.000000000000000000, 1.000000000000000000, 0.000000000000000000 ) ) ;
#945 = ADVANCED_BREP_SHAPE_REPRESENTATION ( 'DC11_B01_CASE_M_DUMMY', ( #919, #1808 ), #3614 ) ;
#946 = VECTOR ( 'NONE', #1026, 1000.000000000000114 ) ;
#947 = ORIENTED_EDGE ( 'NONE', *, *, #950, .F. ) ;
#949 = ADVANCED_FACE ( 'NONE', ( #1242 ), #1292, .F. ) ;
#948 = LINE ( 'NONE', #3493, #360 ) ;
#950 = EDGE_CURVE ( 'NONE', #1662, #3404, #1355, .T. ) ;
#951 = AXIS2_PLACEMENT_3D ( 'NONE', #260, #2008, #2755 ) ;
#952 = CARTESIAN_POINT ( 'NONE',  ( 0.000000000000000000, -31.25000000000000000, 3.900000000000000799 ) ) ;
#953 = VERTEX_POINT ( 'NONE', #1509 ) ;
#954 = AXIS2_PLACEMENT_3D ( 'NONE', #1250, #1959, #162 ) ;
#955 = VERTEX_POINT ( 'NONE', #2942 ) ;
#956 = EDGE_CURVE ( 'NONE', #4037, #3008, #3315, .T. ) ;
#957 = FACE_OUTER_BOUND ( 'NONE', #3414, .T. ) ;
#958 = VERTEX_POINT ( 'NONE', #1462 ) ;
#959 = LINE ( 'NONE', #3855, #4658 ) ;
#960 = DIRECTION ( 'NONE',  ( 1.000000000000000000, 0.000000000000000000, -0.000000000000000000 ) ) ;
#961 = VECTOR ( 'NONE', #4501, 1000.000000000000114 ) ;
#962 = CARTESIAN_POINT ( 'NONE',  ( -12.75000000000000178, -19.30000000000000071, -10.80000000000000071 ) ) ;
#963 = EDGE_CURVE ( 'NONE', #2090, #85, #1902, .T. ) ;
#964 = DIRECTION ( 'NONE',  ( -1.000000000000000000, -0.000000000000000000, 0.000000000000000000 ) ) ;
#965 = ORIENTED_EDGE ( 'NONE', *, *, #1218, .T. ) ;
#966 = DIRECTION ( 'NONE',  ( 1.000000000000000000, 0.000000000000000000, 0.000000000000000000 ) ) ;
#967 = FACE_OUTER_BOUND ( 'NONE', #1160, .T. ) ;
#968 = AXIS2_PLACEMENT_3D ( 'NONE', #1314, #2012, #3526 ) ;
#969 = ORIENTED_EDGE ( 'NONE', *, *, #2564, .T. ) ;
#970 = VECTOR ( 'NONE', #3796, 1000.000000000000000 ) ;
#971 = ORIENTED_EDGE ( 'NONE', *, *, #3423, .F. ) ;
#972 = DIRECTION ( 'NONE',  ( 0.000000000000000000, -0.000000000000000000, 1.000000000000000000 ) ) ;
#973 = CARTESIAN_POINT ( 'NONE',  ( -7.650000000000000355, -31.25000000000000000, 3.899999999999999911 ) ) ;
#974 = ORIENTED_EDGE ( 'NONE', *, *, #1125, .F. ) ;
#975 = DIRECTION ( 'NONE',  ( 0.000000000000000000, 1.000000000000000000, 0.000000000000000000 ) ) ;
#976 = CIRCLE ( 'NONE', #827, 1.249999999970441422 ) ;
#977 = CARTESIAN_POINT ( 'NONE',  ( -7.650000000000000355, -35.25000000000000000, -3.899999999999999911 ) ) ;
#978 = ORIENTED_EDGE ( 'NONE', *, *, #3366, .T. ) ;
#979 = VERTEX_POINT ( 'NONE', #3669 ) ;
#980 = DIRECTION ( 'NONE',  ( 1.000000000000000000, 0.000000000000000000, -0.000000000000000000 ) ) ;
#981 = ORIENTED_EDGE ( 'NONE', *, *, #2417, .F. ) ;
#982 = PLANE ( 'NONE',  #968 ) ;
#983 = AXIS2_PLACEMENT_3D ( 'NONE', #1781, #247, #4639 ) ;
#984 = PLANE ( 'NONE',  #4336 ) ;
#985 = EDGE_CURVE ( 'NONE', #553, #2904, #2894, .T. ) ;
#986 = EDGE_CURVE ( 'NONE', #856, #498, #2578, .T. ) ;
#987 = CARTESIAN_POINT ( 'NONE',  ( 9.350000000000001421, -35.25000000000000000, 3.899999999999999911 ) ) ;
#988 = DIRECTION ( 'NONE',  ( -0.000000000000000000, -0.000000000000000000, 1.000000000000000000 ) ) ;
#989 = ORIENTED_EDGE ( 'NONE', *, *, #2359, .F. ) ;
#990 = DIRECTION ( 'NONE',  ( 0.000000000000000000, -0.000000000000000000, -1.000000000000000000 ) ) ;
#991 = DIRECTION ( 'NONE',  ( 0.000000000000000000, 0.000000000000000000, -1.000000000000000000 ) ) ;
#992 = EDGE_CURVE ( 'NONE', #2076, #263, #751, .T. ) ;
#993 = ORIENTED_EDGE ( 'NONE', *, *, #485, .F. ) ;
#994 = ORIENTED_EDGE ( 'NONE', *, *, #3746, .T. ) ;
#995 = CARTESIAN_POINT ( 'NONE',  ( 14.25000000003228706, -4.000000000000000000, -4.749999999972715159 ) ) ;
#996 = DIRECTION ( 'NONE',  ( 0.000000000000000000, 0.000000000000000000, -1.000000000000000000 ) ) ;
#997 = ORIENTED_EDGE ( 'NONE', *, *, #1154, .T. ) ;
#998 = DIRECTION ( 'NONE',  ( 0.000000000000000000, 0.000000000000000000, -1.000000000000000000 ) ) ;
#999 = LINE ( 'NONE', #3184, #574 ) ;
#1000 = CARTESIAN_POINT ( 'NONE',  ( 13.55000000000025118, 8.960050506339250376, 10.80000000000000071 ) ) ;
#1001 = ORIENTED_EDGE ( 'NONE', *, *, #3422, .F. ) ;
#1002 = EDGE_LOOP ( 'NONE', ( #189, #1243, #1757, #2667 ) ) ;
#1003 = CARTESIAN_POINT ( 'NONE',  ( 9.350000000000001421, -35.25000000000000000, 3.899999999999999911 ) ) ;
#1004 = CARTESIAN_POINT ( 'NONE',  ( -14.04999999994061000, -28.00000000000000000, 7.049999999935153028 ) ) ;
#1005 = FACE_OUTER_BOUND ( 'NONE', #4562, .T. ) ;
#1006 = EDGE_CURVE ( 'NONE', #3907, #2199, #390, .T. ) ;
#1007 = LINE ( 'NONE', #1807, #2403 ) ;
#1008 = EDGE_CURVE ( 'NONE', #211, #3504, #4382, .T. ) ;
#1009 = VERTEX_POINT ( 'NONE', #2984 ) ;
#1010 = CARTESIAN_POINT ( 'NONE',  ( 8.349999999999999645, -19.30000000000000071, -10.80000000000000071 ) ) ;
#1011 = DIRECTION ( 'NONE',  ( -1.000000000000000000, -0.000000000000000000, 0.000000000000000000 ) ) ;
#1012 = LINE ( 'NONE', #2493, #2378 ) ;
#1013 = EDGE_CURVE ( 'NONE', #2596, #2621, #2050, .T. ) ;
#1014 = ORIENTED_EDGE ( 'NONE', *, *, #2073, .T. ) ;
#1015 = DIRECTION ( 'NONE',  ( 0.000000000000000000, -0.000000000000000000, 1.000000000000000000 ) ) ;
#1016 = CARTESIAN_POINT ( 'NONE',  ( 8.349999999999999645, -8.900000000000000355, -10.80000000000000071 ) ) ;
#1017 = ORIENTED_EDGE ( 'NONE', *, *, #1989, .T. ) ;
#1018 = CARTESIAN_POINT ( 'NONE',  ( -14.25000000000000000, -28.00000000000000000, 6.000000000000000000 ) ) ;
#1019 = ADVANCED_FACE ( 'NONE', ( #2204 ), #3645, .F. ) ;
#1020 = CARTESIAN_POINT ( 'NONE',  ( -8.000000000000000000, -31.25000000000000000, -6.000000000000000000 ) ) ;
#1021 = DIRECTION ( 'NONE',  ( 1.000000000000000000, 0.000000000000000000, -0.000000000000000000 ) ) ;
#1022 = ORIENTED_EDGE ( 'NONE', *, *, #2157, .T. ) ;
#1023 = ORIENTED_EDGE ( 'NONE', *, *, #2559, .F. ) ;
#1024 = VECTOR ( 'NONE', #4569, 1000.000000000000000 ) ;
#1025 = DIRECTION ( 'NONE',  ( 0.000000000000000000, -1.000000000000000000, 0.000000000000000000 ) ) ;
#1026 = DIRECTION ( 'NONE',  ( -0.7071067811865474617, -0.7071067811865474617, 0.000000000000000000 ) ) ;
#1027 = DIRECTION ( 'NONE',  ( -1.000000000000000000, -0.000000000000000000, 0.000000000000000000 ) ) ;
#1028 = VECTOR ( 'NONE', #3613, 1000.000000000000000 ) ;
#1029 = EDGE_CURVE ( 'NONE', #3576, #2153, #80, .T. ) ;
#1030 = CARTESIAN_POINT ( 'NONE',  ( 0.000000000000000000, -8.900000000000000355, -10.80000000000000071 ) ) ;
#1031 = EDGE_LOOP ( 'NONE', ( #799, #1214, #1616, #4435 ) ) ;
#1032 = CARTESIAN_POINT ( 'NONE',  ( -14.24999999997589839, -4.000000000000000000, 6.000000000000000000 ) ) ;
#1033 = CIRCLE ( 'NONE', #2835, 1.049999999935607553 ) ;
#1034 = CARTESIAN_POINT ( 'NONE',  ( 10.25000000000000000, 0.000000000000000000, 3.900000000000000799 ) ) ;
#1035 = CARTESIAN_POINT ( 'NONE',  ( -14.25000000000000000, -29.35000000000000142, -3.899999999999999911 ) ) ;
#1036 = ORIENTED_EDGE ( 'NONE', *, *, #4588, .F. ) ;
#1037 = CARTESIAN_POINT ( 'NONE',  ( -14.04999999994061000, -4.000000000000000000, -7.049999999935607775 ) ) ;
#1038 = PLANE ( 'NONE',  #1496 ) ;
#1039 = AXIS2_PLACEMENT_3D ( 'NONE', #4039, #4015, #2575 ) ;
#1040 = EDGE_CURVE ( 'NONE', #4577, #35, #1853, .T. ) ;
#1041 = ADVANCED_FACE ( 'NONE', ( #1169 ), #2602, .F. ) ;
#1042 = ORIENTED_EDGE ( 'NONE', *, *, #3458, .T. ) ;
#1043 = CARTESIAN_POINT ( 'NONE',  ( -10.25000000000000000, -28.00000000000000000, 6.000000000000000000 ) ) ;
#1044 = AXIS2_PLACEMENT_3D ( 'NONE', #835, #2260, #2235 ) ;
#1045 = CARTESIAN_POINT ( 'NONE',  ( 13.55000000000000071, 0.000000000000000000, 10.80000000000000071 ) ) ;
#1046 = ADVANCED_FACE ( 'NONE', ( #1706 ), #1406, .F. ) ;
#1047 = ORIENTED_EDGE ( 'NONE', *, *, #3549, .T. ) ;
#1048 = AXIS2_PLACEMENT_3D ( 'NONE', #2072, #4272, #730 ) ;
#1049 = AXIS2_PLACEMENT_3D ( 'NONE', #3957, #4316, #1131 ) ;
#1050 = DIRECTION ( 'NONE',  ( 0.000000000000000000, 1.000000000000000000, 0.000000000000000000 ) ) ;
#1051 = CARTESIAN_POINT ( 'NONE',  ( -11.96005050633987565, 10.54999999999987459, 10.80000000000000071 ) ) ;
#1052 = CARTESIAN_POINT ( 'NONE',  ( 10.25000000000000000, -28.00000000000000000, -4.949999999999999289 ) ) ;
#1053 = DIRECTION ( 'NONE',  ( 0.000000000000000000, 0.000000000000000000, 1.000000000000000000 ) ) ;
#1054 = AXIS2_PLACEMENT_3D ( 'NONE', #1440, #4222, #2139 ) ;
#1055 = VECTOR ( 'NONE', #3867, 1000.000000000000000 ) ;
#1056 = LINE ( 'NONE', #2136, #2629 ) ;
#1057 = EDGE_LOOP ( 'NONE', ( #2490, #1529, #2968, #2038 ) ) ;
#1058 = LINE ( 'NONE', #1010, #3068 ) ;
#1059 = CARTESIAN_POINT ( 'NONE',  ( -14.25000000000000000, -4.000000000000000000, 6.000000000000000000 ) ) ;
#1060 = LINE ( 'NONE', #564, #42 ) ;
#1061 = ORIENTED_EDGE ( 'NONE', *, *, #842, .F. ) ;
#1062 = LINE ( 'NONE', #3915, #2705 ) ;
#1063 = FACE_OUTER_BOUND ( 'NONE', #3029, .T. ) ;
#1064 = DIRECTION ( 'NONE',  ( 0.000000000000000000, 0.000000000000000000, -1.000000000000000000 ) ) ;
#1065 = ORIENTED_EDGE ( 'NONE', *, *, #4590, .T. ) ;
#1066 = FACE_OUTER_BOUND ( 'NONE', #4005, .T. ) ;
#1067 = EDGE_CURVE ( 'NONE', #1478, #141, #3119, .T. ) ;
#1068 = ADVANCED_FACE ( 'NONE', ( #294 ), #1431, .F. ) ;
#1069 = CARTESIAN_POINT ( 'NONE',  ( -14.25000000000000000, -3.650000000000000355, -10.80000000000000071 ) ) ;
#1070 = ORIENTED_EDGE ( 'NONE', *, *, #1454, .T. ) ;
#1071 = LINE ( 'NONE', #3703, #3674 ) ;
#1072 = AXIS2_PLACEMENT_3D ( 'NONE', #3979, #4428, #437 ) ;
#1073 = CARTESIAN_POINT ( 'NONE',  ( 8.000000000000000000, -35.05000000006930350, 6.000000000000000000 ) ) ;
#1074 = PLANE ( 'NONE',  #1738 ) ;
#1075 = EDGE_LOOP ( 'NONE', ( #3073, #4330, #2449, #2503 ) ) ;
#1076 = VECTOR ( 'NONE', #3093, 1000.000000000000000 ) ;
#1077 = ORIENTED_EDGE ( 'NONE', *, *, #3714, .F. ) ;
#1078 = EDGE_LOOP ( 'NONE', ( #4287, #1285, #1155, #3270 ) ) ;
#1079 = DIRECTION ( 'NONE',  ( 0.000000000000000000, 1.000000000000000000, 0.000000000000000000 ) ) ;
#1080 = DIRECTION ( 'NONE',  ( -0.000000000000000000, 0.000000000000000000, 1.000000000000000000 ) ) ;
#1081 = DIRECTION ( 'NONE',  ( -1.000000000000000000, 0.000000000000000000, 0.000000000000000000 ) ) ;
#1082 = DIRECTION ( 'NONE',  ( -1.000000000000000000, -0.000000000000000000, -0.000000000000000000 ) ) ;
#1083 = ORIENTED_EDGE ( 'NONE', *, *, #3024, .T. ) ;
#1084 = FACE_OUTER_BOUND ( 'NONE', #1423, .T. ) ;
#1085 = CARTESIAN_POINT ( 'NONE',  ( -8.000000000000000000, -35.05000000006930350, 6.000000000000000000 ) ) ;
#1086 = ORIENTED_EDGE ( 'NONE', *, *, #1528, .T. ) ;
#1087 = DIRECTION ( 'NONE',  ( 1.000000000000000000, 0.000000000000000000, 0.000000000000000000 ) ) ;
#1088 = DIRECTION ( 'NONE',  ( 1.000000000000000000, 0.000000000000000000, 0.000000000000000000 ) ) ;
#1089 = EDGE_LOOP ( 'NONE', ( #3961, #3284, #4636, #3473 ) ) ;
#1090 = LINE ( 'NONE', #1804, #2674 ) ;
#1091 = EDGE_CURVE ( 'NONE', #4050, #1574, #1334, .T. ) ;
#1092 = EDGE_CURVE ( 'NONE', #2026, #3825, #2410, .T. ) ;
#1093 = EDGE_LOOP ( 'NONE', ( #4587, #1312, #2597, #1436 ) ) ;
#1094 = VECTOR ( 'NONE', #296, 1000.000000000000000 ) ;
#1095 = VERTEX_POINT ( 'NONE', #4592 ) ;
#1096 = CARTESIAN_POINT ( 'NONE',  ( 8.000000000000000000, 11.25000000000000000, 6.000000000000000000 ) ) ;
#1097 = ORIENTED_EDGE ( 'NONE', *, *, #4177, .T. ) ;
#1098 = PLANE ( 'NONE',  #1039 ) ;
#1099 = LINE ( 'NONE', #1167, #2703 ) ;
#1100 = CIRCLE ( 'NONE', #270, 1.050000000000000488 ) ;
#1101 = CARTESIAN_POINT ( 'NONE',  ( 14.04999999994061000, -4.000000000000000000, -6.000000000000000000 ) ) ;
#1102 = CARTESIAN_POINT ( 'NONE',  ( 10.25000000000000000, -29.35000000000000142, 3.899999999999999911 ) ) ;
#1103 = EDGE_CURVE ( 'NONE', #3956, #196, #3247, .T. ) ;
#1104 = VECTOR ( 'NONE', #836, 1000.000000000000000 ) ;
#1105 = ORIENTED_EDGE ( 'NONE', *, *, #641, .T. ) ;
#1106 = DIRECTION ( 'NONE',  ( 0.000000000000000000, -1.000000000000000000, -0.000000000000000000 ) ) ;
#1107 = CARTESIAN_POINT ( 'NONE',  ( -12.75000000000000178, -8.900000000000000355, -4.700000000000000178 ) ) ;
#1108 = ORIENTED_EDGE ( 'NONE', *, *, #4663, .F. ) ;
#1109 = ORIENTED_EDGE ( 'NONE', *, *, #3458, .F. ) ;
#1110 = CARTESIAN_POINT ( 'NONE',  ( -11.96005050634000177, 10.55000000000000071, 10.80000000000000071 ) ) ;
#1111 = VECTOR ( 'NONE', #2980, 1000.000000000000000 ) ;
#1112 = FACE_OUTER_BOUND ( 'NONE', #2742, .T. ) ;
#1113 = ADVANCED_FACE ( 'NONE', ( #957 ), #2037, .F. ) ;
#1114 = CIRCLE ( 'NONE', #820, 1.249999999970441422 ) ;
#1115 = ORIENTED_EDGE ( 'NONE', *, *, #2583, .T. ) ;
#1116 = CARTESIAN_POINT ( 'NONE',  ( 14.24999999989040589, -28.00000000000000000, 6.000000000000000000 ) ) ;
#1117 = FACE_OUTER_BOUND ( 'NONE', #45, .T. ) ;
#1118 = CIRCLE ( 'NONE', #1273, 1.050000000000000488 ) ;
#1119 = VERTEX_POINT ( 'NONE', #3853 ) ;
#1120 = ORIENTED_EDGE ( 'NONE', *, *, #695, .T. ) ;
#1121 = CIRCLE ( 'NONE', #2856, 1.050000000000000488 ) ;
#1122 = ORIENTED_EDGE ( 'NONE', *, *, #3973, .F. ) ;
#1123 = EDGE_CURVE ( 'NONE', #3540, #953, #1361, .T. ) ;
#1124 = DIRECTION ( 'NONE',  ( 0.7071067811865486830, 0.7071067811865464625, 0.000000000000000000 ) ) ;
#1125 = EDGE_CURVE ( 'NONE', #3008, #1475, #3828, .T. ) ;
#1126 = DIRECTION ( 'NONE',  ( 0.000000000000000000, -0.7071067810860616198, -0.7071067812870334146 ) ) ;
#1127 = VECTOR ( 'NONE', #1200, 1000.000000000000000 ) ;
#1128 = PLANE ( 'NONE',  #201 ) ;
#1129 = DIRECTION ( 'NONE',  ( 1.000000000000000000, 0.000000000000000000, -0.000000000000000000 ) ) ;
#1130 = ORIENTED_EDGE ( 'NONE', *, *, #3365, .T. ) ;
#1131 = DIRECTION ( 'NONE',  ( 0.000000000000000000, 0.000000000000000000, 1.000000000000000000 ) ) ;
#1132 = EDGE_CURVE ( 'NONE', #2805, #1890, #321, .T. ) ;
#1133 = LINE ( 'NONE', #416, #3910 ) ;
#1134 = VERTEX_POINT ( 'NONE', #3616 ) ;
#1135 = CARTESIAN_POINT ( 'NONE',  ( 14.24999999989040589, -4.000000000000000000, 4.750000000115051080 ) ) ;
#1136 = CARTESIAN_POINT ( 'NONE',  ( -14.24999999999999822, -33.25000000000000000, -11.50000000000000000 ) ) ;
#1137 = ORIENTED_EDGE ( 'NONE', *, *, #1785, .F. ) ;
#1138 = DIRECTION ( 'NONE',  ( 1.000000000000000000, -0.000000000000000000, -0.000000000000000000 ) ) ;
#1139 = ORIENTED_EDGE ( 'NONE', *, *, #1476, .T. ) ;
#1140 = ORIENTED_EDGE ( 'NONE', *, *, #2289, .T. ) ;
#1141 = DIRECTION ( 'NONE',  ( 0.000000000000000000, -1.000000000000000000, -0.000000000000000000 ) ) ;
#1142 = ORIENTED_EDGE ( 'NONE', *, *, #3689, .T. ) ;
#1143 = FACE_OUTER_BOUND ( 'NONE', #2542, .T. ) ;
#1144 = CARTESIAN_POINT ( 'NONE',  ( -8.000000000000000000, -35.05000000006930350, -6.000000000000000000 ) ) ;
#1145 = DIRECTION ( 'NONE',  ( 0.000000000000000000, 0.000000000000000000, -1.000000000000000000 ) ) ;
#1146 = CARTESIAN_POINT ( 'NONE',  ( 12.75000000000000178, -8.900000000000000355, -4.700000000000000178 ) ) ;
#1147 = VECTOR ( 'NONE', #1868, 1000.000000000000000 ) ;
#1148 = EDGE_CURVE ( 'NONE', #2409, #2635, #2150, .T. ) ;
#1149 = ADVANCED_FACE ( 'NONE', ( #1843 ), #3932, .F. ) ;
#1150 = ORIENTED_EDGE ( 'NONE', *, *, #1326, .T. ) ;
#1151 = DIRECTION ( 'NONE',  ( 1.000000000000000000, 0.000000000000000000, 0.000000000000000000 ) ) ;
#1152 = CARTESIAN_POINT ( 'NONE',  ( -9.350000000000001421, -35.25000000000000000, 3.899999999999999911 ) ) ;
#1153 = EDGE_CURVE ( 'NONE', #2747, #3169, #3685, .T. ) ;
#1154 = EDGE_CURVE ( 'NONE', #694, #1657, #788, .T. ) ;
#1155 = ORIENTED_EDGE ( 'NONE', *, *, #3080, .F. ) ;
#1156 = DIRECTION ( 'NONE',  ( 1.000000000000000000, 0.000000000000000000, 0.000000000000000000 ) ) ;
#1157 = DIRECTION ( 'NONE',  ( -1.000000000000000000, 0.000000000000000000, 0.000000000000000000 ) ) ;
#1158 = EDGE_CURVE ( 'NONE', #3112, #121, #2592, .T. ) ;
#1159 = FACE_OUTER_BOUND ( 'NONE', #58, .T. ) ;
#1160 = EDGE_LOOP ( 'NONE', ( #2186, #481, #1632, #3301 ) ) ;
#1161 = DIRECTION ( 'NONE',  ( -0.7071067811863253061, -0.7071067811867697284, 0.000000000000000000 ) ) ;
#1162 = CARTESIAN_POINT ( 'NONE',  ( 14.25000000000000000, -26.64999999999999858, -10.80000000000000071 ) ) ;
#1163 = ORIENTED_EDGE ( 'NONE', *, *, #1646, .T. ) ;
#1164 = ORIENTED_EDGE ( 'NONE', *, *, #1604, .F. ) ;
#1165 = VERTEX_POINT ( 'NONE', #453 ) ;
#1166 = DIRECTION ( 'NONE',  ( 1.000000000000000000, 0.000000000000000000, 0.000000000000000000 ) ) ;
#1167 = CARTESIAN_POINT ( 'NONE',  ( -10.25000000000000000, 0.000000000000000000, 3.900000000000000799 ) ) ;
#1168 = FACE_OUTER_BOUND ( 'NONE', #4220, .T. ) ;
#1169 = FACE_OUTER_BOUND ( 'NONE', #3208, .T. ) ;
#1170 = EDGE_CURVE ( 'NONE', #2584, #16, #4031, .T. ) ;
#1171 = ORIENTED_EDGE ( 'NONE', *, *, #2265, .F. ) ;
#1172 = CARTESIAN_POINT ( 'NONE',  ( 13.55000000000000071, 8.960050506339001686, 10.80000000000000071 ) ) ;
#1173 = AXIS2_PLACEMENT_3D ( 'NONE', #1364, #3529, #2112 ) ;
#1174 = DIRECTION ( 'NONE',  ( 1.000000000000000000, -0.000000000000000000, -0.000000000000000000 ) ) ;
#1175 = CIRCLE ( 'NONE', #1549, 1.050000000000000488 ) ;
#1176 = EDGE_LOOP ( 'NONE', ( #2868, #3816, #1819, #590 ) ) ;
#1177 = LINE ( 'NONE', #1249, #285 ) ;
#1178 = EDGE_CURVE ( 'NONE', #1809, #4029, #4514, .T. ) ;
#1179 = AXIS2_PLACEMENT_3D ( 'NONE', #1812, #79, #3282 ) ;
#1180 = EDGE_CURVE ( 'NONE', #1890, #3328, #3467, .T. ) ;
#1181 = LINE ( 'NONE', #1933, #3892 ) ;
#1182 = DIRECTION ( 'NONE',  ( 0.000000000000000000, -1.000000000000000000, 0.000000000000000000 ) ) ;
#1183 = ORIENTED_EDGE ( 'NONE', *, *, #2486, .T. ) ;
#1184 = EDGE_CURVE ( 'NONE', #4520, #1741, #2054, .T. ) ;
#1185 = LINE ( 'NONE', #3757, #3886 ) ;
#1186 =( LENGTH_UNIT ( ) NAMED_UNIT ( * ) SI_UNIT ( .MILLI., .METRE. ) );
#1187 = ORIENTED_EDGE ( 'NONE', *, *, #3714, .T. ) ;
#1188 = ORIENTED_EDGE ( 'NONE', *, *, #1762, .F. ) ;
#1189 = VECTOR ( 'NONE', #2971, 1000.000000000000000 ) ;
#1190 = ORIENTED_EDGE ( 'NONE', *, *, #1125, .T. ) ;
#1191 = FACE_OUTER_BOUND ( 'NONE', #558, .T. ) ;
#1192 = DIRECTION ( 'NONE',  ( -1.000000000000000000, 0.000000000000000000, 0.000000000000000000 ) ) ;
#1193 = CARTESIAN_POINT ( 'NONE',  ( -14.25000000000000000, -28.00000000000000000, -6.000000000000000000 ) ) ;
#1194 = CIRCLE ( 'NONE', #1649, 1.050000000000000488 ) ;
#1195 = ORIENTED_EDGE ( 'NONE', *, *, #2479, .F. ) ;
#1196 = VECTOR ( 'NONE', #4146, 1000.000000000000000 ) ;
#1197 = LINE ( 'NONE', #2723, #1349 ) ;
#1198 = CIRCLE ( 'NONE', #1489, 1.050000000000000488 ) ;
#1199 = DIRECTION ( 'NONE',  ( 0.000000000000000000, 0.000000000000000000, -1.000000000000000000 ) ) ;
#1200 = DIRECTION ( 'NONE',  ( -1.000000000000000000, -0.000000000000000000, 0.000000000000000000 ) ) ;
#1201 = ORIENTED_EDGE ( 'NONE', *, *, #1103, .T. ) ;
#1202 = LINE ( 'NONE', #4077, #281 ) ;
#1203 = FACE_OUTER_BOUND ( 'NONE', #3278, .T. ) ;
#1204 = VECTOR ( 'NONE', #2101, 1000.000000000000000 ) ;
#1205 = EDGE_LOOP ( 'NONE', ( #1120, #2955 ) ) ;
#1206 = CARTESIAN_POINT ( 'NONE',  ( 14.25000000000000000, -33.25000000000000000, -11.50000000000000000 ) ) ;
#1207 = CARTESIAN_POINT ( 'NONE',  ( -14.25000000000000000, -29.35000000000000142, -3.899999999999999911 ) ) ;
#1208 = ADVANCED_FACE ( 'NONE', ( #114 ), #4540, .F. ) ;
#1209 = PLANE ( 'NONE',  #803 ) ;
#1210 = CARTESIAN_POINT ( 'NONE',  ( -8.000000000000000000, -35.25000000000000000, -6.000000000000000000 ) ) ;
#1211 = FACE_OUTER_BOUND ( 'NONE', #95, .T. ) ;
#1212 = VERTEX_POINT ( 'NONE', #1584 ) ;
#1213 = EDGE_CURVE ( 'NONE', #1119, #4303, #1841, .T. ) ;
#1214 = ORIENTED_EDGE ( 'NONE', *, *, #4408, .T. ) ;
#1215 = CARTESIAN_POINT ( 'NONE',  ( 11.96005050634000177, 10.55000000000000071, 10.80000000000000071 ) ) ;
#1216 = DIRECTION ( 'NONE',  ( 0.000000000000000000, 0.000000000000000000, -1.000000000000000000 ) ) ;
#1217 = LINE ( 'NONE', #917, #1338 ) ;
#1218 = EDGE_CURVE ( 'NONE', #129, #2563, #2588, .T. ) ;
#1219 = LINE ( 'NONE', #248, #2804 ) ;
#1220 = EDGE_LOOP ( 'NONE', ( #2528, #2294, #4582, #690 ) ) ;
#1221 = LINE ( 'NONE', #583, #1499 ) ;
#1222 = CARTESIAN_POINT ( 'NONE',  ( 0.000000000000000000, -19.30000000000000071, -10.80000000000000071 ) ) ;
#1223 = VECTOR ( 'NONE', #193, 1000.000000000000000 ) ;
#1224 = ORIENTED_EDGE ( 'NONE', *, *, #404, .F. ) ;
#1225 = CIRCLE ( 'NONE', #3104, 1.049999999935607553 ) ;
#1226 = ORIENTED_EDGE ( 'NONE', *, *, #2678, .T. ) ;
#1227 = CARTESIAN_POINT ( 'NONE',  ( -14.25000000000000000, -26.64999999999999858, 3.899999999999999911 ) ) ;
#1228 = CARTESIAN_POINT ( 'NONE',  ( 14.25000000000000000, -5.350000000000000533, 3.899999999999999911 ) ) ;
#1229 = ADVANCED_FACE ( 'NONE', ( #2287 ), #3158, .F. ) ;
#1230 = ORIENTED_EDGE ( 'NONE', *, *, #178, .F. ) ;
#1231 = DIRECTION ( 'NONE',  ( 1.000000000000000000, 0.000000000000000000, 0.000000000000000000 ) ) ;
#1232 = CARTESIAN_POINT ( 'NONE',  ( -14.24999999997589839, -4.000000000000000000, 7.249999999970441422 ) ) ;
#1233 = CARTESIAN_POINT ( 'NONE',  ( 14.25000000000000000, -28.00000000000000000, -4.949999999999999289 ) ) ;
#1234 = CARTESIAN_POINT ( 'NONE',  ( -8.000000000000000000, 11.24999999990450306, 6.000000000000000000 ) ) ;
#1235 = ORIENTED_EDGE ( 'NONE', *, *, #2239, .F. ) ;
#1236 = EDGE_LOOP ( 'NONE', ( #4589, #3544, #221, #3159 ) ) ;
#1237 = DIRECTION ( 'NONE',  ( 0.000000000000000000, -1.000000000000000000, 0.000000000000000000 ) ) ;
#1238 = DIRECTION ( 'NONE',  ( 0.000000000000000000, 0.000000000000000000, -1.000000000000000000 ) ) ;
#1239 = EDGE_CURVE ( 'NONE', #2283, #2005, #4416, .T. ) ;
#1240 = EDGE_CURVE ( 'NONE', #4010, #711, #3375, .T. ) ;
#1241 = DIRECTION ( 'NONE',  ( -0.000000000000000000, -1.000000000000000000, -0.000000000000000000 ) ) ;
#1242 = FACE_OUTER_BOUND ( 'NONE', #3488, .T. ) ;
#1243 = ORIENTED_EDGE ( 'NONE', *, *, #807, .T. ) ;
#1244 = CARTESIAN_POINT ( 'NONE',  ( 8.000000000000000000, 11.24999999990450306, 6.000000000000000000 ) ) ;
#1245 = PLANE ( 'NONE',  #1725 ) ;
#1246 = EDGE_CURVE ( 'NONE', #3825, #2283, #2657, .T. ) ;
#1247 = VERTEX_POINT ( 'NONE', #4049 ) ;
#1248 = VECTOR ( 'NONE', #2219, 1000.000000000000000 ) ;
#1249 = CARTESIAN_POINT ( 'NONE',  ( -12.25000000000000000, -35.25000000000000000, -11.50000000000000000 ) ) ;
#1250 = CARTESIAN_POINT ( 'NONE',  ( -14.25000000000000000, -4.000000000000000000, 6.000000000000000000 ) ) ;
#1251 = VECTOR ( 'NONE', #3779, 1000.000000000000000 ) ;
#1252 = ORIENTED_EDGE ( 'NONE', *, *, #2524, .T. ) ;
#1253 = DIRECTION ( 'NONE',  ( 1.000000000000000000, 0.000000000000000000, 0.000000000000000000 ) ) ;
#1254 = AXIS2_PLACEMENT_3D ( 'NONE', #2586, #4464, #2335 ) ;
#1255 = DIRECTION ( 'NONE',  ( 0.000000000000000000, -1.000000000000000000, 0.000000000000000000 ) ) ;
#1256 = DIRECTION ( 'NONE',  ( 0.000000000000000000, 0.000000000000000000, -1.000000000000000000 ) ) ;
#1257 = ORIENTED_EDGE ( 'NONE', *, *, #664, .T. ) ;
#1258 = VERTEX_POINT ( 'NONE', #2281 ) ;
#1259 = AXIS2_PLACEMENT_3D ( 'NONE', #237, #4157, #2806 ) ;
#1260 = LINE ( 'NONE', #2625, #1111 ) ;
#1261 = VECTOR ( 'NONE', #4667, 1000.000000000000000 ) ;
#1262 = DIRECTION ( 'NONE',  ( -0.000000000000000000, -1.000000000000000000, -0.000000000000000000 ) ) ;
#1263 = DIRECTION ( 'NONE',  ( 0.000000000000000000, -0.7071067810860616198, -0.7071067812870334146 ) ) ;
#1264 = DIRECTION ( 'NONE',  ( -0.000000000000000000, 1.000000000000000000, 0.000000000000000000 ) ) ;
#1265 = AXIS2_PLACEMENT_3D ( 'NONE', #3290, #67, #337 ) ;
#1266 = EDGE_CURVE ( 'NONE', #2718, #4635, #133, .T. ) ;
#1267 = CYLINDRICAL_SURFACE ( 'NONE', #471, 1.050000000000000488 ) ;
#1268 = ORIENTED_EDGE ( 'NONE', *, *, #77, .T. ) ;
#1269 = CARTESIAN_POINT ( 'NONE',  ( 14.25000000000000000, -29.35000000000000142, -3.899999999999999911 ) ) ;
#1270 = CYLINDRICAL_SURFACE ( 'NONE', #4669, 1.050000000000000488 ) ;
#1271 = PRODUCT_DEFINITION_CONTEXT ( 'detailed design', #2123, 'design' ) ;
#1272 = ORIENTED_EDGE ( 'NONE', *, *, #1762, .T. ) ;
#1273 = AXIS2_PLACEMENT_3D ( 'NONE', #330, #1773, #3201 ) ;
#1274 = EDGE_CURVE ( 'NONE', #3252, #953, #831, .T. ) ;
#1275 = VECTOR ( 'NONE', #4145, 1000.000000000000000 ) ;
#1276 = ORIENTED_EDGE ( 'NONE', *, *, #986, .F. ) ;
#1277 = FACE_OUTER_BOUND ( 'NONE', #1395, .T. ) ;
#1278 = DIRECTION ( 'NONE',  ( 0.7071067811865474617, 0.7071067811865474617, -0.000000000000000000 ) ) ;
#1279 = CONICAL_SURFACE ( 'NONE', #3082, 1.250000000055933702, 0.7853981635395568262 ) ;
#1280 = AXIS2_PLACEMENT_3D ( 'NONE', #1374, #3844, #686 ) ;
#1281 = ORIENTED_EDGE ( 'NONE', *, *, #4471, .T. ) ;
#1282 = CARTESIAN_POINT ( 'NONE',  ( 14.25000000000000000, -5.349999999999999645, -3.899999999999999911 ) ) ;
#1283 = CARTESIAN_POINT ( 'NONE',  ( 10.25000000000000000, -4.349999999999999645, 3.899999999999999911 ) ) ;
#1284 = PRODUCT_DEFINITION_FORMATION_WITH_SPECIFIED_SOURCE ( 'ÂØ', '', #333, .NOT_KNOWN. ) ;
#1285 = ORIENTED_EDGE ( 'NONE', *, *, #4090, .T. ) ;
#1286 = ORIENTED_EDGE ( 'NONE', *, *, #1445, .F. ) ;
#1287 = AXIS2_PLACEMENT_3D ( 'NONE', #783, #2210, #419 ) ;
#1288 = ORIENTED_EDGE ( 'NONE', *, *, #1067, .F. ) ;
#1289 = CARTESIAN_POINT ( 'NONE',  ( 14.25000000000000000, -29.35000000000000142, 3.899999999999999911 ) ) ;
#1290 = DIRECTION ( 'NONE',  ( 0.000000000000000000, 0.000000000000000000, -1.000000000000000000 ) ) ;
#1291 = DIRECTION ( 'NONE',  ( 0.000000000000000000, -1.000000000000000000, 0.000000000000000000 ) ) ;
#1292 = PLANE ( 'NONE',  #163 ) ;
#1293 = EDGE_LOOP ( 'NONE', ( #1235, #4350, #3568, #3062 ) ) ;
#1294 = CARTESIAN_POINT ( 'NONE',  ( -10.25000000000000000, -5.349999999999999645, 3.900000000000000355 ) ) ;
#1295 = CARTESIAN_POINT ( 'NONE',  ( -8.349999999999999645, -8.900000000000000355, -10.80000000000000071 ) ) ;
#1296 = EDGE_CURVE ( 'NONE', #3090, #3142, #2634, .T. ) ;
#1297 = EDGE_CURVE ( 'NONE', #2108, #540, #514, .T. ) ;
#1298 = ORIENTED_EDGE ( 'NONE', *, *, #4383, .T. ) ;
#1299 = DIRECTION ( 'NONE',  ( 0.000000000000000000, 0.000000000000000000, -1.000000000000000000 ) ) ;
#1300 = FACE_OUTER_BOUND ( 'NONE', #3118, .T. ) ;
#1301 = ORIENTED_EDGE ( 'NONE', *, *, #1604, .T. ) ;
#1302 = CARTESIAN_POINT ( 'NONE',  ( -8.000000000000000000, 11.25000000000000000, 6.000000000000000000 ) ) ;
#1303 = EDGE_CURVE ( 'NONE', #2076, #2494, #4482, .T. ) ;
#1304 = ADVANCED_FACE ( 'NONE', ( #62 ), #1511, .F. ) ;
#1305 = VECTOR ( 'NONE', #3498, 1000.000000000000000 ) ;
#1306 = ORIENTED_EDGE ( 'NONE', *, *, #4217, .T. ) ;
#1307 = CARTESIAN_POINT ( 'NONE',  ( 14.25000000000000000, -28.35000000000000497, 3.899999999999999911 ) ) ;
#1308 = DIRECTION ( 'NONE',  ( 1.000000000000000000, 0.000000000000000000, 0.000000000000000000 ) ) ;
#1309 = EDGE_CURVE ( 'NONE', #3156, #4359, #397, .T. ) ;
#1310 = DIRECTION ( 'NONE',  ( 0.000000000000000000, 0.000000000000000000, 1.000000000000000000 ) ) ;
#1311 = VERTEX_POINT ( 'NONE', #2032 ) ;
#1312 = ORIENTED_EDGE ( 'NONE', *, *, #4496, .F. ) ;
#1313 = ORIENTED_EDGE ( 'NONE', *, *, #4415, .T. ) ;
#1314 = CARTESIAN_POINT ( 'NONE',  ( 0.000000000000000000, 0.000000000000000000, -4.700000000000000178 ) ) ;
#1315 = LINE ( 'NONE', #2739, #718 ) ;
#1316 = CARTESIAN_POINT ( 'NONE',  ( -14.25000000000000000, -2.649999999999999467, 3.899999999999999911 ) ) ;
#1317 = ORIENTED_EDGE ( 'NONE', *, *, #600, .T. ) ;
#1318 = PLANE ( 'NONE',  #3822 ) ;
#1319 = PLANE ( 'NONE',  #3296 ) ;
#1320 = ORIENTED_EDGE ( 'NONE', *, *, #1091, .T. ) ;
#1321 = PLANE ( 'NONE',  #3749 ) ;
#1322 = VECTOR ( 'NONE', #4477, 1000.000000000000000 ) ;
#1323 = ORIENTED_EDGE ( 'NONE', *, *, #1709, .F. ) ;
#1324 = LINE ( 'NONE', #1282, #283 ) ;
#1325 = ADVANCED_FACE ( 'NONE', ( #4103 ), #1963, .T. ) ;
#1326 = EDGE_CURVE ( 'NONE', #1705, #694, #4597, .T. ) ;
#1327 = VECTOR ( 'NONE', #3920, 1000.000000000000000 ) ;
#1328 = LINE ( 'NONE', #4633, #3813 ) ;
#1329 = CARTESIAN_POINT ( 'NONE',  ( 14.25000000000000000, -4.000000000000000000, 6.000000000000000000 ) ) ;
#1330 = ORIENTED_EDGE ( 'NONE', *, *, #4116, .T. ) ;
#1331 = VECTOR ( 'NONE', #1505, 1000.000000000000000 ) ;
#1332 = ORIENTED_EDGE ( 'NONE', *, *, #4364, .T. ) ;
#1333 = EDGE_CURVE ( 'NONE', #1978, #2529, #2481, .T. ) ;
#1334 = LINE ( 'NONE', #4281, #2425 ) ;
#1335 = VERTEX_POINT ( 'NONE', #3487 ) ;
#1336 = CARTESIAN_POINT ( 'NONE',  ( 9.350000000000001421, -31.25000000000000000, 3.900000000000000355 ) ) ;
#1337 = CARTESIAN_POINT ( 'NONE',  ( -10.25000000000000000, -3.649999999999999911, -3.899999999999999911 ) ) ;
#1338 = VECTOR ( 'NONE', #1241, 1000.000000000000000 ) ;
#1339 = DIRECTION ( 'NONE',  ( 1.000000000000000000, 0.000000000000000000, 0.000000000000000000 ) ) ;
#1340 = CARTESIAN_POINT ( 'NONE',  ( -11.96005050634000177, -34.54999999999999716, 10.80000000000000071 ) ) ;
#1341 = ORIENTED_EDGE ( 'NONE', *, *, #985, .T. ) ;
#1342 = LINE ( 'NONE', #1413, #2025 ) ;
#1343 = DIRECTION ( 'NONE',  ( 0.7071067811865472397, 0.7071067811865479058, 0.000000000000000000 ) ) ;
#1344 = ORIENTED_EDGE ( 'NONE', *, *, #1006, .T. ) ;
#1345 = VECTOR ( 'NONE', #1253, 1000.000000000000000 ) ;
#1346 = VERTEX_POINT ( 'NONE', #1749 ) ;
#1347 = DIRECTION ( 'NONE',  ( 1.000000000000000000, 0.000000000000000000, -0.000000000000000000 ) ) ;
#1348 = LINE ( 'NONE', #1016, #4439 ) ;
#1349 = VECTOR ( 'NONE', #3036, 1000.000000000000000 ) ;
#1350 = ORIENTED_EDGE ( 'NONE', *, *, #1013, .T. ) ;
#1351 = DIRECTION ( 'NONE',  ( 0.000000000000000000, 0.000000000000000000, 1.000000000000000000 ) ) ;
#1352 = VECTOR ( 'NONE', #3890, 1000.000000000000114 ) ;
#1353 = AXIS2_PLACEMENT_3D ( 'NONE', #4606, #4533, #1299 ) ;
#1354 = CARTESIAN_POINT ( 'NONE',  ( 13.55000000000000071, -32.96005050634000355, 10.80000000000000071 ) ) ;
#1355 = LINE ( 'NONE', #2785, #929 ) ;
#1356 = DIRECTION ( 'NONE',  ( 1.000000000000000000, 0.000000000000000000, 0.000000000000000000 ) ) ;
#1357 = EDGE_CURVE ( 'NONE', #886, #393, #4366, .T. ) ;
#1358 = EDGE_CURVE ( 'NONE', #743, #1095, #1504, .T. ) ;
#1359 = EDGE_LOOP ( 'NONE', ( #457, #923, #3988, #4367 ) ) ;
#1360 = ORIENTED_EDGE ( 'NONE', *, *, #6, .T. ) ;
#1361 = LINE ( 'NONE', #598, #1526 ) ;
#1362 = DIRECTION ( 'NONE',  ( 0.000000000000000000, 0.000000000000000000, -1.000000000000000000 ) ) ;
#1363 = AXIS2_PLACEMENT_3D ( 'NONE', #2041, #4239, #629 ) ;
#1364 = CARTESIAN_POINT ( 'NONE',  ( 8.000000000000000000, -35.24999999999045031, -6.000000000000000000 ) ) ;
#1365 = DIRECTION ( 'NONE',  ( 0.000000000000000000, -0.000000000000000000, 1.000000000000000000 ) ) ;
#1366 = ADVANCED_FACE ( 'NONE', ( #3348 ), #2591, .T. ) ;
#1367 = FACE_OUTER_BOUND ( 'NONE', #2876, .T. ) ;
#1368 = ORIENTED_EDGE ( 'NONE', *, *, #1471, .T. ) ;
#1369 = CARTESIAN_POINT ( 'NONE',  ( -9.350000000000001421, -35.25000000000000000, -3.899999999999999911 ) ) ;
#1370 = CARTESIAN_POINT ( 'NONE',  ( -14.24999999997589839, -4.000000000000000000, 6.000000000000000000 ) ) ;
#1371 = DIRECTION ( 'NONE',  ( 0.000000000000000000, 0.000000000000000000, -1.000000000000000000 ) ) ;
#1372 = ADVANCED_FACE ( 'NONE', ( #2952, #4448 ), #3160, .T. ) ;
#1373 = ORIENTED_EDGE ( 'NONE', *, *, #2623, .T. ) ;
#1374 = CARTESIAN_POINT ( 'NONE',  ( -14.24999999989040589, -28.00000000000000000, -6.000000000000000000 ) ) ;
#1375 = FACE_OUTER_BOUND ( 'NONE', #4085, .T. ) ;
#1376 = ORIENTED_EDGE ( 'NONE', *, *, #2074, .T. ) ;
#1377 = CARTESIAN_POINT ( 'NONE',  ( -8.000000000000000000, -35.05000000006930350, 6.000000000000000000 ) ) ;
#1378 = DIRECTION ( 'NONE',  ( 0.000000000000000000, 1.000000000000000000, 0.000000000000000000 ) ) ;
#1379 = CONICAL_SURFACE ( 'NONE', #469, 1.250000000055479399, 0.7853981635395568262 ) ;
#1380 = EDGE_CURVE ( 'NONE', #1134, #1896, #2327, .T. ) ;
#1381 = DIRECTION ( 'NONE',  ( -0.000000000000000000, 0.000000000000000000, -1.000000000000000000 ) ) ;
#1382 = ORIENTED_EDGE ( 'NONE', *, *, #401, .F. ) ;
#1383 = VERTEX_POINT ( 'NONE', #3489 ) ;
#1384 = VECTOR ( 'NONE', #845, 999.9999999999998863 ) ;
#1385 = DIRECTION ( 'NONE',  ( 1.000000000000000000, 0.000000000000000000, 0.000000000000000000 ) ) ;
#1386 = LINE ( 'NONE', #2459, #801 ) ;
#1387 = CARTESIAN_POINT ( 'NONE',  ( -13.55000000000000071, -32.96005050634000355, -10.80000000000000071 ) ) ;
#1388 = LINE ( 'NONE', #1030, #4664 ) ;
#1389 = ORIENTED_EDGE ( 'NONE', *, *, #3982, .F. ) ;
#1390 = ADVANCED_FACE ( 'NONE', ( #2495 ), #2424, .T. ) ;
#1391 = LINE ( 'NONE', #4644, #2249 ) ;
#1392 = ADVANCED_FACE ( 'NONE', ( #3934 ), #679, .F. ) ;
#1393 = PLANE ( 'NONE',  #1054 ) ;
#1394 = LINE ( 'NONE', #726, #1553 ) ;
#1395 = EDGE_LOOP ( 'NONE', ( #1559, #3637, #2553, #3829 ) ) ;
#1396 = LINE ( 'NONE', #4295, #4218 ) ;
#1397 = EDGE_CURVE ( 'NONE', #4038, #2010, #1062, .T. ) ;
#1398 = DIRECTION ( 'NONE',  ( -1.000000000000000000, -0.000000000000000000, -0.000000000000000000 ) ) ;
#1399 = EDGE_LOOP ( 'NONE', ( #4022, #173, #793, #819 ) ) ;
#1400 = CARTESIAN_POINT ( 'NONE',  ( 14.04999999994061000, -4.000000000000000000, -4.950000000064392225 ) ) ;
#1401 = CARTESIAN_POINT ( 'NONE',  ( -14.04999999994061000, -28.00000000000000000, 6.000000000000000000 ) ) ;
#1402 = FACE_OUTER_BOUND ( 'NONE', #1093, .T. ) ;
#1403 = ORIENTED_EDGE ( 'NONE', *, *, #261, .F. ) ;
#1404 = ORIENTED_EDGE ( 'NONE', *, *, #1240, .T. ) ;
#1405 = VECTOR ( 'NONE', #2812, 1000.000000000000000 ) ;
#1406 = PLANE ( 'NONE',  #15 ) ;
#1407 = CARTESIAN_POINT ( 'NONE',  ( 10.25000000000000000, -29.35000000000000142, -3.899999999999999911 ) ) ;
#1408 = CARTESIAN_POINT ( 'NONE',  ( -12.25000000000000000, 11.25000000000000000, 11.50000000000000000 ) ) ;
#1409 = LINE ( 'NONE', #1387, #2862 ) ;
#1410 = VECTOR ( 'NONE', #3002, 1000.000000000000000 ) ;
#1411 = CARTESIAN_POINT ( 'NONE',  ( 8.000000000000000000, -35.24999999999090505, 7.249999999970443199 ) ) ;
#1412 = ORIENTED_EDGE ( 'NONE', *, *, #2559, .T. ) ;
#1413 = CARTESIAN_POINT ( 'NONE',  ( 14.25000000000000000, -27.64999999999999858, -10.80000000000000071 ) ) ;
#1414 = CIRCLE ( 'NONE', #3134, 1.249999999970441422 ) ;
#1415 = CARTESIAN_POINT ( 'NONE',  ( -11.96005050634000177, -34.54999999999999716, 10.80000000000000071 ) ) ;
#1416 = CARTESIAN_POINT ( 'NONE',  ( 14.25000000000000000, -4.000000000000000000, -6.000000000000000000 ) ) ;
#1417 = ADVANCED_FACE ( 'NONE', ( #613 ), #2401, .T. ) ;
#1418 = EDGE_LOOP ( 'NONE', ( #2630, #4643, #782, #3557 ) ) ;
#1419 = LINE ( 'NONE', #2446, #4591 ) ;
#1420 = DIRECTION ( 'NONE',  ( -1.000000000000000000, -0.000000000000000000, -0.000000000000000000 ) ) ;
#1421 = AXIS2_PLACEMENT_3D ( 'NONE', #1289, #1237, #1543 ) ;
#1422 = EDGE_CURVE ( 'NONE', #4021, #2708, #254, .T. ) ;
#1423 = EDGE_LOOP ( 'NONE', ( #3018, #1077, #1086, #232 ) ) ;
#1424 = PLANE ( 'NONE',  #3016 ) ;
#1425 = AXIS2_PLACEMENT_3D ( 'NONE', #1931, #1514, #808 ) ;
#1426 = DIRECTION ( 'NONE',  ( -0.000000000000000000, 1.000000000000000000, -0.000000000000000000 ) ) ;
#1427 = VECTOR ( 'NONE', #2489, 1000.000000000000000 ) ;
#1428 = ORIENTED_EDGE ( 'NONE', *, *, #3491, .T. ) ;
#1429 = VECTOR ( 'NONE', #1486, 1000.000000000000000 ) ;
#1430 = VECTOR ( 'NONE', #3125, 1000.000000000000000 ) ;
#1431 = CYLINDRICAL_SURFACE ( 'NONE', #1976, 1.050000000000000488 ) ;
#1432 = DIRECTION ( 'NONE',  ( -0.7071067811865474617, 8.659560562354932858E-17, -0.7071067811865474617 ) ) ;
#1433 = CARTESIAN_POINT ( 'NONE',  ( -8.349999999999999645, -35.25000000000000000, -10.80000000000000071 ) ) ;
#1434 = DIRECTION ( 'NONE',  ( 0.000000000000000000, 0.000000000000000000, -1.000000000000000000 ) ) ;
#1435 = AXIS2_PLACEMENT_3D ( 'NONE', #2117, #1767, #3196 ) ;
#1436 = ORIENTED_EDGE ( 'NONE', *, *, #3193, .T. ) ;
#1437 = DIRECTION ( 'NONE',  ( 0.000000000000000000, 0.000000000000000000, 1.000000000000000000 ) ) ;
#1438 = ORIENTED_EDGE ( 'NONE', *, *, #4137, .T. ) ;
#1439 = CARTESIAN_POINT ( 'NONE',  ( -9.350000000000001421, -35.25000000000000000, -3.899999999999999911 ) ) ;
#1440 = CARTESIAN_POINT ( 'NONE',  ( -6.650000000000000355, -35.25000000000000000, -3.899999999999999911 ) ) ;
#1441 = DIRECTION ( 'NONE',  ( 0.000000000000000000, 0.000000000000000000, 1.000000000000000000 ) ) ;
#1442 = ORIENTED_EDGE ( 'NONE', *, *, #1296, .T. ) ;
#1443 = CARTESIAN_POINT ( 'NONE',  ( -11.96005050633950084, 10.54999999999950155, 10.80000000000000071 ) ) ;
#1444 = DIRECTION ( 'NONE',  ( 1.000000000000000000, 0.000000000000000000, 0.000000000000000000 ) ) ;
#1445 = EDGE_CURVE ( 'NONE', #1009, #4666, #2049, .T. ) ;
#1446 = ADVANCED_FACE ( 'NONE', ( #4197 ), #1695, .T. ) ;
#1447 = ORIENTED_EDGE ( 'NONE', *, *, #275, .T. ) ;
#1448 = DIRECTION ( 'NONE',  ( 1.000000000000000000, 0.000000000000000000, 0.000000000000000000 ) ) ;
#1449 = EDGE_CURVE ( 'NONE', #1212, #1247, #1396, .T. ) ;
#1450 = EDGE_CURVE ( 'NONE', #3354, #1968, #2825, .T. ) ;
#1451 = FACE_BOUND ( 'NONE', #1950, .T. ) ;
#1452 = ORIENTED_EDGE ( 'NONE', *, *, #327, .T. ) ;
#1453 = LINE ( 'NONE', #3272, #168 ) ;
#1454 = EDGE_CURVE ( 'NONE', #1598, #4659, #4652, .T. ) ;
#1455 = DIRECTION ( 'NONE',  ( 0.000000000000000000, -1.000000000000000000, 0.000000000000000000 ) ) ;
#1456 = ORIENTED_EDGE ( 'NONE', *, *, #1984, .F. ) ;
#1457 = ORIENTED_EDGE ( 'NONE', *, *, #1132, .F. ) ;
#1458 = ORIENTED_EDGE ( 'NONE', *, *, #807, .F. ) ;
#1459 = CARTESIAN_POINT ( 'NONE',  ( 12.25000000000000000, 11.25000000000000000, -10.80000000000000071 ) ) ;
#1460 = PLANE ( 'NONE',  #3054 ) ;
#1461 = CARTESIAN_POINT ( 'NONE',  ( 10.25000000000000000, 0.000000000000000000, -3.899999999999999911 ) ) ;
#1462 = CARTESIAN_POINT ( 'NONE',  ( 10.25000000000000000, -27.64999999999999858, 3.899999999999999911 ) ) ;
#1463 = EDGE_LOOP ( 'NONE', ( #2368, #3590, #4326, #1323 ) ) ;
#1464 = DIRECTION ( 'NONE',  ( 1.000000000000000000, 0.000000000000000000, 0.000000000000000000 ) ) ;
#1465 = EDGE_CURVE ( 'NONE', #1682, #1890, #1419, .T. ) ;
#1466 = DIRECTION ( 'NONE',  ( -1.000000000000000000, -0.000000000000000000, -0.000000000000000000 ) ) ;
#1467 = VERTEX_POINT ( 'NONE', #1722 ) ;
#1468 = CARTESIAN_POINT ( 'NONE',  ( -14.25000000000000000, -26.64999999999999858, 3.899999999999999911 ) ) ;
#1469 = FACE_OUTER_BOUND ( 'NONE', #2011, .T. ) ;
#1470 = ORIENTED_EDGE ( 'NONE', *, *, #3973, .T. ) ;
#1471 = EDGE_CURVE ( 'NONE', #2796, #3625, #3889, .T. ) ;
#1472 = CARTESIAN_POINT ( 'NONE',  ( -12.75000000000000178, -8.900000000000000355, -10.80000000000000071 ) ) ;
#1473 = EDGE_LOOP ( 'NONE', ( #1579, #4409 ) ) ;
#1474 = VECTOR ( 'NONE', #1262, 1000.000000000000000 ) ;
#1475 = VERTEX_POINT ( 'NONE', #2777 ) ;
#1476 = EDGE_CURVE ( 'NONE', #2796, #2376, #2475, .T. ) ;
#1477 = CARTESIAN_POINT ( 'NONE',  ( -12.75000000000000178, -8.900000000000000355, -4.700000000000000178 ) ) ;
#1478 = VERTEX_POINT ( 'NONE', #3581 ) ;
#1479 = LINE ( 'NONE', #1501, #1713 ) ;
#1480 = DIRECTION ( 'NONE',  ( 1.000000000000000000, 0.000000000000000000, -0.000000000000000000 ) ) ;
#1481 = AXIS2_PLACEMENT_3D ( 'NONE', #2290, #2974, #1611 ) ;
#1482 = CARTESIAN_POINT ( 'NONE',  ( -8.000000000000000000, 11.24999999998999556, 6.000000000000000000 ) ) ;
#1483 = AXIS2_PLACEMENT_3D ( 'NONE', #2685, #1157, #903 ) ;
#1484 = EDGE_LOOP ( 'NONE', ( #4225, #1977, #3236, #3185 ) ) ;
#1485 = DIRECTION ( 'NONE',  ( 0.000000000000000000, 0.000000000000000000, -1.000000000000000000 ) ) ;
#1486 = DIRECTION ( 'NONE',  ( -0.000000000000000000, -0.000000000000000000, 1.000000000000000000 ) ) ;
#1487 = ORIENTED_EDGE ( 'NONE', *, *, #2792, .T. ) ;
#1488 = LINE ( 'NONE', #1135, #1582 ) ;
#1489 = AXIS2_PLACEMENT_3D ( 'NONE', #632, #2066, #3505 ) ;
#1490 = PLANE ( 'NONE',  #2304 ) ;
#1491 = AXIS2_PLACEMENT_3D ( 'NONE', #615, #3773, #542 ) ;
#1492 = DIRECTION ( 'NONE',  ( -0.000000000000000000, 1.000000000000000000, 0.000000000000000000 ) ) ;
#1493 = VERTEX_POINT ( 'NONE', #1037 ) ;
#1494 = LINE ( 'NONE', #740, #3805 ) ;
#1495 = ADVANCED_FACE ( 'NONE', ( #351 ), #4226, .T. ) ;
#1496 = AXIS2_PLACEMENT_3D ( 'NONE', #1696, #1444, #3868 ) ;
#1497 = ORIENTED_EDGE ( 'NONE', *, *, #4372, .T. ) ;
#1498 = VERTEX_POINT ( 'NONE', #995 ) ;
#1499 = VECTOR ( 'NONE', #1599, 1000.000000000000000 ) ;
#1500 = ORIENTED_EDGE ( 'NONE', *, *, #3450, .F. ) ;
#1501 = CARTESIAN_POINT ( 'NONE',  ( 11.96005050634000177, -34.54999999999999716, 10.80000000000000071 ) ) ;
#1502 = CARTESIAN_POINT ( 'NONE',  ( 14.25000000000000000, -2.649999999999999467, 3.899999999999999911 ) ) ;
#1503 = EDGE_CURVE ( 'NONE', #4508, #1682, #1121, .T. ) ;
#1504 = CIRCLE ( 'NONE', #3986, 1.250000000027284841 ) ;
#1505 = DIRECTION ( 'NONE',  ( -0.000000000000000000, 1.000000000000000000, 0.000000000000000000 ) ) ;
#1506 = ORIENTED_EDGE ( 'NONE', *, *, #401, .T. ) ;
#1507 = DIRECTION ( 'NONE',  ( 0.000000000000000000, 0.000000000000000000, 1.000000000000000000 ) ) ;
#1508 = CARTESIAN_POINT ( 'NONE',  ( 10.25000000000000000, 0.000000000000000000, -10.80000000000000071 ) ) ;
#1509 = CARTESIAN_POINT ( 'NONE',  ( -11.96005050634000177, 10.55000000000000071, -10.80000000000000071 ) ) ;
#1510 = ADVANCED_FACE ( 'NONE', ( #800 ), #2257, .T. ) ;
#1511 = PLANE ( 'NONE',  #140 ) ;
#1512 = ORIENTED_EDGE ( 'NONE', *, *, #2822, .T. ) ;
#1513 = AXIS2_PLACEMENT_3D ( 'NONE', #1615, #2976, #1256 ) ;
#1514 = DIRECTION ( 'NONE',  ( 0.7071067811865475727, -0.7071067811865475727, 0.000000000000000000 ) ) ;
#1515 = DIRECTION ( 'NONE',  ( 0.000000000000000000, 0.000000000000000000, 1.000000000000000000 ) ) ;
#1516 = DIRECTION ( 'NONE',  ( -0.000000000000000000, -1.000000000000000000, -0.000000000000000000 ) ) ;
#1517 = VERTEX_POINT ( 'NONE', #2605 ) ;
#1518 = FACE_OUTER_BOUND ( 'NONE', #4123, .T. ) ;
#1519 = ORIENTED_EDGE ( 'NONE', *, *, #4407, .T. ) ;
#1520 = ORIENTED_EDGE ( 'NONE', *, *, #2582, .T. ) ;
#1521 = ORIENTED_EDGE ( 'NONE', *, *, #3372, .F. ) ;
#1522 = PLANE ( 'NONE',  #890 ) ;
#1523 = CARTESIAN_POINT ( 'NONE',  ( 14.04999999994061000, -4.000000000000000000, 6.000000000000000000 ) ) ;
#1524 = DIRECTION ( 'NONE',  ( 1.000000000000000000, 0.000000000000000000, 0.000000000000000000 ) ) ;
#1525 = DIRECTION ( 'NONE',  ( 1.000000000000000000, 0.000000000000000000, 0.000000000000000000 ) ) ;
#1526 = VECTOR ( 'NONE', #2130, 1000.000000000000000 ) ;
#1527 = EDGE_CURVE ( 'NONE', #4171, #3112, #36, .T. ) ;
#1528 = EDGE_CURVE ( 'NONE', #3517, #30, #4335, .T. ) ;
#1529 = ORIENTED_EDGE ( 'NONE', *, *, #1067, .T. ) ;
#1530 = DIRECTION ( 'NONE',  ( 0.000000000000000000, -0.000000000000000000, 1.000000000000000000 ) ) ;
#1531 = CARTESIAN_POINT ( 'NONE',  ( -14.25000000000000000, -5.349999999999999645, 3.899999999999999911 ) ) ;
#1532 = ORIENTED_EDGE ( 'NONE', *, *, #4640, .F. ) ;
#1533 = EDGE_CURVE ( 'NONE', #553, #1383, #828, .T. ) ;
#1534 = DIRECTION ( 'NONE',  ( -0.000000000000000000, -1.000000000000000000, 0.000000000000000000 ) ) ;
#1535 = CARTESIAN_POINT ( 'NONE',  ( 12.24999999999999822, 11.25000000000000000, 11.50000000000000355 ) ) ;
#1536 = PLANE ( 'NONE',  #2392 ) ;
#1537 = VERTEX_POINT ( 'NONE', #3672 ) ;
#1538 = FACE_OUTER_BOUND ( 'NONE', #2053, .T. ) ;
#1539 = ORIENTED_EDGE ( 'NONE', *, *, #3999, .F. ) ;
#1540 = VERTEX_POINT ( 'NONE', #2873 ) ;
#1541 = CARTESIAN_POINT ( 'NONE',  ( -14.25000000000000000, -33.25000000000000000, 11.50000000000000000 ) ) ;
#1542 = EDGE_LOOP ( 'NONE', ( #3265, #116 ) ) ;
#1543 = DIRECTION ( 'NONE',  ( 0.000000000000000000, -0.000000000000000000, -1.000000000000000000 ) ) ;
#1544 = FACE_BOUND ( 'NONE', #2658, .T. ) ;
#1545 = DIRECTION ( 'NONE',  ( 0.000000000000000000, -0.000000000000000000, 1.000000000000000000 ) ) ;
#1546 = VECTOR ( 'NONE', #3638, 1000.000000000000000 ) ;
#1547 = ORIENTED_EDGE ( 'NONE', *, *, #3106, .F. ) ;
#1548 = DIRECTION ( 'NONE',  ( 0.000000000000000000, -0.000000000000000000, -1.000000000000000000 ) ) ;
#1549 = AXIS2_PLACEMENT_3D ( 'NONE', #3139, #1308, #2431 ) ;
#1550 = CARTESIAN_POINT ( 'NONE',  ( -14.25000000000000000, -2.649999999999999911, 3.899999999999999911 ) ) ;
#1551 = EDGE_CURVE ( 'NONE', #3724, #1346, #2919, .T. ) ;
#1552 = EDGE_CURVE ( 'NONE', #2010, #1836, #1834, .T. ) ;
#1553 = VECTOR ( 'NONE', #1748, 1000.000000000000000 ) ;
#1554 = VERTEX_POINT ( 'NONE', #3337 ) ;
#1555 = CARTESIAN_POINT ( 'NONE',  ( -8.000000000000000000, -31.25000000000000000, 4.949999999999999289 ) ) ;
#1556 = CONICAL_SURFACE ( 'NONE', #732, 1.249999999884949142, 0.7853981633974482790 ) ;
#1557 = DIRECTION ( 'NONE',  ( -1.000000000000000000, 0.000000000000000000, -0.000000000000000000 ) ) ;
#1558 = EDGE_CURVE ( 'NONE', #2409, #3317, #3285, .T. ) ;
#1559 = ORIENTED_EDGE ( 'NONE', *, *, #572, .T. ) ;
#1560 = CARTESIAN_POINT ( 'NONE',  ( -8.000000000000000000, -35.24999999993406163, 6.000000000000000000 ) ) ;
#1561 = ORIENTED_EDGE ( 'NONE', *, *, #2074, .F. ) ;
#1562 = DIRECTION ( 'NONE',  ( -1.000000000000000000, -0.000000000000000000, -0.000000000000000000 ) ) ;
#1563 = VECTOR ( 'NONE', #4476, 1000.000000000000000 ) ;
#1564 = CARTESIAN_POINT ( 'NONE',  ( 13.55000000000000071, -32.96005050634000355, -10.80000000000000071 ) ) ;
#1565 = LINE ( 'NONE', #3403, #3232 ) ;
#1566 = ORIENTED_EDGE ( 'NONE', *, *, #3697, .F. ) ;
#1567 = VECTOR ( 'NONE', #4583, 1000.000000000000000 ) ;
#1568 = ORIENTED_EDGE ( 'NONE', *, *, #2508, .T. ) ;
#1569 = CARTESIAN_POINT ( 'NONE',  ( -10.25000000000000000, -2.649999999999999911, 3.900000000000000355 ) ) ;
#1570 = FACE_OUTER_BOUND ( 'NONE', #1986, .T. ) ;
#1571 = LINE ( 'NONE', #4527, #117 ) ;
#1572 = LINE ( 'NONE', #4457, #240 ) ;
#1573 = VECTOR ( 'NONE', #3412, 1000.000000000000000 ) ;
#1574 = VERTEX_POINT ( 'NONE', #2536 ) ;
#1575 = VECTOR ( 'NONE', #513, 1000.000000000000114 ) ;
#1576 = CARTESIAN_POINT ( 'NONE',  ( -14.24999999989040589, -4.000000000000000000, 7.249999999884948920 ) ) ;
#1577 = CIRCLE ( 'NONE', #2772, 1.249999999970441422 ) ;
#1578 = FACE_OUTER_BOUND ( 'NONE', #2100, .T. ) ;
#1579 = ORIENTED_EDGE ( 'NONE', *, *, #4356, .T. ) ;
#1580 = LINE ( 'NONE', #4099, #1803 ) ;
#1581 = DIRECTION ( 'NONE',  ( 0.000000000000000000, 0.000000000000000000, -1.000000000000000000 ) ) ;
#1582 = VECTOR ( 'NONE', #1799, 1000.000000000000114 ) ;
#1583 = EDGE_LOOP ( 'NONE', ( #1683, #1497, #2433, #4487 ) ) ;
#1584 = CARTESIAN_POINT ( 'NONE',  ( -10.25000000000000000, -4.349999999999999645, 3.899999999999999911 ) ) ;
#1585 = PLANE ( 'NONE',  #739 ) ;
#1586 = DIRECTION ( 'NONE',  ( 0.000000000000000000, 0.000000000000000000, -1.000000000000000000 ) ) ;
#1587 = ADVANCED_FACE ( 'NONE', ( #3626 ), #4132, .F. ) ;
#1588 = ADVANCED_FACE ( 'NONE', ( #1084 ), #3605, .T. ) ;
#1589 = LINE ( 'NONE', #883, #3353 ) ;
#1590 = CARTESIAN_POINT ( 'NONE',  ( 10.25000000000000000, -4.000000000000000000, 7.050000000000000711 ) ) ;
#1591 = CARTESIAN_POINT ( 'NONE',  ( 8.000000000000000000, -35.25000000000000000, 6.000000000000000000 ) ) ;
#1592 = ORIENTED_EDGE ( 'NONE', *, *, #1274, .F. ) ;
#1593 = ADVANCED_FACE ( 'NONE', ( #729 ), #2163, .T. ) ;
#1594 = ORIENTED_EDGE ( 'NONE', *, *, #3528, .T. ) ;
#1595 = CARTESIAN_POINT ( 'NONE',  ( -13.55000000000000071, -32.96005050634000355, -11.50000000000000000 ) ) ;
#1596 = CARTESIAN_POINT ( 'NONE',  ( 14.24999999989040589, -28.00000000000000000, 6.000000000000000000 ) ) ;
#1597 = LINE ( 'NONE', #2347, #500 ) ;
#1598 = VERTEX_POINT ( 'NONE', #2963 ) ;
#1599 = DIRECTION ( 'NONE',  ( -0.000000000000000000, 1.000000000000000000, 0.000000000000000000 ) ) ;
#1600 = LINE ( 'NONE', #1295, #3759 ) ;
#1601 = VECTOR ( 'NONE', #2567, 1000.000000000000000 ) ;
#1602 = VERTEX_POINT ( 'NONE', #17 ) ;
#1603 = AXIS2_PLACEMENT_3D ( 'NONE', #1096, #3692, #459 ) ;
#1604 = EDGE_CURVE ( 'NONE', #3336, #3317, #2561, .T. ) ;
#1605 = ORIENTED_EDGE ( 'NONE', *, *, #1358, .T. ) ;
#1606 = FACE_OUTER_BOUND ( 'NONE', #2824, .T. ) ;
#1607 = DIRECTION ( 'NONE',  ( -0.000000000000000000, 0.000000000000000000, -1.000000000000000000 ) ) ;
#1608 = ORIENTED_EDGE ( 'NONE', *, *, #3128, .F. ) ;
#1609 = CARTESIAN_POINT ( 'NONE',  ( -8.349999999999999645, -8.900000000000000355, -4.700000000000000178 ) ) ;
#1610 = DIRECTION ( 'NONE',  ( 0.000000000000000000, -0.000000000000000000, -1.000000000000000000 ) ) ;
#1611 = DIRECTION ( 'NONE',  ( 0.000000000000000000, -0.000000000000000000, 1.000000000000000000 ) ) ;
#1612 = LINE ( 'NONE', #1233, #4313 ) ;
#1613 = EDGE_CURVE ( 'NONE', #2440, #438, #216, .T. ) ;
#1614 = EDGE_CURVE ( 'NONE', #540, #1475, #3262, .T. ) ;
#1615 = CARTESIAN_POINT ( 'NONE',  ( -10.25000000000000000, 0.000000000000000000, -10.80000000000000071 ) ) ;
#1616 = ORIENTED_EDGE ( 'NONE', *, *, #3982, .T. ) ;
#1617 = ORIENTED_EDGE ( 'NONE', *, *, #2932, .F. ) ;
#1618 = LINE ( 'NONE', #4068, #3899 ) ;
#1619 = DIRECTION ( 'NONE',  ( 0.000000000000000000, 0.000000000000000000, -1.000000000000000000 ) ) ;
#1620 = DIRECTION ( 'NONE',  ( -0.000000000000000000, 1.000000000000000000, -0.000000000000000000 ) ) ;
#1621 = ADVANCED_FACE ( 'NONE', ( #3647 ), #60, .F. ) ;
#1622 = CARTESIAN_POINT ( 'NONE',  ( -14.25000000000000000, -29.35000000000000142, -3.899999999999999911 ) ) ;
#1623 = ORIENTED_EDGE ( 'NONE', *, *, #3106, .T. ) ;
#1624 = DIRECTION ( 'NONE',  ( 1.000000000000000000, -0.000000000000000000, -0.000000000000000000 ) ) ;
#1625 = DIRECTION ( 'NONE',  ( 0.000000000000000000, 0.000000000000000000, -1.000000000000000000 ) ) ;
#1626 = ORIENTED_EDGE ( 'NONE', *, *, #1957, .F. ) ;
#1627 = VECTOR ( 'NONE', #3451, 1000.000000000000114 ) ;
#1628 = ORIENTED_EDGE ( 'NONE', *, *, #2683, .F. ) ;
#1629 = DIRECTION ( 'NONE',  ( 0.000000000000000000, 0.000000000000000000, -1.000000000000000000 ) ) ;
#1630 = DIRECTION ( 'NONE',  ( 1.000000000000000000, 0.000000000000000000, 0.000000000000000000 ) ) ;
#1631 = VECTOR ( 'NONE', #1680, 1000.000000000000000 ) ;
#1632 = ORIENTED_EDGE ( 'NONE', *, *, #1989, .F. ) ;
#1633 = CARTESIAN_POINT ( 'NONE',  ( -14.24999999997544364, -28.00000000000000000, -4.750000000029558578 ) ) ;
#1634 = LINE ( 'NONE', #3025, #3657 ) ;
#1635 = FACE_OUTER_BOUND ( 'NONE', #300, .T. ) ;
#1636 = FACE_OUTER_BOUND ( 'NONE', #3182, .T. ) ;
#1637 = ORIENTED_EDGE ( 'NONE', *, *, #3034, .F. ) ;
#1638 = ORIENTED_EDGE ( 'NONE', *, *, #6, .F. ) ;
#1639 = ADVANCED_FACE ( 'NONE', ( #2939 ), #3609, .F. ) ;
#1640 = CARTESIAN_POINT ( 'NONE',  ( 8.000000000000000000, 11.24999999998999556, 4.750000000029558578 ) ) ;
#1641 = EDGE_CURVE ( 'NONE', #1848, #4168, #3433, .T. ) ;
#1642 = CARTESIAN_POINT ( 'NONE',  ( 6.650000000000000355, -35.25000000000000000, -3.899999999999999911 ) ) ;
#1643 = LINE ( 'NONE', #3740, #3589 ) ;
#1644 = AXIS2_PLACEMENT_3D ( 'NONE', #2131, #2611, #3570 ) ;
#1645 = ORIENTED_EDGE ( 'NONE', *, *, #3603, .F. ) ;
#1646 = EDGE_CURVE ( 'NONE', #2735, #4125, #3014, .T. ) ;
#1647 = DIRECTION ( 'NONE',  ( -0.000000000000000000, -1.000000000000000000, 0.000000000000000000 ) ) ;
#1648 = DIRECTION ( 'NONE',  ( 0.000000000000000000, -1.000000000000000000, 0.000000000000000000 ) ) ;
#1649 = AXIS2_PLACEMENT_3D ( 'NONE', #2439, #4262, #2768 ) ;
#1650 = ORIENTED_EDGE ( 'NONE', *, *, #423, .F. ) ;
#1651 = AXIS2_PLACEMENT_3D ( 'NONE', #1085, #1752, #2496 ) ;
#1652 = VECTOR ( 'NONE', #2743, 1000.000000000000000 ) ;
#1653 = ORIENTED_EDGE ( 'NONE', *, *, #768, .F. ) ;
#1654 = EDGE_CURVE ( 'NONE', #2759, #2904, #1973, .T. ) ;
#1655 = DIRECTION ( 'NONE',  ( 0.000000000000000000, 0.000000000000000000, -1.000000000000000000 ) ) ;
#1656 = CIRCLE ( 'NONE', #2973, 1.049999999935153250 ) ;
#1657 = VERTEX_POINT ( 'NONE', #2350 ) ;
#1658 = CARTESIAN_POINT ( 'NONE',  ( 11.96005050634000177, 10.55000000000000071, 11.50000000000000000 ) ) ;
#1659 = CARTESIAN_POINT ( 'NONE',  ( -8.349999999999999645, -31.25000000000000000, 3.899999999999999911 ) ) ;
#1660 = LINE ( 'NONE', #4541, #3033 ) ;
#1661 = ORIENTED_EDGE ( 'NONE', *, *, #3798, .T. ) ;
#1662 = VERTEX_POINT ( 'NONE', #2326 ) ;
#1663 = ADVANCED_FACE ( 'NONE', ( #3390 ), #537, .T. ) ;
#1664 = ORIENTED_EDGE ( 'NONE', *, *, #455, .T. ) ;
#1665 = CARTESIAN_POINT ( 'NONE',  ( 10.25000000000000000, 0.000000000000000000, -10.80000000000000071 ) ) ;
#1666 = DIRECTION ( 'NONE',  ( 0.000000000000000000, -0.7071067810860616198, -0.7071067812870334146 ) ) ;
#1667 = CARTESIAN_POINT ( 'NONE',  ( 14.25000000000000000, -2.649999999999999911, 3.899999999999999911 ) ) ;
#1668 = CARTESIAN_POINT ( 'NONE',  ( -8.000000000000000000, -35.24999999993360689, -6.000000000000000000 ) ) ;
#1669 = ORIENTED_EDGE ( 'NONE', *, *, #352, .T. ) ;
#1670 = DIRECTION ( 'NONE',  ( -0.7071067811865474617, -0.7071067811865474617, -0.000000000000000000 ) ) ;
#1671 = FACE_OUTER_BOUND ( 'NONE', #1078, .T. ) ;
#1672 = EDGE_CURVE ( 'NONE', #3027, #4180, #1577, .T. ) ;
#1673 = VERTEX_POINT ( 'NONE', #559 ) ;
#1674 = ORIENTED_EDGE ( 'NONE', *, *, #3193, .F. ) ;
#1675 = AXIS2_PLACEMENT_3D ( 'NONE', #675, #649, #2761 ) ;
#1676 = CARTESIAN_POINT ( 'NONE',  ( 0.000000000000000000, -31.25000000000000000, -10.80000000000000071 ) ) ;
#1677 = EDGE_CURVE ( 'NONE', #3873, #2718, #2278, .T. ) ;
#1678 = ORIENTED_EDGE ( 'NONE', *, *, #2853, .F. ) ;
#1679 = CARTESIAN_POINT ( 'NONE',  ( -8.000000000000000000, -31.25000000000000000, -4.949999999999999289 ) ) ;
#1680 = DIRECTION ( 'NONE',  ( -0.000000000000000000, -0.000000000000000000, -1.000000000000000000 ) ) ;
#1681 = LINE ( 'NONE', #4256, #2198 ) ;
#1682 = VERTEX_POINT ( 'NONE', #4459 ) ;
#1683 = ORIENTED_EDGE ( 'NONE', *, *, #1266, .T. ) ;
#1684 = DIRECTION ( 'NONE',  ( 0.000000000000000000, -1.000000000000000000, 0.000000000000000000 ) ) ;
#1685 = ORIENTED_EDGE ( 'NONE', *, *, #4004, .F. ) ;
#1686 = DIRECTION ( 'NONE',  ( 8.659560562354932858E-17, 0.7071067811865474617, -0.7071067811865474617 ) ) ;
#1687 = LINE ( 'NONE', #3171, #2745 ) ;
#1688 = LINE ( 'NONE', #2488, #4223 ) ;
#1689 = DIRECTION ( 'NONE',  ( 0.000000000000000000, 0.000000000000000000, -1.000000000000000000 ) ) ;
#1690 = EDGE_LOOP ( 'NONE', ( #742, #671, #4424, #3847 ) ) ;
#1691 = FACE_BOUND ( 'NONE', #1205, .T. ) ;
#1692 = CARTESIAN_POINT ( 'NONE',  ( 14.25000000000000000, -26.64999999999999858, -3.899999999999999911 ) ) ;
#1693 = VERTEX_POINT ( 'NONE', #1294 ) ;
#1694 = VERTEX_POINT ( 'NONE', #1923 ) ;
#1695 = PLANE ( 'NONE',  #2775 ) ;
#1696 = CARTESIAN_POINT ( 'NONE',  ( -10.25000000000000000, 0.000000000000000000, -10.80000000000000071 ) ) ;
#1697 = CIRCLE ( 'NONE', #4104, 1.049999999935153250 ) ;
#1698 = ORIENTED_EDGE ( 'NONE', *, *, #167, .T. ) ;
#1699 = LINE ( 'NONE', #931, #970 ) ;
#1700 = EDGE_CURVE ( 'NONE', #3865, #1893, #206, .T. ) ;
#1701 = CARTESIAN_POINT ( 'NONE',  ( 14.25000000000000000, -33.25000000000000000, -10.80000000000000071 ) ) ;
#1702 = CARTESIAN_POINT ( 'NONE',  ( -12.75000000000000178, 0.000000000000000000, -10.80000000000000071 ) ) ;
#1703 = EDGE_LOOP ( 'NONE', ( #2938, #997, #3382, #4608 ) ) ;
#1704 = AXIS2_PLACEMENT_3D ( 'NONE', #1769, #3155, #3197 ) ;
#1705 = VERTEX_POINT ( 'NONE', #3083 ) ;
#1706 = FACE_OUTER_BOUND ( 'NONE', #764, .T. ) ;
#1707 = ORIENTED_EDGE ( 'NONE', *, *, #4159, .F. ) ;
#1708 = CARTESIAN_POINT ( 'NONE',  ( -8.000000000000000000, 11.25000000000000000, 7.050000000000000711 ) ) ;
#1709 = EDGE_CURVE ( 'NONE', #2199, #3343, #1221, .T. ) ;
#1710 = CARTESIAN_POINT ( 'NONE',  ( 8.000000000000000000, -35.25000000007594281, 6.000000000000000000 ) ) ;
#1711 = LINE ( 'NONE', #3502, #223 ) ;
#1712 = CARTESIAN_POINT ( 'NONE',  ( 13.55000000000000071, -32.96005050634000355, -10.80000000000000071 ) ) ;
#1713 = VECTOR ( 'NONE', #1124, 1000.000000000000000 ) ;
#1714 = VERTEX_POINT ( 'NONE', #4529 ) ;
#1715 = CARTESIAN_POINT ( 'NONE',  ( 13.55000000000000071, 8.960050506339001686, 10.80000000000000071 ) ) ;
#1716 = CARTESIAN_POINT ( 'NONE',  ( 10.25000000000000000, -28.35000000000000497, 3.899999999999999911 ) ) ;
#1717 = CARTESIAN_POINT ( 'NONE',  ( -10.25000000000000000, -28.35000000000000497, 3.899999999999999911 ) ) ;
#1718 = VECTOR ( 'NONE', #2377, 1000.000000000000000 ) ;
#1719 = CONICAL_SURFACE ( 'NONE', #1491, 1.249999999885403446, 0.7853981633974482790 ) ;
#1720 = ORIENTED_EDGE ( 'NONE', *, *, #607, .T. ) ;
#1721 = ORIENTED_EDGE ( 'NONE', *, *, #2853, .T. ) ;
#1722 = CARTESIAN_POINT ( 'NONE',  ( 8.349999999999999645, -35.25000000000000000, 3.899999999999999911 ) ) ;
#1723 = EDGE_CURVE ( 'NONE', #30, #2108, #1197, .T. ) ;
#1724 = CARTESIAN_POINT ( 'NONE',  ( -11.96005050634000355, -34.54999999999999716, -11.50000000000000000 ) ) ;
#1725 = AXIS2_PLACEMENT_3D ( 'NONE', #942, #2370, #3814 ) ;
#1726 = ORIENTED_EDGE ( 'NONE', *, *, #4348, .T. ) ;
#1727 = LINE ( 'NONE', #1658, #2687 ) ;
#1728 = VECTOR ( 'NONE', #3976, 1000.000000000000114 ) ;
#1729 = AXIS2_PLACEMENT_3D ( 'NONE', #2572, #148, #2622 ) ;
#1730 = CARTESIAN_POINT ( 'NONE',  ( -14.25000000000000000, -5.349999999999999645, 3.899999999999999911 ) ) ;
#1731 = CARTESIAN_POINT ( 'NONE',  ( -14.25000000000000000, -3.649999999999999911, -3.899999999999999911 ) ) ;
#1732 = VERTEX_POINT ( 'NONE', #4169 ) ;
#1733 = ADVANCED_FACE ( 'NONE', ( #941 ), #2172, .F. ) ;
#1734 = ORIENTED_EDGE ( 'NONE', *, *, #2248, .F. ) ;
#1735 = ADVANCED_FACE ( 'NONE', ( #4480 ), #829, .F. ) ;
#1736 = DIRECTION ( 'NONE',  ( 0.000000000000000000, 0.000000000000000000, -1.000000000000000000 ) ) ;
#1737 = DIRECTION ( 'NONE',  ( 0.000000000000000000, 0.000000000000000000, -1.000000000000000000 ) ) ;
#1738 = AXIS2_PLACEMENT_3D ( 'NONE', #987, #698, #604 ) ;
#1739 = CARTESIAN_POINT ( 'NONE',  ( 14.25000000000000000, -4.349999999999999645, 3.899999999999999911 ) ) ;
#1740 = CARTESIAN_POINT ( 'NONE',  ( 10.25000000000000000, -27.64999999999999858, -3.899999999999999911 ) ) ;
#1741 = VERTEX_POINT ( 'NONE', #4119 ) ;
#1742 = ADVANCED_FACE ( 'NONE', ( #3812 ), #3363, .T. ) ;
#1743 = AXIS2_PLACEMENT_3D ( 'NONE', #2692, #1087, #2858 ) ;
#1744 = CARTESIAN_POINT ( 'NONE',  ( -10.25000000000000000, -4.000000000000000000, 6.000000000000000000 ) ) ;
#1745 = VERTEX_POINT ( 'NONE', #2989 ) ;
#1746 = DIRECTION ( 'NONE',  ( 0.000000000000000000, 0.000000000000000000, 1.000000000000000000 ) ) ;
#1747 = LINE ( 'NONE', #1692, #2253 ) ;
#1748 = DIRECTION ( 'NONE',  ( -0.000000000000000000, 0.000000000000000000, 1.000000000000000000 ) ) ;
#1749 = CARTESIAN_POINT ( 'NONE',  ( -13.54999999999999893, -32.96005050634000355, 11.50000000000000000 ) ) ;
#1750 = EDGE_LOOP ( 'NONE', ( #386, #3851, #1272, #479 ) ) ;
#1751 = CARTESIAN_POINT ( 'NONE',  ( 8.000000000000000000, 11.24999999990450306, 7.249999999884948920 ) ) ;
#1752 = DIRECTION ( 'NONE',  ( 0.000000000000000000, -1.000000000000000000, 0.000000000000000000 ) ) ;
#1753 = ORIENTED_EDGE ( 'NONE', *, *, #227, .T. ) ;
#1754 = CARTESIAN_POINT ( 'NONE',  ( -10.25000000000000000, -26.64999999999999858, -3.899999999999999911 ) ) ;
#1755 = LINE ( 'NONE', #1659, #1631 ) ;
#1756 = VECTOR ( 'NONE', #4403, 1000.000000000000000 ) ;
#1757 = ORIENTED_EDGE ( 'NONE', *, *, #3111, .T. ) ;
#1758 = VERTEX_POINT ( 'NONE', #4431 ) ;
#1759 = CARTESIAN_POINT ( 'NONE',  ( -14.25000000000000000, -29.35000000000000142, -3.899999999999999911 ) ) ;
#1760 = CARTESIAN_POINT ( 'NONE',  ( 14.25000000000000000, -33.25000000000000000, 11.50000000000000533 ) ) ;
#1761 = ADVANCED_FACE ( 'NONE', ( #4073 ), #3293, .F. ) ;
#1762 = EDGE_CURVE ( 'NONE', #1896, #3641, #130, .T. ) ;
#1763 = DIRECTION ( 'NONE',  ( 0.000000000000000000, -1.000000000000000000, 0.000000000000000000 ) ) ;
#1764 = FACE_OUTER_BOUND ( 'NONE', #1463, .T. ) ;
#1765 = ORIENTED_EDGE ( 'NONE', *, *, #4556, .F. ) ;
#1766 = CARTESIAN_POINT ( 'NONE',  ( -6.650000000000000355, -31.25000000000000000, -3.899999999999999911 ) ) ;
#1767 = DIRECTION ( 'NONE',  ( 0.000000000000000000, -1.000000000000000000, 0.000000000000000000 ) ) ;
#1768 = EDGE_CURVE ( 'NONE', #4466, #3690, #4517, .T. ) ;
#1769 = CARTESIAN_POINT ( 'NONE',  ( 8.000000000000000000, -31.25000000000000000, 6.000000000000000000 ) ) ;
#1770 = DIRECTION ( 'NONE',  ( 0.000000000000000000, 0.000000000000000000, 1.000000000000000000 ) ) ;
#1771 = VERTEX_POINT ( 'NONE', #3929 ) ;
#1772 = DIRECTION ( 'NONE',  ( -1.000000000000000000, 0.000000000000000000, -0.000000000000000000 ) ) ;
#1773 = DIRECTION ( 'NONE',  ( 0.000000000000000000, 1.000000000000000000, 0.000000000000000000 ) ) ;
#1774 = ORIENTED_EDGE ( 'NONE', *, *, #404, .T. ) ;
#1775 = CARTESIAN_POINT ( 'NONE',  ( 12.25000000000000000, 11.25000000000000000, -11.50000000000000000 ) ) ;
#1776 = DIRECTION ( 'NONE',  ( -0.000000000000000000, -1.000000000000000000, -0.000000000000000000 ) ) ;
#1777 = ORIENTED_EDGE ( 'NONE', *, *, #842, .T. ) ;
#1778 = AXIS2_PLACEMENT_3D ( 'NONE', #1739, #319, #2839 ) ;
#1779 = LINE ( 'NONE', #4391, #2237 ) ;
#1780 = LINE ( 'NONE', #4661, #2831 ) ;
#1781 = CARTESIAN_POINT ( 'NONE',  ( 8.000000000000000000, -35.24999999999090505, 6.000000000000000000 ) ) ;
#1782 = VECTOR ( 'NONE', #784, 1000.000000000000114 ) ;
#1783 = EDGE_CURVE ( 'NONE', #4234, #1119, #3457, .T. ) ;
#1784 = DIRECTION ( 'NONE',  ( -1.000000000000000000, 0.000000000000000000, -0.000000000000000000 ) ) ;
#1785 = EDGE_CURVE ( 'NONE', #123, #856, #3558, .T. ) ;
#1786 = EDGE_LOOP ( 'NONE', ( #4144, #2930, #4353, #2693 ) ) ;
#1787 = CARTESIAN_POINT ( 'NONE',  ( 8.000000000000000000, 11.25000000000000000, 7.050000000000000711 ) ) ;
#1788 = AXIS2_PLACEMENT_3D ( 'NONE', #2261, #473, #4486 ) ;
#1789 = CARTESIAN_POINT ( 'NONE',  ( -14.24999999997544364, -4.000000000000000000, -7.249999999970441422 ) ) ;
#1790 = CYLINDRICAL_SURFACE ( 'NONE', #882, 1.050000000000000488 ) ;
#1791 = EDGE_CURVE ( 'NONE', #3169, #1694, #2819, .T. ) ;
#1792 = EDGE_CURVE ( 'NONE', #3993, #2717, #1391, .T. ) ;
#1793 = VERTEX_POINT ( 'NONE', #3882 ) ;
#1794 = DIRECTION ( 'NONE',  ( 0.000000000000000000, 1.000000000000000000, 0.000000000000000000 ) ) ;
#1795 = DIRECTION ( 'NONE',  ( 0.000000000000000000, -0.000000000000000000, 1.000000000000000000 ) ) ;
#1796 = VECTOR ( 'NONE', #722, 1000.000000000000000 ) ;
#1797 = AXIS2_PLACEMENT_3D ( 'NONE', #2589, #451, #499 ) ;
#1798 = ORIENTED_EDGE ( 'NONE', *, *, #4642, .T. ) ;
#1799 = DIRECTION ( 'NONE',  ( 0.7071067811865474617, 0.000000000000000000, -0.7071067811865474617 ) ) ;
#1800 = EDGE_CURVE ( 'NONE', #263, #2579, #2091, .T. ) ;
#1801 = DIRECTION ( 'NONE',  ( 0.000000000000000000, 0.000000000000000000, -1.000000000000000000 ) ) ;
#1802 = EDGE_LOOP ( 'NONE', ( #1512, #4542 ) ) ;
#1803 = VECTOR ( 'NONE', #877, 1000.000000000000000 ) ;
#1804 = CARTESIAN_POINT ( 'NONE',  ( -14.24999999989040589, -4.000000000000000000, 4.750000000115051080 ) ) ;
#1805 = EDGE_LOOP ( 'NONE', ( #1350, #4563 ) ) ;
#1806 = EDGE_LOOP ( 'NONE', ( #3131, #3447, #4389, #3801 ) ) ;
#1807 = CARTESIAN_POINT ( 'NONE',  ( 12.25000000000000000, 11.25000000000000000, -10.80000000000000071 ) ) ;
#1808 = AXIS2_PLACEMENT_3D ( 'NONE', #2113, #2886, #4034 ) ;
#1809 = VERTEX_POINT ( 'NONE', #656 ) ;
#1810 = LINE ( 'NONE', #4379, #4429 ) ;
#1811 = DIRECTION ( 'NONE',  ( 0.000000000000000000, -1.000000000000000000, 0.000000000000000000 ) ) ;
#1812 = CARTESIAN_POINT ( 'NONE',  ( -8.349999999999999645, -35.25000000000000000, 3.899999999999999911 ) ) ;
#1813 = CARTESIAN_POINT ( 'NONE',  ( 6.650000000000000355, -35.25000000000000000, -3.899999999999999911 ) ) ;
#1814 = AXIS2_PLACEMENT_3D ( 'NONE', #1043, #2498, #4320 ) ;
#1815 = ORIENTED_EDGE ( 'NONE', *, *, #431, .F. ) ;
#1816 = DIRECTION ( 'NONE',  ( -0.7071067811865474617, 0.7071067811865474617, 0.000000000000000000 ) ) ;
#1817 = DIRECTION ( 'NONE',  ( 1.000000000000000000, 0.000000000000000000, 0.000000000000000000 ) ) ;
#1818 = ADVANCED_FACE ( 'NONE', ( #1691, #608, #3194, #3533, #2395, #2491, #2045, #3175, #4264 ), #3481, .T. ) ;
#1819 = ORIENTED_EDGE ( 'NONE', *, *, #1213, .T. ) ;
#1820 = CARTESIAN_POINT ( 'NONE',  ( 14.25000000000000000, -26.64999999999999858, -3.899999999999999911 ) ) ;
#1821 = CARTESIAN_POINT ( 'NONE',  ( -11.96005050634000177, 10.55000000000000071, -11.50000000000000000 ) ) ;
#1822 = EDGE_CURVE ( 'NONE', #2718, #1602, #1342, .T. ) ;
#1823 = ORIENTED_EDGE ( 'NONE', *, *, #2042, .T. ) ;
#1824 = VECTOR ( 'NONE', #4358, 1000.000000000000000 ) ;
#1825 = CARTESIAN_POINT ( 'NONE',  ( -14.25000000000000000, -28.35000000000000497, 3.899999999999999911 ) ) ;
#1826 = ORIENTED_EDGE ( 'NONE', *, *, #887, .F. ) ;
#1827 = ORIENTED_EDGE ( 'NONE', *, *, #897, .T. ) ;
#1828 = ORIENTED_EDGE ( 'NONE', *, *, #4117, .F. ) ;
#1829 = CARTESIAN_POINT ( 'NONE',  ( 11.96005050634000177, -34.54999999999999716, 11.50000000000000000 ) ) ;
#1830 = FACE_BOUND ( 'NONE', #1805, .T. ) ;
#1831 = CARTESIAN_POINT ( 'NONE',  ( -14.25000000000000000, -2.649999999999999911, 3.899999999999999911 ) ) ;
#1832 = CARTESIAN_POINT ( 'NONE',  ( 13.55000000000000071, 8.960050506339001686, 10.80000000000000071 ) ) ;
#1833 = EDGE_LOOP ( 'NONE', ( #1911, #541, #3426, #205, #11, #384, #4093, #3767 ) ) ;
#1834 = LINE ( 'NONE', #4361, #3007 ) ;
#1835 = CARTESIAN_POINT ( 'NONE',  ( 14.25000000000000000, -3.650000000000000355, 3.899999999999999911 ) ) ;
#1836 = VERTEX_POINT ( 'NONE', #2116 ) ;
#1837 = DIRECTION ( 'NONE',  ( 0.000000000000000000, 0.000000000000000000, -1.000000000000000000 ) ) ;
#1838 = EDGE_CURVE ( 'NONE', #3969, #2717, #2845, .T. ) ;
#1839 = EDGE_CURVE ( 'NONE', #3733, #3630, #4288, .T. ) ;
#1840 = CARTESIAN_POINT ( 'NONE',  ( -12.75000000000000178, -19.30000000000000071, -4.700000000000000178 ) ) ;
#1841 = LINE ( 'NONE', #3022, #1895 ) ;
#1842 = ORIENTED_EDGE ( 'NONE', *, *, #3143, .T. ) ;
#1843 = FACE_OUTER_BOUND ( 'NONE', #3096, .T. ) ;
#1844 = DIRECTION ( 'NONE',  ( 0.000000000000000000, -0.000000000000000000, -1.000000000000000000 ) ) ;
#1845 = ORIENTED_EDGE ( 'NONE', *, *, #1948, .F. ) ;
#1846 = VECTOR ( 'NONE', #3968, 1000.000000000000000 ) ;
#1847 = ORIENTED_EDGE ( 'NONE', *, *, #4207, .T. ) ;
#1848 = VERTEX_POINT ( 'NONE', #3838 ) ;
#1849 = CARTESIAN_POINT ( 'NONE',  ( 10.25000000000000000, -28.00000000000000000, -6.000000000000000000 ) ) ;
#1850 = CARTESIAN_POINT ( 'NONE',  ( 10.25000000000000000, -2.649999999999999911, -3.899999999999999911 ) ) ;
#1851 = AXIS2_PLACEMENT_3D ( 'NONE', #2406, #3799, #239 ) ;
#1852 = DIRECTION ( 'NONE',  ( -1.000000000000000000, 0.000000000000000000, -0.000000000000000000 ) ) ;
#1853 = LINE ( 'NONE', #2228, #2878 ) ;
#1854 = CONICAL_SURFACE ( 'NONE', #1788, 1.249999999884949142, 0.7853981633974482790 ) ;
#1855 = ORIENTED_EDGE ( 'NONE', *, *, #1465, .T. ) ;
#1856 = DIRECTION ( 'NONE',  ( -1.000000000000000000, 0.000000000000000000, 0.000000000000000000 ) ) ;
#1857 = LINE ( 'NONE', #1107, #3680 ) ;
#1858 = CARTESIAN_POINT ( 'NONE',  ( -7.650000000000000355, -31.25000000000000000, -3.899999999999999911 ) ) ;
#1859 = ORIENTED_EDGE ( 'NONE', *, *, #314, .T. ) ;
#1860 = EDGE_CURVE ( 'NONE', #2604, #2344, #1198, .T. ) ;
#1861 = AXIS2_PLACEMENT_3D ( 'NONE', #4201, #975, #3848 ) ;
#1862 = VECTOR ( 'NONE', #434, 1000.000000000000000 ) ;
#1863 = FACE_OUTER_BOUND ( 'NONE', #1703, .T. ) ;
#1864 = CARTESIAN_POINT ( 'NONE',  ( -14.25000000000000000, -28.00000000000000000, 4.949999999999999289 ) ) ;
#1865 = AXIS2_PLACEMENT_3D ( 'NONE', #1227, #1655, #4198 ) ;
#1866 = FACE_OUTER_BOUND ( 'NONE', #2169, .T. ) ;
#1867 = ORIENTED_EDGE ( 'NONE', *, *, #3226, .F. ) ;
#1868 = DIRECTION ( 'NONE',  ( 0.000000000000000000, 1.000000000000000000, 0.000000000000000000 ) ) ;
#1869 = CARTESIAN_POINT ( 'NONE',  ( 14.25000000000000000, -28.35000000000000497, -3.899999999999999911 ) ) ;
#1870 = EDGE_CURVE ( 'NONE', #1955, #2220, #1058, .T. ) ;
#1871 = EDGE_CURVE ( 'NONE', #3641, #4397, #4202, .T. ) ;
#1872 = ORIENTED_EDGE ( 'NONE', *, *, #102, .F. ) ;
#1873 = EDGE_LOOP ( 'NONE', ( #4209, #3753, #4162, #3788 ) ) ;
#1874 = VECTOR ( 'NONE', #2655, 1000.000000000000114 ) ;
#1875 = CYLINDRICAL_SURFACE ( 'NONE', #1603, 1.050000000000000488 ) ;
#1876 = ORIENTED_EDGE ( 'NONE', *, *, #3392, .T. ) ;
#1877 = LINE ( 'NONE', #3305, #1862 ) ;
#1878 = DIRECTION ( 'NONE',  ( 0.000000000000000000, -1.000000000000000000, -0.000000000000000000 ) ) ;
#1879 = AXIS2_PLACEMENT_3D ( 'NONE', #1370, #2046, #3559 ) ;
#1880 = AXIS2_PLACEMENT_3D ( 'NONE', #3562, #2851, #1772 ) ;
#1881 = LINE ( 'NONE', #1831, #4192 ) ;
#1882 = EDGE_CURVE ( 'NONE', #953, #3561, #702, .T. ) ;
#1883 = EDGE_LOOP ( 'NONE', ( #4057, #3894 ) ) ;
#1884 = CARTESIAN_POINT ( 'NONE',  ( 10.25000000000000000, 0.000000000000000000, 3.900000000000000799 ) ) ;
#1885 = DIRECTION ( 'NONE',  ( -1.000000000000000000, -0.000000000000000000, 0.000000000000000000 ) ) ;
#1886 = ORIENTED_EDGE ( 'NONE', *, *, #2289, .F. ) ;
#1887 = DIRECTION ( 'NONE',  ( -0.000000000000000000, -1.000000000000000000, 0.000000000000000000 ) ) ;
#1888 = CARTESIAN_POINT ( 'NONE',  ( -14.25000000000000000, -26.64999999999999858, 3.899999999999999911 ) ) ;
#1889 = FACE_OUTER_BOUND ( 'NONE', #3047, .T. ) ;
#1890 = VERTEX_POINT ( 'NONE', #4602 ) ;
#1891 = FACE_BOUND ( 'NONE', #1802, .T. ) ;
#1892 = DIRECTION ( 'NONE',  ( 0.000000000000000000, 0.000000000000000000, -1.000000000000000000 ) ) ;
#1893 = VERTEX_POINT ( 'NONE', #1369 ) ;
#1894 = EDGE_LOOP ( 'NONE', ( #550, #2776, #3995, #2194 ) ) ;
#1895 = VECTOR ( 'NONE', #4393, 1000.000000000000114 ) ;
#1896 = VERTEX_POINT ( 'NONE', #4551 ) ;
#1897 = ADVANCED_FACE ( 'NONE', ( #2797 ), #1318, .T. ) ;
#1898 = PLANE ( 'NONE',  #4122 ) ;
#1899 = EDGE_CURVE ( 'NONE', #1493, #3027, #2441, .T. ) ;
#1900 = CARTESIAN_POINT ( 'NONE',  ( 6.650000000000000355, -31.25000000000000000, -3.899999999999999911 ) ) ;
#1901 = DIRECTION ( 'NONE',  ( 1.000000000000000000, 0.000000000000000000, 0.000000000000000000 ) ) ;
#1902 = LINE ( 'NONE', #371, #1756 ) ;
#1903 = VECTOR ( 'NONE', #566, 1000.000000000000114 ) ;
#1904 = ORIENTED_EDGE ( 'NONE', *, *, #1700, .T. ) ;
#1905 = DIRECTION ( 'NONE',  ( -1.000000000000000000, 0.000000000000000000, 0.000000000000000000 ) ) ;
#1906 = EDGE_CURVE ( 'NONE', #536, #2476, #3258, .T. ) ;
#1907 = FACE_OUTER_BOUND ( 'NONE', #622, .T. ) ;
#1908 = ORIENTED_EDGE ( 'NONE', *, *, #23, .F. ) ;
#1909 = CARTESIAN_POINT ( 'NONE',  ( 14.25000000000000000, -26.64999999999999858, 3.899999999999999911 ) ) ;
#1910 = LINE ( 'NONE', #4026, #657 ) ;
#1911 = ORIENTED_EDGE ( 'NONE', *, *, #1948, .T. ) ;
#1912 = CARTESIAN_POINT ( 'NONE',  ( 14.25000000000000000, -26.64999999999999858, 3.899999999999999911 ) ) ;
#1913 = DIRECTION ( 'NONE',  ( 1.000000000000000000, 0.000000000000000000, 0.000000000000000000 ) ) ;
#1914 = ORIENTED_EDGE ( 'NONE', *, *, #4105, .F. ) ;
#1915 = CARTESIAN_POINT ( 'NONE',  ( -8.000000000000000000, 11.24999999998999556, 6.000000000000000000 ) ) ;
#1916 = LINE ( 'NONE', #2620, #3770 ) ;
#1917 = ORIENTED_EDGE ( 'NONE', *, *, #3249, .F. ) ;
#1918 = ORIENTED_EDGE ( 'NONE', *, *, #1180, .T. ) ;
#1919 = CARTESIAN_POINT ( 'NONE',  ( 10.25000000000000000, -5.349999999999999645, -3.899999999999999911 ) ) ;
#1920 = PLANE ( 'NONE',  #2595 ) ;
#1921 = DIRECTION ( 'NONE',  ( 0.000000000000000000, -1.000000000000000000, -0.000000000000000000 ) ) ;
#1922 = ORIENTED_EDGE ( 'NONE', *, *, #3365, .F. ) ;
#1923 = CARTESIAN_POINT ( 'NONE',  ( 14.25000000000000000, -2.649999999999999467, -3.899999999999999911 ) ) ;
#1924 = VECTOR ( 'NONE', #3267, 1000.000000000000000 ) ;
#1925 = DIRECTION ( 'NONE',  ( 1.000000000000000000, 0.000000000000000000, 0.000000000000000000 ) ) ;
#1926 = EDGE_CURVE ( 'NONE', #4508, #2805, #1810, .T. ) ;
#1927 = AXIS2_PLACEMENT_3D ( 'NONE', #348, #2118, #4153 ) ;
#1928 = ADVANCED_FACE ( 'NONE', ( #4310 ), #1098, .T. ) ;
#1929 = ORIENTED_EDGE ( 'NONE', *, *, #526, .F. ) ;
#1930 = EDGE_LOOP ( 'NONE', ( #2844, #719, #2148, #3662, #1981, #3772, #2384, #3256 ) ) ;
#1931 = CARTESIAN_POINT ( 'NONE',  ( 12.25000000000000000, -35.25000000000000000, -10.80000000000000071 ) ) ;
#1932 = CIRCLE ( 'NONE', #3360, 1.249999999913598003 ) ;
#1933 = CARTESIAN_POINT ( 'NONE',  ( 7.650000000000000355, -31.25000000000000000, 3.899999999999999911 ) ) ;
#1934 = EDGE_CURVE ( 'NONE', #4029, #4014, #3666, .T. ) ;
#1935 = EDGE_LOOP ( 'NONE', ( #3312, #4181, #3763, #1452 ) ) ;
#1936 = LINE ( 'NONE', #142, #4432 ) ;
#1937 = CIRCLE ( 'NONE', #2165, 1.049999999991996669 ) ;
#1938 = DIRECTION ( 'NONE',  ( -0.000000000000000000, 0.000000000000000000, -1.000000000000000000 ) ) ;
#1939 = VECTOR ( 'NONE', #3097, 1000.000000000000000 ) ;
#1940 = DIRECTION ( 'NONE',  ( 0.000000000000000000, 1.000000000000000000, -0.000000000000000000 ) ) ;
#1941 = EDGE_LOOP ( 'NONE', ( #1140, #1650, #3277, #253 ) ) ;
#1942 = VECTOR ( 'NONE', #2688, 1000.000000000000000 ) ;
#1943 = ORIENTED_EDGE ( 'NONE', *, *, #3677, .T. ) ;
#1944 = PLANE ( 'NONE',  #2764 ) ;
#1945 = FACE_BOUND ( 'NONE', #7, .T. ) ;
#1946 = CARTESIAN_POINT ( 'NONE',  ( 8.000000000000000000, -31.25000000000000000, -7.050000000000000711 ) ) ;
#1947 = CARTESIAN_POINT ( 'NONE',  ( -10.25000000000000000, -3.649999999999999911, 3.900000000000000355 ) ) ;
#1948 = EDGE_CURVE ( 'NONE', #3354, #3733, #1479, .T. ) ;
#1949 = AXIS2_PLACEMENT_3D ( 'NONE', #1172, #1905, #394 ) ;
#1950 = EDGE_LOOP ( 'NONE', ( #597, #1929, #3339, #2311 ) ) ;
#1951 = AXIS2_PLACEMENT_3D ( 'NONE', #1302, #944, #3465 ) ;
#1952 = CARTESIAN_POINT ( 'NONE',  ( -8.349999999999999645, -8.900000000000000355, -10.80000000000000071 ) ) ;
#1953 = CARTESIAN_POINT ( 'NONE',  ( 11.96005050634000177, 10.55000000000000071, 10.80000000000000071 ) ) ;
#1954 = ORIENTED_EDGE ( 'NONE', *, *, #1445, .T. ) ;
#1955 = VERTEX_POINT ( 'NONE', #3239 ) ;
#1956 = DIRECTION ( 'NONE',  ( -0.7071067811865474617, 8.659560562354932858E-17, -0.7071067811865474617 ) ) ;
#1957 = EDGE_CURVE ( 'NONE', #3646, #4566, #1877, .T. ) ;
#1958 = ADVANCED_FACE ( 'NONE', ( #1143 ), #3598, .F. ) ;
#1959 = DIRECTION ( 'NONE',  ( 1.000000000000000000, 0.000000000000000000, 0.000000000000000000 ) ) ;
#1960 = AXIS2_PLACEMENT_3D ( 'NONE', #2215, #3344, #2947 ) ;
#1961 = VERTEX_POINT ( 'NONE', #53 ) ;
#1962 = LINE ( 'NONE', #3399, #1189 ) ;
#1963 = PLANE ( 'NONE',  #2105 ) ;
#1964 = ADVANCED_FACE ( 'NONE', ( #76 ), #12, .F. ) ;
#1965 = CARTESIAN_POINT ( 'NONE',  ( -8.349999999999999645, -19.30000000000000071, -4.700000000000000178 ) ) ;
#1966 = DIRECTION ( 'NONE',  ( 0.000000000000000000, 0.000000000000000000, -1.000000000000000000 ) ) ;
#1967 = ORIENTED_EDGE ( 'NONE', *, *, #3400, .T. ) ;
#1968 = VERTEX_POINT ( 'NONE', #1829 ) ;
#1969 = LINE ( 'NONE', #174, #47 ) ;
#1970 = CARTESIAN_POINT ( 'NONE',  ( -12.25000000000000000, 11.25000000000000000, -10.80000000000000071 ) ) ;
#1971 = DIRECTION ( 'NONE',  ( 0.000000000000000000, -0.000000000000000000, 1.000000000000000000 ) ) ;
#1972 = ORIENTED_EDGE ( 'NONE', *, *, #1870, .T. ) ;
#1973 = LINE ( 'NONE', #156, #1573 ) ;
#1974 = PLANE ( 'NONE',  #2174 ) ;
#1975 = UNCERTAINTY_MEASURE_WITH_UNIT (LENGTH_MEASURE( 1.000000000000000082E-05 ), #1186, 'distance_accuracy_value', 'NONE');
#1976 = AXIS2_PLACEMENT_3D ( 'NONE', #2457, #4565, #3144 ) ;
#1977 = ORIENTED_EDGE ( 'NONE', *, *, #687, .T. ) ;
#1978 = VERTEX_POINT ( 'NONE', #2913 ) ;
#1979 = DIRECTION ( 'NONE',  ( -1.000000000000000000, 0.000000000000000000, -0.000000000000000000 ) ) ;
#1980 = DIRECTION ( 'NONE',  ( 0.000000000000000000, 0.000000000000000000, 1.000000000000000000 ) ) ;
#1981 = ORIENTED_EDGE ( 'NONE', *, *, #2480, .T. ) ;
#1983 = ADVANCED_FACE ( 'NONE', ( #3996, #366, #3952 ), #1522, .T. ) ;
#1982 = CARTESIAN_POINT ( 'NONE',  ( 0.000000000000000000, 0.000000000000000000, -4.700000000000000178 ) ) ;
#1984 = EDGE_CURVE ( 'NONE', #2476, #2129, #3974, .T. ) ;
#1985 = CARTESIAN_POINT ( 'NONE',  ( -8.000000000000000000, -35.25000000000000000, -6.000000000000000000 ) ) ;
#1986 = EDGE_LOOP ( 'NONE', ( #544, #4172 ) ) ;
#1987 = EDGE_CURVE ( 'NONE', #1705, #4021, #746, .T. ) ;
#1988 = EDGE_LOOP ( 'NONE', ( #3228, #1130, #2162, #3436 ) ) ;
#1989 = EDGE_CURVE ( 'NONE', #1745, #3561, #2158, .T. ) ;
#1990 = EDGE_LOOP ( 'NONE', ( #2179, #1917, #1721, #3972 ) ) ;
#1991 = FACE_OUTER_BOUND ( 'NONE', #3425, .T. ) ;
#1992 = CARTESIAN_POINT ( 'NONE',  ( 11.96005050634000177, 10.55000000000000071, 11.50000000000000000 ) ) ;
#1993 = PLANE ( 'NONE',  #377 ) ;
#1994 = ADVANCED_FACE ( 'NONE', ( #2201 ), #4331, .T. ) ;
#1995 = CARTESIAN_POINT ( 'NONE',  ( -14.25000000000000000, -28.00000000000000000, 6.000000000000000000 ) ) ;
#1996 = ORIENTED_EDGE ( 'NONE', *, *, #1450, .T. ) ;
#1997 = CARTESIAN_POINT ( 'NONE',  ( 7.650000000000000355, -35.25000000000000000, 3.899999999999999911 ) ) ;
#1998 = CARTESIAN_POINT ( 'NONE',  ( -12.75000000000000178, -19.30000000000000071, -10.80000000000000071 ) ) ;
#1999 = EDGE_LOOP ( 'NONE', ( #1826, #2662, #1298, #1201 ) ) ;
#2000 = CIRCLE ( 'NONE', #4646, 1.250000000027284841 ) ;
#2001 = DIRECTION ( 'NONE',  ( 0.000000000000000000, 0.000000000000000000, -1.000000000000000000 ) ) ;
#2002 = LINE ( 'NONE', #4627, #4421 ) ;
#2003 = AXIS2_PLACEMENT_3D ( 'NONE', #110, #1630, #1581 ) ;
#2004 = EDGE_CURVE ( 'NONE', #3295, #3440, #3522, .T. ) ;
#2005 = VERTEX_POINT ( 'NONE', #3216 ) ;
#2006 = CARTESIAN_POINT ( 'NONE',  ( -14.04999999994061000, -4.000000000000000000, -4.950000000064392225 ) ) ;
#2007 = VECTOR ( 'NONE', #2513, 1000.000000000000000 ) ;
#2008 = DIRECTION ( 'NONE',  ( -1.000000000000000000, 0.000000000000000000, 0.000000000000000000 ) ) ;
#2009 = CARTESIAN_POINT ( 'NONE',  ( 9.350000000000001421, -31.25000000000000000, -3.899999999999999911 ) ) ;
#2010 = VERTEX_POINT ( 'NONE', #3280 ) ;
#2011 = EDGE_LOOP ( 'NONE', ( #3511, #770 ) ) ;
#2012 = DIRECTION ( 'NONE',  ( 0.000000000000000000, 0.000000000000000000, -1.000000000000000000 ) ) ;
#2013 = AXIS2_PLACEMENT_3D ( 'NONE', #2387, #4618, #2085 ) ;
#2014 = DIRECTION ( 'NONE',  ( 1.000000000000000000, 0.000000000000000000, 0.000000000000000000 ) ) ;
#2015 = ADVANCED_FACE ( 'NONE', ( #2138 ), #344, .F. ) ;
#2016 = ADVANCED_FACE ( 'NONE', ( #1191 ), #3330, .F. ) ;
#2017 = LINE ( 'NONE', #508, #3841 ) ;
#2018 = AXIS2_PLACEMENT_3D ( 'NONE', #3793, #186, #2660 ) ;
#2019 = ORIENTED_EDGE ( 'NONE', *, *, #1552, .F. ) ;
#2020 = CARTESIAN_POINT ( 'NONE',  ( -14.25000000000000000, -27.64999999999999503, -10.80000000000000071 ) ) ;
#2021 = CARTESIAN_POINT ( 'NONE',  ( 8.000000000000000000, -35.25000000000000000, -6.000000000000000000 ) ) ;
#2022 = EDGE_CURVE ( 'NONE', #2259, #2904, #3074, .T. ) ;
#2023 = ORIENTED_EDGE ( 'NONE', *, *, #602, .T. ) ;
#2024 = VECTOR ( 'NONE', #1817, 1000.000000000000000 ) ;
#2025 = VECTOR ( 'NONE', #682, 1000.000000000000000 ) ;
#2026 = VERTEX_POINT ( 'NONE', #4525 ) ;
#2027 = CARTESIAN_POINT ( 'NONE',  ( 14.25000000003228706, -4.000000000000000000, -6.000000000000000000 ) ) ;
#2028 = VECTOR ( 'NONE', #4120, 1000.000000000000000 ) ;
#2029 = AXIS2_PLACEMENT_3D ( 'NONE', #3213, #4286, #654 ) ;
#2030 = ORIENTED_EDGE ( 'NONE', *, *, #456, .T. ) ;
#2031 = DIRECTION ( 'NONE',  ( -1.000000000000000000, -0.000000000000000000, -0.000000000000000000 ) ) ;
#2032 = CARTESIAN_POINT ( 'NONE',  ( -14.04999999994061000, -28.00000000000000000, 4.950000000064846972 ) ) ;
#2033 = DIRECTION ( 'NONE',  ( -1.000000000000000000, -0.000000000000000000, 0.000000000000000000 ) ) ;
#2034 = CIRCLE ( 'NONE', #4227, 1.049999999991996669 ) ;
#2035 = ORIENTED_EDGE ( 'NONE', *, *, #3629, .F. ) ;
#2036 = ORIENTED_EDGE ( 'NONE', *, *, #4324, .T. ) ;
#2037 = PLANE ( 'NONE',  #2269 ) ;
#2038 = ORIENTED_EDGE ( 'NONE', *, *, #1783, .F. ) ;
#2039 = DIRECTION ( 'NONE',  ( 0.000000000000000000, -1.000000000000000000, 0.000000000000000000 ) ) ;
#2040 = DIRECTION ( 'NONE',  ( 0.000000000000000000, -0.000000000000000000, 1.000000000000000000 ) ) ;
#2041 = CARTESIAN_POINT ( 'NONE',  ( 0.000000000000000000, -31.25000000000000000, -10.80000000000000071 ) ) ;
#2042 = EDGE_CURVE ( 'NONE', #3504, #2220, #1260, .T. ) ;
#2043 = ADVANCED_FACE ( 'NONE', ( #2271 ), #1898, .F. ) ;
#2044 = ORIENTED_EDGE ( 'NONE', *, *, #4159, .T. ) ;
#2045 = FACE_BOUND ( 'NONE', #4298, .T. ) ;
#2046 = DIRECTION ( 'NONE',  ( 1.000000000000000000, -0.000000000000000000, -0.000000000000000000 ) ) ;
#2047 = ORIENTED_EDGE ( 'NONE', *, *, #3166, .T. ) ;
#2048 = ORIENTED_EDGE ( 'NONE', *, *, #581, .F. ) ;
#2049 = LINE ( 'NONE', #279, #1055 ) ;
#2050 = CIRCLE ( 'NONE', #1072, 1.249999999913598003 ) ;
#2051 = DIRECTION ( 'NONE',  ( -0.000000000000000000, -1.000000000000000000, -0.000000000000000000 ) ) ;
#2052 = AXIS2_PLACEMENT_3D ( 'NONE', #3708, #3817, #2895 ) ;
#2053 = EDGE_LOOP ( 'NONE', ( #3615, #4534, #1623, #3472 ) ) ;
#2054 = LINE ( 'NONE', #1912, #2195 ) ;
#2055 = CARTESIAN_POINT ( 'NONE',  ( 10.25000000000000000, -4.000000000000000000, 4.949999999999999289 ) ) ;
#2056 = FACE_OUTER_BOUND ( 'NONE', #2713, .T. ) ;
#2057 = EDGE_LOOP ( 'NONE', ( #52, #851, #2429, #1301 ) ) ;
#2058 = ORIENTED_EDGE ( 'NONE', *, *, #3300, .F. ) ;
#2059 = ORIENTED_EDGE ( 'NONE', *, *, #1957, .T. ) ;
#2060 = CARTESIAN_POINT ( 'NONE',  ( -8.000000000000000000, -35.25000000007594281, 6.000000000000000000 ) ) ;
#2061 = DIRECTION ( 'NONE',  ( -0.7071067811865474617, -0.7071067811865474617, 0.000000000000000000 ) ) ;
#2062 = DIRECTION ( 'NONE',  ( 0.000000000000000000, 1.000000000000000000, -0.000000000000000000 ) ) ;
#2063 = PRODUCT_RELATED_PRODUCT_CATEGORY ( 'part', '', ( #333 ) ) ;
#2064 = DIRECTION ( 'NONE',  ( 1.000000000000000000, 0.000000000000000000, -0.000000000000000000 ) ) ;
#2065 = ORIENTED_EDGE ( 'NONE', *, *, #752, .F. ) ;
#2066 = DIRECTION ( 'NONE',  ( 0.000000000000000000, -1.000000000000000000, 0.000000000000000000 ) ) ;
#2067 = LINE ( 'NONE', #703, #298 ) ;
#2068 = ORIENTED_EDGE ( 'NONE', *, *, #3079, .F. ) ;
#2069 = DIRECTION ( 'NONE',  ( 0.000000000000000000, 0.000000000000000000, -1.000000000000000000 ) ) ;
#2070 = ORIENTED_EDGE ( 'NONE', *, *, #1528, .F. ) ;
#2071 = DIRECTION ( 'NONE',  ( 0.000000000000000000, 0.000000000000000000, -1.000000000000000000 ) ) ;
#2072 = CARTESIAN_POINT ( 'NONE',  ( 10.25000000000000000, -28.00000000000000000, 6.000000000000000000 ) ) ;
#2073 = EDGE_CURVE ( 'NONE', #3362, #1311, #663, .T. ) ;
#2074 = EDGE_CURVE ( 'NONE', #2178, #3072, #1969, .T. ) ;
#2075 = AXIS2_PLACEMENT_3D ( 'NONE', #426, #2885, #72 ) ;
#2076 = VERTEX_POINT ( 'NONE', #3030 ) ;
#2077 = CARTESIAN_POINT ( 'NONE',  ( -14.25000000000000000, -29.35000000000000142, 3.899999999999999911 ) ) ;
#2078 = VECTOR ( 'NONE', #192, 1000.000000000000000 ) ;
#2079 = CARTESIAN_POINT ( 'NONE',  ( 0.000000000000000000, -31.25000000000000000, -10.80000000000000071 ) ) ;
#2080 = ADVANCED_FACE ( 'NONE', ( #1991 ), #823, .T. ) ;
#2081 = ORIENTED_EDGE ( 'NONE', *, *, #3840, .F. ) ;
#2082 = VECTOR ( 'NONE', #3912, 1000.000000000000000 ) ;
#2083 = ORIENTED_EDGE ( 'NONE', *, *, #4155, .T. ) ;
#2084 = CARTESIAN_POINT ( 'NONE',  ( 8.000000000000000000, -35.05000000006930350, -6.000000000000000000 ) ) ;
#2085 = DIRECTION ( 'NONE',  ( 0.000000000000000000, 0.000000000000000000, -1.000000000000000000 ) ) ;
#2086 = LINE ( 'NONE', #1337, #3430 ) ;
#2087 = LINE ( 'NONE', #4595, #527 ) ;
#2088 = LINE ( 'NONE', #2842, #2780 ) ;
#2089 = VECTOR ( 'NONE', #2933, 1000.000000000000000 ) ;
#2090 = VERTEX_POINT ( 'NONE', #4425 ) ;
#2091 = LINE ( 'NONE', #1766, #1430 ) ;
#2092 = LINE ( 'NONE', #633, #2927 ) ;
#2093 = DIRECTION ( 'NONE',  ( 0.000000000000000000, -0.000000000000000000, 1.000000000000000000 ) ) ;
#2094 = AXIS2_PLACEMENT_3D ( 'NONE', #2027, #3490, #1629 ) ;
#2095 = PLANE ( 'NONE',  #2651 ) ;
#2096 = ORIENTED_EDGE ( 'NONE', *, *, #3060, .T. ) ;
#2097 = DIRECTION ( 'NONE',  ( 0.000000000000000000, 0.000000000000000000, 1.000000000000000000 ) ) ;
#2098 = CARTESIAN_POINT ( 'NONE',  ( -8.000000000000000000, -35.24999999993360689, -7.249999999913596227 ) ) ;
#2099 = AXIS2_PLACEMENT_3D ( 'NONE', #3314, #4363, #1199 ) ;
#2100 = EDGE_LOOP ( 'NONE', ( #3255, #2386, #235, #452 ) ) ;
#2101 = DIRECTION ( 'NONE',  ( 0.000000000000000000, -1.000000000000000000, 0.000000000000000000 ) ) ;
#2102 = EDGE_CURVE ( 'NONE', #1809, #2005, #1618, .T. ) ;
#2103 = EDGE_CURVE ( 'NONE', #955, #805, #847, .T. ) ;
#2104 = CONICAL_SURFACE ( 'NONE', #1435, 1.250000000055933702, 0.7853981635395568262 ) ;
#2105 = AXIS2_PLACEMENT_3D ( 'NONE', #3469, #238, #1610 ) ;
#2106 = FACE_OUTER_BOUND ( 'NONE', #150, .T. ) ;
#2107 = ORIENTED_EDGE ( 'NONE', *, *, #2817, .F. ) ;
#2108 = VERTEX_POINT ( 'NONE', #1919 ) ;
#2109 = EDGE_CURVE ( 'NONE', #2129, #940, #2696, .T. ) ;
#2110 = CARTESIAN_POINT ( 'NONE',  ( 10.25000000000000000, -28.00000000000000000, -6.000000000000000000 ) ) ;
#2111 = CIRCLE ( 'NONE', #983, 1.249999999970441422 ) ;
#2112 = DIRECTION ( 'NONE',  ( 0.000000000000000000, 0.000000000000000000, -1.000000000000000000 ) ) ;
#2113 = CARTESIAN_POINT ( 'NONE',  ( 0.000000000000000000, 0.000000000000000000, 0.000000000000000000 ) ) ;
#2114 = DIRECTION ( 'NONE',  ( -1.000000000000000000, -0.000000000000000000, -0.000000000000000000 ) ) ;
#2115 = ORIENTED_EDGE ( 'NONE', *, *, #101, .F. ) ;
#2116 = CARTESIAN_POINT ( 'NONE',  ( 10.25000000000000000, -3.649999999999999911, 3.899999999999999911 ) ) ;
#2117 = CARTESIAN_POINT ( 'NONE',  ( 8.000000000000000000, -35.25000000007594281, -6.000000000000000000 ) ) ;
#2118 = DIRECTION ( 'NONE',  ( 0.000000000000000000, -1.000000000000000000, 0.000000000000000000 ) ) ;
#2119 = CARTESIAN_POINT ( 'NONE',  ( -6.650000000000000355, -35.25000000000000000, 3.899999999999999911 ) ) ;
#2120 = EDGE_LOOP ( 'NONE', ( #3806, #1438, #2240, #4423 ) ) ;
#2121 = CARTESIAN_POINT ( 'NONE',  ( 14.25000000000000000, -3.649999999999999911, -3.899999999999999911 ) ) ;
#2122 = CARTESIAN_POINT ( 'NONE',  ( 14.24999999989040589, -4.000000000000000000, 7.249999999884948920 ) ) ;
#2123 = APPLICATION_CONTEXT ( 'automotive_design' ) ;
#2124 = EDGE_LOOP ( 'NONE', ( #1017, #523, #1070, #2991 ) ) ;
#2125 = CARTESIAN_POINT ( 'NONE',  ( 13.55000000000012683, 8.960050506339126031, 11.50000000000000000 ) ) ;
#2126 = LINE ( 'NONE', #1864, #4188 ) ;
#2127 = EDGE_CURVE ( 'NONE', #2440, #2596, #3737, .T. ) ;
#2128 = EDGE_CURVE ( 'NONE', #4458, #3252, #3356, .T. ) ;
#2129 = VERTEX_POINT ( 'NONE', #1569 ) ;
#2130 = DIRECTION ( 'NONE',  ( -1.000000000000000000, -0.000000000000000000, -0.000000000000000000 ) ) ;
#2131 = CARTESIAN_POINT ( 'NONE',  ( 10.25000000000000000, -4.000000000000000000, -6.000000000000000000 ) ) ;
#2132 = CARTESIAN_POINT ( 'NONE',  ( -14.25000000000000000, -27.64999999999999858, -3.899999999999999911 ) ) ;
#2133 = PLANE ( 'NONE',  #1363 ) ;
#2134 = ADVANCED_FACE ( 'NONE', ( #2295 ), #1944, .T. ) ;
#2135 = EDGE_CURVE ( 'NONE', #4659, #2668, #4112, .T. ) ;
#2136 = CARTESIAN_POINT ( 'NONE',  ( 0.000000000000000000, -31.25000000000000000, 3.900000000000000799 ) ) ;
#2137 = ORIENTED_EDGE ( 'NONE', *, *, #3271, .T. ) ;
#2138 = FACE_OUTER_BOUND ( 'NONE', #864, .T. ) ;
#2139 = DIRECTION ( 'NONE',  ( -0.000000000000000000, 0.000000000000000000, -1.000000000000000000 ) ) ;
#2140 = CARTESIAN_POINT ( 'NONE',  ( -14.04999999994061000, -28.00000000000000000, -6.000000000000000000 ) ) ;
#2141 = VERTEX_POINT ( 'NONE', #889 ) ;
#2142 = DIRECTION ( 'NONE',  ( 0.000000000000000000, -1.000000000000000000, 0.000000000000000000 ) ) ;
#2143 = CARTESIAN_POINT ( 'NONE',  ( -14.25000000000000000, -27.64999999999999858, -3.899999999999999911 ) ) ;
#2144 = VERTEX_POINT ( 'NONE', #1640 ) ;
#2145 = LINE ( 'NONE', #4632, #3311 ) ;
#2146 = CARTESIAN_POINT ( 'NONE',  ( -10.25000000000000000, 0.000000000000000000, -10.80000000000000071 ) ) ;
#2147 = CIRCLE ( 'NONE', #4027, 1.049999999992450972 ) ;
#2148 = ORIENTED_EDGE ( 'NONE', *, *, #1934, .T. ) ;
#2149 = AXIS2_PLACEMENT_3D ( 'NONE', #402, #2565, #3990 ) ;
#2150 = LINE ( 'NONE', #4344, #3180 ) ;
#2151 = CARTESIAN_POINT ( 'NONE',  ( -12.75000000000000178, -8.900000000000000355, -10.80000000000000071 ) ) ;
#2152 = AXIS2_PLACEMENT_3D ( 'NONE', #4042, #4402, #825 ) ;
#2153 = VERTEX_POINT ( 'NONE', #2319 ) ;
#2154 = ORIENTED_EDGE ( 'NONE', *, *, #1882, .F. ) ;
#2155 = DIRECTION ( 'NONE',  ( 1.000000000000000000, 0.000000000000000000, 0.000000000000000000 ) ) ;
#2156 = EDGE_LOOP ( 'NONE', ( #3257, #1320, #4334, #4208 ) ) ;
#2157 = EDGE_CURVE ( 'NONE', #2954, #2076, #3764, .T. ) ;
#2158 = LINE ( 'NONE', #4400, #1261 ) ;
#2159 = EDGE_CURVE ( 'NONE', #3842, #3761, #198, .T. ) ;
#2160 = PLANE ( 'NONE',  #3684 ) ;
#2161 = CARTESIAN_POINT ( 'NONE',  ( -14.24999999997544364, -4.000000000000000000, -4.750000000029558578 ) ) ;
#2162 = ORIENTED_EDGE ( 'NONE', *, *, #4642, .F. ) ;
#2163 = PLANE ( 'NONE',  #135 ) ;
#2164 = ADVANCED_FACE ( 'NONE', ( #3170 ), #4546, .T. ) ;
#2165 = AXIS2_PLACEMENT_3D ( 'NONE', #4665, #3556, #322 ) ;
#2166 = FACE_OUTER_BOUND ( 'NONE', #2277, .T. ) ;
#2167 = VECTOR ( 'NONE', #794, 1000.000000000000114 ) ;
#2168 = VECTOR ( 'NONE', #1351, 1000.000000000000000 ) ;
#2169 = EDGE_LOOP ( 'NONE', ( #2773, #4495, #3497, #2883 ) ) ;
#2170 = DIRECTION ( 'NONE',  ( 0.000000000000000000, -1.000000000000000000, 0.000000000000000000 ) ) ;
#2171 = LINE ( 'NONE', #3291, #2677 ) ;
#2172 = CONICAL_SURFACE ( 'NONE', #2323, 1.249999999884949142, 0.7853981633974482790 ) ;
#2173 = ORIENTED_EDGE ( 'NONE', *, *, #343, .F. ) ;
#2174 = AXIS2_PLACEMENT_3D ( 'NONE', #2656, #538, #3413 ) ;
#2175 = VECTOR ( 'NONE', #4121, 1000.000000000000000 ) ;
#2176 = DIRECTION ( 'NONE',  ( 0.000000000000000000, 0.000000000000000000, -1.000000000000000000 ) ) ;
#2177 = ORIENTED_EDGE ( 'NONE', *, *, #1184, .T. ) ;
#2178 = VERTEX_POINT ( 'NONE', #1336 ) ;
#2179 = ORIENTED_EDGE ( 'NONE', *, *, #1899, .F. ) ;
#2180 = CARTESIAN_POINT ( 'NONE',  ( 14.25000000000000000, -28.35000000000000497, 3.899999999999999911 ) ) ;
#2181 = DIRECTION ( 'NONE',  ( 0.000000000000000000, -1.000000000000000000, 0.000000000000000000 ) ) ;
#2182 = CARTESIAN_POINT ( 'NONE',  ( 10.25000000000000000, -26.64999999999999858, 3.900000000000000355 ) ) ;
#2183 = VECTOR ( 'NONE', #4340, 1000.000000000000000 ) ;
#2184 = ADVANCED_FACE ( 'NONE', ( #3876 ), #2234, .F. ) ;
#2185 = EDGE_CURVE ( 'NONE', #4018, #2751, #2811, .T. ) ;
#2186 = ORIENTED_EDGE ( 'NONE', *, *, #1274, .T. ) ;
#2187 = DIRECTION ( 'NONE',  ( 0.000000000000000000, 0.000000000000000000, -1.000000000000000000 ) ) ;
#2188 = CARTESIAN_POINT ( 'NONE',  ( -14.25000000000000000, -4.349999999999999645, -3.899999999999999911 ) ) ;
#2189 = EDGE_CURVE ( 'NONE', #1493, #487, #4044, .T. ) ;
#2190 = VERTEX_POINT ( 'NONE', #3807 ) ;
#2191 = ORIENTED_EDGE ( 'NONE', *, *, #3555, .T. ) ;
#2192 = DIRECTION ( 'NONE',  ( 0.000000000000000000, 1.000000000000000000, 0.000000000000000000 ) ) ;
#2193 = FACE_BOUND ( 'NONE', #20, .T. ) ;
#2194 = ORIENTED_EDGE ( 'NONE', *, *, #3897, .F. ) ;
#2195 = VECTOR ( 'NONE', #786, 1000.000000000000000 ) ;
#2196 = LINE ( 'NONE', #383, #1546 ) ;
#2197 = ORIENTED_EDGE ( 'NONE', *, *, #3111, .F. ) ;
#2198 = VECTOR ( 'NONE', #2453, 1000.000000000000000 ) ;
#2199 = VERTEX_POINT ( 'NONE', #1407 ) ;
#2200 = ORIENTED_EDGE ( 'NONE', *, *, #3941, .F. ) ;
#2201 = FACE_OUTER_BOUND ( 'NONE', #2434, .T. ) ;
#2202 = DIRECTION ( 'NONE',  ( 0.7071067811865474617, -0.7071067811865474617, 0.000000000000000000 ) ) ;
#2203 = DIRECTION ( 'NONE',  ( 0.000000000000000000, 0.000000000000000000, -1.000000000000000000 ) ) ;
#2204 = FACE_OUTER_BOUND ( 'NONE', #2781, .T. ) ;
#2205 = ADVANCED_FACE ( 'NONE', ( #4185 ), #2412, .T. ) ;
#2206 = ORIENTED_EDGE ( 'NONE', *, *, #1641, .F. ) ;
#2207 = DIRECTION ( 'NONE',  ( 1.000000000000000000, 0.000000000000000000, 0.000000000000000000 ) ) ;
#2208 = CARTESIAN_POINT ( 'NONE',  ( 13.55000000000000071, 8.960050506339001686, -11.50000000000000000 ) ) ;
#2209 = EDGE_LOOP ( 'NONE', ( #2023, #531 ) ) ;
#2210 = DIRECTION ( 'NONE',  ( 0.7071067811865475727, 0.7071067811865475727, 0.000000000000000000 ) ) ;
#2211 = LINE ( 'NONE', #495, #3444 ) ;
#2212 = ADVANCED_FACE ( 'NONE', ( #4213 ), #982, .T. ) ;
#2213 = EDGE_CURVE ( 'NONE', #940, #2190, #959, .T. ) ;
#2214 = DIRECTION ( 'NONE',  ( 1.000000000000000000, 0.000000000000000000, 0.000000000000000000 ) ) ;
#2215 = CARTESIAN_POINT ( 'NONE',  ( -14.24999999989040589, -4.000000000000000000, 6.000000000000000000 ) ) ;
#2216 = EDGE_LOOP ( 'NONE', ( #3698, #4196, #433, #2247 ) ) ;
#2217 = CARTESIAN_POINT ( 'NONE',  ( 8.000000000000000000, 11.25000000000000000, 4.949999999999999289 ) ) ;
#2218 = EDGE_CURVE ( 'NONE', #393, #587, #2738, .T. ) ;
#2219 = DIRECTION ( 'NONE',  ( 0.000000000000000000, -0.000000000000000000, -1.000000000000000000 ) ) ;
#2220 = VERTEX_POINT ( 'NONE', #245 ) ;
#2221 = CIRCLE ( 'NONE', #2903, 1.049999999935607553 ) ;
#2222 = ORIENTED_EDGE ( 'NONE', *, *, #2669, .F. ) ;
#2223 = ORIENTED_EDGE ( 'NONE', *, *, #3688, .F. ) ;
#2224 = CARTESIAN_POINT ( 'NONE',  ( -10.25000000000000000, 0.000000000000000000, -3.899999999999999911 ) ) ;
#2225 = CARTESIAN_POINT ( 'NONE',  ( -14.25000000000000000, -27.64999999999999858, 3.899999999999999911 ) ) ;
#2226 = CIRCLE ( 'NONE', #4419, 1.249999999970441422 ) ;
#2227 = FACE_OUTER_BOUND ( 'NONE', #758, .T. ) ;
#2228 = CARTESIAN_POINT ( 'NONE',  ( 14.25000000000000000, -28.00000000000000000, 7.050000000000000711 ) ) ;
#2229 = LINE ( 'NONE', #2987, #623 ) ;
#2230 = ORIENTED_EDGE ( 'NONE', *, *, #2419, .T. ) ;
#2231 = CARTESIAN_POINT ( 'NONE',  ( -11.96005050634000177, 10.55000000000000071, 11.50000000000000000 ) ) ;
#2232 = CARTESIAN_POINT ( 'NONE',  ( -8.000000000000000000, -31.25000000000000000, 7.050000000000000711 ) ) ;
#2233 = ORIENTED_EDGE ( 'NONE', *, *, #4372, .F. ) ;
#2234 = CONICAL_SURFACE ( 'NONE', #817, 1.250000000055479399, 0.7853981635395568262 ) ;
#2235 = DIRECTION ( 'NONE',  ( 0.000000000000000000, 0.000000000000000000, -1.000000000000000000 ) ) ;
#2236 = LINE ( 'NONE', #2996, #3739 ) ;
#2237 = VECTOR ( 'NONE', #1534, 1000.000000000000000 ) ;
#2239 = EDGE_CURVE ( 'NONE', #1657, #2144, #2365, .T. ) ;
#2238 = CARTESIAN_POINT ( 'NONE',  ( -14.25000000000000000, -2.649999999999999911, -3.899999999999999911 ) ) ;
#2240 = ORIENTED_EDGE ( 'NONE', *, *, #3221, .T. ) ;
#2241 = ADVANCED_FACE ( 'NONE', ( #3500 ), #676, .T. ) ;
#2242 = CARTESIAN_POINT ( 'NONE',  ( -9.350000000000001421, -35.25000000000000000, -10.80000000000000071 ) ) ;
#2243 = APPLICATION_PROTOCOL_DEFINITION ( 'draft international standard', 'automotive_design', 1998, #428 ) ;
#2244 = FILL_AREA_STYLE ('',( #4107 ) ) ;
#2245 = CIRCLE ( 'NONE', #2855, 1.049999999935607553 ) ;
#2246 = ORIENTED_EDGE ( 'NONE', *, *, #1454, .F. ) ;
#2247 = ORIENTED_EDGE ( 'NONE', *, *, #101, .T. ) ;
#2248 = EDGE_CURVE ( 'NONE', #1890, #2805, #2534, .T. ) ;
#2249 = VECTOR ( 'NONE', #990, 1000.000000000000000 ) ;
#2250 = ORIENTED_EDGE ( 'NONE', *, *, #2381, .T. ) ;
#2251 = DIRECTION ( 'NONE',  ( 0.000000000000000000, 1.000000000000000000, 0.000000000000000000 ) ) ;
#2252 = FACE_OUTER_BOUND ( 'NONE', #164, .T. ) ;
#2253 = VECTOR ( 'NONE', #1011, 1000.000000000000000 ) ;
#2254 = CYLINDRICAL_SURFACE ( 'NONE', #2455, 1.050000000000000488 ) ;
#2255 = AXIS2_PLACEMENT_3D ( 'NONE', #892, #2321, #1053 ) ;
#2256 = ORIENTED_EDGE ( 'NONE', *, *, #2907, .F. ) ;
#2257 = PLANE ( 'NONE',  #1949 ) ;
#2258 = DIRECTION ( 'NONE',  ( 1.000000000000000000, 0.000000000000000000, 0.000000000000000000 ) ) ;
#2259 = VERTEX_POINT ( 'NONE', #2790 ) ;
#2260 = DIRECTION ( 'NONE',  ( 1.000000000000000000, 0.000000000000000000, 0.000000000000000000 ) ) ;
#2261 = CARTESIAN_POINT ( 'NONE',  ( -14.24999999989040589, -4.000000000000000000, 6.000000000000000000 ) ) ;
#2262 = DIRECTION ( 'NONE',  ( 8.659560562354932858E-17, 0.7071067811865474617, -0.7071067811865474617 ) ) ;
#2263 = ORIENTED_EDGE ( 'NONE', *, *, #4568, .F. ) ;
#2264 = FACE_BOUND ( 'NONE', #1089, .T. ) ;
#2265 = EDGE_CURVE ( 'NONE', #2394, #1961, #601, .T. ) ;
#2266 = PRESENTATION_STYLE_ASSIGNMENT (( #3687 ) ) ;
#2267 = CARTESIAN_POINT ( 'NONE',  ( 14.04999999994061000, -28.00000000000000000, 7.049999999935153028 ) ) ;
#2268 = ORIENTED_EDGE ( 'NONE', *, *, #1213, .F. ) ;
#2269 = AXIS2_PLACEMENT_3D ( 'NONE', #4211, #2385, #980 ) ;
#2270 = ORIENTED_EDGE ( 'NONE', *, *, #1178, .F. ) ;
#2271 = FACE_OUTER_BOUND ( 'NONE', #4063, .T. ) ;
#2272 = LINE ( 'NONE', #4526, #1627 ) ;
#2273 = EDGE_CURVE ( 'NONE', #1467, #4097, #4237, .T. ) ;
#2274 = EDGE_CURVE ( 'NONE', #3440, #3295, #3214, .T. ) ;
#2275 = DIRECTION ( 'NONE',  ( -0.000000000000000000, 1.000000000000000000, 0.000000000000000000 ) ) ;
#2276 = AXIS2_PLACEMENT_3D ( 'NONE', #2849, #1082, #2069 ) ;
#2277 = EDGE_LOOP ( 'NONE', ( #844, #971, #2206, #2514 ) ) ;
#2278 = LINE ( 'NONE', #1269, #3606 ) ;
#2279 = DIRECTION ( 'NONE',  ( 1.000000000000000000, 0.000000000000000000, -0.000000000000000000 ) ) ;
#2280 = ADVANCED_FACE ( 'NONE', ( #3552 ), #318, .T. ) ;
#2281 = CARTESIAN_POINT ( 'NONE',  ( -14.25000000000000000, -26.64999999999999858, -3.899999999999999911 ) ) ;
#2282 = ORIENTED_EDGE ( 'NONE', *, *, #2352, .F. ) ;
#2283 = VERTEX_POINT ( 'NONE', #4165 ) ;
#2284 = DIRECTION ( 'NONE',  ( -1.000000000000000000, 0.000000000000000000, 0.000000000000000000 ) ) ;
#2285 = LINE ( 'NONE', #2661, #497 ) ;
#2286 = ORIENTED_EDGE ( 'NONE', *, *, #1838, .F. ) ;
#2287 = FACE_OUTER_BOUND ( 'NONE', #49, .T. ) ;
#2288 = FACE_OUTER_BOUND ( 'NONE', #2566, .T. ) ;
#2289 = EDGE_CURVE ( 'NONE', #2579, #3646, #1202, .T. ) ;
#2290 = CARTESIAN_POINT ( 'NONE',  ( 11.96005050634000177, -34.54999999999999716, 10.80000000000000071 ) ) ;
#2291 = FACE_OUTER_BOUND ( 'NONE', #3665, .T. ) ;
#2292 = CARTESIAN_POINT ( 'NONE',  ( 0.000000000000000000, -31.25000000000000000, -10.80000000000000071 ) ) ;
#2293 = ORIENTED_EDGE ( 'NONE', *, *, #4032, .T. ) ;
#2294 = ORIENTED_EDGE ( 'NONE', *, *, #2102, .F. ) ;
#2295 = FACE_OUTER_BOUND ( 'NONE', #3820, .T. ) ;
#2296 = CARTESIAN_POINT ( 'NONE',  ( 14.04999999994061000, -28.00000000000000000, 6.000000000000000000 ) ) ;
#2297 = DIRECTION ( 'NONE',  ( 0.000000000000000000, 0.000000000000000000, -1.000000000000000000 ) ) ;
#2298 = VECTOR ( 'NONE', #3233, 1000.000000000000000 ) ;
#2299 = EDGE_CURVE ( 'NONE', #2199, #94, #2838, .T. ) ;
#2300 = DIRECTION ( 'NONE',  ( 1.000000000000000000, 0.000000000000000000, 0.000000000000000000 ) ) ;
#2301 = ADVANCED_FACE ( 'NONE', ( #857 ), #3924, .T. ) ;
#2302 = EDGE_LOOP ( 'NONE', ( #1954, #3597, #466, #3107 ) ) ;
#2303 = DIRECTION ( 'NONE',  ( 0.000000000000000000, 0.000000000000000000, -1.000000000000000000 ) ) ;
#2304 = AXIS2_PLACEMENT_3D ( 'NONE', #4321, #1515, #2500 ) ;
#2305 = CARTESIAN_POINT ( 'NONE',  ( 14.25000000000000000, -28.00000000000000000, 6.000000000000000000 ) ) ;
#2306 = EDGE_LOOP ( 'NONE', ( #1828, #1855, #3, #2910 ) ) ;
#2307 = EDGE_CURVE ( 'NONE', #85, #1009, #1071, .T. ) ;
#2308 = ORIENTED_EDGE ( 'NONE', *, *, #1860, .F. ) ;
#2309 = FACE_OUTER_BOUND ( 'NONE', #2156, .T. ) ;
#2310 = CARTESIAN_POINT ( 'NONE',  ( -13.55000000000000071, 8.960050506339001686, -10.80000000000000071 ) ) ;
#2311 = ORIENTED_EDGE ( 'NONE', *, *, #2539, .F. ) ;
#2312 = CARTESIAN_POINT ( 'NONE',  ( -8.000000000000000000, 11.24999999990450306, 4.750000000115051080 ) ) ;
#2313 = AXIS2_PLACEMENT_3D ( 'NONE', #1759, #3187, #4637 ) ;
#2314 = DIRECTION ( 'NONE',  ( 1.000000000000000000, 0.000000000000000000, 0.000000000000000000 ) ) ;
#2315 = CIRCLE ( 'NONE', #51, 1.050000000000000488 ) ;
#2316 = VERTEX_POINT ( 'NONE', #3944 ) ;
#2317 = EDGE_LOOP ( 'NONE', ( #2263, #2484, #2809, #561 ) ) ;
#2318 = ORIENTED_EDGE ( 'NONE', *, *, #546, .F. ) ;
#2319 = CARTESIAN_POINT ( 'NONE',  ( -8.349999999999999645, -19.30000000000000071, -10.80000000000000071 ) ) ;
#2320 = FACE_OUTER_BOUND ( 'NONE', #40, .T. ) ;
#2321 = DIRECTION ( 'NONE',  ( -0.000000000000000000, -1.000000000000000000, 0.000000000000000000 ) ) ;
#2322 = VECTOR ( 'NONE', #3959, 1000.000000000000000 ) ;
#2323 = AXIS2_PLACEMENT_3D ( 'NONE', #2369, #104, #3743 ) ;
#2324 = ORIENTED_EDGE ( 'NONE', *, *, #2694, .T. ) ;
#2325 = AXIS2_PLACEMENT_3D ( 'NONE', #2771, #3839, #251 ) ;
#2326 = CARTESIAN_POINT ( 'NONE',  ( -10.25000000000000000, -29.35000000000000142, 3.900000000000000355 ) ) ;
#2327 = CIRCLE ( 'NONE', #522, 1.049999999935153250 ) ;
#2328 = DIRECTION ( 'NONE',  ( -0.000000000000000000, 1.000000000000000000, 0.000000000000000000 ) ) ;
#2329 = ADVANCED_FACE ( 'NONE', ( #4412 ), #696, .F. ) ;
#2330 = EDGE_CURVE ( 'NONE', #1478, #4234, #2848, .T. ) ;
#2331 = ORIENTED_EDGE ( 'NONE', *, *, #4531, .T. ) ;
#2332 = ORIENTED_EDGE ( 'NONE', *, *, #1723, .F. ) ;
#2333 = CIRCLE ( 'NONE', #2255, 1.249999999970441422 ) ;
#2334 = DIRECTION ( 'NONE',  ( 1.000000000000000000, -0.000000000000000000, -0.000000000000000000 ) ) ;
#2335 = DIRECTION ( 'NONE',  ( 0.000000000000000000, 0.000000000000000000, -1.000000000000000000 ) ) ;
#2336 = ADVANCED_FACE ( 'NONE', ( #4660 ), #472, .F. ) ;
#2337 = CIRCLE ( 'NONE', #308, 1.250000000027284841 ) ;
#2338 = EDGE_LOOP ( 'NONE', ( #4235, #4503, #2762, #50 ) ) ;
#2339 = DIRECTION ( 'NONE',  ( 1.000000000000000000, 0.000000000000000000, 0.000000000000000000 ) ) ;
#2340 = CARTESIAN_POINT ( 'NONE',  ( 14.25000000000000000, -26.64999999999999858, 3.899999999999999911 ) ) ;
#2341 = CARTESIAN_POINT ( 'NONE',  ( -8.000000000000000000, -35.25000000007594281, 6.000000000000000000 ) ) ;
#2342 = EDGE_LOOP ( 'NONE', ( #1967, #2324, #4494, #3108 ) ) ;
#2343 = ORIENTED_EDGE ( 'NONE', *, *, #4568, .T. ) ;
#2344 = VERTEX_POINT ( 'NONE', #3341 ) ;
#2345 = DIRECTION ( 'NONE',  ( 0.000000000000000000, 1.000000000000000000, 0.000000000000000000 ) ) ;
#2346 = CARTESIAN_POINT ( 'NONE',  ( 8.000000000000000000, -35.24999999999045031, -4.750000000029560354 ) ) ;
#2347 = CARTESIAN_POINT ( 'NONE',  ( -13.55000000000000071, 0.000000000000000000, 10.80000000000000071 ) ) ;
#2348 = DIRECTION ( 'NONE',  ( 0.000000000000000000, 0.000000000000000000, 1.000000000000000000 ) ) ;
#2349 = VERTEX_POINT ( 'NONE', #712 ) ;
#2350 = CARTESIAN_POINT ( 'NONE',  ( 8.000000000000000000, 11.05000000001155058, 4.950000000008003553 ) ) ;
#2351 = LINE ( 'NONE', #1953, #3380 ) ;
#2352 = EDGE_CURVE ( 'NONE', #3317, #3724, #2211, .T. ) ;
#2353 = ORIENTED_EDGE ( 'NONE', *, *, #2643, .F. ) ;
#2354 = ORIENTED_EDGE ( 'NONE', *, *, #3269, .F. ) ;
#2355 = DIRECTION ( 'NONE',  ( 0.000000000000000000, -1.000000000000000000, 0.000000000000000000 ) ) ;
#2356 = CARTESIAN_POINT ( 'NONE',  ( 14.25000000000000000, -4.000000000000000000, -6.000000000000000000 ) ) ;
#2357 = ORIENTED_EDGE ( 'NONE', *, *, #4588, .T. ) ;
#2358 = FACE_OUTER_BOUND ( 'NONE', #3190, .T. ) ;
#2359 = EDGE_CURVE ( 'NONE', #2349, #211, #109, .T. ) ;
#2360 = ADVANCED_FACE ( 'NONE', ( #3318 ), #432, .F. ) ;
#2361 = DIRECTION ( 'NONE',  ( -1.000000000000000000, 0.000000000000000000, 0.000000000000000000 ) ) ;
#2362 = DIRECTION ( 'NONE',  ( 0.000000000000000000, 0.000000000000000000, 1.000000000000000000 ) ) ;
#2363 = ORIENTED_EDGE ( 'NONE', *, *, #2616, .T. ) ;
#2364 = EDGE_LOOP ( 'NONE', ( #4557, #2250 ) ) ;
#2365 = LINE ( 'NONE', #2458, #4347 ) ;
#2366 = CARTESIAN_POINT ( 'NONE',  ( -14.04999999994061000, -4.000000000000000000, -6.000000000000000000 ) ) ;
#2367 = FACE_OUTER_BOUND ( 'NONE', #1873, .T. ) ;
#2368 = ORIENTED_EDGE ( 'NONE', *, *, #2299, .T. ) ;
#2369 = CARTESIAN_POINT ( 'NONE',  ( 8.000000000000000000, 11.24999999990450306, 6.000000000000000000 ) ) ;
#2370 = DIRECTION ( 'NONE',  ( 0.000000000000000000, -1.000000000000000000, 0.000000000000000000 ) ) ;
#2371 = EDGE_LOOP ( 'NONE', ( #4064, #1142, #2191, #517 ) ) ;
#2372 = VECTOR ( 'NONE', #338, 1000.000000000000000 ) ;
#2373 = VERTEX_POINT ( 'NONE', #4282 ) ;
#2374 = CARTESIAN_POINT ( 'NONE',  ( -14.25000000000000000, 0.000000000000000000, 11.50000000000000000 ) ) ;
#2375 = VECTOR ( 'NONE', #3704, 1000.000000000000000 ) ;
#2376 = VERTEX_POINT ( 'NONE', #1555 ) ;
#2377 = DIRECTION ( 'NONE',  ( -0.000000000000000000, -1.000000000000000000, -0.000000000000000000 ) ) ;
#2378 = VECTOR ( 'NONE', #2093, 1000.000000000000000 ) ;
#2379 = DIRECTION ( 'NONE',  ( -1.000000000000000000, -0.000000000000000000, -0.000000000000000000 ) ) ;
#2380 = CYLINDRICAL_SURFACE ( 'NONE', #395, 1.050000000000000488 ) ;
#2381 = EDGE_CURVE ( 'NONE', #2316, #3215, #2315, .T. ) ;
#2382 = ADVANCED_FACE ( 'NONE', ( #1863 ), #2993, .F. ) ;
#2383 = ORIENTED_EDGE ( 'NONE', *, *, #4436, .T. ) ;
#2384 = ORIENTED_EDGE ( 'NONE', *, *, #4004, .T. ) ;
#2385 = DIRECTION ( 'NONE',  ( 0.000000000000000000, 0.000000000000000000, 1.000000000000000000 ) ) ;
#2386 = ORIENTED_EDGE ( 'NONE', *, *, #785, .F. ) ;
#2387 = CARTESIAN_POINT ( 'NONE',  ( -14.04999999994061000, -4.000000000000000000, -6.000000000000000000 ) ) ;
#2388 = AXIS2_PLACEMENT_3D ( 'NONE', #1665, #1385, #4567 ) ;
#2389 = FACE_OUTER_BOUND ( 'NONE', #3066, .T. ) ;
#2390 = DIRECTION ( 'NONE',  ( 0.000000000000000000, 0.000000000000000000, -1.000000000000000000 ) ) ;
#2391 = EDGE_CURVE ( 'NONE', #4174, #4184, #1779, .T. ) ;
#2392 = AXIS2_PLACEMENT_3D ( 'NONE', #1982, #3091, #4176 ) ;
#2393 = CARTESIAN_POINT ( 'NONE',  ( 14.04999999994061000, -4.000000000000000000, -6.000000000000000000 ) ) ;
#2394 = VERTEX_POINT ( 'NONE', #3678 ) ;
#2395 = FACE_BOUND ( 'NONE', #2371, .T. ) ;
#2396 = DIRECTION ( 'NONE',  ( 0.000000000000000000, 0.000000000000000000, -1.000000000000000000 ) ) ;
#2397 = EDGE_LOOP ( 'NONE', ( #3594, #920, #1224, #2788 ) ) ;
#2398 = AXIS2_PLACEMENT_3D ( 'NONE', #4580, #1420, #996 ) ;
#2399 = VECTOR ( 'NONE', #706, 1000.000000000000000 ) ;
#2400 = ORIENTED_EDGE ( 'NONE', *, *, #3555, .F. ) ;
#2401 = PLANE ( 'NONE',  #1880 ) ;
#2402 = DIRECTION ( 'NONE',  ( 0.000000000000000000, 0.000000000000000000, 1.000000000000000000 ) ) ;
#2403 = VECTOR ( 'NONE', #2461, 1000.000000000000000 ) ;
#2404 = VERTEX_POINT ( 'NONE', #4437 ) ;
#2405 = DIRECTION ( 'NONE',  ( 8.659560563585529986E-17, -0.7071067810860616198, 0.7071067812870334146 ) ) ;
#2406 = CARTESIAN_POINT ( 'NONE',  ( 14.25000000003228706, -4.000000000000000000, -6.000000000000000000 ) ) ;
#2407 = VECTOR ( 'NONE', #3005, 1000.000000000000114 ) ;
#2408 = VERTEX_POINT ( 'NONE', #136 ) ;
#2409 = VERTEX_POINT ( 'NONE', #1051 ) ;
#2410 = LINE ( 'NONE', #4183, #3028 ) ;
#2411 = ORIENTED_EDGE ( 'NONE', *, *, #23, .T. ) ;
#2412 = PLANE ( 'NONE',  #509 ) ;
#2413 = CARTESIAN_POINT ( 'NONE',  ( 13.55000000000000071, -32.96005050634000355, 10.80000000000000071 ) ) ;
#2414 = FACE_OUTER_BOUND ( 'NONE', #1883, .T. ) ;
#2415 = DIRECTION ( 'NONE',  ( -1.000000000000000000, 0.000000000000000000, 0.000000000000000000 ) ) ;
#2416 = EDGE_LOOP ( 'NONE', ( #1373, #1187, #2659, #974 ) ) ;
#2417 = EDGE_CURVE ( 'NONE', #1732, #272, #3210, .T. ) ;
#2418 = DIRECTION ( 'NONE',  ( 0.000000000000000000, 0.000000000000000000, 1.000000000000000000 ) ) ;
#2419 = EDGE_CURVE ( 'NONE', #2708, #2144, #667, .T. ) ;
#2420 = DIRECTION ( 'NONE',  ( 0.000000000000000000, -1.000000000000000000, -0.000000000000000000 ) ) ;
#2421 = EDGE_LOOP ( 'NONE', ( #476, #3432, #3162, #4349 ) ) ;
#2422 = CARTESIAN_POINT ( 'NONE',  ( 14.25000000003228706, -28.00000000000000000, -6.000000000000000000 ) ) ;
#2423 = EDGE_LOOP ( 'NONE', ( #2890, #2836, #2036, #1908 ) ) ;
#2424 = PLANE ( 'NONE',  #905 ) ;
#2425 = VECTOR ( 'NONE', #1050, 1000.000000000000000 ) ;
#2426 = EDGE_CURVE ( 'NONE', #2717, #3825, #1177, .T. ) ;
#2427 = CARTESIAN_POINT ( 'NONE',  ( 12.75000000000000178, 0.000000000000000000, -10.80000000000000071 ) ) ;
#2428 = VECTOR ( 'NONE', #2786, 1000.000000000000000 ) ;
#2429 = ORIENTED_EDGE ( 'NONE', *, *, #2889, .T. ) ;
#2430 = DIRECTION ( 'NONE',  ( 0.000000000000000000, -1.000000000000000000, 0.000000000000000000 ) ) ;
#2431 = DIRECTION ( 'NONE',  ( 0.000000000000000000, 0.000000000000000000, -1.000000000000000000 ) ) ;
#2432 = CARTESIAN_POINT ( 'NONE',  ( -14.25000000000000178, 9.249999999999998224, -11.50000000000000000 ) ) ;
#2433 = ORIENTED_EDGE ( 'NONE', *, *, #813, .T. ) ;
#2434 = EDGE_LOOP ( 'NONE', ( #1774, #4319, #791, #3792 ) ) ;
#2435 = ADVANCED_FACE ( 'NONE', ( #1606 ), #4511, .T. ) ;
#2436 = DIRECTION ( 'NONE',  ( 1.000000000000000000, 0.000000000000000000, -0.000000000000000000 ) ) ;
#2437 = CARTESIAN_POINT ( 'NONE',  ( 8.000000000000000000, -35.25000000007594281, 7.250000000055479177 ) ) ;
#2438 = CARTESIAN_POINT ( 'NONE',  ( 10.25000000000000000, -28.00000000000000000, 7.050000000000000711 ) ) ;
#2439 = CARTESIAN_POINT ( 'NONE',  ( -10.25000000000000000, -4.000000000000000000, 6.000000000000000000 ) ) ;
#2440 = VERTEX_POINT ( 'NONE', #519 ) ;
#2441 = LINE ( 'NONE', #3908, #2167 ) ;
#2442 = FACE_OUTER_BOUND ( 'NONE', #2866, .T. ) ;
#2443 = CARTESIAN_POINT ( 'NONE',  ( -8.349999999999999645, -31.25000000000000000, 3.899999999999999911 ) ) ;
#2444 = ADVANCED_FACE ( 'NONE', ( #1277 ), #2749, .T. ) ;
#2445 = ORIENTED_EDGE ( 'NONE', *, *, #456, .F. ) ;
#2446 = CARTESIAN_POINT ( 'NONE',  ( 8.000000000000000000, -35.25000000000000000, -4.949999999999999289 ) ) ;
#2447 = PLANE ( 'NONE',  #3157 ) ;
#2448 = CIRCLE ( 'NONE', #3507, 1.049999999991996669 ) ;
#2449 = ORIENTED_EDGE ( 'NONE', *, *, #1654, .T. ) ;
#2450 = DIRECTION ( 'NONE',  ( 1.000000000000000000, 0.000000000000000000, 0.000000000000000000 ) ) ;
#2451 = VECTOR ( 'NONE', #3588, 1000.000000000000000 ) ;
#2452 = CARTESIAN_POINT ( 'NONE',  ( -9.350000000000001421, -35.25000000000000000, 3.899999999999999911 ) ) ;
#2453 = DIRECTION ( 'NONE',  ( 1.000000000000000000, 0.000000000000000000, -0.000000000000000000 ) ) ;
#2454 = ORIENTED_EDGE ( 'NONE', *, *, #4177, .F. ) ;
#2455 = AXIS2_PLACEMENT_3D ( 'NONE', #1193, #14, #436 ) ;
#2456 = ORIENTED_EDGE ( 'NONE', *, *, #2135, .F. ) ;
#2457 = CARTESIAN_POINT ( 'NONE',  ( -14.25000000000000000, -4.000000000000000000, -6.000000000000000000 ) ) ;
#2458 = CARTESIAN_POINT ( 'NONE',  ( 8.000000000000000000, 11.24999999990450306, 4.750000000115051080 ) ) ;
#2459 = CARTESIAN_POINT ( 'NONE',  ( 14.24999999989040589, -28.00000000000000000, -4.750000000114596332 ) ) ;
#2460 = CARTESIAN_POINT ( 'NONE',  ( -10.25000000000000000, -4.000000000000000000, 7.050000000000000711 ) ) ;
#2461 = DIRECTION ( 'NONE',  ( 0.000000000000000000, -0.000000000000000000, 1.000000000000000000 ) ) ;
#2462 = VECTOR ( 'NONE', #867, 1000.000000000000000 ) ;
#2463 = ORIENTED_EDGE ( 'NONE', *, *, #1800, .F. ) ;
#2464 = DIRECTION ( 'NONE',  ( 1.000000000000000000, -0.000000000000000000, -0.000000000000000000 ) ) ;
#2465 = PLANE ( 'NONE',  #595 ) ;
#2466 = CARTESIAN_POINT ( 'NONE',  ( -10.25000000000000000, -4.000000000000000000, 4.949999999999999289 ) ) ;
#2467 = AXIS2_PLACEMENT_3D ( 'NONE', #1018, #2450, #4538 ) ;
#2468 = CIRCLE ( 'NONE', #2094, 1.250000000027284841 ) ;
#2469 = ORIENTED_EDGE ( 'NONE', *, *, #3697, .T. ) ;
#2470 = CARTESIAN_POINT ( 'NONE',  ( 0.000000000000000000, 7.250000000000000000, -10.80000000000000071 ) ) ;
#2471 = CARTESIAN_POINT ( 'NONE',  ( 14.24999999989040589, -4.000000000000000000, 6.000000000000000000 ) ) ;
#2472 = ADVANCED_FACE ( 'NONE', ( #3396 ), #1321, .T. ) ;
#2473 = EDGE_CURVE ( 'NONE', #272, #385, #1114, .T. ) ;
#2474 = CIRCLE ( 'NONE', #1651, 1.049999999991996669 ) ;
#2475 = CIRCLE ( 'NONE', #901, 1.050000000000000488 ) ;
#2476 = VERTEX_POINT ( 'NONE', #4485 ) ;
#2477 = DIRECTION ( 'NONE',  ( 0.000000000000000000, -0.000000000000000000, -1.000000000000000000 ) ) ;
#2478 = VECTOR ( 'NONE', #54, 1000.000000000000000 ) ;
#2479 = EDGE_CURVE ( 'NONE', #510, #385, #3040, .T. ) ;
#2480 = EDGE_CURVE ( 'NONE', #1537, #2897, #3416, .T. ) ;
#2481 = CIRCLE ( 'NONE', #3762, 1.050000000000000488 ) ;
#2482 = LINE ( 'NONE', #334, #4269 ) ;
#2483 = VECTOR ( 'NONE', #1339, 1000.000000000000000 ) ;
#2484 = ORIENTED_EDGE ( 'NONE', *, *, #4384, .F. ) ;
#2485 = DIRECTION ( 'NONE',  ( 1.000000000000000000, 0.000000000000000000, 0.000000000000000000 ) ) ;
#2486 = EDGE_CURVE ( 'NONE', #4655, #3169, #4173, .T. ) ;
#2487 = DIRECTION ( 'NONE',  ( 0.7071067811865474617, -0.7071067811865474617, -0.000000000000000000 ) ) ;
#2488 = CARTESIAN_POINT ( 'NONE',  ( -8.349999999999999645, -19.30000000000000071, -4.700000000000000178 ) ) ;
#2489 = DIRECTION ( 'NONE',  ( -0.000000000000000000, -0.000000000000000000, -1.000000000000000000 ) ) ;
#2490 = ORIENTED_EDGE ( 'NONE', *, *, #2330, .F. ) ;
#2491 = FACE_BOUND ( 'NONE', #3304, .T. ) ;
#2492 = CARTESIAN_POINT ( 'NONE',  ( 14.25000000000000000, -27.64999999999999858, -3.899999999999999911 ) ) ;
#2493 = CARTESIAN_POINT ( 'NONE',  ( 9.350000000000001421, -31.25000000000000000, -3.899999999999999911 ) ) ;
#2494 = VERTEX_POINT ( 'NONE', #973 ) ;
#2495 = FACE_OUTER_BOUND ( 'NONE', #2900, .T. ) ;
#2496 = DIRECTION ( 'NONE',  ( 0.000000000000000000, 0.000000000000000000, -1.000000000000000000 ) ) ;
#2497 = ORIENTED_EDGE ( 'NONE', *, *, #3450, .T. ) ;
#2498 = DIRECTION ( 'NONE',  ( -1.000000000000000000, -0.000000000000000000, -0.000000000000000000 ) ) ;
#2499 = STYLED_ITEM ( 'NONE', ( #2266 ), #919 ) ;
#2500 = DIRECTION ( 'NONE',  ( 1.000000000000000000, 0.000000000000000000, -0.000000000000000000 ) ) ;
#2501 = VECTOR ( 'NONE', #964, 1000.000000000000000 ) ;
#2502 = ADVANCED_FACE ( 'NONE', ( #4463 ), #3846, .T. ) ;
#2503 = ORIENTED_EDGE ( 'NONE', *, *, #2022, .F. ) ;
#2504 = ADVANCED_FACE ( 'NONE', ( #4152 ), #1719, .F. ) ;
#2505 = DIRECTION ( 'NONE',  ( 1.000000000000000000, 0.000000000000000000, -0.000000000000000000 ) ) ;
#2506 = CARTESIAN_POINT ( 'NONE',  ( 12.75000000000000178, -19.30000000000000071, -4.700000000000000178 ) ) ;
#2507 = ORIENTED_EDGE ( 'NONE', *, *, #4407, .F. ) ;
#2508 = EDGE_CURVE ( 'NONE', #4303, #1498, #2468, .T. ) ;
#2509 = CARTESIAN_POINT ( 'NONE',  ( 14.25000000000000000, -29.35000000000000142, -3.899999999999999911 ) ) ;
#2510 = ORIENTED_EDGE ( 'NONE', *, *, #4297, .F. ) ;
#2511 = CARTESIAN_POINT ( 'NONE',  ( -10.25000000000000000, -2.649999999999999911, -3.899999999999999911 ) ) ;
#2512 = LINE ( 'NONE', #410, #678 ) ;
#2513 = DIRECTION ( 'NONE',  ( 0.000000000000000000, 1.000000000000000000, -0.000000000000000000 ) ) ;
#2514 = ORIENTED_EDGE ( 'NONE', *, *, #3220, .F. ) ;
#2515 = DIRECTION ( 'NONE',  ( 0.000000000000000000, 1.000000000000000000, 0.000000000000000000 ) ) ;
#2516 = CARTESIAN_POINT ( 'NONE',  ( -8.000000000000000000, 7.250000000000000000, 6.000000000000000000 ) ) ;
#2517 = ORIENTED_EDGE ( 'NONE', *, *, #1449, .T. ) ;
#2518 = FACE_OUTER_BOUND ( 'NONE', #2057, .T. ) ;
#2519 = FACE_OUTER_BOUND ( 'NONE', #3446, .T. ) ;
#2520 = AXIS2_PLACEMENT_3D ( 'NONE', #848, #3075, #1238 ) ;
#2521 = ORIENTED_EDGE ( 'NONE', *, *, #1309, .F. ) ;
#2522 = CIRCLE ( 'NONE', #1851, 1.250000000027284841 ) ;
#2523 = CARTESIAN_POINT ( 'NONE',  ( 11.96005050633975131, 10.54999999999975024, -10.80000000000000071 ) ) ;
#2524 = EDGE_CURVE ( 'NONE', #1311, #1540, #4555, .T. ) ;
#2525 = ADVANCED_FACE ( 'NONE', ( #3438 ), #925, .F. ) ;
#2526 = AXIS2_PLACEMENT_3D ( 'NONE', #2140, #1081, #2711 ) ;
#2527 = ORIENTED_EDGE ( 'NONE', *, *, #2854, .F. ) ;
#2528 = ORIENTED_EDGE ( 'NONE', *, *, #1239, .T. ) ;
#2529 = VERTEX_POINT ( 'NONE', #3089 ) ;
#2530 = CARTESIAN_POINT ( 'NONE',  ( 0.000000000000000000, 11.25000000000000000, 11.50000000000000000 ) ) ;
#2531 = LINE ( 'NONE', #3306, #1728 ) ;
#2532 = EDGE_CURVE ( 'NONE', #1745, #4659, #3109, .T. ) ;
#2533 = CARTESIAN_POINT ( 'NONE',  ( 14.25000000000000000, 0.000000000000000000, 11.50000000000000000 ) ) ;
#2534 = CIRCLE ( 'NONE', #2992, 1.049999999992450972 ) ;
#2535 = ORIENTED_EDGE ( 'NONE', *, *, #2792, .F. ) ;
#2536 = CARTESIAN_POINT ( 'NONE',  ( -8.000000000000000000, 11.05000000001155058, 4.950000000008003553 ) ) ;
#2537 = LINE ( 'NONE', #1531, #4290 ) ;
#2538 = VECTOR ( 'NONE', #3902, 1000.000000000000000 ) ;
#2539 = EDGE_CURVE ( 'NONE', #2153, #3702, #1580, .T. ) ;
#2540 = VECTOR ( 'NONE', #4230, 1000.000000000000000 ) ;
#2541 = EDGE_LOOP ( 'NONE', ( #3231, #1061, #460, #1664 ) ) ;
#2542 = EDGE_LOOP ( 'NONE', ( #3168, #1368, #1412, #1872 ) ) ;
#2543 = DIRECTION ( 'NONE',  ( 0.000000000000000000, 0.000000000000000000, -1.000000000000000000 ) ) ;
#2544 = PLANE ( 'NONE',  #2149 ) ;
#2545 = AXIS2_PLACEMENT_3D ( 'NONE', #777, #754, #2187 ) ;
#2546 = ORIENTED_EDGE ( 'NONE', *, *, #463, .T. ) ;
#2547 = AXIS2_PLACEMENT_3D ( 'NONE', #4674, #4629, #3199 ) ;
#2548 = ADVANCED_FACE ( 'NONE', ( #2309 ), #4535, .F. ) ;
#2549 = CYLINDRICAL_SURFACE ( 'NONE', #2600, 1.050000000000000488 ) ;
#2550 = EDGE_LOOP ( 'NONE', ( #3639, #616, #3203, #2814 ) ) ;
#2551 = ORIENTED_EDGE ( 'NONE', *, *, #4505, .T. ) ;
#2552 = VECTOR ( 'NONE', #1763, 1000.000000000000000 ) ;
#2553 = ORIENTED_EDGE ( 'NONE', *, *, #992, .T. ) ;
#2554 = CARTESIAN_POINT ( 'NONE',  ( 14.25000000000000000, -28.00000000000000000, -6.000000000000000000 ) ) ;
#2555 = FACE_BOUND ( 'NONE', #4138, .T. ) ;
#2556 = CARTESIAN_POINT ( 'NONE',  ( 14.25000000000000000, -5.349999999999999645, -3.899999999999999911 ) ) ;
#2557 = DIRECTION ( 'NONE',  ( -0.000000000000000000, 1.000000000000000000, 0.000000000000000000 ) ) ;
#2558 = ADVANCED_FACE ( 'NONE', ( #1375 ), #2447, .F. ) ;
#2559 = EDGE_CURVE ( 'NONE', #3625, #1165, #2474, .T. ) ;
#2560 = ORIENTED_EDGE ( 'NONE', *, *, #2815, .T. ) ;
#2561 = LINE ( 'NONE', #2231, #3227 ) ;
#2562 = LINE ( 'NONE', #105, #592 ) ;
#2563 = VERTEX_POINT ( 'NONE', #309 ) ;
#2564 = EDGE_CURVE ( 'NONE', #91, #4376, #2852, .T. ) ;
#2565 = DIRECTION ( 'NONE',  ( 0.000000000000000000, 0.000000000000000000, 1.000000000000000000 ) ) ;
#2566 = EDGE_LOOP ( 'NONE', ( #474, #4294, #3707, #3671 ) ) ;
#2567 = DIRECTION ( 'NONE',  ( -0.000000000000000000, 1.000000000000000000, 0.000000000000000000 ) ) ;
#2568 = VECTOR ( 'NONE', #204, 1000.000000000000000 ) ;
#2569 = DIRECTION ( 'NONE',  ( 0.000000000000000000, 0.000000000000000000, 1.000000000000000000 ) ) ;
#2570 = ORIENTED_EDGE ( 'NONE', *, *, #392, .T. ) ;
#2571 = ORIENTED_EDGE ( 'NONE', *, *, #1614, .F. ) ;
#2572 = CARTESIAN_POINT ( 'NONE',  ( 8.000000000000000000, 7.250000000000000000, 6.000000000000000000 ) ) ;
#2573 = FACE_OUTER_BOUND ( 'NONE', #2421, .T. ) ;
#2574 = ORIENTED_EDGE ( 'NONE', *, *, #2583, .F. ) ;
#2575 = DIRECTION ( 'NONE',  ( 0.000000000000000000, 0.000000000000000000, -1.000000000000000000 ) ) ;
#2576 = LINE ( 'NONE', #3953, #2478 ) ;
#2577 = DIRECTION ( 'NONE',  ( -1.000000000000000000, -0.000000000000000000, -0.000000000000000000 ) ) ;
#2578 = LINE ( 'NONE', #1832, #3858 ) ;
#2579 = VERTEX_POINT ( 'NONE', #4296 ) ;
#2580 = DIRECTION ( 'NONE',  ( 0.000000000000000000, 0.000000000000000000, -1.000000000000000000 ) ) ;
#2581 = LINE ( 'NONE', #1152, #439 ) ;
#2582 = EDGE_CURVE ( 'NONE', #4050, #4018, #900, .T. ) ;
#2583 = EDGE_CURVE ( 'NONE', #1540, #3289, #4360, .T. ) ;
#2584 = VERTEX_POINT ( 'NONE', #662 ) ;
#2585 = DIRECTION ( 'NONE',  ( 0.000000000000000000, 0.000000000000000000, 1.000000000000000000 ) ) ;
#2586 = CARTESIAN_POINT ( 'NONE',  ( 14.24999999989040589, -4.000000000000000000, 6.000000000000000000 ) ) ;
#2587 = ADVANCED_FACE ( 'NONE', ( #1063 ), #1038, .F. ) ;
#2588 = LINE ( 'NONE', #2639, #299 ) ;
#2589 = CARTESIAN_POINT ( 'NONE',  ( -14.04999999994061000, -4.000000000000000000, 6.000000000000000000 ) ) ;
#2590 = EDGE_LOOP ( 'NONE', ( #3186, #1487, #2546, #1867 ) ) ;
#2591 = PLANE ( 'NONE',  #445 ) ;
#2592 = LINE ( 'NONE', #3659, #4007 ) ;
#2593 = LINE ( 'NONE', #1433, #879 ) ;
#2594 = ORIENTED_EDGE ( 'NONE', *, *, #2022, .T. ) ;
#2595 = AXIS2_PLACEMENT_3D ( 'NONE', #3357, #916, #507 ) ;
#2596 = VERTEX_POINT ( 'NONE', #2098 ) ;
#2597 = ORIENTED_EDGE ( 'NONE', *, *, #2218, .T. ) ;
#2598 = DIRECTION ( 'NONE',  ( 0.000000000000000000, 0.000000000000000000, -1.000000000000000000 ) ) ;
#2599 = FACE_OUTER_BOUND ( 'NONE', #4150, .T. ) ;
#2600 = AXIS2_PLACEMENT_3D ( 'NONE', #4305, #3992, #3211 ) ;
#2601 = LINE ( 'NONE', #3696, #3963 ) ;
#2602 = PLANE ( 'NONE',  #4390 ) ;
#2603 = VECTOR ( 'NONE', #1901, 1000.000000000000000 ) ;
#2604 = VERTEX_POINT ( 'NONE', #3936 ) ;
#2605 = CARTESIAN_POINT ( 'NONE',  ( 13.55000000000000071, 8.960050506339003462, -10.80000000000000071 ) ) ;
#2606 = LINE ( 'NONE', #396, #4516 ) ;
#2607 = ORIENTED_EDGE ( 'NONE', *, *, #1008, .F. ) ;
#2608 = EDGE_CURVE ( 'NONE', #2529, #1978, #748, .T. ) ;
#2609 = AXIS2_PLACEMENT_3D ( 'NONE', #3449, #2039, #267 ) ;
#2610 = EDGE_CURVE ( 'NONE', #4229, #2349, #1348, .T. ) ;
#2611 = DIRECTION ( 'NONE',  ( 1.000000000000000000, 0.000000000000000000, 0.000000000000000000 ) ) ;
#2612 = CARTESIAN_POINT ( 'NONE',  ( 9.350000000000001421, -35.25000000000000000, -3.899999999999999911 ) ) ;
#2613 = VECTOR ( 'NONE', #643, 1000.000000000000000 ) ;
#2614 = DIRECTION ( 'NONE',  ( -0.000000000000000000, 1.000000000000000000, -0.000000000000000000 ) ) ;
#2615 = ORIENTED_EDGE ( 'NONE', *, *, #2128, .T. ) ;
#2616 = EDGE_CURVE ( 'NONE', #2373, #3690, #707, .T. ) ;
#2617 = ADVANCED_FACE ( 'NONE', ( #2166 ), #3543, .F. ) ;
#2618 = CARTESIAN_POINT ( 'NONE',  ( -12.75000000000000178, -19.30000000000000071, -10.80000000000000071 ) ) ;
#2619 = VECTOR ( 'NONE', #1466, 1000.000000000000000 ) ;
#2620 = CARTESIAN_POINT ( 'NONE',  ( 14.25000000000000000, -3.649999999999999911, 3.899999999999999911 ) ) ;
#2621 = VERTEX_POINT ( 'NONE', #4675 ) ;
#2622 = DIRECTION ( 'NONE',  ( 0.000000000000000000, 0.000000000000000000, 1.000000000000000000 ) ) ;
#2623 = EDGE_CURVE ( 'NONE', #3008, #3517, #3583, .T. ) ;
#2624 = ORIENTED_EDGE ( 'NONE', *, *, #3602, .F. ) ;
#2625 = CARTESIAN_POINT ( 'NONE',  ( 12.75000000000000178, -19.30000000000000071, -4.700000000000000178 ) ) ;
#2626 = CYLINDRICAL_SURFACE ( 'NONE', #2520, 1.050000000000000488 ) ;
#2627 = AXIS2_PLACEMENT_3D ( 'NONE', #3331, #2914, #2202 ) ;
#2628 = CARTESIAN_POINT ( 'NONE',  ( -10.25000000000000000, 0.000000000000000000, 3.900000000000000799 ) ) ;
#2629 = VECTOR ( 'NONE', #3150, 1000.000000000000000 ) ;
#2630 = ORIENTED_EDGE ( 'NONE', *, *, #3484, .F. ) ;
#2631 = DIRECTION ( 'NONE',  ( 0.000000000000000000, -1.000000000000000000, 0.000000000000000000 ) ) ;
#2632 = LINE ( 'NONE', #779, #4053 ) ;
#2633 = CONICAL_SURFACE ( 'NONE', #530, 1.249999999884949142, 0.7853981633974482790 ) ;
#2634 = LINE ( 'NONE', #3723, #749 ) ;
#2635 = VERTEX_POINT ( 'NONE', #2778 ) ;
#2636 = DIRECTION ( 'NONE',  ( 0.000000000000000000, 0.000000000000000000, -1.000000000000000000 ) ) ;
#2637 = DIRECTION ( 'NONE',  ( -0.000000000000000000, -0.000000000000000000, -1.000000000000000000 ) ) ;
#2638 = ORIENTED_EDGE ( 'NONE', *, *, #4621, .T. ) ;
#2639 = CARTESIAN_POINT ( 'NONE',  ( 12.25000000000000000, 11.25000000000000000, -11.50000000000000000 ) ) ;
#2640 = CARTESIAN_POINT ( 'NONE',  ( -6.650000000000000355, -31.25000000000000000, -3.899999999999999911 ) ) ;
#2641 = CARTESIAN_POINT ( 'NONE',  ( 13.55000000000000071, -32.96005050634000355, 11.50000000000000000 ) ) ;
#2642 = DIRECTION ( 'NONE',  ( 1.000000000000000000, 0.000000000000000000, 0.000000000000000000 ) ) ;
#2643 = EDGE_CURVE ( 'NONE', #4577, #955, #673, .T. ) ;
#2644 = PLANE ( 'NONE',  #1513 ) ;
#2645 = VERTEX_POINT ( 'NONE', #4228 ) ;
#2646 = VECTOR ( 'NONE', #2557, 1000.000000000000000 ) ;
#2647 = ORIENTED_EDGE ( 'NONE', *, *, #4663, .T. ) ;
#2648 = DIRECTION ( 'NONE',  ( 0.000000000000000000, 0.000000000000000000, -1.000000000000000000 ) ) ;
#2649 = DIRECTION ( 'NONE',  ( 0.000000000000000000, 0.000000000000000000, -1.000000000000000000 ) ) ;
#2650 = CARTESIAN_POINT ( 'NONE',  ( 14.25000000003274181, -4.000000000000000000, 4.749999999972715159 ) ) ;
#2651 = AXIS2_PLACEMENT_3D ( 'NONE', #2119, #1770, #1129 ) ;
#2652 = ADVANCED_FACE ( 'NONE', ( #3513 ), #3004, .F. ) ;
#2653 = PLANE ( 'NONE',  #4469 ) ;
#2654 = ORIENTED_EDGE ( 'NONE', *, *, #3405, .T. ) ;
#2655 = DIRECTION ( 'NONE',  ( -0.7071067811865474617, 0.000000000000000000, 0.7071067811865474617 ) ) ;
#2656 = CARTESIAN_POINT ( 'NONE',  ( 10.25000000000000000, 0.000000000000000000, -10.80000000000000071 ) ) ;
#2657 = LINE ( 'NONE', #2965, #64 ) ;
#2658 = EDGE_LOOP ( 'NONE', ( #1442, #147, #4631, #3524 ) ) ;
#2659 = ORIENTED_EDGE ( 'NONE', *, *, #1614, .T. ) ;
#2660 = DIRECTION ( 'NONE',  ( -0.7071067811865474617, -0.7071067811865474617, 0.000000000000000000 ) ) ;
#2661 = CARTESIAN_POINT ( 'NONE',  ( 6.650000000000000355, -35.25000000000000000, -3.899999999999999911 ) ) ;
#2662 = ORIENTED_EDGE ( 'NONE', *, *, #2004, .F. ) ;
#2663 = LINE ( 'NONE', #524, #3977 ) ;
#2664 = DIRECTION ( 'NONE',  ( -0.000000000000000000, -1.000000000000000000, 0.000000000000000000 ) ) ;
#2665 = CARTESIAN_POINT ( 'NONE',  ( -8.000000000000000000, -35.24999999993406163, 7.249999999913599780 ) ) ;
#2666 = DIRECTION ( 'NONE',  ( 0.000000000000000000, 0.000000000000000000, 1.000000000000000000 ) ) ;
#2667 = ORIENTED_EDGE ( 'NONE', *, *, #2707, .F. ) ;
#2668 = VERTEX_POINT ( 'NONE', #1724 ) ;
#2669 = EDGE_CURVE ( 'NONE', #2949, #2850, #255, .T. ) ;
#2670 = DIRECTION ( 'NONE',  ( 0.7071067811865486830, -0.7071067811865464625, 0.000000000000000000 ) ) ;
#2671 = EDGE_CURVE ( 'NONE', #3090, #4309, #3161, .T. ) ;
#2672 = CARTESIAN_POINT ( 'NONE',  ( -14.24999999997589839, -28.00000000000000000, 7.249999999970441422 ) ) ;
#2673 = CARTESIAN_POINT ( 'NONE',  ( -14.24999999989040589, -28.00000000000000000, 7.249999999884948920 ) ) ;
#2674 = VECTOR ( 'NONE', #361, 1000.000000000000114 ) ;
#2675 = ORIENTED_EDGE ( 'NONE', *, *, #3664, .F. ) ;
#2676 = DIRECTION ( 'NONE',  ( 0.000000000000000000, 1.000000000000000000, -0.000000000000000000 ) ) ;
#2677 = VECTOR ( 'NONE', #1776, 1000.000000000000000 ) ;
#2678 = EDGE_CURVE ( 'NONE', #694, #1705, #1118, .T. ) ;
#2679 = CARTESIAN_POINT ( 'NONE',  ( -6.650000000000000355, -35.25000000000000000, 3.899999999999999911 ) ) ;
#2680 = AXIS2_PLACEMENT_3D ( 'NONE', #3579, #370, #3885 ) ;
#2681 = ORIENTED_EDGE ( 'NONE', *, *, #3628, .F. ) ;
#2682 = EDGE_LOOP ( 'NONE', ( #965, #2354, #2686, #3736 ) ) ;
#2683 = EDGE_CURVE ( 'NONE', #638, #1673, #1857, .T. ) ;
#2684 = DIRECTION ( 'NONE',  ( 0.7071067811865475727, 0.7071067811865475727, 0.000000000000000000 ) ) ;
#2685 = CARTESIAN_POINT ( 'NONE',  ( -14.24999999989040589, -28.00000000000000000, 6.000000000000000000 ) ) ;
#2686 = ORIENTED_EDGE ( 'NONE', *, *, #1934, .F. ) ;
#2687 = VECTOR ( 'NONE', #2714, 1000.000000000000114 ) ;
#2688 = DIRECTION ( 'NONE',  ( 1.000000000000000000, 0.000000000000000000, -0.000000000000000000 ) ) ;
#2689 = VECTOR ( 'NONE', #3009, 1000.000000000000000 ) ;
#2690 = DIRECTION ( 'NONE',  ( 0.000000000000000000, 1.000000000000000000, -0.000000000000000000 ) ) ;
#2691 = VECTOR ( 'NONE', #1956, 1000.000000000000114 ) ;
#2692 = CARTESIAN_POINT ( 'NONE',  ( 14.25000000000000000, -28.00000000000000000, 6.000000000000000000 ) ) ;
#2693 = ORIENTED_EDGE ( 'NONE', *, *, #3840, .T. ) ;
#2694 = EDGE_CURVE ( 'NONE', #4001, #91, #1133, .T. ) ;
#2695 = ORIENTED_EDGE ( 'NONE', *, *, #4346, .T. ) ;
#2696 = LINE ( 'NONE', #97, #4507 ) ;
#2697 = DIRECTION ( 'NONE',  ( -1.000000000000000000, 0.000000000000000000, -0.000000000000000000 ) ) ;
#2698 = DIRECTION ( 'NONE',  ( 1.000000000000000000, 0.000000000000000000, 0.000000000000000000 ) ) ;
#2699 = CARTESIAN_POINT ( 'NONE',  ( 6.650000000000000355, -35.25000000000000000, 3.899999999999999911 ) ) ;
#2700 = VECTOR ( 'NONE', #1398, 1000.000000000000000 ) ;
#2701 = VECTOR ( 'NONE', #3699, 1000.000000000000000 ) ;
#2702 = ORIENTED_EDGE ( 'NONE', *, *, #1092, .F. ) ;
#2703 = VECTOR ( 'NONE', #1878, 1000.000000000000000 ) ;
#2704 = CARTESIAN_POINT ( 'NONE',  ( -14.25000000000000000, -29.35000000000000142, -10.80000000000000071 ) ) ;
#2705 = VECTOR ( 'NONE', #3132, 1000.000000000000000 ) ;
#2706 = CARTESIAN_POINT ( 'NONE',  ( 0.000000000000000000, -31.25000000000000000, -10.80000000000000071 ) ) ;
#2707 = EDGE_CURVE ( 'NONE', #553, #1693, #2537, .T. ) ;
#2708 = VERTEX_POINT ( 'NONE', #2941 ) ;
#2709 = EDGE_LOOP ( 'NONE', ( #2083, #3618, #1592, #3261 ) ) ;
#2710 = CARTESIAN_POINT ( 'NONE',  ( 14.25000000000000000, -2.649999999999999911, 3.899999999999999911 ) ) ;
#2711 = DIRECTION ( 'NONE',  ( 0.000000000000000000, 0.000000000000000000, -1.000000000000000000 ) ) ;
#2712 = AXIS2_PLACEMENT_3D ( 'NONE', #1820, #3939, #311 ) ;
#2713 = EDGE_LOOP ( 'NONE', ( #1022, #3938, #3101, #2065 ) ) ;
#2714 = DIRECTION ( 'NONE',  ( -0.7071067811865474617, 0.7071067811865474617, -0.000000000000000000 ) ) ;
#2715 = LINE ( 'NONE', #4158, #4414 ) ;
#2716 = FACE_OUTER_BOUND ( 'NONE', #685, .T. ) ;
#2717 = VERTEX_POINT ( 'NONE', #2920 ) ;
#2718 = VERTEX_POINT ( 'NONE', #4387 ) ;
#2719 = DIRECTION ( 'NONE',  ( -1.000000000000000000, -0.000000000000000000, -0.000000000000000000 ) ) ;
#2720 = CARTESIAN_POINT ( 'NONE',  ( -11.96005050634000177, 10.55000000000000071, -11.50000000000000000 ) ) ;
#2721 = LINE ( 'NONE', #962, #727 ) ;
#2722 = ORIENTED_EDGE ( 'NONE', *, *, #4056, .T. ) ;
#2723 = CARTESIAN_POINT ( 'NONE',  ( 10.25000000000000000, -5.349999999999999645, 3.899999999999999911 ) ) ;
#2724 = DIRECTION ( 'NONE',  ( -0.000000000000000000, -0.000000000000000000, -1.000000000000000000 ) ) ;
#2725 = AXIS2_PLACEMENT_3D ( 'NONE', #1813, #3310, #798 ) ;
#2726 = EDGE_LOOP ( 'NONE', ( #328, #4190 ) ) ;
#2727 = ORIENTED_EDGE ( 'NONE', *, *, #785, .T. ) ;
#2728 = CARTESIAN_POINT ( 'NONE',  ( -14.24999999989040589, -28.00000000000000000, 4.750000000115051080 ) ) ;
#2729 = EDGE_CURVE ( 'NONE', #196, #3956, #4131, .T. ) ;
#2730 = EDGE_CURVE ( 'NONE', #1732, #510, #2245, .T. ) ;
#2731 = ORIENTED_EDGE ( 'NONE', *, *, #3879, .T. ) ;
#2732 = CARTESIAN_POINT ( 'NONE',  ( 8.349999999999999645, -35.25000000000000000, 3.899999999999999911 ) ) ;
#2733 = EDGE_CURVE ( 'NONE', #1554, #2408, #468, .T. ) ;
#2734 = LINE ( 'NONE', #952, #4338 ) ;
#2735 = VERTEX_POINT ( 'NONE', #19 ) ;
#2736 = ORIENTED_EDGE ( 'NONE', *, *, #3392, .F. ) ;
#2737 = ORIENTED_EDGE ( 'NONE', *, *, #1153, .F. ) ;
#2738 = LINE ( 'NONE', #3830, #3745 ) ;
#2739 = CARTESIAN_POINT ( 'NONE',  ( 0.000000000000000000, -8.900000000000000355, -10.80000000000000071 ) ) ;
#2740 = CARTESIAN_POINT ( 'NONE',  ( 14.25000000000000000, -29.35000000000000142, 3.899999999999999911 ) ) ;
#2741 = DIRECTION ( 'NONE',  ( -1.000000000000000000, 0.000000000000000000, -0.000000000000000000 ) ) ;
#2742 = EDGE_LOOP ( 'NONE', ( #96, #4224, #2681, #2454, #894, #1108, #1539, #2154 ) ) ;
#2743 = DIRECTION ( 'NONE',  ( -0.000000000000000000, -0.000000000000000000, -1.000000000000000000 ) ) ;
#2744 = DIRECTION ( 'NONE',  ( 0.000000000000000000, 0.000000000000000000, 1.000000000000000000 ) ) ;
#2745 = VECTOR ( 'NONE', #2487, 1000.000000000000114 ) ;
#2746 = EDGE_LOOP ( 'NONE', ( #2047, #1097, #2828, #3874 ) ) ;
#2747 = VERTEX_POINT ( 'NONE', #1835 ) ;
#2748 = DIRECTION ( 'NONE',  ( -1.000000000000000000, 0.000000000000000000, 0.000000000000000000 ) ) ;
#2749 = PLANE ( 'NONE',  #2921 ) ;
#2750 = CIRCLE ( 'NONE', #1927, 1.050000000000000488 ) ;
#2751 = VERTEX_POINT ( 'NONE', #61 ) ;
#2752 = DIRECTION ( 'NONE',  ( 8.659560563585529986E-17, -0.7071067810860616198, 0.7071067812870334146 ) ) ;
#2753 = PLANE ( 'NONE',  #1861 ) ;
#2754 = AXIS2_PLACEMENT_3D ( 'NONE', #3359, #3032, #1971 ) ;
#2755 = DIRECTION ( 'NONE',  ( 0.000000000000000000, 0.000000000000000000, 1.000000000000000000 ) ) ;
#2756 = CARTESIAN_POINT ( 'NONE',  ( 14.04999999994061000, -28.00000000000000000, 4.950000000064846972 ) ) ;
#2757 = ORIENTED_EDGE ( 'NONE', *, *, #3603, .T. ) ;
#2758 = ADVANCED_FACE ( 'NONE', ( #1907 ), #4074, .T. ) ;
#2759 = VERTEX_POINT ( 'NONE', #2188 ) ;
#2760 = EDGE_CURVE ( 'NONE', #3842, #3843, #2581, .T. ) ;
#2761 = DIRECTION ( 'NONE',  ( 0.000000000000000000, 0.000000000000000000, -1.000000000000000000 ) ) ;
#2762 = ORIENTED_EDGE ( 'NONE', *, *, #4356, .F. ) ;
#2763 = DIRECTION ( 'NONE',  ( 0.000000000000000000, -1.000000000000000000, 0.000000000000000000 ) ) ;
#2764 = AXIS2_PLACEMENT_3D ( 'NONE', #1215, #3385, #151 ) ;
#2765 = DIRECTION ( 'NONE',  ( 0.7071067811865474617, 8.659560562354932858E-17, 0.7071067811865474617 ) ) ;
#2766 = CARTESIAN_POINT ( 'NONE',  ( 9.350000000000001421, -35.25000000000000000, 3.899999999999999911 ) ) ;
#2767 = CIRCLE ( 'NONE', #1797, 1.049999999935153250 ) ;
#2768 = DIRECTION ( 'NONE',  ( 0.000000000000000000, 0.000000000000000000, -1.000000000000000000 ) ) ;
#2769 = ORIENTED_EDGE ( 'NONE', *, *, #3300, .T. ) ;
#2770 = CARTESIAN_POINT ( 'NONE',  ( -14.25000000000000000, -33.25000000000000000, -11.50000000000000000 ) ) ;
#2771 = CARTESIAN_POINT ( 'NONE',  ( -11.96005050634000177, 10.55000000000000071, -10.80000000000000071 ) ) ;
#2772 = AXIS2_PLACEMENT_3D ( 'NONE', #3768, #1624, #181 ) ;
#2773 = ORIENTED_EDGE ( 'NONE', *, *, #1029, .T. ) ;
#2774 = VECTOR ( 'NONE', #3564, 1000.000000000000000 ) ;
#2775 = AXIS2_PLACEMENT_3D ( 'NONE', #4579, #972, #1347 ) ;
#2776 = ORIENTED_EDGE ( 'NONE', *, *, #3195, .T. ) ;
#2777 = CARTESIAN_POINT ( 'NONE',  ( 14.25000000000000000, -4.349999999999999645, -3.899999999999999911 ) ) ;
#2778 = CARTESIAN_POINT ( 'NONE',  ( -13.55000000000000071, 8.960050506339003462, 10.80000000000000071 ) ) ;
#2779 = EDGE_CURVE ( 'NONE', #4520, #3907, #4020, .T. ) ;
#2780 = VECTOR ( 'NONE', #988, 1000.000000000000000 ) ;
#2781 = EDGE_LOOP ( 'NONE', ( #184, #1036, #2521, #2081 ) ) ;
#2782 = CARTESIAN_POINT ( 'NONE',  ( -8.000000000000000000, -35.05000000006930350, -4.950000000007548806 ) ) ;
#2783 = CARTESIAN_POINT ( 'NONE',  ( -8.349999999999999645, -35.25000000000000000, 3.899999999999999911 ) ) ;
#2784 = VECTOR ( 'NONE', #2262, 1000.000000000000114 ) ;
#2785 = CARTESIAN_POINT ( 'NONE',  ( -10.25000000000000000, -29.35000000000000142, 3.899999999999999911 ) ) ;
#2786 = DIRECTION ( 'NONE',  ( -0.000000000000000000, 1.000000000000000000, 0.000000000000000000 ) ) ;
#2787 = ORIENTED_EDGE ( 'NONE', *, *, #2381, .F. ) ;
#2788 = ORIENTED_EDGE ( 'NONE', *, *, #1184, .F. ) ;
#2789 = CARTESIAN_POINT ( 'NONE',  ( 14.25000000000000000, -4.349999999999999645, -10.80000000000000071 ) ) ;
#2790 = CARTESIAN_POINT ( 'NONE',  ( -10.25000000000000000, -5.349999999999999645, -3.899999999999999911 ) ) ;
#2791 = LINE ( 'NONE', #4238, #3582 ) ;
#2792 = EDGE_CURVE ( 'NONE', #4359, #3072, #2562, .T. ) ;
#2793 = ADVANCED_FACE ( 'NONE', ( #802 ), #2964, .T. ) ;
#2794 = CARTESIAN_POINT ( 'NONE',  ( -10.25000000000000000, -28.00000000000000000, 6.000000000000000000 ) ) ;
#2795 = DIRECTION ( 'NONE',  ( 0.000000000000000000, 0.000000000000000000, -1.000000000000000000 ) ) ;
#2796 = VERTEX_POINT ( 'NONE', #2232 ) ;
#2797 = FACE_OUTER_BOUND ( 'NONE', #2746, .T. ) ;
#2798 = CARTESIAN_POINT ( 'NONE',  ( 7.650000000000000355, -35.25000000000000000, 3.899999999999999911 ) ) ;
#2799 = LINE ( 'NONE', #4671, #2982 ) ;
#2800 = ORIENTED_EDGE ( 'NONE', *, *, #4090, .F. ) ;
#2801 = CARTESIAN_POINT ( 'NONE',  ( 11.96005050634000533, -34.54999999999999716, 10.80000000000000071 ) ) ;
#2802 = CONICAL_SURFACE ( 'NONE', #391, 1.250000000055479399, 0.7853981635395568262 ) ;
#2803 = DIRECTION ( 'NONE',  ( 1.000000000000000000, -0.000000000000000000, -0.000000000000000000 ) ) ;
#2804 = VECTOR ( 'NONE', #179, 1000.000000000000000 ) ;
#2805 = VERTEX_POINT ( 'NONE', #2899 ) ;
#2806 = DIRECTION ( 'NONE',  ( 1.000000000000000000, 0.000000000000000000, -0.000000000000000000 ) ) ;
#2807 = PLANE ( 'NONE',  #3130 ) ;
#2808 = ORIENTED_EDGE ( 'NONE', *, *, #2524, .F. ) ;
#2809 = ORIENTED_EDGE ( 'NONE', *, *, #4599, .T. ) ;
#2810 = CARTESIAN_POINT ( 'NONE',  ( -10.25000000000000000, 0.000000000000000000, -10.80000000000000071 ) ) ;
#2811 = LINE ( 'NONE', #1708, #2538 ) ;
#2812 = DIRECTION ( 'NONE',  ( 0.000000000000000000, 1.000000000000000000, 0.000000000000000000 ) ) ;
#2813 = DIRECTION ( 'NONE',  ( 0.7071067811865474617, -0.7071067811865474617, -0.000000000000000000 ) ) ;
#2814 = ORIENTED_EDGE ( 'NONE', *, *, #4408, .F. ) ;
#2815 = EDGE_CURVE ( 'NONE', #1335, #4037, #3673, .T. ) ;
#2816 = CARTESIAN_POINT ( 'NONE',  ( 10.25000000000000000, -4.349999999999999645, -3.899999999999999911 ) ) ;
#2817 = EDGE_CURVE ( 'NONE', #3455, #4458, #4337, .T. ) ;
#2818 = VERTEX_POINT ( 'NONE', #3627 ) ;
#2819 = LINE ( 'NONE', #324, #4291 ) ;
#2820 = FACE_OUTER_BOUND ( 'NONE', #4453, .T. ) ;
#2821 = LINE ( 'NONE', #4267, #354 ) ;
#2822 = EDGE_CURVE ( 'NONE', #385, #272, #976, .T. ) ;
#2823 = EDGE_CURVE ( 'NONE', #498, #2409, #2606, .T. ) ;
#2824 = EDGE_LOOP ( 'NONE', ( #9, #3900, #1521, #3922 ) ) ;
#2825 = LINE ( 'NONE', #2801, #518 ) ;
#2826 = DIRECTION ( 'NONE',  ( 0.000000000000000000, 0.000000000000000000, 1.000000000000000000 ) ) ;
#2827 = CONICAL_SURFACE ( 'NONE', #492, 1.249999999884949142, 0.7853981633974482790 ) ;
#2828 = ORIENTED_EDGE ( 'NONE', *, *, #876, .F. ) ;
#2829 = DIRECTION ( 'NONE',  ( -0.000000000000000000, -0.000000000000000000, -1.000000000000000000 ) ) ;
#2830 = EDGE_CURVE ( 'NONE', #3771, #504, #3453, .T. ) ;
#2831 = VECTOR ( 'NONE', #1938, 1000.000000000000000 ) ;
#2832 = DIRECTION ( 'NONE',  ( 1.000000000000000000, 0.000000000000000000, -0.000000000000000000 ) ) ;
#2833 = CARTESIAN_POINT ( 'NONE',  ( -8.000000000000000000, 11.25000000000000000, 6.000000000000000000 ) ) ;
#2834 = ORIENTED_EDGE ( 'NONE', *, *, #1040, .T. ) ;
#2835 = AXIS2_PLACEMENT_3D ( 'NONE', #1101, #3332, #3978 ) ;
#2836 = ORIENTED_EDGE ( 'NONE', *, *, #343, .T. ) ;
#2837 = DIRECTION ( 'NONE',  ( 1.000000000000000000, 0.000000000000000000, 0.000000000000000000 ) ) ;
#2838 = LINE ( 'NONE', #4304, #3596 ) ;
#2839 = DIRECTION ( 'NONE',  ( 0.000000000000000000, -0.000000000000000000, -1.000000000000000000 ) ) ;
#2840 =( NAMED_UNIT ( * ) PLANE_ANGLE_UNIT ( ) SI_UNIT ( $, .RADIAN. ) );
#2841 = EDGE_CURVE ( 'NONE', #551, #3354, #2632, .T. ) ;
#2842 = CARTESIAN_POINT ( 'NONE',  ( 14.25000000000000000, -3.650000000000000355, -10.80000000000000071 ) ) ;
#2843 = AXIS2_PLACEMENT_3D ( 'NONE', #1849, #1166, #2598 ) ;
#2844 = ORIENTED_EDGE ( 'NONE', *, *, #4301, .T. ) ;
#2845 = LINE ( 'NONE', #2770, #4670 ) ;
#2846 = DIRECTION ( 'NONE',  ( 0.000000000000000000, -0.000000000000000000, 1.000000000000000000 ) ) ;
#2847 = CARTESIAN_POINT ( 'NONE',  ( 6.650000000000000355, -31.25000000000000000, 3.899999999999999911 ) ) ;
#2848 = CIRCLE ( 'NONE', #1644, 1.050000000000000488 ) ;
#2849 = CARTESIAN_POINT ( 'NONE',  ( 14.25000000003274181, -28.00000000000000000, 6.000000000000000000 ) ) ;
#2850 = VERTEX_POINT ( 'NONE', #3391 ) ;
#2851 = DIRECTION ( 'NONE',  ( 0.000000000000000000, 0.000000000000000000, -1.000000000000000000 ) ) ;
#2852 = LINE ( 'NONE', #3133, #291 ) ;
#2853 = EDGE_CURVE ( 'NONE', #487, #4180, #3722, .T. ) ;
#2854 = EDGE_CURVE ( 'NONE', #1694, #4038, #3059, .T. ) ;
#2855 = AXIS2_PLACEMENT_3D ( 'NONE', #853, #3700, #4047 ) ;
#2856 = AXIS2_PLACEMENT_3D ( 'NONE', #440, #4019, #1485 ) ;
#2857 = ORIENTED_EDGE ( 'NONE', *, *, #2564, .F. ) ;
#2858 = DIRECTION ( 'NONE',  ( 0.000000000000000000, 0.000000000000000000, -1.000000000000000000 ) ) ;
#2859 = CONICAL_SURFACE ( 'NONE', #63, 1.250000000055933702, 0.7853981635395568262 ) ;
#2860 = PLANE ( 'NONE',  #2905 ) ;
#2861 = ADVANCED_FACE ( 'NONE', ( #489 ), #4506, .T. ) ;
#2862 = VECTOR ( 'NONE', #2813, 1000.000000000000114 ) ;
#2863 = ORIENTED_EDGE ( 'NONE', *, *, #1709, .T. ) ;
#2864 = DIRECTION ( 'NONE',  ( -0.000000000000000000, -1.000000000000000000, -0.000000000000000000 ) ) ;
#2865 = CARTESIAN_POINT ( 'NONE',  ( 13.55000000000000071, -32.96005050634000355, 11.50000000000000000 ) ) ;
#2866 = EDGE_LOOP ( 'NONE', ( #2463, #4483, #1626, #1886 ) ) ;
#2867 = DIRECTION ( 'NONE',  ( 0.000000000000000000, 0.000000000000000000, -1.000000000000000000 ) ) ;
#2868 = ORIENTED_EDGE ( 'NONE', *, *, #57, .F. ) ;
#2869 = CARTESIAN_POINT ( 'NONE',  ( -8.000000000000000000, -35.25000000000000000, 6.000000000000000000 ) ) ;
#2870 = CARTESIAN_POINT ( 'NONE',  ( -10.25000000000000000, -28.00000000000000000, 7.050000000000000711 ) ) ;
#2871 = LINE ( 'NONE', #928, #4114 ) ;
#2872 = ORIENTED_EDGE ( 'NONE', *, *, #3308, .T. ) ;
#2873 = CARTESIAN_POINT ( 'NONE',  ( -14.24999999997589839, -28.00000000000000000, 4.750000000029558578 ) ) ;
#2874 = DIRECTION ( 'NONE',  ( 0.000000000000000000, 0.000000000000000000, 1.000000000000000000 ) ) ;
#2875 = CARTESIAN_POINT ( 'NONE',  ( 8.349999999999999645, -35.25000000000000000, -3.899999999999999911 ) ) ;
#2876 = EDGE_LOOP ( 'NONE', ( #4461, #3279, #1815, #160 ) ) ;
#2877 = LINE ( 'NONE', #1468, #2183 ) ;
#2878 = VECTOR ( 'NONE', #2959, 1000.000000000000000 ) ;
#2879 = ADVANCED_FACE ( 'NONE', ( #3037 ), #1974, .T. ) ;
#2880 = ADVANCED_FACE ( 'NONE', ( #182 ), #1270, .F. ) ;
#2881 = LINE ( 'NONE', #1045, #1327 ) ;
#2882 = AXIS2_PLACEMENT_3D ( 'NONE', #3850, #620, #3495 ) ;
#2883 = ORIENTED_EDGE ( 'NONE', *, *, #2932, .T. ) ;
#2884 = ADVANCED_FACE ( 'NONE', ( #873 ), #896, .T. ) ;
#2885 = DIRECTION ( 'NONE',  ( -0.7071067811865475727, -0.7071067811865475727, 0.000000000000000000 ) ) ;
#2886 = DIRECTION ( 'NONE',  ( 0.000000000000000000, 0.000000000000000000, 1.000000000000000000 ) ) ;
#2887 = ORIENTED_EDGE ( 'NONE', *, *, #2103, .F. ) ;
#2888 = LINE ( 'NONE', #769, #855 ) ;
#2889 = EDGE_CURVE ( 'NONE', #498, #3336, #2351, .T. ) ;
#2890 = ORIENTED_EDGE ( 'NONE', *, *, #202, .T. ) ;
#2891 = DIRECTION ( 'NONE',  ( 0.000000000000000000, 0.000000000000000000, -1.000000000000000000 ) ) ;
#2892 = LINE ( 'NONE', #462, #340 ) ;
#2893 = DIRECTION ( 'NONE',  ( -0.000000000000000000, -1.000000000000000000, -0.000000000000000000 ) ) ;
#2894 = LINE ( 'NONE', #2936, #3563 ) ;
#2895 = DIRECTION ( 'NONE',  ( 0.7071067811865474617, 0.7071067811865474617, 0.000000000000000000 ) ) ;
#2896 = AXIS2_PLACEMENT_3D ( 'NONE', #1712, #2415, #1437 ) ;
#2897 = VERTEX_POINT ( 'NONE', #3790 ) ;
#2898 = DIRECTION ( 'NONE',  ( 0.000000000000000000, 0.000000000000000000, -1.000000000000000000 ) ) ;
#2899 = CARTESIAN_POINT ( 'NONE',  ( 8.000000000000000000, -35.05000000006930350, -7.049999999992451194 ) ) ;
#2900 = EDGE_LOOP ( 'NONE', ( #3532, #3411, #1360, #2048 ) ) ;
#2901 = CARTESIAN_POINT ( 'NONE',  ( 14.25000000003228706, -28.00000000000000000, -6.000000000000000000 ) ) ;
#2902 = CARTESIAN_POINT ( 'NONE',  ( 10.25000000000000000, 0.000000000000000000, -10.80000000000000071 ) ) ;
#2903 = AXIS2_PLACEMENT_3D ( 'NONE', #2366, #1192, #1619 ) ;
#2904 = VERTEX_POINT ( 'NONE', #3435 ) ;
#2905 = AXIS2_PLACEMENT_3D ( 'NONE', #2146, #2214, #3653 ) ;
#2906 = CARTESIAN_POINT ( 'NONE',  ( -13.55000000000025118, 8.960050506339250376, -10.80000000000000071 ) ) ;
#2907 = EDGE_CURVE ( 'NONE', #4018, #4050, #3985, .T. ) ;
#2908 = ADVANCED_FACE ( 'NONE', ( #3459 ), #207, .F. ) ;
#2909 = EDGE_LOOP ( 'NONE', ( #3951, #159, #4378, #1083 ) ) ;
#2910 = ORIENTED_EDGE ( 'NONE', *, *, #1926, .F. ) ;
#2911 = LINE ( 'NONE', #4329, #3483 ) ;
#2912 = ORIENTED_EDGE ( 'NONE', *, *, #106, .T. ) ;
#2913 = CARTESIAN_POINT ( 'NONE',  ( -10.25000000000000000, -28.00000000000000000, -7.050000000000000711 ) ) ;
#2914 = DIRECTION ( 'NONE',  ( -0.7071067811865475727, -0.7071067811865475727, 0.000000000000000000 ) ) ;
#2915 = CARTESIAN_POINT ( 'NONE',  ( -13.55000000000000071, -32.96005050634000355, 10.80000000000000071 ) ) ;
#2916 = ADVANCED_FACE ( 'NONE', ( #1671 ), #584, .F. ) ;
#2917 = AXIS2_PLACEMENT_3D ( 'NONE', #1032, #2464, #273 ) ;
#2918 = ORIENTED_EDGE ( 'NONE', *, *, #2817, .T. ) ;
#2919 = LINE ( 'NONE', #3313, #3536 ) ;
#2920 = CARTESIAN_POINT ( 'NONE',  ( -12.25000000000000000, -35.25000000000000000, -11.50000000000000000 ) ) ;
#2921 = AXIS2_PLACEMENT_3D ( 'NONE', #1676, #2355, #3019 ) ;
#2922 = ORIENTED_EDGE ( 'NONE', *, *, #2417, .T. ) ;
#2923 = PLANE ( 'NONE',  #1287 ) ;
#2924 = PLANE ( 'NONE',  #417 ) ;
#2925 = VECTOR ( 'NONE', #2990, 1000.000000000000000 ) ;
#2926 = EDGE_LOOP ( 'NONE', ( #73, #1014, #3381, #1532 ) ) ;
#2927 = VECTOR ( 'NONE', #4626, 1000.000000000000114 ) ;
#2928 = VECTOR ( 'NONE', #443, 1000.000000000000000 ) ;
#2929 = PLANE ( 'NONE',  #37 ) ;
#2930 = ORIENTED_EDGE ( 'NONE', *, *, #2273, .T. ) ;
#2931 = EDGE_LOOP ( 'NONE', ( #3943, #3742, #1065, #3862 ) ) ;
#2932 = EDGE_CURVE ( 'NONE', #336, #3576, #1600, .T. ) ;
#2933 = DIRECTION ( 'NONE',  ( -1.000000000000000000, -0.000000000000000000, 0.000000000000000000 ) ) ;
#2934 = DIRECTION ( 'NONE',  ( 1.000000000000000000, 0.000000000000000000, 0.000000000000000000 ) ) ;
#2935 = CARTESIAN_POINT ( 'NONE',  ( 10.25000000000000000, 0.000000000000000000, -10.80000000000000071 ) ) ;
#2936 = CARTESIAN_POINT ( 'NONE',  ( -14.25000000000000000, -5.349999999999998757, -10.80000000000000071 ) ) ;
#2937 = VECTOR ( 'NONE', #4028, 1000.000000000000000 ) ;
#2938 = ORIENTED_EDGE ( 'NONE', *, *, #2678, .F. ) ;
#2939 = FACE_OUTER_BOUND ( 'NONE', #1176, .T. ) ;
#2940 = ADVANCED_FACE ( 'NONE', ( #1578 ), #1245, .F. ) ;
#2941 = CARTESIAN_POINT ( 'NONE',  ( 8.000000000000000000, 11.24999999998999556, 7.249999999970441422 ) ) ;
#2942 = CARTESIAN_POINT ( 'NONE',  ( 10.25000000000000000, -28.00000000000000000, 4.949999999999999289 ) ) ;
#2943 = DIRECTION ( 'NONE',  ( -0.000000000000000000, 1.000000000000000000, 0.000000000000000000 ) ) ;
#2944 = ORIENTED_EDGE ( 'NONE', *, *, #292, .F. ) ;
#2945 = DIRECTION ( 'NONE',  ( -0.7071067811865474617, -0.7071067811865474617, -0.000000000000000000 ) ) ;
#2946 = FACE_OUTER_BOUND ( 'NONE', #2209, .T. ) ;
#2947 = DIRECTION ( 'NONE',  ( 0.000000000000000000, 0.000000000000000000, 1.000000000000000000 ) ) ;
#2948 = DIRECTION ( 'NONE',  ( 0.000000000000000000, 0.000000000000000000, -1.000000000000000000 ) ) ;
#2949 = VERTEX_POINT ( 'NONE', #3015 ) ;
#2950 = VECTOR ( 'NONE', #815, 1000.000000000000000 ) ;
#2951 = DIRECTION ( 'NONE',  ( 0.000000000000000000, 0.000000000000000000, -1.000000000000000000 ) ) ;
#2952 = FACE_BOUND ( 'NONE', #3460, .T. ) ;
#2953 = ORIENTED_EDGE ( 'NONE', *, *, #2671, .T. ) ;
#2954 = VERTEX_POINT ( 'NONE', #4552 ) ;
#2955 = ORIENTED_EDGE ( 'NONE', *, *, #3299, .T. ) ;
#2956 = DIRECTION ( 'NONE',  ( 0.000000000000000000, -0.000000000000000000, 1.000000000000000000 ) ) ;
#2957 = DIRECTION ( 'NONE',  ( 0.000000000000000000, 0.000000000000000000, -1.000000000000000000 ) ) ;
#2958 = PLANE ( 'NONE',  #2152 ) ;
#2959 = DIRECTION ( 'NONE',  ( 1.000000000000000000, 0.000000000000000000, 0.000000000000000000 ) ) ;
#2960 = ADVANCED_FACE ( 'NONE', ( #4193 ), #1319, .F. ) ;
#2961 = EDGE_CURVE ( 'NONE', #2850, #1955, #4460, .T. ) ;
#2962 = ORIENTED_EDGE ( 'NONE', *, *, #3400, .F. ) ;
#2963 = CARTESIAN_POINT ( 'NONE',  ( -13.55000000000000249, -32.96005050634000355, -10.80000000000000071 ) ) ;
#2964 = PLANE ( 'NONE',  #3225 ) ;
#2965 = CARTESIAN_POINT ( 'NONE',  ( 12.25000000000000000, -35.25000000000000000, -11.50000000000000000 ) ) ;
#2966 = ADVANCED_FACE ( 'NONE', ( #2442 ), #1393, .F. ) ;
#2967 = EDGE_CURVE ( 'NONE', #4397, #3641, #4365, .T. ) ;
#2968 = ORIENTED_EDGE ( 'NONE', *, *, #768, .T. ) ;
#2969 = DIRECTION ( 'NONE',  ( 0.000000000000000000, 0.000000000000000000, 1.000000000000000000 ) ) ;
#2970 = CARTESIAN_POINT ( 'NONE',  ( 10.25000000000000000, -2.649999999999999911, -3.899999999999999911 ) ) ;
#2971 = DIRECTION ( 'NONE',  ( -0.000000000000000000, 0.000000000000000000, 1.000000000000000000 ) ) ;
#2972 = ORIENTED_EDGE ( 'NONE', *, *, #4206, .T. ) ;
#2973 = AXIS2_PLACEMENT_3D ( 'NONE', #1523, #2934, #2957 ) ;
#2974 = DIRECTION ( 'NONE',  ( 0.000000000000000000, 1.000000000000000000, 0.000000000000000000 ) ) ;
#2975 = CYLINDRICAL_SURFACE ( 'NONE', #699, 1.050000000000000488 ) ;
#2976 = DIRECTION ( 'NONE',  ( 1.000000000000000000, 0.000000000000000000, 0.000000000000000000 ) ) ;
#2977 = CIRCLE ( 'NONE', #3509, 1.049999999991996669 ) ;
#2978 = EDGE_LOOP ( 'NONE', ( #3135, #3928, #576, #787 ) ) ;
#2979 = ORIENTED_EDGE ( 'NONE', *, *, #2508, .F. ) ;
#2980 = DIRECTION ( 'NONE',  ( -1.000000000000000000, -0.000000000000000000, -0.000000000000000000 ) ) ;
#2981 = CARTESIAN_POINT ( 'NONE',  ( -11.96005050633987565, 10.54999999999987459, 11.50000000000000000 ) ) ;
#2982 = VECTOR ( 'NONE', #3219, 1000.000000000000000 ) ;
#2983 = LINE ( 'NONE', #849, #4575 ) ;
#2984 = CARTESIAN_POINT ( 'NONE',  ( -10.25000000000000000, -26.64999999999999858, 3.900000000000000355 ) ) ;
#2985 = ADVANCED_FACE ( 'NONE', ( #967 ), #3482, .T. ) ;
#2986 = VECTOR ( 'NONE', #3260, 1000.000000000000000 ) ;
#2987 = CARTESIAN_POINT ( 'NONE',  ( 14.25000000000000000, -29.35000000000000142, -10.80000000000000071 ) ) ;
#2988 = ORIENTED_EDGE ( 'NONE', *, *, #2669, .T. ) ;
#2989 = CARTESIAN_POINT ( 'NONE',  ( -13.55000000000025118, 8.960050506339250376, -11.50000000000000000 ) ) ;
#2990 = DIRECTION ( 'NONE',  ( -0.7071067811863253061, 0.7071067811867697284, 0.000000000000000000 ) ) ;
#2991 = ORIENTED_EDGE ( 'NONE', *, *, #2532, .F. ) ;
#2992 = AXIS2_PLACEMENT_3D ( 'NONE', #222, #4593, #1362 ) ;
#2993 = CYLINDRICAL_SURFACE ( 'NONE', #1265, 1.050000000000000488 ) ;
#2994 = ADVANCED_FACE ( 'NONE', ( #2820 ), #2859, .F. ) ;
#2995 = EDGE_CURVE ( 'NONE', #3873, #705, #1747, .T. ) ;
#2996 = CARTESIAN_POINT ( 'NONE',  ( -14.25000000000000000, -2.649999999999999911, 3.899999999999999911 ) ) ;
#2997 = AXIS2_PLACEMENT_3D ( 'NONE', #2077, #190, #259 ) ;
#2998 = ORIENTED_EDGE ( 'NONE', *, *, #320, .T. ) ;
#2999 = CARTESIAN_POINT ( 'NONE',  ( -8.000000000000000000, 11.24999999998999556, 7.249999999970441422 ) ) ;
#3000 = EDGE_LOOP ( 'NONE', ( #3693, #3056, #4200, #446 ) ) ;
#3001 = ADVANCED_FACE ( 'NONE', ( #274 ), #3126, .F. ) ;
#3002 = DIRECTION ( 'NONE',  ( -0.000000000000000000, 1.000000000000000000, 0.000000000000000000 ) ) ;
#3003 = CARTESIAN_POINT ( 'NONE',  ( 8.000000000000000000, -35.25000000000000000, -6.000000000000000000 ) ) ;
#3004 = CONICAL_SURFACE ( 'NONE', #3292, 1.249999999884949142, 0.7853981633974482790 ) ;
#3005 = DIRECTION ( 'NONE',  ( 0.7071067811865474617, 8.659560562354932858E-17, 0.7071067811865474617 ) ) ;
#3006 = EDGE_LOOP ( 'NONE', ( #1653, #665, #2979, #2268 ) ) ;
#3007 = VECTOR ( 'NONE', #1530, 1000.000000000000000 ) ;
#3008 = VERTEX_POINT ( 'NONE', #4289 ) ;
#3009 = DIRECTION ( 'NONE',  ( -1.000000000000000000, -0.000000000000000000, 0.000000000000000000 ) ) ;
#3010 = DIRECTION ( 'NONE',  ( 1.000000000000000000, 0.000000000000000000, 0.000000000000000000 ) ) ;
#3011 = LINE ( 'NONE', #203, #120 ) ;
#3012 = CIRCLE ( 'NONE', #910, 1.050000000000000488 ) ;
#3013 = ORIENTED_EDGE ( 'NONE', *, *, #4650, .F. ) ;
#3014 = LINE ( 'NONE', #2704, #3983 ) ;
#3015 = CARTESIAN_POINT ( 'NONE',  ( 12.75000000000000178, -8.900000000000000355, -10.80000000000000071 ) ) ;
#3016 = AXIS2_PLACEMENT_3D ( 'NONE', #3632, #1448, #21 ) ;
#3017 = ORIENTED_EDGE ( 'NONE', *, *, #2473, .F. ) ;
#3018 = ORIENTED_EDGE ( 'NONE', *, *, #1297, .T. ) ;
#3019 = DIRECTION ( 'NONE',  ( 0.000000000000000000, -0.000000000000000000, -1.000000000000000000 ) ) ;
#3020 = DIRECTION ( 'NONE',  ( 1.000000000000000000, 0.000000000000000000, -0.000000000000000000 ) ) ;
#3021 = ORIENTED_EDGE ( 'NONE', *, *, #464, .T. ) ;
#3022 = CARTESIAN_POINT ( 'NONE',  ( 14.24999999989040589, -4.000000000000000000, -7.249999999885403668 ) ) ;
#3024 = EDGE_CURVE ( 'NONE', #3630, #123, #2067, .T. ) ;
#3023 = DIRECTION ( 'NONE',  ( 0.000000000000000000, -0.000000000000000000, -1.000000000000000000 ) ) ;
#3025 = CARTESIAN_POINT ( 'NONE',  ( 13.55000000000000071, -32.96005050634000355, -10.80000000000000071 ) ) ;
#3026 = CARTESIAN_POINT ( 'NONE',  ( -14.25000000000000000, -29.35000000000000142, 3.899999999999999911 ) ) ;
#3027 = VERTEX_POINT ( 'NONE', #1789 ) ;
#3028 = VECTOR ( 'NONE', #4236, 1000.000000000000000 ) ;
#3029 = EDGE_LOOP ( 'NONE', ( #3178, #3462 ) ) ;
#3030 = CARTESIAN_POINT ( 'NONE',  ( -7.650000000000000355, -31.25000000000000000, -3.899999999999999911 ) ) ;
#3031 = DIRECTION ( 'NONE',  ( 0.000000000000000000, 0.000000000000000000, -1.000000000000000000 ) ) ;
#3032 = DIRECTION ( 'NONE',  ( -0.000000000000000000, 1.000000000000000000, 0.000000000000000000 ) ) ;
#3033 = VECTOR ( 'NONE', #1310, 1000.000000000000000 ) ;
#3034 = EDGE_CURVE ( 'NONE', #3690, #4466, #218, .T. ) ;
#3035 = ORIENTED_EDGE ( 'NONE', *, *, #2532, .T. ) ;
#3036 = DIRECTION ( 'NONE',  ( 0.000000000000000000, -0.000000000000000000, -1.000000000000000000 ) ) ;
#3037 = FACE_OUTER_BOUND ( 'NONE', #646, .T. ) ;
#3038 = ORIENTED_EDGE ( 'NONE', *, *, #485, .T. ) ;
#3039 = ORIENTED_EDGE ( 'NONE', *, *, #4274, .F. ) ;
#3040 = LINE ( 'NONE', #563, #4510 ) ;
#3041 = CARTESIAN_POINT ( 'NONE',  ( 8.000000000000000000, -35.05000000006930350, 4.950000000008003553 ) ) ;
#3042 = ORIENTED_EDGE ( 'NONE', *, *, #3137, .F. ) ;
#3043 = LINE ( 'NONE', #4488, #1942 ) ;
#3044 = DIRECTION ( 'NONE',  ( -0.000000000000000000, -1.000000000000000000, 0.000000000000000000 ) ) ;
#3045 = CYLINDRICAL_SURFACE ( 'NONE', #4163, 1.050000000000000488 ) ;
#3046 = FACE_OUTER_BOUND ( 'NONE', #3987, .T. ) ;
#3047 = EDGE_LOOP ( 'NONE', ( #2607, #2044, #2988, #4616 ) ) ;
#3048 = ORIENTED_EDGE ( 'NONE', *, *, #956, .F. ) ;
#3049 = CARTESIAN_POINT ( 'NONE',  ( 0.000000000000000000, 7.250000000000000000, -10.80000000000000071 ) ) ;
#3050 = CARTESIAN_POINT ( 'NONE',  ( -9.350000000000001421, -35.25000000000000000, -3.899999999999999911 ) ) ;
#3051 = EDGE_CURVE ( 'NONE', #2026, #3418, #346, .T. ) ;
#3052 = CARTESIAN_POINT ( 'NONE',  ( -10.25000000000000000, -28.00000000000000000, 4.949999999999999289 ) ) ;
#3053 =( NAMED_UNIT ( * ) PLANE_ANGLE_UNIT ( ) SI_UNIT ( $, .RADIAN. ) );
#3054 = AXIS2_PLACEMENT_3D ( 'NONE', #3599, #1811, #4401 ) ;
#3055 = PLANE ( 'NONE',  #3251 ) ;
#3056 = ORIENTED_EDGE ( 'NONE', *, *, #455, .F. ) ;
#3057 = DIRECTION ( 'NONE',  ( -1.000000000000000000, 0.000000000000000000, 0.000000000000000000 ) ) ;
#3058 = VECTOR ( 'NONE', #3044, 1000.000000000000000 ) ;
#3059 = LINE ( 'NONE', #3769, #1196 ) ;
#3060 = EDGE_CURVE ( 'NONE', #3081, #3907, #4265, .T. ) ;
#3061 = VECTOR ( 'NONE', #2275, 1000.000000000000000 ) ;
#3062 = ORIENTED_EDGE ( 'NONE', *, *, #4531, .F. ) ;
#3063 = VERTEX_POINT ( 'NONE', #2870 ) ;
#3064 = DIRECTION ( 'NONE',  ( -0.7071067811865474617, 0.000000000000000000, 0.7071067811865474617 ) ) ;
#3065 = FACE_OUTER_BOUND ( 'NONE', #1057, .T. ) ;
#3066 = EDGE_LOOP ( 'NONE', ( #642, #1845, #1996, #1428 ) ) ;
#3067 = CARTESIAN_POINT ( 'NONE',  ( 0.000000000000000000, -34.54999999999999716, -11.50000000000000000 ) ) ;
#3068 = VECTOR ( 'NONE', #1746, 1000.000000000000000 ) ;
#3069 = FACE_OUTER_BOUND ( 'NONE', #1806, .T. ) ;
#3070 = AXIS2_PLACEMENT_3D ( 'NONE', #3750, #2001, #1979 ) ;
#3071 = ORIENTED_EDGE ( 'NONE', *, *, #1926, .T. ) ;
#3072 = VERTEX_POINT ( 'NONE', #3864 ) ;
#3073 = ORIENTED_EDGE ( 'NONE', *, *, #3485, .T. ) ;
#3074 = LINE ( 'NONE', #3784, #2689 ) ;
#3075 = DIRECTION ( 'NONE',  ( 1.000000000000000000, 0.000000000000000000, 0.000000000000000000 ) ) ;
#3076 = CARTESIAN_POINT ( 'NONE',  ( 14.25000000000000000, -26.64999999999999858, 3.899999999999999911 ) ) ;
#3077 = AXIS2_PLACEMENT_3D ( 'NONE', #3181, #2803, #689 ) ;
#3078 = AXIS2_PLACEMENT_3D ( 'NONE', #4405, #1464, #2898 ) ;
#3079 = EDGE_CURVE ( 'NONE', #2005, #129, #2092, .T. ) ;
#3080 = EDGE_CURVE ( 'NONE', #3215, #2316, #904, .T. ) ;
#3081 = VERTEX_POINT ( 'NONE', #1716 ) ;
#3082 = AXIS2_PLACEMENT_3D ( 'NONE', #3281, #2181, #795 ) ;
#3083 = CARTESIAN_POINT ( 'NONE',  ( 8.000000000000000000, 7.250000000000000000, 7.050000000000000711 ) ) ;
#3084 = VECTOR ( 'NONE', #3512, 1000.000000000000114 ) ;
#3085 = DIRECTION ( 'NONE',  ( 0.000000000000000000, 0.000000000000000000, -1.000000000000000000 ) ) ;
#3086 = ORIENTED_EDGE ( 'NONE', *, *, #2109, .T. ) ;
#3087 = ADVANCED_FACE ( 'NONE', ( #4603 ), #2465, .T. ) ;
#3088 = ORIENTED_EDGE ( 'NONE', *, *, #2995, .T. ) ;
#3089 = CARTESIAN_POINT ( 'NONE',  ( -10.25000000000000000, -28.00000000000000000, -4.949999999999999289 ) ) ;
#3090 = VERTEX_POINT ( 'NONE', #2798 ) ;
#3091 = DIRECTION ( 'NONE',  ( 0.000000000000000000, 0.000000000000000000, 1.000000000000000000 ) ) ;
#3092 = FACE_OUTER_BOUND ( 'NONE', #1399, .T. ) ;
#3093 = DIRECTION ( 'NONE',  ( -0.000000000000000000, -1.000000000000000000, 0.000000000000000000 ) ) ;
#3094 = ORIENTED_EDGE ( 'NONE', *, *, #392, .F. ) ;
#3095 = EDGE_LOOP ( 'NONE', ( #1568, #994 ) ) ;
#3096 = EDGE_LOOP ( 'NONE', ( #4086, #2137, #3141, #1608 ) ) ;
#3097 = DIRECTION ( 'NONE',  ( 1.000000000000000000, 0.000000000000000000, -0.000000000000000000 ) ) ;
#3098 = DIRECTION ( 'NONE',  ( -0.000000000000000000, 0.000000000000000000, -1.000000000000000000 ) ) ;
#3099 = DIRECTION ( 'NONE',  ( 0.000000000000000000, -1.000000000000000000, 0.000000000000000000 ) ) ;
#3100 = VECTOR ( 'NONE', #1525, 1000.000000000000000 ) ;
#3101 = ORIENTED_EDGE ( 'NONE', *, *, #3923, .T. ) ;
#3102 = DIRECTION ( 'NONE',  ( 1.000000000000000000, 0.000000000000000000, 0.000000000000000000 ) ) ;
#3103 = DIRECTION ( 'NONE',  ( 0.000000000000000000, 1.000000000000000000, 0.000000000000000000 ) ) ;
#3104 = AXIS2_PLACEMENT_3D ( 'NONE', #2393, #2300, #4502 ) ;
#3105 = ADVANCED_FACE ( 'NONE', ( #4246 ), #2104, .F. ) ;
#3106 = EDGE_CURVE ( 'NONE', #551, #2818, #4645, .T. ) ;
#3107 = ORIENTED_EDGE ( 'NONE', *, *, #539, .F. ) ;
#3108 = ORIENTED_EDGE ( 'NONE', *, *, #761, .F. ) ;
#3109 = LINE ( 'NONE', #234, #3147 ) ;
#3110 = EDGE_CURVE ( 'NONE', #3956, #1095, #3930, .T. ) ;
#3111 = EDGE_CURVE ( 'NONE', #1212, #1693, #1099, .T. ) ;
#3112 = VERTEX_POINT ( 'NONE', #1900 ) ;
#3113 = CARTESIAN_POINT ( 'NONE',  ( -14.04999999994061000, -28.00000000000000000, -4.950000000064392225 ) ) ;
#3114 = CARTESIAN_POINT ( 'NONE',  ( 14.25000000000000000, -2.649999999999999911, -3.899999999999999911 ) ) ;
#3115 = ADVANCED_FACE ( 'NONE', ( #824 ), #723, .T. ) ;
#3116 = LINE ( 'NONE', #4205, #1076 ) ;
#3117 = EDGE_LOOP ( 'NONE', ( #3368, #2363, #4306, #3781 ) ) ;
#3118 = EDGE_LOOP ( 'NONE', ( #4404, #660, #865, #943 ) ) ;
#3119 = LINE ( 'NONE', #3209, #1305 ) ;
#3120 = ORIENTED_EDGE ( 'NONE', *, *, #1792, .T. ) ;
#3121 = DIRECTION ( 'NONE',  ( 1.000000000000000000, 0.000000000000000000, 0.000000000000000000 ) ) ;
#3122 = CARTESIAN_POINT ( 'NONE',  ( -10.25000000000000000, -29.35000000000000142, -3.899999999999999911 ) ) ;
#3123 = CARTESIAN_POINT ( 'NONE',  ( 10.25000000000000000, -2.649999999999999911, 3.900000000000000355 ) ) ;
#3124 = VERTEX_POINT ( 'NONE', #1850 ) ;
#3125 = DIRECTION ( 'NONE',  ( 0.000000000000000000, -0.000000000000000000, 1.000000000000000000 ) ) ;
#3126 = CYLINDRICAL_SURFACE ( 'NONE', #4293, 1.050000000000000488 ) ;
#3127 = VECTOR ( 'NONE', #4186, 1000.000000000000000 ) ;
#3128 = EDGE_CURVE ( 'NONE', #805, #1771, #2531, .T. ) ;
#3129 = ORIENTED_EDGE ( 'NONE', *, *, #4640, .T. ) ;
#3130 = AXIS2_PLACEMENT_3D ( 'NONE', #977, #2832, #3824 ) ;
#3131 = ORIENTED_EDGE ( 'NONE', *, *, #287, .T. ) ;
#3132 = DIRECTION ( 'NONE',  ( -1.000000000000000000, -0.000000000000000000, 0.000000000000000000 ) ) ;
#3133 = CARTESIAN_POINT ( 'NONE',  ( -14.25000000000000000, -28.35000000000000142, -10.80000000000000071 ) ) ;
#3134 = AXIS2_PLACEMENT_3D ( 'NONE', #496, #3397, #1980 ) ;
#3135 = ORIENTED_EDGE ( 'NONE', *, *, #1158, .T. ) ;
#3136 = LINE ( 'NONE', #567, #2168 ) ;
#3137 = EDGE_CURVE ( 'NONE', #2818, #1968, #747, .T. ) ;
#3138 = ADVANCED_FACE ( 'NONE', ( #4016 ), #1279, .F. ) ;
#3139 = CARTESIAN_POINT ( 'NONE',  ( 10.25000000000000000, -4.000000000000000000, -6.000000000000000000 ) ) ;
#3140 = AXIS2_PLACEMENT_3D ( 'NONE', #2110, #4259, #1737 ) ;
#3141 = ORIENTED_EDGE ( 'NONE', *, *, #695, .F. ) ;
#3142 = VERTEX_POINT ( 'NONE', #3623 ) ;
#3143 = EDGE_CURVE ( 'NONE', #4067, #1793, #2512, .T. ) ;
#3144 = DIRECTION ( 'NONE',  ( 0.000000000000000000, 0.000000000000000000, -1.000000000000000000 ) ) ;
#3145 = EDGE_LOOP ( 'NONE', ( #2808, #418, #1281, #2574 ) ) ;
#3146 = CARTESIAN_POINT ( 'NONE',  ( -14.25000000000000000, -2.649999999999999911, -3.899999999999999911 ) ) ;
#3147 = VECTOR ( 'NONE', #2051, 1000.000000000000000 ) ;
#3148 = CARTESIAN_POINT ( 'NONE',  ( 11.96005050634000177, -34.54999999999999716, 10.80000000000000071 ) ) ;
#3149 = CARTESIAN_POINT ( 'NONE',  ( -11.96005050634000177, -34.54999999999999716, -10.80000000000000071 ) ) ;
#3150 = DIRECTION ( 'NONE',  ( -1.000000000000000000, -0.000000000000000000, -0.000000000000000000 ) ) ;
#3151 = ORIENTED_EDGE ( 'NONE', *, *, #635, .F. ) ;
#3152 = CARTESIAN_POINT ( 'NONE',  ( -11.96005050634000177, 10.55000000000000071, -10.80000000000000071 ) ) ;
#3153 = DIRECTION ( 'NONE',  ( 0.000000000000000000, 1.000000000000000000, -0.000000000000000000 ) ) ;
#3154 = AXIS2_PLACEMENT_3D ( 'NONE', #414, #1856, #1507 ) ;
#3155 = DIRECTION ( 'NONE',  ( 0.000000000000000000, -1.000000000000000000, 0.000000000000000000 ) ) ;
#3156 = VERTEX_POINT ( 'NONE', #388 ) ;
#3157 = AXIS2_PLACEMENT_3D ( 'NONE', #4611, #353, #2874 ) ;
#3158 = CONICAL_SURFACE ( 'NONE', #3297, 1.249999999885403446, 0.7853981633974482790 ) ;
#3159 = ORIENTED_EDGE ( 'NONE', *, *, #1422, .F. ) ;
#3160 = PLANE ( 'NONE',  #2547 ) ;
#3161 = LINE ( 'NONE', #4318, #2322 ) ;
#3162 = ORIENTED_EDGE ( 'NONE', *, *, #1987, .T. ) ;
#3163 = PLANE ( 'NONE',  #1259 ) ;
#3164 = VECTOR ( 'NONE', #1027, 1000.000000000000000 ) ;
#3165 = DIRECTION ( 'NONE',  ( -1.000000000000000000, 0.000000000000000000, -0.000000000000000000 ) ) ;
#3166 = EDGE_CURVE ( 'NONE', #4010, #2408, #2576, .T. ) ;
#3167 = ADVANCED_FACE ( 'NONE', ( #4040, #78, #1830, #367, #4355, #13, #1544, #2555, #2252 ), #2160, .T. ) ;
#3168 = ORIENTED_EDGE ( 'NONE', *, *, #1476, .F. ) ;
#3169 = VERTEX_POINT ( 'NONE', #1502 ) ;
#3170 = FACE_OUTER_BOUND ( 'NONE', #4249, .T. ) ;
#3171 = CARTESIAN_POINT ( 'NONE',  ( -11.96005050634000177, -34.54999999999999716, 11.50000000000000000 ) ) ;
#3172 = CARTESIAN_POINT ( 'NONE',  ( -13.55000000000000071, -32.96005050634000355, -11.50000000000000000 ) ) ;
#3173 = CARTESIAN_POINT ( 'NONE',  ( -10.25000000000000000, -28.35000000000000497, 3.899999999999999911 ) ) ;
#3174 = ORIENTED_EDGE ( 'NONE', *, *, #227, .F. ) ;
#3175 = FACE_BOUND ( 'NONE', #3852, .T. ) ;
#3176 = DIRECTION ( 'NONE',  ( -1.000000000000000000, -0.000000000000000000, -0.000000000000000000 ) ) ;
#3177 = CARTESIAN_POINT ( 'NONE',  ( 10.25000000000000000, -28.00000000000000000, 6.000000000000000000 ) ) ;
#3178 = ORIENTED_EDGE ( 'NONE', *, *, #1333, .T. ) ;
#3179 = DIRECTION ( 'NONE',  ( 0.000000000000000000, 0.000000000000000000, -1.000000000000000000 ) ) ;
#3180 = VECTOR ( 'NONE', #1161, 1000.000000000000000 ) ;
#3181 = CARTESIAN_POINT ( 'NONE',  ( -14.24999999997589839, -28.00000000000000000, 6.000000000000000000 ) ) ;
#3182 = EDGE_LOOP ( 'NONE', ( #1403, #1645, #2731, #2035 ) ) ;
#3183 = LINE ( 'NONE', #4276, #688 ) ;
#3184 = CARTESIAN_POINT ( 'NONE',  ( -14.25000000000000000, -4.349999999999999645, -3.899999999999999911 ) ) ;
#3185 = ORIENTED_EDGE ( 'NONE', *, *, #2159, .T. ) ;
#3186 = ORIENTED_EDGE ( 'NONE', *, *, #1309, .T. ) ;
#3187 = DIRECTION ( 'NONE',  ( 0.000000000000000000, -0.000000000000000000, 1.000000000000000000 ) ) ;
#3188 = LINE ( 'NONE', #1408, #946 ) ;
#3189 = DIRECTION ( 'NONE',  ( -0.000000000000000000, 1.000000000000000000, 0.000000000000000000 ) ) ;
#3190 = EDGE_LOOP ( 'NONE', ( #406, #2411, #355, #4118 ) ) ;
#3191 = FACE_OUTER_BOUND ( 'NONE', #4315, .T. ) ;
#3192 = ORIENTED_EDGE ( 'NONE', *, *, #516, .T. ) ;
#3193 = EDGE_CURVE ( 'NONE', #587, #2373, #1656, .T. ) ;
#3194 = FACE_BOUND ( 'NONE', #611, .T. ) ;
#3195 = EDGE_CURVE ( 'NONE', #3362, #3063, #4380, .T. ) ;
#3196 = DIRECTION ( 'NONE',  ( 0.000000000000000000, 0.000000000000000000, -1.000000000000000000 ) ) ;
#3197 = DIRECTION ( 'NONE',  ( 0.000000000000000000, 0.000000000000000000, -1.000000000000000000 ) ) ;
#3198 = ORIENTED_EDGE ( 'NONE', *, *, #1527, .F. ) ;
#3199 = DIRECTION ( 'NONE',  ( 1.000000000000000000, 0.000000000000000000, -0.000000000000000000 ) ) ;
#3200 = ADVANCED_FACE ( 'NONE', ( #2599 ), #1460, .T. ) ;
#3201 = DIRECTION ( 'NONE',  ( 0.000000000000000000, 0.000000000000000000, 1.000000000000000000 ) ) ;
#3202 = AXIS2_PLACEMENT_3D ( 'NONE', #3386, #3031, #2697 ) ;
#3203 = ORIENTED_EDGE ( 'NONE', *, *, #2683, .T. ) ;
#3204 = DIRECTION ( 'NONE',  ( 0.000000000000000000, 0.000000000000000000, -1.000000000000000000 ) ) ;
#3205 = VECTOR ( 'NONE', #217, 1000.000000000000114 ) ;
#3206 = DIRECTION ( 'NONE',  ( 1.000000000000000000, 0.000000000000000000, 0.000000000000000000 ) ) ;
#3207 = VECTOR ( 'NONE', #1545, 1000.000000000000000 ) ;
#3208 = EDGE_LOOP ( 'NONE', ( #2332, #3728, #3492, #3655 ) ) ;
#3209 = CARTESIAN_POINT ( 'NONE',  ( 14.25000000000000000, -4.000000000000000000, -4.949999999999999289 ) ) ;
#3210 = LINE ( 'NONE', #3726, #4048 ) ;
#3211 = DIRECTION ( 'NONE',  ( 0.000000000000000000, 0.000000000000000000, -1.000000000000000000 ) ) ;
#3212 =( LENGTH_UNIT ( ) NAMED_UNIT ( * ) SI_UNIT ( .MILLI., .METRE. ) );
#3213 = CARTESIAN_POINT ( 'NONE',  ( 0.000000000000000000, 0.000000000000000000, 10.80000000000000071 ) ) ;
#3214 = CIRCLE ( 'NONE', #3140, 1.050000000000000488 ) ;
#3215 = VERTEX_POINT ( 'NONE', #4311 ) ;
#3216 = CARTESIAN_POINT ( 'NONE',  ( 14.25000000000000000, 9.250000000000001776, -11.50000000000000000 ) ) ;
#3217 = CARTESIAN_POINT ( 'NONE',  ( 14.24999999989040589, -28.00000000000000000, -7.249999999885403668 ) ) ;
#3218 = AXIS2_PLACEMENT_3D ( 'NONE', #4443, #3294, #3729 ) ;
#3219 = DIRECTION ( 'NONE',  ( -0.000000000000000000, 0.000000000000000000, -1.000000000000000000 ) ) ;
#3220 = EDGE_CURVE ( 'NONE', #4666, #1848, #772, .T. ) ;
#3221 = EDGE_CURVE ( 'NONE', #438, #2440, #2147, .T. ) ;
#3222 = ORIENTED_EDGE ( 'NONE', *, *, #1153, .T. ) ;
#3223 = DIRECTION ( 'NONE',  ( 0.000000000000000000, -0.000000000000000000, 1.000000000000000000 ) ) ;
#3224 = DIRECTION ( 'NONE',  ( 0.000000000000000000, -1.000000000000000000, 0.000000000000000000 ) ) ;
#3225 = AXIS2_PLACEMENT_3D ( 'NONE', #1550, #38, #4406 ) ;
#3226 = EDGE_CURVE ( 'NONE', #3156, #1467, #2892, .T. ) ;
#3227 = VECTOR ( 'NONE', #3981, 1000.000000000000000 ) ;
#3228 = ORIENTED_EDGE ( 'NONE', *, *, #609, .F. ) ;
#3229 = CARTESIAN_POINT ( 'NONE',  ( 7.650000000000000355, -31.25000000000000000, -3.899999999999999911 ) ) ;
#3230 = CARTESIAN_POINT ( 'NONE',  ( 14.04999999994061000, -28.00000000000000000, -7.049999999935607775 ) ) ;
#3231 = ORIENTED_EDGE ( 'NONE', *, *, #1471, .F. ) ;
#3232 = VECTOR ( 'NONE', #2362, 1000.000000000000000 ) ;
#3233 = DIRECTION ( 'NONE',  ( 0.000000000000000000, 1.000000000000000000, 0.000000000000000000 ) ) ;
#3234 = SHAPE_DEFINITION_REPRESENTATION ( #175, #945 ) ;
#3235 = VERTEX_POINT ( 'NONE', #4332 ) ;
#3236 = ORIENTED_EDGE ( 'NONE', *, *, #3612, .T. ) ;
#3237 = FACE_OUTER_BOUND ( 'NONE', #1833, .T. ) ;
#3238 = ORIENTED_EDGE ( 'NONE', *, *, #2274, .F. ) ;
#3239 = CARTESIAN_POINT ( 'NONE',  ( 8.349999999999999645, -19.30000000000000071, -10.80000000000000071 ) ) ;
#3240 = DIRECTION ( 'NONE',  ( 1.000000000000000000, 0.000000000000000000, 0.000000000000000000 ) ) ;
#3241 = PLANE ( 'NONE',  #421 ) ;
#3242 = ORIENTED_EDGE ( 'NONE', *, *, #2707, .T. ) ;
#3243 = CARTESIAN_POINT ( 'NONE',  ( -11.96005050634000177, -34.54999999999999716, 10.80000000000000071 ) ) ;
#3244 = DIRECTION ( 'NONE',  ( 0.000000000000000000, -1.000000000000000000, -0.000000000000000000 ) ) ;
#3245 = ORIENTED_EDGE ( 'NONE', *, *, #609, .T. ) ;
#3246 = PLANE ( 'NONE',  #2712 ) ;
#3247 = CIRCLE ( 'NONE', #1675, 1.049999999935607553 ) ;
#3248 = ADVANCED_FACE ( 'NONE', ( #1945, #3765 ), #869, .T. ) ;
#3249 = EDGE_CURVE ( 'NONE', #487, #1493, #2221, .T. ) ;
#3250 = CARTESIAN_POINT ( 'NONE',  ( -8.000000000000000000, 11.24999999990450306, 7.249999999884948920 ) ) ;
#3251 = AXIS2_PLACEMENT_3D ( 'NONE', #3741, #4549, #2741 ) ;
#3252 = VERTEX_POINT ( 'NONE', #2720 ) ;
#3253 = EDGE_CURVE ( 'NONE', #1574, #2751, #875, .T. ) ;
#3254 = LINE ( 'NONE', #1472, #1248 ) ;
#3255 = ORIENTED_EDGE ( 'NONE', *, *, #3405, .F. ) ;
#3256 = ORIENTED_EDGE ( 'NONE', *, *, #3051, .T. ) ;
#3257 = ORIENTED_EDGE ( 'NONE', *, *, #2582, .F. ) ;
#3258 = LINE ( 'NONE', #2224, #1796 ) ;
#3259 = CARTESIAN_POINT ( 'NONE',  ( -14.25000000000000000, -28.00000000000000000, 7.050000000000000711 ) ) ;
#3260 = DIRECTION ( 'NONE',  ( 1.000000000000000000, 0.000000000000000000, 0.000000000000000000 ) ) ;
#3261 = ORIENTED_EDGE ( 'NONE', *, *, #2128, .F. ) ;
#3262 = LINE ( 'NONE', #4002, #3756 ) ;
#3263 = ADVANCED_FACE ( 'NONE', ( #199 ), #2626, .F. ) ;
#3264 = CARTESIAN_POINT ( 'NONE',  ( 14.25000000000000000, -29.35000000000000142, 3.899999999999999911 ) ) ;
#3265 = ORIENTED_EDGE ( 'NONE', *, *, #3422, .T. ) ;
#3266 = DIRECTION ( 'NONE',  ( -1.000000000000000000, -0.000000000000000000, -0.000000000000000000 ) ) ;
#3267 = DIRECTION ( 'NONE',  ( 1.000000000000000000, 0.000000000000000000, 0.000000000000000000 ) ) ;
#3268 = AXIS2_PLACEMENT_3D ( 'NONE', #3275, #1138, #2569 ) ;
#3269 = EDGE_CURVE ( 'NONE', #4014, #2563, #4069, .T. ) ;
#3270 = ORIENTED_EDGE ( 'NONE', *, *, #725, .F. ) ;
#3271 = EDGE_CURVE ( 'NONE', #35, #2404, #2272, .T. ) ;
#3272 = CARTESIAN_POINT ( 'NONE',  ( -9.350000000000001421, -35.25000000000000000, -3.899999999999999911 ) ) ;
#3273 = VECTOR ( 'NONE', #710, 1000.000000000000114 ) ;
#3274 = DIRECTION ( 'NONE',  ( 1.000000000000000000, 0.000000000000000000, 0.000000000000000000 ) ) ;
#3275 = CARTESIAN_POINT ( 'NONE',  ( -14.24999999997589839, -28.00000000000000000, 6.000000000000000000 ) ) ;
#3276 = CIRCLE ( 'NONE', #2526, 1.049999999935607553 ) ;
#3277 = ORIENTED_EDGE ( 'NONE', *, *, #3923, .F. ) ;
#3278 = EDGE_LOOP ( 'NONE', ( #4395, #2998, #1257, #2318 ) ) ;
#3279 = ORIENTED_EDGE ( 'NONE', *, *, #3628, .T. ) ;
#3280 = CARTESIAN_POINT ( 'NONE',  ( 10.25000000000000000, -3.649999999999999911, -3.899999999999999911 ) ) ;
#3281 = CARTESIAN_POINT ( 'NONE',  ( -8.000000000000000000, -35.25000000007594281, -6.000000000000000000 ) ) ;
#3282 = DIRECTION ( 'NONE',  ( 0.000000000000000000, 0.000000000000000000, 1.000000000000000000 ) ) ;
#3283 = AXIS2_PLACEMENT_3D ( 'NONE', #3049, #2251, #3427 ) ;
#3284 = ORIENTED_EDGE ( 'NONE', *, *, #287, .F. ) ;
#3285 = LINE ( 'NONE', #1443, #2701 ) ;
#3286 = CARTESIAN_POINT ( 'NONE',  ( -11.96005050634000177, -34.54999999999999716, -10.80000000000000071 ) ) ;
#3287 = VECTOR ( 'NONE', #902, 1000.000000000000000 ) ;
#3288 = DIRECTION ( 'NONE',  ( 0.000000000000000000, -0.000000000000000000, 1.000000000000000000 ) ) ;
#3289 = VERTEX_POINT ( 'NONE', #2672 ) ;
#3290 = CARTESIAN_POINT ( 'NONE',  ( 8.000000000000000000, 11.25000000000000000, 6.000000000000000000 ) ) ;
#3291 = CARTESIAN_POINT ( 'NONE',  ( -7.650000000000000355, -35.25000000000000000, 3.899999999999999911 ) ) ;
#3292 = AXIS2_PLACEMENT_3D ( 'NONE', #2471, #3916, #280 ) ;
#3293 = CONICAL_SURFACE ( 'NONE', #3911, 1.249999999885403446, 0.7853981633974482790 ) ;
#3294 = DIRECTION ( 'NONE',  ( 0.000000000000000000, -1.000000000000000000, 0.000000000000000000 ) ) ;
#3295 = VERTEX_POINT ( 'NONE', #891 ) ;
#3296 = AXIS2_PLACEMENT_3D ( 'NONE', #2679, #2744, #2279 ) ;
#3297 = AXIS2_PLACEMENT_3D ( 'NONE', #450, #89, #44 ) ;
#3298 = CARTESIAN_POINT ( 'NONE',  ( 13.54999999999999893, -32.96005050634000355, -10.80000000000000071 ) ) ;
#3299 = EDGE_CURVE ( 'NONE', #2404, #1771, #2000, .T. ) ;
#3300 = EDGE_CURVE ( 'NONE', #2178, #4097, #3408, .T. ) ;
#3301 = ORIENTED_EDGE ( 'NONE', *, *, #3942, .F. ) ;
#3302 = ORIENTED_EDGE ( 'NONE', *, *, #3542, .T. ) ;
#3303 = VECTOR ( 'NONE', #3834, 1000.000000000000000 ) ;
#3304 = EDGE_LOOP ( 'NONE', ( #331, #3222, #636, #378 ) ) ;
#3305 = CARTESIAN_POINT ( 'NONE',  ( -6.650000000000000355, -35.25000000000000000, -10.80000000000000071 ) ) ;
#3306 = CARTESIAN_POINT ( 'NONE',  ( 14.24999999989040589, -28.00000000000000000, 4.750000000115051080 ) ) ;
#3307 = ADVANCED_FACE ( 'NONE', ( #578 ), #4088, .F. ) ;
#3308 = EDGE_CURVE ( 'NONE', #805, #35, #1697, .T. ) ;
#3309 = LINE ( 'NONE', #411, #2603 ) ;
#3310 = DIRECTION ( 'NONE',  ( 0.000000000000000000, 0.000000000000000000, -1.000000000000000000 ) ) ;
#3311 = VECTOR ( 'NONE', #3895, 1000.000000000000000 ) ;
#3312 = ORIENTED_EDGE ( 'NONE', *, *, #2307, .T. ) ;
#3313 = CARTESIAN_POINT ( 'NONE',  ( -13.55000000000000071, -32.96005050634000355, 11.50000000000000000 ) ) ;
#3314 = CARTESIAN_POINT ( 'NONE',  ( -8.000000000000000000, -31.25000000000000000, -6.000000000000000000 ) ) ;
#3315 = LINE ( 'NONE', #1667, #2646 ) ;
#3316 = ADVANCED_FACE ( 'NONE', ( #2320 ), #176, .F. ) ;
#3317 = VERTEX_POINT ( 'NONE', #2981 ) ;
#3318 = FACE_OUTER_BOUND ( 'NONE', #1990, .T. ) ;
#3319 = LINE ( 'NONE', #3954, #2007 ) ;
#3320 = CARTESIAN_POINT ( 'NONE',  ( 12.75000000000000178, -19.30000000000000071, -10.80000000000000071 ) ) ;
#3321 = EDGE_LOOP ( 'NONE', ( #989, #491, #1042, #1707 ) ) ;
#3322 = CARTESIAN_POINT ( 'NONE',  ( 9.350000000000001421, -35.25000000000000000, -3.899999999999999911 ) ) ;
#3323 = VECTOR ( 'NONE', #774, 1000.000000000000000 ) ;
#3324 = ADVANCED_FACE ( 'NONE', ( #4426 ), #1920, .T. ) ;
#3325 = PLANE ( 'NONE',  #1481 ) ;
#3326 = SURFACE_SIDE_STYLE ('',( #3758 ) ) ;
#3327 = ORIENTED_EDGE ( 'NONE', *, *, #926, .F. ) ;
#3328 = VERTEX_POINT ( 'NONE', #2346 ) ;
#3329 = EDGE_LOOP ( 'NONE', ( #249, #3631, #1341, #3346 ) ) ;
#3330 = PLANE ( 'NONE',  #1421 ) ;
#3331 = CARTESIAN_POINT ( 'NONE',  ( 13.55000000000000071, 8.960050506339001686, -10.80000000000000071 ) ) ;
#3332 = DIRECTION ( 'NONE',  ( 1.000000000000000000, 0.000000000000000000, 0.000000000000000000 ) ) ;
#3333 = DIRECTION ( 'NONE',  ( -0.7071067811863253061, 0.7071067811867697284, 0.000000000000000000 ) ) ;
#3334 = ADVANCED_FACE ( 'NONE', ( #3785 ), #2827, .F. ) ;
#3335 = ADVANCED_FACE ( 'NONE', ( #1570 ), #152, .T. ) ;
#3336 = VERTEX_POINT ( 'NONE', #1992 ) ;
#3337 = CARTESIAN_POINT ( 'NONE',  ( -11.96005050634000355, -34.54999999999999716, -10.80000000000000071 ) ) ;
#3338 = DIRECTION ( 'NONE',  ( 0.000000000000000000, 1.000000000000000000, -0.000000000000000000 ) ) ;
#3339 = ORIENTED_EDGE ( 'NONE', *, *, #850, .F. ) ;
#3340 = EDGE_CURVE ( 'NONE', #3112, #2394, #3428, .T. ) ;
#3341 = CARTESIAN_POINT ( 'NONE',  ( 8.000000000000000000, -31.25000000000000000, 7.050000000000000711 ) ) ;
#3342 = FACE_OUTER_BOUND ( 'NONE', #4080, .T. ) ;
#3343 = VERTEX_POINT ( 'NONE', #4284 ) ;
#3344 = DIRECTION ( 'NONE',  ( -1.000000000000000000, 0.000000000000000000, 0.000000000000000000 ) ) ;
#3345 = CARTESIAN_POINT ( 'NONE',  ( -14.24999999997544364, -28.00000000000000000, -7.249999999970441422 ) ) ;
#3346 = ORIENTED_EDGE ( 'NONE', *, *, #1654, .F. ) ;
#3347 = PLANE ( 'NONE',  #2052 ) ;
#3348 = FACE_OUTER_BOUND ( 'NONE', #2590, .T. ) ;
#3349 = CIRCLE ( 'NONE', #1173, 1.249999999970441422 ) ;
#3350 = DIRECTION ( 'NONE',  ( 0.000000000000000000, -0.000000000000000000, 1.000000000000000000 ) ) ;
#3351 = DIRECTION ( 'NONE',  ( 0.000000000000000000, -1.000000000000000000, 0.000000000000000000 ) ) ;
#3352 = CARTESIAN_POINT ( 'NONE',  ( 14.24999999989040589, -4.000000000000000000, -4.750000000114596332 ) ) ;
#3353 = VECTOR ( 'NONE', #2314, 1000.000000000000000 ) ;
#3354 = VERTEX_POINT ( 'NONE', #3148 ) ;
#3355 = ORIENTED_EDGE ( 'NONE', *, *, #3947, .T. ) ;
#3356 = LINE ( 'NONE', #4139, #1563 ) ;
#3357 = CARTESIAN_POINT ( 'NONE',  ( -13.55000000000000071, 8.960050506339001686, -10.80000000000000071 ) ) ;
#3358 = VECTOR ( 'NONE', #1278, 1000.000000000000114 ) ;
#3359 = CARTESIAN_POINT ( 'NONE',  ( 8.349999999999999645, -8.900000000000000355, -10.80000000000000071 ) ) ;
#3360 = AXIS2_PLACEMENT_3D ( 'NONE', #1668, #1620, #2297 ) ;
#3361 = DIRECTION ( 'NONE',  ( -0.000000000000000000, -0.000000000000000000, 1.000000000000000000 ) ) ;
#3362 = VERTEX_POINT ( 'NONE', #1004 ) ;
#3363 = PLANE ( 'NONE',  #3681 ) ;
#3364 = DIRECTION ( 'NONE',  ( 0.000000000000000000, -1.000000000000000000, 0.000000000000000000 ) ) ;
#3365 = EDGE_CURVE ( 'NONE', #1714, #626, #3477, .T. ) ;
#3366 = EDGE_CURVE ( 'NONE', #886, #2373, #246, .T. ) ;
#3367 = ORIENTED_EDGE ( 'NONE', *, *, #3572, .F. ) ;
#3368 = ORIENTED_EDGE ( 'NONE', *, *, #77, .F. ) ;
#3369 = AXIS2_PLACEMENT_3D ( 'NONE', #3715, #554, #461 ) ;
#3370 = CARTESIAN_POINT ( 'NONE',  ( -14.24999999989040589, -4.000000000000000000, -6.000000000000000000 ) ) ;
#3371 = CARTESIAN_POINT ( 'NONE',  ( 11.96005050634000177, -34.54999999999999716, -11.50000000000000000 ) ) ;
#3372 = EDGE_CURVE ( 'NONE', #4014, #1537, #3188, .T. ) ;
#3373 = CIRCLE ( 'NONE', #4585, 1.049999999935153250 ) ;
#3374 = ORIENTED_EDGE ( 'NONE', *, *, #3401, .T. ) ;
#3375 = LINE ( 'NONE', #4467, #2928 ) ;
#3376 = DIRECTION ( 'NONE',  ( 1.000000000000000000, 0.000000000000000000, 0.000000000000000000 ) ) ;
#3377 = VECTOR ( 'NONE', #2515, 1000.000000000000000 ) ;
#3378 = DIRECTION ( 'NONE',  ( 0.000000000000000000, -0.000000000000000000, 1.000000000000000000 ) ) ;
#3379 = ADVANCED_FACE ( 'NONE', ( #4638 ), #191, .F. ) ;
#3380 = VECTOR ( 'NONE', #231, 1000.000000000000000 ) ;
#3381 = ORIENTED_EDGE ( 'NONE', *, *, #3897, .T. ) ;
#3382 = ORIENTED_EDGE ( 'NONE', *, *, #4232, .T. ) ;
#3383 = VECTOR ( 'NONE', #2943, 1000.000000000000000 ) ;
#3384 = ORIENTED_EDGE ( 'NONE', *, *, #3485, .F. ) ;
#3385 = DIRECTION ( 'NONE',  ( -0.7071067811865475727, -0.7071067811865475727, 0.000000000000000000 ) ) ;
#3386 = CARTESIAN_POINT ( 'NONE',  ( 0.000000000000000000, 0.000000000000000000, -11.50000000000000000 ) ) ;
#3387 = CYLINDRICAL_SURFACE ( 'NONE', #757, 1.050000000000000488 ) ;
#3388 = AXIS2_PLACEMENT_3D ( 'NONE', #3809, #556, #2390 ) ;
#3389 = EDGE_LOOP ( 'NONE', ( #3712, #717, #342, #3496 ) ) ;
#3390 = FACE_OUTER_BOUND ( 'NONE', #252, .T. ) ;
#3391 = CARTESIAN_POINT ( 'NONE',  ( 12.75000000000000178, -19.30000000000000071, -10.80000000000000071 ) ) ;
#3392 = EDGE_CURVE ( 'NONE', #196, #743, #1386, .T. ) ;
#3393 = AXIS2_PLACEMENT_3D ( 'NONE', #1560, #2614, #838 ) ;
#3394 = ORIENTED_EDGE ( 'NONE', *, *, #2822, .F. ) ;
#3395 = EDGE_LOOP ( 'NONE', ( #3735, #3039, #424, #2527 ) ) ;
#3396 = FACE_OUTER_BOUND ( 'NONE', #362, .T. ) ;
#3397 = DIRECTION ( 'NONE',  ( 1.000000000000000000, -0.000000000000000000, -0.000000000000000000 ) ) ;
#3398 = ORIENTED_EDGE ( 'NONE', *, *, #315, .F. ) ;
#3399 = CARTESIAN_POINT ( 'NONE',  ( -10.25000000000000000, -27.64999999999999858, -3.899999999999999911 ) ) ;
#3400 = EDGE_CURVE ( 'NONE', #3404, #4001, #4619, .T. ) ;
#3401 = EDGE_CURVE ( 'NONE', #2805, #244, #3856, .T. ) ;
#3402 = LINE ( 'NONE', #1283, #2078 ) ;
#3403 = CARTESIAN_POINT ( 'NONE',  ( -14.25000000000000000, -4.349999999999999645, -10.80000000000000071 ) ) ;
#3404 = VERTEX_POINT ( 'NONE', #4547 ) ;
#3405 = EDGE_CURVE ( 'NONE', #536, #940, #2086, .T. ) ;
#3406 = EDGE_LOOP ( 'NONE', ( #2722, #854 ) ) ;
#3407 = CARTESIAN_POINT ( 'NONE',  ( 14.25000000000000000, -5.349999999999999645, -3.899999999999999911 ) ) ;
#3408 = LINE ( 'NONE', #937, #1474 ) ;
#3409 = DIRECTION ( 'NONE',  ( -0.000000000000000000, 1.000000000000000000, 0.000000000000000000 ) ) ;
#3410 = AXIS2_PLACEMENT_3D ( 'NONE', #4308, #2155, #2795 ) ;
#3411 = ORIENTED_EDGE ( 'NONE', *, *, #1552, .T. ) ;
#3412 = DIRECTION ( 'NONE',  ( -0.000000000000000000, -1.000000000000000000, -0.000000000000000000 ) ) ;
#3413 = DIRECTION ( 'NONE',  ( 0.000000000000000000, 0.000000000000000000, -1.000000000000000000 ) ) ;
#3414 = EDGE_LOOP ( 'NONE', ( #1317, #2070, #4554, #3048 ) ) ;
#3415 = VERTEX_POINT ( 'NONE', #3904 ) ;
#3416 = LINE ( 'NONE', #2374, #3527 ) ;
#3417 = FACE_OUTER_BOUND ( 'NONE', #3437, .T. ) ;
#3418 = VERTEX_POINT ( 'NONE', #1760 ) ;
#3419 = CARTESIAN_POINT ( 'NONE',  ( 8.000000000000000000, -35.25000000000000000, 4.949999999999999289 ) ) ;
#3420 = CARTESIAN_POINT ( 'NONE',  ( -8.000000000000000000, -35.05000000006930350, 7.049999999991996447 ) ) ;
#3421 = DIRECTION ( 'NONE',  ( 0.000000000000000000, -1.000000000000000000, 0.000000000000000000 ) ) ;
#3422 = EDGE_CURVE ( 'NONE', #244, #3328, #3349, .T. ) ;
#3423 = EDGE_CURVE ( 'NONE', #4168, #2090, #3553, .T. ) ;
#3424 = DIRECTION ( 'NONE',  ( -1.000000000000000000, 0.000000000000000000, 0.000000000000000000 ) ) ;
#3425 = EDGE_LOOP ( 'NONE', ( #767, #1520 ) ) ;
#3426 = ORIENTED_EDGE ( 'NONE', *, *, #986, .T. ) ;
#3427 = DIRECTION ( 'NONE',  ( 0.000000000000000000, -0.000000000000000000, 1.000000000000000000 ) ) ;
#3428 = LINE ( 'NONE', #1642, #1024 ) ;
#3429 = DIRECTION ( 'NONE',  ( 0.000000000000000000, 1.000000000000000000, -0.000000000000000000 ) ) ;
#3430 = VECTOR ( 'NONE', #603, 1000.000000000000000 ) ;
#3431 = ADVANCED_FACE ( 'NONE', ( #3831 ), #4214, .T. ) ;
#3432 = ORIENTED_EDGE ( 'NONE', *, *, #1326, .F. ) ;
#3433 = LINE ( 'NONE', #2020, #1275 ) ;
#3434 = VECTOR ( 'NONE', #861, 1000.000000000000000 ) ;
#3435 = CARTESIAN_POINT ( 'NONE',  ( -14.25000000000000000, -5.349999999999998757, -3.899999999999999911 ) ) ;
#3436 = ORIENTED_EDGE ( 'NONE', *, *, #3143, .F. ) ;
#3437 = EDGE_LOOP ( 'NONE', ( #871, #3917, #4673, #2058 ) ) ;
#3438 = FACE_OUTER_BOUND ( 'NONE', #3395, .T. ) ;
#3439 = FACE_OUTER_BOUND ( 'NONE', #839, .T. ) ;
#3440 = VERTEX_POINT ( 'NONE', #1052 ) ;
#3441 = CYLINDRICAL_SURFACE ( 'NONE', #2467, 1.050000000000000488 ) ;
#3442 = AXIS2_PLACEMENT_3D ( 'NONE', #2869, #3622, #2891 ) ;
#3443 = PLANE ( 'NONE',  #653 ) ;
#3444 = VECTOR ( 'NONE', #2945, 1000.000000000000114 ) ;
#3445 = CARTESIAN_POINT ( 'NONE',  ( 10.25000000000000000, -5.349999999999999645, 3.899999999999999911 ) ) ;
#3446 = EDGE_LOOP ( 'NONE', ( #4036, #2223, #229, #3013 ) ) ;
#3447 = ORIENTED_EDGE ( 'NONE', *, *, #3423, .T. ) ;
#3448 = EDGE_CURVE ( 'NONE', #1346, #2818, #1687, .T. ) ;
#3449 = CARTESIAN_POINT ( 'NONE',  ( 11.96005050634000177, 10.55000000000000071, -10.80000000000000071 ) ) ;
#3450 = EDGE_CURVE ( 'NONE', #2668, #1554, #3925, .T. ) ;
#3451 = DIRECTION ( 'NONE',  ( 0.7071067811865474617, 8.659560562354932858E-17, 0.7071067811865474617 ) ) ;
#3452 = PLANE ( 'NONE',  #2754 ) ;
#3453 = CIRCLE ( 'NONE', #2099, 1.050000000000000488 ) ;
#3454 = VECTOR ( 'NONE', #3102, 1000.000000000000000 ) ;
#3455 = VERTEX_POINT ( 'NONE', #3571 ) ;
#3456 = EDGE_CURVE ( 'NONE', #3691, #2153, #2791, .T. ) ;
#3457 = LINE ( 'NONE', #250, #3454 ) ;
#3458 = EDGE_CURVE ( 'NONE', #4229, #2949, #1315, .T. ) ;
#3459 = FACE_OUTER_BOUND ( 'NONE', #407, .T. ) ;
#3460 = EDGE_LOOP ( 'NONE', ( #993, #631, #4628, #3042, #3554, #4242, #2282, #1164 ) ) ;
#3461 = DIRECTION ( 'NONE',  ( 0.000000000000000000, 0.000000000000000000, -1.000000000000000000 ) ) ;
#3462 = ORIENTED_EDGE ( 'NONE', *, *, #2608, .T. ) ;
#3463 = ADVANCED_FACE ( 'NONE', ( #2389 ), #984, .T. ) ;
#3464 = AXIS2_PLACEMENT_3D ( 'NONE', #860, #1913, #2948 ) ;
#3465 = DIRECTION ( 'NONE',  ( 0.000000000000000000, 0.000000000000000000, 1.000000000000000000 ) ) ;
#3466 = ORIENTED_EDGE ( 'NONE', *, *, #3664, .T. ) ;
#3467 = LINE ( 'NONE', #236, #4240 ) ;
#3468 = FACE_OUTER_BOUND ( 'NONE', #81, .T. ) ;
#3469 = CARTESIAN_POINT ( 'NONE',  ( -14.25000000000000000, -26.64999999999999858, -3.899999999999999911 ) ) ;
#3470 = LINE ( 'NONE', #3546, #3205 ) ;
#3471 = CARTESIAN_POINT ( 'NONE',  ( -14.25000000000000000, -4.349999999999999645, 3.899999999999999911 ) ) ;
#3472 = ORIENTED_EDGE ( 'NONE', *, *, #3137, .T. ) ;
#3473 = ORIENTED_EDGE ( 'NONE', *, *, #4243, .F. ) ;
#3474 = EDGE_CURVE ( 'NONE', #4566, #263, #3501, .T. ) ;
#3475 = ORIENTED_EDGE ( 'NONE', *, *, #3514, .F. ) ;
#3476 = DIRECTION ( 'NONE',  ( -0.000000000000000000, 0.000000000000000000, 1.000000000000000000 ) ) ;
#3477 = LINE ( 'NONE', #2437, #3654 ) ;
#3478 = DIRECTION ( 'NONE',  ( 0.000000000000000000, 1.000000000000000000, 0.000000000000000000 ) ) ;
#3479 = VECTOR ( 'NONE', #4062, 1000.000000000000000 ) ;
#3480 = EDGE_LOOP ( 'NONE', ( #3086, #3980, #874, #2510 ) ) ;
#3481 = PLANE ( 'NONE',  #4054 ) ;
#3482 = PLANE ( 'NONE',  #2325 ) ;
#3483 = VECTOR ( 'NONE', #4351, 1000.000000000000000 ) ;
#3484 = EDGE_CURVE ( 'NONE', #438, #2621, #2196, .T. ) ;
#3485 = EDGE_CURVE ( 'NONE', #2259, #1247, #1494, .T. ) ;
#3486 = ORIENTED_EDGE ( 'NONE', *, *, #1296, .F. ) ;
#3487 = CARTESIAN_POINT ( 'NONE',  ( 14.25000000000000000, -5.350000000000000533, -3.899999999999999911 ) ) ;
#3488 = EDGE_LOOP ( 'NONE', ( #3198, #1914, #1171, #4164 ) ) ;
#3489 = CARTESIAN_POINT ( 'NONE',  ( -14.25000000000000000, -4.349999999999999645, 3.899999999999999911 ) ) ;
#3490 = DIRECTION ( 'NONE',  ( -1.000000000000000000, -0.000000000000000000, -0.000000000000000000 ) ) ;
#3491 = EDGE_CURVE ( 'NONE', #1968, #3630, #26, .T. ) ;
#3492 = ORIENTED_EDGE ( 'NONE', *, *, #2815, .F. ) ;
#3493 = CARTESIAN_POINT ( 'NONE',  ( -8.000000000000000000, -35.25000000007594281, 7.250000000055479177 ) ) ;
#3494 = DIRECTION ( 'NONE',  ( 0.000000000000000000, -1.000000000000000000, 0.000000000000000000 ) ) ;
#3495 = DIRECTION ( 'NONE',  ( 0.000000000000000000, 0.000000000000000000, -1.000000000000000000 ) ) ;
#3496 = ORIENTED_EDGE ( 'NONE', *, *, #1158, .F. ) ;
#3497 = ORIENTED_EDGE ( 'NONE', *, *, #4556, .T. ) ;
#3498 = DIRECTION ( 'NONE',  ( 1.000000000000000000, 0.000000000000000000, 0.000000000000000000 ) ) ;
#3499 = VERTEX_POINT ( 'NONE', #2151 ) ;
#3500 = FACE_OUTER_BOUND ( 'NONE', #2709, .T. ) ;
#3501 = LINE ( 'NONE', #268, #2298 ) ;
#3502 = CARTESIAN_POINT ( 'NONE',  ( -13.55000000000000071, 8.960050506339003462, 10.80000000000000071 ) ) ;
#3503 = DIRECTION ( 'NONE',  ( -1.000000000000000000, -0.000000000000000000, -0.000000000000000000 ) ) ;
#3504 = VERTEX_POINT ( 'NONE', #2506 ) ;
#3505 = DIRECTION ( 'NONE',  ( 0.000000000000000000, 0.000000000000000000, -1.000000000000000000 ) ) ;
#3506 = DIRECTION ( 'NONE',  ( 0.000000000000000000, 0.000000000000000000, -1.000000000000000000 ) ) ;
#3507 = AXIS2_PLACEMENT_3D ( 'NONE', #1073, #1455, #2176 ) ;
#3508 = ORIENTED_EDGE ( 'NONE', *, *, #3832, .F. ) ;
#3509 = AXIS2_PLACEMENT_3D ( 'NONE', #46, #713, #4033 ) ;
#3510 = CARTESIAN_POINT ( 'NONE',  ( 10.25000000000000000, -26.64999999999999858, -3.899999999999999911 ) ) ;
#3511 = ORIENTED_EDGE ( 'NONE', *, *, #4148, .T. ) ;
#3512 = DIRECTION ( 'NONE',  ( 0.000000000000000000, 0.7071067811865474617, 0.7071067811865474617 ) ) ;
#3513 = FACE_OUTER_BOUND ( 'NONE', #3117, .T. ) ;
#3514 = EDGE_CURVE ( 'NONE', #4067, #1714, #2448, .T. ) ;
#3515 = ADVANCED_FACE ( 'NONE', ( #1518 ), #4374, .T. ) ;
#3516 = AXIS2_PLACEMENT_3D ( 'NONE', #2356, #684, #4604 ) ;
#3517 = VERTEX_POINT ( 'NONE', #8 ) ;
#3518 = LINE ( 'NONE', #284, #1567 ) ;
#3519 = ADVANCED_FACE ( 'NONE', ( #4325 ), #2929, .F. ) ;
#3520 = LINE ( 'NONE', #1701, #111 ) ;
#3521 = LINE ( 'NONE', #1731, #3709 ) ;
#3522 = CIRCLE ( 'NONE', #2843, 1.050000000000000488 ) ;
#3523 = EDGE_LOOP ( 'NONE', ( #1798, #1470 ) ) ;
#3524 = ORIENTED_EDGE ( 'NONE', *, *, #4650, .T. ) ;
#3525 = DIRECTION ( 'NONE',  ( 0.000000000000000000, -1.000000000000000000, 0.000000000000000000 ) ) ;
#3526 = DIRECTION ( 'NONE',  ( -1.000000000000000000, 0.000000000000000000, -0.000000000000000000 ) ) ;
#3527 = VECTOR ( 'NONE', #588, 1000.000000000000000 ) ;
#3528 = EDGE_CURVE ( 'NONE', #1134, #4397, #1090, .T. ) ;
#3529 = DIRECTION ( 'NONE',  ( -0.000000000000000000, 1.000000000000000000, -0.000000000000000000 ) ) ;
#3530 = CARTESIAN_POINT ( 'NONE',  ( 14.25000000000000000, -2.649999999999999911, -3.899999999999999911 ) ) ;
#3531 = DIRECTION ( 'NONE',  ( 0.000000000000000000, 0.000000000000000000, -1.000000000000000000 ) ) ;
#3532 = ORIENTED_EDGE ( 'NONE', *, *, #1397, .T. ) ;
#3533 = FACE_BOUND ( 'NONE', #3095, .T. ) ;
#3534 = CARTESIAN_POINT ( 'NONE',  ( -10.25000000000000000, -4.000000000000000000, -6.000000000000000000 ) ) ;
#3535 = AXIS2_PLACEMENT_3D ( 'NONE', #1998, #2328, #4095 ) ;
#3536 = VECTOR ( 'NONE', #82, 1000.000000000000000 ) ;
#3537 = DIRECTION ( 'NONE',  ( -1.000000000000000000, -0.000000000000000000, -0.000000000000000000 ) ) ;
#3538 = AXIS2_PLACEMENT_3D ( 'NONE', #304, #325, #4576 ) ;
#3539 = VECTOR ( 'NONE', #1492, 1000.000000000000000 ) ;
#3540 = VERTEX_POINT ( 'NONE', #2523 ) ;
#3541 = DIRECTION ( 'NONE',  ( 0.000000000000000000, -1.000000000000000000, 0.000000000000000000 ) ) ;
#3542 = EDGE_CURVE ( 'NONE', #3289, #1540, #648, .T. ) ;
#3543 = PLANE ( 'NONE',  #215 ) ;
#3544 = ORIENTED_EDGE ( 'NONE', *, *, #2239, .T. ) ;
#3545 = DIRECTION ( 'NONE',  ( 0.000000000000000000, 0.000000000000000000, -1.000000000000000000 ) ) ;
#3546 = CARTESIAN_POINT ( 'NONE',  ( 13.55000000000000071, 8.960050506339001686, -10.80000000000000071 ) ) ;
#3547 = AXIS2_PLACEMENT_3D ( 'NONE', #1591, #843, #194 ) ;
#3548 = ORIENTED_EDGE ( 'NONE', *, *, #3249, .T. ) ;
#3549 = EDGE_CURVE ( 'NONE', #638, #3499, #3254, .T. ) ;
#3550 = ORIENTED_EDGE ( 'NONE', *, *, #1040, .F. ) ;
#3551 = EDGE_CURVE ( 'NONE', #3343, #3415, #4011, .T. ) ;
#3552 = FACE_OUTER_BOUND ( 'NONE', #2342, .T. ) ;
#3553 = LINE ( 'NONE', #2132, #1094 ) ;
#3554 = ORIENTED_EDGE ( 'NONE', *, *, #3448, .F. ) ;
#3555 = EDGE_CURVE ( 'NONE', #2141, #3873, #765, .T. ) ;
#3556 = DIRECTION ( 'NONE',  ( 0.000000000000000000, -1.000000000000000000, 0.000000000000000000 ) ) ;
#3557 = ORIENTED_EDGE ( 'NONE', *, *, #4462, .F. ) ;
#3558 = LINE ( 'NONE', #1715, #1652 ) ;
#3559 = DIRECTION ( 'NONE',  ( 0.000000000000000000, 0.000000000000000000, 1.000000000000000000 ) ) ;
#3560 = CYLINDRICAL_SURFACE ( 'NONE', #3516, 1.050000000000000488 ) ;
#3561 = VERTEX_POINT ( 'NONE', #2906 ) ;
#3562 = CARTESIAN_POINT ( 'NONE',  ( -14.25000000000000000, -2.649999999999999911, 3.899999999999999911 ) ) ;
#3563 = VECTOR ( 'NONE', #34, 1000.000000000000000 ) ;
#3564 = DIRECTION ( 'NONE',  ( 0.000000000000000000, -1.000000000000000000, -0.000000000000000000 ) ) ;
#3565 = VERTEX_POINT ( 'NONE', #3298 ) ;
#3566 = CARTESIAN_POINT ( 'NONE',  ( -14.25000000000000000, -28.00000000000000000, -6.000000000000000000 ) ) ;
#3567 = CARTESIAN_POINT ( 'NONE',  ( 12.75000000000000178, -19.30000000000000071, -10.80000000000000071 ) ) ;
#3568 = ORIENTED_EDGE ( 'NONE', *, *, #1422, .T. ) ;
#3569 = DIRECTION ( 'NONE',  ( 0.000000000000000000, 0.000000000000000000, -1.000000000000000000 ) ) ;
#3570 = DIRECTION ( 'NONE',  ( 0.000000000000000000, 0.000000000000000000, -1.000000000000000000 ) ) ;
#3571 = CARTESIAN_POINT ( 'NONE',  ( 13.55000000000000071, 8.960050506339003462, -11.50000000000000000 ) ) ;
#3572 = EDGE_CURVE ( 'NONE', #1758, #880, #4489, .T. ) ;
#3573 = ADVANCED_FACE ( 'NONE', ( #1117 ), #2549, .F. ) ;
#3574 = CARTESIAN_POINT ( 'NONE',  ( -13.54999999999999716, -32.96005050634000355, 10.80000000000000071 ) ) ;
#3575 = CARTESIAN_POINT ( 'NONE',  ( 14.04999999994061000, -4.000000000000000000, 4.950000000064846972 ) ) ;
#3576 = VERTEX_POINT ( 'NONE', #405 ) ;
#3577 = DIRECTION ( 'NONE',  ( -0.000000000000000000, 0.000000000000000000, 1.000000000000000000 ) ) ;
#3578 = CARTESIAN_POINT ( 'NONE',  ( 8.000000000000000000, -35.25000000007594281, -6.000000000000000000 ) ) ;
#3579 = CARTESIAN_POINT ( 'NONE',  ( 8.000000000000000000, 11.05000000001155058, 6.000000000000000000 ) ) ;
#3580 = ORIENTED_EDGE ( 'NONE', *, *, #2729, .F. ) ;
#3581 = CARTESIAN_POINT ( 'NONE',  ( 10.25000000000000000, -4.000000000000000000, -4.949999999999999289 ) ) ;
#3582 = VECTOR ( 'NONE', #3098, 1000.000000000000000 ) ;
#3583 = LINE ( 'NONE', #640, #2700 ) ;
#3584 = DIRECTION ( 'NONE',  ( 0.000000000000000000, 1.000000000000000000, 0.000000000000000000 ) ) ;
#3585 = AXIS2_PLACEMENT_3D ( 'NONE', #2079, #3494, #4539 ) ;
#3586 = EDGE_LOOP ( 'NONE', ( #3238, #3967, #3747, #759 ) ) ;
#3587 = FACE_OUTER_BOUND ( 'NONE', #3866, .T. ) ;
#3588 = DIRECTION ( 'NONE',  ( -0.000000000000000000, -0.000000000000000000, -1.000000000000000000 ) ) ;
#3589 = VECTOR ( 'NONE', #1263, 1000.000000000000000 ) ;
#3590 = ORIENTED_EDGE ( 'NONE', *, *, #4415, .F. ) ;
#3591 = DIRECTION ( 'NONE',  ( 0.000000000000000000, 0.000000000000000000, -1.000000000000000000 ) ) ;
#3592 = CARTESIAN_POINT ( 'NONE',  ( -8.000000000000000000, -35.24999999993406163, 6.000000000000000000 ) ) ;
#3593 = ORIENTED_EDGE ( 'NONE', *, *, #4154, .F. ) ;
#3594 = ORIENTED_EDGE ( 'NONE', *, *, #2779, .T. ) ;
#3595 = FACE_OUTER_BOUND ( 'NONE', #1999, .T. ) ;
#3596 = VECTOR ( 'NONE', #2485, 1000.000000000000000 ) ;
#3597 = ORIENTED_EDGE ( 'NONE', *, *, #3220, .T. ) ;
#3598 = CYLINDRICAL_SURFACE ( 'NONE', #3442, 1.050000000000000488 ) ;
#3599 = CARTESIAN_POINT ( 'NONE',  ( 0.000000000000000000, -31.25000000000000000, -10.80000000000000071 ) ) ;
#3600 = VECTOR ( 'NONE', #2031, 1000.000000000000000 ) ;
#3601 = CARTESIAN_POINT ( 'NONE',  ( -8.349999999999999645, -35.25000000000000000, 3.899999999999999911 ) ) ;
#3602 = EDGE_CURVE ( 'NONE', #3761, #4184, #2593, .T. ) ;
#3603 = EDGE_CURVE ( 'NONE', #2751, #1574, #2977, .T. ) ;
#3604 = EDGE_LOOP ( 'NONE', ( #935, #907 ) ) ;
#3605 = PLANE ( 'NONE',  #3078 ) ;
#3606 = VECTOR ( 'NONE', #4504, 1000.000000000000000 ) ;
#3607 = DIRECTION ( 'NONE',  ( -1.000000000000000000, -0.000000000000000000, 0.000000000000000000 ) ) ;
#3608 = AXIS2_PLACEMENT_3D ( 'NONE', #2516, #4252, #2826 ) ;
#3609 = CONICAL_SURFACE ( 'NONE', #4362, 1.249999999885403446, 0.7853981633974482790 ) ;
#3610 = ORIENTED_EDGE ( 'NONE', *, *, #4117, .T. ) ;
#3611 = CARTESIAN_POINT ( 'NONE',  ( 14.04999999994061000, -28.00000000000000000, -4.950000000064392225 ) ) ;
#3612 = EDGE_CURVE ( 'NONE', #1893, #3842, #816, .T. ) ;
#3613 = DIRECTION ( 'NONE',  ( -0.7071067811863253061, -0.7071067811867697284, 0.000000000000000000 ) ) ;
#3614 =( GEOMETRIC_REPRESENTATION_CONTEXT ( 3 ) GLOBAL_UNCERTAINTY_ASSIGNED_CONTEXT ( ( #183 ) ) GLOBAL_UNIT_ASSIGNED_CONTEXT ( ( #3212, #2840, #716 ) ) REPRESENTATION_CONTEXT ( 'NONE', 'WORKASPACE' ) );
#3615 = ORIENTED_EDGE ( 'NONE', *, *, #1450, .F. ) ;
#3616 = CARTESIAN_POINT ( 'NONE',  ( -14.04999999994061000, -4.000000000000000000, 4.950000000064846972 ) ) ;
#3617 = DIRECTION ( 'NONE',  ( -0.000000000000000000, 1.000000000000000000, -0.000000000000000000 ) ) ;
#3618 = ORIENTED_EDGE ( 'NONE', *, *, #1123, .T. ) ;
#3619 = ORIENTED_EDGE ( 'NONE', *, *, #431, .T. ) ;
#3620 = EDGE_CURVE ( 'NONE', #1693, #2259, #1780, .T. ) ;
#3621 = ORIENTED_EDGE ( 'NONE', *, *, #1906, .F. ) ;
#3622 = DIRECTION ( 'NONE',  ( 0.000000000000000000, -1.000000000000000000, 0.000000000000000000 ) ) ;
#3623 = CARTESIAN_POINT ( 'NONE',  ( 7.650000000000000355, -35.25000000000000000, -3.899999999999999911 ) ) ;
#3624 = LINE ( 'NONE', #1461, #3061 ) ;
#3625 = VERTEX_POINT ( 'NONE', #3420 ) ;
#3626 = FACE_OUTER_BOUND ( 'NONE', #3145, .T. ) ;
#3627 = CARTESIAN_POINT ( 'NONE',  ( -11.96005050634000177, -34.54999999999999716, 11.50000000000000000 ) ) ;
#3628 = EDGE_CURVE ( 'NONE', #3565, #1517, #1634, .T. ) ;
#3629 = EDGE_CURVE ( 'NONE', #979, #282, #724, .T. ) ;
#3630 = VERTEX_POINT ( 'NONE', #2641 ) ;
#3631 = ORIENTED_EDGE ( 'NONE', *, *, #1533, .F. ) ;
#3632 = CARTESIAN_POINT ( 'NONE',  ( -12.75000000000000178, -8.900000000000000355, -10.80000000000000071 ) ) ;
#3633 = AXIS2_PLACEMENT_3D ( 'NONE', #1116, #3274, #3591 ) ;
#3634 = LINE ( 'NONE', #1840, #1924 ) ;
#3635 = CONICAL_SURFACE ( 'NONE', #3410, 1.249999999885403446, 0.7853981633974482790 ) ;
#3636 = ADVANCED_FACE ( 'NONE', ( #4082 ), #92, .T. ) ;
#3637 = ORIENTED_EDGE ( 'NONE', *, *, #1303, .F. ) ;
#3638 = DIRECTION ( 'NONE',  ( 8.659560563585529986E-17, -0.7071067810860616198, 0.7071067812870334146 ) ) ;
#3639 = ORIENTED_EDGE ( 'NONE', *, *, #850, .T. ) ;
#3640 = ORIENTED_EDGE ( 'NONE', *, *, #178, .T. ) ;
#3641 = VERTEX_POINT ( 'NONE', #1232 ) ;
#3642 = DIRECTION ( 'NONE',  ( 0.000000000000000000, -1.000000000000000000, 0.000000000000000000 ) ) ;
#3643 = DIRECTION ( 'NONE',  ( 0.000000000000000000, -0.000000000000000000, -1.000000000000000000 ) ) ;
#3644 = CARTESIAN_POINT ( 'NONE',  ( 14.25000000003228706, -4.000000000000000000, -7.250000000027284841 ) ) ;
#3645 = PLANE ( 'NONE',  #2725 ) ;
#3646 = VERTEX_POINT ( 'NONE', #4133 ) ;
#3647 = FACE_OUTER_BOUND ( 'NONE', #74, .T. ) ;
#3648 = DIRECTION ( 'NONE',  ( 0.000000000000000000, -0.000000000000000000, 1.000000000000000000 ) ) ;
#3649 = ORIENTED_EDGE ( 'NONE', *, *, #3110, .F. ) ;
#3650 = ADVANCED_FACE ( 'NONE', ( #3069 ), #1209, .T. ) ;
#3651 = EDGE_CURVE ( 'NONE', #4097, #2584, #548, .T. ) ;
#3652 = CARTESIAN_POINT ( 'NONE',  ( 8.349999999999999645, -8.900000000000000355, -4.700000000000000178 ) ) ;
#3653 = DIRECTION ( 'NONE',  ( 0.000000000000000000, 0.000000000000000000, -1.000000000000000000 ) ) ;
#3654 = VECTOR ( 'NONE', #677, 1000.000000000000000 ) ;
#3655 = ORIENTED_EDGE ( 'NONE', *, *, #4346, .F. ) ;
#3656 = ADVANCED_FACE ( 'NONE', ( #144 ), #4061, .F. ) ;
#3657 = VECTOR ( 'NONE', #2690, 1000.000000000000000 ) ;
#3658 = ADVANCED_FACE ( 'NONE', ( #1538 ), #3325, .T. ) ;
#3659 = CARTESIAN_POINT ( 'NONE',  ( 0.000000000000000000, -31.25000000000000000, -3.899999999999999911 ) ) ;
#3660 = DIRECTION ( 'NONE',  ( 0.000000000000000000, 1.000000000000000000, 0.000000000000000000 ) ) ;
#3661 = CIRCLE ( 'NONE', #4273, 1.050000000000000488 ) ;
#3662 = ORIENTED_EDGE ( 'NONE', *, *, #3372, .T. ) ;
#3663 = ORIENTED_EDGE ( 'NONE', *, *, #2480, .F. ) ;
#3664 = EDGE_CURVE ( 'NONE', #859, #3969, #169, .T. ) ;
#3665 = EDGE_LOOP ( 'NONE', ( #4550, #242, #3071, #27 ) ) ;
#3666 = LINE ( 'NONE', #2530, #2089 ) ;
#3667 = DIRECTION ( 'NONE',  ( -1.000000000000000000, -0.000000000000000000, -0.000000000000000000 ) ) ;
#3668 = LINE ( 'NONE', #2628, #579 ) ;
#3669 = CARTESIAN_POINT ( 'NONE',  ( -8.000000000000000000, 11.24999999998999556, 4.750000000029558578 ) ) ;
#3670 = VECTOR ( 'NONE', #771, 1000.000000000000000 ) ;
#3671 = ORIENTED_EDGE ( 'NONE', *, *, #2127, .F. ) ;
#3672 = CARTESIAN_POINT ( 'NONE',  ( -14.25000000000000000, 9.250000000000000000, 11.50000000000000533 ) ) ;
#3673 = LINE ( 'NONE', #84, #1429 ) ;
#3674 = VECTOR ( 'NONE', #4051, 1000.000000000000000 ) ;
#3675 = CARTESIAN_POINT ( 'NONE',  ( 14.25000000000000000, -27.64999999999999858, -3.899999999999999911 ) ) ;
#3676 = EDGE_LOOP ( 'NONE', ( #612, #4258, #1823, #1827 ) ) ;
#3677 = EDGE_CURVE ( 'NONE', #1732, #1978, #1589, .T. ) ;
#3678 = CARTESIAN_POINT ( 'NONE',  ( 6.649999999999999467, -35.25000000000000000, -3.899999999999999911 ) ) ;
#3679 = DIRECTION ( 'NONE',  ( 0.000000000000000000, 1.000000000000000000, 0.000000000000000000 ) ) ;
#3680 = VECTOR ( 'NONE', #3244, 1000.000000000000000 ) ;
#3681 = AXIS2_PLACEMENT_3D ( 'NONE', #1952, #2631, #1548 ) ;
#3682 = CARTESIAN_POINT ( 'NONE',  ( -8.349999999999999645, -19.30000000000000071, -10.80000000000000071 ) ) ;
#3683 = ORIENTED_EDGE ( 'NONE', *, *, #1357, .F. ) ;
#3684 = AXIS2_PLACEMENT_3D ( 'NONE', #98, #3997, #3643 ) ;
#3685 = LINE ( 'NONE', #4371, #1601 ) ;
#3686 = FACE_BOUND ( 'NONE', #2726, .T. ) ;
#3687 = SURFACE_STYLE_USAGE ( .BOTH. , #3326 ) ;
#3688 = EDGE_CURVE ( 'NONE', #4309, #4171, #1185, .T. ) ;
#3689 = EDGE_CURVE ( 'NONE', #1602, #2141, #4518, .T. ) ;
#3690 = VERTEX_POINT ( 'NONE', #525 ) ;
#3691 = VERTEX_POINT ( 'NONE', #1965 ) ;
#3692 = DIRECTION ( 'NONE',  ( 0.000000000000000000, 1.000000000000000000, 0.000000000000000000 ) ) ;
#3693 = ORIENTED_EDGE ( 'NONE', *, *, #373, .F. ) ;
#3694 = DIRECTION ( 'NONE',  ( 1.000000000000000000, 0.000000000000000000, 0.000000000000000000 ) ) ;
#3695 = DIRECTION ( 'NONE',  ( 0.000000000000000000, 0.000000000000000000, -1.000000000000000000 ) ) ;
#3696 = CARTESIAN_POINT ( 'NONE',  ( -14.25000000000000000, -5.349999999999999645, -3.899999999999999911 ) ) ;
#3697 = EDGE_CURVE ( 'NONE', #4566, #2954, #4447, .T. ) ;
#3698 = ORIENTED_EDGE ( 'NONE', *, *, #927, .T. ) ;
#3699 = DIRECTION ( 'NONE',  ( -0.000000000000000000, 0.000000000000000000, 1.000000000000000000 ) ) ;
#3700 = DIRECTION ( 'NONE',  ( -1.000000000000000000, 0.000000000000000000, 0.000000000000000000 ) ) ;
#3701 = CARTESIAN_POINT ( 'NONE',  ( -11.96005050634000177, 10.55000000000000071, -10.80000000000000071 ) ) ;
#3702 = VERTEX_POINT ( 'NONE', #2618 ) ;
#3703 = CARTESIAN_POINT ( 'NONE',  ( -10.25000000000000000, -26.64999999999999858, -3.899999999999999911 ) ) ;
#3704 = DIRECTION ( 'NONE',  ( 0.000000000000000000, -1.000000000000000000, -0.000000000000000000 ) ) ;
#3705 = ORIENTED_EDGE ( 'NONE', *, *, #2189, .F. ) ;
#3706 = CARTESIAN_POINT ( 'NONE',  ( 12.75000000000000178, -8.900000000000000355, -4.700000000000000178 ) ) ;
#3707 = ORIENTED_EDGE ( 'NONE', *, *, #1013, .F. ) ;
#3708 = CARTESIAN_POINT ( 'NONE',  ( -13.55000000000000071, 8.960050506339001686, 10.80000000000000071 ) ) ;
#3709 = VECTOR ( 'NONE', #4634, 1000.000000000000000 ) ;
#3710 = FACE_BOUND ( 'NONE', #647, .T. ) ;
#3711 = LINE ( 'NONE', #3352, #2407 ) ;
#3712 = ORIENTED_EDGE ( 'NONE', *, *, #3340, .T. ) ;
#3713 = EDGE_LOOP ( 'NONE', ( #1105, #2233, #2383, #1519 ) ) ;
#3714 = EDGE_CURVE ( 'NONE', #3517, #540, #3402, .T. ) ;
#3715 = CARTESIAN_POINT ( 'NONE',  ( -14.04999999994061000, -28.00000000000000000, 6.000000000000000000 ) ) ;
#3716 = EDGE_CURVE ( 'NONE', #3081, #3343, #2715, .T. ) ;
#3717 = CARTESIAN_POINT ( 'NONE',  ( 14.25000000003274181, -28.00000000000000000, 6.000000000000000000 ) ) ;
#3718 = DIRECTION ( 'NONE',  ( 0.000000000000000000, 1.000000000000000000, 0.000000000000000000 ) ) ;
#3719 = ORIENTED_EDGE ( 'NONE', *, *, #2733, .T. ) ;
#3720 = DIRECTION ( 'NONE',  ( 0.000000000000000000, 0.000000000000000000, 1.000000000000000000 ) ) ;
#3721 = ADVANCED_FACE ( 'NONE', ( #932, #3686, #1891, #840, #2264, #3710, #3896, #4586, #4231 ), #312, .T. ) ;
#3722 = LINE ( 'NONE', #4170, #1575 ) ;
#3723 = CARTESIAN_POINT ( 'NONE',  ( 7.650000000000000355, -35.25000000000000000, -10.80000000000000071 ) ) ;
#3724 = VERTEX_POINT ( 'NONE', #594 ) ;
#3725 = EDGE_LOOP ( 'NONE', ( #911, #1447 ) ) ;
#3726 = CARTESIAN_POINT ( 'NONE',  ( -14.24999999989040589, -28.00000000000000000, -7.249999999885403668 ) ) ;
#3727 = CARTESIAN_POINT ( 'NONE',  ( 14.25000000000000000, -3.650000000000000355, -3.899999999999999911 ) ) ;
#3728 = ORIENTED_EDGE ( 'NONE', *, *, #600, .F. ) ;
#3729 = DIRECTION ( 'NONE',  ( 0.000000000000000000, 0.000000000000000000, -1.000000000000000000 ) ) ;
#3730 = VECTOR ( 'NONE', #2040, 1000.000000000000000 ) ;
#3731 = DIRECTION ( 'NONE',  ( 0.000000000000000000, 0.000000000000000000, 1.000000000000000000 ) ) ;
#3732 = DIRECTION ( 'NONE',  ( 0.000000000000000000, 0.000000000000000000, -1.000000000000000000 ) ) ;
#3733 = VERTEX_POINT ( 'NONE', #1354 ) ;
#3734 = AXIS2_PLACEMENT_3D ( 'NONE', #501, #3350, #4470 ) ;
#3735 = ORIENTED_EDGE ( 'NONE', *, *, #4648, .T. ) ;
#3736 = ORIENTED_EDGE ( 'NONE', *, *, #552, .F. ) ;
#3737 = LINE ( 'NONE', #505, #2462 ) ;
#3738 = DIRECTION ( 'NONE',  ( 0.000000000000000000, 0.000000000000000000, -1.000000000000000000 ) ) ;
#3739 = VECTOR ( 'NONE', #3679, 1000.000000000000000 ) ;
#3740 = CARTESIAN_POINT ( 'NONE',  ( -8.000000000000000000, -35.25000000007594281, 4.749999999944520823 ) ) ;
#3741 = CARTESIAN_POINT ( 'NONE',  ( 6.650000000000000355, -35.25000000000000000, -3.899999999999999911 ) ) ;
#3742 = ORIENTED_EDGE ( 'NONE', *, *, #2830, .F. ) ;
#3743 = DIRECTION ( 'NONE',  ( 0.000000000000000000, 0.000000000000000000, 1.000000000000000000 ) ) ;
#3744 = DIRECTION ( 'NONE',  ( 1.000000000000000000, 0.000000000000000000, -0.000000000000000000 ) ) ;
#3745 = VECTOR ( 'NONE', #3121, 1000.000000000000000 ) ;
#3746 = EDGE_CURVE ( 'NONE', #1498, #4303, #2522, .T. ) ;
#3747 = ORIENTED_EDGE ( 'NONE', *, *, #2729, .T. ) ;
#3748 = ORIENTED_EDGE ( 'NONE', *, *, #4328, .T. ) ;
#3749 = AXIS2_PLACEMENT_3D ( 'NONE', #212, #2684, #4127 ) ;
#3750 = CARTESIAN_POINT ( 'NONE',  ( 14.25000000000000000, -5.349999999999999645, -3.899999999999999911 ) ) ;
#3751 = CARTESIAN_POINT ( 'NONE',  ( -12.25000000000000000, 11.25000000000000000, 11.50000000000000355 ) ) ;
#3752 = ADVANCED_FACE ( 'NONE', ( #2106 ), #3443, .T. ) ;
#3753 = ORIENTED_EDGE ( 'NONE', *, *, #3689, .F. ) ;
#3754 = LINE ( 'NONE', #1207, #4203 ) ;
#3755 = AXIS2_PLACEMENT_3D ( 'NONE', #132, #157, #4530 ) ;
#3756 = VECTOR ( 'NONE', #2207, 1000.000000000000000 ) ;
#3757 = CARTESIAN_POINT ( 'NONE',  ( 0.000000000000000000, -31.25000000000000000, 3.900000000000000799 ) ) ;
#3758 = SURFACE_STYLE_FILL_AREA ( #2244 ) ;
#3759 = VECTOR ( 'NONE', #2724, 1000.000000000000000 ) ;
#3760 = EDGE_LOOP ( 'NONE', ( #2944, #2972, #1943, #4624 ) ) ;
#3761 = VERTEX_POINT ( 'NONE', #2783 ) ;
#3762 = AXIS2_PLACEMENT_3D ( 'NONE', #792, #480, #3461 ) ;
#3763 = ORIENTED_EDGE ( 'NONE', *, *, #4178, .F. ) ;
#3764 = LINE ( 'NONE', #915, #737 ) ;
#3765 = FACE_OUTER_BOUND ( 'NONE', #4398, .T. ) ;
#3766 = CARTESIAN_POINT ( 'NONE',  ( -8.000000000000000000, 11.24999999990450306, 6.000000000000000000 ) ) ;
#3767 = ORIENTED_EDGE ( 'NONE', *, *, #2841, .T. ) ;
#3768 = CARTESIAN_POINT ( 'NONE',  ( -14.24999999997544364, -4.000000000000000000, -6.000000000000000000 ) ) ;
#3769 = CARTESIAN_POINT ( 'NONE',  ( 14.25000000000000000, -5.349999999999999645, -3.899999999999999911 ) ) ;
#3770 = VECTOR ( 'NONE', #933, 1000.000000000000000 ) ;
#3771 = VERTEX_POINT ( 'NONE', #4277 ) ;
#3772 = ORIENTED_EDGE ( 'NONE', *, *, #635, .T. ) ;
#3773 = DIRECTION ( 'NONE',  ( 1.000000000000000000, 0.000000000000000000, 0.000000000000000000 ) ) ;
#3774 = ADVANCED_FACE ( 'NONE', ( #2056 ), #2807, .T. ) ;
#3775 = EDGE_CURVE ( 'NONE', #1247, #2759, #999, .T. ) ;
#3776 = CARTESIAN_POINT ( 'NONE',  ( -10.25000000000000000, -28.35000000000000497, -3.899999999999999911 ) ) ;
#3777 = EDGE_LOOP ( 'NONE', ( #529, #1594, #596, #1188 ) ) ;
#3778 = FACE_OUTER_BOUND ( 'NONE', #4601, .T. ) ;
#3779 = DIRECTION ( 'NONE',  ( -1.000000000000000000, 0.000000000000000000, -0.000000000000000000 ) ) ;
#3780 = ORIENTED_EDGE ( 'NONE', *, *, #1246, .T. ) ;
#3781 = ORIENTED_EDGE ( 'NONE', *, *, #106, .F. ) ;
#3782 = MECHANICAL_DESIGN_GEOMETRIC_PRESENTATION_REPRESENTATION (  '', ( #2499 ), #4079 ) ;
#3783 = ORIENTED_EDGE ( 'NONE', *, *, #1218, .F. ) ;
#3784 = CARTESIAN_POINT ( 'NONE',  ( -14.25000000000000000, -5.349999999999999645, -3.899999999999999911 ) ) ;
#3785 = FACE_OUTER_BOUND ( 'NONE', #1690, .T. ) ;
#3786 = FACE_OUTER_BOUND ( 'NONE', #3321, .T. ) ;
#3787 = FACE_OUTER_BOUND ( 'NONE', #3389, .T. ) ;
#3788 = ORIENTED_EDGE ( 'NONE', *, *, #641, .F. ) ;
#3789 = DIRECTION ( 'NONE',  ( 0.000000000000000000, 0.000000000000000000, 1.000000000000000000 ) ) ;
#3790 = CARTESIAN_POINT ( 'NONE',  ( -14.25000000000000000, -33.25000000000000000, 11.50000000000000355 ) ) ;
#3791 = EDGE_LOOP ( 'NONE', ( #969, #25, #1163, #2200 ) ) ;
#3792 = ORIENTED_EDGE ( 'NONE', *, *, #167, .F. ) ;
#3793 = CARTESIAN_POINT ( 'NONE',  ( -12.25000000000000000, 11.25000000000000000, -10.80000000000000071 ) ) ;
#3794 = CARTESIAN_POINT ( 'NONE',  ( -8.349999999999999645, -31.25000000000000000, -3.899999999999999911 ) ) ;
#3795 = ORIENTED_EDGE ( 'NONE', *, *, #127, .F. ) ;
#3797 = EDGE_CURVE ( 'NONE', #1517, #3540, #3470, .T. ) ;
#3796 = DIRECTION ( 'NONE',  ( -0.000000000000000000, -0.000000000000000000, -1.000000000000000000 ) ) ;
#3798 = EDGE_CURVE ( 'NONE', #4111, #4174, #1755, .T. ) ;
#3799 = DIRECTION ( 'NONE',  ( -1.000000000000000000, -0.000000000000000000, -0.000000000000000000 ) ) ;
#3800 = CARTESIAN_POINT ( 'NONE',  ( -10.25000000000000000, 0.000000000000000000, -10.80000000000000071 ) ) ;
#3801 = ORIENTED_EDGE ( 'NONE', *, *, #327, .F. ) ;
#3802 = ADVANCED_FACE ( 'NONE', ( #3092 ), #4179, .F. ) ;
#3803 = ORIENTED_EDGE ( 'NONE', *, *, #315, .T. ) ;
#3804 = ADVANCED_FACE ( 'NONE', ( #4614 ), #4560, .T. ) ;
#3805 = VECTOR ( 'NONE', #3660, 1000.000000000000000 ) ;
#3806 = ORIENTED_EDGE ( 'NONE', *, *, #3833, .F. ) ;
#3807 = CARTESIAN_POINT ( 'NONE',  ( -14.25000000000000000, -3.650000000000000355, 3.899999999999999911 ) ) ;
#3808 = DIRECTION ( 'NONE',  ( 0.000000000000000000, 0.000000000000000000, -1.000000000000000000 ) ) ;
#3809 = CARTESIAN_POINT ( 'NONE',  ( 10.25000000000000000, -4.000000000000000000, 6.000000000000000000 ) ) ;
#3810 = AXIS2_PLACEMENT_3D ( 'NONE', #1710, #3877, #651 ) ;
#3811 = EDGE_LOOP ( 'NONE', ( #3466, #1382, #3663, #3192 ) ) ;
#3812 = FACE_OUTER_BOUND ( 'NONE', #350, .T. ) ;
#3813 = VECTOR ( 'NONE', #3165, 1000.000000000000000 ) ;
#3814 = DIRECTION ( 'NONE',  ( 0.000000000000000000, -0.000000000000000000, -1.000000000000000000 ) ) ;
#3815 = CONICAL_SURFACE ( 'NONE', #1254, 1.249999999884949142, 0.7853981633974482790 ) ;
#3816 = ORIENTED_EDGE ( 'NONE', *, *, #4348, .F. ) ;
#3817 = DIRECTION ( 'NONE',  ( 0.7071067811865475727, -0.7071067811865475727, 0.000000000000000000 ) ) ;
#3818 = DIRECTION ( 'NONE',  ( 1.000000000000000000, 0.000000000000000000, 0.000000000000000000 ) ) ;
#3819 = EDGE_CURVE ( 'NONE', #3418, #2283, #3520, .T. ) ;
#3820 = EDGE_LOOP ( 'NONE', ( #4012, #1276, #1137, #3038 ) ) ;
#3821 = CARTESIAN_POINT ( 'NONE',  ( 11.96005050634000177, 10.55000000000000071, 10.80000000000000071 ) ) ;
#3822 = AXIS2_PLACEMENT_3D ( 'NONE', #4625, #4244, #4191 ) ;
#3823 = CONICAL_SURFACE ( 'NONE', #3218, 1.250000000055933702, 0.7853981635395568262 ) ;
#3824 = DIRECTION ( 'NONE',  ( -0.000000000000000000, 0.000000000000000000, -1.000000000000000000 ) ) ;
#3825 = VERTEX_POINT ( 'NONE', #4255 ) ;
#3826 = EDGE_LOOP ( 'NONE', ( #2736, #4399, #134, #790 ) ) ;
#3827 = AXIS2_PLACEMENT_3D ( 'NONE', #2509, #3531, #1784 ) ;
#3828 = LINE ( 'NONE', #2789, #775 ) ;
#3829 = ORIENTED_EDGE ( 'NONE', *, *, #1800, .T. ) ;
#3830 = CARTESIAN_POINT ( 'NONE',  ( 14.25000000000000000, -4.000000000000000000, 4.949999999999999289 ) ) ;
#3831 = FACE_OUTER_BOUND ( 'NONE', #2416, .T. ) ;
#3832 = EDGE_CURVE ( 'NONE', #4234, #1478, #1175, .T. ) ;
#3833 = EDGE_CURVE ( 'NONE', #504, #3771, #1100, .T. ) ;
#3834 = DIRECTION ( 'NONE',  ( 1.000000000000000000, 0.000000000000000000, -0.000000000000000000 ) ) ;
#3835 = VECTOR ( 'NONE', #2071, 1000.000000000000000 ) ;
#3836 = FACE_OUTER_BOUND ( 'NONE', #1894, .T. ) ;
#3837 = ORIENTED_EDGE ( 'NONE', *, *, #963, .F. ) ;
#3838 = CARTESIAN_POINT ( 'NONE',  ( -14.25000000000000000, -27.64999999999999503, 3.899999999999999911 ) ) ;
#3839 = DIRECTION ( 'NONE',  ( 0.7071067811865475727, -0.7071067811865475727, 0.000000000000000000 ) ) ;
#3840 = EDGE_CURVE ( 'NONE', #2584, #3156, #1328, .T. ) ;
#3841 = VECTOR ( 'NONE', #3099, 1000.000000000000000 ) ;
#3842 = VERTEX_POINT ( 'NONE', #2452 ) ;
#3843 = VERTEX_POINT ( 'NONE', #669 ) ;
#3844 = DIRECTION ( 'NONE',  ( -1.000000000000000000, 0.000000000000000000, 0.000000000000000000 ) ) ;
#3845 = AXIS2_PLACEMENT_3D ( 'NONE', #3566, #332, #3204 ) ;
#3846 = PLANE ( 'NONE',  #1865 ) ;
#3847 = ORIENTED_EDGE ( 'NONE', *, *, #3299, .F. ) ;
#3848 = DIRECTION ( 'NONE',  ( 0.000000000000000000, -0.000000000000000000, 1.000000000000000000 ) ) ;
#3849 = DIRECTION ( 'NONE',  ( 0.000000000000000000, 1.000000000000000000, 0.000000000000000000 ) ) ;
#3850 = CARTESIAN_POINT ( 'NONE',  ( -8.000000000000000000, -31.25000000000000000, 6.000000000000000000 ) ) ;
#3851 = ORIENTED_EDGE ( 'NONE', *, *, #320, .F. ) ;
#3852 = EDGE_LOOP ( 'NONE', ( #1190, #3021, #2560, #220 ) ) ;
#3853 = CARTESIAN_POINT ( 'NONE',  ( 14.04999999994061000, -4.000000000000000000, -7.049999999935607775 ) ) ;
#3854 = ORIENTED_EDGE ( 'NONE', *, *, #2779, .F. ) ;
#3855 = CARTESIAN_POINT ( 'NONE',  ( -14.25000000000000000, -3.649999999999999911, 3.899999999999999911 ) ) ;
#3856 = LINE ( 'NONE', #4594, #3958 ) ;
#3857 = DIRECTION ( 'NONE',  ( -0.000000000000000000, -0.000000000000000000, 1.000000000000000000 ) ) ;
#3858 = VECTOR ( 'NONE', #3333, 1000.000000000000000 ) ;
#3859 = EDGE_CURVE ( 'NONE', #1311, #3362, #4109, .T. ) ;
#3860 = DIRECTION ( 'NONE',  ( 1.000000000000000000, 0.000000000000000000, 0.000000000000000000 ) ) ;
#3861 = EDGE_CURVE ( 'NONE', #4111, #3843, #2734, .T. ) ;
#3862 = ORIENTED_EDGE ( 'NONE', *, *, #1613, .T. ) ;
#3863 = CARTESIAN_POINT ( 'NONE',  ( 13.55000000000000071, -32.96005050634000355, 10.80000000000000071 ) ) ;
#3864 = CARTESIAN_POINT ( 'NONE',  ( 8.349999999999999645, -31.25000000000000000, 3.899999999999999911 ) ) ;
#3865 = VERTEX_POINT ( 'NONE', #422 ) ;
#3866 = EDGE_LOOP ( 'NONE', ( #947, #241, #1720, #2962 ) ) ;
#3867 = DIRECTION ( 'NONE',  ( -0.000000000000000000, -1.000000000000000000, -0.000000000000000000 ) ) ;
#3868 = DIRECTION ( 'NONE',  ( 0.000000000000000000, 0.000000000000000000, -1.000000000000000000 ) ) ;
#3869 = ORIENTED_EDGE ( 'NONE', *, *, #3514, .T. ) ;
#3870 = LINE ( 'NONE', #3419, #2613 ) ;
#3871 = EDGE_CURVE ( 'NONE', #2850, #3504, #357, .T. ) ;
#3872 = DIRECTION ( 'NONE',  ( 0.000000000000000000, -1.000000000000000000, 0.000000000000000000 ) ) ;
#3873 = VERTEX_POINT ( 'NONE', #68 ) ;
#3874 = ORIENTED_EDGE ( 'NONE', *, *, #1240, .F. ) ;
#3875 = DIRECTION ( 'NONE',  ( 0.000000000000000000, 0.000000000000000000, -1.000000000000000000 ) ) ;
#3876 = FACE_OUTER_BOUND ( 'NONE', #3000, .T. ) ;
#3877 = DIRECTION ( 'NONE',  ( 0.000000000000000000, -1.000000000000000000, 0.000000000000000000 ) ) ;
#3878 = LINE ( 'NONE', #4622, #2552 ) ;
#3879 = EDGE_CURVE ( 'NONE', #2751, #282, #4369, .T. ) ;
#3880 = PLANE ( 'NONE',  #3827 ) ;
#3881 = EDGE_LOOP ( 'NONE', ( #28, #1674, #2912, #1637 ) ) ;
#3882 = CARTESIAN_POINT ( 'NONE',  ( 8.000000000000000000, -35.24999999999090505, 4.750000000029556801 ) ) ;
#3883 = DIRECTION ( 'NONE',  ( 1.000000000000000000, 0.000000000000000000, 0.000000000000000000 ) ) ;
#3884 = VECTOR ( 'NONE', #3945, 1000.000000000000000 ) ;
#3885 = DIRECTION ( 'NONE',  ( 0.000000000000000000, 0.000000000000000000, -1.000000000000000000 ) ) ;
#3886 = VECTOR ( 'NONE', #1562, 1000.000000000000000 ) ;
#3887 = FACE_OUTER_BOUND ( 'NONE', #3888, .T. ) ;
#3888 = EDGE_LOOP ( 'NONE', ( #4257, #575, #655, #359 ) ) ;
#3889 = LINE ( 'NONE', #661, #2399 ) ;
#3890 = DIRECTION ( 'NONE',  ( 0.7071067811865474617, 8.659560562354932858E-17, 0.7071067811865474617 ) ) ;
#3891 = ADVANCED_FACE ( 'NONE', ( #2519 ), #1490, .F. ) ;
#3892 = VECTOR ( 'NONE', #2637, 1000.000000000000000 ) ;
#3893 = ADVANCED_FACE ( 'NONE', ( #2946 ), #2860, .F. ) ;
#3894 = ORIENTED_EDGE ( 'NONE', *, *, #4154, .T. ) ;
#3895 = DIRECTION ( 'NONE',  ( 0.7071067811865486830, -0.7071067811865464625, 0.000000000000000000 ) ) ;
#3896 = FACE_BOUND ( 'NONE', #3791, .T. ) ;
#3897 = EDGE_CURVE ( 'NONE', #1311, #4385, #2126, .T. ) ;
#3898 = CYLINDRICAL_SURFACE ( 'NONE', #4317, 1.050000000000000488 ) ;
#3899 = VECTOR ( 'NONE', #482, 1000.000000000000000 ) ;
#3900 = ORIENTED_EDGE ( 'NONE', *, *, #516, .F. ) ;
#3901 = ORIENTED_EDGE ( 'NONE', *, *, #2274, .T. ) ;
#3902 = DIRECTION ( 'NONE',  ( 0.000000000000000000, 1.000000000000000000, 0.000000000000000000 ) ) ;
#3903 = AXIS2_PLACEMENT_3D ( 'NONE', #448, #1887, #2969 ) ;
#3904 = CARTESIAN_POINT ( 'NONE',  ( 14.25000000000000000, -28.35000000000000497, -3.899999999999999911 ) ) ;
#3905 = LINE ( 'NONE', #3530, #3164 ) ;
#3906 = LINE ( 'NONE', #680, #755 ) ;
#3907 = VERTEX_POINT ( 'NONE', #735 ) ;
#3908 = CARTESIAN_POINT ( 'NONE',  ( -14.24999999989040589, -4.000000000000000000, -7.249999999885403668 ) ) ;
#3909 = DIRECTION ( 'NONE',  ( 0.000000000000000000, 1.000000000000000000, 0.000000000000000000 ) ) ;
#3910 = VECTOR ( 'NONE', #3607, 1000.000000000000000 ) ;
#3911 = AXIS2_PLACEMENT_3D ( 'NONE', #852, #488, #2303 ) ;
#3912 = DIRECTION ( 'NONE',  ( 0.000000000000000000, 1.000000000000000000, -0.000000000000000000 ) ) ;
#3913 = VECTOR ( 'NONE', #3288, 1000.000000000000000 ) ;
#3914 = EDGE_LOOP ( 'NONE', ( #302, #3610 ) ) ;
#3915 = CARTESIAN_POINT ( 'NONE',  ( 14.25000000000000000, -3.649999999999999911, -3.899999999999999911 ) ) ;
#3916 = DIRECTION ( 'NONE',  ( 1.000000000000000000, 0.000000000000000000, 0.000000000000000000 ) ) ;
#3917 = ORIENTED_EDGE ( 'NONE', *, *, #1170, .F. ) ;
#3918 = CARTESIAN_POINT ( 'NONE',  ( -8.000000000000000000, -35.25000000000000000, 4.949999999999999289 ) ) ;
#3919 = EDGE_CURVE ( 'NONE', #3733, #856, #2881, .T. ) ;
#3920 = DIRECTION ( 'NONE',  ( -0.000000000000000000, 1.000000000000000000, 0.000000000000000000 ) ) ;
#3921 = AXIS2_PLACEMENT_3D ( 'NONE', #3682, #69, #4394 ) ;
#3922 = ORIENTED_EDGE ( 'NONE', *, *, #3269, .T. ) ;
#3923 = EDGE_CURVE ( 'NONE', #2494, #233, #2171, .T. ) ;
#3924 = PLANE ( 'NONE',  #1425 ) ;
#3925 = LINE ( 'NONE', #697, #3730 ) ;
#3926 = DIRECTION ( 'NONE',  ( 0.000000000000000000, -0.000000000000000000, 1.000000000000000000 ) ) ;
#3927 = CARTESIAN_POINT ( 'NONE',  ( -10.25000000000000000, -3.649999999999999911, -3.899999999999999911 ) ) ;
#3928 = ORIENTED_EDGE ( 'NONE', *, *, #4032, .F. ) ;
#3929 = CARTESIAN_POINT ( 'NONE',  ( 14.25000000003274181, -28.00000000000000000, 4.749999999972715159 ) ) ;
#3930 = LINE ( 'NONE', #3217, #4672 ) ;
#3931 = DIRECTION ( 'NONE',  ( 1.000000000000000000, 0.000000000000000000, 0.000000000000000000 ) ) ;
#3932 = CONICAL_SURFACE ( 'NONE', #3633, 1.249999999884949142, 0.7853981633974482790 ) ;
#3933 = ORIENTED_EDGE ( 'NONE', *, *, #1449, .F. ) ;
#3934 = FACE_OUTER_BOUND ( 'NONE', #3994, .T. ) ;
#3935 = AXIS2_PLACEMENT_3D ( 'NONE', #2084, #3525, #1736 ) ;
#3936 = CARTESIAN_POINT ( 'NONE',  ( 8.000000000000000000, -31.25000000000000000, 4.949999999999999289 ) ) ;
#3937 = DIRECTION ( 'NONE',  ( -1.000000000000000000, 0.000000000000000000, -0.000000000000000000 ) ) ;
#3938 = ORIENTED_EDGE ( 'NONE', *, *, #1303, .T. ) ;
#3939 = DIRECTION ( 'NONE',  ( 0.000000000000000000, 1.000000000000000000, 0.000000000000000000 ) ) ;
#3940 = DIRECTION ( 'NONE',  ( -0.000000000000000000, -1.000000000000000000, -0.000000000000000000 ) ) ;
#3941 = EDGE_CURVE ( 'NONE', #91, #4125, #2482, .T. ) ;
#3942 = EDGE_CURVE ( 'NONE', #3252, #1745, #692, .T. ) ;
#3943 = ORIENTED_EDGE ( 'NONE', *, *, #4137, .F. ) ;
#3944 = CARTESIAN_POINT ( 'NONE',  ( -10.25000000000000000, -4.000000000000000000, -4.949999999999999289 ) ) ;
#3945 = DIRECTION ( 'NONE',  ( 1.000000000000000000, 0.000000000000000000, 0.000000000000000000 ) ) ;
#3946 = EDGE_CURVE ( 'NONE', #2563, #859, #381, .T. ) ;
#3947 = EDGE_CURVE ( 'NONE', #2190, #2645, #24, .T. ) ;
#3948 = ORIENTED_EDGE ( 'NONE', *, *, #2961, .T. ) ;
#3949 = ORIENTED_EDGE ( 'NONE', *, *, #2995, .F. ) ;
#3950 = PLANE ( 'NONE',  #2029 ) ;
#3951 = ORIENTED_EDGE ( 'NONE', *, *, #1785, .T. ) ;
#3952 = FACE_OUTER_BOUND ( 'NONE', #2682, .T. ) ;
#3953 = CARTESIAN_POINT ( 'NONE',  ( 11.96005050634000177, -34.54999999999999716, -10.80000000000000071 ) ) ;
#3954 = CARTESIAN_POINT ( 'NONE',  ( 6.650000000000000355, -35.25000000000000000, 3.899999999999999911 ) ) ;
#3955 = ADVANCED_FACE ( 'NONE', ( #1469 ), #2924, .T. ) ;
#3956 = VERTEX_POINT ( 'NONE', #3230 ) ;
#3957 = CARTESIAN_POINT ( 'NONE',  ( -14.24999999989040589, -28.00000000000000000, 6.000000000000000000 ) ) ;
#3958 = VECTOR ( 'NONE', #1666, 1000.000000000000000 ) ;
#3959 = DIRECTION ( 'NONE',  ( 0.000000000000000000, 1.000000000000000000, -0.000000000000000000 ) ) ;
#3960 = AXIS2_PLACEMENT_3D ( 'NONE', #5, #1426, #4302 ) ;
#3961 = ORIENTED_EDGE ( 'NONE', *, *, #1641, .T. ) ;
#3962 = PLANE ( 'NONE',  #837 ) ;
#3963 = VECTOR ( 'NONE', #2893, 1000.000000000000000 ) ;
#3964 = DIRECTION ( 'NONE',  ( -0.000000000000000000, 0.000000000000000000, 1.000000000000000000 ) ) ;
#3965 = EDGE_CURVE ( 'NONE', #3328, #244, #2226, .T. ) ;
#3966 = AXIS2_PLACEMENT_3D ( 'NONE', #4456, #1291, #177 ) ;
#3967 = ORIENTED_EDGE ( 'NONE', *, *, #887, .T. ) ;
#3968 = DIRECTION ( 'NONE',  ( 0.000000000000000000, 0.000000000000000000, -1.000000000000000000 ) ) ;
#3969 = VERTEX_POINT ( 'NONE', #1136 ) ;
#3970 = ORIENTED_EDGE ( 'NONE', *, *, #1006, .F. ) ;
#3971 = AXIS2_PLACEMENT_3D ( 'NONE', #2180, #3642, #409 ) ;
#3972 = ORIENTED_EDGE ( 'NONE', *, *, #1672, .F. ) ;
#3973 = EDGE_CURVE ( 'NONE', #626, #1793, #195, .T. ) ;
#3974 = LINE ( 'NONE', #2511, #427 ) ;
#3975 = ADVANCED_FACE ( 'NONE', ( #1451, #2193, #1112 ), #2544, .F. ) ;
#3976 = DIRECTION ( 'NONE',  ( 0.7071067811865474617, 0.000000000000000000, -0.7071067811865474617 ) ) ;
#3977 = VECTOR ( 'NONE', #1231, 1000.000000000000000 ) ;
#3978 = DIRECTION ( 'NONE',  ( 0.000000000000000000, 0.000000000000000000, -1.000000000000000000 ) ) ;
#3979 = CARTESIAN_POINT ( 'NONE',  ( -8.000000000000000000, -35.24999999993360689, -6.000000000000000000 ) ) ;
#3980 = ORIENTED_EDGE ( 'NONE', *, *, #2213, .T. ) ;
#3981 = DIRECTION ( 'NONE',  ( -1.000000000000000000, -0.000000000000000000, -0.000000000000000000 ) ) ;
#3982 = EDGE_CURVE ( 'NONE', #1673, #3691, #3634, .T. ) ;
#3983 = VECTOR ( 'NONE', #921, 1000.000000000000000 ) ;
#3984 = CARTESIAN_POINT ( 'NONE',  ( 14.04999999994061000, -28.00000000000000000, -6.000000000000000000 ) ) ;
#3985 = CIRCLE ( 'NONE', #4596, 1.050000000000000488 ) ;
#3986 = AXIS2_PLACEMENT_3D ( 'NONE', #2422, #637, #1586 ) ;
#3987 = EDGE_LOOP ( 'NONE', ( #2353, #2834, #1669, #2887 ) ) ;
#3988 = ORIENTED_EDGE ( 'NONE', *, *, #1333, .F. ) ;
#3989 = LINE ( 'NONE', #3918, #1204 ) ;
#3990 = DIRECTION ( 'NONE',  ( 1.000000000000000000, 0.000000000000000000, -0.000000000000000000 ) ) ;
#3991 = ORIENTED_EDGE ( 'NONE', *, *, #4297, .T. ) ;
#3992 = DIRECTION ( 'NONE',  ( 0.000000000000000000, -1.000000000000000000, 0.000000000000000000 ) ) ;
#3993 = VERTEX_POINT ( 'NONE', #4008 ) ;
#3994 = EDGE_LOOP ( 'NONE', ( #981, #4377, #502, #3017 ) ) ;
#3995 = ORIENTED_EDGE ( 'NONE', *, *, #137, .F. ) ;
#3996 = FACE_BOUND ( 'NONE', #4263, .T. ) ;
#3997 = DIRECTION ( 'NONE',  ( 0.000000000000000000, -1.000000000000000000, 0.000000000000000000 ) ) ;
#3998 = CARTESIAN_POINT ( 'NONE',  ( 8.349999999999999645, -31.25000000000000000, -3.899999999999999911 ) ) ;
#3999 = EDGE_CURVE ( 'NONE', #3561, #1598, #4100, .T. ) ;
#4000 = ADVANCED_FACE ( 'NONE', ( #4438 ), #878, .T. ) ;
#4001 = VERTEX_POINT ( 'NONE', #3776 ) ;
#4002 = CARTESIAN_POINT ( 'NONE',  ( 14.25000000000000000, -4.349999999999999645, -3.899999999999999911 ) ) ;
#4003 = DIRECTION ( 'NONE',  ( 0.000000000000000000, 0.000000000000000000, -1.000000000000000000 ) ) ;
#4004 = EDGE_CURVE ( 'NONE', #3993, #2026, #4128, .T. ) ;
#4005 = EDGE_LOOP ( 'NONE', ( #2507, #3949, #2400, #4151 ) ) ;
#4006 = ORIENTED_EDGE ( 'NONE', *, *, #2426, .T. ) ;
#4007 = VECTOR ( 'NONE', #425, 1000.000000000000000 ) ;
#4008 = CARTESIAN_POINT ( 'NONE',  ( -12.25000000000000000, -35.25000000000000000, 11.50000000000000533 ) ) ;
#4009 = EDGE_CURVE ( 'NONE', #3142, #2394, #2285, .T. ) ;
#4010 = VERTEX_POINT ( 'NONE', #3371 ) ;
#4011 = LINE ( 'NONE', #1869, #3884 ) ;
#4012 = ORIENTED_EDGE ( 'NONE', *, *, #2889, .F. ) ;
#4013 = EDGE_LOOP ( 'NONE', ( #4450, #3837, #1859, #1286 ) ) ;
#4014 = VERTEX_POINT ( 'NONE', #3751 ) ;
#4015 = DIRECTION ( 'NONE',  ( 1.000000000000000000, 0.000000000000000000, 0.000000000000000000 ) ) ;
#4016 = FACE_OUTER_BOUND ( 'NONE', #1418, .T. ) ;
#4017 = PLANE ( 'NONE',  #1179 ) ;
#4018 = VERTEX_POINT ( 'NONE', #4413 ) ;
#4019 = DIRECTION ( 'NONE',  ( 0.000000000000000000, -1.000000000000000000, 0.000000000000000000 ) ) ;
#4020 = LINE ( 'NONE', #3264, #2619 ) ;
#4021 = VERTEX_POINT ( 'NONE', #543 ) ;
#4022 = ORIENTED_EDGE ( 'NONE', *, *, #4065, .F. ) ;
#4023 = CARTESIAN_POINT ( 'NONE',  ( -10.25000000000000000, -4.000000000000000000, -6.000000000000000000 ) ) ;
#4024 = ADVANCED_FACE ( 'NONE', ( #4392 ), #3815, .F. ) ;
#4025 = ADVANCED_FACE ( 'NONE', ( #1203 ), #88, .F. ) ;
#4026 = CARTESIAN_POINT ( 'NONE',  ( -14.25000000000000000, -4.000000000000000000, -4.949999999999999289 ) ) ;
#4027 = AXIS2_PLACEMENT_3D ( 'NONE', #1144, #435, #3695 ) ;
#4028 = DIRECTION ( 'NONE',  ( 0.000000000000000000, -1.000000000000000000, -0.000000000000000000 ) ) ;
#4029 = VERTEX_POINT ( 'NONE', #1535 ) ;
#4030 = VECTOR ( 'NONE', #3964, 1000.000000000000000 ) ;
#4031 = LINE ( 'NONE', #3322, #2950 ) ;
#4032 = EDGE_CURVE ( 'NONE', #4309, #121, #1181, .T. ) ;
#4033 = DIRECTION ( 'NONE',  ( 0.000000000000000000, 0.000000000000000000, -1.000000000000000000 ) ) ;
#4034 = DIRECTION ( 'NONE',  ( 1.000000000000000000, 0.000000000000000000, 0.000000000000000000 ) ) ;
#4035 = CIRCLE ( 'NONE', #1704, 1.050000000000000488 ) ;
#4036 = ORIENTED_EDGE ( 'NONE', *, *, #4105, .T. ) ;
#4037 = VERTEX_POINT ( 'NONE', #1228 ) ;
#4038 = VERTEX_POINT ( 'NONE', #3727 ) ;
#4039 = CARTESIAN_POINT ( 'NONE',  ( -13.55000000000000071, -32.96005050634000355, 10.80000000000000071 ) ) ;
#4040 = FACE_BOUND ( 'NONE', #3725, .T. ) ;
#4041 = DIRECTION ( 'NONE',  ( 1.000000000000000000, 0.000000000000000000, -0.000000000000000000 ) ) ;
#4042 = CARTESIAN_POINT ( 'NONE',  ( 0.000000000000000000, -31.25000000000000000, -10.80000000000000071 ) ) ;
#4043 = CARTESIAN_POINT ( 'NONE',  ( 14.25000000000000000, -5.349999999999999645, 3.899999999999999911 ) ) ;
#4044 = CIRCLE ( 'NONE', #2013, 1.049999999935607553 ) ;
#4045 = ORIENTED_EDGE ( 'NONE', *, *, #2102, .T. ) ;
#4046 = CARTESIAN_POINT ( 'NONE',  ( -14.25000000000000000, -2.649999999999999911, 3.899999999999999911 ) ) ;
#4047 = DIRECTION ( 'NONE',  ( 0.000000000000000000, 0.000000000000000000, -1.000000000000000000 ) ) ;
#4048 = VECTOR ( 'NONE', #1432, 1000.000000000000114 ) ;
#4049 = CARTESIAN_POINT ( 'NONE',  ( -10.25000000000000000, -4.349999999999999645, -3.899999999999999911 ) ) ;
#4050 = VERTEX_POINT ( 'NONE', #4078 ) ;
#4051 = DIRECTION ( 'NONE',  ( -0.000000000000000000, 0.000000000000000000, 1.000000000000000000 ) ) ;
#4052 = FACE_OUTER_BOUND ( 'NONE', #1750, .T. ) ;
#4053 = VECTOR ( 'NONE', #3744, 1000.000000000000000 ) ;
#4054 = AXIS2_PLACEMENT_3D ( 'NONE', #230, #966, #303 ) ;
#4056 = EDGE_CURVE ( 'NONE', #4180, #3027, #1414, .T. ) ;
#4055 = LINE ( 'NONE', #2312, #2784 ) ;
#4057 = ORIENTED_EDGE ( 'NONE', *, *, #1860, .T. ) ;
#4058 = ADVANCED_FACE ( 'NONE', ( #3417 ), #138, .F. ) ;
#4059 = DIRECTION ( 'NONE',  ( -1.000000000000000000, 0.000000000000000000, -0.000000000000000000 ) ) ;
#4060 = VECTOR ( 'NONE', #2420, 1000.000000000000000 ) ;
#4061 = CYLINDRICAL_SURFACE ( 'NONE', #347, 1.050000000000000488 ) ;
#4062 = DIRECTION ( 'NONE',  ( 0.000000000000000000, 1.000000000000000000, -0.000000000000000000 ) ) ;
#4063 = EDGE_LOOP ( 'NONE', ( #2695, #122, #2571, #4307 ) ) ;
#4064 = ORIENTED_EDGE ( 'NONE', *, *, #1822, .T. ) ;
#4065 = EDGE_CURVE ( 'NONE', #3124, #4655, #858, .T. ) ;
#4066 = CIRCLE ( 'NONE', #605, 1.049999999935153250 ) ;
#4067 = VERTEX_POINT ( 'NONE', #3041 ) ;
#4068 = CARTESIAN_POINT ( 'NONE',  ( 14.25000000000000000, 9.250000000000000000, -10.80000000000000071 ) ) ;
#4069 = LINE ( 'NONE', #1970, #1322 ) ;
#4070 = CARTESIAN_POINT ( 'NONE',  ( 10.25000000000000000, -27.64999999999999858, -3.899999999999999911 ) ) ;
#4071 = ADVANCED_FACE ( 'NONE', ( #4052 ), #1854, .F. ) ;
#4072 = ORIENTED_EDGE ( 'NONE', *, *, #2830, .T. ) ;
#4073 = FACE_OUTER_BOUND ( 'NONE', #3006, .T. ) ;
#4074 = PLANE ( 'NONE',  #4216 ) ;
#4075 = ORIENTED_EDGE ( 'NONE', *, *, #1906, .T. ) ;
#4076 = ORIENTED_EDGE ( 'NONE', *, *, #552, .T. ) ;
#4077 = CARTESIAN_POINT ( 'NONE',  ( -6.650000000000000355, -35.25000000000000000, 3.899999999999999911 ) ) ;
#4078 = CARTESIAN_POINT ( 'NONE',  ( -8.000000000000000000, 7.250000000000000000, 4.949999999999999289 ) ) ;
#4079 =( GEOMETRIC_REPRESENTATION_CONTEXT ( 3 ) GLOBAL_UNCERTAINTY_ASSIGNED_CONTEXT ( ( #1975 ) ) GLOBAL_UNIT_ASSIGNED_CONTEXT ( ( #1186, #3053, #4142 ) ) REPRESENTATION_CONTEXT ( 'NONE', 'WORKASPACE' ) );
#4080 = EDGE_LOOP ( 'NONE', ( #289, #1252, #4532, #4279 ) ) ;
#4081 = CARTESIAN_POINT ( 'NONE',  ( -7.650000000000000355, -35.25000000000000000, 3.899999999999999911 ) ) ;
#4082 = FACE_OUTER_BOUND ( 'NONE', #363, .T. ) ;
#4083 = CARTESIAN_POINT ( 'NONE',  ( 8.349999999999999645, -19.30000000000000071, -4.700000000000000178 ) ) ;
#4084 = ORIENTED_EDGE ( 'NONE', *, *, #1092, .T. ) ;
#4085 = EDGE_LOOP ( 'NONE', ( #2115, #4280, #430, #4270 ) ) ;
#4086 = ORIENTED_EDGE ( 'NONE', *, *, #352, .F. ) ;
#4087 = DIRECTION ( 'NONE',  ( -0.000000000000000000, -1.000000000000000000, -0.000000000000000000 ) ) ;
#4088 = PLANE ( 'NONE',  #4564 ) ;
#4089 = ADVANCED_FACE ( 'NONE', ( #3342 ), #4341, .F. ) ;
#4090 = EDGE_CURVE ( 'NONE', #487, #2316, #1910, .T. ) ;
#4091 = LINE ( 'NONE', #2673, #961 ) ;
#4092 = CARTESIAN_POINT ( 'NONE',  ( 0.000000000000000000, -31.25000000000000000, -3.899999999999999911 ) ) ;
#4093 = ORIENTED_EDGE ( 'NONE', *, *, #127, .T. ) ;
#4094 = CARTESIAN_POINT ( 'NONE',  ( 14.25000000003274181, -4.000000000000000000, 6.000000000000000000 ) ) ;
#4095 = DIRECTION ( 'NONE',  ( 0.000000000000000000, -0.000000000000000000, 1.000000000000000000 ) ) ;
#4096 = EDGE_CURVE ( 'NONE', #2190, #4474, #2236, .T. ) ;
#4097 = VERTEX_POINT ( 'NONE', #449 ) ;
#4098 = VERTEX_POINT ( 'NONE', #1888 ) ;
#4099 = CARTESIAN_POINT ( 'NONE',  ( 0.000000000000000000, -19.30000000000000071, -10.80000000000000071 ) ) ;
#4100 = LINE ( 'NONE', #2310, #2375 ) ;
#4101 = ORIENTED_EDGE ( 'NONE', *, *, #4155, .F. ) ;
#4102 = LINE ( 'NONE', #4130, #149 ) ;
#4103 = FACE_OUTER_BOUND ( 'NONE', #1935, .T. ) ;
#4104 = AXIS2_PLACEMENT_3D ( 'NONE', #2296, #224, #1290 ) ;
#4105 = EDGE_CURVE ( 'NONE', #1961, #4171, #3319, .T. ) ;
#4106 = CARTESIAN_POINT ( 'NONE',  ( 9.350000000000001421, -35.25000000000000000, -10.80000000000000071 ) ) ;
#4107 = FILL_AREA_STYLE_COLOUR ( '', #86 ) ;
#4108 = DIRECTION ( 'NONE',  ( 0.000000000000000000, -1.000000000000000000, 0.000000000000000000 ) ) ;
#4109 = CIRCLE ( 'NONE', #4493, 1.049999999935153250 ) ;
#4110 = VERTEX_POINT ( 'NONE', #2466 ) ;
#4111 = VERTEX_POINT ( 'NONE', #2443 ) ;
#4112 = LINE ( 'NONE', #1595, #4584 ) ;
#4113 = DIRECTION ( 'NONE',  ( -1.000000000000000000, -0.000000000000000000, -0.000000000000000000 ) ) ;
#4114 = VECTOR ( 'NONE', #326, 1000.000000000000000 ) ;
#4115 = DIRECTION ( 'NONE',  ( 0.000000000000000000, 0.000000000000000000, -1.000000000000000000 ) ) ;
#4116 = EDGE_CURVE ( 'NONE', #3761, #4111, #704, .T. ) ;
#4117 = EDGE_CURVE ( 'NONE', #1682, #4508, #2750, .T. ) ;
#4118 = ORIENTED_EDGE ( 'NONE', *, *, #761, .T. ) ;
#4119 = CARTESIAN_POINT ( 'NONE',  ( 14.25000000000000000, -28.35000000000000497, 3.899999999999999911 ) ) ;
#4120 = DIRECTION ( 'NONE',  ( -1.000000000000000000, -0.000000000000000000, 0.000000000000000000 ) ) ;
#4121 = DIRECTION ( 'NONE',  ( -0.000000000000000000, 0.000000000000000000, 1.000000000000000000 ) ) ;
#4122 = AXIS2_PLACEMENT_3D ( 'NONE', #3407, #124, #532 ) ;
#4123 = EDGE_LOOP ( 'NONE', ( #398, #708, #3151, #1506 ) ) ;
#4124 = ADVANCED_FACE ( 'NONE', ( #3439 ), #1790, .F. ) ;
#4125 = VERTEX_POINT ( 'NONE', #1035 ) ;
#4126 = AXIS2_PLACEMENT_3D ( 'NONE', #3370, #2284, #2585 ) ;
#4127 = DIRECTION ( 'NONE',  ( -0.7071067811865474617, 0.7071067811865474617, 0.000000000000000000 ) ) ;
#4128 = LINE ( 'NONE', #810, #4571 ) ;
#4129 = EDGE_LOOP ( 'NONE', ( #3593, #2551, #3245, #2445 ) ) ;
#4130 = CARTESIAN_POINT ( 'NONE',  ( 14.25000000000000000, -26.64999999999999858, 3.899999999999999911 ) ) ;
#4131 = CIRCLE ( 'NONE', #368, 1.049999999935607553 ) ;
#4132 = CONICAL_SURFACE ( 'NONE', #1049, 1.249999999884949142, 0.7853981633974482790 ) ;
#4133 = CARTESIAN_POINT ( 'NONE',  ( -6.650000000000000355, -35.25000000000000000, 3.899999999999999911 ) ) ;
#4134 = AXIS2_PLACEMENT_3D ( 'NONE', #3534, #3176, #3506 ) ;
#4135 = CARTESIAN_POINT ( 'NONE',  ( 14.04999999994061000, -4.000000000000000000, 6.000000000000000000 ) ) ;
#4136 = ORIENTED_EDGE ( 'NONE', *, *, #1266, .F. ) ;
#4137 = EDGE_CURVE ( 'NONE', #504, #438, #2871, .T. ) ;
#4138 = EDGE_LOOP ( 'NONE', ( #672, #4651, #2059, #2469 ) ) ;
#4139 = CARTESIAN_POINT ( 'NONE',  ( 0.000000000000000000, 10.55000000000000071, -11.50000000000000000 ) ) ;
#4140 = DIRECTION ( 'NONE',  ( 0.000000000000000000, 1.000000000000000000, 0.000000000000000000 ) ) ;
#4141 = DIRECTION ( 'NONE',  ( 0.000000000000000000, -0.000000000000000000, 1.000000000000000000 ) ) ;
#4142 =( NAMED_UNIT ( * ) SI_UNIT ( $, .STERADIAN. ) SOLID_ANGLE_UNIT ( ) );
#4143 = AXIS2_PLACEMENT_3D ( 'NONE', #3149, #3189, #3926 ) ;
#4144 = ORIENTED_EDGE ( 'NONE', *, *, #3226, .T. ) ;
#4145 = DIRECTION ( 'NONE',  ( -0.000000000000000000, -0.000000000000000000, -1.000000000000000000 ) ) ;
#4146 = DIRECTION ( 'NONE',  ( -0.000000000000000000, -1.000000000000000000, -0.000000000000000000 ) ) ;
#4147 = AXIS2_PLACEMENT_3D ( 'NONE', #2292, #4108, #885 ) ;
#4148 = EDGE_CURVE ( 'NONE', #955, #4577, #3661, .T. ) ;
#4149 = ADVANCED_FACE ( 'NONE', ( #3065 ), #3560, .F. ) ;
#4150 = EDGE_LOOP ( 'NONE', ( #4072, #586 ) ) ;
#4151 = ORIENTED_EDGE ( 'NONE', *, *, #256, .F. ) ;
#4152 = FACE_OUTER_BOUND ( 'NONE', #3826, .T. ) ;
#4153 = DIRECTION ( 'NONE',  ( 0.000000000000000000, 0.000000000000000000, -1.000000000000000000 ) ) ;
#4154 = EDGE_CURVE ( 'NONE', #2344, #2604, #4035, .T. ) ;
#4155 = EDGE_CURVE ( 'NONE', #4458, #3540, #1394, .T. ) ;
#4156 = ORIENTED_EDGE ( 'NONE', *, *, #1380, .T. ) ;
#4157 = DIRECTION ( 'NONE',  ( 0.000000000000000000, 0.000000000000000000, 1.000000000000000000 ) ) ;
#4158 = CARTESIAN_POINT ( 'NONE',  ( 10.25000000000000000, -28.35000000000000497, 3.899999999999999911 ) ) ;
#4159 = EDGE_CURVE ( 'NONE', #211, #2949, #2799, .T. ) ;
#4160 = CARTESIAN_POINT ( 'NONE',  ( 8.000000000000000000, -35.25000000007594281, 6.000000000000000000 ) ) ;
#4161 = ORIENTED_EDGE ( 'NONE', *, *, #2299, .F. ) ;
#4162 = ORIENTED_EDGE ( 'NONE', *, *, #813, .F. ) ;
#4163 = AXIS2_PLACEMENT_3D ( 'NONE', #3003, #841, #1892 ) ;
#4164 = ORIENTED_EDGE ( 'NONE', *, *, #3340, .F. ) ;
#4165 = CARTESIAN_POINT ( 'NONE',  ( 14.25000000000000178, -33.25000000000000000, -11.50000000000000000 ) ) ;
#4166 = CARTESIAN_POINT ( 'NONE',  ( -10.25000000000000000, 0.000000000000000000, -10.80000000000000071 ) ) ;
#4167 = DIRECTION ( 'NONE',  ( 1.000000000000000000, 0.000000000000000000, -0.000000000000000000 ) ) ;
#4168 = VERTEX_POINT ( 'NONE', #4647 ) ;
#4169 = CARTESIAN_POINT ( 'NONE',  ( -14.04999999994061000, -28.00000000000000000, -7.049999999935607775 ) ) ;
#4170 = CARTESIAN_POINT ( 'NONE',  ( -14.24999999989040589, -4.000000000000000000, -4.750000000114596332 ) ) ;
#4171 = VERTEX_POINT ( 'NONE', #2847 ) ;
#4172 = ORIENTED_EDGE ( 'NONE', *, *, #2330, .T. ) ;
#4173 = LINE ( 'NONE', #2710, #3287 ) ;
#4174 = VERTEX_POINT ( 'NONE', #3794 ) ;
#4175 = CARTESIAN_POINT ( 'NONE',  ( 14.25000000000000000, 9.250000000000000000, 11.50000000000000000 ) ) ;
#4176 = DIRECTION ( 'NONE',  ( 1.000000000000000000, 0.000000000000000000, -0.000000000000000000 ) ) ;
#4177 = EDGE_CURVE ( 'NONE', #2408, #3565, #305, .T. ) ;
#4178 = EDGE_CURVE ( 'NONE', #1258, #4098, #1060, .T. ) ;
#4179 = PLANE ( 'NONE',  #39 ) ;
#4180 = VERTEX_POINT ( 'NONE', #2161 ) ;
#4181 = ORIENTED_EDGE ( 'NONE', *, *, #539, .T. ) ;
#4182 = VECTOR ( 'NONE', #3667, 1000.000000000000000 ) ;
#4183 = CARTESIAN_POINT ( 'NONE',  ( 12.25000000000000000, -35.25000000000000000, -10.80000000000000071 ) ) ;
#4184 = VERTEX_POINT ( 'NONE', #4248 ) ;
#4185 = FACE_OUTER_BOUND ( 'NONE', #494, .T. ) ;
#4186 = DIRECTION ( 'NONE',  ( 1.000000000000000000, 0.000000000000000000, 0.000000000000000000 ) ) ;
#4187 = CARTESIAN_POINT ( 'NONE',  ( -8.000000000000000000, -35.25000000000000000, 6.000000000000000000 ) ) ;
#4188 = VECTOR ( 'NONE', #1088, 1000.000000000000000 ) ;
#4189 = LINE ( 'NONE', #1622, #2501 ) ;
#4190 = ORIENTED_EDGE ( 'NONE', *, *, #2967, .T. ) ;
#4191 = DIRECTION ( 'NONE',  ( -0.7071067811865474617, -0.7071067811865474617, 0.000000000000000000 ) ) ;
#4192 = VECTOR ( 'NONE', #2577, 1000.000000000000000 ) ;
#4193 = FACE_OUTER_BOUND ( 'NONE', #1941, .T. ) ;
#4194 = CIRCLE ( 'NONE', #3388, 1.050000000000000488 ) ;
#4195 = VERTEX_POINT ( 'NONE', #1717 ) ;
#4196 = ORIENTED_EDGE ( 'NONE', *, *, #3798, .F. ) ;
#4197 = FACE_OUTER_BOUND ( 'NONE', #1075, .T. ) ;
#4198 = DIRECTION ( 'NONE',  ( -1.000000000000000000, 0.000000000000000000, -0.000000000000000000 ) ) ;
#4199 = CIRCLE ( 'NONE', #736, 1.050000000000000488 ) ;
#4200 = ORIENTED_EDGE ( 'NONE', *, *, #4472, .T. ) ;
#4201 = CARTESIAN_POINT ( 'NONE',  ( -14.25000000000000000, -4.349999999999999645, 3.899999999999999911 ) ) ;
#4202 = CIRCLE ( 'NONE', #2917, 1.249999999970441422 ) ;
#4203 = VECTOR ( 'NONE', #1516, 1000.000000000000000 ) ;
#4204 = DIRECTION ( 'NONE',  ( 0.000000000000000000, 0.000000000000000000, -1.000000000000000000 ) ) ;
#4205 = CARTESIAN_POINT ( 'NONE',  ( 7.650000000000000355, -35.25000000000000000, -3.899999999999999911 ) ) ;
#4206 = EDGE_CURVE ( 'NONE', #510, #1732, #3276, .T. ) ;
#4207 = EDGE_CURVE ( 'NONE', #336, #638, #2002, .T. ) ;
#4208 = ORIENTED_EDGE ( 'NONE', *, *, #2185, .F. ) ;
#4209 = ORIENTED_EDGE ( 'NONE', *, *, #256, .T. ) ;
#4210 = AXIS2_PLACEMENT_3D ( 'NONE', #1997, #3057, #3789 ) ;
#4211 = CARTESIAN_POINT ( 'NONE',  ( 14.25000000000000000, -2.649999999999999911, 3.899999999999999911 ) ) ;
#4212 = ORIENTED_EDGE ( 'NONE', *, *, #834, .T. ) ;
#4213 = FACE_OUTER_BOUND ( 'NONE', #3676, .T. ) ;
#4214 = PLANE ( 'NONE',  #1778 ) ;
#4215 = CARTESIAN_POINT ( 'NONE',  ( 0.000000000000000000, -31.25000000000000000, -3.899999999999999911 ) ) ;
#4216 = AXIS2_PLACEMENT_3D ( 'NONE', #1508, #376, #756 ) ;
#4217 = EDGE_CURVE ( 'NONE', #16, #2178, #1012, .T. ) ;
#4218 = VECTOR ( 'NONE', #639, 1000.000000000000000 ) ;
#4219 = CARTESIAN_POINT ( 'NONE',  ( 14.25000000000000000, -28.00000000000000000, -6.000000000000000000 ) ) ;
#4220 = EDGE_LOOP ( 'NONE', ( #1330, #1661, #429, #2624 ) ) ;
#4221 = DIRECTION ( 'NONE',  ( 0.7071067811865474617, -0.7071067811865474617, 0.000000000000000000 ) ) ;
#4222 = DIRECTION ( 'NONE',  ( 1.000000000000000000, 0.000000000000000000, -0.000000000000000000 ) ) ;
#4223 = VECTOR ( 'NONE', #2062, 1000.000000000000000 ) ;
#4224 = ORIENTED_EDGE ( 'NONE', *, *, #3797, .F. ) ;
#4225 = ORIENTED_EDGE ( 'NONE', *, *, #3602, .T. ) ;
#4226 = PLANE ( 'NONE',  #293 ) ;
#4227 = AXIS2_PLACEMENT_3D ( 'NONE', #691, #2192, #4368 ) ;
#4228 = CARTESIAN_POINT ( 'NONE',  ( -14.25000000000000000, -3.650000000000000355, -3.899999999999999911 ) ) ;
#4229 = VERTEX_POINT ( 'NONE', #4312 ) ;
#4230 = DIRECTION ( 'NONE',  ( 1.000000000000000000, -0.000000000000000000, 0.000000000000000000 ) ) ;
#4231 = FACE_OUTER_BOUND ( 'NONE', #3811, .T. ) ;
#4232 = EDGE_CURVE ( 'NONE', #1657, #4021, #4500, .T. ) ;
#4233 = DIRECTION ( 'NONE',  ( 1.000000000000000000, 0.000000000000000000, 0.000000000000000000 ) ) ;
#4234 = VERTEX_POINT ( 'NONE', #659 ) ;
#4235 = ORIENTED_EDGE ( 'NONE', *, *, #3253, .F. ) ;
#4236 = DIRECTION ( 'NONE',  ( 0.000000000000000000, -0.000000000000000000, -1.000000000000000000 ) ) ;
#4237 = LINE ( 'NONE', #1003, #506 ) ;
#4238 = CARTESIAN_POINT ( 'NONE',  ( -8.349999999999999645, -19.30000000000000071, -10.80000000000000071 ) ) ;
#4239 = DIRECTION ( 'NONE',  ( 0.000000000000000000, -1.000000000000000000, 0.000000000000000000 ) ) ;
#4240 = VECTOR ( 'NONE', #2752, 1000.000000000000000 ) ;
#4241 = CARTESIAN_POINT ( 'NONE',  ( -14.25000000000000000, 9.250000000000000000, -10.80000000000000071 ) ) ;
#4242 = ORIENTED_EDGE ( 'NONE', *, *, #1551, .F. ) ;
#4243 = EDGE_CURVE ( 'NONE', #1848, #4098, #2821, .T. ) ;
#4244 = DIRECTION ( 'NONE',  ( -0.7071067811865475727, 0.7071067811865475727, 0.000000000000000000 ) ) ;
#4245 = ADVANCED_FACE ( 'NONE', ( #773 ), #2254, .F. ) ;
#4246 = FACE_OUTER_BOUND ( 'NONE', #458, .T. ) ;
#4247 = VECTOR ( 'NONE', #1021, 1000.000000000000000 ) ;
#4248 = CARTESIAN_POINT ( 'NONE',  ( -8.349999999999999645, -35.25000000000000000, -3.899999999999999911 ) ) ;
#4249 = EDGE_LOOP ( 'NONE', ( #2863, #266, #2096, #1344 ) ) ;
#4250 = DIRECTION ( 'NONE',  ( 0.000000000000000000, 1.000000000000000000, 0.000000000000000000 ) ) ;
#4251 = ADVANCED_FACE ( 'NONE', ( #1168 ), #4017, .T. ) ;
#4252 = DIRECTION ( 'NONE',  ( 0.000000000000000000, 1.000000000000000000, 0.000000000000000000 ) ) ;
#4253 = VERTEX_POINT ( 'NONE', #2182 ) ;
#4254 = FACE_OUTER_BOUND ( 'NONE', #2926, .T. ) ;
#4255 = CARTESIAN_POINT ( 'NONE',  ( 12.25000000000000000, -35.25000000000000000, -11.50000000000000000 ) ) ;
#4256 = CARTESIAN_POINT ( 'NONE',  ( 14.25000000000000000, -27.64999999999999858, 3.899999999999999911 ) ) ;
#4257 = ORIENTED_EDGE ( 'NONE', *, *, #2760, .T. ) ;
#4258 = ORIENTED_EDGE ( 'NONE', *, *, #1008, .T. ) ;
#4259 = DIRECTION ( 'NONE',  ( 1.000000000000000000, 0.000000000000000000, 0.000000000000000000 ) ) ;
#4260 = CARTESIAN_POINT ( 'NONE',  ( 14.25000000000000000, -4.000000000000000000, 7.050000000000000711 ) ) ;
#4261 = CARTESIAN_POINT ( 'NONE',  ( -10.25000000000000000, -27.64999999999999858, 3.900000000000000355 ) ) ;
#4262 = DIRECTION ( 'NONE',  ( -1.000000000000000000, -0.000000000000000000, -0.000000000000000000 ) ) ;
#4263 = EDGE_LOOP ( 'NONE', ( #2230, #2331 ) ) ;
#4264 = FACE_OUTER_BOUND ( 'NONE', #1220, .T. ) ;
#4265 = LINE ( 'NONE', #1034, #4060 ) ;
#4266 = VECTOR ( 'NONE', #3240, 1000.000000000000000 ) ;
#4267 = CARTESIAN_POINT ( 'NONE',  ( -14.25000000000000000, -26.64999999999999858, 3.899999999999999911 ) ) ;
#4268 = ADVANCED_FACE ( 'NONE', ( #797 ), #3241, .T. ) ;
#4269 = VECTOR ( 'NONE', #3940, 1000.000000000000000 ) ;
#4270 = ORIENTED_EDGE ( 'NONE', *, *, #1700, .F. ) ;
#4271 = CARTESIAN_POINT ( 'NONE',  ( -13.55000000000000071, -32.96005050634000355, -10.80000000000000071 ) ) ;
#4272 = DIRECTION ( 'NONE',  ( 1.000000000000000000, 0.000000000000000000, 0.000000000000000000 ) ) ;
#4273 = AXIS2_PLACEMENT_3D ( 'NONE', #3177, #276, #1371 ) ;
#4274 = EDGE_CURVE ( 'NONE', #2010, #3124, #3624, .T. ) ;
#4275 = VERTEX_POINT ( 'NONE', #2915 ) ;
#4276 = CARTESIAN_POINT ( 'NONE',  ( 14.25000000000000000, -28.35000000000000497, -10.80000000000000071 ) ) ;
#4277 = CARTESIAN_POINT ( 'NONE',  ( -8.000000000000000000, -31.25000000000000000, -7.050000000000000711 ) ) ;
#4278 = AXIS2_PLACEMENT_3D ( 'NONE', #1439, #2648, #4454 ) ;
#4279 = ORIENTED_EDGE ( 'NONE', *, *, #4471, .F. ) ;
#4280 = ORIENTED_EDGE ( 'NONE', *, *, #2760, .F. ) ;
#4281 = CARTESIAN_POINT ( 'NONE',  ( -8.000000000000000000, 11.25000000000000000, 4.949999999999999289 ) ) ;
#4282 = CARTESIAN_POINT ( 'NONE',  ( 14.04999999994061000, -4.000000000000000000, 7.049999999935153028 ) ) ;
#4283 = VECTOR ( 'NONE', #1156, 1000.000000000000000 ) ;
#4284 = CARTESIAN_POINT ( 'NONE',  ( 10.25000000000000000, -28.35000000000000497, -3.899999999999999911 ) ) ;
#4285 = LINE ( 'NONE', #4215, #2483 ) ;
#4286 = DIRECTION ( 'NONE',  ( 0.000000000000000000, 0.000000000000000000, 1.000000000000000000 ) ) ;
#4287 = ORIENTED_EDGE ( 'NONE', *, *, #2189, .T. ) ;
#4288 = LINE ( 'NONE', #3863, #593 ) ;
#4289 = CARTESIAN_POINT ( 'NONE',  ( 14.25000000000000000, -4.349999999999999645, 3.899999999999999911 ) ) ;
#4290 = VECTOR ( 'NONE', #830, 1000.000000000000000 ) ;
#4291 = VECTOR ( 'NONE', #4574, 1000.000000000000000 ) ;
#4292 = DIRECTION ( 'NONE',  ( 0.000000000000000000, 0.000000000000000000, -1.000000000000000000 ) ) ;
#4293 = AXIS2_PLACEMENT_3D ( 'NONE', #1059, #3883, #991 ) ;
#4294 = ORIENTED_EDGE ( 'NONE', *, *, #3484, .T. ) ;
#4295 = CARTESIAN_POINT ( 'NONE',  ( -10.25000000000000000, -4.349999999999999645, 3.899999999999999911 ) ) ;
#4296 = CARTESIAN_POINT ( 'NONE',  ( -6.650000000000000355, -31.25000000000000000, 3.900000000000000355 ) ) ;
#4297 = EDGE_CURVE ( 'NONE', #2129, #4474, #1881, .T. ) ;
#4298 = EDGE_LOOP ( 'NONE', ( #1698, #1313, #264, #2177 ) ) ;
#4299 = CARTESIAN_POINT ( 'NONE',  ( 14.25000000000000000, -29.35000000000000142, -3.899999999999999911 ) ) ;
#4300 = ADVANCED_FACE ( 'NONE', ( #55 ), #2958, .T. ) ;
#4301 = EDGE_CURVE ( 'NONE', #3418, #1809, #389, .T. ) ;
#4302 = DIRECTION ( 'NONE',  ( 0.000000000000000000, 0.000000000000000000, -1.000000000000000000 ) ) ;
#4303 = VERTEX_POINT ( 'NONE', #3644 ) ;
#4304 = CARTESIAN_POINT ( 'NONE',  ( 14.25000000000000000, -29.35000000000000142, -3.899999999999999911 ) ) ;
#4305 = CARTESIAN_POINT ( 'NONE',  ( 8.000000000000000000, -35.25000000000000000, 6.000000000000000000 ) ) ;
#4306 = ORIENTED_EDGE ( 'NONE', *, *, #1768, .F. ) ;
#4307 = ORIENTED_EDGE ( 'NONE', *, *, #1297, .F. ) ;
#4308 = CARTESIAN_POINT ( 'NONE',  ( 14.24999999989040589, -28.00000000000000000, -6.000000000000000000 ) ) ;
#4309 = VERTEX_POINT ( 'NONE', #4381 ) ;
#4310 = FACE_OUTER_BOUND ( 'NONE', #2317, .T. ) ;
#4311 = CARTESIAN_POINT ( 'NONE',  ( -10.25000000000000000, -4.000000000000000000, -7.050000000000000711 ) ) ;
#4312 = CARTESIAN_POINT ( 'NONE',  ( 8.349999999999999645, -8.900000000000000355, -10.80000000000000071 ) ) ;
#4313 = VECTOR ( 'NONE', #2642, 1000.000000000000000 ) ;
#4314 = CARTESIAN_POINT ( 'NONE',  ( 8.000000000000000000, 7.250000000000000000, 4.949999999999999289 ) ) ;
#4315 = EDGE_LOOP ( 'NONE', ( #3580, #1876, #1230, #3649 ) ) ;
#4316 = DIRECTION ( 'NONE',  ( -1.000000000000000000, 0.000000000000000000, 0.000000000000000000 ) ) ;
#4317 = AXIS2_PLACEMENT_3D ( 'NONE', #2833, #4561, #570 ) ;
#4318 = CARTESIAN_POINT ( 'NONE',  ( 7.650000000000000355, -35.25000000000000000, 3.899999999999999911 ) ) ;
#4319 = ORIENTED_EDGE ( 'NONE', *, *, #3716, .T. ) ;
#4320 = DIRECTION ( 'NONE',  ( 0.000000000000000000, 0.000000000000000000, -1.000000000000000000 ) ) ;
#4321 = CARTESIAN_POINT ( 'NONE',  ( 9.350000000000001421, -35.25000000000000000, 3.899999999999999911 ) ) ;
#4322 = ADVANCED_FACE ( 'NONE', ( #2227 ), #1128, .T. ) ;
#4323 = EDGE_LOOP ( 'NONE', ( #4441, #2256, #317, #2757 ) ) ;
#4324 = EDGE_CURVE ( 'NONE', #4195, #1662, #3668, .T. ) ;
#4325 = FACE_OUTER_BOUND ( 'NONE', #403, .T. ) ;
#4326 = ORIENTED_EDGE ( 'NONE', *, *, #3551, .F. ) ;
#4327 = EDGE_LOOP ( 'NONE', ( #2246, #2647, #1500, #2456 ) ) ;
#4328 = EDGE_CURVE ( 'NONE', #3235, #2645, #2601, .T. ) ;
#4329 = CARTESIAN_POINT ( 'NONE',  ( -14.25000000000000000, -4.000000000000000000, 4.949999999999999289 ) ) ;
#4330 = ORIENTED_EDGE ( 'NONE', *, *, #3775, .T. ) ;
#4331 = PLANE ( 'NONE',  #3971 ) ;
#4332 = CARTESIAN_POINT ( 'NONE',  ( -14.25000000000000000, -2.649999999999999467, -3.899999999999999911 ) ) ;
#4333 = LINE ( 'NONE', #2556, #2986 ) ;
#4334 = ORIENTED_EDGE ( 'NONE', *, *, #3253, .T. ) ;
#4335 = LINE ( 'NONE', #1884, #369 ) ;
#4336 = AXIS2_PLACEMENT_3D ( 'NONE', #2413, #628, #2061 ) ;
#4337 = LINE ( 'NONE', #2208, #2925 ) ;
#4338 = VECTOR ( 'NONE', #2379, 1000.000000000000000 ) ;
#4339 = ORIENTED_EDGE ( 'NONE', *, *, #834, .F. ) ;
#4340 = DIRECTION ( 'NONE',  ( 0.000000000000000000, 1.000000000000000000, 0.000000000000000000 ) ) ;
#4341 = CONICAL_SURFACE ( 'NONE', #1483, 1.249999999884949142, 0.7853981633974482790 ) ;
#4342 = CARTESIAN_POINT ( 'NONE',  ( 8.000000000000000000, -35.24999999999045031, -6.000000000000000000 ) ) ;
#4343 = EDGE_LOOP ( 'NONE', ( #4156, #1332, #278, #599 ) ) ;
#4344 = CARTESIAN_POINT ( 'NONE',  ( -11.96005050634000177, 10.55000000000000071, 10.80000000000000071 ) ) ;
#4345 = DIRECTION ( 'NONE',  ( 0.7071067811865474617, 0.7071067811865474617, -0.000000000000000000 ) ) ;
#4346 = EDGE_CURVE ( 'NONE', #2108, #1335, #4333, .T. ) ;
#4347 = VECTOR ( 'NONE', #1686, 1000.000000000000114 ) ;
#4348 = EDGE_CURVE ( 'NONE', #1119, #141, #1033, .T. ) ;
#4349 = ORIENTED_EDGE ( 'NONE', *, *, #172, .T. ) ;
#4350 = ORIENTED_EDGE ( 'NONE', *, *, #172, .F. ) ;
#4351 = DIRECTION ( 'NONE',  ( 1.000000000000000000, 0.000000000000000000, 0.000000000000000000 ) ) ;
#4352 = AXIS2_PLACEMENT_3D ( 'NONE', #1909, #420, #2505 ) ;
#4353 = ORIENTED_EDGE ( 'NONE', *, *, #3651, .T. ) ;
#4354 = DIRECTION ( 'NONE',  ( 0.000000000000000000, 0.000000000000000000, -1.000000000000000000 ) ) ;
#4355 = FACE_BOUND ( 'NONE', #1786, .T. ) ;
#4356 = EDGE_CURVE ( 'NONE', #282, #979, #809, .T. ) ;
#4357 = CARTESIAN_POINT ( 'NONE',  ( -14.25000000000000000, -26.64999999999999858, 3.899999999999999911 ) ) ;
#4358 = DIRECTION ( 'NONE',  ( 0.000000000000000000, -0.000000000000000000, -1.000000000000000000 ) ) ;
#4359 = VERTEX_POINT ( 'NONE', #3998 ) ;
#4360 = CIRCLE ( 'NONE', #3077, 1.249999999970441422 ) ;
#4361 = CARTESIAN_POINT ( 'NONE',  ( 10.25000000000000000, -3.649999999999999911, -3.899999999999999911 ) ) ;
#4362 = AXIS2_PLACEMENT_3D ( 'NONE', #4386, #1151, #2580 ) ;
#4363 = DIRECTION ( 'NONE',  ( 0.000000000000000000, -1.000000000000000000, 0.000000000000000000 ) ) ;
#4364 = EDGE_CURVE ( 'NONE', #1896, #4537, #3309, .T. ) ;
#4365 = CIRCLE ( 'NONE', #1879, 1.249999999970441422 ) ;
#4366 = CIRCLE ( 'NONE', #1353, 1.050000000000000488 ) ;
#4367 = ORIENTED_EDGE ( 'NONE', *, *, #3677, .F. ) ;
#4368 = DIRECTION ( 'NONE',  ( 0.000000000000000000, 0.000000000000000000, -1.000000000000000000 ) ) ;
#4369 = LINE ( 'NONE', #3250, #1782 ) ;
#4370 = ORIENTED_EDGE ( 'NONE', *, *, #137, .T. ) ;
#4371 = CARTESIAN_POINT ( 'NONE',  ( 14.25000000000000000, -2.649999999999999911, 3.899999999999999911 ) ) ;
#4372 = EDGE_CURVE ( 'NONE', #4635, #958, #99, .T. ) ;
#4373 = CIRCLE ( 'NONE', #1814, 1.050000000000000488 ) ;
#4374 = PLANE ( 'NONE',  #2075 ) ;
#4375 = APPLICATION_PROTOCOL_DEFINITION ( 'draft international standard', 'automotive_design', 1998, #2123 ) ;
#4376 = VERTEX_POINT ( 'NONE', #4427 ) ;
#4377 = ORIENTED_EDGE ( 'NONE', *, *, #4206, .F. ) ;
#4378 = ORIENTED_EDGE ( 'NONE', *, *, #1839, .T. ) ;
#4379 = CARTESIAN_POINT ( 'NONE',  ( 8.000000000000000000, -35.25000000000000000, -7.050000000000000711 ) ) ;
#4380 = LINE ( 'NONE', #3259, #4266 ) ;
#4381 = CARTESIAN_POINT ( 'NONE',  ( 7.650000000000000355, -31.25000000000000000, 3.899999999999999911 ) ) ;
#4382 = LINE ( 'NONE', #1146, #3323 ) ;
#4383 = EDGE_CURVE ( 'NONE', #3295, #3956, #2983, .T. ) ;
#4384 = EDGE_CURVE ( 'NONE', #2635, #4275, #1597, .T. ) ;
#4385 = VERTEX_POINT ( 'NONE', #3052 ) ;
#4386 = CARTESIAN_POINT ( 'NONE',  ( 14.24999999989040589, -4.000000000000000000, -6.000000000000000000 ) ) ;
#4387 = CARTESIAN_POINT ( 'NONE',  ( 14.25000000000000000, -27.64999999999999858, -3.899999999999999911 ) ) ;
#4388 = CARTESIAN_POINT ( 'NONE',  ( 14.25000000000000000, -29.35000000000000142, -3.899999999999999911 ) ) ;
#4389 = ORIENTED_EDGE ( 'NONE', *, *, #963, .T. ) ;
#4390 = AXIS2_PLACEMENT_3D ( 'NONE', #4043, #1684, #625 ) ;
#4391 = CARTESIAN_POINT ( 'NONE',  ( -8.349999999999999645, -35.25000000000000000, -3.899999999999999911 ) ) ;
#4392 = FACE_OUTER_BOUND ( 'NONE', #3881, .T. ) ;
#4393 = DIRECTION ( 'NONE',  ( 0.7071067811865474617, 0.000000000000000000, -0.7071067811865474617 ) ) ;
#4394 = DIRECTION ( 'NONE',  ( 0.000000000000000000, 0.000000000000000000, 1.000000000000000000 ) ) ;
#4395 = ORIENTED_EDGE ( 'NONE', *, *, #4364, .F. ) ;
#4396 = DIRECTION ( 'NONE',  ( 0.000000000000000000, 1.000000000000000000, 0.000000000000000000 ) ) ;
#4397 = VERTEX_POINT ( 'NONE', #938 ) ;
#4398 = EDGE_LOOP ( 'NONE', ( #888, #3783, #2068, #753, #323, #4553, #2286, #2675 ) ) ;
#4399 = ORIENTED_EDGE ( 'NONE', *, *, #1103, .F. ) ;
#4400 = CARTESIAN_POINT ( 'NONE',  ( -13.55000000000000071, 8.960050506339001686, -10.80000000000000071 ) ) ;
#4401 = DIRECTION ( 'NONE',  ( 0.000000000000000000, -0.000000000000000000, -1.000000000000000000 ) ) ;
#4402 = DIRECTION ( 'NONE',  ( 0.000000000000000000, -1.000000000000000000, 0.000000000000000000 ) ) ;
#4403 = DIRECTION ( 'NONE',  ( -0.000000000000000000, 1.000000000000000000, 0.000000000000000000 ) ) ;
#4404 = ORIENTED_EDGE ( 'NONE', *, *, #4599, .F. ) ;
#4405 = CARTESIAN_POINT ( 'NONE',  ( 10.25000000000000000, 0.000000000000000000, -10.80000000000000071 ) ) ;
#4406 = DIRECTION ( 'NONE',  ( -1.000000000000000000, 0.000000000000000000, -0.000000000000000000 ) ) ;
#4407 = EDGE_CURVE ( 'NONE', #705, #4253, #1571, .T. ) ;
#4408 = EDGE_CURVE ( 'NONE', #3702, #1673, #2721, .T. ) ;
#4409 = ORIENTED_EDGE ( 'NONE', *, *, #3629, .T. ) ;
#4410 = DIRECTION ( 'NONE',  ( -0.000000000000000000, 0.000000000000000000, -1.000000000000000000 ) ) ;
#4411 = AXIS2_PLACEMENT_3D ( 'NONE', #533, #4140, #3808 ) ;
#4412 = FACE_OUTER_BOUND ( 'NONE', #2364, .T. ) ;
#4413 = CARTESIAN_POINT ( 'NONE',  ( -8.000000000000000000, 7.250000000000000000, 7.050000000000000711 ) ) ;
#4414 = VECTOR ( 'NONE', #477, 1000.000000000000000 ) ;
#4415 = EDGE_CURVE ( 'NONE', #3415, #94, #1217, .T. ) ;
#4416 = LINE ( 'NONE', #1206, #3539 ) ;
#4417 = PLANE ( 'NONE',  #3921 ) ;
#4418 = EDGE_LOOP ( 'NONE', ( #562, #2197, #2517, #3384 ) ) ;
#4419 = AXIS2_PLACEMENT_3D ( 'NONE', #4342, #763, #4657 ) ;
#4420 = CARTESIAN_POINT ( 'NONE',  ( -14.25000000000000000, 9.250000000000000000, -11.50000000000000000 ) ) ;
#4421 = VECTOR ( 'NONE', #3537, 1000.000000000000000 ) ;
#4422 = CYLINDRICAL_SURFACE ( 'NONE', #3547, 1.050000000000000488 ) ;
#4423 = ORIENTED_EDGE ( 'NONE', *, *, #4590, .F. ) ;
#4424 = ORIENTED_EDGE ( 'NONE', *, *, #3128, .T. ) ;
#4425 = CARTESIAN_POINT ( 'NONE',  ( -10.25000000000000000, -27.64999999999999858, -3.899999999999999911 ) ) ;
#4426 = FACE_OUTER_BOUND ( 'NONE', #2124, .T. ) ;
#4427 = CARTESIAN_POINT ( 'NONE',  ( -14.25000000000000000, -28.35000000000000142, 3.899999999999999911 ) ) ;
#4428 = DIRECTION ( 'NONE',  ( -0.000000000000000000, 1.000000000000000000, -0.000000000000000000 ) ) ;
#4429 = VECTOR ( 'NONE', #31, 1000.000000000000000 ) ;
#4430 = ORIENTED_EDGE ( 'NONE', *, *, #4274, .T. ) ;
#4431 = CARTESIAN_POINT ( 'NONE',  ( -8.000000000000000000, -35.24999999993406163, 4.750000000086400220 ) ) ;
#4432 = VECTOR ( 'NONE', #3376, 1000.000000000000000 ) ;
#4433 = CARTESIAN_POINT ( 'NONE',  ( -14.24999999997544364, -28.00000000000000000, -6.000000000000000000 ) ) ;
#4434 = DIRECTION ( 'NONE',  ( 0.7071067811865474617, 0.7071067811865474617, 0.000000000000000000 ) ) ;
#4435 = ORIENTED_EDGE ( 'NONE', *, *, #3456, .T. ) ;
#4436 = EDGE_CURVE ( 'NONE', #4635, #705, #3011, .T. ) ;
#4437 = CARTESIAN_POINT ( 'NONE',  ( 14.25000000003274181, -28.00000000000000000, 7.250000000027284841 ) ) ;
#4438 = FACE_OUTER_BOUND ( 'NONE', #3713, .T. ) ;
#4439 = VECTOR ( 'NONE', #1795, 1000.000000000000000 ) ;
#4440 = VECTOR ( 'NONE', #467, 1000.000000000000000 ) ;
#4441 = ORIENTED_EDGE ( 'NONE', *, *, #1091, .F. ) ;
#4442 = DIRECTION ( 'NONE',  ( -1.000000000000000000, -0.000000000000000000, 0.000000000000000000 ) ) ;
#4443 = CARTESIAN_POINT ( 'NONE',  ( -8.000000000000000000, -35.25000000007594281, -6.000000000000000000 ) ) ;
#4444 = ORIENTED_EDGE ( 'NONE', *, *, #814, .T. ) ;
#4445 = ADVANCED_FACE ( 'NONE', ( #3786 ), #3452, .F. ) ;
#4446 = ADVANCED_FACE ( 'NONE', ( #126 ), #225, .T. ) ;
#4447 = LINE ( 'NONE', #4490, #1251 ) ;
#4448 = FACE_OUTER_BOUND ( 'NONE', #1930, .T. ) ;
#4449 = DIRECTION ( 'NONE',  ( 1.000000000000000000, 0.000000000000000000, -0.000000000000000000 ) ) ;
#4450 = ORIENTED_EDGE ( 'NONE', *, *, #2307, .F. ) ;
#4451 = ADVANCED_FACE ( 'NONE', ( #4478 ), #1556, .F. ) ;
#4452 = AXIS2_PLACEMENT_3D ( 'NONE', #4473, #3424, #219 ) ;
#4453 = EDGE_LOOP ( 'NONE', ( #107, #1457, #3374, #606 ) ) ;
#4454 = DIRECTION ( 'NONE',  ( -1.000000000000000000, 0.000000000000000000, -0.000000000000000000 ) ) ;
#4455 = DIRECTION ( 'NONE',  ( 0.000000000000000000, 0.000000000000000000, -1.000000000000000000 ) ) ;
#4456 = CARTESIAN_POINT ( 'NONE',  ( 0.000000000000000000, -31.25000000000000000, -10.80000000000000071 ) ) ;
#4457 = CARTESIAN_POINT ( 'NONE',  ( 8.349999999999999645, 0.000000000000000000, -10.80000000000000071 ) ) ;
#4458 = VERTEX_POINT ( 'NONE', #484 ) ;
#4459 = CARTESIAN_POINT ( 'NONE',  ( 8.000000000000000000, -31.25000000000000000, -4.949999999999999289 ) ) ;
#4460 = LINE ( 'NONE', #1222, #2028 ) ;
#4461 = ORIENTED_EDGE ( 'NONE', *, *, #876, .T. ) ;
#4462 = EDGE_CURVE ( 'NONE', #2621, #2596, #1932, .T. ) ;
#4463 = FACE_OUTER_BOUND ( 'NONE', #2423, .T. ) ;
#4464 = DIRECTION ( 'NONE',  ( 1.000000000000000000, 0.000000000000000000, 0.000000000000000000 ) ) ;
#4465 = VECTOR ( 'NONE', #56, 1000.000000000000000 ) ;
#4466 = VERTEX_POINT ( 'NONE', #2650 ) ;
#4467 = CARTESIAN_POINT ( 'NONE',  ( 11.96005050634000177, -34.54999999999999716, -11.50000000000000000 ) ) ;
#4468 = LINE ( 'NONE', #881, #2937 ) ;
#4469 = AXIS2_PLACEMENT_3D ( 'NONE', #3800, #4233, #313 ) ;
#4470 = DIRECTION ( 'NONE',  ( 1.000000000000000000, 0.000000000000000000, -0.000000000000000000 ) ) ;
#4471 = EDGE_CURVE ( 'NONE', #3362, #3289, #4091, .T. ) ;
#4472 = EDGE_CURVE ( 'NONE', #1165, #1758, #1643, .T. ) ;
#4473 = CARTESIAN_POINT ( 'NONE',  ( 8.349999999999999645, -19.30000000000000071, -10.80000000000000071 ) ) ;
#4474 = VERTEX_POINT ( 'NONE', #1316 ) ;
#4475 = ORIENTED_EDGE ( 'NONE', *, *, #3775, .F. ) ;
#4476 = DIRECTION ( 'NONE',  ( -1.000000000000000000, 0.000000000000000000, -0.000000000000000000 ) ) ;
#4477 = DIRECTION ( 'NONE',  ( -0.000000000000000000, -0.000000000000000000, -1.000000000000000000 ) ) ;
#4478 = FACE_OUTER_BOUND ( 'NONE', #2338, .T. ) ;
#4479 = ORIENTED_EDGE ( 'NONE', *, *, #4148, .F. ) ;
#4480 = FACE_OUTER_BOUND ( 'NONE', #1236, .T. ) ;
#4481 = CARTESIAN_POINT ( 'NONE',  ( -8.000000000000000000, 7.250000000000000000, 6.000000000000000000 ) ) ;
#4482 = LINE ( 'NONE', #1858, #3913 ) ;
#4483 = ORIENTED_EDGE ( 'NONE', *, *, #3474, .F. ) ;
#4484 = ORIENTED_EDGE ( 'NONE', *, *, #897, .F. ) ;
#4485 = CARTESIAN_POINT ( 'NONE',  ( -10.25000000000000000, -2.649999999999999911, -3.899999999999999911 ) ) ;
#4486 = DIRECTION ( 'NONE',  ( 0.000000000000000000, 0.000000000000000000, 1.000000000000000000 ) ) ;
#4487 = ORIENTED_EDGE ( 'NONE', *, *, #1822, .F. ) ;
#4488 = CARTESIAN_POINT ( 'NONE',  ( -14.25000000000000000, -28.35000000000000497, 3.899999999999999911 ) ) ;
#4489 = CIRCLE ( 'NONE', #415, 1.249999999913598003 ) ;
#4490 = CARTESIAN_POINT ( 'NONE',  ( -9.350000000000001421, -35.25000000000000000, -3.899999999999999911 ) ) ;
#4491 = FACE_OUTER_BOUND ( 'NONE', #408, .T. ) ;
#4492 = CYLINDRICAL_SURFACE ( 'NONE', #1743, 1.050000000000000488 ) ;
#4493 = AXIS2_PLACEMENT_3D ( 'NONE', #1401, #2361, #569 ) ;
#4494 = ORIENTED_EDGE ( 'NONE', *, *, #3941, .T. ) ;
#4495 = ORIENTED_EDGE ( 'NONE', *, *, #3456, .F. ) ;
#4496 = EDGE_CURVE ( 'NONE', #393, #886, #4194, .T. ) ;
#4497 = CARTESIAN_POINT ( 'NONE',  ( 14.25000000000000000, -28.00000000000000000, 4.949999999999999289 ) ) ;
#4498 = ADVANCED_FACE ( 'NONE', ( #2367 ), #1993, .F. ) ;
#4499 = DIRECTION ( 'NONE',  ( -1.000000000000000000, 0.000000000000000000, -0.000000000000000000 ) ) ;
#4500 = CIRCLE ( 'NONE', #2680, 1.049999999991996669 ) ;
#4501 = DIRECTION ( 'NONE',  ( -0.7071067811865474617, 0.000000000000000000, 0.7071067811865474617 ) ) ;
#4502 = DIRECTION ( 'NONE',  ( 0.000000000000000000, 0.000000000000000000, -1.000000000000000000 ) ) ;
#4503 = ORIENTED_EDGE ( 'NONE', *, *, #261, .T. ) ;
#4504 = DIRECTION ( 'NONE',  ( -0.000000000000000000, -1.000000000000000000, -0.000000000000000000 ) ) ;
#4505 = EDGE_CURVE ( 'NONE', #2344, #1714, #2017, .T. ) ;
#4506 = PLANE ( 'NONE',  #3535 ) ;
#4507 = VECTOR ( 'NONE', #4087, 1000.000000000000000 ) ;
#4508 = VERTEX_POINT ( 'NONE', #1946 ) ;
#4509 = EDGE_LOOP ( 'NONE', ( #3780, #382, #4573, #4084 ) ) ;
#4510 = VECTOR ( 'NONE', #3064, 1000.000000000000114 ) ;
#4511 = PLANE ( 'NONE',  #2018 ) ;
#4512 = CARTESIAN_POINT ( 'NONE',  ( 11.96005050634000177, -34.54999999999999716, -10.80000000000000071 ) ) ;
#4513 = ORIENTED_EDGE ( 'NONE', *, *, #4056, .F. ) ;
#4514 = LINE ( 'NONE', #4175, #1903 ) ;
#4515 = LINE ( 'NONE', #2732, #1718 ) ;
#4516 = VECTOR ( 'NONE', #1885, 1000.000000000000000 ) ;
#4517 = CIRCLE ( 'NONE', #441, 1.250000000027284841 ) ;
#4518 = LINE ( 'NONE', #2340, #1410 ) ;
#4519 = VECTOR ( 'NONE', #2846, 1000.000000000000000 ) ;
#4520 = VERTEX_POINT ( 'NONE', #2740 ) ;
#4521 = ORIENTED_EDGE ( 'NONE', *, *, #992, .F. ) ;
#4522 = VECTOR ( 'NONE', #3584, 1000.000000000000000 ) ;
#4523 = ADVANCED_FACE ( 'NONE', ( #4548 ), #3387, .F. ) ;
#4524 = ORIENTED_EDGE ( 'NONE', *, *, #2961, .F. ) ;
#4525 = CARTESIAN_POINT ( 'NONE',  ( 12.25000000000000000, -35.25000000000000000, 11.50000000000000355 ) ) ;
#4526 = CARTESIAN_POINT ( 'NONE',  ( 14.24999999989040589, -28.00000000000000000, 7.249999999884948920 ) ) ;
#4527 = CARTESIAN_POINT ( 'NONE',  ( 10.25000000000000000, -26.64999999999999858, -3.899999999999999911 ) ) ;
#4528 = ORIENTED_EDGE ( 'NONE', *, *, #3079, .T. ) ;
#4529 = CARTESIAN_POINT ( 'NONE',  ( 8.000000000000000000, -35.05000000006930350, 7.049999999991996447 ) ) ;
#4530 = DIRECTION ( 'NONE',  ( 0.000000000000000000, 0.000000000000000000, -1.000000000000000000 ) ) ;
#4531 = EDGE_CURVE ( 'NONE', #2144, #2708, #2333, .T. ) ;
#4532 = ORIENTED_EDGE ( 'NONE', *, *, #3542, .F. ) ;
#4533 = DIRECTION ( 'NONE',  ( 1.000000000000000000, 0.000000000000000000, 0.000000000000000000 ) ) ;
#4534 = ORIENTED_EDGE ( 'NONE', *, *, #2841, .F. ) ;
#4535 = CYLINDRICAL_SURFACE ( 'NONE', #1951, 1.050000000000000488 ) ;
#4536 = ADVANCED_FACE ( 'NONE', ( #1005 ), #1074, .F. ) ;
#4537 = VERTEX_POINT ( 'NONE', #2460 ) ;
#4538 = DIRECTION ( 'NONE',  ( 0.000000000000000000, 0.000000000000000000, -1.000000000000000000 ) ) ;
#4539 = DIRECTION ( 'NONE',  ( 0.000000000000000000, -0.000000000000000000, -1.000000000000000000 ) ) ;
#4540 = CONICAL_SURFACE ( 'NONE', #1960, 1.249999999884949142, 0.7853981633974482790 ) ;
#4541 = CARTESIAN_POINT ( 'NONE',  ( -14.25000000000000000, -2.649999999999999467, -10.80000000000000071 ) ) ;
#4542 = ORIENTED_EDGE ( 'NONE', *, *, #2473, .T. ) ;
#4543 = ORIENTED_EDGE ( 'NONE', *, *, #1899, .T. ) ;
#4544 = VECTOR ( 'NONE', #535, 1000.000000000000000 ) ;
#4545 = EDGE_LOOP ( 'NONE', ( #1376, #2535, #2357, #1306 ) ) ;
#4546 = PLANE ( 'NONE',  #2388 ) ;
#4547 = CARTESIAN_POINT ( 'NONE',  ( -10.25000000000000000, -29.35000000000000142, -3.899999999999999911 ) ) ;
#4548 = FACE_OUTER_BOUND ( 'NONE', #2541, .T. ) ;
#4549 = DIRECTION ( 'NONE',  ( 0.000000000000000000, 0.000000000000000000, -1.000000000000000000 ) ) ;
#4550 = ORIENTED_EDGE ( 'NONE', *, *, #1465, .F. ) ;
#4551 = CARTESIAN_POINT ( 'NONE',  ( -14.04999999994061000, -4.000000000000000000, 7.049999999935153028 ) ) ;
#4552 = CARTESIAN_POINT ( 'NONE',  ( -7.650000000000000355, -35.25000000000000000, -3.899999999999999911 ) ) ;
#4553 = ORIENTED_EDGE ( 'NONE', *, *, #2426, .F. ) ;
#4554 = ORIENTED_EDGE ( 'NONE', *, *, #2623, .F. ) ;
#4555 = LINE ( 'NONE', #2728, #2691 ) ;
#4556 = EDGE_CURVE ( 'NONE', #3691, #336, #1688, .T. ) ;
#4557 = ORIENTED_EDGE ( 'NONE', *, *, #3080, .T. ) ;
#4558 = FACE_OUTER_BOUND ( 'NONE', #180, .T. ) ;
#4559 = ADVANCED_FACE ( 'NONE', ( #2414 ), #2133, .T. ) ;
#4560 = PLANE ( 'NONE',  #3585 ) ;
#4561 = DIRECTION ( 'NONE',  ( 0.000000000000000000, 1.000000000000000000, 0.000000000000000000 ) ) ;
#4562 = EDGE_LOOP ( 'NONE', ( #2769, #4598, #582, #1561 ) ) ;
#4563 = ORIENTED_EDGE ( 'NONE', *, *, #4462, .T. ) ;
#4564 = AXIS2_PLACEMENT_3D ( 'NONE', #4166, #2014, #483 ) ;
#4565 = DIRECTION ( 'NONE',  ( 1.000000000000000000, 0.000000000000000000, 0.000000000000000000 ) ) ;
#4566 = VERTEX_POINT ( 'NONE', #4662 ) ;
#4567 = DIRECTION ( 'NONE',  ( 0.000000000000000000, 0.000000000000000000, -1.000000000000000000 ) ) ;
#4568 = EDGE_CURVE ( 'NONE', #4275, #1346, #269, .T. ) ;
#4569 = DIRECTION ( 'NONE',  ( -0.000000000000000000, -1.000000000000000000, 0.000000000000000000 ) ) ;
#4570 = FACE_OUTER_BOUND ( 'NONE', #374, .T. ) ;
#4571 = VECTOR ( 'NONE', #3020, 1000.000000000000000 ) ;
#4572 = FACE_OUTER_BOUND ( 'NONE', #310, .T. ) ;
#4573 = ORIENTED_EDGE ( 'NONE', *, *, #3051, .F. ) ;
#4574 = DIRECTION ( 'NONE',  ( 0.000000000000000000, 0.000000000000000000, -1.000000000000000000 ) ) ;
#4575 = VECTOR ( 'NONE', #2698, 1000.000000000000000 ) ;
#4576 = DIRECTION ( 'NONE',  ( 0.000000000000000000, 0.000000000000000000, -1.000000000000000000 ) ) ;
#4577 = VERTEX_POINT ( 'NONE', #2438 ) ;
#4578 = ORIENTED_EDGE ( 'NONE', *, *, #3166, .F. ) ;
#4579 = CARTESIAN_POINT ( 'NONE',  ( -14.25000000000000000, -5.349999999999999645, -3.899999999999999911 ) ) ;
#4580 = CARTESIAN_POINT ( 'NONE',  ( -10.25000000000000000, -28.00000000000000000, -6.000000000000000000 ) ) ;
#4581 = VECTOR ( 'NONE', #720, 1000.000000000000000 ) ;
#4582 = ORIENTED_EDGE ( 'NONE', *, *, #4301, .F. ) ;
#4583 = DIRECTION ( 'NONE',  ( 1.000000000000000000, 0.000000000000000000, -0.000000000000000000 ) ) ;
#4584 = VECTOR ( 'NONE', #2670, 1000.000000000000000 ) ;
#4585 = AXIS2_PLACEMENT_3D ( 'NONE', #908, #2339, #90 ) ;
#4586 = FACE_BOUND ( 'NONE', #3329, .T. ) ;
#4587 = ORIENTED_EDGE ( 'NONE', *, *, #3366, .F. ) ;
#4588 = EDGE_CURVE ( 'NONE', #4359, #16, #4285, .T. ) ;
#4589 = ORIENTED_EDGE ( 'NONE', *, *, #4232, .F. ) ;
#4590 = EDGE_CURVE ( 'NONE', #3771, #2440, #3878, .T. ) ;
#4591 = VECTOR ( 'NONE', #3541, 1000.000000000000000 ) ;
#4592 = CARTESIAN_POINT ( 'NONE',  ( 14.25000000003228706, -28.00000000000000000, -7.250000000027284841 ) ) ;
#4593 = DIRECTION ( 'NONE',  ( 0.000000000000000000, -1.000000000000000000, 0.000000000000000000 ) ) ;
#4594 = CARTESIAN_POINT ( 'NONE',  ( 8.000000000000000000, -35.25000000007594281, -7.250000000055933924 ) ) ;
#4595 = CARTESIAN_POINT ( 'NONE',  ( 13.55000000000000071, 0.000000000000000000, -11.50000000000000000 ) ) ;
#4596 = AXIS2_PLACEMENT_3D ( 'NONE', #4481, #3103, #560 ) ;
#4597 = CIRCLE ( 'NONE', #1729, 1.050000000000000488 ) ;
#4598 = ORIENTED_EDGE ( 'NONE', *, *, #2273, .F. ) ;
#4599 = EDGE_CURVE ( 'NONE', #2635, #3724, #1711, .T. ) ;
#4600 = CARTESIAN_POINT ( 'NONE',  ( -14.25000000000000000, -26.64999999999999858, 3.899999999999999911 ) ) ;
#4601 = EDGE_LOOP ( 'NONE', ( #1765, #1389, #1628, #930 ) ) ;
#4602 = CARTESIAN_POINT ( 'NONE',  ( 8.000000000000000000, -35.05000000006930350, -4.950000000007548806 ) ) ;
#4603 = FACE_OUTER_BOUND ( 'NONE', #1583, .T. ) ;
#4604 = DIRECTION ( 'NONE',  ( 0.000000000000000000, 0.000000000000000000, -1.000000000000000000 ) ) ;
#4605 = ORIENTED_EDGE ( 'NONE', *, *, #4096, .F. ) ;
#4606 = CARTESIAN_POINT ( 'NONE',  ( 10.25000000000000000, -4.000000000000000000, 6.000000000000000000 ) ) ;
#4607 = CARTESIAN_POINT ( 'NONE',  ( 13.54999999999999893, -32.96005050634000355, -11.50000000000000000 ) ) ;
#4608 = ORIENTED_EDGE ( 'NONE', *, *, #1987, .F. ) ;
#4609 = DIRECTION ( 'NONE',  ( 0.000000000000000000, 0.000000000000000000, -1.000000000000000000 ) ) ;
#4610 = VECTOR ( 'NONE', #4449, 1000.000000000000000 ) ;
#4611 = CARTESIAN_POINT ( 'NONE',  ( -9.350000000000001421, -35.25000000000000000, 3.899999999999999911 ) ) ;
#4612 = ORIENTED_EDGE ( 'NONE', *, *, #2391, .F. ) ;
#4613 = LINE ( 'NONE', #3067, #2540 ) ;
#4614 = FACE_OUTER_BOUND ( 'NONE', #4545, .T. ) ;
#4615 = DIRECTION ( 'NONE',  ( 0.000000000000000000, 0.000000000000000000, -1.000000000000000000 ) ) ;
#4616 = ORIENTED_EDGE ( 'NONE', *, *, #3871, .T. ) ;
#4617 = EDGE_LOOP ( 'NONE', ( #3088, #470, #4136, #197 ) ) ;
#4618 = DIRECTION ( 'NONE',  ( -1.000000000000000000, 0.000000000000000000, 0.000000000000000000 ) ) ;
#4619 = LINE ( 'NONE', #3122, #1405 ) ;
#4620 = ADVANCED_FACE ( 'NONE', ( #4570 ), #339, .T. ) ;
#4621 = EDGE_CURVE ( 'NONE', #711, #3455, #2087, .T. ) ;
#4622 = CARTESIAN_POINT ( 'NONE',  ( -8.000000000000000000, -35.25000000000000000, -7.050000000000000711 ) ) ;
#4623 = PLANE ( 'NONE',  #2896 ) ;
#4624 = ORIENTED_EDGE ( 'NONE', *, *, #2608, .F. ) ;
#4625 = CARTESIAN_POINT ( 'NONE',  ( 11.96005050634000177, -34.54999999999999716, -10.80000000000000071 ) ) ;
#4626 = DIRECTION ( 'NONE',  ( -0.7071067811865474617, 0.7071067811865474617, 0.000000000000000000 ) ) ;
#4627 = CARTESIAN_POINT ( 'NONE',  ( -8.349999999999999645, -8.900000000000000355, -4.700000000000000178 ) ) ;
#4628 = ORIENTED_EDGE ( 'NONE', *, *, #3491, .F. ) ;
#4629 = DIRECTION ( 'NONE',  ( 0.000000000000000000, 0.000000000000000000, 1.000000000000000000 ) ) ;
#4630 = DIRECTION ( 'NONE',  ( 0.000000000000000000, -0.000000000000000000, -1.000000000000000000 ) ) ;
#4631 = ORIENTED_EDGE ( 'NONE', *, *, #2265, .T. ) ;
#4632 = CARTESIAN_POINT ( 'NONE',  ( -13.55000000000000071, -32.96005050634000355, 10.80000000000000071 ) ) ;
#4633 = CARTESIAN_POINT ( 'NONE',  ( 6.650000000000000355, -35.25000000000000000, -3.899999999999999911 ) ) ;
#4634 = DIRECTION ( 'NONE',  ( 1.000000000000000000, 0.000000000000000000, 0.000000000000000000 ) ) ;
#4635 = VERTEX_POINT ( 'NONE', #1740 ) ;
#4636 = ORIENTED_EDGE ( 'NONE', *, *, #4178, .T. ) ;
#4637 = DIRECTION ( 'NONE',  ( 1.000000000000000000, 0.000000000000000000, -0.000000000000000000 ) ) ;
#4638 = FACE_OUTER_BOUND ( 'NONE', #1988, .T. ) ;
#4639 = DIRECTION ( 'NONE',  ( 0.000000000000000000, 0.000000000000000000, -1.000000000000000000 ) ) ;
#4640 = EDGE_CURVE ( 'NONE', #3063, #4385, #3012, .T. ) ;
#4641 = LINE ( 'NONE', #3173, #4581 ) ;
#4642 = EDGE_CURVE ( 'NONE', #1793, #626, #2111, .T. ) ;
#4643 = ORIENTED_EDGE ( 'NONE', *, *, #1613, .F. ) ;
#4644 = CARTESIAN_POINT ( 'NONE',  ( -12.25000000000000000, -35.25000000000000000, -10.80000000000000071 ) ) ;
#4645 = LINE ( 'NONE', #1415, #4519 ) ;
#4646 = AXIS2_PLACEMENT_3D ( 'NONE', #3717, #4113, #2649 ) ;
#4647 = CARTESIAN_POINT ( 'NONE',  ( -14.25000000000000000, -27.64999999999999503, -3.899999999999999911 ) ) ;
#4648 = EDGE_CURVE ( 'NONE', #1694, #3124, #3905, .T. ) ;
#4649 = AXIS2_PLACEMENT_3D ( 'NONE', #1915, #2664, #3731 ) ;
#4650 = EDGE_CURVE ( 'NONE', #1961, #3090, #297, .T. ) ;
#4651 = ORIENTED_EDGE ( 'NONE', *, *, #423, .T. ) ;
#4652 = LINE ( 'NONE', #4271, #3835 ) ;
#4653 = DIRECTION ( 'NONE',  ( 0.000000000000000000, 0.000000000000000000, 1.000000000000000000 ) ) ;
#4654 = AXIS2_PLACEMENT_3D ( 'NONE', #1482, #465, #750 ) ;
#4655 = VERTEX_POINT ( 'NONE', #3123 ) ;
#4656 = FACE_OUTER_BOUND ( 'NONE', #2550, .T. ) ;
#4657 = DIRECTION ( 'NONE',  ( 0.000000000000000000, 0.000000000000000000, -1.000000000000000000 ) ) ;
#4658 = VECTOR ( 'NONE', #627, 1000.000000000000000 ) ;
#4659 = VERTEX_POINT ( 'NONE', #3172 ) ;
#4660 = FACE_OUTER_BOUND ( 'NONE', #2397, .T. ) ;
#4661 = CARTESIAN_POINT ( 'NONE',  ( -10.25000000000000000, -5.349999999999999645, 3.899999999999999911 ) ) ;
#4662 = CARTESIAN_POINT ( 'NONE',  ( -6.650000000000000355, -35.25000000000000000, -3.899999999999999911 ) ) ;
#4663 = EDGE_CURVE ( 'NONE', #1598, #1554, #1409, .T. ) ;
#4664 = VECTOR ( 'NONE', #2064, 1000.000000000000000 ) ;
#4665 = CARTESIAN_POINT ( 'NONE',  ( 8.000000000000000000, -35.05000000006930350, 6.000000000000000000 ) ) ;
#4666 = VERTEX_POINT ( 'NONE', #4261 ) ;
#4667 = DIRECTION ( 'NONE',  ( -0.000000000000000000, -0.000000000000000000, 1.000000000000000000 ) ) ;
#4668 = DIRECTION ( 'NONE',  ( 0.7071067811865474617, 0.000000000000000000, -0.7071067811865474617 ) ) ;
#4669 = AXIS2_PLACEMENT_3D ( 'NONE', #2021, #3364, #1625 ) ;
#4670 = VECTOR ( 'NONE', #4221, 1000.000000000000114 ) ;
#4671 = CARTESIAN_POINT ( 'NONE',  ( 12.75000000000000178, -8.900000000000000355, -10.80000000000000071 ) ) ;
#4672 = VECTOR ( 'NONE', #4668, 1000.000000000000114 ) ;
#4673 = ORIENTED_EDGE ( 'NONE', *, *, #3651, .F. ) ;
#4674 = CARTESIAN_POINT ( 'NONE',  ( 0.000000000000000000, 0.000000000000000000, 11.50000000000000000 ) ) ;
#4675 = CARTESIAN_POINT ( 'NONE',  ( -8.000000000000000000, -35.24999999993360689, -4.750000000086403773 ) ) ;
ENDSEC;
END-ISO-10303-21;
