ISO-10303-21;
HEADER;
FILE_DESCRIPTION (( 'STEP AP214' ),
    '1' );
FILE_NAME ('DC14_A01_INSERT_1.STEP',
    '2026-08-29T22:11:45',
    ( '' ),
    ( '' ),
    'SwSTEP 2.0',
    'SolidWorks 2023',
    '' );
FILE_SCHEMA (( 'AUTOMOTIVE_DESIGN' ));
ENDSEC;

DATA;
#1 = ORIENTED_EDGE ( 'NONE', *, *, #2767, .T. ) ;
#2 = DIRECTION ( 'NONE',  ( 0.9426414910925988710, 0.000000000000000000, 0.3338068592325834083 ) ) ;
#3 = AXIS2_PLACEMENT_3D ( 'NONE', #4267, #3253, #3275 ) ;
#4 = CARTESIAN_POINT ( 'NONE',  ( 0.000000000000000000, 3.299999999999999822, 0.000000000000000000 ) ) ;
#5 = ORIENTED_EDGE ( 'NONE', *, *, #1943, .T. ) ;
#6 = LINE ( 'NONE', #1783, #1495 ) ;
#7 = VERTEX_POINT ( 'NONE', #2599 ) ;
#8 = VERTEX_POINT ( 'NONE', #2847 ) ;
#9 = ORIENTED_EDGE ( 'NONE', *, *, #564, .T. ) ;
#10 = CARTESIAN_POINT ( 'NONE',  ( 0.000000000000000000, 1.600000000000000089, 0.000000000000000000 ) ) ;
#11 = CARTESIAN_POINT ( 'NONE',  ( 0.000000000000000000, 3.299999999999999822, -1.836509476617000036 ) ) ;
#12 = EDGE_CURVE ( 'NONE', #358, #3517, #3314, .T. ) ;
#13 = CARTESIAN_POINT ( 'NONE',  ( 1.746624304975000097, 1.600000000000000089, -0.5675126386054000216 ) ) ;
#14 = CIRCLE ( 'NONE', #3974, 2.000000000000000000 ) ;
#15 = EDGE_CURVE ( 'NONE', #435, #933, #2571, .T. ) ;
#16 = ORIENTED_EDGE ( 'NONE', *, *, #3203, .F. ) ;
#17 = CYLINDRICAL_SURFACE ( 'NONE', #1789, 2.000000000000000000 ) ;
#18 = VECTOR ( 'NONE', #749, 1000.000000000000114 ) ;
#19 = DIRECTION ( 'NONE',  ( -0.5664062369253162199, 0.000000000000000000, -0.8241261886216834087 ) ) ;
#20 = ADVANCED_FACE ( 'NONE', ( #819 ), #3547, .F. ) ;
#21 = EDGE_CURVE ( 'NONE', #3746, #1759, #3090, .T. ) ;
#22 = ORIENTED_EDGE ( 'NONE', *, *, #3245, .F. ) ;
#23 = DIRECTION ( 'NONE',  ( -0.000000000000000000, 1.000000000000000000, 0.000000000000000000 ) ) ;
#24 = DIRECTION ( 'NONE',  ( 0.8241261886216834087, 0.000000000000000000, 0.5664062369253162199 ) ) ;
#25 = VERTEX_POINT ( 'NONE', #863 ) ;
#26 = CARTESIAN_POINT ( 'NONE',  ( -1.007874484620022715, 2.600000000000000533, 1.727480542076212044 ) ) ;
#27 = ORIENTED_EDGE ( 'NONE', *, *, #265, .F. ) ;
#28 = VERTEX_POINT ( 'NONE', #4215 ) ;
#29 = ORIENTED_EDGE ( 'NONE', *, *, #972, .T. ) ;
#30 = FACE_OUTER_BOUND ( 'NONE', #4364, .T. ) ;
#31 = CARTESIAN_POINT ( 'NONE',  ( -1.989974874213225053, 0.8000000000000000444, -0.2000000000001502520 ) ) ;
#32 = DIRECTION ( 'NONE',  ( 0.3338068592337900542, 0.000000000000000000, -0.9426414910921716572 ) ) ;
#33 = LINE ( 'NONE', #1728, #275 ) ;
#34 = VERTEX_POINT ( 'NONE', #2502 ) ;
#35 = DIRECTION ( 'NONE',  ( 0.9588197348681998244, 0.000000000000000000, 0.2840153447038999412 ) ) ;
#36 = EDGE_CURVE ( 'NONE', #4130, #3439, #75, .T. ) ;
#37 = DIRECTION ( 'NONE',  ( 0.000000000000000000, -1.000000000000000000, 0.000000000000000000 ) ) ;
#38 = ORIENTED_EDGE ( 'NONE', *, *, #21, .T. ) ;
#39 = CARTESIAN_POINT ( 'NONE',  ( -1.485767376914000071, 0.000000000000000000, 1.079473186051000289 ) ) ;
#40 = ADVANCED_FACE ( 'NONE', ( #2919 ), #2240, .T. ) ;
#41 = ADVANCED_FACE ( 'NONE', ( #1563 ), #1834, .F. ) ;
#42 = DIRECTION ( 'NONE',  ( 0.000000000000000000, -1.000000000000000000, 0.000000000000000000 ) ) ;
#43 = DIRECTION ( 'NONE',  ( 0.7933533402908369281, 0.000000000000000000, 0.6087614290092395741 ) ) ;
#44 = VERTEX_POINT ( 'NONE', #1176 ) ;
#45 = DIRECTION ( 'NONE',  ( 0.5664062369248178408, 0.000000000000000000, -0.8241261886220260235 ) ) ;
#46 = EDGE_LOOP ( 'NONE', ( #1769, #1949, #2480, #2385 ) ) ;
#47 = ORIENTED_EDGE ( 'NONE', *, *, #3921, .F. ) ;
#48 = VERTEX_POINT ( 'NONE', #3880 ) ;
#49 = FACE_OUTER_BOUND ( 'NONE', #3636, .T. ) ;
#50 = CIRCLE ( 'NONE', #132, 2.000000000000000000 ) ;
#52 = CARTESIAN_POINT ( 'NONE',  ( 0.000000000000000000, 0.000000000000000000, 1.836509476617000036 ) ) ;
#51 = VECTOR ( 'NONE', #3775, 1000.000000000000227 ) ;
#53 = CARTESIAN_POINT ( 'NONE',  ( -1.727480542076212044, 2.600000000000000533, -1.007874484620022715 ) ) ;
#54 = CARTESIAN_POINT ( 'NONE',  ( 1.485767376913997850, 1.600000000000000755, -1.079473186050992961 ) ) ;
#55 = CIRCLE ( 'NONE', #3584, 2.000000000000000000 ) ;
#56 = VECTOR ( 'NONE', #4049, 1000.000000000000000 ) ;
#57 = VERTEX_POINT ( 'NONE', #1518 ) ;
#58 = AXIS2_PLACEMENT_3D ( 'NONE', #150, #2531, #1521 ) ;
#59 = DIRECTION ( 'NONE',  ( -0.000000000000000000, 1.000000000000000000, -0.000000000000000000 ) ) ;
#60 = VECTOR ( 'NONE', #3336, 1000.000000000000114 ) ;
#61 = CARTESIAN_POINT ( 'NONE',  ( -1.746624304975000097, 0.000000000000000000, -0.5675126386054000216 ) ) ;
#62 = VECTOR ( 'NONE', #4014, 1000.000000000000114 ) ;
#63 = PRESENTATION_STYLE_ASSIGNMENT (( #1141 ) ) ;
#64 = VECTOR ( 'NONE', #1938, 1000.000000000000114 ) ;
#65 = AXIS2_PLACEMENT_3D ( 'NONE', #2377, #1956, #998 ) ;
#66 = ORIENTED_EDGE ( 'NONE', *, *, #1080, .F. ) ;
#67 = EDGE_LOOP ( 'NONE', ( #1529, #2231, #2651, #4395 ) ) ;
#68 = DIRECTION ( 'NONE',  ( 0.5664062369253162199, 0.000000000000000000, 0.8241261886216834087 ) ) ;
#69 = DIRECTION ( 'NONE',  ( -0.000000000000000000, -1.000000000000000000, -0.000000000000000000 ) ) ;
#70 = EDGE_CURVE ( 'NONE', #277, #218, #3200, .T. ) ;
#71 = EDGE_CURVE ( 'NONE', #4202, #2781, #797, .T. ) ;
#72 = EDGE_CURVE ( 'NONE', #4232, #1824, #1489, .T. ) ;
#73 = CYLINDRICAL_SURFACE ( 'NONE', #918, 1.750000000000000000 ) ;
#74 = EDGE_LOOP ( 'NONE', ( #778, #975, #2901, #176 ) ) ;
#75 = CIRCLE ( 'NONE', #2304, 2.000000000000000000 ) ;
#76 = CARTESIAN_POINT ( 'NONE',  ( 0.4247247512519999879, 0.000000000000000000, 1.954381970259000179 ) ) ;
#77 = EDGE_CURVE ( 'NONE', #57, #3929, #2898, .T. ) ;
#78 = EDGE_LOOP ( 'NONE', ( #2454, #2512, #2716, #3890 ) ) ;
#79 = ORIENTED_EDGE ( 'NONE', *, *, #3479, .T. ) ;
#80 = DIRECTION ( 'NONE',  ( -0.5664062369248178408, 0.000000000000000000, 0.8241261886220260235 ) ) ;
#81 = DIRECTION ( 'NONE',  ( -0.6087614290087246527, 0.000000000000000000, -0.7933533402912321675 ) ) ;
#82 = DIRECTION ( 'NONE',  ( 0.8241261886216834087, 0.000000000000000000, 0.5664062369253162199 ) ) ;
#83 = LINE ( 'NONE', #1041, #2945 ) ;
#84 = ORIENTED_EDGE ( 'NONE', *, *, #2461, .T. ) ;
#85 = DIRECTION ( 'NONE',  ( 0.02617694830783610926, 0.000000000000000000, 0.9996573249755582591 ) ) ;
#86 = DIRECTION ( 'NONE',  ( -0.000000000000000000, 1.000000000000000000, -0.000000000000000000 ) ) ;
#87 = ORIENTED_EDGE ( 'NONE', *, *, #4320, .F. ) ;
#88 = AXIS2_PLACEMENT_3D ( 'NONE', #1282, #1378, #2029 ) ;
#89 = DIRECTION ( 'NONE',  ( -0.000000000000000000, 1.000000000000000000, -0.000000000000000000 ) ) ;
#90 = CARTESIAN_POINT ( 'NONE',  ( 0.000000000000000000, 0.2999999999999999334, 0.000000000000000000 ) ) ;
#91 = PLANE ( 'NONE',  #4020 ) ;
#92 = CARTESIAN_POINT ( 'NONE',  ( -1.079473186051000289, 0.000000000000000000, 1.485767376914000071 ) ) ;
#93 = ORIENTED_EDGE ( 'NONE', *, *, #2383, .T. ) ;
#94 = CARTESIAN_POINT ( 'NONE',  ( 0.000000000000000000, 0.000000000000000000, -1.836509476617000036 ) ) ;
#95 = ADVANCED_FACE ( 'NONE', ( #526 ), #2213, .F. ) ;
#96 = DIRECTION ( 'NONE',  ( -0.7933533402908369281, 0.000000000000000000, 0.6087614290092395741 ) ) ;
#97 = ORIENTED_EDGE ( 'NONE', *, *, #4220, .F. ) ;
#98 = ORIENTED_EDGE ( 'NONE', *, *, #1414, .F. ) ;
#99 = VERTEX_POINT ( 'NONE', #2527 ) ;
#100 = CARTESIAN_POINT ( 'NONE',  ( 0.000000000000000000, 2.600000000000000533, 1.836509476617000036 ) ) ;
#101 = CARTESIAN_POINT ( 'NONE',  ( -1.727480542076139436, 0.8000000000000000444, -1.007874484619970534 ) ) ;
#102 = EDGE_CURVE ( 'NONE', #218, #1382, #1904, .T. ) ;
#103 = ADVANCED_FACE ( 'NONE', ( #2941, #4312 ), #1223, .F. ) ;
#104 = CARTESIAN_POINT ( 'NONE',  ( 1.954381970259071677, 2.600000000000000533, -0.4247247512519509716 ) ) ;
#105 = DIRECTION ( 'NONE',  ( 0.000000000000000000, 0.000000000000000000, -1.000000000000000000 ) ) ;
#106 = ORIENTED_EDGE ( 'NONE', *, *, #3177, .T. ) ;
#107 = CARTESIAN_POINT ( 'NONE',  ( 0.4247247512519635726, 3.299999999999999822, -1.954381970259129853 ) ) ;
#108 = CARTESIAN_POINT ( 'NONE',  ( -1.331481282369999963, 1.600000000000000089, -1.492366441159000079 ) ) ;
#109 = EDGE_LOOP ( 'NONE', ( #3750, #3809, #2439, #367 ) ) ;
#110 = CARTESIAN_POINT ( 'NONE',  ( 0.000000000000000000, 3.299999999999999822, 0.000000000000000000 ) ) ;
#111 = LINE ( 'NONE', #2542, #4028 ) ;
#112 = ORIENTED_EDGE ( 'NONE', *, *, #595, .F. ) ;
#113 = CARTESIAN_POINT ( 'NONE',  ( -1.331481282370138741, 1.600000000000000089, -1.492366441159007850 ) ) ;
#114 = FACE_OUTER_BOUND ( 'NONE', #4344, .T. ) ;
#115 = VERTEX_POINT ( 'NONE', #216 ) ;
#116 = CARTESIAN_POINT ( 'NONE',  ( 0.8051473577702042972, 3.299999999999999822, 1.830775172509081949 ) ) ;
#117 = FACE_OUTER_BOUND ( 'NONE', #485, .T. ) ;
#118 = CARTESIAN_POINT ( 'NONE',  ( 1.830775172509107040, 0.000000000000000000, 0.8051473577701472317 ) ) ;
#119 = VERTEX_POINT ( 'NONE', #381 ) ;
#120 = VERTEX_POINT ( 'NONE', #983 ) ;
#121 = DIRECTION ( 'NONE',  ( -0.9426414910925988710, 0.000000000000000000, -0.3338068592325834083 ) ) ;
#122 = CARTESIAN_POINT ( 'NONE',  ( 0.8051473577699885809, 2.600000000000000533, 1.830775172509176763 ) ) ;
#123 = EDGE_CURVE ( 'NONE', #882, #2554, #717, .T. ) ;
#124 = EDGE_CURVE ( 'NONE', #1187, #2999, #657, .T. ) ;
#125 = EDGE_CURVE ( 'NONE', #3141, #1343, #1511, .T. ) ;
#126 = CIRCLE ( 'NONE', #694, 2.000000000000000000 ) ;
#127 = EDGE_LOOP ( 'NONE', ( #722, #760, #3973, #438 ) ) ;
#128 = LINE ( 'NONE', #155, #3738 ) ;
#129 = AXIS2_PLACEMENT_3D ( 'NONE', #1849, #1829, #2867 ) ;
#130 = CARTESIAN_POINT ( 'NONE',  ( 0.5675126386054000216, 0.8000000000000000444, 1.746624304975000097 ) ) ;
#131 = DIRECTION ( 'NONE',  ( 0.000000000000000000, -1.000000000000000000, 0.000000000000000000 ) ) ;
#132 = AXIS2_PLACEMENT_3D ( 'NONE', #2782, #725, #4150 ) ;
#133 = AXIS2_PLACEMENT_3D ( 'NONE', #258, #1632, #2349 ) ;
#134 = ORIENTED_EDGE ( 'NONE', *, *, #925, .F. ) ;
#135 = CIRCLE ( 'NONE', #3377, 1.750000000000000000 ) ;
#136 = AXIS2_PLACEMENT_3D ( 'NONE', #857, #791, #3580 ) ;
#137 = LINE ( 'NONE', #2841, #1653 ) ;
#138 = CARTESIAN_POINT ( 'NONE',  ( 1.836509476617000036, 0.000000000000000000, 0.000000000000000000 ) ) ;
#139 = VECTOR ( 'NONE', #3391, 1000.000000000000000 ) ;
#140 = VECTOR ( 'NONE', #1305, 1000.000000000000000 ) ;
#141 = ORIENTED_EDGE ( 'NONE', *, *, #2938, .T. ) ;
#142 = AXIS2_PLACEMENT_3D ( 'NONE', #90, #2842, #4209 ) ;
#143 = PLANE ( 'NONE',  #1491 ) ;
#144 = DIRECTION ( 'NONE',  ( 8.881784197001252323E-15, 0.000000000000000000, -1.000000000000000000 ) ) ;
#145 = DIRECTION ( 'NONE',  ( -0.000000000000000000, 1.000000000000000000, -0.000000000000000000 ) ) ;
#146 = DIRECTION ( 'NONE',  ( 0.2840153447038999412, 0.000000000000000000, 0.9588197348681998244 ) ) ;
#147 = ORIENTED_EDGE ( 'NONE', *, *, #1745, .T. ) ;
#148 = DIRECTION ( 'NONE',  ( -0.5664062369248178408, 0.000000000000000000, 0.8241261886220260235 ) ) ;
#149 = ORIENTED_EDGE ( 'NONE', *, *, #3092, .T. ) ;
#150 = CARTESIAN_POINT ( 'NONE',  ( -1.485767376914000071, 0.000000000000000000, -1.079473186051000289 ) ) ;
#151 = CYLINDRICAL_SURFACE ( 'NONE', #491, 2.000000000000000000 ) ;
#152 = CARTESIAN_POINT ( 'NONE',  ( -0.4247247512520720969, 2.600000000000000533, 1.954381970259106316 ) ) ;
#153 = DIRECTION ( 'NONE',  ( 0.8241261886220260235, 0.000000000000000000, 0.5664062369248178408 ) ) ;
#154 = ORIENTED_EDGE ( 'NONE', *, *, #2405, .T. ) ;
#155 = CARTESIAN_POINT ( 'NONE',  ( -1.492366441159142632, 0.000000000000000000, -1.331481282370126085 ) ) ;
#156 = ADVANCED_FACE ( 'NONE', ( #1009 ), #3447, .F. ) ;
#157 = LINE ( 'NONE', #3284, #662 ) ;
#158 = EDGE_CURVE ( 'NONE', #1268, #4313, #1302, .T. ) ;
#159 = ADVANCED_FACE ( 'NONE', ( #299 ), #1755, .F. ) ;
#160 = EDGE_LOOP ( 'NONE', ( #2056, #1411, #575, #1959 ) ) ;
#161 = ORIENTED_EDGE ( 'NONE', *, *, #1170, .T. ) ;
#162 = CARTESIAN_POINT ( 'NONE',  ( -1.727480542076220482, 3.299999999999999822, -1.007874484620008282 ) ) ;
#163 = LINE ( 'NONE', #1555, #3233 ) ;
#164 = VECTOR ( 'NONE', #1461, 1000.000000000000000 ) ;
#165 = ORIENTED_EDGE ( 'NONE', *, *, #319, .T. ) ;
#166 = DIRECTION ( 'NONE',  ( 0.000000000000000000, -1.000000000000000000, 0.000000000000000000 ) ) ;
#167 = VECTOR ( 'NONE', #683, 1000.000000000000227 ) ;
#168 = CARTESIAN_POINT ( 'NONE',  ( -0.2000000000001879719, 1.600000000000000089, -1.989974874213041645 ) ) ;
#169 = DIRECTION ( 'NONE',  ( 0.000000000000000000, 0.000000000000000000, 1.000000000000000000 ) ) ;
#170 = ORIENTED_EDGE ( 'NONE', *, *, #894, .T. ) ;
#171 = EDGE_LOOP ( 'NONE', ( #3953, #4046, #744, #2227 ) ) ;
#172 = DIRECTION ( 'NONE',  ( -0.9426414910921715462, 0.000000000000000000, -0.3338068592337899987 ) ) ;
#173 = DIRECTION ( 'NONE',  ( 0.000000000000000000, 0.000000000000000000, -1.000000000000000000 ) ) ;
#174 = DIRECTION ( 'NONE',  ( -0.9426414910921716572, 0.000000000000000000, -0.3338068592337900542 ) ) ;
#175 = DIRECTION ( 'NONE',  ( 0.3338068592337900542, 0.000000000000000000, 0.9426414910921716572 ) ) ;
#176 = ORIENTED_EDGE ( 'NONE', *, *, #453, .T. ) ;
#177 = PLANE ( 'NONE',  #4027 ) ;
#178 = DIRECTION ( 'NONE',  ( -0.000000000000000000, 1.000000000000000000, -0.000000000000000000 ) ) ;
#179 = UNCERTAINTY_MEASURE_WITH_UNIT (LENGTH_MEASURE( 1.000000000000000082E-05 ), #1568, 'distance_accuracy_value', 'NONE');
#180 = VERTEX_POINT ( 'NONE', #2386 ) ;
#181 = CARTESIAN_POINT ( 'NONE',  ( 1.492366441159074686, 1.600000000000000089, 1.331481282370202246 ) ) ;
#182 = DIRECTION ( 'NONE',  ( 0.2840153447038998857, 0.000000000000000000, -0.9588197348681997134 ) ) ;
#183 = ADVANCED_FACE ( 'NONE', ( #4417 ), #1028, .F. ) ;
#184 = VERTEX_POINT ( 'NONE', #2705 ) ;
#185 = LINE ( 'NONE', #1558, #1131 ) ;
#186 = ADVANCED_FACE ( 'NONE', ( #672, #2048 ), #359, .T. ) ;
#187 = EDGE_CURVE ( 'NONE', #1016, #1906, #2070, .T. ) ;
#188 = CYLINDRICAL_SURFACE ( 'NONE', #1652, 2.000000000000000000 ) ;
#189 = CARTESIAN_POINT ( 'NONE',  ( -1.727480542075999992, 0.000000000000000000, 1.007874484620000066 ) ) ;
#190 = CARTESIAN_POINT ( 'NONE',  ( -1.331481282370126085, 0.000000000000000000, 1.492366441159142632 ) ) ;
#191 = ORIENTED_EDGE ( 'NONE', *, *, #2996, .F. ) ;
#192 = ORIENTED_EDGE ( 'NONE', *, *, #3100, .T. ) ;
#193 = DIRECTION ( 'NONE',  ( -0.000000000000000000, 1.000000000000000000, -0.000000000000000000 ) ) ;
#194 = FACE_OUTER_BOUND ( 'NONE', #3055, .T. ) ;
#195 = CARTESIAN_POINT ( 'NONE',  ( -1.727480542075999992, 2.600000000000000977, 1.007874484620000066 ) ) ;
#196 = FACE_OUTER_BOUND ( 'NONE', #3033, .T. ) ;
#197 = ORIENTED_EDGE ( 'NONE', *, *, #1593, .T. ) ;
#198 = CARTESIAN_POINT ( 'NONE',  ( -1.331481282369999963, 3.299999999999999822, 1.492366441159000079 ) ) ;
#199 = DIRECTION ( 'NONE',  ( 0.000000000000000000, 1.000000000000000000, -0.000000000000000000 ) ) ;
#200 = ORIENTED_EDGE ( 'NONE', *, *, #2545, .T. ) ;
#201 = CARTESIAN_POINT ( 'NONE',  ( -1.007874484620022049, 0.000000000000000000, 1.727480542076006431 ) ) ;
#202 = AXIS2_PLACEMENT_3D ( 'NONE', #2326, #3718, #4403 ) ;
#203 = VECTOR ( 'NONE', #2744, 1000.000000000000114 ) ;
#204 = ORIENTED_EDGE ( 'NONE', *, *, #3536, .T. ) ;
#205 = CARTESIAN_POINT ( 'NONE',  ( 1.007874484620023159, 2.600000000000000533, -1.727480542076211822 ) ) ;
#206 = VECTOR ( 'NONE', #1950, 1000.000000000000000 ) ;
#207 = VECTOR ( 'NONE', #3977, 1000.000000000000114 ) ;
#208 = VECTOR ( 'NONE', #1702, 1000.000000000000227 ) ;
#209 = EDGE_CURVE ( 'NONE', #1389, #2612, #4396, .T. ) ;
#210 = AXIS2_PLACEMENT_3D ( 'NONE', #356, #3103, #3980 ) ;
#211 = CARTESIAN_POINT ( 'NONE',  ( 1.989974874213237710, 0.000000000000000000, -0.2000000000000238809 ) ) ;
#212 = VECTOR ( 'NONE', #3990, 1000.000000000000000 ) ;
#213 = EDGE_CURVE ( 'NONE', #2889, #3517, #1692, .T. ) ;
#214 = ADVANCED_FACE ( 'NONE', ( #2731 ), #1380, .T. ) ;
#215 = AXIS2_PLACEMENT_3D ( 'NONE', #3672, #2961, #3248 ) ;
#216 = CARTESIAN_POINT ( 'NONE',  ( -0.5675126386053581662, 2.600000000000000533, -1.746624304974971231 ) ) ;
#217 = VERTEX_POINT ( 'NONE', #4078 ) ;
#218 = VERTEX_POINT ( 'NONE', #2366 ) ;
#219 = CARTESIAN_POINT ( 'NONE',  ( 1.727480542076220260, 0.8000000000000000444, -1.007874484620008726 ) ) ;
#220 = DIRECTION ( 'NONE',  ( 0.000000000000000000, -1.000000000000000000, 0.000000000000000000 ) ) ;
#221 = DIRECTION ( 'NONE',  ( 0.000000000000000000, -1.000000000000000000, 0.000000000000000000 ) ) ;
#222 = CARTESIAN_POINT ( 'NONE',  ( 0.000000000000000000, 3.299999999999999822, 0.000000000000000000 ) ) ;
#223 = ORIENTED_EDGE ( 'NONE', *, *, #4446, .T. ) ;
#224 = CARTESIAN_POINT ( 'NONE',  ( 1.079473186051000289, 0.000000000000000000, 1.485767376914000071 ) ) ;
#225 = CYLINDRICAL_SURFACE ( 'NONE', #3537, 2.000000000000000000 ) ;
#226 = ORIENTED_EDGE ( 'NONE', *, *, #213, .F. ) ;
#227 = CARTESIAN_POINT ( 'NONE',  ( -0.2000000000001498635, 1.600000000000000089, 1.989974874213225053 ) ) ;
#228 = ORIENTED_EDGE ( 'NONE', *, *, #4068, .F. ) ;
#229 = DIRECTION ( 'NONE',  ( 0.000000000000000000, -1.000000000000000000, 0.000000000000000000 ) ) ;
#230 = CARTESIAN_POINT ( 'NONE',  ( 0.5675126386052743443, 0.000000000000000000, 1.746624304974913722 ) ) ;
#231 = DIRECTION ( 'NONE',  ( -0.000000000000000000, -1.000000000000000000, -0.000000000000000000 ) ) ;
#232 = FACE_OUTER_BOUND ( 'NONE', #3025, .T. ) ;
#233 = VECTOR ( 'NONE', #2066, 1000.000000000000114 ) ;
#234 = ORIENTED_EDGE ( 'NONE', *, *, #3837, .F. ) ;
#235 = ORIENTED_EDGE ( 'NONE', *, *, #2215, .F. ) ;
#236 = VECTOR ( 'NONE', #3183, 1000.000000000000114 ) ;
#237 = EDGE_CURVE ( 'NONE', #342, #4435, #2424, .T. ) ;
#238 = VERTEX_POINT ( 'NONE', #1400 ) ;
#239 = DIRECTION ( 'NONE',  ( 0.000000000000000000, 0.000000000000000000, -1.000000000000000000 ) ) ;
#240 = DIRECTION ( 'NONE',  ( 0.6087614290087246527, 0.000000000000000000, -0.7933533402912321675 ) ) ;
#241 = FACE_OUTER_BOUND ( 'NONE', #4165, .T. ) ;
#242 = EDGE_CURVE ( 'NONE', #2814, #3458, #1416, .T. ) ;
#243 = ORIENTED_EDGE ( 'NONE', *, *, #2968, .T. ) ;
#244 = EDGE_CURVE ( 'NONE', #2612, #44, #2096, .T. ) ;
#245 = FACE_OUTER_BOUND ( 'NONE', #3491, .T. ) ;
#246 = CARTESIAN_POINT ( 'NONE',  ( 0.000000000000000000, 3.299999999999999822, 0.000000000000000000 ) ) ;
#247 = EDGE_LOOP ( 'NONE', ( #3814, #3621, #1015, #2808 ) ) ;
#248 = VERTEX_POINT ( 'NONE', #1074 ) ;
#249 = PLANE ( 'NONE',  #88 ) ;
#250 = VERTEX_POINT ( 'NONE', #738 ) ;
#251 = CYLINDRICAL_SURFACE ( 'NONE', #3651, 2.000000000000000000 ) ;
#252 = DIRECTION ( 'NONE',  ( 0.000000000000000000, 1.000000000000000000, 0.000000000000000000 ) ) ;
#253 = DIRECTION ( 'NONE',  ( 0.000000000000000000, 0.000000000000000000, -1.000000000000000000 ) ) ;
#254 = VERTEX_POINT ( 'NONE', #2115 ) ;
#255 = VERTEX_POINT ( 'NONE', #399 ) ;
#256 = ORIENTED_EDGE ( 'NONE', *, *, #366, .F. ) ;
#257 = LINE ( 'NONE', #3009, #1936 ) ;
#258 = CARTESIAN_POINT ( 'NONE',  ( 0.000000000000000000, 0.000000000000000000, 0.000000000000000000 ) ) ;
#259 = FACE_OUTER_BOUND ( 'NONE', #2045, .T. ) ;
#260 = EDGE_LOOP ( 'NONE', ( #1679, #3234, #922, #2217 ) ) ;
#261 = CARTESIAN_POINT ( 'NONE',  ( 1.485767376914000071, 0.000000000000000000, 1.079473186051000289 ) ) ;
#262 = PLANE ( 'NONE',  #807 ) ;
#263 = ADVANCED_FACE ( 'NONE', ( #3150 ), #1465, .F. ) ;
#264 = DIRECTION ( 'NONE',  ( 9.769962616701377556E-15, 0.000000000000000000, -1.000000000000000000 ) ) ;
#265 = EDGE_CURVE ( 'NONE', #2553, #4277, #2019, .T. ) ;
#266 = ADVANCED_FACE ( 'NONE', ( #3194 ), #1878, .F. ) ;
#267 = EDGE_LOOP ( 'NONE', ( #4377, #4091, #1379, #1621 ) ) ;
#268 = ORIENTED_EDGE ( 'NONE', *, *, #3705, .F. ) ;
#269 = DIRECTION ( 'NONE',  ( -0.000000000000000000, 1.000000000000000000, -0.000000000000000000 ) ) ;
#270 = ORIENTED_EDGE ( 'NONE', *, *, #4231, .T. ) ;
#271 = LINE ( 'NONE', #1584, #2421 ) ;
#272 = AXIS2_PLACEMENT_3D ( 'NONE', #1203, #2582, #3957 ) ;
#273 = VECTOR ( 'NONE', #82, 1000.000000000000114 ) ;
#274 = CARTESIAN_POINT ( 'NONE',  ( 0.2000000000000000111, 1.600000000000000089, 1.989974874212999900 ) ) ;
#275 = VECTOR ( 'NONE', #2853, 1000.000000000000000 ) ;
#276 = VECTOR ( 'NONE', #3878, 1000.000000000000114 ) ;
#277 = VERTEX_POINT ( 'NONE', #3171 ) ;
#278 = ORIENTED_EDGE ( 'NONE', *, *, #1029, .T. ) ;
#279 = CIRCLE ( 'NONE', #416, 2.000000000000000000 ) ;
#280 = CIRCLE ( 'NONE', #1062, 2.000000000000000000 ) ;
#281 = PLANE ( 'NONE',  #4089 ) ;
#282 = CARTESIAN_POINT ( 'NONE',  ( 1.485767376914000071, 3.299999999999999822, -1.079473186051000289 ) ) ;
#284 = DIRECTION ( 'NONE',  ( 0.000000000000000000, 0.000000000000000000, -1.000000000000000000 ) ) ;
#283 = CIRCLE ( 'NONE', #2952, 2.000000000000000000 ) ;
#285 = AXIS2_PLACEMENT_3D ( 'NONE', #899, #2233, #519 ) ;
#286 = AXIS2_PLACEMENT_3D ( 'NONE', #224, #648, #2022 ) ;
#287 = ORIENTED_EDGE ( 'NONE', *, *, #2801, .T. ) ;
#288 = CYLINDRICAL_SURFACE ( 'NONE', #2071, 2.000000000000000000 ) ;
#289 = ORIENTED_EDGE ( 'NONE', *, *, #4003, .T. ) ;
#290 = DIRECTION ( 'NONE',  ( -0.5664062369248178408, 0.000000000000000000, -0.8241261886220260235 ) ) ;
#291 = CARTESIAN_POINT ( 'NONE',  ( 1.492366441159003854, 2.600000000000000533, 1.331481282370138741 ) ) ;
#292 = DIRECTION ( 'NONE',  ( 0.000000000000000000, 0.000000000000000000, -1.000000000000000000 ) ) ;
#293 = ADVANCED_FACE ( 'NONE', ( #793 ), #73, .T. ) ;
#294 = ORIENTED_EDGE ( 'NONE', *, *, #300, .F. ) ;
#295 = EDGE_CURVE ( 'NONE', #1060, #747, #3561, .T. ) ;
#296 = LINE ( 'NONE', #687, #1458 ) ;
#297 = ADVANCED_FACE ( 'NONE', ( #3251 ), #143, .F. ) ;
#298 = ORIENTED_EDGE ( 'NONE', *, *, #12, .T. ) ;
#299 = FACE_OUTER_BOUND ( 'NONE', #839, .T. ) ;
#300 = EDGE_CURVE ( 'NONE', #3395, #3254, #3874, .T. ) ;
#301 = EDGE_CURVE ( 'NONE', #1164, #933, #1707, .T. ) ;
#302 = DIRECTION ( 'NONE',  ( -0.2840153447038999412, 0.000000000000000000, -0.9588197348681998244 ) ) ;
#303 = CYLINDRICAL_SURFACE ( 'NONE', #2569, 1.750000000000000000 ) ;
#304 = ORIENTED_EDGE ( 'NONE', *, *, #321, .F. ) ;
#305 = ORIENTED_EDGE ( 'NONE', *, *, #601, .F. ) ;
#306 = CARTESIAN_POINT ( 'NONE',  ( 0.000000000000000000, 2.600000000000000533, 0.000000000000000000 ) ) ;
#307 = LINE ( 'NONE', #3702, #1132 ) ;
#308 = VECTOR ( 'NONE', #3859, 1000.000000000000114 ) ;
#309 = CARTESIAN_POINT ( 'NONE',  ( 0.000000000000000000, 0.8000000000000000444, 0.000000000000000000 ) ) ;
#310 = ORIENTED_EDGE ( 'NONE', *, *, #2998, .F. ) ;
#311 = PLANE ( 'NONE',  #65 ) ;
#312 = LINE ( 'NONE', #3017, #4335 ) ;
#313 = DIRECTION ( 'NONE',  ( -0.6087614290087246527, 0.000000000000000000, 0.7933533402912321675 ) ) ;
#314 = ORIENTED_EDGE ( 'NONE', *, *, #1375, .F. ) ;
#315 = CARTESIAN_POINT ( 'NONE',  ( -1.746624304975000097, 2.600000000000000533, -0.5675126386054000216 ) ) ;
#316 = ORIENTED_EDGE ( 'NONE', *, *, #1003, .F. ) ;
#317 = CARTESIAN_POINT ( 'NONE',  ( 0.000000000000000000, 2.600000000000000533, 0.000000000000000000 ) ) ;
#318 = DIRECTION ( 'NONE',  ( 0.3338068592325834083, 0.000000000000000000, 0.9426414910925988710 ) ) ;
#319 = EDGE_CURVE ( 'NONE', #892, #1330, #2166, .T. ) ;
#320 = ADVANCED_FACE ( 'NONE', ( #3540 ), #1538, .F. ) ;
#321 = EDGE_CURVE ( 'NONE', #364, #4238, #3845, .T. ) ;
#322 = ORIENTED_EDGE ( 'NONE', *, *, #3404, .T. ) ;
#323 = CYLINDRICAL_SURFACE ( 'NONE', #3309, 2.000000000000000000 ) ;
#324 = CARTESIAN_POINT ( 'NONE',  ( -1.954381970259129853, 1.600000000000000089, -0.4247247512519632395 ) ) ;
#325 = DIRECTION ( 'NONE',  ( 0.9426414910925988710, 0.000000000000000000, -0.3338068592325834083 ) ) ;
#326 = ORIENTED_EDGE ( 'NONE', *, *, #2635, .T. ) ;
#327 = CARTESIAN_POINT ( 'NONE',  ( -1.989974874212999900, 0.8000000000000000444, 0.2000000000000000111 ) ) ;
#328 = CARTESIAN_POINT ( 'NONE',  ( 1.714505518811696363E-16, 0.2999999999999999334, 1.250000000000000000 ) ) ;
#329 = CARTESIAN_POINT ( 'NONE',  ( 1.898202538689201648E-16, 0.000000000000000000, 1.550000000008822099 ) ) ;
#330 = ORIENTED_EDGE ( 'NONE', *, *, #2190, .F. ) ;
#331 = FACE_OUTER_BOUND ( 'NONE', #2153, .T. ) ;
#332 = ORIENTED_EDGE ( 'NONE', *, *, #486, .F. ) ;
#333 = DIRECTION ( 'NONE',  ( 0.000000000000000000, -0.000000000000000000, -1.000000000000000000 ) ) ;
#334 = LINE ( 'NONE', #3765, #4381 ) ;
#335 = ORIENTED_EDGE ( 'NONE', *, *, #4398, .T. ) ;
#336 = ADVANCED_FACE ( 'NONE', ( #1779 ), #2865, .F. ) ;
#337 = AXIS2_PLACEMENT_3D ( 'NONE', #3674, #3340, #1941 ) ;
#338 = CARTESIAN_POINT ( 'NONE',  ( -1.830775172509000015, 2.600000000000000533, -0.8051473577701000472 ) ) ;
#339 = EDGE_CURVE ( 'NONE', #3102, #610, #4284, .T. ) ;
#340 = AXIS2_PLACEMENT_3D ( 'NONE', #189, #2549, #525 ) ;
#341 = VECTOR ( 'NONE', #3733, 1000.000000000000000 ) ;
#342 = VERTEX_POINT ( 'NONE', #2896 ) ;
#343 = ORIENTED_EDGE ( 'NONE', *, *, #2190, .T. ) ;
#344 = DIRECTION ( 'NONE',  ( 0.000000000000000000, -1.000000000000000000, 0.000000000000000000 ) ) ;
#345 = VECTOR ( 'NONE', #695, 1000.000000000000114 ) ;
#346 = ORIENTED_EDGE ( 'NONE', *, *, #1894, .T. ) ;
#347 = DIRECTION ( 'NONE',  ( 0.000000000000000000, 0.000000000000000000, -1.000000000000000000 ) ) ;
#348 = CYLINDRICAL_SURFACE ( 'NONE', #3260, 2.000000000000000000 ) ;
#349 = VECTOR ( 'NONE', #1474, 1000.000000000000000 ) ;
#350 = ADVANCED_FACE ( 'NONE', ( #3516 ), #3917, .F. ) ;
#351 = CIRCLE ( 'NONE', #1213, 2.000000000000000000 ) ;
#352 = DIRECTION ( 'NONE',  ( -0.7933533402912321675, 0.000000000000000000, -0.6087614290087246527 ) ) ;
#353 = CARTESIAN_POINT ( 'NONE',  ( 0.000000000000000000, 1.600000000000000089, 0.000000000000000000 ) ) ;
#354 = AXIS2_PLACEMENT_3D ( 'NONE', #2777, #2427, #1757 ) ;
#355 = ORIENTED_EDGE ( 'NONE', *, *, #3384, .F. ) ;
#356 = CARTESIAN_POINT ( 'NONE',  ( 0.000000000000000000, 0.8000000000000000444, 0.000000000000000000 ) ) ;
#357 = CARTESIAN_POINT ( 'NONE',  ( 0.000000000000000000, 1.600000000000000089, 0.000000000000000000 ) ) ;
#358 = VERTEX_POINT ( 'NONE', #832 ) ;
#359 = PLANE ( 'NONE',  #936 ) ;
#360 = VECTOR ( 'NONE', #3948, 1000.000000000000114 ) ;
#361 = FACE_OUTER_BOUND ( 'NONE', #2878, .T. ) ;
#362 = EDGE_LOOP ( 'NONE', ( #1367, #3706, #1650, #3195 ) ) ;
#363 = CARTESIAN_POINT ( 'NONE',  ( 1.331481282370126751, 0.000000000000000000, 1.492366441159142187 ) ) ;
#364 = VERTEX_POINT ( 'NONE', #3940 ) ;
#365 = ORIENTED_EDGE ( 'NONE', *, *, #3048, .T. ) ;
#366 = EDGE_CURVE ( 'NONE', #1462, #2103, #861, .T. ) ;
#367 = ORIENTED_EDGE ( 'NONE', *, *, #237, .T. ) ;
#368 = DIRECTION ( 'NONE',  ( 0.000000000000000000, 0.000000000000000000, -1.000000000000000000 ) ) ;
#369 = LINE ( 'NONE', #3434, #2533 ) ;
#370 = CARTESIAN_POINT ( 'NONE',  ( 0.000000000000000000, 0.000000000000000000, 0.000000000000000000 ) ) ;
#371 = CARTESIAN_POINT ( 'NONE',  ( -1.746624304975000097, 3.299999999999999822, -0.5675126386054000216 ) ) ;
#372 = VECTOR ( 'NONE', #3333, 1000.000000000000000 ) ;
#373 = ADVANCED_FACE ( 'NONE', ( #114 ), #3896, .T. ) ;
#374 = EDGE_CURVE ( 'NONE', #364, #28, #1124, .T. ) ;
#375 = EDGE_CURVE ( 'NONE', #2180, #383, #4372, .T. ) ;
#376 = VERTEX_POINT ( 'NONE', #2324 ) ;
#377 = DIRECTION ( 'NONE',  ( 0.2840153447039865942, 0.000000000000000000, -0.9588197348681741783 ) ) ;
#378 = AXIS2_PLACEMENT_3D ( 'NONE', #3236, #220, #173 ) ;
#379 = LINE ( 'NONE', #2772, #4408 ) ;
#380 = EDGE_LOOP ( 'NONE', ( #47, #3407, #1680, #436 ) ) ;
#381 = CARTESIAN_POINT ( 'NONE',  ( -1.727480542076136105, 2.600000000000000533, 1.007874484619960098 ) ) ;
#382 = FACE_OUTER_BOUND ( 'NONE', #1827, .T. ) ;
#383 = VERTEX_POINT ( 'NONE', #4400 ) ;
#384 = LINE ( 'NONE', #1424, #3867 ) ;
#385 = ORIENTED_EDGE ( 'NONE', *, *, #1749, .T. ) ;
#386 = ORIENTED_EDGE ( 'NONE', *, *, #1867, .T. ) ;
#387 = ORIENTED_EDGE ( 'NONE', *, *, #758, .T. ) ;
#388 = LINE ( 'NONE', #3073, #2656 ) ;
#389 = CARTESIAN_POINT ( 'NONE',  ( 1.485767376914000071, 3.300000000000000711, 1.079473186051000289 ) ) ;
#390 = DIRECTION ( 'NONE',  ( -3.552713678800500929E-15, 0.000000000000000000, -1.000000000000000000 ) ) ;
#391 = CARTESIAN_POINT ( 'NONE',  ( -1.727480542076006431, 0.000000000000000000, -1.007874484620022049 ) ) ;
#392 = ORIENTED_EDGE ( 'NONE', *, *, #2713, .F. ) ;
#393 = CARTESIAN_POINT ( 'NONE',  ( 1.830775172509000015, 3.299999999999999822, 0.8051473577701000472 ) ) ;
#394 = ADVANCED_FACE ( 'NONE', ( #2276 ), #251, .T. ) ;
#395 = CARTESIAN_POINT ( 'NONE',  ( 1.079473186051000289, 0.8000000000000002665, -1.485767376913997184 ) ) ;
#396 = EDGE_CURVE ( 'NONE', #3495, #1442, #271, .T. ) ;
#397 = EDGE_CURVE ( 'NONE', #4277, #828, #2963, .T. ) ;
#398 = ORIENTED_EDGE ( 'NONE', *, *, #124, .F. ) ;
#399 = CARTESIAN_POINT ( 'NONE',  ( 1.331481282370138741, 0.8000000000000000444, 1.492366441159007850 ) ) ;
#400 = CARTESIAN_POINT ( 'NONE',  ( -0.5675126386054000216, 3.299999999999999378, -1.746624304974999875 ) ) ;
#401 = CARTESIAN_POINT ( 'NONE',  ( 1.830775172509000015, 0.000000000000000000, 0.8051473577701000472 ) ) ;
#402 = VERTEX_POINT ( 'NONE', #1311 ) ;
#403 = DIRECTION ( 'NONE',  ( 0.000000000000000000, -1.000000000000000000, 0.000000000000000000 ) ) ;
#404 = DIRECTION ( 'NONE',  ( -0.6087614290087246527, 0.000000000000000000, -0.7933533402912321675 ) ) ;
#405 = ORIENTED_EDGE ( 'NONE', *, *, #2274, .T. ) ;
#406 = EDGE_LOOP ( 'NONE', ( #2187, #2399, #557, #1451 ) ) ;
#407 = VERTEX_POINT ( 'NONE', #4329 ) ;
#408 = FACE_OUTER_BOUND ( 'NONE', #2909, .T. ) ;
#409 = VECTOR ( 'NONE', #2129, 1000.000000000000000 ) ;
#411 = LINE ( 'NONE', #4178, #1387 ) ;
#410 = VECTOR ( 'NONE', #2379, 1000.000000000000114 ) ;
#412 = DIRECTION ( 'NONE',  ( 0.000000000000000000, -1.000000000000000000, 0.000000000000000000 ) ) ;
#413 = CARTESIAN_POINT ( 'NONE',  ( -1.746624304975000097, 0.8000000000000000444, -0.5675126386054000216 ) ) ;
#414 = CIRCLE ( 'NONE', #987, 2.000000000000000000 ) ;
#415 = ORIENTED_EDGE ( 'NONE', *, *, #2826, .F. ) ;
#416 = AXIS2_PLACEMENT_3D ( 'NONE', #2507, #3884, #801 ) ;
#417 = LINE ( 'NONE', #3165, #3872 ) ;
#418 = VECTOR ( 'NONE', #3440, 1000.000000000000114 ) ;
#419 = LINE ( 'NONE', #3503, #3470 ) ;
#420 = CIRCLE ( 'NONE', #3228, 2.000000000000000000 ) ;
#421 = FILL_AREA_STYLE_COLOUR ( '', #3866 ) ;
#422 = VECTOR ( 'NONE', #1012, 1000.000000000000114 ) ;
#423 = CIRCLE ( 'NONE', #3232, 2.000000000000000000 ) ;
#424 = EDGE_LOOP ( 'NONE', ( #2261, #968, #3211, #3626 ) ) ;
#425 = ADVANCED_FACE ( 'NONE', ( #3318 ), #1245, .T. ) ;
#426 = CARTESIAN_POINT ( 'NONE',  ( -0.2000000000000000111, 3.299999999999999822, 1.989974874212999900 ) ) ;
#427 = LINE ( 'NONE', #3512, #3448 ) ;
#428 = LINE ( 'NONE', #3222, #853 ) ;
#429 = DIRECTION ( 'NONE',  ( 0.02617694830786888166, 0.000000000000000000, 0.9996573249755573709 ) ) ;
#430 = ORIENTED_EDGE ( 'NONE', *, *, #2635, .F. ) ;
#431 = EDGE_CURVE ( 'NONE', #3168, #250, #2566, .T. ) ;
#432 = EDGE_CURVE ( 'NONE', #4110, #499, #1775, .T. ) ;
#433 = CARTESIAN_POINT ( 'NONE',  ( 0.000000000000000000, 0.000000000000000000, 0.000000000000000000 ) ) ;
#434 = DIRECTION ( 'NONE',  ( -0.000000000000000000, 1.000000000000000000, -0.000000000000000000 ) ) ;
#435 = VERTEX_POINT ( 'NONE', #3648 ) ;
#436 = ORIENTED_EDGE ( 'NONE', *, *, #3837, .T. ) ;
#437 = CARTESIAN_POINT ( 'NONE',  ( -1.079473186051000289, 2.600000000000000977, 1.485767376914000071 ) ) ;
#438 = ORIENTED_EDGE ( 'NONE', *, *, #2661, .F. ) ;
#439 = LINE ( 'NONE', #2922, #349 ) ;
#440 = DIRECTION ( 'NONE',  ( -0.7933533402912321675, 0.000000000000000000, 0.6087614290087246527 ) ) ;
#441 = DIRECTION ( 'NONE',  ( -0.000000000000000000, -1.000000000000000000, -0.000000000000000000 ) ) ;
#442 = ORIENTED_EDGE ( 'NONE', *, *, #2402, .T. ) ;
#443 = DIRECTION ( 'NONE',  ( 0.2840153447038998857, 0.000000000000000000, -0.9588197348681997134 ) ) ;
#444 = CARTESIAN_POINT ( 'NONE',  ( -1.331481282369999963, 0.000000000000000000, 1.492366441159000079 ) ) ;
#445 = AXIS2_PLACEMENT_3D ( 'NONE', #2447, #3531, #736 ) ;
#446 = VERTEX_POINT ( 'NONE', #4010 ) ;
#447 = VECTOR ( 'NONE', #3057, 1000.000000000000000 ) ;
#448 = DIRECTION ( 'NONE',  ( 0.000000000000000000, 0.000000000000000000, -1.000000000000000000 ) ) ;
#449 = DIRECTION ( 'NONE',  ( 0.000000000000000000, -0.000000000000000000, -1.000000000000000000 ) ) ;
#450 = ORIENTED_EDGE ( 'NONE', *, *, #1029, .F. ) ;
#451 = DIRECTION ( 'NONE',  ( 0.000000000000000000, 0.000000000000000000, -1.000000000000000000 ) ) ;
#452 = VERTEX_POINT ( 'NONE', #1651 ) ;
#453 = EDGE_CURVE ( 'NONE', #554, #3089, #3003, .T. ) ;
#454 = DIRECTION ( 'NONE',  ( -2.131628207280300558E-14, 0.000000000000000000, -1.000000000000000000 ) ) ;
#455 = EDGE_CURVE ( 'NONE', #2339, #664, #3696, .T. ) ;
#456 = ADVANCED_FACE ( 'NONE', ( #1264 ), #1902, .F. ) ;
#457 = CARTESIAN_POINT ( 'NONE',  ( -0.8051473577701000472, 0.000000000000000000, 1.830775172509000015 ) ) ;
#458 = ORIENTED_EDGE ( 'NONE', *, *, #1612, .F. ) ;
#459 = CARTESIAN_POINT ( 'NONE',  ( 0.4247247512519999879, 2.600000000000000533, 1.954381970259000179 ) ) ;
#460 = VERTEX_POINT ( 'NONE', #205 ) ;
#461 = DIRECTION ( 'NONE',  ( 0.000000000000000000, -1.000000000000000000, 0.000000000000000000 ) ) ;
#462 = DIRECTION ( 'NONE',  ( -0.02617694830783610926, 0.000000000000000000, 0.9996573249755582591 ) ) ;
#463 = LINE ( 'NONE', #2200, #3654 ) ;
#464 = ORIENTED_EDGE ( 'NONE', *, *, #4320, .T. ) ;
#465 = LINE ( 'NONE', #1843, #2956 ) ;
#466 = LINE ( 'NONE', #4275, #2250 ) ;
#467 = VERTEX_POINT ( 'NONE', #4040 ) ;
#468 = EDGE_LOOP ( 'NONE', ( #693, #3136, #3029, #3192 ) ) ;
#469 = LINE ( 'NONE', #426, #3153 ) ;
#470 = CARTESIAN_POINT ( 'NONE',  ( 0.000000000000000000, 5.684341886080801487E-11, -1.549999999951978680 ) ) ;
#471 = ORIENTED_EDGE ( 'NONE', *, *, #4426, .T. ) ;
#472 = DIRECTION ( 'NONE',  ( -0.5664062369253162199, 0.000000000000000000, -0.8241261886216834087 ) ) ;
#473 = DIRECTION ( 'NONE',  ( -0.000000000000000000, 1.000000000000000000, -0.000000000000000000 ) ) ;
#474 = CARTESIAN_POINT ( 'NONE',  ( -1.485767376914000071, 0.000000000000000000, -1.079473186051000289 ) ) ;
#475 = ORIENTED_EDGE ( 'NONE', *, *, #4340, .F. ) ;
#476 = EDGE_CURVE ( 'NONE', #3015, #4268, #2638, .T. ) ;
#477 = EDGE_CURVE ( 'NONE', #882, #238, #4060, .T. ) ;
#478 = VERTEX_POINT ( 'NONE', #1919 ) ;
#479 = EDGE_CURVE ( 'NONE', #3254, #2408, #185, .T. ) ;
#480 = CARTESIAN_POINT ( 'NONE',  ( 0.5675126386054000216, 2.600000000000000533, 1.746624304975000097 ) ) ;
#481 = CARTESIAN_POINT ( 'NONE',  ( 0.000000000000000000, 0.000000000000000000, 0.000000000000000000 ) ) ;
#482 = LINE ( 'NONE', #3238, #2864 ) ;
#483 = VECTOR ( 'NONE', #4343, 1000.000000000000114 ) ;
#484 = EDGE_CURVE ( 'NONE', #2003, #3999, #4306, .T. ) ;
#485 = EDGE_LOOP ( 'NONE', ( #3463, #3593, #3913, #3846, #1153, #543, #2232, #1544, #3429, #2631, #287, #1063, #846, #2708, #3825, #4122, #800, #1234, #2823, #1512, #944, #2466, #2614, #3525, #1955, #4059, #147, #197, #4104, #2016, #1658, #528, #2085, #699, #2086, #808, #1925, #4349, #3887, #3475, #161, #1472, #3669, #4063, #1994, #2752, #3472, #824, #3857, #3000, #3756, #1228, #3830, #3742, #4148, #608, #2740, #1719, #79, #794 ) ) ;
#486 = EDGE_CURVE ( 'NONE', #1525, #3189, #2739, .T. ) ;
#487 = DIRECTION ( 'NONE',  ( -0.02617694830783610926, 0.000000000000000000, 0.9996573249755582591 ) ) ;
#488 = AXIS2_PLACEMENT_3D ( 'NONE', #2210, #2567, #429 ) ;
#489 = CARTESIAN_POINT ( 'NONE',  ( -1.727480542076136105, 3.299999999999999822, 1.007874484619959876 ) ) ;
#490 = AXIS2_PLACEMENT_3D ( 'NONE', #732, #2812, #105 ) ;
#491 = AXIS2_PLACEMENT_3D ( 'NONE', #1522, #4250, #2903 ) ;
#492 = EDGE_LOOP ( 'NONE', ( #3361, #2084, #908, #1788 ) ) ;
#493 = VECTOR ( 'NONE', #1412, 1000.000000000000114 ) ;
#494 = VECTOR ( 'NONE', #3191, 1000.000000000000000 ) ;
#495 = LINE ( 'NONE', #1554, #1795 ) ;
#496 = DIRECTION ( 'NONE',  ( 0.000000000000000000, -1.000000000000000000, 0.000000000000000000 ) ) ;
#497 = VECTOR ( 'NONE', #771, 1000.000000000000114 ) ;
#498 = CIRCLE ( 'NONE', #1067, 2.000000000000000000 ) ;
#499 = VERTEX_POINT ( 'NONE', #3749 ) ;
#500 = CIRCLE ( 'NONE', #2080, 2.000000000000000000 ) ;
#501 = DIRECTION ( 'NONE',  ( -0.000000000000000000, 1.000000000000000000, -0.000000000000000000 ) ) ;
#502 = DIRECTION ( 'NONE',  ( 0.6087614290087246527, 0.000000000000000000, 0.7933533402912321675 ) ) ;
#503 = DIRECTION ( 'NONE',  ( -0.3338068592337899987, 0.000000000000000000, -0.9426414910921715462 ) ) ;
#504 = ORIENTED_EDGE ( 'NONE', *, *, #1561, .T. ) ;
#505 = AXIS2_PLACEMENT_3D ( 'NONE', #457, #836, #2172 ) ;
#506 = ORIENTED_EDGE ( 'NONE', *, *, #3203, .T. ) ;
#507 = DIRECTION ( 'NONE',  ( 0.000000000000000000, 0.000000000000000000, -1.000000000000000000 ) ) ;
#508 = DIRECTION ( 'NONE',  ( -0.02617694830783610926, 0.000000000000000000, -0.9996573249755582591 ) ) ;
#509 = PLANE ( 'NONE',  #3433 ) ;
#510 = CARTESIAN_POINT ( 'NONE',  ( -0.8051473577701471207, 0.000000000000000000, 1.830775172509107040 ) ) ;
#511 = ORIENTED_EDGE ( 'NONE', *, *, #3954, .F. ) ;
#512 = DIRECTION ( 'NONE',  ( -1.953992523340275511E-14, 0.000000000000000000, -1.000000000000000000 ) ) ;
#513 = LINE ( 'NONE', #1527, #3174 ) ;
#514 = EDGE_CURVE ( 'NONE', #3769, #1143, #4109, .T. ) ;
#515 = ADVANCED_FACE ( 'NONE', ( #2697 ), #680, .F. ) ;
#516 = EDGE_CURVE ( 'NONE', #2180, #1268, #663, .T. ) ;
#517 = ORIENTED_EDGE ( 'NONE', *, *, #1290, .T. ) ;
#518 = ORIENTED_EDGE ( 'NONE', *, *, #397, .F. ) ;
#519 = DIRECTION ( 'NONE',  ( 0.000000000000000000, 0.000000000000000000, -1.000000000000000000 ) ) ;
#520 = DIRECTION ( 'NONE',  ( 0.9426414910921715462, 0.000000000000000000, 0.3338068592337899987 ) ) ;
#521 = VECTOR ( 'NONE', #2230, 1000.000000000000114 ) ;
#522 = ORIENTED_EDGE ( 'NONE', *, *, #1614, .F. ) ;
#523 = DIRECTION ( 'NONE',  ( -0.000000000000000000, 1.000000000000000000, -0.000000000000000000 ) ) ;
#524 = DIRECTION ( 'NONE',  ( 0.000000000000000000, 0.000000000000000000, -1.000000000000000000 ) ) ;
#525 = DIRECTION ( 'NONE',  ( -0.9588197348681997134, 0.000000000000000000, -0.2840153447038998857 ) ) ;
#526 = FACE_OUTER_BOUND ( 'NONE', #2894, .T. ) ;
#527 = ORIENTED_EDGE ( 'NONE', *, *, #2486, .T. ) ;
#528 = ORIENTED_EDGE ( 'NONE', *, *, #1423, .T. ) ;
#529 = CARTESIAN_POINT ( 'NONE',  ( -0.8051473577702040751, 1.600000000000000089, 1.830775172509081949 ) ) ;
#530 = CARTESIAN_POINT ( 'NONE',  ( -0.5675126386053581662, 1.600000000000000089, -1.746624304974971231 ) ) ;
#531 = DIRECTION ( 'NONE',  ( 0.9426414910925988710, 0.000000000000000000, 0.3338068592325834083 ) ) ;
#532 = PLANE ( 'NONE',  #1284 ) ;
#533 = ORIENTED_EDGE ( 'NONE', *, *, #1471, .T. ) ;
#534 = CARTESIAN_POINT ( 'NONE',  ( -1.485767376914000071, 0.000000000000000000, 1.079473186051000289 ) ) ;
#535 = CARTESIAN_POINT ( 'NONE',  ( 1.331481282370202024, 0.8000000000000000444, -1.492366441159074686 ) ) ;
#536 = ORIENTED_EDGE ( 'NONE', *, *, #3384, .T. ) ;
#537 = EDGE_CURVE ( 'NONE', #4392, #3373, #1700, .T. ) ;
#538 = ORIENTED_EDGE ( 'NONE', *, *, #1749, .F. ) ;
#539 = EDGE_CURVE ( 'NONE', #1981, #2616, #2662, .T. ) ;
#540 = DIRECTION ( 'NONE',  ( 0.000000000000000000, 0.000000000000000000, -1.000000000000000000 ) ) ;
#541 = EDGE_CURVE ( 'NONE', #1519, #4033, #2299, .T. ) ;
#542 = LINE ( 'NONE', #667, #985 ) ;
#543 = ORIENTED_EDGE ( 'NONE', *, *, #3027, .T. ) ;
#544 = LINE ( 'NONE', #3988, #3587 ) ;
#545 = DIRECTION ( 'NONE',  ( -0.000000000000000000, -1.000000000000000000, -0.000000000000000000 ) ) ;
#546 = EDGE_CURVE ( 'NONE', #2999, #1739, #2375, .T. ) ;
#547 = LINE ( 'NONE', #966, #3734 ) ;
#548 = LINE ( 'NONE', #1333, #2287 ) ;
#549 = CARTESIAN_POINT ( 'NONE',  ( 0.000000000000000000, 0.000000000000000000, 0.000000000000000000 ) ) ;
#550 = ORIENTED_EDGE ( 'NONE', *, *, #72, .F. ) ;
#551 = ORIENTED_EDGE ( 'NONE', *, *, #2580, .T. ) ;
#552 = CARTESIAN_POINT ( 'NONE',  ( 1.989974874212999900, 0.000000000000000000, 0.2000000000000000111 ) ) ;
#553 = CARTESIAN_POINT ( 'NONE',  ( -1.331481282369999963, 0.8000000000000000444, -1.492366441159000079 ) ) ;
#554 = VERTEX_POINT ( 'NONE', #2313 ) ;
#555 = FACE_OUTER_BOUND ( 'NONE', #3924, .T. ) ;
#556 = CARTESIAN_POINT ( 'NONE',  ( 1.007874484620097988, 0.000000000000000000, 1.727480542076168524 ) ) ;
#557 = ORIENTED_EDGE ( 'NONE', *, *, #3245, .T. ) ;
#558 = LINE ( 'NONE', #1242, #64 ) ;
#559 = CIRCLE ( 'NONE', #3863, 2.000000000000000000 ) ;
#560 = VECTOR ( 'NONE', #1861, 1000.000000000000227 ) ;
#561 = EDGE_CURVE ( 'NONE', #2539, #2586, #1633, .T. ) ;
#562 = AXIS2_PLACEMENT_3D ( 'NONE', #1603, #3362, #3969 ) ;
#563 = EDGE_LOOP ( 'NONE', ( #886, #3964, #2335, #458 ) ) ;
#564 = EDGE_CURVE ( 'NONE', #2889, #4149, #3071, .T. ) ;
#565 = DIRECTION ( 'NONE',  ( 0.000000000000000000, 0.000000000000000000, -1.000000000000000000 ) ) ;
#566 = VECTOR ( 'NONE', #1886, 1000.000000000000114 ) ;
#567 = AXIS2_PLACEMENT_3D ( 'NONE', #970, #578, #3368 ) ;
#568 = CIRCLE ( 'NONE', #3083, 1.500000000000000000 ) ;
#569 = CARTESIAN_POINT ( 'NONE',  ( 1.746624304975000097, 2.600000000000000533, -0.5675126386054000216 ) ) ;
#570 = VECTOR ( 'NONE', #318, 1000.000000000000114 ) ;
#571 = EDGE_CURVE ( 'NONE', #4206, #3151, #646, .T. ) ;
#572 = AXIS2_PLACEMENT_3D ( 'NONE', #1897, #2911, #2633 ) ;
#573 = EDGE_CURVE ( 'NONE', #2236, #1389, #2394, .T. ) ;
#574 = ORIENTED_EDGE ( 'NONE', *, *, #2974, .F. ) ;
#575 = ORIENTED_EDGE ( 'NONE', *, *, #1022, .T. ) ;
#576 = CARTESIAN_POINT ( 'NONE',  ( -1.727480542075999992, 0.000000000000000000, 1.007874484620000066 ) ) ;
#577 = ORIENTED_EDGE ( 'NONE', *, *, #1317, .F. ) ;
#578 = DIRECTION ( 'NONE',  ( 0.9588197348681998244, 0.000000000000000000, -0.2840153447038999412 ) ) ;
#579 = CARTESIAN_POINT ( 'NONE',  ( 0.2000000000001381228, 3.299999999999999822, -1.989974874213106260 ) ) ;
#580 = VECTOR ( 'NONE', #2874, 1000.000000000000114 ) ;
#581 = ORIENTED_EDGE ( 'NONE', *, *, #670, .F. ) ;
#582 = CARTESIAN_POINT ( 'NONE',  ( 1.836509476617043335, 0.8000000000000000444, -3.324217003954292092E-14 ) ) ;
#583 = DIRECTION ( 'NONE',  ( 0.7933533402912321675, 0.000000000000000000, 0.6087614290087246527 ) ) ;
#584 = ORIENTED_EDGE ( 'NONE', *, *, #453, .F. ) ;
#585 = ORIENTED_EDGE ( 'NONE', *, *, #619, .T. ) ;
#586 = LINE ( 'NONE', #4327, #2954 ) ;
#587 = EDGE_LOOP ( 'NONE', ( #1730, #2561, #3005, #29 ) ) ;
#588 = CARTESIAN_POINT ( 'NONE',  ( -1.954381970259000179, 2.600000000000000533, 0.4247247512519999879 ) ) ;
#589 = DIRECTION ( 'NONE',  ( -0.3338068592337899987, 0.000000000000000000, 0.9426414910921715462 ) ) ;
#590 = VECTOR ( 'NONE', #1044, 1000.000000000000114 ) ;
#591 = PLANE ( 'NONE',  #2648 ) ;
#592 = ORIENTED_EDGE ( 'NONE', *, *, #4119, .T. ) ;
#593 = ORIENTED_EDGE ( 'NONE', *, *, #1805, .F. ) ;
#594 = VECTOR ( 'NONE', #2482, 1000.000000000000114 ) ;
#595 = EDGE_CURVE ( 'NONE', #2487, #4325, #3054, .T. ) ;
#596 = DIRECTION ( 'NONE',  ( 0.000000000000000000, -1.000000000000000000, 0.000000000000000000 ) ) ;
#597 = ORIENTED_EDGE ( 'NONE', *, *, #4258, .T. ) ;
#598 = DIRECTION ( 'NONE',  ( -0.2840153447039865942, 0.000000000000000000, -0.9588197348681741783 ) ) ;
#599 = CARTESIAN_POINT ( 'NONE',  ( 1.079473186051000289, 0.000000000000000000, 1.485767376914000071 ) ) ;
#600 = EDGE_CURVE ( 'NONE', #2360, #1971, #602, .T. ) ;
#601 = EDGE_CURVE ( 'NONE', #2829, #4246, #2868, .T. ) ;
#602 = LINE ( 'NONE', #622, #4374 ) ;
#603 = ORIENTED_EDGE ( 'NONE', *, *, #484, .T. ) ;
#604 = LINE ( 'NONE', #2315, #1654 ) ;
#605 = CARTESIAN_POINT ( 'NONE',  ( 0.000000000000000000, 0.2999999999999999334, 0.000000000000000000 ) ) ;
#606 = ORIENTED_EDGE ( 'NONE', *, *, #2108, .F. ) ;
#607 = CARTESIAN_POINT ( 'NONE',  ( 0.000000000000000000, 2.600000000000000533, 0.000000000000000000 ) ) ;
#608 = ORIENTED_EDGE ( 'NONE', *, *, #244, .T. ) ;
#609 = CARTESIAN_POINT ( 'NONE',  ( -1.485767376914000071, 1.600000000000000089, 1.079473186051000289 ) ) ;
#610 = VERTEX_POINT ( 'NONE', #3411 ) ;
#611 = DIRECTION ( 'NONE',  ( 0.000000000000000000, -1.000000000000000000, -0.000000000000000000 ) ) ;
#612 = CARTESIAN_POINT ( 'NONE',  ( 0.000000000000000000, 0.000000000000000000, 0.000000000000000000 ) ) ;
#613 = DIRECTION ( 'NONE',  ( -0.02617694830786888166, 0.000000000000000000, 0.9996573249755573709 ) ) ;
#614 = ORIENTED_EDGE ( 'NONE', *, *, #1999, .F. ) ;
#615 = ORIENTED_EDGE ( 'NONE', *, *, #339, .F. ) ;
#616 = DIRECTION ( 'NONE',  ( 0.000000000000000000, 0.000000000000000000, -1.000000000000000000 ) ) ;
#617 = DIRECTION ( 'NONE',  ( 0.8241261886220260235, 0.000000000000000000, 0.5664062369248178408 ) ) ;
#618 = CARTESIAN_POINT ( 'NONE',  ( -0.4247247512520139767, 0.8000000000000000444, 1.954381970259114976 ) ) ;
#619 = EDGE_CURVE ( 'NONE', #4081, #1623, #1127, .T. ) ;
#620 = EDGE_CURVE ( 'NONE', #1177, #2684, #3771, .T. ) ;
#621 = ADVANCED_FACE ( 'NONE', ( #259 ), #3013, .F. ) ;
#622 = CARTESIAN_POINT ( 'NONE',  ( 1.746624304975000097, 0.8000000000000000444, -0.5675126386054000216 ) ) ;
#623 = ORIENTED_EDGE ( 'NONE', *, *, #2078, .F. ) ;
#624 = CARTESIAN_POINT ( 'NONE',  ( 1.492366441159007850, 1.600000000000000089, -1.331481282370138741 ) ) ;
#625 = DIRECTION ( 'NONE',  ( -0.000000000000000000, -1.000000000000000000, -0.000000000000000000 ) ) ;
#626 = CARTESIAN_POINT ( 'NONE',  ( 1.079473186051000289, 2.600000000000000977, -1.485767376914000071 ) ) ;
#627 = ADVANCED_FACE ( 'NONE', ( #4051 ), #288, .T. ) ;
#628 = VERTEX_POINT ( 'NONE', #1036 ) ;
#629 = CARTESIAN_POINT ( 'NONE',  ( -1.079473186050992961, 0.8000000000000002665, -1.485767376913997850 ) ) ;
#630 = ORIENTED_EDGE ( 'NONE', *, *, #125, .T. ) ;
#631 = DIRECTION ( 'NONE',  ( -0.000000000000000000, 1.000000000000000000, -0.000000000000000000 ) ) ;
#632 = VECTOR ( 'NONE', #1175, 1000.000000000000000 ) ;
#633 = CARTESIAN_POINT ( 'NONE',  ( 1.331481282370202024, 1.600000000000000089, -1.492366441159074686 ) ) ;
#634 = DIRECTION ( 'NONE',  ( 0.000000000000000000, -1.000000000000000000, 0.000000000000000000 ) ) ;
#635 = VECTOR ( 'NONE', #3856, 1000.000000000000000 ) ;
#636 = CIRCLE ( 'NONE', #3144, 2.000000000000000000 ) ;
#637 = ORIENTED_EDGE ( 'NONE', *, *, #546, .T. ) ;
#638 = VERTEX_POINT ( 'NONE', #3524 ) ;
#639 = VECTOR ( 'NONE', #172, 1000.000000000000114 ) ;
#640 = VECTOR ( 'NONE', #746, 1000.000000000000227 ) ;
#641 = CARTESIAN_POINT ( 'NONE',  ( 1.492366441159141965, 0.000000000000000000, 1.331481282370126973 ) ) ;
#642 = FACE_OUTER_BOUND ( 'NONE', #587, .T. ) ;
#644 = CARTESIAN_POINT ( 'NONE',  ( 0.000000000000000000, 0.8000000000000000444, 0.000000000000000000 ) ) ;
#643 = AXIS2_PLACEMENT_3D ( 'NONE', #2303, #4373, #2014 ) ;
#645 = VECTOR ( 'NONE', #2492, 1000.000000000000114 ) ;
#646 = LINE ( 'NONE', #996, #2000 ) ;
#647 = EDGE_LOOP ( 'NONE', ( #165, #504, #1553, #623 ) ) ;
#648 = DIRECTION ( 'NONE',  ( 0.02617694830786888513, 0.000000000000000000, -0.9996573249755574819 ) ) ;
#649 = LINE ( 'NONE', #3668, #2756 ) ;
#650 = FACE_OUTER_BOUND ( 'NONE', #3979, .T. ) ;
#651 = ORIENTED_EDGE ( 'NONE', *, *, #1281, .F. ) ;
#652 = EDGE_CURVE ( 'NONE', #3454, #3102, #2760, .T. ) ;
#653 = CARTESIAN_POINT ( 'NONE',  ( -0.4247247512519635726, 3.299999999999999822, 1.954381970259129853 ) ) ;
#654 = EDGE_CURVE ( 'NONE', #2487, #3560, #4085, .T. ) ;
#655 = EDGE_CURVE ( 'NONE', #478, #628, #50, .T. ) ;
#656 = ORIENTED_EDGE ( 'NONE', *, *, #1920, .T. ) ;
#657 = LINE ( 'NONE', #3715, #1945 ) ;
#658 = DIRECTION ( 'NONE',  ( 0.3338068592337899987, 0.000000000000000000, -0.9426414910921715462 ) ) ;
#659 = ORIENTED_EDGE ( 'NONE', *, *, #728, .T. ) ;
#660 = DIRECTION ( 'NONE',  ( 0.000000000000000000, 0.000000000000000000, -1.000000000000000000 ) ) ;
#661 = FACE_OUTER_BOUND ( 'NONE', #3365, .T. ) ;
#662 = VECTOR ( 'NONE', #2537, 1000.000000000000000 ) ;
#663 = LINE ( 'NONE', #4090, #1850 ) ;
#664 = VERTEX_POINT ( 'NONE', #3127 ) ;
#665 = LINE ( 'NONE', #2677, #3380 ) ;
#666 = FACE_OUTER_BOUND ( 'NONE', #4334, .T. ) ;
#667 = CARTESIAN_POINT ( 'NONE',  ( -1.007874484620000066, 2.600000000000000977, -1.727480542075999992 ) ) ;
#668 = ORIENTED_EDGE ( 'NONE', *, *, #516, .T. ) ;
#669 = DIRECTION ( 'NONE',  ( 0.000000000000000000, -1.000000000000000000, 0.000000000000000000 ) ) ;
#670 = EDGE_CURVE ( 'NONE', #3538, #2111, #1383, .T. ) ;
#671 = ORIENTED_EDGE ( 'NONE', *, *, #2350, .F. ) ;
#672 = FACE_BOUND ( 'NONE', #1590, .T. ) ;
#673 = EDGE_CURVE ( 'NONE', #4127, #988, #3224, .T. ) ;
#674 = CARTESIAN_POINT ( 'NONE',  ( 1.836509476617129932, 0.000000000000000000, -9.963817965141785749E-14 ) ) ;
#675 = VERTEX_POINT ( 'NONE', #2025 ) ;
#676 = DIRECTION ( 'NONE',  ( 0.000000000000000000, 0.000000000000000000, -1.000000000000000000 ) ) ;
#677 = DIRECTION ( 'NONE',  ( -0.5664062369248178408, 0.000000000000000000, 0.8241261886220260235 ) ) ;
#678 = ORIENTED_EDGE ( 'NONE', *, *, #1893, .F. ) ;
#679 = ORIENTED_EDGE ( 'NONE', *, *, #1235, .F. ) ;
#680 = PLANE ( 'NONE',  #692 ) ;
#681 = EDGE_LOOP ( 'NONE', ( #2380, #3816, #4429, #1270, #786, #864, #522, #310, #1665, #4404, #1977, #235, #294, #678, #3815, #4333, #2094, #593, #755, #3446, #1815, #1983, #1370, #3111, #1764, #3912, #1335, #1112, #4281, #2906, #1940, #330, #2574, #3968, #1238, #3635, #3683, #3201, #1082, #2254, #3680, #1459, #3339, #66, #3902, #3909, #1224, #3322, #2540, #2943, #761, #430, #887, #2009, #2296, #874, #969, #2196, #4356, #2738 ) ) ;
#682 = CARTESIAN_POINT ( 'NONE',  ( -1.492366441159000079, 0.000000000000000000, -1.331481282369999963 ) ) ;
#683 = DIRECTION ( 'NONE',  ( -0.6087614290092395741, 0.000000000000000000, 0.7933533402908369281 ) ) ;
#684 = CARTESIAN_POINT ( 'NONE',  ( 0.8051473577702040751, 0.8000000000000000444, -1.830775172509081949 ) ) ;
#685 = ORIENTED_EDGE ( 'NONE', *, *, #3405, .F. ) ;
#686 = PLANE ( 'NONE',  #210 ) ;
#687 = CARTESIAN_POINT ( 'NONE',  ( -1.989974874212870226, 0.000000000000000000, 0.2000000000000997369 ) ) ;
#688 = ORIENTED_EDGE ( 'NONE', *, *, #3212, .F. ) ;
#689 = DIRECTION ( 'NONE',  ( -0.9588197348681998244, 0.000000000000000000, -0.2840153447038999412 ) ) ;
#690 = EDGE_CURVE ( 'NONE', #878, #1177, #2002, .T. ) ;
#691 = CARTESIAN_POINT ( 'NONE',  ( 1.746624304975000097, 0.8000000000000000444, 0.5675126386054000216 ) ) ;
#692 = AXIS2_PLACEMENT_3D ( 'NONE', #4029, #957, #3687 ) ;
#693 = ORIENTED_EDGE ( 'NONE', *, *, #595, .T. ) ;
#694 = AXIS2_PLACEMENT_3D ( 'NONE', #3886, #2178, #3552 ) ;
#695 = DIRECTION ( 'NONE',  ( 0.3338068592325834083, 0.000000000000000000, -0.9426414910925988710 ) ) ;
#696 = AXIS2_PLACEMENT_3D ( 'NONE', #644, #2992, #1953 ) ;
#697 = ADVANCED_FACE ( 'NONE', ( #2766 ), #1982, .F. ) ;
#698 = EDGE_CURVE ( 'NONE', #115, #2236, #3711, .T. ) ;
#699 = ORIENTED_EDGE ( 'NONE', *, *, #2271, .T. ) ;
#700 = ORIENTED_EDGE ( 'NONE', *, *, #3048, .F. ) ;
#701 = AXIS2_PLACEMENT_3D ( 'NONE', #534, #1550, #3622 ) ;
#702 = VECTOR ( 'NONE', #3652, 1000.000000000000114 ) ;
#703 = VERTEX_POINT ( 'NONE', #3209 ) ;
#704 = CARTESIAN_POINT ( 'NONE',  ( -1.830775172509082172, 0.8000000000000000444, -0.8051473577702036311 ) ) ;
#705 = CARTESIAN_POINT ( 'NONE',  ( -1.836509476617000036, 3.299999999999999822, 0.000000000000000000 ) ) ;
#706 = CIRCLE ( 'NONE', #3591, 2.000000000000000000 ) ;
#707 = AXIS2_PLACEMENT_3D ( 'NONE', #4345, #4031, #4430 ) ;
#708 = FACE_OUTER_BOUND ( 'NONE', #160, .T. ) ;
#709 = CARTESIAN_POINT ( 'NONE',  ( -0.8051473577701266926, 0.8000000000000000444, -1.830775172509180537 ) ) ;
#710 = VECTOR ( 'NONE', #811, 1000.000000000000000 ) ;
#711 = VERTEX_POINT ( 'NONE', #2857 ) ;
#712 = DIRECTION ( 'NONE',  ( 0.000000000000000000, -1.000000000000000000, 0.000000000000000000 ) ) ;
#713 = AXIS2_PLACEMENT_3D ( 'NONE', #1342, #2352, #937 ) ;
#714 = DIRECTION ( 'NONE',  ( 0.5664062369248178408, 0.000000000000000000, 0.8241261886220260235 ) ) ;
#715 = EDGE_LOOP ( 'NONE', ( #3577, #3021, #106, #2469 ) ) ;
#716 = VERTEX_POINT ( 'NONE', #1158 ) ;
#717 = LINE ( 'NONE', #4123, #865 ) ;
#718 = AXIS2_PLACEMENT_3D ( 'NONE', #4139, #689, #3106 ) ;
#719 = DIRECTION ( 'NONE',  ( 0.000000000000000000, 0.000000000000000000, -1.000000000000000000 ) ) ;
#720 = ORIENTED_EDGE ( 'NONE', *, *, #1675, .F. ) ;
#721 = DIRECTION ( 'NONE',  ( 0.7933533402912321675, 0.000000000000000000, -0.6087614290087246527 ) ) ;
#722 = ORIENTED_EDGE ( 'NONE', *, *, #1748, .F. ) ;
#723 = EDGE_LOOP ( 'NONE', ( #2830, #2967, #1415, #2310 ) ) ;
#724 = EDGE_CURVE ( 'NONE', #2670, #3538, #1069, .T. ) ;
#725 = DIRECTION ( 'NONE',  ( 0.000000000000000000, -1.000000000000000000, 0.000000000000000000 ) ) ;
#726 = ADVANCED_FACE ( 'NONE', ( #2625 ), #3998, .F. ) ;
#727 = ORIENTED_EDGE ( 'NONE', *, *, #1317, .T. ) ;
#728 = EDGE_CURVE ( 'NONE', #3168, #1981, #845, .T. ) ;
#729 = CARTESIAN_POINT ( 'NONE',  ( 0.4247247512519637391, 1.600000000000000089, 1.954381970259129853 ) ) ;
#730 = CARTESIAN_POINT ( 'NONE',  ( -1.746624304974971231, 0.8000000000000000444, 0.5675126386053581662 ) ) ;
#731 = DIRECTION ( 'NONE',  ( 0.000000000000000000, 0.000000000000000000, -1.000000000000000000 ) ) ;
#732 = CARTESIAN_POINT ( 'NONE',  ( 0.000000000000000000, 0.8000000000000000444, 0.000000000000000000 ) ) ;
#733 = AXIS2_PLACEMENT_3D ( 'NONE', #2419, #86, #4183 ) ;
#734 = EDGE_LOOP ( 'NONE', ( #4300, #1197, #3325, #1125 ) ) ;
#735 = CARTESIAN_POINT ( 'NONE',  ( 1.007874484620000066, 0.000000000000000000, 1.727480542075999992 ) ) ;
#736 = DIRECTION ( 'NONE',  ( 0.000000000000000000, 0.000000000000000000, -1.000000000000000000 ) ) ;
#737 = ORIENTED_EDGE ( 'NONE', *, *, #2168, .T. ) ;
#738 = CARTESIAN_POINT ( 'NONE',  ( -1.007874484619970534, 0.8000000000000000444, 1.727480542076139436 ) ) ;
#739 = LINE ( 'NONE', #2073, #4310 ) ;
#740 = CARTESIAN_POINT ( 'NONE',  ( 0.000000000000000000, 3.299999999999999822, 1.836509476617000036 ) ) ;
#741 = ORIENTED_EDGE ( 'NONE', *, *, #901, .F. ) ;
#742 = LINE ( 'NONE', #4146, #3941 ) ;
#743 = CARTESIAN_POINT ( 'NONE',  ( 1.830775172509304438, 0.000000000000000000, -0.8051473577699924666 ) ) ;
#744 = ORIENTED_EDGE ( 'NONE', *, *, #300, .T. ) ;
#745 = EDGE_LOOP ( 'NONE', ( #2393, #3883, #3277, #1641 ) ) ;
#746 = DIRECTION ( 'NONE',  ( -0.7933533402908369281, 0.000000000000000000, 0.6087614290092395741 ) ) ;
#747 = VERTEX_POINT ( 'NONE', #4359 ) ;
#748 = DIRECTION ( 'NONE',  ( 0.000000000000000000, -1.000000000000000000, 0.000000000000000000 ) ) ;
#749 = DIRECTION ( 'NONE',  ( 0.9996573249755573709, 0.000000000000000000, -0.02617694830786888166 ) ) ;
#750 = FACE_OUTER_BOUND ( 'NONE', #3331, .T. ) ;
#751 = ADVANCED_FACE ( 'NONE', ( #241 ), #1615, .F. ) ;
#752 = CARTESIAN_POINT ( 'NONE',  ( -1.746624304975000097, 1.600000000000000089, 0.5675126386054000216 ) ) ;
#753 = DIRECTION ( 'NONE',  ( 0.000000000000000000, -1.000000000000000000, 0.000000000000000000 ) ) ;
#754 = ADVANCED_FACE ( 'NONE', ( #3620 ), #532, .F. ) ;
#755 = ORIENTED_EDGE ( 'NONE', *, *, #1946, .F. ) ;
#756 = DIRECTION ( 'NONE',  ( 0.000000000000000000, 0.000000000000000000, -1.000000000000000000 ) ) ;
#757 = CARTESIAN_POINT ( 'NONE',  ( -1.331481282369999963, 0.000000000000000000, 1.492366441159000079 ) ) ;
#758 = EDGE_CURVE ( 'NONE', #3343, #2445, #4296, .T. ) ;
#759 = ADVANCED_FACE ( 'NONE', ( #949 ), #303, .T. ) ;
#760 = ORIENTED_EDGE ( 'NONE', *, *, #2694, .F. ) ;
#761 = ORIENTED_EDGE ( 'NONE', *, *, #477, .F. ) ;
#762 = DIRECTION ( 'NONE',  ( -0.000000000000000000, -1.000000000000000000, 0.000000000000000000 ) ) ;
#763 = CARTESIAN_POINT ( 'NONE',  ( 1.746624304975000097, 1.600000000000000089, 0.5675126386054000216 ) ) ;
#764 = CARTESIAN_POINT ( 'NONE',  ( 0.000000000000000000, 5.684341886080801487E-11, 0.000000000000000000 ) ) ;
#765 = ORIENTED_EDGE ( 'NONE', *, *, #1974, .T. ) ;
#766 = LINE ( 'NONE', #1782, #1784 ) ;
#767 = DIRECTION ( 'NONE',  ( -0.000000000000000000, -1.000000000000000000, -0.000000000000000000 ) ) ;
#768 = ORIENTED_EDGE ( 'NONE', *, *, #431, .F. ) ;
#769 = ORIENTED_EDGE ( 'NONE', *, *, #3092, .F. ) ;
#770 = EDGE_LOOP ( 'NONE', ( #3346, #2942, #3699, #1287 ) ) ;
#771 = DIRECTION ( 'NONE',  ( 0.5664062369253162199, 0.000000000000000000, -0.8241261886216834087 ) ) ;
#772 = VECTOR ( 'NONE', #3879, 1000.000000000000000 ) ;
#774 = CARTESIAN_POINT ( 'NONE',  ( 1.989974874212999900, 2.600000000000000533, 0.2000000000000000111 ) ) ;
#773 = CIRCLE ( 'NONE', #3011, 2.000000000000000000 ) ;
#775 = CARTESIAN_POINT ( 'NONE',  ( -1.007874484620000066, 1.600000000000000089, 1.727480542075999992 ) ) ;
#776 = VECTOR ( 'NONE', #3424, 1000.000000000000114 ) ;
#777 = VECTOR ( 'NONE', #2712, 1000.000000000000000 ) ;
#778 = ORIENTED_EDGE ( 'NONE', *, *, #3459, .F. ) ;
#779 = VECTOR ( 'NONE', #598, 1000.000000000000114 ) ;
#780 = CARTESIAN_POINT ( 'NONE',  ( 0.000000000000000000, 3.299999999999999822, 0.000000000000000000 ) ) ;
#781 = VECTOR ( 'NONE', #3760, 1000.000000000000114 ) ;
#782 = CARTESIAN_POINT ( 'NONE',  ( -0.8051473577701000472, 1.600000000000000089, -1.830775172509000015 ) ) ;
#783 = VECTOR ( 'NONE', #2407, 1000.000000000000227 ) ;
#784 =( NAMED_UNIT ( * ) PLANE_ANGLE_UNIT ( ) SI_UNIT ( $, .RADIAN. ) );
#785 = AXIS2_PLACEMENT_3D ( 'NONE', #3268, #2298, #3287 ) ;
#786 = ORIENTED_EDGE ( 'NONE', *, *, #2168, .F. ) ;
#787 = ADVANCED_FACE ( 'NONE', ( #3633 ), #4062, .T. ) ;
#788 = EDGE_CURVE ( 'NONE', #1330, #3468, #548, .T. ) ;
#789 = DIRECTION ( 'NONE',  ( -0.000000000000000000, 1.000000000000000000, -0.000000000000000000 ) ) ;
#790 = ADVANCED_FACE ( 'NONE', ( #4043 ), #2279, .F. ) ;
#791 = DIRECTION ( 'NONE',  ( 0.000000000000000000, -1.000000000000000000, 0.000000000000000000 ) ) ;
#792 = AXIS2_PLACEMENT_3D ( 'NONE', #1709, #1674, #3046 ) ;
#793 = FACE_OUTER_BOUND ( 'NONE', #3323, .T. ) ;
#794 = ORIENTED_EDGE ( 'NONE', *, *, #2824, .T. ) ;
#795 = CARTESIAN_POINT ( 'NONE',  ( -1.954381970259116308, 0.000000000000000000, -0.4247247512520240798 ) ) ;
#796 = CARTESIAN_POINT ( 'NONE',  ( 1.954381970259116308, 0.000000000000000000, -0.4247247512520250234 ) ) ;
#797 = LINE ( 'NONE', #118, #3605 ) ;
#798 = ORIENTED_EDGE ( 'NONE', *, *, #3536, .F. ) ;
#799 = DIRECTION ( 'NONE',  ( -0.000000000000000000, 1.000000000000000000, -0.000000000000000000 ) ) ;
#800 = ORIENTED_EDGE ( 'NONE', *, *, #901, .T. ) ;
#801 = DIRECTION ( 'NONE',  ( -1.598721155460225734E-14, 0.000000000000000000, -1.000000000000000000 ) ) ;
#802 = LINE ( 'NONE', #2244, #1165 ) ;
#803 = FACE_OUTER_BOUND ( 'NONE', #1989, .T. ) ;
#804 = ORIENTED_EDGE ( 'NONE', *, *, #1417, .T. ) ;
#805 = DIRECTION ( 'NONE',  ( -0.000000000000000000, 1.000000000000000000, -0.000000000000000000 ) ) ;
#806 = FACE_OUTER_BOUND ( 'NONE', #3841, .T. ) ;
#807 = AXIS2_PLACEMENT_3D ( 'NONE', #2337, #4390, #1276 ) ;
#808 = ORIENTED_EDGE ( 'NONE', *, *, #4195, .T. ) ;
#809 = AXIS2_PLACEMENT_3D ( 'NONE', #52, #1106, #1019 ) ;
#810 = CARTESIAN_POINT ( 'NONE',  ( -0.4247247512520250790, 0.000000000000000000, 1.954381970259116308 ) ) ;
#811 = DIRECTION ( 'NONE',  ( 0.000000000000000000, -1.000000000000000000, -0.000000000000000000 ) ) ;
#812 = EDGE_CURVE ( 'NONE', #1268, #452, #1605, .T. ) ;
#813 = ORIENTED_EDGE ( 'NONE', *, *, #2490, .T. ) ;
#814 = EDGE_CURVE ( 'NONE', #2209, #2150, #1798, .T. ) ;
#815 = ADVANCED_FACE ( 'NONE', ( #1266 ), #4332, .T. ) ;
#816 = CARTESIAN_POINT ( 'NONE',  ( 1.727480542075999992, 0.000000000000000000, -1.007874484620000066 ) ) ;
#817 = LINE ( 'NONE', #795, #3946 ) ;
#818 = CARTESIAN_POINT ( 'NONE',  ( -1.746624304974695896, 0.000000000000000000, -0.5675126386055077132 ) ) ;
#819 = FACE_OUTER_BOUND ( 'NONE', #1452, .T. ) ;
#820 = ORIENTED_EDGE ( 'NONE', *, *, #2032, .F. ) ;
#821 = ORIENTED_EDGE ( 'NONE', *, *, #265, .T. ) ;
#822 = DIRECTION ( 'NONE',  ( 2.753353101070388220E-14, 0.000000000000000000, -1.000000000000000000 ) ) ;
#823 = CARTESIAN_POINT ( 'NONE',  ( -1.492366441159000079, 2.600000000000000977, -1.331481282369999963 ) ) ;
#824 = ORIENTED_EDGE ( 'NONE', *, *, #1589, .T. ) ;
#825 = CARTESIAN_POINT ( 'NONE',  ( -1.954381970259129853, 0.8000000000000000444, 0.4247247512519642387 ) ) ;
#826 = LINE ( 'NONE', #4431, #372 ) ;
#827 = ORIENTED_EDGE ( 'NONE', *, *, #1976, .T. ) ;
#828 = VERTEX_POINT ( 'NONE', #3678 ) ;
#829 = DIRECTION ( 'NONE',  ( 0.000000000000000000, 1.000000000000000000, 0.000000000000000000 ) ) ;
#830 = DIRECTION ( 'NONE',  ( 0.000000000000000000, -1.000000000000000000, 0.000000000000000000 ) ) ;
#831 = ORIENTED_EDGE ( 'NONE', *, *, #3871, .T. ) ;
#832 = CARTESIAN_POINT ( 'NONE',  ( 1.530808498934191571E-16, 3.299999999999999822, -1.250000000000000000 ) ) ;
#833 = CARTESIAN_POINT ( 'NONE',  ( 1.830775172509180537, 1.600000000000000089, -0.8051473577701266926 ) ) ;
#834 = ADVANCED_FACE ( 'NONE', ( #3364 ), #591, .F. ) ;
#835 = CARTESIAN_POINT ( 'NONE',  ( 1.830775172509028437, 3.300000000000000266, 0.8051473577701805384 ) ) ;
#836 = DIRECTION ( 'NONE',  ( -0.3338068592337900542, 0.000000000000000000, -0.9426414910921716572 ) ) ;
#837 = ORIENTED_EDGE ( 'NONE', *, *, #698, .T. ) ;
#838 = EDGE_CURVE ( 'NONE', #2205, #1102, #2344, .T. ) ;
#839 = EDGE_LOOP ( 'NONE', ( #228, #4099, #2966, #1394 ) ) ;
#840 = CARTESIAN_POINT ( 'NONE',  ( -1.485767376913997184, 0.8000000000000002665, -1.079473186051000289 ) ) ;
#841 = DIRECTION ( 'NONE',  ( -0.000000000000000000, -1.000000000000000000, 0.000000000000000000 ) ) ;
#842 = EDGE_CURVE ( 'NONE', #1623, #4081, #1929, .T. ) ;
#843 = CARTESIAN_POINT ( 'NONE',  ( -1.492366441159007850, 1.600000000000000089, 1.331481282370138741 ) ) ;
#844 = AXIS2_PLACEMENT_3D ( 'NONE', #222, #1294, #2668 ) ;
#845 = LINE ( 'NONE', #510, #4316 ) ;
#846 = ORIENTED_EDGE ( 'NONE', *, *, #1478, .T. ) ;
#847 = CARTESIAN_POINT ( 'NONE',  ( -1.331481282370138741, 0.8000000000000000444, -1.492366441159007850 ) ) ;
#848 = DIRECTION ( 'NONE',  ( -0.5664062369248178408, 0.000000000000000000, -0.8241261886220260235 ) ) ;
#849 = CIRCLE ( 'NONE', #2794, 2.000000000000000000 ) ;
#850 = VECTOR ( 'NONE', #4147, 1000.000000000000227 ) ;
#851 = ORIENTED_EDGE ( 'NONE', *, *, #788, .T. ) ;
#852 = AXIS2_PLACEMENT_3D ( 'NONE', #682, #2060, #1545 ) ;
#853 = VECTOR ( 'NONE', #43, 1000.000000000000227 ) ;
#854 = EDGE_LOOP ( 'NONE', ( #1376, #3614 ) ) ;
#855 = VECTOR ( 'NONE', #658, 1000.000000000000114 ) ;
#856 = LINE ( 'NONE', #1262, #1434 ) ;
#857 = CARTESIAN_POINT ( 'NONE',  ( 0.000000000000000000, 0.8000000000000000444, 0.000000000000000000 ) ) ;
#858 = CIRCLE ( 'NONE', #572, 2.000000000000000000 ) ;
#859 = VECTOR ( 'NONE', #1666, 1000.000000000000000 ) ;
#860 = EDGE_LOOP ( 'NONE', ( #1277, #2095, #1318, #4385 ) ) ;
#861 = LINE ( 'NONE', #1808, #2494 ) ;
#862 = DIRECTION ( 'NONE',  ( 0.000000000000000000, -1.000000000000000000, 0.000000000000000000 ) ) ;
#863 = CARTESIAN_POINT ( 'NONE',  ( 1.836509476617043335, 2.600000000000000533, -3.321272655047261706E-14 ) ) ;
#864 = ORIENTED_EDGE ( 'NONE', *, *, #2605, .F. ) ;
#865 = VECTOR ( 'NONE', #4102, 1000.000000000000000 ) ;
#866 = ORIENTED_EDGE ( 'NONE', *, *, #1954, .T. ) ;
#867 = CARTESIAN_POINT ( 'NONE',  ( -0.5675126386054000216, 0.8000000000000000444, -1.746624304975000097 ) ) ;
#868 = FACE_OUTER_BOUND ( 'NONE', #468, .T. ) ;
#869 = DIRECTION ( 'NONE',  ( 0.000000000000000000, 0.000000000000000000, 1.000000000000000000 ) ) ;
#870 = LINE ( 'NONE', #2246, #3723 ) ;
#871 = EDGE_CURVE ( 'NONE', #1579, #1102, #4214, .T. ) ;
#872 = ADVANCED_FACE ( 'NONE', ( #2500 ), #3199, .F. ) ;
#873 = ADVANCED_FACE ( 'NONE', ( #3971, #117 ), #1517, .T. ) ;
#874 = ORIENTED_EDGE ( 'NONE', *, *, #36, .F. ) ;
#875 = CARTESIAN_POINT ( 'NONE',  ( -2.944348907029933622E-17, 3.299999999999999378, 1.836509476617000036 ) ) ;
#876 = CARTESIAN_POINT ( 'NONE',  ( 2.143131898507868297E-16, 2.600000000000000533, 1.750000000000000000 ) ) ;
#877 = ORIENTED_EDGE ( 'NONE', *, *, #1142, .T. ) ;
#878 = VERTEX_POINT ( 'NONE', #1488 ) ;
#879 = DIRECTION ( 'NONE',  ( 0.000000000000000000, -1.000000000000000000, 0.000000000000000000 ) ) ;
#880 = FACE_OUTER_BOUND ( 'NONE', #3049, .T. ) ;
#881 = CIRCLE ( 'NONE', #4114, 1.250000000000000000 ) ;
#882 = VERTEX_POINT ( 'NONE', #2147 ) ;
#883 = CARTESIAN_POINT ( 'NONE',  ( 1.079473186050978306, 0.000000000000000000, 1.485767376913993632 ) ) ;
#884 = CYLINDRICAL_SURFACE ( 'NONE', #4017, 2.000000000000000000 ) ;
#885 = DIRECTION ( 'NONE',  ( 0.000000000000000000, -1.000000000000000000, 0.000000000000000000 ) ) ;
#886 = ORIENTED_EDGE ( 'NONE', *, *, #1449, .F. ) ;
#887 = ORIENTED_EDGE ( 'NONE', *, *, #2745, .F. ) ;
#888 = FACE_OUTER_BOUND ( 'NONE', #1532, .T. ) ;
#889 = FACE_OUTER_BOUND ( 'NONE', #1211, .T. ) ;
#890 = DIRECTION ( 'NONE',  ( -0.9588197348681997134, 0.000000000000000000, -0.2840153447038998857 ) ) ;
#891 = CARTESIAN_POINT ( 'NONE',  ( 1.954381970259000179, 1.600000000000000089, 0.4247247512519999879 ) ) ;
#892 = VERTEX_POINT ( 'NONE', #1541 ) ;
#893 = DIRECTION ( 'NONE',  ( 0.000000000000000000, 0.000000000000000000, -1.000000000000000000 ) ) ;
#894 = EDGE_CURVE ( 'NONE', #3181, #2423, #2872, .T. ) ;
#895 = PLANE ( 'NONE',  #1243 ) ;
#896 = EDGE_CURVE ( 'NONE', #2047, #4290, #1121, .T. ) ;
#897 = ORIENTED_EDGE ( 'NONE', *, *, #4042, .T. ) ;
#898 = ORIENTED_EDGE ( 'NONE', *, *, #2884, .T. ) ;
#899 = CARTESIAN_POINT ( 'NONE',  ( 0.000000000000000000, 0.8000000000000000444, 0.000000000000000000 ) ) ;
#900 = EDGE_CURVE ( 'NONE', #1971, #2328, #2918, .T. ) ;
#901 = EDGE_CURVE ( 'NONE', #933, #2319, #4286, .T. ) ;
#902 = ORIENTED_EDGE ( 'NONE', *, *, #842, .F. ) ;
#903 = DIRECTION ( 'NONE',  ( 0.000000000000000000, 0.000000000000000000, -1.000000000000000000 ) ) ;
#904 = LINE ( 'NONE', #2097, #2585 ) ;
#905 = EDGE_LOOP ( 'NONE', ( #3895, #1780, #527, #919 ) ) ;
#906 = ORIENTED_EDGE ( 'NONE', *, *, #1613, .T. ) ;
#907 = LINE ( 'NONE', #3658, #206 ) ;
#908 = ORIENTED_EDGE ( 'NONE', *, *, #2028, .T. ) ;
#909 = DIRECTION ( 'NONE',  ( -0.000000000000000000, 1.000000000000000000, -0.000000000000000000 ) ) ;
#910 = DIRECTION ( 'NONE',  ( -0.9588197348681741783, 0.000000000000000000, 0.2840153447039865942 ) ) ;
#911 =( NAMED_UNIT ( * ) SI_UNIT ( $, .STERADIAN. ) SOLID_ANGLE_UNIT ( ) );
#912 = CARTESIAN_POINT ( 'NONE',  ( 1.830775172509000015, 0.000000000000000000, 0.8051473577701000472 ) ) ;
#913 = ORIENTED_EDGE ( 'NONE', *, *, #3296, .T. ) ;
#914 = DIRECTION ( 'NONE',  ( 0.8241261886220260235, 0.000000000000000000, -0.5664062369248178408 ) ) ;
#915 = DIRECTION ( 'NONE',  ( -0.5664062369248178408, 0.000000000000000000, 0.8241261886220260235 ) ) ;
#916 = VERTEX_POINT ( 'NONE', #4244 ) ;
#917 = VECTOR ( 'NONE', #2624, 1000.000000000000000 ) ;
#918 = AXIS2_PLACEMENT_3D ( 'NONE', #1118, #4189, #4265 ) ;
#919 = ORIENTED_EDGE ( 'NONE', *, *, #2083, .T. ) ;
#920 = DIRECTION ( 'NONE',  ( -0.000000000000000000, 1.000000000000000000, -0.000000000000000000 ) ) ;
#921 = AXIS2_PLACEMENT_3D ( 'NONE', #912, #2288, #3573 ) ;
#922 = ORIENTED_EDGE ( 'NONE', *, *, #2483, .T. ) ;
#923 = DIRECTION ( 'NONE',  ( -0.000000000000000000, -1.000000000000000000, -0.000000000000000000 ) ) ;
#924 = AXIS2_PLACEMENT_3D ( 'NONE', #3473, #1761, #1033 ) ;
#925 = EDGE_CURVE ( 'NONE', #3204, #4149, #2721, .T. ) ;
#926 = CIRCLE ( 'NONE', #4026, 2.000000000000000000 ) ;
#927 = AXIS2_PLACEMENT_3D ( 'NONE', #1160, #2536, #512 ) ;
#928 = DIRECTION ( 'NONE',  ( -0.6087614290092395741, 0.000000000000000000, -0.7933533402908369281 ) ) ;
#929 = AXIS2_PLACEMENT_3D ( 'NONE', #1189, #496, #449 ) ;
#930 = ORIENTED_EDGE ( 'NONE', *, *, #3382, .F. ) ;
#931 = ORIENTED_EDGE ( 'NONE', *, *, #1258, .F. ) ;
#932 = LINE ( 'NONE', #641, #3302 ) ;
#933 = VERTEX_POINT ( 'NONE', #3901 ) ;
#934 = CARTESIAN_POINT ( 'NONE',  ( 1.079473186051000289, 3.299999999999999822, -1.485767376914000071 ) ) ;
#935 = LINE ( 'NONE', #3327, #1058 ) ;
#936 = AXIS2_PLACEMENT_3D ( 'NONE', #317, #2404, #333 ) ;
#937 = DIRECTION ( 'NONE',  ( 0.000000000000000000, 0.000000000000000000, -1.000000000000000000 ) ) ;
#938 = EDGE_LOOP ( 'NONE', ( #1, #1466, #270, #3366 ) ) ;
#939 = CARTESIAN_POINT ( 'NONE',  ( -0.5675126386054000216, 0.000000000000000000, 1.746624304975000097 ) ) ;
#940 = DIRECTION ( 'NONE',  ( 0.000000000000000000, -1.000000000000000000, 0.000000000000000000 ) ) ;
#941 = VERTEX_POINT ( 'NONE', #835 ) ;
#942 = VERTEX_POINT ( 'NONE', #3565 ) ;
#943 = FACE_OUTER_BOUND ( 'NONE', #3286, .T. ) ;
#944 = ORIENTED_EDGE ( 'NONE', *, *, #1258, .T. ) ;
#945 = CARTESIAN_POINT ( 'NONE',  ( 0.000000000000000000, 0.000000000000000000, 0.000000000000000000 ) ) ;
#946 = ADVANCED_FACE ( 'NONE', ( #3922 ), #2924, .F. ) ;
#947 = DIRECTION ( 'NONE',  ( 0.000000000000000000, 0.000000000000000000, -1.000000000000000000 ) ) ;
#948 = VECTOR ( 'NONE', #2682, 1000.000000000000000 ) ;
#949 = FACE_OUTER_BOUND ( 'NONE', #2600, .T. ) ;
#950 = EDGE_CURVE ( 'NONE', #942, #467, #2266, .T. ) ;
#951 = VERTEX_POINT ( 'NONE', #1524 ) ;
#952 = ORIENTED_EDGE ( 'NONE', *, *, #3646, .F. ) ;
#953 = AXIS2_PLACEMENT_3D ( 'NONE', #2043, #2700, #4073 ) ;
#954 = CARTESIAN_POINT ( 'NONE',  ( 0.000000000000000000, 1.600000000000000089, 0.000000000000000000 ) ) ;
#955 = CARTESIAN_POINT ( 'NONE',  ( 0.000000000000000000, 0.000000000000000000, 0.000000000000000000 ) ) ;
#956 = ADVANCED_FACE ( 'NONE', ( #1862 ), #1182, .F. ) ;
#957 = DIRECTION ( 'NONE',  ( 0.9588197348681998244, 0.000000000000000000, -0.2840153447038999412 ) ) ;
#958 = ORIENTED_EDGE ( 'NONE', *, *, #2272, .T. ) ;
#959 = CARTESIAN_POINT ( 'NONE',  ( 0.000000000000000000, 0.000000000000000000, -1.836509476617000036 ) ) ;
#960 = DIRECTION ( 'NONE',  ( 0.000000000000000000, 0.000000000000000000, 1.000000000000000000 ) ) ;
#961 = CARTESIAN_POINT ( 'NONE',  ( 0.4247247512520722079, 2.600000000000000533, -1.954381970259106316 ) ) ;
#962 = ORIENTED_EDGE ( 'NONE', *, *, #1003, .T. ) ;
#963 = FACE_OUTER_BOUND ( 'NONE', #2632, .T. ) ;
#964 = ORIENTED_EDGE ( 'NONE', *, *, #3679, .F. ) ;
#965 = CARTESIAN_POINT ( 'NONE',  ( -1.079473186051000289, 1.600000000000000089, -1.485767376914000071 ) ) ;
#966 = CARTESIAN_POINT ( 'NONE',  ( 1.989974874212999900, 1.600000000000000089, -0.2000000000000000111 ) ) ;
#967 = DIRECTION ( 'NONE',  ( 0.7933533402912321675, 0.000000000000000000, 0.6087614290087246527 ) ) ;
#968 = ORIENTED_EDGE ( 'NONE', *, *, #3860, .T. ) ;
#969 = ORIENTED_EDGE ( 'NONE', *, *, #2968, .F. ) ;
#970 = CARTESIAN_POINT ( 'NONE',  ( -1.079473186051000289, 0.000000000000000000, 1.485767376914000071 ) ) ;
#971 = FACE_OUTER_BOUND ( 'NONE', #247, .T. ) ;
#972 = EDGE_CURVE ( 'NONE', #2840, #277, #870, .T. ) ;
#973 = CARTESIAN_POINT ( 'NONE',  ( -1.485767376914000071, 0.8000000000000000444, 1.079473186051000289 ) ) ;
#974 = ADVANCED_FACE ( 'NONE', ( #196 ), #1232, .F. ) ;
#975 = ORIENTED_EDGE ( 'NONE', *, *, #396, .F. ) ;
#976 = EDGE_CURVE ( 'NONE', #2586, #2702, #1315, .T. ) ;
#977 = PLANE ( 'NONE',  #1292 ) ;
#978 = CARTESIAN_POINT ( 'NONE',  ( -0.2000000000000000111, 2.600000000000000533, 1.989974874212999900 ) ) ;
#979 = CARTESIAN_POINT ( 'NONE',  ( 1.485767376914000071, 0.000000000000000000, -1.079473186051000289 ) ) ;
#980 = VERTEX_POINT ( 'NONE', #2817 ) ;
#981 = CARTESIAN_POINT ( 'NONE',  ( -1.007874484619970534, 1.600000000000000089, 1.727480542076139436 ) ) ;
#982 = ORIENTED_EDGE ( 'NONE', *, *, #1316, .T. ) ;
#983 = CARTESIAN_POINT ( 'NONE',  ( 1.830775172509176763, 2.600000000000000533, -0.8051473577699883588 ) ) ;
#984 = VECTOR ( 'NONE', #344, 1000.000000000000000 ) ;
#985 = VECTOR ( 'NONE', #1668, 1000.000000000000114 ) ;
#986 = CARTESIAN_POINT ( 'NONE',  ( 1.954381970259114976, 0.8000000000000000444, 0.4247247512520139767 ) ) ;
#987 = AXIS2_PLACEMENT_3D ( 'NONE', #1608, #596, #4379 ) ;
#988 = VERTEX_POINT ( 'NONE', #1594 ) ;
#989 = AXIS2_PLACEMENT_3D ( 'NONE', #3278, #193, #822 ) ;
#990 = VECTOR ( 'NONE', #231, 1000.000000000000000 ) ;
#991 = DIRECTION ( 'NONE',  ( 0.000000000000000000, -1.000000000000000000, 0.000000000000000000 ) ) ;
#992 = CARTESIAN_POINT ( 'NONE',  ( 1.485767376913997184, 1.600000000000000755, 1.079473186051000289 ) ) ;
#994 = CYLINDRICAL_SURFACE ( 'NONE', #3942, 2.000000000000000000 ) ;
#993 = VECTOR ( 'NONE', #2820, 1000.000000000000000 ) ;
#995 = VECTOR ( 'NONE', #762, 1000.000000000000000 ) ;
#996 = CARTESIAN_POINT ( 'NONE',  ( 0.5675126386054000216, 1.600000000000000089, -1.746624304975000097 ) ) ;
#997 = ORIENTED_EDGE ( 'NONE', *, *, #1970, .T. ) ;
#998 = DIRECTION ( 'NONE',  ( -0.8241261886220260235, 0.000000000000000000, 0.5664062369248178408 ) ) ;
#999 = PLANE ( 'NONE',  #2683 ) ;
#1000 = EDGE_CURVE ( 'NONE', #2047, #4110, #2444, .T. ) ;
#1001 = CARTESIAN_POINT ( 'NONE',  ( 1.007874484620008726, 0.8000000000000000444, 1.727480542076220260 ) ) ;
#1002 = EDGE_CURVE ( 'NONE', #238, #2544, #559, .T. ) ;
#1003 = EDGE_CURVE ( 'NONE', #1143, #1442, #4441, .T. ) ;
#1004 = ORIENTED_EDGE ( 'NONE', *, *, #2694, .T. ) ;
#1005 = CARTESIAN_POINT ( 'NONE',  ( -1.079473186051000289, 1.600000000000000089, 1.485767376914000071 ) ) ;
#1006 = CARTESIAN_POINT ( 'NONE',  ( -1.485767376914000071, 2.600000000000000977, -1.079473186051000289 ) ) ;
#1007 = EDGE_CURVE ( 'NONE', #99, #2423, #33, .T. ) ;
#1008 = ORIENTED_EDGE ( 'NONE', *, *, #3898, .T. ) ;
#1009 = FACE_OUTER_BOUND ( 'NONE', #3779, .T. ) ;
#1010 = DIRECTION ( 'NONE',  ( -0.000000000000000000, -1.000000000000000000, 0.000000000000000000 ) ) ;
#1011 = ORIENTED_EDGE ( 'NONE', *, *, #2483, .F. ) ;
#1012 = DIRECTION ( 'NONE',  ( 0.9996573249755582591, 0.000000000000000000, -0.02617694830783610926 ) ) ;
#1013 = VECTOR ( 'NONE', #4036, 1000.000000000000114 ) ;
#1014 = FACE_OUTER_BOUND ( 'NONE', #3156, .T. ) ;
#1015 = ORIENTED_EDGE ( 'NONE', *, *, #4065, .T. ) ;
#1016 = VERTEX_POINT ( 'NONE', #709 ) ;
#1017 = ORIENTED_EDGE ( 'NONE', *, *, #1620, .T. ) ;
#1018 = PLANE ( 'NONE',  #852 ) ;
#1019 = DIRECTION ( 'NONE',  ( -0.7933533402912321675, 0.000000000000000000, -0.6087614290087246527 ) ) ;
#1020 = DIRECTION ( 'NONE',  ( -0.9996573249755574819, 0.000000000000000000, -0.02617694830786888513 ) ) ;
#1021 = DIRECTION ( 'NONE',  ( 0.000000000000000000, 1.000000000000000000, 0.000000000000000000 ) ) ;
#1022 = EDGE_CURVE ( 'NONE', #3240, #3389, #1393, .T. ) ;
#1023 = ORIENTED_EDGE ( 'NONE', *, *, #2550, .T. ) ;
#1024 = FACE_OUTER_BOUND ( 'NONE', #4410, .T. ) ;
#1025 = EDGE_CURVE ( 'NONE', #1092, #2346, #849, .T. ) ;
#1026 = DIRECTION ( 'NONE',  ( 0.9996573249755573709, 0.000000000000000000, -0.02617694830786888166 ) ) ;
#1027 = ORIENTED_EDGE ( 'NONE', *, *, #1675, .T. ) ;
#1028 = PLANE ( 'NONE',  #718 ) ;
#1029 = EDGE_CURVE ( 'NONE', #2408, #3168, #83, .T. ) ;
#1030 = EDGE_CURVE ( 'NONE', #3439, #3008, #1747, .T. ) ;
#1031 = CARTESIAN_POINT ( 'NONE',  ( 1.989974874212999900, 0.8000000000000000444, -0.2000000000000000111 ) ) ;
#1032 = ORIENTED_EDGE ( 'NONE', *, *, #1281, .T. ) ;
#1033 = DIRECTION ( 'NONE',  ( -0.6087614290087246527, 0.000000000000000000, 0.7933533402912321675 ) ) ;
#1034 = VERTEX_POINT ( 'NONE', #54 ) ;
#1035 = ORIENTED_EDGE ( 'NONE', *, *, #3291, .F. ) ;
#1036 = CARTESIAN_POINT ( 'NONE',  ( 0.8051473577701266926, 1.600000000000000089, 1.830775172509180537 ) ) ;
#1037 = ORIENTED_EDGE ( 'NONE', *, *, #2456, .T. ) ;
#1038 = FACE_OUTER_BOUND ( 'NONE', #1988, .T. ) ;
#1039 = CARTESIAN_POINT ( 'NONE',  ( 1.492366441159000079, 3.299999999999999822, 1.331481282369999963 ) ) ;
#1040 = LINE ( 'NONE', #2416, #3078 ) ;
#1041 = CARTESIAN_POINT ( 'NONE',  ( -0.5675126386054000216, 0.8000000000000000444, 1.746624304975000097 ) ) ;
#1042 = ORIENTED_EDGE ( 'NONE', *, *, #2383, .F. ) ;
#1043 = DIRECTION ( 'NONE',  ( 0.000000000000000000, -1.000000000000000000, 0.000000000000000000 ) ) ;
#1044 = DIRECTION ( 'NONE',  ( 0.9426414910925988710, 0.000000000000000000, 0.3338068592325834083 ) ) ;
#1045 = ORIENTED_EDGE ( 'NONE', *, *, #1000, .F. ) ;
#1046 = ORIENTED_EDGE ( 'NONE', *, *, #1166, .F. ) ;
#1047 = DIRECTION ( 'NONE',  ( -0.000000000000000000, 1.000000000000000000, -0.000000000000000000 ) ) ;
#1048 = CYLINDRICAL_SURFACE ( 'NONE', #2152, 1.500000000000000000 ) ;
#1049 = EDGE_CURVE ( 'NONE', #2983, #255, #1425, .T. ) ;
#1050 = EDGE_CURVE ( 'NONE', #2910, #2696, #1090, .T. ) ;
#1051 = EDGE_CURVE ( 'NONE', #747, #1842, #3500, .T. ) ;
#1052 = AXIS2_PLACEMENT_3D ( 'NONE', #2534, #2201, #153 ) ;
#1053 = ORIENTED_EDGE ( 'NONE', *, *, #1259, .T. ) ;
#1054 = CIRCLE ( 'NONE', #1570, 2.000000000000000000 ) ;
#1055 = CARTESIAN_POINT ( 'NONE',  ( 0.8051473577701000472, 2.600000000000000533, -1.830775172509000015 ) ) ;
#1056 = LINE ( 'NONE', #743, #3726 ) ;
#1057 = VECTOR ( 'NONE', #753, 1000.000000000000000 ) ;
#1058 = VECTOR ( 'NONE', #240, 1000.000000000000000 ) ;
#1059 = VECTOR ( 'NONE', #4270, 1000.000000000000000 ) ;
#1060 = VERTEX_POINT ( 'NONE', #2835 ) ;
#1061 = EDGE_LOOP ( 'NONE', ( #1583, #2173, #2021, #1004 ) ) ;
#1062 = AXIS2_PLACEMENT_3D ( 'NONE', #1751, #1395, #2748 ) ;
#1063 = ORIENTED_EDGE ( 'NONE', *, *, #1647, .T. ) ;
#1064 = CARTESIAN_POINT ( 'NONE',  ( 0.000000000000000000, 0.8000000000000000444, 0.000000000000000000 ) ) ;
#1065 = DIRECTION ( 'NONE',  ( -0.9996573249755582591, 0.000000000000000000, -0.02617694830783610926 ) ) ;
#1066 = CIRCLE ( 'NONE', #989, 2.000000000000000000 ) ;
#1067 = AXIS2_PLACEMENT_3D ( 'NONE', #1064, #2441, #3460 ) ;
#1068 = CARTESIAN_POINT ( 'NONE',  ( 2.944348907029933622E-17, 3.299999999999999378, -1.836509476617000036 ) ) ;
#1069 = LINE ( 'NONE', #891, #483 ) ;
#1070 = ORIENTED_EDGE ( 'NONE', *, *, #71, .T. ) ;
#1071 = CARTESIAN_POINT ( 'NONE',  ( 1.079473186051000289, 2.600000000000000977, 1.485767376914000071 ) ) ;
#1072 = LINE ( 'NONE', #782, #590 ) ;
#1073 = ORIENTED_EDGE ( 'NONE', *, *, #2082, .T. ) ;
#1074 = CARTESIAN_POINT ( 'NONE',  ( 1.331481282370202024, 3.299999999999999822, 1.492366441159074686 ) ) ;
#1075 = VECTOR ( 'NONE', #1882, 1000.000000000000000 ) ;
#1076 = FACE_OUTER_BOUND ( 'NONE', #938, .T. ) ;
#1077 = ORIENTED_EDGE ( 'NONE', *, *, #431, .T. ) ;
#1078 = EDGE_CURVE ( 'NONE', #3402, #1060, #4201, .T. ) ;
#1079 = CARTESIAN_POINT ( 'NONE',  ( 0.5675126386054359928, 0.8000000000000000444, -1.746624304974898845 ) ) ;
#1080 = EDGE_CURVE ( 'NONE', #1102, #1754, #414, .T. ) ;
#1081 = EDGE_CURVE ( 'NONE', #383, #2236, #3066, .T. ) ;
#1082 = ORIENTED_EDGE ( 'NONE', *, *, #2274, .F. ) ;
#1083 = ORIENTED_EDGE ( 'NONE', *, *, #2545, .F. ) ;
#1084 = DIRECTION ( 'NONE',  ( 0.000000000000000000, -1.000000000000000000, 0.000000000000000000 ) ) ;
#1085 = ORIENTED_EDGE ( 'NONE', *, *, #1557, .T. ) ;
#1086 = CARTESIAN_POINT ( 'NONE',  ( -1.331481282370138741, 3.299999999999999822, 1.492366441159004076 ) ) ;
#1087 = PLANE ( 'NONE',  #3691 ) ;
#1088 = EDGE_CURVE ( 'NONE', #2983, #2440, #932, .T. ) ;
#1089 = CARTESIAN_POINT ( 'NONE',  ( -1.989974874213225053, 3.299999999999999822, 0.2000000000001506406 ) ) ;
#1090 = LINE ( 'NONE', #2465, #1057 ) ;
#1091 = VECTOR ( 'NONE', #2269, 1000.000000000000114 ) ;
#1092 = VERTEX_POINT ( 'NONE', #1337 ) ;
#1093 = CARTESIAN_POINT ( 'NONE',  ( -1.079473186051000289, 0.8000000000000000444, -1.485767376914000071 ) ) ;
#1094 = PLANE ( 'NONE',  #3757 ) ;
#1095 = ORIENTED_EDGE ( 'NONE', *, *, #3349, .F. ) ;
#1096 = CARTESIAN_POINT ( 'NONE',  ( 1.079473186051000289, 1.600000000000000089, -1.485767376914000071 ) ) ;
#1097 = DIRECTION ( 'NONE',  ( 0.000000000000000000, 0.000000000000000000, -1.000000000000000000 ) ) ;
#1098 = CARTESIAN_POINT ( 'NONE',  ( 1.492366441159141965, 0.000000000000000000, -1.331481282370126973 ) ) ;
#1099 = ORIENTED_EDGE ( 'NONE', *, *, #2915, .F. ) ;
#1100 = CARTESIAN_POINT ( 'NONE',  ( 1.727480542075999992, 3.299999999999999822, -1.007874484620000066 ) ) ;
#1101 = CARTESIAN_POINT ( 'NONE',  ( -1.830775172509180537, 1.600000000000000089, 0.8051473577701266926 ) ) ;
#1102 = VERTEX_POINT ( 'NONE', #2710 ) ;
#1103 = EDGE_LOOP ( 'NONE', ( #3179, #3776, #1348, #1733 ) ) ;
#1104 = ORIENTED_EDGE ( 'NONE', *, *, #2384, .F. ) ;
#1105 = DIRECTION ( 'NONE',  ( 0.000000000000000000, -1.000000000000000000, 0.000000000000000000 ) ) ;
#1106 = DIRECTION ( 'NONE',  ( 0.6087614290087246527, 0.000000000000000000, -0.7933533402912321675 ) ) ;
#1107 = DIRECTION ( 'NONE',  ( 0.5664062369248178408, 0.000000000000000000, -0.8241261886220260235 ) ) ;
#1108 = DIRECTION ( 'NONE',  ( 0.000000000000000000, -1.000000000000000000, 0.000000000000000000 ) ) ;
#1109 = ADVANCED_FACE ( 'NONE', ( #1990 ), #2347, .T. ) ;
#1110 = EDGE_CURVE ( 'NONE', #1971, #376, #2005, .T. ) ;
#1111 = EDGE_CURVE ( 'NONE', #3389, #3557, #55, .T. ) ;
#1112 = ORIENTED_EDGE ( 'NONE', *, *, #724, .F. ) ;
#1113 = DIRECTION ( 'NONE',  ( -0.9588197348681998244, 0.000000000000000000, -0.2840153447038999412 ) ) ;
#1114 = DIRECTION ( 'NONE',  ( 0.5664062369248178408, 0.000000000000000000, -0.8241261886220260235 ) ) ;
#1115 = ORIENTED_EDGE ( 'NONE', *, *, #842, .T. ) ;
#1116 = LINE ( 'NONE', #4439, #4163 ) ;
#1117 = FACE_OUTER_BOUND ( 'NONE', #2158, .T. ) ;
#1118 = CARTESIAN_POINT ( 'NONE',  ( 0.000000000000000000, 1.600000000000000089, 0.000000000000000000 ) ) ;
#1119 = EDGE_LOOP ( 'NONE', ( #637, #1427, #3556, #3038 ) ) ;
#1120 = CARTESIAN_POINT ( 'NONE',  ( 0.000000000000000000, 0.000000000000000000, 0.000000000000000000 ) ) ;
#1121 = LINE ( 'NONE', #818, #772 ) ;
#1122 = CARTESIAN_POINT ( 'NONE',  ( -0.8051473577701000472, 0.000000000000000000, 1.830775172509000015 ) ) ;
#1123 = ORIENTED_EDGE ( 'NONE', *, *, #2661, .T. ) ;
#1124 = CIRCLE ( 'NONE', #1855, 2.000000000000000000 ) ;
#1125 = ORIENTED_EDGE ( 'NONE', *, *, #871, .F. ) ;
#1126 = CARTESIAN_POINT ( 'NONE',  ( 1.727480542076220038, 3.299999999999999822, 1.007874484620008726 ) ) ;
#1127 = CIRCLE ( 'NONE', #1494, 1.750000000000000000 ) ;
#1129 = CARTESIAN_POINT ( 'NONE',  ( 0.000000000000000000, 0.000000000000000000, 0.000000000000000000 ) ) ;
#1128 = CIRCLE ( 'NONE', #2420, 1.750000000000000000 ) ;
#1130 = DIRECTION ( 'NONE',  ( 0.000000000000000000, 0.000000000000000000, -1.000000000000000000 ) ) ;
#1131 = VECTOR ( 'NONE', #2934, 1000.000000000000000 ) ;
#1132 = VECTOR ( 'NONE', #1339, 1000.000000000000000 ) ;
#1133 = ORIENTED_EDGE ( 'NONE', *, *, #2026, .F. ) ;
#1134 = AXIS2_PLACEMENT_3D ( 'NONE', #1972, #909, #1926 ) ;
#1135 = CARTESIAN_POINT ( 'NONE',  ( 0.000000000000000000, 3.299999999999999822, 0.000000000000000000 ) ) ;
#1136 = EDGE_CURVE ( 'NONE', #2503, #1187, #2672, .T. ) ;
#1137 = CIRCLE ( 'NONE', #3445, 2.000000000000000000 ) ;
#1138 = FACE_OUTER_BOUND ( 'NONE', #2102, .T. ) ;
#1139 = CIRCLE ( 'NONE', #2226, 2.000000000000000000 ) ;
#1140 = ADVANCED_FACE ( 'NONE', ( #2309 ), #281, .F. ) ;
#1141 = SURFACE_STYLE_USAGE ( .BOTH. , #4228 ) ;
#1142 = EDGE_CURVE ( 'NONE', #48, #1263, #907, .T. ) ;
#1143 = VERTEX_POINT ( 'NONE', #4355 ) ;
#1144 = DIRECTION ( 'NONE',  ( 0.000000000000000000, -1.000000000000000000, 0.000000000000000000 ) ) ;
#1145 = LINE ( 'NONE', #2521, #710 ) ;
#1146 = EDGE_CURVE ( 'NONE', #3602, #255, #3682, .T. ) ;
#1147 = ORIENTED_EDGE ( 'NONE', *, *, #1954, .F. ) ;
#1148 = LINE ( 'NONE', #2523, #2799 ) ;
#1149 = DIRECTION ( 'NONE',  ( 0.9588197348681997134, 0.000000000000000000, 0.2840153447038998857 ) ) ;
#1150 = CARTESIAN_POINT ( 'NONE',  ( 1.746624304974898845, 1.600000000000000089, 0.5675126386054359928 ) ) ;
#1151 = CARTESIAN_POINT ( 'NONE',  ( 0.000000000000000000, 1.600000000000000089, 1.836509476617000036 ) ) ;
#1152 = CARTESIAN_POINT ( 'NONE',  ( -1.079473186051000289, 0.8000000000000000444, 1.485767376914000071 ) ) ;
#1153 = ORIENTED_EDGE ( 'NONE', *, *, #4087, .T. ) ;
#1154 = EDGE_LOOP ( 'NONE', ( #1402, #511, #1924, #3693 ) ) ;
#1155 = CARTESIAN_POINT ( 'NONE',  ( 0.000000000000000000, 3.299999999999999822, 0.000000000000000000 ) ) ;
#1156 = CARTESIAN_POINT ( 'NONE',  ( -0.8051473577702040751, 0.8000000000000000444, 1.830775172509081949 ) ) ;
#1157 = CARTESIAN_POINT ( 'NONE',  ( 1.746624304975000097, 3.299999999999999822, 0.5675126386054000216 ) ) ;
#1158 = CARTESIAN_POINT ( 'NONE',  ( 1.836509476617000036, 3.299999999999999378, 2.944348907029933622E-17 ) ) ;
#1159 = ORIENTED_EDGE ( 'NONE', *, *, #4287, .T. ) ;
#1160 = CARTESIAN_POINT ( 'NONE',  ( 0.000000000000000000, 3.299999999999999822, 0.000000000000000000 ) ) ;
#1161 = FACE_OUTER_BOUND ( 'NONE', #3061, .T. ) ;
#1162 = CIRCLE ( 'NONE', #733, 2.000000000000000000 ) ;
#1163 = ADVANCED_FACE ( 'NONE', ( #1269 ), #2643, .F. ) ;
#1164 = VERTEX_POINT ( 'NONE', #3451 ) ;
#1165 = VECTOR ( 'NONE', #508, 1000.000000000000114 ) ;
#1166 = EDGE_CURVE ( 'NONE', #2395, #3929, #742, .T. ) ;
#1167 = EDGE_LOOP ( 'NONE', ( #2122, #1630, #2848, #1469 ) ) ;
#1168 = DIRECTION ( 'NONE',  ( -0.9426414910921715462, 0.000000000000000000, 0.3338068592337899987 ) ) ;
#1169 = DIRECTION ( 'NONE',  ( 0.9588197348681997134, 0.000000000000000000, 0.2840153447038998857 ) ) ;
#1170 = EDGE_CURVE ( 'NONE', #1587, #3789, #2451, .T. ) ;
#1171 = EDGE_LOOP ( 'NONE', ( #1830, #630, #3849, #574 ) ) ;
#1172 = CARTESIAN_POINT ( 'NONE',  ( 0.000000000000000000, 2.600000000000000533, 0.000000000000000000 ) ) ;
#1173 = EDGE_CURVE ( 'NONE', #1525, #703, #1760, .T. ) ;
#1174 = DIRECTION ( 'NONE',  ( 0.000000000000000000, -1.000000000000000000, 0.000000000000000000 ) ) ;
#1175 = DIRECTION ( 'NONE',  ( -0.000000000000000000, 1.000000000000000000, -0.000000000000000000 ) ) ;
#1176 = CARTESIAN_POINT ( 'NONE',  ( -1.079473186051000289, 3.300000000000000711, -1.485767376914000071 ) ) ;
#1177 = VERTEX_POINT ( 'NONE', #3847 ) ;
#1178 = ORIENTED_EDGE ( 'NONE', *, *, #158, .T. ) ;
#1179 = CARTESIAN_POINT ( 'NONE',  ( 1.079473186050992961, 1.600000000000000755, 1.485767376913997850 ) ) ;
#1180 = CYLINDRICAL_SURFACE ( 'NONE', #4445, 2.000000000000000000 ) ;
#1181 =( NAMED_UNIT ( * ) PLANE_ANGLE_UNIT ( ) SI_UNIT ( $, .RADIAN. ) );
#1182 = PLANE ( 'NONE',  #272 ) ;
#1183 = ORIENTED_EDGE ( 'NONE', *, *, #1417, .F. ) ;
#1184 = DIRECTION ( 'NONE',  ( -0.7933533402908369281, 0.000000000000000000, -0.6087614290092395741 ) ) ;
#1185 = CARTESIAN_POINT ( 'NONE',  ( 1.746624304975000097, 0.000000000000000000, 0.5675126386054000216 ) ) ;
#1186 = ORIENTED_EDGE ( 'NONE', *, *, #123, .T. ) ;
#1187 = VERTEX_POINT ( 'NONE', #3173 ) ;
#1188 = CARTESIAN_POINT ( 'NONE',  ( 1.830775172509000015, 0.000000000000000000, 0.8051473577701000472 ) ) ;
#1189 = CARTESIAN_POINT ( 'NONE',  ( 0.000000000000000000, 1.600000000000000089, 0.000000000000000000 ) ) ;
#1190 = EDGE_LOOP ( 'NONE', ( #2100, #3250, #2124, #1319 ) ) ;
#1191 = DIRECTION ( 'NONE',  ( 0.9426414910921716572, 0.000000000000000000, 0.3338068592337900542 ) ) ;
#1192 = ADVANCED_FACE ( 'NONE', ( #3492 ), #3128, .T. ) ;
#1193 = LINE ( 'NONE', #2498, #276 ) ;
#1194 = EDGE_CURVE ( 'NONE', #2030, #2241, #766, .T. ) ;
#1195 = ADVANCED_FACE ( 'NONE', ( #1441 ), #4276, .T. ) ;
#1196 = DIRECTION ( 'NONE',  ( -0.000000000000000000, 1.000000000000000000, -0.000000000000000000 ) ) ;
#1197 = ORIENTED_EDGE ( 'NONE', *, *, #2798, .F. ) ;
#1198 = ORIENTED_EDGE ( 'NONE', *, *, #476, .T. ) ;
#1199 = AXIS2_PLACEMENT_3D ( 'NONE', #3989, #2617, #1986 ) ;
#1200 = FACE_OUTER_BOUND ( 'NONE', #905, .T. ) ;
#1201 = CARTESIAN_POINT ( 'NONE',  ( 1.954381970259000179, 3.299999999999999822, -0.4247247512519999879 ) ) ;
#1202 = CARTESIAN_POINT ( 'NONE',  ( -1.836509476617000036, 1.600000000000000089, 0.000000000000000000 ) ) ;
#1203 = CARTESIAN_POINT ( 'NONE',  ( 1.746624304975000097, 0.000000000000000000, -0.5675126386054000216 ) ) ;
#1204 = AXIS2_PLACEMENT_3D ( 'NONE', #2239, #1560, #3178 ) ;
#1205 = CARTESIAN_POINT ( 'NONE',  ( 1.830775172509000015, 2.600000000000000533, 0.8051473577701000472 ) ) ;
#1206 = ORIENTED_EDGE ( 'NONE', *, *, #1473, .T. ) ;
#1207 = CARTESIAN_POINT ( 'NONE',  ( 0.000000000000000000, 2.600000000000000533, 0.000000000000000000 ) ) ;
#1208 = CARTESIAN_POINT ( 'NONE',  ( -1.485767376914000071, 3.299999999999999822, -1.079473186051000289 ) ) ;
#1209 = VECTOR ( 'NONE', #2054, 1000.000000000000114 ) ;
#1210 = VECTOR ( 'NONE', #910, 1000.000000000000114 ) ;
#1211 = EDGE_LOOP ( 'NONE', ( #2149, #1595, #3113, #4176 ) ) ;
#1212 = VECTOR ( 'NONE', #4023, 1000.000000000000000 ) ;
#1213 = AXIS2_PLACEMENT_3D ( 'NONE', #4117, #1377, #4135 ) ;
#1214 = CIRCLE ( 'NONE', #3149, 2.000000000000000000 ) ;
#1215 = CYLINDRICAL_SURFACE ( 'NONE', #2368, 2.000000000000000000 ) ;
#1216 = CARTESIAN_POINT ( 'NONE',  ( 0.000000000000000000, 0.000000000000000000, 0.000000000000000000 ) ) ;
#1217 = VECTOR ( 'NONE', #1509, 1000.000000000000000 ) ;
#1218 = CIRCLE ( 'NONE', #3802, 2.000000000000000000 ) ;
#1219 = ORIENTED_EDGE ( 'NONE', *, *, #1807, .T. ) ;
#1220 = CARTESIAN_POINT ( 'NONE',  ( 0.000000000000000000, 0.8000000000000000444, 0.000000000000000000 ) ) ;
#1221 = LINE ( 'NONE', #2897, #1934 ) ;
#1222 = PRODUCT ( 'DC14_A01_INSERT_1', 'DC14_A01_INSERT_1', '', ( #3907 ) ) ;
#1223 = PLANE ( 'NONE',  #3244 ) ;
#1224 = ORIENTED_EDGE ( 'NONE', *, *, #1111, .F. ) ;
#1225 = EDGE_CURVE ( 'NONE', #4325, #2460, #3861, .T. ) ;
#1226 = AXIS2_PLACEMENT_3D ( 'NONE', #816, #2822, #1149 ) ;
#1227 = EDGE_CURVE ( 'NONE', #4238, #180, #3418, .T. ) ;
#1228 = ORIENTED_EDGE ( 'NONE', *, *, #375, .T. ) ;
#1229 = DIRECTION ( 'NONE',  ( -0.000000000000000000, 1.000000000000000000, 0.000000000000000000 ) ) ;
#1230 = CARTESIAN_POINT ( 'NONE',  ( 0.000000000000000000, 0.000000000000000000, 0.000000000000000000 ) ) ;
#1231 = LINE ( 'NONE', #3259, #917 ) ;
#1232 = CYLINDRICAL_SURFACE ( 'NONE', #844, 1.250000000000000000 ) ;
#1233 = EDGE_CURVE ( 'NONE', #703, #3256, #2637, .T. ) ;
#1234 = ORIENTED_EDGE ( 'NONE', *, *, #3427, .T. ) ;
#1235 = EDGE_CURVE ( 'NONE', #2076, #2353, #544, .T. ) ;
#1236 = DIRECTION ( 'NONE',  ( -0.000000000000000000, 1.000000000000000000, -0.000000000000000000 ) ) ;
#1237 = LINE ( 'NONE', #3311, #2973 ) ;
#1238 = ORIENTED_EDGE ( 'NONE', *, *, #4420, .F. ) ;
#1239 = CARTESIAN_POINT ( 'NONE',  ( 0.5675126386054000216, 2.600000000000000533, -1.746624304975000097 ) ) ;
#1240 = DIRECTION ( 'NONE',  ( 0.000000000000000000, -1.000000000000000000, 0.000000000000000000 ) ) ;
#1241 = ORIENTED_EDGE ( 'NONE', *, *, #1340, .F. ) ;
#1242 = CARTESIAN_POINT ( 'NONE',  ( -1.954381970259000179, 1.600000000000000089, -0.4247247512519999879 ) ) ;
#1243 = AXIS2_PLACEMENT_3D ( 'NONE', #2885, #3981, #3642 ) ;
#1244 = EDGE_LOOP ( 'NONE', ( #2962, #3533, #154, #3299 ) ) ;
#1245 = CYLINDRICAL_SURFACE ( 'NONE', #1199, 2.000000000000000000 ) ;
#1246 = CARTESIAN_POINT ( 'NONE',  ( -0.2000000000000000111, 0.000000000000000000, 1.989974874212999900 ) ) ;
#1247 = CARTESIAN_POINT ( 'NONE',  ( 0.000000000000000000, 1.600000000000000089, -1.836509476617000036 ) ) ;
#1248 = VERTEX_POINT ( 'NONE', #2472 ) ;
#1249 = ORIENTED_EDGE ( 'NONE', *, *, #125, .F. ) ;
#1250 = ORIENTED_EDGE ( 'NONE', *, *, #3646, .T. ) ;
#1251 = CARTESIAN_POINT ( 'NONE',  ( 1.954381970259000179, 0.8000000000000000444, 0.4247247512519999879 ) ) ;
#1252 = CYLINDRICAL_SURFACE ( 'NONE', #3438, 2.000000000000000000 ) ;
#1253 = APPLICATION_CONTEXT ( 'automotive_design' ) ;
#1254 = APPLICATION_PROTOCOL_DEFINITION ( 'draft international standard', 'automotive_design', 1998, #2958 ) ;
#1255 = ORIENTED_EDGE ( 'NONE', *, *, #3601, .T. ) ;
#1256 = DIRECTION ( 'NONE',  ( 0.000000000000000000, 0.000000000000000000, -1.000000000000000000 ) ) ;
#1257 = PLANE ( 'NONE',  #3754 ) ;
#1258 = EDGE_CURVE ( 'NONE', #1549, #2735, #4210, .T. ) ;
#1259 = EDGE_CURVE ( 'NONE', #4033, #1519, #2225, .T. ) ;
#1260 = ADVANCED_FACE ( 'NONE', ( #4264 ), #91, .F. ) ;
#1261 = VERTEX_POINT ( 'NONE', #113 ) ;
#1262 = CARTESIAN_POINT ( 'NONE',  ( 1.836509476617000036, 0.8000000000000000444, 0.000000000000000000 ) ) ;
#1263 = VERTEX_POINT ( 'NONE', #2118 ) ;
#1264 = FACE_OUTER_BOUND ( 'NONE', #3851, .T. ) ;
#1265 = CARTESIAN_POINT ( 'NONE',  ( 0.000000000000000000, 0.8000000000000000444, 0.000000000000000000 ) ) ;
#1266 = FACE_OUTER_BOUND ( 'NONE', #4175, .T. ) ;
#1267 = ORIENTED_EDGE ( 'NONE', *, *, #321, .T. ) ;
#1268 = VERTEX_POINT ( 'NONE', #4188 ) ;
#1269 = FACE_OUTER_BOUND ( 'NONE', #2953, .T. ) ;
#1270 = ORIENTED_EDGE ( 'NONE', *, *, #1776, .F. ) ;
#1271 = CARTESIAN_POINT ( 'NONE',  ( 1.989974874213106260, 2.600000000000000533, 0.2000000000001380118 ) ) ;
#1272 = CYLINDRICAL_SURFACE ( 'NONE', #133, 2.000000000000000000 ) ;
#1273 = DIRECTION ( 'NONE',  ( 0.000000000000000000, -1.000000000000000000, 0.000000000000000000 ) ) ;
#1274 = ORIENTED_EDGE ( 'NONE', *, *, #1831, .T. ) ;
#1275 = CARTESIAN_POINT ( 'NONE',  ( -0.2000000000001381228, 3.299999999999999822, 1.989974874213106260 ) ) ;
#1276 = DIRECTION ( 'NONE',  ( -0.5664062369248178408, 0.000000000000000000, -0.8241261886220260235 ) ) ;
#1277 = ORIENTED_EDGE ( 'NONE', *, *, #3357, .F. ) ;
#1278 = AXIS2_PLACEMENT_3D ( 'NONE', #2834, #412, #1130 ) ;
#1279 = VECTOR ( 'NONE', #1514, 1000.000000000000000 ) ;
#1280 = EDGE_LOOP ( 'NONE', ( #1070, #3904, #4248, #3607 ) ) ;
#1281 = EDGE_CURVE ( 'NONE', #2460, #1358, #1148, .T. ) ;
#1282 = CARTESIAN_POINT ( 'NONE',  ( -1.954381970259000179, 0.000000000000000000, 0.4247247512519999879 ) ) ;
#1283 = EDGE_CURVE ( 'NONE', #3557, #2205, #428, .T. ) ;
#1284 = AXIS2_PLACEMENT_3D ( 'NONE', #1548, #175, #2925 ) ;
#1285 = AXIS2_PLACEMENT_3D ( 'NONE', #2144, #4440, #3768 ) ;
#1286 = CIRCLE ( 'NONE', #3799, 2.000000000000000000 ) ;
#1287 = ORIENTED_EDGE ( 'NONE', *, *, #3510, .F. ) ;
#1288 = CARTESIAN_POINT ( 'NONE',  ( 0.000000000000000000, 0.000000000000000000, 0.000000000000000000 ) ) ;
#1289 = VECTOR ( 'NONE', #1536, 1000.000000000000114 ) ;
#1290 = EDGE_CURVE ( 'NONE', #2882, #1468, #135, .T. ) ;
#1291 = VECTOR ( 'NONE', #461, 1000.000000000000000 ) ;
#1292 = AXIS2_PLACEMENT_3D ( 'NONE', #261, #1635, #3708 ) ;
#1293 = CARTESIAN_POINT ( 'NONE',  ( -1.485767376914000071, 0.8000000000000000444, -1.079473186051000289 ) ) ;
#1294 = DIRECTION ( 'NONE',  ( 0.000000000000000000, 1.000000000000000000, 0.000000000000000000 ) ) ;
#1295 = AXIS2_PLACEMENT_3D ( 'NONE', #979, #1687, #4432 ) ;
#1296 = DIRECTION ( 'NONE',  ( 0.000000000000000000, 0.000000000000000000, -1.000000000000000000 ) ) ;
#1297 = ORIENTED_EDGE ( 'NONE', *, *, #3329, .T. ) ;
#1298 = ORIENTED_EDGE ( 'NONE', *, *, #4069, .T. ) ;
#1299 = DIRECTION ( 'NONE',  ( 0.000000000000000000, 0.000000000000000000, -1.000000000000000000 ) ) ;
#1300 = CARTESIAN_POINT ( 'NONE',  ( -0.2000000000001506961, 3.299999999999999822, -1.989974874213225053 ) ) ;
#1301 = LINE ( 'NONE', #1592, #4233 ) ;
#1302 = CIRCLE ( 'NONE', #2235, 2.000000000000000000 ) ;
#1303 = DIRECTION ( 'NONE',  ( -0.000000000000000000, 1.000000000000000000, -0.000000000000000000 ) ) ;
#1304 = ORIENTED_EDGE ( 'NONE', *, *, #1375, .T. ) ;
#1305 = DIRECTION ( 'NONE',  ( 0.000000000000000000, 1.000000000000000000, -0.000000000000000000 ) ) ;
#1306 = CARTESIAN_POINT ( 'NONE',  ( 0.000000000000000000, 0.000000000000000000, -1.836509476617000036 ) ) ;
#1307 = CARTESIAN_POINT ( 'NONE',  ( 0.5675126386054359928, 1.600000000000000089, -1.746624304974898845 ) ) ;
#1308 = ORIENTED_EDGE ( 'NONE', *, *, #3958, .F. ) ;
#1309 = DIRECTION ( 'NONE',  ( 0.000000000000000000, 0.000000000000000000, -1.000000000000000000 ) ) ;
#1310 = ORIENTED_EDGE ( 'NONE', *, *, #4140, .T. ) ;
#1311 = CARTESIAN_POINT ( 'NONE',  ( 1.727480542076220260, 1.600000000000000089, -1.007874484620008726 ) ) ;
#1312 = CARTESIAN_POINT ( 'NONE',  ( -1.746624304975000097, 0.8000000000000000444, 0.5675126386054000216 ) ) ;
#1313 = AXIS2_PLACEMENT_3D ( 'NONE', #757, #2133, #3442 ) ;
#1314 = EDGE_CURVE ( 'NONE', #2030, #8, #3918, .T. ) ;
#1315 = LINE ( 'NONE', #3167, #4302 ) ;
#1316 = EDGE_CURVE ( 'NONE', #3221, #99, #1879, .T. ) ;
#1317 = EDGE_CURVE ( 'NONE', #2395, #3158, #2505, .T. ) ;
#1318 = ORIENTED_EDGE ( 'NONE', *, *, #1194, .T. ) ;
#1319 = ORIENTED_EDGE ( 'NONE', *, *, #1693, .F. ) ;
#1320 = VECTOR ( 'NONE', #4132, 1000.000000000000000 ) ;
#1321 = CARTESIAN_POINT ( 'NONE',  ( -3.324217003954292092E-14, 1.600000000000000089, -1.836509476617043335 ) ) ;
#1322 = CARTESIAN_POINT ( 'NONE',  ( 1.746624304974898845, 2.600000000000000533, 0.5675126386054359928 ) ) ;
#1323 = DIRECTION ( 'NONE',  ( 0.6087614290087246527, 0.000000000000000000, -0.7933533402912321675 ) ) ;
#1324 = ORIENTED_EDGE ( 'NONE', *, *, #2359, .F. ) ;
#1325 = DIRECTION ( 'NONE',  ( 0.3338068592325834083, 0.000000000000000000, -0.9426414910925988710 ) ) ;
#1326 = DIRECTION ( 'NONE',  ( -0.000000000000000000, 1.000000000000000000, -0.000000000000000000 ) ) ;
#1327 = DIRECTION ( 'NONE',  ( 0.6087614290087246527, 0.000000000000000000, 0.7933533402912321675 ) ) ;
#1328 = ORIENTED_EDGE ( 'NONE', *, *, #375, .F. ) ;
#1329 = DIRECTION ( 'NONE',  ( 0.000000000000000000, 0.000000000000000000, -1.000000000000000000 ) ) ;
#1330 = VERTEX_POINT ( 'NONE', #4326 ) ;
#1331 = DIRECTION ( 'NONE',  ( 0.000000000000000000, 0.000000000000000000, -1.000000000000000000 ) ) ;
#1332 = DIRECTION ( 'NONE',  ( 0.000000000000000000, 0.000000000000000000, -1.000000000000000000 ) ) ;
#1333 = CARTESIAN_POINT ( 'NONE',  ( 1.485767376914000071, 2.600000000000000977, -1.079473186051000289 ) ) ;
#1334 = ORIENTED_EDGE ( 'NONE', *, *, #4282, .T. ) ;
#1335 = ORIENTED_EDGE ( 'NONE', *, *, #4037, .F. ) ;
#1336 = EDGE_CURVE ( 'NONE', #2539, #2759, #3313, .T. ) ;
#1337 = CARTESIAN_POINT ( 'NONE',  ( -1.954381970259129853, 1.600000000000000089, 0.4247247512519642387 ) ) ;
#1338 = CYLINDRICAL_SURFACE ( 'NONE', #3586, 2.000000000000000000 ) ;
#1339 = DIRECTION ( 'NONE',  ( 0.000000000000000000, 1.000000000000000000, 0.000000000000000000 ) ) ;
#1340 = EDGE_CURVE ( 'NONE', #4193, #1525, #2318, .T. ) ;
#1341 = EDGE_CURVE ( 'NONE', #460, #703, #3944, .T. ) ;
#1342 = CARTESIAN_POINT ( 'NONE',  ( 0.000000000000000000, 1.600000000000000089, 0.000000000000000000 ) ) ;
#1343 = VERTEX_POINT ( 'NONE', #3197 ) ;
#1344 = CARTESIAN_POINT ( 'NONE',  ( 0.2000000000000997369, 0.000000000000000000, 1.989974874212870226 ) ) ;
#1345 = DIRECTION ( 'NONE',  ( 0.000000000000000000, 1.000000000000000000, 0.000000000000000000 ) ) ;
#1346 = ADVANCED_FACE ( 'NONE', ( #750 ), #3854, .F. ) ;
#1347 = CYLINDRICAL_SURFACE ( 'NONE', #2001, 2.000000000000000000 ) ;
#1348 = ORIENTED_EDGE ( 'NONE', *, *, #2573, .T. ) ;
#1349 = DIRECTION ( 'NONE',  ( 0.02617694830786888513, 0.000000000000000000, 0.9996573249755574819 ) ) ;
#1350 = ORIENTED_EDGE ( 'NONE', *, *, #2546, .F. ) ;
#1351 = DIRECTION ( 'NONE',  ( 0.000000000000000000, 1.000000000000000000, 0.000000000000000000 ) ) ;
#1352 = VECTOR ( 'NONE', #1819, 1000.000000000000114 ) ;
#1353 = VECTOR ( 'NONE', #2157, 1000.000000000000000 ) ;
#1354 = DIRECTION ( 'NONE',  ( 0.000000000000000000, 1.000000000000000000, -0.000000000000000000 ) ) ;
#1355 = VECTOR ( 'NONE', #2664, 1000.000000000000000 ) ;
#1356 = AXIS2_PLACEMENT_3D ( 'NONE', #2037, #4082, #1299 ) ;
#1357 = AXIS2_PLACEMENT_3D ( 'NONE', #1611, #2312, #3685 ) ;
#1358 = VERTEX_POINT ( 'NONE', #2418 ) ;
#1359 = AXIS2_PLACEMENT_3D ( 'NONE', #306, #2284, #239 ) ;
#1360 = AXIS2_PLACEMENT_3D ( 'NONE', #780, #2159, #1731 ) ;
#1361 = CARTESIAN_POINT ( 'NONE',  ( 0.000000000000000000, 1.600000000000000089, 0.000000000000000000 ) ) ;
#1362 = CARTESIAN_POINT ( 'NONE',  ( 0.5675126386053581662, 1.600000000000000089, 1.746624304974971231 ) ) ;
#1364 = DIRECTION ( 'NONE',  ( 0.5664062369253162199, 0.000000000000000000, 0.8241261886216834087 ) ) ;
#1363 = VECTOR ( 'NONE', #2259, 1000.000000000000227 ) ;
#1365 = CIRCLE ( 'NONE', #285, 2.000000000000000000 ) ;
#1366 = EDGE_CURVE ( 'NONE', #4416, #2642, #1429, .T. ) ;
#1367 = ORIENTED_EDGE ( 'NONE', *, *, #3486, .T. ) ;
#1368 = EDGE_CURVE ( 'NONE', #4291, #4138, #280, .T. ) ;
#1369 = DIRECTION ( 'NONE',  ( 0.000000000000000000, -1.000000000000000000, 0.000000000000000000 ) ) ;
#1370 = ORIENTED_EDGE ( 'NONE', *, *, #3351, .F. ) ;
#1371 = CARTESIAN_POINT ( 'NONE',  ( -0.5675126386053581662, 0.8000000000000000444, -1.746624304974971231 ) ) ;
#1372 = FACE_OUTER_BOUND ( 'NONE', #2818, .T. ) ;
#1373 = DIRECTION ( 'NONE',  ( -0.02617694830786888166, 0.000000000000000000, 0.9996573249755573709 ) ) ;
#1374 = ADVANCED_FACE ( 'NONE', ( #1800 ), #3530, .F. ) ;
#1375 = EDGE_CURVE ( 'NONE', #3454, #435, #351, .T. ) ;
#1376 = ORIENTED_EDGE ( 'NONE', *, *, #925, .T. ) ;
#1377 = DIRECTION ( 'NONE',  ( -0.000000000000000000, 1.000000000000000000, -0.000000000000000000 ) ) ;
#1378 = DIRECTION ( 'NONE',  ( 0.5664062369248178408, 0.000000000000000000, -0.8241261886220260235 ) ) ;
#1379 = ORIENTED_EDGE ( 'NONE', *, *, #3562, .F. ) ;
#1380 = CYLINDRICAL_SURFACE ( 'NONE', #3163, 2.000000000000000000 ) ;
#1381 = LINE ( 'NONE', #1419, #855 ) ;
#1382 = VERTEX_POINT ( 'NONE', #3798 ) ;
#1383 = LINE ( 'NONE', #3196, #3504 ) ;
#1384 = AXIS2_PLACEMENT_3D ( 'NONE', #4366, #269, #1644 ) ;
#1385 = LINE ( 'NONE', #2825, #4158 ) ;
#1386 = ORIENTED_EDGE ( 'NONE', *, *, #3958, .T. ) ;
#1387 = VECTOR ( 'NONE', #2832, 1000.000000000000000 ) ;
#1388 = ORIENTED_EDGE ( 'NONE', *, *, #3564, .T. ) ;
#1389 = VERTEX_POINT ( 'NONE', #4182 ) ;
#1390 = LINE ( 'NONE', #4177, #2432 ) ;
#1391 = CARTESIAN_POINT ( 'NONE',  ( 0.000000000000000000, 0.000000000000000000, 0.000000000000000000 ) ) ;
#1392 = LINE ( 'NONE', #2464, #4086 ) ;
#1393 = LINE ( 'NONE', #3162, #3371 ) ;
#1394 = ORIENTED_EDGE ( 'NONE', *, *, #486, .T. ) ;
#1395 = DIRECTION ( 'NONE',  ( -0.000000000000000000, 1.000000000000000000, -0.000000000000000000 ) ) ;
#1396 = EDGE_CURVE ( 'NONE', #675, #460, #3839, .T. ) ;
#1397 = FACE_OUTER_BOUND ( 'NONE', #1477, .T. ) ;
#1398 = ADVANCED_FACE ( 'NONE', ( #1024 ), #17, .T. ) ;
#1399 = ORIENTED_EDGE ( 'NONE', *, *, #4065, .F. ) ;
#1400 = CARTESIAN_POINT ( 'NONE',  ( -1.007874484620008726, 1.600000000000000089, -1.727480542076220260 ) ) ;
#1401 = CARTESIAN_POINT ( 'NONE',  ( 0.5675126386054000216, 3.299999999999999378, 1.746624304974999875 ) ) ;
#1402 = ORIENTED_EDGE ( 'NONE', *, *, #514, .F. ) ;
#1403 = CARTESIAN_POINT ( 'NONE',  ( 0.2000000000000000111, 3.299999999999999822, -1.989974874212999900 ) ) ;
#1404 = ORIENTED_EDGE ( 'NONE', *, *, #4367, .F. ) ;
#1405 = ORIENTED_EDGE ( 'NONE', *, *, #561, .F. ) ;
#1406 = CARTESIAN_POINT ( 'NONE',  ( 0.000000000000000000, 3.299999999999999822, 0.000000000000000000 ) ) ;
#1407 = ORIENTED_EDGE ( 'NONE', *, *, #814, .F. ) ;
#1408 = CARTESIAN_POINT ( 'NONE',  ( 1.989974874213225053, 1.600000000000000089, 0.2000000000001501410 ) ) ;
#1409 = DIRECTION ( 'NONE',  ( 0.6087614290087246527, 0.000000000000000000, 0.7933533402912321675 ) ) ;
#1410 = DIRECTION ( 'NONE',  ( -0.2840153447039865942, 0.000000000000000000, 0.9588197348681741783 ) ) ;
#1411 = ORIENTED_EDGE ( 'NONE', *, *, #3269, .F. ) ;
#1412 = DIRECTION ( 'NONE',  ( 0.02617694830783610926, 0.000000000000000000, -0.9996573249755582591 ) ) ;
#1413 = CARTESIAN_POINT ( 'NONE',  ( -1.727480542075999992, 0.8000000000000000444, -1.007874484620000066 ) ) ;
#1414 = EDGE_CURVE ( 'NONE', #2773, #2814, #2446, .T. ) ;
#1415 = ORIENTED_EDGE ( 'NONE', *, *, #1774, .T. ) ;
#1416 = LINE ( 'NONE', #2774, #3388 ) ;
#1417 = EDGE_CURVE ( 'NONE', #184, #3769, #2092, .T. ) ;
#1418 = EDGE_CURVE ( 'NONE', #1034, #1462, #3464, .T. ) ;
#1419 = CARTESIAN_POINT ( 'NONE',  ( -1.746624304975000097, 2.600000000000000533, 0.5675126386054000216 ) ) ;
#1420 = CARTESIAN_POINT ( 'NONE',  ( 0.000000000000000000, 2.600000000000000533, 0.000000000000000000 ) ) ;
#1421 = AXIS2_PLACEMENT_3D ( 'NONE', #309, #1975, #3394 ) ;
#1422 = ORIENTED_EDGE ( 'NONE', *, *, #1110, .T. ) ;
#1423 = EDGE_CURVE ( 'NONE', #941, #942, #2112, .T. ) ;
#1424 = CARTESIAN_POINT ( 'NONE',  ( -0.4247247512519999879, 2.600000000000000533, -1.954381970259000179 ) ) ;
#1425 = CIRCLE ( 'NONE', #2145, 2.000000000000000000 ) ;
#1426 = VECTOR ( 'NONE', #2971, 1000.000000000000000 ) ;
#1427 = ORIENTED_EDGE ( 'NONE', *, *, #3707, .T. ) ;
#1428 = ORIENTED_EDGE ( 'NONE', *, *, #546, .F. ) ;
#1429 = CIRCLE ( 'NONE', #2008, 1.750000000000000000 ) ;
#1430 = AXIS2_PLACEMENT_3D ( 'NONE', #94, #2936, #3520 ) ;
#1431 = ORIENTED_EDGE ( 'NONE', *, *, #1007, .F. ) ;
#1432 = CARTESIAN_POINT ( 'NONE',  ( 0.4247247512519999879, 0.000000000000000000, 1.954381970259000179 ) ) ;
#1433 = CARTESIAN_POINT ( 'NONE',  ( -0.2000000000000000111, 0.000000000000000000, 1.989974874212999900 ) ) ;
#1434 = VECTOR ( 'NONE', #3608, 1000.000000000000227 ) ;
#1435 = AXIS2_PLACEMENT_3D ( 'NONE', #939, #914, #290 ) ;
#1436 = DIRECTION ( 'NONE',  ( -0.000000000000000000, 1.000000000000000000, -0.000000000000000000 ) ) ;
#1437 = EDGE_LOOP ( 'NONE', ( #2206, #581, #2300, #1911 ) ) ;
#1438 = DIRECTION ( 'NONE',  ( -0.2840153447038998857, 0.000000000000000000, 0.9588197348681997134 ) ) ;
#1439 = DIRECTION ( 'NONE',  ( 0.8241261886220260235, 0.000000000000000000, 0.5664062369248178408 ) ) ;
#1440 = DIRECTION ( 'NONE',  ( 0.2840153447039865942, 0.000000000000000000, 0.9588197348681741783 ) ) ;
#1441 = FACE_OUTER_BOUND ( 'NONE', #492, .T. ) ;
#1442 = VERTEX_POINT ( 'NONE', #2788 ) ;
#1443 = VECTOR ( 'NONE', #1196, 1000.000000000000000 ) ;
#1444 = LINE ( 'NONE', #1096, #422 ) ;
#1445 = DIRECTION ( 'NONE',  ( 0.000000000000000000, 0.000000000000000000, -1.000000000000000000 ) ) ;
#1446 = CARTESIAN_POINT ( 'NONE',  ( -1.746624304975000097, 0.000000000000000000, 0.5675126386054000216 ) ) ;
#1447 = ORIENTED_EDGE ( 'NONE', *, *, #2628, .T. ) ;
#1448 = CARTESIAN_POINT ( 'NONE',  ( -0.4247247512519634616, 1.600000000000000089, -1.954381970259129853 ) ) ;
#1449 = EDGE_CURVE ( 'NONE', #2554, #4455, #2400, .T. ) ;
#1450 = ADVANCED_FACE ( 'NONE', ( #4161 ), #3858, .F. ) ;
#1451 = ORIENTED_EDGE ( 'NONE', *, *, #4069, .F. ) ;
#1452 = EDGE_LOOP ( 'NONE', ( #741, #1657, #3261, #913 ) ) ;
#1453 = ORIENTED_EDGE ( 'NONE', *, *, #758, .F. ) ;
#1454 = LINE ( 'NONE', #4152, #2013 ) ;
#1455 = DIRECTION ( 'NONE',  ( 0.000000000000000000, -1.000000000000000000, 0.000000000000000000 ) ) ;
#1456 = DIRECTION ( 'NONE',  ( 0.8241261886220260235, 0.000000000000000000, 0.5664062369248178408 ) ) ;
#1457 = DIRECTION ( 'NONE',  ( -0.3338068592325834083, 0.000000000000000000, -0.9426414910925988710 ) ) ;
#1458 = VECTOR ( 'NONE', #1622, 1000.000000000000000 ) ;
#1459 = ORIENTED_EDGE ( 'NONE', *, *, #571, .F. ) ;
#1460 = DIRECTION ( 'NONE',  ( -0.000000000000000000, -1.000000000000000000, -0.000000000000000000 ) ) ;
#1461 = DIRECTION ( 'NONE',  ( 0.000000000000000000, -1.000000000000000000, -0.000000000000000000 ) ) ;
#1462 = VERTEX_POINT ( 'NONE', #3502 ) ;
#1463 = CARTESIAN_POINT ( 'NONE',  ( -1.989974874213041645, 1.600000000000000089, 0.2000000000001879719 ) ) ;
#1464 = CARTESIAN_POINT ( 'NONE',  ( 0.000000000000000000, 0.8000000000000000444, 0.000000000000000000 ) ) ;
#1465 = PLANE ( 'NONE',  #3745 ) ;
#1466 = ORIENTED_EDGE ( 'NONE', *, *, #655, .T. ) ;
#1467 = DIRECTION ( 'NONE',  ( 0.000000000000000000, -1.000000000000000000, 0.000000000000000000 ) ) ;
#1468 = VERTEX_POINT ( 'NONE', #4204 ) ;
#1469 = ORIENTED_EDGE ( 'NONE', *, *, #209, .F. ) ;
#1470 = DIRECTION ( 'NONE',  ( -0.2840153447038998857, 0.000000000000000000, -0.9588197348681997134 ) ) ;
#1471 = EDGE_CURVE ( 'NONE', #2670, #3965, #2815, .T. ) ;
#1472 = ORIENTED_EDGE ( 'NONE', *, *, #2135, .T. ) ;
#1473 = EDGE_CURVE ( 'NONE', #2241, #2440, #417, .T. ) ;
#1474 = DIRECTION ( 'NONE',  ( 0.000000000000000000, 1.000000000000000000, 0.000000000000000000 ) ) ;
#1475 = PLANE ( 'NONE',  #2101 ) ;
#1476 = DIRECTION ( 'NONE',  ( -0.000000000000000000, 1.000000000000000000, -0.000000000000000000 ) ) ;
#1477 = EDGE_LOOP ( 'NONE', ( #4447, #2314, #2709, #827 ) ) ;
#1478 = EDGE_CURVE ( 'NONE', #2910, #1914, #2151, .T. ) ;
#1479 = CARTESIAN_POINT ( 'NONE',  ( 2.143131898507868297E-16, 1.600000000000000089, 1.750000000000000000 ) ) ;
#1480 = CARTESIAN_POINT ( 'NONE',  ( 1.830775172509081949, 3.299999999999999822, -0.8051473577702040751 ) ) ;
#1481 = ORIENTED_EDGE ( 'NONE', *, *, #2433, .F. ) ;
#1482 = CARTESIAN_POINT ( 'NONE',  ( 0.000000000000000000, 0.000000000000000000, 0.000000000000000000 ) ) ;
#1483 = DIRECTION ( 'NONE',  ( -0.9426414910925988710, 0.000000000000000000, 0.3338068592325834083 ) ) ;
#1484 = ORIENTED_EDGE ( 'NONE', *, *, #2351, .F. ) ;
#1485 = DIRECTION ( 'NONE',  ( 0.8241261886216834087, 0.000000000000000000, -0.5664062369253162199 ) ) ;
#1486 = ORIENTED_EDGE ( 'NONE', *, *, #2916, .T. ) ;
#1487 = CARTESIAN_POINT ( 'NONE',  ( 1.331481282369999963, 0.000000000000000000, -1.492366441159000079 ) ) ;
#1488 = CARTESIAN_POINT ( 'NONE',  ( 1.746624304974971231, 2.600000000000000533, -0.5675126386053581662 ) ) ;
#1489 = LINE ( 'NONE', #2260, #1443 ) ;
#1490 = VERTEX_POINT ( 'NONE', #1822 ) ;
#1491 = AXIS2_PLACEMENT_3D ( 'NONE', #1446, #1191, #2237 ) ;
#1492 = ORIENTED_EDGE ( 'NONE', *, *, #479, .F. ) ;
#1493 = CARTESIAN_POINT ( 'NONE',  ( 1.954381970259129853, 0.8000000000000000444, -0.4247247512519635171 ) ) ;
#1494 = AXIS2_PLACEMENT_3D ( 'NONE', #4444, #1369, #4409 ) ;
#1496 = LINE ( 'NONE', #553, #566 ) ;
#1495 = VECTOR ( 'NONE', #3493, 1000.000000000000227 ) ;
#1497 = DIRECTION ( 'NONE',  ( 0.000000000000000000, 0.000000000000000000, -1.000000000000000000 ) ) ;
#1498 = CARTESIAN_POINT ( 'NONE',  ( 1.079473186051000289, 0.000000000000000000, -1.485767376914000071 ) ) ;
#1499 = AXIS2_PLACEMENT_3D ( 'NONE', #1207, #1236, #1912 ) ;
#1500 = VECTOR ( 'NONE', #1847, 1000.000000000000114 ) ;
#1501 = ORIENTED_EDGE ( 'NONE', *, *, #187, .F. ) ;
#1502 = VECTOR ( 'NONE', #1660, 1000.000000000000114 ) ;
#1503 = DIRECTION ( 'NONE',  ( -0.02617694830786888513, 0.000000000000000000, 0.9996573249755574819 ) ) ;
#1504 = CIRCLE ( 'NONE', #1499, 2.000000000000000000 ) ;
#1505 = DIRECTION ( 'NONE',  ( 0.000000000000000000, 0.000000000000000000, -1.000000000000000000 ) ) ;
#1506 = CIRCLE ( 'NONE', #3515, 2.000000000000000000 ) ;
#1507 = ADVANCED_FACE ( 'NONE', ( #3187, #3777 ), #686, .T. ) ;
#1508 = ORIENTED_EDGE ( 'NONE', *, *, #620, .F. ) ;
#1509 = DIRECTION ( 'NONE',  ( 0.000000000000000000, 1.000000000000000000, -0.000000000000000000 ) ) ;
#1510 = CARTESIAN_POINT ( 'NONE',  ( 1.079473186050992961, 0.8000000000000002665, 1.485767376913997850 ) ) ;
#1511 = CIRCLE ( 'NONE', #3671, 2.000000000000000000 ) ;
#1512 = ORIENTED_EDGE ( 'NONE', *, *, #2329, .T. ) ;
#1513 = CARTESIAN_POINT ( 'NONE',  ( 0.000000000000000000, 1.600000000000000089, 0.000000000000000000 ) ) ;
#1514 = DIRECTION ( 'NONE',  ( 0.000000000000000000, -1.000000000000000000, 0.000000000000000000 ) ) ;
#1515 = DIRECTION ( 'NONE',  ( 0.000000000000000000, 0.000000000000000000, -1.000000000000000000 ) ) ;
#1516 = PLANE ( 'NONE',  #3796 ) ;
#1517 = PLANE ( 'NONE',  #1204 ) ;
#1518 = CARTESIAN_POINT ( 'NONE',  ( 0.4247247512519511381, 3.299999999999999822, 1.954381970259071677 ) ) ;
#1519 = VERTEX_POINT ( 'NONE', #1479 ) ;
#1520 = ORIENTED_EDGE ( 'NONE', *, *, #1414, .T. ) ;
#1521 = DIRECTION ( 'NONE',  ( 0.9588197348681997134, 0.000000000000000000, -0.2840153447038998857 ) ) ;
#1522 = CARTESIAN_POINT ( 'NONE',  ( 0.000000000000000000, 0.000000000000000000, 0.000000000000000000 ) ) ;
#1523 = CARTESIAN_POINT ( 'NONE',  ( 0.000000000000000000, 0.000000000000000000, -1.750000000000000000 ) ) ;
#1524 = CARTESIAN_POINT ( 'NONE',  ( -1.989974874213212841, 2.600000000000000533, 0.2000000000002693512 ) ) ;
#1525 = VERTEX_POINT ( 'NONE', #4253 ) ;
#1526 = DIRECTION ( 'NONE',  ( 0.02617694830786888166, 0.000000000000000000, 0.9996573249755573709 ) ) ;
#1527 = CARTESIAN_POINT ( 'NONE',  ( -9.963817965141785749E-14, 0.000000000000000000, -1.836509476617129932 ) ) ;
#1528 = AXIS2_PLACEMENT_3D ( 'NONE', #4456, #669, #2382 ) ;
#1529 = ORIENTED_EDGE ( 'NONE', *, *, #564, .F. ) ;
#1530 = VECTOR ( 'NONE', #3098, 1000.000000000000114 ) ;
#1531 = EDGE_CURVE ( 'NONE', #675, #3256, #4451, .T. ) ;
#1532 = EDGE_LOOP ( 'NONE', ( #4269, #3903, #700, #471 ) ) ;
#1533 = EDGE_CURVE ( 'NONE', #1914, #610, #3961, .T. ) ;
#1534 = CARTESIAN_POINT ( 'NONE',  ( 0.000000000000000000, 0.000000000000000000, 0.000000000000000000 ) ) ;
#1535 = EDGE_CURVE ( 'NONE', #3093, #3797, #568, .T. ) ;
#1536 = DIRECTION ( 'NONE',  ( 0.3338068592325834083, 0.000000000000000000, 0.9426414910925988710 ) ) ;
#1537 = ORIENTED_EDGE ( 'NONE', *, *, #2192, .F. ) ;
#1538 = PLANE ( 'NONE',  #2286 ) ;
#1539 = DIRECTION ( 'NONE',  ( 0.000000000000000000, 0.000000000000000000, -1.000000000000000000 ) ) ;
#1540 = CARTESIAN_POINT ( 'NONE',  ( 1.331481282369999963, 1.600000000000000089, 1.492366441159000079 ) ) ;
#1541 = CARTESIAN_POINT ( 'NONE',  ( 1.492366441159074686, 3.299999999999999822, -1.331481282370202246 ) ) ;
#1542 = DIRECTION ( 'NONE',  ( 0.000000000000000000, 0.000000000000000000, -1.000000000000000000 ) ) ;
#1543 = VERTEX_POINT ( 'NONE', #825 ) ;
#1544 = ORIENTED_EDGE ( 'NONE', *, *, #3813, .T. ) ;
#1545 = DIRECTION ( 'NONE',  ( -0.02617694830786888166, 0.000000000000000000, -0.9996573249755573709 ) ) ;
#1546 = DIRECTION ( 'NONE',  ( 0.000000000000000000, -1.000000000000000000, 0.000000000000000000 ) ) ;
#1547 = APPLICATION_PROTOCOL_DEFINITION ( 'draft international standard', 'automotive_design', 1998, #1253 ) ;
#1548 = CARTESIAN_POINT ( 'NONE',  ( 0.8051473577701000472, 0.000000000000000000, -1.830775172509000015 ) ) ;
#1549 = VERTEX_POINT ( 'NONE', #875 ) ;
#1550 = DIRECTION ( 'NONE',  ( 0.9996573249755574819, 0.000000000000000000, 0.02617694830786888513 ) ) ;
#1551 = DIRECTION ( 'NONE',  ( 0.000000000000000000, -1.000000000000000000, -0.000000000000000000 ) ) ;
#1552 = ORIENTED_EDGE ( 'NONE', *, *, #690, .T. ) ;
#1553 = ORIENTED_EDGE ( 'NONE', *, *, #3599, .T. ) ;
#1554 = CARTESIAN_POINT ( 'NONE',  ( -1.954381970259000179, 0.000000000000000000, 0.4247247512519999879 ) ) ;
#1555 = CARTESIAN_POINT ( 'NONE',  ( 0.8051473577701000472, 3.299999999999999822, -1.830775172509000015 ) ) ;
#1556 = ORIENTED_EDGE ( 'NONE', *, *, #2613, .F. ) ;
#1557 = EDGE_CURVE ( 'NONE', #1824, #3574, #1137, .T. ) ;
#1558 = CARTESIAN_POINT ( 'NONE',  ( -0.5675126386055077132, 0.000000000000000000, 1.746624304974695896 ) ) ;
#1559 = DIRECTION ( 'NONE',  ( 0.000000000000000000, 0.000000000000000000, -1.000000000000000000 ) ) ;
#1560 = DIRECTION ( 'NONE',  ( -0.000000000000000000, 1.000000000000000000, 0.000000000000000000 ) ) ;
#1561 = EDGE_CURVE ( 'NONE', #1330, #3271, #1504, .T. ) ;
#1562 = ADVANCED_FACE ( 'NONE', ( #555 ), #3603, .F. ) ;
#1563 = FACE_OUTER_BOUND ( 'NONE', #3344, .T. ) ;
#1564 = ORIENTED_EDGE ( 'NONE', *, *, #1259, .F. ) ;
#1565 = ORIENTED_EDGE ( 'NONE', *, *, #2833, .F. ) ;
#1566 = CARTESIAN_POINT ( 'NONE',  ( -1.746624304974898845, 3.299999999999999378, -0.5675126386054361038 ) ) ;
#1567 = CARTESIAN_POINT ( 'NONE',  ( 1.492366441159000079, 0.8000000000000000444, -1.331481282369999963 ) ) ;
#1568 =( LENGTH_UNIT ( ) NAMED_UNIT ( * ) SI_UNIT ( .MILLI., .METRE. ) );
#1569 = AXIS2_PLACEMENT_3D ( 'NONE', #4421, #3342, #4015 ) ;
#1570 = AXIS2_PLACEMENT_3D ( 'NONE', #4413, #3378, #264 ) ;
#1571 = VERTEX_POINT ( 'NONE', #3283 ) ;
#1572 = DIRECTION ( 'NONE',  ( -0.000000000000000000, 1.000000000000000000, -0.000000000000000000 ) ) ;
#1573 = CARTESIAN_POINT ( 'NONE',  ( 1.492366441159000079, 0.000000000000000000, 1.331481282369999963 ) ) ;
#1574 = VECTOR ( 'NONE', #2258, 1000.000000000000000 ) ;
#1575 = VECTOR ( 'NONE', #462, 1000.000000000000114 ) ;
#1576 = ORIENTED_EDGE ( 'NONE', *, *, #102, .F. ) ;
#1577 = AXIS2_PLACEMENT_3D ( 'NONE', #3409, #2185, #660 ) ;
#1578 = AXIS2_PLACEMENT_3D ( 'NONE', #735, #1113, #1438 ) ;
#1579 = VERTEX_POINT ( 'NONE', #2588 ) ;
#1580 = AXIS2_PLACEMENT_3D ( 'NONE', #1585, #3697, #2278 ) ;
#1581 = CARTESIAN_POINT ( 'NONE',  ( -1.485767376913997184, 2.600000000000001421, -1.079473186051000289 ) ) ;
#1582 = AXIS2_PLACEMENT_3D ( 'NONE', #1534, #4100, #1309 ) ;
#1583 = ORIENTED_EDGE ( 'NONE', *, *, #3813, .F. ) ;
#1584 = CARTESIAN_POINT ( 'NONE',  ( -1.830775172509304438, 0.000000000000000000, 0.8051473577699924666 ) ) ;
#1585 = CARTESIAN_POINT ( 'NONE',  ( 0.5675126386054000216, 0.000000000000000000, -1.746624304975000097 ) ) ;
#1586 = DIRECTION ( 'NONE',  ( 0.000000000000000000, -1.000000000000000000, 0.000000000000000000 ) ) ;
#1587 = VERTEX_POINT ( 'NONE', #2907 ) ;
#1588 = ORIENTED_EDGE ( 'NONE', *, *, #2824, .F. ) ;
#1589 = EDGE_CURVE ( 'NONE', #3189, #1628, #3575, .T. ) ;
#1590 = EDGE_LOOP ( 'NONE', ( #3264, #517 ) ) ;
#1591 = DIRECTION ( 'NONE',  ( 0.7933533402908369281, 0.000000000000000000, -0.6087614290092395741 ) ) ;
#1592 = CARTESIAN_POINT ( 'NONE',  ( -1.989974874213237710, 0.000000000000000000, 0.2000000000000250189 ) ) ;
#1593 = EDGE_CURVE ( 'NONE', #248, #3117, #1286, .T. ) ;
#1594 = CARTESIAN_POINT ( 'NONE',  ( 0.8051473577701266926, 0.8000000000000000444, 1.830775172509180537 ) ) ;
#1595 = ORIENTED_EDGE ( 'NONE', *, *, #1002, .T. ) ;
#1596 = LINE ( 'NONE', #4000, #2589 ) ;
#1597 = CARTESIAN_POINT ( 'NONE',  ( 1.007874484620000066, 3.299999999999999822, 1.727480542075999992 ) ) ;
#1598 = EDGE_LOOP ( 'NONE', ( #3385, #4128, #2592, #603 ) ) ;
#1599 = EDGE_LOOP ( 'NONE', ( #1484, #615, #4184, #2270 ) ) ;
#1600 = CARTESIAN_POINT ( 'NONE',  ( 0.000000000000000000, 2.600000000000000533, 0.000000000000000000 ) ) ;
#1601 = AXIS2_PLACEMENT_3D ( 'NONE', #1391, #1817, #4112 ) ;
#1602 = EDGE_LOOP ( 'NONE', ( #2411, #584, #1835, #3541 ) ) ;
#1603 = CARTESIAN_POINT ( 'NONE',  ( 1.989974874212999900, 0.000000000000000000, 0.2000000000000000111 ) ) ;
#1604 = DIRECTION ( 'NONE',  ( -0.9588197348681997134, 0.000000000000000000, 0.2840153447038998857 ) ) ;
#1605 = LINE ( 'NONE', #2965, #3370 ) ;
#1606 = VERTEX_POINT ( 'NONE', #1888 ) ;
#1607 = ORIENTED_EDGE ( 'NONE', *, *, #3142, .T. ) ;
#1608 = CARTESIAN_POINT ( 'NONE',  ( 0.000000000000000000, 1.600000000000000089, 0.000000000000000000 ) ) ;
#1609 = ORIENTED_EDGE ( 'NONE', *, *, #2976, .F. ) ;
#1610 = DIRECTION ( 'NONE',  ( -0.8241261886216834087, 0.000000000000000000, 0.5664062369253162199 ) ) ;
#1611 = CARTESIAN_POINT ( 'NONE',  ( 0.000000000000000000, 2.600000000000000533, 0.000000000000000000 ) ) ;
#1612 = EDGE_CURVE ( 'NONE', #4455, #238, #3262, .T. ) ;
#1613 = EDGE_CURVE ( 'NONE', #4336, #2959, #2955, .T. ) ;
#1614 = EDGE_CURVE ( 'NONE', #4388, #2242, #2609, .T. ) ;
#1615 = PLANE ( 'NONE',  #1052 ) ;
#1616 = EDGE_LOOP ( 'NONE', ( #1762, #3865, #170, #1431 ) ) ;
#1617 = CARTESIAN_POINT ( 'NONE',  ( -1.492366441159003854, 2.600000000000000533, -1.331481282370138741 ) ) ;
#1618 = DIRECTION ( 'NONE',  ( 0.000000000000000000, 0.000000000000000000, -1.000000000000000000 ) ) ;
#1619 = ORIENTED_EDGE ( 'NONE', *, *, #601, .T. ) ;
#1620 = EDGE_CURVE ( 'NONE', #1759, #1034, #1932, .T. ) ;
#1621 = ORIENTED_EDGE ( 'NONE', *, *, #2252, .F. ) ;
#1622 = DIRECTION ( 'NONE',  ( 0.000000000000000000, -1.000000000000000000, -0.000000000000000000 ) ) ;
#1623 = VERTEX_POINT ( 'NONE', #1870 ) ;
#1624 = DIRECTION ( 'NONE',  ( 0.000000000000000000, -1.000000000000000000, 0.000000000000000000 ) ) ;
#1625 = LINE ( 'NONE', #211, #2877 ) ;
#1626 = DIRECTION ( 'NONE',  ( -0.02617694830786888513, 0.000000000000000000, 0.9996573249755574819 ) ) ;
#1627 = EDGE_LOOP ( 'NONE', ( #4190, #2455, #405, #4022 ) ) ;
#1628 = VERTEX_POINT ( 'NONE', #107 ) ;
#1629 = DIRECTION ( 'NONE',  ( -0.5664062369253162199, 0.000000000000000000, 0.8241261886216834087 ) ) ;
#1630 = ORIENTED_EDGE ( 'NONE', *, *, #3507, .T. ) ;
#1631 = CARTESIAN_POINT ( 'NONE',  ( 1.746624304974898845, 0.8000000000000000444, 0.5675126386054359928 ) ) ;
#1632 = DIRECTION ( 'NONE',  ( 0.000000000000000000, -1.000000000000000000, 0.000000000000000000 ) ) ;
#1633 = LINE ( 'NONE', #4428, #2768 ) ;
#1634 = ORIENTED_EDGE ( 'NONE', *, *, #3269, .T. ) ;
#1635 = DIRECTION ( 'NONE',  ( -0.2840153447038999412, 0.000000000000000000, -0.9588197348681998244 ) ) ;
#1636 = CARTESIAN_POINT ( 'NONE',  ( 0.5675126386054000216, 0.8000000000000000444, -1.746624304975000097 ) ) ;
#1637 = DIRECTION ( 'NONE',  ( 0.000000000000000000, -1.000000000000000000, 0.000000000000000000 ) ) ;
#1638 = EDGE_CURVE ( 'NONE', #2988, #3221, #4225, .T. ) ;
#1639 = VECTOR ( 'NONE', #3030, 1000.000000000000000 ) ;
#1640 = AXIS2_PLACEMENT_3D ( 'NONE', #1406, #799, #4129 ) ;
#1641 = ORIENTED_EDGE ( 'NONE', *, *, #1839, .T. ) ;
#1642 = ORIENTED_EDGE ( 'NONE', *, *, #976, .F. ) ;
#1643 = ADVANCED_FACE ( 'NONE', ( #3888 ), #177, .F. ) ;
#1644 = DIRECTION ( 'NONE',  ( 0.000000000000000000, 0.000000000000000000, -1.000000000000000000 ) ) ;
#1645 = AXIS2_PLACEMENT_3D ( 'NONE', #4021, #4169, #2476 ) ;
#1646 = AXIS2_PLACEMENT_3D ( 'NONE', #2646, #3748, #284 ) ;
#1647 = EDGE_CURVE ( 'NONE', #4435, #2910, #465, .T. ) ;
#1648 = EDGE_CURVE ( 'NONE', #4353, #2413, #128, .T. ) ;
#1649 = VECTOR ( 'NONE', #1610, 1000.000000000000114 ) ;
#1650 = ORIENTED_EDGE ( 'NONE', *, *, #3812, .T. ) ;
#1651 = CARTESIAN_POINT ( 'NONE',  ( -3.321272655047261706E-14, 2.600000000000000533, -1.836509476617043335 ) ) ;
#1652 = AXIS2_PLACEMENT_3D ( 'NONE', #2548, #862, #1559 ) ;
#1653 = VECTOR ( 'NONE', #2711, 1000.000000000000000 ) ;
#1654 = VECTOR ( 'NONE', #2354, 1000.000000000000000 ) ;
#1655 = CARTESIAN_POINT ( 'NONE',  ( -1.830775172509000015, 3.299999999999999822, -0.8051473577701000472 ) ) ;
#1656 = DIRECTION ( 'NONE',  ( 0.9996573249755573709, 0.000000000000000000, 0.02617694830786888166 ) ) ;
#1657 = ORIENTED_EDGE ( 'NONE', *, *, #15, .F. ) ;
#1658 = ORIENTED_EDGE ( 'NONE', *, *, #3736, .T. ) ;
#1659 = CARTESIAN_POINT ( 'NONE',  ( 1.331481282369999741, 0.000000000000000000, 1.492366441159008295 ) ) ;
#1660 = DIRECTION ( 'NONE',  ( 0.02617694830783610926, 0.000000000000000000, -0.9996573249755582591 ) ) ;
#1661 = FACE_OUTER_BOUND ( 'NONE', #3630, .T. ) ;
#1662 = VERTEX_POINT ( 'NONE', #847 ) ;
#1663 = CLOSED_SHELL ( 'NONE', ( #974, #1917, #759, #1699, #1346, #873, #336, #95, #3210, #41, #1921, #2218, #1643, #4007, #1109, #4039, #2634, #373, #3625, #4194, #1195, #2856, #159, #787, #946, #2518, #40, #4230, #266, #3350, #956, #2997, #425, #3422, #2139, #2551, #1722, #3952, #2305, #1753, #2751, #3031, #3328, #183, #3205, #4342, #1833, #3675, #1163, #3023, #1840, #1672, #20, #4256, #515, #2695, #1192, #1562, #872, #1866, #3960, #263, #394, #621, #2607, #3267, #2717, #103, #186, #3600, #293, #1507, #3982, #4141, #3457, #320, #3175, #2579, #297, #3324, #1140, #3289, #3152, #2743, #2109, #4197, #4203, #2935, #2459, #3140, #3065, #3623, #3482, #1899, #3919, #1450, #1806, #2893, #350, #3764, #3070, #726, #2855, #2216, #456, #4121, #3202, #751, #4448, #1863, #4044, #4137, #214, #1260, #790, #2854, #754, #3758, #1398, #3539, #2950, #3546, #4288, #697, #3243, #1374, #834, #627, #2802, #1969, #2606, #156, #2969 ) ) ;
#1664 = DIRECTION ( 'NONE',  ( 0.000000000000000000, 1.000000000000000000, -0.000000000000000000 ) ) ;
#1665 = ORIENTED_EDGE ( 'NONE', *, *, #2543, .F. ) ;
#1666 = DIRECTION ( 'NONE',  ( -0.000000000000000000, -1.000000000000000000, -0.000000000000000000 ) ) ;
#1667 = CARTESIAN_POINT ( 'NONE',  ( -1.727480542076220260, 1.600000000000000089, 1.007874484620008726 ) ) ;
#1668 = DIRECTION ( 'NONE',  ( 0.2840153447038998857, 0.000000000000000000, -0.9588197348681997134 ) ) ;
#1669 = DIRECTION ( 'NONE',  ( 0.5664062369248178408, 0.000000000000000000, 0.8241261886220260235 ) ) ;
#1670 = EDGE_LOOP ( 'NONE', ( #1297, #536, #2792, #3359 ) ) ;
#1671 = CARTESIAN_POINT ( 'NONE',  ( -1.007874484619959876, 3.299999999999999822, -1.727480542076136105 ) ) ;
#1672 = ADVANCED_FACE ( 'NONE', ( #3689 ), #4053, .F. ) ;
#1673 = VERTEX_POINT ( 'NONE', #1275 ) ;
#1674 = DIRECTION ( 'NONE',  ( 0.3338068592337900542, 0.000000000000000000, 0.9426414910921716572 ) ) ;
#1675 = EDGE_CURVE ( 'NONE', #452, #4365, #3396, .T. ) ;
#1676 = EDGE_CURVE ( 'NONE', #3574, #2988, #2336, .T. ) ;
#1677 = DIRECTION ( 'NONE',  ( 0.000000000000000000, 0.000000000000000000, -1.000000000000000000 ) ) ;
#1678 = AXIS2_PLACEMENT_3D ( 'NONE', #3759, #1349, #1026 ) ;
#1679 = ORIENTED_EDGE ( 'NONE', *, *, #1050, .T. ) ;
#1680 = ORIENTED_EDGE ( 'NONE', *, *, #3741, .T. ) ;
#1681 = DIRECTION ( 'NONE',  ( -0.9426414910925988710, 0.000000000000000000, 0.3338068592325834083 ) ) ;
#1682 = LINE ( 'NONE', #3052, #1210 ) ;
#1683 = CARTESIAN_POINT ( 'NONE',  ( 0.5675126386054000216, 0.000000000000000000, -1.746624304975000097 ) ) ;
#1684 = EDGE_LOOP ( 'NONE', ( #1564, #3412 ) ) ;
#1685 = LINE ( 'NONE', #3374, #3803 ) ;
#1686 = LINE ( 'NONE', #978, #447 ) ;
#1687 = DIRECTION ( 'NONE',  ( -0.9996573249755574819, 0.000000000000000000, -0.02617694830786888513 ) ) ;
#1688 = DIRECTION ( 'NONE',  ( 0.9426414910921715462, 0.000000000000000000, 0.3338068592337899987 ) ) ;
#1689 = EDGE_LOOP ( 'NONE', ( #3523, #2528, #3247, #3805, #2197, #3050, #4347, #1298, #4108, #2323, #3109, #2015, #997, #2479, #3084, #2769, #2098, #958, #141, #3164, #2990, #4257, #1619, #506, #4422, #386, #2626, #1802, #1422, #3282, #2890, #200, #1836, #2290, #1447, #4252, #1310, #2747, #2175, #4002, #3496, #2926, #3647, #3992, #4004, #982, #3643, #3606, #278, #1077, #3172, #2608, #93, #804, #3766, #962, #2267, #3714, #2858, #656 ) ) ;
#1690 = CARTESIAN_POINT ( 'NONE',  ( 1.007874484619970534, 1.600000000000000089, -1.727480542076139436 ) ) ;
#1691 = ORIENTED_EDGE ( 'NONE', *, *, #619, .F. ) ;
#1692 = LINE ( 'NONE', #3469, #2090 ) ;
#1693 = EDGE_CURVE ( 'NONE', #1842, #3008, #2657, .T. ) ;
#1694 = FACE_BOUND ( 'NONE', #1684, .T. ) ;
#1695 = PRODUCT_DEFINITION ( 'æ™', '', #1711, #3466 ) ;
#1696 = ORIENTED_EDGE ( 'NONE', *, *, #3599, .F. ) ;
#1697 = LINE ( 'NONE', #2038, #3518 ) ;
#1698 = CARTESIAN_POINT ( 'NONE',  ( -1.727480542076139436, 1.600000000000000089, -1.007874484619970534 ) ) ;
#1699 = ADVANCED_FACE ( 'NONE', ( #2652 ), #3056, .T. ) ;
#1700 = LINE ( 'NONE', #2058, #1939 ) ;
#1701 = EDGE_LOOP ( 'NONE', ( #1565, #2803, #1274, #464 ) ) ;
#1702 = DIRECTION ( 'NONE',  ( 0.6087614290092395741, 0.000000000000000000, -0.7933533402908369281 ) ) ;
#1703 = DIRECTION ( 'NONE',  ( 0.000000000000000000, -1.000000000000000000, 0.000000000000000000 ) ) ;
#1704 = PLANE ( 'NONE',  #1295 ) ;
#1705 = ORIENTED_EDGE ( 'NONE', *, *, #242, .F. ) ;
#1706 = CARTESIAN_POINT ( 'NONE',  ( 0.000000000000000000, 0.000000000000000000, 0.000000000000000000 ) ) ;
#1707 = CIRCLE ( 'NONE', #129, 2.000000000000000000 ) ;
#1708 = ORIENTED_EDGE ( 'NONE', *, *, #1978, .T. ) ;
#1709 = CARTESIAN_POINT ( 'NONE',  ( 0.8051473577701000472, 0.000000000000000000, -1.830775172509000015 ) ) ;
#1710 = VECTOR ( 'NONE', #3274, 1000.000000000000227 ) ;
#1711 = PRODUCT_DEFINITION_FORMATION_WITH_SPECIFIED_SOURCE ( 'å¯', '', #1222, .NOT_KNOWN. ) ;
#1712 = FACE_OUTER_BOUND ( 'NONE', #127, .T. ) ;
#1713 = VECTOR ( 'NONE', #1364, 1000.000000000000114 ) ;
#1714 = ORIENTED_EDGE ( 'NONE', *, *, #950, .F. ) ;
#1715 = VECTOR ( 'NONE', #68, 1000.000000000000114 ) ;
#1716 = AXIS2_PLACEMENT_3D ( 'NONE', #1513, #2821, #2895 ) ;
#1718 = LINE ( 'NONE', #363, #2426 ) ;
#1717 = VECTOR ( 'NONE', #252, 1000.000000000000000 ) ;
#1719 = ORIENTED_EDGE ( 'NONE', *, *, #374, .T. ) ;
#1720 = VERTEX_POINT ( 'NONE', #582 ) ;
#1721 = CARTESIAN_POINT ( 'NONE',  ( -1.727480542076168746, 0.000000000000000000, -1.007874484620097322 ) ) ;
#1722 = ADVANCED_FACE ( 'NONE', ( #2718 ), #311, .F. ) ;
#1723 = ORIENTED_EDGE ( 'NONE', *, *, #3075, .F. ) ;
#1724 = EDGE_CURVE ( 'NONE', #1389, #1571, #604, .T. ) ;
#1725 = DIRECTION ( 'NONE',  ( -0.000000000000000000, -1.000000000000000000, -0.000000000000000000 ) ) ;
#1726 = CARTESIAN_POINT ( 'NONE',  ( -1.079473186051000289, 2.600000000000001421, 1.485767376913997184 ) ) ;
#1727 = CYLINDRICAL_SURFACE ( 'NONE', #1278, 2.000000000000000000 ) ;
#1728 = CARTESIAN_POINT ( 'NONE',  ( -0.2000000000000235478, 0.000000000000000000, 1.989974874213237710 ) ) ;
#1729 = AXIS2_PLACEMENT_3D ( 'NONE', #3403, #2753, #3762 ) ;
#1730 = ORIENTED_EDGE ( 'NONE', *, *, #3119, .F. ) ;
#1731 = DIRECTION ( 'NONE',  ( 0.000000000000000000, 0.000000000000000000, -1.000000000000000000 ) ) ;
#1732 = DIRECTION ( 'NONE',  ( 0.000000000000000000, -1.000000000000000000, 0.000000000000000000 ) ) ;
#1733 = ORIENTED_EDGE ( 'NONE', *, *, #3755, .F. ) ;
#1734 = DIRECTION ( 'NONE',  ( 0.000000000000000000, 0.000000000000000000, -1.000000000000000000 ) ) ;
#1735 = PLANE ( 'NONE',  #3086 ) ;
#1736 = ORIENTED_EDGE ( 'NONE', *, *, #339, .T. ) ;
#1737 = VECTOR ( 'NONE', #2928, 1000.000000000000114 ) ;
#1738 = DIRECTION ( 'NONE',  ( 0.000000000000000000, -1.000000000000000000, 0.000000000000000000 ) ) ;
#1739 = VERTEX_POINT ( 'NONE', #4092 ) ;
#1740 = AXIS2_PLACEMENT_3D ( 'NONE', #3551, #1546, #2880 ) ;
#1741 = ORIENTED_EDGE ( 'NONE', *, *, #600, .F. ) ;
#1742 = ORIENTED_EDGE ( 'NONE', *, *, #2406, .F. ) ;
#1743 = DIRECTION ( 'NONE',  ( 0.000000000000000000, 1.000000000000000000, 0.000000000000000000 ) ) ;
#1744 = DIRECTION ( 'NONE',  ( 0.000000000000000000, 0.000000000000000000, -1.000000000000000000 ) ) ;
#1745 = EDGE_CURVE ( 'NONE', #3458, #248, #2627, .T. ) ;
#1746 = CARTESIAN_POINT ( 'NONE',  ( 0.5675126386054000216, 0.000000000000000000, 1.746624304975000097 ) ) ;
#1747 = LINE ( 'NONE', #391, #3012 ) ;
#1748 = EDGE_CURVE ( 'NONE', #254, #638, #4411, .T. ) ;
#1749 = EDGE_CURVE ( 'NONE', #2450, #446, #423, .T. ) ;
#1750 = ORIENTED_EDGE ( 'NONE', *, *, #900, .F. ) ;
#1751 = CARTESIAN_POINT ( 'NONE',  ( 0.000000000000000000, 3.299999999999999822, 0.000000000000000000 ) ) ;
#1752 = PLANE ( 'NONE',  #2529 ) ;
#1753 = ADVANCED_FACE ( 'NONE', ( #245 ), #977, .F. ) ;
#1754 = VERTEX_POINT ( 'NONE', #3016 ) ;
#1755 = PLANE ( 'NONE',  #792 ) ;
#1756 = VECTOR ( 'NONE', #3095, 1000.000000000000000 ) ;
#1757 = DIRECTION ( 'NONE',  ( 0.3338068592337899987, 0.000000000000000000, -0.9426414910921715462 ) ) ;
#1758 = DIRECTION ( 'NONE',  ( 0.9996573249755573709, 0.000000000000000000, -0.02617694830786888166 ) ) ;
#1759 = VERTEX_POINT ( 'NONE', #624 ) ;
#1760 = LINE ( 'NONE', #1055, #776 ) ;
#1761 = DIRECTION ( 'NONE',  ( -0.7933533402912321675, 0.000000000000000000, -0.6087614290087246527 ) ) ;
#1762 = ORIENTED_EDGE ( 'NONE', *, *, #1316, .F. ) ;
#1763 = ORIENTED_EDGE ( 'NONE', *, *, #2996, .T. ) ;
#1764 = ORIENTED_EDGE ( 'NONE', *, *, #1194, .F. ) ;
#1765 = PLANE ( 'NONE',  #2369 ) ;
#1766 = LINE ( 'NONE', #705, #167 ) ;
#1767 = CARTESIAN_POINT ( 'NONE',  ( 0.8051473577699924666, 0.000000000000000000, 1.830775172509304438 ) ) ;
#1768 = DIRECTION ( 'NONE',  ( 0.000000000000000000, -1.000000000000000000, -0.000000000000000000 ) ) ;
#1769 = ORIENTED_EDGE ( 'NONE', *, *, #2938, .F. ) ;
#1770 = DIRECTION ( 'NONE',  ( -0.000000000000000000, -1.000000000000000000, 0.000000000000000000 ) ) ;
#1771 = LINE ( 'NONE', #1801, #4185 ) ;
#1772 = SURFACE_STYLE_FILL_AREA ( #2839 ) ;
#1773 = ORIENTED_EDGE ( 'NONE', *, *, #4341, .F. ) ;
#1774 = EDGE_CURVE ( 'NONE', #2346, #2503, #3751, .T. ) ;
#1775 = CIRCLE ( 'NONE', #2357, 2.000000000000000000 ) ;
#1776 = EDGE_CURVE ( 'NONE', #3495, #554, #665, .T. ) ;
#1777 = DIRECTION ( 'NONE',  ( -0.000000000000000000, 1.000000000000000000, -0.000000000000000000 ) ) ;
#1778 = LINE ( 'NONE', #2049, #2297 ) ;
#1779 = FACE_OUTER_BOUND ( 'NONE', #67, .T. ) ;
#1780 = ORIENTED_EDGE ( 'NONE', *, *, #1030, .F. ) ;
#1781 = VECTOR ( 'NONE', #1410, 1000.000000000000114 ) ;
#1782 = CARTESIAN_POINT ( 'NONE',  ( 1.727480542075999992, 1.600000000000000089, 1.007874484620000066 ) ) ;
#1783 = CARTESIAN_POINT ( 'NONE',  ( -0.2000000000000000111, 0.8000000000000000444, -1.989974874212999900 ) ) ;
#1784 = VECTOR ( 'NONE', #2538, 1000.000000000000114 ) ;
#1785 = CIRCLE ( 'NONE', #2146, 2.000000000000000000 ) ;
#1786 = VECTOR ( 'NONE', #4318, 1000.000000000000000 ) ;
#1787 = EDGE_LOOP ( 'NONE', ( #3991, #22, #326, #1186 ) ) ;
#1788 = ORIENTED_EDGE ( 'NONE', *, *, #4362, .F. ) ;
#1789 = AXIS2_PLACEMENT_3D ( 'NONE', #2837, #712, #756 ) ;
#1790 = DIRECTION ( 'NONE',  ( 0.000000000000000000, 0.000000000000000000, -1.000000000000000000 ) ) ;
#1791 = AXIS2_PLACEMENT_3D ( 'NONE', #4079, #302, #1604 ) ;
#1792 = ORIENTED_EDGE ( 'NONE', *, *, #2776, .T. ) ;
#1793 = CARTESIAN_POINT ( 'NONE',  ( 0.000000000000000000, 5.684341886080801487E-11, 0.000000000000000000 ) ) ;
#1794 = CARTESIAN_POINT ( 'NONE',  ( 0.2000000000002688239, 2.600000000000000533, 1.989974874213212841 ) ) ;
#1795 = VECTOR ( 'NONE', #829, 1000.000000000000000 ) ;
#1796 = VECTOR ( 'NONE', #2977, 1000.000000000000114 ) ;
#1797 = LINE ( 'NONE', #13, #273 ) ;
#1798 = CIRCLE ( 'NONE', #202, 2.000000000000000000 ) ;
#1799 = ORIENTED_EDGE ( 'NONE', *, *, #2381, .F. ) ;
#1800 = FACE_OUTER_BOUND ( 'NONE', #563, .T. ) ;
#1801 = CARTESIAN_POINT ( 'NONE',  ( 0.000000000000000000, 0.000000000000000000, -1.750000000000000000 ) ) ;
#1802 = ORIENTED_EDGE ( 'NONE', *, *, #600, .T. ) ;
#1803 = DIRECTION ( 'NONE',  ( 0.7933533402908369281, 0.000000000000000000, -0.6087614290092395741 ) ) ;
#1804 = LINE ( 'NONE', #3170, #4386 ) ;
#1805 = EDGE_CURVE ( 'NONE', #2339, #1824, #1685, .T. ) ;
#1806 = ADVANCED_FACE ( 'NONE', ( #3728 ), #3310, .F. ) ;
#1807 = EDGE_CURVE ( 'NONE', #1809, #28, #1596, .T. ) ;
#1808 = CARTESIAN_POINT ( 'NONE',  ( 1.485767376914000071, 0.8000000000000000444, -1.079473186051000289 ) ) ;
#1809 = VERTEX_POINT ( 'NONE', #1617 ) ;
#1810 = CARTESIAN_POINT ( 'NONE',  ( 1.331481282370138741, 1.600000000000000089, 1.492366441159007850 ) ) ;
#1811 = CARTESIAN_POINT ( 'NONE',  ( 0.000000000000000000, 0.8000000000000000444, 0.000000000000000000 ) ) ;
#1812 = VERTEX_POINT ( 'NONE', #1408 ) ;
#1813 = ORIENTED_EDGE ( 'NONE', *, *, #4418, .T. ) ;
#1814 = AXIS2_PLACEMENT_3D ( 'NONE', #4412, #1703, #2378 ) ;
#1815 = ORIENTED_EDGE ( 'NONE', *, *, #2580, .F. ) ;
#1816 = LINE ( 'NONE', #4292, #2364 ) ;
#1817 = DIRECTION ( 'NONE',  ( 0.000000000000000000, -1.000000000000000000, 0.000000000000000000 ) ) ;
#1818 = LINE ( 'NONE', #2852, #1353 ) ;
#1819 = DIRECTION ( 'NONE',  ( -0.8241261886216834087, 0.000000000000000000, 0.5664062369253162199 ) ) ;
#1820 = VECTOR ( 'NONE', #2401, 1000.000000000000114 ) ;
#1821 = ORIENTED_EDGE ( 'NONE', *, *, #2251, .F. ) ;
#1822 = CARTESIAN_POINT ( 'NONE',  ( 0.000000000000000000, 0.000000000000000000, -1.500000000000000000 ) ) ;
#1823 = DIRECTION ( 'NONE',  ( -0.9996573249755573709, 0.000000000000000000, 0.02617694830786888166 ) ) ;
#1824 = VERTEX_POINT ( 'NONE', #729 ) ;
#1825 = CARTESIAN_POINT ( 'NONE',  ( -0.4247247512520249124, 0.000000000000000000, -1.954381970259116308 ) ) ;
#1826 = DIRECTION ( 'NONE',  ( -0.2840153447038999412, 0.000000000000000000, 0.9588197348681998244 ) ) ;
#1827 = EDGE_LOOP ( 'NONE', ( #2780, #1901, #3042, #813 ) ) ;
#1828 = DIRECTION ( 'NONE',  ( 0.7933533402908369281, 0.000000000000000000, 0.6087614290092395741 ) ) ;
#1829 = DIRECTION ( 'NONE',  ( -0.000000000000000000, 1.000000000000000000, -0.000000000000000000 ) ) ;
#1830 = ORIENTED_EDGE ( 'NONE', *, *, #2301, .T. ) ;
#1831 = EDGE_CURVE ( 'NONE', #3549, #1606, #2462, .T. ) ;
#1832 = CARTESIAN_POINT ( 'NONE',  ( 0.2000000000000239919, 0.000000000000000000, 1.989974874213237710 ) ) ;
#1833 = ADVANCED_FACE ( 'NONE', ( #30 ), #1765, .F. ) ;
#1834 = PLANE ( 'NONE',  #2813 ) ;
#1835 = ORIENTED_EDGE ( 'NONE', *, *, #4283, .T. ) ;
#1836 = ORIENTED_EDGE ( 'NONE', *, *, #2108, .T. ) ;
#1837 = LINE ( 'NONE', #3206, #1291 ) ;
#1838 = DIRECTION ( 'NONE',  ( 0.000000000000000000, -1.000000000000000000, -0.000000000000000000 ) ) ;
#1839 = EDGE_CURVE ( 'NONE', #3181, #3221, #1454, .T. ) ;
#1840 = ADVANCED_FACE ( 'NONE', ( #1038 ), #3114, .T. ) ;
#1841 = CARTESIAN_POINT ( 'NONE',  ( 1.485767376914000071, 3.299999999999999822, 1.079473186051000289 ) ) ;
#1842 = VERTEX_POINT ( 'NONE', #704 ) ;
#1843 = CARTESIAN_POINT ( 'NONE',  ( -1.485767376914000071, 3.299999999999999822, 1.079473186051000289 ) ) ;
#1844 = DIRECTION ( 'NONE',  ( 0.5664062369248178408, 0.000000000000000000, 0.8241261886220260235 ) ) ;
#1845 = ORIENTED_EDGE ( 'NONE', *, *, #1946, .T. ) ;
#1846 = CARTESIAN_POINT ( 'NONE',  ( 1.746624304975000097, 2.600000000000000533, 0.5675126386054000216 ) ) ;
#1847 = DIRECTION ( 'NONE',  ( 0.000000000000000000, -0.7071067811865474617, -0.7071067811865474617 ) ) ;
#1848 = VERTEX_POINT ( 'NONE', #3413 ) ;
#1849 = CARTESIAN_POINT ( 'NONE',  ( 0.000000000000000000, 3.299999999999999822, 0.000000000000000000 ) ) ;
#1850 = VECTOR ( 'NONE', #1273, 1000.000000000000000 ) ;
#1851 = CARTESIAN_POINT ( 'NONE',  ( 0.000000000000000000, 0.000000000000000000, 0.000000000000000000 ) ) ;
#1852 = VECTOR ( 'NONE', #890, 1000.000000000000114 ) ;
#1853 = DIRECTION ( 'NONE',  ( 0.000000000000000000, 0.000000000000000000, -1.000000000000000000 ) ) ;
#1854 = VERTEX_POINT ( 'NONE', #3817 ) ;
#1855 = AXIS2_PLACEMENT_3D ( 'NONE', #3631, #2685, #2984 ) ;
#1856 = ORIENTED_EDGE ( 'NONE', *, *, #4401, .T. ) ;
#1857 = CARTESIAN_POINT ( 'NONE',  ( 0.000000000000000000, 3.299999999999999822, 0.000000000000000000 ) ) ;
#1858 = AXIS2_PLACEMENT_3D ( 'NONE', #2193, #145, #2526 ) ;
#1860 = FACE_OUTER_BOUND ( 'NONE', #1171, .T. ) ;
#1859 = VECTOR ( 'NONE', #2917, 1000.000000000000114 ) ;
#1861 = DIRECTION ( 'NONE',  ( -0.6087614290092395741, 0.000000000000000000, -0.7933533402908369281 ) ) ;
#1862 = FACE_OUTER_BOUND ( 'NONE', #3627, .T. ) ;
#1863 = ADVANCED_FACE ( 'NONE', ( #49 ), #2741, .T. ) ;
#1864 = VECTOR ( 'NONE', #1572, 1000.000000000000000 ) ;
#1865 = VECTOR ( 'NONE', #3535, 1000.000000000000114 ) ;
#1866 = ADVANCED_FACE ( 'NONE', ( #2087 ), #4198, .T. ) ;
#1867 = EDGE_CURVE ( 'NONE', #2103, #2619, #498, .T. ) ;
#1868 = ORIENTED_EDGE ( 'NONE', *, *, #3121, .T. ) ;
#1869 = VECTOR ( 'NONE', #121, 1000.000000000000114 ) ;
#1870 = CARTESIAN_POINT ( 'NONE',  ( 2.143131898507868297E-16, 0.8000000000000000444, 1.750000000000000000 ) ) ;
#1871 = DIRECTION ( 'NONE',  ( -0.8241261886220260235, 0.000000000000000000, 0.5664062369248178408 ) ) ;
#1872 = ORIENTED_EDGE ( 'NONE', *, *, #1080, .T. ) ;
#1873 = ORIENTED_EDGE ( 'NONE', *, *, #2329, .F. ) ;
#1874 = LINE ( 'NONE', #201, #2156 ) ;
#1875 = LINE ( 'NONE', #763, #1289 ) ;
#1876 = VECTOR ( 'NONE', #2, 1000.000000000000114 ) ;
#1877 = ORIENTED_EDGE ( 'NONE', *, *, #2436, .F. ) ;
#1878 = PLANE ( 'NONE',  #1226 ) ;
#1879 = LINE ( 'NONE', #2457, #640 ) ;
#1880 = LINE ( 'NONE', #1540, #1859 ) ;
#1881 = DIRECTION ( 'NONE',  ( 0.000000000000000000, -1.000000000000000000, 0.000000000000000000 ) ) ;
#1882 = DIRECTION ( 'NONE',  ( 0.000000000000000000, 1.000000000000000000, 0.000000000000000000 ) ) ;
#1883 = ORIENTED_EDGE ( 'NONE', *, *, #1166, .T. ) ;
#1884 = ORIENTED_EDGE ( 'NONE', *, *, #1471, .F. ) ;
#1885 = DIRECTION ( 'NONE',  ( -0.000000000000000000, 1.000000000000000000, -0.000000000000000000 ) ) ;
#1886 = DIRECTION ( 'NONE',  ( 0.9996573249755582591, 0.000000000000000000, 0.02617694830783610926 ) ) ;
#1887 = EDGE_LOOP ( 'NONE', ( #1714, #2053, #3186, #769 ) ) ;
#1888 = CARTESIAN_POINT ( 'NONE',  ( 1.746624304974971231, 1.600000000000000089, -0.5675126386053581662 ) ) ;
#1889 = EDGE_CURVE ( 'NONE', #1164, #3454, #2042, .T. ) ;
#1890 = CARTESIAN_POINT ( 'NONE',  ( -1.727480542075999992, 3.299999999999999822, 1.007874484620000066 ) ) ;
#1891 = UNCERTAINTY_MEASURE_WITH_UNIT (LENGTH_MEASURE( 1.000000000000000082E-05 ), #2516, 'distance_accuracy_value', 'NONE');
#1892 = AXIS2_PLACEMENT_3D ( 'NONE', #357, #1732, #3104 ) ;
#1893 = EDGE_CURVE ( 'NONE', #2423, #3395, #1218, .T. ) ;
#1894 = EDGE_CURVE ( 'NONE', #119, #2849, #1390, .T. ) ;
#1895 = ORIENTED_EDGE ( 'NONE', *, *, #1867, .F. ) ;
#1896 = ORIENTED_EDGE ( 'NONE', *, *, #455, .T. ) ;
#1897 = CARTESIAN_POINT ( 'NONE',  ( 0.000000000000000000, 2.600000000000000533, 0.000000000000000000 ) ) ;
#1898 = CARTESIAN_POINT ( 'NONE',  ( -0.5675126386054000216, 0.000000000000000000, -1.746624304975000097 ) ) ;
#1899 = ADVANCED_FACE ( 'NONE', ( #4111 ), #2784, .F. ) ;
#1900 = EDGE_CURVE ( 'NONE', #2702, #2829, #388, .T. ) ;
#1901 = ORIENTED_EDGE ( 'NONE', *, *, #1535, .T. ) ;
#1902 = PLANE ( 'NONE',  #562 ) ;
#1903 = PLANE ( 'NONE',  #1430 ) ;
#1904 = LINE ( 'NONE', #190, #3963 ) ;
#1905 = ORIENTED_EDGE ( 'NONE', *, *, #4220, .T. ) ;
#1906 = VERTEX_POINT ( 'NONE', #1371 ) ;
#1907 = DIRECTION ( 'NONE',  ( 0.000000000000000000, 0.000000000000000000, -1.000000000000000000 ) ) ;
#1908 = FACE_OUTER_BOUND ( 'NONE', #2558, .T. ) ;
#1909 = CARTESIAN_POINT ( 'NONE',  ( -1.007874484619960098, 2.600000000000000533, -1.727480542076136105 ) ) ;
#1910 = DIRECTION ( 'NONE',  ( 0.3338068592337899987, 0.000000000000000000, 0.9426414910921715462 ) ) ;
#1911 = ORIENTED_EDGE ( 'NONE', *, *, #71, .F. ) ;
#1912 = DIRECTION ( 'NONE',  ( -5.329070518200751394E-15, 0.000000000000000000, -1.000000000000000000 ) ) ;
#1913 = CARTESIAN_POINT ( 'NONE',  ( 1.989974874212999900, 0.000000000000000000, 0.2000000000000000111 ) ) ;
#1914 = VERTEX_POINT ( 'NONE', #1086 ) ;
#1915 = DIRECTION ( 'NONE',  ( -0.6087614290087246527, 0.000000000000000000, -0.7933533402912321675 ) ) ;
#1916 = DIRECTION ( 'NONE',  ( -0.3338068592337900542, 0.000000000000000000, -0.9426414910921716572 ) ) ;
#1917 = ADVANCED_FACE ( 'NONE', ( #408 ), #3444, .F. ) ;
#1918 = ORIENTED_EDGE ( 'NONE', *, *, #1110, .F. ) ;
#1919 = CARTESIAN_POINT ( 'NONE',  ( 1.007874484620008726, 1.600000000000000089, 1.727480542076220260 ) ) ;
#1920 = EDGE_CURVE ( 'NONE', #980, #1187, #3852, .T. ) ;
#1921 = ADVANCED_FACE ( 'NONE', ( #4449 ), #1018, .F. ) ;
#1922 = CARTESIAN_POINT ( 'NONE',  ( 0.000000000000000000, 3.299999999999999822, -1.500000000000000000 ) ) ;
#1923 = DIRECTION ( 'NONE',  ( -0.000000000000000000, 1.000000000000000000, 0.000000000000000000 ) ) ;
#1924 = ORIENTED_EDGE ( 'NONE', *, *, #2605, .T. ) ;
#1925 = ORIENTED_EDGE ( 'NONE', *, *, #2384, .T. ) ;
#1926 = DIRECTION ( 'NONE',  ( 0.000000000000000000, 0.000000000000000000, -1.000000000000000000 ) ) ;
#1927 = CARTESIAN_POINT ( 'NONE',  ( -1.331481282369999741, 0.000000000000000000, -1.492366441159008295 ) ) ;
#1928 = CARTESIAN_POINT ( 'NONE',  ( 1.331481282370126751, 0.000000000000000000, -1.492366441159142187 ) ) ;
#1929 = CIRCLE ( 'NONE', #4229, 1.750000000000000000 ) ;
#1930 = VECTOR ( 'NONE', #441, 1000.000000000000000 ) ;
#1931 = ORIENTED_EDGE ( 'NONE', *, *, #2776, .F. ) ;
#1932 = LINE ( 'NONE', #2559, #3594 ) ;
#1933 = CARTESIAN_POINT ( 'NONE',  ( -1.079473186051000289, 1.600000000000000755, 1.485767376913997184 ) ) ;
#1934 = VECTOR ( 'NONE', #4309, 1000.000000000000000 ) ;
#1935 = ORIENTED_EDGE ( 'NONE', *, *, #102, .T. ) ;
#1936 = VECTOR ( 'NONE', #1591, 1000.000000000000227 ) ;
#1937 = AXIS2_PLACEMENT_3D ( 'NONE', #612, #3632, #1677 ) ;
#1938 = DIRECTION ( 'NONE',  ( 0.8241261886216834087, 0.000000000000000000, -0.5664062369253162199 ) ) ;
#1939 = VECTOR ( 'NONE', #4070, 1000.000000000000114 ) ;
#1940 = ORIENTED_EDGE ( 'NONE', *, *, #3741, .F. ) ;
#1941 = DIRECTION ( 'NONE',  ( 0.000000000000000000, 0.000000000000000000, -1.000000000000000000 ) ) ;
#1942 = DIRECTION ( 'NONE',  ( -0.000000000000000000, 1.000000000000000000, -0.000000000000000000 ) ) ;
#1943 = EDGE_CURVE ( 'NONE', #1468, #4033, #1837, .T. ) ;
#1944 = LINE ( 'NONE', #1655, #3307 ) ;
#1945 = VECTOR ( 'NONE', #3743, 1000.000000000000227 ) ;
#1946 = EDGE_CURVE ( 'NONE', #628, #2339, #3257, .T. ) ;
#1947 = EDGE_CURVE ( 'NONE', #3141, #2395, #3926, .T. ) ;
#1948 = ORIENTED_EDGE ( 'NONE', *, *, #301, .F. ) ;
#1949 = ORIENTED_EDGE ( 'NONE', *, *, #2665, .F. ) ;
#1950 = DIRECTION ( 'NONE',  ( -0.000000000000000000, 1.000000000000000000, 0.000000000000000000 ) ) ;
#1951 = EDGE_LOOP ( 'NONE', ( #3416, #2130, #2913, #3393 ) ) ;
#1952 = CARTESIAN_POINT ( 'NONE',  ( 1.485767376913991855, 0.000000000000000000, 1.079473186051000511 ) ) ;
#1953 = DIRECTION ( 'NONE',  ( 0.000000000000000000, 0.000000000000000000, -1.000000000000000000 ) ) ;
#1954 = EDGE_CURVE ( 'NONE', #3850, #358, #3569, .T. ) ;
#1955 = ORIENTED_EDGE ( 'NONE', *, *, #2974, .T. ) ;
#1956 = DIRECTION ( 'NONE',  ( -0.5664062369248178408, 0.000000000000000000, -0.8241261886220260235 ) ) ;
#1957 = CARTESIAN_POINT ( 'NONE',  ( -1.492366441159074464, 3.299999999999999822, 1.331481282370202468 ) ) ;
#1958 = ORIENTED_EDGE ( 'NONE', *, *, #3983, .F. ) ;
#1959 = ORIENTED_EDGE ( 'NONE', *, *, #2332, .F. ) ;
#1960 = AXIS2_PLACEMENT_3D ( 'NONE', #2340, #3360, #3713 ) ;
#1961 = LINE ( 'NONE', #3338, #2733 ) ;
#1962 = VECTOR ( 'NONE', #3774, 1000.000000000000227 ) ;
#1963 = ORIENTED_EDGE ( 'NONE', *, *, #237, .F. ) ;
#1964 = DIRECTION ( 'NONE',  ( -0.000000000000000000, 1.000000000000000000, 0.000000000000000000 ) ) ;
#1965 = DIRECTION ( 'NONE',  ( 0.000000000000000000, -1.000000000000000000, 0.000000000000000000 ) ) ;
#1966 = LINE ( 'NONE', #3341, #1717 ) ;
#1967 = EDGE_LOOP ( 'NONE', ( #1388, #2980, #3832, #1133 ) ) ;
#1968 = VERTEX_POINT ( 'NONE', #840 ) ;
#1969 = ADVANCED_FACE ( 'NONE', ( #1200 ), #2219, .F. ) ;
#1970 = EDGE_CURVE ( 'NONE', #1906, #1848, #3596, .T. ) ;
#1971 = VERTEX_POINT ( 'NONE', #1493 ) ;
#1972 = CARTESIAN_POINT ( 'NONE',  ( 0.000000000000000000, 2.600000000000000533, 0.000000000000000000 ) ) ;
#1973 = LINE ( 'NONE', #4407, #777 ) ;
#1974 = EDGE_CURVE ( 'NONE', #3468, #3789, #2243, .T. ) ;
#1975 = DIRECTION ( 'NONE',  ( 0.000000000000000000, -1.000000000000000000, 0.000000000000000000 ) ) ;
#1976 = EDGE_CURVE ( 'NONE', #4336, #3131, #439, .T. ) ;
#1977 = ORIENTED_EDGE ( 'NONE', *, *, #539, .F. ) ;
#1978 = EDGE_CURVE ( 'NONE', #3797, #3093, #2294, .T. ) ;
#1979 = DIRECTION ( 'NONE',  ( -0.3338068592325834083, 0.000000000000000000, 0.9426414910925988710 ) ) ;
#1980 = LINE ( 'NONE', #1636, #2322 ) ;
#1981 = VERTEX_POINT ( 'NONE', #529 ) ;
#1982 = PLANE ( 'NONE',  #4016 ) ;
#1983 = ORIENTED_EDGE ( 'NONE', *, *, #3572, .F. ) ;
#1984 = PLANE ( 'NONE',  #1960 ) ;
#1985 = ORIENTED_EDGE ( 'NONE', *, *, #1283, .T. ) ;
#1986 = DIRECTION ( 'NONE',  ( 0.000000000000000000, 0.000000000000000000, -1.000000000000000000 ) ) ;
#1987 = FACE_OUTER_BOUND ( 'NONE', #860, .T. ) ;
#1988 = EDGE_LOOP ( 'NONE', ( #3831, #3595, #2317, #2875 ) ) ;
#1989 = EDGE_LOOP ( 'NONE', ( #4134, #1046, #2591, #4263 ) ) ;
#1990 = FACE_OUTER_BOUND ( 'NONE', #1167, .T. ) ;
#1991 = PLANE ( 'NONE',  #567 ) ;
#1992 = FACE_OUTER_BOUND ( 'NONE', #2057, .T. ) ;
#1993 = CARTESIAN_POINT ( 'NONE',  ( 1.746624304975000097, 3.299999999999999822, -0.5675126386054000216 ) ) ;
#1994 = ORIENTED_EDGE ( 'NONE', *, *, #2134, .T. ) ;
#1995 = DIRECTION ( 'NONE',  ( 0.6087614290092395741, 0.000000000000000000, -0.7933533402908369281 ) ) ;
#1996 = PLANE ( 'NONE',  #953 ) ;
#1997 = CYLINDRICAL_SURFACE ( 'NONE', #2143, 2.000000000000000000 ) ;
#1998 = EDGE_CURVE ( 'NONE', #2103, #402, #3617, .T. ) ;
#1999 = EDGE_CURVE ( 'NONE', #4369, #2612, #3526, .T. ) ;
#2000 = VECTOR ( 'NONE', #325, 1000.000000000000114 ) ;
#2001 = AXIS2_PLACEMENT_3D ( 'NONE', #1216, #4095, #2594 ) ;
#2002 = LINE ( 'NONE', #4115, #3077 ) ;
#2003 = VERTEX_POINT ( 'NONE', #1179 ) ;
#2004 = CARTESIAN_POINT ( 'NONE',  ( 1.079473186051000289, 1.600000000000000089, 1.485767376914000071 ) ) ;
#2005 = CIRCLE ( 'NONE', #1356, 2.000000000000000000 ) ;
#2006 = AXIS2_PLACEMENT_3D ( 'NONE', #1230, #2264, #2851 ) ;
#2007 = CIRCLE ( 'NONE', #1134, 2.000000000000000000 ) ;
#2008 = AXIS2_PLACEMENT_3D ( 'NONE', #3137, #59, #3484 ) ;
#2009 = ORIENTED_EDGE ( 'NONE', *, *, #3177, .F. ) ;
#2010 = DIRECTION ( 'NONE',  ( -0.000000000000000000, 1.000000000000000000, -0.000000000000000000 ) ) ;
#2011 = CIRCLE ( 'NONE', #643, 2.000000000000000000 ) ;
#2012 = CIRCLE ( 'NONE', #3947, 2.000000000000000000 ) ;
#2013 = VECTOR ( 'NONE', #1725, 1000.000000000000000 ) ;
#2014 = DIRECTION ( 'NONE',  ( 0.000000000000000000, 0.000000000000000000, -1.000000000000000000 ) ) ;
#2015 = ORIENTED_EDGE ( 'NONE', *, *, #187, .T. ) ;
#2016 = ORIENTED_EDGE ( 'NONE', *, *, #4367, .T. ) ;
#2017 = PLANE ( 'NONE',  #3082 ) ;
#2018 = DIRECTION ( 'NONE',  ( 0.000000000000000000, -1.000000000000000000, 0.000000000000000000 ) ) ;
#2019 = CIRCLE ( 'NONE', #2595, 2.000000000000000000 ) ;
#2020 = CARTESIAN_POINT ( 'NONE',  ( -0.5675126386054000216, 3.299999999999999822, -1.746624304975000097 ) ) ;
#2021 = ORIENTED_EDGE ( 'NONE', *, *, #476, .F. ) ;
#2022 = DIRECTION ( 'NONE',  ( -0.9996573249755573709, 0.000000000000000000, -0.02617694830786888166 ) ) ;
#2023 = DIRECTION ( 'NONE',  ( 0.02617694830786888166, 0.000000000000000000, -0.9996573249755573709 ) ) ;
#2024 = FACE_OUTER_BOUND ( 'NONE', #2761, .T. ) ;
#2025 = CARTESIAN_POINT ( 'NONE',  ( 1.007874484620008726, 3.299999999999999822, -1.727480542076220260 ) ) ;
#2026 = EDGE_CURVE ( 'NONE', #2735, #57, #3022, .T. ) ;
#2027 = ORIENTED_EDGE ( 'NONE', *, *, #2163, .F. ) ;
#2028 = EDGE_CURVE ( 'NONE', #2960, #3381, #1816, .T. ) ;
#2029 = DIRECTION ( 'NONE',  ( -0.8241261886220260235, 0.000000000000000000, -0.5664062369248178408 ) ) ;
#2030 = VERTEX_POINT ( 'NONE', #3905 ) ;
#2031 = CARTESIAN_POINT ( 'NONE',  ( 0.000000000000000000, 2.600000000000000533, 0.000000000000000000 ) ) ;
#2032 = EDGE_CURVE ( 'NONE', #4193, #2960, #1066, .T. ) ;
#2033 = CARTESIAN_POINT ( 'NONE',  ( 0.000000000000000000, 0.000000000000000000, 0.000000000000000000 ) ) ;
#2034 = VECTOR ( 'NONE', #2789, 1000.000000000000114 ) ;
#2035 = EDGE_LOOP ( 'NONE', ( #4034, #1085, #3567, #268 ) ) ;
#2036 = MANIFOLD_SURFACE_SHAPE_REPRESENTATION ( 'DC14_A01_INSERT_1', ( #3933, #3581 ), #3505 ) ;
#2037 = CARTESIAN_POINT ( 'NONE',  ( 0.000000000000000000, 0.8000000000000000444, 0.000000000000000000 ) ) ;
#2038 = CARTESIAN_POINT ( 'NONE',  ( 0.8051473577701472317, 0.000000000000000000, -1.830775172509107040 ) ) ;
#2039 = CARTESIAN_POINT ( 'NONE',  ( 0.000000000000000000, 0.000000000000000000, 0.000000000000000000 ) ) ;
#2040 = CARTESIAN_POINT ( 'NONE',  ( -1.989974874213237710, 0.000000000000000000, -0.2000000000000242695 ) ) ;
#2041 = ORIENTED_EDGE ( 'NONE', *, *, #3329, .F. ) ;
#2042 = LINE ( 'NONE', #3773, #2229 ) ;
#2043 = CARTESIAN_POINT ( 'NONE',  ( -1.746624304975000097, 0.000000000000000000, -0.5675126386054000216 ) ) ;
#2044 = CARTESIAN_POINT ( 'NONE',  ( 0.2000000000000000111, 0.000000000000000000, -1.989974874212999900 ) ) ;
#2045 = EDGE_LOOP ( 'NONE', ( #3787, #3353, #930, #2041 ) ) ;
#2046 = CARTESIAN_POINT ( 'NONE',  ( -1.746624304974695896, 0.000000000000000000, -0.5675126386055077132 ) ) ;
#2047 = VERTEX_POINT ( 'NONE', #1566 ) ;
#2048 = FACE_OUTER_BOUND ( 'NONE', #3772, .T. ) ;
#2049 = CARTESIAN_POINT ( 'NONE',  ( -1.727480542076168080, 0.000000000000000000, 1.007874484620097988 ) ) ;
#2050 = EDGE_CURVE ( 'NONE', #1628, #4193, #3182, .T. ) ;
#2051 = EDGE_CURVE ( 'NONE', #3064, #2403, #3550, .T. ) ;
#2052 = EDGE_CURVE ( 'NONE', #2491, #1673, #2797, .T. ) ;
#2053 = ORIENTED_EDGE ( 'NONE', *, *, #2082, .F. ) ;
#2054 = DIRECTION ( 'NONE',  ( -0.9588197348681741783, 0.000000000000000000, -0.2840153447039865942 ) ) ;
#2055 = CARTESIAN_POINT ( 'NONE',  ( 0.000000000000000000, 3.299999999999999822, 1.250000000000000000 ) ) ;
#2056 = ORIENTED_EDGE ( 'NONE', *, *, #1970, .F. ) ;
#2057 = EDGE_LOOP ( 'NONE', ( #1183, #688, #4192, #3916 ) ) ;
#2058 = CARTESIAN_POINT ( 'NONE',  ( 1.331481282369999963, 3.299999999999999822, -1.492366441159000079 ) ) ;
#2059 = ORIENTED_EDGE ( 'NONE', *, *, #2887, .T. ) ;
#2060 = DIRECTION ( 'NONE',  ( 0.9996573249755574819, 0.000000000000000000, -0.02617694830786888513 ) ) ;
#2061 = CARTESIAN_POINT ( 'NONE',  ( 1.331481282369999963, 2.600000000000000977, -1.492366441159000079 ) ) ;
#2062 = LINE ( 'NONE', #2356, #51 ) ;
#2063 = ORIENTED_EDGE ( 'NONE', *, *, #319, .F. ) ;
#2064 = CARTESIAN_POINT ( 'NONE',  ( 1.007874484620097988, 0.000000000000000000, -1.727480542076168080 ) ) ;
#2065 = VECTOR ( 'NONE', #3704, 1000.000000000000114 ) ;
#2066 = DIRECTION ( 'NONE',  ( -0.9996573249755582591, 0.000000000000000000, 0.02617694830783610926 ) ) ;
#2067 = AXIS2_PLACEMENT_3D ( 'NONE', #3753, #1020, #1373 ) ;
#2068 = AXIS2_PLACEMENT_3D ( 'NONE', #945, #1965, #4370 ) ;
#2069 = ORIENTED_EDGE ( 'NONE', *, *, #4427, .T. ) ;
#2070 = LINE ( 'NONE', #3085, #1876 ) ;
#2071 = AXIS2_PLACEMENT_3D ( 'NONE', #2458, #1084, #1790 ) ;
#2072 = CIRCLE ( 'NONE', #1357, 2.000000000000000000 ) ;
#2073 = CARTESIAN_POINT ( 'NONE',  ( -1.954381970259000179, 3.299999999999999822, 0.4247247512519999879 ) ) ;
#2074 = VECTOR ( 'NONE', #1964, 1000.000000000000000 ) ;
#2075 = CIRCLE ( 'NONE', #136, 2.000000000000000000 ) ;
#2076 = VERTEX_POINT ( 'NONE', #1126 ) ;
#2077 = VECTOR ( 'NONE', #3301, 1000.000000000000114 ) ;
#2078 = EDGE_CURVE ( 'NONE', #892, #4392, #279, .T. ) ;
#2079 = VECTOR ( 'NONE', #1184, 1000.000000000000227 ) ;
#2081 = PLANE ( 'NONE',  #3225 ) ;
#2080 = AXIS2_PLACEMENT_3D ( 'NONE', #1464, #4187, #1097 ) ;
#2082 = EDGE_CURVE ( 'NONE', #3343, #942, #2330, .T. ) ;
#2083 = EDGE_CURVE ( 'NONE', #2787, #1968, #4357, .T. ) ;
#2084 = ORIENTED_EDGE ( 'NONE', *, *, #2032, .T. ) ;
#2085 = ORIENTED_EDGE ( 'NONE', *, *, #950, .T. ) ;
#2086 = ORIENTED_EDGE ( 'NONE', *, *, #3735, .T. ) ;
#2087 = FACE_OUTER_BOUND ( 'NONE', #3785, .T. ) ;
#2088 = FACE_OUTER_BOUND ( 'NONE', #745, .T. ) ;
#2089 = CARTESIAN_POINT ( 'NONE',  ( -0.4247247512519509716, 2.600000000000000533, -1.954381970259071677 ) ) ;
#2090 = VECTOR ( 'NONE', #1351, 1000.000000000000000 ) ;
#2091 = EDGE_LOOP ( 'NONE', ( #2327, #2345, #1386, #1556 ) ) ;
#2092 = LINE ( 'NONE', #3118, #493 ) ;
#2093 = CARTESIAN_POINT ( 'NONE',  ( -1.492366441159078683, 2.600000000000000533, 1.331481282370197805 ) ) ;
#2094 = ORIENTED_EDGE ( 'NONE', *, *, #1557, .F. ) ;
#2095 = ORIENTED_EDGE ( 'NONE', *, *, #1314, .F. ) ;
#2096 = LINE ( 'NONE', #2793, #4035 ) ;
#2097 = CARTESIAN_POINT ( 'NONE',  ( 1.492366441159000079, 0.000000000000000000, 1.331481282369999963 ) ) ;
#2098 = ORIENTED_EDGE ( 'NONE', *, *, #2253, .T. ) ;
#2099 = CARTESIAN_POINT ( 'NONE',  ( -1.830775172509000015, 0.8000000000000000444, 0.8051473577701000472 ) ) ;
#2100 = ORIENTED_EDGE ( 'NONE', *, *, #3405, .T. ) ;
#2101 = AXIS2_PLACEMENT_3D ( 'NONE', #1433, #81, #440 ) ;
#2102 = EDGE_LOOP ( 'NONE', ( #4224, #1011, #3316, #1736 ) ) ;
#2103 = VERTEX_POINT ( 'NONE', #219 ) ;
#2104 = DIRECTION ( 'NONE',  ( 0.000000000000000000, 0.000000000000000000, -1.000000000000000000 ) ) ;
#2105 = LINE ( 'NONE', #1039, #594 ) ;
#2106 = CARTESIAN_POINT ( 'NONE',  ( -1.331481282370197583, 2.600000000000000533, -1.492366441159078683 ) ) ;
#2107 = CARTESIAN_POINT ( 'NONE',  ( 0.000000000000000000, 1.600000000000000089, 0.000000000000000000 ) ) ;
#2108 = EDGE_CURVE ( 'NONE', #3965, #2111, #3701, .T. ) ;
#2109 = ADVANCED_FACE ( 'NONE', ( #642 ), #1991, .F. ) ;
#2110 = EDGE_CURVE ( 'NONE', #878, #4277, #3684, .T. ) ;
#2111 = VERTEX_POINT ( 'NONE', #1631 ) ;
#2112 = LINE ( 'NONE', #393, #418 ) ;
#2113 = DIRECTION ( 'NONE',  ( -0.000000000000000000, 1.000000000000000000, 0.000000000000000000 ) ) ;
#2114 = EDGE_LOOP ( 'NONE', ( #3312, #475 ) ) ;
#2115 = CARTESIAN_POINT ( 'NONE',  ( -1.746624304974999875, 3.299999999999999378, 0.5675126386054000216 ) ) ;
#2116 = CARTESIAN_POINT ( 'NONE',  ( -1.485767376913997850, 1.600000000000000755, 1.079473186050992961 ) ) ;
#2117 = LINE ( 'NONE', #674, #2800 ) ;
#2118 = CARTESIAN_POINT ( 'NONE',  ( -1.836509476617000036, 3.299999999999999378, -2.944348907029933622E-17 ) ) ;
#2119 = ORIENTED_EDGE ( 'NONE', *, *, #1227, .F. ) ;
#2120 = DIRECTION ( 'NONE',  ( 0.000000000000000000, 1.000000000000000000, 0.000000000000000000 ) ) ;
#2121 = CARTESIAN_POINT ( 'NONE',  ( -0.4247247512520139767, 1.600000000000000089, 1.954381970259114976 ) ) ;
#2122 = ORIENTED_EDGE ( 'NONE', *, *, #1724, .T. ) ;
#2123 = EDGE_LOOP ( 'NONE', ( #256, #3072, #3215, #4322 ) ) ;
#2124 = ORIENTED_EDGE ( 'NONE', *, *, #1030, .T. ) ;
#2125 = DIRECTION ( 'NONE',  ( -0.9426414910921715462, 0.000000000000000000, -0.3338068592337899987 ) ) ;
#2126 = CARTESIAN_POINT ( 'NONE',  ( -0.2000000000000000111, 0.000000000000000000, 1.989974874212999900 ) ) ;
#2127 = CARTESIAN_POINT ( 'NONE',  ( 1.989974874213041645, 1.600000000000000089, -0.2000000000001879719 ) ) ;
#2128 = DIRECTION ( 'NONE',  ( 0.000000000000000000, 0.000000000000000000, -1.000000000000000000 ) ) ;
#2129 = DIRECTION ( 'NONE',  ( 0.000000000000000000, 1.000000000000000000, -0.000000000000000000 ) ) ;
#2130 = ORIENTED_EDGE ( 'NONE', *, *, #2436, .T. ) ;
#2131 = CARTESIAN_POINT ( 'NONE',  ( 1.485767376913993632, 0.000000000000000000, -1.079473186050978306 ) ) ;
#2132 = EDGE_CURVE ( 'NONE', #1854, #1579, #257, .T. ) ;
#2133 = DIRECTION ( 'NONE',  ( -0.02617694830786888513, 0.000000000000000000, -0.9996573249755574819 ) ) ;
#2134 = EDGE_CURVE ( 'NONE', #3373, #675, #3637, .T. ) ;
#2135 = EDGE_CURVE ( 'NONE', #3789, #892, #4048, .T. ) ;
#2136 = VERTEX_POINT ( 'NONE', #3976 ) ;
#2137 = DIRECTION ( 'NONE',  ( 0.000000000000000000, -1.000000000000000000, 0.000000000000000000 ) ) ;
#2138 = DIRECTION ( 'NONE',  ( -0.3338068592337900542, 0.000000000000000000, 0.9426414910921716572 ) ) ;
#2139 = ADVANCED_FACE ( 'NONE', ( #888 ), #2017, .F. ) ;
#2140 = DIRECTION ( 'NONE',  ( 0.000000000000000000, 1.000000000000000000, 0.000000000000000000 ) ) ;
#2141 = AXIS2_PLACEMENT_3D ( 'NONE', #3542, #1240, #3644 ) ;
#2142 = EDGE_LOOP ( 'NONE', ( #3828, #1324, #2119, #304 ) ) ;
#2143 = AXIS2_PLACEMENT_3D ( 'NONE', #3288, #3629, #3058 ) ;
#2144 = CARTESIAN_POINT ( 'NONE',  ( 0.000000000000000000, 0.8000000000000000444, 0.000000000000000000 ) ) ;
#2145 = AXIS2_PLACEMENT_3D ( 'NONE', #4180, #1108, #2128 ) ;
#2146 = AXIS2_PLACEMENT_3D ( 'NONE', #2477, #2392, #3848 ) ;
#2147 = CARTESIAN_POINT ( 'NONE',  ( -1.079473186050992961, 1.600000000000000755, -1.485767376913997850 ) ) ;
#2148 = CIRCLE ( 'NONE', #3870, 2.000000000000000000 ) ;
#2149 = ORIENTED_EDGE ( 'NONE', *, *, #1612, .T. ) ;
#2150 = VERTEX_POINT ( 'NONE', #1271 ) ;
#2151 = CIRCLE ( 'NONE', #1360, 2.000000000000000000 ) ;
#2152 = AXIS2_PLACEMENT_3D ( 'NONE', #4, #4124, #2370 ) ;
#2153 = EDGE_LOOP ( 'NONE', ( #149, #4255, #898, #2517 ) ) ;
#2154 = CARTESIAN_POINT ( 'NONE',  ( 1.530808498934191571E-16, 3.299999999999999822, -1.250000000000000000 ) ) ;
#2155 = CYLINDRICAL_SURFACE ( 'NONE', #1601, 2.000000000000000000 ) ;
#2156 = VECTOR ( 'NONE', #2931, 1000.000000000000000 ) ;
#2157 = DIRECTION ( 'NONE',  ( 0.000000000000000000, 1.000000000000000000, 0.000000000000000000 ) ) ;
#2158 = EDGE_LOOP ( 'NONE', ( #2783, #614, #3123, #3246 ) ) ;
#2159 = DIRECTION ( 'NONE',  ( -0.000000000000000000, 1.000000000000000000, -0.000000000000000000 ) ) ;
#2160 = LINE ( 'NONE', #108, #308 ) ;
#2161 = EDGE_CURVE ( 'NONE', #2241, #2136, #3051, .T. ) ;
#2162 = ORIENTED_EDGE ( 'NONE', *, *, #3142, .F. ) ;
#2163 = EDGE_CURVE ( 'NONE', #2773, #2959, #2007, .T. ) ;
#2164 = DIRECTION ( 'NONE',  ( 0.000000000000000000, -1.000000000000000000, 0.000000000000000000 ) ) ;
#2165 = PLANE ( 'NONE',  #2654 ) ;
#2166 = LINE ( 'NONE', #1098, #3793 ) ;
#2167 = ORIENTED_EDGE ( 'NONE', *, *, #2998, .T. ) ;
#2168 = EDGE_CURVE ( 'NONE', #2970, #3495, #926, .T. ) ;
#2169 = EDGE_CURVE ( 'NONE', #44, #364, #3347, .T. ) ;
#2170 = CARTESIAN_POINT ( 'NONE',  ( 0.000000000000000000, 3.299999999999999822, 0.000000000000000000 ) ) ;
#2171 = CARTESIAN_POINT ( 'NONE',  ( 0.2000000000000238809, 0.000000000000000000, -1.989974874213237710 ) ) ;
#2172 = DIRECTION ( 'NONE',  ( -0.9426414910921715462, 0.000000000000000000, 0.3338068592337899987 ) ) ;
#2173 = ORIENTED_EDGE ( 'NONE', *, *, #2429, .F. ) ;
#2174 = CIRCLE ( 'NONE', #1384, 1.500000000000000000 ) ;
#2175 = ORIENTED_EDGE ( 'NONE', *, *, #3101, .T. ) ;
#2176 = DIRECTION ( 'NONE',  ( -0.000000000000000000, 1.000000000000000000, -0.000000000000000000 ) ) ;
#2177 = CARTESIAN_POINT ( 'NONE',  ( 0.8051473577702040751, 1.600000000000000089, -1.830775172509081949 ) ) ;
#2178 = DIRECTION ( 'NONE',  ( -0.000000000000000000, 1.000000000000000000, -0.000000000000000000 ) ) ;
#2179 = VECTOR ( 'NONE', #1409, 1000.000000000000000 ) ;
#2180 = VERTEX_POINT ( 'NONE', #1300 ) ;
#2181 = DIRECTION ( 'NONE',  ( 0.000000000000000000, -1.000000000000000000, 0.000000000000000000 ) ) ;
#2182 = LINE ( 'NONE', #1597, #3686 ) ;
#2183 = DIRECTION ( 'NONE',  ( 0.000000000000000000, 0.000000000000000000, -1.000000000000000000 ) ) ;
#2184 = ORIENTED_EDGE ( 'NONE', *, *, #539, .T. ) ;
#2185 = DIRECTION ( 'NONE',  ( 0.000000000000000000, -1.000000000000000000, 0.000000000000000000 ) ) ;
#2186 = FACE_OUTER_BOUND ( 'NONE', #380, .T. ) ;
#2187 = ORIENTED_EDGE ( 'NONE', *, *, #1648, .T. ) ;
#2188 = DIRECTION ( 'NONE',  ( -0.000000000000000000, 1.000000000000000000, 0.000000000000000000 ) ) ;
#2189 = DIRECTION ( 'NONE',  ( 0.5664062369248178408, 0.000000000000000000, -0.8241261886220260235 ) ) ;
#2190 = EDGE_CURVE ( 'NONE', #2328, #4273, #706, .T. ) ;
#2191 = DIRECTION ( 'NONE',  ( 0.000000000000000000, 0.000000000000000000, -1.000000000000000000 ) ) ;
#2192 = EDGE_CURVE ( 'NONE', #4325, #3727, #3229, .T. ) ;
#2193 = CARTESIAN_POINT ( 'NONE',  ( 0.000000000000000000, 0.000000000000000000, 0.000000000000000000 ) ) ;
#2194 = EDGE_CURVE ( 'NONE', #3727, #3560, #2645, .T. ) ;
#2195 = CARTESIAN_POINT ( 'NONE',  ( 0.000000000000000000, 1.600000000000000089, 0.000000000000000000 ) ) ;
#2196 = ORIENTED_EDGE ( 'NONE', *, *, #2405, .F. ) ;
#2197 = ORIENTED_EDGE ( 'NONE', *, *, #1693, .T. ) ;
#2198 = DIRECTION ( 'NONE',  ( 0.000000000000000000, 0.000000000000000000, -1.000000000000000000 ) ) ;
#2199 = CYLINDRICAL_SURFACE ( 'NONE', #2363, 2.000000000000000000 ) ;
#2200 = CARTESIAN_POINT ( 'NONE',  ( 0.5675126386054000216, 3.299999999999999822, 1.746624304975000097 ) ) ;
#2201 = DIRECTION ( 'NONE',  ( -0.5664062369248178408, 0.000000000000000000, 0.8241261886220260235 ) ) ;
#2202 = ORIENTED_EDGE ( 'NONE', *, *, #788, .F. ) ;
#2203 = DIRECTION ( 'NONE',  ( 0.000000000000000000, -1.000000000000000000, 0.000000000000000000 ) ) ;
#2204 = PLANE ( 'NONE',  #3330 ) ;
#2205 = VERTEX_POINT ( 'NONE', #1321 ) ;
#2206 = ORIENTED_EDGE ( 'NONE', *, *, #3950, .F. ) ;
#2207 = CARTESIAN_POINT ( 'NONE',  ( -0.5675126386054359928, 0.8000000000000000444, 1.746624304974898845 ) ) ;
#2208 = LINE ( 'NONE', #2234, #1865 ) ;
#2209 = VERTEX_POINT ( 'NONE', #2692 ) ;
#2210 = CARTESIAN_POINT ( 'NONE',  ( 1.492366441159000079, 0.000000000000000000, 1.331481282369999963 ) ) ;
#2211 = DIRECTION ( 'NONE',  ( -0.3338068592337899987, 0.000000000000000000, -0.9426414910921715462 ) ) ;
#2212 = VECTOR ( 'NONE', #3521, 1000.000000000000114 ) ;
#2213 = PLANE ( 'NONE',  #2886 ) ;
#2214 = ORIENTED_EDGE ( 'NONE', *, *, #4140, .F. ) ;
#2215 = EDGE_CURVE ( 'NONE', #3254, #1981, #4066, .T. ) ;
#2216 = ADVANCED_FACE ( 'NONE', ( #4424 ), #1338, .T. ) ;
#2217 = ORIENTED_EDGE ( 'NONE', *, *, #1478, .F. ) ;
#2218 = ADVANCED_FACE ( 'NONE', ( #3868 ), #3190, .T. ) ;
#2219 = PLANE ( 'NONE',  #58 ) ;
#2220 = VECTOR ( 'NONE', #2691, 1000.000000000000000 ) ;
#2222 = CARTESIAN_POINT ( 'NONE',  ( -0.5675126386054359928, 1.600000000000000089, 1.746624304974898845 ) ) ;
#2221 = VECTOR ( 'NONE', #2737, 1000.000000000000114 ) ;
#2223 = LINE ( 'NONE', #1841, #3219 ) ;
#2224 = VECTOR ( 'NONE', #4249, 1000.000000000000000 ) ;
#2225 = CIRCLE ( 'NONE', #1716, 1.750000000000000000 ) ;
#2226 = AXIS2_PLACEMENT_3D ( 'NONE', #3032, #2985, #4061 ) ;
#2227 = ORIENTED_EDGE ( 'NONE', *, *, #479, .T. ) ;
#2228 = CARTESIAN_POINT ( 'NONE',  ( 0.5675126386054000216, 3.299999999999999822, -1.746624304975000097 ) ) ;
#2229 = VECTOR ( 'NONE', #3477, 1000.000000000000000 ) ;
#2230 = DIRECTION ( 'NONE',  ( -0.5664062369253162199, 0.000000000000000000, 0.8241261886216834087 ) ) ;
#2231 = ORIENTED_EDGE ( 'NONE', *, *, #4097, .T. ) ;
#2232 = ORIENTED_EDGE ( 'NONE', *, *, #1368, .T. ) ;
#2233 = DIRECTION ( 'NONE',  ( 0.000000000000000000, -1.000000000000000000, 0.000000000000000000 ) ) ;
#2234 = CARTESIAN_POINT ( 'NONE',  ( 1.727480542075999992, 2.600000000000000977, -1.007874484620000066 ) ) ;
#2235 = AXIS2_PLACEMENT_3D ( 'NONE', #3386, #2010, #3420 ) ;
#2236 = VERTEX_POINT ( 'NONE', #400 ) ;
#2237 = DIRECTION ( 'NONE',  ( 0.3338068592337899987, 0.000000000000000000, -0.9426414910921715462 ) ) ;
#2238 = CARTESIAN_POINT ( 'NONE',  ( 1.836509476617043335, 1.600000000000000089, -3.324217003954292092E-14 ) ) ;
#2239 = CARTESIAN_POINT ( 'NONE',  ( 0.000000000000000000, 3.299999999999999822, 0.000000000000000000 ) ) ;
#2240 = CYLINDRICAL_SURFACE ( 'NONE', #3882, 2.000000000000000000 ) ;
#2241 = VERTEX_POINT ( 'NONE', #992 ) ;
#2242 = VERTEX_POINT ( 'NONE', #2116 ) ;
#2243 = LINE ( 'NONE', #2902, #1059 ) ;
#2244 = CARTESIAN_POINT ( 'NONE',  ( -1.485767376914000071, 1.600000000000000089, -1.079473186051000289 ) ) ;
#2245 = CARTESIAN_POINT ( 'NONE',  ( 0.000000000000000000, 1.600000000000000089, 0.000000000000000000 ) ) ;
#2246 = CARTESIAN_POINT ( 'NONE',  ( -1.079473186051000511, 0.000000000000000000, 1.485767376913991855 ) ) ;
#2247 = ORIENTED_EDGE ( 'NONE', *, *, #2161, .F. ) ;
#2248 = DIRECTION ( 'NONE',  ( 0.000000000000000000, 0.000000000000000000, -1.000000000000000000 ) ) ;
#2249 = LINE ( 'NONE', #1913, #2320 ) ;
#2250 = VECTOR ( 'NONE', #4324, 1000.000000000000114 ) ;
#2251 = EDGE_CURVE ( 'NONE', #3797, #1490, #3534, .T. ) ;
#2252 = EDGE_CURVE ( 'NONE', #2491, #4414, #4234, .T. ) ;
#2253 = EDGE_CURVE ( 'NONE', #1579, #34, #3513, .T. ) ;
#2254 = ORIENTED_EDGE ( 'NONE', *, *, #1336, .F. ) ;
#2255 = LINE ( 'NONE', #1188, #2587 ) ;
#2256 = FACE_OUTER_BOUND ( 'NONE', #1119, .T. ) ;
#2257 = ORIENTED_EDGE ( 'NONE', *, *, #2686, .T. ) ;
#2258 = DIRECTION ( 'NONE',  ( -0.8241261886220260235, 0.000000000000000000, -0.5664062369248178408 ) ) ;
#2259 = DIRECTION ( 'NONE',  ( -0.7933533402908369281, 0.000000000000000000, -0.6087614290092395741 ) ) ;
#2260 = CARTESIAN_POINT ( 'NONE',  ( 0.4247247512520255786, 0.000000000000000000, 1.954381970259116308 ) ) ;
#2261 = ORIENTED_EDGE ( 'NONE', *, *, #1290, .F. ) ;
#2262 = EDGE_LOOP ( 'NONE', ( #1691, #902 ) ) ;
#2263 = CARTESIAN_POINT ( 'NONE',  ( 1.954381970259000179, 2.600000000000000533, -0.4247247512519999879 ) ) ;
#2264 = DIRECTION ( 'NONE',  ( 0.000000000000000000, -1.000000000000000000, 0.000000000000000000 ) ) ;
#2265 = LINE ( 'NONE', #1928, #2289 ) ;
#2266 = LINE ( 'NONE', #1157, #3294 ) ;
#2267 = ORIENTED_EDGE ( 'NONE', *, *, #3459, .T. ) ;
#2268 = CARTESIAN_POINT ( 'NONE',  ( 1.492366441159000079, 2.600000000000000977, 1.331481282369999963 ) ) ;
#2269 = DIRECTION ( 'NONE',  ( -0.9588197348681741783, 0.000000000000000000, 0.2840153447039865942 ) ) ;
#2270 = ORIENTED_EDGE ( 'NONE', *, *, #1889, .F. ) ;
#2271 = EDGE_CURVE ( 'NONE', #467, #3308, #2148, .T. ) ;
#2272 = EDGE_CURVE ( 'NONE', #34, #3390, #4105, .T. ) ;
#2273 = CARTESIAN_POINT ( 'NONE',  ( 0.000000000000000000, 3.299999999999999822, 0.000000000000000000 ) ) ;
#2274 = EDGE_CURVE ( 'NONE', #2759, #3746, #1444, .T. ) ;
#2275 = ORIENTED_EDGE ( 'NONE', *, *, #3862, .T. ) ;
#2276 = FACE_OUTER_BOUND ( 'NONE', #1670, .T. ) ;
#2277 = EDGE_CURVE ( 'NONE', #2544, #1016, #2470, .T. ) ;
#2278 = DIRECTION ( 'NONE',  ( 0.5664062369248178408, 0.000000000000000000, 0.8241261886220260235 ) ) ;
#2279 = PLANE ( 'NONE',  #1569 ) ;
#2280 = ORIENTED_EDGE ( 'NONE', *, *, #1336, .T. ) ;
#2281 = ORIENTED_EDGE ( 'NONE', *, *, #3100, .F. ) ;
#2282 = DIRECTION ( 'NONE',  ( 0.000000000000000000, -1.000000000000000000, 0.000000000000000000 ) ) ;
#2283 = ORIENTED_EDGE ( 'NONE', *, *, #4087, .F. ) ;
#2284 = DIRECTION ( 'NONE',  ( -0.000000000000000000, 1.000000000000000000, -0.000000000000000000 ) ) ;
#2285 = LINE ( 'NONE', #3369, #56 ) ;
#2286 = AXIS2_PLACEMENT_3D ( 'NONE', #3223, #2473, #2524 ) ;
#2287 = VECTOR ( 'NONE', #613, 1000.000000000000114 ) ;
#2288 = DIRECTION ( 'NONE',  ( -0.9426414910921716572, 0.000000000000000000, 0.3338068592337900542 ) ) ;
#2289 = VECTOR ( 'NONE', #4272, 1000.000000000000000 ) ;
#2290 = ORIENTED_EDGE ( 'NONE', *, *, #3950, .T. ) ;
#2291 = DIRECTION ( 'NONE',  ( 0.000000000000000000, 1.000000000000000000, 0.000000000000000000 ) ) ;
#2292 = CARTESIAN_POINT ( 'NONE',  ( 0.000000000000000000, 3.299999999999999822, 0.000000000000000000 ) ) ;
#2293 = ORIENTED_EDGE ( 'NONE', *, *, #3239, .F. ) ;
#2294 = CIRCLE ( 'NONE', #2873, 1.500000000000000000 ) ;
#2295 = VECTOR ( 'NONE', #148, 1000.000000000000000 ) ;
#2296 = ORIENTED_EDGE ( 'NONE', *, *, #2486, .F. ) ;
#2297 = VECTOR ( 'NONE', #3421, 1000.000000000000000 ) ;
#2298 = DIRECTION ( 'NONE',  ( -0.000000000000000000, 1.000000000000000000, -0.000000000000000000 ) ) ;
#2299 = CIRCLE ( 'NONE', #2511, 1.750000000000000000 ) ;
#2300 = ORIENTED_EDGE ( 'NONE', *, *, #4037, .T. ) ;
#2301 = EDGE_CURVE ( 'NONE', #3582, #3141, #1116, .T. ) ;
#2302 = CARTESIAN_POINT ( 'NONE',  ( 1.954381970259000179, 0.000000000000000000, -0.4247247512519999879 ) ) ;
#2303 = CARTESIAN_POINT ( 'NONE',  ( 0.000000000000000000, 0.8000000000000000444, 0.000000000000000000 ) ) ;
#2304 = AXIS2_PLACEMENT_3D ( 'NONE', #2195, #885, #1542 ) ;
#2305 = ADVANCED_FACE ( 'NONE', ( #3558 ), #323, .T. ) ;
#2306 = EDGE_CURVE ( 'NONE', #4168, #3151, #1697, .T. ) ;
#2307 = ORIENTED_EDGE ( 'NONE', *, *, #690, .F. ) ;
#2308 = ORIENTED_EDGE ( 'NONE', *, *, #2520, .T. ) ;
#2309 = FACE_OUTER_BOUND ( 'NONE', #1154, .T. ) ;
#2310 = ORIENTED_EDGE ( 'NONE', *, *, #1136, .T. ) ;
#2311 = CARTESIAN_POINT ( 'NONE',  ( 1.746624304975000097, 0.000000000000000000, 0.5675126386054000216 ) ) ;
#2312 = DIRECTION ( 'NONE',  ( -0.000000000000000000, 1.000000000000000000, -0.000000000000000000 ) ) ;
#2313 = CARTESIAN_POINT ( 'NONE',  ( -1.746624304974971231, 1.600000000000000089, 0.5675126386053581662 ) ) ;
#2314 = ORIENTED_EDGE ( 'NONE', *, *, #3812, .F. ) ;
#2315 = CARTESIAN_POINT ( 'NONE',  ( -0.8051473577701468987, 0.000000000000000000, -1.830775172509107040 ) ) ;
#2316 = DIRECTION ( 'NONE',  ( 0.000000000000000000, 0.000000000000000000, 1.000000000000000000 ) ) ;
#2317 = ORIENTED_EDGE ( 'NONE', *, *, #3810, .T. ) ;
#2318 = LINE ( 'NONE', #1239, #3441 ) ;
#2319 = VERTEX_POINT ( 'NONE', #3511 ) ;
#2320 = VECTOR ( 'NONE', #199, 1000.000000000000000 ) ;
#2321 = CYLINDRICAL_SURFACE ( 'NONE', #4050, 2.000000000000000000 ) ;
#2322 = VECTOR ( 'NONE', #2653, 1000.000000000000114 ) ;
#2323 = ORIENTED_EDGE ( 'NONE', *, *, #1449, .T. ) ;
#2324 = CARTESIAN_POINT ( 'NONE',  ( 1.989974874213041645, 0.8000000000000000444, -0.2000000000001879719 ) ) ;
#2325 = LINE ( 'NONE', #2639, #3801 ) ;
#2326 = CARTESIAN_POINT ( 'NONE',  ( 0.000000000000000000, 2.600000000000000533, 0.000000000000000000 ) ) ;
#2327 = ORIENTED_EDGE ( 'NONE', *, *, #2332, .T. ) ;
#2328 = VERTEX_POINT ( 'NONE', #3067 ) ;
#2329 = EDGE_CURVE ( 'NONE', #1673, #1549, #469, .T. ) ;
#2330 = LINE ( 'NONE', #2311, #139 ) ;
#2331 = DIRECTION ( 'NONE',  ( 0.000000000000000000, -1.000000000000000000, 0.000000000000000000 ) ) ;
#2332 = EDGE_CURVE ( 'NONE', #1848, #3389, #3169, .T. ) ;
#2333 = EDGE_CURVE ( 'NONE', #2209, #3343, #2862, .T. ) ;
#2334 = DIRECTION ( 'NONE',  ( -0.9426414910925988710, 0.000000000000000000, -0.3338068592325834083 ) ) ;
#2335 = ORIENTED_EDGE ( 'NONE', *, *, #477, .T. ) ;
#2336 = LINE ( 'NONE', #1344, #859 ) ;
#2337 = CARTESIAN_POINT ( 'NONE',  ( -0.5675126386054000216, 0.000000000000000000, 1.746624304975000097 ) ) ;
#2338 = LINE ( 'NONE', #3710, #341 ) ;
#2339 = VERTEX_POINT ( 'NONE', #1362 ) ;
#2340 = CARTESIAN_POINT ( 'NONE',  ( -1.989974874212999900, 0.000000000000000000, -0.2000000000000000111 ) ) ;
#2341 = ORIENTED_EDGE ( 'NONE', *, *, #1088, .F. ) ;
#2342 = DIRECTION ( 'NONE',  ( 0.2840153447039865942, 0.000000000000000000, -0.9588197348681741783 ) ) ;
#2343 = CARTESIAN_POINT ( 'NONE',  ( 1.485767376914000071, 3.300000000000000711, -1.079473186051000289 ) ) ;
#2344 = LINE ( 'NONE', #1247, #1710 ) ;
#2345 = ORIENTED_EDGE ( 'NONE', *, *, #1111, .T. ) ;
#2346 = VERTEX_POINT ( 'NONE', #1463 ) ;
#2347 = CYLINDRICAL_SURFACE ( 'NONE', #3508, 2.000000000000000000 ) ;
#2348 = DIRECTION ( 'NONE',  ( 0.000000000000000000, -1.000000000000000000, 0.000000000000000000 ) ) ;
#2349 = DIRECTION ( 'NONE',  ( 0.000000000000000000, 0.000000000000000000, -1.000000000000000000 ) ) ;
#2350 = EDGE_CURVE ( 'NONE', #452, #2960, #137, .T. ) ;
#2351 = EDGE_CURVE ( 'NONE', #610, #1164, #4208, .T. ) ;
#2352 = DIRECTION ( 'NONE',  ( 0.000000000000000000, -1.000000000000000000, 0.000000000000000000 ) ) ;
#2353 = VERTEX_POINT ( 'NONE', #3747 ) ;
#2354 = DIRECTION ( 'NONE',  ( 0.000000000000000000, -1.000000000000000000, 0.000000000000000000 ) ) ;
#2355 = CARTESIAN_POINT ( 'NONE',  ( 0.2000000000001879719, 0.8000000000000000444, 1.989974874213041645 ) ) ;
#2356 = CARTESIAN_POINT ( 'NONE',  ( 1.836509476617000036, 3.299999999999999822, 0.000000000000000000 ) ) ;
#2357 = AXIS2_PLACEMENT_3D ( 'NONE', #3292, #523, #565 ) ;
#2358 = VECTOR ( 'NONE', #2334, 1000.000000000000114 ) ;
#2359 = EDGE_CURVE ( 'NONE', #180, #44, #2736, .T. ) ;
#2360 = VERTEX_POINT ( 'NONE', #2563 ) ;
#2361 = CARTESIAN_POINT ( 'NONE',  ( -0.8051473577701266926, 1.600000000000000089, -1.830775172509180537 ) ) ;
#2362 = AXIS2_PLACEMENT_3D ( 'NONE', #3932, #131, #2183 ) ;
#2363 = AXIS2_PLACEMENT_3D ( 'NONE', #481, #3258, #2947 ) ;
#2364 = VECTOR ( 'NONE', #2575, 1000.000000000000000 ) ;
#2365 = ORIENTED_EDGE ( 'NONE', *, *, #1893, .T. ) ;
#2366 = CARTESIAN_POINT ( 'NONE',  ( -1.331481282370201802, 0.8000000000000000444, 1.492366441159075130 ) ) ;
#2367 = AXIS2_PLACEMENT_3D ( 'NONE', #3808, #3088, #3406 ) ;
#2368 = AXIS2_PLACEMENT_3D ( 'NONE', #3966, #879, #540 ) ;
#2369 = AXIS2_PLACEMENT_3D ( 'NONE', #1432, #3097, #80 ) ;
#2370 = DIRECTION ( 'NONE',  ( 0.000000000000000000, 0.000000000000000000, -1.000000000000000000 ) ) ;
#2371 = ORIENTED_EDGE ( 'NONE', *, *, #432, .F. ) ;
#2372 = CARTESIAN_POINT ( 'NONE',  ( -1.079473186051000289, 3.299999999999999822, 1.485767376914000071 ) ) ;
#2373 = DIRECTION ( 'NONE',  ( 0.000000000000000000, 0.000000000000000000, -1.000000000000000000 ) ) ;
#2374 = PRODUCT_DEFINITION_SHAPE ( 'NONE', 'NONE',  #1695 ) ;
#2375 = LINE ( 'NONE', #2040, #1756 ) ;
#2376 = ORIENTED_EDGE ( 'NONE', *, *, #2051, .F. ) ;
#2377 = CARTESIAN_POINT ( 'NONE',  ( 1.746624304975000097, 0.000000000000000000, 0.5675126386054000216 ) ) ;
#2378 = DIRECTION ( 'NONE',  ( 0.000000000000000000, 0.000000000000000000, -1.000000000000000000 ) ) ;
#2379 = DIRECTION ( 'NONE',  ( 0.2840153447038998857, 0.000000000000000000, 0.9588197348681997134 ) ) ;
#2380 = ORIENTED_EDGE ( 'NONE', *, *, #1774, .F. ) ;
#2381 = EDGE_CURVE ( 'NONE', #2445, #941, #2255, .T. ) ;
#2382 = DIRECTION ( 'NONE',  ( 0.000000000000000000, 0.000000000000000000, -1.000000000000000000 ) ) ;
#2383 = EDGE_CURVE ( 'NONE', #218, #184, #1365, .T. ) ;
#2384 = EDGE_CURVE ( 'NONE', #2920, #828, #2012, .T. ) ;
#2385 = ORIENTED_EDGE ( 'NONE', *, *, #2306, .F. ) ;
#2386 = CARTESIAN_POINT ( 'NONE',  ( -1.079473186050992961, 2.600000000000001421, -1.485767376913997850 ) ) ;
#2387 = CIRCLE ( 'NONE', #2754, 1.250000000000000000 ) ;
#2388 = LINE ( 'NONE', #1031, #783 ) ;
#2389 = VECTOR ( 'NONE', #2532, 1000.000000000000114 ) ;
#2390 = ORIENTED_EDGE ( 'NONE', *, *, #1146, .T. ) ;
#2391 = DIRECTION ( 'NONE',  ( 0.000000000000000000, -1.000000000000000000, 0.000000000000000000 ) ) ;
#2392 = DIRECTION ( 'NONE',  ( -0.000000000000000000, 1.000000000000000000, -0.000000000000000000 ) ) ;
#2393 = ORIENTED_EDGE ( 'NONE', *, *, #1638, .F. ) ;
#2394 = LINE ( 'NONE', #2020, #2358 ) ;
#2395 = VERTEX_POINT ( 'NONE', #4348 ) ;
#2396 = DIRECTION ( 'NONE',  ( 0.3338068592337900542, 0.000000000000000000, -0.9426414910921716572 ) ) ;
#2397 = CARTESIAN_POINT ( 'NONE',  ( 0.000000000000000000, 0.000000000000000000, 0.000000000000000000 ) ) ;
#2398 = CARTESIAN_POINT ( 'NONE',  ( -1.954381970259071677, 3.299999999999999822, 0.4247247512519511381 ) ) ;
#2399 = ORIENTED_EDGE ( 'NONE', *, *, #2745, .T. ) ;
#2400 = LINE ( 'NONE', #1093, #3514 ) ;
#2401 = DIRECTION ( 'NONE',  ( -0.2840153447039865942, 0.000000000000000000, 0.9588197348681741783 ) ) ;
#2402 = EDGE_CURVE ( 'NONE', #916, #435, #4006, .T. ) ;
#2403 = VERTEX_POINT ( 'NONE', #3628 ) ;
#2404 = DIRECTION ( 'NONE',  ( 0.000000000000000000, -1.000000000000000000, 0.000000000000000000 ) ) ;
#2405 = EDGE_CURVE ( 'NONE', #3402, #4433, #558, .T. ) ;
#2406 = EDGE_CURVE ( 'NONE', #48, #446, #3935, .T. ) ;
#2407 = DIRECTION ( 'NONE',  ( -0.6087614290092395741, 0.000000000000000000, 0.7933533402908369281 ) ) ;
#2408 = VERTEX_POINT ( 'NONE', #2207 ) ;
#2409 = EDGE_CURVE ( 'NONE', #1720, #3673, #856, .T. ) ;
#2410 = PLANE ( 'NONE',  #2946 ) ;
#2411 = ORIENTED_EDGE ( 'NONE', *, *, #3784, .F. ) ;
#2412 = ORIENTED_EDGE ( 'NONE', *, *, #896, .F. ) ;
#2413 = VERTEX_POINT ( 'NONE', #3578 ) ;
#2414 = DIRECTION ( 'NONE',  ( 0.000000000000000000, -1.000000000000000000, 0.000000000000000000 ) ) ;
#2415 = DIRECTION ( 'NONE',  ( 0.000000000000000000, 0.000000000000000000, -1.000000000000000000 ) ) ;
#2416 = CARTESIAN_POINT ( 'NONE',  ( 1.836509476617000036, 1.600000000000000089, 0.000000000000000000 ) ) ;
#2417 = ORIENTED_EDGE ( 'NONE', *, *, #1007, .T. ) ;
#2418 = CARTESIAN_POINT ( 'NONE',  ( -1.485767376914000071, 3.300000000000000711, -1.079473186051000289 ) ) ;
#2419 = CARTESIAN_POINT ( 'NONE',  ( 0.000000000000000000, 2.600000000000000533, 0.000000000000000000 ) ) ;
#2420 = AXIS2_PLACEMENT_3D ( 'NONE', #370, #1436, #731 ) ;
#2421 = VECTOR ( 'NONE', #611, 1000.000000000000000 ) ;
#2422 = ORIENTED_EDGE ( 'NONE', *, *, #77, .F. ) ;
#2423 = VERTEX_POINT ( 'NONE', #227 ) ;
#2424 = LINE ( 'NONE', #39, #3452 ) ;
#2425 = STYLED_ITEM ( 'NONE', ( #63 ), #3933 ) ;
#2426 = VECTOR ( 'NONE', #1738, 1000.000000000000000 ) ;
#2427 = DIRECTION ( 'NONE',  ( 0.9426414910921716572, 0.000000000000000000, 0.3338068592337900542 ) ) ;
#2428 = VECTOR ( 'NONE', #3641, 1000.000000000000114 ) ;
#2429 = EDGE_CURVE ( 'NONE', #4268, #4138, #495, .T. ) ;
#2430 = AXIS2_PLACEMENT_3D ( 'NONE', #3869, #1826, #1169 ) ;
#2431 = ORIENTED_EDGE ( 'NONE', *, *, #972, .F. ) ;
#2432 = VECTOR ( 'NONE', #1743, 1000.000000000000000 ) ;
#2433 = EDGE_CURVE ( 'NONE', #3064, #3158, #858, .T. ) ;
#2435 = LINE ( 'NONE', #4126, #1713 ) ;
#2434 = VECTOR ( 'NONE', #2912, 1000.000000000000227 ) ;
#2436 = EDGE_CURVE ( 'NONE', #2353, #2445, #4098, .T. ) ;
#2437 = EDGE_CURVE ( 'NONE', #1468, #2882, #3379, .T. ) ;
#2438 = ORIENTED_EDGE ( 'NONE', *, *, #4223, .T. ) ;
#2439 = ORIENTED_EDGE ( 'NONE', *, *, #4427, .F. ) ;
#2440 = VERTEX_POINT ( 'NONE', #181 ) ;
#2441 = DIRECTION ( 'NONE',  ( 0.000000000000000000, -1.000000000000000000, 0.000000000000000000 ) ) ;
#2442 = LINE ( 'NONE', #3792, #1530 ) ;
#2443 = CARTESIAN_POINT ( 'NONE',  ( 0.000000000000000000, 2.600000000000000533, 0.000000000000000000 ) ) ;
#2444 = LINE ( 'NONE', #371, #1352 ) ;
#2445 = VERTEX_POINT ( 'NONE', #2541 ) ;
#2446 = LINE ( 'NONE', #1071, #2504 ) ;
#2447 = CARTESIAN_POINT ( 'NONE',  ( 0.000000000000000000, 2.600000000000000533, 0.000000000000000000 ) ) ;
#2448 = ORIENTED_EDGE ( 'NONE', *, *, #3571, .F. ) ;
#2449 = DIRECTION ( 'NONE',  ( -0.000000000000000000, -1.000000000000000000, 0.000000000000000000 ) ) ;
#2450 = VERTEX_POINT ( 'NONE', #2593 ) ;
#2451 = LINE ( 'NONE', #1100, #1209 ) ;
#2452 = CIRCLE ( 'NONE', #3043, 2.000000000000000000 ) ;
#2453 = LINE ( 'NONE', #3110, #3081 ) ;
#2454 = ORIENTED_EDGE ( 'NONE', *, *, #573, .F. ) ;
#2455 = ORIENTED_EDGE ( 'NONE', *, *, #4119, .F. ) ;
#2456 = EDGE_CURVE ( 'NONE', #2616, #250, #1874, .T. ) ;
#2457 = CARTESIAN_POINT ( 'NONE',  ( 0.000000000000000000, 0.8000000000000000444, 1.836509476617000036 ) ) ;
#2458 = CARTESIAN_POINT ( 'NONE',  ( 0.000000000000000000, 0.000000000000000000, 0.000000000000000000 ) ) ;
#2459 = ADVANCED_FACE ( 'NONE', ( #2982 ), #1215, .T. ) ;
#2460 = VERTEX_POINT ( 'NONE', #1581 ) ;
#2461 = EDGE_CURVE ( 'NONE', #1812, #2670, #4454, .T. ) ;
#2462 = LINE ( 'NONE', #4131, #3951 ) ;
#2463 = FACE_OUTER_BOUND ( 'NONE', #3337, .T. ) ;
#2464 = CARTESIAN_POINT ( 'NONE',  ( -1.954381970259115864, 0.000000000000000000, 0.4247247512520265222 ) ) ;
#2465 = CARTESIAN_POINT ( 'NONE',  ( -1.492366441159141521, 0.000000000000000000, 1.331481282370127417 ) ) ;
#2466 = ORIENTED_EDGE ( 'NONE', *, *, #2026, .T. ) ;
#2467 = CARTESIAN_POINT ( 'NONE',  ( 1.954381970259086554, 0.000000000000000000, 0.4247247512521256652 ) ) ;
#2468 = CARTESIAN_POINT ( 'NONE',  ( 0.2000000000001501133, 3.299999999999999822, 1.989974874213225053 ) ) ;
#2469 = ORIENTED_EDGE ( 'NONE', *, *, #1648, .F. ) ;
#2470 = LINE ( 'NONE', #3843, #995 ) ;
#2471 = CARTESIAN_POINT ( 'NONE',  ( 0.000000000000000000, 0.8000000000000000444, -1.750000000000000000 ) ) ;
#2472 = CARTESIAN_POINT ( 'NONE',  ( -1.331481282370138741, 2.600000000000000533, 1.492366441159003854 ) ) ;
#2473 = DIRECTION ( 'NONE',  ( 0.7933533402912321675, 0.000000000000000000, 0.6087614290087246527 ) ) ;
#2474 = EDGE_LOOP ( 'NONE', ( #3488, #97, #3335, #3692 ) ) ;
#2475 = DIRECTION ( 'NONE',  ( -0.000000000000000000, 1.000000000000000000, -0.000000000000000000 ) ) ;
#2476 = DIRECTION ( 'NONE',  ( -0.7933533402912321675, 0.000000000000000000, -0.6087614290087246527 ) ) ;
#2477 = CARTESIAN_POINT ( 'NONE',  ( 0.000000000000000000, 2.600000000000000533, 0.000000000000000000 ) ) ;
#2478 = ORIENTED_EDGE ( 'NONE', *, *, #871, .T. ) ;
#2479 = ORIENTED_EDGE ( 'NONE', *, *, #2613, .T. ) ;
#2480 = ORIENTED_EDGE ( 'NONE', *, *, #571, .T. ) ;
#2481 = DIRECTION ( 'NONE',  ( 0.000000000000000000, 0.000000000000000000, -1.000000000000000000 ) ) ;
#2482 = DIRECTION ( 'NONE',  ( -0.02617694830783610926, 0.000000000000000000, -0.9996573249755582591 ) ) ;
#2483 = EDGE_CURVE ( 'NONE', #1248, #1914, #586, .T. ) ;
#2484 = CARTESIAN_POINT ( 'NONE',  ( 1.485767376913997184, 2.600000000000001421, 1.079473186051000289 ) ) ;
#2485 = CARTESIAN_POINT ( 'NONE',  ( -1.954381970259116308, 0.000000000000000000, -0.4247247512520240798 ) ) ;
#2486 = EDGE_CURVE ( 'NONE', #3439, #2787, #1961, .T. ) ;
#2487 = VERTEX_POINT ( 'NONE', #162 ) ;
#2488 = DIRECTION ( 'NONE',  ( -0.9996573249755573709, 0.000000000000000000, -0.02617694830786888166 ) ) ;
#2489 = CARTESIAN_POINT ( 'NONE',  ( 1.954381970259114976, 1.600000000000000089, 0.4247247512520139767 ) ) ;
#2490 = EDGE_CURVE ( 'NONE', #1490, #407, #3087, .T. ) ;
#2491 = VERTEX_POINT ( 'NONE', #653 ) ;
#2492 = DIRECTION ( 'NONE',  ( 0.2840153447039865942, 0.000000000000000000, 0.9588197348681741783 ) ) ;
#2493 = CARTESIAN_POINT ( 'NONE',  ( 0.000000000000000000, 1.600000000000000089, -1.750000000000000000 ) ) ;
#2494 = VECTOR ( 'NONE', #4241, 1000.000000000000114 ) ;
#2495 = CARTESIAN_POINT ( 'NONE',  ( -1.954381970259000179, 0.8000000000000000444, -0.4247247512519999879 ) ) ;
#2496 = AXIS2_PLACEMENT_3D ( 'NONE', #1498, #4251, #4295 ) ;
#2497 = ORIENTED_EDGE ( 'NONE', *, *, #3650, .T. ) ;
#2498 = CARTESIAN_POINT ( 'NONE',  ( 0.4247247512519999879, 1.600000000000000089, -1.954381970259000179 ) ) ;
#2499 = VECTOR ( 'NONE', #841, 1000.000000000000000 ) ;
#2500 = FACE_OUTER_BOUND ( 'NONE', #109, .T. ) ;
#2501 = VECTOR ( 'NONE', #2391, 1000.000000000000000 ) ;
#2502 = CARTESIAN_POINT ( 'NONE',  ( 0.4247247512520139767, 0.8000000000000000444, -1.954381970259114976 ) ) ;
#2503 = VERTEX_POINT ( 'NONE', #3417 ) ;
#2504 = VECTOR ( 'NONE', #2488, 1000.000000000000114 ) ;
#2505 = LINE ( 'NONE', #459, #2295 ) ;
#2506 = ORIENTED_EDGE ( 'NONE', *, *, #1589, .F. ) ;
#2507 = CARTESIAN_POINT ( 'NONE',  ( 0.000000000000000000, 3.299999999999999822, 0.000000000000000000 ) ) ;
#2508 = CARTESIAN_POINT ( 'NONE',  ( 0.5675126386054001326, 3.299999999999999378, -1.746624304974999875 ) ) ;
#2509 = VECTOR ( 'NONE', #89, 1000.000000000000000 ) ;
#2510 = DIRECTION ( 'NONE',  ( -0.9426414910921715462, 0.000000000000000000, -0.3338068592337899987 ) ) ;
#2511 = AXIS2_PLACEMENT_3D ( 'NONE', #3037, #1303, #2649 ) ;
#2512 = ORIENTED_EDGE ( 'NONE', *, *, #698, .F. ) ;
#2513 = CARTESIAN_POINT ( 'NONE',  ( 0.2000000000000000111, 0.8000000000000000444, 1.989974874212999900 ) ) ;
#2514 = FACE_OUTER_BOUND ( 'NONE', #4009, .T. ) ;
#2515 = OPEN_SHELL ( 'NONE', ( #815, #3897 ) ) ;
#2516 =( LENGTH_UNIT ( ) NAMED_UNIT ( * ) SI_UNIT ( .MILLI., .METRE. ) );
#2517 = ORIENTED_EDGE ( 'NONE', *, *, #2271, .F. ) ;
#2518 = ADVANCED_FACE ( 'NONE', ( #943 ), #3080, .F. ) ;
#2519 = CARTESIAN_POINT ( 'NONE',  ( 0.000000000000000000, 3.299999999999999822, -1.500000000000000000 ) ) ;
#2520 = EDGE_CURVE ( 'NONE', #407, #1490, #2174, .T. ) ;
#2521 = CARTESIAN_POINT ( 'NONE',  ( 1.079473186051000511, 0.000000000000000000, -1.485767376913991855 ) ) ;
#2522 = ORIENTED_EDGE ( 'NONE', *, *, #1341, .F. ) ;
#2523 = CARTESIAN_POINT ( 'NONE',  ( -1.485767376914000071, 0.000000000000000000, -1.079473186051000289 ) ) ;
#2524 = DIRECTION ( 'NONE',  ( 0.6087614290087246527, 0.000000000000000000, -0.7933533402912321675 ) ) ;
#2525 = CYLINDRICAL_SURFACE ( 'NONE', #1937, 2.000000000000000000 ) ;
#2526 = DIRECTION ( 'NONE',  ( 0.000000000000000000, 0.000000000000000000, -1.000000000000000000 ) ) ;
#2527 = CARTESIAN_POINT ( 'NONE',  ( -0.2000000000001498635, 0.8000000000000000444, 1.989974874213225053 ) ) ;
#2528 = ORIENTED_EDGE ( 'NONE', *, *, #3836, .T. ) ;
#2529 = AXIS2_PLACEMENT_3D ( 'NONE', #4205, #1439, #1114 ) ;
#2530 = ORIENTED_EDGE ( 'NONE', *, *, #2767, .F. ) ;
#2531 = DIRECTION ( 'NONE',  ( 0.2840153447038999412, 0.000000000000000000, 0.9588197348681998244 ) ) ;
#2532 = DIRECTION ( 'NONE',  ( -0.02617694830786888166, 0.000000000000000000, -0.9996573249755573709 ) ) ;
#2533 = VECTOR ( 'NONE', #1065, 1000.000000000000114 ) ;
#2534 = CARTESIAN_POINT ( 'NONE',  ( 1.954381970259000179, 0.000000000000000000, -0.4247247512519999879 ) ) ;
#2535 = ORIENTED_EDGE ( 'NONE', *, *, #242, .T. ) ;
#2536 = DIRECTION ( 'NONE',  ( -0.000000000000000000, 1.000000000000000000, -0.000000000000000000 ) ) ;
#2537 = DIRECTION ( 'NONE',  ( 0.000000000000000000, -1.000000000000000000, 0.000000000000000000 ) ) ;
#2538 = DIRECTION ( 'NONE',  ( -0.9588197348681741783, 0.000000000000000000, 0.2840153447039865942 ) ) ;
#2539 = VERTEX_POINT ( 'NONE', #1690 ) ;
#2540 = ORIENTED_EDGE ( 'NONE', *, *, #2686, .F. ) ;
#2541 = CARTESIAN_POINT ( 'NONE',  ( 1.830775172509028437, 2.600000000000000533, 0.8051473577701804274 ) ) ;
#2542 = CARTESIAN_POINT ( 'NONE',  ( 1.989974874212870226, 0.000000000000000000, -0.2000000000000997369 ) ) ;
#2543 = EDGE_CURVE ( 'NONE', #2840, #1382, #2725, .T. ) ;
#2544 = VERTEX_POINT ( 'NONE', #2361 ) ;
#2545 = EDGE_CURVE ( 'NONE', #3673, #3965, #2900, .T. ) ;
#2546 = EDGE_CURVE ( 'NONE', #4433, #747, #3028, .T. ) ;
#2547 = CARTESIAN_POINT ( 'NONE',  ( -0.4247247512519999879, 1.600000000000000089, 1.954381970259000179 ) ) ;
#2548 = CARTESIAN_POINT ( 'NONE',  ( 0.000000000000000000, 0.000000000000000000, 0.000000000000000000 ) ) ;
#2549 = DIRECTION ( 'NONE',  ( 0.2840153447038999412, 0.000000000000000000, -0.9588197348681998244 ) ) ;
#2550 = EDGE_CURVE ( 'NONE', #2450, #4290, #3060, .T. ) ;
#2551 = ADVANCED_FACE ( 'NONE', ( #331 ), #4076, .T. ) ;
#2552 = DIRECTION ( 'NONE',  ( 0.9588197348681997134, 0.000000000000000000, -0.2840153447038998857 ) ) ;
#2553 = VERTEX_POINT ( 'NONE', #4397 ) ;
#2554 = VERTEX_POINT ( 'NONE', #629 ) ;
#2555 = CARTESIAN_POINT ( 'NONE',  ( 0.8051473577701000472, 1.600000000000000089, 1.830775172509000015 ) ) ;
#2556 = LINE ( 'NONE', #1927, #2499 ) ;
#2557 = CARTESIAN_POINT ( 'NONE',  ( 1.836509476617000036, 0.000000000000000000, 0.000000000000000000 ) ) ;
#2558 = EDGE_LOOP ( 'NONE', ( #1935, #2167, #4101, #1042 ) ) ;
#2559 = CARTESIAN_POINT ( 'NONE',  ( 1.492366441159000079, 1.600000000000000089, -1.331481282369999963 ) ) ;
#2560 = LINE ( 'NONE', #1890, #1737 ) ;
#2561 = ORIENTED_EDGE ( 'NONE', *, *, #2456, .F. ) ;
#2562 = ORIENTED_EDGE ( 'NONE', *, *, #3456, .T. ) ;
#2563 = CARTESIAN_POINT ( 'NONE',  ( 1.746624304974971231, 0.8000000000000000444, -0.5675126386053581662 ) ) ;
#2564 = DIRECTION ( 'NONE',  ( -0.000000000000000000, -1.000000000000000000, -0.000000000000000000 ) ) ;
#2565 = ORIENTED_EDGE ( 'NONE', *, *, #455, .F. ) ;
#2566 = CIRCLE ( 'NONE', #3717, 2.000000000000000000 ) ;
#2567 = DIRECTION ( 'NONE',  ( -0.9996573249755574819, 0.000000000000000000, 0.02617694830786888513 ) ) ;
#2568 = FACE_OUTER_BOUND ( 'NONE', #2035, .T. ) ;
#2569 = AXIS2_PLACEMENT_3D ( 'NONE', #3321, #634, #1296 ) ;
#2570 = CIRCLE ( 'NONE', #3864, 2.000000000000000000 ) ;
#2571 = LINE ( 'NONE', #1122, #1075 ) ;
#2572 = ORIENTED_EDGE ( 'NONE', *, *, #4145, .F. ) ;
#2573 = EDGE_CURVE ( 'NONE', #2346, #980, #296, .T. ) ;
#2574 = ORIENTED_EDGE ( 'NONE', *, *, #4282, .F. ) ;
#2575 = DIRECTION ( 'NONE',  ( -0.000000000000000000, 1.000000000000000000, 0.000000000000000000 ) ) ;
#2576 = VECTOR ( 'NONE', #1457, 1000.000000000000114 ) ;
#2578 = DIRECTION ( 'NONE',  ( 0.000000000000000000, -1.000000000000000000, 0.000000000000000000 ) ) ;
#2577 = AXIS2_PLACEMENT_3D ( 'NONE', #2693, #4084, #3392 ) ;
#2579 = ADVANCED_FACE ( 'NONE', ( #2703 ), #249, .F. ) ;
#2580 = EDGE_CURVE ( 'NONE', #2003, #478, #4120, .T. ) ;
#2581 = FACE_OUTER_BOUND ( 'NONE', #1701, .T. ) ;
#2582 = DIRECTION ( 'NONE',  ( -0.9426414910921716572, 0.000000000000000000, -0.3338068592337900542 ) ) ;
#2583 = VECTOR ( 'NONE', #2164, 1000.000000000000000 ) ;
#2584 =( GEOMETRIC_REPRESENTATION_CONTEXT ( 3 ) GLOBAL_UNCERTAINTY_ASSIGNED_CONTEXT ( ( #1891 ) ) GLOBAL_UNIT_ASSIGNED_CONTEXT ( ( #2516, #784, #3532 ) ) REPRESENTATION_CONTEXT ( 'NONE', 'WORKASPACE' ) );
#2585 = VECTOR ( 'NONE', #1354, 1000.000000000000000 ) ;
#2586 = VERTEX_POINT ( 'NONE', #4058 ) ;
#2587 = VECTOR ( 'NONE', #4301, 1000.000000000000000 ) ;
#2588 = CARTESIAN_POINT ( 'NONE',  ( 0.2000000000001500577, 0.8000000000000000444, -1.989974874213225053 ) ) ;
#2589 = VECTOR ( 'NONE', #2291, 1000.000000000000000 ) ;
#2590 = DIRECTION ( 'NONE',  ( -0.8241261886220260235, 0.000000000000000000, 0.5664062369248178408 ) ) ;
#2591 = ORIENTED_EDGE ( 'NONE', *, *, #1947, .F. ) ;
#2592 = ORIENTED_EDGE ( 'NONE', *, *, #3572, .T. ) ;
#2593 = CARTESIAN_POINT ( 'NONE',  ( -1.954381970259106316, 2.600000000000000533, -0.4247247512520716528 ) ) ;
#2594 = DIRECTION ( 'NONE',  ( 0.000000000000000000, 0.000000000000000000, -1.000000000000000000 ) ) ;
#2595 = AXIS2_PLACEMENT_3D ( 'NONE', #1172, #501, #4211 ) ;
#2596 = EDGE_LOOP ( 'NONE', ( #415, #4064, #1845, #1896 ) ) ;
#2597 = DIRECTION ( 'NONE',  ( 0.000000000000000000, -1.000000000000000000, 0.000000000000000000 ) ) ;
#2598 = LINE ( 'NONE', #1487, #4375 ) ;
#2599 = CARTESIAN_POINT ( 'NONE',  ( 1.079473186051000289, 2.600000000000001421, -1.485767376913997184 ) ) ;
#2600 = EDGE_LOOP ( 'NONE', ( #585, #1792, #3568, #392 ) ) ;
#2601 = ORIENTED_EDGE ( 'NONE', *, *, #397, .T. ) ;
#2602 = DIRECTION ( 'NONE',  ( 0.000000000000000000, -1.000000000000000000, 0.000000000000000000 ) ) ;
#2603 = LINE ( 'NONE', #1201, #207 ) ;
#2604 = LINE ( 'NONE', #195, #1852 ) ;
#2605 = EDGE_CURVE ( 'NONE', #2242, #2970, #3778, .T. ) ;
#2606 = ADVANCED_FACE ( 'NONE', ( #2660 ), #2321, .T. ) ;
#2607 = ADVANCED_FACE ( 'NONE', ( #963 ), #1984, .F. ) ;
#2608 = ORIENTED_EDGE ( 'NONE', *, *, #70, .T. ) ;
#2609 = LINE ( 'NONE', #2883, #2428 ) ;
#2610 = DIRECTION ( 'NONE',  ( 0.2840153447039865942, 0.000000000000000000, -0.9588197348681741783 ) ) ;
#2611 = VECTOR ( 'NONE', #178, 1000.000000000000000 ) ;
#2612 = VERTEX_POINT ( 'NONE', #1671 ) ;
#2613 = EDGE_CURVE ( 'NONE', #1848, #3157, #14, .T. ) ;
#2614 = ORIENTED_EDGE ( 'NONE', *, *, #77, .T. ) ;
#2615 = DIRECTION ( 'NONE',  ( -0.000000000000000000, 1.000000000000000000, -0.000000000000000000 ) ) ;
#2616 = VERTEX_POINT ( 'NONE', #981 ) ;
#2617 = DIRECTION ( 'NONE',  ( 0.000000000000000000, -1.000000000000000000, 0.000000000000000000 ) ) ;
#2618 = PLANE ( 'NONE',  #1580 ) ;
#2619 = VERTEX_POINT ( 'NONE', #3740 ) ;
#2620 = ORIENTED_EDGE ( 'NONE', *, *, #2028, .F. ) ;
#2621 = EDGE_LOOP ( 'NONE', ( #1501, #3467, #2257, #1634 ) ) ;
#2622 = CARTESIAN_POINT ( 'NONE',  ( 0.000000000000000000, 1.600000000000000089, 0.000000000000000000 ) ) ;
#2623 = DIRECTION ( 'NONE',  ( 0.000000000000000000, 1.000000000000000000, 0.000000000000000000 ) ) ;
#2624 = DIRECTION ( 'NONE',  ( -0.000000000000000000, -1.000000000000000000, 0.000000000000000000 ) ) ;
#2625 = FACE_OUTER_BOUND ( 'NONE', #1437, .T. ) ;
#2626 = ORIENTED_EDGE ( 'NONE', *, *, #2833, .T. ) ;
#2627 = LINE ( 'NONE', #4072, #1796 ) ;
#2628 = EDGE_CURVE ( 'NONE', #4202, #8, #2452, .T. ) ;
#2629 = CARTESIAN_POINT ( 'NONE',  ( -1.485767376913997184, 1.600000000000000755, -1.079473186051000289 ) ) ;
#2630 = EDGE_CURVE ( 'NONE', #3008, #1968, #4227, .T. ) ;
#2631 = ORIENTED_EDGE ( 'NONE', *, *, #3819, .T. ) ;
#2632 = EDGE_LOOP ( 'NONE', ( #2283, #3640, #1742, #877 ) ) ;
#2633 = DIRECTION ( 'NONE',  ( 0.000000000000000000, 0.000000000000000000, -1.000000000000000000 ) ) ;
#2634 = ADVANCED_FACE ( 'NONE', ( #2514 ), #1752, .F. ) ;
#2635 = EDGE_CURVE ( 'NONE', #1261, #882, #2160, .T. ) ;
#2636 = ORIENTED_EDGE ( 'NONE', *, *, #2050, .F. ) ;
#2637 = LINE ( 'NONE', #3317, #2074 ) ;
#2638 = LINE ( 'NONE', #588, #1574 ) ;
#2639 = CARTESIAN_POINT ( 'NONE',  ( 1.989974874212999900, 3.299999999999999822, 0.2000000000000000111 ) ) ;
#2640 = DIRECTION ( 'NONE',  ( 0.000000000000000000, 0.000000000000000000, -1.000000000000000000 ) ) ;
#2641 = ORIENTED_EDGE ( 'NONE', *, *, #2051, .T. ) ;
#2642 = VERTEX_POINT ( 'NONE', #3166 ) ;
#2643 = PLANE ( 'NONE',  #1645 ) ;
#2644 = VERTEX_POINT ( 'NONE', #3800 ) ;
#2645 = LINE ( 'NONE', #3035, #1212 ) ;
#2646 = CARTESIAN_POINT ( 'NONE',  ( 0.000000000000000000, 1.600000000000000089, 0.000000000000000000 ) ) ;
#2647 = AXIS2_PLACEMENT_3D ( 'NONE', #2044, #1327, #3076 ) ;
#2648 = AXIS2_PLACEMENT_3D ( 'NONE', #2707, #1626, #1656 ) ;
#2649 = DIRECTION ( 'NONE',  ( 0.000000000000000000, 0.000000000000000000, -1.000000000000000000 ) ) ;
#2650 = AXIS2_PLACEMENT_3D ( 'NONE', #3900, #434, #144 ) ;
#2651 = ORIENTED_EDGE ( 'NONE', *, *, #4005, .T. ) ;
#2652 = FACE_OUTER_BOUND ( 'NONE', #424, .T. ) ;
#2653 = DIRECTION ( 'NONE',  ( 0.9426414910925988710, 0.000000000000000000, -0.3338068592325834083 ) ) ;
#2654 = AXIS2_PLACEMENT_3D ( 'NONE', #1898, #2138, #520 ) ;
#2655 = ORIENTED_EDGE ( 'NONE', *, *, #1998, .T. ) ;
#2656 = VECTOR ( 'NONE', #3497, 1000.000000000000114 ) ;
#2657 = CIRCLE ( 'NONE', #4164, 2.000000000000000000 ) ;
#2658 = ORIENTED_EDGE ( 'NONE', *, *, #3426, .F. ) ;
#2659 = AXIS2_PLACEMENT_3D ( 'NONE', #138, #352, #313 ) ;
#2660 = FACE_OUTER_BOUND ( 'NONE', #1190, .T. ) ;
#2661 = EDGE_CURVE ( 'NONE', #638, #711, #419, .T. ) ;
#2662 = CIRCLE ( 'NONE', #713, 2.000000000000000000 ) ;
#2663 = ORIENTED_EDGE ( 'NONE', *, *, #1088, .T. ) ;
#2664 = DIRECTION ( 'NONE',  ( -0.000000000000000000, -1.000000000000000000, -0.000000000000000000 ) ) ;
#2665 = EDGE_CURVE ( 'NONE', #4206, #3390, #3120, .T. ) ;
#2666 = CARTESIAN_POINT ( 'NONE',  ( -1.485767376913997850, 0.8000000000000002665, 1.079473186050992961 ) ) ;
#2667 = VECTOR ( 'NONE', #3725, 1000.000000000000114 ) ;
#2668 = DIRECTION ( 'NONE',  ( 0.000000000000000000, 0.000000000000000000, 1.000000000000000000 ) ) ;
#2669 = CARTESIAN_POINT ( 'NONE',  ( 0.000000000000000000, 0.000000000000000000, 0.000000000000000000 ) ) ;
#2670 = VERTEX_POINT ( 'NONE', #2489 ) ;
#2671 = ORIENTED_EDGE ( 'NONE', *, *, #3401, .T. ) ;
#2672 = LINE ( 'NONE', #4047, #3143 ) ;
#2673 = DIRECTION ( 'NONE',  ( -0.000000000000000000, -1.000000000000000000, -0.000000000000000000 ) ) ;
#2674 = PLANE ( 'NONE',  #2577 ) ;
#2675 = DIRECTION ( 'NONE',  ( 0.8241261886216834087, 0.000000000000000000, 0.5664062369253162199 ) ) ;
#2676 = EDGE_LOOP ( 'NONE', ( #1642, #1405, #2280, #592 ) ) ;
#2677 = CARTESIAN_POINT ( 'NONE',  ( -1.830775172509000015, 1.600000000000000089, 0.8051473577701000472 ) ) ;
#2678 = FACE_OUTER_BOUND ( 'NONE', #1244, .T. ) ;
#2679 = CARTESIAN_POINT ( 'NONE',  ( 1.485767376914000071, 0.8000000000000000444, 1.079473186051000289 ) ) ;
#2680 = ORIENTED_EDGE ( 'NONE', *, *, #1647, .F. ) ;
#2681 = VECTOR ( 'NONE', #3383, 1000.000000000000000 ) ;
#2682 = DIRECTION ( 'NONE',  ( 0.8241261886220260235, 0.000000000000000000, -0.5664062369248178408 ) ) ;
#2683 = AXIS2_PLACEMENT_3D ( 'NONE', #1306, #4032, #583 ) ;
#2684 = VERTEX_POINT ( 'NONE', #1480 ) ;
#2685 = DIRECTION ( 'NONE',  ( -0.000000000000000000, 1.000000000000000000, -0.000000000000000000 ) ) ;
#2686 = EDGE_CURVE ( 'NONE', #2544, #3240, #1072, .T. ) ;
#2687 = DIRECTION ( 'NONE',  ( -0.8241261886216834087, 0.000000000000000000, -0.5664062369253162199 ) ) ;
#2688 = EDGE_CURVE ( 'NONE', #4238, #1809, #3615, .T. ) ;
#2689 = EDGE_LOOP ( 'NONE', ( #2417, #2365, #2059, #1035 ) ) ;
#2690 = ORIENTED_EDGE ( 'NONE', *, *, #2715, .F. ) ;
#2691 = DIRECTION ( 'NONE',  ( -0.000000000000000000, -1.000000000000000000, -0.000000000000000000 ) ) ;
#2692 = CARTESIAN_POINT ( 'NONE',  ( 1.954381970259106316, 2.600000000000000533, 0.4247247512520722079 ) ) ;
#2693 = CARTESIAN_POINT ( 'NONE',  ( -1.485767376914000071, 0.000000000000000000, 1.079473186051000289 ) ) ;
#2694 = EDGE_CURVE ( 'NONE', #3015, #254, #2860, .T. ) ;
#2695 = ADVANCED_FACE ( 'NONE', ( #1138 ), #2838, .F. ) ;
#2696 = VERTEX_POINT ( 'NONE', #2093 ) ;
#2697 = FACE_OUTER_BOUND ( 'NONE', #1599, .T. ) ;
#2698 = ORIENTED_EDGE ( 'NONE', *, *, #2688, .T. ) ;
#2699 = DIRECTION ( 'NONE',  ( -0.5664062369253162199, 0.000000000000000000, 0.8241261886216834087 ) ) ;
#2700 = DIRECTION ( 'NONE',  ( 0.5664062369248178408, 0.000000000000000000, 0.8241261886220260235 ) ) ;
#2701 = CARTESIAN_POINT ( 'NONE',  ( 1.830775172509081949, 0.8000000000000000444, 0.8051473577702040751 ) ) ;
#2702 = VERTEX_POINT ( 'NONE', #395 ) ;
#2703 = FACE_OUTER_BOUND ( 'NONE', #1602, .T. ) ;
#2704 = ORIENTED_EDGE ( 'NONE', *, *, #1423, .F. ) ;
#2705 = CARTESIAN_POINT ( 'NONE',  ( -1.492366441159007850, 0.8000000000000000444, 1.331481282370138741 ) ) ;
#2706 = DIRECTION ( 'NONE',  ( -0.6087614290092395741, 0.000000000000000000, 0.7933533402908369281 ) ) ;
#2707 = CARTESIAN_POINT ( 'NONE',  ( -1.079473186051000289, 0.000000000000000000, -1.485767376914000071 ) ) ;
#2708 = ORIENTED_EDGE ( 'NONE', *, *, #1533, .T. ) ;
#2709 = ORIENTED_EDGE ( 'NONE', *, *, #1613, .F. ) ;
#2710 = CARTESIAN_POINT ( 'NONE',  ( 0.2000000000001500577, 1.600000000000000089, -1.989974874213225053 ) ) ;
#2711 = DIRECTION ( 'NONE',  ( 0.7933533402912321675, 0.000000000000000000, -0.6087614290087246527 ) ) ;
#2712 = DIRECTION ( 'NONE',  ( 0.000000000000000000, -1.000000000000000000, -0.000000000000000000 ) ) ;
#2713 = EDGE_CURVE ( 'NONE', #4081, #4416, #1771, .T. ) ;
#2714 = DIRECTION ( 'NONE',  ( -0.000000000000000000, -1.000000000000000000, 0.000000000000000000 ) ) ;
#2715 = EDGE_CURVE ( 'NONE', #4414, #2644, #1162, .T. ) ;
#2716 = ORIENTED_EDGE ( 'NONE', *, *, #3404, .F. ) ;
#2717 = ADVANCED_FACE ( 'NONE', ( #3138 ), #1094, .F. ) ;
#2718 = FACE_OUTER_BOUND ( 'NONE', #1887, .T. ) ;
#2719 = FACE_OUTER_BOUND ( 'NONE', #3428, .T. ) ;
#2720 = DIRECTION ( 'NONE',  ( -0.9426414910921715462, 0.000000000000000000, 0.3338068592337899987 ) ) ;
#2721 = CIRCLE ( 'NONE', #1858, 1.550000000008822099 ) ;
#2722 = AXIS2_PLACEMENT_3D ( 'NONE', #3019, #1916, #2720 ) ;
#2723 = CARTESIAN_POINT ( 'NONE',  ( -0.5675126386054000216, 0.000000000000000000, -1.746624304975000097 ) ) ;
#2724 = ORIENTED_EDGE ( 'NONE', *, *, #3487, .F. ) ;
#2725 = LINE ( 'NONE', #1005, #233 ) ;
#2726 = VECTOR ( 'NONE', #1629, 1000.000000000000114 ) ;
#2727 = CIRCLE ( 'NONE', #696, 2.000000000000000000 ) ;
#2728 = VECTOR ( 'NONE', #2850, 1000.000000000000000 ) ;
#2729 = VECTOR ( 'NONE', #3910, 1000.000000000000114 ) ;
#2730 = ORIENTED_EDGE ( 'NONE', *, *, #2713, .T. ) ;
#2731 = FACE_OUTER_BOUND ( 'NONE', #4159, .T. ) ;
#2732 = AXIS2_PLACEMENT_3D ( 'NONE', #2033, #3125, #719 ) ;
#2733 = VECTOR ( 'NONE', #3914, 1000.000000000000114 ) ;
#2734 = CARTESIAN_POINT ( 'NONE',  ( 0.000000000000000000, 0.8000000000000000444, 0.000000000000000000 ) ) ;
#2735 = VERTEX_POINT ( 'NONE', #2468 ) ;
#2736 = LINE ( 'NONE', #4278, #1217 ) ;
#2737 = DIRECTION ( 'NONE',  ( 0.02617694830783610926, 0.000000000000000000, 0.9996573249755582591 ) ) ;
#2738 = ORIENTED_EDGE ( 'NONE', *, *, #4398, .F. ) ;
#2739 = LINE ( 'NONE', #1683, #4008 ) ;
#2740 = ORIENTED_EDGE ( 'NONE', *, *, #2169, .T. ) ;
#2741 = CYLINDRICAL_SURFACE ( 'NONE', #4384, 2.000000000000000000 ) ;
#2742 = PLANE ( 'NONE',  #3334 ) ;
#2743 = ADVANCED_FACE ( 'NONE', ( #806 ), #3840, .F. ) ;
#2744 = DIRECTION ( 'NONE',  ( -0.9588197348681997134, 0.000000000000000000, 0.2840153447038998857 ) ) ;
#2745 = EDGE_CURVE ( 'NONE', #2413, #1261, #3826, .T. ) ;
#2746 = EDGE_CURVE ( 'NONE', #3285, #2408, #379, .T. ) ;
#2747 = ORIENTED_EDGE ( 'NONE', *, *, #1049, .T. ) ;
#2748 = DIRECTION ( 'NONE',  ( 0.000000000000000000, 0.000000000000000000, -1.000000000000000000 ) ) ;
#2749 = DIRECTION ( 'NONE',  ( 0.000000000000000000, -1.000000000000000000, 0.000000000000000000 ) ) ;
#2750 = CARTESIAN_POINT ( 'NONE',  ( -1.079473186051000289, 2.600000000000000977, -1.485767376914000071 ) ) ;
#2751 = ADVANCED_FACE ( 'NONE', ( #1397 ), #2204, .F. ) ;
#2752 = ORIENTED_EDGE ( 'NONE', *, *, #1531, .T. ) ;
#2753 = DIRECTION ( 'NONE',  ( 0.9426414910921716572, 0.000000000000000000, -0.3338068592337900542 ) ) ;
#2754 = AXIS2_PLACEMENT_3D ( 'NONE', #605, #1345, #960 ) ;
#2755 = DIRECTION ( 'NONE',  ( 0.000000000000000000, -1.000000000000000000, 0.000000000000000000 ) ) ;
#2756 = VECTOR ( 'NONE', #2023, 1000.000000000000114 ) ;
#2757 = EDGE_LOOP ( 'NONE', ( #2214, #2247, #1206, #2341 ) ) ;
#2758 = DIRECTION ( 'NONE',  ( 0.9426414910921715462, 0.000000000000000000, 0.3338068592337899987 ) ) ;
#2759 = VERTEX_POINT ( 'NONE', #3214 ) ;
#2760 = LINE ( 'NONE', #437, #3139 ) ;
#2761 = EDGE_LOOP ( 'NONE', ( #16, #3695, #1017, #3949 ) ) ;
#2762 = CARTESIAN_POINT ( 'NONE',  ( 0.5675126386054000216, 0.000000000000000000, 1.746624304975000097 ) ) ;
#2763 = LINE ( 'NONE', #3818, #1320 ) ;
#2764 = DIRECTION ( 'NONE',  ( -0.000000000000000000, -1.000000000000000000, 0.000000000000000000 ) ) ;
#2765 = DIRECTION ( 'NONE',  ( 0.000000000000000000, 0.000000000000000000, -1.000000000000000000 ) ) ;
#2766 = FACE_OUTER_BOUND ( 'NONE', #2621, .T. ) ;
#2767 = EDGE_CURVE ( 'NONE', #4127, #478, #3604, .T. ) ;
#2768 = VECTOR ( 'NONE', #2714, 1000.000000000000000 ) ;
#2769 = ORIENTED_EDGE ( 'NONE', *, *, #2132, .T. ) ;
#2770 = DIRECTION ( 'NONE',  ( 0.000000000000000000, 0.000000000000000000, 1.000000000000000000 ) ) ;
#2771 = EDGE_CURVE ( 'NONE', #217, #3458, #2182, .T. ) ;
#2772 = CARTESIAN_POINT ( 'NONE',  ( -0.4247247512519999879, 0.8000000000000000444, 1.954381970259000179 ) ) ;
#2773 = VERTEX_POINT ( 'NONE', #4001 ) ;
#2774 = CARTESIAN_POINT ( 'NONE',  ( 1.079473186051000289, 0.000000000000000000, 1.485767376914000071 ) ) ;
#2775 = EDGE_CURVE ( 'NONE', #664, #4232, #3576, .T. ) ;
#2776 = EDGE_CURVE ( 'NONE', #1623, #2642, #157, .T. ) ;
#2777 = CARTESIAN_POINT ( 'NONE',  ( -1.746624304975000097, 0.000000000000000000, 0.5675126386054000216 ) ) ;
#2778 = ORIENTED_EDGE ( 'NONE', *, *, #12, .F. ) ;
#2779 = PLANE ( 'NONE',  #924 ) ;
#2780 = ORIENTED_EDGE ( 'NONE', *, *, #3121, .F. ) ;
#2781 = VERTEX_POINT ( 'NONE', #3911 ) ;
#2782 = CARTESIAN_POINT ( 'NONE',  ( 0.000000000000000000, 1.600000000000000089, 0.000000000000000000 ) ) ;
#2783 = ORIENTED_EDGE ( 'NONE', *, *, #244, .F. ) ;
#2784 = PLANE ( 'NONE',  #3730 ) ;
#2785 = LINE ( 'NONE', #11, #1962 ) ;
#2786 = CARTESIAN_POINT ( 'NONE',  ( 1.492366441159007850, 0.8000000000000000444, -1.331481282370138741 ) ) ;
#2787 = VERTEX_POINT ( 'NONE', #2629 ) ;
#2788 = CARTESIAN_POINT ( 'NONE',  ( -1.830775172509180537, 0.8000000000000000444, 0.8051473577701266926 ) ) ;
#2789 = DIRECTION ( 'NONE',  ( 0.9588197348681741783, 0.000000000000000000, -0.2840153447039865942 ) ) ;
#2790 = VECTOR ( 'NONE', #96, 1000.000000000000227 ) ;
#2791 = VECTOR ( 'NONE', #2764, 1000.000000000000000 ) ;
#2792 = ORIENTED_EDGE ( 'NONE', *, *, #2429, .T. ) ;
#2793 = CARTESIAN_POINT ( 'NONE',  ( -1.007874484620000066, 3.299999999999999822, -1.727480542075999992 ) ) ;
#2794 = AXIS2_PLACEMENT_3D ( 'NONE', #2107, #3795, #2765 ) ;
#2795 = CIRCLE ( 'NONE', #2650, 2.000000000000000000 ) ;
#2796 = LINE ( 'NONE', #691, #570 ) ;
#2797 = CIRCLE ( 'NONE', #3376, 2.000000000000000000 ) ;
#2798 = EDGE_CURVE ( 'NONE', #2205, #1854, #513, .T. ) ;
#2799 = VECTOR ( 'NONE', #2188, 1000.000000000000000 ) ;
#2800 = VECTOR ( 'NONE', #2449, 1000.000000000000000 ) ;
#2801 = EDGE_CURVE ( 'NONE', #2849, #4435, #2560, .T. ) ;
#2802 = ADVANCED_FACE ( 'NONE', ( #3624 ), #895, .F. ) ;
#2803 = ORIENTED_EDGE ( 'NONE', *, *, #3456, .F. ) ;
#2804 = VECTOR ( 'NONE', #3217, 1000.000000000000000 ) ;
#2805 = VECTOR ( 'NONE', #1995, 1000.000000000000227 ) ;
#2806 = LINE ( 'NONE', #2099, #345 ) ;
#2807 = ORIENTED_EDGE ( 'NONE', *, *, #3351, .T. ) ;
#2808 = ORIENTED_EDGE ( 'NONE', *, *, #3649, .F. ) ;
#2809 = DIRECTION ( 'NONE',  ( -0.3338068592325834083, 0.000000000000000000, 0.9426414910925988710 ) ) ;
#2810 = LINE ( 'NONE', #2061, #18 ) ;
#2811 = CARTESIAN_POINT ( 'NONE',  ( -1.954381970259071677, 2.600000000000000533, 0.4247247512519509716 ) ) ;
#2812 = DIRECTION ( 'NONE',  ( 0.000000000000000000, -1.000000000000000000, 0.000000000000000000 ) ) ;
#2813 = AXIS2_PLACEMENT_3D ( 'NONE', #474, #146, #2552 ) ;
#2814 = VERTEX_POINT ( 'NONE', #3263 ) ;
#2815 = LINE ( 'NONE', #2467, #4094 ) ;
#2816 = CARTESIAN_POINT ( 'NONE',  ( -1.746624304975000097, 0.000000000000000000, 0.5675126386054000216 ) ) ;
#2817 = CARTESIAN_POINT ( 'NONE',  ( -1.989974874213041645, 0.8000000000000000444, 0.2000000000001879719 ) ) ;
#2818 = EDGE_LOOP ( 'NONE', ( #2293, #518, #3984, #1552 ) ) ;
#2819 = CARTESIAN_POINT ( 'NONE',  ( 0.000000000000000000, 0.000000000000000000, 0.000000000000000000 ) ) ;
#2820 = DIRECTION ( 'NONE',  ( -0.000000000000000000, -1.000000000000000000, -0.000000000000000000 ) ) ;
#2821 = DIRECTION ( 'NONE',  ( -0.000000000000000000, 1.000000000000000000, -0.000000000000000000 ) ) ;
#2822 = DIRECTION ( 'NONE',  ( -0.2840153447038999412, 0.000000000000000000, 0.9588197348681998244 ) ) ;
#2823 = ORIENTED_EDGE ( 'NONE', *, *, #2052, .T. ) ;
#2824 = EDGE_CURVE ( 'NONE', #1358, #2487, #4299, .T. ) ;
#2825 = CARTESIAN_POINT ( 'NONE',  ( -0.5675126386054000216, 2.600000000000000533, -1.746624304975000097 ) ) ;
#2826 = EDGE_CURVE ( 'NONE', #988, #664, #466, .T. ) ;
#2827 = DIRECTION ( 'NONE',  ( 0.000000000000000000, 1.000000000000000000, 0.000000000000000000 ) ) ;
#2828 = ORIENTED_EDGE ( 'NONE', *, *, #2916, .F. ) ;
#2829 = VERTEX_POINT ( 'NONE', #535 ) ;
#2830 = ORIENTED_EDGE ( 'NONE', *, *, #1920, .F. ) ;
#2831 = CARTESIAN_POINT ( 'NONE',  ( 0.000000000000000000, 0.000000000000000000, 0.000000000000000000 ) ) ;
#2832 = DIRECTION ( 'NONE',  ( 0.000000000000000000, -1.000000000000000000, 0.000000000000000000 ) ) ;
#2833 = EDGE_CURVE ( 'NONE', #2619, #2360, #1237, .T. ) ;
#2834 = CARTESIAN_POINT ( 'NONE',  ( 0.000000000000000000, 0.000000000000000000, 0.000000000000000000 ) ) ;
#2835 = CARTESIAN_POINT ( 'NONE',  ( -1.954381970259129853, 0.8000000000000000444, -0.4247247512519632395 ) ) ;
#2836 = ORIENTED_EDGE ( 'NONE', *, *, #374, .F. ) ;
#2837 = CARTESIAN_POINT ( 'NONE',  ( 0.000000000000000000, 0.000000000000000000, 0.000000000000000000 ) ) ;
#2838 = PLANE ( 'NONE',  #3255 ) ;
#2839 = FILL_AREA_STYLE ('',( #421 ) ) ;
#2840 = VERTEX_POINT ( 'NONE', #1933 ) ;
#2841 = CARTESIAN_POINT ( 'NONE',  ( 0.2000000000000000111, 2.600000000000000533, -1.989974874212999900 ) ) ;
#2842 = DIRECTION ( 'NONE',  ( 0.000000000000000000, 1.000000000000000000, 0.000000000000000000 ) ) ;
#2843 = CARTESIAN_POINT ( 'NONE',  ( -1.954381970259000179, 0.000000000000000000, 0.4247247512519999879 ) ) ;
#2844 = ORIENTED_EDGE ( 'NONE', *, *, #2798, .T. ) ;
#2845 = CARTESIAN_POINT ( 'NONE',  ( 0.2000000000000000111, 0.000000000000000000, -1.989974874212999900 ) ) ;
#2846 = DIRECTION ( 'NONE',  ( 0.000000000000000000, 0.000000000000000000, -1.000000000000000000 ) ) ;
#2847 = CARTESIAN_POINT ( 'NONE',  ( 1.727480542076139436, 0.8000000000000000444, 1.007874484619970534 ) ) ;
#2848 = ORIENTED_EDGE ( 'NONE', *, *, #1999, .T. ) ;
#2849 = VERTEX_POINT ( 'NONE', #489 ) ;
#2850 = DIRECTION ( 'NONE',  ( -0.7933533402912321675, 0.000000000000000000, -0.6087614290087246527 ) ) ;
#2851 = DIRECTION ( 'NONE',  ( 0.000000000000000000, 0.000000000000000000, -1.000000000000000000 ) ) ;
#2852 = CARTESIAN_POINT ( 'NONE',  ( 0.000000000000000000, 0.000000000000000000, 1.836509476617000036 ) ) ;
#2853 = DIRECTION ( 'NONE',  ( -0.000000000000000000, 1.000000000000000000, -0.000000000000000000 ) ) ;
#2854 = ADVANCED_FACE ( 'NONE', ( #3555 ), #225, .T. ) ;
#2855 = ADVANCED_FACE ( 'NONE', ( #4346 ), #1257, .F. ) ;
#2856 = ADVANCED_FACE ( 'NONE', ( #1161 ), #3242, .F. ) ;
#2857 = CARTESIAN_POINT ( 'NONE',  ( -1.830775172509176318, 2.600000000000000533, 0.8051473577699889139 ) ) ;
#2858 = ORIENTED_EDGE ( 'NONE', *, *, #3755, .T. ) ;
#2859 = CARTESIAN_POINT ( 'NONE',  ( 0.000000000000000000, 3.299999999999999822, 0.000000000000000000 ) ) ;
#2860 = LINE ( 'NONE', #2816, #3107 ) ;
#2861 = ORIENTED_EDGE ( 'NONE', *, *, #2550, .F. ) ;
#2862 = LINE ( 'NONE', #1846, #2804 ) ;
#2863 = CARTESIAN_POINT ( 'NONE',  ( -1.989974874212999900, 3.299999999999999822, -0.2000000000000000111 ) ) ;
#2864 = VECTOR ( 'NONE', #4321, 1000.000000000000000 ) ;
#2865 = CONICAL_SURFACE ( 'NONE', #3220, 1.549999999951978680, 0.7853981633974482790 ) ;
#2866 = ORIENTED_EDGE ( 'NONE', *, *, #724, .T. ) ;
#2867 = DIRECTION ( 'NONE',  ( -1.065814103640150279E-14, 0.000000000000000000, -1.000000000000000000 ) ) ;
#2868 = CIRCLE ( 'NONE', #1421, 2.000000000000000000 ) ;
#2869 = EDGE_LOOP ( 'NONE', ( #1723, #720, #3659, #3112 ) ) ;
#2870 = CARTESIAN_POINT ( 'NONE',  ( 1.989974874213225053, 0.8000000000000000444, 0.2000000000001501410 ) ) ;
#2871 = VECTOR ( 'NONE', #2211, 1000.000000000000114 ) ;
#2872 = LINE ( 'NONE', #1151, #2790 ) ;
#2873 = AXIS2_PLACEMENT_3D ( 'NONE', #1155, #2602, #507 ) ;
#2874 = DIRECTION ( 'NONE',  ( -0.9996573249755582591, 0.000000000000000000, 0.02617694830783610926 ) ) ;
#2875 = ORIENTED_EDGE ( 'NONE', *, *, #2052, .F. ) ;
#2876 = AXIS2_PLACEMENT_3D ( 'NONE', #607, #2475, #1515 ) ;
#2877 = VECTOR ( 'NONE', #3320, 1000.000000000000000 ) ;
#2878 = EDGE_LOOP ( 'NONE', ( #2704, #1799, #1453, #1073 ) ) ;
#2879 = CARTESIAN_POINT ( 'NONE',  ( 1.727480542076168080, 0.000000000000000000, -1.007874484620098210 ) ) ;
#2880 = DIRECTION ( 'NONE',  ( 0.000000000000000000, 0.000000000000000000, -1.000000000000000000 ) ) ;
#2881 = DIRECTION ( 'NONE',  ( 1.000000000000000000, 0.000000000000000000, 0.000000000000000000 ) ) ;
#2882 = VERTEX_POINT ( 'NONE', #876 ) ;
#2883 = CARTESIAN_POINT ( 'NONE',  ( -1.492366441159000079, 1.600000000000000089, 1.331481282369999963 ) ) ;
#2884 = EDGE_CURVE ( 'NONE', #2150, #3308, #2249, .T. ) ;
#2885 = CARTESIAN_POINT ( 'NONE',  ( -1.492366441159000079, 0.000000000000000000, -1.331481282369999963 ) ) ;
#2886 = AXIS2_PLACEMENT_3D ( 'NONE', #4245, #3592, #503 ) ;
#2887 = EDGE_CURVE ( 'NONE', #3395, #3285, #826, .T. ) ;
#2888 = EDGE_CURVE ( 'NONE', #3517, #358, #881, .T. ) ;
#2889 = VERTEX_POINT ( 'NONE', #328 ) ;
#2890 = ORIENTED_EDGE ( 'NONE', *, *, #2409, .T. ) ;
#2891 = CARTESIAN_POINT ( 'NONE',  ( -0.8051473577701000472, 2.600000000000000533, 1.830775172509000015 ) ) ;
#2892 = PLANE ( 'NONE',  #4024 ) ;
#2893 = ADVANCED_FACE ( 'NONE', ( #2719 ), #4054, .T. ) ;
#2894 = EDGE_LOOP ( 'NONE', ( #4216, #3266, #798, #2412 ) ) ;
#2895 = DIRECTION ( 'NONE',  ( 0.000000000000000000, 0.000000000000000000, -1.000000000000000000 ) ) ;
#2896 = CARTESIAN_POINT ( 'NONE',  ( -1.485767376913997850, 2.600000000000001421, 1.079473186050992961 ) ) ;
#2897 = CARTESIAN_POINT ( 'NONE',  ( -0.5675126386054000216, 2.600000000000000533, 1.746624304975000097 ) ) ;
#2898 = LINE ( 'NONE', #3923, #360 ) ;
#2899 = EDGE_LOOP ( 'NONE', ( #1773, #3670, #551, #2530 ) ) ;
#2900 = CIRCLE ( 'NONE', #1528, 2.000000000000000000 ) ;
#2901 = ORIENTED_EDGE ( 'NONE', *, *, #1776, .T. ) ;
#2902 = CARTESIAN_POINT ( 'NONE',  ( 1.485767376914000071, 0.000000000000000000, -1.079473186051000289 ) ) ;
#2903 = DIRECTION ( 'NONE',  ( 0.000000000000000000, 0.000000000000000000, -1.000000000000000000 ) ) ;
#2904 = CARTESIAN_POINT ( 'NONE',  ( -1.485767376914000071, 3.300000000000000711, 1.079473186051000289 ) ) ;
#2905 = CIRCLE ( 'NONE', #4055, 2.000000000000000000 ) ;
#2906 = ORIENTED_EDGE ( 'NONE', *, *, #4280, .F. ) ;
#2907 = CARTESIAN_POINT ( 'NONE',  ( 1.727480542076136105, 3.299999999999999822, -1.007874484619959876 ) ) ;
#2908 = DIRECTION ( 'NONE',  ( 0.02617694830786888166, 0.000000000000000000, 0.9996573249755573709 ) ) ;
#2909 = EDGE_LOOP ( 'NONE', ( #1486, #9, #134, #3761 ) ) ;
#2910 = VERTEX_POINT ( 'NONE', #1957 ) ;
#2911 = DIRECTION ( 'NONE',  ( -0.000000000000000000, 1.000000000000000000, -0.000000000000000000 ) ) ;
#2912 = DIRECTION ( 'NONE',  ( 0.6087614290092395741, 0.000000000000000000, 0.7933533402908369281 ) ) ;
#2913 = ORIENTED_EDGE ( 'NONE', *, *, #2381, .T. ) ;
#2914 = DIRECTION ( 'NONE',  ( 0.000000000000000000, -1.000000000000000000, 0.000000000000000000 ) ) ;
#2915 = EDGE_CURVE ( 'NONE', #4313, #383, #3375, .T. ) ;
#2916 = EDGE_CURVE ( 'NONE', #3850, #2889, #2387, .T. ) ;
#2917 = DIRECTION ( 'NONE',  ( -0.9996573249755582591, 0.000000000000000000, -0.02617694830783610926 ) ) ;
#2918 = LINE ( 'NONE', #796, #3579 ) ;
#2919 = FACE_OUTER_BOUND ( 'NONE', #647, .T. ) ;
#2920 = VERTEX_POINT ( 'NONE', #3729 ) ;
#2921 = ORIENTED_EDGE ( 'NONE', *, *, #1561, .F. ) ;
#2922 = CARTESIAN_POINT ( 'NONE',  ( 1.485767376914000071, 0.000000000000000000, 1.079473186051000289 ) ) ;
#2923 = LINE ( 'NONE', #4319, #3585 ) ;
#2924 = PLANE ( 'NONE',  #2496 ) ;
#2925 = DIRECTION ( 'NONE',  ( 0.9426414910921715462, 0.000000000000000000, -0.3338068592337899987 ) ) ;
#2926 = ORIENTED_EDGE ( 'NONE', *, *, #2826, .T. ) ;
#2927 = DIRECTION ( 'NONE',  ( 0.000000000000000000, 0.000000000000000000, -1.000000000000000000 ) ) ;
#2928 = DIRECTION ( 'NONE',  ( 0.9588197348681741783, 0.000000000000000000, 0.2840153447039865942 ) ) ;
#2929 = ORIENTED_EDGE ( 'NONE', *, *, #4258, .F. ) ;
#2930 = ORIENTED_EDGE ( 'NONE', *, *, #1225, .T. ) ;
#2931 = DIRECTION ( 'NONE',  ( -0.000000000000000000, -1.000000000000000000, -0.000000000000000000 ) ) ;
#2932 = FACE_OUTER_BOUND ( 'NONE', #4077, .T. ) ;
#2933 = ORIENTED_EDGE ( 'NONE', *, *, #2135, .F. ) ;
#2934 = DIRECTION ( 'NONE',  ( -0.000000000000000000, -1.000000000000000000, -0.000000000000000000 ) ) ;
#2935 = ADVANCED_FACE ( 'NONE', ( #3690 ), #262, .F. ) ;
#2936 = DIRECTION ( 'NONE',  ( -0.6087614290087246527, 0.000000000000000000, 0.7933533402912321675 ) ) ;
#2937 = EDGE_CURVE ( 'NONE', #4149, #3204, #3543, .T. ) ;
#2938 = EDGE_CURVE ( 'NONE', #3390, #4168, #1980, .T. ) ;
#2939 = VECTOR ( 'NONE', #3352, 1000.000000000000114 ) ;
#2940 = VECTOR ( 'NONE', #3280, 1000.000000000000000 ) ;
#2941 = FACE_BOUND ( 'NONE', #854, .T. ) ;
#2942 = ORIENTED_EDGE ( 'NONE', *, *, #4170, .T. ) ;
#2943 = ORIENTED_EDGE ( 'NONE', *, *, #1002, .F. ) ;
#2944 = CARTESIAN_POINT ( 'NONE',  ( 0.4247247512520251900, 0.000000000000000000, -1.954381970259116308 ) ) ;
#2945 = VECTOR ( 'NONE', #3481, 1000.000000000000114 ) ;
#2947 = DIRECTION ( 'NONE',  ( 0.000000000000000000, 0.000000000000000000, -1.000000000000000000 ) ) ;
#2946 = AXIS2_PLACEMENT_3D ( 'NONE', #3786, #721, #404 ) ;
#2948 = CARTESIAN_POINT ( 'NONE',  ( -1.746624304974898845, 1.600000000000000089, -0.5675126386054359928 ) ) ;
#2949 = VECTOR ( 'NONE', #1681, 1000.000000000000114 ) ;
#2950 = ADVANCED_FACE ( 'NONE', ( #666 ), #999, .F. ) ;
#2951 = PRESENTATION_LAYER_ASSIGNMENT (  '', '', ( #2425 ) ) ;
#2952 = AXIS2_PLACEMENT_3D ( 'NONE', #2734, #2755, #1445 ) ;
#2953 = EDGE_LOOP ( 'NONE', ( #931, #2981, #2376, #3985 ) ) ;
#2954 = VECTOR ( 'NONE', #3986, 1000.000000000000000 ) ;
#2955 = LINE ( 'NONE', #2268, #4378 ) ;
#2956 = VECTOR ( 'NONE', #3213, 1000.000000000000114 ) ;
#2957 = DIRECTION ( 'NONE',  ( -0.9996573249755574819, 0.000000000000000000, 0.02617694830786888513 ) ) ;
#2958 = APPLICATION_CONTEXT ( 'automotive_design' ) ;
#2959 = VERTEX_POINT ( 'NONE', #291 ) ;
#2960 = VERTEX_POINT ( 'NONE', #3709 ) ;
#2961 = DIRECTION ( 'NONE',  ( 0.000000000000000000, -1.000000000000000000, 0.000000000000000000 ) ) ;
#2962 = ORIENTED_EDGE ( 'NONE', *, *, #295, .F. ) ;
#2963 = LINE ( 'NONE', #2302, #1639 ) ;
#2964 = PLANE ( 'NONE',  #1791 ) ;
#2965 = CARTESIAN_POINT ( 'NONE',  ( 0.000000000000000000, 2.600000000000000533, -1.836509476617000036 ) ) ;
#2966 = ORIENTED_EDGE ( 'NONE', *, *, #1173, .F. ) ;
#2967 = ORIENTED_EDGE ( 'NONE', *, *, #2573, .F. ) ;
#2968 = EDGE_CURVE ( 'NONE', #4433, #4130, #312, .T. ) ;
#2969 = ADVANCED_FACE ( 'NONE', ( #2678 ), #1996, .F. ) ;
#2970 = VERTEX_POINT ( 'NONE', #1667 ) ;
#2971 = DIRECTION ( 'NONE',  ( -0.000000000000000000, -1.000000000000000000, 0.000000000000000000 ) ) ;
#2972 = DIRECTION ( 'NONE',  ( -0.9996573249755573709, 0.000000000000000000, -0.02617694830786888166 ) ) ;
#2973 = VECTOR ( 'NONE', #3931, 1000.000000000000114 ) ;
#2974 = EDGE_CURVE ( 'NONE', #3582, #217, #3899, .T. ) ;
#2975 = ORIENTED_EDGE ( 'NONE', *, *, #1807, .F. ) ;
#2976 = EDGE_CURVE ( 'NONE', #2403, #2644, #1686, .T. ) ;
#2977 = DIRECTION ( 'NONE',  ( 0.9996573249755582591, 0.000000000000000000, 0.02617694830783610926 ) ) ;
#2978 = DIRECTION ( 'NONE',  ( 0.000000000000000000, -1.000000000000000000, 0.000000000000000000 ) ) ;
#2979 = AXIS2_PLACEMENT_3D ( 'NONE', #2292, #3040, #3074 ) ;
#2980 = ORIENTED_EDGE ( 'NONE', *, *, #2433, .T. ) ;
#2981 = ORIENTED_EDGE ( 'NONE', *, *, #4287, .F. ) ;
#2982 = FACE_OUTER_BOUND ( 'NONE', #2689, .T. ) ;
#2983 = VERTEX_POINT ( 'NONE', #4450 ) ;
#2984 = DIRECTION ( 'NONE',  ( 8.881784197001252323E-16, 0.000000000000000000, -1.000000000000000000 ) ) ;
#2985 = DIRECTION ( 'NONE',  ( -0.000000000000000000, 1.000000000000000000, -0.000000000000000000 ) ) ;
#2986 = CARTESIAN_POINT ( 'NONE',  ( 0.000000000000000000, 3.299999999999999822, 0.000000000000000000 ) ) ;
#2987 = ORIENTED_EDGE ( 'NONE', *, *, #2272, .F. ) ;
#2988 = VERTEX_POINT ( 'NONE', #2355 ) ;
#2989 = DIRECTION ( 'NONE',  ( 0.2840153447038999412, 0.000000000000000000, -0.9588197348681998244 ) ) ;
#2990 = ORIENTED_EDGE ( 'NONE', *, *, #976, .T. ) ;
#2991 = DIRECTION ( 'NONE',  ( 0.000000000000000000, -1.000000000000000000, 0.000000000000000000 ) ) ;
#2992 = DIRECTION ( 'NONE',  ( 0.000000000000000000, -1.000000000000000000, 0.000000000000000000 ) ) ;
#2993 = EDGE_LOOP ( 'NONE', ( #4116, #1304, #3045, #1948 ) ) ;
#2994 = DIRECTION ( 'NONE',  ( 0.000000000000000000, -1.000000000000000000, 0.000000000000000000 ) ) ;
#2995 = DIRECTION ( 'NONE',  ( 0.8241261886220260235, 0.000000000000000000, 0.5664062369248178408 ) ) ;
#2996 = EDGE_CURVE ( 'NONE', #2696, #342, #649, .T. ) ;
#2997 = ADVANCED_FACE ( 'NONE', ( #1372 ), #2742, .F. ) ;
#2998 = EDGE_CURVE ( 'NONE', #1382, #4388, #2905, .T. ) ;
#2999 = VERTEX_POINT ( 'NONE', #31 ) ;
#3000 = ORIENTED_EDGE ( 'NONE', *, *, #3487, .T. ) ;
#3001 = DIRECTION ( 'NONE',  ( 0.000000000000000000, 0.000000000000000000, -1.000000000000000000 ) ) ;
#3002 = EDGE_LOOP ( 'NONE', ( #1045, #4045, #2861, #952 ) ) ;
#3003 = LINE ( 'NONE', #3272, #3657 ) ;
#3004 = LINE ( 'NONE', #569, #3589 ) ;
#3005 = ORIENTED_EDGE ( 'NONE', *, *, #4260, .T. ) ;
#3006 = ORIENTED_EDGE ( 'NONE', *, *, #2888, .T. ) ;
#3007 = DIRECTION ( 'NONE',  ( -0.000000000000000000, 1.000000000000000000, -0.000000000000000000 ) ) ;
#3008 = VERTEX_POINT ( 'NONE', #101 ) ;
#3009 = CARTESIAN_POINT ( 'NONE',  ( 0.000000000000000000, 0.8000000000000000444, -1.836509476617000036 ) ) ;
#3010 = FACE_OUTER_BOUND ( 'NONE', #3300, .T. ) ;
#3011 = AXIS2_PLACEMENT_3D ( 'NONE', #4391, #1637, #292 ) ;
#3012 = VECTOR ( 'NONE', #1768, 1000.000000000000000 ) ;
#3013 = PLANE ( 'NONE',  #3653 ) ;
#3014 = VECTOR ( 'NONE', #3227, 1000.000000000000000 ) ;
#3015 = VERTEX_POINT ( 'NONE', #3527 ) ;
#3016 = CARTESIAN_POINT ( 'NONE',  ( 0.4247247512520139767, 1.600000000000000089, -1.954381970259114976 ) ) ;
#3017 = CARTESIAN_POINT ( 'NONE',  ( -1.746624304975000097, 1.600000000000000089, -0.5675126386054000216 ) ) ;
#3018 = MECHANICAL_DESIGN_GEOMETRIC_PRESENTATION_REPRESENTATION (  '', ( #2425 ), #2584 ) ;
#3019 = CARTESIAN_POINT ( 'NONE',  ( -0.8051473577701000472, 0.000000000000000000, 1.830775172509000015 ) ) ;
#3020 = VECTOR ( 'NONE', #473, 1000.000000000000000 ) ;
#3021 = ORIENTED_EDGE ( 'NONE', *, *, #2083, .F. ) ;
#3022 = CIRCLE ( 'NONE', #3147, 2.000000000000000000 ) ;
#3023 = ADVANCED_FACE ( 'NONE', ( #2463 ), #1475, .F. ) ;
#3024 = AXIS2_PLACEMENT_3D ( 'NONE', #3432, #2414, #2104 ) ;
#3025 = EDGE_LOOP ( 'NONE', ( #2987, #3419, #1255, #4125 ) ) ;
#3026 = CIRCLE ( 'NONE', #142, 1.250000000000000000 ) ;
#3027 = EDGE_CURVE ( 'NONE', #1263, #4291, #1766, .T. ) ;
#3028 = LINE ( 'NONE', #2046, #2681 ) ;
#3029 = ORIENTED_EDGE ( 'NONE', *, *, #2194, .T. ) ;
#3030 = DIRECTION ( 'NONE',  ( 0.000000000000000000, 1.000000000000000000, -0.000000000000000000 ) ) ;
#3031 = ADVANCED_FACE ( 'NONE', ( #3834 ), #2155, .T. ) ;
#3032 = CARTESIAN_POINT ( 'NONE',  ( 0.000000000000000000, 3.299999999999999822, 0.000000000000000000 ) ) ;
#3033 = EDGE_LOOP ( 'NONE', ( #2828, #866, #3034, #226 ) ) ;
#3034 = ORIENTED_EDGE ( 'NONE', *, *, #2888, .F. ) ;
#3035 = CARTESIAN_POINT ( 'NONE',  ( -1.830775172509000015, 0.000000000000000000, -0.8051473577701000472 ) ) ;
#3036 = PLANE ( 'NONE',  #3509 ) ;
#3037 = CARTESIAN_POINT ( 'NONE',  ( 0.000000000000000000, 1.600000000000000089, 0.000000000000000000 ) ) ;
#3038 = ORIENTED_EDGE ( 'NONE', *, *, #3836, .F. ) ;
#3039 = DIRECTION ( 'NONE',  ( 0.000000000000000000, 0.000000000000000000, -1.000000000000000000 ) ) ;
#3040 = DIRECTION ( 'NONE',  ( -0.000000000000000000, 1.000000000000000000, -0.000000000000000000 ) ) ;
#3041 = FACE_OUTER_BOUND ( 'NONE', #3959, .T. ) ;
#3042 = ORIENTED_EDGE ( 'NONE', *, *, #2251, .T. ) ;
#3043 = AXIS2_PLACEMENT_3D ( 'NONE', #4136, #37, #3823 ) ;
#3044 = CARTESIAN_POINT ( 'NONE',  ( 0.000000000000000000, 0.8000000000000000444, 0.000000000000000000 ) ) ;
#3045 = ORIENTED_EDGE ( 'NONE', *, *, #15, .T. ) ;
#3046 = DIRECTION ( 'NONE',  ( 0.9426414910921715462, 0.000000000000000000, -0.3338068592337899987 ) ) ;
#3047 = CARTESIAN_POINT ( 'NONE',  ( 0.000000000000000000, 1.600000000000000089, 0.000000000000000000 ) ) ;
#3048 = EDGE_CURVE ( 'NONE', #25, #2150, #3160, .T. ) ;
#3049 = EDGE_LOOP ( 'NONE', ( #2724, #2620, #671, #1027 ) ) ;
#3050 = ORIENTED_EDGE ( 'NONE', *, *, #2630, .T. ) ;
#3051 = LINE ( 'NONE', #1952, #1426 ) ;
#3052 = CARTESIAN_POINT ( 'NONE',  ( 1.727480542075999992, 0.8000000000000000444, 1.007874484620000066 ) ) ;
#3053 = ORIENTED_EDGE ( 'NONE', *, *, #1366, .T. ) ;
#3054 = LINE ( 'NONE', #1721, #984 ) ;
#3055 = EDGE_LOOP ( 'NONE', ( #3875, #343, #289, #1918 ) ) ;
#3056 = CYLINDRICAL_SURFACE ( 'NONE', #707, 1.750000000000000000 ) ;
#3057 = DIRECTION ( 'NONE',  ( -0.7933533402912321675, 0.000000000000000000, 0.6087614290087246527 ) ) ;
#3058 = DIRECTION ( 'NONE',  ( 0.000000000000000000, 0.000000000000000000, -1.000000000000000000 ) ) ;
#3059 = ORIENTED_EDGE ( 'NONE', *, *, #1050, .F. ) ;
#3060 = LINE ( 'NONE', #315, #948 ) ;
#3061 = EDGE_LOOP ( 'NONE', ( #2506, #332, #1241, #2636 ) ) ;
#3062 = CARTESIAN_POINT ( 'NONE',  ( 0.000000000000000000, 0.000000000000000000, 0.000000000000000000 ) ) ;
#3063 = FACE_OUTER_BOUND ( 'NONE', #681, .T. ) ;
#3064 = VERTEX_POINT ( 'NONE', #1794 ) ;
#3065 = ADVANCED_FACE ( 'NONE', ( #2088 ), #3853, .F. ) ;
#3066 = LINE ( 'NONE', #3345, #2726 ) ;
#3067 = CARTESIAN_POINT ( 'NONE',  ( 1.954381970259129853, 1.600000000000000089, -0.4247247512519635171 ) ) ;
#3068 = FACE_OUTER_BOUND ( 'NONE', #4019, .T. ) ;
#3069 = EDGE_CURVE ( 'NONE', #2814, #1343, #4154, .T. ) ;
#3070 = ADVANCED_FACE ( 'NONE', ( #3478 ), #348, .T. ) ;
#3071 = LINE ( 'NONE', #3430, #2667 ) ;
#3072 = ORIENTED_EDGE ( 'NONE', *, *, #1418, .F. ) ;
#3073 = CARTESIAN_POINT ( 'NONE',  ( 1.079473186051000289, 0.8000000000000000444, -1.485767376914000071 ) ) ;
#3074 = DIRECTION ( 'NONE',  ( 0.000000000000000000, 0.000000000000000000, -1.000000000000000000 ) ) ;
#3075 = EDGE_CURVE ( 'NONE', #4365, #2180, #2785, .T. ) ;
#3076 = DIRECTION ( 'NONE',  ( 0.7933533402912321675, 0.000000000000000000, -0.6087614290087246527 ) ) ;
#3077 = VECTOR ( 'NONE', #1021, 1000.000000000000000 ) ;
#3078 = VECTOR ( 'NONE', #3116, 1000.000000000000227 ) ;
#3079 = ORIENTED_EDGE ( 'NONE', *, *, #1051, .F. ) ;
#3080 = PLANE ( 'NONE',  #1678 ) ;
#3081 = VECTOR ( 'NONE', #3829, 1000.000000000000000 ) ;
#3082 = AXIS2_PLACEMENT_3D ( 'NONE', #552, #4380, #4406 ) ;
#3083 = AXIS2_PLACEMENT_3D ( 'NONE', #2859, #2181, #2927 ) ;
#3084 = ORIENTED_EDGE ( 'NONE', *, *, #3426, .T. ) ;
#3085 = CARTESIAN_POINT ( 'NONE',  ( -0.8051473577701000472, 0.8000000000000000444, -1.830775172509000015 ) ) ;
#3086 = AXIS2_PLACEMENT_3D ( 'NONE', #401, #4142, #3471 ) ;
#3087 = CIRCLE ( 'NONE', #1582, 1.500000000000000000 ) ;
#3088 = DIRECTION ( 'NONE',  ( -0.000000000000000000, 1.000000000000000000, -0.000000000000000000 ) ) ;
#3089 = VERTEX_POINT ( 'NONE', #730 ) ;
#3090 = CIRCLE ( 'NONE', #3, 2.000000000000000000 ) ;
#3091 = FACE_OUTER_BOUND ( 'NONE', #4080, .T. ) ;
#3092 = EDGE_CURVE ( 'NONE', #467, #2209, #411, .T. ) ;
#3093 = VERTEX_POINT ( 'NONE', #3461 ) ;
#3094 = ORIENTED_EDGE ( 'NONE', *, *, #2215, .T. ) ;
#3095 = DIRECTION ( 'NONE',  ( -0.000000000000000000, 1.000000000000000000, -0.000000000000000000 ) ) ;
#3096 = ORIENTED_EDGE ( 'NONE', *, *, #2333, .T. ) ;
#3097 = DIRECTION ( 'NONE',  ( -0.8241261886220260235, 0.000000000000000000, -0.5664062369248178408 ) ) ;
#3098 = DIRECTION ( 'NONE',  ( -0.2840153447039865942, 0.000000000000000000, -0.9588197348681741783 ) ) ;
#3099 = DIRECTION ( 'NONE',  ( -0.2840153447039865942, 0.000000000000000000, -0.9588197348681741783 ) ) ;
#3100 = EDGE_CURVE ( 'NONE', #7, #3271, #2810, .T. ) ;
#3101 = EDGE_CURVE ( 'NONE', #255, #3999, #369, .T. ) ;
#3102 = VERTEX_POINT ( 'NONE', #1726 ) ;
#3103 = DIRECTION ( 'NONE',  ( 0.000000000000000000, -1.000000000000000000, 0.000000000000000000 ) ) ;
#3104 = DIRECTION ( 'NONE',  ( 0.000000000000000000, 0.000000000000000000, -1.000000000000000000 ) ) ;
#3105 = ORIENTED_EDGE ( 'NONE', *, *, #537, .F. ) ;
#3106 = DIRECTION ( 'NONE',  ( -0.2840153447038998857, 0.000000000000000000, 0.9588197348681997134 ) ) ;
#3107 = VECTOR ( 'NONE', #2113, 1000.000000000000000 ) ;
#3108 = PLANE ( 'NONE',  #354 ) ;
#3109 = ORIENTED_EDGE ( 'NONE', *, *, #4012, .T. ) ;
#3110 = CARTESIAN_POINT ( 'NONE',  ( -1.830775172509107485, 0.000000000000000000, -0.8051473577701461215 ) ) ;
#3111 = ORIENTED_EDGE ( 'NONE', *, *, #1473, .F. ) ;
#3112 = ORIENTED_EDGE ( 'NONE', *, *, #516, .F. ) ;
#3113 = ORIENTED_EDGE ( 'NONE', *, *, #2277, .T. ) ;
#3114 = CYLINDRICAL_SURFACE ( 'NONE', #3154, 2.000000000000000000 ) ;
#3115 = CARTESIAN_POINT ( 'NONE',  ( 1.007874484620000066, 2.600000000000000977, 1.727480542075999992 ) ) ;
#3116 = DIRECTION ( 'NONE',  ( 0.6087614290092395741, 0.000000000000000000, 0.7933533402908369281 ) ) ;
#3117 = VERTEX_POINT ( 'NONE', #4199 ) ;
#3118 = CARTESIAN_POINT ( 'NONE',  ( -1.492366441159000079, 0.8000000000000000444, 1.331481282369999963 ) ) ;
#3119 = EDGE_CURVE ( 'NONE', #250, #277, #2442, .T. ) ;
#3120 = LINE ( 'NONE', #3188, #164 ) ;
#3121 = EDGE_CURVE ( 'NONE', #3093, #407, #2763, .T. ) ;
#3122 = EDGE_CURVE ( 'NONE', #3117, #3131, #2105, .T. ) ;
#3123 = ORIENTED_EDGE ( 'NONE', *, *, #4144, .F. ) ;
#3124 = DIRECTION ( 'NONE',  ( 0.000000000000000000, 0.000000000000000000, -1.000000000000000000 ) ) ;
#3125 = DIRECTION ( 'NONE',  ( 0.000000000000000000, -1.000000000000000000, 0.000000000000000000 ) ) ;
#3126 = ORIENTED_EDGE ( 'NONE', *, *, #2437, .F. ) ;
#3127 = CARTESIAN_POINT ( 'NONE',  ( 0.5675126386053581662, 0.8000000000000000444, 1.746624304974971231 ) ) ;
#3128 = CYLINDRICAL_SURFACE ( 'NONE', #4157, 2.000000000000000000 ) ;
#3129 = CARTESIAN_POINT ( 'NONE',  ( 1.485767376913997850, 2.600000000000001421, -1.079473186050992961 ) ) ;
#3130 = ORIENTED_EDGE ( 'NONE', *, *, #3382, .T. ) ;
#3131 = VERTEX_POINT ( 'NONE', #389 ) ;
#3132 = ORIENTED_EDGE ( 'NONE', *, *, #2915, .T. ) ;
#3133 = CARTESIAN_POINT ( 'NONE',  ( 0.000000000000000000, 0.000000000000000000, 0.000000000000000000 ) ) ;
#3134 = FACE_OUTER_BOUND ( 'NONE', #1616, .T. ) ;
#3135 = LINE ( 'NONE', #3462, #2791 ) ;
#3136 = ORIENTED_EDGE ( 'NONE', *, *, #2192, .T. ) ;
#3137 = CARTESIAN_POINT ( 'NONE',  ( 0.000000000000000000, 0.000000000000000000, 0.000000000000000000 ) ) ;
#3138 = FACE_OUTER_BOUND ( 'NONE', #3002, .T. ) ;
#3139 = VECTOR ( 'NONE', #1470, 1000.000000000000114 ) ;
#3140 = ADVANCED_FACE ( 'NONE', ( #3134 ), #1087, .F. ) ;
#3141 = VERTEX_POINT ( 'NONE', #122 ) ;
#3142 = EDGE_CURVE ( 'NONE', #2460, #1809, #3906, .T. ) ;
#3143 = VECTOR ( 'NONE', #3408, 1000.000000000000000 ) ;
#3144 = AXIS2_PLACEMENT_3D ( 'NONE', #3996, #2018, #3722 ) ;
#3145 = CARTESIAN_POINT ( 'NONE',  ( 0.4247247512519999879, 0.8000000000000000444, -1.954381970259000179 ) ) ;
#3146 = CARTESIAN_POINT ( 'NONE',  ( -1.485767376913993632, 0.000000000000000000, 1.079473186050978306 ) ) ;
#3147 = AXIS2_PLACEMENT_3D ( 'NONE', #1857, #1885, #1907 ) ;
#3148 = AXIS2_PLACEMENT_3D ( 'NONE', #4207, #2827, #2770 ) ;
#3149 = AXIS2_PLACEMENT_3D ( 'NONE', #2170, #3544, #454 ) ;
#3150 = FACE_OUTER_BOUND ( 'NONE', #1061, .T. ) ;
#3151 = VERTEX_POINT ( 'NONE', #2177 ) ;
#3152 = ADVANCED_FACE ( 'NONE', ( #1908 ), #3207, .T. ) ;
#3153 = VECTOR ( 'NONE', #1803, 1000.000000000000227 ) ;
#3154 = AXIS2_PLACEMENT_3D ( 'NONE', #3133, #3159, #3833 ) ;
#3155 = CARTESIAN_POINT ( 'NONE',  ( -1.492366441159000079, 3.299999999999999822, -1.331481282369999963 ) ) ;
#3156 = EDGE_LOOP ( 'NONE', ( #4242, #2565, #4438, #550 ) ) ;
#3157 = VERTEX_POINT ( 'NONE', #3927 ) ;
#3158 = VERTEX_POINT ( 'NONE', #3279 ) ;
#3159 = DIRECTION ( 'NONE',  ( 0.000000000000000000, -1.000000000000000000, 0.000000000000000000 ) ) ;
#3160 = LINE ( 'NONE', #774, #2179 ) ;
#3161 = PLANE ( 'NONE',  #4371 ) ;
#3162 = CARTESIAN_POINT ( 'NONE',  ( -0.5675126386054000216, 1.600000000000000089, -1.746624304975000097 ) ) ;
#3163 = AXIS2_PLACEMENT_3D ( 'NONE', #3062, #3806, #3124 ) ;
#3164 = ORIENTED_EDGE ( 'NONE', *, *, #3510, .T. ) ;
#3165 = CARTESIAN_POINT ( 'NONE',  ( 1.485767376914000071, 1.600000000000000089, 1.079473186051000289 ) ) ;
#3166 = CARTESIAN_POINT ( 'NONE',  ( 2.143131898507868297E-16, 0.000000000000000000, 1.750000000000000000 ) ) ;
#3167 = CARTESIAN_POINT ( 'NONE',  ( 1.007874484620000066, 0.8000000000000000444, -1.727480542075999992 ) ) ;
#3168 = VERTEX_POINT ( 'NONE', #1156 ) ;
#3169 = LINE ( 'NONE', #1825, #2509 ) ;
#3170 = CARTESIAN_POINT ( 'NONE',  ( 1.485767376914000071, 1.600000000000000089, -1.079473186051000289 ) ) ;
#3171 = CARTESIAN_POINT ( 'NONE',  ( -1.079473186051000289, 0.8000000000000002665, 1.485767376913997184 ) ) ;
#3172 = ORIENTED_EDGE ( 'NONE', *, *, #3119, .T. ) ;
#3173 = CARTESIAN_POINT ( 'NONE',  ( -1.836509476617043335, 0.8000000000000000444, 3.324217003954292092E-14 ) ) ;
#3174 = VECTOR ( 'NONE', #1551, 1000.000000000000000 ) ;
#3175 = ADVANCED_FACE ( 'NONE', ( #3885 ), #3956, .T. ) ;
#3176 = DIRECTION ( 'NONE',  ( 0.7933533402912321675, 0.000000000000000000, -0.6087614290087246527 ) ) ;
#3177 = EDGE_CURVE ( 'NONE', #2787, #2413, #802, .T. ) ;
#3178 = DIRECTION ( 'NONE',  ( 0.000000000000000000, -0.000000000000000000, 1.000000000000000000 ) ) ;
#3179 = ORIENTED_EDGE ( 'NONE', *, *, #4315, .T. ) ;
#3180 = ORIENTED_EDGE ( 'NONE', *, *, #1745, .F. ) ;
#3181 = VERTEX_POINT ( 'NONE', #3570 ) ;
#3182 = LINE ( 'NONE', #2944, #1786 ) ;
#3183 = DIRECTION ( 'NONE',  ( -0.2840153447038998857, 0.000000000000000000, 0.9588197348681997134 ) ) ;
#3184 = CARTESIAN_POINT ( 'NONE',  ( -0.4247247512519999879, 0.000000000000000000, -1.954381970259000179 ) ) ;
#3185 = DIRECTION ( 'NONE',  ( 0.000000000000000000, -1.000000000000000000, 0.000000000000000000 ) ) ;
#3186 = ORIENTED_EDGE ( 'NONE', *, *, #2333, .F. ) ;
#3187 = FACE_BOUND ( 'NONE', #2262, .T. ) ;
#3188 = CARTESIAN_POINT ( 'NONE',  ( 0.5675126386055077132, 0.000000000000000000, -1.746624304974695896 ) ) ;
#3189 = VERTEX_POINT ( 'NONE', #2508 ) ;
#3190 = CYLINDRICAL_SURFACE ( 'NONE', #4160, 2.000000000000000000 ) ;
#3191 = DIRECTION ( 'NONE',  ( 0.000000000000000000, 1.000000000000000000, -0.000000000000000000 ) ) ;
#3192 = ORIENTED_EDGE ( 'NONE', *, *, #654, .F. ) ;
#3193 = CARTESIAN_POINT ( 'NONE',  ( 1.331481282369999963, 0.000000000000000000, -1.492366441159000079 ) ) ;
#3194 = FACE_OUTER_BOUND ( 'NONE', #4399, .T. ) ;
#3195 = ORIENTED_EDGE ( 'NONE', *, *, #1593, .F. ) ;
#3196 = CARTESIAN_POINT ( 'NONE',  ( 1.746624304974695896, 0.000000000000000000, 0.5675126386055077132 ) ) ;
#3197 = CARTESIAN_POINT ( 'NONE',  ( 1.007874484619960098, 2.600000000000000533, 1.727480542076136105 ) ) ;
#3198 = LINE ( 'NONE', #3563, #3020 ) ;
#3199 = PLANE ( 'NONE',  #340 ) ;
#3200 = LINE ( 'NONE', #1152, #580 ) ;
#3201 = ORIENTED_EDGE ( 'NONE', *, *, #21, .F. ) ;
#3202 = ADVANCED_FACE ( 'NONE', ( #194 ), #1180, .T. ) ;
#3203 = EDGE_CURVE ( 'NONE', #4246, #1462, #4219, .T. ) ;
#3204 = VERTEX_POINT ( 'NONE', #4271 ) ;
#3205 = ADVANCED_FACE ( 'NONE', ( #1860 ), #3304, .T. ) ;
#3206 = CARTESIAN_POINT ( 'NONE',  ( 0.000000000000000000, 1.600000000000000089, -1.750000000000000000 ) ) ;
#3207 = CYLINDRICAL_SURFACE ( 'NONE', #1740, 2.000000000000000000 ) ;
#3208 = CARTESIAN_POINT ( 'NONE',  ( 1.746624304975000097, 0.000000000000000000, -0.5675126386054000216 ) ) ;
#3209 = CARTESIAN_POINT ( 'NONE',  ( 0.8051473577701804274, 2.600000000000000533, -1.830775172509028437 ) ) ;
#3210 = ADVANCED_FACE ( 'NONE', ( #868 ), #2199, .T. ) ;
#3211 = ORIENTED_EDGE ( 'NONE', *, *, #541, .T. ) ;
#3212 = EDGE_CURVE ( 'NONE', #4388, #184, #2923, .T. ) ;
#3213 = DIRECTION ( 'NONE',  ( -0.02617694830783610926, 0.000000000000000000, 0.9996573249755582591 ) ) ;
#3214 = CARTESIAN_POINT ( 'NONE',  ( 1.079473186051000289, 1.600000000000000755, -1.485767376913997184 ) ) ;
#3215 = ORIENTED_EDGE ( 'NONE', *, *, #4088, .T. ) ;
#3216 = ORIENTED_EDGE ( 'NONE', *, *, #3650, .F. ) ;
#3217 = DIRECTION ( 'NONE',  ( -0.8241261886220260235, 0.000000000000000000, 0.5664062369248178408 ) ) ;
#3218 = LINE ( 'NONE', #470, #1500 ) ;
#3219 = VECTOR ( 'NONE', #3978, 1000.000000000000114 ) ;
#3220 = AXIS2_PLACEMENT_3D ( 'NONE', #764, #2914, #451 ) ;
#3221 = VERTEX_POINT ( 'NONE', #3638 ) ;
#3222 = CARTESIAN_POINT ( 'NONE',  ( -0.2000000000000000111, 1.600000000000000089, -1.989974874212999900 ) ) ;
#3223 = CARTESIAN_POINT ( 'NONE',  ( -1.836509476617000036, 0.000000000000000000, 0.000000000000000000 ) ) ;
#3224 = CIRCLE ( 'NONE', #2141, 2.000000000000000000 ) ;
#3225 = AXIS2_PLACEMENT_3D ( 'NONE', #76, #3453, #677 ) ;
#3226 = VECTOR ( 'NONE', #4298, 1000.000000000000114 ) ;
#3227 = DIRECTION ( 'NONE',  ( 0.000000000000000000, -1.000000000000000000, 0.000000000000000000 ) ) ;
#3228 = AXIS2_PLACEMENT_3D ( 'NONE', #3047, #3716, #1332 ) ;
#3229 = CIRCLE ( 'NONE', #1359, 2.000000000000000000 ) ;
#3230 = DIRECTION ( 'NONE',  ( -0.000000000000000000, -1.000000000000000000, -0.000000000000000000 ) ) ;
#3231 = ORIENTED_EDGE ( 'NONE', *, *, #4144, .T. ) ;
#3232 = AXIS2_PLACEMENT_3D ( 'NONE', #3354, #3667, #1256 ) ;
#3233 = VECTOR ( 'NONE', #1483, 1000.000000000000114 ) ;
#3234 = ORIENTED_EDGE ( 'NONE', *, *, #3571, .T. ) ;
#3235 = DIRECTION ( 'NONE',  ( 0.000000000000000000, 1.000000000000000000, 0.000000000000000000 ) ) ;
#3236 = CARTESIAN_POINT ( 'NONE',  ( 0.000000000000000000, 0.000000000000000000, 0.000000000000000000 ) ) ;
#3237 = EDGE_CURVE ( 'NONE', #1662, #2554, #1496, .T. ) ;
#3238 = CARTESIAN_POINT ( 'NONE',  ( 1.836509476617000036, 2.600000000000000533, 0.000000000000000000 ) ) ;
#3239 = EDGE_CURVE ( 'NONE', #828, #1177, #2603, .T. ) ;
#3240 = VERTEX_POINT ( 'NONE', #530 ) ;
#3241 = DIRECTION ( 'NONE',  ( 0.9996573249755573709, 0.000000000000000000, 0.02617694830786888166 ) ) ;
#3242 = PLANE ( 'NONE',  #4262 ) ;
#3243 = ADVANCED_FACE ( 'NONE', ( #889 ), #151, .T. ) ;
#3244 = AXIS2_PLACEMENT_3D ( 'NONE', #549, #1923, #3298 ) ;
#3245 = EDGE_CURVE ( 'NONE', #1261, #1662, #2556, .T. ) ;
#3246 = ORIENTED_EDGE ( 'NONE', *, *, #2359, .T. ) ;
#3247 = ORIENTED_EDGE ( 'NONE', *, *, #295, .T. ) ;
#3248 = DIRECTION ( 'NONE',  ( 0.000000000000000000, 0.000000000000000000, -1.000000000000000000 ) ) ;
#3249 = LINE ( 'NONE', #4279, #494 ) ;
#3250 = ORIENTED_EDGE ( 'NONE', *, *, #36, .T. ) ;
#3251 = FACE_OUTER_BOUND ( 'NONE', #74, .T. ) ;
#3252 = CARTESIAN_POINT ( 'NONE',  ( -1.830775172509028437, 3.300000000000000266, -0.8051473577701805384 ) ) ;
#3253 = DIRECTION ( 'NONE',  ( 0.000000000000000000, -1.000000000000000000, 0.000000000000000000 ) ) ;
#3254 = VERTEX_POINT ( 'NONE', #2222 ) ;
#3255 = AXIS2_PLACEMENT_3D ( 'NONE', #444, #3485, #1823 ) ;
#3256 = VERTEX_POINT ( 'NONE', #3597 ) ;
#3257 = LINE ( 'NONE', #2555, #1869 ) ;
#3258 = DIRECTION ( 'NONE',  ( 0.000000000000000000, -1.000000000000000000, 0.000000000000000000 ) ) ;
#3259 = CARTESIAN_POINT ( 'NONE',  ( 0.4247247512521256652, 0.000000000000000000, -1.954381970259086554 ) ) ;
#3260 = AXIS2_PLACEMENT_3D ( 'NONE', #2397, #1455, #2415 ) ;
#3261 = ORIENTED_EDGE ( 'NONE', *, *, #2402, .F. ) ;
#3262 = LINE ( 'NONE', #4274, #1864 ) ;
#3263 = CARTESIAN_POINT ( 'NONE',  ( 1.079473186050992961, 2.600000000000001421, 1.485767376913997850 ) ) ;
#3264 = ORIENTED_EDGE ( 'NONE', *, *, #2437, .T. ) ;
#3265 = EDGE_CURVE ( 'NONE', #3158, #57, #307, .T. ) ;
#3266 = ORIENTED_EDGE ( 'NONE', *, *, #2194, .F. ) ;
#3267 = ADVANCED_FACE ( 'NONE', ( #3010 ), #994, .T. ) ;
#3268 = CARTESIAN_POINT ( 'NONE',  ( 0.000000000000000000, 2.600000000000000533, 0.000000000000000000 ) ) ;
#3269 = EDGE_CURVE ( 'NONE', #3240, #1906, #1973, .T. ) ;
#3270 = PLANE ( 'NONE',  #2430 ) ;
#3271 = VERTEX_POINT ( 'NONE', #4358 ) ;
#3272 = CARTESIAN_POINT ( 'NONE',  ( -1.746624304974913722, 0.000000000000000000, 0.5675126386052743443 ) ) ;
#3273 = FACE_OUTER_BOUND ( 'NONE', #4174, .T. ) ;
#3274 = DIRECTION ( 'NONE',  ( 0.7933533402908369281, 0.000000000000000000, -0.6087614290092395741 ) ) ;
#3275 = DIRECTION ( 'NONE',  ( 0.000000000000000000, 0.000000000000000000, -1.000000000000000000 ) ) ;
#3276 = ORIENTED_EDGE ( 'NONE', *, *, #1341, .T. ) ;
#3277 = ORIENTED_EDGE ( 'NONE', *, *, #3782, .T. ) ;
#3278 = CARTESIAN_POINT ( 'NONE',  ( 0.000000000000000000, 2.600000000000000533, 0.000000000000000000 ) ) ;
#3279 = CARTESIAN_POINT ( 'NONE',  ( 0.4247247512519509716, 2.600000000000000533, 1.954381970259071677 ) ) ;
#3280 = DIRECTION ( 'NONE',  ( 0.000000000000000000, 1.000000000000000000, 0.000000000000000000 ) ) ;
#3281 = DIRECTION ( 'NONE',  ( -0.000000000000000000, -1.000000000000000000, -0.000000000000000000 ) ) ;
#3282 = ORIENTED_EDGE ( 'NONE', *, *, #3921, .T. ) ;
#3283 = CARTESIAN_POINT ( 'NONE',  ( -0.8051473577699882478, 2.600000000000000533, -1.830775172509176763 ) ) ;
#3284 = CARTESIAN_POINT ( 'NONE',  ( 2.143131898507868297E-16, 0.000000000000000000, 1.750000000000000000 ) ) ;
#3285 = VERTEX_POINT ( 'NONE', #618 ) ;
#3286 = EDGE_LOOP ( 'NONE', ( #3105, #1696, #2281, #1905 ) ) ;
#3287 = DIRECTION ( 'NONE',  ( 0.000000000000000000, 0.000000000000000000, -1.000000000000000000 ) ) ;
#3288 = CARTESIAN_POINT ( 'NONE',  ( 0.000000000000000000, 0.000000000000000000, 0.000000000000000000 ) ) ;
#3289 = ADVANCED_FACE ( 'NONE', ( #1992 ), #2674, .F. ) ;
#3290 = ORIENTED_EDGE ( 'NONE', *, *, #1049, .F. ) ;
#3291 = EDGE_CURVE ( 'NONE', #99, #3285, #2727, .T. ) ;
#3292 = CARTESIAN_POINT ( 'NONE',  ( 0.000000000000000000, 3.299999999999999822, 0.000000000000000000 ) ) ;
#3293 = CARTESIAN_POINT ( 'NONE',  ( -1.830775172509028437, 2.600000000000000533, -0.8051473577701804274 ) ) ;
#3294 = VECTOR ( 'NONE', #3908, 1000.000000000000114 ) ;
#3295 = CIRCLE ( 'NONE', #4011, 2.000000000000000000 ) ;
#3296 = EDGE_CURVE ( 'NONE', #916, #2319, #2285, .T. ) ;
#3297 = EDGE_CURVE ( 'NONE', #2781, #2030, #3662, .T. ) ;
#3298 = DIRECTION ( 'NONE',  ( 0.000000000000000000, -0.000000000000000000, 1.000000000000000000 ) ) ;
#3299 = ORIENTED_EDGE ( 'NONE', *, *, #2546, .T. ) ;
#3300 = EDGE_LOOP ( 'NONE', ( #1250, #385, #3712, #2371 ) ) ;
#3301 = DIRECTION ( 'NONE',  ( -0.9996573249755582591, 0.000000000000000000, -0.02617694830783610926 ) ) ;
#3302 = VECTOR ( 'NONE', #3007, 1000.000000000000000 ) ;
#3304 = CYLINDRICAL_SURFACE ( 'NONE', #2006, 2.000000000000000000 ) ;
#3303 = VECTOR ( 'NONE', #2623, 1000.000000000000000 ) ;
#3305 = VECTOR ( 'NONE', #1229, 1000.000000000000000 ) ;
#3306 = VECTOR ( 'NONE', #1828, 1000.000000000000227 ) ;
#3307 = VECTOR ( 'NONE', #3387, 1000.000000000000114 ) ;
#3308 = VERTEX_POINT ( 'NONE', #4382 ) ;
#3309 = AXIS2_PLACEMENT_3D ( 'NONE', #1482, #1144, #448 ) ;
#3310 = PLANE ( 'NONE',  #286 ) ;
#3311 = CARTESIAN_POINT ( 'NONE',  ( 1.830775172509000015, 0.8000000000000000444, -0.8051473577701000472 ) ) ;
#3312 = ORIENTED_EDGE ( 'NONE', *, *, #1366, .F. ) ;
#3313 = LINE ( 'NONE', #4393, #60 ) ;
#3314 = CIRCLE ( 'NONE', #4171, 1.250000000000000000 ) ;
#3315 = CARTESIAN_POINT ( 'NONE',  ( -1.989974874212999900, 2.600000000000000533, -0.2000000000000000111 ) ) ;
#3316 = ORIENTED_EDGE ( 'NONE', *, *, #3703, .F. ) ;
#3317 = CARTESIAN_POINT ( 'NONE',  ( 0.8051473577701000472, 0.000000000000000000, -1.830775172509000015 ) ) ;
#3318 = FACE_OUTER_BOUND ( 'NONE', #3881, .T. ) ;
#3319 = CARTESIAN_POINT ( 'NONE',  ( 1.727480542076006431, 0.000000000000000000, 1.007874484620022049 ) ) ;
#3320 = DIRECTION ( 'NONE',  ( 0.000000000000000000, -1.000000000000000000, 0.000000000000000000 ) ) ;
#3321 = CARTESIAN_POINT ( 'NONE',  ( 0.000000000000000000, 0.000000000000000000, 0.000000000000000000 ) ) ;
#3322 = ORIENTED_EDGE ( 'NONE', *, *, #1022, .F. ) ;
#3323 = EDGE_LOOP ( 'NONE', ( #3838, #3126, #5, #1053 ) ) ;
#3324 = ADVANCED_FACE ( 'NONE', ( #661 ), #1252, .T. ) ;
#3325 = ORIENTED_EDGE ( 'NONE', *, *, #838, .T. ) ;
#3326 = DIRECTION ( 'NONE',  ( 0.000000000000000000, 0.000000000000000000, -1.000000000000000000 ) ) ;
#3327 = CARTESIAN_POINT ( 'NONE',  ( -1.836509476617000036, 2.600000000000000533, 0.000000000000000000 ) ) ;
#3328 = ADVANCED_FACE ( 'NONE', ( #1661 ), #3036, .F. ) ;
#3329 = EDGE_CURVE ( 'NONE', #4291, #951, #1301, .T. ) ;
#3330 = AXIS2_PLACEMENT_3D ( 'NONE', #1573, #2957, #2908 ) ;
#3331 = EDGE_LOOP ( 'NONE', ( #1147, #3824, #4405, #2778 ) ) ;
#3332 = CARTESIAN_POINT ( 'NONE',  ( -1.746624304975000097, 3.299999999999999822, 0.5675126386054000216 ) ) ;
#3333 = DIRECTION ( 'NONE',  ( -0.000000000000000000, -1.000000000000000000, -0.000000000000000000 ) ) ;
#3334 = AXIS2_PLACEMENT_3D ( 'NONE', #3397, #915, #2995 ) ;
#3335 = ORIENTED_EDGE ( 'NONE', *, *, #4223, .F. ) ;
#3336 = DIRECTION ( 'NONE',  ( 0.2840153447039865942, 0.000000000000000000, 0.9588197348681741783 ) ) ;
#3337 = EDGE_LOOP ( 'NONE', ( #1873, #3994, #1609, #1159 ) ) ;
#3338 = CARTESIAN_POINT ( 'NONE',  ( -1.727480542075999992, 1.600000000000000089, -1.007874484620000066 ) ) ;
#3339 = ORIENTED_EDGE ( 'NONE', *, *, #3601, .F. ) ;
#3340 = DIRECTION ( 'NONE',  ( -0.000000000000000000, 1.000000000000000000, -0.000000000000000000 ) ) ;
#3341 = CARTESIAN_POINT ( 'NONE',  ( -1.989974874212999900, 0.000000000000000000, -0.2000000000000000111 ) ) ;
#3342 = DIRECTION ( 'NONE',  ( -0.9588197348681998244, 0.000000000000000000, 0.2840153447038999412 ) ) ;
#3343 = VERTEX_POINT ( 'NONE', #1322 ) ;
#3344 = EDGE_LOOP ( 'NONE', ( #1588, #651, #3975, #112 ) ) ;
#3345 = CARTESIAN_POINT ( 'NONE',  ( -0.4247247512519999879, 3.299999999999999822, -1.954381970259000179 ) ) ;
#3346 = ORIENTED_EDGE ( 'NONE', *, *, #2306, .T. ) ;
#3347 = LINE ( 'NONE', #3995, #2077 ) ;
#3348 = DIRECTION ( 'NONE',  ( 0.02617694830786888513, 0.000000000000000000, -0.9996573249755574819 ) ) ;
#3349 = EDGE_CURVE ( 'NONE', #1343, #217, #4338, .T. ) ;
#3350 = ADVANCED_FACE ( 'NONE', ( #971 ), #1272, .T. ) ;
#3351 = EDGE_CURVE ( 'NONE', #2440, #3602, #636, .T. ) ;
#3352 = DIRECTION ( 'NONE',  ( 0.3338068592325834083, 0.000000000000000000, -0.9426414910925988710 ) ) ;
#3353 = ORIENTED_EDGE ( 'NONE', *, *, #1142, .F. ) ;
#3354 = CARTESIAN_POINT ( 'NONE',  ( 0.000000000000000000, 2.600000000000000533, 0.000000000000000000 ) ) ;
#3355 = DIRECTION ( 'NONE',  ( -0.000000000000000000, 1.000000000000000000, 0.000000000000000000 ) ) ;
#3356 = ORIENTED_EDGE ( 'NONE', *, *, #3679, .T. ) ;
#3357 = EDGE_CURVE ( 'NONE', #8, #2136, #1682, .T. ) ;
#3358 = CARTESIAN_POINT ( 'NONE',  ( -0.5675126386054000216, 0.000000000000000000, -1.746624304975000097 ) ) ;
#3359 = ORIENTED_EDGE ( 'NONE', *, *, #1368, .F. ) ;
#3360 = DIRECTION ( 'NONE',  ( 0.7933533402912321675, 0.000000000000000000, -0.6087614290087246527 ) ) ;
#3361 = ORIENTED_EDGE ( 'NONE', *, *, #2050, .T. ) ;
#3362 = DIRECTION ( 'NONE',  ( -0.7933533402912321675, 0.000000000000000000, 0.6087614290087246527 ) ) ;
#3363 = DIRECTION ( 'NONE',  ( 0.000000000000000000, -1.000000000000000000, 0.000000000000000000 ) ) ;
#3364 = FACE_OUTER_BOUND ( 'NONE', #1787, .T. ) ;
#3365 = EDGE_LOOP ( 'NONE', ( #831, #737, #4354, #316 ) ) ;
#3366 = ORIENTED_EDGE ( 'NONE', *, *, #673, .F. ) ;
#3367 = DIRECTION ( 'NONE',  ( 0.000000000000000000, 0.000000000000000000, -1.000000000000000000 ) ) ;
#3368 = DIRECTION ( 'NONE',  ( -0.2840153447038998857, 0.000000000000000000, -0.9588197348681997134 ) ) ;
#3369 = CARTESIAN_POINT ( 'NONE',  ( -0.5675126386054000216, 0.000000000000000000, 1.746624304975000097 ) ) ;
#3370 = VECTOR ( 'NONE', #967, 1000.000000000000000 ) ;
#3371 = VECTOR ( 'NONE', #4156, 1000.000000000000114 ) ;
#3372 = DIRECTION ( 'NONE',  ( 0.7933533402912321675, 0.000000000000000000, 0.6087614290087246527 ) ) ;
#3373 = VERTEX_POINT ( 'NONE', #3661 ) ;
#3374 = CARTESIAN_POINT ( 'NONE',  ( 0.5675126386054000216, 1.600000000000000089, 1.746624304975000097 ) ) ;
#3375 = LINE ( 'NONE', #3752, #4331 ) ;
#3376 = AXIS2_PLACEMENT_3D ( 'NONE', #4218, #2176, #2198 ) ;
#3377 = AXIS2_PLACEMENT_3D ( 'NONE', #1420, #1942, #1539 ) ;
#3378 = DIRECTION ( 'NONE',  ( -0.000000000000000000, 1.000000000000000000, -0.000000000000000000 ) ) ;
#3379 = CIRCLE ( 'NONE', #785, 1.750000000000000000 ) ;
#3380 = VECTOR ( 'NONE', #1325, 1000.000000000000114 ) ;
#3381 = VERTEX_POINT ( 'NONE', #579 ) ;
#3382 = EDGE_CURVE ( 'NONE', #951, #48, #935, .T. ) ;
#3383 = DIRECTION ( 'NONE',  ( -0.000000000000000000, -1.000000000000000000, -0.000000000000000000 ) ) ;
#3384 = EDGE_CURVE ( 'NONE', #951, #4268, #2072, .T. ) ;
#3385 = ORIENTED_EDGE ( 'NONE', *, *, #3101, .F. ) ;
#3386 = CARTESIAN_POINT ( 'NONE',  ( 0.000000000000000000, 2.600000000000000533, 0.000000000000000000 ) ) ;
#3387 = DIRECTION ( 'NONE',  ( 0.3338068592325834083, 0.000000000000000000, 0.9426414910925988710 ) ) ;
#3388 = VECTOR ( 'NONE', #4436, 1000.000000000000000 ) ;
#3389 = VERTEX_POINT ( 'NONE', #1448 ) ;
#3390 = VERTEX_POINT ( 'NONE', #1079 ) ;
#3391 = DIRECTION ( 'NONE',  ( 0.000000000000000000, 1.000000000000000000, 0.000000000000000000 ) ) ;
#3392 = DIRECTION ( 'NONE',  ( 0.02617694830786888166, 0.000000000000000000, -0.9996573249755573709 ) ) ;
#3393 = ORIENTED_EDGE ( 'NONE', *, *, #3736, .F. ) ;
#3394 = DIRECTION ( 'NONE',  ( 0.000000000000000000, 0.000000000000000000, -1.000000000000000000 ) ) ;
#3395 = VERTEX_POINT ( 'NONE', #2121 ) ;
#3396 = LINE ( 'NONE', #959, #140 ) ;
#3397 = CARTESIAN_POINT ( 'NONE',  ( 1.954381970259000179, 0.000000000000000000, -0.4247247512519999879 ) ) ;
#3398 = LINE ( 'NONE', #2679, #3807 ) ;
#3399 = ORIENTED_EDGE ( 'NONE', *, *, #2543, .T. ) ;
#3400 = DIRECTION ( 'NONE',  ( 0.000000000000000000, 0.000000000000000000, -1.000000000000000000 ) ) ;
#3401 = EDGE_CURVE ( 'NONE', #115, #4313, #384, .T. ) ;
#3402 = VERTEX_POINT ( 'NONE', #324 ) ;
#3403 = CARTESIAN_POINT ( 'NONE',  ( -1.830775172509000015, 0.000000000000000000, -0.8051473577701000472 ) ) ;
#3404 = EDGE_CURVE ( 'NONE', #1571, #115, #1385, .T. ) ;
#3405 = EDGE_CURVE ( 'NONE', #1842, #4130, #2453, .T. ) ;
#3406 = DIRECTION ( 'NONE',  ( -3.552713678800500929E-15, 0.000000000000000000, -1.000000000000000000 ) ) ;
#3407 = ORIENTED_EDGE ( 'NONE', *, *, #4003, .F. ) ;
#3408 = DIRECTION ( 'NONE',  ( -0.000000000000000000, -1.000000000000000000, -0.000000000000000000 ) ) ;
#3409 = CARTESIAN_POINT ( 'NONE',  ( 0.000000000000000000, 0.8000000000000000444, 0.000000000000000000 ) ) ;
#3410 = DIRECTION ( 'NONE',  ( 0.000000000000000000, 0.000000000000000000, -1.000000000000000000 ) ) ;
#3411 = CARTESIAN_POINT ( 'NONE',  ( -1.079473186051000289, 3.300000000000000711, 1.485767376914000071 ) ) ;
#3412 = ORIENTED_EDGE ( 'NONE', *, *, #541, .F. ) ;
#3413 = CARTESIAN_POINT ( 'NONE',  ( -0.4247247512519634616, 0.8000000000000000444, -1.954381970259129853 ) ) ;
#3414 = DIRECTION ( 'NONE',  ( -0.3338068592325834083, 0.000000000000000000, -0.9426414910925988710 ) ) ;
#3415 = LINE ( 'NONE', #626, #410 ) ;
#3416 = ORIENTED_EDGE ( 'NONE', *, *, #1235, .T. ) ;
#3417 = CARTESIAN_POINT ( 'NONE',  ( -1.836509476617043335, 1.600000000000000089, 3.324217003954292092E-14 ) ) ;
#3418 = LINE ( 'NONE', #2750, #4237 ) ;
#3419 = ORIENTED_EDGE ( 'NONE', *, *, #4418, .F. ) ;
#3420 = DIRECTION ( 'NONE',  ( 0.000000000000000000, 0.000000000000000000, -1.000000000000000000 ) ) ;
#3421 = DIRECTION ( 'NONE',  ( -0.000000000000000000, 1.000000000000000000, -0.000000000000000000 ) ) ;
#3422 = ADVANCED_FACE ( 'NONE', ( #3091 ), #2779, .F. ) ;
#3423 = ORIENTED_EDGE ( 'NONE', *, *, #70, .F. ) ;
#3424 = DIRECTION ( 'NONE',  ( 0.9426414910921715462, 0.000000000000000000, -0.3338068592337899987 ) ) ;
#3425 = LINE ( 'NONE', #338, #2871 ) ;
#3426 = EDGE_CURVE ( 'NONE', #3157, #1854, #6, .T. ) ;
#3427 = EDGE_CURVE ( 'NONE', #2319, #2491, #2435, .T. ) ;
#3428 = EDGE_LOOP ( 'NONE', ( #2663, #2807, #2390, #3290 ) ) ;
#3429 = ORIENTED_EDGE ( 'NONE', *, *, #1748, .T. ) ;
#3430 = CARTESIAN_POINT ( 'NONE',  ( 1.898202538619588371E-16, 5.684341886080801487E-11, 1.549999999951978680 ) ) ;
#3431 = VERTEX_POINT ( 'NONE', #4106 ) ;
#3432 = CARTESIAN_POINT ( 'NONE',  ( 0.000000000000000000, 0.000000000000000000, 0.000000000000000000 ) ) ;
#3434 = CARTESIAN_POINT ( 'NONE',  ( 1.331481282369999963, 0.8000000000000000444, 1.492366441159000079 ) ) ;
#3433 = AXIS2_PLACEMENT_3D ( 'NONE', #3208, #174, #3639 ) ;
#3435 = VECTOR ( 'NONE', #1485, 1000.000000000000114 ) ;
#3436 = PLANE ( 'NONE',  #2647 ) ;
#3437 = AXIS2_PLACEMENT_3D ( 'NONE', #2986, #4352, #2640 ) ;
#3438 = AXIS2_PLACEMENT_3D ( 'NONE', #955, #4067, #3410 ) ;
#3439 = VERTEX_POINT ( 'NONE', #1698 ) ;
#3440 = DIRECTION ( 'NONE',  ( -0.3338068592325834083, 0.000000000000000000, -0.9426414910925988710 ) ) ;
#3441 = VECTOR ( 'NONE', #1669, 1000.000000000000000 ) ;
#3442 = DIRECTION ( 'NONE',  ( -0.9996573249755573709, 0.000000000000000000, 0.02617694830786888166 ) ) ;
#3443 = CIRCLE ( 'NONE', #1285, 2.000000000000000000 ) ;
#3444 = CONICAL_SURFACE ( 'NONE', #4236, 1.549999999951978680, 0.7853981633974482790 ) ;
#3445 = AXIS2_PLACEMENT_3D ( 'NONE', #4323, #2203, #2248 ) ;
#3446 = ORIENTED_EDGE ( 'NONE', *, *, #655, .F. ) ;
#3447 = PLANE ( 'NONE',  #1729 ) ;
#3448 = VECTOR ( 'NONE', #830, 1000.000000000000000 ) ;
#3449 = CARTESIAN_POINT ( 'NONE',  ( 2.143131898507868297E-16, 1.600000000000000089, 1.750000000000000000 ) ) ;
#3450 = ORIENTED_EDGE ( 'NONE', *, *, #2771, .F. ) ;
#3451 = CARTESIAN_POINT ( 'NONE',  ( -1.007874484620008282, 3.299999999999999822, 1.727480542076220482 ) ) ;
#3452 = VECTOR ( 'NONE', #23, 1000.000000000000000 ) ;
#3453 = DIRECTION ( 'NONE',  ( -0.8241261886220260235, 0.000000000000000000, -0.5664062369248178408 ) ) ;
#3454 = VERTEX_POINT ( 'NONE', #26 ) ;
#3455 = ORIENTED_EDGE ( 'NONE', *, *, #158, .F. ) ;
#3456 = EDGE_CURVE ( 'NONE', #3549, #2619, #1056, .T. ) ;
#3457 = ADVANCED_FACE ( 'NONE', ( #3068 ), #2410, .F. ) ;
#3458 = VERTEX_POINT ( 'NONE', #3811 ) ;
#3459 = EDGE_CURVE ( 'NONE', #1442, #3089, #2806, .T. ) ;
#3460 = DIRECTION ( 'NONE',  ( 0.000000000000000000, 0.000000000000000000, -1.000000000000000000 ) ) ;
#3461 = CARTESIAN_POINT ( 'NONE',  ( 1.836970198721029934E-16, 3.299999999999999822, 1.500000000000000000 ) ) ;
#3462 = CARTESIAN_POINT ( 'NONE',  ( 1.746624304974913722, 0.000000000000000000, -0.5675126386052743443 ) ) ;
#3463 = ORIENTED_EDGE ( 'NONE', *, *, #654, .T. ) ;
#3464 = LINE ( 'NONE', #2131, #4308 ) ;
#3465 = DIRECTION ( 'NONE',  ( 0.8241261886220260235, 0.000000000000000000, -0.5664062369248178408 ) ) ;
#3466 = PRODUCT_DEFINITION_CONTEXT ( 'detailed design', #1253, 'design' ) ;
#3467 = ORIENTED_EDGE ( 'NONE', *, *, #2277, .F. ) ;
#3468 = VERTEX_POINT ( 'NONE', #3129 ) ;
#3469 = CARTESIAN_POINT ( 'NONE',  ( 0.000000000000000000, 3.299999999999999822, 1.250000000000000000 ) ) ;
#3470 = VECTOR ( 'NONE', #4162, 1000.000000000000000 ) ;
#3471 = DIRECTION ( 'NONE',  ( 0.3338068592337899987, 0.000000000000000000, 0.9426414910921715462 ) ) ;
#3472 = ORIENTED_EDGE ( 'NONE', *, *, #4068, .T. ) ;
#3473 = CARTESIAN_POINT ( 'NONE',  ( 1.836509476617000036, 0.000000000000000000, 0.000000000000000000 ) ) ;
#3474 = ORIENTED_EDGE ( 'NONE', *, *, #2110, .T. ) ;
#3475 = ORIENTED_EDGE ( 'NONE', *, *, #3649, .T. ) ;
#3476 = ORIENTED_EDGE ( 'NONE', *, *, #1081, .F. ) ;
#3477 = DIRECTION ( 'NONE',  ( 0.000000000000000000, -1.000000000000000000, 0.000000000000000000 ) ) ;
#3478 = FACE_OUTER_BOUND ( 'NONE', #1280, .T. ) ;
#3479 = EDGE_CURVE ( 'NONE', #28, #1358, #4172, .T. ) ;
#3480 = LINE ( 'NONE', #1767, #1930 ) ;
#3481 = DIRECTION ( 'NONE',  ( -0.9426414910925988710, 0.000000000000000000, 0.3338068592325834083 ) ) ;
#3482 = ADVANCED_FACE ( 'NONE', ( #1014 ), #2081, .F. ) ;
#3483 = ORIENTED_EDGE ( 'NONE', *, *, #1227, .T. ) ;
#3484 = DIRECTION ( 'NONE',  ( 0.000000000000000000, 0.000000000000000000, -1.000000000000000000 ) ) ;
#3485 = DIRECTION ( 'NONE',  ( -0.02617694830786888513, 0.000000000000000000, -0.9996573249755574819 ) ) ;
#3486 = EDGE_CURVE ( 'NONE', #248, #2773, #1718, .T. ) ;
#3487 = EDGE_CURVE ( 'NONE', #3381, #4365, #4191, .T. ) ;
#3488 = ORIENTED_EDGE ( 'NONE', *, *, #2134, .F. ) ;
#3489 = DIRECTION ( 'NONE',  ( 0.000000000000000000, 0.000000000000000000, -1.000000000000000000 ) ) ;
#3490 = CARTESIAN_POINT ( 'NONE',  ( 0.000000000000000000, 0.2999999999999999334, -1.250000000000000000 ) ) ;
#3491 = EDGE_LOOP ( 'NONE', ( #1404, #4018, #3666, #679 ) ) ;
#3492 = FACE_OUTER_BOUND ( 'NONE', #260, .T. ) ;
#3493 = DIRECTION ( 'NONE',  ( 0.7933533402908369281, 0.000000000000000000, 0.6087614290092395741 ) ) ;
#3494 = EDGE_LOOP ( 'NONE', ( #2497, #84, #533, #1083 ) ) ;
#3495 = VERTEX_POINT ( 'NONE', #1101 ) ;
#3496 = ORIENTED_EDGE ( 'NONE', *, *, #673, .T. ) ;
#3497 = DIRECTION ( 'NONE',  ( 0.9996573249755582591, 0.000000000000000000, -0.02617694830783610926 ) ) ;
#3498 = DIRECTION ( 'NONE',  ( -0.6087614290087246527, 0.000000000000000000, -0.7933533402912321675 ) ) ;
#3499 = CARTESIAN_POINT ( 'NONE',  ( 0.4247247512519637391, 0.8000000000000000444, 1.954381970259129853 ) ) ;
#3500 = LINE ( 'NONE', #413, #2576 ) ;
#3501 = ORIENTED_EDGE ( 'NONE', *, *, #3703, .T. ) ;
#3502 = CARTESIAN_POINT ( 'NONE',  ( 1.485767376913997850, 0.8000000000000002665, -1.079473186050992961 ) ) ;
#3503 = CARTESIAN_POINT ( 'NONE',  ( -1.830775172509106374, 0.000000000000000000, 0.8051473577701484530 ) ) ;
#3504 = VECTOR ( 'NONE', #3876, 1000.000000000000000 ) ;
#3505 =( GEOMETRIC_REPRESENTATION_CONTEXT ( 3 ) GLOBAL_UNCERTAINTY_ASSIGNED_CONTEXT ( ( #179 ) ) GLOBAL_UNIT_ASSIGNED_CONTEXT ( ( #1568, #1181, #911 ) ) REPRESENTATION_CONTEXT ( 'NONE', 'WORKASPACE' ) );
#3506 = EDGE_LOOP ( 'NONE', ( #3006, #298 ) ) ;
#3507 = EDGE_CURVE ( 'NONE', #1571, #4369, #1785, .T. ) ;
#3508 = AXIS2_PLACEMENT_3D ( 'NONE', #3700, #2282, #3367 ) ;
#3509 = AXIS2_PLACEMENT_3D ( 'NONE', #599, #3348, #2972 ) ;
#3510 = EDGE_CURVE ( 'NONE', #4168, #2586, #3443, .T. ) ;
#3511 = CARTESIAN_POINT ( 'NONE',  ( -0.5675126386054001326, 3.299999999999999378, 1.746624304974999875 ) ) ;
#3512 = CARTESIAN_POINT ( 'NONE',  ( 1.830775172509107040, 0.000000000000000000, -0.8051473577701470097 ) ) ;
#3513 = CIRCLE ( 'NONE', #1577, 2.000000000000000000 ) ;
#3514 = VECTOR ( 'NONE', #377, 1000.000000000000114 ) ;
#3515 = AXIS2_PLACEMENT_3D ( 'NONE', #1265, #3363, #947 ) ;
#3516 = FACE_OUTER_BOUND ( 'NONE', #2757, .T. ) ;
#3517 = VERTEX_POINT ( 'NONE', #2055 ) ;
#3518 = VECTOR ( 'NONE', #789, 1000.000000000000000 ) ;
#3519 = DIRECTION ( 'NONE',  ( 0.000000000000000000, 0.000000000000000000, -1.000000000000000000 ) ) ;
#3520 = DIRECTION ( 'NONE',  ( 0.7933533402912321675, 0.000000000000000000, 0.6087614290087246527 ) ) ;
#3521 = DIRECTION ( 'NONE',  ( 0.9426414910925988710, 0.000000000000000000, -0.3338068592325834083 ) ) ;
#3522 = ORIENTED_EDGE ( 'NONE', *, *, #2688, .F. ) ;
#3523 = ORIENTED_EDGE ( 'NONE', *, *, #124, .T. ) ;
#3524 = CARTESIAN_POINT ( 'NONE',  ( -1.830775172509081505, 3.299999999999999822, 0.8051473577702047413 ) ) ;
#3525 = ORIENTED_EDGE ( 'NONE', *, *, #4442, .T. ) ;
#3526 = LINE ( 'NONE', #3955, #3305 ) ;
#3527 = CARTESIAN_POINT ( 'NONE',  ( -1.746624304974971231, 2.600000000000000533, 0.5675126386053581662 ) ) ;
#3528 = DIRECTION ( 'NONE',  ( -0.000000000000000000, 1.000000000000000000, -0.000000000000000000 ) ) ;
#3529 = ORIENTED_EDGE ( 'NONE', *, *, #2406, .T. ) ;
#3530 = PLANE ( 'NONE',  #3663 ) ;
#3531 = DIRECTION ( 'NONE',  ( -0.000000000000000000, 1.000000000000000000, -0.000000000000000000 ) ) ;
#3532 =( NAMED_UNIT ( * ) SI_UNIT ( $, .STERADIAN. ) SOLID_ANGLE_UNIT ( ) );
#3533 = ORIENTED_EDGE ( 'NONE', *, *, #1078, .F. ) ;
#3534 = LINE ( 'NONE', #2519, #2501 ) ;
#3535 = DIRECTION ( 'NONE',  ( 0.9588197348681997134, 0.000000000000000000, 0.2840153447038998857 ) ) ;
#3536 = EDGE_CURVE ( 'NONE', #4290, #3727, #3425, .T. ) ;
#3537 = AXIS2_PLACEMENT_3D ( 'NONE', #4254, #2978, #1505 ) ;
#3538 = VERTEX_POINT ( 'NONE', #1150 ) ;
#3539 = ADVANCED_FACE ( 'NONE', ( #3588 ), #1516, .F. ) ;
#3540 = FACE_OUTER_BOUND ( 'NONE', #723, .T. ) ;
#3541 = ORIENTED_EDGE ( 'NONE', *, *, #4315, .F. ) ;
#3542 = CARTESIAN_POINT ( 'NONE',  ( 0.000000000000000000, 0.8000000000000000444, 0.000000000000000000 ) ) ;
#3543 = CIRCLE ( 'NONE', #4118, 1.550000000008822099 ) ;
#3544 = DIRECTION ( 'NONE',  ( -0.000000000000000000, 1.000000000000000000, -0.000000000000000000 ) ) ;
#3545 = DIRECTION ( 'NONE',  ( -0.000000000000000000, 1.000000000000000000, -0.000000000000000000 ) ) ;
#3546 = ADVANCED_FACE ( 'NONE', ( #3970 ), #884, .T. ) ;
#3547 = PLANE ( 'NONE',  #505 ) ;
#3548 = ORIENTED_EDGE ( 'NONE', *, *, #1396, .T. ) ;
#3549 = VERTEX_POINT ( 'NONE', #833 ) ;
#3550 = LINE ( 'NONE', #100, #2728 ) ;
#3551 = CARTESIAN_POINT ( 'NONE',  ( 0.000000000000000000, 0.000000000000000000, 0.000000000000000000 ) ) ;
#3552 = DIRECTION ( 'NONE',  ( -1.776356839400250465E-15, 0.000000000000000000, -1.000000000000000000 ) ) ;
#3553 = VERTEX_POINT ( 'NONE', #2238 ) ;
#3554 = CARTESIAN_POINT ( 'NONE',  ( -1.079473186051000289, 0.000000000000000000, -1.485767376914000071 ) ) ;
#3555 = FACE_OUTER_BOUND ( 'NONE', #770, .T. ) ;
#3556 = ORIENTED_EDGE ( 'NONE', *, *, #1078, .T. ) ;
#3557 = VERTEX_POINT ( 'NONE', #168 ) ;
#3558 = FACE_OUTER_BOUND ( 'NONE', #1951, .T. ) ;
#3559 = PLANE ( 'NONE',  #2659 ) ;
#3560 = VERTEX_POINT ( 'NONE', #3252 ) ;
#3561 = LINE ( 'NONE', #2495, #3435 ) ;
#3562 = EDGE_CURVE ( 'NONE', #4414, #916, #1221, .T. ) ;
#3563 = CARTESIAN_POINT ( 'NONE',  ( 1.989974874213237710, 0.000000000000000000, 0.2000000000000240752 ) ) ;
#3564 = EDGE_CURVE ( 'NONE', #2735, #3064, #4266, .T. ) ;
#3565 = CARTESIAN_POINT ( 'NONE',  ( 1.746624304974999875, 3.299999999999999378, 0.5675126386054001326 ) ) ;
#3566 = DIRECTION ( 'NONE',  ( 0.000000000000000000, -1.000000000000000000, 0.000000000000000000 ) ) ;
#3567 = ORIENTED_EDGE ( 'NONE', *, *, #1676, .T. ) ;
#3568 = ORIENTED_EDGE ( 'NONE', *, *, #4340, .T. ) ;
#3569 = LINE ( 'NONE', #2154, #4383 ) ;
#3570 = CARTESIAN_POINT ( 'NONE',  ( 3.324217003954292092E-14, 1.600000000000000089, 1.836509476617043335 ) ) ;
#3571 = EDGE_CURVE ( 'NONE', #2696, #1248, #2795, .T. ) ;
#3572 = EDGE_CURVE ( 'NONE', #3602, #2003, #1880, .T. ) ;
#3573 = DIRECTION ( 'NONE',  ( 0.3338068592337899987, 0.000000000000000000, 0.9426414910921715462 ) ) ;
#3574 = VERTEX_POINT ( 'NONE', #4285 ) ;
#3575 = LINE ( 'NONE', #2228, #3226 ) ;
#3576 = LINE ( 'NONE', #130, #521 ) ;
#3577 = ORIENTED_EDGE ( 'NONE', *, *, #3763, .F. ) ;
#3578 = CARTESIAN_POINT ( 'NONE',  ( -1.492366441159075130, 1.600000000000000089, -1.331481282370201802 ) ) ;
#3579 = VECTOR ( 'NONE', #3545, 1000.000000000000000 ) ;
#3580 = DIRECTION ( 'NONE',  ( 0.000000000000000000, 0.000000000000000000, -1.000000000000000000 ) ) ;
#3581 = AXIS2_PLACEMENT_3D ( 'NONE', #4339, #869, #2881 ) ;
#3582 = VERTEX_POINT ( 'NONE', #116 ) ;
#3583 = DIRECTION ( 'NONE',  ( -0.8241261886220260235, 0.000000000000000000, -0.5664062369248178408 ) ) ;
#3584 = AXIS2_PLACEMENT_3D ( 'NONE', #1361, #991, #616 ) ;
#3585 = VECTOR ( 'NONE', #1838, 1000.000000000000000 ) ;
#3586 = AXIS2_PLACEMENT_3D ( 'NONE', #3767, #3892, #676 ) ;
#3587 = VECTOR ( 'NONE', #229, 1000.000000000000000 ) ;
#3588 = FACE_OUTER_BOUND ( 'NONE', #734, .T. ) ;
#3589 = VECTOR ( 'NONE', #589, 1000.000000000000114 ) ;
#3590 = CARTESIAN_POINT ( 'NONE',  ( -0.8051473577701000472, 3.299999999999999822, 1.830775172509000015 ) ) ;
#3591 = AXIS2_PLACEMENT_3D ( 'NONE', #954, #2991, #3660 ) ;
#3592 = DIRECTION ( 'NONE',  ( 0.9426414910921716572, 0.000000000000000000, -0.3338068592337900542 ) ) ;
#3593 = ORIENTED_EDGE ( 'NONE', *, *, #3731, .T. ) ;
#3594 = VECTOR ( 'NONE', #487, 1000.000000000000114 ) ;
#3595 = ORIENTED_EDGE ( 'NONE', *, *, #2715, .T. ) ;
#3596 = LINE ( 'NONE', #867, #497 ) ;
#3597 = CARTESIAN_POINT ( 'NONE',  ( 0.8051473577701805384, 3.300000000000000266, -1.830775172509028437 ) ) ;
#3598 = CARTESIAN_POINT ( 'NONE',  ( 1.331481282370138741, 3.299999999999999822, -1.492366441159004076 ) ) ;
#3599 = EDGE_CURVE ( 'NONE', #3271, #4392, #2598, .T. ) ;
#3600 = ADVANCED_FACE ( 'NONE', ( #3273 ), #3612, .T. ) ;
#3601 = EDGE_CURVE ( 'NONE', #1754, #4206, #1193, .T. ) ;
#3602 = VERTEX_POINT ( 'NONE', #1810 ) ;
#3603 = PLANE ( 'NONE',  #701 ) ;
#3604 = LINE ( 'NONE', #556, #2611 ) ;
#3605 = VECTOR ( 'NONE', #4289, 1000.000000000000000 ) ;
#3606 = ORIENTED_EDGE ( 'NONE', *, *, #2746, .T. ) ;
#3607 = ORIENTED_EDGE ( 'NONE', *, *, #2628, .F. ) ;
#3608 = DIRECTION ( 'NONE',  ( 0.6087614290092395741, 0.000000000000000000, 0.7933533402908369281 ) ) ;
#3609 = DIRECTION ( 'NONE',  ( 0.9588197348681998244, 0.000000000000000000, 0.2840153447038999412 ) ) ;
#3610 = ORIENTED_EDGE ( 'NONE', *, *, #728, .F. ) ;
#3611 = CARTESIAN_POINT ( 'NONE',  ( -1.331481282370126751, 0.000000000000000000, -1.492366441159141965 ) ) ;
#3612 = CYLINDRICAL_SURFACE ( 'NONE', #4240, 1.750000000000000000 ) ;
#3613 = CARTESIAN_POINT ( 'NONE',  ( 0.000000000000000000, 0.000000000000000000, 0.000000000000000000 ) ) ;
#3614 = ORIENTED_EDGE ( 'NONE', *, *, #2937, .T. ) ;
#3615 = CIRCLE ( 'NONE', #445, 2.000000000000000000 ) ;
#3616 = ORIENTED_EDGE ( 'NONE', *, *, #3265, .F. ) ;
#3617 = LINE ( 'NONE', #2879, #2224 ) ;
#3618 = DIRECTION ( 'NONE',  ( 0.000000000000000000, 0.000000000000000000, -1.000000000000000000 ) ) ;
#3619 = LINE ( 'NONE', #2557, #2940 ) ;
#3620 = FACE_OUTER_BOUND ( 'NONE', #46, .T. ) ;
#3621 = ORIENTED_EDGE ( 'NONE', *, *, #4145, .T. ) ;
#3622 = DIRECTION ( 'NONE',  ( 0.02617694830786888166, 0.000000000000000000, -0.9996573249755573709 ) ) ;
#3623 = ADVANCED_FACE ( 'NONE', ( #2568 ), #188, .T. ) ;
#3624 = FACE_OUTER_BOUND ( 'NONE', #715, .T. ) ;
#3625 = ADVANCED_FACE ( 'NONE', ( #3920 ), #1903, .F. ) ;
#3626 = ORIENTED_EDGE ( 'NONE', *, *, #1943, .F. ) ;
#3627 = EDGE_LOOP ( 'NONE', ( #1508, #2307, #964, #1958 ) ) ;
#3628 = CARTESIAN_POINT ( 'NONE',  ( 3.321272655047261706E-14, 2.600000000000000533, 1.836509476617043335 ) ) ;
#3629 = DIRECTION ( 'NONE',  ( 0.000000000000000000, -1.000000000000000000, 0.000000000000000000 ) ) ;
#3630 = EDGE_LOOP ( 'NONE', ( #3180, #1705, #98, #4107 ) ) ;
#3631 = CARTESIAN_POINT ( 'NONE',  ( 0.000000000000000000, 3.299999999999999822, 0.000000000000000000 ) ) ;
#3632 = DIRECTION ( 'NONE',  ( 0.000000000000000000, -1.000000000000000000, 0.000000000000000000 ) ) ;
#3633 = FACE_OUTER_BOUND ( 'NONE', #3720, .T. ) ;
#3634 = DIRECTION ( 'NONE',  ( -0.000000000000000000, 1.000000000000000000, -0.000000000000000000 ) ) ;
#3635 = ORIENTED_EDGE ( 'NONE', *, *, #4088, .F. ) ;
#3636 = EDGE_LOOP ( 'NONE', ( #2655, #3934, #2562, #1895 ) ) ;
#3637 = LINE ( 'NONE', #934, #779 ) ;
#3638 = CARTESIAN_POINT ( 'NONE',  ( 3.324217003954292092E-14, 0.8000000000000000444, 1.836509476617043335 ) ) ;
#3639 = DIRECTION ( 'NONE',  ( -0.3338068592337899987, 0.000000000000000000, 0.9426414910921715462 ) ) ;
#3640 = ORIENTED_EDGE ( 'NONE', *, *, #3783, .F. ) ;
#3641 = DIRECTION ( 'NONE',  ( 0.02617694830783610926, 0.000000000000000000, -0.9996573249755582591 ) ) ;
#3642 = DIRECTION ( 'NONE',  ( -0.02617694830786888166, 0.000000000000000000, -0.9996573249755573709 ) ) ;
#3643 = ORIENTED_EDGE ( 'NONE', *, *, #3291, .T. ) ;
#3644 = DIRECTION ( 'NONE',  ( 0.000000000000000000, 0.000000000000000000, -1.000000000000000000 ) ) ;
#3645 = DIRECTION ( 'NONE',  ( 0.000000000000000000, 0.000000000000000000, -1.000000000000000000 ) ) ;
#3646 = EDGE_CURVE ( 'NONE', #4110, #2450, #817, .T. ) ;
#3647 = ORIENTED_EDGE ( 'NONE', *, *, #2775, .T. ) ;
#3648 = CARTESIAN_POINT ( 'NONE',  ( -0.8051473577701804274, 2.600000000000000533, 1.830775172509028437 ) ) ;
#3649 = EDGE_CURVE ( 'NONE', #2684, #1587, #1214, .T. ) ;
#3650 = EDGE_CURVE ( 'NONE', #3673, #1812, #3198, .T. ) ;
#3651 = AXIS2_PLACEMENT_3D ( 'NONE', #1288, #1624, #903 ) ;
#3652 = DIRECTION ( 'NONE',  ( -0.9996573249755573709, 0.000000000000000000, 0.02617694830786888166 ) ) ;
#3653 = AXIS2_PLACEMENT_3D ( 'NONE', #4387, #3372, #1323 ) ;
#3654 = VECTOR ( 'NONE', #531, 1000.000000000000114 ) ;
#3655 = ORIENTED_EDGE ( 'NONE', *, *, #3819, .F. ) ;
#3656 = ORIENTED_EDGE ( 'NONE', *, *, #4426, .F. ) ;
#3657 = VECTOR ( 'NONE', #923, 1000.000000000000000 ) ;
#3658 = CARTESIAN_POINT ( 'NONE',  ( -1.836509476617000036, 0.000000000000000000, 0.000000000000000000 ) ) ;
#3659 = ORIENTED_EDGE ( 'NONE', *, *, #812, .F. ) ;
#3660 = DIRECTION ( 'NONE',  ( 0.000000000000000000, 0.000000000000000000, -1.000000000000000000 ) ) ;
#3662 = CIRCLE ( 'NONE', #1646, 2.000000000000000000 ) ;
#3661 = CARTESIAN_POINT ( 'NONE',  ( 1.079473186051000289, 3.300000000000000711, -1.485767376914000071 ) ) ;
#3663 = AXIS2_PLACEMENT_3D ( 'NONE', #3822, #35, #443 ) ;
#3664 = VECTOR ( 'NONE', #69, 1000.000000000000000 ) ;
#3665 = DIRECTION ( 'NONE',  ( -0.000000000000000000, 1.000000000000000000, -0.000000000000000000 ) ) ;
#3666 = ORIENTED_EDGE ( 'NONE', *, *, #4173, .F. ) ;
#3667 = DIRECTION ( 'NONE',  ( -0.000000000000000000, 1.000000000000000000, -0.000000000000000000 ) ) ;
#3668 = CARTESIAN_POINT ( 'NONE',  ( -1.485767376914000071, 2.600000000000000977, 1.079473186051000289 ) ) ;
#3669 = ORIENTED_EDGE ( 'NONE', *, *, #2078, .T. ) ;
#3670 = ORIENTED_EDGE ( 'NONE', *, *, #484, .F. ) ;
#3671 = AXIS2_PLACEMENT_3D ( 'NONE', #2031, #631, #1331 ) ;
#3672 = CARTESIAN_POINT ( 'NONE',  ( 0.000000000000000000, 1.600000000000000089, 0.000000000000000000 ) ) ;
#3673 = VERTEX_POINT ( 'NONE', #2870 ) ;
#3674 = CARTESIAN_POINT ( 'NONE',  ( 0.000000000000000000, 3.299999999999999822, 0.000000000000000000 ) ) ;
#3675 = ADVANCED_FACE ( 'NONE', ( #4243 ), #2525, .T. ) ;
#3676 = LINE ( 'NONE', #274, #1363 ) ;
#3677 = EDGE_CURVE ( 'NONE', #2920, #2553, #1625, .T. ) ;
#3678 = CARTESIAN_POINT ( 'NONE',  ( 1.954381970259071677, 3.299999999999999822, -0.4247247512519511381 ) ) ;
#3679 = EDGE_CURVE ( 'NONE', #120, #878, #3004, .T. ) ;
#3680 = ORIENTED_EDGE ( 'NONE', *, *, #4170, .F. ) ;
#3681 = ORIENTED_EDGE ( 'NONE', *, *, #2976, .T. ) ;
#3682 = LINE ( 'NONE', #1659, #2220 ) ;
#3683 = ORIENTED_EDGE ( 'NONE', *, *, #1620, .F. ) ;
#3684 = LINE ( 'NONE', #2263, #4307 ) ;
#3685 = DIRECTION ( 'NONE',  ( 0.000000000000000000, 0.000000000000000000, -1.000000000000000000 ) ) ;
#3686 = VECTOR ( 'NONE', #2610, 1000.000000000000114 ) ;
#3687 = DIRECTION ( 'NONE',  ( -0.2840153447038998857, 0.000000000000000000, -0.9588197348681997134 ) ) ;
#3688 = ORIENTED_EDGE ( 'NONE', *, *, #1233, .T. ) ;
#3689 = FACE_OUTER_BOUND ( 'NONE', #267, .T. ) ;
#3690 = FACE_OUTER_BOUND ( 'NONE', #171, .T. ) ;
#3691 = AXIS2_PLACEMENT_3D ( 'NONE', #2126, #3498, #4293 ) ;
#3692 = ORIENTED_EDGE ( 'NONE', *, *, #1396, .F. ) ;
#3693 = ORIENTED_EDGE ( 'NONE', *, *, #3871, .F. ) ;
#3694 = CARTESIAN_POINT ( 'NONE',  ( 0.000000000000000000, 0.000000000000000000, 0.000000000000000000 ) ) ;
#3695 = ORIENTED_EDGE ( 'NONE', *, *, #3898, .F. ) ;
#3696 = LINE ( 'NONE', #230, #1355 ) ;
#3697 = DIRECTION ( 'NONE',  ( -0.8241261886220260235, 0.000000000000000000, 0.5664062369248178408 ) ) ;
#3698 = ORIENTED_EDGE ( 'NONE', *, *, #1136, .F. ) ;
#3699 = ORIENTED_EDGE ( 'NONE', *, *, #561, .T. ) ;
#3700 = CARTESIAN_POINT ( 'NONE',  ( 0.000000000000000000, 0.000000000000000000, 0.000000000000000000 ) ) ;
#3701 = LINE ( 'NONE', #1251, #1649 ) ;
#3702 = CARTESIAN_POINT ( 'NONE',  ( 0.4247247512519999879, 0.000000000000000000, 1.954381970259000179 ) ) ;
#3703 = EDGE_CURVE ( 'NONE', #3102, #1248, #4351, .T. ) ;
#3704 = DIRECTION ( 'NONE',  ( -0.9588197348681741783, 0.000000000000000000, -0.2840153447039865942 ) ) ;
#3705 = EDGE_CURVE ( 'NONE', #4232, #2988, #1506, .T. ) ;
#3706 = ORIENTED_EDGE ( 'NONE', *, *, #2163, .T. ) ;
#3707 = EDGE_CURVE ( 'NONE', #1739, #3402, #420, .T. ) ;
#3708 = DIRECTION ( 'NONE',  ( -0.9588197348681997134, 0.000000000000000000, 0.2840153447038998857 ) ) ;
#3709 = CARTESIAN_POINT ( 'NONE',  ( 0.2000000000001380118, 2.600000000000000533, -1.989974874213106260 ) ) ;
#3710 = CARTESIAN_POINT ( 'NONE',  ( 1.079473186051000289, 0.000000000000000000, -1.485767376914000071 ) ) ;
#3711 = LINE ( 'NONE', #2723, #409 ) ;
#3712 = ORIENTED_EDGE ( 'NONE', *, *, #3783, .T. ) ;
#3713 = DIRECTION ( 'NONE',  ( -0.6087614290087246527, 0.000000000000000000, -0.7933533402912321675 ) ) ;
#3714 = ORIENTED_EDGE ( 'NONE', *, *, #3784, .T. ) ;
#3715 = CARTESIAN_POINT ( 'NONE',  ( -1.836509476617000036, 0.8000000000000000444, 0.000000000000000000 ) ) ;
#3716 = DIRECTION ( 'NONE',  ( 0.000000000000000000, -1.000000000000000000, 0.000000000000000000 ) ) ;
#3717 = AXIS2_PLACEMENT_3D ( 'NONE', #1220, #2597, #4350 ) ;
#3718 = DIRECTION ( 'NONE',  ( -0.000000000000000000, 1.000000000000000000, -0.000000000000000000 ) ) ;
#3719 = ORIENTED_EDGE ( 'NONE', *, *, #3479, .F. ) ;
#3720 = EDGE_LOOP ( 'NONE', ( #3548, #3276, #3688, #4328 ) ) ;
#3721 = CARTESIAN_POINT ( 'NONE',  ( -0.5675126386054000216, 1.600000000000000089, 1.746624304975000097 ) ) ;
#3722 = DIRECTION ( 'NONE',  ( 0.000000000000000000, 0.000000000000000000, -1.000000000000000000 ) ) ;
#3723 = VECTOR ( 'NONE', #3281, 1000.000000000000000 ) ;
#3724 = VECTOR ( 'NONE', #3820, 1000.000000000000114 ) ;
#3725 = DIRECTION ( 'NONE',  ( 8.659560562354932858E-17, -0.7071067811865474617, 0.7071067811865474617 ) ) ;
#3726 = VECTOR ( 'NONE', #767, 1000.000000000000000 ) ;
#3727 = VERTEX_POINT ( 'NONE', #3293 ) ;
#3728 = FACE_OUTER_BOUND ( 'NONE', #1598, .T. ) ;
#3729 = CARTESIAN_POINT ( 'NONE',  ( 1.989974874213225053, 3.299999999999999822, -0.2000000000001500577 ) ) ;
#3730 = AXIS2_PLACEMENT_3D ( 'NONE', #2762, #2396, #2125 ) ;
#3731 = EDGE_CURVE ( 'NONE', #3560, #2047, #1944, .T. ) ;
#3732 = VECTOR ( 'NONE', #1043, 1000.000000000000000 ) ;
#3733 = DIRECTION ( 'NONE',  ( 0.000000000000000000, 1.000000000000000000, -0.000000000000000000 ) ) ;
#3734 = VECTOR ( 'NONE', #2706, 1000.000000000000227 ) ;
#3735 = EDGE_CURVE ( 'NONE', #3308, #716, #2325, .T. ) ;
#3736 = EDGE_CURVE ( 'NONE', #2076, #941, #1139, .T. ) ;
#3737 = VECTOR ( 'NONE', #1915, 1000.000000000000000 ) ;
#3738 = VECTOR ( 'NONE', #3930, 1000.000000000000000 ) ;
#3739 = ORIENTED_EDGE ( 'NONE', *, *, #3677, .T. ) ;
#3740 = CARTESIAN_POINT ( 'NONE',  ( 1.830775172509180537, 0.8000000000000000444, -0.8051473577701266926 ) ) ;
#3741 = EDGE_CURVE ( 'NONE', #4273, #3553, #547, .T. ) ;
#3742 = ORIENTED_EDGE ( 'NONE', *, *, #573, .T. ) ;
#3743 = DIRECTION ( 'NONE',  ( -0.6087614290092395741, 0.000000000000000000, -0.7933533402908369281 ) ) ;
#3744 = CARTESIAN_POINT ( 'NONE',  ( 1.492366441159008295, 0.000000000000000000, -1.331481282369999741 ) ) ;
#3745 = AXIS2_PLACEMENT_3D ( 'NONE', #2843, #2189, #3583 ) ;
#3746 = VERTEX_POINT ( 'NONE', #633 ) ;
#3747 = CARTESIAN_POINT ( 'NONE',  ( 1.727480542076211600, 2.600000000000000533, 1.007874484620023159 ) ) ;
#3748 = DIRECTION ( 'NONE',  ( 0.000000000000000000, -1.000000000000000000, 0.000000000000000000 ) ) ;
#3749 = CARTESIAN_POINT ( 'NONE',  ( -1.989974874213106260, 3.299999999999999822, -0.2000000000001381228 ) ) ;
#3750 = ORIENTED_EDGE ( 'NONE', *, *, #2801, .F. ) ;
#3751 = LINE ( 'NONE', #4389, #2805 ) ;
#3752 = CARTESIAN_POINT ( 'NONE',  ( -0.4247247512519999879, 0.000000000000000000, -1.954381970259000179 ) ) ;
#3753 = CARTESIAN_POINT ( 'NONE',  ( 1.485767376914000071, 0.000000000000000000, -1.079473186051000289 ) ) ;
#3754 = AXIS2_PLACEMENT_3D ( 'NONE', #1185, #848, #2590 ) ;
#3755 = EDGE_CURVE ( 'NONE', #1543, #980, #2011, .T. ) ;
#3756 = ORIENTED_EDGE ( 'NONE', *, *, #3075, .T. ) ;
#3757 = AXIS2_PLACEMENT_3D ( 'NONE', #61, #714, #3465 ) ;
#3758 = ADVANCED_FACE ( 'NONE', ( #232 ), #2618, .F. ) ;
#3759 = CARTESIAN_POINT ( 'NONE',  ( 1.331481282369999963, 0.000000000000000000, -1.492366441159000079 ) ) ;
#3760 = DIRECTION ( 'NONE',  ( 0.9588197348681997134, 0.000000000000000000, -0.2840153447038998857 ) ) ;
#3761 = ORIENTED_EDGE ( 'NONE', *, *, #4005, .F. ) ;
#3762 = DIRECTION ( 'NONE',  ( -0.3338068592337899987, 0.000000000000000000, -0.9426414910921715462 ) ) ;
#3763 = EDGE_CURVE ( 'NONE', #1968, #4353, #4402, .T. ) ;
#3764 = ADVANCED_FACE ( 'NONE', ( #1987 ), #2964, .F. ) ;
#3765 = CARTESIAN_POINT ( 'NONE',  ( -0.2000000000000997369, 0.000000000000000000, -1.989974874212870226 ) ) ;
#3766 = ORIENTED_EDGE ( 'NONE', *, *, #514, .T. ) ;
#3767 = CARTESIAN_POINT ( 'NONE',  ( 0.000000000000000000, 0.000000000000000000, 0.000000000000000000 ) ) ;
#3768 = DIRECTION ( 'NONE',  ( 0.000000000000000000, 0.000000000000000000, -1.000000000000000000 ) ) ;
#3769 = VERTEX_POINT ( 'NONE', #2666 ) ;
#3770 = ORIENTED_EDGE ( 'NONE', *, *, #670, .T. ) ;
#3771 = LINE ( 'NONE', #1993, #2939 ) ;
#3772 = EDGE_LOOP ( 'NONE', ( #3529, #538, #1023, #204, #1537, #2930, #1607, #3522, #3483, #3231, #3804, #322, #2671, #3455, #4075, #4304, #820, #4317, #3821, #2522, #2438, #192, #2921, #851, #897, #2572, #3356, #3474, #27, #1856, #365, #1407, #3096, #387, #1877, #4196, #906, #2027, #1520, #3939, #1249, #4360, #727, #1481, #2641, #3681, #2690, #4071, #442, #314, #3987, #3501, #2448, #1763, #2069, #2929, #2275, #1198, #355, #3130 ) ) ;
#3773 = CARTESIAN_POINT ( 'NONE',  ( -1.007874484620097544, 0.000000000000000000, 1.727480542076168746 ) ) ;
#3774 = DIRECTION ( 'NONE',  ( -0.7933533402908369281, 0.000000000000000000, -0.6087614290092395741 ) ) ;
#3775 = DIRECTION ( 'NONE',  ( 0.6087614290092395741, 0.000000000000000000, -0.7933533402908369281 ) ) ;
#3776 = ORIENTED_EDGE ( 'NONE', *, *, #1025, .T. ) ;
#3777 = FACE_OUTER_BOUND ( 'NONE', #1689, .T. ) ;
#3778 = LINE ( 'NONE', #609, #1013 ) ;
#3779 = EDGE_LOOP ( 'NONE', ( #3079, #1350, #243, #685 ) ) ;
#3780 = CARTESIAN_POINT ( 'NONE',  ( 0.000000000000000000, 3.299999999999999822, 0.000000000000000000 ) ) ;
#3781 = LINE ( 'NONE', #3449, #4453 ) ;
#3782 = EDGE_CURVE ( 'NONE', #3574, #3181, #3676, .T. ) ;
#3783 = EDGE_CURVE ( 'NONE', #446, #499, #1966, .T. ) ;
#3784 = EDGE_CURVE ( 'NONE', #3089, #1543, #4041, .T. ) ;
#3785 = EDGE_LOOP ( 'NONE', ( #1123, #597, #346, #3655 ) ) ;
#3786 = CARTESIAN_POINT ( 'NONE',  ( -1.989974874212999900, 0.000000000000000000, -0.2000000000000000111 ) ) ;
#3787 = ORIENTED_EDGE ( 'NONE', *, *, #3027, .F. ) ;
#3788 = EDGE_LOOP ( 'NONE', ( #3719, #2975, #2162, #1032 ) ) ;
#3789 = VERTEX_POINT ( 'NONE', #2343 ) ;
#3790 = DIRECTION ( 'NONE',  ( 0.000000000000000000, -1.000000000000000000, 0.000000000000000000 ) ) ;
#3792 = CARTESIAN_POINT ( 'NONE',  ( -1.007874484620000066, 0.8000000000000000444, 1.727480542075999992 ) ) ;
#3791 = AXIS2_PLACEMENT_3D ( 'NONE', #1746, #32, #2510 ) ;
#3793 = VECTOR ( 'NONE', #166, 1000.000000000000000 ) ;
#3794 = LINE ( 'NONE', #775, #3938 ) ;
#3795 = DIRECTION ( 'NONE',  ( 0.000000000000000000, -1.000000000000000000, 0.000000000000000000 ) ) ;
#3796 = AXIS2_PLACEMENT_3D ( 'NONE', #2845, #502, #3176 ) ;
#3797 = VERTEX_POINT ( 'NONE', #1922 ) ;
#3798 = CARTESIAN_POINT ( 'NONE',  ( -1.331481282370201802, 1.600000000000000089, 1.492366441159075130 ) ) ;
#3799 = AXIS2_PLACEMENT_3D ( 'NONE', #1135, #805, #893 ) ;
#3800 = CARTESIAN_POINT ( 'NONE',  ( -0.2000000000001380118, 2.600000000000000533, 1.989974874213106260 ) ) ;
#3801 = VECTOR ( 'NONE', #928, 1000.000000000000227 ) ;
#3802 = AXIS2_PLACEMENT_3D ( 'NONE', #10, #3790, #368 ) ;
#3803 = VECTOR ( 'NONE', #2699, 1000.000000000000114 ) ;
#3804 = ORIENTED_EDGE ( 'NONE', *, *, #3507, .F. ) ;
#3805 = ORIENTED_EDGE ( 'NONE', *, *, #1051, .T. ) ;
#3806 = DIRECTION ( 'NONE',  ( 0.000000000000000000, -1.000000000000000000, 0.000000000000000000 ) ) ;
#3807 = VECTOR ( 'NONE', #4303, 1000.000000000000114 ) ;
#3808 = CARTESIAN_POINT ( 'NONE',  ( 0.000000000000000000, 3.299999999999999822, 0.000000000000000000 ) ) ;
#3809 = ORIENTED_EDGE ( 'NONE', *, *, #1894, .F. ) ;
#3810 = EDGE_CURVE ( 'NONE', #2644, #1673, #4330, .T. ) ;
#3811 = CARTESIAN_POINT ( 'NONE',  ( 1.079473186051000289, 3.300000000000000711, 1.485767376914000071 ) ) ;
#3812 = EDGE_CURVE ( 'NONE', #2959, #3117, #904, .T. ) ;
#3813 = EDGE_CURVE ( 'NONE', #4138, #254, #739, .T. ) ;
#3814 = ORIENTED_EDGE ( 'NONE', *, *, #3983, .T. ) ;
#3815 = ORIENTED_EDGE ( 'NONE', *, *, #894, .F. ) ;
#3816 = ORIENTED_EDGE ( 'NONE', *, *, #1025, .F. ) ;
#3817 = CARTESIAN_POINT ( 'NONE',  ( -3.324217003954292092E-14, 0.8000000000000000444, -1.836509476617043335 ) ) ;
#3818 = CARTESIAN_POINT ( 'NONE',  ( 1.836970198721029934E-16, 3.299999999999999822, 1.500000000000000000 ) ) ;
#3819 = EDGE_CURVE ( 'NONE', #638, #2849, #3873, .T. ) ;
#3820 = DIRECTION ( 'NONE',  ( -0.8241261886216834087, 0.000000000000000000, -0.5664062369253162199 ) ) ;
#3821 = ORIENTED_EDGE ( 'NONE', *, *, #1173, .T. ) ;
#3822 = CARTESIAN_POINT ( 'NONE',  ( -1.007874484620000066, 0.000000000000000000, -1.727480542075999992 ) ) ;
#3823 = DIRECTION ( 'NONE',  ( 0.000000000000000000, 0.000000000000000000, -1.000000000000000000 ) ) ;
#3824 = ORIENTED_EDGE ( 'NONE', *, *, #4097, .F. ) ;
#3825 = ORIENTED_EDGE ( 'NONE', *, *, #2351, .T. ) ;
#3826 = CIRCLE ( 'NONE', #1892, 2.000000000000000000 ) ;
#3827 = LINE ( 'NONE', #3744, #993 ) ;
#3828 = ORIENTED_EDGE ( 'NONE', *, *, #2169, .F. ) ;
#3829 = DIRECTION ( 'NONE',  ( -0.000000000000000000, 1.000000000000000000, -0.000000000000000000 ) ) ;
#3830 = ORIENTED_EDGE ( 'NONE', *, *, #1081, .T. ) ;
#3831 = ORIENTED_EDGE ( 'NONE', *, *, #2252, .T. ) ;
#3832 = ORIENTED_EDGE ( 'NONE', *, *, #3265, .T. ) ;
#3833 = DIRECTION ( 'NONE',  ( 0.000000000000000000, 0.000000000000000000, -1.000000000000000000 ) ) ;
#3834 = FACE_OUTER_BOUND ( 'NONE', #362, .T. ) ;
#3835 = PLANE ( 'NONE',  #3791 ) ;
#3836 = EDGE_CURVE ( 'NONE', #2999, #1060, #283, .T. ) ;
#3837 = EDGE_CURVE ( 'NONE', #3553, #1720, #2117, .T. ) ;
#3838 = ORIENTED_EDGE ( 'NONE', *, *, #3860, .F. ) ;
#3839 = LINE ( 'NONE', #2064, #3732 ) ;
#3840 = PLANE ( 'NONE',  #1313 ) ;
#3841 = EDGE_LOOP ( 'NONE', ( #3423, #2431, #3399, #1576 ) ) ;
#3842 = ORIENTED_EDGE ( 'NONE', *, *, #4401, .F. ) ;
#3843 = CARTESIAN_POINT ( 'NONE',  ( -0.8051473577699924666, 0.000000000000000000, -1.830775172509304438 ) ) ;
#3844 = LINE ( 'NONE', #2863, #2434 ) ;
#3845 = LINE ( 'NONE', #3611, #1279 ) ;
#3846 = ORIENTED_EDGE ( 'NONE', *, *, #432, .T. ) ;
#3847 = CARTESIAN_POINT ( 'NONE',  ( 1.746624304974999875, 3.299999999999999378, -0.5675126386054000216 ) ) ;
#3848 = DIRECTION ( 'NONE',  ( 8.881784197001252323E-16, 0.000000000000000000, -1.000000000000000000 ) ) ;
#3849 = ORIENTED_EDGE ( 'NONE', *, *, #3349, .T. ) ;
#3850 = VERTEX_POINT ( 'NONE', #3490 ) ;
#3851 = EDGE_LOOP ( 'NONE', ( #4151, #234, #4143, #3216 ) ) ;
#3852 = LINE ( 'NONE', #327, #208 ) ;
#3853 = PLANE ( 'NONE',  #809 ) ;
#3854 = CYLINDRICAL_SURFACE ( 'NONE', #3148, 1.250000000000000000 ) ;
#3855 = LINE ( 'NONE', #4221, #1781 ) ;
#3856 = DIRECTION ( 'NONE',  ( 0.000000000000000000, -1.000000000000000000, 0.000000000000000000 ) ) ;
#3857 = ORIENTED_EDGE ( 'NONE', *, *, #4362, .T. ) ;
#3858 = PLANE ( 'NONE',  #1578 ) ;
#3859 = DIRECTION ( 'NONE',  ( 0.9996573249755582591, 0.000000000000000000, 0.02617694830783610926 ) ) ;
#3860 = EDGE_CURVE ( 'NONE', #2882, #1519, #3781, .T. ) ;
#3861 = LINE ( 'NONE', #1006, #781 ) ;
#3862 = EDGE_CURVE ( 'NONE', #711, #3015, #1381, .T. ) ;
#3863 = AXIS2_PLACEMENT_3D ( 'NONE', #353, #3185, #4222 ) ;
#3864 = AXIS2_PLACEMENT_3D ( 'NONE', #2245, #221, #1497 ) ;
#3865 = ORIENTED_EDGE ( 'NONE', *, *, #1839, .F. ) ;
#3866 = COLOUR_RGB ( '',0.7921568627450980005, 0.8196078431372548767, 0.9333333333333333481 ) ;
#3867 = VECTOR ( 'NONE', #45, 1000.000000000000000 ) ;
#3868 = FACE_OUTER_BOUND ( 'NONE', #4052, .T. ) ;
#3869 = CARTESIAN_POINT ( 'NONE',  ( 1.727480542075999992, 0.000000000000000000, -1.007874484620000066 ) ) ;
#3870 = AXIS2_PLACEMENT_3D ( 'NONE', #110, #1777, #3489 ) ;
#3871 = EDGE_CURVE ( 'NONE', #1143, #2970, #1778, .T. ) ;
#3872 = VECTOR ( 'NONE', #85, 1000.000000000000114 ) ;
#3873 = CIRCLE ( 'NONE', #2367, 2.000000000000000000 ) ;
#3874 = LINE ( 'NONE', #2547, #4226 ) ;
#3875 = ORIENTED_EDGE ( 'NONE', *, *, #900, .T. ) ;
#3876 = DIRECTION ( 'NONE',  ( -0.000000000000000000, -1.000000000000000000, 0.000000000000000000 ) ) ;
#3877 = VECTOR ( 'NONE', #1168, 1000.000000000000114 ) ;
#3878 = DIRECTION ( 'NONE',  ( 0.5664062369253162199, 0.000000000000000000, 0.8241261886216834087 ) ) ;
#3879 = DIRECTION ( 'NONE',  ( -0.000000000000000000, -1.000000000000000000, -0.000000000000000000 ) ) ;
#3880 = CARTESIAN_POINT ( 'NONE',  ( -1.836509476617043335, 2.600000000000000533, 3.321272655047261706E-14 ) ) ;
#3881 = EDGE_LOOP ( 'NONE', ( #3739, #821, #2601, #1104 ) ) ;
#3882 = AXIS2_PLACEMENT_3D ( 'NONE', #3613, #3566, #1853 ) ;
#3883 = ORIENTED_EDGE ( 'NONE', *, *, #1676, .F. ) ;
#3884 = DIRECTION ( 'NONE',  ( -0.000000000000000000, 1.000000000000000000, -0.000000000000000000 ) ) ;
#3885 = FACE_OUTER_BOUND ( 'NONE', #1103, .T. ) ;
#3886 = CARTESIAN_POINT ( 'NONE',  ( 0.000000000000000000, 3.299999999999999822, 0.000000000000000000 ) ) ;
#3887 = ORIENTED_EDGE ( 'NONE', *, *, #620, .T. ) ;
#3888 = FACE_OUTER_BOUND ( 'NONE', #2142, .T. ) ;
#3889 = DIRECTION ( 'NONE',  ( 0.000000000000000000, -1.000000000000000000, 0.000000000000000000 ) ) ;
#3890 = ORIENTED_EDGE ( 'NONE', *, *, #1724, .F. ) ;
#3891 = PRODUCT_RELATED_PRODUCT_CATEGORY ( 'part', '', ( #1222 ) ) ;
#3892 = DIRECTION ( 'NONE',  ( 0.000000000000000000, -1.000000000000000000, 0.000000000000000000 ) ) ;
#3893 = DIRECTION ( 'NONE',  ( 0.9588197348681741783, 0.000000000000000000, 0.2840153447039865942 ) ) ;
#3894 = AXIS2_PLACEMENT_3D ( 'NONE', #1706, #2749, #3001 ) ;
#3895 = ORIENTED_EDGE ( 'NONE', *, *, #2630, .F. ) ;
#3896 = CYLINDRICAL_SURFACE ( 'NONE', #2068, 2.000000000000000000 ) ;
#3897 = ADVANCED_FACE ( 'NONE', ( #382 ), #1048, .T. ) ;
#3898 = EDGE_CURVE ( 'NONE', #1759, #4246, #3827, .T. ) ;
#3899 = CIRCLE ( 'NONE', #2979, 2.000000000000000000 ) ;
#3900 = CARTESIAN_POINT ( 'NONE',  ( 0.000000000000000000, 2.600000000000000533, 0.000000000000000000 ) ) ;
#3901 = CARTESIAN_POINT ( 'NONE',  ( -0.8051473577701805384, 3.300000000000000266, 1.830775172509028437 ) ) ;
#3902 = ORIENTED_EDGE ( 'NONE', *, *, #838, .F. ) ;
#3903 = ORIENTED_EDGE ( 'NONE', *, *, #2884, .F. ) ;
#3904 = ORIENTED_EDGE ( 'NONE', *, *, #3297, .T. ) ;
#3905 = CARTESIAN_POINT ( 'NONE',  ( 1.727480542076139436, 1.600000000000000089, 1.007874484619970534 ) ) ;
#3906 = LINE ( 'NONE', #823, #2389 ) ;
#3907 = PRODUCT_CONTEXT ( 'NONE', #2958, 'mechanical' ) ;
#3908 = DIRECTION ( 'NONE',  ( 0.8241261886216834087, 0.000000000000000000, -0.5664062369253162199 ) ) ;
#3909 = ORIENTED_EDGE ( 'NONE', *, *, #1283, .F. ) ;
#3910 = DIRECTION ( 'NONE',  ( 0.9996573249755582591, 0.000000000000000000, -0.02617694830783610926 ) ) ;
#3911 = CARTESIAN_POINT ( 'NONE',  ( 1.830775172509081949, 1.600000000000000089, 0.8051473577702040751 ) ) ;
#3912 = ORIENTED_EDGE ( 'NONE', *, *, #3297, .F. ) ;
#3913 = ORIENTED_EDGE ( 'NONE', *, *, #1000, .T. ) ;
#3914 = DIRECTION ( 'NONE',  ( 0.9588197348681741783, 0.000000000000000000, -0.2840153447039865942 ) ) ;
#3915 = FACE_OUTER_BOUND ( 'NONE', #2123, .T. ) ;
#3916 = ORIENTED_EDGE ( 'NONE', *, *, #3954, .T. ) ;
#3917 = PLANE ( 'NONE',  #488 ) ;
#3918 = LINE ( 'NONE', #3319, #990 ) ;
#3919 = ADVANCED_FACE ( 'NONE', ( #1076 ), #4103, .T. ) ;
#3920 = FACE_OUTER_BOUND ( 'NONE', #2869, .T. ) ;
#3921 = EDGE_CURVE ( 'NONE', #376, #1720, #2388, .T. ) ;
#3922 = FACE_OUTER_BOUND ( 'NONE', #2474, .T. ) ;
#3923 = CARTESIAN_POINT ( 'NONE',  ( 0.4247247512519999879, 3.299999999999999822, 1.954381970259000179 ) ) ;
#3924 = EDGE_LOOP ( 'NONE', ( #2680, #1963, #191, #3059 ) ) ;
#3925 = EDGE_LOOP ( 'NONE', ( #606, #1884, #2866, #3770 ) ) ;
#3926 = LINE ( 'NONE', #480, #639 ) ;
#3927 = CARTESIAN_POINT ( 'NONE',  ( -0.2000000000001879719, 0.8000000000000000444, -1.989974874213041645 ) ) ;
#3928 = LINE ( 'NONE', #1202, #560 ) ;
#3929 = VERTEX_POINT ( 'NONE', #1401 ) ;
#3930 = DIRECTION ( 'NONE',  ( -0.000000000000000000, 1.000000000000000000, -0.000000000000000000 ) ) ;
#3931 = DIRECTION ( 'NONE',  ( -0.3338068592325834083, 0.000000000000000000, 0.9426414910925988710 ) ) ;
#3932 = CARTESIAN_POINT ( 'NONE',  ( 0.000000000000000000, 0.000000000000000000, 0.000000000000000000 ) ) ;
#3933 = SHELL_BASED_SURFACE_MODEL ( 'NONE', ( #1663, #2515 ) );
#3934 = ORIENTED_EDGE ( 'NONE', *, *, #4420, .T. ) ;
#3935 = LINE ( 'NONE', #3315, #3737 ) ;
#3936 = AXIS2_PLACEMENT_3D ( 'NONE', #2669, #1586, #253 ) ;
#3937 = CARTESIAN_POINT ( 'NONE',  ( -1.007874484620000066, 0.000000000000000000, -1.727480542075999992 ) ) ;
#3938 = VECTOR ( 'NONE', #3099, 1000.000000000000114 ) ;
#3939 = ORIENTED_EDGE ( 'NONE', *, *, #3069, .T. ) ;
#3940 = CARTESIAN_POINT ( 'NONE',  ( -1.331481282370202024, 3.299999999999999822, -1.492366441159074686 ) ) ;
#3941 = VECTOR ( 'NONE', #2120, 1000.000000000000000 ) ;
#3942 = AXIS2_PLACEMENT_3D ( 'NONE', #2039, #4425, #2373 ) ;
#3943 = VECTOR ( 'NONE', #2673, 1000.000000000000000 ) ;
#3944 = CIRCLE ( 'NONE', #2876, 2.000000000000000000 ) ;
#3945 = DIRECTION ( 'NONE',  ( 0.000000000000000000, -1.000000000000000000, 0.000000000000000000 ) ) ;
#3946 = VECTOR ( 'NONE', #1467, 1000.000000000000000 ) ;
#3947 = AXIS2_PLACEMENT_3D ( 'NONE', #2273, #2615, #3645 ) ;
#3948 = DIRECTION ( 'NONE',  ( 0.5664062369253162199, 0.000000000000000000, -0.8241261886216834087 ) ) ;
#3949 = ORIENTED_EDGE ( 'NONE', *, *, #1418, .T. ) ;
#3950 = EDGE_CURVE ( 'NONE', #2111, #4202, #2796, .T. ) ;
#3951 = VECTOR ( 'NONE', #2809, 1000.000000000000114 ) ;
#3952 = ADVANCED_FACE ( 'NONE', ( #361 ), #1735, .F. ) ;
#3953 = ORIENTED_EDGE ( 'NONE', *, *, #2746, .F. ) ;
#3954 = EDGE_CURVE ( 'NONE', #2242, #3769, #4167, .T. ) ;
#3955 = CARTESIAN_POINT ( 'NONE',  ( -1.007874484620000066, 0.000000000000000000, -1.727480542075999992 ) ) ;
#3956 = CYLINDRICAL_SURFACE ( 'NONE', #378, 2.000000000000000000 ) ;
#3957 = DIRECTION ( 'NONE',  ( -0.3338068592337899987, 0.000000000000000000, 0.9426414910921715462 ) ) ;
#3958 = EDGE_CURVE ( 'NONE', #3557, #3157, #334, .T. ) ;
#3959 = EDGE_LOOP ( 'NONE', ( #450, #1492, #3094, #3610 ) ) ;
#3960 = ADVANCED_FACE ( 'NONE', ( #1712 ), #3108, .F. ) ;
#3961 = LINE ( 'NONE', #198, #2729 ) ;
#3962 = CARTESIAN_POINT ( 'NONE',  ( 0.5675126386054000216, 0.000000000000000000, -1.746624304975000097 ) ) ;
#3963 = VECTOR ( 'NONE', #3634, 1000.000000000000000 ) ;
#3964 = ORIENTED_EDGE ( 'NONE', *, *, #123, .F. ) ;
#3965 = VERTEX_POINT ( 'NONE', #986 ) ;
#3966 = CARTESIAN_POINT ( 'NONE',  ( 0.000000000000000000, 0.000000000000000000, 0.000000000000000000 ) ) ;
#3967 = CARTESIAN_POINT ( 'NONE',  ( -1.830775172509082172, 1.600000000000000089, -0.8051473577702036311 ) ) ;
#3968 = ORIENTED_EDGE ( 'NONE', *, *, #1831, .F. ) ;
#3969 = DIRECTION ( 'NONE',  ( 0.6087614290087246527, 0.000000000000000000, 0.7933533402912321675 ) ) ;
#3970 = FACE_OUTER_BOUND ( 'NONE', #2091, .T. ) ;
#3971 = FACE_BOUND ( 'NONE', #3506, .T. ) ;
#3972 = CARTESIAN_POINT ( 'NONE',  ( 0.000000000000000000, 3.299999999999999822, 0.000000000000000000 ) ) ;
#3973 = ORIENTED_EDGE ( 'NONE', *, *, #3862, .F. ) ;
#3974 = AXIS2_PLACEMENT_3D ( 'NONE', #3044, #4415, #1329 ) ;
#3975 = ORIENTED_EDGE ( 'NONE', *, *, #1225, .F. ) ;
#3976 = CARTESIAN_POINT ( 'NONE',  ( 1.485767376913997184, 0.8000000000000002665, 1.079473186051000289 ) ) ;
#3977 = DIRECTION ( 'NONE',  ( -0.8241261886216834087, 0.000000000000000000, -0.5664062369253162199 ) ) ;
#3978 = DIRECTION ( 'NONE',  ( 0.9588197348681741783, 0.000000000000000000, -0.2840153447039865942 ) ) ;
#3979 = EDGE_LOOP ( 'NONE', ( #2933, #4376, #2202, #2063 ) ) ;
#3980 = DIRECTION ( 'NONE',  ( 0.000000000000000000, -0.000000000000000000, -1.000000000000000000 ) ) ;
#3981 = DIRECTION ( 'NONE',  ( 0.9996573249755574819, 0.000000000000000000, -0.02617694830786888513 ) ) ;
#3982 = ADVANCED_FACE ( 'NONE', ( #1694, #3063 ), #4437, .F. ) ;
#3983 = EDGE_CURVE ( 'NONE', #2684, #120, #427, .T. ) ;
#3984 = ORIENTED_EDGE ( 'NONE', *, *, #2110, .F. ) ;
#3985 = ORIENTED_EDGE ( 'NONE', *, *, #3564, .F. ) ;
#3986 = DIRECTION ( 'NONE',  ( 0.000000000000000000, 1.000000000000000000, 0.000000000000000000 ) ) ;
#3987 = ORIENTED_EDGE ( 'NONE', *, *, #652, .T. ) ;
#3988 = CARTESIAN_POINT ( 'NONE',  ( 1.727480542076167858, 0.000000000000000000, 1.007874484620098432 ) ) ;
#3989 = CARTESIAN_POINT ( 'NONE',  ( 0.000000000000000000, 0.000000000000000000, 0.000000000000000000 ) ) ;
#3990 = DIRECTION ( 'NONE',  ( 0.000000000000000000, 1.000000000000000000, 0.000000000000000000 ) ) ;
#3991 = ORIENTED_EDGE ( 'NONE', *, *, #3237, .F. ) ;
#3992 = ORIENTED_EDGE ( 'NONE', *, *, #3705, .T. ) ;
#3993 = DIRECTION ( 'NONE',  ( -0.9588197348681997134, 0.000000000000000000, -0.2840153447038998857 ) ) ;
#3994 = ORIENTED_EDGE ( 'NONE', *, *, #3810, .F. ) ;
#3995 = CARTESIAN_POINT ( 'NONE',  ( -1.079473186051000289, 3.299999999999999822, -1.485767376914000071 ) ) ;
#3996 = CARTESIAN_POINT ( 'NONE',  ( 0.000000000000000000, 1.600000000000000089, 0.000000000000000000 ) ) ;
#3997 = SHAPE_DEFINITION_REPRESENTATION ( #2374, #2036 ) ;
#3998 = PLANE ( 'NONE',  #921 ) ;
#3999 = VERTEX_POINT ( 'NONE', #1510 ) ;
#4000 = CARTESIAN_POINT ( 'NONE',  ( -1.492366441159000079, 0.000000000000000000, -1.331481282369999963 ) ) ;
#4001 = CARTESIAN_POINT ( 'NONE',  ( 1.331481282370197583, 2.600000000000000533, 1.492366441159078905 ) ) ;
#4002 = ORIENTED_EDGE ( 'NONE', *, *, #4341, .T. ) ;
#4003 = EDGE_CURVE ( 'NONE', #4273, #376, #111, .T. ) ;
#4004 = ORIENTED_EDGE ( 'NONE', *, *, #1638, .T. ) ;
#4005 = EDGE_CURVE ( 'NONE', #3850, #3204, #3218, .T. ) ;
#4006 = LINE ( 'NONE', #2891, #3877 ) ;
#4007 = ADVANCED_FACE ( 'NONE', ( #1117 ), #2892, .F. ) ;
#4008 = VECTOR ( 'NONE', #1664, 1000.000000000000000 ) ;
#4009 = EDGE_LOOP ( 'NONE', ( #3476, #1099, #4297, #837 ) ) ;
#4010 = CARTESIAN_POINT ( 'NONE',  ( -1.989974874213106260, 2.600000000000000533, -0.2000000000001380118 ) ) ;
#4011 = AXIS2_PLACEMENT_3D ( 'NONE', #2443, #3528, #390 ) ;
#4012 = EDGE_CURVE ( 'NONE', #4455, #1016, #2075, .T. ) ;
#4013 = VECTOR ( 'NONE', #2140, 1000.000000000000000 ) ;
#4014 = DIRECTION ( 'NONE',  ( -0.02617694830783610926, 0.000000000000000000, -0.9996573249755582591 ) ) ;
#4015 = DIRECTION ( 'NONE',  ( 0.2840153447038998857, 0.000000000000000000, 0.9588197348681997134 ) ) ;
#4016 = AXIS2_PLACEMENT_3D ( 'NONE', #3358, #4394, #1688 ) ;
#4017 = AXIS2_PLACEMENT_3D ( 'NONE', #1851, #1174, #2191 ) ;
#4018 = ORIENTED_EDGE ( 'NONE', *, *, #1976, .F. ) ;
#4019 = EDGE_LOOP ( 'NONE', ( #398, #3698, #335, #1428 ) ) ;
#4020 = AXIS2_PLACEMENT_3D ( 'NONE', #3193, #4239, #1758 ) ;
#4021 = CARTESIAN_POINT ( 'NONE',  ( 0.000000000000000000, 0.000000000000000000, 1.836509476617000036 ) ) ;
#4022 = ORIENTED_EDGE ( 'NONE', *, *, #4446, .F. ) ;
#4023 = DIRECTION ( 'NONE',  ( 0.000000000000000000, 1.000000000000000000, 0.000000000000000000 ) ) ;
#4025 = CARTESIAN_POINT ( 'NONE',  ( 1.007874484620000066, 0.000000000000000000, 1.727480542075999992 ) ) ;
#4024 = AXIS2_PLACEMENT_3D ( 'NONE', #3937, #3609, #182 ) ;
#4026 = AXIS2_PLACEMENT_3D ( 'NONE', #2622, #2348, #3326 ) ;
#4027 = AXIS2_PLACEMENT_3D ( 'NONE', #3554, #1503, #3241 ) ;
#4028 = VECTOR ( 'NONE', #2564, 1000.000000000000000 ) ;
#4029 = CARTESIAN_POINT ( 'NONE',  ( -1.079473186051000289, 0.000000000000000000, 1.485767376914000071 ) ) ;
#4030 = ORIENTED_EDGE ( 'NONE', *, *, #3677, .F. ) ;
#4031 = DIRECTION ( 'NONE',  ( 0.000000000000000000, -1.000000000000000000, 0.000000000000000000 ) ) ;
#4032 = DIRECTION ( 'NONE',  ( -0.6087614290087246527, 0.000000000000000000, 0.7933533402912321675 ) ) ;
#4033 = VERTEX_POINT ( 'NONE', #2493 ) ;
#4034 = ORIENTED_EDGE ( 'NONE', *, *, #72, .T. ) ;
#4035 = VECTOR ( 'NONE', #4166, 1000.000000000000114 ) ;
#4036 = DIRECTION ( 'NONE',  ( -0.9588197348681741783, 0.000000000000000000, -0.2840153447039865942 ) ) ;
#4037 = EDGE_CURVE ( 'NONE', #3538, #2781, #1875, .T. ) ;
#4038 = EDGE_LOOP ( 'NONE', ( #3450, #1095, #4212, #2535 ) ) ;
#4039 = ADVANCED_FACE ( 'NONE', ( #4261 ), #2165, .F. ) ;
#4040 = CARTESIAN_POINT ( 'NONE',  ( 1.954381970259129853, 3.299999999999999822, 0.4247247512519635726 ) ) ;
#4041 = LINE ( 'NONE', #1312, #4096 ) ;
#4042 = EDGE_CURVE ( 'NONE', #3468, #3431, #2208, .T. ) ;
#4043 = FACE_OUTER_BOUND ( 'NONE', #2676, .T. ) ;
#4044 = ADVANCED_FACE ( 'NONE', ( #3915 ), #3270, .F. ) ;
#4045 = ORIENTED_EDGE ( 'NONE', *, *, #896, .T. ) ;
#4046 = ORIENTED_EDGE ( 'NONE', *, *, #2887, .F. ) ;
#4047 = CARTESIAN_POINT ( 'NONE',  ( -1.836509476617129932, 0.000000000000000000, 9.963817965141785749E-14 ) ) ;
#4048 = LINE ( 'NONE', #282, #1502 ) ;
#4049 = DIRECTION ( 'NONE',  ( 0.000000000000000000, 1.000000000000000000, 0.000000000000000000 ) ) ;
#4050 = AXIS2_PLACEMENT_3D ( 'NONE', #3694, #4434, #3400 ) ;
#4051 = FACE_OUTER_BOUND ( 'NONE', #406, .T. ) ;
#4052 = EDGE_LOOP ( 'NONE', ( #1267, #2698, #1219, #2836 ) ) ;
#4053 = PLANE ( 'NONE',  #1435 ) ;
#4054 = CYLINDRICAL_SURFACE ( 'NONE', #1814, 2.000000000000000000 ) ;
#4055 = AXIS2_PLACEMENT_3D ( 'NONE', #4363, #940, #1744 ) ;
#4056 = CARTESIAN_POINT ( 'NONE',  ( 1.485767376914000071, 2.600000000000000977, 1.079473186051000289 ) ) ;
#4057 = ORIENTED_EDGE ( 'NONE', *, *, #2253, .F. ) ;
#4058 = CARTESIAN_POINT ( 'NONE',  ( 1.007874484619970534, 0.8000000000000000444, -1.727480542076139436 ) ) ;
#4059 = ORIENTED_EDGE ( 'NONE', *, *, #2771, .T. ) ;
#4060 = LINE ( 'NONE', #965, #4443 ) ;
#4061 = DIRECTION ( 'NONE',  ( -1.598721155460225734E-14, 0.000000000000000000, -1.000000000000000000 ) ) ;
#4062 = CYLINDRICAL_SURFACE ( 'NONE', #3936, 2.000000000000000000 ) ;
#4063 = ORIENTED_EDGE ( 'NONE', *, *, #537, .T. ) ;
#4064 = ORIENTED_EDGE ( 'NONE', *, *, #4231, .F. ) ;
#4065 = EDGE_CURVE ( 'NONE', #3431, #1587, #3249, .T. ) ;
#4066 = LINE ( 'NONE', #3721, #2949 ) ;
#4067 = DIRECTION ( 'NONE',  ( 0.000000000000000000, -1.000000000000000000, 0.000000000000000000 ) ) ;
#4068 = EDGE_CURVE ( 'NONE', #3256, #3189, #163, .T. ) ;
#4069 = EDGE_CURVE ( 'NONE', #4353, #1662, #500, .T. ) ;
#4070 = DIRECTION ( 'NONE',  ( -0.9996573249755582591, 0.000000000000000000, 0.02617694830783610926 ) ) ;
#4071 = ORIENTED_EDGE ( 'NONE', *, *, #3562, .T. ) ;
#4072 = CARTESIAN_POINT ( 'NONE',  ( 1.079473186051000289, 3.299999999999999822, 1.485767376914000071 ) ) ;
#4073 = DIRECTION ( 'NONE',  ( 0.8241261886220260235, 0.000000000000000000, -0.5664062369248178408 ) ) ;
#4074 = PLANE ( 'NONE',  #2722 ) ;
#4075 = ORIENTED_EDGE ( 'NONE', *, *, #812, .T. ) ;
#4076 = CYLINDRICAL_SURFACE ( 'NONE', #3894, 2.000000000000000000 ) ;
#4077 = EDGE_LOOP ( 'NONE', ( #659, #2184, #1037, #768 ) ) ;
#4078 = CARTESIAN_POINT ( 'NONE',  ( 1.007874484619959876, 3.299999999999999822, 1.727480542076136105 ) ) ;
#4079 = CARTESIAN_POINT ( 'NONE',  ( 1.485767376914000071, 0.000000000000000000, 1.079473186051000289 ) ) ;
#4080 = EDGE_LOOP ( 'NONE', ( #4217, #3656, #3842, #4030 ) ) ;
#4081 = VERTEX_POINT ( 'NONE', #2471 ) ;
#4082 = DIRECTION ( 'NONE',  ( 0.000000000000000000, -1.000000000000000000, 0.000000000000000000 ) ) ;
#4083 = DIRECTION ( 'NONE',  ( 0.000000000000000000, 0.000000000000000000, -1.000000000000000000 ) ) ;
#4084 = DIRECTION ( 'NONE',  ( 0.9996573249755574819, 0.000000000000000000, 0.02617694830786888513 ) ) ;
#4085 = CIRCLE ( 'NONE', #1640, 2.000000000000000000 ) ;
#4086 = VECTOR ( 'NONE', #1476, 1000.000000000000000 ) ;
#4087 = EDGE_CURVE ( 'NONE', #499, #1263, #3844, .T. ) ;
#4088 = EDGE_CURVE ( 'NONE', #1034, #402, #1804, .T. ) ;
#4089 = AXIS2_PLACEMENT_3D ( 'NONE', #576, #2989, #3993 ) ;
#4090 = CARTESIAN_POINT ( 'NONE',  ( -0.2000000000000251299, 0.000000000000000000, -1.989974874213237710 ) ) ;
#4091 = ORIENTED_EDGE ( 'NONE', *, *, #3296, .F. ) ;
#4092 = CARTESIAN_POINT ( 'NONE',  ( -1.989974874213225053, 1.600000000000000089, -0.2000000000001502520 ) ) ;
#4093 = CARTESIAN_POINT ( 'NONE',  ( 0.000000000000000000, 0.000000000000000000, 0.000000000000000000 ) ) ;
#4094 = VECTOR ( 'NONE', #1460, 1000.000000000000000 ) ;
#4095 = DIRECTION ( 'NONE',  ( 0.000000000000000000, -1.000000000000000000, 0.000000000000000000 ) ) ;
#4096 = VECTOR ( 'NONE', #2687, 1000.000000000000114 ) ;
#4097 = EDGE_CURVE ( 'NONE', #2889, #3850, #3026, .T. ) ;
#4098 = CIRCLE ( 'NONE', #4311, 2.000000000000000000 ) ;
#4099 = ORIENTED_EDGE ( 'NONE', *, *, #1233, .F. ) ;
#4100 = DIRECTION ( 'NONE',  ( -0.000000000000000000, 1.000000000000000000, -0.000000000000000000 ) ) ;
#4101 = ORIENTED_EDGE ( 'NONE', *, *, #3212, .T. ) ;
#4102 = DIRECTION ( 'NONE',  ( 0.000000000000000000, -1.000000000000000000, -0.000000000000000000 ) ) ;
#4103 = CYLINDRICAL_SURFACE ( 'NONE', #2732, 2.000000000000000000 ) ;
#4104 = ORIENTED_EDGE ( 'NONE', *, *, #3122, .T. ) ;
#4105 = LINE ( 'NONE', #3145, #1715 ) ;
#4106 = CARTESIAN_POINT ( 'NONE',  ( 1.727480542076136105, 2.600000000000000533, -1.007874484619960098 ) ) ;
#4107 = ORIENTED_EDGE ( 'NONE', *, *, #3486, .F. ) ;
#4108 = ORIENTED_EDGE ( 'NONE', *, *, #3237, .T. ) ;
#4109 = LINE ( 'NONE', #973, #2065 ) ;
#4110 = VERTEX_POINT ( 'NONE', #4235 ) ;
#4111 = FACE_OUTER_BOUND ( 'NONE', #2596, .T. ) ;
#4112 = DIRECTION ( 'NONE',  ( 0.000000000000000000, 0.000000000000000000, -1.000000000000000000 ) ) ;
#4113 = LINE ( 'NONE', #4056, #203 ) ;
#4114 = AXIS2_PLACEMENT_3D ( 'NONE', #246, #625, #2316 ) ;
#4115 = CARTESIAN_POINT ( 'NONE',  ( 1.746624304975000097, 0.000000000000000000, -0.5675126386054000216 ) ) ;
#4116 = ORIENTED_EDGE ( 'NONE', *, *, #1889, .T. ) ;
#4117 = CARTESIAN_POINT ( 'NONE',  ( 0.000000000000000000, 2.600000000000000533, 0.000000000000000000 ) ) ;
#4118 = AXIS2_PLACEMENT_3D ( 'NONE', #4093, #1326, #1618 ) ;
#4119 = EDGE_CURVE ( 'NONE', #2759, #2702, #1145, .T. ) ;
#4120 = LINE ( 'NONE', #2004, #1820 ) ;
#4121 = ADVANCED_FACE ( 'NONE', ( #2186 ), #3559, .F. ) ;
#4122 = ORIENTED_EDGE ( 'NONE', *, *, #301, .T. ) ;
#4123 = CARTESIAN_POINT ( 'NONE',  ( -1.079473186050978306, 0.000000000000000000, -1.485767376913993632 ) ) ;
#4124 = DIRECTION ( 'NONE',  ( 0.000000000000000000, -1.000000000000000000, 0.000000000000000000 ) ) ;
#4125 = ORIENTED_EDGE ( 'NONE', *, *, #2665, .T. ) ;
#4126 = CARTESIAN_POINT ( 'NONE',  ( -0.5675126386054000216, 3.299999999999999822, 1.746624304975000097 ) ) ;
#4127 = VERTEX_POINT ( 'NONE', #1001 ) ;
#4128 = ORIENTED_EDGE ( 'NONE', *, *, #1146, .F. ) ;
#4129 = DIRECTION ( 'NONE',  ( 0.000000000000000000, 0.000000000000000000, -1.000000000000000000 ) ) ;
#4130 = VERTEX_POINT ( 'NONE', #3967 ) ;
#4131 = CARTESIAN_POINT ( 'NONE',  ( 1.830775172509000015, 1.600000000000000089, -0.8051473577701000472 ) ) ;
#4132 = DIRECTION ( 'NONE',  ( 0.000000000000000000, -1.000000000000000000, 0.000000000000000000 ) ) ;
#4133 = FACE_OUTER_BOUND ( 'NONE', #2993, .T. ) ;
#4134 = ORIENTED_EDGE ( 'NONE', *, *, #4442, .F. ) ;
#4135 = DIRECTION ( 'NONE',  ( 0.000000000000000000, 0.000000000000000000, -1.000000000000000000 ) ) ;
#4136 = CARTESIAN_POINT ( 'NONE',  ( 0.000000000000000000, 0.8000000000000000444, 0.000000000000000000 ) ) ;
#4137 = ADVANCED_FACE ( 'NONE', ( #2024 ), #1704, .F. ) ;
#4138 = VERTEX_POINT ( 'NONE', #2398 ) ;
#4139 = CARTESIAN_POINT ( 'NONE',  ( 1.007874484620000066, 0.000000000000000000, 1.727480542075999992 ) ) ;
#4140 = EDGE_CURVE ( 'NONE', #2136, #2983, #3398, .T. ) ;
#4141 = ADVANCED_FACE ( 'NONE', ( #2256 ), #1997, .T. ) ;
#4142 = DIRECTION ( 'NONE',  ( -0.9426414910921716572, 0.000000000000000000, 0.3338068592337900542 ) ) ;
#4143 = ORIENTED_EDGE ( 'NONE', *, *, #4280, .T. ) ;
#4144 = EDGE_CURVE ( 'NONE', #180, #4369, #542, .T. ) ;
#4145 = EDGE_CURVE ( 'NONE', #120, #3431, #1054, .T. ) ;
#4146 = CARTESIAN_POINT ( 'NONE',  ( 0.5675126386054000216, 0.000000000000000000, 1.746624304975000097 ) ) ;
#4147 = DIRECTION ( 'NONE',  ( -0.7933533402908369281, 0.000000000000000000, 0.6087614290092395741 ) ) ;
#4148 = ORIENTED_EDGE ( 'NONE', *, *, #209, .T. ) ;
#4149 = VERTEX_POINT ( 'NONE', #329 ) ;
#4150 = DIRECTION ( 'NONE',  ( 0.000000000000000000, 0.000000000000000000, -1.000000000000000000 ) ) ;
#4151 = ORIENTED_EDGE ( 'NONE', *, *, #2409, .F. ) ;
#4152 = CARTESIAN_POINT ( 'NONE',  ( 9.963817965141785749E-14, 0.000000000000000000, 1.836509476617129932 ) ) ;
#4153 = VECTOR ( 'NONE', #1910, 1000.000000000000114 ) ;
#4154 = LINE ( 'NONE', #3115, #236 ) ;
#4155 = CARTESIAN_POINT ( 'NONE',  ( -1.492366441159075130, 0.8000000000000000444, -1.331481282370201802 ) ) ;
#4156 = DIRECTION ( 'NONE',  ( 0.5664062369253162199, 0.000000000000000000, -0.8241261886216834087 ) ) ;
#4157 = AXIS2_PLACEMENT_3D ( 'NONE', #433, #403, #3519 ) ;
#4158 = VECTOR ( 'NONE', #2758, 1000.000000000000114 ) ;
#4159 = EDGE_LOOP ( 'NONE', ( #223, #38, #1008, #305 ) ) ;
#4160 = AXIS2_PLACEMENT_3D ( 'NONE', #2819, #4186, #4083 ) ;
#4161 = FACE_OUTER_BOUND ( 'NONE', #2899, .T. ) ;
#4162 = DIRECTION ( 'NONE',  ( 0.000000000000000000, -1.000000000000000000, 0.000000000000000000 ) ) ;
#4163 = VECTOR ( 'NONE', #2137, 1000.000000000000000 ) ;
#4164 = AXIS2_PLACEMENT_3D ( 'NONE', #4361, #2994, #3039 ) ;
#4165 = EDGE_LOOP ( 'NONE', ( #1741, #87, #1334, #1750 ) ) ;
#4166 = DIRECTION ( 'NONE',  ( -0.2840153447039865942, 0.000000000000000000, 0.9588197348681741783 ) ) ;
#4167 = LINE ( 'NONE', #3146, #3664 ) ;
#4168 = VERTEX_POINT ( 'NONE', #684 ) ;
#4169 = DIRECTION ( 'NONE',  ( 0.6087614290087246527, 0.000000000000000000, -0.7933533402912321675 ) ) ;
#4170 = EDGE_CURVE ( 'NONE', #3151, #2539, #773, .T. ) ;
#4171 = AXIS2_PLACEMENT_3D ( 'NONE', #3972, #3230, #169 ) ;
#4172 = LINE ( 'NONE', #3155, #2221 ) ;
#4173 = EDGE_CURVE ( 'NONE', #2353, #4336, #4113, .T. ) ;
#4174 = EDGE_LOOP ( 'NONE', ( #1931, #1115, #2730, #3053 ) ) ;
#4175 = EDGE_LOOP ( 'NONE', ( #1708, #1868, #2308, #1821 ) ) ;
#4176 = ORIENTED_EDGE ( 'NONE', *, *, #4012, .F. ) ;
#4177 = CARTESIAN_POINT ( 'NONE',  ( -1.727480542075999992, 0.000000000000000000, 1.007874484620000066 ) ) ;
#4178 = CARTESIAN_POINT ( 'NONE',  ( 1.954381970259116308, 0.000000000000000000, 0.4247247512520251900 ) ) ;
#4179 = LINE ( 'NONE', #752, #3724 ) ;
#4180 = CARTESIAN_POINT ( 'NONE',  ( 0.000000000000000000, 0.8000000000000000444, 0.000000000000000000 ) ) ;
#4181 = ORIENTED_EDGE ( 'NONE', *, *, #4042, .F. ) ;
#4182 = CARTESIAN_POINT ( 'NONE',  ( -0.8051473577702039641, 3.299999999999999822, -1.830775172509081949 ) ) ;
#4183 = DIRECTION ( 'NONE',  ( -1.065814103640150279E-14, 0.000000000000000000, -1.000000000000000000 ) ) ;
#4184 = ORIENTED_EDGE ( 'NONE', *, *, #652, .F. ) ;
#4185 = VECTOR ( 'NONE', #3889, 1000.000000000000000 ) ;
#4186 = DIRECTION ( 'NONE',  ( 0.000000000000000000, -1.000000000000000000, 0.000000000000000000 ) ) ;
#4187 = DIRECTION ( 'NONE',  ( 0.000000000000000000, -1.000000000000000000, 0.000000000000000000 ) ) ;
#4188 = CARTESIAN_POINT ( 'NONE',  ( -0.2000000000002694067, 2.600000000000000533, -1.989974874213212841 ) ) ;
#4189 = DIRECTION ( 'NONE',  ( 0.000000000000000000, -1.000000000000000000, 0.000000000000000000 ) ) ;
#4190 = ORIENTED_EDGE ( 'NONE', *, *, #1900, .F. ) ;
#4191 = LINE ( 'NONE', #1403, #850 ) ;
#4192 = ORIENTED_EDGE ( 'NONE', *, *, #1614, .T. ) ;
#4193 = VERTEX_POINT ( 'NONE', #961 ) ;
#4194 = ADVANCED_FACE ( 'NONE', ( #880 ), #3436, .F. ) ;
#4195 = EDGE_CURVE ( 'NONE', #716, #2920, #2062, .T. ) ;
#4196 = ORIENTED_EDGE ( 'NONE', *, *, #4173, .T. ) ;
#4197 = ADVANCED_FACE ( 'NONE', ( #2932 ), #1347, .T. ) ;
#4198 = CYLINDRICAL_SURFACE ( 'NONE', #3024, 2.000000000000000000 ) ;
#4199 = CARTESIAN_POINT ( 'NONE',  ( 1.492366441159004076, 3.299999999999999822, 1.331481282370138741 ) ) ;
#4200 = CARTESIAN_POINT ( 'NONE',  ( -1.746624304974711661, 2.600000000000000533, -0.5675126386055306948 ) ) ;
#4201 = LINE ( 'NONE', #2485, #635 ) ;
#4202 = VERTEX_POINT ( 'NONE', #2701 ) ;
#4203 = ADVANCED_FACE ( 'NONE', ( #3041 ), #4074, .F. ) ;
#4204 = CARTESIAN_POINT ( 'NONE',  ( 0.000000000000000000, 2.600000000000000533, -1.750000000000000000 ) ) ;
#4205 = CARTESIAN_POINT ( 'NONE',  ( -0.4247247512519999879, 0.000000000000000000, -1.954381970259000179 ) ) ;
#4206 = VERTEX_POINT ( 'NONE', #1307 ) ;
#4207 = CARTESIAN_POINT ( 'NONE',  ( 0.000000000000000000, 3.299999999999999822, 0.000000000000000000 ) ) ;
#4208 = LINE ( 'NONE', #2372, #645 ) ;
#4209 = DIRECTION ( 'NONE',  ( 0.000000000000000000, 0.000000000000000000, 1.000000000000000000 ) ) ;
#4210 = LINE ( 'NONE', #740, #3306 ) ;
#4211 = DIRECTION ( 'NONE',  ( -8.881784197001252323E-15, 0.000000000000000000, -1.000000000000000000 ) ) ;
#4212 = ORIENTED_EDGE ( 'NONE', *, *, #3069, .F. ) ;
#4213 = DIRECTION ( 'NONE',  ( -0.000000000000000000, 1.000000000000000000, 0.000000000000000000 ) ) ;
#4214 = LINE ( 'NONE', #2171, #632 ) ;
#4215 = CARTESIAN_POINT ( 'NONE',  ( -1.492366441159004076, 3.299999999999999822, -1.331481282370138741 ) ) ;
#4216 = ORIENTED_EDGE ( 'NONE', *, *, #3731, .F. ) ;
#4217 = ORIENTED_EDGE ( 'NONE', *, *, #4195, .F. ) ;
#4218 = CARTESIAN_POINT ( 'NONE',  ( 0.000000000000000000, 3.299999999999999822, 0.000000000000000000 ) ) ;
#4219 = LINE ( 'NONE', #1567, #1575 ) ;
#4220 = EDGE_CURVE ( 'NONE', #7, #3373, #2338, .T. ) ;
#4221 = CARTESIAN_POINT ( 'NONE',  ( 1.079473186051000289, 0.8000000000000000444, 1.485767376914000071 ) ) ;
#4222 = DIRECTION ( 'NONE',  ( 0.000000000000000000, 0.000000000000000000, -1.000000000000000000 ) ) ;
#4223 = EDGE_CURVE ( 'NONE', #460, #7, #3415, .T. ) ;
#4224 = ORIENTED_EDGE ( 'NONE', *, *, #1533, .F. ) ;
#4225 = LINE ( 'NONE', #2513, #2079 ) ;
#4226 = VECTOR ( 'NONE', #472, 1000.000000000000114 ) ;
#4227 = LINE ( 'NONE', #1413, #2034 ) ;
#4228 = SURFACE_SIDE_STYLE ('',( #1772 ) ) ;
#4229 = AXIS2_PLACEMENT_3D ( 'NONE', #1811, #1881, #2846 ) ;
#4230 = ADVANCED_FACE ( 'NONE', ( #650 ), #4452, .F. ) ;
#4231 = EDGE_CURVE ( 'NONE', #628, #988, #3480, .T. ) ;
#4232 = VERTEX_POINT ( 'NONE', #3499 ) ;
#4233 = VECTOR ( 'NONE', #2331, 1000.000000000000000 ) ;
#4234 = LINE ( 'NONE', #810, #2583 ) ;
#4235 = CARTESIAN_POINT ( 'NONE',  ( -1.954381970259129853, 3.299999999999999822, -0.4247247512519630175 ) ) ;
#4236 = AXIS2_PLACEMENT_3D ( 'NONE', #1793, #1105, #2481 ) ;
#4237 = VECTOR ( 'NONE', #4305, 1000.000000000000114 ) ;
#4238 = VERTEX_POINT ( 'NONE', #2106 ) ;
#4239 = DIRECTION ( 'NONE',  ( 0.02617694830786888513, 0.000000000000000000, 0.9996573249755574819 ) ) ;
#4240 = AXIS2_PLACEMENT_3D ( 'NONE', #1120, #3945, #524 ) ;
#4241 = DIRECTION ( 'NONE',  ( 0.9588197348681741783, 0.000000000000000000, 0.2840153447039865942 ) ) ;
#4242 = ORIENTED_EDGE ( 'NONE', *, *, #2775, .F. ) ;
#4243 = FACE_OUTER_BOUND ( 'NONE', #1967, .T. ) ;
#4244 = CARTESIAN_POINT ( 'NONE',  ( -0.5675126386054359928, 2.600000000000000533, 1.746624304974898845 ) ) ;
#4245 = CARTESIAN_POINT ( 'NONE',  ( -1.830775172509000015, 0.000000000000000000, -0.8051473577701000472 ) ) ;
#4246 = VERTEX_POINT ( 'NONE', #2786 ) ;
#4247 = AXIS2_PLACEMENT_3D ( 'NONE', #3780, #1047, #1734 ) ;
#4248 = ORIENTED_EDGE ( 'NONE', *, *, #1314, .T. ) ;
#4249 = DIRECTION ( 'NONE',  ( -0.000000000000000000, 1.000000000000000000, -0.000000000000000000 ) ) ;
#4250 = DIRECTION ( 'NONE',  ( 0.000000000000000000, -1.000000000000000000, 0.000000000000000000 ) ) ;
#4251 = DIRECTION ( 'NONE',  ( -0.9588197348681998244, 0.000000000000000000, 0.2840153447038999412 ) ) ;
#4252 = ORIENTED_EDGE ( 'NONE', *, *, #3357, .T. ) ;
#4253 = CARTESIAN_POINT ( 'NONE',  ( 0.5675126386054359928, 2.600000000000000533, -1.746624304974898845 ) ) ;
#4254 = CARTESIAN_POINT ( 'NONE',  ( 0.000000000000000000, 0.000000000000000000, 0.000000000000000000 ) ) ;
#4255 = ORIENTED_EDGE ( 'NONE', *, *, #814, .T. ) ;
#4256 = ADVANCED_FACE ( 'NONE', ( #4133 ), #1727, .T. ) ;
#4257 = ORIENTED_EDGE ( 'NONE', *, *, #1900, .T. ) ;
#4258 = EDGE_CURVE ( 'NONE', #711, #119, #3295, .T. ) ;
#4259 = DIRECTION ( 'NONE',  ( -3.375077994860475883E-14, 0.000000000000000000, -1.000000000000000000 ) ) ;
#4260 = EDGE_CURVE ( 'NONE', #2616, #2840, #3794, .T. ) ;
#4261 = FACE_OUTER_BOUND ( 'NONE', #78, .T. ) ;
#4262 = AXIS2_PLACEMENT_3D ( 'NONE', #3962, #1871, #1844 ) ;
#4263 = ORIENTED_EDGE ( 'NONE', *, *, #2301, .F. ) ;
#4264 = FACE_OUTER_BOUND ( 'NONE', #1627, .T. ) ;
#4265 = DIRECTION ( 'NONE',  ( 0.000000000000000000, 0.000000000000000000, -1.000000000000000000 ) ) ;
#4266 = LINE ( 'NONE', #1832, #3014 ) ;
#4267 = CARTESIAN_POINT ( 'NONE',  ( 0.000000000000000000, 1.600000000000000089, 0.000000000000000000 ) ) ;
#4268 = VERTEX_POINT ( 'NONE', #2811 ) ;
#4269 = ORIENTED_EDGE ( 'NONE', *, *, #3735, .F. ) ;
#4270 = DIRECTION ( 'NONE',  ( 0.000000000000000000, 1.000000000000000000, 0.000000000000000000 ) ) ;
#4271 = CARTESIAN_POINT ( 'NONE',  ( 0.000000000000000000, 0.000000000000000000, -1.550000000008822099 ) ) ;
#4272 = DIRECTION ( 'NONE',  ( -0.000000000000000000, 1.000000000000000000, -0.000000000000000000 ) ) ;
#4273 = VERTEX_POINT ( 'NONE', #2127 ) ;
#4274 = CARTESIAN_POINT ( 'NONE',  ( -1.007874484620098210, 0.000000000000000000, -1.727480542076168080 ) ) ;
#4275 = CARTESIAN_POINT ( 'NONE',  ( 0.8051473577701000472, 0.8000000000000000444, 1.830775172509000015 ) ) ;
#4276 = CYLINDRICAL_SURFACE ( 'NONE', #2362, 2.000000000000000000 ) ;
#4277 = VERTEX_POINT ( 'NONE', #104 ) ;
#4278 = CARTESIAN_POINT ( 'NONE',  ( -1.079473186051000289, 0.000000000000000000, -1.485767376914000071 ) ) ;
#4279 = CARTESIAN_POINT ( 'NONE',  ( 1.727480542075999992, 0.000000000000000000, -1.007874484620000066 ) ) ;
#4280 = EDGE_CURVE ( 'NONE', #3553, #1812, #1040, .T. ) ;
#4281 = ORIENTED_EDGE ( 'NONE', *, *, #2461, .F. ) ;
#4282 = EDGE_CURVE ( 'NONE', #1606, #2328, #1797, .T. ) ;
#4283 = EDGE_CURVE ( 'NONE', #554, #1092, #4179, .T. ) ;
#4284 = LINE ( 'NONE', #92, #4013 ) ;
#4285 = CARTESIAN_POINT ( 'NONE',  ( 0.2000000000001879719, 1.600000000000000089, 1.989974874213041645 ) ) ;
#4286 = LINE ( 'NONE', #3590, #2212 ) ;
#4287 = EDGE_CURVE ( 'NONE', #2403, #1549, #1818, .T. ) ;
#4288 = ADVANCED_FACE ( 'NONE', ( #708 ), #3161, .F. ) ;
#4289 = DIRECTION ( 'NONE',  ( -0.000000000000000000, 1.000000000000000000, -0.000000000000000000 ) ) ;
#4290 = VERTEX_POINT ( 'NONE', #4200 ) ;
#4291 = VERTEX_POINT ( 'NONE', #1089 ) ;
#4292 = CARTESIAN_POINT ( 'NONE',  ( 0.2000000000000000111, 0.000000000000000000, -1.989974874212999900 ) ) ;
#4293 = DIRECTION ( 'NONE',  ( -0.7933533402912321675, 0.000000000000000000, 0.6087614290087246527 ) ) ;
#4294 = CARTESIAN_POINT ( 'NONE',  ( -1.007874484620008726, 0.8000000000000000444, -1.727480542076220260 ) ) ;
#4295 = DIRECTION ( 'NONE',  ( 0.2840153447038998857, 0.000000000000000000, 0.9588197348681997134 ) ) ;
#4296 = LINE ( 'NONE', #1205, #4153 ) ;
#4297 = ORIENTED_EDGE ( 'NONE', *, *, #3401, .F. ) ;
#4298 = DIRECTION ( 'NONE',  ( -0.5664062369253162199, 0.000000000000000000, -0.8241261886216834087 ) ) ;
#4299 = LINE ( 'NONE', #1208, #1091 ) ;
#4300 = ORIENTED_EDGE ( 'NONE', *, *, #2132, .F. ) ;
#4301 = DIRECTION ( 'NONE',  ( 0.000000000000000000, 1.000000000000000000, -0.000000000000000000 ) ) ;
#4302 = VECTOR ( 'NONE', #1440, 1000.000000000000114 ) ;
#4303 = DIRECTION ( 'NONE',  ( 0.02617694830783610926, 0.000000000000000000, 0.9996573249755582591 ) ) ;
#4304 = ORIENTED_EDGE ( 'NONE', *, *, #2350, .T. ) ;
#4305 = DIRECTION ( 'NONE',  ( 0.9996573249755573709, 0.000000000000000000, 0.02617694830786888166 ) ) ;
#4306 = LINE ( 'NONE', #883, #4368 ) ;
#4307 = VECTOR ( 'NONE', #617, 1000.000000000000000 ) ;
#4308 = VECTOR ( 'NONE', #1770, 1000.000000000000000 ) ;
#4309 = DIRECTION ( 'NONE',  ( -0.5664062369248178408, 0.000000000000000000, -0.8241261886220260235 ) ) ;
#4310 = VECTOR ( 'NONE', #24, 1000.000000000000114 ) ;
#4311 = AXIS2_PLACEMENT_3D ( 'NONE', #1600, #920, #4259 ) ;
#4312 = FACE_OUTER_BOUND ( 'NONE', #2114, .T. ) ;
#4313 = VERTEX_POINT ( 'NONE', #2089 ) ;
#4314 = VECTOR ( 'NONE', #1979, 1000.000000000000114 ) ;
#4315 = EDGE_CURVE ( 'NONE', #1543, #1092, #1392, .T. ) ;
#4316 = VECTOR ( 'NONE', #3665, 1000.000000000000000 ) ;
#4317 = ORIENTED_EDGE ( 'NONE', *, *, #1340, .T. ) ;
#4318 = DIRECTION ( 'NONE',  ( 0.000000000000000000, -1.000000000000000000, 0.000000000000000000 ) ) ;
#4319 = CARTESIAN_POINT ( 'NONE',  ( -1.492366441159008295, 0.000000000000000000, 1.331481282369999741 ) ) ;
#4320 = EDGE_CURVE ( 'NONE', #1606, #2360, #3135, .T. ) ;
#4321 = DIRECTION ( 'NONE',  ( -0.6087614290087246527, 0.000000000000000000, 0.7933533402912321675 ) ) ;
#4322 = ORIENTED_EDGE ( 'NONE', *, *, #1998, .F. ) ;
#4323 = CARTESIAN_POINT ( 'NONE',  ( 0.000000000000000000, 1.600000000000000089, 0.000000000000000000 ) ) ;
#4324 = DIRECTION ( 'NONE',  ( -0.9426414910925988710, 0.000000000000000000, -0.3338068592325834083 ) ) ;
#4325 = VERTEX_POINT ( 'NONE', #53 ) ;
#4326 = CARTESIAN_POINT ( 'NONE',  ( 1.492366441159078683, 2.600000000000000533, -1.331481282370197805 ) ) ;
#4327 = CARTESIAN_POINT ( 'NONE',  ( -1.331481282369999963, 0.000000000000000000, 1.492366441159000079 ) ) ;
#4328 = ORIENTED_EDGE ( 'NONE', *, *, #1531, .F. ) ;
#4329 = CARTESIAN_POINT ( 'NONE',  ( 1.836970198721029934E-16, 0.000000000000000000, 1.500000000000000000 ) ) ;
#4330 = LINE ( 'NONE', #1246, #212 ) ;
#4331 = VECTOR ( 'NONE', #3355, 1000.000000000000000 ) ;
#4332 = CYLINDRICAL_SURFACE ( 'NONE', #3437, 1.500000000000000000 ) ;
#4333 = ORIENTED_EDGE ( 'NONE', *, *, #3782, .F. ) ;
#4334 = EDGE_LOOP ( 'NONE', ( #2658, #1308, #1985, #2844 ) ) ;
#4335 = VECTOR ( 'NONE', #3414, 1000.000000000000114 ) ;
#4336 = VERTEX_POINT ( 'NONE', #2484 ) ;
#4337 = CARTESIAN_POINT ( 'NONE',  ( -1.485767376913991855, 0.000000000000000000, -1.079473186051000511 ) ) ;
#4338 = LINE ( 'NONE', #4025, #3303 ) ;
#4339 = CARTESIAN_POINT ( 'NONE',  ( 0.000000000000000000, 0.000000000000000000, 0.000000000000000000 ) ) ;
#4340 = EDGE_CURVE ( 'NONE', #2642, #4416, #1128, .T. ) ;
#4341 = EDGE_CURVE ( 'NONE', #3999, #4127, #3855, .T. ) ;
#4342 = ADVANCED_FACE ( 'NONE', ( #803 ), #3835, .F. ) ;
#4343 = DIRECTION ( 'NONE',  ( -0.8241261886216834087, 0.000000000000000000, 0.5664062369253162199 ) ) ;
#4344 = EDGE_LOOP ( 'NONE', ( #668, #1178, #3132, #1328 ) ) ;
#4345 = CARTESIAN_POINT ( 'NONE',  ( 0.000000000000000000, 1.600000000000000089, 0.000000000000000000 ) ) ;
#4346 = FACE_OUTER_BOUND ( 'NONE', #3925, .T. ) ;
#4347 = ORIENTED_EDGE ( 'NONE', *, *, #3763, .T. ) ;
#4348 = CARTESIAN_POINT ( 'NONE',  ( 0.5675126386053581662, 2.600000000000000533, 1.746624304974971231 ) ) ;
#4349 = ORIENTED_EDGE ( 'NONE', *, *, #3239, .T. ) ;
#4350 = DIRECTION ( 'NONE',  ( 0.000000000000000000, 0.000000000000000000, -1.000000000000000000 ) ) ;
#4351 = LINE ( 'NONE', #4419, #702 ) ;
#4352 = DIRECTION ( 'NONE',  ( 0.000000000000000000, -1.000000000000000000, 0.000000000000000000 ) ) ;
#4353 = VERTEX_POINT ( 'NONE', #4155 ) ;
#4354 = ORIENTED_EDGE ( 'NONE', *, *, #396, .T. ) ;
#4355 = CARTESIAN_POINT ( 'NONE',  ( -1.727480542076220260, 0.8000000000000000444, 1.007874484620008726 ) ) ;
#4356 = ORIENTED_EDGE ( 'NONE', *, *, #3707, .F. ) ;
#4357 = LINE ( 'NONE', #4337, #3943 ) ;
#4358 = CARTESIAN_POINT ( 'NONE',  ( 1.331481282370138741, 2.600000000000000533, -1.492366441159003854 ) ) ;
#4359 = CARTESIAN_POINT ( 'NONE',  ( -1.746624304974898845, 0.8000000000000000444, -0.5675126386054359928 ) ) ;
#4360 = ORIENTED_EDGE ( 'NONE', *, *, #1947, .T. ) ;
#4361 = CARTESIAN_POINT ( 'NONE',  ( 0.000000000000000000, 0.8000000000000000444, 0.000000000000000000 ) ) ;
#4362 = EDGE_CURVE ( 'NONE', #1628, #3381, #126, .T. ) ;
#4363 = CARTESIAN_POINT ( 'NONE',  ( 0.000000000000000000, 1.600000000000000089, 0.000000000000000000 ) ) ;
#4364 = EDGE_LOOP ( 'NONE', ( #2422, #3616, #577, #1883 ) ) ;
#4365 = VERTEX_POINT ( 'NONE', #1068 ) ;
#4366 = CARTESIAN_POINT ( 'NONE',  ( 0.000000000000000000, 0.000000000000000000, 0.000000000000000000 ) ) ;
#4367 = EDGE_CURVE ( 'NONE', #3131, #2076, #2223, .T. ) ;
#4368 = VECTOR ( 'NONE', #545, 1000.000000000000000 ) ;
#4369 = VERTEX_POINT ( 'NONE', #1909 ) ;
#4370 = DIRECTION ( 'NONE',  ( 0.000000000000000000, 0.000000000000000000, -1.000000000000000000 ) ) ;
#4371 = AXIS2_PLACEMENT_3D ( 'NONE', #3184, #1456, #1107 ) ;
#4372 = CIRCLE ( 'NONE', #337, 2.000000000000000000 ) ;
#4373 = DIRECTION ( 'NONE',  ( 0.000000000000000000, -1.000000000000000000, 0.000000000000000000 ) ) ;
#4374 = VECTOR ( 'NONE', #2675, 1000.000000000000114 ) ;
#4375 = VECTOR ( 'NONE', #4213, 1000.000000000000000 ) ;
#4376 = ORIENTED_EDGE ( 'NONE', *, *, #1974, .F. ) ;
#4377 = ORIENTED_EDGE ( 'NONE', *, *, #3427, .F. ) ;
#4378 = VECTOR ( 'NONE', #1526, 1000.000000000000114 ) ;
#4379 = DIRECTION ( 'NONE',  ( 0.000000000000000000, 0.000000000000000000, -1.000000000000000000 ) ) ;
#4380 = DIRECTION ( 'NONE',  ( -0.7933533402912321675, 0.000000000000000000, 0.6087614290087246527 ) ) ;
#4382 = CARTESIAN_POINT ( 'NONE',  ( 1.989974874213106260, 3.299999999999999822, 0.2000000000001381228 ) ) ;
#4381 = VECTOR ( 'NONE', #1010, 1000.000000000000000 ) ;
#4383 = VECTOR ( 'NONE', #3235, 1000.000000000000000 ) ;
#4384 = AXIS2_PLACEMENT_3D ( 'NONE', #2831, #748, #347 ) ;
#4385 = ORIENTED_EDGE ( 'NONE', *, *, #2161, .T. ) ;
#4386 = VECTOR ( 'NONE', #3893, 1000.000000000000114 ) ;
#4387 = CARTESIAN_POINT ( 'NONE',  ( -1.836509476617000036, 0.000000000000000000, 0.000000000000000000 ) ) ;
#4388 = VERTEX_POINT ( 'NONE', #843 ) ;
#4389 = CARTESIAN_POINT ( 'NONE',  ( -1.989974874212999900, 1.600000000000000089, 0.2000000000000000111 ) ) ;
#4390 = DIRECTION ( 'NONE',  ( 0.8241261886220260235, 0.000000000000000000, -0.5664062369248178408 ) ) ;
#4391 = CARTESIAN_POINT ( 'NONE',  ( 0.000000000000000000, 1.600000000000000089, 0.000000000000000000 ) ) ;
#4392 = VERTEX_POINT ( 'NONE', #3598 ) ;
#4393 = CARTESIAN_POINT ( 'NONE',  ( 1.007874484620000066, 1.600000000000000089, -1.727480542075999992 ) ) ;
#4394 = DIRECTION ( 'NONE',  ( -0.3338068592337900542, 0.000000000000000000, 0.9426414910921716572 ) ) ;
#4395 = ORIENTED_EDGE ( 'NONE', *, *, #2937, .F. ) ;
#4396 = CIRCLE ( 'NONE', #4247, 2.000000000000000000 ) ;
#4397 = CARTESIAN_POINT ( 'NONE',  ( 1.989974874213212841, 2.600000000000000533, -0.2000000000002687961 ) ) ;
#4398 = EDGE_CURVE ( 'NONE', #2503, #1739, #3928, .T. ) ;
#4399 = EDGE_LOOP ( 'NONE', ( #4423, #1399, #4181, #765 ) ) ;
#4400 = CARTESIAN_POINT ( 'NONE',  ( -0.4247247512519511381, 3.299999999999999822, -1.954381970259071677 ) ) ;
#4401 = EDGE_CURVE ( 'NONE', #2553, #25, #482, .T. ) ;
#4402 = LINE ( 'NONE', #1293, #62 ) ;
#4403 = DIRECTION ( 'NONE',  ( 1.776356839400250465E-14, 0.000000000000000000, -1.000000000000000000 ) ) ;
#4404 = ORIENTED_EDGE ( 'NONE', *, *, #4260, .F. ) ;
#4405 = ORIENTED_EDGE ( 'NONE', *, *, #213, .T. ) ;
#4406 = DIRECTION ( 'NONE',  ( 0.6087614290087246527, 0.000000000000000000, 0.7933533402912321675 ) ) ;
#4407 = CARTESIAN_POINT ( 'NONE',  ( -0.5675126386052743443, 0.000000000000000000, -1.746624304974913722 ) ) ;
#4408 = VECTOR ( 'NONE', #19, 1000.000000000000114 ) ;
#4409 = DIRECTION ( 'NONE',  ( 0.000000000000000000, 0.000000000000000000, -1.000000000000000000 ) ) ;
#4410 = EDGE_LOOP ( 'NONE', ( #2478, #1872, #1813, #4057 ) ) ;
#4411 = LINE ( 'NONE', #3332, #4314 ) ;
#4412 = CARTESIAN_POINT ( 'NONE',  ( 0.000000000000000000, 0.000000000000000000, 0.000000000000000000 ) ) ;
#4413 = CARTESIAN_POINT ( 'NONE',  ( 0.000000000000000000, 2.600000000000000533, 0.000000000000000000 ) ) ;
#4414 = VERTEX_POINT ( 'NONE', #152 ) ;
#4415 = DIRECTION ( 'NONE',  ( 0.000000000000000000, -1.000000000000000000, 0.000000000000000000 ) ) ;
#4416 = VERTEX_POINT ( 'NONE', #1523 ) ;
#4417 = FACE_OUTER_BOUND ( 'NONE', #4038, .T. ) ;
#4418 = EDGE_CURVE ( 'NONE', #1754, #34, #1231, .T. ) ;
#4419 = CARTESIAN_POINT ( 'NONE',  ( -1.331481282369999963, 2.600000000000000977, 1.492366441159000079 ) ) ;
#4420 = EDGE_CURVE ( 'NONE', #402, #3549, #2570, .T. ) ;
#4421 = CARTESIAN_POINT ( 'NONE',  ( 1.079473186051000289, 0.000000000000000000, -1.485767376914000071 ) ) ;
#4422 = ORIENTED_EDGE ( 'NONE', *, *, #366, .T. ) ;
#4423 = ORIENTED_EDGE ( 'NONE', *, *, #1170, .F. ) ;
#4424 = FACE_OUTER_BOUND ( 'NONE', #3494, .T. ) ;
#4425 = DIRECTION ( 'NONE',  ( 0.000000000000000000, -1.000000000000000000, 0.000000000000000000 ) ) ;
#4426 = EDGE_CURVE ( 'NONE', #25, #716, #3619, .T. ) ;
#4427 = EDGE_CURVE ( 'NONE', #342, #119, #2604, .T. ) ;
#4428 = CARTESIAN_POINT ( 'NONE',  ( 1.007874484620022049, 0.000000000000000000, -1.727480542076006431 ) ) ;
#4429 = ORIENTED_EDGE ( 'NONE', *, *, #4283, .F. ) ;
#4430 = DIRECTION ( 'NONE',  ( 0.000000000000000000, 0.000000000000000000, -1.000000000000000000 ) ) ;
#4431 = CARTESIAN_POINT ( 'NONE',  ( -0.4247247512521256652, 0.000000000000000000, 1.954381970259086554 ) ) ;
#4432 = DIRECTION ( 'NONE',  ( -0.02617694830786888166, 0.000000000000000000, 0.9996573249755573709 ) ) ;
#4433 = VERTEX_POINT ( 'NONE', #2948 ) ;
#4434 = DIRECTION ( 'NONE',  ( 0.000000000000000000, -1.000000000000000000, 0.000000000000000000 ) ) ;
#4435 = VERTEX_POINT ( 'NONE', #2904 ) ;
#4436 = DIRECTION ( 'NONE',  ( 0.000000000000000000, 1.000000000000000000, 0.000000000000000000 ) ) ;
#4437 = PLANE ( 'NONE',  #929 ) ;
#4438 = ORIENTED_EDGE ( 'NONE', *, *, #1805, .T. ) ;
#4439 = CARTESIAN_POINT ( 'NONE',  ( 0.8051473577701475648, 0.000000000000000000, 1.830775172509106818 ) ) ;
#4440 = DIRECTION ( 'NONE',  ( 0.000000000000000000, -1.000000000000000000, 0.000000000000000000 ) ) ;
#4441 = CIRCLE ( 'NONE', #490, 2.000000000000000000 ) ;
#4442 = EDGE_CURVE ( 'NONE', #3929, #3582, #463, .T. ) ;
#4443 = VECTOR ( 'NONE', #2342, 1000.000000000000114 ) ;
#4444 = CARTESIAN_POINT ( 'NONE',  ( 0.000000000000000000, 0.8000000000000000444, 0.000000000000000000 ) ) ;
#4445 = AXIS2_PLACEMENT_3D ( 'NONE', #1129, #2578, #3618 ) ;
#4446 = EDGE_CURVE ( 'NONE', #2829, #3746, #2265, .T. ) ;
#4447 = ORIENTED_EDGE ( 'NONE', *, *, #3122, .F. ) ;
#4448 = ADVANCED_FACE ( 'NONE', ( #2581 ), #509, .F. ) ;
#4449 = FACE_OUTER_BOUND ( 'NONE', #3788, .T. ) ;
#4450 = CARTESIAN_POINT ( 'NONE',  ( 1.492366441159074686, 0.8000000000000000444, 1.331481282370202246 ) ) ;
#4451 = CIRCLE ( 'NONE', #927, 2.000000000000000000 ) ;
#4452 = PLANE ( 'NONE',  #2067 ) ;
#4453 = VECTOR ( 'NONE', #42, 1000.000000000000000 ) ;
#4454 = CIRCLE ( 'NONE', #215, 2.000000000000000000 ) ;
#4455 = VERTEX_POINT ( 'NONE', #4294 ) ;
#4456 = CARTESIAN_POINT ( 'NONE',  ( 0.000000000000000000, 0.8000000000000000444, 0.000000000000000000 ) ) ;
ENDSEC;
END-ISO-10303-21;
