ISO-10303-21;
HEADER;
FILE_DESCRIPTION (( 'STEP AP214' ),
    '1' );
FILE_NAME ('M_DC11_A01_IDLER_CAP.STEP',
    '2026-08-29T22:11:46',
    ( '' ),
    ( '' ),
    'SwSTEP 2.0',
    'SolidWorks 2023',
    '' );
FILE_SCHEMA (( 'AUTOMOTIVE_DESIGN' ));
ENDSEC;

DATA;
#1 = CARTESIAN_POINT ( 'NONE',  ( -3.771228936794178921, 1.799999987932877854, 3.049643670086555236 ) ) ;
#2 = LINE ( 'NONE', #1218, #581 ) ;
#3 = AXIS2_PLACEMENT_3D ( 'NONE', #933, #1219, #708 ) ;
#4 = VECTOR ( 'NONE', #603, 1000.000000000000000 ) ;
#5 = DIRECTION ( 'NONE',  ( -0.000000000000000000, 1.000000000000000000, -0.000000000000000000 ) ) ;
#6 = ORIENTED_EDGE ( 'NONE', *, *, #1325, .T. ) ;
#7 = AXIS2_PLACEMENT_3D ( 'NONE', #633, #497, #911 ) ;
#8 = DIRECTION ( 'NONE',  ( -0.8660254037844279384, 0.000000000000000000, -0.5000000000000185407 ) ) ;
#9 = VERTEX_POINT ( 'NONE', #864 ) ;
#10 = EDGE_CURVE ( 'NONE', #1451, #44, #739, .T. ) ;
#11 = DIRECTION ( 'NONE',  ( 0.000000000000000000, 0.000000000000000000, -1.000000000000000000 ) ) ;
#12 = DIRECTION ( 'NONE',  ( 0.000000000000000000, -1.000000000000000000, 0.000000000000000000 ) ) ;
#13 = DIRECTION ( 'NONE',  ( 0.5000000000000167644, 0.000000000000000000, -0.8660254037844289376 ) ) ;
#14 = ORIENTED_EDGE ( 'NONE', *, *, #461, .F. ) ;
#15 = FACE_OUTER_BOUND ( 'NONE', #1705, .T. ) ;
#16 = ORIENTED_EDGE ( 'NONE', *, *, #397, .T. ) ;
#17 = ORIENTED_EDGE ( 'NONE', *, *, #1407, .F. ) ;
#18 = AXIS2_PLACEMENT_3D ( 'NONE', #583, #1106, #60 ) ;
#19 = CARTESIAN_POINT ( 'NONE',  ( -5.000000000000000000, -1.199999999999999956, 11.06025403784000005 ) ) ;
#20 = CARTESIAN_POINT ( 'NONE',  ( 0.6500000000000001332, -1.199999999999999956, 2.672077843177000034 ) ) ;
#21 = EDGE_CURVE ( 'NONE', #598, #312, #1099, .T. ) ;
#22 = DIRECTION ( 'NONE',  ( 1.000000000000000000, 0.000000000000000000, -0.000000000000000000 ) ) ;
#23 = EDGE_LOOP ( 'NONE', ( #437, #1626, #1264, #472, #1044, #910 ) ) ;
#24 = FACE_OUTER_BOUND ( 'NONE', #960, .T. ) ;
#25 = ORIENTED_EDGE ( 'NONE', *, *, #119, .T. ) ;
#26 = AXIS2_PLACEMENT_3D ( 'NONE', #349, #93, #210 ) ;
#27 = ORIENTED_EDGE ( 'NONE', *, *, #1077, .T. ) ;
#28 = CARTESIAN_POINT ( 'NONE',  ( -0.8000000000000000444, 4.000000000000000000, -4.986231041577999790 ) ) ;
#29 = FACE_OUTER_BOUND ( 'NONE', #404, .T. ) ;
#30 = DIRECTION ( 'NONE',  ( -0.7071067811865474617, 0.7071067811865474617, 0.000000000000000000 ) ) ;
#31 = ORIENTED_EDGE ( 'NONE', *, *, #21, .F. ) ;
#32 = ADVANCED_FACE ( 'NONE', ( #1642 ), #196, .F. ) ;
#33 = CIRCLE ( 'NONE', #3, 2.750000000000000000 ) ;
#34 = DIRECTION ( 'NONE',  ( -0.000000000000000000, 1.000000000000000000, -0.000000000000000000 ) ) ;
#35 = VERTEX_POINT ( 'NONE', #1633 ) ;
#36 = VECTOR ( 'NONE', #906, 1000.000000000000000 ) ;
#37 = EDGE_LOOP ( 'NONE', ( #882, #634, #449, #348 ) ) ;
#38 = CARTESIAN_POINT ( 'NONE',  ( 3.884319413150902012, 1.000000000000000000, 3.227160159740918299 ) ) ;
#39 = CARTESIAN_POINT ( 'NONE',  ( -1.310370545380401319, -2.842170943040400743E-11, 4.669628361336492617 ) ) ;
#40 = MANIFOLD_SOLID_BREP ( ' ‰»Î1', #138 ) ;
#41 = FACE_OUTER_BOUND ( 'NONE', #318, .T. ) ;
#42 = ORIENTED_EDGE ( 'NONE', *, *, #616, .F. ) ;
#43 = CARTESIAN_POINT ( 'NONE',  ( 0.000000000000000000, 2.600000000029467628, 0.000000000000000000 ) ) ;
#44 = VERTEX_POINT ( 'NONE', #347 ) ;
#45 = EDGE_CURVE ( 'NONE', #1443, #685, #1397, .T. ) ;
#46 = CARTESIAN_POINT ( 'NONE',  ( 0.000000000000000000, 1.000000000000000000, -5.049999999999999822 ) ) ;
#47 = B_SPLINE_CURVE_WITH_KNOTS ( 'NONE', 3,
 ( #334, #636, #851, #212 ),
 .UNSPECIFIED., .F., .F.,
 ( 4, 4 ),
 ( 1.912120170711374852E-14, 0.0008393561802047725231 ),
 .UNSPECIFIED. ) ;
#48 = DIRECTION ( 'NONE',  ( 0.000000000000000000, 1.000000000000000000, 0.000000000000000000 ) ) ;
#49 = DIRECTION ( 'NONE',  ( -0.000000000000000000, 1.000000000000000000, -0.000000000000000000 ) ) ;
#50 = ORIENTED_EDGE ( 'NONE', *, *, #524, .T. ) ;
#51 = EDGE_CURVE ( 'NONE', #291, #1112, #1713, .T. ) ;
#52 = CARTESIAN_POINT ( 'NONE',  ( 0.9993037694913764479, 1.000000000019338753, 4.130844900956851973 ) ) ;
#53 = CYLINDRICAL_SURFACE ( 'NONE', #1551, 3.899999999999999911 ) ;
#54 = CARTESIAN_POINT ( 'NONE',  ( 3.120298909608731019, -1.199999999999999956, 2.339601400814797838 ) ) ;
#55 = EDGE_LOOP ( 'NONE', ( #1368, #677, #1571, #1495, #100, #1628, #1334, #368, #264, #702 ) ) ;
#56 = AXIS2_PLACEMENT_3D ( 'NONE', #1623, #572, #1084 ) ;
#57 = CARTESIAN_POINT ( 'NONE',  ( -1.541951415282471816, 0.7000000000127124533, 5.070738194068634463 ) ) ;
#58 = ORIENTED_EDGE ( 'NONE', *, *, #1241, .F. ) ;
#59 = ADVANCED_FACE ( 'NONE', ( #1117 ), #872, .T. ) ;
#60 = DIRECTION ( 'NONE',  ( 0.000000000000000000, 0.000000000000000000, 1.000000000000000000 ) ) ;
#61 = LINE ( 'NONE', #747, #827 ) ;
#62 = ORIENTED_EDGE ( 'NONE', *, *, #543, .F. ) ;
#63 = ORIENTED_EDGE ( 'NONE', *, *, #1594, .F. ) ;
#64 = CARTESIAN_POINT ( 'NONE',  ( -1.498311380861255149, 1.605495031909042192, 4.459849786731051147 ) ) ;
#65 = ORIENTED_EDGE ( 'NONE', *, *, #1088, .T. ) ;
#66 = DIRECTION ( 'NONE',  ( 0.000000000000000000, 0.000000000000000000, -1.000000000000000000 ) ) ;
#67 = CARTESIAN_POINT ( 'NONE',  ( 2.070327634129597971, 1.800000101921705342, 4.385912650623409625 ) ) ;
#68 = CYLINDRICAL_SURFACE ( 'NONE', #1666, 2.750000000000000000 ) ;
#69 = PRESENTATION_STYLE_ASSIGNMENT (( #337 ) ) ;
#70 = EDGE_CURVE ( 'NONE', #859, #480, #1261, .T. ) ;
#71 = ADVANCED_FACE ( 'NONE', ( #453, #486 ), #1659, .T. ) ;
#72 = VECTOR ( 'NONE', #1403, 1000.000000000000000 ) ;
#73 = ORIENTED_EDGE ( 'NONE', *, *, #482, .T. ) ;
#74 = CARTESIAN_POINT ( 'NONE',  ( -1.229677565384805771, 1.372092312490497124, 4.359262020599900644 ) ) ;
#75 = EDGE_LOOP ( 'NONE', ( #1564, #696, #787, #295 ) ) ;
#76 = CARTESIAN_POINT ( 'NONE',  ( -0.7671320817281025439, 0.4080009890764888514, 3.728711741665095669 ) ) ;
#77 = CIRCLE ( 'NONE', #985, 5.299999999976988896 ) ;
#78 = DIRECTION ( 'NONE',  ( 0.000000000000000000, -1.000000000000000000, 0.000000000000000000 ) ) ;
#79 = AXIS2_PLACEMENT_3D ( 'NONE', #1691, #1153, #982 ) ;
#80 = DIRECTION ( 'NONE',  ( -0.5000000000000167644, -0.000000000000000000, -0.8660254037844289376 ) ) ;
#81 = DIRECTION ( 'NONE',  ( 0.000000000000000000, 0.000000000000000000, -1.000000000000000000 ) ) ;
#82 = EDGE_CURVE ( 'NONE', #790, #685, #222, .T. ) ;
#83 = ORIENTED_EDGE ( 'NONE', *, *, #555, .F. ) ;
#84 = CARTESIAN_POINT ( 'NONE',  ( -1.311185870940322129, 1.455661994870621756, 4.401291686781091173 ) ) ;
#85 = EDGE_LOOP ( 'NONE', ( #1557, #1212, #600, #1342 ) ) ;
#86 = CARTESIAN_POINT ( 'NONE',  ( -1.978754159175539096, 1.799999999999966738, 4.651043368410362255 ) ) ;
#87 = CIRCLE ( 'NONE', #370, 2.749999175884644043 ) ;
#88 = FACE_OUTER_BOUND ( 'NONE', #1345, .T. ) ;
#89 = VECTOR ( 'NONE', #413, 1000.000000000000000 ) ;
#90 = CARTESIAN_POINT ( 'NONE',  ( -4.373428289109500433, 0.3111111111454288869, -2.525000000002596501 ) ) ;
#91 = PLANE ( 'NONE',  #554 ) ;
#92 = ORIENTED_EDGE ( 'NONE', *, *, #979, .F. ) ;
#93 = DIRECTION ( 'NONE',  ( 0.000000000000000000, 1.000000000000000000, 0.000000000000000000 ) ) ;
#94 = ORIENTED_EDGE ( 'NONE', *, *, #1358, .F. ) ;
#95 = DIRECTION ( 'NONE',  ( 0.8660254037844289376, 0.000000000000000000, -0.5000000000000167644 ) ) ;
#96 = B_SPLINE_CURVE_WITH_KNOTS ( 'NONE', 3,
 ( #519, #1048, #403, #539 ),
 .UNSPECIFIED., .F., .F.,
 ( 4, 4 ),
 ( 2.566231707413623457E-16, 0.001403278242894796931 ),
 .UNSPECIFIED. ) ;
#97 = EDGE_CURVE ( 'NONE', #943, #720, #580, .T. ) ;
#98 = CARTESIAN_POINT ( 'NONE',  ( 5.136417328133000935E-07, -1.000005050191871137, -3.913560414972594437E-06 ) ) ;
#99 = DIRECTION ( 'NONE',  ( 0.000000000000000000, -1.000000000000000000, 0.000000000000000000 ) ) ;
#100 = ORIENTED_EDGE ( 'NONE', *, *, #861, .F. ) ;
#101 = DIRECTION ( 'NONE',  ( 0.000000000000000000, -1.000000000000000000, 0.000000000000000000 ) ) ;
#102 = ORIENTED_EDGE ( 'NONE', *, *, #1427, .T. ) ;
#103 = CARTESIAN_POINT ( 'NONE',  ( 2.070327634129597971, 1.800000101921705342, 4.385912650623409625 ) ) ;
#104 = CARTESIAN_POINT ( 'NONE',  ( -3.569142892022458824, 0.7000000000127124533, -3.918063171543256562 ) ) ;
#105 = EDGE_CURVE ( 'NONE', #197, #1042, #373, .T. ) ;
#106 = VECTOR ( 'NONE', #970, 1000.000000000000114 ) ;
#107 = CARTESIAN_POINT ( 'NONE',  ( -5.000000000000000000, 0.000000000000000000, 11.06025403784000005 ) ) ;
#108 = CIRCLE ( 'NONE', #307, 5.049999999999999822 ) ;
#109 = PLANE ( 'NONE',  #874 ) ;
#110 = DIRECTION ( 'NONE',  ( 0.000000000000000000, -1.000000000000000000, 0.000000000000000000 ) ) ;
#111 = VERTEX_POINT ( 'NONE', #1440 ) ;
#112 = DIRECTION ( 'NONE',  ( -0.000000000000000000, 1.000000000000000000, -0.000000000000000000 ) ) ;
#113 = ORIENTED_EDGE ( 'NONE', *, *, #1684, .F. ) ;
#114 = VECTOR ( 'NONE', #1032, 1000.000000000000000 ) ;
#115 = ADVANCED_FACE ( 'NONE', ( #1156, #1031 ), #91, .T. ) ;
#116 = DIRECTION ( 'NONE',  ( 0.000000000000000000, 0.000000000000000000, -1.000000000000000000 ) ) ;
#117 = DIRECTION ( 'NONE',  ( 0.000000000000000000, -1.000000000000000000, 0.000000000000000000 ) ) ;
#118 = VECTOR ( 'NONE', #143, 1000.000000000000000 ) ;
#119 = EDGE_CURVE ( 'NONE', #122, #165, #635, .T. ) ;
#120 = VECTOR ( 'NONE', #422, 1000.000000000000000 ) ;
#121 = CARTESIAN_POINT ( 'NONE',  ( 0.8000000000000000444, 3.000000000000000000, -2.786231041578000500 ) ) ;
#122 = VERTEX_POINT ( 'NONE', #260 ) ;
#123 = LINE ( 'NONE', #1689, #402 ) ;
#124 = ORIENTED_EDGE ( 'NONE', *, *, #450, .T. ) ;
#125 = DIRECTION ( 'NONE',  ( 0.5000000000000167644, 0.000000000000000000, 0.8660254037844289376 ) ) ;
#126 = DIRECTION ( 'NONE',  ( -1.776356839400250465E-15, 0.000000000000000000, -1.000000000000000000 ) ) ;
#127 = DIRECTION ( 'NONE',  ( 0.000000000000000000, -1.000000000000000000, 0.000000000000000000 ) ) ;
#128 = CARTESIAN_POINT ( 'NONE',  ( 0.000000000000000000, -1.199999999999999956, 0.000000000000000000 ) ) ;
#129 = VERTEX_POINT ( 'NONE', #779 ) ;
#130 = EDGE_CURVE ( 'NONE', #838, #560, #1591, .T. ) ;
#131 = EDGE_CURVE ( 'NONE', #551, #750, #494, .T. ) ;
#132 = DIRECTION ( 'NONE',  ( 0.000000000000000000, -0.7071067811865474617, -0.7071067811865474617 ) ) ;
#133 = VERTEX_POINT ( 'NONE', #1288 ) ;
#134 = AXIS2_PLACEMENT_3D ( 'NONE', #1710, #638, #125 ) ;
#135 = APPLICATION_PROTOCOL_DEFINITION ( 'draft international standard', 'automotive_design', 1998, #1602 ) ;
#136 = CARTESIAN_POINT ( 'NONE',  ( 0.000000000000000000, 0.3111111111111000138, 0.000000000000000000 ) ) ;
#137 = FACE_OUTER_BOUND ( 'NONE', #653, .T. ) ;
#138 = CLOSED_SHELL ( 'NONE', ( #277, #567, #1649, #848, #206, #988, #149, #1097, #1053, #353, #1034, #1438, #115, #1386, #728, #870, #1197, #1661, #1231, #576, #300, #1517, #730, #440, #492, #32, #1718, #788, #1478, #1184, #817, #59, #1002, #536, #1273, #501, #1618, #935, #595, #1065, #884, #1337, #150, #214, #71, #837, #1532, #1597, #1629, #1119, #1374, #247 ) ) ;
#139 = LINE ( 'NONE', #1190, #614 ) ;
#140 = EDGE_LOOP ( 'NONE', ( #765, #1017, #1234, #1170 ) ) ;
#141 = CYLINDRICAL_SURFACE ( 'NONE', #1278, 0.8000000000000001554 ) ;
#142 = ORIENTED_EDGE ( 'NONE', *, *, #310, .F. ) ;
#143 = DIRECTION ( 'NONE',  ( 0.5773502691896253980, 0.5773502691896253980, 0.5773502691896266192 ) ) ;
#144 = DIRECTION ( 'NONE',  ( -0.000000000000000000, 1.000000000000000000, -0.000000000000000000 ) ) ;
#145 = DIRECTION ( 'NONE',  ( 0.000000000000000000, 0.000000000000000000, -1.000000000000000000 ) ) ;
#146 = ORIENTED_EDGE ( 'NONE', *, *, #461, .T. ) ;
#147 = DIRECTION ( 'NONE',  ( 0.000000000000000000, 1.000000000000000000, -0.000000000000000000 ) ) ;
#148 = ORIENTED_EDGE ( 'NONE', *, *, #450, .F. ) ;
#149 = ADVANCED_FACE ( 'NONE', ( #1296 ), #109, .F. ) ;
#150 = ADVANCED_FACE ( 'NONE', ( #1568 ), #642, .T. ) ;
#151 = CARTESIAN_POINT ( 'NONE',  ( -3.569106939657668232, 1.324452384103549818, 2.732375686363170075 ) ) ;
#152 = CARTESIAN_POINT ( 'NONE',  ( 0.9993037694913764479, 1.000000000019338753, 4.130844900956851973 ) ) ;
#153 = CARTESIAN_POINT ( 'NONE',  ( 2.388061258335946304E-16, 3.700000000000000178, 1.399999999999999911 ) ) ;
#154 = EDGE_LOOP ( 'NONE', ( #113, #1285, #1420, #1233, #124, #192, #1158, #1458, #1663, #1168, #714, #1698, #16 ) ) ;
#155 = CARTESIAN_POINT ( 'NONE',  ( 3.569142892004316003, -0.05000000000000000278, 3.918063171575346892 ) ) ;
#156 = VERTEX_POINT ( 'NONE', #656 ) ;
#157 = VERTEX_POINT ( 'NONE', #1553 ) ;
#158 = B_SPLINE_CURVE_WITH_KNOTS ( 'NONE', 3,
 ( #67, #458, #1378, #1523, #869, #335, #325, #52 ),
 .UNSPECIFIED., .F., .F.,
 ( 4, 2, 2, 4 ),
 ( 0.000000000000000000, 0.0003705122853744441066, 0.0007410245707488882132, 0.001482049141497775776 ),
 .UNSPECIFIED. ) ;
#159 = UNCERTAINTY_MEASURE_WITH_UNIT (LENGTH_MEASURE( 1.000000000000000082E-05 ), #1692, 'distance_accuracy_value', 'NONE');
#160 = AXIS2_PLACEMENT_3D ( 'NONE', #396, #1446, #265 ) ;
#161 = EDGE_CURVE ( 'NONE', #1205, #1186, #1148, .T. ) ;
#162 = CARTESIAN_POINT ( 'NONE',  ( -2.952216372027991920, -0.08595092058424994019, 1.764051459694988555 ) ) ;
#163 = DIRECTION ( 'NONE',  ( 0.000000000000000000, -1.000000000000000000, 0.000000000000000000 ) ) ;
#164 = PLANE ( 'NONE',  #426 ) ;
#165 = VERTEX_POINT ( 'NONE', #1181 ) ;
#166 = AXIS2_PLACEMENT_3D ( 'NONE', #1164, #772, #530 ) ;
#167 = CARTESIAN_POINT ( 'NONE',  ( -3.569142892003566381, 0.7000000000125519151, 3.918063171575750570 ) ) ;
#168 = EDGE_LOOP ( 'NONE', ( #65, #1382, #1491, #675 ) ) ;
#169 = VECTOR ( 'NONE', #1265, 1000.000000000000000 ) ;
#170 = DIRECTION ( 'NONE',  ( 0.000000000000000000, -1.000000000000000000, 0.000000000000000000 ) ) ;
#171 = DIRECTION ( 'NONE',  ( -1.000000000000000000, -0.000000000000000000, -0.000000000000000000 ) ) ;
#172 = DIRECTION ( 'NONE',  ( 0.000000000000000000, 1.000000000000000000, -0.000000000000000000 ) ) ;
#173 = ORIENTED_EDGE ( 'NONE', *, *, #1154, .F. ) ;
#174 = EDGE_CURVE ( 'NONE', #1451, #157, #1712, .T. ) ;
#175 = CIRCLE ( 'NONE', #1441, 0.5999999999999998668 ) ;
#176 = DIRECTION ( 'NONE',  ( 0.000000000000000000, -0.000000000000000000, -1.000000000000000000 ) ) ;
#177 = EDGE_LOOP ( 'NONE', ( #1316, #333, #1581, #1437 ) ) ;
#178 = DIRECTION ( 'NONE',  ( 0.8433914458129005975, 0.000000000000000000, -0.5372996083468004613 ) ) ;
#179 = CARTESIAN_POINT ( 'NONE',  ( 0.8161670469866000310, 0.000000000000000000, 3.813642792843999985 ) ) ;
#180 = ORIENTED_EDGE ( 'NONE', *, *, #862, .F. ) ;
#181 = EDGE_CURVE ( 'NONE', #1186, #487, #1159, .T. ) ;
#182 = EDGE_CURVE ( 'NONE', #1122, #507, #395, .T. ) ;
#183 = EDGE_LOOP ( 'NONE', ( #329, #963, #709, #188 ) ) ;
#184 = FACE_OUTER_BOUND ( 'NONE', #382, .T. ) ;
#185 = AXIS2_PLACEMENT_3D ( 'NONE', #474, #1003, #1639 ) ;
#186 = FACE_OUTER_BOUND ( 'NONE', #1161, .T. ) ;
#187 = SURFACE_STYLE_FILL_AREA ( #1005 ) ;
#188 = ORIENTED_EDGE ( 'NONE', *, *, #1145, .T. ) ;
#189 = EDGE_CURVE ( 'NONE', #943, #838, #1328, .T. ) ;
#190 = FACE_OUTER_BOUND ( 'NONE', #1554, .T. ) ;
#191 = AXIS2_PLACEMENT_3D ( 'NONE', #1456, #1480, #302 ) ;
#192 = ORIENTED_EDGE ( 'NONE', *, *, #1500, .T. ) ;
#193 = EDGE_CURVE ( 'NONE', #557, #1299, #390, .T. ) ;
#194 = DIRECTION ( 'NONE',  ( 0.000000000000000000, 0.000000000000000000, -1.000000000000000000 ) ) ;
#195 = CARTESIAN_POINT ( 'NONE',  ( -0.8000000000000001554, 3.799999999999999822, -4.986231041578196077 ) ) ;
#196 = PLANE ( 'NONE',  #1354 ) ;
#197 = VERTEX_POINT ( 'NONE', #1280 ) ;
#198 = AXIS2_PLACEMENT_3D ( 'NONE', #268, #110, #1322 ) ;
#199 = CARTESIAN_POINT ( 'NONE',  ( -0.6500000000000437650, -1.000007349224509845, 2.672074355339602025 ) ) ;
#200 = ORIENTED_EDGE ( 'NONE', *, *, #967, .F. ) ;
#201 = VECTOR ( 'NONE', #1173, 1000.000000000000114 ) ;
#202 = DIRECTION ( 'NONE',  ( 0.000000000000000000, -1.000000000000000000, 0.000000000000000000 ) ) ;
#203 = CIRCLE ( 'NONE', #590, 3.899999999999999911 ) ;
#204 = EDGE_CURVE ( 'NONE', #790, #953, #235, .T. ) ;
#205 = CYLINDRICAL_SURFACE ( 'NONE', #18, 5.299999999999999822 ) ;
#206 = ADVANCED_FACE ( 'NONE', ( #1593 ), #689, .F. ) ;
#207 = CARTESIAN_POINT ( 'NONE',  ( -0.8161670469872559508, -1.199999999999999956, 3.813642792844146090 ) ) ;
#208 = DIRECTION ( 'NONE',  ( -0.7071067811865475727, 0.7071067811865475727, 0.000000000000000000 ) ) ;
#209 = ORIENTED_EDGE ( 'NONE', *, *, #1576, .F. ) ;
#210 = DIRECTION ( 'NONE',  ( 0.000000000000000000, 0.000000000000000000, 1.000000000000000000 ) ) ;
#211 = EDGE_LOOP ( 'NONE', ( #694, #1096, #1102, #414 ) ) ;
#212 = CARTESIAN_POINT ( 'NONE',  ( 1.310370545378320095, -2.842170943040400743E-11, 4.669628361337077038 ) ) ;
#213 = CARTESIAN_POINT ( 'NONE',  ( -0.8000000000000000444, 4.000000000000000000, -4.986231041577999790 ) ) ;
#214 = ADVANCED_FACE ( 'NONE', ( #29 ), #949, .F. ) ;
#215 = CARTESIAN_POINT ( 'NONE',  ( -3.569142892022458824, 0.7000000000127124533, -3.918063171543256562 ) ) ;
#216 = DIRECTION ( 'NONE',  ( 0.000000000000000000, -0.000000000000000000, -1.000000000000000000 ) ) ;
#217 =( GEOMETRIC_REPRESENTATION_CONTEXT ( 3 ) GLOBAL_UNCERTAINTY_ASSIGNED_CONTEXT ( ( #159 ) ) GLOBAL_UNIT_ASSIGNED_CONTEXT ( ( #1692, #1550, #1701 ) ) REPRESENTATION_CONTEXT ( 'NONE', 'WORKASPACE' ) );
#218 = ORIENTED_EDGE ( 'NONE', *, *, #228, .T. ) ;
#219 = DIRECTION ( 'NONE',  ( 0.000000000000000000, 0.000000000000000000, 1.000000000000000000 ) ) ;
#220 = ORIENTED_EDGE ( 'NONE', *, *, #524, .F. ) ;
#221 = LINE ( 'NONE', #231, #1271 ) ;
#222 = CIRCLE ( 'NONE', #1018, 0.5999999999999998668 ) ;
#223 = DIRECTION ( 'NONE',  ( 0.000000000000000000, 0.000000000000000000, 1.000000000000000000 ) ) ;
#224 = AXIS2_PLACEMENT_3D ( 'NONE', #229, #733, #219 ) ;
#225 = DIRECTION ( 'NONE',  ( 0.000000000000000000, -1.000000000000000000, 0.000000000000000000 ) ) ;
#226 = CARTESIAN_POINT ( 'NONE',  ( 2.523965525321653303, 0.000000000000000000, 1.091832282239579177 ) ) ;
#227 = VERTEX_POINT ( 'NONE', #681 ) ;
#228 = EDGE_CURVE ( 'NONE', #312, #720, #2, .T. ) ;
#229 = CARTESIAN_POINT ( 'NONE',  ( -0.6500000000000001332, -1.199999999999999956, 3.525833024919999836 ) ) ;
#230 = VERTEX_POINT ( 'NONE', #1227 ) ;
#231 = CARTESIAN_POINT ( 'NONE',  ( -3.884319413151799960, 1.000000000000000000, 3.227160159739837830 ) ) ;
#232 = SHAPE_DEFINITION_REPRESENTATION ( #522, #593 ) ;
#233 = AXIS2_PLACEMENT_3D ( 'NONE', #515, #533, #1699 ) ;
#234 = DIRECTION ( 'NONE',  ( 0.5372996083463654760, 0.000000000000000000, -0.8433914458131775982 ) ) ;
#235 = LINE ( 'NONE', #755, #606 ) ;
#236 = ORIENTED_EDGE ( 'NONE', *, *, #1501, .F. ) ;
#237 = EDGE_CURVE ( 'NONE', #1042, #1036, #922, .T. ) ;
#238 = CARTESIAN_POINT ( 'NONE',  ( 0.000000000000000000, 0.000000000000000000, 0.000000000000000000 ) ) ;
#239 = VERTEX_POINT ( 'NONE', #1056 ) ;
#240 = CARTESIAN_POINT ( 'NONE',  ( 0.8000000000000000444, 4.000000000000000000, -2.786231041578000500 ) ) ;
#241 = DIRECTION ( 'NONE',  ( -0.000000000000000000, 1.000000000000000000, -0.000000000000000000 ) ) ;
#242 = CARTESIAN_POINT ( 'NONE',  ( 4.373428289109999589, 1.000000000000000000, 2.525000000002000089 ) ) ;
#243 = LINE ( 'NONE', #665, #1192 ) ;
#244 = VERTEX_POINT ( 'NONE', #39 ) ;
#245 = CARTESIAN_POINT ( 'NONE',  ( 4.373428289111445544, 0.3111111111458291778, -2.525000000000257039 ) ) ;
#246 = ORIENTED_EDGE ( 'NONE', *, *, #1206, .F. ) ;
#247 = ADVANCED_FACE ( 'NONE', ( #1357 ), #1586, .T. ) ;
#248 = EDGE_CURVE ( 'NONE', #1717, #341, #77, .T. ) ;
#249 = MECHANICAL_DESIGN_GEOMETRIC_PRESENTATION_REPRESENTATION (  '', ( #1544 ), #1127 ) ;
#250 = DIRECTION ( 'NONE',  ( 0.000000000000000000, -1.000000000000000000, 0.000000000000000000 ) ) ;
#251 = VECTOR ( 'NONE', #1528, 1000.000000000000000 ) ;
#252 = CARTESIAN_POINT ( 'NONE',  ( -4.373428289108335143, 1.000000000000000000, -2.525000000004615774 ) ) ;
#253 = DIRECTION ( 'NONE',  ( -0.000000000000000000, 1.000000000000000000, -0.000000000000000000 ) ) ;
#254 = EDGE_LOOP ( 'NONE', ( #1076, #1424, #1690, #448 ) ) ;
#255 = CARTESIAN_POINT ( 'NONE',  ( 0.8000000000000501155, 3.800000000000050004, -3.868115520789000339 ) ) ;
#256 = ORIENTED_EDGE ( 'NONE', *, *, #1144, .T. ) ;
#257 = AXIS2_PLACEMENT_3D ( 'NONE', #682, #1209, #22 ) ;
#258 = EDGE_CURVE ( 'NONE', #830, #824, #469, .T. ) ;
#259 = DIRECTION ( 'NONE',  ( 0.000000000000000000, -1.000000000000000000, 0.000000000000000000 ) ) ;
#260 = CARTESIAN_POINT ( 'NONE',  ( -3.120298909608699489, 0.000000000000000000, 2.339601400814995902 ) ) ;
#261 = FACE_OUTER_BOUND ( 'NONE', #154, .T. ) ;
#262 = ORIENTED_EDGE ( 'NONE', *, *, #376, .T. ) ;
#263 = DIRECTION ( 'NONE',  ( -0.000000000000000000, 1.000000000000000000, -0.000000000000000000 ) ) ;
#264 = ORIENTED_EDGE ( 'NONE', *, *, #1324, .F. ) ;
#265 = DIRECTION ( 'NONE',  ( 1.000000000000000000, 0.000000000000000000, 0.000000000000000000 ) ) ;
#266 = CARTESIAN_POINT ( 'NONE',  ( -0.8000000000000005995, 3.800000000000000266, -2.786231041578000056 ) ) ;
#267 = CARTESIAN_POINT ( 'NONE',  ( 0.000000000000000000, 0.6999999999948158802, 0.000000000000000000 ) ) ;
#268 = CARTESIAN_POINT ( 'NONE',  ( 0.000000000000000000, 1.000000000000000000, 0.000000000000000000 ) ) ;
#269 = VERTEX_POINT ( 'NONE', #932 ) ;
#270 = CARTESIAN_POINT ( 'NONE',  ( 0.000000000000000000, 0.000000000000000000, 0.000000000000000000 ) ) ;
#271 = ORIENTED_EDGE ( 'NONE', *, *, #1631, .F. ) ;
#272 = DIRECTION ( 'NONE',  ( 0.5773502691896253980, -0.5773502691896253980, -0.5773502691896266192 ) ) ;
#273 = CARTESIAN_POINT ( 'NONE',  ( 0.000000000000000000, 4.000000000000000000, -2.586231041577999878 ) ) ;
#274 = VECTOR ( 'NONE', #538, 1000.000000000000114 ) ;
#275 = CARTESIAN_POINT ( 'NONE',  ( 0.000000000000000000, -1.199999999999999956, 0.000000000000000000 ) ) ;
#276 = ORIENTED_EDGE ( 'NONE', *, *, #710, .T. ) ;
#277 = ADVANCED_FACE ( 'NONE', ( #137 ), #435, .T. ) ;
#278 = EDGE_CURVE ( 'NONE', #1036, #487, #802, .T. ) ;
#279 = CARTESIAN_POINT ( 'NONE',  ( -3.120298909608699489, -1.199999999999999956, 2.339601400814995902 ) ) ;
#280 = ORIENTED_EDGE ( 'NONE', *, *, #310, .T. ) ;
#281 = DIRECTION ( 'NONE',  ( 0.000000000000000000, 0.000000000000000000, -1.000000000000000000 ) ) ;
#282 = DIRECTION ( 'NONE',  ( -0.000000000000000000, -1.000000000000000000, -0.000000000000000000 ) ) ;
#283 = VECTOR ( 'NONE', #1236, 1000.000000000000114 ) ;
#284 = AXIS2_PLACEMENT_3D ( 'NONE', #623, #863, #1147 ) ;
#285 = CARTESIAN_POINT ( 'NONE',  ( 0.000000000000000000, -1.199999999999999956, 0.000000000000000000 ) ) ;
#286 = EDGE_LOOP ( 'NONE', ( #1600, #627, #406, #618, #1477, #774 ) ) ;
#287 = VECTOR ( 'NONE', #1019, 1000.000000000000000 ) ;
#288 = CARTESIAN_POINT ( 'NONE',  ( -0.8000000000000001554, 3.799999999999999822, -3.868115520789000339 ) ) ;
#289 = VERTEX_POINT ( 'NONE', #152 ) ;
#290 = EDGE_CURVE ( 'NONE', #516, #1299, #1627, .T. ) ;
#291 = VERTEX_POINT ( 'NONE', #811 ) ;
#292 = CARTESIAN_POINT ( 'NONE',  ( -3.771228936794178921, 1.799999987932877854, 3.049643670086555236 ) ) ;
#293 = DIRECTION ( 'NONE',  ( -0.5000000000010811352, 0.000000000000000000, 0.8660254037838144292 ) ) ;
#294 = CARTESIAN_POINT ( 'NONE',  ( 0.9993037694913764479, 1.000000000019338753, 4.130844900956851973 ) ) ;
#295 = ORIENTED_EDGE ( 'NONE', *, *, #467, .T. ) ;
#296 = CYLINDRICAL_SURFACE ( 'NONE', #777, 1.399999999999999911 ) ;
#297 = ORIENTED_EDGE ( 'NONE', *, *, #749, .T. ) ;
#298 = ORIENTED_EDGE ( 'NONE', *, *, #808, .F. ) ;
#299 = VECTOR ( 'NONE', #993, 1000.000000000000000 ) ;
#300 = ADVANCED_FACE ( 'NONE', ( #672 ), #1082, .T. ) ;
#301 = LINE ( 'NONE', #38, #1266 ) ;
#302 = DIRECTION ( 'NONE',  ( 0.000000000000000000, 0.000000000000000000, 1.000000000000000000 ) ) ;
#303 = DIRECTION ( 'NONE',  ( 0.000000000000000000, 0.000000000000000000, -1.000000000000000000 ) ) ;
#304 = EDGE_LOOP ( 'NONE', ( #1093, #366, #1504, #716, #412, #1114, #476, #1574, #200 ) ) ;
#305 = FACE_OUTER_BOUND ( 'NONE', #577, .T. ) ;
#306 = ORIENTED_EDGE ( 'NONE', *, *, #1488, .T. ) ;
#307 = AXIS2_PLACEMENT_3D ( 'NONE', #1520, #202, #1021 ) ;
#308 = ORIENTED_EDGE ( 'NONE', *, *, #989, .T. ) ;
#309 = LINE ( 'NONE', #1207, #1294 ) ;
#310 = EDGE_CURVE ( 'NONE', #776, #133, #819, .T. ) ;
#311 = CARTESIAN_POINT ( 'NONE',  ( -12.04924064183754417, 1.000000000000000000, -18.46989698427998761 ) ) ;
#312 = VERTEX_POINT ( 'NONE', #571 ) ;
#313 = AXIS2_PLACEMENT_3D ( 'NONE', #1605, #812, #804 ) ;
#314 = CIRCLE ( 'NONE', #1138, 3.899999999999999911 ) ;
#315 = CARTESIAN_POINT ( 'NONE',  ( 0.000000000000000000, 4.000000000000000000, -1.399999999999999911 ) ) ;
#316 = ORIENTED_EDGE ( 'NONE', *, *, #1470, .T. ) ;
#317 = AXIS2_PLACEMENT_3D ( 'NONE', #43, #1078, #1492 ) ;
#318 = EDGE_LOOP ( 'NONE', ( #236, #83, #687, #945 ) ) ;
#319 = DIRECTION ( 'NONE',  ( 1.000000000000000000, 0.000000000000000000, -0.000000000000000000 ) ) ;
#320 = DIRECTION ( 'NONE',  ( -0.000000000000000000, 1.000000000000000000, -0.000000000000000000 ) ) ;
#321 =( NAMED_UNIT ( * ) PLANE_ANGLE_UNIT ( ) SI_UNIT ( $, .RADIAN. ) );
#322 = EDGE_CURVE ( 'NONE', #1202, #1360, #727, .T. ) ;
#323 = ORIENTED_EDGE ( 'NONE', *, *, #410, .T. ) ;
#324 = DIRECTION ( 'NONE',  ( 0.000000000000000000, -1.000000000000000000, 0.000000000000000000 ) ) ;
#325 = CARTESIAN_POINT ( 'NONE',  ( 1.076177029354014048, 1.196654309749040301, 4.263993292775969834 ) ) ;
#326 = CIRCLE ( 'NONE', #1650, 3.899999999999999911 ) ;
#327 = DIRECTION ( 'NONE',  ( -0.000000000000000000, -1.000000000000000000, -0.000000000000000000 ) ) ;
#328 = DIRECTION ( 'NONE',  ( -0.000000000000000000, 1.000000000000000000, -0.000000000000000000 ) ) ;
#329 = ORIENTED_EDGE ( 'NONE', *, *, #1470, .F. ) ;
#330 = EDGE_CURVE ( 'NONE', #830, #1139, #1157, .T. ) ;
#331 = CYLINDRICAL_SURFACE ( 'NONE', #26, 5.299999999999999822 ) ;
#332 = AXIS2_PLACEMENT_3D ( 'NONE', #849, #751, #1383 ) ;
#333 = ORIENTED_EDGE ( 'NONE', *, *, #1467, .F. ) ;
#334 = CARTESIAN_POINT ( 'NONE',  ( 1.541951415281429538, 0.7000000000143549173, 5.070738194070054661 ) ) ;
#335 = CARTESIAN_POINT ( 'NONE',  ( 1.217685479364970069, 1.381217099988749419, 4.372412983438930034 ) ) ;
#336 = DIRECTION ( 'NONE',  ( 0.000000000000000000, -0.000000000000000000, -1.000000000000000000 ) ) ;
#337 = SURFACE_STYLE_USAGE ( .BOTH. , #613 ) ;
#338 = ORIENTED_EDGE ( 'NONE', *, *, #809, .F. ) ;
#339 = VECTOR ( 'NONE', #1580, 1000.000000000000000 ) ;
#340 = LINE ( 'NONE', #875, #1572 ) ;
#341 = VERTEX_POINT ( 'NONE', #1063 ) ;
#342 = DIRECTION ( 'NONE',  ( -1.776356839400250465E-15, 0.000000000000000000, -1.000000000000000000 ) ) ;
#343 = EDGE_CURVE ( 'NONE', #1469, #1042, #846, .T. ) ;
#344 = AXIS2_PLACEMENT_3D ( 'NONE', #1232, #1333, #176 ) ;
#345 = FACE_OUTER_BOUND ( 'NONE', #534, .T. ) ;
#346 = CARTESIAN_POINT ( 'NONE',  ( 4.373428289110182554, 0.3111111111454288869, 2.525000000001415668 ) ) ;
#347 = CARTESIAN_POINT ( 'NONE',  ( -3.569142892004131262, 1.000000000000000000, -3.918063171575515202 ) ) ;
#348 = ORIENTED_EDGE ( 'NONE', *, *, #482, .F. ) ;
#349 = CARTESIAN_POINT ( 'NONE',  ( 0.000000000000000000, -0.05000000000000000278, 0.000000000000000000 ) ) ;
#350 = VERTEX_POINT ( 'NONE', #1257 ) ;
#351 = DIRECTION ( 'NONE',  ( -0.000000000000000000, 1.000000000000000000, -0.000000000000000000 ) ) ;
#352 = CARTESIAN_POINT ( 'NONE',  ( -1.000000000000000000, 4.000000000000000000, 0.000000000000000000 ) ) ;
#353 = ADVANCED_FACE ( 'NONE', ( #889 ), #1673, .T. ) ;
#354 = LINE ( 'NONE', #738, #4 ) ;
#355 = ORIENTED_EDGE ( 'NONE', *, *, #290, .F. ) ;
#356 = CIRCLE ( 'NONE', #954, 2.750000000000000000 ) ;
#357 = ORIENTED_EDGE ( 'NONE', *, *, #740, .T. ) ;
#358 = CARTESIAN_POINT ( 'NONE',  ( -1.464892885064010830, 0.4664881201201880878, 4.937268904572908568 ) ) ;
#359 = ORIENTED_EDGE ( 'NONE', *, *, #977, .F. ) ;
#360 = CARTESIAN_POINT ( 'NONE',  ( -0.4660047930309826336, -1.199999999999999956, -3.872058823529175520 ) ) ;
#361 = AXIS2_PLACEMENT_3D ( 'NONE', #597, #49, #1390 ) ;
#362 = CARTESIAN_POINT ( 'NONE',  ( 0.8000000000000251354, 3.800000000000024691, -4.986231041578193413 ) ) ;
#363 = CARTESIAN_POINT ( 'NONE',  ( 3.569142892003999812, 1.000000000000000000, -3.918063171576000148 ) ) ;
#364 = CARTESIAN_POINT ( 'NONE',  ( 0.000000000000000000, 4.099999999999999645, -2.500000000000000000 ) ) ;
#365 = EDGE_CURVE ( 'NONE', #573, #1590, #845, .T. ) ;
#366 = ORIENTED_EDGE ( 'NONE', *, *, #1013, .T. ) ;
#367 = CARTESIAN_POINT ( 'NONE',  ( 3.695480857963437504, 0.5807073429615464688, -3.699239395606588765 ) ) ;
#368 = ORIENTED_EDGE ( 'NONE', *, *, #82, .F. ) ;
#369 = LINE ( 'NONE', #726, #169 ) ;
#370 = AXIS2_PLACEMENT_3D ( 'NONE', #693, #48, #1371 ) ;
#371 = AXIS2_PLACEMENT_3D ( 'NONE', #823, #1222, #1211 ) ;
#372 = CARTESIAN_POINT ( 'NONE',  ( 0.000000000000000000, 1.000000000000000000, 0.000000000000000000 ) ) ;
#373 = LINE ( 'NONE', #907, #1297 ) ;
#374 = EDGE_CURVE ( 'NONE', #230, #1508, #499, .T. ) ;
#375 = ORIENTED_EDGE ( 'NONE', *, *, #1105, .T. ) ;
#376 = EDGE_CURVE ( 'NONE', #1486, #1451, #529, .T. ) ;
#377 = CARTESIAN_POINT ( 'NONE',  ( 3.825151532649583963, 0.4836203650127325893, -3.474643198801224742 ) ) ;
#378 = ORIENTED_EDGE ( 'NONE', *, *, #649, .F. ) ;
#379 = CARTESIAN_POINT ( 'NONE',  ( 4.373428289111445544, 1.000000000000000000, -2.525000000000257039 ) ) ;
#380 = CARTESIAN_POINT ( 'NONE',  ( 0.000000000000000000, 0.6999999999948158802, 0.000000000000000000 ) ) ;
#381 = CARTESIAN_POINT ( 'NONE',  ( 1.979112084308428665, 1.779112979141627804, 4.647056605067083623 ) ) ;
#382 = EDGE_LOOP ( 'NONE', ( #549, #1191, #840, #505 ) ) ;
#383 = CARTESIAN_POINT ( 'NONE',  ( -2.523965501983492565, 0.000000000000000000, 1.091832245598080897 ) ) ;
#384 = ORIENTED_EDGE ( 'NONE', *, *, #760, .F. ) ;
#385 = EDGE_CURVE ( 'NONE', #1624, #666, #868, .T. ) ;
#386 = EDGE_CURVE ( 'NONE', #1049, #807, #1385, .T. ) ;
#387 = COLOUR_RGB ( '',0.7921568627450980005, 0.8196078431372548767, 0.9333333333333333481 ) ;
#388 = CARTESIAN_POINT ( 'NONE',  ( 3.884319413150915334, 1.800000000000000266, 3.227160159740902756 ) ) ;
#389 = CIRCLE ( 'NONE', #1072, 5.049999999999999822 ) ;
#390 = LINE ( 'NONE', #226, #1598 ) ;
#391 = CARTESIAN_POINT ( 'NONE',  ( 0.000000000000000000, -1.199999999999999956, -4.250000000000000000 ) ) ;
#392 = ORIENTED_EDGE ( 'NONE', *, *, #430, .F. ) ;
#393 = CARTESIAN_POINT ( 'NONE',  ( 3.569142892004316892, 0.7000000000127124533, -3.918063171575346004 ) ) ;
#394 = ORIENTED_EDGE ( 'NONE', *, *, #386, .F. ) ;
#395 =( BOUNDED_CURVE ( )  B_SPLINE_CURVE ( 3, ( #763, #1047, #518, #1695 ),
 .UNSPECIFIED., .F., .F. ) 
 B_SPLINE_CURVE_WITH_KNOTS ( ( 4, 4 ),
 ( 1.729882354270021683, 1.770133631777220717 ),
 .UNSPECIFIED. ) 
 CURVE ( )  GEOMETRIC_REPRESENTATION_ITEM ( )  RATIONAL_B_SPLINE_CURVE ( ( 1.000000000000000000, 0.9998649907787050539, 0.9998649907787050539, 1.000000000000000000 ) ) 
 REPRESENTATION_ITEM ( '' )  );
#396 = CARTESIAN_POINT ( 'NONE',  ( 0.000000000000000000, 0.000000000000000000, 0.000000000000000000 ) ) ;
#397 = EDGE_CURVE ( 'NONE', #887, #1486, #1487, .T. ) ;
#398 = AXIS2_PLACEMENT_3D ( 'NONE', #128, #1587, #1714 ) ;
#399 = CARTESIAN_POINT ( 'NONE',  ( 0.000000000000000000, 0.000000000000000000, 0.000000000000000000 ) ) ;
#400 = DIRECTION ( 'NONE',  ( -0.000000000000000000, -1.000000000000000000, -0.000000000000000000 ) ) ;
#401 = AXIS2_PLACEMENT_3D ( 'NONE', #1439, #259, #921 ) ;
#402 = VECTOR ( 'NONE', #132, 1000.000000000000114 ) ;
#403 = CARTESIAN_POINT ( 'NONE',  ( 0.6500000000000001332, -0.6297123976958269864, 2.957891412818291155 ) ) ;
#404 = EDGE_LOOP ( 'NONE', ( #271, #1391, #683, #1256 ) ) ;
#405 = FACE_OUTER_BOUND ( 'NONE', #55, .T. ) ;
#406 = ORIENTED_EDGE ( 'NONE', *, *, #1088, .F. ) ;
#407 = CARTESIAN_POINT ( 'NONE',  ( 0.8000000000000001554, 3.799999999999999822, -2.786231041578000056 ) ) ;
#408 = DIRECTION ( 'NONE',  ( -0.000000000000000000, 1.000000000000000000, 0.000000000000000000 ) ) ;
#409 = EDGE_CURVE ( 'NONE', #1527, #925, #877, .T. ) ;
#410 = EDGE_CURVE ( 'NONE', #480, #1139, #601, .T. ) ;
#411 = CARTESIAN_POINT ( 'NONE',  ( 1.501133430040365591, 1.419844309213087685, 4.824065462115942005 ) ) ;
#412 = ORIENTED_EDGE ( 'NONE', *, *, #1248, .T. ) ;
#413 = DIRECTION ( 'NONE',  ( -0.000000000000000000, 0.000000000000000000, -1.000000000000000000 ) ) ;
#414 = ORIENTED_EDGE ( 'NONE', *, *, #1108, .F. ) ;
#415 = VECTOR ( 'NONE', #416, 1000.000000000000000 ) ;
#416 = DIRECTION ( 'NONE',  ( 0.000000000000000000, 1.000000000000000000, -0.000000000000000000 ) ) ;
#417 = CARTESIAN_POINT ( 'NONE',  ( 3.061616997865598462E-16, 2.600000000029467628, 2.499999999997726263 ) ) ;
#418 = AXIS2_PLACEMENT_3D ( 'NONE', #1330, #144, #545 ) ;
#419 = PLANE ( 'NONE',  #257 ) ;
#420 = ORIENTED_EDGE ( 'NONE', *, *, #566, .T. ) ;
#421 = EDGE_CURVE ( 'NONE', #1112, #1539, #221, .T. ) ;
#422 = DIRECTION ( 'NONE',  ( 0.000000000000000000, 0.000000000000000000, 1.000000000000000000 ) ) ;
#423 = ORIENTED_EDGE ( 'NONE', *, *, #1417, .F. ) ;
#424 = CARTESIAN_POINT ( 'NONE',  ( -2.523964873917707852, -1.000003759709326312, 1.091831259732276571 ) ) ;
#425 = DIRECTION ( 'NONE',  ( 0.000000000000000000, 0.000000000000000000, -1.000000000000000000 ) ) ;
#426 = AXIS2_PLACEMENT_3D ( 'NONE', #1481, #563, #30 ) ;
#427 = CARTESIAN_POINT ( 'NONE',  ( -2.070327597542772402, 1.800000000001455103, 4.385912587254098938 ) ) ;
#428 = ORIENTED_EDGE ( 'NONE', *, *, #649, .T. ) ;
#429 = VECTOR ( 'NONE', #652, 1000.000000000000000 ) ;
#430 = EDGE_CURVE ( 'NONE', #312, #291, #584, .T. ) ;
#431 = DIRECTION ( 'NONE',  ( 0.000000000000000000, 1.000000000000000000, -0.000000000000000000 ) ) ;
#432 = VERTEX_POINT ( 'NONE', #103 ) ;
#433 = EDGE_CURVE ( 'NONE', #1654, #559, #47, .T. ) ;
#434 = DIRECTION ( 'NONE',  ( 0.000000000000000000, -1.000000000000000000, 0.000000000000000000 ) ) ;
#435 = CYLINDRICAL_SURFACE ( 'NONE', #662, 5.049999999999999822 ) ;
#436 = LINE ( 'NONE', #179, #881 ) ;
#437 = ORIENTED_EDGE ( 'NONE', *, *, #1077, .F. ) ;
#438 = DIRECTION ( 'NONE',  ( 0.000000000000000000, -1.000000000000000000, 0.000000000000000000 ) ) ;
#439 = ORIENTED_EDGE ( 'NONE', *, *, #504, .F. ) ;
#440 = ADVANCED_FACE ( 'NONE', ( #1286 ), #1143, .F. ) ;
#441 = EDGE_CURVE ( 'NONE', #9, #551, #471, .T. ) ;
#442 = CARTESIAN_POINT ( 'NONE',  ( -3.365616763148300272, 0.8510159034376014731, 2.412960091211307834 ) ) ;
#443 = CARTESIAN_POINT ( 'NONE',  ( 3.695778161031058051, 0.5804266191686343612, 3.698724451589964879 ) ) ;
#444 = CARTESIAN_POINT ( 'NONE',  ( 0.6500002967869957793, -1.199999999999999956, 2.672077770982110412 ) ) ;
#445 = ORIENTED_EDGE ( 'NONE', *, *, #330, .F. ) ;
#446 = AXIS2_PLACEMENT_3D ( 'NONE', #380, #400, #1703 ) ;
#447 = DIRECTION ( 'NONE',  ( -0.000000000000000000, 1.000000000000000000, -0.000000000000000000 ) ) ;
#448 = ORIENTED_EDGE ( 'NONE', *, *, #161, .F. ) ;
#449 = ORIENTED_EDGE ( 'NONE', *, *, #161, .T. ) ;
#450 = EDGE_CURVE ( 'NONE', #350, #666, #108, .T. ) ;
#451 = DIRECTION ( 'NONE',  ( -0.5000000000000167644, 0.000000000000000000, 0.8660254037844289376 ) ) ;
#452 = CARTESIAN_POINT ( 'NONE',  ( 0.000000000000000000, 2.600000000029467628, 0.000000000000000000 ) ) ;
#453 = FACE_BOUND ( 'NONE', #1678, .T. ) ;
#454 = CIRCLE ( 'NONE', #1250, 5.299999999999999822 ) ;
#455 = ORIENTED_EDGE ( 'NONE', *, *, #51, .T. ) ;
#456 = CARTESIAN_POINT ( 'NONE',  ( -3.120298909608739457, -1.199999999999999956, 2.339601400815099819 ) ) ;
#457 = ORIENTED_EDGE ( 'NONE', *, *, #365, .T. ) ;
#458 = CARTESIAN_POINT ( 'NONE',  ( 1.956645824494497310, 1.800000020508111032, 4.439574914572767206 ) ) ;
#459 = CARTESIAN_POINT ( 'NONE',  ( -4.232943677174313635, 0.3111111111798248174, -2.768326485555928862 ) ) ;
#460 = CARTESIAN_POINT ( 'NONE',  ( 4.373428289110999678, 1.000000000000000000, 2.524999999999999911 ) ) ;
#461 = EDGE_CURVE ( 'NONE', #934, #1384, #369, .T. ) ;
#462 = VERTEX_POINT ( 'NONE', #1565 ) ;
#463 = CARTESIAN_POINT ( 'NONE',  ( -0.9993038930681270582, 1.000000000012317258, 4.130845114992826694 ) ) ;
#464 = ORIENTED_EDGE ( 'NONE', *, *, #1449, .T. ) ;
#465 = CARTESIAN_POINT ( 'NONE',  ( 1.541951415281429538, 0.7000000000143549173, 5.070738194070054661 ) ) ;
#466 = LINE ( 'NONE', #363, #966 ) ;
#467 = EDGE_CURVE ( 'NONE', #1139, #35, #904, .T. ) ;
#468 = ORIENTED_EDGE ( 'NONE', *, *, #1346, .F. ) ;
#469 = CIRCLE ( 'NONE', #1213, 0.5999999999999998668 ) ;
#470 = CARTESIAN_POINT ( 'NONE',  ( -1.000000000000000000, 4.000000000000000000, -4.949999999999999289 ) ) ;
#471 = CIRCLE ( 'NONE', #79, 5.049999999999999822 ) ;
#472 = ORIENTED_EDGE ( 'NONE', *, *, #883, .F. ) ;
#473 = DIRECTION ( 'NONE',  ( 0.000000000000000000, -1.000000000000000000, -0.000000000000000000 ) ) ;
#474 = CARTESIAN_POINT ( 'NONE',  ( 0.8000000000000000444, 4.000000000000000000, -2.786231041578000500 ) ) ;
#475 = LINE ( 'NONE', #1279, #1225 ) ;
#476 = ORIENTED_EDGE ( 'NONE', *, *, #1118, .F. ) ;
#477 = ORIENTED_EDGE ( 'NONE', *, *, #1427, .F. ) ;
#478 = VECTOR ( 'NONE', #327, 1000.000000000000000 ) ;
#479 = CARTESIAN_POINT ( 'NONE',  ( -2.070327597542772402, 1.800000000001455103, 4.385912587254098938 ) ) ;
#480 = VERTEX_POINT ( 'NONE', #1255 ) ;
#481 = DIRECTION ( 'NONE',  ( -0.4999999999993178235, 0.000000000000000000, 0.8660254037848323927 ) ) ;
#482 = EDGE_CURVE ( 'NONE', #487, #1186, #769, .T. ) ;
#483 = AXIS2_PLACEMENT_3D ( 'NONE', #1352, #695, #574 ) ;
#484 = CARTESIAN_POINT ( 'NONE',  ( 0.000000000000000000, -1.199999999999999956, -4.250000000000000000 ) ) ;
#485 = CARTESIAN_POINT ( 'NONE',  ( 0.000000000000000000, 1.000000000000000000, 0.000000000000000000 ) ) ;
#486 = FACE_OUTER_BOUND ( 'NONE', #734, .T. ) ;
#487 = VERTEX_POINT ( 'NONE', #1509 ) ;
#488 = CARTESIAN_POINT ( 'NONE',  ( -0.6500000000000001332, -0.6297249907837890737, 2.957882140529662696 ) ) ;
#489 = ORIENTED_EDGE ( 'NONE', *, *, #1674, .T. ) ;
#490 = CARTESIAN_POINT ( 'NONE',  ( 0.000000000000000000, 1.000000000000000000, 0.000000000000000000 ) ) ;
#491 = CARTESIAN_POINT ( 'NONE',  ( 0.000000000000000000, 1.000000000000000000, -5.049999999999999822 ) ) ;
#492 = ADVANCED_FACE ( 'NONE', ( #1662 ), #331, .T. ) ;
#493 = CARTESIAN_POINT ( 'NONE',  ( 1.541951415286695770, -1.199999999999999956, 5.070738194079175365 ) ) ;
#494 = LINE ( 'NONE', #242, #1512 ) ;
#495 = AXIS2_PLACEMENT_3D ( 'NONE', #552, #1217, #11 ) ;
#496 = EDGE_LOOP ( 'NONE', ( #173, #661, #1588, #58, #180, #42 ) ) ;
#497 = DIRECTION ( 'NONE',  ( 0.000000000000000000, -1.000000000000000000, 0.000000000000000000 ) ) ;
#498 = EDGE_LOOP ( 'NONE', ( #1535, #645, #512, #997 ) ) ;
#499 = LINE ( 'NONE', #1276, #692 ) ;
#500 = VECTOR ( 'NONE', #1128, 1000.000000000000000 ) ;
#501 = ADVANCED_FACE ( 'NONE', ( #1263 ), #1671, .F. ) ;
#502 = CARTESIAN_POINT ( 'NONE',  ( -13.10883712567000003, 0.000000000000000000, 17.70675256894000071 ) ) ;
#503 = DIRECTION ( 'NONE',  ( 0.000000000000000000, 1.000000000000000000, 0.000000000000000000 ) ) ;
#504 = EDGE_CURVE ( 'NONE', #1323, #1590, #1533, .T. ) ;
#505 = ORIENTED_EDGE ( 'NONE', *, *, #914, .F. ) ;
#506 = DIRECTION ( 'NONE',  ( 8.881784197001250746E-15, 0.000000000000000000, -1.000000000000000000 ) ) ;
#507 = VERTEX_POINT ( 'NONE', #470 ) ;
#508 = CIRCLE ( 'NONE', #1471, 1.399999999999999911 ) ;
#509 = CARTESIAN_POINT ( 'NONE',  ( 0.000000000000000000, 3.000000000000000000, -5.049999999999999822 ) ) ;
#510 = CARTESIAN_POINT ( 'NONE',  ( -4.233203322419917924, 0.3111111111797864592, 2.767876766798627042 ) ) ;
#511 = DIRECTION ( 'NONE',  ( 0.000000000000000000, 0.000000000000000000, -1.000000000000000000 ) ) ;
#512 = ORIENTED_EDGE ( 'NONE', *, *, #131, .F. ) ;
#513 = EDGE_CURVE ( 'NONE', #122, #830, #866, .T. ) ;
#514 = EDGE_CURVE ( 'NONE', #573, #1000, #908, .T. ) ;
#515 = CARTESIAN_POINT ( 'NONE',  ( -3.569142892003999812, 1.000000000000000000, 3.918063171575000059 ) ) ;
#516 = VERTEX_POINT ( 'NONE', #1653 ) ;
#517 = DIRECTION ( 'NONE',  ( 0.000000000000000000, -1.000000000000000000, 0.000000000000000000 ) ) ;
#518 = CARTESIAN_POINT ( 'NONE',  ( -0.9335809082760473387, 3.933580908276046451, -4.963417998328070624 ) ) ;
#519 = CARTESIAN_POINT ( 'NONE',  ( 0.6500020629602676348, 0.1136833769365700048, 3.525839942531198368 ) ) ;
#520 = APPLICATION_CONTEXT ( 'automotive_design' ) ;
#521 = ORIENTED_EDGE ( 'NONE', *, *, #703, .T. ) ;
#522 = PRODUCT_DEFINITION_SHAPE ( 'NONE', 'NONE',  #913 ) ;
#523 = AXIS2_PLACEMENT_3D ( 'NONE', #594, #1646, #1387 ) ;
#524 = EDGE_CURVE ( 'NONE', #1539, #507, #389, .T. ) ;
#525 = DIRECTION ( 'NONE',  ( 0.000000000000000000, 0.000000000000000000, -1.000000000000000000 ) ) ;
#526 = ORIENTED_EDGE ( 'NONE', *, *, #397, .F. ) ;
#527 = VECTOR ( 'NONE', #1321, 1000.000000000000000 ) ;
#528 = FACE_OUTER_BOUND ( 'NONE', #286, .T. ) ;
#529 = CIRCLE ( 'NONE', #986, 5.049999999999999822 ) ;
#530 = DIRECTION ( 'NONE',  ( 0.000000000000000000, 0.000000000000000000, -1.000000000000000000 ) ) ;
#531 = CYLINDRICAL_SURFACE ( 'NONE', #1364, 3.899999999999999911 ) ;
#532 = ORIENTED_EDGE ( 'NONE', *, *, #1407, .T. ) ;
#533 = DIRECTION ( 'NONE',  ( 0.8660254037844289376, 0.000000000000000000, -0.5000000000000167644 ) ) ;
#534 = EDGE_LOOP ( 'NONE', ( #1070, #394, #1327, #63 ) ) ;
#535 = CIRCLE ( 'NONE', #1494, 5.049999999999999822 ) ;
#536 = ADVANCED_FACE ( 'NONE', ( #190 ), #715, .T. ) ;
#537 = CARTESIAN_POINT ( 'NONE',  ( -3.569142892003999812, 1.000000000000000000, 3.918063171576000148 ) ) ;
#538 = DIRECTION ( 'NONE',  ( 8.659560562354932858E-17, -0.7071067811865474617, 0.7071067811865474617 ) ) ;
#539 = CARTESIAN_POINT ( 'NONE',  ( 0.6500005453678853184, -0.9999966874660601857, 2.672079730315260360 ) ) ;
#540 = ORIENTED_EDGE ( 'NONE', *, *, #45, .F. ) ;
#541 = CARTESIAN_POINT ( 'NONE',  ( 5.136417328133000935E-07, 1.800000000002910383, -3.913560414972594437E-06 ) ) ;
#542 = ORIENTED_EDGE ( 'NONE', *, *, #385, .F. ) ;
#543 = EDGE_CURVE ( 'NONE', #1590, #480, #340, .T. ) ;
#544 = DIRECTION ( 'NONE',  ( -0.000000000000000000, -1.000000000000000000, -0.000000000000000000 ) ) ;
#545 = DIRECTION ( 'NONE',  ( -1.776356839400250465E-15, 0.000000000000000000, -1.000000000000000000 ) ) ;
#546 = CARTESIAN_POINT ( 'NONE',  ( 0.000000000000000000, 3.799999999999999378, -2.786231041578000500 ) ) ;
#547 = ORIENTED_EDGE ( 'NONE', *, *, #1500, .F. ) ;
#548 = DIRECTION ( 'NONE',  ( 0.000000000000000000, 0.000000000000000000, -1.000000000000000000 ) ) ;
#549 = ORIENTED_EDGE ( 'NONE', *, *, #1674, .F. ) ;
#550 = CIRCLE ( 'NONE', #1040, 5.049999999999999822 ) ;
#551 = VERTEX_POINT ( 'NONE', #1132 ) ;
#552 = CARTESIAN_POINT ( 'NONE',  ( 0.000000000000000000, 0.6999999999948158802, 0.000000000000000000 ) ) ;
#553 = DIRECTION ( 'NONE',  ( 0.000000000000000000, 0.000000000000000000, -1.000000000000000000 ) ) ;
#554 = AXIS2_PLACEMENT_3D ( 'NONE', #1039, #1304, #1023 ) ;
#555 = EDGE_CURVE ( 'NONE', #432, #1636, #1379, .T. ) ;
#556 = CARTESIAN_POINT ( 'NONE',  ( -13.10883712567000003, 1.800000000000000933, 17.70675256894000071 ) ) ;
#557 = VERTEX_POINT ( 'NONE', #1141 ) ;
#558 = PLANE ( 'NONE',  #344 ) ;
#559 = VERTEX_POINT ( 'NONE', #999 ) ;
#560 = VERTEX_POINT ( 'NONE', #1007 ) ;
#561 = DIRECTION ( 'NONE',  ( 0.000000000000000000, 0.000000000000000000, -1.000000000000000000 ) ) ;
#562 = CARTESIAN_POINT ( 'NONE',  ( -3.680607966084000537, -1.199999999999999956, 2.125000000000000000 ) ) ;
#563 = DIRECTION ( 'NONE',  ( 0.7071067811865475727, 0.7071067811865475727, 0.000000000000000000 ) ) ;
#564 = ORIENTED_EDGE ( 'NONE', *, *, #189, .F. ) ;
#565 = CIRCLE ( 'NONE', #1366, 0.5999999999999998668 ) ;
#566 = EDGE_CURVE ( 'NONE', #244, #943, #1452, .T. ) ;
#567 = ADVANCED_FACE ( 'NONE', ( #1284 ), #1103, .F. ) ;
#568 = CARTESIAN_POINT ( 'NONE',  ( 0.000000000000000000, 3.700000000000000178, 0.000000000000000000 ) ) ;
#569 = ORIENTED_EDGE ( 'NONE', *, *, #513, .F. ) ;
#570 = CARTESIAN_POINT ( 'NONE',  ( 0.000000000000000000, 2.600000000029467628, 0.000000000000000000 ) ) ;
#571 = CARTESIAN_POINT ( 'NONE',  ( -1.413446624252907347, 1.000000000000000000, 4.848161366991272203 ) ) ;
#572 = DIRECTION ( 'NONE',  ( 0.000000000000000000, -1.000000000000000000, 0.000000000000000000 ) ) ;
#573 = VERTEX_POINT ( 'NONE', #463 ) ;
#574 = DIRECTION ( 'NONE',  ( 0.000000000000000000, 0.000000000000000000, 1.000000000000000000 ) ) ;
#575 = ORIENTED_EDGE ( 'NONE', *, *, #82, .T. ) ;
#576 = ADVANCED_FACE ( 'NONE', ( #980 ), #724, .F. ) ;
#577 = EDGE_LOOP ( 'NONE', ( #1058, #468, #1502, #384 ) ) ;
#578 = CARTESIAN_POINT ( 'NONE',  ( -0.4660047930310783904, 0.000000000000000000, -3.872058823529293647 ) ) ;
#579 = DIRECTION ( 'NONE',  ( 0.000000000000000000, 0.000000000000000000, 1.000000000000000000 ) ) ;
#580 = LINE ( 'NONE', #1174, #690 ) ;
#581 = VECTOR ( 'NONE', #293, 1000.000000000000000 ) ;
#582 = ORIENTED_EDGE ( 'NONE', *, *, #131, .T. ) ;
#583 = CARTESIAN_POINT ( 'NONE',  ( 0.000000000000000000, -0.05000000000000000278, 0.000000000000000000 ) ) ;
#584 = B_SPLINE_CURVE_WITH_KNOTS ( 'NONE', 3,
 ( #860, #1292, #1411, #992, #745, #1511, #86, #620 ),
 .UNSPECIFIED., .F., .F.,
 ( 4, 2, 2, 4 ),
 ( 3.213045531370767414E-17, 0.0003142857665850833115, 0.0006285715331701344222, 0.001257143066340236535 ),
 .UNSPECIFIED. ) ;
#585 = CARTESIAN_POINT ( 'NONE',  ( 0.7671368366552833162, 0.4080135261104127498, 3.728719977444558076 ) ) ;
#586 = CARTESIAN_POINT ( 'NONE',  ( 0.000000000000000000, 1.800000000000000266, 0.000000000000000000 ) ) ;
#587 = VECTOR ( 'NONE', #1305, 1000.000000000000000 ) ;
#588 = AXIS2_PLACEMENT_3D ( 'NONE', #399, #897, #1577 ) ;
#589 = ORIENTED_EDGE ( 'NONE', *, *, #1521, .T. ) ;
#590 = AXIS2_PLACEMENT_3D ( 'NONE', #238, #101, #775 ) ;
#591 = CARTESIAN_POINT ( 'NONE',  ( -1.092065122393331533, 1.192120752816469009, 4.256551530669486993 ) ) ;
#592 = ORIENTED_EDGE ( 'NONE', *, *, #1045, .T. ) ;
#593 = ADVANCED_BREP_SHAPE_REPRESENTATION ( 'M_DC11_A01_IDLER_CAP', ( #40, #160 ), #217 ) ;
#594 = CARTESIAN_POINT ( 'NONE',  ( 0.000000000000000000, 0.000000000000000000, 0.000000000000000000 ) ) ;
#595 = ADVANCED_FACE ( 'NONE', ( #886 ), #1547, .F. ) ;
#596 = DIRECTION ( 'NONE',  ( 0.000000000000000000, 1.000000000000000000, 0.000000000000000000 ) ) ;
#597 = CARTESIAN_POINT ( 'NONE',  ( 0.000000000000000000, 1.000000000000000000, 0.000000000000000000 ) ) ;
#598 = VERTEX_POINT ( 'NONE', #1169 ) ;
#599 = DIRECTION ( 'NONE',  ( 0.000000000000000000, -1.000000000000000000, 0.000000000000000000 ) ) ;
#600 = ORIENTED_EDGE ( 'NONE', *, *, #10, .T. ) ;
#601 = LINE ( 'NONE', #1682, #1215 ) ;
#602 = CARTESIAN_POINT ( 'NONE',  ( 4.373428289111445544, 0.3111111111458291778, -2.525000000000257039 ) ) ;
#603 = DIRECTION ( 'NONE',  ( -0.000000000000000000, -1.000000000000000000, -0.000000000000000000 ) ) ;
#604 = EDGE_LOOP ( 'NONE', ( #1239, #357, #1445, #951, #589 ) ) ;
#605 = EDGE_CURVE ( 'NONE', #516, #227, #1315, .T. ) ;
#606 = VECTOR ( 'NONE', #99, 1000.000000000000000 ) ;
#607 = CARTESIAN_POINT ( 'NONE',  ( 0.000000000000000000, 4.000000000000000000, 0.000000000000000000 ) ) ;
#608 = AXIS2_PLACEMENT_3D ( 'NONE', #1503, #1518, #1113 ) ;
#609 = ORIENTED_EDGE ( 'NONE', *, *, #1459, .T. ) ;
#610 = DIRECTION ( 'NONE',  ( 0.5372996083468004613, -0.000000000000000000, 0.8433914458129005975 ) ) ;
#611 = CARTESIAN_POINT ( 'NONE',  ( 0.000000000000000000, 2.200000000000000178, -2.750000000000000000 ) ) ;
#612 = LINE ( 'NONE', #493, #478 ) ;
#613 = SURFACE_SIDE_STYLE ('',( #187 ) ) ;
#614 = VECTOR ( 'NONE', #5, 1000.000000000000000 ) ;
#615 = ORIENTED_EDGE ( 'NONE', *, *, #936, .T. ) ;
#616 = EDGE_CURVE ( 'NONE', #920, #859, #1196, .T. ) ;
#617 = CARTESIAN_POINT ( 'NONE',  ( 0.000000000000000000, 2.200000000000000178, 0.000000000000000000 ) ) ;
#618 = ORIENTED_EDGE ( 'NONE', *, *, #1449, .F. ) ;
#619 = VECTOR ( 'NONE', #1380, 1000.000000000000000 ) ;
#620 = CARTESIAN_POINT ( 'NONE',  ( -2.170656583728013178, 1.800000000000000266, 4.559687488799888833 ) ) ;
#621 = CIRCLE ( 'NONE', #1054, 5.049999999999999822 ) ;
#622 = LINE ( 'NONE', #1657, #299 ) ;
#623 = CARTESIAN_POINT ( 'NONE',  ( -4.373428289110999678, 1.000000000000000000, -2.524999999999999911 ) ) ;
#624 = DIRECTION ( 'NONE',  ( 0.000000000000000000, -0.000000000000000000, -1.000000000000000000 ) ) ;
#625 = EDGE_LOOP ( 'NONE', ( #1120, #102, #1133, #1247 ) ) ;
#626 = CARTESIAN_POINT ( 'NONE',  ( 0.000000000000000000, 1.800000000000000266, 0.000000000000000000 ) ) ;
#627 = ORIENTED_EDGE ( 'NONE', *, *, #421, .F. ) ;
#628 = DIRECTION ( 'NONE',  ( -0.5000000000000167644, 0.000000000000000000, -0.8660254037844289376 ) ) ;
#629 = EDGE_CURVE ( 'NONE', #1393, #1008, #1083, .T. ) ;
#630 = CARTESIAN_POINT ( 'NONE',  ( -3.695778161030693454, 0.5804266191689051446, -3.698724451590592821 ) ) ;
#631 = CARTESIAN_POINT ( 'NONE',  ( -3.680607966084000537, 0.000000000000000000, 2.125000000000000000 ) ) ;
#632 = EDGE_LOOP ( 'NONE', ( #798, #569, #25, #1033 ) ) ;
#633 = CARTESIAN_POINT ( 'NONE',  ( -3.680607966084000537, -1.199999999999999956, 2.125000000000000000 ) ) ;
#634 = ORIENTED_EDGE ( 'NONE', *, *, #1108, .T. ) ;
#635 = CIRCLE ( 'NONE', #1686, 0.5999999999999998668 ) ;
#636 = CARTESIAN_POINT ( 'NONE',  ( 1.464892885062575090, 0.4664881201218110673, 4.937268904574422024 ) ) ;
#637 = AXIS2_PLACEMENT_3D ( 'NONE', #735, #351, #1134 ) ;
#638 = DIRECTION ( 'NONE',  ( -0.8660254037844289376, 0.000000000000000000, 0.5000000000000167644 ) ) ;
#639 = EDGE_CURVE ( 'NONE', #341, #1660, #1679, .T. ) ;
#640 = EDGE_CURVE ( 'NONE', #1299, #1624, #902, .T. ) ;
#641 = CARTESIAN_POINT ( 'NONE',  ( -3.569142892003818179, -0.05000000000000000278, -3.918063171575800752 ) ) ;
#642 = CYLINDRICAL_SURFACE ( 'NONE', #1656, 3.899999999999999911 ) ;
#643 = CARTESIAN_POINT ( 'NONE',  ( 0.6500005935739913143, 0.000000000000000000, 2.672077698786743394 ) ) ;
#644 = CARTESIAN_POINT ( 'NONE',  ( 0.000000000000000000, 1.000000000000000000, 0.000000000000000000 ) ) ;
#645 = ORIENTED_EDGE ( 'NONE', *, *, #1652, .F. ) ;
#646 = CIRCLE ( 'NONE', #700, 2.750000000000000000 ) ;
#647 = FACE_OUTER_BOUND ( 'NONE', #1482, .T. ) ;
#648 = DIRECTION ( 'NONE',  ( 0.000000000000000000, -1.000000000000000000, 0.000000000000000000 ) ) ;
#649 = EDGE_CURVE ( 'NONE', #720, #111, #1171, .T. ) ;
#650 = CARTESIAN_POINT ( 'NONE',  ( 0.000000000000000000, 0.000000000000000000, -1.399999999999999911 ) ) ;
#651 = ORIENTED_EDGE ( 'NONE', *, *, #1706, .T. ) ;
#652 = DIRECTION ( 'NONE',  ( -0.000000000000000000, -1.000000000000000000, -0.000000000000000000 ) ) ;
#653 = EDGE_LOOP ( 'NONE', ( #1401, #1672, #262, #1183, #592, #1596, #1715, #876, #455, #1615, #50, #834, #306 ) ) ;
#654 = DIRECTION ( 'NONE',  ( -0.000000000000000000, 1.000000000000000000, -0.000000000000000000 ) ) ;
#655 = DIRECTION ( 'NONE',  ( 0.000000000000000000, 0.000000000000000000, -1.000000000000000000 ) ) ;
#656 = CARTESIAN_POINT ( 'NONE',  ( 0.4660047930310585729, 0.000000000000000000, -3.872058823529269223 ) ) ;
#657 = DIRECTION ( 'NONE',  ( 0.000000000000000000, -1.000000000000000000, 0.000000000000000000 ) ) ;
#658 = ORIENTED_EDGE ( 'NONE', *, *, #467, .F. ) ;
#659 = EDGE_CURVE ( 'NONE', #1469, #1205, #123, .T. ) ;
#660 = CARTESIAN_POINT ( 'NONE',  ( 3.120298909608695936, 0.000000000000000000, 2.339601400814844911 ) ) ;
#661 = ORIENTED_EDGE ( 'NONE', *, *, #1542, .F. ) ;
#662 = AXIS2_PLACEMENT_3D ( 'NONE', #1464, #12, #425 ) ;
#663 = DIRECTION ( 'NONE',  ( -0.5000000000001535438, 0.000000000000000000, -0.8660254037843498898 ) ) ;
#664 = DIRECTION ( 'NONE',  ( -0.000000000000000000, 0.000000000000000000, -1.000000000000000000 ) ) ;
#665 = CARTESIAN_POINT ( 'NONE',  ( 0.8161670469866999511, -1.199999999999999956, 3.813642792843999985 ) ) ;
#666 = VERTEX_POINT ( 'NONE', #1707 ) ;
#667 = CARTESIAN_POINT ( 'NONE',  ( -10.31668308609999940, 1.000000000000000000, 18.66901927070999889 ) ) ;
#668 = ORIENTED_EDGE ( 'NONE', *, *, #385, .T. ) ;
#669 = EDGE_CURVE ( 'NONE', #953, #1443, #888, .T. ) ;
#670 = VECTOR ( 'NONE', #780, 1000.000000000000000 ) ;
#671 = LINE ( 'NONE', #1199, #816 ) ;
#672 = FACE_OUTER_BOUND ( 'NONE', #873, .T. ) ;
#673 = VECTOR ( 'NONE', #1476, 1000.000000000000000 ) ;
#674 = LINE ( 'NONE', #1066, #699 ) ;
#675 = ORIENTED_EDGE ( 'NONE', *, *, #749, .F. ) ;
#676 = DIRECTION ( 'NONE',  ( 0.000000000000000000, 0.000000000000000000, -1.000000000000000000 ) ) ;
#677 = ORIENTED_EDGE ( 'NONE', *, *, #119, .F. ) ;
#678 = ORIENTED_EDGE ( 'NONE', *, *, #410, .F. ) ;
#679 = EDGE_CURVE ( 'NONE', #462, #1049, #1680, .T. ) ;
#680 = CARTESIAN_POINT ( 'NONE',  ( 0.000000000000000000, 3.700000000000000178, -1.399999999999999911 ) ) ;
#681 = CARTESIAN_POINT ( 'NONE',  ( -2.523964873917707852, -1.000003759709326312, 1.091831259732276571 ) ) ;
#682 = CARTESIAN_POINT ( 'NONE',  ( -0.8000000000000000444, 4.000000000000000000, -2.786231041578000500 ) ) ;
#683 = ORIENTED_EDGE ( 'NONE', *, *, #979, .T. ) ;
#684 = DIRECTION ( 'NONE',  ( -0.000000000000000000, 1.000000000000000000, -0.000000000000000000 ) ) ;
#685 = VERTEX_POINT ( 'NONE', #660 ) ;
#686 = VECTOR ( 'NONE', #319, 1000.000000000000000 ) ;
#687 = ORIENTED_EDGE ( 'NONE', *, *, #1144, .F. ) ;
#688 = DIRECTION ( 'NONE',  ( -0.000000000000000000, -1.000000000000000000, -0.000000000000000000 ) ) ;
#689 = CYLINDRICAL_SURFACE ( 'NONE', #1377, 2.500000000000000000 ) ;
#690 = VECTOR ( 'NONE', #503, 1000.000000000000000 ) ;
#691 = PRODUCT_RELATED_PRODUCT_CATEGORY ( 'part', '', ( #1010 ) ) ;
#692 = VECTOR ( 'NONE', #1421, 1000.000000000000000 ) ;
#693 = CARTESIAN_POINT ( 'NONE',  ( 2.610818746084999841E-06, -0.9999964997291499458, 2.377768927086999986E-06 ) ) ;
#694 = ORIENTED_EDGE ( 'NONE', *, *, #237, .F. ) ;
#695 = DIRECTION ( 'NONE',  ( 0.000000000000000000, 1.000000000000000000, -0.000000000000000000 ) ) ;
#696 = ORIENTED_EDGE ( 'NONE', *, *, #513, .T. ) ;
#697 = DIRECTION ( 'NONE',  ( 0.5373000353509445048, 0.000000000000000000, 0.8433911737811071729 ) ) ;
#698 = CARTESIAN_POINT ( 'NONE',  ( 4.232943677174327846, 0.3111111111798569584, 2.768326485555900884 ) ) ;
#699 = VECTOR ( 'NONE', #13, 1000.000000000000114 ) ;
#700 = AXIS2_PLACEMENT_3D ( 'NONE', #98, #984, #1396 ) ;
#701 = CARTESIAN_POINT ( 'NONE',  ( -0.8000000000000000444, 3.000000000000000000, -4.986231041578198742 ) ) ;
#702 = ORIENTED_EDGE ( 'NONE', *, *, #710, .F. ) ;
#703 = EDGE_CURVE ( 'NONE', #685, #129, #203, .T. ) ;
#704 = AXIS2_PLACEMENT_3D ( 'NONE', #895, #112, #766 ) ;
#705 = CARTESIAN_POINT ( 'NONE',  ( 3.586303702639896063, 0.000000000000000000, 1.532457422714397000 ) ) ;
#706 = ORIENTED_EDGE ( 'NONE', *, *, #258, .T. ) ;
#707 = PLANE ( 'NONE',  #1124 ) ;
#708 = DIRECTION ( 'NONE',  ( 0.000000000000000000, 0.000000000000000000, -1.000000000000000000 ) ) ;
#709 = ORIENTED_EDGE ( 'NONE', *, *, #1652, .T. ) ;
#710 = EDGE_CURVE ( 'NONE', #1527, #156, #565, .T. ) ;
#711 = CARTESIAN_POINT ( 'NONE',  ( 0.000000000000000000, 1.000000000000000000, 0.000000000000000000 ) ) ;
#712 = PLANE ( 'NONE',  #313 ) ;
#713 = PRESENTATION_LAYER_ASSIGNMENT (  '', '', ( #1544 ) ) ;
#714 = ORIENTED_EDGE ( 'NONE', *, *, #1293, .T. ) ;
#715 = PLANE ( 'NONE',  #608 ) ;
#716 = ORIENTED_EDGE ( 'NONE', *, *, #1145, .F. ) ;
#717 = EDGE_CURVE ( 'NONE', #165, #1527, #803, .T. ) ;
#718 = CARTESIAN_POINT ( 'NONE',  ( 0.8669052397793248765, 3.866905239779324877, -4.975496642915933521 ) ) ;
#719 = CARTESIAN_POINT ( 'NONE',  ( 2.952217179333244790, -0.08594746284638844769, 1.764052726918325265 ) ) ;
#720 = VERTEX_POINT ( 'NONE', #757 ) ;
#721 = AXIS2_PLACEMENT_3D ( 'NONE', #1474, #172, #579 ) ;
#722 = ORIENTED_EDGE ( 'NONE', *, *, #679, .T. ) ;
#723 = AXIS2_PLACEMENT_3D ( 'NONE', #782, #1185, #1027 ) ;
#724 = PLANE ( 'NONE',  #233 ) ;
#725 = ORIENTED_EDGE ( 'NONE', *, *, #1467, .T. ) ;
#726 = CARTESIAN_POINT ( 'NONE',  ( -0.8000000000000000444, 4.000000000000000000, -2.786231041578000500 ) ) ;
#727 = B_SPLINE_CURVE_WITH_KNOTS ( 'NONE', 3,
 ( #793, #698, #1091, #1621, #443, #1448 ),
 .UNSPECIFIED., .F., .F.,
 ( 4, 2, 4 ),
 ( 5.795919593653013488E-15, 0.0008282085719915598934, 0.001656417143977324509 ),
 .UNSPECIFIED. ) ;
#728 = ADVANCED_FACE ( 'NONE', ( #1425 ), #1307, .F. ) ;
#729 = DIRECTION ( 'NONE',  ( 0.000000000000000000, 0.000000000000000000, -1.000000000000000000 ) ) ;
#730 = ADVANCED_FACE ( 'NONE', ( #405 ), #1043, .F. ) ;
#731 = CARTESIAN_POINT ( 'NONE',  ( -4.095918536897480422, 0.3476731829740605795, -3.005660990429643409 ) ) ;
#732 = ORIENTED_EDGE ( 'NONE', *, *, #1501, .T. ) ;
#733 = DIRECTION ( 'NONE',  ( -1.000000000000000000, 0.000000000000000000, 0.000000000000000000 ) ) ;
#734 = EDGE_LOOP ( 'NONE', ( #355, #1643, #27 ) ) ;
#735 = CARTESIAN_POINT ( 'NONE',  ( 0.000000000000000000, 3.700000000000000178, 0.000000000000000000 ) ) ;
#736 = CYLINDRICAL_SURFACE ( 'NONE', #523, 1.399999999999999911 ) ;
#737 = CIRCLE ( 'NONE', #1011, 1.399999999999999911 ) ;
#738 = CARTESIAN_POINT ( 'NONE',  ( -3.569142892003566381, 1.000000000000000000, 3.918063171575750570 ) ) ;
#739 = LINE ( 'NONE', #1244, #106 ) ;
#740 = EDGE_CURVE ( 'NONE', #1353, #1393, #621, .T. ) ;
#741 = ORIENTED_EDGE ( 'NONE', *, *, #923, .T. ) ;
#742 = CARTESIAN_POINT ( 'NONE',  ( -1.956595459582120000, 1.800000000000145484, 4.439598707889684803 ) ) ;
#743 = AXIS2_PLACEMENT_3D ( 'NONE', #617, #1392, #839 ) ;
#744 = EDGE_LOOP ( 'NONE', ( #1131, #6, #1546, #1210 ) ) ;
#745 = CARTESIAN_POINT ( 'NONE',  ( -1.571826675173078058, 1.492901880423265215, 4.799737050909059555 ) ) ;
#746 = DIRECTION ( 'NONE',  ( 0.000000000000000000, -1.000000000000000000, 0.000000000000000000 ) ) ;
#747 = CARTESIAN_POINT ( 'NONE',  ( -4.373428289111011225, 1.000000000000000000, 2.525000000000007017 ) ) ;
#748 = DIRECTION ( 'NONE',  ( 0.000000000000000000, 1.000000000000000000, 0.000000000000000000 ) ) ;
#749 = EDGE_CURVE ( 'NONE', #1372, #1000, #1667, .T. ) ;
#750 = VERTEX_POINT ( 'NONE', #1069 ) ;
#751 = DIRECTION ( 'NONE',  ( 0.000000000000000000, 1.000000000000000000, -0.000000000000000000 ) ) ;
#752 = ORIENTED_EDGE ( 'NONE', *, *, #97, .T. ) ;
#753 = DIRECTION ( 'NONE',  ( 0.5000000000000167644, 0.000000000000000000, 0.8660254037844290487 ) ) ;
#754 = CARTESIAN_POINT ( 'NONE',  ( 3.771228629879474603, 1.800000203843410418, 3.049643287501769162 ) ) ;
#755 = CARTESIAN_POINT ( 'NONE',  ( 3.586303702640058599, -1.199999999999999956, 1.532457422714371242 ) ) ;
#756 = ORIENTED_EDGE ( 'NONE', *, *, #193, .F. ) ;
#757 = CARTESIAN_POINT ( 'NONE',  ( -1.541951415287992955, 1.000000000000000000, 5.070738194078979078 ) ) ;
#758 = ORIENTED_EDGE ( 'NONE', *, *, #1014, .F. ) ;
#759 = DIRECTION ( 'NONE',  ( -0.000000000000000000, 1.000000000000000000, -0.000000000000000000 ) ) ;
#760 = EDGE_CURVE ( 'NONE', #1042, #1469, #508, .T. ) ;
#761 = EDGE_CURVE ( 'NONE', #1384, #1122, #1203, .T. ) ;
#762 = CARTESIAN_POINT ( 'NONE',  ( 0.000000000000000000, -1.199999999999999956, 0.000000000000000000 ) ) ;
#763 = CARTESIAN_POINT ( 'NONE',  ( -0.8000000000000001554, 3.799999999999999822, -4.986231041578196077 ) ) ;
#764 = DIRECTION ( 'NONE',  ( -0.5000000000008456569, 0.000000000000000000, -0.8660254037839503205 ) ) ;
#765 = ORIENTED_EDGE ( 'NONE', *, *, #70, .F. ) ;
#766 = DIRECTION ( 'NONE',  ( 0.000000000000000000, 0.000000000000000000, -1.000000000000000000 ) ) ;
#767 = ORIENTED_EDGE ( 'NONE', *, *, #936, .F. ) ;
#768 = VECTOR ( 'NONE', #880, 1000.000000000000000 ) ;
#769 = CIRCLE ( 'NONE', #743, 2.500000000000000000 ) ;
#770 = EDGE_CURVE ( 'NONE', #1000, #291, #1059, .T. ) ;
#771 = DIRECTION ( 'NONE',  ( 0.000000000000000000, 1.000000000000000000, -0.000000000000000000 ) ) ;
#772 = DIRECTION ( 'NONE',  ( -0.000000000000000000, 1.000000000000000000, -0.000000000000000000 ) ) ;
#773 = FACE_OUTER_BOUND ( 'NONE', #973, .T. ) ;
#774 = ORIENTED_EDGE ( 'NONE', *, *, #1259, .F. ) ;
#775 = DIRECTION ( 'NONE',  ( 0.000000000000000000, 0.000000000000000000, -1.000000000000000000 ) ) ;
#776 = VERTEX_POINT ( 'NONE', #806 ) ;
#777 = AXIS2_PLACEMENT_3D ( 'NONE', #952, #438, #548 ) ;
#778 = CARTESIAN_POINT ( 'NONE',  ( 3.569142892022707958, 0.7000000000127124533, 3.918063171543030077 ) ) ;
#779 = CARTESIAN_POINT ( 'NONE',  ( 0.8161670469866341149, 0.000000000000000000, 3.813642792844150531 ) ) ;
#780 = DIRECTION ( 'NONE',  ( 0.000000000000000000, -1.000000000000000000, 0.000000000000000000 ) ) ;
#781 = ORIENTED_EDGE ( 'NONE', *, *, #1358, .T. ) ;
#782 = CARTESIAN_POINT ( 'NONE',  ( 0.000000000000000000, 0.000000000000000000, 0.000000000000000000 ) ) ;
#783 = EDGE_LOOP ( 'NONE', ( #542, #1645, #756, #1681, #732, #547 ) ) ;
#784 = DIRECTION ( 'NONE',  ( -0.5372996083468004613, 0.000000000000000000, 0.8433914458129005975 ) ) ;
#785 = CARTESIAN_POINT ( 'NONE',  ( 0.000000000000000000, 2.200000000000000178, 0.000000000000000000 ) ) ;
#786 = LINE ( 'NONE', #546, #964 ) ;
#787 = ORIENTED_EDGE ( 'NONE', *, *, #330, .T. ) ;
#788 = ADVANCED_FACE ( 'NONE', ( #944 ), #857, .F. ) ;
#789 = DIRECTION ( 'NONE',  ( 0.000000000000000000, -0.000000000000000000, 1.000000000000000000 ) ) ;
#790 = VERTEX_POINT ( 'NONE', #705 ) ;
#791 = B_SPLINE_CURVE_WITH_KNOTS ( 'NONE', 3,
 ( #90, #459, #731, #871, #630, #215 ),
 .UNSPECIFIED., .F., .F.,
 ( 4, 2, 4 ),
 ( 4.091776393671055985E-15, 0.0008282085719910365490, 0.001656417143977980668 ),
 .UNSPECIFIED. ) ;
#792 = CARTESIAN_POINT ( 'NONE',  ( -1.000000000000000222, 4.000000000000000000, -2.586231041577999434 ) ) ;
#793 = CARTESIAN_POINT ( 'NONE',  ( 4.373428289110182554, 0.3111111111454288869, 2.525000000001415668 ) ) ;
#794 = CARTESIAN_POINT ( 'NONE',  ( 4.373428289111473077, 1.000000000000000000, -2.525000000000209521 ) ) ;
#795 = EDGE_LOOP ( 'NONE', ( #276, #477, #1152, #1700 ) ) ;
#796 = EDGE_CURVE ( 'NONE', #1360, #750, #797, .T. ) ;
#797 = LINE ( 'NONE', #155, #673 ) ;
#798 = ORIENTED_EDGE ( 'NONE', *, *, #258, .F. ) ;
#799 = AXIS2_PLACEMENT_3D ( 'NONE', #1341, #1100, #821 ) ;
#800 = AXIS2_PLACEMENT_3D ( 'NONE', #136, #241, #126 ) ;
#801 = LINE ( 'NONE', #28, #1351 ) ;
#802 = LINE ( 'NONE', #1613, #527 ) ;
#803 = CIRCLE ( 'NONE', #723, 3.899999999999999911 ) ;
#804 = DIRECTION ( 'NONE',  ( 0.000000000000000000, -0.000000000000000000, -1.000000000000000000 ) ) ;
#805 = EDGE_LOOP ( 'NONE', ( #615, #893, #1583, #392 ) ) ;
#806 = CARTESIAN_POINT ( 'NONE',  ( 1.000000000000000000, 4.000000000000000000, -2.586231041577999878 ) ) ;
#807 = VERTEX_POINT ( 'NONE', #1616 ) ;
#808 = EDGE_CURVE ( 'NONE', #1205, #1036, #1638, .T. ) ;
#809 = EDGE_CURVE ( 'NONE', #1008, #934, #937, .T. ) ;
#810 = CARTESIAN_POINT ( 'NONE',  ( 0.8161670469865207611, -1.199999999999999956, 3.813642792844046170 ) ) ;
#811 = CARTESIAN_POINT ( 'NONE',  ( -2.170656583728013178, 1.800000000000000266, 4.559687488799888833 ) ) ;
#812 = DIRECTION ( 'NONE',  ( 0.000000000000000000, -1.000000000000000000, 0.000000000000000000 ) ) ;
#813 = ORIENTED_EDGE ( 'NONE', *, *, #761, .T. ) ;
#814 = CARTESIAN_POINT ( 'NONE',  ( -0.6500000000000546452, -1.199999999999999956, 2.672077843177463663 ) ) ;
#815 = ORIENTED_EDGE ( 'NONE', *, *, #1240, .T. ) ;
#816 = VECTOR ( 'NONE', #544, 1000.000000000000000 ) ;
#817 = ADVANCED_FACE ( 'NONE', ( #305 ), #296, .F. ) ;
#818 = CARTESIAN_POINT ( 'NONE',  ( 0.6500005453678853184, -0.9999966874660601857, 2.672079730315260360 ) ) ;
#819 = LINE ( 'NONE', #273, #930 ) ;
#820 = AXIS2_PLACEMENT_3D ( 'NONE', #1540, #753, #1394 ) ;
#821 = DIRECTION ( 'NONE',  ( 0.000000000000000000, 0.000000000000000000, -1.000000000000000000 ) ) ;
#822 = VERTEX_POINT ( 'NONE', #1484 ) ;
#823 = CARTESIAN_POINT ( 'NONE',  ( 0.000000000000000000, 0.000000000000000000, 0.000000000000000000 ) ) ;
#824 = VERTEX_POINT ( 'NONE', #1468 ) ;
#825 = VERTEX_POINT ( 'NONE', #1599 ) ;
#826 = CARTESIAN_POINT ( 'NONE',  ( 0.6500020629602676348, 0.1136833769365700048, 3.525839942531198368 ) ) ;
#827 = VECTOR ( 'NONE', #596, 1000.000000000000000 ) ;
#828 = CONICAL_SURFACE ( 'NONE', #1415, 4.850002272173530748, 0.6435007624000923521 ) ;
#829 = DIRECTION ( 'NONE',  ( -1.000000000000000000, 0.000000000000000000, 0.000000000000000000 ) ) ;
#830 = VERTEX_POINT ( 'NONE', #279 ) ;
#831 = EDGE_CURVE ( 'NONE', #35, #122, #1109, .T. ) ;
#832 = CONICAL_SURFACE ( 'NONE', #317, 2.499999999997726263, 0.7853981633974482790 ) ;
#833 = FACE_OUTER_BOUND ( 'NONE', #805, .T. ) ;
#834 = ORIENTED_EDGE ( 'NONE', *, *, #182, .F. ) ;
#835 = CARTESIAN_POINT ( 'NONE',  ( -3.884319413151363865, 4.000000000000000000, 3.227160159740362300 ) ) ;
#836 = FACE_OUTER_BOUND ( 'NONE', #1289, .T. ) ;
#837 = ADVANCED_FACE ( 'NONE', ( #24 ), #558, .T. ) ;
#838 = VERTEX_POINT ( 'NONE', #167 ) ;
#839 = DIRECTION ( 'NONE',  ( 0.000000000000000000, 0.000000000000000000, -1.000000000000000000 ) ) ;
#840 = ORIENTED_EDGE ( 'NONE', *, *, #343, .F. ) ;
#841 = VECTOR ( 'NONE', #1683, 1000.000000000000000 ) ;
#842 = DIRECTION ( 'NONE',  ( 0.000000000000000000, -1.000000000000000000, 0.000000000000000000 ) ) ;
#843 = CARTESIAN_POINT ( 'NONE',  ( 3.569106992321519289, 1.324453398789266156, 2.732375703306379133 ) ) ;
#844 = DIRECTION ( 'NONE',  ( 0.000000000000000000, -1.000000000000000000, 0.000000000000000000 ) ) ;
#845 = B_SPLINE_CURVE_WITH_KNOTS ( 'NONE', 3,
 ( #1664, #1001, #76, #1549 ),
 .UNSPECIFIED., .F., .F.,
 ( 4, 4 ),
 ( 4.848699518061080308E-19, 0.001128562563363791219 ),
 .UNSPECIFIED. ) ;
#846 = CIRCLE ( 'NONE', #637, 1.399999999999999911 ) ;
#847 = ORIENTED_EDGE ( 'NONE', *, *, #10, .F. ) ;
#848 = ADVANCED_FACE ( 'NONE', ( #15 ), #832, .F. ) ;
#849 = CARTESIAN_POINT ( 'NONE',  ( 2.610818746084999841E-06, 1.800000203843410418, 2.377768927065704307E-06 ) ) ;
#850 = ORIENTED_EDGE ( 'NONE', *, *, #204, .F. ) ;
#851 = CARTESIAN_POINT ( 'NONE',  ( 1.387712219691819238, 0.2331371442103748748, 4.803588070790306475 ) ) ;
#852 = FACE_OUTER_BOUND ( 'NONE', #795, .T. ) ;
#853 = CARTESIAN_POINT ( 'NONE',  ( 3.365617044696248339, 0.8510177323643061120, 2.412960533160982468 ) ) ;
#854 = DIRECTION ( 'NONE',  ( -0.8660254037844289376, 0.000000000000000000, -0.5000000000000167644 ) ) ;
#855 = VECTOR ( 'NONE', #272, 1000.000000000000000 ) ;
#856 = EDGE_LOOP ( 'NONE', ( #375, #1606, #256, #1089 ) ) ;
#857 = CONICAL_SURFACE ( 'NONE', #1584, 4.849995398339690844, 0.6435008104886541513 ) ;
#858 = DIRECTION ( 'NONE',  ( -0.000000000000000000, -1.000000000000000000, -0.000000000000000000 ) ) ;
#859 = VERTEX_POINT ( 'NONE', #814 ) ;
#860 = CARTESIAN_POINT ( 'NONE',  ( -1.413446624252907347, 1.000000000000000000, 4.848161366991272203 ) ) ;
#861 = EDGE_CURVE ( 'NONE', #559, #244, #1052, .T. ) ;
#862 = EDGE_CURVE ( 'NONE', #859, #1323, #1095, .T. ) ;
#863 = DIRECTION ( 'NONE',  ( 0.8660254037844289376, 0.000000000000000000, 0.5000000000000167644 ) ) ;
#864 = CARTESIAN_POINT ( 'NONE',  ( 1.413446624251377237, 1.000000000000000000, 4.848161366991861065 ) ) ;
#865 = ORIENTED_EDGE ( 'NONE', *, *, #365, .F. ) ;
#866 = LINE ( 'NONE', #456, #251 ) ;
#867 = VERTEX_POINT ( 'NONE', #315 ) ;
#868 = LINE ( 'NONE', #1009, #905 ) ;
#869 = CARTESIAN_POINT ( 'NONE',  ( 1.500639677339148603, 1.607145890188243609, 4.460385468559678657 ) ) ;
#870 = ADVANCED_FACE ( 'NONE', ( #833 ), #141, .T. ) ;
#871 = CARTESIAN_POINT ( 'NONE',  ( -3.827655547974011974, 0.4819613980227049899, -3.470306117035357740 ) ) ;
#872 = PLANE ( 'NONE',  #1432 ) ;
#873 = EDGE_LOOP ( 'NONE', ( #428, #1101, #564, #752 ) ) ;
#874 = AXIS2_PLACEMENT_3D ( 'NONE', #898, #127, #624 ) ;
#875 = CARTESIAN_POINT ( 'NONE',  ( -0.6499996548692266174, -1.199999999999999956, 3.525832427131685431 ) ) ;
#876 = ORIENTED_EDGE ( 'NONE', *, *, #430, .T. ) ;
#877 = LINE ( 'NONE', #360, #1355 ) ;
#878 = PLANE ( 'NONE',  #1094 ) ;
#879 = LINE ( 'NONE', #1268, #1026 ) ;
#880 = DIRECTION ( 'NONE',  ( 0.000000000000000000, -1.000000000000000000, -0.000000000000000000 ) ) ;
#881 = VECTOR ( 'NONE', #950, 1000.000000000000227 ) ;
#882 = ORIENTED_EDGE ( 'NONE', *, *, #278, .F. ) ;
#883 = EDGE_CURVE ( 'NONE', #1536, #1028, #1167, .T. ) ;
#884 = ADVANCED_FACE ( 'NONE', ( #1175 ), #531, .T. ) ;
#885 = AXIS2_PLACEMENT_3D ( 'NONE', #1188, #250, #1030 ) ;
#886 = FACE_OUTER_BOUND ( 'NONE', #632, .T. ) ;
#887 = VERTEX_POINT ( 'NONE', #794 ) ;
#888 = CIRCLE ( 'NONE', #1388, 0.5999999999999998668 ) ;
#889 = FACE_OUTER_BOUND ( 'NONE', #856, .T. ) ;
#890 = FACE_OUTER_BOUND ( 'NONE', #37, .T. ) ;
#891 = DIRECTION ( 'NONE',  ( -0.000000000000000000, 1.000000000000000000, -0.000000000000000000 ) ) ;
#892 = LINE ( 'NONE', #121, #339 ) ;
#893 = ORIENTED_EDGE ( 'NONE', *, *, #514, .T. ) ;
#894 = EDGE_CURVE ( 'NONE', #269, #9, #1150, .T. ) ;
#895 = CARTESIAN_POINT ( 'NONE',  ( 0.000000000000000000, -1.199999999999999956, 0.000000000000000000 ) ) ;
#896 = ORIENTED_EDGE ( 'NONE', *, *, #1240, .F. ) ;
#897 = DIRECTION ( 'NONE',  ( 0.000000000000000000, -1.000000000000000000, 0.000000000000000000 ) ) ;
#898 = CARTESIAN_POINT ( 'NONE',  ( 0.000000000000000000, 1.000000000000000000, 0.000000000000000000 ) ) ;
#899 = CONICAL_SURFACE ( 'NONE', #1068, 2.499999999997726263, 0.7853981633974482790 ) ;
#900 = DIRECTION ( 'NONE',  ( 0.000000000000000000, 0.000000000000000000, -1.000000000000000000 ) ) ;
#901 = ORIENTED_EDGE ( 'NONE', *, *, #861, .T. ) ;
#902 = LINE ( 'NONE', #1573, #1140 ) ;
#903 = ORIENTED_EDGE ( 'NONE', *, *, #946, .F. ) ;
#904 = LINE ( 'NONE', #1335, #1129 ) ;
#905 = VECTOR ( 'NONE', #610, 1000.000000000000114 ) ;
#906 = DIRECTION ( 'NONE',  ( -0.000000000000000000, -1.000000000000000000, -0.000000000000000000 ) ) ;
#907 = CARTESIAN_POINT ( 'NONE',  ( 1.714505518806294391E-16, 0.000000000000000000, 1.399999999999999911 ) ) ;
#908 = B_SPLINE_CURVE_WITH_KNOTS ( 'NONE', 3,
 ( #990, #1375, #591, #74, #84, #64, #1246, #972, #742, #479 ),
 .UNSPECIFIED., .F., .F.,
 ( 4, 2, 2, 2, 4 ),
 ( 7.248368896887729044E-16, 0.0003701556934867935938, 0.0007403113869728622900, 0.001110467080458931149, 0.001480622773944999899 ),
 .UNSPECIFIED. ) ;
#909 = CARTESIAN_POINT ( 'NONE',  ( 3.586303702639896063, -1.199999999999999956, 1.532457422714397000 ) ) ;
#910 = ORIENTED_EDGE ( 'NONE', *, *, #193, .T. ) ;
#911 = DIRECTION ( 'NONE',  ( 0.000000000000000000, 0.000000000000000000, -1.000000000000000000 ) ) ;
#912 = ORIENTED_EDGE ( 'NONE', *, *, #1562, .F. ) ;
#913 = PRODUCT_DEFINITION ( 'Êô', '', #1318, #1216 ) ;
#914 = EDGE_CURVE ( 'NONE', #867, #1469, #1560, .T. ) ;
#915 = DIRECTION ( 'NONE',  ( 0.000000000000000000, 1.000000000000000000, 0.000000000000000000 ) ) ;
#916 = CARTESIAN_POINT ( 'NONE',  ( -3.569142892003566381, 0.7000000000125519151, 3.918063171575750570 ) ) ;
#917 = CYLINDRICAL_SURFACE ( 'NONE', #198, 5.049999999999999822 ) ;
#918 = ORIENTED_EDGE ( 'NONE', *, *, #967, .T. ) ;
#919 = DIRECTION ( 'NONE',  ( 0.000000000000000000, -0.000000000000000000, -1.000000000000000000 ) ) ;
#920 = VERTEX_POINT ( 'NONE', #1057 ) ;
#921 = DIRECTION ( 'NONE',  ( 0.000000000000000000, 0.000000000000000000, -1.000000000000000000 ) ) ;
#922 = LINE ( 'NONE', #417, #274 ) ;
#923 = EDGE_CURVE ( 'NONE', #925, #822, #175, .T. ) ;
#924 = CARTESIAN_POINT ( 'NONE',  ( 2.170656583726735978, 1.800000000000000044, 4.559687488800496347 ) ) ;
#925 = VERTEX_POINT ( 'NONE', #1182 ) ;
#926 = AXIS2_PLACEMENT_3D ( 'NONE', #948, #1489, #281 ) ;
#927 = EDGE_CURVE ( 'NONE', #953, #822, #1166, .T. ) ;
#928 = CARTESIAN_POINT ( 'NONE',  ( -2.070327597550000398, 1.800000000000000266, 4.385912587267999818 ) ) ;
#929 = VERTEX_POINT ( 'NONE', #1457 ) ;
#930 = VECTOR ( 'NONE', #171, 1000.000000000000000 ) ;
#931 = LINE ( 'NONE', #810, #1566 ) ;
#932 = CARTESIAN_POINT ( 'NONE',  ( 2.170656583726735978, 1.800000000000000044, 4.559687488800496347 ) ) ;
#933 = CARTESIAN_POINT ( 'NONE',  ( 0.000000000000000000, -1.199999999999999956, 0.000000000000000000 ) ) ;
#934 = VERTEX_POINT ( 'NONE', #1313 ) ;
#935 = ADVANCED_FACE ( 'NONE', ( #773 ), #1704, .T. ) ;
#936 = EDGE_CURVE ( 'NONE', #312, #573, #674, .T. ) ;
#937 = LINE ( 'NONE', #1086, #120 ) ;
#938 = ORIENTED_EDGE ( 'NONE', *, *, #616, .T. ) ;
#939 = VECTOR ( 'NONE', #663, 1000.000000000000114 ) ;
#940 = CARTESIAN_POINT ( 'NONE',  ( -2.742833741371292433, -0.5502953275034281333, 1.435386564254229613 ) ) ;
#941 = DIRECTION ( 'NONE',  ( 0.000000000000000000, 0.000000000000000000, -1.000000000000000000 ) ) ;
#942 = FACE_OUTER_BOUND ( 'NONE', #498, .T. ) ;
#943 = VERTEX_POINT ( 'NONE', #1450 ) ;
#944 = FACE_OUTER_BOUND ( 'NONE', #1254, .T. ) ;
#945 = ORIENTED_EDGE ( 'NONE', *, *, #1607, .F. ) ;
#946 = EDGE_CURVE ( 'NONE', #1049, #1384, #786, .T. ) ;
#947 = ORIENTED_EDGE ( 'NONE', *, *, #376, .F. ) ;
#948 = CARTESIAN_POINT ( 'NONE',  ( 0.000000000000000000, 0.000000000000000000, 0.000000000000000000 ) ) ;
#949 = PLANE ( 'NONE',  #1405 ) ;
#950 = DIRECTION ( 'NONE',  ( 0.4999999999998537836, 0.000000000000000000, 0.8660254037845229735 ) ) ;
#951 = ORIENTED_EDGE ( 'NONE', *, *, #809, .T. ) ;
#952 = CARTESIAN_POINT ( 'NONE',  ( 0.000000000000000000, 0.000000000000000000, 0.000000000000000000 ) ) ;
#953 = VERTEX_POINT ( 'NONE', #909 ) ;
#954 = AXIS2_PLACEMENT_3D ( 'NONE', #1356, #170, #1630 ) ;
#955 = B_SPLINE_CURVE_WITH_KNOTS ( 'NONE', 3,
 ( #1243, #585, #1110, #294 ),
 .UNSPECIFIED., .F., .F.,
 ( 4, 4 ),
 ( 6.267123910917018902E-16, 0.001128538835852576500 ),
 .UNSPECIFIED. ) ;
#956 = EDGE_CURVE ( 'NONE', #807, #1353, #892, .T. ) ;
#957 = FACE_OUTER_BOUND ( 'NONE', #177, .T. ) ;
#958 = AXIS2_PLACEMENT_3D ( 'NONE', #995, #1526, #216 ) ;
#959 = LINE ( 'NONE', #556, #1024 ) ;
#960 = EDGE_LOOP ( 'NONE', ( #1308, #938, #1230, #323, #445, #706, #987, #741, #1087, #1418, #1369, #918, #1561 ) ) ;
#961 = DIRECTION ( 'NONE',  ( -1.000000000000000000, 0.000000000000000000, 0.000000000000000000 ) ) ;
#962 = ORIENTED_EDGE ( 'NONE', *, *, #322, .F. ) ;
#963 = ORIENTED_EDGE ( 'NONE', *, *, #796, .T. ) ;
#964 = VECTOR ( 'NONE', #1595, 1000.000000000000000 ) ;
#965 = DIRECTION ( 'NONE',  ( -0.8660254037844289376, 0.000000000000000000, -0.5000000000000167644 ) ) ;
#966 = VECTOR ( 'NONE', #80, 1000.000000000000114 ) ;
#967 = EDGE_CURVE ( 'NONE', #825, #230, #243, .T. ) ;
#968 = AXIS2_PLACEMENT_3D ( 'NONE', #1635, #324, #1644 ) ;
#969 = DIRECTION ( 'NONE',  ( -0.000000000000000000, 1.000000000000000000, -0.000000000000000000 ) ) ;
#970 = DIRECTION ( 'NONE',  ( 0.5000000000001535438, 0.000000000000000000, -0.8660254037843498898 ) ) ;
#971 = ORIENTED_EDGE ( 'NONE', *, *, #1283, .F. ) ;
#972 = CARTESIAN_POINT ( 'NONE',  ( -1.834520044988735110, 1.770030474815960320, 4.466695352315152689 ) ) ;
#973 = EDGE_LOOP ( 'NONE', ( #1408, #308, #1302, #1670 ) ) ;
#974 = CARTESIAN_POINT ( 'NONE',  ( -0.6499993395491963089, 0.1136607808961905830, 3.525830588742213223 ) ) ;
#975 = DIRECTION ( 'NONE',  ( -0.4999999999981626919, 0.000000000000000000, -0.8660254037854993037 ) ) ;
#976 = DIRECTION ( 'NONE',  ( -0.5000000000000167644, 0.000000000000000000, 0.8660254037844289376 ) ) ;
#977 = EDGE_CURVE ( 'NONE', #551, #1202, #1442, .T. ) ;
#978 = ORIENTED_EDGE ( 'NONE', *, *, #130, .T. ) ;
#979 = EDGE_CURVE ( 'NONE', #1508, #1536, #96, .T. ) ;
#980 = FACE_OUTER_BOUND ( 'NONE', #1426, .T. ) ;
#981 = EDGE_LOOP ( 'NONE', ( #815, #971, #847, #947, #526 ) ) ;
#982 = DIRECTION ( 'NONE',  ( -1.776356839400250465E-15, 0.000000000000000000, -1.000000000000000000 ) ) ;
#983 = CARTESIAN_POINT ( 'NONE',  ( 0.000000000000000000, 4.000000000000000000, 0.000000000000000000 ) ) ;
#984 = DIRECTION ( 'NONE',  ( -0.000000000000000000, -1.000000000000000000, 0.000000000000000000 ) ) ;
#985 = AXIS2_PLACEMENT_3D ( 'NONE', #267, #282, #553 ) ;
#986 = AXIS2_PLACEMENT_3D ( 'NONE', #490, #1530, #66 ) ;
#987 = ORIENTED_EDGE ( 'NONE', *, *, #1312, .F. ) ;
#988 = ADVANCED_FACE ( 'NONE', ( #261 ), #917, .T. ) ;
#989 = EDGE_CURVE ( 'NONE', #824, #165, #139, .T. ) ;
#990 = CARTESIAN_POINT ( 'NONE',  ( -0.9993038930681270582, 1.000000000012317258, 4.130845114992826694 ) ) ;
#991 = ORIENTED_EDGE ( 'NONE', *, *, #1555, .T. ) ;
#992 = CARTESIAN_POINT ( 'NONE',  ( -1.513577757978436189, 1.404368277600247072, 4.818017907858403781 ) ) ;
#993 = DIRECTION ( 'NONE',  ( -0.000000000000000000, 0.000000000000000000, -1.000000000000000000 ) ) ;
#994 = LINE ( 'NONE', #1668, #1224 ) ;
#995 = CARTESIAN_POINT ( 'NONE',  ( 0.000000000000000000, 2.200000000000000178, 0.000000000000000000 ) ) ;
#996 = AXIS2_PLACEMENT_3D ( 'NONE', #452, #969, #829 ) ;
#997 = ORIENTED_EDGE ( 'NONE', *, *, #441, .F. ) ;
#998 = AXIS2_PLACEMENT_3D ( 'NONE', #270, #1290, #789 ) ;
#999 = CARTESIAN_POINT ( 'NONE',  ( 1.310370545378320095, -2.842170943040400743E-11, 4.669628361337077038 ) ) ;
#1000 = VERTEX_POINT ( 'NONE', #427 ) ;
#1001 = CARTESIAN_POINT ( 'NONE',  ( -0.8834534715819974959, 0.7036357042720873256, 3.930186298899059683 ) ) ;
#1002 = ADVANCED_FACE ( 'NONE', ( #186 ), #164, .T. ) ;
#1003 = DIRECTION ( 'NONE',  ( 1.000000000000000000, 0.000000000000000000, 0.000000000000000000 ) ) ;
#1004 = LINE ( 'NONE', #1126, #619 ) ;
#1005 = FILL_AREA_STYLE ('',( #1499 ) ) ;
#1006 = EDGE_LOOP ( 'NONE', ( #962, #359, #582, #1067 ) ) ;
#1007 = CARTESIAN_POINT ( 'NONE',  ( -4.373428289111011225, 0.3111111111454400446, 2.525000000000006573 ) ) ;
#1008 = VERTEX_POINT ( 'NONE', #701 ) ;
#1009 = CARTESIAN_POINT ( 'NONE',  ( 2.523965560061999902, 4.000000000000001776, 1.091832336770999889 ) ) ;
#1010 = PRODUCT ( 'M_DC11_A01_IDLER_CAP', 'M_DC11_A01_IDLER_CAP', '', ( #1317 ) ) ;
#1011 = AXIS2_PLACEMENT_3D ( 'NONE', #983, #746, #729 ) ;
#1012 = PLANE ( 'NONE',  #185 ) ;
#1013 = EDGE_CURVE ( 'NONE', #129, #559, #436, .T. ) ;
#1014 = EDGE_CURVE ( 'NONE', #1536, #557, #87, .T. ) ;
#1015 = CARTESIAN_POINT ( 'NONE',  ( 0.000000000000000000, 0.000000000000000000, 0.000000000000000000 ) ) ;
#1016 = DIRECTION ( 'NONE',  ( -0.4999999999998120392, 0.000000000000000000, 0.8660254037845471764 ) ) ;
#1017 = ORIENTED_EDGE ( 'NONE', *, *, #862, .T. ) ;
#1018 = AXIS2_PLACEMENT_3D ( 'NONE', #1237, #1270, #81 ) ;
#1019 = DIRECTION ( 'NONE',  ( 0.000000000000000000, 0.000000000000000000, 1.000000000000000000 ) ) ;
#1020 = ORIENTED_EDGE ( 'NONE', *, *, #1640, .T. ) ;
#1021 = DIRECTION ( 'NONE',  ( 0.000000000000000000, 0.000000000000000000, -1.000000000000000000 ) ) ;
#1022 = DIRECTION ( 'NONE',  ( 1.776356839400250465E-15, 0.000000000000000000, 1.000000000000000000 ) ) ;
#1023 = DIRECTION ( 'NONE',  ( 0.000000000000000000, -0.000000000000000000, 1.000000000000000000 ) ) ;
#1024 = VECTOR ( 'NONE', #1359, 1000.000000000000114 ) ;
#1025 = ORIENTED_EDGE ( 'NONE', *, *, #1706, .F. ) ;
#1026 = VECTOR ( 'NONE', #975, 1000.000000000000227 ) ;
#1027 = DIRECTION ( 'NONE',  ( 0.000000000000000000, 0.000000000000000000, -1.000000000000000000 ) ) ;
#1028 = VERTEX_POINT ( 'NONE', #444 ) ;
#1029 = AXIS2_PLACEMENT_3D ( 'NONE', #626, #1582, #919 ) ;
#1030 = DIRECTION ( 'NONE',  ( 0.000000000000000000, 0.000000000000000000, -1.000000000000000000 ) ) ;
#1031 = FACE_OUTER_BOUND ( 'NONE', #1493, .T. ) ;
#1032 = DIRECTION ( 'NONE',  ( 0.000000000000000000, -1.000000000000000000, 0.000000000000000000 ) ) ;
#1033 = ORIENTED_EDGE ( 'NONE', *, *, #989, .F. ) ;
#1034 = ADVANCED_FACE ( 'NONE', ( #41 ), #712, .F. ) ;
#1035 = DIRECTION ( 'NONE',  ( -0.000000000000000000, 1.000000000000000000, -0.000000000000000000 ) ) ;
#1036 = VERTEX_POINT ( 'NONE', #1349 ) ;
#1037 = APPLICATION_PROTOCOL_DEFINITION ( 'draft international standard', 'automotive_design', 1998, #520 ) ;
#1038 = PLANE ( 'NONE',  #1610 ) ;
#1039 = CARTESIAN_POINT ( 'NONE',  ( 0.000000000000000000, 4.000000000000000000, 0.000000000000000000 ) ) ;
#1040 = AXIS2_PLACEMENT_3D ( 'NONE', #1125, #1258, #1531 ) ;
#1041 = CARTESIAN_POINT ( 'NONE',  ( 4.373428289109883238, 1.000000000000000000, 2.525000000001933032 ) ) ;
#1042 = VERTEX_POINT ( 'NONE', #153 ) ;
#1043 = PLANE ( 'NONE',  #998 ) ;
#1044 = ORIENTED_EDGE ( 'NONE', *, *, #1014, .T. ) ;
#1045 = EDGE_CURVE ( 'NONE', #157, #560, #535, .T. ) ;
#1046 = LINE ( 'NONE', #379, #415 ) ;
#1047 = CARTESIAN_POINT ( 'NONE',  ( -0.8669052397793080011, 3.866905239779308001, -4.975496642915937073 ) ) ;
#1048 = CARTESIAN_POINT ( 'NONE',  ( 0.6500000000000001332, -0.2582594256239441055, 3.242189682944516704 ) ) ;
#1049 = VERTEX_POINT ( 'NONE', #1367 ) ;
#1050 = DIRECTION ( 'NONE',  ( 0.000000000000000000, 1.000000000000000000, 0.000000000000000000 ) ) ;
#1051 = ORIENTED_EDGE ( 'NONE', *, *, #761, .F. ) ;
#1052 = CIRCLE ( 'NONE', #483, 4.849999999899117675 ) ;
#1053 = ADVANCED_FACE ( 'NONE', ( #942 ), #1075, .F. ) ;
#1054 = AXIS2_PLACEMENT_3D ( 'NONE', #1556, #1151, #506 ) ;
#1055 = CARTESIAN_POINT ( 'NONE',  ( 5.136417328133000935E-07, 1.800000000002910383, -3.913560414972594437E-06 ) ) ;
#1056 = CARTESIAN_POINT ( 'NONE',  ( 3.569142892004380396, 1.000000000000000000, -3.918063171575288273 ) ) ;
#1057 = CARTESIAN_POINT ( 'NONE',  ( 0.000000000000000000, -1.199999999999999956, -2.750000000000000000 ) ) ;
#1058 = ORIENTED_EDGE ( 'NONE', *, *, #105, .F. ) ;
#1059 = LINE ( 'NONE', #928, #1611 ) ;
#1060 = EDGE_LOOP ( 'NONE', ( #1262, #31, #94, #378 ) ) ;
#1061 = B_SPLINE_CURVE_WITH_KNOTS ( 'NONE', 3,
 ( #754, #843, #853, #719, #1287, #1676 ),
 .UNSPECIFIED., .F., .F.,
 ( 4, 2, 4 ),
 ( 2.960639304052110428E-12, 0.001818561904768256198, 0.003637123806575872850 ),
 .UNSPECIFIED. ) ;
#1062 = CARTESIAN_POINT ( 'NONE',  ( 2.523965560061999902, 0.000000000000000000, 1.091832336770999889 ) ) ;
#1063 = CARTESIAN_POINT ( 'NONE',  ( 3.569142892004316892, 0.7000000000127124533, -3.918063171575346004 ) ) ;
#1064 = EDGE_CURVE ( 'NONE', #1028, #920, #33, .T. ) ;
#1065 = ADVANCED_FACE ( 'NONE', ( #1632 ), #53, .T. ) ;
#1066 = CARTESIAN_POINT ( 'NONE',  ( -9.623862763072455806, 1.000000000000000000, 19.06901927071001168 ) ) ;
#1067 = ORIENTED_EDGE ( 'NONE', *, *, #796, .F. ) ;
#1068 = AXIS2_PLACEMENT_3D ( 'NONE', #570, #434, #1592 ) ;
#1069 = CARTESIAN_POINT ( 'NONE',  ( 3.569142892004379064, 1.000000000000000000, 3.918063171575289161 ) ) ;
#1070 = ORIENTED_EDGE ( 'NONE', *, *, #956, .F. ) ;
#1071 = VECTOR ( 'NONE', #328, 1000.000000000000000 ) ;
#1072 = AXIS2_PLACEMENT_3D ( 'NONE', #607, #599, #1409 ) ;
#1073 = FACE_OUTER_BOUND ( 'NONE', #783, .T. ) ;
#1074 = DIRECTION ( 'NONE',  ( -0.000000000000000000, 1.000000000000000000, -0.000000000000000000 ) ) ;
#1075 = PLANE ( 'NONE',  #56 ) ;
#1076 = ORIENTED_EDGE ( 'NONE', *, *, #808, .T. ) ;
#1077 = EDGE_CURVE ( 'NONE', #1688, #1299, #1412, .T. ) ;
#1078 = DIRECTION ( 'NONE',  ( 0.000000000000000000, -1.000000000000000000, 0.000000000000000000 ) ) ;
#1079 = ORIENTED_EDGE ( 'NONE', *, *, #1118, .T. ) ;
#1080 = VECTOR ( 'NONE', #1558, 1000.000000000000000 ) ;
#1081 = DIRECTION ( 'NONE',  ( 0.000000000000000000, -1.000000000000000000, 0.000000000000000000 ) ) ;
#1082 = CYLINDRICAL_SURFACE ( 'NONE', #191, 5.299999999999999822 ) ;
#1083 = CIRCLE ( 'NONE', #1416, 5.049999999999999822 ) ;
#1084 = DIRECTION ( 'NONE',  ( 0.000000000000000000, -0.000000000000000000, -1.000000000000000000 ) ) ;
#1085 = ORIENTED_EDGE ( 'NONE', *, *, #1428, .F. ) ;
#1086 = CARTESIAN_POINT ( 'NONE',  ( -0.8000000000000000444, 3.000000000000000000, -4.986231041577999790 ) ) ;
#1087 = ORIENTED_EDGE ( 'NONE', *, *, #927, .F. ) ;
#1088 = EDGE_CURVE ( 'NONE', #1372, #1112, #959, .T. ) ;
#1089 = ORIENTED_EDGE ( 'NONE', *, *, #1576, .T. ) ;
#1090 = DIRECTION ( 'NONE',  ( -0.000000000000000000, 1.000000000000000000, -0.000000000000000000 ) ) ;
#1091 = CARTESIAN_POINT ( 'NONE',  ( 4.095918536896848927, 0.3476731829743084923, 3.005660990430736756 ) ) ;
#1092 = DIRECTION ( 'NONE',  ( 8.881784197001252323E-16, 0.000000000000000000, -1.000000000000000000 ) ) ;
#1093 = ORIENTED_EDGE ( 'NONE', *, *, #1459, .F. ) ;
#1094 = AXIS2_PLACEMENT_3D ( 'NONE', #213, #1115, #223 ) ;
#1095 = LINE ( 'NONE', #1625, #1497 ) ;
#1096 = ORIENTED_EDGE ( 'NONE', *, *, #760, .T. ) ;
#1097 = ADVANCED_FACE ( 'NONE', ( #1465 ), #1522, .T. ) ;
#1098 = DIRECTION ( 'NONE',  ( -0.000000000000000000, 1.000000000000000000, -0.000000000000000000 ) ) ;
#1099 = CIRCLE ( 'NONE', #361, 5.049999999999999822 ) ;
#1100 = DIRECTION ( 'NONE',  ( 0.000000000000000000, -1.000000000000000000, 0.000000000000000000 ) ) ;
#1101 = ORIENTED_EDGE ( 'NONE', *, *, #1206, .T. ) ;
#1102 = ORIENTED_EDGE ( 'NONE', *, *, #659, .T. ) ;
#1103 = CYLINDRICAL_SURFACE ( 'NONE', #968, 2.750000000000000000 ) ;
#1104 = ORIENTED_EDGE ( 'NONE', *, *, #1521, .F. ) ;
#1105 = EDGE_CURVE ( 'NONE', #289, #9, #1490, .T. ) ;
#1106 = DIRECTION ( 'NONE',  ( 0.000000000000000000, 1.000000000000000000, 0.000000000000000000 ) ) ;
#1107 = VECTOR ( 'NONE', #915, 1000.000000000000000 ) ;
#1108 = EDGE_CURVE ( 'NONE', #1036, #1205, #1693, .T. ) ;
#1109 = CIRCLE ( 'NONE', #371, 3.899999999999999911 ) ;
#1110 = CARTESIAN_POINT ( 'NONE',  ( 0.8834557787882652002, 0.7036419857079333484, 3.930190295101537945 ) ) ;
#1111 = EDGE_LOOP ( 'NONE', ( #767, #218, #1609, #1634, #1485, #658, #678, #62, #865 ) ) ;
#1112 = VERTEX_POINT ( 'NONE', #1498 ) ;
#1113 = DIRECTION ( 'NONE',  ( 0.000000000000000000, 0.7071067811865474617, 0.7071067811865474617 ) ) ;
#1114 = ORIENTED_EDGE ( 'NONE', *, *, #1105, .F. ) ;
#1115 = DIRECTION ( 'NONE',  ( -1.000000000000000000, 0.000000000000000000, 0.000000000000000000 ) ) ;
#1116 = FACE_OUTER_BOUND ( 'NONE', #85, .T. ) ;
#1117 = FACE_OUTER_BOUND ( 'NONE', #1291, .T. ) ;
#1118 = EDGE_CURVE ( 'NONE', #1508, #289, #955, .T. ) ;
#1119 = ADVANCED_FACE ( 'NONE', ( #836 ), #419, .F. ) ;
#1120 = ORIENTED_EDGE ( 'NONE', *, *, #927, .T. ) ;
#1121 = CARTESIAN_POINT ( 'NONE',  ( -0.6499993395491963089, 0.1136607808961905830, 3.525830588742213223 ) ) ;
#1122 = VERTEX_POINT ( 'NONE', #195 ) ;
#1123 = DIRECTION ( 'NONE',  ( -0.000000000000000000, 1.000000000000000000, -0.000000000000000000 ) ) ;
#1124 = AXIS2_PLACEMENT_3D ( 'NONE', #19, #965, #451 ) ;
#1125 = CARTESIAN_POINT ( 'NONE',  ( 0.000000000000000000, 1.800000000000000266, 0.000000000000000000 ) ) ;
#1126 = CARTESIAN_POINT ( 'NONE',  ( 1.000000000000000000, 4.000000000000000000, 0.000000000000000000 ) ) ;
#1127 =( GEOMETRIC_REPRESENTATION_CONTEXT ( 3 ) GLOBAL_UNCERTAINTY_ASSIGNED_CONTEXT ( ( #1338 ) ) GLOBAL_UNIT_ASSIGNED_CONTEXT ( ( #1648, #321, #1137 ) ) REPRESENTATION_CONTEXT ( 'NONE', 'WORKASPACE' ) );
#1128 = DIRECTION ( 'NONE',  ( 0.000000000000000000, 0.000000000000000000, 1.000000000000000000 ) ) ;
#1129 = VECTOR ( 'NONE', #654, 1000.000000000000000 ) ;
#1130 = EDGE_CURVE ( 'NONE', #1636, #557, #1061, .T. ) ;
#1131 = ORIENTED_EDGE ( 'NONE', *, *, #248, .F. ) ;
#1132 = CARTESIAN_POINT ( 'NONE',  ( 4.373428289110824707, 1.000000000000000000, 2.525000000000435119 ) ) ;
#1133 = ORIENTED_EDGE ( 'NONE', *, *, #1324, .T. ) ;
#1134 = DIRECTION ( 'NONE',  ( 0.000000000000000000, 0.000000000000000000, -1.000000000000000000 ) ) ;
#1135 = FACE_OUTER_BOUND ( 'NONE', #744, .T. ) ;
#1136 = PLANE ( 'NONE',  #1524 ) ;
#1137 =( NAMED_UNIT ( * ) SI_UNIT ( $, .STERADIAN. ) SOLID_ANGLE_UNIT ( ) );
#1138 = AXIS2_PLACEMENT_3D ( 'NONE', #762, #1552, #116 ) ;
#1139 = VERTEX_POINT ( 'NONE', #207 ) ;
#1140 = VECTOR ( 'NONE', #1050, 1000.000000000000000 ) ;
#1141 = CARTESIAN_POINT ( 'NONE',  ( 2.523966535317345716, -0.9999978507446033449, 1.091833867615249920 ) ) ;
#1142 = ORIENTED_EDGE ( 'NONE', *, *, #1130, .T. ) ;
#1143 = PLANE ( 'NONE',  #1601 ) ;
#1144 = EDGE_CURVE ( 'NONE', #269, #432, #994, .T. ) ;
#1145 = EDGE_CURVE ( 'NONE', #929, #1654, #612, .T. ) ;
#1146 = CARTESIAN_POINT ( 'NONE',  ( 3.771228629879474603, 1.800000203843410418, 3.049643287501769162 ) ) ;
#1147 = DIRECTION ( 'NONE',  ( 0.5000000000000167644, 0.000000000000000000, -0.8660254037844289376 ) ) ;
#1148 = LINE ( 'NONE', #364, #1269 ) ;
#1149 = ORIENTED_EDGE ( 'NONE', *, *, #1241, .T. ) ;
#1150 = B_SPLINE_CURVE_WITH_KNOTS ( 'NONE', 3,
 ( #924, #1331, #381, #1423, #1697, #411, #1298, #1433 ),
 .UNSPECIFIED., .F., .F.,
 ( 4, 2, 2, 4 ),
 ( 2.167211394429609377E-17, 0.0003142842634392669981, 0.0006285685268785128543, 0.001257137053757004675 ),
 .UNSPECIFIED. ) ;
#1151 = DIRECTION ( 'NONE',  ( -0.000000000000000000, 1.000000000000000000, -0.000000000000000000 ) ) ;
#1152 = ORIENTED_EDGE ( 'NONE', *, *, #923, .F. ) ;
#1153 = DIRECTION ( 'NONE',  ( -0.000000000000000000, 1.000000000000000000, -0.000000000000000000 ) ) ;
#1154 = EDGE_CURVE ( 'NONE', #1688, #920, #1413, .T. ) ;
#1155 = LINE ( 'NONE', #1711, #1080 ) ;
#1156 = FACE_BOUND ( 'NONE', #1461, .T. ) ;
#1157 = CIRCLE ( 'NONE', #418, 3.899999999999999911 ) ;
#1158 = ORIENTED_EDGE ( 'NONE', *, *, #1607, .T. ) ;
#1159 = CIRCLE ( 'NONE', #166, 2.500000000000000000 ) ;
#1160 = CARTESIAN_POINT ( 'NONE',  ( 0.000000000000000000, 0.000000000000000000, -4.250000000000000000 ) ) ;
#1161 = EDGE_LOOP ( 'NONE', ( #813, #1454, #1025, #532 ) ) ;
#1162 = CARTESIAN_POINT ( 'NONE',  ( 0.000000000000000000, -1.199999999999999956, 2.399999999999999911 ) ) ;
#1163 = DIRECTION ( 'NONE',  ( -0.000000000000000000, -1.000000000000000000, -0.000000000000000000 ) ) ;
#1164 = CARTESIAN_POINT ( 'NONE',  ( 0.000000000000000000, 2.200000000000000178, 0.000000000000000000 ) ) ;
#1165 = EDGE_CURVE ( 'NONE', #1539, #1410, #475, .T. ) ;
#1166 = CIRCLE ( 'NONE', #398, 3.899999999999999911 ) ;
#1167 = LINE ( 'NONE', #643, #114 ) ;
#1168 = ORIENTED_EDGE ( 'NONE', *, *, #977, .T. ) ;
#1169 = CARTESIAN_POINT ( 'NONE',  ( -4.373428289111165768, 1.000000000000000000, 2.525000000000493294 ) ) ;
#1170 = ORIENTED_EDGE ( 'NONE', *, *, #543, .T. ) ;
#1171 = CIRCLE ( 'NONE', #1309, 5.299999999999999822 ) ;
#1172 = FACE_OUTER_BOUND ( 'NONE', #1466, .T. ) ;
#1173 = DIRECTION ( 'NONE',  ( -0.5000000000000167644, 0.000000000000000000, 0.8660254037844289376 ) ) ;
#1174 = CARTESIAN_POINT ( 'NONE',  ( -1.541951415287997396, -0.05000000000000000278, 5.070738194078978189 ) ) ;
#1175 = FACE_OUTER_BOUND ( 'NONE', #1179, .T. ) ;
#1176 = ORIENTED_EDGE ( 'NONE', *, *, #669, .F. ) ;
#1177 = EDGE_CURVE ( 'NONE', #157, #1717, #791, .T. ) ;
#1178 = CARTESIAN_POINT ( 'NONE',  ( 0.000000000000000000, 3.000000000000000000, 0.000000000000000000 ) ) ;
#1179 = EDGE_LOOP ( 'NONE', ( #991, #1332, #521, #609 ) ) ;
#1180 = CYLINDRICAL_SURFACE ( 'NONE', #885, 0.5999999999999998668 ) ;
#1181 = CARTESIAN_POINT ( 'NONE',  ( -3.586303702639831670, 0.000000000000000000, 1.532457422714196271 ) ) ;
#1182 = CARTESIAN_POINT ( 'NONE',  ( -0.4660047930310783904, -1.199999999999999956, -3.872058823529293647 ) ) ;
#1183 = ORIENTED_EDGE ( 'NONE', *, *, #174, .T. ) ;
#1184 = ADVANCED_FACE ( 'NONE', ( #1252 ), #68, .F. ) ;
#1185 = DIRECTION ( 'NONE',  ( 0.000000000000000000, -1.000000000000000000, 0.000000000000000000 ) ) ;
#1186 = VERTEX_POINT ( 'NONE', #1641 ) ;
#1187 = AXIS2_PLACEMENT_3D ( 'NONE', #586, #844, #1381 ) ;
#1188 = CARTESIAN_POINT ( 'NONE',  ( 3.680607966084000537, -1.199999999999999956, 2.125000000000000000 ) ) ;
#1189 = DIRECTION ( 'NONE',  ( 1.000000000000000000, 0.000000000000000000, -0.000000000000000000 ) ) ;
#1190 = CARTESIAN_POINT ( 'NONE',  ( -3.586303702639928037, -1.199999999999999956, 1.532457422713969786 ) ) ;
#1191 = ORIENTED_EDGE ( 'NONE', *, *, #105, .T. ) ;
#1192 = VECTOR ( 'NONE', #764, 1000.000000000000227 ) ;
#1193 = DIRECTION ( 'NONE',  ( 0.5000000000000167644, 0.000000000000000000, -0.8660254037844290487 ) ) ;
#1194 = ORIENTED_EDGE ( 'NONE', *, *, #1177, .T. ) ;
#1195 = VECTOR ( 'NONE', #1658, 1000.000000000000000 ) ;
#1196 = CIRCLE ( 'NONE', #704, 2.750000000000000000 ) ;
#1197 = ADVANCED_FACE ( 'NONE', ( #1647 ), #1136, .F. ) ;
#1198 = EDGE_CURVE ( 'NONE', #350, #776, #1004, .T. ) ;
#1199 = CARTESIAN_POINT ( 'NONE',  ( 3.569142892004316892, -0.05000000000000000278, -3.918063171575346004 ) ) ;
#1200 = CARTESIAN_POINT ( 'NONE',  ( 0.000000000000000000, 4.099999999999999645, 0.000000000000000000 ) ) ;
#1201 = DIRECTION ( 'NONE',  ( 0.000000000000000000, -1.000000000000000000, 0.000000000000000000 ) ) ;
#1202 = VERTEX_POINT ( 'NONE', #346 ) ;
#1203 = LINE ( 'NONE', #288, #89 ) ;
#1204 = ORIENTED_EDGE ( 'NONE', *, *, #1293, .F. ) ;
#1205 = VERTEX_POINT ( 'NONE', #1534 ) ;
#1206 = EDGE_CURVE ( 'NONE', #111, #838, #354, .T. ) ;
#1207 = CARTESIAN_POINT ( 'NONE',  ( 3.771228698972000082, 1.800000000000000266, 3.049643495121999948 ) ) ;
#1208 = CARTESIAN_POINT ( 'NONE',  ( 0.000000000000000000, 3.000000000000000000, 0.000000000000000000 ) ) ;
#1209 = DIRECTION ( 'NONE',  ( 0.000000000000000000, 0.000000000000000000, 1.000000000000000000 ) ) ;
#1210 = ORIENTED_EDGE ( 'NONE', *, *, #1562, .T. ) ;
#1211 = DIRECTION ( 'NONE',  ( 0.000000000000000000, 0.000000000000000000, -1.000000000000000000 ) ) ;
#1212 = ORIENTED_EDGE ( 'NONE', *, *, #174, .F. ) ;
#1213 = AXIS2_PLACEMENT_3D ( 'NONE', #562, #1604, #1340 ) ;
#1214 = ORIENTED_EDGE ( 'NONE', *, *, #130, .F. ) ;
#1215 = VECTOR ( 'NONE', #481, 1000.000000000000114 ) ;
#1216 = PRODUCT_DEFINITION_CONTEXT ( 'detailed design', #1602, 'design' ) ;
#1217 = DIRECTION ( 'NONE',  ( -0.000000000000000000, -1.000000000000000000, -0.000000000000000000 ) ) ;
#1218 = CARTESIAN_POINT ( 'NONE',  ( -1.413446624252999939, 1.000000000000000000, 4.848161366991000421 ) ) ;
#1219 = DIRECTION ( 'NONE',  ( -0.000000000000000000, 1.000000000000000000, -0.000000000000000000 ) ) ;
#1220 = ORIENTED_EDGE ( 'NONE', *, *, #639, .T. ) ;
#1221 = EDGE_CURVE ( 'NONE', #560, #598, #61, .T. ) ;
#1222 = DIRECTION ( 'NONE',  ( 0.000000000000000000, -1.000000000000000000, 0.000000000000000000 ) ) ;
#1223 = ORIENTED_EDGE ( 'NONE', *, *, #1198, .T. ) ;
#1224 = VECTOR ( 'NONE', #1260, 1000.000000000000114 ) ;
#1225 = VECTOR ( 'NONE', #234, 1000.000000000000227 ) ;
#1226 = CARTESIAN_POINT ( 'NONE',  ( -0.8000000000000000444, 3.000000000000000000, -2.786231041578000500 ) ) ;
#1227 = CARTESIAN_POINT ( 'NONE',  ( 0.6500000000000404343, -1.199999999999999956, 3.525833024919953651 ) ) ;
#1228 = AXIS2_PLACEMENT_3D ( 'NONE', #1608, #684, #961 ) ;
#1229 = CARTESIAN_POINT ( 'NONE',  ( 0.000000000000000000, 0.3111111111111000138, 0.000000000000000000 ) ) ;
#1230 = ORIENTED_EDGE ( 'NONE', *, *, #70, .T. ) ;
#1231 = ADVANCED_FACE ( 'NONE', ( #1116 ), #1543, .F. ) ;
#1232 = CARTESIAN_POINT ( 'NONE',  ( 0.000000000000000000, -1.199999999999999956, 0.000000000000000000 ) ) ;
#1233 = ORIENTED_EDGE ( 'NONE', *, *, #1640, .F. ) ;
#1234 = ORIENTED_EDGE ( 'NONE', *, *, #504, .T. ) ;
#1235 = LINE ( 'NONE', #1226, #686 ) ;
#1236 = DIRECTION ( 'NONE',  ( 0.5000000000000167644, 0.000000000000000000, 0.8660254037844289376 ) ) ;
#1237 = CARTESIAN_POINT ( 'NONE',  ( 3.680607966084000537, 0.000000000000000000, 2.125000000000000000 ) ) ;
#1238 = CIRCLE ( 'NONE', #495, 5.299999999976988896 ) ;
#1239 = ORIENTED_EDGE ( 'NONE', *, *, #956, .T. ) ;
#1240 = EDGE_CURVE ( 'NONE', #887, #239, #466, .T. ) ;
#1241 = EDGE_CURVE ( 'NONE', #1323, #227, #646, .T. ) ;
#1242 = CARTESIAN_POINT ( 'NONE',  ( 2.523965560062123359, 4.000000000000000888, 1.091832336771193956 ) ) ;
#1243 = CARTESIAN_POINT ( 'NONE',  ( 0.6500020629602676348, 0.1136833769365700048, 3.525839942531198368 ) ) ;
#1244 = CARTESIAN_POINT ( 'NONE',  ( -4.373428289109000389, 1.000000000000000000, -2.525000000004999912 ) ) ;
#1245 = ORIENTED_EDGE ( 'NONE', *, *, #322, .T. ) ;
#1246 = CARTESIAN_POINT ( 'NONE',  ( -1.604788310327582623, 1.672104774120450221, 4.476357022984402967 ) ) ;
#1247 = ORIENTED_EDGE ( 'NONE', *, *, #204, .T. ) ;
#1248 = EDGE_CURVE ( 'NONE', #929, #9, #879, .T. ) ;
#1249 = CARTESIAN_POINT ( 'NONE',  ( 0.8000000000000000444, 4.000000000000000000, -4.986231041577999790 ) ) ;
#1250 = AXIS2_PLACEMENT_3D ( 'NONE', #372, #1163, #1022 ) ;
#1251 = AXIS2_PLACEMENT_3D ( 'NONE', #541, #147, #1589 ) ;
#1252 = FACE_OUTER_BOUND ( 'NONE', #496, .T. ) ;
#1253 = ORIENTED_EDGE ( 'NONE', *, *, #1165, .T. ) ;
#1254 = EDGE_LOOP ( 'NONE', ( #209, #1363, #1142, #758, #92, #1079 ) ) ;
#1255 = CARTESIAN_POINT ( 'NONE',  ( -0.6499998849564089243, -1.199999999999999956, 3.525832626393777147 ) ) ;
#1256 = ORIENTED_EDGE ( 'NONE', *, *, #883, .T. ) ;
#1257 = CARTESIAN_POINT ( 'NONE',  ( 1.000000000000000000, 4.000000000000000000, -4.949999999999999289 ) ) ;
#1258 = DIRECTION ( 'NONE',  ( 0.000000000000000000, -1.000000000000000000, 0.000000000000000000 ) ) ;
#1259 = EDGE_CURVE ( 'NONE', #1410, #516, #1506, .T. ) ;
#1260 = DIRECTION ( 'NONE',  ( -0.5000000000000167644, -0.000000000000000000, -0.8660254037844289376 ) ) ;
#1261 = LINE ( 'NONE', #1406, #500 ) ;
#1262 = ORIENTED_EDGE ( 'NONE', *, *, #228, .F. ) ;
#1263 = FACE_OUTER_BOUND ( 'NONE', #140, .T. ) ;
#1264 = ORIENTED_EDGE ( 'NONE', *, *, #1064, .F. ) ;
#1265 = DIRECTION ( 'NONE',  ( 0.000000000000000000, 1.000000000000000000, -0.000000000000000000 ) ) ;
#1266 = VECTOR ( 'NONE', #1081, 1000.000000000000000 ) ;
#1267 = LINE ( 'NONE', #491, #1709 ) ;
#1268 = CARTESIAN_POINT ( 'NONE',  ( 1.541951415286999971, 1.000000000000000000, 5.070738194079000394 ) ) ;
#1269 = VECTOR ( 'NONE', #648, 1000.000000000000000 ) ;
#1270 = DIRECTION ( 'NONE',  ( -0.000000000000000000, 1.000000000000000000, -0.000000000000000000 ) ) ;
#1271 = VECTOR ( 'NONE', #759, 1000.000000000000000 ) ;
#1272 = ORIENTED_EDGE ( 'NONE', *, *, #1221, .F. ) ;
#1273 = ADVANCED_FACE ( 'NONE', ( #647 ), #828, .F. ) ;
#1274 = CARTESIAN_POINT ( 'NONE',  ( -1.310370545380401319, -2.842170943040400743E-11, 4.669628361336492617 ) ) ;
#1275 = ORIENTED_EDGE ( 'NONE', *, *, #1488, .F. ) ;
#1276 = CARTESIAN_POINT ( 'NONE',  ( 0.6500000000001213696, -1.199999999999999956, 3.525833024919930114 ) ) ;
#1277 = CARTESIAN_POINT ( 'NONE',  ( 0.9335809082760551103, 3.933580908276054888, -4.963417998328069736 ) ) ;
#1278 = AXIS2_PLACEMENT_3D ( 'NONE', #667, #1193, #8 ) ;
#1279 = CARTESIAN_POINT ( 'NONE',  ( -3.884319413151000155, 4.000000000000000000, 3.227160159741000012 ) ) ;
#1280 = CARTESIAN_POINT ( 'NONE',  ( 1.714505518806294391E-16, 4.000000000000000000, 1.399999999999999911 ) ) ;
#1281 = AXIS2_PLACEMENT_3D ( 'NONE', #1329, #517, #655 ) ;
#1282 = EDGE_LOOP ( 'NONE', ( #850, #575, #540, #1176 ) ) ;
#1283 = EDGE_CURVE ( 'NONE', #44, #239, #454, .T. ) ;
#1284 = FACE_OUTER_BOUND ( 'NONE', #23, .T. ) ;
#1285 = ORIENTED_EDGE ( 'NONE', *, *, #740, .F. ) ;
#1286 = FACE_OUTER_BOUND ( 'NONE', #304, .T. ) ;
#1287 = CARTESIAN_POINT ( 'NONE',  ( 2.742834805355042427, -0.5502910434427550346, 1.435388234382100281 ) ) ;
#1288 = CARTESIAN_POINT ( 'NONE',  ( -1.000000000000000000, 4.000000000000000000, -2.586231041577999878 ) ) ;
#1289 = EDGE_LOOP ( 'NONE', ( #1104, #146, #903, #1376 ) ) ;
#1290 = DIRECTION ( 'NONE',  ( -0.000000000000000000, 1.000000000000000000, 0.000000000000000000 ) ) ;
#1291 = EDGE_LOOP ( 'NONE', ( #1350, #1020, #722, #1510 ) ) ;
#1292 = CARTESIAN_POINT ( 'NONE',  ( -1.413446624252763906, 1.106297501340819167, 4.848161366991457832 ) ) ;
#1293 = EDGE_CURVE ( 'NONE', #1202, #1660, #1637, .T. ) ;
#1294 = VECTOR ( 'NONE', #697, 1000.000000000000000 ) ;
#1295 = CARTESIAN_POINT ( 'NONE',  ( -0.6500000000000437650, -1.000007349224509845, 2.672074355339602025 ) ) ;
#1296 = FACE_OUTER_BOUND ( 'NONE', #981, .T. ) ;
#1297 = VECTOR ( 'NONE', #117, 1000.000000000000000 ) ;
#1298 = CARTESIAN_POINT ( 'NONE',  ( 1.413446624249566463, 1.212627827963353999, 4.848161366992388643 ) ) ;
#1299 = VERTEX_POINT ( 'NONE', #1447 ) ;
#1300 = AXIS2_PLACEMENT_3D ( 'NONE', #1655, #1123, #342 ) ;
#1301 = CARTESIAN_POINT ( 'NONE',  ( 4.233203322420242110, 0.3111111111805643370, -2.767876766799060473 ) ) ;
#1302 = ORIENTED_EDGE ( 'NONE', *, *, #717, .T. ) ;
#1303 = LINE ( 'NONE', #107, #201 ) ;
#1304 = DIRECTION ( 'NONE',  ( -0.000000000000000000, 1.000000000000000000, 0.000000000000000000 ) ) ;
#1305 = DIRECTION ( 'NONE',  ( -0.000000000000000000, -1.000000000000000000, -0.000000000000000000 ) ) ;
#1306 = ORIENTED_EDGE ( 'NONE', *, *, #189, .T. ) ;
#1307 = PLANE ( 'NONE',  #1029 ) ;
#1308 = ORIENTED_EDGE ( 'NONE', *, *, #1064, .T. ) ;
#1309 = AXIS2_PLACEMENT_3D ( 'NONE', #644, #1453, #1419 ) ;
#1310 = LINE ( 'NONE', #792, #855 ) ;
#1311 = CARTESIAN_POINT ( 'NONE',  ( -4.093363969228343002, 0.3485540396927270801, 3.010085631423987440 ) ) ;
#1312 = EDGE_CURVE ( 'NONE', #925, #824, #314, .T. ) ;
#1313 = CARTESIAN_POINT ( 'NONE',  ( -0.8000000000000000444, 3.000000000000000444, -2.786231041578000500 ) ) ;
#1314 = ORIENTED_EDGE ( 'NONE', *, *, #659, .F. ) ;
#1315 = LINE ( 'NONE', #383, #429 ) ;
#1316 = ORIENTED_EDGE ( 'NONE', *, *, #640, .T. ) ;
#1317 = PRODUCT_CONTEXT ( 'NONE', #520, 'mechanical' ) ;
#1318 = PRODUCT_DEFINITION_FORMATION_WITH_SPECIFIED_SOURCE ( 'ÂØ', '', #1010, .NOT_KNOWN. ) ;
#1319 = CARTESIAN_POINT ( 'NONE',  ( -2.523965560064166613, 4.000000000000000000, 1.091832336769153811 ) ) ;
#1320 =( BOUNDED_CURVE ( )  B_SPLINE_CURVE ( 3, ( #1541, #1277, #718, #362 ),
 .UNSPECIFIED., .F., .T. ) 
 B_SPLINE_CURVE_WITH_KNOTS ( ( 4, 4 ),
 ( 4.513051675402365959, 4.553302952909559664 ),
 .UNSPECIFIED. ) 
 CURVE ( )  GEOMETRIC_REPRESENTATION_ITEM ( )  RATIONAL_B_SPLINE_CURVE ( ( 1.000000000000000000, 0.9998649907787051649, 0.9998649907787051649, 1.000000000000000000 ) ) 
 REPRESENTATION_ITEM ( '' )  );
#1321 = DIRECTION ( 'NONE',  ( 0.000000000000000000, -1.000000000000000000, 0.000000000000000000 ) ) ;
#1322 = DIRECTION ( 'NONE',  ( 0.000000000000000000, 0.000000000000000000, -1.000000000000000000 ) ) ;
#1323 = VERTEX_POINT ( 'NONE', #1295 ) ;
#1324 = EDGE_CURVE ( 'NONE', #156, #790, #1696, .T. ) ;
#1325 = EDGE_CURVE ( 'NONE', #1717, #44, #1685, .T. ) ;
#1326 = DIRECTION ( 'NONE',  ( -0.000000000000000000, 1.000000000000000000, -0.000000000000000000 ) ) ;
#1327 = ORIENTED_EDGE ( 'NONE', *, *, #679, .F. ) ;
#1328 = CIRCLE ( 'NONE', #446, 5.299999999976988896 ) ;
#1329 = CARTESIAN_POINT ( 'NONE',  ( 0.000000000000000000, 4.099999999999999645, 0.000000000000000000 ) ) ;
#1330 = CARTESIAN_POINT ( 'NONE',  ( 0.000000000000000000, -1.199999999999999956, 0.000000000000000000 ) ) ;
#1331 = CARTESIAN_POINT ( 'NONE',  ( 2.074683978685943231, 1.800000000000235856, 4.605375612712692579 ) ) ;
#1332 = ORIENTED_EDGE ( 'NONE', *, *, #45, .T. ) ;
#1333 = DIRECTION ( 'NONE',  ( 0.000000000000000000, -1.000000000000000000, 0.000000000000000000 ) ) ;
#1334 = ORIENTED_EDGE ( 'NONE', *, *, #703, .F. ) ;
#1335 = CARTESIAN_POINT ( 'NONE',  ( -0.8161670469872306377, -1.199999999999999956, 3.813642792844151863 ) ) ;
#1336 = CIRCLE ( 'NONE', #401, 1.399999999999999911 ) ;
#1337 = ADVANCED_FACE ( 'NONE', ( #1430 ), #1180, .F. ) ;
#1338 = UNCERTAINTY_MEASURE_WITH_UNIT (LENGTH_MEASURE( 1.000000000000000082E-05 ), #1648, 'distance_accuracy_value', 'NONE');
#1339 = DIRECTION ( 'NONE',  ( -0.000000000000000000, -1.000000000000000000, 0.000000000000000000 ) ) ;
#1340 = DIRECTION ( 'NONE',  ( 0.000000000000000000, 0.000000000000000000, -1.000000000000000000 ) ) ;
#1341 = CARTESIAN_POINT ( 'NONE',  ( 0.000000000000000000, 2.200000000000000178, 0.000000000000000000 ) ) ;
#1342 = ORIENTED_EDGE ( 'NONE', *, *, #1325, .F. ) ;
#1343 = DIRECTION ( 'NONE',  ( -0.5000000000003677059, 0.000000000000000000, 0.8660254037842263219 ) ) ;
#1344 = ORIENTED_EDGE ( 'NONE', *, *, #1346, .T. ) ;
#1345 = EDGE_LOOP ( 'NONE', ( #338, #1275, #1051, #14 ) ) ;
#1346 = EDGE_CURVE ( 'NONE', #867, #197, #1336, .T. ) ;
#1347 = CARTESIAN_POINT ( 'NONE',  ( 3.120298909608695936, -1.199999999999999956, 2.339601400814844911 ) ) ;
#1348 = DIRECTION ( 'NONE',  ( 0.000000000000000000, 0.000000000000000000, -1.000000000000000000 ) ) ;
#1349 = CARTESIAN_POINT ( 'NONE',  ( 3.061616997866990309E-16, 2.600000000029467628, 2.499999999997726263 ) ) ;
#1350 = ORIENTED_EDGE ( 'NONE', *, *, #1198, .F. ) ;
#1351 = VECTOR ( 'NONE', #1339, 1000.000000000000000 ) ;
#1352 = CARTESIAN_POINT ( 'NONE',  ( 0.000000000000000000, -5.684341886080801487E-11, 0.000000000000000000 ) ) ;
#1353 = VERTEX_POINT ( 'NONE', #1455 ) ;
#1354 = AXIS2_PLACEMENT_3D ( 'NONE', #460, #854, #976 ) ;
#1355 = VECTOR ( 'NONE', #1402, 1000.000000000000000 ) ;
#1356 = CARTESIAN_POINT ( 'NONE',  ( 0.000000000000000000, 2.200000000000000178, 0.000000000000000000 ) ) ;
#1357 = FACE_OUTER_BOUND ( 'NONE', #604, .T. ) ;
#1358 = EDGE_CURVE ( 'NONE', #111, #598, #1694, .T. ) ;
#1359 = DIRECTION ( 'NONE',  ( -0.5372996083468004613, 0.000000000000000000, 0.8433914458129005975 ) ) ;
#1360 = VERTEX_POINT ( 'NONE', #778 ) ;
#1361 = B_SPLINE_CURVE_WITH_KNOTS ( 'NONE', 3,
 ( #424, #940, #162, #442, #151, #292 ),
 .UNSPECIFIED., .F., .F.,
 ( 4, 2, 4 ),
 ( 0.000000000000000000, 0.001818564721864055021, 0.003637129443728110041 ),
 .UNSPECIFIED. ) ;
#1362 = CARTESIAN_POINT ( 'NONE',  ( 2.610818746084999841E-06, 1.800000203672880161, 2.377768927065704307E-06 ) ) ;
#1363 = ORIENTED_EDGE ( 'NONE', *, *, #555, .T. ) ;
#1364 = AXIS2_PLACEMENT_3D ( 'NONE', #1570, #1201, #900 ) ;
#1365 = FACE_OUTER_BOUND ( 'NONE', #1111, .T. ) ;
#1366 = AXIS2_PLACEMENT_3D ( 'NONE', #1160, #1326, #525 ) ;
#1367 = CARTESIAN_POINT ( 'NONE',  ( 0.8000000000000377920, 3.800000000000024691, -2.786231041577974743 ) ) ;
#1368 = ORIENTED_EDGE ( 'NONE', *, *, #717, .F. ) ;
#1369 = ORIENTED_EDGE ( 'NONE', *, *, #1555, .F. ) ;
#1370 = CARTESIAN_POINT ( 'NONE',  ( 0.000000000000000000, -1.199999999999999956, 0.000000000000000000 ) ) ;
#1371 = DIRECTION ( 'NONE',  ( 0.000000000000000000, 0.000000000000000000, -1.000000000000000000 ) ) ;
#1372 = VERTEX_POINT ( 'NONE', #1 ) ;
#1373 = EDGE_CURVE ( 'NONE', #35, #244, #1303, .T. ) ;
#1374 = ADVANCED_FACE ( 'NONE', ( #890 ), #1702, .F. ) ;
#1375 = CARTESIAN_POINT ( 'NONE',  ( -1.037765170057401987, 1.098390227015913378, 4.197462000870785026 ) ) ;
#1376 = ORIENTED_EDGE ( 'NONE', *, *, #386, .T. ) ;
#1377 = AXIS2_PLACEMENT_3D ( 'NONE', #1200, #163, #1348 ) ;
#1378 = CARTESIAN_POINT ( 'NONE',  ( 1.835239509123231638, 1.770156260576779772, 4.466486160487958657 ) ) ;
#1379 = CIRCLE ( 'NONE', #332, 4.849995398467588537 ) ;
#1380 = DIRECTION ( 'NONE',  ( 0.000000000000000000, -0.000000000000000000, 1.000000000000000000 ) ) ;
#1381 = DIRECTION ( 'NONE',  ( 0.000000000000000000, 0.000000000000000000, -1.000000000000000000 ) ) ;
#1382 = ORIENTED_EDGE ( 'NONE', *, *, #51, .F. ) ;
#1383 = DIRECTION ( 'NONE',  ( 0.000000000000000000, 0.000000000000000000, 1.000000000000000000 ) ) ;
#1384 = VERTEX_POINT ( 'NONE', #266 ) ;
#1385 = LINE ( 'NONE', #240, #1435 ) ;
#1386 = ADVANCED_FACE ( 'NONE', ( #528 ), #1038, .F. ) ;
#1387 = DIRECTION ( 'NONE',  ( 0.000000000000000000, 0.000000000000000000, -1.000000000000000000 ) ) ;
#1388 = AXIS2_PLACEMENT_3D ( 'NONE', #1444, #263, #1436 ) ;
#1389 = CARTESIAN_POINT ( 'NONE',  ( 0.000000000000000000, 0.000000000000000000, -2.750000000000000000 ) ) ;
#1390 = DIRECTION ( 'NONE',  ( 0.000000000000000000, 0.000000000000000000, -1.000000000000000000 ) ) ;
#1391 = ORIENTED_EDGE ( 'NONE', *, *, #374, .T. ) ;
#1392 = DIRECTION ( 'NONE',  ( -0.000000000000000000, 1.000000000000000000, -0.000000000000000000 ) ) ;
#1393 = VERTEX_POINT ( 'NONE', #509 ) ;
#1394 = DIRECTION ( 'NONE',  ( 0.8660254037844284936, 0.000000000000000000, -0.5000000000000176525 ) ) ;
#1395 = LINE ( 'NONE', #1249, #72 ) ;
#1396 = DIRECTION ( 'NONE',  ( 0.000000000000000000, 0.000000000000000000, 1.000000000000000000 ) ) ;
#1397 = LINE ( 'NONE', #54, #1071 ) ;
#1398 = VERTEX_POINT ( 'NONE', #388 ) ;
#1399 = AXIS2_PLACEMENT_3D ( 'NONE', #1463, #1098, #561 ) ;
#1400 = CARTESIAN_POINT ( 'NONE',  ( -0.6500000000000001332, -0.2582752645394731927, 3.242177972916439721 ) ) ;
#1401 = ORIENTED_EDGE ( 'NONE', *, *, #629, .F. ) ;
#1402 = DIRECTION ( 'NONE',  ( 0.000000000000000000, -1.000000000000000000, 0.000000000000000000 ) ) ;
#1403 = DIRECTION ( 'NONE',  ( -0.000000000000000000, 1.000000000000000000, 0.000000000000000000 ) ) ;
#1404 = DIRECTION ( 'NONE',  ( 0.000000000000000000, -1.000000000000000000, 0.000000000000000000 ) ) ;
#1405 = AXIS2_PLACEMENT_3D ( 'NONE', #20, #1189, #664 ) ;
#1406 = CARTESIAN_POINT ( 'NONE',  ( -0.6500000000000001332, -1.199999999999999956, 3.525833024919999836 ) ) ;
#1407 = EDGE_CURVE ( 'NONE', #133, #1384, #1310, .T. ) ;
#1408 = ORIENTED_EDGE ( 'NONE', *, *, #1312, .T. ) ;
#1409 = DIRECTION ( 'NONE',  ( 0.000000000000000000, 0.000000000000000000, -1.000000000000000000 ) ) ;
#1410 = VERTEX_POINT ( 'NONE', #1319 ) ;
#1411 = CARTESIAN_POINT ( 'NONE',  ( -1.434377896495579563, 1.210596518448483927, 4.842186927405445651 ) ) ;
#1412 = CIRCLE ( 'NONE', #799, 2.750000000000000000 ) ;
#1413 = LINE ( 'NONE', #1389, #1195 ) ;
#1414 = DIRECTION ( 'NONE',  ( 0.000000000000000000, -1.000000000000000000, 0.000000000000000000 ) ) ;
#1415 = AXIS2_PLACEMENT_3D ( 'NONE', #1055, #771, #1422 ) ;
#1416 = AXIS2_PLACEMENT_3D ( 'NONE', #1178, #1035, #1716 ) ;
#1417 = EDGE_CURVE ( 'NONE', #1049, #776, #1585, .T. ) ;
#1418 = ORIENTED_EDGE ( 'NONE', *, *, #669, .T. ) ;
#1419 = DIRECTION ( 'NONE',  ( 0.000000000000000000, 0.000000000000000000, 1.000000000000000000 ) ) ;
#1420 = ORIENTED_EDGE ( 'NONE', *, *, #1594, .T. ) ;
#1421 = DIRECTION ( 'NONE',  ( 0.000000000000000000, 1.000000000000000000, 0.000000000000000000 ) ) ;
#1422 = DIRECTION ( 'NONE',  ( 0.000000000000000000, 0.000000000000000000, 1.000000000000000000 ) ) ;
#1423 = CARTESIAN_POINT ( 'NONE',  ( 1.798134082988013249, 1.699068863347334979, 4.720035333824326607 ) ) ;
#1424 = ORIENTED_EDGE ( 'NONE', *, *, #278, .T. ) ;
#1425 = FACE_OUTER_BOUND ( 'NONE', #168, .T. ) ;
#1426 = EDGE_LOOP ( 'NONE', ( #1214, #246, #781, #1272 ) ) ;
#1427 = EDGE_CURVE ( 'NONE', #822, #156, #1155, .T. ) ;
#1428 = EDGE_CURVE ( 'NONE', #1660, #887, #1046, .T. ) ;
#1429 = AXIS2_PLACEMENT_3D ( 'NONE', #1062, #178, #1479 ) ;
#1430 = FACE_OUTER_BOUND ( 'NONE', #1282, .T. ) ;
#1431 = CARTESIAN_POINT ( 'NONE',  ( -3.695480857963042709, 0.5807073429607956250, 3.699239395606379155 ) ) ;
#1432 = AXIS2_PLACEMENT_3D ( 'NONE', #1515, #208, #1669 ) ;
#1433 = CARTESIAN_POINT ( 'NONE',  ( 1.413446624251377237, 1.000000000000000000, 4.848161366991861065 ) ) ;
#1434 = ORIENTED_EDGE ( 'NONE', *, *, #946, .T. ) ;
#1435 = VECTOR ( 'NONE', #473, 1000.000000000000000 ) ;
#1436 = DIRECTION ( 'NONE',  ( 0.000000000000000000, 0.000000000000000000, -1.000000000000000000 ) ) ;
#1437 = ORIENTED_EDGE ( 'NONE', *, *, #290, .T. ) ;
#1438 = ADVANCED_FACE ( 'NONE', ( #1073 ), #1603, .F. ) ;
#1439 = CARTESIAN_POINT ( 'NONE',  ( 0.000000000000000000, 4.000000000000000000, 0.000000000000000000 ) ) ;
#1440 = CARTESIAN_POINT ( 'NONE',  ( -3.569142892004005141, 1.000000000000000000, 3.918063171575490333 ) ) ;
#1441 = AXIS2_PLACEMENT_3D ( 'NONE', #391, #253, #511 ) ;
#1442 = LINE ( 'NONE', #1041, #587 ) ;
#1443 = VERTEX_POINT ( 'NONE', #1347 ) ;
#1444 = CARTESIAN_POINT ( 'NONE',  ( 3.680607966084000537, -1.199999999999999956, 2.125000000000000000 ) ) ;
#1445 = ORIENTED_EDGE ( 'NONE', *, *, #629, .T. ) ;
#1446 = DIRECTION ( 'NONE',  ( 0.000000000000000000, 0.000000000000000000, 1.000000000000000000 ) ) ;
#1447 = CARTESIAN_POINT ( 'NONE',  ( 2.523965542692001129, 2.200000000000000178, 1.091832309505365251 ) ) ;
#1448 = CARTESIAN_POINT ( 'NONE',  ( 3.569142892022707958, 0.7000000000127124533, 3.918063171543030077 ) ) ;
#1449 = EDGE_CURVE ( 'NONE', #227, #1372, #1361, .T. ) ;
#1450 = CARTESIAN_POINT ( 'NONE',  ( -1.541951415282471816, 0.7000000000127124533, 5.070738194068634463 ) ) ;
#1451 = VERTEX_POINT ( 'NONE', #1472 ) ;
#1452 = B_SPLINE_CURVE_WITH_KNOTS ( 'NONE', 3,
 ( #1274, #1538, #358, #57 ),
 .UNSPECIFIED., .F., .F.,
 ( 4, 4 ),
 ( 9.756151681243428860E-15, 0.0008393561802120816720 ),
 .UNSPECIFIED. ) ;
#1453 = DIRECTION ( 'NONE',  ( -0.000000000000000000, -1.000000000000000000, -0.000000000000000000 ) ) ;
#1454 = ORIENTED_EDGE ( 'NONE', *, *, #182, .T. ) ;
#1455 = CARTESIAN_POINT ( 'NONE',  ( 0.8000000000000000444, 3.000000000000000000, -4.986231041578198742 ) ) ;
#1456 = CARTESIAN_POINT ( 'NONE',  ( 0.000000000000000000, -0.05000000000000000278, 0.000000000000000000 ) ) ;
#1457 = CARTESIAN_POINT ( 'NONE',  ( 1.541951415286916927, 1.000000000000000000, 5.070738194079207339 ) ) ;
#1458 = ORIENTED_EDGE ( 'NONE', *, *, #894, .T. ) ;
#1459 = EDGE_CURVE ( 'NONE', #129, #825, #931, .T. ) ;
#1460 = DIRECTION ( 'NONE',  ( 0.000000000000000000, 0.000000000000000000, 1.000000000000000000 ) ) ;
#1461 = EDGE_LOOP ( 'NONE', ( #1344, #489 ) ) ;
#1462 = AXIS2_PLACEMENT_3D ( 'NONE', #785, #1074, #941 ) ;
#1463 = CARTESIAN_POINT ( 'NONE',  ( 0.000000000000000000, 4.000000000000000000, 0.000000000000000000 ) ) ;
#1464 = CARTESIAN_POINT ( 'NONE',  ( 0.000000000000000000, 1.000000000000000000, 0.000000000000000000 ) ) ;
#1465 = FACE_OUTER_BOUND ( 'NONE', #1548, .T. ) ;
#1466 = EDGE_LOOP ( 'NONE', ( #1651, #912, #896, #1085 ) ) ;
#1467 = EDGE_CURVE ( 'NONE', #1410, #1624, #1507, .T. ) ;
#1468 = CARTESIAN_POINT ( 'NONE',  ( -3.586303702639831670, -1.199999999999999956, 1.532457422714196271 ) ) ;
#1469 = VERTEX_POINT ( 'NONE', #680 ) ;
#1470 = EDGE_CURVE ( 'NONE', #1360, #1654, #1238, .T. ) ;
#1471 = AXIS2_PLACEMENT_3D ( 'NONE', #568, #34, #676 ) ;
#1472 = CARTESIAN_POINT ( 'NONE',  ( -4.373428289109828171, 1.000000000000000000, -2.525000000002797673 ) ) ;
#1473 = DIRECTION ( 'NONE',  ( 0.000000000000000000, -0.000000000000000000, 1.000000000000000000 ) ) ;
#1474 = CARTESIAN_POINT ( 'NONE',  ( 0.000000000000000000, 0.6999999999948158802, 0.000000000000000000 ) ) ;
#1475 = ORIENTED_EDGE ( 'NONE', *, *, #433, .T. ) ;
#1476 = DIRECTION ( 'NONE',  ( 0.000000000000000000, 1.000000000000000000, 0.000000000000000000 ) ) ;
#1477 = ORIENTED_EDGE ( 'NONE', *, *, #605, .F. ) ;
#1478 = ADVANCED_FACE ( 'NONE', ( #957 ), #1496, .T. ) ;
#1479 = DIRECTION ( 'NONE',  ( -0.5372996083468004613, 0.000000000000000000, -0.8433914458129005975 ) ) ;
#1480 = DIRECTION ( 'NONE',  ( 0.000000000000000000, 1.000000000000000000, 0.000000000000000000 ) ) ;
#1481 = CARTESIAN_POINT ( 'NONE',  ( -0.9000000000000001332, 3.899999999999999911, -3.868115520789000339 ) ) ;
#1482 = EDGE_LOOP ( 'NONE', ( #464, #297, #1529, #457, #439, #1149 ) ) ;
#1483 = AXIS2_PLACEMENT_3D ( 'NONE', #711, #1675, #1513 ) ;
#1484 = CARTESIAN_POINT ( 'NONE',  ( 0.4660047930310585729, -1.199999999999999956, -3.872058823529269223 ) ) ;
#1485 = ORIENTED_EDGE ( 'NONE', *, *, #1373, .F. ) ;
#1486 = VERTEX_POINT ( 'NONE', #46 ) ;
#1487 = CIRCLE ( 'NONE', #1300, 5.049999999999999822 ) ;
#1488 = EDGE_CURVE ( 'NONE', #1122, #1008, #801, .T. ) ;
#1489 = DIRECTION ( 'NONE',  ( 0.000000000000000000, -1.000000000000000000, 0.000000000000000000 ) ) ;
#1490 = LINE ( 'NONE', #311, #283 ) ;
#1491 = ORIENTED_EDGE ( 'NONE', *, *, #770, .F. ) ;
#1492 = DIRECTION ( 'NONE',  ( 0.000000000000000000, 0.000000000000000000, -1.000000000000000000 ) ) ;
#1493 = EDGE_LOOP ( 'NONE', ( #148, #1223, #280, #651, #220, #1253, #725, #668 ) ) ;
#1494 = AXIS2_PLACEMENT_3D ( 'NONE', #1229, #320, #1092 ) ;
#1495 = ORIENTED_EDGE ( 'NONE', *, *, #1373, .T. ) ;
#1496 = CYLINDRICAL_SURFACE ( 'NONE', #926, 2.750000000000000000 ) ;
#1497 = VECTOR ( 'NONE', #447, 1000.000000000000000 ) ;
#1498 = CARTESIAN_POINT ( 'NONE',  ( -3.884319413152768075, 1.800000000000000266, 3.227160159738672984 ) ) ;
#1499 = FILL_AREA_STYLE_COLOUR ( '', #387 ) ;
#1500 = EDGE_CURVE ( 'NONE', #666, #1398, #301, .T. ) ;
#1501 = EDGE_CURVE ( 'NONE', #1636, #1398, #309, .T. ) ;
#1502 = ORIENTED_EDGE ( 'NONE', *, *, #914, .T. ) ;
#1503 = CARTESIAN_POINT ( 'NONE',  ( 0.000000000000000000, 3.899999999999999911, -2.686231041577999967 ) ) ;
#1504 = ORIENTED_EDGE ( 'NONE', *, *, #433, .F. ) ;
#1505 = CYLINDRICAL_SURFACE ( 'NONE', #1622, 0.5999999999999998668 ) ;
#1506 = LINE ( 'NONE', #1514, #36 ) ;
#1507 = CIRCLE ( 'NONE', #1399, 2.750000000000000000 ) ;
#1508 = VERTEX_POINT ( 'NONE', #826 ) ;
#1509 = CARTESIAN_POINT ( 'NONE',  ( 3.061616997868383141E-16, 2.200000000000000178, 2.500000000000000000 ) ) ;
#1510 = ORIENTED_EDGE ( 'NONE', *, *, #1417, .T. ) ;
#1511 = CARTESIAN_POINT ( 'NONE',  ( -1.784398404068963107, 1.713080679092708891, 4.726614195613505487 ) ) ;
#1512 = VECTOR ( 'NONE', #1016, 1000.000000000000000 ) ;
#1513 = DIRECTION ( 'NONE',  ( 0.000000000000000000, 0.000000000000000000, 1.000000000000000000 ) ) ;
#1514 = CARTESIAN_POINT ( 'NONE',  ( -2.523965560065424274, 0.000000000000000000, 1.091832336768450817 ) ) ;
#1515 = CARTESIAN_POINT ( 'NONE',  ( 0.9000000000000001332, 3.899999999999999911, -3.868115520789000339 ) ) ;
#1516 = ORIENTED_EDGE ( 'NONE', *, *, #343, .T. ) ;
#1517 = ADVANCED_FACE ( 'NONE', ( #1365 ), #707, .F. ) ;
#1518 = DIRECTION ( 'NONE',  ( 0.000000000000000000, 0.7071067811865475727, -0.7071067811865475727 ) ) ;
#1519 = ORIENTED_EDGE ( 'NONE', *, *, #237, .T. ) ;
#1520 = CARTESIAN_POINT ( 'NONE',  ( 0.000000000000000000, 4.000000000000000000, 0.000000000000000000 ) ) ;
#1521 = EDGE_CURVE ( 'NONE', #934, #807, #1235, .T. ) ;
#1522 = CONICAL_SURFACE ( 'NONE', #721, 5.299999999976989784, 0.5713374798787731468 ) ;
#1523 = CARTESIAN_POINT ( 'NONE',  ( 1.606970979134330291, 1.673213786048190821, 4.476441832050618963 ) ) ;
#1524 = AXIS2_PLACEMENT_3D ( 'NONE', #485, #1404, #336 ) ;
#1525 = DIRECTION ( 'NONE',  ( 0.000000000000000000, 0.000000000000000000, -1.000000000000000000 ) ) ;
#1526 = DIRECTION ( 'NONE',  ( 0.000000000000000000, -1.000000000000000000, 0.000000000000000000 ) ) ;
#1527 = VERTEX_POINT ( 'NONE', #578 ) ;
#1528 = DIRECTION ( 'NONE',  ( 0.000000000000000000, -1.000000000000000000, 0.000000000000000000 ) ) ;
#1529 = ORIENTED_EDGE ( 'NONE', *, *, #514, .F. ) ;
#1530 = DIRECTION ( 'NONE',  ( -0.000000000000000000, 1.000000000000000000, -0.000000000000000000 ) ) ;
#1531 = DIRECTION ( 'NONE',  ( 0.000000000000000000, 0.000000000000000000, -1.000000000000000000 ) ) ;
#1532 = ADVANCED_FACE ( 'NONE', ( #1612 ), #899, .F. ) ;
#1533 = B_SPLINE_CURVE_WITH_KNOTS ( 'NONE', 3,
 ( #199, #488, #1400, #1121 ),
 .UNSPECIFIED., .F., .F.,
 ( 4, 4 ),
 ( 4.318907278567784136E-09, 0.001403270539742673163 ),
 .UNSPECIFIED. ) ;
#1534 = CARTESIAN_POINT ( 'NONE',  ( 0.000000000000000000, 2.600000000029467628, -2.499999999997726263 ) ) ;
#1535 = ORIENTED_EDGE ( 'NONE', *, *, #1248, .F. ) ;
#1536 = VERTEX_POINT ( 'NONE', #818 ) ;
#1537 = CIRCLE ( 'NONE', #1483, 5.299999999999999822 ) ;
#1538 = CARTESIAN_POINT ( 'NONE',  ( -1.387712219690074411, 0.2331371442052445342, 4.803588070794027054 ) ) ;
#1539 = VERTEX_POINT ( 'NONE', #835 ) ;
#1540 = CARTESIAN_POINT ( 'NONE',  ( -11.35642031881000058, 1.000000000000000000, -18.86989698428000040 ) ) ;
#1541 = CARTESIAN_POINT ( 'NONE',  ( 1.000000000000000000, 4.000000000000000000, -4.949999999999999289 ) ) ;
#1542 = EDGE_CURVE ( 'NONE', #516, #1688, #356, .T. ) ;
#1543 = PLANE ( 'NONE',  #284 ) ;
#1544 = STYLED_ITEM ( 'NONE', ( #69 ), #40 ) ;
#1545 = CARTESIAN_POINT ( 'NONE',  ( 0.000000000000000000, -1.199999999999999956, 0.000000000000000000 ) ) ;
#1546 = ORIENTED_EDGE ( 'NONE', *, *, #1283, .T. ) ;
#1547 = CYLINDRICAL_SURFACE ( 'NONE', #7, 0.5999999999999998668 ) ;
#1548 = EDGE_LOOP ( 'NONE', ( #978, #1617, #1194, #1619, #1220, #1204, #1245, #316, #1475, #901, #420, #1306 ) ) ;
#1549 = CARTESIAN_POINT ( 'NONE',  ( -0.6499993395491963089, 0.1136607808961905830, 3.525830588742213223 ) ) ;
#1550 =( NAMED_UNIT ( * ) PLANE_ANGLE_UNIT ( ) SI_UNIT ( $, .RADIAN. ) );
#1551 = AXIS2_PLACEMENT_3D ( 'NONE', #285, #1614, #303 ) ;
#1552 = DIRECTION ( 'NONE',  ( -0.000000000000000000, 1.000000000000000000, -0.000000000000000000 ) ) ;
#1553 = CARTESIAN_POINT ( 'NONE',  ( -4.373428289109500433, 0.3111111111454288869, -2.525000000002596501 ) ) ;
#1554 = EDGE_LOOP ( 'NONE', ( #17, #142, #423, #1434 ) ) ;
#1555 = EDGE_CURVE ( 'NONE', #825, #1443, #326, .T. ) ;
#1556 = CARTESIAN_POINT ( 'NONE',  ( 0.000000000000000000, 3.000000000000000000, 0.000000000000000000 ) ) ;
#1557 = ORIENTED_EDGE ( 'NONE', *, *, #1177, .F. ) ;
#1558 = DIRECTION ( 'NONE',  ( -0.000000000000000000, 1.000000000000000000, -0.000000000000000000 ) ) ;
#1559 = DIRECTION ( 'NONE',  ( 0.000000000000000000, 0.000000000000000000, -1.000000000000000000 ) ) ;
#1560 = LINE ( 'NONE', #650, #670 ) ;
#1561 = ORIENTED_EDGE ( 'NONE', *, *, #1631, .T. ) ;
#1562 = EDGE_CURVE ( 'NONE', #239, #341, #671, .T. ) ;
#1563 = CARTESIAN_POINT ( 'NONE',  ( 4.093363969228574817, 0.3485540396935541407, -3.010085631424586960 ) ) ;
#1564 = ORIENTED_EDGE ( 'NONE', *, *, #831, .T. ) ;
#1565 = CARTESIAN_POINT ( 'NONE',  ( 0.8000000000000251354, 3.800000000000024691, -4.986231041578193413 ) ) ;
#1566 = VECTOR ( 'NONE', #688, 1000.000000000000000 ) ;
#1567 = DIRECTION ( 'NONE',  ( -0.8433914458129005975, 0.000000000000000000, -0.5372996083468004613 ) ) ;
#1568 = FACE_OUTER_BOUND ( 'NONE', #625, .T. ) ;
#1569 = AXIS2_PLACEMENT_3D ( 'NONE', #1208, #408, #1473 ) ;
#1570 = CARTESIAN_POINT ( 'NONE',  ( 0.000000000000000000, -1.199999999999999956, 0.000000000000000000 ) ) ;
#1571 = ORIENTED_EDGE ( 'NONE', *, *, #831, .F. ) ;
#1572 = VECTOR ( 'NONE', #858, 1000.000000000000000 ) ;
#1573 = CARTESIAN_POINT ( 'NONE',  ( 2.523965560061999902, 0.000000000000000000, 1.091832336770999889 ) ) ;
#1574 = ORIENTED_EDGE ( 'NONE', *, *, #374, .F. ) ;
#1575 = PLANE ( 'NONE',  #134 ) ;
#1576 = EDGE_CURVE ( 'NONE', #432, #289, #158, .T. ) ;
#1577 = DIRECTION ( 'NONE',  ( 0.000000000000000000, 0.000000000000000000, -1.000000000000000000 ) ) ;
#1578 = DIRECTION ( 'NONE',  ( 0.000000000000000000, 0.000000000000000000, -1.000000000000000000 ) ) ;
#1579 = AXIS2_PLACEMENT_3D ( 'NONE', #275, #657, #145 ) ;
#1580 = DIRECTION ( 'NONE',  ( 0.000000000000000000, 0.000000000000000000, -1.000000000000000000 ) ) ;
#1581 = ORIENTED_EDGE ( 'NONE', *, *, #1259, .T. ) ;
#1582 = DIRECTION ( 'NONE',  ( 0.000000000000000000, -1.000000000000000000, 0.000000000000000000 ) ) ;
#1583 = ORIENTED_EDGE ( 'NONE', *, *, #770, .T. ) ;
#1584 = AXIS2_PLACEMENT_3D ( 'NONE', #1362, #431, #1460 ) ;
#1585 = LINE ( 'NONE', #407, #118 ) ;
#1586 = PLANE ( 'NONE',  #1569 ) ;
#1587 = DIRECTION ( 'NONE',  ( -0.000000000000000000, 1.000000000000000000, -0.000000000000000000 ) ) ;
#1588 = ORIENTED_EDGE ( 'NONE', *, *, #605, .T. ) ;
#1589 = DIRECTION ( 'NONE',  ( 0.000000000000000000, 0.000000000000000000, 1.000000000000000000 ) ) ;
#1590 = VERTEX_POINT ( 'NONE', #974 ) ;
#1591 = B_SPLINE_CURVE_WITH_KNOTS ( 'NONE', 3,
 ( #916, #1431, #1687, #1311, #510, #1677 ),
 .UNSPECIFIED., .F., .F.,
 ( 4, 2, 4 ),
 ( 1.268106715572631262E-14, 0.0008289135894332023578, 0.001657827178853724321 ),
 .UNSPECIFIED. ) ;
#1592 = DIRECTION ( 'NONE',  ( 0.000000000000000000, 0.000000000000000000, -1.000000000000000000 ) ) ;
#1593 = FACE_OUTER_BOUND ( 'NONE', #254, .T. ) ;
#1594 = EDGE_CURVE ( 'NONE', #1353, #462, #1395, .T. ) ;
#1595 = DIRECTION ( 'NONE',  ( -1.000000000000000000, 0.000000000000000000, -0.000000000000000000 ) ) ;
#1596 = ORIENTED_EDGE ( 'NONE', *, *, #1221, .T. ) ;
#1597 = ADVANCED_FACE ( 'NONE', ( #345 ), #1012, .F. ) ;
#1598 = VECTOR ( 'NONE', #748, 1000.000000000000000 ) ;
#1599 = CARTESIAN_POINT ( 'NONE',  ( 0.8161670469866785238, -1.199999999999999956, 3.813642792844140761 ) ) ;
#1600 = ORIENTED_EDGE ( 'NONE', *, *, #1165, .F. ) ;
#1601 = AXIS2_PLACEMENT_3D ( 'NONE', #1162, #95, #628 ) ;
#1602 = APPLICATION_CONTEXT ( 'automotive_design' ) ;
#1603 = PLANE ( 'NONE',  #1429 ) ;
#1604 = DIRECTION ( 'NONE',  ( -0.000000000000000000, 1.000000000000000000, -0.000000000000000000 ) ) ;
#1605 = CARTESIAN_POINT ( 'NONE',  ( 0.000000000000000000, 1.800000000000000266, 0.000000000000000000 ) ) ;
#1606 = ORIENTED_EDGE ( 'NONE', *, *, #894, .F. ) ;
#1607 = EDGE_CURVE ( 'NONE', #1398, #269, #550, .T. ) ;
#1608 = CARTESIAN_POINT ( 'NONE',  ( 0.000000000000000000, 2.600000000029467628, 0.000000000000000000 ) ) ;
#1609 = ORIENTED_EDGE ( 'NONE', *, *, #97, .F. ) ;
#1610 = AXIS2_PLACEMENT_3D ( 'NONE', #502, #1567, #784 ) ;
#1611 = VECTOR ( 'NONE', #1343, 1000.000000000000114 ) ;
#1612 = FACE_OUTER_BOUND ( 'NONE', #211, .T. ) ;
#1613 = CARTESIAN_POINT ( 'NONE',  ( 3.061616997868383141E-16, 4.099999999999999645, 2.500000000000000000 ) ) ;
#1614 = DIRECTION ( 'NONE',  ( 0.000000000000000000, -1.000000000000000000, 0.000000000000000000 ) ) ;
#1615 = ORIENTED_EDGE ( 'NONE', *, *, #421, .T. ) ;
#1616 = CARTESIAN_POINT ( 'NONE',  ( 0.8000000000000000444, 3.000000000000000444, -2.786231041578000500 ) ) ;
#1617 = ORIENTED_EDGE ( 'NONE', *, *, #1045, .F. ) ;
#1618 = ADVANCED_FACE ( 'NONE', ( #852 ), #1505, .F. ) ;
#1619 = ORIENTED_EDGE ( 'NONE', *, *, #248, .T. ) ;
#1620 = DIRECTION ( 'NONE',  ( 0.000000000000000000, 0.000000000000000000, -1.000000000000000000 ) ) ;
#1621 = CARTESIAN_POINT ( 'NONE',  ( 3.827655547973774830, 0.4819613980228921735, 3.470306117035763638 ) ) ;
#1622 = AXIS2_PLACEMENT_3D ( 'NONE', #484, #842, #194 ) ;
#1623 = CARTESIAN_POINT ( 'NONE',  ( 0.000000000000000000, 1.000000000000000000, 0.000000000000000000 ) ) ;
#1624 = VERTEX_POINT ( 'NONE', #1242 ) ;
#1625 = CARTESIAN_POINT ( 'NONE',  ( -0.6500000000001092682, 0.000000000000000000, 2.672077843177450784 ) ) ;
#1626 = ORIENTED_EDGE ( 'NONE', *, *, #1154, .T. ) ;
#1627 = CIRCLE ( 'NONE', #1462, 2.750000000000000000 ) ;
#1628 = ORIENTED_EDGE ( 'NONE', *, *, #1013, .F. ) ;
#1629 = ADVANCED_FACE ( 'NONE', ( #88 ), #878, .F. ) ;
#1630 = DIRECTION ( 'NONE',  ( 0.000000000000000000, 0.000000000000000000, -1.000000000000000000 ) ) ;
#1631 = EDGE_CURVE ( 'NONE', #230, #1028, #622, .T. ) ;
#1632 = FACE_OUTER_BOUND ( 'NONE', #75, .T. ) ;
#1633 = CARTESIAN_POINT ( 'NONE',  ( -0.8161670469879694911, 0.000000000000000000, 3.813642792843993323 ) ) ;
#1634 = ORIENTED_EDGE ( 'NONE', *, *, #566, .F. ) ;
#1635 = CARTESIAN_POINT ( 'NONE',  ( 0.000000000000000000, 0.000000000000000000, 0.000000000000000000 ) ) ;
#1636 = VERTEX_POINT ( 'NONE', #1146 ) ;
#1637 = CIRCLE ( 'NONE', #800, 5.049999999999999822 ) ;
#1638 = CIRCLE ( 'NONE', #1228, 2.499999999997726263 ) ;
#1639 = DIRECTION ( 'NONE',  ( 0.000000000000000000, 0.000000000000000000, -1.000000000000000000 ) ) ;
#1640 = EDGE_CURVE ( 'NONE', #350, #462, #1320, .T. ) ;
#1641 = CARTESIAN_POINT ( 'NONE',  ( 0.000000000000000000, 2.200000000000000178, -2.500000000000000000 ) ) ;
#1642 = FACE_OUTER_BOUND ( 'NONE', #1006, .T. ) ;
#1643 = ORIENTED_EDGE ( 'NONE', *, *, #1542, .T. ) ;
#1644 = DIRECTION ( 'NONE',  ( 0.000000000000000000, 0.000000000000000000, -1.000000000000000000 ) ) ;
#1645 = ORIENTED_EDGE ( 'NONE', *, *, #640, .F. ) ;
#1646 = DIRECTION ( 'NONE',  ( 0.000000000000000000, -1.000000000000000000, 0.000000000000000000 ) ) ;
#1647 = FACE_OUTER_BOUND ( 'NONE', #1060, .T. ) ;
#1648 =( LENGTH_UNIT ( ) NAMED_UNIT ( * ) SI_UNIT ( .MILLI., .METRE. ) );
#1649 = ADVANCED_FACE ( 'NONE', ( #184 ), #736, .F. ) ;
#1650 = AXIS2_PLACEMENT_3D ( 'NONE', #1370, #1090, #1620 ) ;
#1651 = ORIENTED_EDGE ( 'NONE', *, *, #639, .F. ) ;
#1652 = EDGE_CURVE ( 'NONE', #750, #929, #1537, .T. ) ;
#1653 = CARTESIAN_POINT ( 'NONE',  ( -2.523965531024458198, 2.200000000000001066, 1.091832291183265857 ) ) ;
#1654 = VERTEX_POINT ( 'NONE', #465 ) ;
#1655 = CARTESIAN_POINT ( 'NONE',  ( 0.000000000000000000, 1.000000000000000000, 0.000000000000000000 ) ) ;
#1656 = AXIS2_PLACEMENT_3D ( 'NONE', #1545, #1414, #1559 ) ;
#1657 = CARTESIAN_POINT ( 'NONE',  ( 0.6500000000000001332, -1.199999999999999956, 2.672077843177000034 ) ) ;
#1658 = DIRECTION ( 'NONE',  ( 0.000000000000000000, -1.000000000000000000, 0.000000000000000000 ) ) ;
#1659 = PLANE ( 'NONE',  #958 ) ;
#1660 = VERTEX_POINT ( 'NONE', #602 ) ;
#1661 = ADVANCED_FACE ( 'NONE', ( #1135 ), #205, .T. ) ;
#1662 = FACE_OUTER_BOUND ( 'NONE', #183, .T. ) ;
#1663 = ORIENTED_EDGE ( 'NONE', *, *, #441, .T. ) ;
#1664 = CARTESIAN_POINT ( 'NONE',  ( -0.9993038930681270582, 1.000000000012317258, 4.130845114992826694 ) ) ;
#1665 = LINE ( 'NONE', #352, #841 ) ;
#1666 = AXIS2_PLACEMENT_3D ( 'NONE', #1015, #225, #1525 ) ;
#1667 = CIRCLE ( 'NONE', #1251, 4.850002272173530748 ) ;
#1668 = CARTESIAN_POINT ( 'NONE',  ( -11.35642031880849601, 1.800000000000000044, -18.86989698428087081 ) ) ;
#1669 = DIRECTION ( 'NONE',  ( -0.7071067811865474617, -0.7071067811865474617, 0.000000000000000000 ) ) ;
#1670 = ORIENTED_EDGE ( 'NONE', *, *, #409, .T. ) ;
#1671 = PLANE ( 'NONE',  #224 ) ;
#1672 = ORIENTED_EDGE ( 'NONE', *, *, #1684, .T. ) ;
#1673 = CYLINDRICAL_SURFACE ( 'NONE', #820, 0.8000000000000015987 ) ;
#1674 = EDGE_CURVE ( 'NONE', #197, #867, #737, .T. ) ;
#1675 = DIRECTION ( 'NONE',  ( -0.000000000000000000, -1.000000000000000000, -0.000000000000000000 ) ) ;
#1676 = CARTESIAN_POINT ( 'NONE',  ( 2.523966535317345716, -0.9999978507446033449, 1.091833867615249920 ) ) ;
#1677 = CARTESIAN_POINT ( 'NONE',  ( -4.373428289111011225, 0.3111111111454400446, 2.525000000000006573 ) ) ;
#1678 = EDGE_LOOP ( 'NONE', ( #1708, #73 ) ) ;
#1679 = B_SPLINE_CURVE_WITH_KNOTS ( 'NONE', 3,
 ( #393, #367, #377, #1563, #1301, #245 ),
 .UNSPECIFIED., .F., .F.,
 ( 4, 2, 4 ),
 ( 1.162294786807362499E-14, 0.0008289135894327784347, 0.001657827178853933138 ),
 .UNSPECIFIED. ) ;
#1680 = LINE ( 'NONE', #255, #287 ) ;
#1681 = ORIENTED_EDGE ( 'NONE', *, *, #1130, .F. ) ;
#1682 = CARTESIAN_POINT ( 'NONE',  ( -0.6500000000005999867, -1.199999999999999956, 3.525833024919000191 ) ) ;
#1683 = DIRECTION ( 'NONE',  ( -0.000000000000000000, 0.000000000000000000, -1.000000000000000000 ) ) ;
#1684 = EDGE_CURVE ( 'NONE', #1393, #1486, #1267, .T. ) ;
#1685 = LINE ( 'NONE', #641, #1107 ) ;
#1686 = AXIS2_PLACEMENT_3D ( 'NONE', #631, #891, #1578 ) ;
#1687 = CARTESIAN_POINT ( 'NONE',  ( -3.825151532649547548, 0.4836203650117261166, 3.474643198800288602 ) ) ;
#1688 = VERTEX_POINT ( 'NONE', #611 ) ;
#1689 = CARTESIAN_POINT ( 'NONE',  ( 0.000000000000000000, 2.600000000029467628, -2.499999999997726263 ) ) ;
#1690 = ORIENTED_EDGE ( 'NONE', *, *, #181, .F. ) ;
#1691 = CARTESIAN_POINT ( 'NONE',  ( 0.000000000000000000, 1.000000000000000000, 0.000000000000000000 ) ) ;
#1692 =( LENGTH_UNIT ( ) NAMED_UNIT ( * ) SI_UNIT ( .MILLI., .METRE. ) );
#1693 = CIRCLE ( 'NONE', #996, 2.499999999997726263 ) ;
#1694 = LINE ( 'NONE', #537, #939 ) ;
#1695 = CARTESIAN_POINT ( 'NONE',  ( -1.000000000000000000, 4.000000000000000000, -4.949999999999999289 ) ) ;
#1696 = CIRCLE ( 'NONE', #588, 3.899999999999999911 ) ;
#1697 = CARTESIAN_POINT ( 'NONE',  ( 1.713935541977963828, 1.640013214587408674, 4.750847529371563738 ) ) ;
#1698 = ORIENTED_EDGE ( 'NONE', *, *, #1428, .T. ) ;
#1699 = DIRECTION ( 'NONE',  ( -0.5000000000000167644, 0.000000000000000000, -0.8660254037844289376 ) ) ;
#1700 = ORIENTED_EDGE ( 'NONE', *, *, #409, .F. ) ;
#1701 =( NAMED_UNIT ( * ) SI_UNIT ( $, .STERADIAN. ) SOLID_ANGLE_UNIT ( ) );
#1702 = CYLINDRICAL_SURFACE ( 'NONE', #1281, 2.500000000000000000 ) ;
#1703 = DIRECTION ( 'NONE',  ( 0.000000000000000000, 0.000000000000000000, -1.000000000000000000 ) ) ;
#1704 = CYLINDRICAL_SURFACE ( 'NONE', #1579, 3.899999999999999911 ) ;
#1705 = EDGE_LOOP ( 'NONE', ( #1516, #1519, #298, #1314 ) ) ;
#1706 = EDGE_CURVE ( 'NONE', #133, #507, #1665, .T. ) ;
#1707 = CARTESIAN_POINT ( 'NONE',  ( 3.884319413150890021, 4.000000000000000000, 3.227160159740932954 ) ) ;
#1708 = ORIENTED_EDGE ( 'NONE', *, *, #181, .T. ) ;
#1709 = VECTOR ( 'NONE', #78, 1000.000000000000000 ) ;
#1710 = CARTESIAN_POINT ( 'NONE',  ( 3.569142892003999812, 1.000000000000000000, -3.918063171576000148 ) ) ;
#1711 = CARTESIAN_POINT ( 'NONE',  ( 0.4660047930309432762, -1.199999999999999956, -3.872058823529127114 ) ) ;
#1712 = LINE ( 'NONE', #252, #768 ) ;
#1713 = CIRCLE ( 'NONE', #1187, 5.049999999999999822 ) ;
#1714 = DIRECTION ( 'NONE',  ( 0.000000000000000000, 0.000000000000000000, -1.000000000000000000 ) ) ;
#1715 = ORIENTED_EDGE ( 'NONE', *, *, #21, .T. ) ;
#1716 = DIRECTION ( 'NONE',  ( 0.000000000000000000, 0.000000000000000000, -1.000000000000000000 ) ) ;
#1717 = VERTEX_POINT ( 'NONE', #104 ) ;
#1718 = ADVANCED_FACE ( 'NONE', ( #1172 ), #1575, .F. ) ;
ENDSEC;
END-ISO-10303-21;
