ISO-10303-21;
HEADER;
FILE_DESCRIPTION (( 'STEP AP214' ),
    '1' );
FILE_NAME ('M_DC11_A01_IDLER.STEP',
    '2026-08-29T22:11:45',
    ( '' ),
    ( '' ),
    'SwSTEP 2.0',
    'SolidWorks 2023',
    '' );
FILE_SCHEMA (( 'AUTOMOTIVE_DESIGN' ));
ENDSEC;

DATA;
#1 = CLOSED_SHELL ( 'NONE', ( #711, #1220, #99, #638, #91, #1257, #687, #524, #221, #1326, #695, #1151, #414, #395, #722, #774, #186, #819, #156, #1018, #1003, #791, #766, #206, #548, #469, #166, #1078, #1053, #136, #617, #861, #292, #177, #907 ) ) ;
#2 = CARTESIAN_POINT ( 'NONE',  ( -5.349999999999998757, -3.500000000000000000, 0.3256473396243758089 ) ) ;
#3 = CARTESIAN_POINT ( 'NONE',  ( 0.000000000000000000, 0.000000000000000000, -8.000000000000000000 ) ) ;
#4 = CARTESIAN_POINT ( 'NONE',  ( 5.254071483286795186, -3.500000000000000000, -1.009419828256667984 ) ) ;
#5 = ORIENTED_EDGE ( 'NONE', *, *, #1211, .F. ) ;
#6 = DIRECTION ( 'NONE',  ( 0.000000000000000000, -1.000000000000000000, 0.000000000000000000 ) ) ;
#7 = CARTESIAN_POINT ( 'NONE',  ( 2.256613176604515658, -3.500000000000000000, 4.851685638380984322 ) ) ;
#8 = AXIS2_PLACEMENT_3D ( 'NONE', #859, #1401, #640 ) ;
#9 = DIRECTION ( 'NONE',  ( 0.000000000000000000, 0.000000000000000000, 1.000000000000000000 ) ) ;
#10 = CARTESIAN_POINT ( 'NONE',  ( 0.000000000000000000, 1.151856388048599911E-12, 0.000000000000000000 ) ) ;
#11 = ORIENTED_EDGE ( 'NONE', *, *, #445, .T. ) ;
#12 = DIRECTION ( 'NONE',  ( 0.000000000000000000, 1.000000000000000000, 0.000000000000000000 ) ) ;
#13 = DIRECTION ( 'NONE',  ( 0.000000000000000000, 0.000000000000000000, -1.000000000000000000 ) ) ;
#14 = EDGE_CURVE ( 'NONE', #1146, #578, #1195, .T. ) ;
#15 = CARTESIAN_POINT ( 'NONE',  ( 0.000000000000000000, -3.300000000017485391, 0.000000000000000000 ) ) ;
#16 = FACE_BOUND ( 'NONE', #352, .T. ) ;
#17 = ORIENTED_EDGE ( 'NONE', *, *, #742, .T. ) ;
#18 = CARTESIAN_POINT ( 'NONE',  ( 1.530808498934191324E-16, -3.500000000000000000, -6.750000000000000000 ) ) ;
#19 = DIRECTION ( 'NONE',  ( 0.000000000000000000, 0.000000000000000000, 1.000000000000000000 ) ) ;
#20 = EDGE_CURVE ( 'NONE', #798, #359, #235, .T. ) ;
#21 = CIRCLE ( 'NONE', #831, 1.249999999999999334 ) ;
#22 = FACE_OUTER_BOUND ( 'NONE', #1333, .T. ) ;
#23 = FACE_BOUND ( 'NONE', #189, .T. ) ;
#24 = EDGE_LOOP ( 'NONE', ( #224, #1344, #629, #636 ) ) ;
#25 = DIRECTION ( 'NONE',  ( 0.000000000000000000, 0.000000000000000000, -1.000000000000000000 ) ) ;
#26 = DIRECTION ( 'NONE',  ( 0.000000000000000000, 0.000000000000000000, -1.000000000000000000 ) ) ;
#27 = LINE ( 'NONE', #914, #1249 ) ;
#28 = CARTESIAN_POINT ( 'NONE',  ( -4.546064578664881672, -3.500000000000000000, -2.826570613403388776 ) ) ;
#29 = EDGE_CURVE ( 'NONE', #578, #170, #1006, .T. ) ;
#30 = EDGE_LOOP ( 'NONE', ( #418, #1308, #1212, #692 ) ) ;
#31 = CARTESIAN_POINT ( 'NONE',  ( -8.000000000000000000, -3.500000000000000000, 0.000000000000000000 ) ) ;
#32 = LINE ( 'NONE', #1105, #1335 ) ;
#33 =( NAMED_UNIT ( * ) PLANE_ANGLE_UNIT ( ) SI_UNIT ( $, .RADIAN. ) );
#34 = DIRECTION ( 'NONE',  ( 0.000000000000000000, -1.000000000000000000, 0.000000000000000000 ) ) ;
#35 = CARTESIAN_POINT ( 'NONE',  ( 5.349573252809616264, -3.200000000000000178, 0.06757227851671196439 ) ) ;
#36 = EDGE_CURVE ( 'NONE', #965, #108, #1224, .T. ) ;
#37 = ORIENTED_EDGE ( 'NONE', *, *, #1161, .T. ) ;
#38 = DIRECTION ( 'NONE',  ( 0.000000000000000000, 1.000000000000000000, 0.000000000000000000 ) ) ;
#39 = CIRCLE ( 'NONE', #1383, 10.04999999999901839 ) ;
#40 = EDGE_LOOP ( 'NONE', ( #1172, #274 ) ) ;
#41 = LINE ( 'NONE', #397, #1403 ) ;
#42 = DIRECTION ( 'NONE',  ( 0.000000000000000000, -1.000000000000000000, 0.000000000000000000 ) ) ;
#43 = CARTESIAN_POINT ( 'NONE',  ( -1.271199107852386767, -3.500000000000000444, -5.197548389843095862 ) ) ;
#44 = ORIENTED_EDGE ( 'NONE', *, *, #1132, .F. ) ;
#45 = CARTESIAN_POINT ( 'NONE',  ( -3.201279737014053328, -3.499999999999999556, 5.309990328596154718 ) ) ;
#46 = ORIENTED_EDGE ( 'NONE', *, *, #20, .F. ) ;
#47 = DIRECTION ( 'NONE',  ( 0.000000000000000000, 0.000000000000000000, -1.000000000000000000 ) ) ;
#48 = APPLICATION_PROTOCOL_DEFINITION ( 'draft international standard', 'automotive_design', 1998, #1215 ) ;
#49 = CARTESIAN_POINT ( 'NONE',  ( -5.347536171064753319, -3.500000000000001332, -0.2303735996648088313 ) ) ;
#50 = ORIENTED_EDGE ( 'NONE', *, *, #1231, .T. ) ;
#51 = CARTESIAN_POINT ( 'NONE',  ( 5.349573252813930146, -3.500000000000000000, 0.06757227817521981039 ) ) ;
#52 = CIRCLE ( 'NONE', #538, 10.05000000000115712 ) ;
#53 = EDGE_LOOP ( 'NONE', ( #1356, #11, #408, #908 ) ) ;
#54 = CARTESIAN_POINT ( 'NONE',  ( 5.656854249492000442, -3.500000000000000000, -5.656854249492000442 ) ) ;
#55 = AXIS2_PLACEMENT_3D ( 'NONE', #317, #82, #1184 ) ;
#56 = EDGE_CURVE ( 'NONE', #1400, #1242, #1135, .T. ) ;
#57 = CARTESIAN_POINT ( 'NONE',  ( -5.333406593268954055, -3.499999999999999556, -0.4734939351852444078 ) ) ;
#58 = ORIENTED_EDGE ( 'NONE', *, *, #555, .T. ) ;
#59 = LINE ( 'NONE', #370, #1210 ) ;
#60 = ORIENTED_EDGE ( 'NONE', *, *, #933, .F. ) ;
#61 = LINE ( 'NONE', #69, #1268 ) ;
#62 = CARTESIAN_POINT ( 'NONE',  ( 0.000000000000000000, 0.000000000000000000, -8.000000000000000000 ) ) ;
#63 = FACE_BOUND ( 'NONE', #281, .T. ) ;
#64 = EDGE_CURVE ( 'NONE', #738, #714, #918, .T. ) ;
#65 = LINE ( 'NONE', #634, #1359 ) ;
#66 = ORIENTED_EDGE ( 'NONE', *, *, #20, .T. ) ;
#67 = CARTESIAN_POINT ( 'NONE',  ( 1.530808498934192310E-16, 0.000000000000000000, 9.250000000000000000 ) ) ;
#68 = ORIENTED_EDGE ( 'NONE', *, *, #605, .T. ) ;
#69 = CARTESIAN_POINT ( 'NONE',  ( 1.255262969123647189E-15, -3.300000000017485391, -10.24999999998048672 ) ) ;
#70 = DIRECTION ( 'NONE',  ( 0.000000000000000000, 1.000000000000000000, 0.000000000000000000 ) ) ;
#71 = CARTESIAN_POINT ( 'NONE',  ( 5.174074976090270894, -1.200000000000000178, 0.04423567067176460005 ) ) ;
#72 = ORIENTED_EDGE ( 'NONE', *, *, #555, .F. ) ;
#73 = FACE_OUTER_BOUND ( 'NONE', #1265, .T. ) ;
#74 = EDGE_CURVE ( 'NONE', #1228, #883, #768, .T. ) ;
#75 = ORIENTED_EDGE ( 'NONE', *, *, #644, .F. ) ;
#76 = CYLINDRICAL_SURFACE ( 'NONE', #425, 1.249999999999999334 ) ;
#77 = AXIS2_PLACEMENT_3D ( 'NONE', #250, #265, #713 ) ;
#78 = CIRCLE ( 'NONE', #864, 1.250000000000000000 ) ;
#79 = CARTESIAN_POINT ( 'NONE',  ( -1.425145705783944727, -3.500000000000000444, 5.161787156779019448 ) ) ;
#80 = CARTESIAN_POINT ( 'NONE',  ( 1.530808498934191571E-16, 0.000000000000000000, 9.250000000000000000 ) ) ;
#81 = ORIENTED_EDGE ( 'NONE', *, *, #1361, .T. ) ;
#82 = DIRECTION ( 'NONE',  ( 0.000000000000000000, 1.000000000000000000, 0.000000000000000000 ) ) ;
#83 = EDGE_CURVE ( 'NONE', #423, #631, #21, .T. ) ;
#84 = ORIENTED_EDGE ( 'NONE', *, *, #892, .F. ) ;
#85 = AXIS2_PLACEMENT_3D ( 'NONE', #614, #1030, #164 ) ;
#86 = CARTESIAN_POINT ( 'NONE',  ( 1.016303127132600848, -3.500000000000000444, 5.253214692783600093 ) ) ;
#87 = VERTEX_POINT ( 'NONE', #1293 ) ;
#88 = CARTESIAN_POINT ( 'NONE',  ( 0.000000000000000000, -3.300000000017486723, 0.000000000000000000 ) ) ;
#89 = ORIENTED_EDGE ( 'NONE', *, *, #74, .T. ) ;
#90 = CIRCLE ( 'NONE', #1072, 1.250000000000000222 ) ;
#91 = ADVANCED_FACE ( 'NONE', ( #1086 ), #1306, .F. ) ;
#92 = CARTESIAN_POINT ( 'NONE',  ( -5.254071483286793409, -3.500000000000000000, 1.009419828256668650 ) ) ;
#93 = ORIENTED_EDGE ( 'NONE', *, *, #1267, .F. ) ;
#94 = DIRECTION ( 'NONE',  ( 0.000000000000000000, 0.000000000000000000, 1.000000000000000000 ) ) ;
#95 = ORIENTED_EDGE ( 'NONE', *, *, #1287, .T. ) ;
#96 = DIRECTION ( 'NONE',  ( 0.000000000000000000, 1.000000000000000000, 0.000000000000000000 ) ) ;
#97 = CARTESIAN_POINT ( 'NONE',  ( -1.911786364878214739, -3.500000000000000444, 4.997568724418913533 ) ) ;
#98 = VECTOR ( 'NONE', #937, 999.9999999999998863 ) ;
#99 = ADVANCED_FACE ( 'NONE', ( #119 ), #435, .F. ) ;
#100 = VERTEX_POINT ( 'NONE', #106 ) ;
#101 = CARTESIAN_POINT ( 'NONE',  ( -5.349805126701258295, -1.200000000000000178, -0.04573807269578914619 ) ) ;
#102 = ORIENTED_EDGE ( 'NONE', *, *, #445, .F. ) ;
#103 = DIRECTION ( 'NONE',  ( 0.000000000000000000, -1.000000000000000000, 0.000000000000000000 ) ) ;
#104 = CARTESIAN_POINT ( 'NONE',  ( -4.961819280753105410, -3.500000000000000444, 2.001185870082031748 ) ) ;
#105 = CIRCLE ( 'NONE', #911, 1.250000000000000222 ) ;
#106 = CARTESIAN_POINT ( 'NONE',  ( 6.184466335694133068E-16, -1.500000000000000000, 5.049999999999999822 ) ) ;
#107 = CARTESIAN_POINT ( 'NONE',  ( 4.583745334133788596, -3.500000000000000444, -2.764794351405833517 ) ) ;
#108 = VERTEX_POINT ( 'NONE', #1106 ) ;
#109 = DIRECTION ( 'NONE',  ( 0.000000000000000000, 0.000000000000000000, -1.000000000000000000 ) ) ;
#110 = VECTOR ( 'NONE', #322, 1000.000000000000000 ) ;
#111 = CARTESIAN_POINT ( 'NONE',  ( 3.036051823487983636, -3.499999999999999556, 4.408769384878323372 ) ) ;
#112 = ORIENTED_EDGE ( 'NONE', *, *, #1085, .F. ) ;
#113 = CARTESIAN_POINT ( 'NONE',  ( -5.349999999999999645, -1.200000000000000400, -0.01524625457010205486 ) ) ;
#114 = EDGE_CURVE ( 'NONE', #798, #1046, #90, .T. ) ;
#115 = ORIENTED_EDGE ( 'NONE', *, *, #704, .F. ) ;
#116 = DIRECTION ( 'NONE',  ( 0.000000000000000000, -1.000000000000000000, 0.000000000000000000 ) ) ;
#117 = CARTESIAN_POINT ( 'NONE',  ( 0.000000000000000000, -3.500000000000000000, -8.000000000000000000 ) ) ;
#118 = VECTOR ( 'NONE', #1100, 1000.000000000000000 ) ;
#119 = FACE_OUTER_BOUND ( 'NONE', #657, .T. ) ;
#120 = CARTESIAN_POINT ( 'NONE',  ( 5.349999999999997868, -3.500000000000000000, -0.3256473396243759200 ) ) ;
#121 = ORIENTED_EDGE ( 'NONE', *, *, #403, .T. ) ;
#122 = CARTESIAN_POINT ( 'NONE',  ( 0.000000000000000000, 0.000000000000000000, 0.000000000000000000 ) ) ;
#123 = UNCERTAINTY_MEASURE_WITH_UNIT (LENGTH_MEASURE( 1.000000000000000082E-05 ), #383, 'distance_accuracy_value', 'NONE');
#124 = EDGE_CURVE ( 'NONE', #530, #1351, #741, .T. ) ;
#125 = DIRECTION ( 'NONE',  ( -0.000000000000000000, -1.000000000000000000, -0.000000000000000000 ) ) ;
#126 = CYLINDRICAL_SURFACE ( 'NONE', #392, 10.25000000000000000 ) ;
#127 = ORIENTED_EDGE ( 'NONE', *, *, #627, .T. ) ;
#128 = CARTESIAN_POINT ( 'NONE',  ( 5.173851339243960012, -3.500000000000000444, 0.06535267528411418947 ) ) ;
#129 = AXIS2_PLACEMENT_3D ( 'NONE', #709, #920, #717 ) ;
#130 = CARTESIAN_POINT ( 'NONE',  ( 5.656854249492000442, -3.500000000000000000, -6.506854249492000086 ) ) ;
#131 = CARTESIAN_POINT ( 'NONE',  ( 6.184466335694133068E-16, -3.200000000000000178, 5.049999999999998934 ) ) ;
#132 = CARTESIAN_POINT ( 'NONE',  ( -1.103363445709236057, -3.500000000000000444, -5.235715718817179898 ) ) ;
#133 = EDGE_LOOP ( 'NONE', ( #337, #498, #243, #60, #974, #157 ) ) ;
#134 = CARTESIAN_POINT ( 'NONE',  ( 0.06378317862562880858, -3.200000000000000178, -5.049597182560646047 ) ) ;
#135 = CARTESIAN_POINT ( 'NONE',  ( 8.000000000000000000, -3.500000000000000000, 1.250000000000000000 ) ) ;
#136 = ADVANCED_FACE ( 'NONE', ( #984 ), #126, .T. ) ;
#137 = DIRECTION ( 'NONE',  ( 0.000000000000000000, -0.000000000000000000, -1.000000000000000000 ) ) ;
#138 = DIRECTION ( 'NONE',  ( -0.01263033243303027416, 0.000000000000000000, 0.9999202341700217378 ) ) ;
#139 =( GEOMETRIC_REPRESENTATION_CONTEXT ( 3 ) GLOBAL_UNCERTAINTY_ASSIGNED_CONTEXT ( ( #573 ) ) GLOBAL_UNIT_ASSIGNED_CONTEXT ( ( #305, #1165, #199 ) ) REPRESENTATION_CONTEXT ( 'NONE', 'WORKASPACE' ) );
#140 = EDGE_LOOP ( 'NONE', ( #160, #163, #1290, #1281 ) ) ;
#141 = FACE_OUTER_BOUND ( 'NONE', #1019, .T. ) ;
#142 = ORIENTED_EDGE ( 'NONE', *, *, #704, .T. ) ;
#143 = FACE_OUTER_BOUND ( 'NONE', #286, .T. ) ;
#144 = APPLICATION_PROTOCOL_DEFINITION ( 'draft international standard', 'automotive_design', 1998, #1245 ) ;
#145 = CARTESIAN_POINT ( 'NONE',  ( 1.425145705783944061, -3.500000000000000888, -5.161787156779022112 ) ) ;
#146 = VERTEX_POINT ( 'NONE', #1312 ) ;
#147 = EDGE_CURVE ( 'NONE', #1233, #1022, #729, .T. ) ;
#148 = CARTESIAN_POINT ( 'NONE',  ( -3.021768723723544880, -3.375735931288072145, 5.012233861572069848 ) ) ;
#149 = AXIS2_PLACEMENT_3D ( 'NONE', #1331, #1160, #1324 ) ;
#150 = DIRECTION ( 'NONE',  ( 0.000000000000000000, 0.000000000000000000, 1.000000000000000000 ) ) ;
#151 = CARTESIAN_POINT ( 'NONE',  ( 5.349999999999999645, -1.200000000000000400, 0.01524625457010218149 ) ) ;
#152 = AXIS2_PLACEMENT_3D ( 'NONE', #846, #34, #1111 ) ;
#153 = CARTESIAN_POINT ( 'NONE',  ( -5.014433129545524004, -3.500000000000001332, -1.866960659534709466 ) ) ;
#154 = ORIENTED_EDGE ( 'NONE', *, *, #1336, .T. ) ;
#155 = CARTESIAN_POINT ( 'NONE',  ( 5.049597182562681752, -3.200000000000000178, 0.06378317846445981376 ) ) ;
#156 = ADVANCED_FACE ( 'NONE', ( #1299 ), #335, .F. ) ;
#157 = ORIENTED_EDGE ( 'NONE', *, *, #1369, .T. ) ;
#158 = DIRECTION ( 'NONE',  ( 0.000000000000000000, 0.000000000000000000, 1.000000000000000000 ) ) ;
#159 = CARTESIAN_POINT ( 'NONE',  ( 1.174090331728541603, -3.500000000000000444, -5.222432529214757757 ) ) ;
#160 = ORIENTED_EDGE ( 'NONE', *, *, #14, .F. ) ;
#161 = CARTESIAN_POINT ( 'NONE',  ( 0.000000000000000000, 0.000000000000000000, 6.750000000000000000 ) ) ;
#162 = CIRCLE ( 'NONE', #992, 0.8500000000000000888 ) ;
#163 = ORIENTED_EDGE ( 'NONE', *, *, #511, .F. ) ;
#164 = DIRECTION ( 'NONE',  ( 0.000000000000000000, 0.000000000000000000, -1.000000000000000000 ) ) ;
#165 = VECTOR ( 'NONE', #797, 1000.000000000000000 ) ;
#166 = ADVANCED_FACE ( 'NONE', ( #998 ), #1340, .T. ) ;
#167 = DIRECTION ( 'NONE',  ( 0.000000000000000000, 0.000000000000000000, 1.000000000000000000 ) ) ;
#168 = FACE_BOUND ( 'NONE', #595, .T. ) ;
#169 = DIRECTION ( 'NONE',  ( 0.000000000000000000, -1.000000000000000000, 0.000000000000000000 ) ) ;
#170 = VERTEX_POINT ( 'NONE', #796 ) ;
#171 = CARTESIAN_POINT ( 'NONE',  ( 5.656854249492000442, 0.000000000000000000, -4.806854249491999909 ) ) ;
#172 = EDGE_LOOP ( 'NONE', ( #112, #851, #1379, #730 ) ) ;
#173 = CARTESIAN_POINT ( 'NONE',  ( -5.656854249492000442, -3.500000000000000000, 5.656854249492000442 ) ) ;
#174 = CIRCLE ( 'NONE', #358, 0.8500000000000000888 ) ;
#175 = FACE_BOUND ( 'NONE', #1007, .T. ) ;
#176 = AXIS2_PLACEMENT_3D ( 'NONE', #1031, #1238, #816 ) ;
#177 = ADVANCED_FACE ( 'NONE', ( #22 ), #1116, .F. ) ;
#178 = CARTESIAN_POINT ( 'NONE',  ( 5.136162080274206510, -1.500000000000000000, -10.05645758139784007 ) ) ;
#179 = AXIS2_PLACEMENT_3D ( 'NONE', #247, #70, #1261 ) ;
#180 = ORIENTED_EDGE ( 'NONE', *, *, #83, .T. ) ;
#181 = CARTESIAN_POINT ( 'NONE',  ( 5.656854249492000442, -3.500000000000000000, -5.656854249492000442 ) ) ;
#182 = ORIENTED_EDGE ( 'NONE', *, *, #749, .F. ) ;
#183 = FILL_AREA_STYLE ('',( #1065 ) ) ;
#184 = DIRECTION ( 'NONE',  ( 0.000000000000000000, 0.000000000000000000, -1.000000000000000000 ) ) ;
#185 = DIRECTION ( 'NONE',  ( 0.000000000000000000, 1.000000000000000000, 0.000000000000000000 ) ) ;
#186 = ADVANCED_FACE ( 'NONE', ( #284, #349, #1042, #63, #733, #168, #175, #503, #356, #941 ), #509, .T. ) ;
#187 = VERTEX_POINT ( 'NONE', #131 ) ;
#188 = CARTESIAN_POINT ( 'NONE',  ( 0.000000000000000000, 0.1749999999999999889, 0.000000000000000000 ) ) ;
#189 = EDGE_LOOP ( 'NONE', ( #571, #1026 ) ) ;
#190 = CARTESIAN_POINT ( 'NONE',  ( -5.656854249492000442, 0.000000000000000000, 4.806854249491999909 ) ) ;
#191 = CIRCLE ( 'NONE', #491, 1.250000000000000000 ) ;
#192 = CIRCLE ( 'NONE', #492, 0.3000000000000001554 ) ;
#193 = CARTESIAN_POINT ( 'NONE',  ( 5.656854249492000442, 0.000000000000000000, 6.506854249492000086 ) ) ;
#194 = EDGE_CURVE ( 'NONE', #650, #100, #983, .T. ) ;
#195 = ORIENTED_EDGE ( 'NONE', *, *, #301, .F. ) ;
#196 = FACE_OUTER_BOUND ( 'NONE', #140, .T. ) ;
#197 = EDGE_CURVE ( 'NONE', #1337, #1148, #205, .T. ) ;
#198 = ORIENTED_EDGE ( 'NONE', *, *, #454, .F. ) ;
#199 =( NAMED_UNIT ( * ) SI_UNIT ( $, .STERADIAN. ) SOLID_ANGLE_UNIT ( ) );
#200 = CARTESIAN_POINT ( 'NONE',  ( -5.041022998494810281, -3.500000000000001776, 1.800092574006082025 ) ) ;
#201 = EDGE_LOOP ( 'NONE', ( #198, #1120, #379, #1272 ) ) ;
#202 = CARTESIAN_POINT ( 'NONE',  ( -5.656854249492000442, 0.000000000000000000, -5.656854249492000442 ) ) ;
#203 = EDGE_LOOP ( 'NONE', ( #58, #278 ) ) ;
#204 = FACE_OUTER_BOUND ( 'NONE', #963, .T. ) ;
#205 = CIRCLE ( 'NONE', #1092, 6.099999999999999645 ) ;
#206 = ADVANCED_FACE ( 'NONE', ( #398 ), #462, .F. ) ;
#207 = CARTESIAN_POINT ( 'NONE',  ( -2.406709480142401603, -3.500000000000000000, 4.784076373703151752 ) ) ;
#208 = DIRECTION ( 'NONE',  ( 0.000000000000000000, 1.000000000000000000, -0.000000000000000000 ) ) ;
#209 = CARTESIAN_POINT ( 'NONE',  ( -5.656854249492000442, 0.000000000000000000, -5.656854249492000442 ) ) ;
#210 = VERTEX_POINT ( 'NONE', #1375 ) ;
#211 = CARTESIAN_POINT ( 'NONE',  ( -8.000000000000000000, 0.000000000000000000, 0.000000000000000000 ) ) ;
#212 = CARTESIAN_POINT ( 'NONE',  ( -5.049815448588109490, -1.324264068711928699, -0.04317331584277312589 ) ) ;
#213 = CIRCLE ( 'NONE', #1284, 0.3000000000000001554 ) ;
#214 = CARTESIAN_POINT ( 'NONE',  ( 5.259104602330102907, -1.200000000000000178, 10.65455188638628137 ) ) ;
#215 = CARTESIAN_POINT ( 'NONE',  ( 6.184466335694133068E-16, 0.1749999999999999889, 5.049999999999999822 ) ) ;
#216 = B_SPLINE_CURVE_WITH_KNOTS ( 'NONE', 3,
 ( #476, #1216, #1144, #690 ),
 .UNSPECIFIED., .F., .F.,
 ( 4, 4 ),
 ( 0.9956976926939763439, 1.000000000000000000 ),
 .UNSPECIFIED. ) ;
#217 = VERTEX_POINT ( 'NONE', #616 ) ;
#218 = CARTESIAN_POINT ( 'NONE',  ( -2.965419269785859235, -3.500000000000000888, -5.212134049994348928 ) ) ;
#219 = DIRECTION ( 'NONE',  ( -0.000000000000000000, 1.000000000000000000, -0.000000000000000000 ) ) ;
#220 = CIRCLE ( 'NONE', #591, 5.049999999999999822 ) ;
#221 = ADVANCED_FACE ( 'NONE', ( #696 ), #1010, .F. ) ;
#222 = DIRECTION ( 'NONE',  ( 0.000000000000000000, -1.000000000000000000, 0.000000000000000000 ) ) ;
#223 = PLANE ( 'NONE',  #1237 ) ;
#224 = ORIENTED_EDGE ( 'NONE', *, *, #1231, .F. ) ;
#225 = CARTESIAN_POINT ( 'NONE',  ( -5.309990328698335205, -3.500000000000000000, -3.201279736844568458 ) ) ;
#226 = CIRCLE ( 'NONE', #624, 0.8500000000000000888 ) ;
#227 = CARTESIAN_POINT ( 'NONE',  ( 2.732845698747405905, -3.499999999999999112, 4.602874721227327548 ) ) ;
#228 = DIRECTION ( 'NONE',  ( 0.000000000000000000, 0.000000000000000000, 1.000000000000000000 ) ) ;
#229 = LINE ( 'NONE', #215, #752 ) ;
#230 = EDGE_CURVE ( 'NONE', #922, #1158, #216, .T. ) ;
#231 = ORIENTED_EDGE ( 'NONE', *, *, #833, .T. ) ;
#232 = CYLINDRICAL_SURFACE ( 'NONE', #1304, 1.249999999999999334 ) ;
#233 = CARTESIAN_POINT ( 'NONE',  ( 5.014433129545524892, -3.500000000000000444, 1.866960659534710354 ) ) ;
#234 = AXIS2_PLACEMENT_3D ( 'NONE', #88, #863, #409 ) ;
#235 = LINE ( 'NONE', #430, #110 ) ;
#236 = CYLINDRICAL_SURFACE ( 'NONE', #1168, 5.049999999999999822 ) ;
#237 = ORIENTED_EDGE ( 'NONE', *, *, #594, .T. ) ;
#238 = CARTESIAN_POINT ( 'NONE',  ( -5.012233861668520696, -3.200000000000000178, -3.021768723563563963 ) ) ;
#239 = EDGE_CURVE ( 'NONE', #324, #1012, #27, .T. ) ;
#240 = CARTESIAN_POINT ( 'NONE',  ( 4.238975539123703840, -3.500000000000000444, 3.284642387481768289 ) ) ;
#241 = DIRECTION ( 'NONE',  ( 0.000000000000000000, -1.000000000000000000, 0.000000000000000000 ) ) ;
#242 = CARTESIAN_POINT ( 'NONE',  ( 1.911786364878212963, -3.500000000000000888, -4.997568724418917974 ) ) ;
#243 = ORIENTED_EDGE ( 'NONE', *, *, #1194, .F. ) ;
#244 = CARTESIAN_POINT ( 'NONE',  ( 3.096124620023810170, -3.500000000000000888, -5.135568628497743759 ) ) ;
#245 = CARTESIAN_POINT ( 'NONE',  ( 5.264814425866846115, -3.500000000000000000, 0.9547961317364542788 ) ) ;
#246 = EDGE_CURVE ( 'NONE', #738, #108, #1004, .T. ) ;
#247 = CARTESIAN_POINT ( 'NONE',  ( 0.000000000000000000, 0.000000000000000000, 0.000000000000000000 ) ) ;
#248 = CARTESIAN_POINT ( 'NONE',  ( -3.036051823487985413, -3.500000000000000888, -4.408769384878324260 ) ) ;
#249 = VERTEX_POINT ( 'NONE', #1269 ) ;
#250 = CARTESIAN_POINT ( 'NONE',  ( 0.000000000000000000, -0.1999999999988766874, 0.000000000000000000 ) ) ;
#251 = ORIENTED_EDGE ( 'NONE', *, *, #64, .T. ) ;
#252 = DIRECTION ( 'NONE',  ( 0.000000000000000000, 0.000000000000000000, -1.000000000000000000 ) ) ;
#253 = DIRECTION ( 'NONE',  ( 0.000000000000000000, 0.000000000000000000, -1.000000000000000000 ) ) ;
#254 = EDGE_CURVE ( 'NONE', #883, #319, #1276, .T. ) ;
#255 = CARTESIAN_POINT ( 'NONE',  ( -0.6151533048820667648, -3.500000000000000444, -5.324492314536788840 ) ) ;
#256 = CIRCLE ( 'NONE', #659, 0.8500000000000000888 ) ;
#257 = CIRCLE ( 'NONE', #1286, 0.8500000000000000888 ) ;
#258 = ORIENTED_EDGE ( 'NONE', *, *, #384, .F. ) ;
#259 = CARTESIAN_POINT ( 'NONE',  ( -5.389156177125255631, -3.499999999999999556, 3.066135180150114437 ) ) ;
#260 = CARTESIAN_POINT ( 'NONE',  ( -8.000000000000000000, 0.000000000000000000, 1.250000000000000000 ) ) ;
#261 = CARTESIAN_POINT ( 'NONE',  ( 0.000000000000000000, 0.000000000000000000, 0.000000000000000000 ) ) ;
#262 = CARTESIAN_POINT ( 'NONE',  ( -4.636905166573242809, -3.499999999999999556, -2.674775645247236433 ) ) ;
#263 = EDGE_CURVE ( 'NONE', #1127, #1191, #39, .T. ) ;
#264 = EDGE_LOOP ( 'NONE', ( #672, #478 ) ) ;
#265 = DIRECTION ( 'NONE',  ( 0.000000000000000000, -1.000000000000000000, 0.000000000000000000 ) ) ;
#266 = CIRCLE ( 'NONE', #1295, 0.8500000000000000888 ) ;
#267 = ORIENTED_EDGE ( 'NONE', *, *, #429, .T. ) ;
#268 = DIRECTION ( 'NONE',  ( -0.000000000000000000, -1.000000000000000000, -0.000000000000000000 ) ) ;
#269 = DIRECTION ( 'NONE',  ( 0.000000000000000000, -1.000000000000000000, 0.000000000000000000 ) ) ;
#270 = CARTESIAN_POINT ( 'NONE',  ( 3.537244753095794891, -3.500000000000000444, -4.030632154712010973 ) ) ;
#271 = EDGE_CURVE ( 'NONE', #786, #1228, #592, .T. ) ;
#272 = ORIENTED_EDGE ( 'NONE', *, *, #586, .T. ) ;
#273 = DIRECTION ( 'NONE',  ( 0.000000000000000000, 0.000000000000000000, 1.000000000000000000 ) ) ;
#274 = ORIENTED_EDGE ( 'NONE', *, *, #36, .T. ) ;
#275 = DIRECTION ( 'NONE',  ( -0.000000000000000000, -1.000000000000000000, -0.000000000000000000 ) ) ;
#276 = DIRECTION ( 'NONE',  ( 0.000000000000000000, 0.000000000000000000, -1.000000000000000000 ) ) ;
#277 = CARTESIAN_POINT ( 'NONE',  ( 5.262546317434363630, -1.199999999999999956, -10.30391428157475175 ) ) ;
#278 = ORIENTED_EDGE ( 'NONE', *, *, #977, .T. ) ;
#279 = CARTESIAN_POINT ( 'NONE',  ( 0.000000000000000000, -0.1999999999988766874, -10.25000000000112621 ) ) ;
#280 = MECHANICAL_DESIGN_GEOMETRIC_PRESENTATION_REPRESENTATION (  '', ( #817 ), #139 ) ;
#281 = EDGE_LOOP ( 'NONE', ( #1392, #154 ) ) ;
#282 = FACE_OUTER_BOUND ( 'NONE', #404, .T. ) ;
#283 = EDGE_CURVE ( 'NONE', #1351, #922, #411, .T. ) ;
#284 = FACE_BOUND ( 'NONE', #1387, .T. ) ;
#285 = CARTESIAN_POINT ( 'NONE',  ( 5.441280619696437171, -1.200000000000000178, -10.65387090306503559 ) ) ;
#286 = EDGE_LOOP ( 'NONE', ( #121, #68, #1240, #389 ) ) ;
#287 = DIRECTION ( 'NONE',  ( 0.000000000000000000, 1.000000000000000000, 0.000000000000000000 ) ) ;
#288 = ORIENTED_EDGE ( 'NONE', *, *, #845, .T. ) ;
#289 = CIRCLE ( 'NONE', #544, 0.8500000000000000888 ) ;
#290 = SURFACE_STYLE_USAGE ( .BOTH. , #298 ) ;
#291 = DIRECTION ( 'NONE',  ( 0.000000000000000000, -1.000000000000000000, 0.000000000000000000 ) ) ;
#292 = ADVANCED_FACE ( 'NONE', ( #899 ), #568, .T. ) ;
#293 = CARTESIAN_POINT ( 'NONE',  ( -4.963468816966679853, -1.324264068711928921, -10.14280421305173974 ) ) ;
#294 = AXIS2_PLACEMENT_3D ( 'NONE', #893, #784, #1099 ) ;
#295 = VERTEX_POINT ( 'NONE', #193 ) ;
#296 = FACE_BOUND ( 'NONE', #1118, .T. ) ;
#297 = ORIENTED_EDGE ( 'NONE', *, *, #334, .T. ) ;
#298 = SURFACE_SIDE_STYLE ('',( #1266 ) ) ;
#299 = CARTESIAN_POINT ( 'NONE',  ( 0.2921505778400224629, -3.500000000000000444, 5.351961665818251390 ) ) ;
#300 = EDGE_CURVE ( 'NONE', #714, #965, #1071, .T. ) ;
#301 = EDGE_CURVE ( 'NONE', #1158, #1247, #427, .T. ) ;
#302 = VERTEX_POINT ( 'NONE', #446 ) ;
#303 = CARTESIAN_POINT ( 'NONE',  ( -5.656854249492000442, 0.000000000000000000, 5.656854249492000442 ) ) ;
#304 = ORIENTED_EDGE ( 'NONE', *, *, #488, .F. ) ;
#305 =( LENGTH_UNIT ( ) NAMED_UNIT ( * ) SI_UNIT ( .MILLI., .METRE. ) );
#306 = CIRCLE ( 'NONE', #583, 5.049999999999999822 ) ;
#307 = CIRCLE ( 'NONE', #234, 10.24999999998048672 ) ;
#308 = DIRECTION ( 'NONE',  ( 0.000000000000000000, 1.000000000000000000, 0.000000000000000000 ) ) ;
#309 = ORIENTED_EDGE ( 'NONE', *, *, #318, .F. ) ;
#310 = CYLINDRICAL_SURFACE ( 'NONE', #1061, 0.8500000000000000888 ) ;
#311 = EDGE_CURVE ( 'NONE', #1242, #1400, #666, .T. ) ;
#312 =( BOUNDED_SURFACE ( )  B_SPLINE_SURFACE ( 3, 3, ( 
 ( #691, #743, #285, #1368 ),
 ( #942, #399, #277, #71 ),
 ( #839, #293, #1254, #734 ),
 ( #628, #1060, #178, #1052 ) ),
 .UNSPECIFIED., .F., .F., .T. ) 
 B_SPLINE_SURFACE_WITH_KNOTS ( ( 4, 4 ),
 ( 4, 4 ),
 ( 0.000000000000000000, 1.000000000000000000 ),
 ( 0.000000000000000000, 1.000000000000000000 ),
 .UNSPECIFIED. ) 
 GEOMETRIC_REPRESENTATION_ITEM ( )  RATIONAL_B_SPLINE_SURFACE ( (
 ( 1.000000000000000000, 0.3333333333312081259, 0.3333333333312081259, 1.000000000000000000),
 ( 0.8047378541243649375, 0.2682459513730780509, 0.2682459513730780509, 0.8047378541243649375),
 ( 0.8047378541243649375, 0.2682459513730780509, 0.2682459513730780509, 0.8047378541243649375),
 ( 1.000000000000000000, 0.3333333333312081259, 0.3333333333312081259, 1.000000000000000000) ) ) 
 REPRESENTATION_ITEM ( '' )  SURFACE ( )  );
#313 = ORIENTED_EDGE ( 'NONE', *, *, #311, .F. ) ;
#314 = DIRECTION ( 'NONE',  ( 0.000000000000000000, 0.000000000000000000, 1.000000000000000000 ) ) ;
#315 = CARTESIAN_POINT ( 'NONE',  ( -2.870745385619720036, -3.500000000000000444, 4.515507243115884251 ) ) ;
#316 = DIRECTION ( 'NONE',  ( 0.000000000000000000, 0.000000000000000000, 1.000000000000000000 ) ) ;
#317 = CARTESIAN_POINT ( 'NONE',  ( 0.000000000000000000, -1.199999999999999956, 0.000000000000000000 ) ) ;
#318 = EDGE_CURVE ( 'NONE', #786, #319, #886, .T. ) ;
#319 = VERTEX_POINT ( 'NONE', #135 ) ;
#320 = CARTESIAN_POINT ( 'NONE',  ( 1.255262969124842314E-15, -3.300000000017486723, 10.24999999998048672 ) ) ;
#321 = CARTESIAN_POINT ( 'NONE',  ( 5.258328350647865079, -1.199999999999999956, 10.74534703758946641 ) ) ;
#322 = DIRECTION ( 'NONE',  ( 0.000000000000000000, -1.000000000000000000, 0.000000000000000000 ) ) ;
#323 = CARTESIAN_POINT ( 'NONE',  ( 4.718898104881517064, -3.499999999999999556, -2.532115141229800415 ) ) ;
#324 = VERTEX_POINT ( 'NONE', #130 ) ;
#325 = CARTESIAN_POINT ( 'NONE',  ( 0.000000000000000000, -1.500000000000000000, 0.000000000000000000 ) ) ;
#326 = CARTESIAN_POINT ( 'NONE',  ( -4.436493395565723752, -3.500000000000000444, 2.991352608716087325 ) ) ;
#327 = CONICAL_SURFACE ( 'NONE', #77, 10.25000000000112621, 0.7853981633973005083 ) ;
#328 = EDGE_CURVE ( 'NONE', #746, #210, #1152, .T. ) ;
#329 = AXIS2_PLACEMENT_3D ( 'NONE', #747, #966, #872 ) ;
#330 = CARTESIAN_POINT ( 'NONE',  ( -5.349999999999999645, -1.200000000000000178, 6.925341376751159572E-16 ) ) ;
#331 = VERTEX_POINT ( 'NONE', #1317 ) ;
#332 = CARTESIAN_POINT ( 'NONE',  ( 0.000000000000000000, 0.000000000000000000, -9.250000000000000000 ) ) ;
#333 = DIRECTION ( 'NONE',  ( 0.000000000000000000, 1.000000000000000000, 0.000000000000000000 ) ) ;
#334 = EDGE_CURVE ( 'NONE', #1012, #611, #289, .T. ) ;
#335 = CYLINDRICAL_SURFACE ( 'NONE', #294, 0.8500000000000000888 ) ;
#336 = CARTESIAN_POINT ( 'NONE',  ( -5.349934827982444574, -1.200000000000000400, -0.03049236984660799385 ) ) ;
#337 = ORIENTED_EDGE ( 'NONE', *, *, #124, .T. ) ;
#338 = CARTESIAN_POINT ( 'NONE',  ( -2.894202366472287125, -3.375735931288072145, -5.086960503549217805 ) ) ;
#339 = VECTOR ( 'NONE', #1208, 1000.000000000000000 ) ;
#340 = CARTESIAN_POINT ( 'NONE',  ( 0.000000000000000000, -1.199999999999999956, 0.000000000000000000 ) ) ;
#341 = EDGE_CURVE ( 'NONE', #217, #1067, #32, .T. ) ;
#342 = DIRECTION ( 'NONE',  ( 0.000000000000000000, 1.000000000000000000, 0.000000000000000000 ) ) ;
#343 = CARTESIAN_POINT ( 'NONE',  ( 5.320483533319013247, -3.499999999999999112, -0.6487629536889037984 ) ) ;
#344 = EDGE_CURVE ( 'NONE', #387, #464, #910, .T. ) ;
#345 = ORIENTED_EDGE ( 'NONE', *, *, #986, .T. ) ;
#346 = CARTESIAN_POINT ( 'NONE',  ( -5.049597182562681752, -3.200000000000000178, -0.06378317846445595574 ) ) ;
#347 = CARTESIAN_POINT ( 'NONE',  ( 5.152183935278062954, -3.499999999999999112, 1.459494867534280260 ) ) ;
#348 = AXIS2_PLACEMENT_3D ( 'NONE', #955, #982, #1409 ) ;
#349 = FACE_BOUND ( 'NONE', #203, .T. ) ;
#350 = DIRECTION ( 'NONE',  ( 0.000000000000000000, -1.000000000000000000, 0.000000000000000000 ) ) ;
#351 = EDGE_CURVE ( 'NONE', #1148, #1337, #780, .T. ) ;
#352 = EDGE_LOOP ( 'NONE', ( #180, #823 ) ) ;
#353 = CARTESIAN_POINT ( 'NONE',  ( -5.049597182562680864, -3.375735931288071701, -0.06378317846445595574 ) ) ;
#354 = CARTESIAN_POINT ( 'NONE',  ( 4.984074860496325421, -3.500000000000000000, 1.946673865056997910 ) ) ;
#355 = VECTOR ( 'NONE', #1110, 1000.000000000000000 ) ;
#356 = FACE_BOUND ( 'NONE', #264, .T. ) ;
#357 = CARTESIAN_POINT ( 'NONE',  ( -1.016303127132602180, -3.499999999999999112, -5.253214692783598316 ) ) ;
#358 = AXIS2_PLACEMENT_3D ( 'NONE', #1137, #275, #919 ) ;
#359 = VERTEX_POINT ( 'NONE', #788 ) ;
#360 = CARTESIAN_POINT ( 'NONE',  ( 5.656854249492000442, 0.000000000000000000, 5.656854249492000442 ) ) ;
#361 = AXIS2_PLACEMENT_3D ( 'NONE', #725, #1271, #1376 ) ;
#362 = EDGE_CURVE ( 'NONE', #1033, #505, #460, .T. ) ;
#363 = ORIENTED_EDGE ( 'NONE', *, *, #341, .T. ) ;
#364 = DIRECTION ( 'NONE',  ( 0.000000000000000000, -1.000000000000000000, 0.000000000000000000 ) ) ;
#365 = AXIS2_PLACEMENT_3D ( 'NONE', #832, #1253, #276 ) ;
#366 = CARTESIAN_POINT ( 'NONE',  ( 0.000000000000000000, -1.500000000000000000, 0.000000000000000000 ) ) ;
#367 = DIRECTION ( 'NONE',  ( 0.000000000000000000, 1.000000000000000000, 0.000000000000000000 ) ) ;
#368 = CARTESIAN_POINT ( 'NONE',  ( 3.926112275146617314, -3.500000000000000000, -3.638937784264985265 ) ) ;
#369 = ORIENTED_EDGE ( 'NONE', *, *, #328, .T. ) ;
#370 = CARTESIAN_POINT ( 'NONE',  ( 0.000000000000000000, -1.705302565824240446E-10, 6.299999999839656084 ) ) ;
#371 = ORIENTED_EDGE ( 'NONE', *, *, #892, .T. ) ;
#372 = CARTESIAN_POINT ( 'NONE',  ( -5.656854249492000442, -3.500000000000000000, -5.656854249492000442 ) ) ;
#373 = CARTESIAN_POINT ( 'NONE',  ( -8.000000000000000000, -3.500000000000000000, 0.000000000000000000 ) ) ;
#374 = EDGE_CURVE ( 'NONE', #1164, #359, #105, .T. ) ;
#375 =( BOUNDED_SURFACE ( )  B_SPLINE_SURFACE ( 3, 3, ( 
 ( #155, #720, #603, #1363, #596, #471, #485 ),
 ( #1248, #1227, #1234, #923, #148, #1126, #499 ),
 ( #1027, #829, #1119, #1334, #1034, #822, #612 ),
 ( #51, #814, #1021, #494, #45, #259, #1141 ) ),
 .UNSPECIFIED., .F., .F., .F. ) 
 B_SPLINE_SURFACE_WITH_KNOTS ( ( 4, 4 ),
 ( 4, 3, 4 ),
 ( 0.000000000000000000, 1.000000000000000000 ),
 ( 0.000000000000000000, 0.5000000000000000000, 1.000000000000000000 ),
 .UNSPECIFIED. ) 
 GEOMETRIC_REPRESENTATION_ITEM ( )  RATIONAL_B_SPLINE_SURFACE ( (
 ( 1.000000000000000000, 0.8047378541168419552, 0.8047378541168419552, 1.000000000000000000, 0.8047378541168419552, 0.8047378541168419552, 1.000000000000000000),
 ( 0.8047378541243643824, 0.6476030138546331472, 0.6476030138546331472, 0.8047378541243643824, 0.6476030138546331472, 0.6476030138546331472, 0.8047378541243643824),
 ( 0.8047378541243643824, 0.6476030138546331472, 0.6476030138546331472, 0.8047378541243643824, 0.6476030138546331472, 0.6476030138546331472, 0.8047378541243643824),
 ( 1.000000000000000000, 0.8047378541168419552, 0.8047378541168419552, 1.000000000000000000, 0.8047378541168419552, 0.8047378541168419552, 1.000000000000000000) ) ) 
 REPRESENTATION_ITEM ( '' )  SURFACE ( )  );
#376 = CARTESIAN_POINT ( 'NONE',  ( 0.1967962690046236585, -3.500000000000000444, -5.348855600389872400 ) ) ;
#377 = AXIS2_PLACEMENT_3D ( 'NONE', #360, #38, #707 ) ;
#378 = CIRCLE ( 'NONE', #995, 0.8500000000000000888 ) ;
#379 = ORIENTED_EDGE ( 'NONE', *, *, #945, .F. ) ;
#380 = DIRECTION ( 'NONE',  ( 0.000000000000000000, 1.000000000000000000, 0.000000000000000000 ) ) ;
#381 = ORIENTED_EDGE ( 'NONE', *, *, #1171, .F. ) ;
#382 = DIRECTION ( 'NONE',  ( 0.000000000000000000, 0.000000000000000000, 1.000000000000000000 ) ) ;
#383 =( LENGTH_UNIT ( ) NAMED_UNIT ( * ) SI_UNIT ( .MILLI., .METRE. ) );
#384 = EDGE_CURVE ( 'NONE', #359, #1164, #1024, .T. ) ;
#385 = CARTESIAN_POINT ( 'NONE',  ( 2.162424525424265553, -3.500000000000000000, -4.896812205919566452 ) ) ;
#386 = AXIS2_PLACEMENT_3D ( 'NONE', #590, #1357, #150 ) ;
#387 = VERTEX_POINT ( 'NONE', #1009 ) ;
#388 = LINE ( 'NONE', #279, #795 ) ;
#389 = ORIENTED_EDGE ( 'NONE', *, *, #362, .F. ) ;
#390 = DIRECTION ( 'NONE',  ( 0.000000000000000000, 8.462065736488339868E-17, -1.000000000000000000 ) ) ;
#391 = CARTESIAN_POINT ( 'NONE',  ( 8.000000000000000000, 0.000000000000000000, 0.000000000000000000 ) ) ;
#392 = AXIS2_PLACEMENT_3D ( 'NONE', #874, #868, #449 ) ;
#393 = CARTESIAN_POINT ( 'NONE',  ( -3.187449430045482313, -3.500000000000000444, -4.300805745194097085 ) ) ;
#394 = ORIENTED_EDGE ( 'NONE', *, *, #644, .T. ) ;
#395 = ADVANCED_FACE ( 'NONE', ( #1091 ), #826, .F. ) ;
#396 = FACE_OUTER_BOUND ( 'NONE', #1073, .T. ) ;
#397 = CARTESIAN_POINT ( 'NONE',  ( 0.000000000000000000, -3.300000000017485391, 10.24999999998048672 ) ) ;
#398 = FACE_OUTER_BOUND ( 'NONE', #1408, .T. ) ;
#399 = CARTESIAN_POINT ( 'NONE',  ( -5.085603634812437157, -1.199999999999999956, -10.39238562288586110 ) ) ;
#400 = EDGE_LOOP ( 'NONE', ( #1176, #1364, #871, #685 ) ) ;
#401 = CARTESIAN_POINT ( 'NONE',  ( -5.349805126701258295, -1.200000000000000178, -0.04573807269578914619 ) ) ;
#402 = ADVANCED_BREP_SHAPE_REPRESENTATION ( 'M_DC11_A01_IDLER', ( #599, #455 ), #597 ) ;
#403 = EDGE_CURVE ( 'NONE', #1033, #758, #522, .T. ) ;
#404 = EDGE_LOOP ( 'NONE', ( #536, #750, #1064, #902 ) ) ;
#405 = FACE_OUTER_BOUND ( 'NONE', #470, .T. ) ;
#406 = CARTESIAN_POINT ( 'NONE',  ( -5.656854249492000442, 0.000000000000000000, -4.806854249491999909 ) ) ;
#407 = LINE ( 'NONE', #80, #1130 ) ;
#408 = ORIENTED_EDGE ( 'NONE', *, *, #962, .T. ) ;
#409 = DIRECTION ( 'NONE',  ( 0.000000000000000000, 8.462065736488339868E-17, -1.000000000000000000 ) ) ;
#410 = ORIENTED_EDGE ( 'NONE', *, *, #384, .T. ) ;
#411 = CIRCLE ( 'NONE', #149, 0.3000000000000003220 ) ;
#412 = EDGE_CURVE ( 'NONE', #645, #505, #1175, .T. ) ;
#413 = CARTESIAN_POINT ( 'NONE',  ( -1.174090331728544490, -3.500000000000000444, 5.222432529214757757 ) ) ;
#414 = ADVANCED_FACE ( 'NONE', ( #143 ), #824, .T. ) ;
#415 = AXIS2_PLACEMENT_3D ( 'NONE', #724, #241, #576 ) ;
#416 = ORIENTED_EDGE ( 'NONE', *, *, #783, .F. ) ;
#417 = DIRECTION ( 'NONE',  ( 0.9999634551659624115, 0.000000000000000000, 0.008549171454014670851 ) ) ;
#418 = ORIENTED_EDGE ( 'NONE', *, *, #147, .F. ) ;
#419 = CARTESIAN_POINT ( 'NONE',  ( 1.271199107852384769, -3.500000000000001332, 5.197548389843097638 ) ) ;
#420 = EDGE_CURVE ( 'NONE', #1191, #645, #41, .T. ) ;
#421 = EDGE_LOOP ( 'NONE', ( #622, #1113, #451, #970 ) ) ;
#422 = CARTESIAN_POINT ( 'NONE',  ( -8.000000000000000000, -3.500000000000000000, 1.250000000000000000 ) ) ;
#423 = VERTEX_POINT ( 'NONE', #939 ) ;
#424 = CARTESIAN_POINT ( 'NONE',  ( 1.530808498934191324E-16, 0.000000000000000000, -6.750000000000000000 ) ) ;
#425 = AXIS2_PLACEMENT_3D ( 'NONE', #1083, #103, #517 ) ;
#426 = VECTOR ( 'NONE', #620, 1000.000000000000000 ) ;
#427 = B_SPLINE_CURVE_WITH_KNOTS ( 'NONE', 3,
 ( #961, #2, #767, #92, #1181, #1174, #660, #633, #200, #104, #532, #545, #967, #879, #873, #326, #773, #1193, #428, #748, #956, #867, #315, #1058, #1382, #207, #1389, #97, #1166, #641, #79, #413, #539, #854, #976, #1277, #1298, #299, #1066, #86, #526, #419, #860, #781, #1221, #800, #7, #989, #227, #111, #1098, #453, #1201, #581, #240, #567, #1115, #1310, #466, #354, #233, #552, #347, #1002, #245, #897, #688, #997, #674, #794 ),
 .UNSPECIFIED., .F., .F.,
 ( 4, 2, 2, 1, 1, 2, 2, 1, 1, 2, 2, 1, 2, 2, 2, 1, 2, 2, 1, 2, 2, 1, 2, 2, 2, 1, 2, 2, 1, 2, 2, 2, 2, 2, 2, 2, 1, 2, 2, 1, 4 ),
 ( 0.000000000000000000, 0.06223110579337317455, 0.07000999401754487428, 0.07778888224171658095, 0.09334665869005993877, 0.1244622115867466267, 0.1322410998109182778, 0.1400199880350899706, 0.1555777644834333839, 0.1866933173801201551, 0.2022510938284635684, 0.2178088702768069818, 0.2489244231734936974, 0.3111555289668672120, 0.3267133054152105975, 0.3422710818635540386, 0.3733866347602407543, 0.3889444112085840843, 0.4045021876569274699, 0.4356177405536141856, 0.4511755170019575156, 0.4667332934503008457, 0.4978488463469876169, 0.5600799521403609926, 0.5756377285887044337, 0.5911955050370477638, 0.6223110579337345349, 0.6378688343820778650, 0.6534266108304213061, 0.6845421637271081883, 0.7156577166237948484, 0.7467732695204817306, 0.8090043753138552729, 0.8401199282105420441, 0.8712354811072289262, 0.8867932575555722563, 0.9023510340039155864, 0.9334665869006024685, 0.9490243633489459096, 0.9645821397972892397, 0.9956976926939761219 ),
 .UNSPECIFIED. ) ;
#428 = CARTESIAN_POINT ( 'NONE',  ( -4.109483945064996036, -3.499999999999998668, 3.434276511567367240 ) ) ;
#429 = EDGE_CURVE ( 'NONE', #1067, #295, #500, .T. ) ;
#430 = CARTESIAN_POINT ( 'NONE',  ( 0.000000000000000000, 0.000000000000000000, 6.750000000000000000 ) ) ;
#431 = DIRECTION ( 'NONE',  ( 0.000000000000000000, 0.000000000000000000, 1.000000000000000000 ) ) ;
#432 = ORIENTED_EDGE ( 'NONE', *, *, #783, .T. ) ;
#433 = CARTESIAN_POINT ( 'NONE',  ( 4.963468816966675412, -1.500000000000000000, 10.14280421305173974 ) ) ;
#434 = AXIS2_PLACEMENT_3D ( 'NONE', #1251, #268, #481 ) ;
#435 = CYLINDRICAL_SURFACE ( 'NONE', #549, 0.8500000000000000888 ) ;
#436 = CARTESIAN_POINT ( 'NONE',  ( 8.000000000000000000, -3.500000000000000000, 0.000000000000000000 ) ) ;
#437 = EDGE_CURVE ( 'NONE', #611, #1012, #174, .T. ) ;
#438 = ORIENTED_EDGE ( 'NONE', *, *, #461, .F. ) ;
#439 = CARTESIAN_POINT ( 'NONE',  ( 0.06757227834596318816, -3.500000000000000000, -5.349573252811772761 ) ) ;
#440 = CARTESIAN_POINT ( 'NONE',  ( 5.049815448588384825, -1.324264068711928699, 0.04317331581057942680 ) ) ;
#441 = CARTESIAN_POINT ( 'NONE',  ( 5.349805126701258295, -1.200000000000000178, 0.04573807269579176910 ) ) ;
#442 = CARTESIAN_POINT ( 'NONE',  ( 4.961819280753104522, -3.499999999999999556, -2.001185870082032192 ) ) ;
#443 = ORIENTED_EDGE ( 'NONE', *, *, #986, .F. ) ;
#444 = CARTESIAN_POINT ( 'NONE',  ( -5.173851339248133563, -3.500000000000000444, -0.06535267495383660641 ) ) ;
#445 = EDGE_CURVE ( 'NONE', #1127, #505, #61, .T. ) ;
#446 = CARTESIAN_POINT ( 'NONE',  ( 5.656854249492000442, -3.500000000000000000, 6.506854249492000086 ) ) ;
#447 = CONICAL_SURFACE ( 'NONE', #329, 6.299999999839656084, 0.7853981633974482790 ) ;
#448 = AXIS2_PLACEMENT_3D ( 'NONE', #303, #745, #431 ) ;
#449 = DIRECTION ( 'NONE',  ( 0.000000000000000000, 0.000000000000000000, -1.000000000000000000 ) ) ;
#450 = CARTESIAN_POINT ( 'NONE',  ( 1.530808498934192310E-16, -3.500000000000000000, 9.250000000000000000 ) ) ;
#451 = ORIENTED_EDGE ( 'NONE', *, *, #254, .F. ) ;
#452 = CARTESIAN_POINT ( 'NONE',  ( -2.894202366472288457, -3.200000000000000178, -5.086960503549217805 ) ) ;
#453 = CARTESIAN_POINT ( 'NONE',  ( 3.473708193593816329, -3.499999999999999556, 4.073099028176494940 ) ) ;
#454 = EDGE_CURVE ( 'NONE', #714, #738, #665, .T. ) ;
#455 = AXIS2_PLACEMENT_3D ( 'NONE', #261, #167, #615 ) ;
#456 = DIRECTION ( 'NONE',  ( 0.000000000000000000, 1.000000000000000000, -0.000000000000000000 ) ) ;
#457 = DIRECTION ( 'NONE',  ( 8.659560562354932858E-17, 0.7071067811865474617, -0.7071067811865474617 ) ) ;
#458 = ORIENTED_EDGE ( 'NONE', *, *, #996, .T. ) ;
#459 = CARTESIAN_POINT ( 'NONE',  ( 5.656854249492000442, -3.500000000000000000, 5.656854249492000442 ) ) ;
#460 = LINE ( 'NONE', #1207, #848 ) ;
#461 = EDGE_CURVE ( 'NONE', #1351, #187, #220, .T. ) ;
#462 = CYLINDRICAL_SURFACE ( 'NONE', #482, 1.250000000000000000 ) ;
#463 = CARTESIAN_POINT ( 'NONE',  ( 7.470345474798854293E-16, 0.000000000000000000, -6.099999999999999645 ) ) ;
#464 = VERTEX_POINT ( 'NONE', #815 ) ;
#465 = CARTESIAN_POINT ( 'NONE',  ( -5.656854249492000442, -3.500000000000000000, -4.806854249491999909 ) ) ;
#466 = CARTESIAN_POINT ( 'NONE',  ( 4.881661977762718152, -3.499999999999999112, 2.196433576041076030 ) ) ;
#467 = DIRECTION ( 'NONE',  ( -0.000000000000000000, -1.000000000000000000, 0.000000000000000000 ) ) ;
#468 = CARTESIAN_POINT ( 'NONE',  ( 0.6817293654136288295, -3.500000000000000888, -5.307051428512894020 ) ) ;
#469 = ADVANCED_FACE ( 'NONE', ( #836 ), #947, .F. ) ;
#470 = EDGE_LOOP ( 'NONE', ( #1140, #1089, #66, #719 ) ) ;
#471 = CARTESIAN_POINT ( 'NONE',  ( -5.086960503641596354, -3.200000000000000622, 2.894202366309921448 ) ) ;
#472 = ORIENTED_EDGE ( 'NONE', *, *, #412, .T. ) ;
#473 = DIRECTION ( 'NONE',  ( 0.000000000000000000, 1.000000000000000000, 0.000000000000000000 ) ) ;
#474 = FACE_OUTER_BOUND ( 'NONE', #421, .T. ) ;
#475 = AXIS2_PLACEMENT_3D ( 'NONE', #117, #891, #13 ) ;
#476 = CARTESIAN_POINT ( 'NONE',  ( -5.349575012869483892, -3.500000000000000000, -0.06757230040707529195 ) ) ;
#477 = CARTESIAN_POINT ( 'NONE',  ( 4.276262478322826688, -3.500000000000001332, -3.216394107658600010 ) ) ;
#478 = ORIENTED_EDGE ( 'NONE', *, *, #1132, .T. ) ;
#479 = CARTESIAN_POINT ( 'NONE',  ( 1.243016501134772143E-15, 1.151856388048599911E-12, 10.05000000000115712 ) ) ;
#480 = ORIENTED_EDGE ( 'NONE', *, *, #968, .T. ) ;
#481 = DIRECTION ( 'NONE',  ( 0.000000000000000000, 0.000000000000000000, 1.000000000000000000 ) ) ;
#482 = AXIS2_PLACEMENT_3D ( 'NONE', #803, #838, #184 ) ;
#483 = CARTESIAN_POINT ( 'NONE',  ( -2.499320152325680944, -3.499999999999998668, -4.736354555669122668 ) ) ;
#484 = ORIENTED_EDGE ( 'NONE', *, *, #412, .F. ) ;
#485 = CARTESIAN_POINT ( 'NONE',  ( -5.049597182558610342, -3.200000000000000178, -0.06378317878680103692 ) ) ;
#486 = ORIENTED_EDGE ( 'NONE', *, *, #197, .F. ) ;
#487 = CARTESIAN_POINT ( 'NONE',  ( 0.000000000000000000, -3.300000000017485835, -10.24999999998048672 ) ) ;
#488 = EDGE_CURVE ( 'NONE', #1014, #931, #1365, .T. ) ;
#489 = CARTESIAN_POINT ( 'NONE',  ( -5.656854249492000442, -3.500000000000000000, 5.656854249492000442 ) ) ;
#490 = CARTESIAN_POINT ( 'NONE',  ( -5.349575012869483892, -3.500000000000000000, -0.06757230040707529195 ) ) ;
#491 = AXIS2_PLACEMENT_3D ( 'NONE', #799, #1206, #664 ) ;
#492 = AXIS2_PLACEMENT_3D ( 'NONE', #506, #751, #417 ) ;
#493 = ORIENTED_EDGE ( 'NONE', *, *, #1406, .F. ) ;
#494 = CARTESIAN_POINT ( 'NONE',  ( -0.06757227834596490901, -3.500000000000000000, 5.349573252811772761 ) ) ;
#495 = ORIENTED_EDGE ( 'NONE', *, *, #1095, .F. ) ;
#496 = CARTESIAN_POINT ( 'NONE',  ( 0.000000000000000000, -0.2000000000066393113, 0.000000000000000000 ) ) ;
#497 = FACE_OUTER_BOUND ( 'NONE', #606, .T. ) ;
#498 = ORIENTED_EDGE ( 'NONE', *, *, #283, .T. ) ;
#499 = CARTESIAN_POINT ( 'NONE',  ( -5.049597182558608566, -3.375735931288071701, -0.06378317878680103692 ) ) ;
#500 = CIRCLE ( 'NONE', #434, 0.8500000000000000888 ) ;
#501 = CARTESIAN_POINT ( 'NONE',  ( 0.000000000000000000, -3.200000000000000178, 0.000000000000000000 ) ) ;
#502 = CARTESIAN_POINT ( 'NONE',  ( 0.000000000000000000, -1.199999999999999956, 6.099999999999999645 ) ) ;
#503 = FACE_BOUND ( 'NONE', #1255, .T. ) ;
#504 = CARTESIAN_POINT ( 'NONE',  ( 5.349575012869483892, -3.500000000000000000, 0.06757230040707908059 ) ) ;
#505 = VERTEX_POINT ( 'NONE', #487 ) ;
#506 = CARTESIAN_POINT ( 'NONE',  ( 5.349804485137899412, -1.500000000000000000, 0.04573806727897853502 ) ) ;
#507 = EDGE_LOOP ( 'NONE', ( #1288, #813 ) ) ;
#508 = CARTESIAN_POINT ( 'NONE',  ( 0.000000000000000000, 0.1749999999999999889, 0.000000000000000000 ) ) ;
#509 = PLANE ( 'NONE',  #1028 ) ;
#510 = CARTESIAN_POINT ( 'NONE',  ( -5.656854249492000442, 0.000000000000000000, 5.656854249492000442 ) ) ;
#511 = EDGE_CURVE ( 'NONE', #331, #1146, #226, .T. ) ;
#512 = AXIS2_PLACEMENT_3D ( 'NONE', #1192, #6, #1329 ) ;
#513 = ORIENTED_EDGE ( 'NONE', *, *, #1397, .T. ) ;
#514 = CYLINDRICAL_SURFACE ( 'NONE', #1213, 5.049999999999999822 ) ;
#515 = AXIS2_PLACEMENT_3D ( 'NONE', #436, #1405, #662 ) ;
#516 = ORIENTED_EDGE ( 'NONE', *, *, #147, .T. ) ;
#517 = DIRECTION ( 'NONE',  ( 0.000000000000000000, 0.000000000000000000, -1.000000000000000000 ) ) ;
#518 = CARTESIAN_POINT ( 'NONE',  ( 5.174074976090553335, -1.200000000000000178, 0.04423567063877895111 ) ) ;
#519 = CARTESIAN_POINT ( 'NONE',  ( 5.656854249492000442, -3.500000000000000000, -4.806854249491999909 ) ) ;
#520 = EDGE_LOOP ( 'NONE', ( #93, #938, #744, #954 ) ) ;
#521 = DIRECTION ( 'NONE',  ( 0.000000000000000000, 0.000000000000000000, -1.000000000000000000 ) ) ;
#522 = CIRCLE ( 'NONE', #85, 10.25000000000000000 ) ;
#523 = ORIENTED_EDGE ( 'NONE', *, *, #533, .F. ) ;
#524 = ADVANCED_FACE ( 'NONE', ( #282 ), #924, .F. ) ;
#525 = CIRCLE ( 'NONE', #1407, 1.249999999999999334 ) ;
#526 = CARTESIAN_POINT ( 'NONE',  ( 1.103363445709234503, -3.500000000000000000, 5.235715718817179010 ) ) ;
#527 = AXIS2_PLACEMENT_3D ( 'NONE', #553, #1319, #316 ) ;
#528 = ORIENTED_EDGE ( 'NONE', *, *, #901, .F. ) ;
#529 = CARTESIAN_POINT ( 'NONE',  ( 5.656854249492000442, 0.000000000000000000, -6.506854249492000086 ) ) ;
#530 = VERTEX_POINT ( 'NONE', #701 ) ;
#531 = FACE_OUTER_BOUND ( 'NONE', #172, .T. ) ;
#532 = CARTESIAN_POINT ( 'NONE',  ( -4.944335899043209359, -3.500000000000001332, 2.044058187333799737 ) ) ;
#533 = EDGE_CURVE ( 'NONE', #170, #578, #256, .T. ) ;
#534 = ORIENTED_EDGE ( 'NONE', *, *, #124, .F. ) ;
#535 = CARTESIAN_POINT ( 'NONE',  ( 5.349858924308344754, -3.500000000000000000, 0.04506200036042845580 ) ) ;
#536 = ORIENTED_EDGE ( 'NONE', *, *, #677, .F. ) ;
#537 = CARTESIAN_POINT ( 'NONE',  ( 1.255262969126037241E-15, 0.1749999999999999889, 10.25000000000000000 ) ) ;
#538 = AXIS2_PLACEMENT_3D ( 'NONE', #844, #116, #903 ) ;
#539 = CARTESIAN_POINT ( 'NONE',  ( -0.9194577337212753720, -3.500000000000000888, 5.271107338856545255 ) ) ;
#540 = DIRECTION ( 'NONE',  ( 0.000000000000000000, 0.000000000000000000, 1.000000000000000000 ) ) ;
#541 = CARTESIAN_POINT ( 'NONE',  ( 7.715274834431960149E-16, -1.705302565824240446E-10, -6.299999999839656084 ) ) ;
#542 = ORIENTED_EDGE ( 'NONE', *, *, #197, .T. ) ;
#543 = FACE_OUTER_BOUND ( 'NONE', #53, .T. ) ;
#544 = AXIS2_PLACEMENT_3D ( 'NONE', #574, #125, #1330 ) ;
#545 = CARTESIAN_POINT ( 'NONE',  ( -4.909367615310915589, -3.500000000000000444, 2.126718718113959739 ) ) ;
#546 = DIRECTION ( 'NONE',  ( 0.000000000000000000, 0.000000000000000000, -1.000000000000000000 ) ) ;
#547 = CARTESIAN_POINT ( 'NONE',  ( 4.436493395565721976, -3.499999999999999556, -2.991352608716086436 ) ) ;
#548 = ADVANCED_FACE ( 'NONE', ( #405 ), #1035, .F. ) ;
#549 = AXIS2_PLACEMENT_3D ( 'NONE', #655, #675, #887 ) ;
#550 = ORIENTED_EDGE ( 'NONE', *, *, #833, .F. ) ;
#551 = FACE_OUTER_BOUND ( 'NONE', #1301, .T. ) ;
#552 = CARTESIAN_POINT ( 'NONE',  ( 5.071927564397187282, -3.499999999999999556, 1.704689787525324629 ) ) ;
#553 = CARTESIAN_POINT ( 'NONE',  ( -5.656854249492000442, 0.000000000000000000, -5.656854249492000442 ) ) ;
#554 = CARTESIAN_POINT ( 'NONE',  ( 1.243016501133308412E-15, -3.499999999999013678, -10.04999999999901839 ) ) ;
#555 = EDGE_CURVE ( 'NONE', #1250, #324, #1059, .T. ) ;
#556 = ORIENTED_EDGE ( 'NONE', *, *, #114, .T. ) ;
#557 = CARTESIAN_POINT ( 'NONE',  ( -5.656854249492000442, -3.500000000000000000, -6.506854249492000086 ) ) ;
#558 = CARTESIAN_POINT ( 'NONE',  ( 0.000000000000000000, -5.684341886080801487E-11, 0.000000000000000000 ) ) ;
#559 = AXIS2_PLACEMENT_3D ( 'NONE', #623, #1229, #252 ) ;
#560 = AXIS2_PLACEMENT_3D ( 'NONE', #35, #138, #928 ) ;
#561 = AXIS2_PLACEMENT_3D ( 'NONE', #835, #1256, #1134 ) ;
#562 = DIRECTION ( 'NONE',  ( -0.000000000000000000, 1.000000000000000000, -0.000000000000000000 ) ) ;
#563 = CARTESIAN_POINT ( 'NONE',  ( 5.350000000000000533, -3.500000000000000444, -9.784924606681677517E-16 ) ) ;
#564 = ORIENTED_EDGE ( 'NONE', *, *, #732, .F. ) ;
#565 = CARTESIAN_POINT ( 'NONE',  ( 0.000000000000000000, -0.1999999999988766874, 0.000000000000000000 ) ) ;
#566 = AXIS2_PLACEMENT_3D ( 'NONE', #1373, #715, #390 ) ;
#567 = CARTESIAN_POINT ( 'NONE',  ( 4.546064578664879008, -3.500000000000000000, 2.826570613403393217 ) ) ;
#568 =( BOUNDED_SURFACE ( )  B_SPLINE_SURFACE ( 3, 3, ( 
 ( #1084, #321, #755, #1402 ),
 ( #518, #761, #1394, #1187 ),
 ( #440, #1077, #648, #212 ),
 ( #1292, #433, #1283, #654 ) ),
 .UNSPECIFIED., .F., .F., .T. ) 
 B_SPLINE_SURFACE_WITH_KNOTS ( ( 4, 4 ),
 ( 4, 4 ),
 ( 0.000000000000000000, 1.000000000000000000 ),
 ( 0.000000000000000000, 1.000000000000000000 ),
 .UNSPECIFIED. ) 
 GEOMETRIC_REPRESENTATION_ITEM ( )  RATIONAL_B_SPLINE_SURFACE ( (
 ( 1.000000000000000000, 0.3333333333312082369, 0.3333333333312082369, 1.000000000000000000),
 ( 0.8047378541243649375, 0.2682459513730781620, 0.2682459513730781620, 0.8047378541243649375),
 ( 0.8047378541243649375, 0.2682459513730781620, 0.2682459513730781620, 0.8047378541243649375),
 ( 1.000000000000000000, 0.3333333333312082369, 0.3333333333312082369, 1.000000000000000000) ) ) 
 REPRESENTATION_ITEM ( '' )  SURFACE ( )  );
#569 = DIRECTION ( 'NONE',  ( -0.000000000000000000, -1.000000000000000000, -0.000000000000000000 ) ) ;
#570 = DIRECTION ( 'NONE',  ( 0.000000000000000000, 0.000000000000000000, -1.000000000000000000 ) ) ;
#571 = ORIENTED_EDGE ( 'NONE', *, *, #749, .T. ) ;
#572 = CARTESIAN_POINT ( 'NONE',  ( 5.349573252809616264, -3.500000000000000000, 0.06757227851671067376 ) ) ;
#573 = UNCERTAINTY_MEASURE_WITH_UNIT (LENGTH_MEASURE( 1.000000000000000082E-05 ), #305, 'distance_accuracy_value', 'NONE');
#574 = CARTESIAN_POINT ( 'NONE',  ( 5.656854249492000442, 0.000000000000000000, -5.656854249492000442 ) ) ;
#575 = EDGE_CURVE ( 'NONE', #958, #663, #882, .T. ) ;
#576 = DIRECTION ( 'NONE',  ( 0.000000000000000000, 0.000000000000000000, -1.000000000000000000 ) ) ;
#577 = DIRECTION ( 'NONE',  ( -0.000000000000000000, 1.000000000000000000, -0.000000000000000000 ) ) ;
#578 = VERTEX_POINT ( 'NONE', #190 ) ;
#579 = CARTESIAN_POINT ( 'NONE',  ( 5.086960503641596354, -3.200000000000000178, -2.894202366309921892 ) ) ;
#580 = EDGE_LOOP ( 'NONE', ( #556, #81 ) ) ;
#581 = CARTESIAN_POINT ( 'NONE',  ( 4.005093312479393930, -3.500000000000000000, 3.566062502307345561 ) ) ;
#582 = DIRECTION ( 'NONE',  ( -0.000000000000000000, 1.000000000000000000, -0.000000000000000000 ) ) ;
#583 = AXIS2_PLACEMENT_3D ( 'NONE', #325, #793, #25 ) ;
#584 = DIRECTION ( 'NONE',  ( 0.000000000000000000, 0.000000000000000000, 1.000000000000000000 ) ) ;
#585 = CARTESIAN_POINT ( 'NONE',  ( -2.256613176604517879, -3.500000000000000888, -4.851685638380982546 ) ) ;
#586 = EDGE_CURVE ( 'NONE', #758, #1033, #1167, .T. ) ;
#587 = EDGE_LOOP ( 'NONE', ( #841, #272, #1390, #484 ) ) ;
#588 = CARTESIAN_POINT ( 'NONE',  ( 8.000000000000000000, 0.000000000000000000, 1.250000000000000000 ) ) ;
#589 = ORIENTED_EDGE ( 'NONE', *, *, #454, .T. ) ;
#590 = CARTESIAN_POINT ( 'NONE',  ( 0.000000000000000000, -1.705302565824240446E-10, 0.000000000000000000 ) ) ;
#591 = AXIS2_PLACEMENT_3D ( 'NONE', #501, #598, #1049 ) ;
#592 = CIRCLE ( 'NONE', #980, 1.250000000000000000 ) ;
#593 = CARTESIAN_POINT ( 'NONE',  ( 0.9194577337212722634, -3.500000000000000888, -5.271107338856541702 ) ) ;
#594 = EDGE_CURVE ( 'NONE', #187, #146, #1143, .T. ) ;
#595 = EDGE_LOOP ( 'NONE', ( #778, #369 ) ) ;
#596 = CARTESIAN_POINT ( 'NONE',  ( -3.021768723723545325, -3.200000000000000622, 5.012233861572072513 ) ) ;
#597 =( GEOMETRIC_REPRESENTATION_CONTEXT ( 3 ) GLOBAL_UNCERTAINTY_ASSIGNED_CONTEXT ( ( #123 ) ) GLOBAL_UNIT_ASSIGNED_CONTEXT ( ( #383, #33, #1252 ) ) REPRESENTATION_CONTEXT ( 'NONE', 'WORKASPACE' ) );
#598 = DIRECTION ( 'NONE',  ( -0.000000000000000000, 1.000000000000000000, -0.000000000000000000 ) ) ;
#599 = MANIFOLD_SOLID_BREP ( ' ‰»Î1', #1 ) ;
#600 = CARTESIAN_POINT ( 'NONE',  ( -5.049597182558609454, -3.200000000000000178, -0.06378317878680227204 ) ) ;
#601 = CARTESIAN_POINT ( 'NONE',  ( -5.214484461969076001, -3.500000000000000444, -1.208934111612330886 ) ) ;
#602 = ORIENTED_EDGE ( 'NONE', *, *, #901, .T. ) ;
#603 = CARTESIAN_POINT ( 'NONE',  ( 2.894202366472284904, -3.200000000000000622, 5.086960503549219581 ) ) ;
#604 = PRODUCT_DEFINITION_CONTEXT ( 'detailed design', #1245, 'design' ) ;
#605 = EDGE_CURVE ( 'NONE', #758, #645, #1388, .T. ) ;
#606 = EDGE_LOOP ( 'NONE', ( #951, #127, #1185, #1133, #1296, #513 ) ) ;
#607 = DIRECTION ( 'NONE',  ( -0.000000000000000000, -1.000000000000000000, -0.000000000000000000 ) ) ;
#608 = SHAPE_DEFINITION_REPRESENTATION ( #1386, #402 ) ;
#609 = CARTESIAN_POINT ( 'NONE',  ( -3.473708193593817217, -3.500000000000000888, -4.073099028176494052 ) ) ;
#610 = VECTOR ( 'NONE', #457, 1000.000000000000114 ) ;
#611 = VERTEX_POINT ( 'NONE', #754 ) ;
#612 = CARTESIAN_POINT ( 'NONE',  ( -5.173851339243960012, -3.500000000000000444, -0.06535267528411357885 ) ) ;
#613 = VERTEX_POINT ( 'NONE', #646 ) ;
#614 = CARTESIAN_POINT ( 'NONE',  ( 0.000000000000000000, -0.2000000000000000111, 0.000000000000000000 ) ) ;
#615 = DIRECTION ( 'NONE',  ( 1.000000000000000000, 0.000000000000000000, 0.000000000000000000 ) ) ;
#616 = CARTESIAN_POINT ( 'NONE',  ( 5.656854249492000442, -3.500000000000000000, 4.806854249491999909 ) ) ;
#617 = ADVANCED_FACE ( 'NONE', ( #531 ), #447, .F. ) ;
#618 = CARTESIAN_POINT ( 'NONE',  ( 0.000000000000000000, -1.500000000000000000, 0.000000000000000000 ) ) ;
#619 = EDGE_LOOP ( 'NONE', ( #142, #288, #1102, #849 ) ) ;
#620 = DIRECTION ( 'NONE',  ( 0.000000000000000000, 1.000000000000000000, 0.000000000000000000 ) ) ;
#621 = CIRCLE ( 'NONE', #1155, 5.049999999999999822 ) ;
#622 = ORIENTED_EDGE ( 'NONE', *, *, #271, .F. ) ;
#623 = CARTESIAN_POINT ( 'NONE',  ( 0.000000000000000000, 0.000000000000000000, 8.000000000000000000 ) ) ;
#624 = AXIS2_PLACEMENT_3D ( 'NONE', #173, #1259, #158 ) ;
#625 = DIRECTION ( 'NONE',  ( 0.000000000000000000, -1.000000000000000000, 0.000000000000000000 ) ) ;
#626 = AXIS2_PLACEMENT_3D ( 'NONE', #762, #1183, #228 ) ;
#627 = EDGE_CURVE ( 'NONE', #613, #1218, #213, .T. ) ;
#628 = CARTESIAN_POINT ( 'NONE',  ( -5.049815448588384825, -1.500000000000000000, -0.04317331581057694961 ) ) ;
#629 = ORIENTED_EDGE ( 'NONE', *, *, #775, .T. ) ;
#630 = CARTESIAN_POINT ( 'NONE',  ( 5.349999999999999645, -1.200000000000000178, -3.510104533421820605E-16 ) ) ;
#631 = VERTEX_POINT ( 'NONE', #424 ) ;
#632 = DIRECTION ( 'NONE',  ( 0.000000000000000000, -1.000000000000000000, 0.000000000000000000 ) ) ;
#633 = CARTESIAN_POINT ( 'NONE',  ( -5.124024683546712922, -3.499999999999999556, 1.555453453677782649 ) ) ;
#634 = CARTESIAN_POINT ( 'NONE',  ( 1.530808498934191571E-16, 0.000000000000000000, -6.750000000000000000 ) ) ;
#635 = AXIS2_PLACEMENT_3D ( 'NONE', #1173, #1159, #1275 ) ;
#636 = ORIENTED_EDGE ( 'NONE', *, *, #328, .F. ) ;
#637 = DIRECTION ( 'NONE',  ( 0.000000000000000000, 0.000000000000000000, 1.000000000000000000 ) ) ;
#638 = ADVANCED_FACE ( 'NONE', ( #204 ), #759, .F. ) ;
#639 = ORIENTED_EDGE ( 'NONE', *, *, #246, .T. ) ;
#640 = DIRECTION ( 'NONE',  ( 0.9999202341700217378, 0.000000000000000000, 0.01263033243303027763 ) ) ;
#641 = CARTESIAN_POINT ( 'NONE',  ( -1.670835243911545476, -3.500000000000000444, 5.083185940152356252 ) ) ;
#642 = ORIENTED_EDGE ( 'NONE', *, *, #1104, .T. ) ;
#643 = CYLINDRICAL_SURFACE ( 'NONE', #448, 0.8500000000000000888 ) ;
#644 = EDGE_CURVE ( 'NONE', #87, #530, #653, .T. ) ;
#645 = VERTEX_POINT ( 'NONE', #320 ) ;
#646 = CARTESIAN_POINT ( 'NONE',  ( -5.349805126701258295, -1.200000000000000178, -0.04573807269578914619 ) ) ;
#647 = AXIS2_PLACEMENT_3D ( 'NONE', #391, #269, #1041 ) ;
#648 = CARTESIAN_POINT ( 'NONE',  ( -5.136162080274207398, -1.324264068711928477, 10.05645758139783830 ) ) ;
#649 = AXIS2_PLACEMENT_3D ( 'NONE', #15, #456, #584 ) ;
#650 = VERTEX_POINT ( 'NONE', #765 ) ;
#651 = LINE ( 'NONE', #1157, #703 ) ;
#652 = ORIENTED_EDGE ( 'NONE', *, *, #300, .F. ) ;
#653 = LINE ( 'NONE', #975, #1374 ) ;
#654 = CARTESIAN_POINT ( 'NONE',  ( -5.049815448588110378, -1.500000000000000000, -0.04317331584277311896 ) ) ;
#655 = CARTESIAN_POINT ( 'NONE',  ( 5.656854249492000442, 0.000000000000000000, 5.656854249492000442 ) ) ;
#656 = CARTESIAN_POINT ( 'NONE',  ( 4.909367615310915589, -3.500000000000000000, -2.126718718113959294 ) ) ;
#657 = EDGE_LOOP ( 'NONE', ( #416, #363, #1180, #550 ) ) ;
#658 = FACE_OUTER_BOUND ( 'NONE', #1048, .T. ) ;
#659 = AXIS2_PLACEMENT_3D ( 'NONE', #1352, #607, #382 ) ;
#660 = CARTESIAN_POINT ( 'NONE',  ( -5.199785124357183541, -3.499999999999999112, 1.264218607813080819 ) ) ;
#661 = CARTESIAN_POINT ( 'NONE',  ( 0.000000000000000000, -5.684341886080801487E-11, 0.000000000000000000 ) ) ;
#662 = DIRECTION ( 'NONE',  ( 0.000000000000000000, 0.000000000000000000, -1.000000000000000000 ) ) ;
#663 = VERTEX_POINT ( 'NONE', #1186 ) ;
#664 = DIRECTION ( 'NONE',  ( 0.000000000000000000, 0.000000000000000000, -1.000000000000000000 ) ) ;
#665 = CIRCLE ( 'NONE', #1381, 0.8500000000000000888 ) ;
#666 = CIRCLE ( 'NONE', #1197, 6.299999999953342922 ) ;
#667 = DIRECTION ( 'NONE',  ( 0.000000000000000000, 0.000000000000000000, -1.000000000000000000 ) ) ;
#668 = CIRCLE ( 'NONE', #129, 1.250000000000000222 ) ;
#669 = CARTESIAN_POINT ( 'NONE',  ( -5.656854249492000442, 0.000000000000000000, 4.806854249491999909 ) ) ;
#670 = FACE_BOUND ( 'NONE', #40, .T. ) ;
#671 = AXIS2_PLACEMENT_3D ( 'NONE', #661, #208, #978 ) ;
#672 = ORIENTED_EDGE ( 'NONE', *, *, #254, .T. ) ;
#673 = CARTESIAN_POINT ( 'NONE',  ( 5.086960503641595466, -3.375735931288072145, -2.894202366309921448 ) ) ;
#674 = CARTESIAN_POINT ( 'NONE',  ( 5.347536171064750654, -3.500000000000000444, 0.2303735996648127726 ) ) ;
#675 = DIRECTION ( 'NONE',  ( 0.000000000000000000, 1.000000000000000000, 0.000000000000000000 ) ) ;
#676 = DIRECTION ( 'NONE',  ( 0.000000000000000000, -1.000000000000000000, 0.000000000000000000 ) ) ;
#677 = EDGE_CURVE ( 'NONE', #1014, #387, #702, .T. ) ;
#678 = EDGE_LOOP ( 'NONE', ( #115, #1315 ) ) ;
#679 = CARTESIAN_POINT ( 'NONE',  ( 3.201279737014051996, -3.500000000000000000, -5.309990328596155607 ) ) ;
#680 = CARTESIAN_POINT ( 'NONE',  ( 0.000000000000000000, -3.500000000000000000, 8.000000000000000000 ) ) ;
#681 = AXIS2_PLACEMENT_3D ( 'NONE', #122, #1309, #1097 ) ;
#682 = AXIS2_PLACEMENT_3D ( 'NONE', #202, #757, #1177 ) ;
#683 = DIRECTION ( 'NONE',  ( 0.000000000000000000, 0.000000000000000000, -1.000000000000000000 ) ) ;
#684 = FACE_BOUND ( 'NONE', #507, .T. ) ;
#685 = ORIENTED_EDGE ( 'NONE', *, *, #230, .T. ) ;
#686 = CARTESIAN_POINT ( 'NONE',  ( -3.066135180322125731, -3.500000000000000000, -5.389156177027389916 ) ) ;
#687 = ADVANCED_FACE ( 'NONE', ( #658 ), #76, .F. ) ;
#688 = CARTESIAN_POINT ( 'NONE',  ( 5.302674002965100719, -3.500000000000000888, 0.7149919006781171316 ) ) ;
#689 = CIRCLE ( 'NONE', #1045, 5.049999999999999822 ) ;
#690 = CARTESIAN_POINT ( 'NONE',  ( -5.350000000000000533, -3.500000000000000444, 8.483881999699072196E-16 ) ) ;
#691 = CARTESIAN_POINT ( 'NONE',  ( -5.349804485138190735, -1.200000000000000178, -0.04573806724486865344 ) ) ;
#692 = ORIENTED_EDGE ( 'NONE', *, *, #1397, .F. ) ;
#693 = CARTESIAN_POINT ( 'NONE',  ( 0.06535267511897539794, -3.500000000000000444, -5.173851339246046344 ) ) ;
#694 = DIRECTION ( 'NONE',  ( 0.000000000000000000, 0.000000000000000000, 1.000000000000000000 ) ) ;
#695 = ADVANCED_FACE ( 'NONE', ( #543 ), #1079, .T. ) ;
#696 = FACE_OUTER_BOUND ( 'NONE', #943, .T. ) ;
#697 = CARTESIAN_POINT ( 'NONE',  ( -5.264814425866846115, -3.500000000000000888, -0.9547961317364521694 ) ) ;
#698 = ORIENTED_EDGE ( 'NONE', *, *, #334, .F. ) ;
#699 = LINE ( 'NONE', #171, #426 ) ;
#700 = ORIENTED_EDGE ( 'NONE', *, *, #271, .T. ) ;
#701 = CARTESIAN_POINT ( 'NONE',  ( 0.000000000000000000, -3.200000000000000178, -5.049999999999998934 ) ) ;
#702 = CIRCLE ( 'NONE', #840, 1.250000000000000000 ) ;
#703 = VECTOR ( 'NONE', #287, 1000.000000000000000 ) ;
#704 = EDGE_CURVE ( 'NONE', #249, #834, #52, .T. ) ;
#705 = CARTESIAN_POINT ( 'NONE',  ( -1.521289018548432015, -3.499999999999999556, -5.134276008262857793 ) ) ;
#706 = ORIENTED_EDGE ( 'NONE', *, *, #870, .T. ) ;
#707 = DIRECTION ( 'NONE',  ( 0.000000000000000000, 0.000000000000000000, 1.000000000000000000 ) ) ;
#708 = DIRECTION ( 'NONE',  ( 0.000000000000000000, -1.000000000000000000, 0.000000000000000000 ) ) ;
#709 = CARTESIAN_POINT ( 'NONE',  ( 0.000000000000000000, 0.000000000000000000, 8.000000000000000000 ) ) ;
#710 = CARTESIAN_POINT ( 'NONE',  ( -4.805400513462529055, -3.499999999999999556, -2.358704579478059227 ) ) ;
#711 = ADVANCED_FACE ( 'NONE', ( #1114 ), #721, .T. ) ;
#712 = ORIENTED_EDGE ( 'NONE', *, *, #1267, .T. ) ;
#713 = DIRECTION ( 'NONE',  ( 0.000000000000000000, 0.000000000000000000, -1.000000000000000000 ) ) ;
#714 = VERTEX_POINT ( 'NONE', #557 ) ;
#715 = DIRECTION ( 'NONE',  ( -0.000000000000000000, -1.000000000000000000, -0.000000000000000000 ) ) ;
#716 = VECTOR ( 'NONE', #1398, 1000.000000000000000 ) ;
#717 = DIRECTION ( 'NONE',  ( 0.000000000000000000, 0.000000000000000000, -1.000000000000000000 ) ) ;
#718 = CARTESIAN_POINT ( 'NONE',  ( -5.278496051094076158, -3.500000000000001332, -0.8756300176672330293 ) ) ;
#719 = ORIENTED_EDGE ( 'NONE', *, *, #374, .F. ) ;
#720 = CARTESIAN_POINT ( 'NONE',  ( 5.012233861668518919, -3.200000000000000622, 3.021768723563567072 ) ) ;
#721 =( BOUNDED_SURFACE ( )  B_SPLINE_SURFACE ( 3, 3, ( 
 ( #346, #238, #452, #134, #890, #579, #1316 ),
 ( #353, #771, #338, #1013, #988, #673, #878 ),
 ( #444, #1199, #218, #693, #244, #1008, #128 ),
 ( #1302, #225, #686, #439, #679, #787, #572 ) ),
 .UNSPECIFIED., .F., .F., .T. ) 
 B_SPLINE_SURFACE_WITH_KNOTS ( ( 4, 4 ),
 ( 4, 3, 4 ),
 ( 0.000000000000000000, 1.000000000000000000 ),
 ( 0.000000000000000000, 0.5000000000000000000, 1.000000000000000000 ),
 .UNSPECIFIED. ) 
 GEOMETRIC_REPRESENTATION_ITEM ( )  RATIONAL_B_SPLINE_SURFACE ( (
 ( 1.000000000000000000, 0.8047378541168418442, 0.8047378541168418442, 1.000000000000000000, 0.8047378541168418442, 0.8047378541168418442, 1.000000000000000000),
 ( 0.8047378541243643824, 0.6476030138546331472, 0.6476030138546331472, 0.8047378541243643824, 0.6476030138546331472, 0.6476030138546331472, 0.8047378541243643824),
 ( 0.8047378541243643824, 0.6476030138546331472, 0.6476030138546331472, 0.8047378541243643824, 0.6476030138546331472, 0.6476030138546331472, 0.8047378541243643824),
 ( 1.000000000000000000, 0.8047378541168418442, 0.8047378541168418442, 1.000000000000000000, 0.8047378541168418442, 0.8047378541168418442, 1.000000000000000000) ) ) 
 REPRESENTATION_ITEM ( '' )  SURFACE ( )  );
#722 = ADVANCED_FACE ( 'NONE', ( #1322 ), #1235, .T. ) ;
#723 = DIRECTION ( 'NONE',  ( 0.000000000000000000, 0.000000000000000000, 1.000000000000000000 ) ) ;
#724 = CARTESIAN_POINT ( 'NONE',  ( 0.000000000000000000, -1.500000000000000000, 0.000000000000000000 ) ) ;
#725 = CARTESIAN_POINT ( 'NONE',  ( 0.000000000000000000, -0.2000000000066393113, 0.000000000000000000 ) ) ;
#726 = CIRCLE ( 'NONE', #512, 1.250000000000000000 ) ;
#727 = ORIENTED_EDGE ( 'NONE', *, *, #56, .F. ) ;
#728 = DIRECTION ( 'NONE',  ( 0.000000000000000000, -0.7071067811866521557, -0.7071067811864429897 ) ) ;
#729 =( BOUNDED_CURVE ( )  B_SPLINE_CURVE ( 3, ( #776, #1080, #214, #441 ),
 .UNSPECIFIED., .F., .F. ) 
 B_SPLINE_CURVE_WITH_KNOTS ( ( 4, 4 ),
 ( 0.000000000000000000, 0.9972786810594057583 ),
 .UNSPECIFIED. ) 
 CURVE ( )  GEOMETRIC_REPRESENTATION_ITEM ( )  RATIONAL_B_SPLINE_CURVE ( ( 1.000000000000000000, 0.3361830831852409274, 0.3361830831852409274, 1.000000000000000000 ) ) 
 REPRESENTATION_ITEM ( '' )  );
#730 = ORIENTED_EDGE ( 'NONE', *, *, #56, .T. ) ;
#731 = DIRECTION ( 'NONE',  ( 0.000000000000000000, -1.000000000000000000, 0.000000000000000000 ) ) ;
#732 = EDGE_CURVE ( 'NONE', #1218, #87, #306, .T. ) ;
#733 = FACE_BOUND ( 'NONE', #400, .T. ) ;
#734 = CARTESIAN_POINT ( 'NONE',  ( 5.049815448588109490, -1.324264068711928699, 0.04317331584277288997 ) ) ;
#735 = VECTOR ( 'NONE', #364, 1000.000000000000000 ) ;
#736 = ORIENTED_EDGE ( 'NONE', *, *, #742, .F. ) ;
#737 = CARTESIAN_POINT ( 'NONE',  ( 5.349999999999999645, -3.500000000000000000, 0.02253789281411565718 ) ) ;
#738 = VERTEX_POINT ( 'NONE', #465 ) ;
#739 = DIRECTION ( 'NONE',  ( 0.000000000000000000, 0.000000000000000000, -1.000000000000000000 ) ) ;
#740 = DIRECTION ( 'NONE',  ( 0.000000000000000000, 0.000000000000000000, -1.000000000000000000 ) ) ;
#741 = CIRCLE ( 'NONE', #808, 5.049999999999999822 ) ;
#742 = EDGE_CURVE ( 'NONE', #1228, #786, #726, .T. ) ;
#743 = CARTESIAN_POINT ( 'NONE',  ( -5.258328350647869520, -1.200000000000000178, -10.74534703758946641 ) ) ;
#744 = ORIENTED_EDGE ( 'NONE', *, *, #311, .T. ) ;
#745 = DIRECTION ( 'NONE',  ( 0.000000000000000000, 1.000000000000000000, 0.000000000000000000 ) ) ;
#746 = VERTEX_POINT ( 'NONE', #18 ) ;
#747 = CARTESIAN_POINT ( 'NONE',  ( 0.000000000000000000, -1.705302565824240446E-10, 0.000000000000000000 ) ) ;
#748 = CARTESIAN_POINT ( 'NONE',  ( -3.926112275146618202, -3.500000000000000444, 3.638937784264983932 ) ) ;
#749 = EDGE_CURVE ( 'NONE', #387, #1014, #191, .T. ) ;
#750 = ORIENTED_EDGE ( 'NONE', *, *, #488, .T. ) ;
#751 = DIRECTION ( 'NONE',  ( -0.008549171454014679525, 0.000000000000000000, 0.9999634551659625226 ) ) ;
#752 = VECTOR ( 'NONE', #676, 1000.000000000000000 ) ;
#753 = ORIENTED_EDGE ( 'NONE', *, *, #586, .F. ) ;
#754 = CARTESIAN_POINT ( 'NONE',  ( 5.656854249492000442, 0.000000000000000000, -4.806854249491999909 ) ) ;
#755 = CARTESIAN_POINT ( 'NONE',  ( -5.441280619696438059, -1.199999999999999956, 10.65387090306503737 ) ) ;
#756 = EDGE_LOOP ( 'NONE', ( #542, #1342 ) ) ;
#757 = DIRECTION ( 'NONE',  ( -0.000000000000000000, -1.000000000000000000, -0.000000000000000000 ) ) ;
#758 = VERTEX_POINT ( 'NONE', #779 ) ;
#759 = CYLINDRICAL_SURFACE ( 'NONE', #1350, 0.8500000000000000888 ) ;
#760 = AXIS2_PLACEMENT_3D ( 'NONE', #510, #185, #957 ) ;
#761 = CARTESIAN_POINT ( 'NONE',  ( 5.085603634812430940, -1.200000000000000178, 10.39238562288585754 ) ) ;
#762 = CARTESIAN_POINT ( 'NONE',  ( -5.656854249492000442, 0.000000000000000000, 5.656854249492000442 ) ) ;
#763 = CARTESIAN_POINT ( 'NONE',  ( 5.349805126701258295, -1.200000000000000178, 0.04573807269579176910 ) ) ;
#764 = ORIENTED_EDGE ( 'NONE', *, *, #341, .F. ) ;
#765 = CARTESIAN_POINT ( 'NONE',  ( 5.049815448588110378, -1.500000000000000000, 0.04317331584277413203 ) ) ;
#766 = ADVANCED_FACE ( 'NONE', ( #1090 ), #232, .F. ) ;
#767 = CARTESIAN_POINT ( 'NONE',  ( -5.320483533319013247, -3.499999999999999112, 0.6487629536889035764 ) ) ;
#768 = LINE ( 'NONE', #1093, #716 ) ;
#769 = FACE_BOUND ( 'NONE', #1136, .T. ) ;
#770 = EDGE_LOOP ( 'NONE', ( #1096, #72, #371, #698 ) ) ;
#771 = CARTESIAN_POINT ( 'NONE',  ( -5.012233861668520696, -3.375735931288072145, -3.021768723563563963 ) ) ;
#772 = AXIS2_PLACEMENT_3D ( 'NONE', #54, #932, #1121 ) ;
#773 = CARTESIAN_POINT ( 'NONE',  ( -4.383760803459034072, -3.500000000000000000, 3.068201142561384209 ) ) ;
#774 = ADVANCED_FACE ( 'NONE', ( #551 ), #884, .F. ) ;
#775 = EDGE_CURVE ( 'NONE', #423, #210, #896, .T. ) ;
#776 = CARTESIAN_POINT ( 'NONE',  ( -5.349999999999999645, -1.200000000000000178, 6.925341376751159572E-16 ) ) ;
#777 = FACE_BOUND ( 'NONE', #1169, .T. ) ;
#778 = ORIENTED_EDGE ( 'NONE', *, *, #1211, .T. ) ;
#779 = CARTESIAN_POINT ( 'NONE',  ( 1.255262969126312553E-15, -0.2000000000000000111, 10.25000000000225064 ) ) ;
#780 = CIRCLE ( 'NONE', #801, 6.099999999999999645 ) ;
#781 = CARTESIAN_POINT ( 'NONE',  ( 1.766388181688433034, -3.500000000000000888, 5.052939462325268138 ) ) ;
#782 = PRODUCT_DEFINITION_FORMATION_WITH_SPECIFIED_SOURCE ( 'ÂØ', '', #972, .NOT_KNOWN. ) ;
#783 = EDGE_CURVE ( 'NONE', #217, #302, #162, .T. ) ;
#784 = DIRECTION ( 'NONE',  ( 0.000000000000000000, 1.000000000000000000, 0.000000000000000000 ) ) ;
#785 = CARTESIAN_POINT ( 'NONE',  ( 0.000000000000000000, 0.1749999999999999889, 0.000000000000000000 ) ) ;
#786 = VERTEX_POINT ( 'NONE', #588 ) ;
#787 = CARTESIAN_POINT ( 'NONE',  ( 5.389156177125254743, -3.500000000000000000, -3.066135180150114881 ) ) ;
#788 = CARTESIAN_POINT ( 'NONE',  ( 0.000000000000000000, -3.500000000000000000, 6.750000000000000000 ) ) ;
#789 = DIRECTION ( 'NONE',  ( 0.000000000000000000, -1.000000000000000000, 0.000000000000000000 ) ) ;
#790 = CARTESIAN_POINT ( 'NONE',  ( 5.227737843615226865, -3.499999999999999112, -1.138155986982132051 ) ) ;
#791 = ADVANCED_FACE ( 'NONE', ( #1039 ), #375, .T. ) ;
#792 = EDGE_LOOP ( 'NONE', ( #652, #1263, #639, #1348 ) ) ;
#793 = DIRECTION ( 'NONE',  ( 0.000000000000000000, -1.000000000000000000, 0.000000000000000000 ) ) ;
#794 = CARTESIAN_POINT ( 'NONE',  ( 5.349575012869483892, -3.500000000000000000, 0.06757230040707908059 ) ) ;
#795 = VECTOR ( 'NONE', #728, 999.9999999999998863 ) ;
#796 = CARTESIAN_POINT ( 'NONE',  ( -5.656854249492000442, 0.000000000000000000, 6.506854249492000086 ) ) ;
#797 = DIRECTION ( 'NONE',  ( 0.000000000000000000, 1.000000000000000000, 0.000000000000000000 ) ) ;
#798 = VERTEX_POINT ( 'NONE', #161 ) ;
#799 = CARTESIAN_POINT ( 'NONE',  ( -8.000000000000000000, 0.000000000000000000, 0.000000000000000000 ) ) ;
#800 = CARTESIAN_POINT ( 'NONE',  ( 2.092768208501641691, -3.500000000000000000, 4.924539970915569498 ) ) ;
#801 = AXIS2_PLACEMENT_3D ( 'NONE', #340, #333, #19 ) ;
#802 = AXIS2_PLACEMENT_3D ( 'NONE', #62, #42, #925 ) ;
#803 = CARTESIAN_POINT ( 'NONE',  ( -8.000000000000000000, 0.000000000000000000, 0.000000000000000000 ) ) ;
#804 = CARTESIAN_POINT ( 'NONE',  ( -2.732845698747407681, -3.500000000000000000, -4.602874721227326660 ) ) ;
#805 = AXIS2_PLACEMENT_3D ( 'NONE', #1236, #1142, #47 ) ;
#806 = ORIENTED_EDGE ( 'NONE', *, *, #1311, .T. ) ;
#807 = CARTESIAN_POINT ( 'NONE',  ( 5.656854249492000442, 0.000000000000000000, 6.506854249492000086 ) ) ;
#808 = AXIS2_PLACEMENT_3D ( 'NONE', #1202, #562, #1189 ) ;
#809 = ORIENTED_EDGE ( 'NONE', *, *, #870, .F. ) ;
#810 = CARTESIAN_POINT ( 'NONE',  ( 0.000000000000000000, -3.500000000000000000, 8.000000000000000000 ) ) ;
#811 = EDGE_CURVE ( 'NONE', #958, #1400, #59, .T. ) ;
#812 = CARTESIAN_POINT ( 'NONE',  ( 1.833435861345989348, -3.500000000000000444, -5.026794941469930222 ) ) ;
#813 = ORIENTED_EDGE ( 'NONE', *, *, #29, .T. ) ;
#814 = CARTESIAN_POINT ( 'NONE',  ( 5.309990328698331652, -3.499999999999999556, 3.201279736844572010 ) ) ;
#815 = CARTESIAN_POINT ( 'NONE',  ( -8.000000000000000000, -3.500000000000000000, -1.250000000000000000 ) ) ;
#816 = DIRECTION ( 'NONE',  ( 0.9999202341700217378, 0.000000000000000000, 0.01263033243303027763 ) ) ;
#817 = STYLED_ITEM ( 'NONE', ( #1282 ), #599 ) ;
#818 = CIRCLE ( 'NONE', #1353, 10.05000000000115712 ) ;
#819 = ADVANCED_FACE ( 'NONE', ( #141 ), #909, .F. ) ;
#820 = CARTESIAN_POINT ( 'NONE',  ( -2.092768208501643468, -3.500000000000000444, -4.924539970915567721 ) ) ;
#821 = ORIENTED_EDGE ( 'NONE', *, *, #1171, .T. ) ;
#822 = CARTESIAN_POINT ( 'NONE',  ( -5.212134050088997661, -3.500000000000000888, 2.965419269619496756 ) ) ;
#823 = ORIENTED_EDGE ( 'NONE', *, *, #1346, .T. ) ;
#824 = CYLINDRICAL_SURFACE ( 'NONE', #1153, 10.25000000000000000 ) ;
#825 = DIRECTION ( 'NONE',  ( 0.000000000000000000, 0.000000000000000000, -1.000000000000000000 ) ) ;
#826 = CONICAL_SURFACE ( 'NONE', #386, 6.299999999839656084, 0.7853981633974482790 ) ;
#827 = CARTESIAN_POINT ( 'NONE',  ( -0.2921505778400269038, -3.500000000000000888, -5.351961665818252278 ) ) ;
#828 = ORIENTED_EDGE ( 'NONE', *, *, #1095, .T. ) ;
#829 = CARTESIAN_POINT ( 'NONE',  ( 5.135568628596564267, -3.500000000000000888, 3.096124619859895510 ) ) ;
#830 = DIRECTION ( 'NONE',  ( 0.000000000000000000, 0.000000000000000000, -1.000000000000000000 ) ) ;
#831 = AXIS2_PLACEMENT_3D ( 'NONE', #3, #222, #683 ) ;
#832 = CARTESIAN_POINT ( 'NONE',  ( 8.000000000000000000, -3.500000000000000000, 0.000000000000000000 ) ) ;
#833 = EDGE_CURVE ( 'NONE', #302, #295, #1349, .T. ) ;
#834 = VERTEX_POINT ( 'NONE', #479 ) ;
#835 = CARTESIAN_POINT ( 'NONE',  ( 0.000000000000000000, -3.499999999999013678, 0.000000000000000000 ) ) ;
#836 = FACE_OUTER_BOUND ( 'NONE', #1226, .T. ) ;
#837 = PRODUCT_CONTEXT ( 'NONE', #1215, 'mechanical' ) ;
#838 = DIRECTION ( 'NONE',  ( 0.000000000000000000, -1.000000000000000000, 0.000000000000000000 ) ) ;
#839 = CARTESIAN_POINT ( 'NONE',  ( -5.049815448588384825, -1.324264068711928699, -0.04317331581057693574 ) ) ;
#840 = AXIS2_PLACEMENT_3D ( 'NONE', #211, #632, #1057 ) ;
#841 = ORIENTED_EDGE ( 'NONE', *, *, #605, .F. ) ;
#842 = FACE_BOUND ( 'NONE', #30, .T. ) ;
#843 = ORIENTED_EDGE ( 'NONE', *, *, #283, .F. ) ;
#844 = CARTESIAN_POINT ( 'NONE',  ( 0.000000000000000000, 1.151856388048599911E-12, 0.000000000000000000 ) ) ;
#845 = EDGE_CURVE ( 'NONE', #834, #758, #1241, .T. ) ;
#846 = CARTESIAN_POINT ( 'NONE',  ( 0.000000000000000000, 0.000000000000000000, 8.000000000000000000 ) ) ;
#847 = DIRECTION ( 'NONE',  ( 0.000000000000000000, -1.000000000000000000, 0.000000000000000000 ) ) ;
#848 = VECTOR ( 'NONE', #1323, 1000.000000000000000 ) ;
#849 = ORIENTED_EDGE ( 'NONE', *, *, #876, .F. ) ;
#850 = DIRECTION ( 'NONE',  ( 0.000000000000000000, 0.000000000000000000, -1.000000000000000000 ) ) ;
#851 = ORIENTED_EDGE ( 'NONE', *, *, #575, .F. ) ;
#852 = DIRECTION ( 'NONE',  ( 0.000000000000000000, 1.000000000000000000, 0.000000000000000000 ) ) ;
#853 = VECTOR ( 'NONE', #708, 1000.000000000000000 ) ;
#854 = CARTESIAN_POINT ( 'NONE',  ( -0.8424180760176684934, -3.500000000000001332, 5.283902869685188186 ) ) ;
#855 = AXIS2_PLACEMENT_3D ( 'NONE', #1404, #342, #9 ) ;
#856 = ORIENTED_EDGE ( 'NONE', *, *, #953, .F. ) ;
#857 = FACE_OUTER_BOUND ( 'NONE', #756, .T. ) ;
#858 = EDGE_LOOP ( 'NONE', ( #1062, #936, #523, #856 ) ) ;
#859 = CARTESIAN_POINT ( 'NONE',  ( 0.000000000000000000, -3.200000000000000178, 0.000000000000000000 ) ) ;
#860 = CARTESIAN_POINT ( 'NONE',  ( 1.521289018548430461, -3.500000000000000444, 5.134276008262857793 ) ) ;
#861 = ADVANCED_FACE ( 'NONE', ( #396 ), #327, .T. ) ;
#862 = ORIENTED_EDGE ( 'NONE', *, *, #429, .F. ) ;
#863 = DIRECTION ( 'NONE',  ( -0.000000000000000000, -1.000000000000000000, -0.000000000000000000 ) ) ;
#864 = AXIS2_PLACEMENT_3D ( 'NONE', #31, #917, #521 ) ;
#865 = EDGE_LOOP ( 'NONE', ( #102, #809, #946, #472 ) ) ;
#866 = DIRECTION ( 'NONE',  ( -0.9999634551659624115, 0.000000000000000000, -0.008549171454014535543 ) ) ;
#867 = CARTESIAN_POINT ( 'NONE',  ( -3.254550818558674230, -3.500000000000000444, 4.262110186524665778 ) ) ;
#868 = DIRECTION ( 'NONE',  ( 0.000000000000000000, -1.000000000000000000, 0.000000000000000000 ) ) ;
#869 = DIRECTION ( 'NONE',  ( 0.000000000000000000, 1.000000000000000000, 0.000000000000000000 ) ) ;
#870 = EDGE_CURVE ( 'NONE', #1191, #1127, #1122, .T. ) ;
#871 = ORIENTED_EDGE ( 'NONE', *, *, #1194, .T. ) ;
#872 = DIRECTION ( 'NONE',  ( 0.000000000000000000, 0.000000000000000000, 1.000000000000000000 ) ) ;
#873 = CARTESIAN_POINT ( 'NONE',  ( -4.583745334133788596, -3.499999999999999556, 2.764794351405832185 ) ) ;
#874 = CARTESIAN_POINT ( 'NONE',  ( 0.000000000000000000, 0.1749999999999999889, 0.000000000000000000 ) ) ;
#875 = CARTESIAN_POINT ( 'NONE',  ( 7.470345474798854293E-16, -1.199999999999999956, -6.099999999999999645 ) ) ;
#876 = EDGE_CURVE ( 'NONE', #249, #1033, #388, .T. ) ;
#877 = ORIENTED_EDGE ( 'NONE', *, *, #876, .T. ) ;
#878 = CARTESIAN_POINT ( 'NONE',  ( 5.049597182558608566, -3.375735931288071701, 0.06378317878680167530 ) ) ;
#879 = CARTESIAN_POINT ( 'NONE',  ( -4.718898104881515287, -3.499999999999999112, 2.532115141229799082 ) ) ;
#880 = CARTESIAN_POINT ( 'NONE',  ( -5.656854249492000442, 0.000000000000000000, -5.656854249492000442 ) ) ;
#881 = CARTESIAN_POINT ( 'NONE',  ( 4.383760803459034072, -3.500000000000000000, -3.068201142561385097 ) ) ;
#882 = CIRCLE ( 'NONE', #1101, 6.100000000003547029 ) ;
#883 = VERTEX_POINT ( 'NONE', #1147 ) ;
#884 = CYLINDRICAL_SURFACE ( 'NONE', #681, 6.099999999999999645 ) ;
#885 = AXIS2_PLACEMENT_3D ( 'NONE', #1170, #1280, #94 ) ;
#886 = LINE ( 'NONE', #904, #355 ) ;
#887 = DIRECTION ( 'NONE',  ( 0.000000000000000000, 0.000000000000000000, 1.000000000000000000 ) ) ;
#888 = LINE ( 'NONE', #463, #118 ) ;
#889 = ORIENTED_EDGE ( 'NONE', *, *, #263, .T. ) ;
#890 = CARTESIAN_POINT ( 'NONE',  ( 3.021768723723545769, -3.200000000000000178, -5.012233861572073401 ) ) ;
#891 = DIRECTION ( 'NONE',  ( -0.000000000000000000, 1.000000000000000000, -0.000000000000000000 ) ) ;
#892 = EDGE_CURVE ( 'NONE', #1250, #611, #699, .T. ) ;
#893 = CARTESIAN_POINT ( 'NONE',  ( 5.656854249492000442, 0.000000000000000000, -5.656854249492000442 ) ) ;
#894 = FACE_OUTER_BOUND ( 'NONE', #678, .T. ) ;
#895 = ORIENTED_EDGE ( 'NONE', *, *, #575, .T. ) ;
#896 = LINE ( 'NONE', #332, #1395 ) ;
#897 = CARTESIAN_POINT ( 'NONE',  ( 5.278496051094072605, -3.500000000000000000, 0.8756300176672354718 ) ) ;
#898 =( BOUNDED_CURVE ( )  B_SPLINE_CURVE ( 3, ( #630, #944, #1371, #401 ),
 .UNSPECIFIED., .F., .F. ) 
 B_SPLINE_CURVE_WITH_KNOTS ( ( 4, 4 ),
 ( 0.000000000000000000, 0.9972786810594058693 ),
 .UNSPECIFIED. ) 
 CURVE ( )  GEOMETRIC_REPRESENTATION_ITEM ( )  RATIONAL_B_SPLINE_CURVE ( ( 1.000000000000000000, 0.3361830831852408163, 0.3361830831852408163, 1.000000000000000000 ) ) 
 REPRESENTATION_ITEM ( '' )  );
#899 = FACE_OUTER_BOUND ( 'NONE', #1056, .T. ) ;
#900 = CARTESIAN_POINT ( 'NONE',  ( 0.000000000000000000, -3.499999999999013678, 10.04999999999901839 ) ) ;
#901 = EDGE_CURVE ( 'NONE', #931, #464, #78, .T. ) ;
#902 = ORIENTED_EDGE ( 'NONE', *, *, #344, .F. ) ;
#903 = DIRECTION ( 'NONE',  ( 0.000000000000000000, 0.000000000000000000, -1.000000000000000000 ) ) ;
#904 = CARTESIAN_POINT ( 'NONE',  ( 8.000000000000000000, 0.000000000000000000, 1.250000000000000000 ) ) ;
#905 = CARTESIAN_POINT ( 'NONE',  ( 8.000000000000000000, 0.000000000000000000, 0.000000000000000000 ) ) ;
#906 = CARTESIAN_POINT ( 'NONE',  ( -4.005093312479398371, -3.500000000000000888, -3.566062502307342452 ) ) ;
#907 = ADVANCED_FACE ( 'NONE', ( #842, #857 ), #1063, .T. ) ;
#908 = ORIENTED_EDGE ( 'NONE', *, *, #420, .F. ) ;
#909 = CYLINDRICAL_SURFACE ( 'NONE', #377, 0.8500000000000000888 ) ;
#910 = LINE ( 'NONE', #1338, #735 ) ;
#911 = AXIS2_PLACEMENT_3D ( 'NONE', #810, #219, #667 ) ;
#912 = DIRECTION ( 'NONE',  ( 0.000000000000000000, 1.000000000000000000, 0.000000000000000000 ) ) ;
#913 = B_SPLINE_CURVE_WITH_KNOTS ( 'NONE', 3,
 ( #1385, #535, #737, #1289 ),
 .UNSPECIFIED., .F., .F.,
 ( 4, 4 ),
 ( 0.9956976926939761219, 1.000000000000000000 ),
 .UNSPECIFIED. ) ;
#914 = CARTESIAN_POINT ( 'NONE',  ( 5.656854249492000442, 0.000000000000000000, -6.506854249492000086 ) ) ;
#915 = CARTESIAN_POINT ( 'NONE',  ( 3.254550818558671121, -3.499999999999999556, -4.262110186524665778 ) ) ;
#916 = ORIENTED_EDGE ( 'NONE', *, *, #845, .F. ) ;
#917 = DIRECTION ( 'NONE',  ( -0.000000000000000000, 1.000000000000000000, -0.000000000000000000 ) ) ;
#918 = CIRCLE ( 'NONE', #855, 0.8500000000000000888 ) ;
#919 = DIRECTION ( 'NONE',  ( 0.000000000000000000, 0.000000000000000000, 1.000000000000000000 ) ) ;
#920 = DIRECTION ( 'NONE',  ( 0.000000000000000000, -1.000000000000000000, 0.000000000000000000 ) ) ;
#921 = CARTESIAN_POINT ( 'NONE',  ( -3.610961517052116321, -3.500000000000000444, -3.951870942262841968 ) ) ;
#922 = VERTEX_POINT ( 'NONE', #1378 ) ;
#923 = CARTESIAN_POINT ( 'NONE',  ( -0.06378317862563041840, -3.375735931288071701, 5.049597182560645159 ) ) ;
#924 = CYLINDRICAL_SURFACE ( 'NONE', #950, 1.250000000000000000 ) ;
#925 = DIRECTION ( 'NONE',  ( 0.000000000000000000, 0.000000000000000000, -1.000000000000000000 ) ) ;
#926 = AXIS2_PLACEMENT_3D ( 'NONE', #565, #1109, #1001 ) ;
#927 = CIRCLE ( 'NONE', #560, 0.3000000000000003220 ) ;
#928 = DIRECTION ( 'NONE',  ( 0.9999202341700216268, 0.000000000000000000, 0.01263033243303024813 ) ) ;
#929 = ORIENTED_EDGE ( 'NONE', *, *, #344, .T. ) ;
#930 = DIRECTION ( 'NONE',  ( 0.000000000000000000, 0.7071067811865474617, 0.7071067811865474617 ) ) ;
#931 = VERTEX_POINT ( 'NONE', #422 ) ;
#932 = DIRECTION ( 'NONE',  ( 0.000000000000000000, 1.000000000000000000, 0.000000000000000000 ) ) ;
#933 = EDGE_CURVE ( 'NONE', #1247, #993, #913, .T. ) ;
#934 = CARTESIAN_POINT ( 'NONE',  ( -1.766388181688434811, -3.500000000000000444, -5.052939462325268138 ) ) ;
#935 = CIRCLE ( 'NONE', #176, 5.049999999999999822 ) ;
#936 = ORIENTED_EDGE ( 'NONE', *, *, #14, .T. ) ;
#937 = DIRECTION ( 'NONE',  ( 8.659560562353653424E-17, -0.7071067811866521557, 0.7071067811864429897 ) ) ;
#938 = ORIENTED_EDGE ( 'NONE', *, *, #1085, .T. ) ;
#939 = CARTESIAN_POINT ( 'NONE',  ( 0.000000000000000000, 0.000000000000000000, -9.250000000000000000 ) ) ;
#940 = CARTESIAN_POINT ( 'NONE',  ( 5.349934827982444574, -1.200000000000000400, 0.03049236984661023858 ) ) ;
#941 = FACE_OUTER_BOUND ( 'NONE', #1328, .T. ) ;
#942 = CARTESIAN_POINT ( 'NONE',  ( -5.174074976090553335, -1.200000000000000178, -0.04423567063877642536 ) ) ;
#943 = EDGE_LOOP ( 'NONE', ( #1362, #1384, #258, #46 ) ) ;
#944 = CARTESIAN_POINT ( 'NONE',  ( 5.349999999999996980, -1.200000000000000178, -10.60920153065004712 ) ) ;
#945 = EDGE_CURVE ( 'NONE', #108, #965, #1396, .T. ) ;
#946 = ORIENTED_EDGE ( 'NONE', *, *, #420, .T. ) ;
#947 = CYLINDRICAL_SURFACE ( 'NONE', #805, 1.250000000000000000 ) ;
#948 = CARTESIAN_POINT ( 'NONE',  ( 0.000000000000000000, -3.500000000000000000, 0.000000000000000000 ) ) ;
#949 = CARTESIAN_POINT ( 'NONE',  ( -5.349999999999999645, -1.200000000000000178, 6.925341376751159572E-16 ) ) ;
#950 = AXIS2_PLACEMENT_3D ( 'NONE', #1128, #731, #1149 ) ;
#951 = ORIENTED_EDGE ( 'NONE', *, *, #1036, .T. ) ;
#952 = DIRECTION ( 'NONE',  ( 0.000000000000000000, -1.000000000000000000, 0.000000000000000000 ) ) ;
#953 = EDGE_CURVE ( 'NONE', #331, #170, #651, .T. ) ;
#954 = ORIENTED_EDGE ( 'NONE', *, *, #811, .F. ) ;
#955 = CARTESIAN_POINT ( 'NONE',  ( 0.000000000000000000, -3.300000000017485391, 0.000000000000000000 ) ) ;
#956 = CARTESIAN_POINT ( 'NONE',  ( -3.537244753095795780, -3.500000000000000888, 4.030632154712010973 ) ) ;
#957 = DIRECTION ( 'NONE',  ( 0.000000000000000000, 0.000000000000000000, 1.000000000000000000 ) ) ;
#958 = VERTEX_POINT ( 'NONE', #971 ) ;
#959 = CARTESIAN_POINT ( 'NONE',  ( -5.656854249492000442, 0.000000000000000000, -6.506854249492000086 ) ) ;
#960 = ORIENTED_EDGE ( 'NONE', *, *, #1369, .F. ) ;
#961 = CARTESIAN_POINT ( 'NONE',  ( -5.350000000000000533, -3.500000000000000444, 8.483881999699072196E-16 ) ) ;
#962 = EDGE_CURVE ( 'NONE', #505, #645, #307, .T. ) ;
#963 = EDGE_LOOP ( 'NONE', ( #1029, #1075, #1070, #84 ) ) ;
#964 = CARTESIAN_POINT ( 'NONE',  ( -8.000000000000000000, 0.000000000000000000, 1.250000000000000000 ) ) ;
#965 = VERTEX_POINT ( 'NONE', #959 ) ;
#966 = DIRECTION ( 'NONE',  ( 0.000000000000000000, 1.000000000000000000, -0.000000000000000000 ) ) ;
#967 = CARTESIAN_POINT ( 'NONE',  ( -4.855402793734937106, -3.500000000000000000, 2.249944395175978773 ) ) ;
#968 = EDGE_CURVE ( 'NONE', #1022, #650, #192, .T. ) ;
#969 = VECTOR ( 'NONE', #380, 1000.000000000000000 ) ;
#970 = ORIENTED_EDGE ( 'NONE', *, *, #74, .F. ) ;
#971 = CARTESIAN_POINT ( 'NONE',  ( 0.000000000000000000, -0.2000000000066393113, 6.100000000003547029 ) ) ;
#972 = PRODUCT ( 'M_DC11_A01_IDLER', 'M_DC11_A01_IDLER', '', ( #837 ) ) ;
#973 = CIRCLE ( 'NONE', #515, 1.250000000000000000 ) ;
#974 = ORIENTED_EDGE ( 'NONE', *, *, #1204, .F. ) ;
#975 = CARTESIAN_POINT ( 'NONE',  ( 0.000000000000000000, 0.1749999999999999889, -5.049999999999999822 ) ) ;
#976 = CARTESIAN_POINT ( 'NONE',  ( -0.6817293654136291625, -3.500000000000001332, 5.307051428512894908 ) ) ;
#977 = EDGE_CURVE ( 'NONE', #324, #1250, #378, .T. ) ;
#978 = DIRECTION ( 'NONE',  ( 0.000000000000000000, 0.000000000000000000, 1.000000000000000000 ) ) ;
#979 = CARTESIAN_POINT ( 'NONE',  ( 4.944335899043209359, -3.500000000000000888, -2.044058187333799292 ) ) ;
#980 = AXIS2_PLACEMENT_3D ( 'NONE', #905, #291, #740 ) ;
#981 = ORIENTED_EDGE ( 'NONE', *, *, #461, .T. ) ;
#982 = DIRECTION ( 'NONE',  ( 0.000000000000000000, 1.000000000000000000, -0.000000000000000000 ) ) ;
#983 = CIRCLE ( 'NONE', #415, 5.049999999999999822 ) ;
#984 = FACE_OUTER_BOUND ( 'NONE', #587, .T. ) ;
#985 = CARTESIAN_POINT ( 'NONE',  ( 0.000000000000000000, 0.000000000000000000, 6.099999999999999645 ) ) ;
#986 = EDGE_CURVE ( 'NONE', #302, #217, #257, .T. ) ;
#987 = ORIENTED_EDGE ( 'NONE', *, *, #1287, .F. ) ;
#988 = CARTESIAN_POINT ( 'NONE',  ( 3.021768723723543992, -3.375735931288072145, -5.012233861572071625 ) ) ;
#989 = CARTESIAN_POINT ( 'NONE',  ( 2.499320152325680500, -3.500000000000000000, 4.736354555669123556 ) ) ;
#990 = CARTESIAN_POINT ( 'NONE',  ( 0.000000000000000000, 0.000000000000000000, 8.000000000000000000 ) ) ;
#991 = CARTESIAN_POINT ( 'NONE',  ( -5.350000000000000533, -3.500000000000000444, 8.483881999699072196E-16 ) ) ;
#992 = AXIS2_PLACEMENT_3D ( 'NONE', #459, #12, #273 ) ;
#993 = VERTEX_POINT ( 'NONE', #1074 ) ;
#994 = DIRECTION ( 'NONE',  ( 0.000000000000000000, -1.000000000000000000, 0.000000000000000000 ) ) ;
#995 = AXIS2_PLACEMENT_3D ( 'NONE', #181, #1264, #1399 ) ;
#996 = EDGE_CURVE ( 'NONE', #295, #1067, #1305, .T. ) ;
#997 = CARTESIAN_POINT ( 'NONE',  ( 5.333406593268953166, -3.499999999999998224, 0.4734939351852485157 ) ) ;
#998 = FACE_OUTER_BOUND ( 'NONE', #865, .T. ) ;
#999 = CARTESIAN_POINT ( 'NONE',  ( 5.245369425100742333, -3.499999999999999556, -1.053836976008402981 ) ) ;
#1000 = ORIENTED_EDGE ( 'NONE', *, *, #775, .F. ) ;
#1001 = DIRECTION ( 'NONE',  ( 0.000000000000000000, 0.000000000000000000, -1.000000000000000000 ) ) ;
#1002 = CARTESIAN_POINT ( 'NONE',  ( 5.214484461969076001, -3.500000000000000444, 1.208934111612333551 ) ) ;
#1003 = ADVANCED_FACE ( 'NONE', ( #196 ), #643, .F. ) ;
#1004 = LINE ( 'NONE', #406, #1050 ) ;
#1005 = DIRECTION ( 'NONE',  ( 0.000000000000000000, -1.000000000000000000, 0.000000000000000000 ) ) ;
#1006 = CIRCLE ( 'NONE', #626, 0.8500000000000000888 ) ;
#1007 = EDGE_LOOP ( 'NONE', ( #806, #602 ) ) ;
#1008 = CARTESIAN_POINT ( 'NONE',  ( 5.212134050088997661, -3.500000000000000888, -2.965419269619498088 ) ) ;
#1009 = CARTESIAN_POINT ( 'NONE',  ( -8.000000000000000000, 0.000000000000000000, -1.250000000000000000 ) ) ;
#1010 = CYLINDRICAL_SURFACE ( 'NONE', #152, 1.250000000000000222 ) ;
#1011 = CARTESIAN_POINT ( 'NONE',  ( -2.008160179791074196, -3.500000000000000444, -4.959560140149445573 ) ) ;
#1012 = VERTEX_POINT ( 'NONE', #529 ) ;
#1013 = CARTESIAN_POINT ( 'NONE',  ( 0.06378317862562880858, -3.375735931288071701, -5.049597182560645159 ) ) ;
#1014 = VERTEX_POINT ( 'NONE', #964 ) ;
#1015 = DIRECTION ( 'NONE',  ( 0.000000000000000000, 1.000000000000000000, -0.000000000000000000 ) ) ;
#1016 = DIRECTION ( 'NONE',  ( 0.000000000000000000, 1.000000000000000000, 0.000000000000000000 ) ) ;
#1017 = DIRECTION ( 'NONE',  ( 0.000000000000000000, 0.000000000000000000, -1.000000000000000000 ) ) ;
#1018 = ADVANCED_FACE ( 'NONE', ( #1068 ), #310, .F. ) ;
#1019 = EDGE_LOOP ( 'NONE', ( #764, #443, #231, #862 ) ) ;
#1020 = PRODUCT_DEFINITION ( 'Êô', '', #782, #604 ) ;
#1021 = CARTESIAN_POINT ( 'NONE',  ( 3.066135180322123510, -3.499999999999999556, 5.389156177027391692 ) ) ;
#1022 = VERTEX_POINT ( 'NONE', #763 ) ;
#1023 = DIRECTION ( 'NONE',  ( 0.000000000000000000, -1.000000000000000000, 0.000000000000000000 ) ) ;
#1024 = CIRCLE ( 'NONE', #1088, 1.250000000000000222 ) ;
#1025 = CARTESIAN_POINT ( 'NONE',  ( 0.8424180760176676053, -3.500000000000000444, -5.283902869685186410 ) ) ;
#1026 = ORIENTED_EDGE ( 'NONE', *, *, #677, .T. ) ;
#1027 = CARTESIAN_POINT ( 'NONE',  ( 5.173851339248133563, -3.500000000000000444, 0.06535267495384057546 ) ) ;
#1028 = AXIS2_PLACEMENT_3D ( 'NONE', #948, #625, #137 ) ;
#1029 = ORIENTED_EDGE ( 'NONE', *, *, #977, .F. ) ;
#1030 = DIRECTION ( 'NONE',  ( 0.000000000000000000, -1.000000000000000000, 0.000000000000000000 ) ) ;
#1031 = CARTESIAN_POINT ( 'NONE',  ( 0.000000000000000000, -3.200000000000000178, 0.000000000000000000 ) ) ;
#1032 = CARTESIAN_POINT ( 'NONE',  ( -5.302674002965100719, -3.500000000000000444, -0.7149919006781131348 ) ) ;
#1033 = VERTEX_POINT ( 'NONE', #1047 ) ;
#1034 = CARTESIAN_POINT ( 'NONE',  ( -3.096124620023810170, -3.500000000000000888, 5.135568628497743759 ) ) ;
#1035 = CYLINDRICAL_SURFACE ( 'NONE', #559, 1.250000000000000222 ) ;
#1036 = EDGE_CURVE ( 'NONE', #1198, #613, #898, .T. ) ;
#1037 = CARTESIAN_POINT ( 'NONE',  ( -5.152183935278062954, -3.500000000000000888, -1.459494867534276707 ) ) ;
#1038 = EDGE_LOOP ( 'NONE', ( #251, #589 ) ) ;
#1039 = FACE_OUTER_BOUND ( 'NONE', #1258, .T. ) ;
#1040 = DIRECTION ( 'NONE',  ( 8.659560562353646029E-17, 0.7071067811866525998, -0.7071067811864424346 ) ) ;
#1041 = DIRECTION ( 'NONE',  ( 0.000000000000000000, 0.000000000000000000, -1.000000000000000000 ) ) ;
#1042 = FACE_BOUND ( 'NONE', #1038, .T. ) ;
#1043 = PRODUCT_RELATED_PRODUCT_CATEGORY ( 'part', '', ( #972 ) ) ;
#1044 = CARTESIAN_POINT ( 'NONE',  ( 8.000000000000000000, 0.000000000000000000, -1.250000000000000000 ) ) ;
#1045 = AXIS2_PLACEMENT_3D ( 'NONE', #366, #1358, #253 ) ;
#1046 = VERTEX_POINT ( 'NONE', #67 ) ;
#1047 = CARTESIAN_POINT ( 'NONE',  ( 0.000000000000000000, -0.2000000000000000111, -10.25000000000225064 ) ) ;
#1048 = EDGE_LOOP ( 'NONE', ( #1108, #50, #5, #1000 ) ) ;
#1049 = DIRECTION ( 'NONE',  ( 0.9999202341700217378, 0.000000000000000000, 0.01263033243303027763 ) ) ;
#1050 = VECTOR ( 'NONE', #367, 1000.000000000000000 ) ;
#1051 = DIRECTION ( 'NONE',  ( 0.000000000000000000, 0.000000000000000000, 1.000000000000000000 ) ) ;
#1052 = CARTESIAN_POINT ( 'NONE',  ( 5.049815448588110378, -1.500000000000000000, 0.04317331584277288997 ) ) ;
#1053 = ADVANCED_FACE ( 'NONE', ( #73 ), #514, .F. ) ;
#1054 = ORIENTED_EDGE ( 'NONE', *, *, #374, .T. ) ;
#1055 = CARTESIAN_POINT ( 'NONE',  ( 5.656854249492000442, -3.500000000000000000, 5.656854249492000442 ) ) ;
#1056 = EDGE_LOOP ( 'NONE', ( #1125, #642, #516, #480, #1321, #95 ) ) ;
#1057 = DIRECTION ( 'NONE',  ( 0.000000000000000000, 0.000000000000000000, -1.000000000000000000 ) ) ;
#1058 = CARTESIAN_POINT ( 'NONE',  ( -2.795850321493531077, -3.500000000000000444, 4.562241931144116691 ) ) ;
#1059 = CIRCLE ( 'NONE', #772, 0.8500000000000000888 ) ;
#1060 = CARTESIAN_POINT ( 'NONE',  ( -4.963468816966679853, -1.500000000000000000, -10.14280421305173796 ) ) ;
#1061 = AXIS2_PLACEMENT_3D ( 'NONE', #209, #1391, #1294 ) ;
#1062 = ORIENTED_EDGE ( 'NONE', *, *, #1336, .F. ) ;
#1063 = PLANE ( 'NONE',  #55 ) ;
#1064 = ORIENTED_EDGE ( 'NONE', *, *, #1311, .F. ) ;
#1065 = FILL_AREA_STYLE_COLOUR ( '', #1260 ) ;
#1066 = CARTESIAN_POINT ( 'NONE',  ( 0.6151533048820638783, -3.500000000000000000, 5.324492314536788840 ) ) ;
#1067 = VERTEX_POINT ( 'NONE', #1273 ) ;
#1068 = FACE_OUTER_BOUND ( 'NONE', #792, .T. ) ;
#1069 = CIRCLE ( 'NONE', #802, 1.249999999999999334 ) ;
#1070 = ORIENTED_EDGE ( 'NONE', *, *, #437, .F. ) ;
#1071 = LINE ( 'NONE', #1303, #1270 ) ;
#1072 = AXIS2_PLACEMENT_3D ( 'NONE', #990, #789, #546 ) ;
#1073 = EDGE_LOOP ( 'NONE', ( #916, #37, #877, #753 ) ) ;
#1074 = CARTESIAN_POINT ( 'NONE',  ( 5.350000000000000533, -3.500000000000000444, -9.784924606681677517E-16 ) ) ;
#1075 = ORIENTED_EDGE ( 'NONE', *, *, #239, .T. ) ;
#1076 = CARTESIAN_POINT ( 'NONE',  ( -5.349804485137899412, -1.500000000000000000, -0.04573806727897787583 ) ) ;
#1077 = CARTESIAN_POINT ( 'NONE',  ( 4.963468816966675412, -1.324264068711928477, 10.14280421305173974 ) ) ;
#1078 = ADVANCED_FACE ( 'NONE', ( #296, #769, #777, #670, #684, #16, #23, #1190, #1196, #894 ), #223, .F. ) ;
#1079 = CONICAL_SURFACE ( 'NONE', #348, 10.24999999998048672, 0.7853981633972997312 ) ;
#1080 = CARTESIAN_POINT ( 'NONE',  ( -5.349999999999997868, -1.200000000000000178, 10.60920153065004179 ) ) ;
#1081 = CARTESIAN_POINT ( 'NONE',  ( 4.855402793734936218, -3.499999999999999556, -2.249944395175979217 ) ) ;
#1082 = EDGE_LOOP ( 'NONE', ( #987, #821, #438, #534, #75, #564 ) ) ;
#1083 = CARTESIAN_POINT ( 'NONE',  ( 0.000000000000000000, 0.000000000000000000, -8.000000000000000000 ) ) ;
#1084 = CARTESIAN_POINT ( 'NONE',  ( 5.349804485138190735, -1.200000000000000178, 0.04573806724487126940 ) ) ;
#1085 = EDGE_CURVE ( 'NONE', #663, #1242, #1094, .T. ) ;
#1086 = FACE_OUTER_BOUND ( 'NONE', #201, .T. ) ;
#1087 = CARTESIAN_POINT ( 'NONE',  ( 5.041022998494809393, -3.499999999999999112, -1.800092574006080914 ) ) ;
#1088 = AXIS2_PLACEMENT_3D ( 'NONE', #680, #1214, #26 ) ;
#1089 = ORIENTED_EDGE ( 'NONE', *, *, #114, .F. ) ;
#1090 = FACE_OUTER_BOUND ( 'NONE', #24, .T. ) ;
#1091 = FACE_OUTER_BOUND ( 'NONE', #520, .T. ) ;
#1092 = AXIS2_PLACEMENT_3D ( 'NONE', #1367, #1016, #1051 ) ;
#1093 = CARTESIAN_POINT ( 'NONE',  ( 8.000000000000000000, 0.000000000000000000, -1.250000000000000000 ) ) ;
#1094 = LINE ( 'NONE', #541, #610 ) ;
#1095 = EDGE_CURVE ( 'NONE', #1337, #958, #1325, .T. ) ;
#1096 = ORIENTED_EDGE ( 'NONE', *, *, #239, .F. ) ;
#1097 = DIRECTION ( 'NONE',  ( 0.000000000000000000, 0.000000000000000000, 1.000000000000000000 ) ) ;
#1098 = CARTESIAN_POINT ( 'NONE',  ( 3.187449430045480092, -3.500000000000000000, 4.300805745194098861 ) ) ;
#1099 = DIRECTION ( 'NONE',  ( 0.000000000000000000, 0.000000000000000000, 1.000000000000000000 ) ) ;
#1100 = DIRECTION ( 'NONE',  ( 0.000000000000000000, 1.000000000000000000, 0.000000000000000000 ) ) ;
#1101 = AXIS2_PLACEMENT_3D ( 'NONE', #496, #852, #739 ) ;
#1102 = ORIENTED_EDGE ( 'NONE', *, *, #403, .F. ) ;
#1103 = CARTESIAN_POINT ( 'NONE',  ( 0.000000000000000000, 0.000000000000000000, -8.000000000000000000 ) ) ;
#1104 = EDGE_CURVE ( 'NONE', #613, #1233, #1182, .T. ) ;
#1105 = CARTESIAN_POINT ( 'NONE',  ( 5.656854249492000442, 0.000000000000000000, 4.806854249491999909 ) ) ;
#1106 = CARTESIAN_POINT ( 'NONE',  ( -5.656854249492000442, 0.000000000000000000, -4.806854249491999909 ) ) ;
#1107 = DIRECTION ( 'NONE',  ( 0.000000000000000000, -1.000000000000000000, 0.000000000000000000 ) ) ;
#1108 = ORIENTED_EDGE ( 'NONE', *, *, #1346, .F. ) ;
#1109 = DIRECTION ( 'NONE',  ( 0.000000000000000000, -1.000000000000000000, 0.000000000000000000 ) ) ;
#1110 = DIRECTION ( 'NONE',  ( 0.000000000000000000, -1.000000000000000000, 0.000000000000000000 ) ) ;
#1111 = DIRECTION ( 'NONE',  ( 0.000000000000000000, 0.000000000000000000, -1.000000000000000000 ) ) ;
#1112 = CARTESIAN_POINT ( 'NONE',  ( 2.870745385619718260, -3.500000000000000000, -4.515507243115885139 ) ) ;
#1113 = ORIENTED_EDGE ( 'NONE', *, *, #318, .T. ) ;
#1114 = FACE_OUTER_BOUND ( 'NONE', #133, .T. ) ;
#1115 = CARTESIAN_POINT ( 'NONE',  ( 4.636905166573240145, -3.500000000000000444, 2.674775645247241762 ) ) ;
#1116 = CYLINDRICAL_SURFACE ( 'NONE', #179, 6.099999999999999645 ) ;
#1117 = CARTESIAN_POINT ( 'NONE',  ( 5.349999999999999645, -1.200000000000000178, -3.510104533421820605E-16 ) ) ;
#1118 = EDGE_LOOP ( 'NONE', ( #727, #313 ) ) ;
#1119 = CARTESIAN_POINT ( 'NONE',  ( 2.965419269785856127, -3.500000000000000888, 5.212134049994349816 ) ) ;
#1120 = ORIENTED_EDGE ( 'NONE', *, *, #300, .T. ) ;
#1121 = DIRECTION ( 'NONE',  ( 0.000000000000000000, 0.000000000000000000, 1.000000000000000000 ) ) ;
#1122 = CIRCLE ( 'NONE', #561, 10.04999999999901839 ) ;
#1123 = CARTESIAN_POINT ( 'NONE',  ( 5.349805126701258295, -1.200000000000000178, 0.04573807269579176910 ) ) ;
#1124 = CARTESIAN_POINT ( 'NONE',  ( 2.641464626118662729, -3.499999999999999556, -4.653371570911143174 ) ) ;
#1125 = ORIENTED_EDGE ( 'NONE', *, *, #627, .F. ) ;
#1126 = CARTESIAN_POINT ( 'NONE',  ( -5.086960503641595466, -3.375735931288072145, 2.894202366309921004 ) ) ;
#1127 = VERTEX_POINT ( 'NONE', #554 ) ;
#1128 = CARTESIAN_POINT ( 'NONE',  ( -8.000000000000000000, 0.000000000000000000, 0.000000000000000000 ) ) ;
#1129 = DIRECTION ( 'NONE',  ( 0.000000000000000000, 0.000000000000000000, -1.000000000000000000 ) ) ;
#1130 = VECTOR ( 'NONE', #169, 1000.000000000000000 ) ;
#1131 = CARTESIAN_POINT ( 'NONE',  ( -4.881661977762722593, -3.500000000000000000, -2.196433576041072033 ) ) ;
#1132 = EDGE_CURVE ( 'NONE', #319, #883, #973, .T. ) ;
#1133 = ORIENTED_EDGE ( 'NONE', *, *, #1406, .T. ) ;
#1134 = DIRECTION ( 'NONE',  ( 0.000000000000000000, 0.000000000000000000, 1.000000000000000000 ) ) ;
#1135 = CIRCLE ( 'NONE', #671, 6.299999999953342922 ) ;
#1136 = EDGE_LOOP ( 'NONE', ( #458, #267 ) ) ;
#1137 = CARTESIAN_POINT ( 'NONE',  ( 5.656854249492000442, 0.000000000000000000, -5.656854249492000442 ) ) ;
#1138 = DIRECTION ( 'NONE',  ( 0.000000000000000000, 0.000000000000000000, 1.000000000000000000 ) ) ;
#1139 = CARTESIAN_POINT ( 'NONE',  ( -4.984074860496326309, -3.500000000000000000, -1.946673865056991914 ) ) ;
#1140 = ORIENTED_EDGE ( 'NONE', *, *, #1278, .F. ) ;
#1141 = CARTESIAN_POINT ( 'NONE',  ( -5.349573252809616264, -3.500000000000000000, -0.06757227851671002150 ) ) ;
#1142 = DIRECTION ( 'NONE',  ( 0.000000000000000000, -1.000000000000000000, 0.000000000000000000 ) ) ;
#1143 = CIRCLE ( 'NONE', #8, 5.049999999999999822 ) ;
#1144 = CARTESIAN_POINT ( 'NONE',  ( -5.349999999999999645, -3.500000000000000000, -0.02253789281411449491 ) ) ;
#1145 = CYLINDRICAL_SURFACE ( 'NONE', #760, 0.8500000000000000888 ) ;
#1146 = VERTEX_POINT ( 'NONE', #1313 ) ;
#1147 = CARTESIAN_POINT ( 'NONE',  ( 8.000000000000000000, -3.500000000000000000, -1.250000000000000000 ) ) ;
#1148 = VERTEX_POINT ( 'NONE', #875 ) ;
#1149 = DIRECTION ( 'NONE',  ( 0.000000000000000000, 0.000000000000000000, -1.000000000000000000 ) ) ;
#1150 = DIRECTION ( 'NONE',  ( 0.000000000000000000, 0.000000000000000000, 1.000000000000000000 ) ) ;
#1151 = ADVANCED_FACE ( 'NONE', ( #1203 ), #236, .F. ) ;
#1152 = CIRCLE ( 'NONE', #475, 1.249999999999999334 ) ;
#1153 = AXIS2_PLACEMENT_3D ( 'NONE', #508, #1023, #830 ) ;
#1154 = CARTESIAN_POINT ( 'NONE',  ( 7.715274834571187196E-16, -5.684341886080801487E-11, -6.299999999953342922 ) ) ;
#1155 = AXIS2_PLACEMENT_3D ( 'NONE', #618, #847, #1129 ) ;
#1156 = ORIENTED_EDGE ( 'NONE', *, *, #1179, .F. ) ;
#1157 = CARTESIAN_POINT ( 'NONE',  ( -5.656854249492000442, 0.000000000000000000, 6.506854249492000086 ) ) ;
#1158 = VERTEX_POINT ( 'NONE', #991 ) ;
#1159 = DIRECTION ( 'NONE',  ( 0.000000000000000000, -1.000000000000000000, 0.000000000000000000 ) ) ;
#1160 = DIRECTION ( 'NONE',  ( 0.01263033243303015099, 0.000000000000000000, -0.9999202341700217378 ) ) ;
#1161 = EDGE_CURVE ( 'NONE', #834, #249, #818, .T. ) ;
#1162 = FACE_OUTER_BOUND ( 'NONE', #858, .T. ) ;
#1163 = ORIENTED_EDGE ( 'NONE', *, *, #1204, .T. ) ;
#1164 = VERTEX_POINT ( 'NONE', #450 ) ;
#1165 =( NAMED_UNIT ( * ) PLANE_ANGLE_UNIT ( ) SI_UNIT ( $, .RADIAN. ) );
#1166 = CARTESIAN_POINT ( 'NONE',  ( -1.833435861345991125, -3.500000000000001332, 5.026794941469931999 ) ) ;
#1167 = CIRCLE ( 'NONE', #635, 10.25000000000000000 ) ;
#1168 = AXIS2_PLACEMENT_3D ( 'NONE', #785, #1005, #570 ) ;
#1169 = EDGE_LOOP ( 'NONE', ( #1274, #297 ) ) ;
#1170 = CARTESIAN_POINT ( 'NONE',  ( 5.656854249492000442, 0.000000000000000000, 5.656854249492000442 ) ) ;
#1171 = EDGE_CURVE ( 'NONE', #100, #187, #229, .T. ) ;
#1172 = ORIENTED_EDGE ( 'NONE', *, *, #945, .T. ) ;
#1173 = CARTESIAN_POINT ( 'NONE',  ( 0.000000000000000000, -0.2000000000000000111, 0.000000000000000000 ) ) ;
#1174 = CARTESIAN_POINT ( 'NONE',  ( -5.227737843615227753, -3.500000000000000000, 1.138155986982131829 ) ) ;
#1175 = CIRCLE ( 'NONE', #566, 10.24999999998048672 ) ;
#1176 = ORIENTED_EDGE ( 'NONE', *, *, #301, .T. ) ;
#1177 = DIRECTION ( 'NONE',  ( 0.000000000000000000, 0.000000000000000000, 1.000000000000000000 ) ) ;
#1178 = CIRCLE ( 'NONE', #1200, 1.250000000000000000 ) ;
#1179 = EDGE_CURVE ( 'NONE', #1148, #663, #888, .T. ) ;
#1180 = ORIENTED_EDGE ( 'NONE', *, *, #996, .F. ) ;
#1181 = CARTESIAN_POINT ( 'NONE',  ( -5.245369425100742333, -3.500000000000000000, 1.053836976008402981 ) ) ;
#1182 =( BOUNDED_CURVE ( )  B_SPLINE_CURVE ( 3, ( #101, #336, #113, #330 ),
 .UNSPECIFIED., .F., .F. ) 
 B_SPLINE_CURVE_WITH_KNOTS ( ( 4, 4 ),
 ( 0.9972786810594058693, 1.000000000000000000 ),
 .UNSPECIFIED. ) 
 CURVE ( )  GEOMETRIC_REPRESENTATION_ITEM ( )  RATIONAL_B_SPLINE_CURVE ( ( 1.000000000000000000, 0.9999939091665124291, 0.9999939091665124291, 1.000000000000000000 ) ) 
 REPRESENTATION_ITEM ( '' )  );
#1183 = DIRECTION ( 'NONE',  ( -0.000000000000000000, -1.000000000000000000, -0.000000000000000000 ) ) ;
#1184 = DIRECTION ( 'NONE',  ( 0.000000000000000000, -0.000000000000000000, 1.000000000000000000 ) ) ;
#1185 = ORIENTED_EDGE ( 'NONE', *, *, #732, .T. ) ;
#1186 = CARTESIAN_POINT ( 'NONE',  ( 7.470345474803197958E-16, -0.2000000000066393113, -6.100000000003547029 ) ) ;
#1187 = CARTESIAN_POINT ( 'NONE',  ( -5.174074976090270894, -1.200000000000000178, -0.04423567067176482209 ) ) ;
#1188 = VECTOR ( 'NONE', #1380, 1000.000000000000000 ) ;
#1189 = DIRECTION ( 'NONE',  ( 0.9999202341700217378, 0.000000000000000000, 0.01263033243303027763 ) ) ;
#1190 = FACE_BOUND ( 'NONE', #580, .T. ) ;
#1191 = VERTEX_POINT ( 'NONE', #900 ) ;
#1192 = CARTESIAN_POINT ( 'NONE',  ( 8.000000000000000000, 0.000000000000000000, 0.000000000000000000 ) ) ;
#1193 = CARTESIAN_POINT ( 'NONE',  ( -4.276262478322825800, -3.500000000000000000, 3.216394107658598234 ) ) ;
#1194 = EDGE_CURVE ( 'NONE', #993, #922, #1314, .T. ) ;
#1195 = LINE ( 'NONE', #669, #339 ) ;
#1196 = FACE_BOUND ( 'NONE', #1279, .T. ) ;
#1197 = AXIS2_PLACEMENT_3D ( 'NONE', #558, #1015, #694 ) ;
#1198 = VERTEX_POINT ( 'NONE', #1117 ) ;
#1199 = CARTESIAN_POINT ( 'NONE',  ( -5.135568628596567819, -3.500000000000000888, -3.096124619859893734 ) ) ;
#1200 = AXIS2_PLACEMENT_3D ( 'NONE', #373, #582, #825 ) ;
#1201 = CARTESIAN_POINT ( 'NONE',  ( 3.610961517052110992, -3.499999999999999556, 3.951870942262846409 ) ) ;
#1202 = CARTESIAN_POINT ( 'NONE',  ( 0.000000000000000000, -3.200000000000000178, 0.000000000000000000 ) ) ;
#1203 = FACE_OUTER_BOUND ( 'NONE', #1082, .T. ) ;
#1204 = EDGE_CURVE ( 'NONE', #146, #1247, #927, .T. ) ;
#1205 = ORIENTED_EDGE ( 'NONE', *, *, #194, .F. ) ;
#1206 = DIRECTION ( 'NONE',  ( 0.000000000000000000, -1.000000000000000000, 0.000000000000000000 ) ) ;
#1207 = CARTESIAN_POINT ( 'NONE',  ( 0.000000000000000000, 0.1749999999999999889, -10.25000000000000000 ) ) ;
#1208 = DIRECTION ( 'NONE',  ( 0.000000000000000000, 1.000000000000000000, 0.000000000000000000 ) ) ;
#1209 = CARTESIAN_POINT ( 'NONE',  ( 5.199785124357184429, -3.500000000000000444, -1.264218607813081485 ) ) ;
#1210 = VECTOR ( 'NONE', #930, 1000.000000000000114 ) ;
#1211 = EDGE_CURVE ( 'NONE', #210, #746, #525, .T. ) ;
#1212 = ORIENTED_EDGE ( 'NONE', *, *, #1036, .F. ) ;
#1213 = AXIS2_PLACEMENT_3D ( 'NONE', #188, #952, #850 ) ;
#1214 = DIRECTION ( 'NONE',  ( -0.000000000000000000, 1.000000000000000000, -0.000000000000000000 ) ) ;
#1215 = APPLICATION_CONTEXT ( 'automotive_design' ) ;
#1216 = CARTESIAN_POINT ( 'NONE',  ( -5.349858924308345642, -3.500000000000000000, -0.04506200036042611740 ) ) ;
#1217 = CARTESIAN_POINT ( 'NONE',  ( 5.124024683546711145, -3.499999999999999112, -1.555453453677783759 ) ) ;
#1218 = VERTEX_POINT ( 'NONE', #1354 ) ;
#1219 = DIRECTION ( 'NONE',  ( 0.000000000000000000, -1.000000000000000000, 0.000000000000000000 ) ) ;
#1220 = ADVANCED_FACE ( 'NONE', ( #497 ), #312, .T. ) ;
#1221 = CARTESIAN_POINT ( 'NONE',  ( 2.008160179791072864, -3.500000000000000444, 4.959560140149445573 ) ) ;
#1222 = CIRCLE ( 'NONE', #361, 6.100000000003547029 ) ;
#1223 = CARTESIAN_POINT ( 'NONE',  ( 0.000000000000000000, -3.499999999999013678, 0.000000000000000000 ) ) ;
#1224 = CIRCLE ( 'NONE', #1318, 0.8500000000000000888 ) ;
#1225 = CARTESIAN_POINT ( 'NONE',  ( 0.4401229065881924196, -3.500000000000000444, -5.336245965833225746 ) ) ;
#1226 = EDGE_LOOP ( 'NONE', ( #309, #736, #89, #44 ) ) ;
#1227 = CARTESIAN_POINT ( 'NONE',  ( 5.012233861668518031, -3.375735931288072145, 3.021768723563566628 ) ) ;
#1228 = VERTEX_POINT ( 'NONE', #1044 ) ;
#1229 = DIRECTION ( 'NONE',  ( 0.000000000000000000, -1.000000000000000000, 0.000000000000000000 ) ) ;
#1230 = CARTESIAN_POINT ( 'NONE',  ( 5.349999999999999645, -1.200000000000000178, -3.510104533421820605E-16 ) ) ;
#1231 = EDGE_CURVE ( 'NONE', #631, #746, #65, .T. ) ;
#1232 = CARTESIAN_POINT ( 'NONE',  ( 4.109483945064994259, -3.499999999999999112, -3.434276511567368573 ) ) ;
#1233 = VERTEX_POINT ( 'NONE', #949 ) ;
#1234 = CARTESIAN_POINT ( 'NONE',  ( 2.894202366472284016, -3.375735931288072145, 5.086960503549219581 ) ) ;
#1235 = CONICAL_SURFACE ( 'NONE', #926, 10.25000000000112621, 0.7853981633973005083 ) ;
#1236 = CARTESIAN_POINT ( 'NONE',  ( 8.000000000000000000, 0.000000000000000000, 0.000000000000000000 ) ) ;
#1237 = AXIS2_PLACEMENT_3D ( 'NONE', #1307, #1107, #1320 ) ;
#1238 = DIRECTION ( 'NONE',  ( -0.000000000000000000, 1.000000000000000000, -0.000000000000000000 ) ) ;
#1239 = CARTESIAN_POINT ( 'NONE',  ( -4.238975539123707392, -3.500000000000000888, -3.284642387481764736 ) ) ;
#1240 = ORIENTED_EDGE ( 'NONE', *, *, #962, .F. ) ;
#1241 = LINE ( 'NONE', #1343, #98 ) ;
#1242 = VERTEX_POINT ( 'NONE', #1154 ) ;
#1243 = DIRECTION ( 'NONE',  ( 0.000000000000000000, 0.7071067811866525998, 0.7071067811864424346 ) ) ;
#1244 = CYLINDRICAL_SURFACE ( 'NONE', #647, 1.250000000000000000 ) ;
#1245 = APPLICATION_CONTEXT ( 'automotive_design' ) ;
#1246 = CARTESIAN_POINT ( 'NONE',  ( 1.670835243911543921, -3.500000000000000000, -5.083185940152355364 ) ) ;
#1247 = VERTEX_POINT ( 'NONE', #504 ) ;
#1248 = CARTESIAN_POINT ( 'NONE',  ( 5.049597182562680864, -3.375735931288071701, 0.06378317846445981376 ) ) ;
#1249 = VECTOR ( 'NONE', #1339, 1000.000000000000000 ) ;
#1250 = VERTEX_POINT ( 'NONE', #519 ) ;
#1251 = CARTESIAN_POINT ( 'NONE',  ( 5.656854249492000442, 0.000000000000000000, 5.656854249492000442 ) ) ;
#1252 =( NAMED_UNIT ( * ) SI_UNIT ( $, .STERADIAN. ) SOLID_ANGLE_UNIT ( ) );
#1253 = DIRECTION ( 'NONE',  ( -0.000000000000000000, 1.000000000000000000, -0.000000000000000000 ) ) ;
#1254 = CARTESIAN_POINT ( 'NONE',  ( 5.136162080274205621, -1.324264068711928921, -10.05645758139784007 ) ) ;
#1255 = EDGE_LOOP ( 'NONE', ( #410, #1054 ) ) ;
#1256 = DIRECTION ( 'NONE',  ( -0.000000000000000000, -1.000000000000000000, 0.000000000000000000 ) ) ;
#1257 = ADVANCED_FACE ( 'NONE', ( #1162 ), #1145, .F. ) ;
#1258 = EDGE_LOOP ( 'NONE', ( #843, #981, #237, #1163, #195, #1372 ) ) ;
#1259 = DIRECTION ( 'NONE',  ( 0.000000000000000000, 1.000000000000000000, 0.000000000000000000 ) ) ;
#1260 = COLOUR_RGB ( '',0.7921568627450980005, 0.8196078431372548767, 0.9333333333333333481 ) ;
#1261 = DIRECTION ( 'NONE',  ( 0.000000000000000000, 0.000000000000000000, 1.000000000000000000 ) ) ;
#1262 = DIRECTION ( 'NONE',  ( 0.000000000000000000, -1.000000000000000000, 0.000000000000000000 ) ) ;
#1263 = ORIENTED_EDGE ( 'NONE', *, *, #64, .F. ) ;
#1264 = DIRECTION ( 'NONE',  ( 0.000000000000000000, 1.000000000000000000, 0.000000000000000000 ) ) ;
#1265 = EDGE_LOOP ( 'NONE', ( #381, #1205, #493, #394, #960, #1355 ) ) ;
#1266 = SURFACE_STYLE_FILL_AREA ( #183 ) ;
#1267 = EDGE_CURVE ( 'NONE', #663, #958, #1222, .T. ) ;
#1268 = VECTOR ( 'NONE', #1040, 1000.000000000000000 ) ;
#1269 = CARTESIAN_POINT ( 'NONE',  ( 0.000000000000000000, 1.151856388048599911E-12, -10.05000000000115712 ) ) ;
#1270 = VECTOR ( 'NONE', #308, 1000.000000000000000 ) ;
#1271 = DIRECTION ( 'NONE',  ( 0.000000000000000000, 1.000000000000000000, 0.000000000000000000 ) ) ;
#1272 = ORIENTED_EDGE ( 'NONE', *, *, #246, .F. ) ;
#1273 = CARTESIAN_POINT ( 'NONE',  ( 5.656854249492000442, 0.000000000000000000, 4.806854249491999909 ) ) ;
#1274 = ORIENTED_EDGE ( 'NONE', *, *, #437, .T. ) ;
#1275 = DIRECTION ( 'NONE',  ( 0.000000000000000000, 0.000000000000000000, -1.000000000000000000 ) ) ;
#1276 = CIRCLE ( 'NONE', #365, 1.250000000000000000 ) ;
#1277 = CARTESIAN_POINT ( 'NONE',  ( -0.4401229065881922531, -3.500000000000000000, 5.336245965833223970 ) ) ;
#1278 = EDGE_CURVE ( 'NONE', #1046, #1164, #407, .T. ) ;
#1279 = EDGE_LOOP ( 'NONE', ( #17, #700 ) ) ;
#1280 = DIRECTION ( 'NONE',  ( -0.000000000000000000, -1.000000000000000000, -0.000000000000000000 ) ) ;
#1281 = ORIENTED_EDGE ( 'NONE', *, *, #29, .F. ) ;
#1282 = PRESENTATION_STYLE_ASSIGNMENT (( #290 ) ) ;
#1283 = CARTESIAN_POINT ( 'NONE',  ( -5.136162080274207398, -1.500000000000000000, 10.05645758139783830 ) ) ;
#1284 = AXIS2_PLACEMENT_3D ( 'NONE', #1076, #1393, #866 ) ;
#1285 =( BOUNDED_CURVE ( )  B_SPLINE_CURVE ( 3, ( #1123, #940, #151, #1230 ),
 .UNSPECIFIED., .F., .T. ) 
 B_SPLINE_CURVE_WITH_KNOTS ( ( 4, 4 ),
 ( 0.9972786810594057583, 1.000000000000000000 ),
 .UNSPECIFIED. ) 
 CURVE ( )  GEOMETRIC_REPRESENTATION_ITEM ( )  RATIONAL_B_SPLINE_CURVE ( ( 1.000000000000000000, 0.9999939091665124291, 0.9999939091665124291, 1.000000000000000000 ) ) 
 REPRESENTATION_ITEM ( '' )  );
#1286 = AXIS2_PLACEMENT_3D ( 'NONE', #1055, #869, #637 ) ;
#1287 = EDGE_CURVE ( 'NONE', #100, #1218, #621, .T. ) ;
#1288 = ORIENTED_EDGE ( 'NONE', *, *, #533, .T. ) ;
#1289 = CARTESIAN_POINT ( 'NONE',  ( 5.350000000000000533, -3.500000000000000444, -9.784924606681677517E-16 ) ) ;
#1290 = ORIENTED_EDGE ( 'NONE', *, *, #953, .T. ) ;
#1291 = CARTESIAN_POINT ( 'NONE',  ( 5.656854249492000442, 0.000000000000000000, -5.656854249492000442 ) ) ;
#1292 = CARTESIAN_POINT ( 'NONE',  ( 5.049815448588384825, -1.500000000000000000, 0.04317331581057942680 ) ) ;
#1293 = CARTESIAN_POINT ( 'NONE',  ( 0.000000000000000000, -1.500000000000000000, -5.049999999999999822 ) ) ;
#1294 = DIRECTION ( 'NONE',  ( 0.000000000000000000, 0.000000000000000000, 1.000000000000000000 ) ) ;
#1295 = AXIS2_PLACEMENT_3D ( 'NONE', #489, #912, #1138 ) ;
#1296 = ORIENTED_EDGE ( 'NONE', *, *, #968, .F. ) ;
#1297 = DIRECTION ( 'NONE',  ( 0.000000000000000000, -1.000000000000000000, 0.000000000000000000 ) ) ;
#1298 = CARTESIAN_POINT ( 'NONE',  ( -0.1967962690046244356, -3.500000000000000000, 5.348855600389872400 ) ) ;
#1299 = FACE_OUTER_BOUND ( 'NONE', #770, .T. ) ;
#1300 = DIRECTION ( 'NONE',  ( 0.000000000000000000, 0.000000000000000000, -1.000000000000000000 ) ) ;
#1301 = EDGE_LOOP ( 'NONE', ( #1370, #1377, #712, #495 ) ) ;
#1302 = CARTESIAN_POINT ( 'NONE',  ( -5.349573252813930146, -3.500000000000000000, -0.06757227817521571644 ) ) ;
#1303 = CARTESIAN_POINT ( 'NONE',  ( -5.656854249492000442, 0.000000000000000000, -6.506854249492000086 ) ) ;
#1304 = AXIS2_PLACEMENT_3D ( 'NONE', #1103, #1219, #109 ) ;
#1305 = CIRCLE ( 'NONE', #885, 0.8500000000000000888 ) ;
#1306 = CYLINDRICAL_SURFACE ( 'NONE', #527, 0.8500000000000000888 ) ;
#1307 = CARTESIAN_POINT ( 'NONE',  ( 0.000000000000000000, 0.000000000000000000, 0.000000000000000000 ) ) ;
#1308 = ORIENTED_EDGE ( 'NONE', *, *, #1104, .F. ) ;
#1309 = DIRECTION ( 'NONE',  ( 0.000000000000000000, 1.000000000000000000, 0.000000000000000000 ) ) ;
#1310 = CARTESIAN_POINT ( 'NONE',  ( 4.805400513462528167, -3.500000000000000000, 2.358704579478063224 ) ) ;
#1311 = EDGE_CURVE ( 'NONE', #464, #931, #1178, .T. ) ;
#1312 = CARTESIAN_POINT ( 'NONE',  ( 5.049597182558609454, -3.200000000000000178, 0.06378317878680289654 ) ) ;
#1313 = CARTESIAN_POINT ( 'NONE',  ( -5.656854249492000442, -3.500000000000000000, 4.806854249491999909 ) ) ;
#1314 = B_SPLINE_CURVE_WITH_KNOTS ( 'NONE', 3,
 ( #563, #120, #343, #4, #999, #790, #1209, #1217, #1087, #442, #979, #656, #1081, #323, #107, #547, #881, #477, #1232, #368, #270, #915, #1112, #1347, #1124, #1341, #385, #242, #812, #1246, #145, #159, #593, #1025, #468, #1225, #376, #827, #255, #357, #132, #43, #705, #934, #1011, #820, #585, #483, #804, #248, #393, #609, #921, #906, #1239, #28, #262, #710, #1131, #1139, #153, #1332, #1037, #601, #697, #718, #1032, #57, #49, #490 ),
 .UNSPECIFIED., .F., .F.,
 ( 4, 2, 2, 1, 1, 2, 2, 1, 1, 2, 2, 1, 2, 2, 2, 1, 2, 2, 1, 2, 2, 1, 2, 2, 2, 1, 2, 2, 1, 2, 2, 2, 2, 2, 2, 2, 1, 2, 2, 1, 4 ),
 ( 0.000000000000000000, 0.06223110579337293863, 0.07000999401754454121, 0.07778888224171612298, 0.09334665869005930039, 0.1244622115867457107, 0.1322410998109173896, 0.1400199880350890824, 0.1555777644834324402, 0.1866933173801192669, 0.2022510938284626247, 0.2178088702768059548, 0.2489244231734927537, 0.3111555289668664348, 0.3267133054152099314, 0.3422710818635533725, 0.3733866347602401992, 0.3889444112085835847, 0.4045021876569270258, 0.4356177405536136860, 0.4511755170019570715, 0.4667332934503004016, 0.4978488463469871728, 0.5600799521403606596, 0.5756377285887039896, 0.5911955050370473197, 0.6223110579337340909, 0.6378688343820775319, 0.6534266108304208620, 0.6845421637271075221, 0.7156577166237942933, 0.7467732695204809534, 0.8090043753138546068, 0.8401199282105414889, 0.8712354811072282601, 0.8867932575555718122, 0.9023510340039152533, 0.9334665869006022465, 0.9490243633489457986, 0.9645821397972892397, 0.9956976926939763439 ),
 .UNSPECIFIED. ) ;
#1315 = ORIENTED_EDGE ( 'NONE', *, *, #1161, .F. ) ;
#1316 = CARTESIAN_POINT ( 'NONE',  ( 5.049597182558610342, -3.200000000000000178, 0.06378317878680167530 ) ) ;
#1317 = CARTESIAN_POINT ( 'NONE',  ( -5.656854249492000442, -3.500000000000000000, 6.506854249492000086 ) ) ;
#1318 = AXIS2_PLACEMENT_3D ( 'NONE', #880, #569, #540 ) ;
#1319 = DIRECTION ( 'NONE',  ( 0.000000000000000000, 1.000000000000000000, 0.000000000000000000 ) ) ;
#1320 = DIRECTION ( 'NONE',  ( 0.000000000000000000, -0.000000000000000000, -1.000000000000000000 ) ) ;
#1321 = ORIENTED_EDGE ( 'NONE', *, *, #194, .T. ) ;
#1322 = FACE_OUTER_BOUND ( 'NONE', #619, .T. ) ;
#1323 = DIRECTION ( 'NONE',  ( 0.000000000000000000, -1.000000000000000000, 0.000000000000000000 ) ) ;
#1324 = DIRECTION ( 'NONE',  ( -0.9999202341700216268, 0.000000000000000000, -0.01263033243303011109 ) ) ;
#1325 = LINE ( 'NONE', #985, #165 ) ;
#1326 = ADVANCED_FACE ( 'NONE', ( #474 ), #1244, .F. ) ;
#1327 = PRESENTATION_LAYER_ASSIGNMENT (  '', '', ( #817 ) ) ;
#1328 = EDGE_LOOP ( 'NONE', ( #706, #889 ) ) ;
#1329 = DIRECTION ( 'NONE',  ( 0.000000000000000000, 0.000000000000000000, -1.000000000000000000 ) ) ;
#1330 = DIRECTION ( 'NONE',  ( 0.000000000000000000, 0.000000000000000000, 1.000000000000000000 ) ) ;
#1331 = CARTESIAN_POINT ( 'NONE',  ( -5.349573252809616264, -3.200000000000000178, -0.06757227851671131214 ) ) ;
#1332 = CARTESIAN_POINT ( 'NONE',  ( -5.071927564397189059, -3.500000000000000000, -1.704689787525322187 ) ) ;
#1333 = EDGE_LOOP ( 'NONE', ( #1156, #486, #828, #895 ) ) ;
#1334 = CARTESIAN_POINT ( 'NONE',  ( -0.06535267511897707715, -3.500000000000000444, 5.173851339246046344 ) ) ;
#1335 = VECTOR ( 'NONE', #473, 1000.000000000000000 ) ;
#1336 = EDGE_CURVE ( 'NONE', #1146, #331, #266, .T. ) ;
#1337 = VERTEX_POINT ( 'NONE', #502 ) ;
#1338 = CARTESIAN_POINT ( 'NONE',  ( -8.000000000000000000, 0.000000000000000000, -1.250000000000000000 ) ) ;
#1339 = DIRECTION ( 'NONE',  ( 0.000000000000000000, 1.000000000000000000, 0.000000000000000000 ) ) ;
#1340 = CONICAL_SURFACE ( 'NONE', #649, 10.24999999998048672, 0.7853981633972997312 ) ;
#1341 = CARTESIAN_POINT ( 'NONE',  ( 2.406709480142402047, -3.499999999999999556, -4.784076373703153529 ) ) ;
#1342 = ORIENTED_EDGE ( 'NONE', *, *, #351, .T. ) ;
#1343 = CARTESIAN_POINT ( 'NONE',  ( 1.255262969126175094E-15, -0.1999999999988766874, 10.25000000000112621 ) ) ;
#1344 = ORIENTED_EDGE ( 'NONE', *, *, #83, .F. ) ;
#1345 = DIRECTION ( 'NONE',  ( 0.000000000000000000, 1.000000000000000000, 0.000000000000000000 ) ) ;
#1346 = EDGE_CURVE ( 'NONE', #631, #423, #1069, .T. ) ;
#1347 = CARTESIAN_POINT ( 'NONE',  ( 2.795850321493531077, -3.500000000000000444, -4.562241931144116691 ) ) ;
#1348 = ORIENTED_EDGE ( 'NONE', *, *, #36, .F. ) ;
#1349 = LINE ( 'NONE', #807, #969 ) ;
#1350 = AXIS2_PLACEMENT_3D ( 'NONE', #1291, #96, #314 ) ;
#1351 = VERTEX_POINT ( 'NONE', #600 ) ;
#1352 = CARTESIAN_POINT ( 'NONE',  ( -5.656854249492000442, 0.000000000000000000, 5.656854249492000442 ) ) ;
#1353 = AXIS2_PLACEMENT_3D ( 'NONE', #10, #350, #1300 ) ;
#1354 = CARTESIAN_POINT ( 'NONE',  ( -5.049815448588110378, -1.500000000000000000, -0.04317331584277351447 ) ) ;
#1355 = ORIENTED_EDGE ( 'NONE', *, *, #594, .F. ) ;
#1356 = ORIENTED_EDGE ( 'NONE', *, *, #263, .F. ) ;
#1357 = DIRECTION ( 'NONE',  ( 0.000000000000000000, 1.000000000000000000, -0.000000000000000000 ) ) ;
#1358 = DIRECTION ( 'NONE',  ( 0.000000000000000000, -1.000000000000000000, 0.000000000000000000 ) ) ;
#1359 = VECTOR ( 'NONE', #1262, 1000.000000000000000 ) ;
#1360 = CARTESIAN_POINT ( 'NONE',  ( 0.000000000000000000, -3.500000000000000000, -8.000000000000000000 ) ) ;
#1361 = EDGE_CURVE ( 'NONE', #1046, #798, #668, .T. ) ;
#1362 = ORIENTED_EDGE ( 'NONE', *, *, #1361, .F. ) ;
#1363 = CARTESIAN_POINT ( 'NONE',  ( -0.06378317862563041840, -3.200000000000000178, 5.049597182560646047 ) ) ;
#1364 = ORIENTED_EDGE ( 'NONE', *, *, #933, .T. ) ;
#1365 = LINE ( 'NONE', #260, #853 ) ;
#1366 = CARTESIAN_POINT ( 'NONE',  ( 0.000000000000000000, -5.684341886080801487E-11, 6.299999999953342922 ) ) ;
#1367 = CARTESIAN_POINT ( 'NONE',  ( 0.000000000000000000, -1.199999999999999956, 0.000000000000000000 ) ) ;
#1368 = CARTESIAN_POINT ( 'NONE',  ( 5.349804485137899412, -1.200000000000000178, 0.04573806727897721663 ) ) ;
#1369 = EDGE_CURVE ( 'NONE', #146, #530, #935, .T. ) ;
#1370 = ORIENTED_EDGE ( 'NONE', *, *, #351, .F. ) ;
#1371 = CARTESIAN_POINT ( 'NONE',  ( -5.259104602330109124, -1.200000000000000178, -10.65455188638628314 ) ) ;
#1372 = ORIENTED_EDGE ( 'NONE', *, *, #230, .F. ) ;
#1373 = CARTESIAN_POINT ( 'NONE',  ( 0.000000000000000000, -3.300000000017486723, 0.000000000000000000 ) ) ;
#1374 = VECTOR ( 'NONE', #1297, 1000.000000000000000 ) ;
#1375 = CARTESIAN_POINT ( 'NONE',  ( 0.000000000000000000, -3.500000000000000000, -9.250000000000000000 ) ) ;
#1376 = DIRECTION ( 'NONE',  ( 0.000000000000000000, 0.000000000000000000, -1.000000000000000000 ) ) ;
#1377 = ORIENTED_EDGE ( 'NONE', *, *, #1179, .T. ) ;
#1378 = CARTESIAN_POINT ( 'NONE',  ( -5.349575012869483892, -3.500000000000000000, -0.06757230040707529195 ) ) ;
#1379 = ORIENTED_EDGE ( 'NONE', *, *, #811, .T. ) ;
#1380 = DIRECTION ( 'NONE',  ( 0.000000000000000000, -1.000000000000000000, 0.000000000000000000 ) ) ;
#1381 = AXIS2_PLACEMENT_3D ( 'NONE', #372, #1345, #723 ) ;
#1382 = CARTESIAN_POINT ( 'NONE',  ( -2.641464626118663173, -3.500000000000000444, 4.653371570911143174 ) ) ;
#1383 = AXIS2_PLACEMENT_3D ( 'NONE', #1223, #467, #1150 ) ;
#1384 = ORIENTED_EDGE ( 'NONE', *, *, #1278, .T. ) ;
#1385 = CARTESIAN_POINT ( 'NONE',  ( 5.349575012869483892, -3.500000000000000000, 0.06757230040707908059 ) ) ;
#1386 = PRODUCT_DEFINITION_SHAPE ( 'NONE', 'NONE',  #1020 ) ;
#1387 = EDGE_LOOP ( 'NONE', ( #345, #432 ) ) ;
#1388 = LINE ( 'NONE', #537, #1188 ) ;
#1389 = CARTESIAN_POINT ( 'NONE',  ( -2.162424525424266886, -3.500000000000000000, 4.896812205919565564 ) ) ;
#1390 = ORIENTED_EDGE ( 'NONE', *, *, #362, .T. ) ;
#1391 = DIRECTION ( 'NONE',  ( 0.000000000000000000, 1.000000000000000000, 0.000000000000000000 ) ) ;
#1392 = ORIENTED_EDGE ( 'NONE', *, *, #511, .T. ) ;
#1393 = DIRECTION ( 'NONE',  ( 0.008549171454014556359, 0.000000000000000000, -0.9999634551659625226 ) ) ;
#1394 = CARTESIAN_POINT ( 'NONE',  ( -5.262546317434364518, -1.200000000000000178, 10.30391428157475175 ) ) ;
#1395 = VECTOR ( 'NONE', #994, 1000.000000000000000 ) ;
#1396 = CIRCLE ( 'NONE', #682, 0.8500000000000000888 ) ;
#1397 = EDGE_CURVE ( 'NONE', #1022, #1198, #1285, .T. ) ;
#1398 = DIRECTION ( 'NONE',  ( 0.000000000000000000, -1.000000000000000000, 0.000000000000000000 ) ) ;
#1399 = DIRECTION ( 'NONE',  ( 0.000000000000000000, 0.000000000000000000, 1.000000000000000000 ) ) ;
#1400 = VERTEX_POINT ( 'NONE', #1366 ) ;
#1401 = DIRECTION ( 'NONE',  ( -0.000000000000000000, 1.000000000000000000, -0.000000000000000000 ) ) ;
#1402 = CARTESIAN_POINT ( 'NONE',  ( -5.349804485137899412, -1.200000000000000178, -0.04573806727897745950 ) ) ;
#1403 = VECTOR ( 'NONE', #1243, 1000.000000000000000 ) ;
#1404 = CARTESIAN_POINT ( 'NONE',  ( -5.656854249492000442, -3.500000000000000000, -5.656854249492000442 ) ) ;
#1405 = DIRECTION ( 'NONE',  ( -0.000000000000000000, 1.000000000000000000, -0.000000000000000000 ) ) ;
#1406 = EDGE_CURVE ( 'NONE', #87, #650, #689, .T. ) ;
#1407 = AXIS2_PLACEMENT_3D ( 'NONE', #1360, #577, #1017 ) ;
#1408 = EDGE_LOOP ( 'NONE', ( #304, #182, #929, #528 ) ) ;
#1409 = DIRECTION ( 'NONE',  ( 0.000000000000000000, 0.000000000000000000, 1.000000000000000000 ) ) ;
ENDSEC;
END-ISO-10303-21;
