ISO-10303-21;
HEADER;
FILE_DESCRIPTION (( 'STEP AP214' ),
    '1' );
FILE_NAME ('M_DC11_A01_HORN.STEP',
    '2026-08-29T22:11:46',
    ( '' ),
    ( '' ),
    'SwSTEP 2.0',
    'SolidWorks 2023',
    '' );
FILE_SCHEMA (( 'AUTOMOTIVE_DESIGN' ));
ENDSEC;

DATA;
#1 = DIRECTION ( 'NONE',  ( 0.000000000000000000, 1.000000000000000000, -0.000000000000000000 ) ) ;
#2 = FACE_OUTER_BOUND ( 'NONE', #4544, .T. ) ;
#3 = ORIENTED_EDGE ( 'NONE', *, *, #4302, .F. ) ;
#4 = EDGE_LOOP ( 'NONE', ( #4803, #4130, #4658, #2563 ) ) ;
#5 = CIRCLE ( 'NONE', #365, 2.649999999999999911 ) ;
#6 = CARTESIAN_POINT ( 'NONE',  ( 10.04689006608636781, 1.210748760529546081E-12, -0.2500000000000000000 ) ) ;
#7 = DIRECTION ( 'NONE',  ( 0.000000000000000000, 1.000000000000000000, 0.000000000000000000 ) ) ;
#8 = CARTESIAN_POINT ( 'NONE',  ( -3.580681656734000243E-07, 5.400000000000000355, 1.524477637742000022E-07 ) ) ;
#9 = AXIS2_PLACEMENT_3D ( 'NONE', #1843, #1476, #4079 ) ;
#10 = ORIENTED_EDGE ( 'NONE', *, *, #2406, .T. ) ;
#11 = EDGE_CURVE ( 'NONE', #3971, #5294, #3119, .T. ) ;
#12 = EDGE_LOOP ( 'NONE', ( #2935, #172, #1669, #5375 ) ) ;
#13 = CIRCLE ( 'NONE', #2535, 1.250000000000000222 ) ;
#14 = ORIENTED_EDGE ( 'NONE', *, *, #5087, .T. ) ;
#15 =( NAMED_UNIT ( * ) SI_UNIT ( $, .STERADIAN. ) SOLID_ANGLE_UNIT ( ) );
#16 = DIRECTION ( 'NONE',  ( 0.000000000000000000, 0.000000000000000000, -1.000000000000000000 ) ) ;
#17 = CARTESIAN_POINT ( 'NONE',  ( 1.753721212832161536, 0.09605189444117727404, 2.314610563004421362 ) ) ;
#18 = EDGE_CURVE ( 'NONE', #5362, #5488, #1930, .T. ) ;
#19 = CARTESIAN_POINT ( 'NONE',  ( -2.627422110968943958, 0.3499999999946633022, -0.3451855309589487164 ) ) ;
#20 = ORIENTED_EDGE ( 'NONE', *, *, #2638, .T. ) ;
#21 = DIRECTION ( 'NONE',  ( -0.000000000000000000, 1.000000000000000000, -0.000000000000000000 ) ) ;
#22 = PLANE ( 'NONE',  #2576 ) ;
#23 = DIRECTION ( 'NONE',  ( 0.000000000000000000, 0.000000000000000000, -1.000000000000000000 ) ) ;
#24 = CARTESIAN_POINT ( 'NONE',  ( -10.03914389319885814, 0.06666151868358517751, 1.250000000000000000 ) ) ;
#25 = ORIENTED_EDGE ( 'NONE', *, *, #18, .T. ) ;
#26 = EDGE_CURVE ( 'NONE', #3692, #650, #1499, .T. ) ;
#27 = LINE ( 'NONE', #1352, #5145 ) ;
#28 = DIRECTION ( 'NONE',  ( 0.000000000000000000, -1.000000000000000000, 0.000000000000000000 ) ) ;
#29 = CARTESIAN_POINT ( 'NONE',  ( -10.94999999999999929, 0.000000000000000000, -0.7500000000000000000 ) ) ;
#30 = ADVANCED_FACE ( 'NONE', ( #5107 ), #452, .F. ) ;
#31 = ORIENTED_EDGE ( 'NONE', *, *, #226, .F. ) ;
#32 = ORIENTED_EDGE ( 'NONE', *, *, #1394, .T. ) ;
#33 = DIRECTION ( 'NONE',  ( -0.000000000000000000, -1.000000000000000000, 0.000000000000000000 ) ) ;
#34 = CARTESIAN_POINT ( 'NONE',  ( 5.656854249492000442, 3.500000000000000000, 5.656854249492000442 ) ) ;
#35 = AXIS2_PLACEMENT_3D ( 'NONE', #2620, #3471, #4415 ) ;
#36 = DIRECTION ( 'NONE',  ( 0.000000000000000000, 0.000000000000000000, -1.000000000000000000 ) ) ;
#37 = CARTESIAN_POINT ( 'NONE',  ( -3.580681656734000243E-07, 4.910000389202195947, 1.524477638310123284E-07 ) ) ;
#38 = CARTESIAN_POINT ( 'NONE',  ( -1.644664282159000068, 3.500000000000000000, -2.381868524081000249 ) ) ;
#39 = VERTEX_POINT ( 'NONE', #863 ) ;
#40 = ORIENTED_EDGE ( 'NONE', *, *, #2266, .T. ) ;
#41 = ORIENTED_EDGE ( 'NONE', *, *, #5553, .F. ) ;
#42 = CARTESIAN_POINT ( 'NONE',  ( 1.658581592255000237, 0.000000000000000000, -2.382841717206999554 ) ) ;
#43 = CARTESIAN_POINT ( 'NONE',  ( 0.000000000000000000, 3.500000000000000000, 0.000000000000000000 ) ) ;
#44 = CARTESIAN_POINT ( 'NONE',  ( -0.9367241492484784660, 0.08512501714691331212, -2.760272472973608782 ) ) ;
#45 = DIRECTION ( 'NONE',  ( 0.000000000000000000, -1.000000000000000000, 0.000000000000000000 ) ) ;
#46 = ORIENTED_EDGE ( 'NONE', *, *, #1680, .F. ) ;
#47 = EDGE_CURVE ( 'NONE', #404, #5472, #1666, .T. ) ;
#48 = DIRECTION ( 'NONE',  ( 0.000000000000000000, 0.000000000000000000, -1.000000000000000000 ) ) ;
#49 = CARTESIAN_POINT ( 'NONE',  ( -2.662614440470878474, 0.2724669240243852708, 0.6007391076327900370 ) ) ;
#50 = CARTESIAN_POINT ( 'NONE',  ( 2.922133607369279851, 0.07787957361617310614, 0.002763188262069791405 ) ) ;
#51 = PLANE ( 'NONE',  #1331 ) ;
#52 = ORIENTED_EDGE ( 'NONE', *, *, #3127, .T. ) ;
#53 = DIRECTION ( 'NONE',  ( 0.4383711467890826219, 0.000000000000000000, 0.8987940462991643731 ) ) ;
#54 = ADVANCED_FACE ( 'NONE', ( #3365 ), #2399, .F. ) ;
#55 = UNCERTAINTY_MEASURE_WITH_UNIT (LENGTH_MEASURE( 1.000000000000000082E-05 ), #5179, 'distance_accuracy_value', 'NONE');
#56 = DIRECTION ( 'NONE',  ( 0.000000000000000000, -1.000000000000000000, 0.000000000000000000 ) ) ;
#57 = FACE_OUTER_BOUND ( 'NONE', #2287, .T. ) ;
#58 = CIRCLE ( 'NONE', #3213, 1.250000000000000222 ) ;
#59 = VECTOR ( 'NONE', #5201, 1000.000000000000000 ) ;
#60 = ORIENTED_EDGE ( 'NONE', *, *, #4900, .F. ) ;
#61 = ORIENTED_EDGE ( 'NONE', *, *, #2439, .T. ) ;
#62 = CARTESIAN_POINT ( 'NONE',  ( 1.658581592255000237, 0.000000000000000000, -2.282841717206999910 ) ) ;
#63 = DIRECTION ( 'NONE',  ( -0.000000000000000000, 1.000000000000000000, -0.000000000000000000 ) ) ;
#64 = AXIS2_PLACEMENT_3D ( 'NONE', #4515, #1879, #1052 ) ;
#65 = ADVANCED_FACE ( 'NONE', ( #1724 ), #3446, .F. ) ;
#66 = CARTESIAN_POINT ( 'NONE',  ( -2.381868524080120064, 0.1054847958469097846, -1.644664282152496826 ) ) ;
#67 = DIRECTION ( 'NONE',  ( 0.8829475928589172185, 0.000000000000000000, 0.4694715627859091245 ) ) ;
#68 = CARTESIAN_POINT ( 'NONE',  ( -2.750000000000000000, 2.999999999985902832, 4.513139720756953466 ) ) ;
#69 = VERTEX_POINT ( 'NONE', #2962 ) ;
#70 = ORIENTED_EDGE ( 'NONE', *, *, #1077, .F. ) ;
#71 = AXIS2_PLACEMENT_3D ( 'NONE', #783, #2512, #861 ) ;
#72 = CIRCLE ( 'NONE', #4772, 2.649999999999999911 ) ;
#73 = ORIENTED_EDGE ( 'NONE', *, *, #2922, .T. ) ;
#74 = LINE ( 'NONE', #42, #3233 ) ;
#75 = DIRECTION ( 'NONE',  ( 0.000000000000000000, 1.000000000000000000, 0.000000000000000000 ) ) ;
#76 = AXIS2_PLACEMENT_3D ( 'NONE', #4789, #4847, #3994 ) ;
#77 = CARTESIAN_POINT ( 'NONE',  ( -0.8820786726387384036, 0.08043333791908209573, -2.783128942310772569 ) ) ;
#78 = CIRCLE ( 'NONE', #257, 10.25000000000000000 ) ;
#79 = CIRCLE ( 'NONE', #3778, 2.649999999999999911 ) ;
#80 = CIRCLE ( 'NONE', #527, 0.09999999999999982514 ) ;
#81 = CARTESIAN_POINT ( 'NONE',  ( 11.26278202608999912, 3.500000000000000000, -0.2500000000000000000 ) ) ;
#82 = EDGE_LOOP ( 'NONE', ( #1517, #2868, #3592, #1491 ) ) ;
#83 = DIRECTION ( 'NONE',  ( -0.000000000000000000, -1.000000000000000000, -0.000000000000000000 ) ) ;
#84 = CARTESIAN_POINT ( 'NONE',  ( -0.3451855309568793162, 3.500000000000000000, 2.627422110970942359 ) ) ;
#85 = LINE ( 'NONE', #582, #3499 ) ;
#86 = ORIENTED_EDGE ( 'NONE', *, *, #5312, .F. ) ;
#87 = EDGE_CURVE ( 'NONE', #2515, #981, #2413, .T. ) ;
#88 = B_SPLINE_CURVE_WITH_KNOTS ( 'NONE', 3,
 ( #4749, #4192, #5533, #1129 ),
 .UNSPECIFIED., .F., .F.,
 ( 4, 4 ),
 ( 4.053039610437414849E-15, 0.0004546461370003810482 ),
 .UNSPECIFIED. ) ;
#89 = DIRECTION ( 'NONE',  ( 2.115516434117844840E-17, 1.000000000000000000, -0.000000000000000000 ) ) ;
#90 = CARTESIAN_POINT ( 'NONE',  ( -2.750000000000000000, 3.499999999860392563, -4.013139720894693951 ) ) ;
#91 = PRODUCT ( 'M_DC11_A01_HORN', 'M_DC11_A01_HORN', '', ( #647 ) ) ;
#92 = VERTEX_POINT ( 'NONE', #5194 ) ;
#93 = ORIENTED_EDGE ( 'NONE', *, *, #4863, .F. ) ;
#94 = AXIS2_PLACEMENT_3D ( 'NONE', #746, #5491, #4288 ) ;
#95 = DIRECTION ( 'NONE',  ( -0.000000000000000000, -1.000000000000000000, -0.000000000000000000 ) ) ;
#96 = CARTESIAN_POINT ( 'NONE',  ( -1.757062367557603144, 0.1054847958471712699, -2.300206534966622307 ) ) ;
#97 = CARTESIAN_POINT ( 'NONE',  ( 5.500000000000000000, 3.499999999974079401, 0.7500000000391082722 ) ) ;
#98 = ORIENTED_EDGE ( 'NONE', *, *, #969, .T. ) ;
#99 = EDGE_CURVE ( 'NONE', #4110, #3333, #3874, .T. ) ;
#100 = EDGE_CURVE ( 'NONE', #3989, #4691, #3421, .T. ) ;
#101 = ORIENTED_EDGE ( 'NONE', *, *, #1049, .T. ) ;
#102 = VECTOR ( 'NONE', #21, 1000.000000000000000 ) ;
#103 = ORIENTED_EDGE ( 'NONE', *, *, #5007, .F. ) ;
#104 = AXIS2_PLACEMENT_3D ( 'NONE', #4198, #3773, #3825 ) ;
#105 = DIRECTION ( 'NONE',  ( 0.000000000000000000, 1.000000000000000000, 0.000000000000000000 ) ) ;
#106 = DIRECTION ( 'NONE',  ( 0.000000000000000000, 0.000000000000000000, -1.000000000000000000 ) ) ;
#107 = CARTESIAN_POINT ( 'NONE',  ( -0.9425808576513039494, 0.08836474067378999320, -2.754850976142992014 ) ) ;
#108 = CIRCLE ( 'NONE', #370, 1.249999999999999334 ) ;
#109 = LINE ( 'NONE', #3919, #3231 ) ;
#110 = ORIENTED_EDGE ( 'NONE', *, *, #1783, .T. ) ;
#111 = CARTESIAN_POINT ( 'NONE',  ( 9.650000000000000355, 3.500000000000000000, -0.2500000000000000000 ) ) ;
#112 = DIRECTION ( 'NONE',  ( 1.000000000000000000, 0.000000000000000000, -0.000000000000000000 ) ) ;
#113 = AXIS2_PLACEMENT_3D ( 'NONE', #3831, #798, #3403 ) ;
#114 = CARTESIAN_POINT ( 'NONE',  ( 2.917587995578850180, 0.08227182555139520015, 0.02992777455142747733 ) ) ;
#115 = CARTESIAN_POINT ( 'NONE',  ( 0.000000000000000000, 5.400000000000000355, 0.000000000000000000 ) ) ;
#116 = VERTEX_POINT ( 'NONE', #1750 ) ;
#117 = FACE_OUTER_BOUND ( 'NONE', #4714, .T. ) ;
#118 = DIRECTION ( 'NONE',  ( 0.000000000000000000, 0.000000000000000000, -1.000000000000000000 ) ) ;
#119 = CARTESIAN_POINT ( 'NONE',  ( 0.000000000000000000, 5.400000000000000355, 1.350000000000000089 ) ) ;
#120 = EDGE_LOOP ( 'NONE', ( #3835, #5161 ) ) ;
#121 = CIRCLE ( 'NONE', #2279, 1.249999999999999334 ) ;
#122 = ORIENTED_EDGE ( 'NONE', *, *, #3456, .F. ) ;
#123 = CARTESIAN_POINT ( 'NONE',  ( 1.644664282155719137, 0.1054847958446691603, 2.381868524080617888 ) ) ;
#124 = CARTESIAN_POINT ( 'NONE',  ( 9.949999999999999289, 3.500000000000000000, 0.2500000000000000000 ) ) ;
#125 = CARTESIAN_POINT ( 'NONE',  ( 0.000000000000000000, 0.000000000000000000, 0.000000000000000000 ) ) ;
#126 = EDGE_CURVE ( 'NONE', #4678, #3132, #4729, .T. ) ;
#127 = DIRECTION ( 'NONE',  ( 0.000000000000000000, -1.000000000000000000, 0.000000000000000000 ) ) ;
#128 = VERTEX_POINT ( 'NONE', #4248 ) ;
#129 = EDGE_LOOP ( 'NONE', ( #951, #5371 ) ) ;
#130 = AXIS2_PLACEMENT_3D ( 'NONE', #920, #1807, #3928 ) ;
#131 = EDGE_CURVE ( 'NONE', #2177, #4404, #3472, .T. ) ;
#132 = FACE_OUTER_BOUND ( 'NONE', #1976, .T. ) ;
#133 = CARTESIAN_POINT ( 'NONE',  ( -1.715351573376640015, 0.07787957361636550779, -2.365679909505834733 ) ) ;
#134 = CARTESIAN_POINT ( 'NONE',  ( 1.722445909627939642, 0.07845275834195052089, 2.359792019132908258 ) ) ;
#135 = DIRECTION ( 'NONE',  ( -0.000000000000000000, 1.000000000000000000, -0.000000000000000000 ) ) ;
#136 = ORIENTED_EDGE ( 'NONE', *, *, #4030, .T. ) ;
#137 = EDGE_CURVE ( 'NONE', #207, #3048, #1240, .T. ) ;
#138 = DIRECTION ( 'NONE',  ( -0.000000000000000000, 1.000000000000000000, -0.000000000000000000 ) ) ;
#139 = DIRECTION ( 'NONE',  ( 0.000000000000000000, 0.000000000000000000, 1.000000000000000000 ) ) ;
#140 = CARTESIAN_POINT ( 'NONE',  ( -3.580681655080726396E-07, 4.000000189808999629, -1.350000116427151342 ) ) ;
#141 = ORIENTED_EDGE ( 'NONE', *, *, #366, .F. ) ;
#142 = CARTESIAN_POINT ( 'NONE',  ( -2.567989685546999912, 0.000000000000000000, -0.4067296091045999873 ) ) ;
#143 = DIRECTION ( 'NONE',  ( 0.000000000000000000, 0.000000000000000000, 1.000000000000000000 ) ) ;
#144 = DIRECTION ( 'NONE',  ( 0.000000000000000000, 0.7071067811865474617, 0.7071067811865474617 ) ) ;
#145 = EDGE_LOOP ( 'NONE', ( #2194, #5112, #565, #1131 ) ) ;
#146 = ORIENTED_EDGE ( 'NONE', *, *, #1115, .F. ) ;
#147 = DIRECTION ( 'NONE',  ( 0.000000000000000000, 0.000000000000000000, 1.000000000000000000 ) ) ;
#148 = DIRECTION ( 'NONE',  ( -0.1736481776669022981, -0.000000000000000000, -0.9848077530122131273 ) ) ;
#149 = VECTOR ( 'NONE', #3756, 1000.000000000000000 ) ;
#150 = CARTESIAN_POINT ( 'NONE',  ( 0.8719679450367001650, 0.000000000000000000, -2.683641389383999876 ) ) ;
#151 = DIRECTION ( 'NONE',  ( 0.000000000000000000, 0.000000000000000000, -1.000000000000000000 ) ) ;
#152 = ORIENTED_EDGE ( 'NONE', *, *, #3536, .F. ) ;
#153 = ORIENTED_EDGE ( 'NONE', *, *, #4589, .T. ) ;
#154 = EDGE_CURVE ( 'NONE', #1270, #3692, #4703, .T. ) ;
#155 = CARTESIAN_POINT ( 'NONE',  ( -1.658581592255000237, 0.000000000000000000, -2.282841717206999910 ) ) ;
#156 = CARTESIAN_POINT ( 'NONE',  ( 0.02112766151487514496, 0.08043337767521208104, 2.919490175361028061 ) ) ;
#157 = AXIS2_PLACEMENT_3D ( 'NONE', #4845, #2712, #5225 ) ;
#158 = CARTESIAN_POINT ( 'NONE',  ( -2.362431586886127644, 0.07787957361637250220, -1.719822505902251164 ) ) ;
#159 = VERTEX_POINT ( 'NONE', #1321 ) ;
#160 = EDGE_CURVE ( 'NONE', #5336, #2405, #4396, .T. ) ;
#161 = LINE ( 'NONE', #1911, #1156 ) ;
#162 = ORIENTED_EDGE ( 'NONE', *, *, #2734, .T. ) ;
#163 = CARTESIAN_POINT ( 'NONE',  ( 0.7153049792203672874, 0.1904932317079243431, 2.718491949581592237 ) ) ;
#164 = CARTESIAN_POINT ( 'NONE',  ( 0.000000000000000000, 0.000000000000000000, -8.000000000000000000 ) ) ;
#165 = CARTESIAN_POINT ( 'NONE',  ( 1.922734174770948767, 0.3499999999929288563, -1.823620929131928525 ) ) ;
#166 = LINE ( 'NONE', #3125, #4138 ) ;
#167 = AXIS2_PLACEMENT_3D ( 'NONE', #2559, #363, #4246 ) ;
#168 = CONICAL_SURFACE ( 'NONE', #3771, 0.7499999999193065481, 0.7853981633974482790 ) ;
#169 = VERTEX_POINT ( 'NONE', #1267 ) ;
#170 = ADVANCED_FACE ( 'NONE', ( #2 ), #4217, .F. ) ;
#171 = EDGE_CURVE ( 'NONE', #2594, #3349, #237, .T. ) ;
#172 = ORIENTED_EDGE ( 'NONE', *, *, #5335, .T. ) ;
#173 = DIRECTION ( 'NONE',  ( -1.000000000000000000, -0.000000000000000000, 0.000000000000000000 ) ) ;
#174 = DIRECTION ( 'NONE',  ( -0.000000000000000000, -1.000000000000000000, -0.000000000000000000 ) ) ;
#175 = DIRECTION ( 'NONE',  ( 0.000000000000000000, 0.000000000000000000, 1.000000000000000000 ) ) ;
#176 = ORIENTED_EDGE ( 'NONE', *, *, #2822, .F. ) ;
#177 = EDGE_LOOP ( 'NONE', ( #255, #2795, #1506, #3310 ) ) ;
#178 = LINE ( 'NONE', #124, #2250 ) ;
#179 = CARTESIAN_POINT ( 'NONE',  ( 1.530808498934191324E-16, 3.500000000000000000, 6.750000000000000000 ) ) ;
#180 = FACE_OUTER_BOUND ( 'NONE', #3884, .T. ) ;
#181 = ORIENTED_EDGE ( 'NONE', *, *, #5528, .F. ) ;
#182 = VERTEX_POINT ( 'NONE', #3817 ) ;
#183 = FACE_OUTER_BOUND ( 'NONE', #129, .T. ) ;
#184 = CARTESIAN_POINT ( 'NONE',  ( 2.773520794012541479, 0.1054847958447603790, -0.8281308303548909899 ) ) ;
#185 = EDGE_CURVE ( 'NONE', #4974, #4877, #4858, .T. ) ;
#186 = CARTESIAN_POINT ( 'NONE',  ( -2.318738815333512449, 0.09352044089324014486, -1.752471742930812315 ) ) ;
#187 = EDGE_LOOP ( 'NONE', ( #1537, #1415, #5222, #319 ) ) ;
#188 = AXIS2_PLACEMENT_3D ( 'NONE', #8, #2599, #460 ) ;
#189 = CARTESIAN_POINT ( 'NONE',  ( 0.000000000000000000, 3.299999999999999822, 0.000000000000000000 ) ) ;
#190 = ORIENTED_EDGE ( 'NONE', *, *, #1652, .T. ) ;
#191 = AXIS2_PLACEMENT_3D ( 'NONE', #2137, #2032, #5550 ) ;
#192 = CARTESIAN_POINT ( 'NONE',  ( 5.656854249492000442, 3.500000000000000000, 4.806854249491999909 ) ) ;
#193 = CARTESIAN_POINT ( 'NONE',  ( 0.06946583704591956232, 3.500000000000000000, 2.893681524373913572 ) ) ;
#194 = FACE_OUTER_BOUND ( 'NONE', #3748, .T. ) ;
#195 = FACE_OUTER_BOUND ( 'NONE', #307, .T. ) ;
#196 = ORIENTED_EDGE ( 'NONE', *, *, #1720, .F. ) ;
#197 = FACE_OUTER_BOUND ( 'NONE', #2973, .T. ) ;
#198 = CARTESIAN_POINT ( 'NONE',  ( 10.18026406342993972, 3.366666864152732419, 0.2500000000000000000 ) ) ;
#199 = EDGE_CURVE ( 'NONE', #4039, #5430, #5037, .T. ) ;
#200 = PLANE ( 'NONE',  #2397 ) ;
#201 = EDGE_CURVE ( 'NONE', #4276, #3802, #480, .T. ) ;
#202 = EDGE_LOOP ( 'NONE', ( #4528, #4758, #5508, #4352 ) ) ;
#203 = ORIENTED_EDGE ( 'NONE', *, *, #1613, .F. ) ;
#204 = FACE_OUTER_BOUND ( 'NONE', #5515, .T. ) ;
#205 = ORIENTED_EDGE ( 'NONE', *, *, #5152, .F. ) ;
#206 = DIRECTION ( 'NONE',  ( 1.000000000000000000, -0.000000000000000000, 0.000000000000000000 ) ) ;
#207 = VERTEX_POINT ( 'NONE', #3074 ) ;
#208 = VERTEX_POINT ( 'NONE', #3929 ) ;
#209 = DIRECTION ( 'NONE',  ( 0.000000000000000000, -1.000000000000000000, -0.000000000000000000 ) ) ;
#210 = DIRECTION ( 'NONE',  ( -2.115516434117844840E-17, -1.000000000000000000, 0.000000000000000000 ) ) ;
#211 = CARTESIAN_POINT ( 'NONE',  ( 2.780699901764167148, 0.09352044089315100783, -0.8458220615676148579 ) ) ;
#212 = DIRECTION ( 'NONE',  ( -0.000000000000000000, 1.000000000000000000, 0.000000000000000000 ) ) ;
#213 = ORIENTED_EDGE ( 'NONE', *, *, #1223, .T. ) ;
#214 = AXIS2_PLACEMENT_3D ( 'NONE', #1834, #89, #4782 ) ;
#215 = DIRECTION ( 'NONE',  ( 0.000000000000000000, -1.000000000000000000, 0.000000000000000000 ) ) ;
#216 = CARTESIAN_POINT ( 'NONE',  ( 0.000000000000000000, 0.3499999999999999778, 0.000000000000000000 ) ) ;
#217 = DIRECTION ( 'NONE',  ( -0.000000000000000000, 1.000000000000000000, -0.000000000000000000 ) ) ;
#218 = DIRECTION ( 'NONE',  ( -0.8829475928589172185, 0.000000000000000000, -0.4694715627859091245 ) ) ;
#219 = EDGE_CURVE ( 'NONE', #2586, #892, #1777, .T. ) ;
#220 = VERTEX_POINT ( 'NONE', #3162 ) ;
#221 = PRODUCT_DEFINITION_CONTEXT ( 'detailed design', #4516, 'design' ) ;
#222 = DIRECTION ( 'NONE',  ( -0.000000000000000000, 1.000000000000000000, -0.000000000000000000 ) ) ;
#223 = CARTESIAN_POINT ( 'NONE',  ( -1.658581592255000237, 3.500000000000000000, 2.282841717206999910 ) ) ;
#224 = CARTESIAN_POINT ( 'NONE',  ( 0.000000000000000000, 3.500000000000000000, 1.350000000000000089 ) ) ;
#225 = EDGE_LOOP ( 'NONE', ( #4176, #3948, #3703, #5034 ) ) ;
#226 = EDGE_CURVE ( 'NONE', #4794, #2458, #2706, .T. ) ;
#227 = LINE ( 'NONE', #2345, #2230 ) ;
#228 = VERTEX_POINT ( 'NONE', #4872 ) ;
#229 = CARTESIAN_POINT ( 'NONE',  ( -2.893681524369284386, 0.1054847958466494789, -0.06946583705071332493 ) ) ;
#230 = VERTEX_POINT ( 'NONE', #2737 ) ;
#231 = VERTEX_POINT ( 'NONE', #3102 ) ;
#232 = EDGE_CURVE ( 'NONE', #4154, #2814, #3130, .T. ) ;
#233 = DIRECTION ( 'NONE',  ( 0.1736481776669022981, 0.000000000000000000, 0.9848077530122131273 ) ) ;
#234 = CIRCLE ( 'NONE', #2309, 0.2500000000509317033 ) ;
#235 = CARTESIAN_POINT ( 'NONE',  ( -1.757062367557603144, 0.1054847958471712699, -2.300206534966622307 ) ) ;
#236 = CARTESIAN_POINT ( 'NONE',  ( 2.782213879139609602, 0.07858527843870503904, -0.8910827126302869328 ) ) ;
#237 = CIRCLE ( 'NONE', #3483, 1.250000000000000000 ) ;
#238 = CONICAL_SURFACE ( 'NONE', #2047, 3.999999999962255970, 0.7853981633974482790 ) ;
#239 = EDGE_LOOP ( 'NONE', ( #1578, #424, #4126, #3913, #1732, #4476, #5321, #5595 ) ) ;
#240 = B_SPLINE_CURVE_WITH_KNOTS ( 'NONE', 3,
 ( #3587, #3561, #5301, #2736 ),
 .UNSPECIFIED., .F., .F.,
 ( 4, 4 ),
 ( 1.809070599450045886E-16, 0.0004546461370107031407 ),
 .UNSPECIFIED. ) ;
#241 = DIRECTION ( 'NONE',  ( -0.000000000000000000, -1.000000000000000000, -0.000000000000000000 ) ) ;
#242 =( GEOMETRIC_REPRESENTATION_CONTEXT ( 3 ) GLOBAL_UNCERTAINTY_ASSIGNED_CONTEXT ( ( #2366 ) ) GLOBAL_UNIT_ASSIGNED_CONTEXT ( ( #5449, #4997, #3647 ) ) REPRESENTATION_CONTEXT ( 'NONE', 'WORKASPACE' ) );
#243 = DIRECTION ( 'NONE',  ( 0.000000000000000000, 1.000000000000000000, 0.000000000000000000 ) ) ;
#244 = CARTESIAN_POINT ( 'NONE',  ( -1.752471742930812315, 0.09352044089324014486, 2.318738815333512449 ) ) ;
#245 = DIRECTION ( 'NONE',  ( 0.4383711467890826219, 0.000000000000000000, -0.8987940462991643731 ) ) ;
#246 = CARTESIAN_POINT ( 'NONE',  ( 10.24695076595965837, 0.2000000000001812550, 0.2499999999999946987 ) ) ;
#247 = AXIS2_PLACEMENT_3D ( 'NONE', #4935, #2343, #4161 ) ;
#248 = ORIENTED_EDGE ( 'NONE', *, *, #5108, .T. ) ;
#249 = B_SPLINE_CURVE_WITH_KNOTS ( 'NONE', 3,
 ( #3907, #1359, #4878, #3594 ),
 .UNSPECIFIED., .F., .F.,
 ( 4, 4 ),
 ( 0.000000000000000000, 0.0004546458088795757822 ),
 .UNSPECIFIED. ) ;
#250 = VECTOR ( 'NONE', #2391, 1000.000000000000000 ) ;
#251 = DIRECTION ( 'NONE',  ( -0.4383711467890826219, -0.000000000000000000, -0.8987940462991643731 ) ) ;
#252 = LINE ( 'NONE', #642, #2571 ) ;
#253 = DIRECTION ( 'NONE',  ( 0.000000000000000000, 0.7071067811865474617, 0.7071067811865474617 ) ) ;
#254 = ADVANCED_FACE ( 'NONE', ( #3562 ), #5331, .F. ) ;
#255 = ORIENTED_EDGE ( 'NONE', *, *, #2301, .F. ) ;
#256 = AXIS2_PLACEMENT_3D ( 'NONE', #3093, #5209, #3004 ) ;
#257 = AXIS2_PLACEMENT_3D ( 'NONE', #5252, #95, #1868 ) ;
#258 = B_SPLINE_CURVE_WITH_KNOTS ( 'NONE', 3,
 ( #2423, #198, #2825, #2005 ),
 .UNSPECIFIED., .F., .F.,
 ( 4, 4 ),
 ( 7.605135346749535232E-17, 0.0002828856370220445698 ),
 .UNSPECIFIED. ) ;
#259 = LINE ( 'NONE', #311, #4961 ) ;
#260 = ORIENTED_EDGE ( 'NONE', *, *, #1020, .F. ) ;
#261 = CARTESIAN_POINT ( 'NONE',  ( 0.9602627043225999692, 3.500000000000000000, -2.730588545663000577 ) ) ;
#262 = EDGE_CURVE ( 'NONE', #5336, #3920, #1808, .T. ) ;
#263 = VERTEX_POINT ( 'NONE', #1354 ) ;
#264 = ORIENTED_EDGE ( 'NONE', *, *, #950, .T. ) ;
#265 = CARTESIAN_POINT ( 'NONE',  ( -1.757062367557801652, 0.1054847958470750552, 2.300206534966591665 ) ) ;
#266 = LINE ( 'NONE', #4174, #5129 ) ;
#267 = CARTESIAN_POINT ( 'NONE',  ( 2.507205919752190759, 0.2724669240235026990, 1.079037353388691001 ) ) ;
#268 = ADVANCED_FACE ( 'NONE', ( #1442 ), #948, .F. ) ;
#269 = EDGE_LOOP ( 'NONE', ( #4241, #4426, #3979, #3375 ) ) ;
#270 = EDGE_CURVE ( 'NONE', #3409, #5437, #4300, .T. ) ;
#271 = ORIENTED_EDGE ( 'NONE', *, *, #3092, .T. ) ;
#272 = ORIENTED_EDGE ( 'NONE', *, *, #5506, .T. ) ;
#273 = FACE_OUTER_BOUND ( 'NONE', #202, .T. ) ;
#274 = CARTESIAN_POINT ( 'NONE',  ( 0.06946583704828379613, 0.1054847958443624473, -2.893681524371630509 ) ) ;
#275 = CARTESIAN_POINT ( 'NONE',  ( 0.4836271351394523244, 3.500000000000000000, 2.605495114974658133 ) ) ;
#276 = CARTESIAN_POINT ( 'NONE',  ( -5.656854249492000442, 3.500000000000000000, -5.656854249492000442 ) ) ;
#277 = AXIS2_PLACEMENT_3D ( 'NONE', #5589, #2045, #1623 ) ;
#278 = CIRCLE ( 'NONE', #5084, 1.250000000000000000 ) ;
#279 = ORIENTED_EDGE ( 'NONE', *, *, #2265, .T. ) ;
#280 = DIRECTION ( 'NONE',  ( 0.000000000000000000, 0.000000000000000000, 1.000000000000000000 ) ) ;
#281 = CARTESIAN_POINT ( 'NONE',  ( -2.779284218311393939, 0.09605189444136066901, -0.8417478152946439307 ) ) ;
#282 = CARTESIAN_POINT ( 'NONE',  ( 2.381868524081000249, 3.500000000000000000, -1.644664282159000068 ) ) ;
#283 = ORIENTED_EDGE ( 'NONE', *, *, #810, .F. ) ;
#284 = DIRECTION ( 'NONE',  ( 0.000000000000000000, 0.000000000000000000, -1.000000000000000000 ) ) ;
#285 = ADVANCED_FACE ( 'NONE', ( #57 ), #1892, .F. ) ;
#286 = LINE ( 'NONE', #2009, #926 ) ;
#287 = ORIENTED_EDGE ( 'NONE', *, *, #5366, .F. ) ;
#288 = CARTESIAN_POINT ( 'NONE',  ( -0.04957086193045506795, 0.09098118144207592572, -2.908596434070838566 ) ) ;
#289 = AXIS2_PLACEMENT_3D ( 'NONE', #3059, #1848, #878 ) ;
#290 = ORIENTED_EDGE ( 'NONE', *, *, #1927, .T. ) ;
#291 = EDGE_LOOP ( 'NONE', ( #3482, #1619, #5482, #4287, #3765, #40, #4472, #3024, #1310, #2523, #1471, #435 ) ) ;
#292 = CARTESIAN_POINT ( 'NONE',  ( -9.949999999999999289, 0.000000000000000000, -0.7500000000000000000 ) ) ;
#293 = EDGE_CURVE ( 'NONE', #464, #2208, #5527, .T. ) ;
#294 = CARTESIAN_POINT ( 'NONE',  ( -0.06375074332021556101, 0.1001045408273568971, 2.899200526232756037 ) ) ;
#295 = FACE_BOUND ( 'NONE', #3227, .T. ) ;
#296 = ORIENTED_EDGE ( 'NONE', *, *, #4633, .T. ) ;
#297 = ORIENTED_EDGE ( 'NONE', *, *, #4031, .F. ) ;
#298 = EDGE_CURVE ( 'NONE', #228, #5349, #309, .T. ) ;
#299 = ORIENTED_EDGE ( 'NONE', *, *, #1091, .F. ) ;
#300 = DIRECTION ( 'NONE',  ( 0.000000000000000000, 0.000000000000000000, -1.000000000000000000 ) ) ;
#301 = CARTESIAN_POINT ( 'NONE',  ( 1.744103459021570934, 0.08526593549491316704, -2.335344606984944171 ) ) ;
#302 = CARTESIAN_POINT ( 'NONE',  ( 5.656854249492000442, 0.000000000000000000, -4.806854249491999909 ) ) ;
#303 = DIRECTION ( 'NONE',  ( -0.1391731009600952196, 0.000000000000000000, -0.9902680687415660321 ) ) ;
#304 = EDGE_CURVE ( 'NONE', #2190, #3333, #697, .T. ) ;
#305 = VECTOR ( 'NONE', #3790, 1000.000000000000000 ) ;
#306 = ADVANCED_FACE ( 'NONE', ( #4959 ), #4128, .F. ) ;
#307 = EDGE_LOOP ( 'NONE', ( #3810, #4913, #3711, #4411, #2972 ) ) ;
#308 = DIRECTION ( 'NONE',  ( -0.1736481776669022981, 0.000000000000000000, 0.9848077530122131273 ) ) ;
#309 = LINE ( 'NONE', #1493, #4213 ) ;
#310 = CARTESIAN_POINT ( 'NONE',  ( 2.085665361460999900, 3.499999999999999556, -0.6999999999999999556 ) ) ;
#311 = CARTESIAN_POINT ( 'NONE',  ( 0.06946583704589999464, 0.000000000000000000, -2.893681524374000169 ) ) ;
#312 = ORIENTED_EDGE ( 'NONE', *, *, #2822, .T. ) ;
#313 = CARTESIAN_POINT ( 'NONE',  ( 0.000000000000000000, 0.3499999999999999778, 0.000000000000000000 ) ) ;
#314 = ORIENTED_EDGE ( 'NONE', *, *, #1370, .T. ) ;
#315 = VERTEX_POINT ( 'NONE', #2850 ) ;
#316 = CARTESIAN_POINT ( 'NONE',  ( 2.300206534972999872, 0.000000000000000000, 1.757062367557000071 ) ) ;
#317 = LINE ( 'NONE', #4254, #1134 ) ;
#318 = DIRECTION ( 'NONE',  ( -1.000000000000000000, -1.322197771338204774E-18, 0.000000000000000000 ) ) ;
#319 = ORIENTED_EDGE ( 'NONE', *, *, #2425, .T. ) ;
#320 = EDGE_CURVE ( 'NONE', #1278, #504, #258, .T. ) ;
#321 = ORIENTED_EDGE ( 'NONE', *, *, #2604, .T. ) ;
#322 = ORIENTED_EDGE ( 'NONE', *, *, #2778, .F. ) ;
#323 = DIRECTION ( 'NONE',  ( -0.4383711467890826774, 0.000000000000000000, -0.8987940462991644841 ) ) ;
#324 = CARTESIAN_POINT ( 'NONE',  ( 0.000000000000000000, 3.500000000000000000, -8.000000000000000000 ) ) ;
#325 = CIRCLE ( 'NONE', #1951, 0.7500000000391082722 ) ;
#326 = DIRECTION ( 'NONE',  ( -0.9848077530122131273, 0.000000000000000000, -0.1736481776669022981 ) ) ;
#327 = DIRECTION ( 'NONE',  ( 0.000000000000000000, 1.000000000000000000, 0.000000000000000000 ) ) ;
#328 = ADVANCED_FACE ( 'NONE', ( #5499 ), #3669, .F. ) ;
#329 = VECTOR ( 'NONE', #2271, 1000.000000000000000 ) ;
#330 = ORIENTED_EDGE ( 'NONE', *, *, #298, .T. ) ;
#331 = CARTESIAN_POINT ( 'NONE',  ( -1.823620929132465207, 0.3499999999947850382, -1.922734174767881221 ) ) ;
#332 = DIRECTION ( 'NONE',  ( 0.000000000000000000, 0.000000000000000000, -1.000000000000000000 ) ) ;
#333 = CARTESIAN_POINT ( 'NONE',  ( -0.8805776506495929246, 0.08046707882547268764, 2.783578968231167128 ) ) ;
#334 = EDGE_CURVE ( 'NONE', #2458, #1643, #1765, .T. ) ;
#335 = EDGE_CURVE ( 'NONE', #4795, #3870, #252, .T. ) ;
#336 = AXIS2_PLACEMENT_3D ( 'NONE', #5365, #4132, #3705 ) ;
#337 = CIRCLE ( 'NONE', #1151, 1.249999999999999334 ) ;
#338 = CARTESIAN_POINT ( 'NONE',  ( 0.8719679450367001650, 0.000000000000000000, -2.683641389383999876 ) ) ;
#339 = CARTESIAN_POINT ( 'NONE',  ( 0.4836271351398847562, 0.3499999999930269445, -2.605495114974500481 ) ) ;
#340 = DIRECTION ( 'NONE',  ( 0.9848077530122131273, 0.000000000000000000, -0.1736481776669022981 ) ) ;
#341 = DIRECTION ( 'NONE',  ( 0.000000000000000000, -2.644395542647306820E-17, -1.000000000000000000 ) ) ;
#342 = ORIENTED_EDGE ( 'NONE', *, *, #3796, .T. ) ;
#343 = AXIS2_PLACEMENT_3D ( 'NONE', #1539, #738, #1592 ) ;
#344 = VECTOR ( 'NONE', #3058, 1000.000000000000000 ) ;
#345 = ORIENTED_EDGE ( 'NONE', *, *, #4549, .F. ) ;
#346 = CARTESIAN_POINT ( 'NONE',  ( 2.382472669956207323, 0.09214600728019249620, 1.667164904802847403 ) ) ;
#347 = CARTESIAN_POINT ( 'NONE',  ( -10.08882710651269399, 0.06666484054833203554, -0.7500000000000000000 ) ) ;
#348 = LINE ( 'NONE', #5459, #4848 ) ;
#349 = CARTESIAN_POINT ( 'NONE',  ( -3.580681656734000243E-07, 4.910000389259039366, 1.524477637742000022E-07 ) ) ;
#350 = ORIENTED_EDGE ( 'NONE', *, *, #4320, .T. ) ;
#351 = ORIENTED_EDGE ( 'NONE', *, *, #1466, .F. ) ;
#352 = EDGE_CURVE ( 'NONE', #3094, #263, #4069, .T. ) ;
#353 = DIRECTION ( 'NONE',  ( 0.000000000000000000, -1.000000000000000000, 0.000000000000000000 ) ) ;
#354 = CARTESIAN_POINT ( 'NONE',  ( 1.664269836094128152, 0.09360149187837236984, -2.382722083204688257 ) ) ;
#355 = CARTESIAN_POINT ( 'NONE',  ( 1.757062367557000071, 3.500000000000000000, -2.300206534972999872 ) ) ;
#356 = FACE_OUTER_BOUND ( 'NONE', #3735, .T. ) ;
#357 = EDGE_LOOP ( 'NONE', ( #14, #1778, #595, #1393 ) ) ;
#358 = EDGE_CURVE ( 'NONE', #3474, #3564, #3217, .T. ) ;
#359 = CARTESIAN_POINT ( 'NONE',  ( -10.02197585309203376, -2.031642490698601847E-12, 0.7500000000000000000 ) ) ;
#360 = CARTESIAN_POINT ( 'NONE',  ( 0.000000000000000000, 5.099999999999999645, 0.000000000000000000 ) ) ;
#361 = CARTESIAN_POINT ( 'NONE',  ( -1.265099007616731441, 0.3499999999946631912, 2.328524103572494397 ) ) ;
#362 = AXIS2_PLACEMENT_3D ( 'NONE', #3811, #5604, #4242 ) ;
#363 = DIRECTION ( 'NONE',  ( 0.000000000000000000, 1.000000000000000000, 0.000000000000000000 ) ) ;
#364 = EDGE_CURVE ( 'NONE', #3048, #4014, #2308, .T. ) ;
#365 = AXIS2_PLACEMENT_3D ( 'NONE', #1168, #2968, #1649 ) ;
#366 = EDGE_CURVE ( 'NONE', #1650, #612, #58, .T. ) ;
#367 = DIRECTION ( 'NONE',  ( -1.000000000000000000, 0.000000000000000000, -0.000000000000000000 ) ) ;
#368 = CARTESIAN_POINT ( 'NONE',  ( -0.8719679450367001650, 0.000000000000000000, -2.783641389383999964 ) ) ;
#369 = ORIENTED_EDGE ( 'NONE', *, *, #3234, .T. ) ;
#370 = AXIS2_PLACEMENT_3D ( 'NONE', #3626, #1503, #621 ) ;
#371 = EDGE_LOOP ( 'NONE', ( #4438, #5334, #1718, #3804 ) ) ;
#372 = CARTESIAN_POINT ( 'NONE',  ( 2.381824708453244455, 0.08836474067338438709, 1.674686129449528993 ) ) ;
#373 = EDGE_CURVE ( 'NONE', #1994, #3418, #1540, .T. ) ;
#374 = CIRCLE ( 'NONE', #113, 2.649999999999999911 ) ;
#375 = CARTESIAN_POINT ( 'NONE',  ( 2.780538960104421697, 0.07845275834219767042, 0.8966835431172824888 ) ) ;
#376 = CARTESIAN_POINT ( 'NONE',  ( 2.282841717206999910, 3.500000000000000000, 1.658581592255000237 ) ) ;
#377 = ORIENTED_EDGE ( 'NONE', *, *, #2095, .F. ) ;
#378 = ORIENTED_EDGE ( 'NONE', *, *, #5428, .T. ) ;
#379 = EDGE_LOOP ( 'NONE', ( #876, #4334, #2077, #2864 ) ) ;
#380 = LINE ( 'NONE', #1225, #4335 ) ;
#381 = DIRECTION ( 'NONE',  ( 0.000000000000000000, 1.000000000000000000, -0.000000000000000000 ) ) ;
#382 = CARTESIAN_POINT ( 'NONE',  ( 2.051053647911277089, 0.2724669240235735312, 1.800994743867383452 ) ) ;
#383 = LINE ( 'NONE', #2106, #4496 ) ;
#384 = AXIS2_PLACEMENT_3D ( 'NONE', #993, #5004, #3263 ) ;
#385 = EDGE_CURVE ( 'NONE', #2515, #1484, #5445, .T. ) ;
#386 = ORIENTED_EDGE ( 'NONE', *, *, #5079, .F. ) ;
#387 = CARTESIAN_POINT ( 'NONE',  ( 1.140209032233722608, 0.3499999999927336236, 2.392158724418969928 ) ) ;
#388 = CARTESIAN_POINT ( 'NONE',  ( -2.627422110968943958, 0.3499999999946633022, -0.3451855309589487164 ) ) ;
#389 = LINE ( 'NONE', #2110, #5573 ) ;
#390 = ADVANCED_FACE ( 'NONE', ( #3335 ), #753, .F. ) ;
#391 = CARTESIAN_POINT ( 'NONE',  ( 0.8719679450683095467, 0.08298311934749683094, -2.783641389386406928 ) ) ;
#392 = CARTESIAN_POINT ( 'NONE',  ( 5.656854249492000442, 3.500000000000000000, 5.656854249492000442 ) ) ;
#393 = ORIENTED_EDGE ( 'NONE', *, *, #2156, .T. ) ;
#394 = ADVANCED_FACE ( 'NONE', ( #1207 ), #4669, .F. ) ;
#395 = ORIENTED_EDGE ( 'NONE', *, *, #4244, .T. ) ;
#396 = CARTESIAN_POINT ( 'NONE',  ( -2.374335616053787401, 0.08043333791886746187, 1.698940810208446894 ) ) ;
#397 = CARTESIAN_POINT ( 'NONE',  ( -2.893681524373930003, 0.000000000000000000, -0.06946583704583239594 ) ) ;
#398 = DIRECTION ( 'NONE',  ( 0.000000000000000000, 0.000000000000000000, -1.000000000000000000 ) ) ;
#399 = CARTESIAN_POINT ( 'NONE',  ( -9.949999999999999289, 0.000000000000000000, 1.250000000000000000 ) ) ;
#400 = ORIENTED_EDGE ( 'NONE', *, *, #3026, .F. ) ;
#401 = ADVANCED_FACE ( 'NONE', ( #2533 ), #3109, .F. ) ;
#402 = EDGE_CURVE ( 'NONE', #2954, #2548, #804, .T. ) ;
#404 = VERTEX_POINT ( 'NONE', #4269 ) ;
#403 = VECTOR ( 'NONE', #414, 1000.000000000000000 ) ;
#405 = ORIENTED_EDGE ( 'NONE', *, *, #2460, .F. ) ;
#406 = FILL_AREA_STYLE_COLOUR ( '', #2506 ) ;
#407 = CARTESIAN_POINT ( 'NONE',  ( 0.9069178573608528415, 3.500000000000000444, -1.000000000000000000 ) ) ;
#408 = CARTESIAN_POINT ( 'NONE',  ( 8.000000000000000000, 3.500000000000000000, 0.000000000000000000 ) ) ;
#409 = DIRECTION ( 'NONE',  ( -0.4383711467890826219, -0.000000000000000000, 0.8987940462991643731 ) ) ;
#410 = B_SPLINE_CURVE_WITH_KNOTS ( 'NONE', 3,
 ( #3821, #4307, #2565, #4679 ),
 .UNSPECIFIED., .F., .F.,
 ( 4, 4 ),
 ( 1.241058640804829564E-15, 0.0002839296884148312557 ),
 .UNSPECIFIED. ) ;
#411 = ORIENTED_EDGE ( 'NONE', *, *, #5493, .T. ) ;
#412 = VECTOR ( 'NONE', #4603, 999.9999999999998863 ) ;
#413 = LINE ( 'NONE', #803, #1178 ) ;
#414 = DIRECTION ( 'NONE',  ( 0.000000000000000000, 1.000000000000000000, 0.000000000000000000 ) ) ;
#415 = DIRECTION ( 'NONE',  ( -0.000000000000000000, -1.000000000000000000, -0.000000000000000000 ) ) ;
#416 = ORIENTED_EDGE ( 'NONE', *, *, #423, .F. ) ;
#417 = VECTOR ( 'NONE', #2958, 1000.000000000000000 ) ;
#418 = AXIS2_PLACEMENT_3D ( 'NONE', #1030, #4065, #4550 ) ;
#419 = CARTESIAN_POINT ( 'NONE',  ( -3.580681656734000243E-07, 4.000000189808999629, 1.350000421322678612 ) ) ;
#420 = DIRECTION ( 'NONE',  ( 0.000000000000000000, 1.000000000000000000, 0.000000000000000000 ) ) ;
#421 = CARTESIAN_POINT ( 'NONE',  ( -5.656854249492000442, 3.500000000000000000, -5.656854249492000442 ) ) ;
#423 = EDGE_CURVE ( 'NONE', #4041, #4990, #1287, .T. ) ;
#422 = VECTOR ( 'NONE', #2742, 1000.000000000000000 ) ;
#424 = ORIENTED_EDGE ( 'NONE', *, *, #2094, .T. ) ;
#425 = EDGE_LOOP ( 'NONE', ( #820, #60, #2990, #1012 ) ) ;
#426 = DIRECTION ( 'NONE',  ( -0.000000000000000000, -1.000000000000000000, -0.000000000000000000 ) ) ;
#427 = CYLINDRICAL_SURFACE ( 'NONE', #2147, 2.649999999999999911 ) ;
#428 = EDGE_CURVE ( 'NONE', #2267, #2175, #3576, .T. ) ;
#429 = AXIS2_PLACEMENT_3D ( 'NONE', #3984, #2675, #4870 ) ;
#430 = AXIS2_PLACEMENT_3D ( 'NONE', #2673, #2731, #4409 ) ;
#431 = CARTESIAN_POINT ( 'NONE',  ( 5.500000000000000000, 3.499999999917235982, 0.7499999999822648533 ) ) ;
#432 = CARTESIAN_POINT ( 'NONE',  ( -2.718491949581723244, 0.1904932317071204029, -0.7153049792213703739 ) ) ;
#433 = EDGE_LOOP ( 'NONE', ( #5314, #1888, #3292, #1422 ) ) ;
#434 = AXIS2_PLACEMENT_3D ( 'NONE', #487, #4391, #2656 ) ;
#435 = ORIENTED_EDGE ( 'NONE', *, *, #1189, .F. ) ;
#436 = VECTOR ( 'NONE', #3434, 1000.000000000000000 ) ;
#437 = ORIENTED_EDGE ( 'NONE', *, *, #3433, .T. ) ;
#438 = EDGE_CURVE ( 'NONE', #2808, #5278, #3486, .T. ) ;
#439 = CARTESIAN_POINT ( 'NONE',  ( 0.000000000000000000, 3.500000000000000000, 0.000000000000000000 ) ) ;
#440 = DIRECTION ( 'NONE',  ( 0.000000000000000000, 0.000000000000000000, 1.000000000000000000 ) ) ;
#441 = CARTESIAN_POINT ( 'NONE',  ( 1.653811304384886771, 0.09922960516566319000, 2.383154054220442575 ) ) ;
#442 = FACE_OUTER_BOUND ( 'NONE', #2917, .T. ) ;
#443 = ORIENTED_EDGE ( 'NONE', *, *, #5054, .T. ) ;
#444 = FACE_OUTER_BOUND ( 'NONE', #1258, .T. ) ;
#445 = CARTESIAN_POINT ( 'NONE',  ( -0.06946583704589999464, 3.500000000000000000, 2.893681524374000169 ) ) ;
#446 = LINE ( 'NONE', #5552, #2043 ) ;
#447 = DIRECTION ( 'NONE',  ( -0.000000000000000000, -1.000000000000000000, 0.000000000000000000 ) ) ;
#448 = ORIENTED_EDGE ( 'NONE', *, *, #428, .T. ) ;
#449 = VECTOR ( 'NONE', #3402, 1000.000000000000000 ) ;
#450 = FACE_OUTER_BOUND ( 'NONE', #5045, .T. ) ;
#451 = CARTESIAN_POINT ( 'NONE',  ( 0.8281308303550001249, 0.1054847958448500017, -2.773520794012415358 ) ) ;
#452 = CYLINDRICAL_SURFACE ( 'NONE', #591, 0.8500000000000000888 ) ;
#453 = ORIENTED_EDGE ( 'NONE', *, *, #4350, .F. ) ;
#454 = ORIENTED_EDGE ( 'NONE', *, *, #160, .F. ) ;
#455 = EDGE_CURVE ( 'NONE', #4021, #1081, #5062, .T. ) ;
#456 = CARTESIAN_POINT ( 'NONE',  ( -2.730588545663064082, 0.000000000000000000, 0.9602627043227202064 ) ) ;
#457 = VECTOR ( 'NONE', #251, 1000.000000000000114 ) ;
#458 = CARTESIAN_POINT ( 'NONE',  ( -10.15567650327770366, 0.1333315429920634287, -0.7500000000000000000 ) ) ;
#459 = CARTESIAN_POINT ( 'NONE',  ( 0.000000000000000000, 0.3499999999999999778, 0.000000000000000000 ) ) ;
#460 = DIRECTION ( 'NONE',  ( 0.000000000000000000, 0.000000000000000000, 1.000000000000000000 ) ) ;
#461 = VERTEX_POINT ( 'NONE', #3412 ) ;
#462 = EDGE_LOOP ( 'NONE', ( #454, #1018 ) ) ;
#463 = EDGE_CURVE ( 'NONE', #5294, #2853, #4243, .T. ) ;
#464 = VERTEX_POINT ( 'NONE', #4645 ) ;
#465 = DIRECTION ( 'NONE',  ( -0.000000000000000000, 1.000000000000000000, 0.000000000000000000 ) ) ;
#466 = CARTESIAN_POINT ( 'NONE',  ( -10.22252415013021931, 0.2000000000000000111, -0.7500000000000000000 ) ) ;
#467 = CARTESIAN_POINT ( 'NONE',  ( 1.743848709367658456, 0.08512501714665154928, 2.335711441013081480 ) ) ;
#468 = EDGE_CURVE ( 'NONE', #5583, #645, #5299, .T. ) ;
#469 = CARTESIAN_POINT ( 'NONE',  ( -10.03914389319927558, 0.06666151868399834701, -1.250000000000000000 ) ) ;
#470 = ORIENTED_EDGE ( 'NONE', *, *, #455, .F. ) ;
#471 = DIRECTION ( 'NONE',  ( 0.000000000000000000, 1.000000000000000000, -0.000000000000000000 ) ) ;
#472 = DIRECTION ( 'NONE',  ( 0.000000000000000000, 0.000000000000000000, 1.000000000000000000 ) ) ;
#473 = CARTESIAN_POINT ( 'NONE',  ( 2.662614440471354982, 0.2724669240237398982, -0.6007391076337665892 ) ) ;
#474 = DIRECTION ( 'NONE',  ( -0.000000000000000000, 0.000000000000000000, -1.000000000000000000 ) ) ;
#475 = EDGE_LOOP ( 'NONE', ( #2482, #968 ) ) ;
#476 = EDGE_CURVE ( 'NONE', #3224, #3941, #3901, .T. ) ;
#477 = EDGE_CURVE ( 'NONE', #4877, #2057, #3385, .T. ) ;
#478 = PLANE ( 'NONE',  #868 ) ;
#479 = CARTESIAN_POINT ( 'NONE',  ( 2.364398088405977205, 0.1904932317055098301, 1.520355673120749040 ) ) ;
#480 = LINE ( 'NONE', #3987, #1040 ) ;
#481 = ORIENTED_EDGE ( 'NONE', *, *, #5165, .T. ) ;
#482 = ORIENTED_EDGE ( 'NONE', *, *, #1895, .F. ) ;
#483 = B_SPLINE_CURVE_WITH_KNOTS ( 'NONE', 3,
 ( #2798, #4531, #3249, #779, #1717, #4270 ),
 .UNSPECIFIED., .F., .F.,
 ( 4, 2, 4 ),
 ( 2.192189278281895413E-10, 0.0001999060190641568490, 0.0003998118189093856942 ),
 .UNSPECIFIED. ) ;
#484 = LINE ( 'NONE', #456, #2222 ) ;
#485 = DIRECTION ( 'NONE',  ( 0.6946583704589742725, 0.000000000000000000, -0.7193398003386733963 ) ) ;
#486 = VECTOR ( 'NONE', #222, 1000.000000000000000 ) ;
#487 = CARTESIAN_POINT ( 'NONE',  ( 0.000000000000000000, 3.500000000000000000, 0.000000000000000000 ) ) ;
#488 = CARTESIAN_POINT ( 'NONE',  ( 5.500000000000000000, 2.999999999985902832, 0.000000000000000000 ) ) ;
#489 = CARTESIAN_POINT ( 'NONE',  ( -2.806480877886169178, 0.1904932317069931991, 0.1597647498653171627 ) ) ;
#490 = ORIENTED_EDGE ( 'NONE', *, *, #701, .T. ) ;
#491 = ORIENTED_EDGE ( 'NONE', *, *, #2122, .T. ) ;
#492 = ORIENTED_EDGE ( 'NONE', *, *, #1299, .T. ) ;
#493 = LINE ( 'NONE', #1796, #4232 ) ;
#494 = CARTESIAN_POINT ( 'NONE',  ( -1.722445909627939642, 0.07845275834195052089, -2.359792019132908258 ) ) ;
#495 = EDGE_CURVE ( 'NONE', #5488, #639, #1412, .T. ) ;
#496 = CARTESIAN_POINT ( 'NONE',  ( -0.8910827126302871548, 0.07858527843870509455, -2.782213879139609602 ) ) ;
#497 = LINE ( 'NONE', #967, #4963 ) ;
#498 = EDGE_LOOP ( 'NONE', ( #2829, #4982, #1142, #3260 ) ) ;
#499 = CARTESIAN_POINT ( 'NONE',  ( 0.000000000000000000, 3.500000000000000000, 0.000000000000000000 ) ) ;
#500 = PLANE ( 'NONE',  #2128 ) ;
#501 = EDGE_CURVE ( 'NONE', #5472, #3038, #1938, .T. ) ;
#502 = CARTESIAN_POINT ( 'NONE',  ( 2.905976152676100543, 0.09352044089279819283, 0.05485894262191003123 ) ) ;
#503 = CARTESIAN_POINT ( 'NONE',  ( 10.04689006608636781, 1.210748760529546081E-12, -0.2500000000000000000 ) ) ;
#504 = VERTEX_POINT ( 'NONE', #3437 ) ;
#505 = CARTESIAN_POINT ( 'NONE',  ( 0.000000000000000000, 0.000000000000000000, -6.750000000000000000 ) ) ;
#506 = DIRECTION ( 'NONE',  ( 1.000000000000000000, 0.000000000000000000, 0.000000000000000000 ) ) ;
#507 = EDGE_CURVE ( 'NONE', #4168, #4546, #2671, .T. ) ;
#508 = AXIS2_PLACEMENT_3D ( 'NONE', #421, #785, #3044 ) ;
#509 = ADVANCED_FACE ( 'NONE', ( #5269 ), #500, .T. ) ;
#510 = VERTEX_POINT ( 'NONE', #1770 ) ;
#511 = ORIENTED_EDGE ( 'NONE', *, *, #774, .T. ) ;
#512 = CARTESIAN_POINT ( 'NONE',  ( -9.650000000000000355, 3.500000000000000000, 1.250000000000000000 ) ) ;
#513 = CARTESIAN_POINT ( 'NONE',  ( -2.307318194124664323, 0.1005945232467971157, 1.755808390171086808 ) ) ;
#514 = AXIS2_PLACEMENT_3D ( 'NONE', #3977, #4374, #2608 ) ;
#515 = DIRECTION ( 'NONE',  ( 0.000000000000000000, -1.000000000000000000, 0.000000000000000000 ) ) ;
#516 = DIRECTION ( 'NONE',  ( 0.000000000000000000, -1.000000000000000000, 0.000000000000000000 ) ) ;
#517 = DIRECTION ( 'NONE',  ( -0.000000000000000000, 1.000000000000000000, -0.000000000000000000 ) ) ;
#518 = ORIENTED_EDGE ( 'NONE', *, *, #590, .T. ) ;
#519 = ORIENTED_EDGE ( 'NONE', *, *, #4343, .F. ) ;
#520 = CIRCLE ( 'NONE', #4321, 2.649999999999999911 ) ;
#521 = AXIS2_PLACEMENT_3D ( 'NONE', #2447, #4184, #303 ) ;
#522 = ORIENTED_EDGE ( 'NONE', *, *, #1737, .F. ) ;
#523 = LINE ( 'NONE', #2242, #5454 ) ;
#524 = CARTESIAN_POINT ( 'NONE',  ( -2.364398088405812892, 0.1904932317070719971, 1.520355673118939821 ) ) ;
#525 = AXIS2_PLACEMENT_3D ( 'NONE', #2498, #1658, #3382 ) ;
#526 = CIRCLE ( 'NONE', #3685, 2.649999999999999911 ) ;
#527 = AXIS2_PLACEMENT_3D ( 'NONE', #5173, #2940, #1300 ) ;
#528 = ADVANCED_FACE ( 'NONE', ( #2246 ), #3096, .F. ) ;
#529 = DIRECTION ( 'NONE',  ( 0.1391731009600952196, -0.000000000000000000, 0.9902680687415660321 ) ) ;
#530 = ORIENTED_EDGE ( 'NONE', *, *, #3608, .T. ) ;
#531 = DIRECTION ( 'NONE',  ( -0.000000000000000000, -1.000000000000000000, -0.000000000000000000 ) ) ;
#532 = DIRECTION ( 'NONE',  ( 0.8829475928589172185, -0.000000000000000000, -0.4694715627859091245 ) ) ;
#533 = CARTESIAN_POINT ( 'NONE',  ( 1.757062367556363025, 0.000000000000000000, 2.300206534972887518 ) ) ;
#534 = EDGE_LOOP ( 'NONE', ( #2022, #4971, #1356, #321 ) ) ;
#535 = CYLINDRICAL_SURFACE ( 'NONE', #429, 0.3000000000000000999 ) ;
#536 = CARTESIAN_POINT ( 'NONE',  ( 2.346658220547161999, 0.2724669240254389835, 1.394129954479067512 ) ) ;
#537 = CARTESIAN_POINT ( 'NONE',  ( -2.765542884119327915, 0.08227182555174070155, -0.9300472782231820057 ) ) ;
#538 = ORIENTED_EDGE ( 'NONE', *, *, #4139, .T. ) ;
#539 = ORIENTED_EDGE ( 'NONE', *, *, #2196, .F. ) ;
#540 = ADVANCED_FACE ( 'NONE', ( #3580 ), #4777, .F. ) ;
#541 = CARTESIAN_POINT ( 'NONE',  ( -3.580681656734000243E-07, 5.400000000000000355, 2.650000152447763657 ) ) ;
#542 = CARTESIAN_POINT ( 'NONE',  ( 0.06946583704589999464, 0.000000000000000000, -2.893681524374000169 ) ) ;
#543 = FACE_OUTER_BOUND ( 'NONE', #2727, .T. ) ;
#544 = CARTESIAN_POINT ( 'NONE',  ( 0.000000000000000000, 0.3499999999999999778, 0.000000000000000000 ) ) ;
#545 = ORIENTED_EDGE ( 'NONE', *, *, #1964, .F. ) ;
#546 = ORIENTED_EDGE ( 'NONE', *, *, #2460, .T. ) ;
#547 = ADVANCED_FACE ( 'NONE', ( #5322 ), #915, .F. ) ;
#548 = AXIS2_PLACEMENT_3D ( 'NONE', #752, #5574, #2449 ) ;
#549 = VECTOR ( 'NONE', #871, 1000.000000000000000 ) ;
#550 = DIRECTION ( 'NONE',  ( 0.000000000000000000, 0.000000000000000000, 1.000000000000000000 ) ) ;
#551 = CARTESIAN_POINT ( 'NONE',  ( -9.650000000000000355, 3.500000000000000000, -0.7500000000000001110 ) ) ;
#552 = CARTESIAN_POINT ( 'NONE',  ( 1.715351573376640015, 0.07787957361636550779, 2.365679909505834733 ) ) ;
#553 = CARTESIAN_POINT ( 'NONE',  ( -2.627422110971159519, 0.000000000000000000, -0.3451855309566541630 ) ) ;
#554 = ORIENTED_EDGE ( 'NONE', *, *, #3899, .T. ) ;
#555 = CARTESIAN_POINT ( 'NONE',  ( -2.773520794011109292, 0.1054847958469722624, 0.8281308303519555603 ) ) ;
#556 = DIRECTION ( 'NONE',  ( -0.000000000000000000, 1.000000000000000000, -0.000000000000000000 ) ) ;
#557 = CARTESIAN_POINT ( 'NONE',  ( 1.658581592255000237, 0.000000000000000000, -2.282841717206999910 ) ) ;
#558 = VERTEX_POINT ( 'NONE', #4862 ) ;
#559 = DIRECTION ( 'NONE',  ( 0.000000000000000000, -1.000000000000000000, 0.000000000000000000 ) ) ;
#560 = LINE ( 'NONE', #1776, #5471 ) ;
#561 = DIRECTION ( 'NONE',  ( 0.000000000000000000, 0.000000000000000000, -1.000000000000000000 ) ) ;
#562 = EDGE_CURVE ( 'NONE', #4906, #4794, #1124, .T. ) ;
#563 = ORIENTED_EDGE ( 'NONE', *, *, #5160, .F. ) ;
#564 = AXIS2_PLACEMENT_3D ( 'NONE', #1936, #625, #2836 ) ;
#565 = ORIENTED_EDGE ( 'NONE', *, *, #744, .F. ) ;
#566 = CARTESIAN_POINT ( 'NONE',  ( -0.3451855309589487164, 0.3499999999946633022, 2.627422110968943958 ) ) ;
#567 = FACE_OUTER_BOUND ( 'NONE', #3844, .T. ) ;
#568 = CARTESIAN_POINT ( 'NONE',  ( 0.9602627043225999692, 0.000000000000000000, -2.730588545663000577 ) ) ;
#569 = VERTEX_POINT ( 'NONE', #3980 ) ;
#570 = ORIENTED_EDGE ( 'NONE', *, *, #2466, .T. ) ;
#571 = CARTESIAN_POINT ( 'NONE',  ( -2.300206534972887518, 0.000000000000000000, -1.757062367556363025 ) ) ;
#572 = DIRECTION ( 'NONE',  ( 0.000000000000000000, 0.000000000000000000, -1.000000000000000000 ) ) ;
#573 = EDGE_CURVE ( 'NONE', #1322, #1810, #3828, .T. ) ;
#574 = CARTESIAN_POINT ( 'NONE',  ( -2.349498784059202539, 0.08043333791895158902, -1.733125776727439060 ) ) ;
#575 = EDGE_CURVE ( 'NONE', #2286, #5191, #4435, .T. ) ;
#576 = DIRECTION ( 'NONE',  ( 0.000000000000000000, -1.000000000000000000, 0.000000000000000000 ) ) ;
#577 = VERTEX_POINT ( 'NONE', #3922 ) ;
#578 = B_SPLINE_CURVE_WITH_KNOTS ( 'NONE', 3,
 ( #1307, #3114, #5235, #3915, #4000, #1342, #4373, #3088, #133, #494, #3522, #2210, #4428, #3944, #2693, #3572, #5261, #4854, #1373 ),
 .UNSPECIFIED., .F., .F.,
 ( 4, 3, 3, 3, 3, 3, 4 ),
 ( 1.640593608889543702E-05, 3.346688102113520445E-05, 6.101997884361151864E-05, 8.880801656076557030E-05, 0.0001132950656150266282, 0.0001385224882849779343, 0.0001645295473155601520 ),
 .UNSPECIFIED. ) ;
#579 = DIRECTION ( 'NONE',  ( 0.000000000000000000, 1.000000000000000000, 0.000000000000000000 ) ) ;
#580 = CARTESIAN_POINT ( 'NONE',  ( 0.000000000000000000, 3.500000000000000000, -6.750000000000000000 ) ) ;
#581 = DIRECTION ( 'NONE',  ( -0.4694715627859091245, 0.000000000000000000, 0.8829475928589172185 ) ) ;
#582 = CARTESIAN_POINT ( 'NONE',  ( -10.94999999999999929, 3.200000000000000178, -0.7500000000000000000 ) ) ;
#583 = ORIENTED_EDGE ( 'NONE', *, *, #3201, .F. ) ;
#584 = DIRECTION ( 'NONE',  ( 0.000000000000000000, 1.000000000000000000, 0.000000000000000000 ) ) ;
#585 = CARTESIAN_POINT ( 'NONE',  ( -2.730588545657089750, 0.1054847958467929059, -0.9602627043256296568 ) ) ;
#586 = ORIENTED_EDGE ( 'NONE', *, *, #5486, .F. ) ;
#587 = ORIENTED_EDGE ( 'NONE', *, *, #3625, .T. ) ;
#588 = CARTESIAN_POINT ( 'NONE',  ( -2.381868524081000249, 0.000000000000000000, 1.644664282159000068 ) ) ;
#589 = CARTESIAN_POINT ( 'NONE',  ( -5.656854249492000442, 0.000000000000000000, -5.656854249492000442 ) ) ;
#590 = EDGE_CURVE ( 'NONE', #2125, #3738, #939, .T. ) ;
#591 = AXIS2_PLACEMENT_3D ( 'NONE', #392, #2114, #1641 ) ;
#592 = VECTOR ( 'NONE', #1154, 1000.000000000000000 ) ;
#593 = CARTESIAN_POINT ( 'NONE',  ( -2.919454375276357094, 0.08046707882499901099, 0.02269409361372974610 ) ) ;
#594 = ORIENTED_EDGE ( 'NONE', *, *, #745, .T. ) ;
#595 = ORIENTED_EDGE ( 'NONE', *, *, #4023, .F. ) ;
#596 = AXIS2_PLACEMENT_3D ( 'NONE', #4492, #607, #1943 ) ;
#597 = DIRECTION ( 'NONE',  ( 0.000000000000000000, 1.000000000000000000, 0.000000000000000000 ) ) ;
#598 = CARTESIAN_POINT ( 'NONE',  ( 1.757062367557231886, 0.1054847958448537210, -2.300206534969821970 ) ) ;
#599 = CARTESIAN_POINT ( 'NONE',  ( -2.342787166492216411, 0.08227182555170482747, -1.739127274282414648 ) ) ;
#600 = AXIS2_PLACEMENT_3D ( 'NONE', #4162, #618, #4559 ) ;
#601 = EDGE_CURVE ( 'NONE', #2392, #2175, #1435, .T. ) ;
#602 = EDGE_CURVE ( 'NONE', #2076, #5362, #4896, .T. ) ;
#603 = DIRECTION ( 'NONE',  ( -1.322197771323653410E-18, 1.000000000000000000, 0.000000000000000000 ) ) ;
#604 = ORIENTED_EDGE ( 'NONE', *, *, #3374, .F. ) ;
#605 = DIRECTION ( 'NONE',  ( 0.000000000000000000, 0.000000000000000000, 1.000000000000000000 ) ) ;
#606 = CARTESIAN_POINT ( 'NONE',  ( -2.730588545662795852, 3.500000000000000000, -0.9602627043225958614 ) ) ;
#607 = DIRECTION ( 'NONE',  ( -1.000000000000000000, 0.000000000000000000, 0.000000000000000000 ) ) ;
#608 = FACE_OUTER_BOUND ( 'NONE', #5304, .T. ) ;
#609 = CIRCLE ( 'NONE', #1966, 1.350000000000000089 ) ;
#610 = AXIS2_PLACEMENT_3D ( 'NONE', #934, #3886, #4345 ) ;
#611 = EDGE_CURVE ( 'NONE', #3383, #3199, #3949, .T. ) ;
#612 = VERTEX_POINT ( 'NONE', #580 ) ;
#613 = CARTESIAN_POINT ( 'NONE',  ( -1.140209032233559183, 3.500000000000000000, 2.392158724418986804 ) ) ;
#614 = CARTESIAN_POINT ( 'NONE',  ( 0.000000000000000000, 0.000000000000000000, 0.000000000000000000 ) ) ;
#615 = CARTESIAN_POINT ( 'NONE',  ( -2.782213879139609602, 0.07858527843870505292, 0.8910827126302868217 ) ) ;
#616 = EDGE_LOOP ( 'NONE', ( #4087, #1339, #1249, #31 ) ) ;
#617 = ORIENTED_EDGE ( 'NONE', *, *, #5506, .F. ) ;
#618 = DIRECTION ( 'NONE',  ( 0.000000000000000000, -1.000000000000000000, 0.000000000000000000 ) ) ;
#619 = CARTESIAN_POINT ( 'NONE',  ( 1.757062367557052251, 0.1054847958450244177, 2.300206534969744254 ) ) ;
#620 = ORIENTED_EDGE ( 'NONE', *, *, #507, .F. ) ;
#621 = DIRECTION ( 'NONE',  ( 0.000000000000000000, 0.000000000000000000, 1.000000000000000000 ) ) ;
#622 = ORIENTED_EDGE ( 'NONE', *, *, #3367, .T. ) ;
#623 = ORIENTED_EDGE ( 'NONE', *, *, #507, .T. ) ;
#624 = CARTESIAN_POINT ( 'NONE',  ( 2.085665361460999900, 3.499999999999999556, -1.000000000000000000 ) ) ;
#625 = DIRECTION ( 'NONE',  ( 0.000000000000000000, -1.000000000000000000, 0.000000000000000000 ) ) ;
#626 = CARTESIAN_POINT ( 'NONE',  ( 2.736964635117722811, 0.1005945232466591843, -0.9568724774229812047 ) ) ;
#627 = DIRECTION ( 'NONE',  ( 0.000000000000000000, 0.000000000000000000, -1.000000000000000000 ) ) ;
#628 = EDGE_CURVE ( 'NONE', #2895, #1535, #4580, .T. ) ;
#629 = ORIENTED_EDGE ( 'NONE', *, *, #1183, .T. ) ;
#630 = AXIS2_PLACEMENT_3D ( 'NONE', #1194, #2099, #5514 ) ;
#631 = CARTESIAN_POINT ( 'NONE',  ( -1.180375299322999894, 3.500000000000000000, -2.316616962889999964 ) ) ;
#632 = ORIENTED_EDGE ( 'NONE', *, *, #3408, .F. ) ;
#633 = DIRECTION ( 'NONE',  ( 0.000000000000000000, 0.000000000000000000, 1.000000000000000000 ) ) ;
#634 = CARTESIAN_POINT ( 'NONE',  ( 2.683641389383999876, 0.000000000000000000, -0.8719679450367001650 ) ) ;
#635 = CARTESIAN_POINT ( 'NONE',  ( -0.8364329147907423323, 0.09922960516582056412, -2.777569991145556028 ) ) ;
#636 = CARTESIAN_POINT ( 'NONE',  ( -8.000000000000000000, 0.000000000000000000, 1.250000000000000000 ) ) ;
#637 = ADVANCED_FACE ( 'NONE', ( #2304 ), #22, .F. ) ;
#638 = VECTOR ( 'NONE', #206, 1000.000000000000000 ) ;
#639 = VERTEX_POINT ( 'NONE', #4353 ) ;
#640 = AXIS2_PLACEMENT_3D ( 'NONE', #2899, #5098, #5546 ) ;
#641 = CARTESIAN_POINT ( 'NONE',  ( -2.567989685546999912, 3.500000000000000000, -0.4067296091045999873 ) ) ;
#642 = CARTESIAN_POINT ( 'NONE',  ( -1.823620929131925195, 0.000000000000000000, -1.922734174770920790 ) ) ;
#643 = DIRECTION ( 'NONE',  ( 0.000000000000000000, 0.000000000000000000, -1.000000000000000000 ) ) ;
#644 = ADVANCED_FACE ( 'NONE', ( #5211 ), #4111, .F. ) ;
#645 = VERTEX_POINT ( 'NONE', #1488 ) ;
#646 = EDGE_CURVE ( 'NONE', #3578, #5362, #986, .T. ) ;
#647 = PRODUCT_CONTEXT ( 'NONE', #4115, 'mechanical' ) ;
#648 = DIRECTION ( 'NONE',  ( 0.000000000000000000, -0.000000000000000000, 1.000000000000000000 ) ) ;
#649 = DIRECTION ( 'NONE',  ( 0.000000000000000000, 1.000000000000000000, 0.000000000000000000 ) ) ;
#650 = VERTEX_POINT ( 'NONE', #4523 ) ;
#651 = CARTESIAN_POINT ( 'NONE',  ( -2.905976152676100543, 0.09352044089279813732, -0.05485894262190996878 ) ) ;
#652 = ORIENTED_EDGE ( 'NONE', *, *, #3303, .T. ) ;
#653 = ORIENTED_EDGE ( 'NONE', *, *, #3715, .F. ) ;
#654 = CARTESIAN_POINT ( 'NONE',  ( 0.000000000000000000, 3.500000000000000000, -2.921747544340000058 ) ) ;
#655 = FACE_OUTER_BOUND ( 'NONE', #2207, .T. ) ;
#656 = LINE ( 'NONE', #2383, #4439 ) ;
#657 = ORIENTED_EDGE ( 'NONE', *, *, #2703, .F. ) ;
#658 = CARTESIAN_POINT ( 'NONE',  ( 5.656854249492000442, 0.000000000000000000, 6.506854249492000086 ) ) ;
#659 = ORIENTED_EDGE ( 'NONE', *, *, #4023, .T. ) ;
#660 = EDGE_CURVE ( 'NONE', #718, #464, #4093, .T. ) ;
#661 = CARTESIAN_POINT ( 'NONE',  ( 0.000000000000000000, 3.500000000000000000, -8.000000000000000000 ) ) ;
#662 = CARTESIAN_POINT ( 'NONE',  ( -2.730588545662906874, 0.000000000000000000, -0.9602627043224238879 ) ) ;
#663 = DIRECTION ( 'NONE',  ( 0.000000000000000000, -1.000000000000000000, 0.000000000000000000 ) ) ;
#664 = CARTESIAN_POINT ( 'NONE',  ( 2.316616962889999964, 0.000000000000000000, -1.180375299322999894 ) ) ;
#665 = EDGE_LOOP ( 'NONE', ( #4471, #5565, #2117, #2146 ) ) ;
#666 = ADVANCED_FACE ( 'NONE', ( #2844 ), #5352, .F. ) ;
#667 = CARTESIAN_POINT ( 'NONE',  ( 5.500000000000000000, 2.999999999985902832, 0.000000000000000000 ) ) ;
#668 = CARTESIAN_POINT ( 'NONE',  ( 2.314610563004420918, 0.09605189444117746833, -1.753721212832161536 ) ) ;
#669 = FACE_OUTER_BOUND ( 'NONE', #1369, .T. ) ;
#670 = VERTEX_POINT ( 'NONE', #1942 ) ;
#671 = AXIS2_PLACEMENT_3D ( 'NONE', #3787, #2475, #4698 ) ;
#672 = APPLICATION_PROTOCOL_DEFINITION ( 'draft international standard', 'automotive_design', 1998, #4516 ) ;
#673 = DIRECTION ( 'NONE',  ( 0.000000000000000000, -1.000000000000000000, 0.000000000000000000 ) ) ;
#674 = ADVANCED_FACE ( 'NONE', ( #1088 ), #2792, .F. ) ;
#675 = EDGE_CURVE ( 'NONE', #2286, #1804, #3809, .T. ) ;
#676 = LINE ( 'NONE', #4133, #1878 ) ;
#677 = EDGE_LOOP ( 'NONE', ( #604, #2912, #4342, #4739 ) ) ;
#678 = CARTESIAN_POINT ( 'NONE',  ( 0.06946583704583239594, 0.000000000000000000, 2.893681524373930003 ) ) ;
#679 = ORIENTED_EDGE ( 'NONE', *, *, #4633, .F. ) ;
#680 = B_SPLINE_CURVE_WITH_KNOTS ( 'NONE', 3,
 ( #1556, #2395, #1922, #5475, #5419, #2851, #5446, #615, #5387, #3643, #2880, #4129, #729, #4931, #3702, #3219, #1528, #4586, #5050 ),
 .UNSPECIFIED., .F., .F.,
 ( 4, 3, 3, 3, 3, 3, 4 ),
 ( 6.186621027165474934E-18, 3.346688102109366596E-05, 6.101997884355251771E-05, 8.880801656068818537E-05, 0.0001132950656149441475, 0.0001385224882849042628, 0.0001645295473142781371 ),
 .UNSPECIFIED. ) ;
#681 = ORIENTED_EDGE ( 'NONE', *, *, #1613, .T. ) ;
#682 = FACE_OUTER_BOUND ( 'NONE', #3180, .T. ) ;
#683 = AXIS2_PLACEMENT_3D ( 'NONE', #1208, #2088, #3869 ) ;
#684 = DIRECTION ( 'NONE',  ( 0.000000000000000000, -1.000000000000000000, 0.000000000000000000 ) ) ;
#685 = CARTESIAN_POINT ( 'NONE',  ( 0.01430923546067967150, 0.07900891423896057308, 2.920964019437378489 ) ) ;
#686 = VECTOR ( 'NONE', #3067, 1000.000000000000000 ) ;
#687 = ORIENTED_EDGE ( 'NONE', *, *, #131, .F. ) ;
#688 = CIRCLE ( 'NONE', #4581, 0.2500000000570465897 ) ;
#689 = PLANE ( 'NONE',  #1431 ) ;
#690 = VERTEX_POINT ( 'NONE', #5411 ) ;
#691 = FACE_BOUND ( 'NONE', #475, .T. ) ;
#692 = CARTESIAN_POINT ( 'NONE',  ( 0.05485894262191019083, 0.09352044089279830386, -2.905976152676100543 ) ) ;
#693 = CARTESIAN_POINT ( 'NONE',  ( -0.8610630698948201767, 0.08666564045089826529, -2.783183352975570291 ) ) ;
#694 = DIRECTION ( 'NONE',  ( 0.000000000000000000, -1.000000000000000000, 0.000000000000000000 ) ) ;
#695 = EDGE_LOOP ( 'NONE', ( #1496, #3056 ) ) ;
#696 = CARTESIAN_POINT ( 'NONE',  ( 0.000000000000000000, 0.000000000000000000, 0.000000000000000000 ) ) ;
#697 = LINE ( 'NONE', #1034, #4754 ) ;
#698 = LINE ( 'NONE', #3734, #2215 ) ;
#699 = AXIS2_PLACEMENT_3D ( 'NONE', #4019, #515, #3936 ) ;
#700 = ORIENTED_EDGE ( 'NONE', *, *, #131, .T. ) ;
#701 = EDGE_CURVE ( 'NONE', #3132, #1244, #4304, .T. ) ;
#702 = CIRCLE ( 'NONE', #4501, 0.8500000000000000888 ) ;
#703 = AXIS2_PLACEMENT_3D ( 'NONE', #1647, #4282, #1729 ) ;
#704 = DIRECTION ( 'NONE',  ( 0.000000000000000000, 0.000000000000000000, -1.000000000000000000 ) ) ;
#705 = CARTESIAN_POINT ( 'NONE',  ( -9.650000000000000355, 3.500000000000000000, -1.250000000000000000 ) ) ;
#706 = EDGE_LOOP ( 'NONE', ( #1940, #4388, #5002, #4934, #988, #3220, #5221, #1252 ) ) ;
#707 = CARTESIAN_POINT ( 'NONE',  ( -0.04259303140830703049, 0.08711791873549386278, -2.912579180130799639 ) ) ;
#708 = ORIENTED_EDGE ( 'NONE', *, *, #602, .F. ) ;
#709 = EDGE_CURVE ( 'NONE', #3409, #4843, #1519, .T. ) ;
#710 = ORIENTED_EDGE ( 'NONE', *, *, #5397, .F. ) ;
#711 = DIRECTION ( 'NONE',  ( 0.000000000000000000, 1.000000000000000000, 0.000000000000000000 ) ) ;
#712 = CARTESIAN_POINT ( 'NONE',  ( 0.000000000000000000, 0.3499999999999999778, 0.000000000000000000 ) ) ;
#713 = FACE_OUTER_BOUND ( 'NONE', #291, .T. ) ;
#714 = ORIENTED_EDGE ( 'NONE', *, *, #4271, .T. ) ;
#715 = VECTOR ( 'NONE', #3328, 1000.000000000000000 ) ;
#716 = EDGE_CURVE ( 'NONE', #5033, #3546, #13, .T. ) ;
#717 = EDGE_CURVE ( 'NONE', #2897, #1074, #2540, .T. ) ;
#718 = VERTEX_POINT ( 'NONE', #606 ) ;
#719 = VERTEX_POINT ( 'NONE', #193 ) ;
#720 = CARTESIAN_POINT ( 'NONE',  ( -0.06946583704583239594, 0.000000000000000000, 2.893681524373930003 ) ) ;
#721 = DIRECTION ( 'NONE',  ( -0.000000000000000000, 1.000000000000000000, -0.000000000000000000 ) ) ;
#722 = CARTESIAN_POINT ( 'NONE',  ( -0.8458220615676150800, 0.09352044089315095232, -2.780699901764167148 ) ) ;
#723 = FACE_OUTER_BOUND ( 'NONE', #3455, .T. ) ;
#724 = CIRCLE ( 'NONE', #5171, 0.09999999999999982514 ) ;
#725 = ORIENTED_EDGE ( 'NONE', *, *, #1292, .T. ) ;
#726 = CARTESIAN_POINT ( 'NONE',  ( 2.605495114974500481, 0.3499999999930269445, 0.4836271351398847562 ) ) ;
#727 = CARTESIAN_POINT ( 'NONE',  ( 2.381868524080617888, 0.1054847958446691741, -1.644664282155719137 ) ) ;
#728 = VECTOR ( 'NONE', #2433, 1000.000000000000000 ) ;
#729 = CARTESIAN_POINT ( 'NONE',  ( -2.764986532915078676, 0.08275907220435635425, 0.9301312291940395660 ) ) ;
#730 = CARTESIAN_POINT ( 'NONE',  ( 2.370074274387994340, 5.400000000000000355, -0.7954545454544984517 ) ) ;
#731 = B_SPLINE_CURVE_WITH_KNOTS ( 'NONE', 3,
 ( #2891, #2941, #3372, #3743, #3799, #4197, #2437, #1648, #4143, #375, #3717, #791, #5091, #3824, #2519, #2098, #3290, #3319, #3346 ),
 .UNSPECIFIED., .F., .F.,
 ( 4, 3, 3, 3, 3, 3, 4 ),
 ( 3.969977877047988085E-15, 3.346688102100738379E-05, 6.101997884342813940E-05, 8.880801656052391519E-05, 0.0001132950656147635330, 0.0001385224882847296791, 0.0001645295473103613754 ),
 .UNSPECIFIED. ) ;
#732 = DIRECTION ( 'NONE',  ( 0.000000000000000000, -1.000000000000000000, 0.000000000000000000 ) ) ;
#733 = DIRECTION ( 'NONE',  ( -0.000000000000000000, -1.000000000000000000, -0.000000000000000000 ) ) ;
#734 = ADVANCED_FACE ( 'NONE', ( #1915 ), #4717, .T. ) ;
#735 = LINE ( 'NONE', #261, #728 ) ;
#736 = EDGE_LOOP ( 'NONE', ( #1552, #4193, #906, #20 ) ) ;
#737 = EDGE_LOOP ( 'NONE', ( #5257, #3932, #3855, #1838 ) ) ;
#738 = DIRECTION ( 'NONE',  ( 0.000000000000000000, -1.000000000000000000, 0.000000000000000000 ) ) ;
#739 = DIRECTION ( 'NONE',  ( 0.000000000000000000, 0.000000000000000000, -1.000000000000000000 ) ) ;
#740 = DIRECTION ( 'NONE',  ( 0.000000000000000000, -1.000000000000000000, 0.000000000000000000 ) ) ;
#741 = VERTEX_POINT ( 'NONE', #823 ) ;
#742 = ORIENTED_EDGE ( 'NONE', *, *, #3478, .T. ) ;
#743 = ORIENTED_EDGE ( 'NONE', *, *, #879, .T. ) ;
#744 = EDGE_CURVE ( 'NONE', #981, #3376, #5200, .T. ) ;
#745 = EDGE_CURVE ( 'NONE', #828, #4329, #1226, .T. ) ;
#746 = CARTESIAN_POINT ( 'NONE',  ( 0.000000000000000000, 0.2000000000002156164, 0.000000000000000000 ) ) ;
#747 = LINE ( 'NONE', #5180, #4265 ) ;
#748 = DIRECTION ( 'NONE',  ( 0.1736481776669022981, -0.000000000000000000, 0.9848077530122131273 ) ) ;
#749 = DIRECTION ( 'NONE',  ( 0.000000000000000000, 1.000000000000000000, 0.000000000000000000 ) ) ;
#750 = AXIS2_PLACEMENT_3D ( 'NONE', #3960, #2253, #118 ) ;
#751 = ORIENTED_EDGE ( 'NONE', *, *, #4474, .T. ) ;
#752 = CARTESIAN_POINT ( 'NONE',  ( 5.656854249492000442, 3.500000000000000000, -5.656854249492000442 ) ) ;
#753 = CYLINDRICAL_SURFACE ( 'NONE', #949, 1.250000000000000000 ) ;
#754 = CARTESIAN_POINT ( 'NONE',  ( -0.8417478152946443748, 0.09605189444136016941, 2.779284218311394383 ) ) ;
#755 = CARTESIAN_POINT ( 'NONE',  ( -3.580681653488686149E-07, 4.910000389259039366, -2.649999847552236609 ) ) ;
#756 = DIRECTION ( 'NONE',  ( 1.000000000000000000, 0.000000000000000000, -0.000000000000000000 ) ) ;
#757 = FACE_OUTER_BOUND ( 'NONE', #1163, .T. ) ;
#758 = ORIENTED_EDGE ( 'NONE', *, *, #423, .T. ) ;
#759 = ORIENTED_EDGE ( 'NONE', *, *, #4838, .T. ) ;
#760 = ADVANCED_FACE ( 'NONE', ( #2551 ), #4289, .F. ) ;
#761 = CARTESIAN_POINT ( 'NONE',  ( 2.375227457441217105, 0.08046707882512332821, 1.697652319122445075 ) ) ;
#762 = CARTESIAN_POINT ( 'NONE',  ( -0.008954307935522163100, 0.07825245564590277425, 2.921747544340000058 ) ) ;
#763 = PLANE ( 'NONE',  #630 ) ;
#764 = ORIENTED_EDGE ( 'NONE', *, *, #1338, .T. ) ;
#765 = VERTEX_POINT ( 'NONE', #1602 ) ;
#766 = EDGE_CURVE ( 'NONE', #3720, #3632, #1254, .T. ) ;
#767 = ORIENTED_EDGE ( 'NONE', *, *, #1444, .T. ) ;
#768 = LINE ( 'NONE', #3830, #2522 ) ;
#769 = CARTESIAN_POINT ( 'NONE',  ( 0.000000000000000000, 3.200000000000000178, 0.000000000000000000 ) ) ;
#770 = AXIS2_PLACEMENT_3D ( 'NONE', #5270, #1380, #2613 ) ;
#771 = DIRECTION ( 'NONE',  ( 0.000000000000000000, 0.000000000000000000, -1.000000000000000000 ) ) ;
#772 = CYLINDRICAL_SURFACE ( 'NONE', #525, 4.000000000000000000 ) ;
#773 = ADVANCED_FACE ( 'NONE', ( #5597 ), #3894, .F. ) ;
#774 = EDGE_CURVE ( 'NONE', #3202, #5340, #747, .T. ) ;
#775 = AXIS2_PLACEMENT_3D ( 'NONE', #4918, #2751, #627 ) ;
#776 = ORIENTED_EDGE ( 'NONE', *, *, #1964, .T. ) ;
#777 = DIRECTION ( 'NONE',  ( 0.000000000000000000, -1.000000000000000000, 0.000000000000000000 ) ) ;
#778 = CARTESIAN_POINT ( 'NONE',  ( -7.072238894512000529E-08, 4.910001162102162198, -7.060543293687521205E-07 ) ) ;
#779 = CARTESIAN_POINT ( 'NONE',  ( 2.304588613344430215, 4.790146666079193594, 0.9142797226159942170 ) ) ;
#780 = ADVANCED_FACE ( 'NONE', ( #3329 ), #3806, .F. ) ;
#781 = AXIS2_PLACEMENT_3D ( 'NONE', #338, #5554, #5135 ) ;
#782 = B_SPLINE_CURVE_WITH_KNOTS ( 'NONE', 3,
 ( #2694, #441, #5263, #3089, #3946, #4430, #4827, #2665, #552, #134, #2243, #1849, #3573, #467, #5318, #2160, #17, #1738, #3459 ),
 .UNSPECIFIED., .F., .F.,
 ( 4, 3, 3, 3, 3, 3, 4 ),
 ( 3.926111115655260219E-15, 3.346688102112867214E-05, 6.101997884359507265E-05, 8.880801656073895314E-05, 0.0001132950656149916084, 0.0001385224882849331297, 0.0001645295473117786445 ),
 .UNSPECIFIED. ) ;
#783 = CARTESIAN_POINT ( 'NONE',  ( 0.000000000000000000, 3.300000000000200995, 0.000000000000000000 ) ) ;
#784 = CARTESIAN_POINT ( 'NONE',  ( 0.8346213528832153727, 0.1005945232467747030, -2.776686433367190343 ) ) ;
#785 = DIRECTION ( 'NONE',  ( -0.000000000000000000, -1.000000000000000000, -0.000000000000000000 ) ) ;
#786 = CIRCLE ( 'NONE', #4323, 1.250000000000000000 ) ;
#787 = ORIENTED_EDGE ( 'NONE', *, *, #2083, .F. ) ;
#788 = CIRCLE ( 'NONE', #5237, 0.8500000000000000888 ) ;
#789 = VERTEX_POINT ( 'NONE', #1174 ) ;
#790 = CARTESIAN_POINT ( 'NONE',  ( 0.8820786726387381815, 0.08043333791908206798, 2.783128942310772569 ) ) ;
#791 = CARTESIAN_POINT ( 'NONE',  ( 2.783578968231166684, 0.08046707882547227131, 0.8805776506495933686 ) ) ;
#792 = CARTESIAN_POINT ( 'NONE',  ( 0.000000000000000000, 3.500000000000000000, 0.000000000000000000 ) ) ;
#793 = VERTEX_POINT ( 'NONE', #2469 ) ;
#794 = ORIENTED_EDGE ( 'NONE', *, *, #2720, .F. ) ;
#795 = ORIENTED_EDGE ( 'NONE', *, *, #428, .F. ) ;
#796 = B_SPLINE_CURVE_WITH_KNOTS ( 'NONE', 3,
 ( #235, #3235, #5434, #1454 ),
 .UNSPECIFIED., .F., .F.,
 ( 4, 4 ),
 ( 2.101122550282813512E-18, 0.0004546461370035710420 ),
 .UNSPECIFIED. ) ;
#797 = FILL_AREA_STYLE ('',( #406 ) ) ;
#798 = DIRECTION ( 'NONE',  ( 0.000000000000000000, -1.000000000000000000, 0.000000000000000000 ) ) ;
#799 = CARTESIAN_POINT ( 'NONE',  ( -2.893681524369284386, 0.1054847958466494789, -0.06946583705071332493 ) ) ;
#800 = CARTESIAN_POINT ( 'NONE',  ( -2.750000000000000000, 3.499999999923351091, -4.763139720814000277 ) ) ;
#801 = AXIS2_PLACEMENT_3D ( 'NONE', #1328, #3993, #4421 ) ;
#802 = ORIENTED_EDGE ( 'NONE', *, *, #1743, .T. ) ;
#803 = CARTESIAN_POINT ( 'NONE',  ( -1.922734174771052462, 0.000000000000000000, -1.823620929132296453 ) ) ;
#804 = LINE ( 'NONE', #1234, #403 ) ;
#805 = EDGE_CURVE ( 'NONE', #5096, #1626, #374, .T. ) ;
#806 = CYLINDRICAL_SURFACE ( 'NONE', #1768, 2.649999999999999911 ) ;
#807 = CIRCLE ( 'NONE', #4993, 4.000000000000000000 ) ;
#808 = DIRECTION ( 'NONE',  ( 0.000000000000000000, -1.000000000000000000, 0.000000000000000000 ) ) ;
#809 = DIRECTION ( 'NONE',  ( -0.8987940462991644841, 0.000000000000000000, -0.4383711467890826774 ) ) ;
#810 = EDGE_CURVE ( 'NONE', #2392, #4503, #4806, .T. ) ;
#811 = EDGE_CURVE ( 'NONE', #3738, #4494, #3000, .T. ) ;
#812 = CIRCLE ( 'NONE', #4441, 2.649999999999999911 ) ;
#813 = ORIENTED_EDGE ( 'NONE', *, *, #455, .T. ) ;
#814 = ORIENTED_EDGE ( 'NONE', *, *, #4172, .T. ) ;
#815 = CARTESIAN_POINT ( 'NONE',  ( 0.9568724774229812047, 0.1005945232466591427, 2.736964635117722811 ) ) ;
#816 = CARTESIAN_POINT ( 'NONE',  ( -10.94999999999999929, 3.500000000000000000, 1.250000000000000000 ) ) ;
#817 = DIRECTION ( 'NONE',  ( -0.000000000000000000, 1.000000000000000000, -0.000000000000000000 ) ) ;
#818 = FACE_BOUND ( 'NONE', #4940, .T. ) ;
#819 = ORIENTED_EDGE ( 'NONE', *, *, #1298, .F. ) ;
#820 = ORIENTED_EDGE ( 'NONE', *, *, #5215, .F. ) ;
#821 = ORIENTED_EDGE ( 'NONE', *, *, #2052, .T. ) ;
#822 = CYLINDRICAL_SURFACE ( 'NONE', #3251, 2.649999999999999911 ) ;
#823 = CARTESIAN_POINT ( 'NONE',  ( -9.971960689855581705, 3.499999999998789857, 1.250000000000000000 ) ) ;
#824 = DIRECTION ( 'NONE',  ( -0.000000000000000000, -1.000000000000000000, 0.000000000000000000 ) ) ;
#825 = DIRECTION ( 'NONE',  ( 0.000000000000000000, 0.000000000000000000, 1.000000000000000000 ) ) ;
#826 = CIRCLE ( 'NONE', #4272, 0.8500000000000000888 ) ;
#827 = EDGE_CURVE ( 'NONE', #3548, #5437, #2176, .T. ) ;
#828 = VERTEX_POINT ( 'NONE', #2051 ) ;
#829 = CARTESIAN_POINT ( 'NONE',  ( 10.04689006608602142, 3.499999999999137135, -0.2500000000000000000 ) ) ;
#830 = DIRECTION ( 'NONE',  ( 0.000000000000000000, 0.000000000000000000, 1.000000000000000000 ) ) ;
#831 = DIRECTION ( 'NONE',  ( 0.000000000000000000, 0.000000000000000000, -1.000000000000000000 ) ) ;
#832 = ADVANCED_FACE ( 'NONE', ( #1200 ), #1736, .F. ) ;
#833 = DIRECTION ( 'NONE',  ( 0.000000000000000000, -0.000000000000000000, -1.000000000000000000 ) ) ;
#834 = CARTESIAN_POINT ( 'NONE',  ( 0.8281308303577999963, 0.000000000000000000, 2.773520794013999868 ) ) ;
#835 = CARTESIAN_POINT ( 'NONE',  ( 1.757062367557000071, 0.000000000000000000, -2.300206534972999872 ) ) ;
#836 = VERTEX_POINT ( 'NONE', #1797 ) ;
#837 = ORIENTED_EDGE ( 'NONE', *, *, #2788, .T. ) ;
#838 = ADVANCED_FACE ( 'NONE', ( #3489 ), #3990, .F. ) ;
#839 = CARTESIAN_POINT ( 'NONE',  ( -2.381679127439856547, 0.08899429837533530396, 1.673785747557480219 ) ) ;
#840 = DIRECTION ( 'NONE',  ( 0.000000000000000000, 0.000000000000000000, 1.000000000000000000 ) ) ;
#841 = CARTESIAN_POINT ( 'NONE',  ( 0.9069178434375263498, 3.500000000000000000, 1.000000000000000000 ) ) ;
#842 = CARTESIAN_POINT ( 'NONE',  ( -0.8281308303519556713, 0.1054847958469721930, -2.773520794011109292 ) ) ;
#843 = VERTEX_POINT ( 'NONE', #551 ) ;
#844 = ORIENTED_EDGE ( 'NONE', *, *, #100, .F. ) ;
#845 = B_SPLINE_CURVE_WITH_KNOTS ( 'NONE', 3,
 ( #2527, #382, #5126, #1685 ),
 .UNSPECIFIED., .F., .F.,
 ( 4, 4 ),
 ( 2.061095705675409137E-16, 0.0004546461370073196710 ),
 .UNSPECIFIED. ) ;
#846 = VERTEX_POINT ( 'NONE', #5289 ) ;
#847 = LINE ( 'NONE', #907, #344 ) ;
#848 = CARTESIAN_POINT ( 'NONE',  ( -5.656854249492000442, 3.500000000000000000, 5.656854249492000442 ) ) ;
#849 = DIRECTION ( 'NONE',  ( 0.000000000000000000, 0.000000000000000000, 1.000000000000000000 ) ) ;
#850 = AXIS2_PLACEMENT_3D ( 'NONE', #4043, #1009, #2677 ) ;
#851 = DIRECTION ( 'NONE',  ( 0.7193398003386733963, 0.000000000000000000, -0.6946583704589742725 ) ) ;
#852 = ORIENTED_EDGE ( 'NONE', *, *, #2328, .F. ) ;
#853 = CIRCLE ( 'NONE', #5309, 2.649999999999999911 ) ;
#854 = DIRECTION ( 'NONE',  ( 0.000000000000000000, 1.000000000000000000, 0.000000000000000000 ) ) ;
#855 = FACE_OUTER_BOUND ( 'NONE', #3099, .T. ) ;
#856 = DIRECTION ( 'NONE',  ( 0.000000000000000000, 0.000000000000000000, -1.000000000000000000 ) ) ;
#857 = ORIENTED_EDGE ( 'NONE', *, *, #3118, .T. ) ;
#858 = EDGE_CURVE ( 'NONE', #4344, #4082, #4354, .T. ) ;
#859 = VECTOR ( 'NONE', #4610, 1000.000000000000000 ) ;
#860 = VECTOR ( 'NONE', #5158, 1000.000000000000000 ) ;
#861 = DIRECTION ( 'NONE',  ( 0.000000000000000000, 0.000000000000000000, -1.000000000000000000 ) ) ;
#862 = CARTESIAN_POINT ( 'NONE',  ( 2.300206534969744254, 0.1054847958450244177, -1.757062367557052251 ) ) ;
#863 = CARTESIAN_POINT ( 'NONE',  ( -10.17349497468815400, 0.2000000000003585299, 1.249999999999873435 ) ) ;
#864 = EDGE_CURVE ( 'NONE', #4643, #4227, #3551, .T. ) ;
#865 = ORIENTED_EDGE ( 'NONE', *, *, #4383, .F. ) ;
#866 = ORIENTED_EDGE ( 'NONE', *, *, #3501, .T. ) ;
#867 = DIRECTION ( 'NONE',  ( -0.000000000000000000, 1.000000000000000000, -0.000000000000000000 ) ) ;
#868 = AXIS2_PLACEMENT_3D ( 'NONE', #142, #2198, #53 ) ;
#869 = CIRCLE ( 'NONE', #2776, 2.649999999999999911 ) ;
#870 = CARTESIAN_POINT ( 'NONE',  ( -2.893681524374000169, 3.500000000000000000, -0.06946583704589999464 ) ) ;
#871 = DIRECTION ( 'NONE',  ( 0.000000000000000000, -1.000000000000000000, 0.000000000000000000 ) ) ;
#872 = ADVANCED_FACE ( 'NONE', ( #4826 ), #3029, .F. ) ;
#873 = ORIENTED_EDGE ( 'NONE', *, *, #4383, .T. ) ;
#874 = AXIS2_PLACEMENT_3D ( 'NONE', #4937, #2036, #2771 ) ;
#875 = ORIENTED_EDGE ( 'NONE', *, *, #3388, .T. ) ;
#876 = ORIENTED_EDGE ( 'NONE', *, *, #4018, .F. ) ;
#877 = DIRECTION ( 'NONE',  ( -0.000000000000000000, -1.000000000000000000, -0.000000000000000000 ) ) ;
#878 = DIRECTION ( 'NONE',  ( 0.000000000000000000, 0.000000000000000000, 1.000000000000000000 ) ) ;
#879 = EDGE_CURVE ( 'NONE', #1105, #1871, #2721, .T. ) ;
#880 = LINE ( 'NONE', #4002, #4950 ) ;
#881 = CARTESIAN_POINT ( 'NONE',  ( -10.10632188809648468, 0.1333282869393195291, -1.250000000000000000 ) ) ;
#882 = VERTEX_POINT ( 'NONE', #466 ) ;
#883 = CARTESIAN_POINT ( 'NONE',  ( -0.6007391076330638180, 0.2724669240245464197, 2.662614440470653765 ) ) ;
#884 = DIRECTION ( 'NONE',  ( -0.000000000000000000, -1.000000000000000000, -0.000000000000000000 ) ) ;
#885 = CARTESIAN_POINT ( 'NONE',  ( 2.893681524374000169, 3.500000000000000000, 0.06946583704589999464 ) ) ;
#886 = CARTESIAN_POINT ( 'NONE',  ( -0.008954307935158091480, 0.07825245564585567304, -2.921747544340048464 ) ) ;
#887 = ORIENTED_EDGE ( 'NONE', *, *, #4976, .T. ) ;
#888 = VECTOR ( 'NONE', #1461, 1000.000000000000000 ) ;
#889 = DIRECTION ( 'NONE',  ( 0.000000000000000000, 0.000000000000000000, -1.000000000000000000 ) ) ;
#890 = FACE_OUTER_BOUND ( 'NONE', #498, .T. ) ;
#891 = DIRECTION ( 'NONE',  ( 0.000000000000000000, 0.000000000000000000, -1.000000000000000000 ) ) ;
#892 = VERTEX_POINT ( 'NONE', #908 ) ;
#893 = VERTEX_POINT ( 'NONE', #1396 ) ;
#894 = AXIS2_PLACEMENT_3D ( 'NONE', #5005, #3630, #1024 ) ;
#895 = DIRECTION ( 'NONE',  ( 0.000000000000000000, 0.000000000000000000, 1.000000000000000000 ) ) ;
#896 = CARTESIAN_POINT ( 'NONE',  ( -9.949999999999999289, 0.000000000000000000, 1.250000000000000000 ) ) ;
#897 = ADVANCED_FACE ( 'NONE', ( #2635 ), #2270, .F. ) ;
#898 = DIRECTION ( 'NONE',  ( 0.000000000000000000, 0.000000000000000000, -1.000000000000000000 ) ) ;
#899 = LINE ( 'NONE', #870, #3666 ) ;
#900 = CARTESIAN_POINT ( 'NONE',  ( -2.717935407435546846, 0.2724669240244513846, 0.2514562686657891843 ) ) ;
#901 = CIRCLE ( 'NONE', #5535, 0.09999999999999982514 ) ;
#902 = ORIENTED_EDGE ( 'NONE', *, *, #943, .F. ) ;
#903 = ORIENTED_EDGE ( 'NONE', *, *, #4030, .F. ) ;
#904 = EDGE_CURVE ( 'NONE', #3740, #3033, #2268, .T. ) ;
#905 = AXIS2_PLACEMENT_3D ( 'NONE', #4182, #4639, #4204 ) ;
#906 = ORIENTED_EDGE ( 'NONE', *, *, #2224, .F. ) ;
#907 = CARTESIAN_POINT ( 'NONE',  ( 2.893681524374000169, 0.000000000000000000, 0.06946583704589999464 ) ) ;
#908 = CARTESIAN_POINT ( 'NONE',  ( -2.750000000000000000, 3.499999999923351091, -4.013139720831735424 ) ) ;
#909 = CARTESIAN_POINT ( 'NONE',  ( -2.328524103572782611, 0.3499999999946269424, 1.265099007616780069 ) ) ;
#910 = B_SPLINE_CURVE_WITH_KNOTS ( 'NONE', 3,
 ( #2085, #3334, #4210, #387 ),
 .UNSPECIFIED., .F., .F.,
 ( 4, 4 ),
 ( 3.991321905936982943E-15, 0.0004546461370004148211 ),
 .UNSPECIFIED. ) ;
#911 = EDGE_CURVE ( 'NONE', #3327, #3199, #578, .T. ) ;
#912 = EDGE_CURVE ( 'NONE', #3971, #4004, #523, .T. ) ;
#913 = CARTESIAN_POINT ( 'NONE',  ( 1.530808498934191571E-16, 3.500000000000000000, -9.250000000000000000 ) ) ;
#914 = ORIENTED_EDGE ( 'NONE', *, *, #4489, .F. ) ;
#915 = PLANE ( 'NONE',  #1863 ) ;
#916 = CARTESIAN_POINT ( 'NONE',  ( -2.730588545663000577, 3.500000000000000000, -0.9602627043225999692 ) ) ;
#917 = FACE_OUTER_BOUND ( 'NONE', #145, .T. ) ;
#918 = ORIENTED_EDGE ( 'NONE', *, *, #2499, .F. ) ;
#919 = LINE ( 'NONE', #3902, #1514 ) ;
#920 = CARTESIAN_POINT ( 'NONE',  ( 8.000000000000000000, 3.500000000000000000, 0.000000000000000000 ) ) ;
#921 = CARTESIAN_POINT ( 'NONE',  ( -2.778260336641656281, 0.07787957361659506028, -0.9056168927133018132 ) ) ;
#922 = ORIENTED_EDGE ( 'NONE', *, *, #2161, .T. ) ;
#923 = VERTEX_POINT ( 'NONE', #962 ) ;
#924 = CYLINDRICAL_SURFACE ( 'NONE', #5141, 2.649999999999999911 ) ;
#925 = PLANE ( 'NONE',  #1237 ) ;
#926 = VECTOR ( 'NONE', #649, 1000.000000000000000 ) ;
#927 = PLANE ( 'NONE',  #5150 ) ;
#928 = LINE ( 'NONE', #4339, #3117 ) ;
#929 = CARTESIAN_POINT ( 'NONE',  ( -0.4836271351368074956, 0.3499999999947660534, -2.605495114973357840 ) ) ;
#930 = ORIENTED_EDGE ( 'NONE', *, *, #2605, .F. ) ;
#931 = ADVANCED_FACE ( 'NONE', ( #5317 ), #1426, .F. ) ;
#932 = EDGE_LOOP ( 'NONE', ( #283, #3321, #795, #93 ) ) ;
#933 = ORIENTED_EDGE ( 'NONE', *, *, #468, .F. ) ;
#934 = CARTESIAN_POINT ( 'NONE',  ( -0.8719679450367001650, 3.500000000000000000, -2.683641389383999876 ) ) ;
#935 = DIRECTION ( 'NONE',  ( 0.4694715627859091245, 0.000000000000000000, -0.8829475928589172185 ) ) ;
#936 = CARTESIAN_POINT ( 'NONE',  ( 1.658581592255000237, 3.500000000000000000, 2.282841717206999910 ) ) ;
#937 = PLANE ( 'NONE',  #1430 ) ;
#938 = ORIENTED_EDGE ( 'NONE', *, *, #1667, .F. ) ;
#939 = LINE ( 'NONE', #3527, #686 ) ;
#940 = PLANE ( 'NONE',  #1502 ) ;
#941 = DIRECTION ( 'NONE',  ( 0.000000000000000000, -0.000000000000000000, 1.000000000000000000 ) ) ;
#942 = ORIENTED_EDGE ( 'NONE', *, *, #3234, .F. ) ;
#943 = EDGE_CURVE ( 'NONE', #1484, #3484, #2003, .T. ) ;
#944 = B_SPLINE_CURVE_WITH_KNOTS ( 'NONE', 3,
 ( #1972, #635, #722, #2820, #693, #2363, #3697 ),
 .UNSPECIFIED., .F., .F.,
 ( 4, 3, 4 ),
 ( 6.289438603253935614E-18, 3.346688102108189559E-05, 5.064195542760835178E-05 ),
 .UNSPECIFIED. ) ;
#945 = CIRCLE ( 'NONE', #5040, 10.04999999999800231 ) ;
#946 = FACE_OUTER_BOUND ( 'NONE', #3197, .T. ) ;
#947 = CARTESIAN_POINT ( 'NONE',  ( 0.06946583704828379613, 0.1054847958443624473, -2.893681524371630509 ) ) ;
#948 = CYLINDRICAL_SURFACE ( 'NONE', #3760, 0.1000000000000000472 ) ;
#949 = AXIS2_PLACEMENT_3D ( 'NONE', #1690, #1181, #5551 ) ;
#950 = EDGE_CURVE ( 'NONE', #3941, #2539, #3438, .T. ) ;
#951 = ORIENTED_EDGE ( 'NONE', *, *, #4715, .T. ) ;
#952 = ORIENTED_EDGE ( 'NONE', *, *, #3996, .T. ) ;
#953 = DIRECTION ( 'NONE',  ( 0.000000000000000000, 1.000000000000000000, 0.000000000000000000 ) ) ;
#954 = CARTESIAN_POINT ( 'NONE',  ( -2.321792590102041753, 0.09214600728035242383, 1.750683869646621371 ) ) ;
#955 = DIRECTION ( 'NONE',  ( 0.8987940462991643731, -0.000000000000000000, 0.4383711467890826219 ) ) ;
#956 = CARTESIAN_POINT ( 'NONE',  ( 0.9602627043241499516, 0.1054847958445215700, 2.730588545660018074 ) ) ;
#957 = EDGE_LOOP ( 'NONE', ( #3238, #787 ) ) ;
#958 = ORIENTED_EDGE ( 'NONE', *, *, #3160, .F. ) ;
#959 = VECTOR ( 'NONE', #148, 999.9999999999998863 ) ;
#960 = VECTOR ( 'NONE', #749, 1000.000000000000000 ) ;
#961 = CARTESIAN_POINT ( 'NONE',  ( -5.656854249492000442, 0.000000000000000000, 5.656854249492000442 ) ) ;
#962 = CARTESIAN_POINT ( 'NONE',  ( 2.370074260335170990, 4.805001176645783190, 0.7954545872598232092 ) ) ;
#963 = CARTESIAN_POINT ( 'NONE',  ( -0.9568724774229812047, 0.1005945232466591704, -2.736964635117722811 ) ) ;
#964 = CIRCLE ( 'NONE', #2503, 2.649999999999999911 ) ;
#965 = CONICAL_SURFACE ( 'NONE', #3502, 0.7499999999822648533, 0.7853981633974482790 ) ;
#966 = VECTOR ( 'NONE', #135, 1000.000000000000000 ) ;
#967 = CARTESIAN_POINT ( 'NONE',  ( -5.656854249492000442, 3.500000000000000000, 4.806854249491999909 ) ) ;
#968 = ORIENTED_EDGE ( 'NONE', *, *, #4440, .T. ) ;
#969 = EDGE_CURVE ( 'NONE', #1918, #2040, #2357, .T. ) ;
#970 = DIRECTION ( 'NONE',  ( 0.000000000000000000, -0.000000000000000000, 1.000000000000000000 ) ) ;
#971 = B_SPLINE_CURVE_WITH_KNOTS ( 'NONE', 3,
 ( #4384, #2225, #5017, #1468 ),
 .UNSPECIFIED., .F., .F.,
 ( 4, 4 ),
 ( 0.000000000000000000, 1.000000000000000000 ),
 .UNSPECIFIED. ) ;
#972 = CARTESIAN_POINT ( 'NONE',  ( 2.893681524371630509, 0.1054847958443624473, 0.06946583704828379613 ) ) ;
#973 = DIRECTION ( 'NONE',  ( 0.000000000000000000, -1.000000000000000000, 0.000000000000000000 ) ) ;
#974 = ORIENTED_EDGE ( 'NONE', *, *, #3858, .F. ) ;
#975 = B_SPLINE_CURVE_WITH_KNOTS ( 'NONE', 3,
 ( #5255, #2658, #1365, #3082 ),
 .UNSPECIFIED., .F., .F.,
 ( 4, 4 ),
 ( 2.170092942239355317E-16, 0.0004546461370079536582 ),
 .UNSPECIFIED. ) ;
#976 = CARTESIAN_POINT ( 'NONE',  ( -10.15567650327770366, 3.366668457007936155, 0.7500000000000000000 ) ) ;
#977 = EDGE_CURVE ( 'NONE', #1453, #765, #3691, .T. ) ;
#978 = CARTESIAN_POINT ( 'NONE',  ( 1.780245875923146315, 4.910000618424795071, 1.962962835785782456 ) ) ;
#979 = CARTESIAN_POINT ( 'NONE',  ( -2.780538960104422141, 0.07845275834219771205, -0.8966835431172809345 ) ) ;
#980 = ORIENTED_EDGE ( 'NONE', *, *, #373, .F. ) ;
#981 = VERTEX_POINT ( 'NONE', #598 ) ;
#982 = DIRECTION ( 'NONE',  ( 0.000000000000000000, -1.000000000000000000, 0.000000000000000000 ) ) ;
#983 = CARTESIAN_POINT ( 'NONE',  ( 1.265099007616710125, 0.3499999999946366014, 2.328524103572536141 ) ) ;
#984 = EDGE_CURVE ( 'NONE', #5093, #5447, #1358, .T. ) ;
#985 = DIRECTION ( 'NONE',  ( 0.000000000000000000, 1.000000000000000000, 0.000000000000000000 ) ) ;
#986 = B_SPLINE_CURVE_WITH_KNOTS ( 'NONE', 3,
 ( #274, #5013, #692, #2361, #3663, #4985, #3636, #1059, #1885, #4952 ),
 .UNSPECIFIED., .F., .F.,
 ( 4, 3, 3, 4 ),
 ( 4.026335782421613490E-15, 3.346688102135651045E-05, 6.101997884400587685E-05, 8.227866095231818654E-05 ),
 .UNSPECIFIED. ) ;
#987 = DIRECTION ( 'NONE',  ( 0.8829475928589172185, 0.000000000000000000, -0.4694715627859091245 ) ) ;
#988 = ORIENTED_EDGE ( 'NONE', *, *, #4856, .F. ) ;
#989 = VECTOR ( 'NONE', #3911, 1000.000000000000114 ) ;
#990 = ORIENTED_EDGE ( 'NONE', *, *, #950, .F. ) ;
#991 = CIRCLE ( 'NONE', #1811, 1.350000000000000089 ) ;
#992 = VECTOR ( 'NONE', #1102, 1000.000000000000000 ) ;
#993 = CARTESIAN_POINT ( 'NONE',  ( -2.750000000000000000, 3.499999999967964293, 4.763139720814000277 ) ) ;
#994 = CARTESIAN_POINT ( 'NONE',  ( 0.000000000000000000, 0.3499999999999999778, 0.000000000000000000 ) ) ;
#995 = CARTESIAN_POINT ( 'NONE',  ( 0.000000000000000000, 0.000000000000000000, 0.000000000000000000 ) ) ;
#996 = CIRCLE ( 'NONE', #3071, 1.250000000000000000 ) ;
#997 = ORIENTED_EDGE ( 'NONE', *, *, #827, .F. ) ;
#998 = CARTESIAN_POINT ( 'NONE',  ( -1.658581592255000237, 0.000000000000000000, 2.282841717206999910 ) ) ;
#999 = VERTEX_POINT ( 'NONE', #2812 ) ;
#1000 = DIRECTION ( 'NONE',  ( 0.000000000000000000, -1.000000000000000000, 0.000000000000000000 ) ) ;
#1001 = CARTESIAN_POINT ( 'NONE',  ( -1.757062367556625038, 0.000000000000000000, -2.300206534972934147 ) ) ;
#1002 = AXIS2_PLACEMENT_3D ( 'NONE', #1937, #4978, #2323 ) ;
#1003 = DIRECTION ( 'NONE',  ( -0.7193398003386733963, 0.000000000000000000, -0.6946583704589742725 ) ) ;
#1004 = CARTESIAN_POINT ( 'NONE',  ( 2.381868524081000249, 0.000000000000000000, -1.644664282159000068 ) ) ;
#1005 = ORIENTED_EDGE ( 'NONE', *, *, #2770, .F. ) ;
#1006 = EDGE_CURVE ( 'NONE', #3926, #3135, #1530, .T. ) ;
#1007 = CARTESIAN_POINT ( 'NONE',  ( -10.08882710651269576, 3.433335159451667451, 0.7500000000000000000 ) ) ;
#1008 = CARTESIAN_POINT ( 'NONE',  ( -10.94999999999999929, 3.500000000000000000, -0.7500000000000000000 ) ) ;
#1009 = DIRECTION ( 'NONE',  ( 0.000000000000000000, -1.000000000000000000, 0.000000000000000000 ) ) ;
#1010 = ORIENTED_EDGE ( 'NONE', *, *, #4195, .F. ) ;
#1011 = EDGE_CURVE ( 'NONE', #4082, #3941, #3687, .T. ) ;
#1012 = ORIENTED_EDGE ( 'NONE', *, *, #2294, .F. ) ;
#1013 = LINE ( 'NONE', #1327, #4587 ) ;
#1014 = DIRECTION ( 'NONE',  ( -0.7193398003386733963, 0.000000000000000000, -0.6946583704589742725 ) ) ;
#1015 = B_SPLINE_CURVE_WITH_KNOTS ( 'NONE', 3,
 ( #4927, #2193, #3951, #503 ),
 .UNSPECIFIED., .F., .F.,
 ( 4, 4 ),
 ( 1.304456189113303673E-16, 0.0002828856370223781246 ),
 .UNSPECIFIED. ) ;
#1016 = DIRECTION ( 'NONE',  ( -0.4694715627859091245, -0.000000000000000000, 0.8829475928589172185 ) ) ;
#1017 = CARTESIAN_POINT ( 'NONE',  ( 0.000000000000000000, 0.000000000000000000, 0.000000000000000000 ) ) ;
#1018 = ORIENTED_EDGE ( 'NONE', *, *, #4349, .F. ) ;
#1019 = EDGE_CURVE ( 'NONE', #230, #4685, #656, .T. ) ;
#1020 = EDGE_CURVE ( 'NONE', #4730, #3920, #3885, .T. ) ;
#1021 = ORIENTED_EDGE ( 'NONE', *, *, #5469, .T. ) ;
#1022 = VECTOR ( 'NONE', #2986, 1000.000000000000000 ) ;
#1023 = CARTESIAN_POINT ( 'NONE',  ( -1.079037353389237008, 0.2724669240241947010, 2.507205919751164025 ) ) ;
#1024 = DIRECTION ( 'NONE',  ( 0.000000000000000000, 0.000000000000000000, 1.000000000000000000 ) ) ;
#1025 = CARTESIAN_POINT ( 'NONE',  ( -2.375227457441217105, 0.08046707882512313392, -1.697652319122445741 ) ) ;
#1026 = CARTESIAN_POINT ( 'NONE',  ( 0.000000000000000000, 3.299999999999999822, 10.25000000000000000 ) ) ;
#1027 = ORIENTED_EDGE ( 'NONE', *, *, #2052, .F. ) ;
#1028 = CARTESIAN_POINT ( 'NONE',  ( -2.316616962889999964, 0.000000000000000000, -1.180375299322999894 ) ) ;
#1029 = CARTESIAN_POINT ( 'NONE',  ( -1.674686129449529437, 0.08836474067338399851, 2.381824708453244011 ) ) ;
#1030 = CARTESIAN_POINT ( 'NONE',  ( -2.683641389383999876, 3.500000000000000000, 0.8719679450367001650 ) ) ;
#1031 = CARTESIAN_POINT ( 'NONE',  ( 0.000000000000000000, 3.500000000000000000, 8.000000000000000000 ) ) ;
#1032 = ORIENTED_EDGE ( 'NONE', *, *, #660, .F. ) ;
#1033 = CARTESIAN_POINT ( 'NONE',  ( -5.656854249492000442, 3.500000000000000000, -6.506854249492000086 ) ) ;
#1034 = CARTESIAN_POINT ( 'NONE',  ( -9.949999999999999289, 3.500000000000000000, -0.7500000000000000000 ) ) ;
#1035 = CARTESIAN_POINT ( 'NONE',  ( -2.605495114974608395, 3.500000000000000000, -0.4836271351397177232 ) ) ;
#1036 = ORIENTED_EDGE ( 'NONE', *, *, #476, .F. ) ;
#1037 = VERTEX_POINT ( 'NONE', #1542 ) ;
#1038 = CYLINDRICAL_SURFACE ( 'NONE', #247, 2.649999999999999911 ) ;
#1039 = PLANE ( 'NONE',  #4681 ) ;
#1040 = VECTOR ( 'NONE', #4416, 1000.000000000000000 ) ;
#1041 = CARTESIAN_POINT ( 'NONE',  ( -2.750000000000000000, 3.499999999917235982, 4.013139720825620316 ) ) ;
#1042 = ORIENTED_EDGE ( 'NONE', *, *, #3275, .T. ) ;
#1044 = ADVANCED_FACE ( 'NONE', ( #3177 ), #2353, .F. ) ;
#1043 = AXIS2_PLACEMENT_3D ( 'NONE', #310, #4188, #1581 ) ;
#1045 = CYLINDRICAL_SURFACE ( 'NONE', #2087, 2.649999999999999911 ) ;
#1046 = ORIENTED_EDGE ( 'NONE', *, *, #3689, .T. ) ;
#1047 = ORIENTED_EDGE ( 'NONE', *, *, #3690, .F. ) ;
#1048 = AXIS2_PLACEMENT_3D ( 'NONE', #4408, #2305, #4008 ) ;
#1049 = EDGE_CURVE ( 'NONE', #2458, #3401, #2749, .T. ) ;
#1050 = CARTESIAN_POINT ( 'NONE',  ( -0.3451855309566541630, 0.000000000000000000, 2.627422110971159519 ) ) ;
#1051 = CARTESIAN_POINT ( 'NONE',  ( 2.779968080904818617, 0.07787957361659818278, -0.9003609963088510248 ) ) ;
#1052 = DIRECTION ( 'NONE',  ( 0.000000000000000000, 0.000000000000000000, -1.000000000000000000 ) ) ;
#1053 = VECTOR ( 'NONE', #3736, 1000.000000000000000 ) ;
#1054 = B_SPLINE_CURVE_WITH_KNOTS ( 'NONE', 3,
 ( #1824, #2580, #1798, #77, #496, #3115, #4800, #3061, #4857, #5290, #44, #107, #2211, #4347, #963, #4319 ),
 .UNSPECIFIED., .F., .F.,
 ( 4, 3, 3, 3, 3, 4 ),
 ( 5.064195542760835178E-05, 6.101997884353609883E-05, 8.880801656067601520E-05, 0.0001132950656149358669, 0.0001385224882849002512, 0.0001645295473142777305 ),
 .UNSPECIFIED. ) ;
#1055 = DIRECTION ( 'NONE',  ( -0.000000000000000000, 1.000000000000000000, -0.000000000000000000 ) ) ;
#1056 = ORIENTED_EDGE ( 'NONE', *, *, #5600, .F. ) ;
#1057 = EDGE_CURVE ( 'NONE', #1345, #3508, #3144, .T. ) ;
#1058 = CARTESIAN_POINT ( 'NONE',  ( -0.06946583704589875952, 3.500000000000000000, 2.893681524373933556 ) ) ;
#1059 = CARTESIAN_POINT ( 'NONE',  ( 0.01430910259991481637, 0.07900889993194890049, -2.920964034260428388 ) ) ;
#1060 = DIRECTION ( 'NONE',  ( 0.8987940462991644841, 0.000000000000000000, 0.4383711467890826774 ) ) ;
#1061 = CARTESIAN_POINT ( 'NONE',  ( 10.11357716740174162, 0.06666646524913429073, 0.2500000000000000000 ) ) ;
#1062 = VECTOR ( 'NONE', #711, 1000.000000000000000 ) ;
#1063 = CIRCLE ( 'NONE', #434, 2.649999999999999911 ) ;
#1064 = ORIENTED_EDGE ( 'NONE', *, *, #4405, .T. ) ;
#1065 = LINE ( 'NONE', #4042, #2082 ) ;
#1066 = CARTESIAN_POINT ( 'NONE',  ( 2.381679127439856547, 0.08899429837533562315, -1.673785747557480441 ) ) ;
#1067 = FACE_OUTER_BOUND ( 'NONE', #1564, .T. ) ;
#1068 = VERTEX_POINT ( 'NONE', #4480 ) ;
#1069 = EDGE_LOOP ( 'NONE', ( #5523, #751, #3258, #1980 ) ) ;
#1070 = CARTESIAN_POINT ( 'NONE',  ( -1.922734174770761806, 3.500000000000000000, -1.823620929132347745 ) ) ;
#1071 = CARTESIAN_POINT ( 'NONE',  ( 1.649162263803203077, 0.1024088513270977746, -2.382500674176470934 ) ) ;
#1072 = ORIENTED_EDGE ( 'NONE', *, *, #366, .T. ) ;
#1073 = CARTESIAN_POINT ( 'NONE',  ( -2.911292475870090879, 0.08836474067332393545, 0.04515189820567273166 ) ) ;
#1074 = VERTEX_POINT ( 'NONE', #1136 ) ;
#1075 = ORIENTED_EDGE ( 'NONE', *, *, #3016, .T. ) ;
#1076 = VECTOR ( 'NONE', #5379, 1000.000000000000000 ) ;
#1077 = EDGE_CURVE ( 'NONE', #2548, #1140, #1083, .T. ) ;
#1078 = CARTESIAN_POINT ( 'NONE',  ( -2.773520794013999868, 3.500000000000000000, 0.8281308303577999963 ) ) ;
#1079 = DIRECTION ( 'NONE',  ( 0.000000000000000000, -0.000000000000000000, 1.000000000000000000 ) ) ;
#1080 = CARTESIAN_POINT ( 'NONE',  ( 0.000000000000000000, 5.400000000008731149, 0.000000000000000000 ) ) ;
#1081 = VERTEX_POINT ( 'NONE', #5064 ) ;
#1082 = EDGE_CURVE ( 'NONE', #3401, #3409, #2349, .T. ) ;
#1083 = CIRCLE ( 'NONE', #3259, 0.8500000000000000888 ) ;
#1084 = FACE_OUTER_BOUND ( 'NONE', #695, .T. ) ;
#1085 = ORIENTED_EDGE ( 'NONE', *, *, #100, .T. ) ;
#1086 = VECTOR ( 'NONE', #2331, 1000.000000000000000 ) ;
#1087 = FACE_BOUND ( 'NONE', #5516, .T. ) ;
#1088 = FACE_OUTER_BOUND ( 'NONE', #2372, .T. ) ;
#1089 = DIRECTION ( 'NONE',  ( -1.322197771323653410E-18, 1.000000000000000000, 0.000000000000000000 ) ) ;
#1090 = DIRECTION ( 'NONE',  ( 0.000000000000000000, 0.000000000000000000, 1.000000000000000000 ) ) ;
#1091 = EDGE_CURVE ( 'NONE', #2092, #5456, #5, .T. ) ;
#1092 = ADVANCED_FACE ( 'NONE', ( #3347 ), #763, .F. ) ;
#1093 = ORIENTED_EDGE ( 'NONE', *, *, #3965, .T. ) ;
#1094 = AXIS2_PLACEMENT_3D ( 'NONE', #324, #4662, #5568 ) ;
#1095 = DIRECTION ( 'NONE',  ( -0.7193398003382711625, 0.000000000000000000, 0.6946583704593907171 ) ) ;
#1096 = CARTESIAN_POINT ( 'NONE',  ( 2.328745468696682419, 0.08836474067352281803, -1.747743435402602019 ) ) ;
#1097 = CYLINDRICAL_SURFACE ( 'NONE', #4483, 1.250000000000000000 ) ;
#1098 = ORIENTED_EDGE ( 'NONE', *, *, #4733, .T. ) ;
#1099 = LINE ( 'NONE', #2373, #4495 ) ;
#1100 = DIRECTION ( 'NONE',  ( -0.000000000000000000, 1.000000000000000000, 0.000000000000000000 ) ) ;
#1101 = ORIENTED_EDGE ( 'NONE', *, *, #2858, .T. ) ;
#1102 = DIRECTION ( 'NONE',  ( -0.000000000000000000, 1.000000000000000000, -0.000000000000000000 ) ) ;
#1103 = ORIENTED_EDGE ( 'NONE', *, *, #5286, .T. ) ;
#1104 = VECTOR ( 'NONE', #2352, 1000.000000000000000 ) ;
#1105 = VERTEX_POINT ( 'NONE', #2462 ) ;
#1106 = CARTESIAN_POINT ( 'NONE',  ( 0.8281308303548909899, 0.1054847958447604067, 2.773520794012541479 ) ) ;
#1107 = CARTESIAN_POINT ( 'NONE',  ( -0.8719679450367001650, 0.000000000000000000, 2.683641389383999876 ) ) ;
#1108 = CARTESIAN_POINT ( 'NONE',  ( 3.578108778092619528E-16, 0.07825245564590278813, 2.921747544340000058 ) ) ;
#1109 = ORIENTED_EDGE ( 'NONE', *, *, #358, .F. ) ;
#1110 = EDGE_LOOP ( 'NONE', ( #103, #2980, #5582, #3287 ) ) ;
#1111 = DIRECTION ( 'NONE',  ( 0.000000000000000000, -0.000000000000000000, 1.000000000000000000 ) ) ;
#1112 = ORIENTED_EDGE ( 'NONE', *, *, #4271, .F. ) ;
#1113 = FACE_BOUND ( 'NONE', #2725, .T. ) ;
#1114 = CARTESIAN_POINT ( 'NONE',  ( -2.364398088405688547, 0.1904932317069145398, -1.520355673118694906 ) ) ;
#1115 = EDGE_CURVE ( 'NONE', #4325, #1268, #3801, .T. ) ;
#1116 = CARTESIAN_POINT ( 'NONE',  ( 2.773520794013999868, 0.000000000000000000, -0.8281308303577999963 ) ) ;
#1117 = FACE_OUTER_BOUND ( 'NONE', #433, .T. ) ;
#1118 = ORIENTED_EDGE ( 'NONE', *, *, #402, .T. ) ;
#1119 = LINE ( 'NONE', #2849, #3644 ) ;
#1120 = DIRECTION ( 'NONE',  ( 0.000000000000000000, -1.000000000000000000, 0.000000000000000000 ) ) ;
#1121 = EDGE_CURVE ( 'NONE', #4503, #5177, #2438, .T. ) ;
#1122 = DIRECTION ( 'NONE',  ( 0.4694715627859091245, 0.000000000000000000, 0.8829475928589172185 ) ) ;
#1123 = ORIENTED_EDGE ( 'NONE', *, *, #1399, .T. ) ;
#1124 = CIRCLE ( 'NONE', #2562, 1.350000000000000089 ) ;
#1125 = PLANE ( 'NONE',  #1874 ) ;
#1126 = DIRECTION ( 'NONE',  ( -0.000000000000000000, -1.000000000000000000, -0.000000000000000000 ) ) ;
#1127 = ORIENTED_EDGE ( 'NONE', *, *, #3585, .T. ) ;
#1128 = ADVANCED_FACE ( 'NONE', ( #1675 ), #5485, .F. ) ;
#1129 = CARTESIAN_POINT ( 'NONE',  ( 2.627422110970790481, 0.3499999999930091255, -0.3451855309561632779 ) ) ;
#1130 = VERTEX_POINT ( 'NONE', #4226 ) ;
#1131 = ORIENTED_EDGE ( 'NONE', *, *, #5522, .T. ) ;
#1132 = VECTOR ( 'NONE', #756, 1000.000000000000000 ) ;
#1133 = CARTESIAN_POINT ( 'NONE',  ( 2.085665361441362275, 4.674105330761872068, -1.000000000000000000 ) ) ;
#1134 = VECTOR ( 'NONE', #1674, 1000.000000000000000 ) ;
#1135 = LINE ( 'NONE', #2866, #412 ) ;
#1136 = CARTESIAN_POINT ( 'NONE',  ( -1.644664282152496826, 0.1054847958469097846, 2.381868524080120064 ) ) ;
#1137 = AXIS2_PLACEMENT_3D ( 'NONE', #2275, #4407, #112 ) ;
#1138 = EDGE_LOOP ( 'NONE', ( #1445, #3724, #5370, #4564 ) ) ;
#1139 = CIRCLE ( 'NONE', #1230, 10.04999999999800231 ) ;
#1140 = VERTEX_POINT ( 'NONE', #2018 ) ;
#1141 = B_SPLINE_CURVE_WITH_KNOTS ( 'NONE', 3,
 ( #1400, #3120, #3032, #4859 ),
 .UNSPECIFIED., .F., .F.,
 ( 4, 4 ),
 ( 1.968941294898052217E-16, 0.0004546461370036245474 ),
 .UNSPECIFIED. ) ;
#1142 = ORIENTED_EDGE ( 'NONE', *, *, #2910, .T. ) ;
#1143 = AXIS2_PLACEMENT_3D ( 'NONE', #3077, #982, #5337 ) ;
#1144 = CARTESIAN_POINT ( 'NONE',  ( 2.328524103572536141, 0.3499999999946366014, -1.265099007616710125 ) ) ;
#1145 = CARTESIAN_POINT ( 'NONE',  ( -1.651815372259223702, 0.1005945232464899169, 2.382873544253615972 ) ) ;
#1146 = PLANE ( 'NONE',  #596 ) ;
#1147 = CARTESIAN_POINT ( 'NONE',  ( -1.265099007616780069, 0.3499999999946269424, -2.328524103572782611 ) ) ;
#1148 = EDGE_CURVE ( 'NONE', #1478, #220, #807, .T. ) ;
#1149 = ORIENTED_EDGE ( 'NONE', *, *, #4031, .T. ) ;
#1150 = VECTOR ( 'NONE', #1981, 1000.000000000000000 ) ;
#1151 = AXIS2_PLACEMENT_3D ( 'NONE', #1031, #5015, #1090 ) ;
#1152 = FACE_OUTER_BOUND ( 'NONE', #1740, .T. ) ;
#1153 = DIRECTION ( 'NONE',  ( 0.000000000000000000, 0.000000000000000000, 1.000000000000000000 ) ) ;
#1154 = DIRECTION ( 'NONE',  ( -0.000000000000000000, -1.000000000000000000, -0.000000000000000000 ) ) ;
#1155 = ORIENTED_EDGE ( 'NONE', *, *, #3679, .F. ) ;
#1156 = VECTOR ( 'NONE', #4003, 1000.000000000000000 ) ;
#1157 = ADVANCED_FACE ( 'NONE', ( #5032, #2916, #818, #2121, #295, #2867, #2074, #5541, #3373, #713 ), #4656, .F. ) ;
#1158 = DIRECTION ( 'NONE',  ( 0.000000000000000000, 1.000000000000000000, -0.000000000000000000 ) ) ;
#1159 = CARTESIAN_POINT ( 'NONE',  ( -3.580681656734000243E-07, 4.910000389259039366, 1.524477637742000022E-07 ) ) ;
#1160 = ORIENTED_EDGE ( 'NONE', *, *, #4907, .T. ) ;
#1161 = CARTESIAN_POINT ( 'NONE',  ( 0.000000000000000000, 0.2000000000010569712, 0.000000000000000000 ) ) ;
#1162 = ORIENTED_EDGE ( 'NONE', *, *, #717, .T. ) ;
#1163 = EDGE_LOOP ( 'NONE', ( #5205, #2421, #1837, #1546 ) ) ;
#1164 = ADVANCED_FACE ( 'NONE', ( #3800 ), #3397, .F. ) ;
#1165 = CARTESIAN_POINT ( 'NONE',  ( 0.000000000000000000, 5.400000000008731149, 0.000000000000000000 ) ) ;
#1166 = AXIS2_PLACEMENT_3D ( 'NONE', #1847, #1425, #4084 ) ;
#1167 = DIRECTION ( 'NONE',  ( 0.000000000000000000, 1.000000000000000000, 0.000000000000000000 ) ) ;
#1168 = CARTESIAN_POINT ( 'NONE',  ( 0.000000000000000000, 0.3499999999999999778, 0.000000000000000000 ) ) ;
#1169 = ORIENTED_EDGE ( 'NONE', *, *, #2572, .F. ) ;
#1170 = CIRCLE ( 'NONE', #1894, 0.1000000000000000472 ) ;
#1171 = ORIENTED_EDGE ( 'NONE', *, *, #5142, .T. ) ;
#1172 = ORIENTED_EDGE ( 'NONE', *, *, #1082, .T. ) ;
#1173 = PLANE ( 'NONE',  #3605 ) ;
#1174 = CARTESIAN_POINT ( 'NONE',  ( -9.949999999999999289, 3.200000000000000178, -1.250000000000000000 ) ) ;
#1175 = DIRECTION ( 'NONE',  ( -0.000000000000000000, 1.000000000000000000, -0.000000000000000000 ) ) ;
#1176 = CARTESIAN_POINT ( 'NONE',  ( 2.627422110970766500, 3.500000000000000000, 0.3451855309567897212 ) ) ;
#1177 = AXIS2_PLACEMENT_3D ( 'NONE', #3718, #4055, #2410 ) ;
#1178 = VECTOR ( 'NONE', #4268, 1000.000000000000000 ) ;
#1179 = ORIENTED_EDGE ( 'NONE', *, *, #2894, .F. ) ;
#1180 = CARTESIAN_POINT ( 'NONE',  ( 10.18026406342977097, 3.366666864152900285, -0.2500000000000000000 ) ) ;
#1181 = DIRECTION ( 'NONE',  ( 0.000000000000000000, 1.000000000000000000, 0.000000000000000000 ) ) ;
#1182 = LINE ( 'NONE', #3413, #2761 ) ;
#1183 = EDGE_CURVE ( 'NONE', #5197, #2895, #4284, .T. ) ;
#1184 = VECTOR ( 'NONE', #2445, 1000.000000000000000 ) ;
#1185 = CARTESIAN_POINT ( 'NONE',  ( 1.823620929132663937, 0.3499999999946720730, -1.922734174767848581 ) ) ;
#1186 = CARTESIAN_POINT ( 'NONE',  ( 2.300206534972999872, 0.000000000000000000, 1.757062367557000071 ) ) ;
#1187 = VERTEX_POINT ( 'NONE', #399 ) ;
#1188 = CARTESIAN_POINT ( 'NONE',  ( 2.717935407436588680, 0.2724669240234668388, 0.2514562686655837376 ) ) ;
#1189 = EDGE_CURVE ( 'NONE', #2157, #999, #5081, .T. ) ;
#1190 = ORIENTED_EDGE ( 'NONE', *, *, #573, .F. ) ;
#1191 = EDGE_LOOP ( 'NONE', ( #1460, #5065, #990, #5083 ) ) ;
#1192 = DIRECTION ( 'NONE',  ( 0.000000000000000000, 1.000000000000000000, 0.000000000000000000 ) ) ;
#1193 = FACE_OUTER_BOUND ( 'NONE', #4573, .T. ) ;
#1194 = CARTESIAN_POINT ( 'NONE',  ( 0.8281308303577999963, 0.000000000000000000, 2.773520794013999868 ) ) ;
#1195 = ORIENTED_EDGE ( 'NONE', *, *, #501, .T. ) ;
#1196 = EDGE_CURVE ( 'NONE', #4202, #4199, #3348, .T. ) ;
#1197 = ORIENTED_EDGE ( 'NONE', *, *, #1183, .F. ) ;
#1198 = VERTEX_POINT ( 'NONE', #2689 ) ;
#1199 = DIRECTION ( 'NONE',  ( 0.6946583704589742725, 0.000000000000000000, 0.7193398003386733963 ) ) ;
#1200 = FACE_OUTER_BOUND ( 'NONE', #534, .T. ) ;
#1201 = EDGE_CURVE ( 'NONE', #461, #2267, #1597, .T. ) ;
#1202 = LINE ( 'NONE', #2133, #860 ) ;
#1203 = CARTESIAN_POINT ( 'NONE',  ( 10.04689006608602142, 3.499999999999137135, -0.2500000000000000000 ) ) ;
#1204 = AXIS2_PLACEMENT_3D ( 'NONE', #4647, #2590, #4752 ) ;
#1205 = ORIENTED_EDGE ( 'NONE', *, *, #1006, .T. ) ;
#1206 = CARTESIAN_POINT ( 'NONE',  ( -9.949999999999999289, 0.000000000000000000, 0.7500000000000000000 ) ) ;
#1207 = FACE_OUTER_BOUND ( 'NONE', #4933, .T. ) ;
#1208 = CARTESIAN_POINT ( 'NONE',  ( 2.567989685546999912, 0.000000000000000000, -0.4067296091045999873 ) ) ;
#1209 = CARTESIAN_POINT ( 'NONE',  ( 0.000000000000000000, 3.500000000000000000, -2.821747544339999969 ) ) ;
#1210 = CARTESIAN_POINT ( 'NONE',  ( -8.000000000000000000, 3.500000000000000000, 1.250000000000000000 ) ) ;
#1211 = CARTESIAN_POINT ( 'NONE',  ( -1.180375299322999894, 3.500000000000000000, 2.316616962889999964 ) ) ;
#1212 = DIRECTION ( 'NONE',  ( 0.000000000000000000, 0.000000000000000000, 1.000000000000000000 ) ) ;
#1213 = VERTEX_POINT ( 'NONE', #3452 ) ;
#1214 = ORIENTED_EDGE ( 'NONE', *, *, #2030, .F. ) ;
#1215 = DIRECTION ( 'NONE',  ( -0.8987940462991643731, -0.000000000000000000, -0.4383711467890826219 ) ) ;
#1216 = ADVANCED_FACE ( 'NONE', ( #1275 ), #3544, .F. ) ;
#1217 = DIRECTION ( 'NONE',  ( 0.000000000000000000, 0.000000000000000000, 1.000000000000000000 ) ) ;
#1218 = CARTESIAN_POINT ( 'NONE',  ( 3.578108778092619528E-16, 0.07825245564590278813, 2.921747544340000058 ) ) ;
#1219 = CARTESIAN_POINT ( 'NONE',  ( 0.000000000000000000, 0.000000000000000000, 10.25000000000000000 ) ) ;
#1220 = VERTEX_POINT ( 'NONE', #97 ) ;
#1221 = VERTEX_POINT ( 'NONE', #5202 ) ;
#1222 = VECTOR ( 'NONE', #2167, 1000.000000000000000 ) ;
#1223 = EDGE_CURVE ( 'NONE', #5447, #3192, #4738, .T. ) ;
#1224 = ORIENTED_EDGE ( 'NONE', *, *, #5292, .T. ) ;
#1225 = CARTESIAN_POINT ( 'NONE',  ( 1.922734174770986293, 0.000000000000000000, -1.823620929131921864 ) ) ;
#1226 = LINE ( 'NONE', #5492, #3173 ) ;
#1227 = AXIS2_PLACEMENT_3D ( 'NONE', #3879, #516, #398 ) ;
#1228 = DIRECTION ( 'NONE',  ( 0.6946583704589742725, 0.000000000000000000, -0.7193398003386733963 ) ) ;
#1229 = DIRECTION ( 'NONE',  ( 0.000000000000000000, 0.000000000000000000, 1.000000000000000000 ) ) ;
#1230 = AXIS2_PLACEMENT_3D ( 'NONE', #1764, #3888, #1374 ) ;
#1231 = EDGE_CURVE ( 'NONE', #3418, #92, #4311, .T. ) ;
#1232 = ORIENTED_EDGE ( 'NONE', *, *, #2604, .F. ) ;
#1233 = CARTESIAN_POINT ( 'NONE',  ( -9.949999999999999289, 3.200000000000000178, 0.7500000000000001110 ) ) ;
#1234 = CARTESIAN_POINT ( 'NONE',  ( 5.656854249492000442, 3.500000000000000000, 6.506854249492000086 ) ) ;
#1235 = CARTESIAN_POINT ( 'NONE',  ( 2.300206534972999872, 3.500000000000000000, 1.757062367557000071 ) ) ;
#1236 = VECTOR ( 'NONE', #1925, 1000.000000000000114 ) ;
#1237 = AXIS2_PLACEMENT_3D ( 'NONE', #4390, #5280, #4879 ) ;
#1238 = CIRCLE ( 'NONE', #2056, 2.649999999999999911 ) ;
#1239 = DIRECTION ( 'NONE',  ( 0.000000000000000000, -1.000000000000000000, -0.000000000000000000 ) ) ;
#1240 = LINE ( 'NONE', #1211, #2667 ) ;
#1241 = AXIS2_PLACEMENT_3D ( 'NONE', #1159, #1126, #3707 ) ;
#1242 = ORIENTED_EDGE ( 'NONE', *, *, #1115, .T. ) ;
#1243 = VECTOR ( 'NONE', #4083, 1000.000000000000000 ) ;
#1244 = VERTEX_POINT ( 'NONE', #4849 ) ;
#1245 = CARTESIAN_POINT ( 'NONE',  ( 2.605495114974444970, 0.000000000000000000, 0.4836271351397708473 ) ) ;
#1246 = B_SPLINE_CURVE_WITH_KNOTS ( 'NONE', 3,
 ( #2981, #2505, #3755, #726 ),
 .UNSPECIFIED., .F., .F.,
 ( 4, 4 ),
 ( 3.926248666458132562E-15, 0.0004546461370000587691 ),
 .UNSPECIFIED. ) ;
#1247 = CARTESIAN_POINT ( 'NONE',  ( -0.06946583704663052139, 0.1054847958428064281, 2.893681524373227010 ) ) ;
#1248 = DIRECTION ( 'NONE',  ( 0.000000000000000000, 0.000000000000000000, -1.000000000000000000 ) ) ;
#1249 = ORIENTED_EDGE ( 'NONE', *, *, #334, .F. ) ;
#1250 = EDGE_CURVE ( 'NONE', #2175, #5349, #4292, .T. ) ;
#1251 = ORIENTED_EDGE ( 'NONE', *, *, #2664, .T. ) ;
#1252 = ORIENTED_EDGE ( 'NONE', *, *, #827, .T. ) ;
#1253 = DIRECTION ( 'NONE',  ( -0.000000000000000000, 1.000000000000000000, -0.000000000000000000 ) ) ;
#1254 = LINE ( 'NONE', #407, #3267 ) ;
#1255 = FACE_OUTER_BOUND ( 'NONE', #3604, .T. ) ;
#1256 = CARTESIAN_POINT ( 'NONE',  ( -2.750000000000000000, 3.499999999860392563, -4.763139720814000277 ) ) ;
#1257 = EDGE_CURVE ( 'NONE', #207, #1912, #1731, .T. ) ;
#1258 = EDGE_LOOP ( 'NONE', ( #41, #3820, #4538, #3500 ) ) ;
#1259 = DIRECTION ( 'NONE',  ( 1.003269608678901990E-16, 0.5734625083103652710, -0.8192318057560901146 ) ) ;
#1260 = CARTESIAN_POINT ( 'NONE',  ( 0.8722205020397226782, 0.08290762387159830715, -2.783641389383917808 ) ) ;
#1261 = CARTESIAN_POINT ( 'NONE',  ( -0.9222655109780448779, 0.08043333791905035723, 2.770071447005038490 ) ) ;
#1262 = EDGE_CURVE ( 'NONE', #2208, #5479, #5389, .T. ) ;
#1263 = EDGE_CURVE ( 'NONE', #719, #4041, #724, .T. ) ;
#1264 = CARTESIAN_POINT ( 'NONE',  ( 0.000000000000000000, 0.3499999999999999778, 0.000000000000000000 ) ) ;
#1265 = VECTOR ( 'NONE', #1816, 1000.000000000000000 ) ;
#1266 = DIRECTION ( 'NONE',  ( -0.6946583704589742725, -0.000000000000000000, -0.7193398003386733963 ) ) ;
#1267 = CARTESIAN_POINT ( 'NONE',  ( -2.627422110970942359, 3.500000000000000000, -0.3451855309568793162 ) ) ;
#1268 = VERTEX_POINT ( 'NONE', #3110 ) ;
#1269 = VECTOR ( 'NONE', #3286, 1000.000000000000000 ) ;
#1270 = VERTEX_POINT ( 'NONE', #3880 ) ;
#1271 = CARTESIAN_POINT ( 'NONE',  ( 0.9003609963088510248, 0.07787957361659818278, 2.779968080904818617 ) ) ;
#1272 = FACE_OUTER_BOUND ( 'NONE', #4750, .T. ) ;
#1273 = AXIS2_PLACEMENT_3D ( 'NONE', #2417, #2819, #3184 ) ;
#1274 = LINE ( 'NONE', #431, #3762 ) ;
#1275 = FACE_OUTER_BOUND ( 'NONE', #4767, .T. ) ;
#1276 = ORIENTED_EDGE ( 'NONE', *, *, #3456, .T. ) ;
#1277 = ORIENTED_EDGE ( 'NONE', *, *, #201, .F. ) ;
#1278 = VERTEX_POINT ( 'NONE', #2182 ) ;
#1279 = CARTESIAN_POINT ( 'NONE',  ( 1.739127274282414870, 0.08227182555170486911, -2.342787166492216411 ) ) ;
#1280 = DIRECTION ( 'NONE',  ( 0.000000000000000000, 1.000000000000000000, -0.000000000000000000 ) ) ;
#1281 = CARTESIAN_POINT ( 'NONE',  ( -5.656854249492000442, 3.500000000000000000, 5.656854249492000442 ) ) ;
#1282 = AXIS2_PLACEMENT_3D ( 'NONE', #2269, #5596, #3488 ) ;
#1283 = CARTESIAN_POINT ( 'NONE',  ( -1.658581592255000015, 0.09675568587295943490, -2.382841717206999554 ) ) ;
#1284 = VERTEX_POINT ( 'NONE', #956 ) ;
#1285 = EDGE_CURVE ( 'NONE', #5517, #4843, #2707, .T. ) ;
#1286 = FACE_OUTER_BOUND ( 'NONE', #3392, .T. ) ;
#1287 = LINE ( 'NONE', #445, #1398 ) ;
#1288 = CARTESIAN_POINT ( 'NONE',  ( -0.9501699712825255606, 0.09352044089305200369, 2.746795210637166473 ) ) ;
#1289 = ORIENTED_EDGE ( 'NONE', *, *, #3931, .T. ) ;
#1290 = AXIS2_PLACEMENT_3D ( 'NONE', #1008, #143, #3534 ) ;
#1291 = FACE_OUTER_BOUND ( 'NONE', #3284, .T. ) ;
#1292 = EDGE_CURVE ( 'NONE', #1957, #4344, #1791, .T. ) ;
#1293 = CARTESIAN_POINT ( 'NONE',  ( 1.922734174770948767, 3.500000000000000000, -1.823620929131928525 ) ) ;
#1294 = CARTESIAN_POINT ( 'NONE',  ( -2.773520794013999868, 0.000000000000000000, 0.8281308303577999963 ) ) ;
#1295 = VERTEX_POINT ( 'NONE', #3481 ) ;
#1296 = ORIENTED_EDGE ( 'NONE', *, *, #5281, .F. ) ;
#1297 = CARTESIAN_POINT ( 'NONE',  ( -0.8719679450367001650, 3.500000000000000000, -2.783641389383999964 ) ) ;
#1298 = EDGE_CURVE ( 'NONE', #1969, #69, #4163, .T. ) ;
#1299 = EDGE_CURVE ( 'NONE', #2337, #116, #4707, .T. ) ;
#1300 = DIRECTION ( 'NONE',  ( 0.000000000000000000, 0.000000000000000000, -1.000000000000000000 ) ) ;
#1301 = LINE ( 'NONE', #1470, #4028 ) ;
#1302 = CARTESIAN_POINT ( 'NONE',  ( -0.1597647498653173570, 0.1904932317069933656, -2.806480877886169178 ) ) ;
#1303 = ORIENTED_EDGE ( 'NONE', *, *, #1250, .F. ) ;
#1304 = EDGE_LOOP ( 'NONE', ( #176, #942, #1688, #1705 ) ) ;
#1305 = VERTEX_POINT ( 'NONE', #68 ) ;
#1306 = CARTESIAN_POINT ( 'NONE',  ( 9.949999999999999289, 3.200000000000000178, -0.2500000000000000000 ) ) ;
#1307 = CARTESIAN_POINT ( 'NONE',  ( -1.658581592255000015, 0.09675568587295943490, -2.382841717206999554 ) ) ;
#1308 = DIRECTION ( 'NONE',  ( -0.000000000000000000, -1.000000000000000000, -0.000000000000000000 ) ) ;
#1309 = LINE ( 'NONE', #3947, #4049 ) ;
#1310 = ORIENTED_EDGE ( 'NONE', *, *, #99, .T. ) ;
#1311 = AXIS2_PLACEMENT_3D ( 'NONE', #3203, #210, #5401 ) ;
#1312 = CYLINDRICAL_SURFACE ( 'NONE', #2979, 2.649999999999999911 ) ;
#1313 = DIRECTION ( 'NONE',  ( 0.000000000000000000, -1.000000000000000000, 0.000000000000000000 ) ) ;
#1314 = CARTESIAN_POINT ( 'NONE',  ( 2.718491949581592237, 0.1904932317079243431, -0.7153049792203672874 ) ) ;
#1315 = CARTESIAN_POINT ( 'NONE',  ( 0.000000000000000000, 3.500000000000000000, 4.000000000000000000 ) ) ;
#1316 = EDGE_LOOP ( 'NONE', ( #5287, #5363, #3377, #4315 ) ) ;
#1318 = EDGE_CURVE ( 'NONE', #3559, #3578, #975, .T. ) ;
#1317 = CIRCLE ( 'NONE', #1596, 2.649999999999999911 ) ;
#1319 = DIRECTION ( 'NONE',  ( -0.000000000000000000, -1.000000000000000000, -0.000000000000000000 ) ) ;
#1320 = CARTESIAN_POINT ( 'NONE',  ( 0.9068743616275656283, 4.000000010781826987, -1.000019790085231008 ) ) ;
#1321 = CARTESIAN_POINT ( 'NONE',  ( 0.4836271351398847562, 3.500000000000000000, -2.605495114974500481 ) ) ;
#1322 = VERTEX_POINT ( 'NONE', #3513 ) ;
#1323 = EDGE_CURVE ( 'NONE', #5476, #1345, #4892, .T. ) ;
#1324 = VECTOR ( 'NONE', #3541, 1000.000000000000000 ) ;
#1325 = AXIS2_PLACEMENT_3D ( 'NONE', #276, #4954, #5413 ) ;
#1326 = ORIENTED_EDGE ( 'NONE', *, *, #3655, .T. ) ;
#1327 = CARTESIAN_POINT ( 'NONE',  ( -0.4067296091045999873, 3.500000000000000000, 2.567989685546999912 ) ) ;
#1328 = CARTESIAN_POINT ( 'NONE',  ( -9.650000000000000355, 3.500000000000000000, -0.7500000000000000000 ) ) ;
#1329 = PLANE ( 'NONE',  #1975 ) ;
#1330 = VECTOR ( 'NONE', #4324, 1000.000000000000000 ) ;
#1331 = AXIS2_PLACEMENT_3D ( 'NONE', #1004, #1404, #4038 ) ;
#1332 = DIRECTION ( 'NONE',  ( 0.6946583704589742725, -0.000000000000000000, -0.7193398003386733963 ) ) ;
#1333 = CIRCLE ( 'NONE', #3279, 0.1000000000000000056 ) ;
#1334 = DIRECTION ( 'NONE',  ( 0.000000000000000000, 0.000000000000000000, -1.000000000000000000 ) ) ;
#1335 = ORIENTED_EDGE ( 'NONE', *, *, #2439, .F. ) ;
#1336 = AXIS2_PLACEMENT_3D ( 'NONE', #2714, #985, #4450 ) ;
#1337 = EDGE_CURVE ( 'NONE', #1198, #789, #2262, .T. ) ;
#1338 = EDGE_CURVE ( 'NONE', #4894, #3745, #2377, .T. ) ;
#1339 = ORIENTED_EDGE ( 'NONE', *, *, #3374, .T. ) ;
#1340 = VERTEX_POINT ( 'NONE', #2316 ) ;
#1341 = SURFACE_SIDE_STYLE ('',( #2634 ) ) ;
#1342 = CARTESIAN_POINT ( 'NONE',  ( -1.690703117850326453, 0.08227182555158191191, -2.377969375523055984 ) ) ;
#1343 = DIRECTION ( 'NONE',  ( 0.000000000000000000, -1.000000000000000000, 0.000000000000000000 ) ) ;
#1344 = CARTESIAN_POINT ( 'NONE',  ( 1.079037353388691001, 0.2724669240235026990, -2.507205919752190759 ) ) ;
#1345 = VERTEX_POINT ( 'NONE', #2806 ) ;
#1346 = DIRECTION ( 'NONE',  ( -0.000000000000000000, -1.000000000000000000, -0.000000000000000000 ) ) ;
#1347 = CARTESIAN_POINT ( 'NONE',  ( -10.22252415013021931, 3.300000000000202771, -0.7500000000000000000 ) ) ;
#1348 = AXIS2_PLACEMENT_3D ( 'NONE', #4479, #597, #1079 ) ;
#1349 = CARTESIAN_POINT ( 'NONE',  ( 2.903370746365844468, 0.09605189444088095552, -0.05829631084306987482 ) ) ;
#1350 = DIRECTION ( 'NONE',  ( 0.000000000000000000, -1.000000000000000000, 0.000000000000000000 ) ) ;
#1351 = ORIENTED_EDGE ( 'NONE', *, *, #2132, .T. ) ;
#1352 = CARTESIAN_POINT ( 'NONE',  ( -0.4836271351394368367, 0.000000000000000000, 2.605495114974660797 ) ) ;
#1353 = CARTESIAN_POINT ( 'NONE',  ( 2.381868524080579697, 0.1054847958446735040, 1.644664282155766877 ) ) ;
#1354 = CARTESIAN_POINT ( 'NONE',  ( -8.000000000000000000, 3.500000000000000000, -1.250000000000000000 ) ) ;
#1355 = ADVANCED_FACE ( 'NONE', ( #4108 ), #1045, .F. ) ;
#1356 = ORIENTED_EDGE ( 'NONE', *, *, #3857, .F. ) ;
#1357 = ORIENTED_EDGE ( 'NONE', *, *, #476, .T. ) ;
#1358 = CIRCLE ( 'NONE', #1177, 1.249999999999999334 ) ;
#1359 = CARTESIAN_POINT ( 'NONE',  ( 0.1597648822971032279, 0.1904933499982410794, 2.806480749998280011 ) ) ;
#1360 = CARTESIAN_POINT ( 'NONE',  ( -0.3451855309583886644, 0.3499999999948498752, -2.627422110968641533 ) ) ;
#1361 = B_SPLINE_CURVE_WITH_KNOTS ( 'NONE', 3,
 ( #1147, #4987, #4123, #1550 ),
 .UNSPECIFIED., .F., .F.,
 ( 4, 4 ),
 ( 1.763546820020233604E-16, 0.0004546461370031383369 ),
 .UNSPECIFIED. ) ;
#1362 = DIRECTION ( 'NONE',  ( 0.000000000000000000, 0.000000000000000000, -1.000000000000000000 ) ) ;
#1363 = ADVANCED_FACE ( 'NONE', ( #180 ), #5310, .F. ) ;
#1364 = CARTESIAN_POINT ( 'NONE',  ( 0.9069178675269899959, 4.000000289312737323, 1.000000000000000000 ) ) ;
#1365 = CARTESIAN_POINT ( 'NONE',  ( 0.1597647498665199783, 0.1904932317076662718, -2.806480877885850322 ) ) ;
#1366 = ORIENTED_EDGE ( 'NONE', *, *, #1231, .T. ) ;
#1367 = EDGE_LOOP ( 'NONE', ( #2831, #4015, #2255, #3554 ) ) ;
#1368 = AXIS2_PLACEMENT_3D ( 'NONE', #2948, #2526, #1629 ) ;
#1369 = EDGE_LOOP ( 'NONE', ( #416, #538, #4667, #865 ) ) ;
#1370 = EDGE_CURVE ( 'NONE', #5278, #2337, #3414, .T. ) ;
#1371 = ADVANCED_FACE ( 'NONE', ( #3140 ), #5088, .T. ) ;
#1372 = CARTESIAN_POINT ( 'NONE',  ( 5.500000000000000000, 3.499999999974079401, -0.7500000000391082722 ) ) ;
#1373 = CARTESIAN_POINT ( 'NONE',  ( -1.757062367557603144, 0.1054847958471712699, -2.300206534966622307 ) ) ;
#1374 = DIRECTION ( 'NONE',  ( 0.000000000000000000, 0.000000000000000000, -1.000000000000000000 ) ) ;
#1375 = CARTESIAN_POINT ( 'NONE',  ( 0.9069178675269899959, 4.000000289312737323, 1.000000000000000000 ) ) ;
#1376 = ORIENTED_EDGE ( 'NONE', *, *, #2265, .F. ) ;
#1377 = EDGE_CURVE ( 'NONE', #893, #3192, #108, .T. ) ;
#1378 = DIRECTION ( 'NONE',  ( 0.000000000000000000, -1.000000000000000000, 0.000000000000000000 ) ) ;
#1379 = CARTESIAN_POINT ( 'NONE',  ( 2.328524103572743087, 0.000000000000000000, -1.265099007619860050 ) ) ;
#1380 = DIRECTION ( 'NONE',  ( 0.4694715627859091245, 0.000000000000000000, 0.8829475928589172185 ) ) ;
#1381 = DIRECTION ( 'NONE',  ( 0.000000000000000000, 1.000000000000000000, -0.000000000000000000 ) ) ;
#1382 = ORIENTED_EDGE ( 'NONE', *, *, #2233, .T. ) ;
#1383 = DIRECTION ( 'NONE',  ( -0.000000000000000000, -1.000000000000000000, -0.000000000000000000 ) ) ;
#1384 = DIRECTION ( 'NONE',  ( -0.000000000000000000, -1.000000000000000000, 0.000000000000000000 ) ) ;
#1385 = CARTESIAN_POINT ( 'NONE',  ( 0.000000000000000000, 0.3499999999999999778, 0.000000000000000000 ) ) ;
#1386 = ORIENTED_EDGE ( 'NONE', *, *, #4599, .T. ) ;
#1387 = ORIENTED_EDGE ( 'NONE', *, *, #3380, .F. ) ;
#1388 = DIRECTION ( 'NONE',  ( 0.000000000000000000, 0.000000000000000000, -1.000000000000000000 ) ) ;
#1389 = CARTESIAN_POINT ( 'NONE',  ( -2.359792019132908258, 0.07845275834195052089, 1.722445909627939642 ) ) ;
#1390 = DIRECTION ( 'NONE',  ( 0.000000000000000000, -1.000000000000000000, 0.000000000000000000 ) ) ;
#1391 = CARTESIAN_POINT ( 'NONE',  ( -2.662614440470653765, 0.2724669240245465307, -0.6007391076330635959 ) ) ;
#1392 = ORIENTED_EDGE ( 'NONE', *, *, #154, .T. ) ;
#1393 = ORIENTED_EDGE ( 'NONE', *, *, #3085, .F. ) ;
#1394 = EDGE_CURVE ( 'NONE', #1453, #719, #2347, .T. ) ;
#1395 = SURFACE_STYLE_USAGE ( .BOTH. , #1341 ) ;
#1396 = CARTESIAN_POINT ( 'NONE',  ( 0.000000000000000000, 3.500000000000000000, 9.250000000000000000 ) ) ;
#1397 = CARTESIAN_POINT ( 'NONE',  ( -0.8281308303519556713, 0.1054847958469721930, -2.773520794011109292 ) ) ;
#1398 = VECTOR ( 'NONE', #4211, 1000.000000000000000 ) ;
#1399 = EDGE_CURVE ( 'NONE', #1187, #5016, #3257, .T. ) ;
#1400 = CARTESIAN_POINT ( 'NONE',  ( -2.392158724416434179, 0.3499999999946719065, -1.140209032234916764 ) ) ;
#1401 = ORIENTED_EDGE ( 'NONE', *, *, #3679, .T. ) ;
#1402 = CARTESIAN_POINT ( 'NONE',  ( -0.4836271351396295715, 0.000000000000000000, -2.605495114974734516 ) ) ;
#1403 = LINE ( 'NONE', #4037, #3122 ) ;
#1404 = DIRECTION ( 'NONE',  ( 0.9902680687415661431, 0.000000000000000000, 0.1391731009600952473 ) ) ;
#1405 = EDGE_LOOP ( 'NONE', ( #794, #3358, #4768, #141 ) ) ;
#1406 = EDGE_CURVE ( 'NONE', #4051, #2327, #3351, .T. ) ;
#1407 = ADVANCED_FACE ( 'NONE', ( #3226 ), #4972, .F. ) ;
#1408 = AXIS2_PLACEMENT_3D ( 'NONE', #3480, #5228, #67 ) ;
#1409 = DIRECTION ( 'NONE',  ( -0.000000000000000000, -1.000000000000000000, 0.000000000000000000 ) ) ;
#1410 = PLANE ( 'NONE',  #35 ) ;
#1411 = CARTESIAN_POINT ( 'NONE',  ( -2.770071447005038934, 0.08043333791905003805, -0.9222655109780443228 ) ) ;
#1412 = CIRCLE ( 'NONE', #4839, 2.999999999985902832 ) ;
#1413 = AXIS2_PLACEMENT_3D ( 'NONE', #1603, #2977, #2027 ) ;
#1414 = ORIENTED_EDGE ( 'NONE', *, *, #3388, .F. ) ;
#1415 = ORIENTED_EDGE ( 'NONE', *, *, #3337, .F. ) ;
#1416 = LINE ( 'NONE', #1447, #4676 ) ;
#1417 = LINE ( 'NONE', #4017, #959 ) ;
#1418 = AXIS2_PLACEMENT_3D ( 'NONE', #3966, #1814, #4504 ) ;
#1419 = DIRECTION ( 'NONE',  ( 0.1736481776669022981, 0.000000000000000000, -0.9848077530122131273 ) ) ;
#1420 = CARTESIAN_POINT ( 'NONE',  ( -2.921402341079442522, 0.07858527843829077320, -0.01228135023509714131 ) ) ;
#1421 = VERTEX_POINT ( 'NONE', #2291 ) ;
#1422 = ORIENTED_EDGE ( 'NONE', *, *, #911, .F. ) ;
#1423 = VECTOR ( 'NONE', #5450, 1000.000000000000000 ) ;
#1424 = AXIS2_PLACEMENT_3D ( 'NONE', #3783, #4641, #2528 ) ;
#1425 = DIRECTION ( 'NONE',  ( -0.000000000000000000, -1.000000000000000000, 0.000000000000000000 ) ) ;
#1426 = CYLINDRICAL_SURFACE ( 'NONE', #1553, 0.8500000000000000888 ) ;
#1427 = VECTOR ( 'NONE', #1016, 1000.000000000000000 ) ;
#1428 = EDGE_CURVE ( 'NONE', #4199, #5186, #901, .T. ) ;
#1429 = LINE ( 'NONE', #3148, #329 ) ;
#1430 = AXIS2_PLACEMENT_3D ( 'NONE', #4745, #5238, #851 ) ;
#1431 = AXIS2_PLACEMENT_3D ( 'NONE', #5539, #3019, #3371 ) ;
#1432 = DIRECTION ( 'NONE',  ( -1.000000000000000000, -1.322197771323828862E-18, 0.000000000000000000 ) ) ;
#1433 = ORIENTED_EDGE ( 'NONE', *, *, #4453, .T. ) ;
#1434 = LINE ( 'NONE', #192, #1086 ) ;
#1435 = LINE ( 'NONE', #1402, #2857 ) ;
#1436 = EDGE_CURVE ( 'NONE', #789, #4904, #1870, .T. ) ;
#1437 = PLANE ( 'NONE',  #770 ) ;
#1438 = LINE ( 'NONE', #533, #1780 ) ;
#1439 = ORIENTED_EDGE ( 'NONE', *, *, #904, .T. ) ;
#1440 = DIRECTION ( 'NONE',  ( 0.000000000000000000, -1.000000000000000000, 0.000000000000000000 ) ) ;
#1441 = FACE_OUTER_BOUND ( 'NONE', #2970, .T. ) ;
#1442 = FACE_OUTER_BOUND ( 'NONE', #4780, .T. ) ;
#1443 = ADVANCED_FACE ( 'NONE', ( #1450 ), #3172, .F. ) ;
#1444 = EDGE_CURVE ( 'NONE', #4096, #1832, #3985, .T. ) ;
#1445 = ORIENTED_EDGE ( 'NONE', *, *, #364, .F. ) ;
#1446 = ORIENTED_EDGE ( 'NONE', *, *, #1809, .T. ) ;
#1447 = CARTESIAN_POINT ( 'NONE',  ( 1.838477631084999953, 3.500000000000000000, -1.838477631084999953 ) ) ;
#1448 = CARTESIAN_POINT ( 'NONE',  ( 1.838477631084999953, 3.500000000000000000, 1.838477631084999953 ) ) ;
#1449 = FACE_OUTER_BOUND ( 'NONE', #1660, .T. ) ;
#1450 = FACE_OUTER_BOUND ( 'NONE', #665, .T. ) ;
#1451 = ORIENTED_EDGE ( 'NONE', *, *, #3344, .F. ) ;
#1452 = VECTOR ( 'NONE', #2942, 1000.000000000000000 ) ;
#1453 = VERTEX_POINT ( 'NONE', #3710 ) ;
#1454 = CARTESIAN_POINT ( 'NONE',  ( -1.823620929132465207, 0.3499999999947850382, -1.922734174767881221 ) ) ;
#1455 = CARTESIAN_POINT ( 'NONE',  ( 2.760272472973608782, 0.08512501714691331212, -0.9367241492484784660 ) ) ;
#1456 = CARTESIAN_POINT ( 'NONE',  ( -2.382873544253615972, 0.1005945232464899169, -1.651815372259223702 ) ) ;
#1457 = ORIENTED_EDGE ( 'NONE', *, *, #4582, .F. ) ;
#1458 = ADVANCED_FACE ( 'NONE', ( #757 ), #5085, .F. ) ;
#1459 = DIRECTION ( 'NONE',  ( 0.000000000000000000, -1.000000000000000000, 0.000000000000000000 ) ) ;
#1460 = ORIENTED_EDGE ( 'NONE', *, *, #858, .F. ) ;
#1461 = DIRECTION ( 'NONE',  ( 0.8829475928589172185, -0.000000000000000000, 0.4694715627859091245 ) ) ;
#1462 = DIRECTION ( 'NONE',  ( 0.000000000000000000, 1.000000000000000000, -0.000000000000000000 ) ) ;
#1463 = CARTESIAN_POINT ( 'NONE',  ( 0.000000000000000000, 0.000000000000000000, -2.821747544339999969 ) ) ;
#1464 = DIRECTION ( 'NONE',  ( 0.000000000000000000, 0.000000000000000000, -1.000000000000000000 ) ) ;
#1465 = ORIENTED_EDGE ( 'NONE', *, *, #5108, .F. ) ;
#1466 = EDGE_CURVE ( 'NONE', #3661, #5001, #735, .T. ) ;
#1467 = ORIENTED_EDGE ( 'NONE', *, *, #1584, .T. ) ;
#1468 = CARTESIAN_POINT ( 'NONE',  ( 1.780251858846891189, 4.910000676871403513, -1.962957293059103936 ) ) ;
#1469 = CARTESIAN_POINT ( 'NONE',  ( -2.774623587266709990, 0.07858527843868776119, -0.9144432289699231386 ) ) ;
#1470 = CARTESIAN_POINT ( 'NONE',  ( 0.4836271351394375584, 0.000000000000000000, 2.605495114974660797 ) ) ;
#1471 = ORIENTED_EDGE ( 'NONE', *, *, #3730, .T. ) ;
#1472 = ORIENTED_EDGE ( 'NONE', *, *, #5319, .F. ) ;
#1473 = EDGE_CURVE ( 'NONE', #3033, #5230, #4091, .T. ) ;
#1474 = CARTESIAN_POINT ( 'NONE',  ( 1.140209032233028275, 0.000000000000000000, -2.392158724419059634 ) ) ;
#1475 = ORIENTED_EDGE ( 'NONE', *, *, #2407, .F. ) ;
#1476 = DIRECTION ( 'NONE',  ( -0.000000000000000000, 1.000000000000000000, -0.000000000000000000 ) ) ;
#1477 = ORIENTED_EDGE ( 'NONE', *, *, #1436, .T. ) ;
#1478 = VERTEX_POINT ( 'NONE', #1315 ) ;
#1479 = AXIS2_PLACEMENT_3D ( 'NONE', #3073, #3101, #4841 ) ;
#1480 = EDGE_CURVE ( 'NONE', #3009, #5170, #3890, .T. ) ;
#1481 = DIRECTION ( 'NONE',  ( 0.000000000000000000, -1.000000000000000000, 0.000000000000000000 ) ) ;
#1482 = CARTESIAN_POINT ( 'NONE',  ( -3.580681656734000243E-07, 4.910000389202195947, 2.650000152401550846 ) ) ;
#1483 = CARTESIAN_POINT ( 'NONE',  ( -2.371722533567576896, 0.07896029600167189799, -1.705130951206178969 ) ) ;
#1484 = VERTEX_POINT ( 'NONE', #2068 ) ;
#1485 = CARTESIAN_POINT ( 'NONE',  ( 9.949999999999999289, 3.500000000000000000, -0.2500000000000000000 ) ) ;
#1486 = ORIENTED_EDGE ( 'NONE', *, *, #1257, .T. ) ;
#1487 = FACE_OUTER_BOUND ( 'NONE', #5151, .T. ) ;
#1488 = CARTESIAN_POINT ( 'NONE',  ( 4.898587196506879243E-16, 5.099999999999999645, 3.999999999932606798 ) ) ;
#1489 = CYLINDRICAL_SURFACE ( 'NONE', #3848, 0.09999999999999982514 ) ;
#1490 = PLANE ( 'NONE',  #2952 ) ;
#1491 = ORIENTED_EDGE ( 'NONE', *, *, #1919, .T. ) ;
#1492 = LINE ( 'NONE', #3216, #3065 ) ;
#1493 = CARTESIAN_POINT ( 'NONE',  ( -0.8281308303578313046, 0.000000000000000000, -2.773520794013935475 ) ) ;
#1494 = FACE_OUTER_BOUND ( 'NONE', #2148, .T. ) ;
#1495 = EDGE_CURVE ( 'NONE', #2489, #2208, #4624, .T. ) ;
#1496 = ORIENTED_EDGE ( 'NONE', *, *, #5281, .T. ) ;
#1497 = ORIENTED_EDGE ( 'NONE', *, *, #1706, .F. ) ;
#1498 = CARTESIAN_POINT ( 'NONE',  ( -2.773520794013935475, 0.000000000000000000, 0.8281308303578313046 ) ) ;
#1499 = CIRCLE ( 'NONE', #508, 0.8500000000000000888 ) ;
#1500 = DIRECTION ( 'NONE',  ( 0.000000000000000000, -1.000000000000000000, 0.000000000000000000 ) ) ;
#1501 = ORIENTED_EDGE ( 'NONE', *, *, #3274, .F. ) ;
#1502 = AXIS2_PLACEMENT_3D ( 'NONE', #2672, #1003, #3557 ) ;
#1503 = DIRECTION ( 'NONE',  ( -0.000000000000000000, -1.000000000000000000, -0.000000000000000000 ) ) ;
#1504 = EDGE_CURVE ( 'NONE', #1871, #3661, #2001, .T. ) ;
#1505 = ORIENTED_EDGE ( 'NONE', *, *, #5405, .T. ) ;
#1506 = ORIENTED_EDGE ( 'NONE', *, *, #2132, .F. ) ;
#1507 = CONICAL_SURFACE ( 'NONE', #2490, 10.25000000000102673, 0.7853981633972987320 ) ;
#1508 = DIRECTION ( 'NONE',  ( 0.000000000000000000, 0.000000000000000000, -1.000000000000000000 ) ) ;
#1509 = LINE ( 'NONE', #1050, #4455 ) ;
#1510 = CARTESIAN_POINT ( 'NONE',  ( 0.05485914211621375353, 0.09352056447775634884, 2.905976025334436219 ) ) ;
#1511 = EDGE_CURVE ( 'NONE', #2467, #2838, #88, .T. ) ;
#1512 = EDGE_CURVE ( 'NONE', #39, #3681, #2637, .T. ) ;
#1513 = ORIENTED_EDGE ( 'NONE', *, *, #3313, .T. ) ;
#1514 = VECTOR ( 'NONE', #1806, 1000.000000000000000 ) ;
#1515 = VECTOR ( 'NONE', #1887, 1000.000000000000114 ) ;
#1516 = FACE_OUTER_BOUND ( 'NONE', #957, .T. ) ;
#1517 = ORIENTED_EDGE ( 'NONE', *, *, #1783, .F. ) ;
#1518 = CARTESIAN_POINT ( 'NONE',  ( -5.656854249492000442, 3.500000000000000000, 5.656854249492000442 ) ) ;
#1519 = LINE ( 'NONE', #2388, #4537 ) ;
#1520 = CYLINDRICAL_SURFACE ( 'NONE', #4218, 2.649999999999999911 ) ;
#1521 = DIRECTION ( 'NONE',  ( 0.000000000000000000, -1.000000000000000000, 0.000000000000000000 ) ) ;
#1522 = AXIS2_PLACEMENT_3D ( 'NONE', #189, #241, #4060 ) ;
#1523 = AXIS2_PLACEMENT_3D ( 'NONE', #1710, #5183, #5548 ) ;
#1524 = CIRCLE ( 'NONE', #2957, 0.8500000000000000888 ) ;
#1525 = ORIENTED_EDGE ( 'NONE', *, *, #5457, .F. ) ;
#1526 = DIRECTION ( 'NONE',  ( -1.000000000000000000, 0.000000000000000000, -0.000000000000000000 ) ) ;
#1527 = CARTESIAN_POINT ( 'NONE',  ( 2.335711441013081924, 0.08512501714665185459, -1.743848709367658456 ) ) ;
#1528 = CARTESIAN_POINT ( 'NONE',  ( -2.743255116791735837, 0.09605189444127457121, 0.9526339879011987977 ) ) ;
#1529 = ORIENTED_EDGE ( 'NONE', *, *, #1263, .T. ) ;
#1530 = B_SPLINE_CURVE_WITH_KNOTS ( 'NONE', 3,
 ( #184, #3264, #211, #1877, #3600, #4917, #4457, #236, #1051, #5344, #3236, #3659, #5402, #1455, #5460, #1963, #5435, #626, #4543 ),
 .UNSPECIFIED., .F., .F.,
 ( 4, 3, 3, 3, 3, 3, 4 ),
 ( 3.895487896340898769E-15, 3.346688102108186171E-05, 6.101997884353075913E-05, 8.880801656065645891E-05, 0.0001132950656149038016, 0.0001385224882848552026, 0.0001645295473103371435 ),
 .UNSPECIFIED. ) ;
#1531 = FACE_OUTER_BOUND ( 'NONE', #187, .T. ) ;
#1532 = CARTESIAN_POINT ( 'NONE',  ( -1.757062367557000071, 0.000000000000000000, 2.300206534972999872 ) ) ;
#1533 = EDGE_CURVE ( 'NONE', #5089, #4325, #2934, .T. ) ;
#1534 = CYLINDRICAL_SURFACE ( 'NONE', #4005, 10.25000000000000000 ) ;
#1535 = VERTEX_POINT ( 'NONE', #5110 ) ;
#1536 = CARTESIAN_POINT ( 'NONE',  ( 0.000000000000000000, 5.099999999970350473, 0.000000000000000000 ) ) ;
#1537 = ORIENTED_EDGE ( 'NONE', *, *, #3899, .F. ) ;
#1538 = ORIENTED_EDGE ( 'NONE', *, *, #4147, .F. ) ;
#1539 = CARTESIAN_POINT ( 'NONE',  ( 0.8719679450367001650, 3.500000000000000000, 2.683641389383999876 ) ) ;
#1540 = B_SPLINE_CURVE_WITH_KNOTS ( 'NONE', 3,
 ( #727, #5386, #3642, #1066, #2879, #1555, #2797, #5418, #4930, #4992, #2394, #2368, #1948, #1527, #1096, #3248, #668, #1978, #3701 ),
 .UNSPECIFIED., .F., .F.,
 ( 4, 3, 3, 3, 3, 3, 4 ),
 ( 3.926117793650839976E-15, 3.346688102112907871E-05, 6.101997884359512008E-05, 8.880801656073952235E-05, 0.0001132950656149911748, 0.0001385224882849335633, 0.0001645295473117786174 ),
 .UNSPECIFIED. ) ;
#1541 = CYLINDRICAL_SURFACE ( 'NONE', #564, 0.09999999999999982514 ) ;
#1542 = CARTESIAN_POINT ( 'NONE',  ( -10.22252415013021931, 3.299999999999999822, 0.7500000000000000000 ) ) ;
#1543 = ADVANCED_FACE ( 'NONE', ( #2038 ), #5265, .F. ) ;
#1544 = AXIS2_PLACEMENT_3D ( 'NONE', #5118, #2545, #1248 ) ;
#1545 = CARTESIAN_POINT ( 'NONE',  ( 0.3451855309567896102, 3.500000000000000000, -2.627422110970766500 ) ) ;
#1546 = ORIENTED_EDGE ( 'NONE', *, *, #26, .F. ) ;
#1547 = CYLINDRICAL_SURFACE ( 'NONE', #4521, 1.250000000000000222 ) ;
#1548 = CARTESIAN_POINT ( 'NONE',  ( -1.705130951206178969, 0.07896029600167189799, 2.371722533567576896 ) ) ;
#1549 = CARTESIAN_POINT ( 'NONE',  ( 2.730588545662906874, 0.000000000000000000, -0.9602627043224238879 ) ) ;
#1550 = CARTESIAN_POINT ( 'NONE',  ( -1.644664282152475510, 0.1054847958468874275, -2.381868524080161809 ) ) ;
#1551 = ADVANCED_FACE ( 'NONE', ( #2862 ), #5507, .F. ) ;
#1552 = ORIENTED_EDGE ( 'NONE', *, *, #5383, .F. ) ;
#1553 = AXIS2_PLACEMENT_3D ( 'NONE', #848, #4317, #440 ) ;
#1554 = CARTESIAN_POINT ( 'NONE',  ( 8.000000000000000000, 3.500000000000000000, -1.250000000000000000 ) ) ;
#1555 = CARTESIAN_POINT ( 'NONE',  ( 2.377969375523055984, 0.08227182555158160659, -1.690703117850326453 ) ) ;
#1556 = CARTESIAN_POINT ( 'NONE',  ( -2.773520794011109292, 0.1054847958469722624, 0.8281308303519555603 ) ) ;
#1557 = VERTEX_POINT ( 'NONE', #4593 ) ;
#1558 = FACE_OUTER_BOUND ( 'NONE', #177, .T. ) ;
#1559 = LINE ( 'NONE', #1041, #4686 ) ;
#1560 = EDGE_LOOP ( 'NONE', ( #4561, #1986, #2502, #1633 ) ) ;
#1561 = CARTESIAN_POINT ( 'NONE',  ( -5.656854249492000442, 3.500000000000000000, -5.656854249492000442 ) ) ;
#1562 = EDGE_LOOP ( 'NONE', ( #4333, #3876, #997, #5059, #1021, #2102 ) ) ;
#1563 = VECTOR ( 'NONE', #465, 1000.000000000000000 ) ;
#1564 = EDGE_LOOP ( 'NONE', ( #2889, #4563, #4229, #1733 ) ) ;
#1565 = DIRECTION ( 'NONE',  ( 0.000000000000000000, 0.000000000000000000, 1.000000000000000000 ) ) ;
#1566 = DIRECTION ( 'NONE',  ( 0.000000000000000000, 1.000000000000000000, -0.000000000000000000 ) ) ;
#1567 = DIRECTION ( 'NONE',  ( -0.000000000000000000, -1.000000000000000000, -0.000000000000000000 ) ) ;
#1568 = ORIENTED_EDGE ( 'NONE', *, *, #4518, .T. ) ;
#1569 = EDGE_CURVE ( 'NONE', #5362, #461, #3516, .T. ) ;
#1570 = CONICAL_SURFACE ( 'NONE', #4734, 10.25000000000102851, 0.7853981633972997312 ) ;
#1571 = ORIENTED_EDGE ( 'NONE', *, *, #1889, .F. ) ;
#1572 = VERTEX_POINT ( 'NONE', #2456 ) ;
#1573 = LINE ( 'NONE', #720, #3152 ) ;
#1574 = CARTESIAN_POINT ( 'NONE',  ( -1.682514699346596698, 0.08512501714653679386, 2.380273207706618432 ) ) ;
#1575 = LINE ( 'NONE', #4926, #1955 ) ;
#1576 = FACE_OUTER_BOUND ( 'NONE', #2766, .T. ) ;
#1577 = EDGE_CURVE ( 'NONE', #5452, #5487, #2716, .T. ) ;
#1578 = ORIENTED_EDGE ( 'NONE', *, *, #4796, .T. ) ;
#1579 = LINE ( 'NONE', #4584, #1836 ) ;
#1580 = DIRECTION ( 'NONE',  ( 0.000000000000000000, -1.000000000000000000, 0.000000000000000000 ) ) ;
#1581 = DIRECTION ( 'NONE',  ( 0.000000000000000000, 0.000000000000000000, -1.000000000000000000 ) ) ;
#1582 = EDGE_CURVE ( 'NONE', #2465, #3997, #2220, .T. ) ;
#1583 = ORIENTED_EDGE ( 'NONE', *, *, #3842, .T. ) ;
#1584 = EDGE_CURVE ( 'NONE', #3870, #4628, #1238, .T. ) ;
#1585 = LINE ( 'NONE', #3308, #4137 ) ;
#1586 = DIRECTION ( 'NONE',  ( 0.000000000000000000, 0.000000000000000000, -1.000000000000000000 ) ) ;
#1587 = ORIENTED_EDGE ( 'NONE', *, *, #199, .T. ) ;
#1588 = CARTESIAN_POINT ( 'NONE',  ( -10.10632188809617027, 0.1333282869390076675, 1.250000000000000000 ) ) ;
#1589 = ORIENTED_EDGE ( 'NONE', *, *, #3332, .F. ) ;
#1590 = EDGE_LOOP ( 'NONE', ( #5607, #4303 ) ) ;
#1591 = VECTOR ( 'NONE', #3614, 1000.000000000000000 ) ;
#1592 = DIRECTION ( 'NONE',  ( 0.000000000000000000, 0.000000000000000000, -1.000000000000000000 ) ) ;
#1593 = DIRECTION ( 'NONE',  ( -0.000000000000000000, 1.000000000000000000, -0.000000000000000000 ) ) ;
#1594 = CARTESIAN_POINT ( 'NONE',  ( -0.4067296091045999873, 3.500000000000000000, -2.567989685546999912 ) ) ;
#1595 = EDGE_LOOP ( 'NONE', ( #1812, #3473, #4395, #4938 ) ) ;
#1596 = AXIS2_PLACEMENT_3D ( 'NONE', #5598, #3001, #3832 ) ;
#1597 = B_SPLINE_CURVE_WITH_KNOTS ( 'NONE', 3,
 ( #2628, #1302, #4340, #5175 ),
 .UNSPECIFIED., .F., .F.,
 ( 4, 4 ),
 ( 4.272572557054259657E-18, 0.0004546461370039791357 ),
 .UNSPECIFIED. ) ;
#1598 = ORIENTED_EDGE ( 'NONE', *, *, #879, .F. ) ;
#1599 = ORIENTED_EDGE ( 'NONE', *, *, #2752, .F. ) ;
#1600 = ADVANCED_FACE ( 'NONE', ( #3925 ), #51, .F. ) ;
#1601 = LINE ( 'NONE', #2898, #715 ) ;
#1602 = CARTESIAN_POINT ( 'NONE',  ( 3.578108778092619528E-16, 0.07825245564590278813, 2.921747544340000058 ) ) ;
#1603 = CARTESIAN_POINT ( 'NONE',  ( -9.949999999999999289, 3.500000000000000000, 1.250000000000000000 ) ) ;
#1604 = LINE ( 'NONE', #2821, #3041 ) ;
#1605 = EDGE_LOOP ( 'NONE', ( #659, #776 ) ) ;
#1606 = ADVANCED_FACE ( 'NONE', ( #5354 ), #3497, .F. ) ;
#1607 = AXIS2_PLACEMENT_3D ( 'NONE', #1775, #1383, #2252 ) ;
#1608 = CIRCLE ( 'NONE', #2588, 0.2500000000448168169 ) ;
#1609 = CARTESIAN_POINT ( 'NONE',  ( -10.08882710651271886, 0.06666484054835380979, 0.7500000000000000000 ) ) ;
#1610 = CARTESIAN_POINT ( 'NONE',  ( -2.717935407435793760, 0.2724669240241468504, -0.2514562686664068014 ) ) ;
#1611 = CARTESIAN_POINT ( 'NONE',  ( 0.000000000000000000, 0.000000000000000000, 0.000000000000000000 ) ) ;
#1612 = CARTESIAN_POINT ( 'NONE',  ( -2.773520794013700996, 3.500000000000000000, -0.8281308303579215657 ) ) ;
#1613 = EDGE_CURVE ( 'NONE', #92, #4583, #1694, .T. ) ;
#1614 = EDGE_CURVE ( 'NONE', #3518, #4149, #869, .T. ) ;
#1615 = CARTESIAN_POINT ( 'NONE',  ( 0.6007391076311573430, 0.2724669240258072445, -2.662614440469723842 ) ) ;
#1616 = ORIENTED_EDGE ( 'NONE', *, *, #262, .T. ) ;
#1617 = CARTESIAN_POINT ( 'NONE',  ( -0.05708113063178606172, 0.09513922754224558853, -2.904309787528688513 ) ) ;
#1618 = EDGE_LOOP ( 'NONE', ( #1056, #1296, #1624, #3187 ) ) ;
#1619 = ORIENTED_EDGE ( 'NONE', *, *, #2362, .T. ) ;
#1620 = CARTESIAN_POINT ( 'NONE',  ( 2.773520794013813351, 3.500000000000000000, 0.8281308303578664987 ) ) ;
#1621 = EDGE_CURVE ( 'NONE', #4267, #4678, #4808, .T. ) ;
#1622 = DIRECTION ( 'NONE',  ( -1.000000000000000000, 0.000000000000000000, -0.000000000000000000 ) ) ;
#1623 = DIRECTION ( 'NONE',  ( 0.000000000000000000, 0.000000000000000000, -1.000000000000000000 ) ) ;
#1624 = ORIENTED_EDGE ( 'NONE', *, *, #219, .T. ) ;
#1625 = AXIS2_PLACEMENT_3D ( 'NONE', #3183, #1941, #1970 ) ;
#1626 = VERTEX_POINT ( 'NONE', #2277 ) ;
#1627 = ORIENTED_EDGE ( 'NONE', *, *, #1582, .T. ) ;
#1628 = PLANE ( 'NONE',  #4983 ) ;
#1629 = DIRECTION ( 'NONE',  ( -0.9848077530122131273, 0.000000000000000000, 0.1736481776669022981 ) ) ;
#1630 = B_SPLINE_CURVE_WITH_KNOTS ( 'NONE', 3,
 ( #2344, #1926, #2802, #3675 ),
 .UNSPECIFIED., .F., .F.,
 ( 4, 4 ),
 ( 3.991321905936982943E-15, 0.0004546461370004147126 ),
 .UNSPECIFIED. ) ;
#1631 = LINE ( 'NONE', #3430, #4487 ) ;
#1632 = DIRECTION ( 'NONE',  ( -0.000000000000000000, -1.000000000000000000, -0.000000000000000000 ) ) ;
#1633 = ORIENTED_EDGE ( 'NONE', *, *, #1257, .F. ) ;
#1634 = CARTESIAN_POINT ( 'NONE',  ( 10.24695076595964771, 3.299999999999935874, -0.2499999999999951705 ) ) ;
#1635 = CARTESIAN_POINT ( 'NONE',  ( 0.9501699712825256716, 0.09352044089305222574, -2.746795210637166473 ) ) ;
#1636 = CARTESIAN_POINT ( 'NONE',  ( -0.8966835431172819337, 0.07845275834219798961, 2.780538960104421697 ) ) ;
#1637 = ADVANCED_FACE ( 'NONE', ( #917 ), #2306, .F. ) ;
#1638 = AXIS2_PLACEMENT_3D ( 'NONE', #994, #2837, #572 ) ;
#1639 = LINE ( 'NONE', #3763, #5415 ) ;
#1640 = LINE ( 'NONE', #1186, #1022 ) ;
#1641 = DIRECTION ( 'NONE',  ( 0.000000000000000000, 0.000000000000000000, 1.000000000000000000 ) ) ;
#1642 = DIRECTION ( 'NONE',  ( 0.000000000000000000, 0.000000000000000000, -1.000000000000000000 ) ) ;
#1643 = VERTEX_POINT ( 'NONE', #140 ) ;
#1644 = EDGE_CURVE ( 'NONE', #5170, #2157, #1015, .T. ) ;
#1645 = ORIENTED_EDGE ( 'NONE', *, *, #4600, .T. ) ;
#1646 = CARTESIAN_POINT ( 'NONE',  ( 2.382873544253615972, 0.1005945232464897227, 1.651815372259223702 ) ) ;
#1647 = CARTESIAN_POINT ( 'NONE',  ( -0.8719679450367001650, 0.000000000000000000, -2.683641389383999876 ) ) ;
#1648 = CARTESIAN_POINT ( 'NONE',  ( 2.774623587266709546, 0.07858527843868820528, 0.9144432289699242489 ) ) ;
#1649 = DIRECTION ( 'NONE',  ( 0.000000000000000000, 0.000000000000000000, -1.000000000000000000 ) ) ;
#1650 = VERTEX_POINT ( 'NONE', #2614 ) ;
#1651 = EDGE_CURVE ( 'NONE', #2190, #5258, #85, .T. ) ;
#1652 = EDGE_CURVE ( 'NONE', #69, #2101, #1803, .T. ) ;
#1653 = ORIENTED_EDGE ( 'NONE', *, *, #4208, .T. ) ;
#1654 = ORIENTED_EDGE ( 'NONE', *, *, #1285, .F. ) ;
#1655 = LINE ( 'NONE', #5124, #5074 ) ;
#1656 = DIRECTION ( 'NONE',  ( -0.9902680687415660321, -0.000000000000000000, -0.1391731009600952196 ) ) ;
#1657 = DIRECTION ( 'NONE',  ( -0.000000000000000000, -1.000000000000000000, -0.000000000000000000 ) ) ;
#1658 = DIRECTION ( 'NONE',  ( 0.000000000000000000, 1.000000000000000000, 0.000000000000000000 ) ) ;
#1659 = AXIS2_PLACEMENT_3D ( 'NONE', #3903, #28, #1749 ) ;
#1660 = EDGE_LOOP ( 'NONE', ( #1465, #2140, #2239, #4557 ) ) ;
#1661 = DIRECTION ( 'NONE',  ( 2.664535259100375303E-15, 0.000000000000000000, 1.000000000000000000 ) ) ;
#1662 = DIRECTION ( 'NONE',  ( -0.000000000000000000, -1.000000000000000000, -0.000000000000000000 ) ) ;
#1663 = FACE_OUTER_BOUND ( 'NONE', #4445, .T. ) ;
#1664 = PLANE ( 'NONE',  #167 ) ;
#1665 = CARTESIAN_POINT ( 'NONE',  ( 1.780245875923146315, 4.910000618424795071, 1.962962835785782456 ) ) ;
#1666 = LINE ( 'NONE', #2145, #3940 ) ;
#1667 = EDGE_CURVE ( 'NONE', #1572, #1037, #166, .T. ) ;
#1668 = AXIS2_PLACEMENT_3D ( 'NONE', #3035, #1462, #2874 ) ;
#1669 = ORIENTED_EDGE ( 'NONE', *, *, #1262, .F. ) ;
#1670 = ORIENTED_EDGE ( 'NONE', *, *, #5470, .F. ) ;
#1671 = CARTESIAN_POINT ( 'NONE',  ( -2.383154054220442575, 0.09922960516566312061, 1.653811304384887215 ) ) ;
#1672 = CARTESIAN_POINT ( 'NONE',  ( 2.627422110968760549, 0.3499999999946697971, 0.3451855309588667264 ) ) ;
#1673 = EDGE_CURVE ( 'NONE', #5276, #2586, #1608, .T. ) ;
#1674 = DIRECTION ( 'NONE',  ( -0.000000000000000000, 0.000000000000000000, -1.000000000000000000 ) ) ;
#1675 = FACE_OUTER_BOUND ( 'NONE', #1873, .T. ) ;
#1676 = ORIENTED_EDGE ( 'NONE', *, *, #2425, .F. ) ;
#1677 = EDGE_LOOP ( 'NONE', ( #98, #530, #933, #3898 ) ) ;
#1678 = CIRCLE ( 'NONE', #1043, 0.3000000000000000444 ) ;
#1679 = ORIENTED_EDGE ( 'NONE', *, *, #2406, .F. ) ;
#1680 = EDGE_CURVE ( 'NONE', #3802, #5016, #1856, .T. ) ;
#1681 = AXIS2_PLACEMENT_3D ( 'NONE', #2591, #3416, #4332 ) ;
#1682 = ADVANCED_FACE ( 'NONE', ( #3098 ), #4356, .F. ) ;
#1683 = CARTESIAN_POINT ( 'NONE',  ( -9.650000000000000355, 3.500000000000000000, -0.7500000000000000000 ) ) ;
#1684 = DIRECTION ( 'NONE',  ( 8.659560562354932858E-17, 0.7071067811865474617, -0.7071067811865474617 ) ) ;
#1685 = CARTESIAN_POINT ( 'NONE',  ( 2.300206534969821970, 0.1054847958448537210, 1.757062367557231886 ) ) ;
#1686 = CARTESIAN_POINT ( 'NONE',  ( -5.656854249492000442, 3.500000000000000000, -5.656854249492000442 ) ) ;
#1687 = AXIS2_PLACEMENT_3D ( 'NONE', #62, #1785, #3509 ) ;
#1688 = ORIENTED_EDGE ( 'NONE', *, *, #1318, .F. ) ;
#1689 = DIRECTION ( 'NONE',  ( 0.000000000000000000, 1.000000000000000000, 0.000000000000000000 ) ) ;
#1690 = CARTESIAN_POINT ( 'NONE',  ( -8.000000000000000000, 3.500000000000000000, 0.000000000000000000 ) ) ;
#1691 = CARTESIAN_POINT ( 'NONE',  ( -1.823620929132347745, 3.500000000000000000, 1.922734174770761806 ) ) ;
#1692 = B_SPLINE_CURVE_WITH_KNOTS ( 'NONE', 3,
 ( #3492, #2639, #2163, #2581 ),
 .UNSPECIFIED., .F., .F.,
 ( 4, 4 ),
 ( 3.828867054918853005E-15, 0.0004546461369999478552 ),
 .UNSPECIFIED. ) ;
#1693 = VECTOR ( 'NONE', #4273, 1000.000000000000000 ) ;
#1694 = CIRCLE ( 'NONE', #4224, 0.1000000000000000472 ) ;
#1695 = DIRECTION ( 'NONE',  ( 0.000000000000000000, 0.000000000000000000, -1.000000000000000000 ) ) ;
#1696 = CARTESIAN_POINT ( 'NONE',  ( 1.489136326382005437, 4.606667499163892288, 1.641975111404250676 ) ) ;
#1697 = DIRECTION ( 'NONE',  ( 0.000000000000000000, 0.000000000000000000, 1.000000000000000000 ) ) ;
#1698 = ORIENTED_EDGE ( 'NONE', *, *, #4302, .T. ) ;
#1699 = ORIENTED_EDGE ( 'NONE', *, *, #352, .F. ) ;
#1700 = CARTESIAN_POINT ( 'NONE',  ( 2.383141986557827607, 0.09605189444095013629, 1.659395800469460003 ) ) ;
#1701 = LINE ( 'NONE', #2180, #2509 ) ;
#1702 = CARTESIAN_POINT ( 'NONE',  ( 1.310333810564120904, 4.206341322953796258, 1.000000000000000000 ) ) ;
#1703 = DIRECTION ( 'NONE',  ( -1.000000000000000000, 0.000000000000000000, -0.000000000000000000 ) ) ;
#1704 = ORIENTED_EDGE ( 'NONE', *, *, #3367, .F. ) ;
#1705 = ORIENTED_EDGE ( 'NONE', *, *, #4757, .T. ) ;
#1706 = EDGE_CURVE ( 'NONE', #3300, #3252, #1438, .T. ) ;
#1707 = ORIENTED_EDGE ( 'NONE', *, *, #1872, .T. ) ;
#1708 = CARTESIAN_POINT ( 'NONE',  ( 1.755458394056492288, 0.09922960516599038661, -2.309303120725660907 ) ) ;
#1709 = PLANE ( 'NONE',  #4852 ) ;
#1710 = CARTESIAN_POINT ( 'NONE',  ( -8.000000000000000000, 3.500000000000000000, 0.000000000000000000 ) ) ;
#1711 = EDGE_CURVE ( 'NONE', #5197, #39, #3864, .T. ) ;
#1712 = AXIS2_PLACEMENT_3D ( 'NONE', #3050, #63, #1786 ) ;
#1713 = DIRECTION ( 'NONE',  ( 0.000000000000000000, 1.000000000000000000, 0.000000000000000000 ) ) ;
#1714 = EDGE_LOOP ( 'NONE', ( #2307, #1098, #2833, #3175 ) ) ;
#1715 = CARTESIAN_POINT ( 'NONE',  ( 0.000000000000000000, 3.500000000000000000, 0.000000000000000000 ) ) ;
#1716 = DIRECTION ( 'NONE',  ( 0.000000000000000000, 0.000000000000000000, -1.000000000000000000 ) ) ;
#1717 = CARTESIAN_POINT ( 'NONE',  ( 2.348476926197517578, 4.805001189404414674, 0.8598043206562507867 ) ) ;
#1718 = ORIENTED_EDGE ( 'NONE', *, *, #1370, .F. ) ;
#1719 = AXIS2_PLACEMENT_3D ( 'NONE', #4820, #5229, #1334 ) ;
#1720 = EDGE_CURVE ( 'NONE', #650, #3692, #4410, .T. ) ;
#1721 = ADVANCED_FACE ( 'NONE', ( #723 ), #1944, .F. ) ;
#1722 = LINE ( 'NONE', #2985, #3776 ) ;
#1723 = CARTESIAN_POINT ( 'NONE',  ( 0.000000000000000000, 3.500000000000000000, 4.000000000000000000 ) ) ;
#1724 = FACE_OUTER_BOUND ( 'NONE', #4136, .T. ) ;
#1725 = AXIS2_PLACEMENT_3D ( 'NONE', #4378, #471, #1828 ) ;
#1726 = ORIENTED_EDGE ( 'NONE', *, *, #4701, .F. ) ;
#1727 = ORIENTED_EDGE ( 'NONE', *, *, #5073, .F. ) ;
#1728 = CARTESIAN_POINT ( 'NONE',  ( 0.8458220615676148579, 0.09352044089315100783, 2.780699901764167148 ) ) ;
#1729 = DIRECTION ( 'NONE',  ( 0.000000000000000000, 0.000000000000000000, -1.000000000000000000 ) ) ;
#1730 = PLANE ( 'NONE',  #1408 ) ;
#1731 = LINE ( 'NONE', #4763, #549 ) ;
#1732 = ORIENTED_EDGE ( 'NONE', *, *, #4350, .T. ) ;
#1733 = ORIENTED_EDGE ( 'NONE', *, *, #811, .F. ) ;
#1734 = ORIENTED_EDGE ( 'NONE', *, *, #4784, .T. ) ;
#1735 = DIRECTION ( 'NONE',  ( 0.000000000000000000, -1.000000000000000000, 0.000000000000000000 ) ) ;
#1736 = PLANE ( 'NONE',  #4630 ) ;
#1737 = EDGE_CURVE ( 'NONE', #2838, #4149, #5495, .T. ) ;
#1738 = CARTESIAN_POINT ( 'NONE',  ( 1.755808390171086808, 0.1005945232467965744, 2.307318194124664767 ) ) ;
#1739 = DIRECTION ( 'NONE',  ( -0.000000000000000000, 1.000000000000000000, -0.000000000000000000 ) ) ;
#1740 = EDGE_LOOP ( 'NONE', ( #3620, #3779, #5051, #4622 ) ) ;
#1741 = DIRECTION ( 'NONE',  ( 0.4383711467890826774, 0.000000000000000000, 0.8987940462991644841 ) ) ;
#1742 = DIRECTION ( 'NONE',  ( 0.000000000000000000, 0.000000000000000000, -1.000000000000000000 ) ) ;
#1743 = EDGE_CURVE ( 'NONE', #4588, #4146, #3656, .T. ) ;
#1744 = DIRECTION ( 'NONE',  ( -0.000000000000000000, 1.000000000000000000, 0.000000000000000000 ) ) ;
#1745 = CARTESIAN_POINT ( 'NONE',  ( 0.000000000000000000, 0.000000000000000000, -2.821747544339999969 ) ) ;
#1746 = ORIENTED_EDGE ( 'NONE', *, *, #4665, .T. ) ;
#1747 = VECTOR ( 'NONE', #1266, 1000.000000000000000 ) ;
#1748 = CARTESIAN_POINT ( 'NONE',  ( 5.656854249492000442, 3.500000000000000000, 5.656854249492000442 ) ) ;
#1749 = DIRECTION ( 'NONE',  ( 0.000000000000000000, 0.000000000000000000, -1.000000000000000000 ) ) ;
#1750 = CARTESIAN_POINT ( 'NONE',  ( -2.627422110968641977, 0.3499999999948498752, 0.3451855309583886089 ) ) ;
#1751 = ADVANCED_FACE ( 'NONE', ( #195 ), #4551, .F. ) ;
#1752 = ORIENTED_EDGE ( 'NONE', *, *, #5312, .T. ) ;
#1753 = ORIENTED_EDGE ( 'NONE', *, *, #2224, .T. ) ;
#1754 = CARTESIAN_POINT ( 'NONE',  ( 0.000000000000000000, 0.000000000000000000, -2.999999999985902832 ) ) ;
#1755 = CARTESIAN_POINT ( 'NONE',  ( 2.377710278252015197, 0.08275907220401089448, 1.690203675129273275 ) ) ;
#1756 = DIRECTION ( 'NONE',  ( 0.000000000000000000, 1.000000000000000000, 0.000000000000000000 ) ) ;
#1757 = DIRECTION ( 'NONE',  ( 0.000000000000000000, 1.000000000000000000, -0.000000000000000000 ) ) ;
#1758 = CARTESIAN_POINT ( 'NONE',  ( -2.605495114973140680, 0.3499999999948729679, -0.4836271351370964866 ) ) ;
#1759 = EDGE_LOOP ( 'NONE', ( #2317, #4140, #4652, #2019 ) ) ;
#1760 = ORIENTED_EDGE ( 'NONE', *, *, #1057, .T. ) ;
#1761 = EDGE_LOOP ( 'NONE', ( #1326, #1149, #70, #3306 ) ) ;
#1762 = CARTESIAN_POINT ( 'NONE',  ( 0.000000000000000000, 3.500000000000000000, 0.000000000000000000 ) ) ;
#1763 = DIRECTION ( 'NONE',  ( 0.8829475928589172185, 0.000000000000000000, 0.4694715627859091245 ) ) ;
#1764 = CARTESIAN_POINT ( 'NONE',  ( 0.000000000000000000, 3.500000000002029488, 0.000000000000000000 ) ) ;
#1765 = CIRCLE ( 'NONE', #4946, 1.350000000000000089 ) ;
#1766 = CYLINDRICAL_SURFACE ( 'NONE', #256, 10.25000000000000000 ) ;
#1767 = ORIENTED_EDGE ( 'NONE', *, *, #4195, .T. ) ;
#1768 = AXIS2_PLACEMENT_3D ( 'NONE', #2984, #5104, #23 ) ;
#1769 = CARTESIAN_POINT ( 'NONE',  ( 0.9602627043240629101, 0.1054847958445330053, -2.730588545660036726 ) ) ;
#1770 = CARTESIAN_POINT ( 'NONE',  ( -2.392158724418852689, 3.500000000000000000, 1.140209032233461928 ) ) ;
#1771 = CARTESIAN_POINT ( 'NONE',  ( 2.919454375276357094, 0.08046707882499899711, -0.02269409361372972528 ) ) ;
#1772 = DIRECTION ( 'NONE',  ( 0.000000000000000000, 1.000000000000000000, 0.000000000000000000 ) ) ;
#1773 = ORIENTED_EDGE ( 'NONE', *, *, #3923, .F. ) ;
#1774 = AXIS2_PLACEMENT_3D ( 'NONE', #936, #1343, #3552 ) ;
#1775 = CARTESIAN_POINT ( 'NONE',  ( 0.000000000000000000, 0.000000000000000000, -8.000000000000000000 ) ) ;
#1776 = CARTESIAN_POINT ( 'NONE',  ( 4.898587196543189524E-16, 5.099999999970350473, 3.999999999962255970 ) ) ;
#1777 = LINE ( 'NONE', #90, #4482 ) ;
#1778 = ORIENTED_EDGE ( 'NONE', *, *, #352, .T. ) ;
#1779 = CIRCLE ( 'NONE', #5509, 0.09999999999999982514 ) ;
#1780 = VECTOR ( 'NONE', #3982, 1000.000000000000000 ) ;
#1781 = VERTEX_POINT ( 'NONE', #3665 ) ;
#1782 = EDGE_CURVE ( 'NONE', #3192, #893, #337, .T. ) ;
#1783 = EDGE_CURVE ( 'NONE', #220, #5583, #3638, .T. ) ;
#1784 = CIRCLE ( 'NONE', #1241, 2.650000000010630519 ) ;
#1785 = DIRECTION ( 'NONE',  ( 0.000000000000000000, -1.000000000000000000, 0.000000000000000000 ) ) ;
#1786 = DIRECTION ( 'NONE',  ( 2.131628207280300558E-14, 0.000000000000000000, -1.000000000000000000 ) ) ;
#1787 = DIRECTION ( 'NONE',  ( 0.000000000000000000, 0.000000000000000000, -1.000000000000000000 ) ) ;
#1788 = AXIS2_PLACEMENT_3D ( 'NONE', #4664, #1632, #3356 ) ;
#1789 = DIRECTION ( 'NONE',  ( 0.000000000000000000, 0.000000000000000000, 1.000000000000000000 ) ) ;
#1790 = CIRCLE ( 'NONE', #610, 0.09999999999999982514 ) ;
#1791 = LINE ( 'NONE', #38, #989 ) ;
#1792 = EDGE_LOOP ( 'NONE', ( #708, #852, #622, #2201 ) ) ;
#1793 = VECTOR ( 'NONE', #4485, 1000.000000000000000 ) ;
#1794 = VERTEX_POINT ( 'NONE', #3299 ) ;
#1795 = VERTEX_POINT ( 'NONE', #2847 ) ;
#1796 = CARTESIAN_POINT ( 'NONE',  ( 2.773520794013999868, 0.000000000000000000, -0.8281308303577999963 ) ) ;
#1797 = CARTESIAN_POINT ( 'NONE',  ( -1.658581592255000237, 3.500000000000000000, -2.382841717206999554 ) ) ;
#1798 = CARTESIAN_POINT ( 'NONE',  ( -0.8786865471301664732, 0.08112956424755568552, -2.783473677466077323 ) ) ;
#1799 = CARTESIAN_POINT ( 'NONE',  ( 0.000000000000000000, 0.3499999999999999778, 0.000000000000000000 ) ) ;
#1800 = ORIENTED_EDGE ( 'NONE', *, *, #501, .F. ) ;
#1801 = CARTESIAN_POINT ( 'NONE',  ( 0.000000000000000000, 3.299999999999999822, 0.000000000000000000 ) ) ;
#1802 = DIRECTION ( 'NONE',  ( -0.8829475928589172185, 0.000000000000000000, -0.4694715627859091245 ) ) ;
#1803 = LINE ( 'NONE', #3582, #1515 ) ;
#1804 = VERTEX_POINT ( 'NONE', #3698 ) ;
#1805 = AXIS2_PLACEMENT_3D ( 'NONE', #1518, #579, #3242 ) ;
#1806 = DIRECTION ( 'NONE',  ( -0.000000000000000000, 1.000000000000000000, -0.000000000000000000 ) ) ;
#1807 = DIRECTION ( 'NONE',  ( 0.000000000000000000, 1.000000000000000000, 0.000000000000000000 ) ) ;
#1808 = LINE ( 'NONE', #3588, #4671 ) ;
#1809 = EDGE_CURVE ( 'NONE', #843, #1322, #1973, .T. ) ;
#1810 = VERTEX_POINT ( 'NONE', #5042 ) ;
#1811 = AXIS2_PLACEMENT_3D ( 'NONE', #4697, #2532, #1661 ) ;
#1812 = ORIENTED_EDGE ( 'NONE', *, *, #2029, .T. ) ;
#1813 = AXIS2_PLACEMENT_3D ( 'NONE', #349, #3291, #5562 ) ;
#1814 = DIRECTION ( 'NONE',  ( 0.000000000000000000, -1.000000000000000000, 0.000000000000000000 ) ) ;
#1815 = CARTESIAN_POINT ( 'NONE',  ( 9.650000000000000355, 3.500000000000000000, 0.2500000000000000000 ) ) ;
#1816 = DIRECTION ( 'NONE',  ( -0.000000000000000000, 1.000000000000000000, -0.000000000000000000 ) ) ;
#1817 = EDGE_CURVE ( 'NONE', #2539, #2624, #1361, .T. ) ;
#1818 = ORIENTED_EDGE ( 'NONE', *, *, #4687, .T. ) ;
#1819 = VERTEX_POINT ( 'NONE', #636 ) ;
#1820 = VERTEX_POINT ( 'NONE', #3728 ) ;
#1821 = DIRECTION ( 'NONE',  ( 0.000000000000000000, 0.000000000000000000, -1.000000000000000000 ) ) ;
#1822 = CARTESIAN_POINT ( 'NONE',  ( 1.180375299322999894, 0.000000000000000000, 2.316616962889999964 ) ) ;
#1823 = EDGE_CURVE ( 'NONE', #159, #1105, #1604, .T. ) ;
#1824 = CARTESIAN_POINT ( 'NONE',  ( -0.8719679450361985662, 0.08298311935842939135, -2.783641389384611919 ) ) ;
#1825 = ADVANCED_FACE ( 'NONE', ( #1117 ), #3211, .F. ) ;
#1826 = CARTESIAN_POINT ( 'NONE',  ( -9.971960689855750459, 1.379601621501232024E-12, -1.250000000000000000 ) ) ;
#1827 = ORIENTED_EDGE ( 'NONE', *, *, #5585, .T. ) ;
#1828 = DIRECTION ( 'NONE',  ( 0.000000000000000000, 0.000000000000000000, 1.000000000000000000 ) ) ;
#1829 = CARTESIAN_POINT ( 'NONE',  ( -10.08882710651270109, 3.433335159451664342, -0.7500000000000000000 ) ) ;
#1830 = CARTESIAN_POINT ( 'NONE',  ( 2.921540150219883003, 0.07845275834175677310, -0.006437065457364238123 ) ) ;
#1831 = CARTESIAN_POINT ( 'NONE',  ( 0.000000000000000000, 0.2000000000002156164, 0.000000000000000000 ) ) ;
#1832 = VERTEX_POINT ( 'NONE', #2334 ) ;
#1833 = CARTESIAN_POINT ( 'NONE',  ( -1.649162263803483519, 0.1024088513271170509, -2.382500674176252886 ) ) ;
#1834 = CARTESIAN_POINT ( 'NONE',  ( 4.231032868261798202E-18, 3.500000000000176748, 0.000000000000000000 ) ) ;
#1835 = CARTESIAN_POINT ( 'NONE',  ( -1.838477631084999953, 3.500000000000000000, 1.838477631084999953 ) ) ;
#1836 = VECTOR ( 'NONE', #5048, 1000.000000000000000 ) ;
#1837 = ORIENTED_EDGE ( 'NONE', *, *, #1889, .T. ) ;
#1838 = ORIENTED_EDGE ( 'NONE', *, *, #335, .F. ) ;
#1839 = DIRECTION ( 'NONE',  ( 0.9848077530122131273, -0.000000000000000000, 0.1736481776669022981 ) ) ;
#1840 = DIRECTION ( 'NONE',  ( 0.000000000000000000, 0.000000000000000000, -1.000000000000000000 ) ) ;
#1841 = ADVANCED_FACE ( 'NONE', ( #5468 ), #1490, .F. ) ;
#1842 = CARTESIAN_POINT ( 'NONE',  ( 1.644664282159006286, 3.500000000000000000, 2.381868524081000693 ) ) ;
#1843 = CARTESIAN_POINT ( 'NONE',  ( 0.000000000000000000, 0.3499999999999999778, 0.000000000000000000 ) ) ;
#1844 = EDGE_LOOP ( 'NONE', ( #2356, #4651, #3818, #4713 ) ) ;
#1845 = ORIENTED_EDGE ( 'NONE', *, *, #3062, .T. ) ;
#1846 = ADVANCED_FACE ( 'NONE', ( #1576 ), #2876, .F. ) ;
#1847 = CARTESIAN_POINT ( 'NONE',  ( 5.500000000000000000, 3.499999999974079401, 0.000000000000000000 ) ) ;
#1848 = DIRECTION ( 'NONE',  ( 0.000000000000000000, 1.000000000000000000, -0.000000000000000000 ) ) ;
#1849 = CARTESIAN_POINT ( 'NONE',  ( 1.734372133933065552, 0.08046707882519446575, 2.348548950360739962 ) ) ;
#1850 = EDGE_CURVE ( 'NONE', #741, #504, #2871, .T. ) ;
#1851 = ADVANCED_FACE ( 'NONE', ( #608 ), #4240, .F. ) ;
#1852 = LINE ( 'NONE', #3577, #3871 ) ;
#1853 = EDGE_LOOP ( 'NONE', ( #5564, #1335, #617, #3194 ) ) ;
#1854 = DIRECTION ( 'NONE',  ( 0.000000000000000000, 1.000000000000000000, 0.000000000000000000 ) ) ;
#1855 = PLANE ( 'NONE',  #3843 ) ;
#1856 = LINE ( 'NONE', #4464, #4682 ) ;
#1857 = EDGE_LOOP ( 'NONE', ( #5101, #1987, #2264, #3793, #2755, #4793, #386, #3708 ) ) ;
#1858 = VECTOR ( 'NONE', #2479, 1000.000000000000000 ) ;
#1859 = VECTOR ( 'NONE', #2598, 1000.000000000000000 ) ;
#1860 = CARTESIAN_POINT ( 'NONE',  ( 2.773520794012415358, 0.1054847958448499740, 0.8281308303550002359 ) ) ;
#1861 = CARTESIAN_POINT ( 'NONE',  ( 10.24695076595959975, 0.000000000000000000, 0.2499999999999893141 ) ) ;
#1862 = CARTESIAN_POINT ( 'NONE',  ( -9.650000000000000355, 3.500000000000000000, 1.250000000000000000 ) ) ;
#1863 = AXIS2_PLACEMENT_3D ( 'NONE', #4833, #3123, #4805 ) ;
#1864 = AXIS2_PLACEMENT_3D ( 'NONE', #5208, #1308, #3031 ) ;
#1865 = EDGE_LOOP ( 'NONE', ( #1501, #1598, #1155, #2455 ) ) ;
#1866 = ORIENTED_EDGE ( 'NONE', *, *, #911, .T. ) ;
#1867 = CARTESIAN_POINT ( 'NONE',  ( 2.392158724418969928, 3.500000000000000000, -1.140209032233722608 ) ) ;
#1868 = DIRECTION ( 'NONE',  ( 0.000000000000000000, 0.000000000000000000, 1.000000000000000000 ) ) ;
#1869 = FACE_OUTER_BOUND ( 'NONE', #3015, .T. ) ;
#1870 = LINE ( 'NONE', #3596, #4075 ) ;
#1871 = VERTEX_POINT ( 'NONE', #4695 ) ;
#1872 = EDGE_CURVE ( 'NONE', #1295, #3518, #4291, .T. ) ;
#1873 = EDGE_LOOP ( 'NONE', ( #3942, #2919, #3754, #1704 ) ) ;
#1874 = AXIS2_PLACEMENT_3D ( 'NONE', #1532, #5391, #4590 ) ;
#1875 = AXIS2_PLACEMENT_3D ( 'NONE', #1686, #327, #2901 ) ;
#1876 = PLANE ( 'NONE',  #1348 ) ;
#1877 = CARTESIAN_POINT ( 'NONE',  ( 2.782339694813298347, 0.08899429837552277900, -0.8558855165700508527 ) ) ;
#1878 = VECTOR ( 'NONE', #732, 1000.000000000000000 ) ;
#1879 = DIRECTION ( 'NONE',  ( 0.000000000000000000, -1.000000000000000000, 0.000000000000000000 ) ) ;
#1880 = ADVANCED_FACE ( 'NONE', ( #2134 ), #168, .F. ) ;
#1881 = EDGE_LOOP ( 'NONE', ( #938, #4220, #3983, #1818, #1277, #4552, #4500, #2872 ) ) ;
#1882 = LINE ( 'NONE', #2816, #5421 ) ;
#1883 = ORIENTED_EDGE ( 'NONE', *, *, #5232, .T. ) ;
#1884 = CARTESIAN_POINT ( 'NONE',  ( -2.328524103572782611, 0.3499999999946269424, 1.265099007616780069 ) ) ;
#1885 = CARTESIAN_POINT ( 'NONE',  ( 0.007119783208162642693, 0.07825245564594024428, -2.921747544339961422 ) ) ;
#1886 = CARTESIAN_POINT ( 'NONE',  ( 2.893681524371472857, 0.1054847958445267880, -0.06946583704801073678 ) ) ;
#1887 = DIRECTION ( 'NONE',  ( 0.4383711467890826219, -0.000000000000000000, 0.8987940462991643731 ) ) ;
#1888 = ORIENTED_EDGE ( 'NONE', *, *, #2664, .F. ) ;
#1889 = EDGE_CURVE ( 'NONE', #2640, #650, #2950, .T. ) ;
#1890 = ORIENTED_EDGE ( 'NONE', *, *, #2066, .T. ) ;
#1891 = CARTESIAN_POINT ( 'NONE',  ( 2.567989685546999912, 0.000000000000000000, 0.4067296091045999873 ) ) ;
#1892 = CYLINDRICAL_SURFACE ( 'NONE', #850, 0.1000000000000000472 ) ;
#1893 = DIRECTION ( 'NONE',  ( 0.000000000000000000, 0.000000000000000000, 1.000000000000000000 ) ) ;
#1894 = AXIS2_PLACEMENT_3D ( 'NONE', #5518, #5156, #3805 ) ;
#1895 = EDGE_CURVE ( 'NONE', #892, #670, #5233, .T. ) ;
#1896 = ORIENTED_EDGE ( 'NONE', *, *, #4976, .F. ) ;
#1897 = VERTEX_POINT ( 'NONE', #1203 ) ;
#1898 = CARTESIAN_POINT ( 'NONE',  ( -2.348548950360740406, 0.08046707882519463229, 1.734372133933065330 ) ) ;
#1899 = CYLINDRICAL_SURFACE ( 'NONE', #2414, 2.649999999999999911 ) ;
#1900 = CARTESIAN_POINT ( 'NONE',  ( -2.903370746365844468, 0.09605189444088096939, 0.05829631084306990257 ) ) ;
#1901 = EDGE_LOOP ( 'NONE', ( #2440, #5075, #2998, #2569 ) ) ;
#1902 = VECTOR ( 'NONE', #4604, 1000.000000000000000 ) ;
#1903 = EDGE_LOOP ( 'NONE', ( #2669, #4570, #844, #586 ) ) ;
#1904 = AXIS2_PLACEMENT_3D ( 'NONE', #696, #2422, #1947 ) ;
#1905 = AXIS2_PLACEMENT_3D ( 'NONE', #313, #3529, #1464 ) ;
#1906 = CYLINDRICAL_SURFACE ( 'NONE', #2013, 0.09999999999999982514 ) ;
#1907 = DIRECTION ( 'NONE',  ( 0.000000000000000000, 0.000000000000000000, 1.000000000000000000 ) ) ;
#1908 = CARTESIAN_POINT ( 'NONE',  ( -2.383141986557827607, 0.09605189444094987261, -1.659395800469460003 ) ) ;
#1909 = ORIENTED_EDGE ( 'NONE', *, *, #5335, .F. ) ;
#1910 = AXIS2_PLACEMENT_3D ( 'NONE', #4770, #2578, #16 ) ;
#1911 = CARTESIAN_POINT ( 'NONE',  ( 1.922734174770921456, 0.000000000000000000, 1.823620929131924528 ) ) ;
#1912 = VERTEX_POINT ( 'NONE', #4264 ) ;
#1913 = ADVANCED_FACE ( 'NONE', ( #356 ), #3405, .F. ) ;
#1914 = CARTESIAN_POINT ( 'NONE',  ( -1.922734174767881221, 0.3499999999947850382, 1.823620929132465207 ) ) ;
#1915 = FACE_OUTER_BOUND ( 'NONE', #4369, .T. ) ;
#1916 = FACE_OUTER_BOUND ( 'NONE', #2659, .T. ) ;
#1917 = CARTESIAN_POINT ( 'NONE',  ( 10.04689006608602142, 8.622619642983356107E-13, 0.2500000000000000000 ) ) ;
#1918 = VERTEX_POINT ( 'NONE', #2926 ) ;
#1919 = EDGE_CURVE ( 'NONE', #645, #5583, #3325, .T. ) ;
#1920 = DIRECTION ( 'NONE',  ( 0.8987940462991644841, 0.000000000000000000, -0.4383711467890826774 ) ) ;
#1921 = DIRECTION ( 'NONE',  ( 0.000000000000000000, -1.000000000000000000, 0.000000000000000000 ) ) ;
#1922 = CARTESIAN_POINT ( 'NONE',  ( -2.780699901764167148, 0.09352044089315103559, 0.8458220615676147469 ) ) ;
#1923 = ORIENTED_EDGE ( 'NONE', *, *, #3160, .T. ) ;
#1924 = ORIENTED_EDGE ( 'NONE', *, *, #3555, .T. ) ;
#1925 = DIRECTION ( 'NONE',  ( 8.659560562354932858E-17, 0.7071067811865474617, -0.7071067811865474617 ) ) ;
#1926 = CARTESIAN_POINT ( 'NONE',  ( 2.619751903962845407, 0.1904932317053138480, -1.019195592088413260 ) ) ;
#1927 = EDGE_CURVE ( 'NONE', #3745, #5511, #383, .T. ) ;
#1928 = EDGE_CURVE ( 'NONE', #5479, #2808, #72, .T. ) ;
#1929 = DIRECTION ( 'NONE',  ( 0.000000000000000000, 1.000000000000000000, 0.000000000000000000 ) ) ;
#1930 = LINE ( 'NONE', #5393, #3023 ) ;
#1931 = CARTESIAN_POINT ( 'NONE',  ( -2.919490216495766788, 0.08043333791867889049, -0.02112747121286043250 ) ) ;
#1932 = ORIENTED_EDGE ( 'NONE', *, *, #4600, .F. ) ;
#1933 = EDGE_LOOP ( 'NONE', ( #3086, #4836, #482, #2564 ) ) ;
#1934 = CIRCLE ( 'NONE', #750, 2.649999999999999911 ) ;
#1935 = CARTESIAN_POINT ( 'NONE',  ( 1.310311183580241901, 4.206327920681338206, -1.000000000000000000 ) ) ;
#1936 = CARTESIAN_POINT ( 'NONE',  ( 0.8719679450367001650, 0.000000000000000000, 2.683641389383999876 ) ) ;
#1937 = CARTESIAN_POINT ( 'NONE',  ( 0.000000000000000000, 3.500000000000000000, 0.000000000000000000 ) ) ;
#1938 = B_SPLINE_CURVE_WITH_KNOTS ( 'NONE', 3,
 ( #5188, #49, #3556, #555 ),
 .UNSPECIFIED., .F., .F.,
 ( 4, 4 ),
 ( 1.677595466975181995E-16, 0.0004546461370035753788 ),
 .UNSPECIFIED. ) ;
#1939 = DIRECTION ( 'NONE',  ( 0.000000000000000000, 0.000000000000000000, -1.000000000000000000 ) ) ;
#1940 = ORIENTED_EDGE ( 'NONE', *, *, #3639, .F. ) ;
#1941 = DIRECTION ( 'NONE',  ( 0.000000000000000000, 1.000000000000000000, 0.000000000000000000 ) ) ;
#1942 = CARTESIAN_POINT ( 'NONE',  ( -2.750000000000000000, 3.499999999923351091, -5.513139720796265131 ) ) ;
#1943 = DIRECTION ( 'NONE',  ( 0.000000000000000000, 0.000000000000000000, 1.000000000000000000 ) ) ;
#1944 = PLANE ( 'NONE',  #3953 ) ;
#1945 = EDGE_CURVE ( 'NONE', #3920, #4730, #3228, .T. ) ;
#1946 = ORIENTED_EDGE ( 'NONE', *, *, #4207, .F. ) ;
#1947 = DIRECTION ( 'NONE',  ( 0.000000000000000000, 0.000000000000000000, 1.000000000000000000 ) ) ;
#1948 = CARTESIAN_POINT ( 'NONE',  ( 2.342232102777993763, 0.08275907220410093357, -1.739035194422882569 ) ) ;
#1949 = DIRECTION ( 'NONE',  ( -0.8829475928589172185, 0.000000000000000000, 0.4694715627859091245 ) ) ;
#1950 = ORIENTED_EDGE ( 'NONE', *, *, #1504, .T. ) ;
#1951 = AXIS2_PLACEMENT_3D ( 'NONE', #2181, #4791, #2567 ) ;
#1952 = CARTESIAN_POINT ( 'NONE',  ( -9.949999999999999289, 3.500000000000000000, 0.7500000000000000000 ) ) ;
#1953 = DIRECTION ( 'NONE',  ( 8.659560562354932858E-17, 0.7071067811865474617, -0.7071067811865474617 ) ) ;
#1954 = ORIENTED_EDGE ( 'NONE', *, *, #2937, .F. ) ;
#1955 = VECTOR ( 'NONE', #2418, 1000.000000000000000 ) ;
#1956 = CARTESIAN_POINT ( 'NONE',  ( -2.914638803331343730, 0.08512501714645398510, 0.03790650285951222692 ) ) ;
#1957 = VERTEX_POINT ( 'NONE', #5571 ) ;
#1958 = EDGE_CURVE ( 'NONE', #3075, #510, #5416, .T. ) ;
#1959 = ORIENTED_EDGE ( 'NONE', *, *, #1399, .F. ) ;
#1960 = VECTOR ( 'NONE', #4611, 1000.000000000000000 ) ;
#1961 = CARTESIAN_POINT ( 'NONE',  ( 2.567989685546999912, 3.500000000000000000, -0.4067296091045999873 ) ) ;
#1962 = CARTESIAN_POINT ( 'NONE',  ( -0.8719679450361985662, 0.08298311935842939135, -2.783641389384611919 ) ) ;
#1963 = CARTESIAN_POINT ( 'NONE',  ( 2.749147039800788672, 0.09214600728062512236, -0.9475259344453811350 ) ) ;
#1964 = EDGE_CURVE ( 'NONE', #263, #3426, #5326, .T. ) ;
#1965 = ORIENTED_EDGE ( 'NONE', *, *, #1406, .T. ) ;
#1966 = AXIS2_PLACEMENT_3D ( 'NONE', #3532, #1319, #3072 ) ;
#1967 = AXIS2_PLACEMENT_3D ( 'NONE', #115, #1772, #2700 ) ;
#1968 = DIRECTION ( 'NONE',  ( 0.000000000000000000, 1.000000000000000000, 0.000000000000000000 ) ) ;
#1969 = VERTEX_POINT ( 'NONE', #1176 ) ;
#1970 = DIRECTION ( 'NONE',  ( 0.000000000000000000, 0.000000000000000000, 1.000000000000000000 ) ) ;
#1971 = CARTESIAN_POINT ( 'NONE',  ( -1.747883212937300756, 0.08899429837553723965, 2.327844167623777327 ) ) ;
#1972 = CARTESIAN_POINT ( 'NONE',  ( -0.8281308303519556713, 0.1054847958469721930, -2.773520794011109292 ) ) ;
#1973 = LINE ( 'NONE', #4612, #250 ) ;
#1974 = CIRCLE ( 'NONE', #5153, 0.8500000000000000888 ) ;
#1975 = AXIS2_PLACEMENT_3D ( 'NONE', #816, #5114, #3395 ) ;
#1976 = EDGE_LOOP ( 'NONE', ( #5355, #1890, #2415, #4134 ) ) ;
#1977 = CARTESIAN_POINT ( 'NONE',  ( 0.000000000000000000, 3.500000000000000000, 0.000000000000000000 ) ) ;
#1978 = CARTESIAN_POINT ( 'NONE',  ( 2.307318194124664767, 0.1005945232467966577, -1.755808390171086808 ) ) ;
#1979 = DIRECTION ( 'NONE',  ( -0.1391731009600952196, -0.000000000000000000, 0.9902680687415660321 ) ) ;
#1980 = ORIENTED_EDGE ( 'NONE', *, *, #1782, .F. ) ;
#1981 = DIRECTION ( 'NONE',  ( 0.000000000000000000, 0.000000000000000000, 1.000000000000000000 ) ) ;
#1982 = CARTESIAN_POINT ( 'NONE',  ( -9.971960689854268978, 3.500000000000088818, -1.250000000000000000 ) ) ;
#1983 = ORIENTED_EDGE ( 'NONE', *, *, #5398, .F. ) ;
#1984 = EDGE_CURVE ( 'NONE', #2547, #2954, #4869, .T. ) ;
#1985 = CARTESIAN_POINT ( 'NONE',  ( -0.03473692183413010920, 0.08388766978317897804, -2.915917388767037544 ) ) ;
#1986 = ORIENTED_EDGE ( 'NONE', *, *, #811, .T. ) ;
#1987 = ORIENTED_EDGE ( 'NONE', *, *, #4721, .F. ) ;
#1988 = CARTESIAN_POINT ( 'NONE',  ( 0.8364329147907419992, 0.09922960516582053636, 2.777569991145556028 ) ) ;
#1989 = ADVANCED_FACE ( 'NONE', ( #5100 ), #772, .T. ) ;
#1990 = LINE ( 'NONE', #5513, #4755 ) ;
#1991 = CARTESIAN_POINT ( 'NONE',  ( -1.140209032233029607, 0.000000000000000000, -2.392158724419058746 ) ) ;
#1992 = AXIS2_PLACEMENT_3D ( 'NONE', #3744, #2892, #4710 ) ;
#1993 = ORIENTED_EDGE ( 'NONE', *, *, #4625, .T. ) ;
#1994 = VERTEX_POINT ( 'NONE', #5483 ) ;
#1995 = ORIENTED_EDGE ( 'NONE', *, *, #5405, .F. ) ;
#1996 = ADVANCED_FACE ( 'NONE', ( #5458 ), #5400, .F. ) ;
#1997 = FACE_BOUND ( 'NONE', #5025, .T. ) ;
#1998 = CARTESIAN_POINT ( 'NONE',  ( -1.744103459021570934, 0.08526593549491288948, 2.335344606984944171 ) ) ;
#1999 = CARTESIAN_POINT ( 'NONE',  ( 2.051053647908248401, 0.2724669240256558100, -1.800994743867530890 ) ) ;
#2000 = DIRECTION ( 'NONE',  ( 0.000000000000000000, 0.000000000000000000, -1.000000000000000000 ) ) ;
#2001 = CIRCLE ( 'NONE', #3621, 0.09999999999999982514 ) ;
#2002 = ORIENTED_EDGE ( 'NONE', *, *, #2162, .F. ) ;
#2003 = CIRCLE ( 'NONE', #1002, 2.649999999999999911 ) ;
#2004 = FACE_OUTER_BOUND ( 'NONE', #677, .T. ) ;
#2005 = CARTESIAN_POINT ( 'NONE',  ( 10.04689006608636781, 3.499999999998789413, 0.2500000000000000000 ) ) ;
#2006 = CARTESIAN_POINT ( 'NONE',  ( -0.9602627043225999692, 0.000000000000000000, 2.730588545663000577 ) ) ;
#2007 = ORIENTED_EDGE ( 'NONE', *, *, #805, .F. ) ;
#2008 = CARTESIAN_POINT ( 'NONE',  ( 1.265099007619979954, 0.000000000000000000, -2.328524103573141879 ) ) ;
#2009 = CARTESIAN_POINT ( 'NONE',  ( 1.653273178848926867E-16, 5.400000000000000355, -1.350000000000000089 ) ) ;
#2010 = EDGE_LOOP ( 'NONE', ( #3229, #162, #86, #3731 ) ) ;
#2011 = CARTESIAN_POINT ( 'NONE',  ( -0.06375074332279055678, 0.1001045408292764588, -2.899200526230781172 ) ) ;
#2012 = ORIENTED_EDGE ( 'NONE', *, *, #2888, .T. ) ;
#2013 = AXIS2_PLACEMENT_3D ( 'NONE', #155, #5372, #2781 ) ;
#2014 = ORIENTED_EDGE ( 'NONE', *, *, #4453, .F. ) ;
#2015 = EDGE_CURVE ( 'NONE', #3333, #4904, #3770, .T. ) ;
#2016 = DIRECTION ( 'NONE',  ( 0.000000000000000000, 0.000000000000000000, 1.000000000000000000 ) ) ;
#2017 = CARTESIAN_POINT ( 'NONE',  ( -1.922734174767920301, 0.3499999999946683538, -1.823620929132848678 ) ) ;
#2018 = CARTESIAN_POINT ( 'NONE',  ( 5.656854249492000442, 3.500000000000000000, 4.806854249491999909 ) ) ;
#2019 = ORIENTED_EDGE ( 'NONE', *, *, #1644, .T. ) ;
#2020 = B_SPLINE_CURVE_WITH_KNOTS ( 'NONE', 3,
 ( #1364, #4819, #1702, #3910, #5588, #2204 ),
 .UNSPECIFIED., .F., .F.,
 ( 4, 2, 4 ),
 ( 0.000000000000000000, 0.0006789444765032009478, 0.001357888953006401896 ),
 .UNSPECIFIED. ) ;
#2021 = AXIS2_PLACEMENT_3D ( 'NONE', #5426, #4560, #1586 ) ;
#2022 = ORIENTED_EDGE ( 'NONE', *, *, #3127, .F. ) ;
#2023 = EDGE_CURVE ( 'NONE', #4149, #569, #3345, .T. ) ;
#2024 = ORIENTED_EDGE ( 'NONE', *, *, #2922, .F. ) ;
#2025 = CARTESIAN_POINT ( 'NONE',  ( -9.949999999999999289, 0.000000000000000000, 0.7500000000000001110 ) ) ;
#2026 = CARTESIAN_POINT ( 'NONE',  ( 1.733125776727439060, 0.08043333791895158902, -2.349498784059202539 ) ) ;
#2027 = DIRECTION ( 'NONE',  ( 0.000000000000000000, 0.000000000000000000, -1.000000000000000000 ) ) ;
#2028 = CARTESIAN_POINT ( 'NONE',  ( 4.231032868206842176E-18, 3.499999999997578826, 0.000000000000000000 ) ) ;
#2029 = EDGE_CURVE ( 'NONE', #5294, #3971, #788, .T. ) ;
#2030 = EDGE_CURVE ( 'NONE', #3546, #612, #3289, .T. ) ;
#2031 = ORIENTED_EDGE ( 'NONE', *, *, #4527, .F. ) ;
#2032 = DIRECTION ( 'NONE',  ( 0.000000000000000000, -1.000000000000000000, 0.000000000000000000 ) ) ;
#2033 = DIRECTION ( 'NONE',  ( 0.000000000000000000, -1.000000000000000000, 0.000000000000000000 ) ) ;
#2034 = CARTESIAN_POINT ( 'NONE',  ( -0.06946583704589999464, 0.000000000000000000, 2.893681524374000169 ) ) ;
#2035 = CARTESIAN_POINT ( 'NONE',  ( -2.893681524369137836, 0.1054847958468026342, 0.06946583705042837231 ) ) ;
#2036 = DIRECTION ( 'NONE',  ( -0.000000000000000000, -1.000000000000000000, -0.000000000000000000 ) ) ;
#2037 = ORIENTED_EDGE ( 'NONE', *, *, #385, .F. ) ;
#2038 = FACE_OUTER_BOUND ( 'NONE', #2155, .T. ) ;
#2039 = ORIENTED_EDGE ( 'NONE', *, *, #2888, .F. ) ;
#2040 = VERTEX_POINT ( 'NONE', #5030 ) ;
#2041 = AXIS2_PLACEMENT_3D ( 'NONE', #3961, #174, #4469 ) ;
#2042 = DIRECTION ( 'NONE',  ( 1.776356839400250465E-14, 0.000000000000000000, -1.000000000000000000 ) ) ;
#2043 = VECTOR ( 'NONE', #415, 1000.000000000000000 ) ;
#2044 = DIRECTION ( 'NONE',  ( 0.1736481776669022981, -0.000000000000000000, -0.9848077530122131273 ) ) ;
#2045 = DIRECTION ( 'NONE',  ( 0.000000000000000000, -1.000000000000000000, 0.000000000000000000 ) ) ;
#2046 = ORIENTED_EDGE ( 'NONE', *, *, #5319, .T. ) ;
#2047 = AXIS2_PLACEMENT_3D ( 'NONE', #2497, #4263, #2105 ) ;
#2048 = ORIENTED_EDGE ( 'NONE', *, *, #1823, .T. ) ;
#2049 = ORIENTED_EDGE ( 'NONE', *, *, #3617, .F. ) ;
#2050 = LINE ( 'NONE', #1683, #449 ) ;
#2051 = CARTESIAN_POINT ( 'NONE',  ( 5.500000000000000000, 2.999999999985902832, -0.2500000000509317033 ) ) ;
#2052 = EDGE_CURVE ( 'NONE', #1068, #1781, #3957, .T. ) ;
#2053 = DIRECTION ( 'NONE',  ( 0.000000000000000000, 1.000000000000000000, -0.000000000000000000 ) ) ;
#2054 = CARTESIAN_POINT ( 'NONE',  ( -5.656854249492000442, 3.500000000000000000, -4.806854249491999909 ) ) ;
#2055 = VECTOR ( 'NONE', #673, 1000.000000000000000 ) ;
#2056 = AXIS2_PLACEMENT_3D ( 'NONE', #3610, #2644, #5297 ) ;
#2057 = VERTEX_POINT ( 'NONE', #624 ) ;
#2058 = CIRCLE ( 'NONE', #4775, 10.04999999999985505 ) ;
#2059 = CIRCLE ( 'NONE', #2688, 2.649999999999999911 ) ;
#2060 = CARTESIAN_POINT ( 'NONE',  ( 2.773520794012541479, 0.1054847958447603790, -0.8281308303548909899 ) ) ;
#2061 = CARTESIAN_POINT ( 'NONE',  ( 0.9602627043240629101, 0.1054847958445330053, -2.730588545660036726 ) ) ;
#2062 = ADVANCED_FACE ( 'NONE', ( #682 ), #965, .F. ) ;
#2063 = CARTESIAN_POINT ( 'NONE',  ( -0.8493435028009722609, 0.09214600728068535196, 2.781048445666032709 ) ) ;
#2064 = CARTESIAN_POINT ( 'NONE',  ( 9.949999999999999289, 3.500000000000000000, 0.2500000000000000000 ) ) ;
#2065 = CARTESIAN_POINT ( 'NONE',  ( -2.619751903961048622, 0.1904932317066914960, 1.019195592089368718 ) ) ;
#2066 = EDGE_CURVE ( 'NONE', #2772, #2318, #3657, .T. ) ;
#2067 = EDGE_CURVE ( 'NONE', #5311, #159, #5060, .T. ) ;
#2068 = CARTESIAN_POINT ( 'NONE',  ( 1.823620929132162116, 3.500000000000000000, -1.922734174770696303 ) ) ;
#2069 = EDGE_LOOP ( 'NONE', ( #2401, #1645, #3166, #2682 ) ) ;
#2070 = EDGE_LOOP ( 'NONE', ( #4477, #522, #3240, #5327 ) ) ;
#2071 = CARTESIAN_POINT ( 'NONE',  ( 0.9475259344453810240, 0.09214600728062498358, 2.749147039800788672 ) ) ;
#2072 = FACE_OUTER_BOUND ( 'NONE', #2069, .T. ) ;
#2073 = CARTESIAN_POINT ( 'NONE',  ( -0.01803754692556190989, 0.07946711944365805746, 2.920489226001630190 ) ) ;
#2074 = FACE_BOUND ( 'NONE', #4607, .T. ) ;
#2075 = ORIENTED_EDGE ( 'NONE', *, *, #1680, .T. ) ;
#2076 = VERTEX_POINT ( 'NONE', #654 ) ;
#2077 = ORIENTED_EDGE ( 'NONE', *, *, #1323, .F. ) ;
#2078 = DIRECTION ( 'NONE',  ( -0.8987940462991643731, 0.000000000000000000, 0.4383711467890826219 ) ) ;
#2079 = DIRECTION ( 'NONE',  ( 0.000000000000000000, 1.000000000000000000, 0.000000000000000000 ) ) ;
#2080 = PLANE ( 'NONE',  #4760 ) ;
#2081 = CARTESIAN_POINT ( 'NONE',  ( 0.000000000000000000, 5.099999999999999645, 0.000000000000000000 ) ) ;
#2082 = VECTOR ( 'NONE', #1526, 1000.000000000000000 ) ;
#2083 = EDGE_CURVE ( 'NONE', #2040, #1918, #4142, .T. ) ;
#2084 = ORIENTED_EDGE ( 'NONE', *, *, #4172, .F. ) ;
#2085 = CARTESIAN_POINT ( 'NONE',  ( 0.9602627043241499516, 0.1054847958445215700, 2.730588545660018074 ) ) ;
#2086 = CARTESIAN_POINT ( 'NONE',  ( 0.000000000000000000, 0.3499999999999999778, 0.000000000000000000 ) ) ;
#2087 = AXIS2_PLACEMENT_3D ( 'NONE', #1017, #4562, #2773 ) ;
#2088 = DIRECTION ( 'NONE',  ( 0.7193398003386733963, 0.000000000000000000, -0.6946583704589742725 ) ) ;
#2089 = CARTESIAN_POINT ( 'NONE',  ( 5.656854249492000442, 0.000000000000000000, 4.806854249491999909 ) ) ;
#2090 = CARTESIAN_POINT ( 'NONE',  ( 0.9069178675269899959, 4.000000289312737323, 1.000000000000000000 ) ) ;
#2091 = DIRECTION ( 'NONE',  ( 0.000000000000000000, 0.000000000000000000, 1.000000000000000000 ) ) ;
#2092 = VERTEX_POINT ( 'NONE', #4196 ) ;
#2093 = ORIENTED_EDGE ( 'NONE', *, *, #2335, .T. ) ;
#2094 = EDGE_CURVE ( 'NONE', #2057, #3720, #3742, .T. ) ;
#2095 = EDGE_CURVE ( 'NONE', #4691, #4061, #5592, .T. ) ;
#2096 = CARTESIAN_POINT ( 'NONE',  ( 0.9526339879011987977, 0.09605189444127459897, 2.743255116791735393 ) ) ;
#2097 = CARTESIAN_POINT ( 'NONE',  ( -10.22252415013021931, 0.2000000000000000111, -0.7500000000000000000 ) ) ;
#2098 = CARTESIAN_POINT ( 'NONE',  ( 2.781048445666032709, 0.09214600728068519930, 0.8493435028009727050 ) ) ;
#2099 = DIRECTION ( 'NONE',  ( -0.4383711467890826774, 0.000000000000000000, 0.8987940462991644841 ) ) ;
#2100 = ORIENTED_EDGE ( 'NONE', *, *, #1823, .F. ) ;
#2101 = VERTEX_POINT ( 'NONE', #1620 ) ;
#2102 = ORIENTED_EDGE ( 'NONE', *, *, #3153, .F. ) ;
#2103 = PLANE ( 'NONE',  #3877 ) ;
#2104 = DIRECTION ( 'NONE',  ( 0.000000000000000000, 0.000000000000000000, 1.000000000000000000 ) ) ;
#2105 = DIRECTION ( 'NONE',  ( 0.000000000000000000, 0.000000000000000000, -1.000000000000000000 ) ) ;
#2106 = CARTESIAN_POINT ( 'NONE',  ( -9.650000000000000355, 3.500000000000000000, 0.000000000000000000 ) ) ;
#2107 = ORIENTED_EDGE ( 'NONE', *, *, #3312, .T. ) ;
#2108 = DIRECTION ( 'NONE',  ( 0.000000000000000000, 0.000000000000000000, -1.000000000000000000 ) ) ;
#2109 = CARTESIAN_POINT ( 'NONE',  ( -1.140209032234785980, 0.3499999999946294404, -2.392158724416362681 ) ) ;
#2110 = CARTESIAN_POINT ( 'NONE',  ( -0.3451855309564757501, 0.000000000000000000, -2.627422110970807800 ) ) ;
#2111 = EDGE_CURVE ( 'NONE', #5093, #893, #3230, .T. ) ;
#2112 = FACE_OUTER_BOUND ( 'NONE', #120, .T. ) ;
#2113 = CARTESIAN_POINT ( 'NONE',  ( 0.8641284261661491550, 0.08532654397121623713, -2.783641389386549925 ) ) ;
#2114 = DIRECTION ( 'NONE',  ( 0.000000000000000000, 1.000000000000000000, 0.000000000000000000 ) ) ;
#2115 = EDGE_CURVE ( 'NONE', #4877, #3632, #4880, .T. ) ;
#2116 = ORIENTED_EDGE ( 'NONE', *, *, #1614, .T. ) ;
#2117 = ORIENTED_EDGE ( 'NONE', *, *, #2828, .F. ) ;
#2118 = CARTESIAN_POINT ( 'NONE',  ( 0.9367241492484783549, 0.08512501714691324273, 2.760272472973608782 ) ) ;
#2119 = DIRECTION ( 'NONE',  ( 0.000000000000000000, 0.000000000000000000, -1.000000000000000000 ) ) ;
#2120 = FACE_OUTER_BOUND ( 'NONE', #1903, .T. ) ;
#2121 = FACE_BOUND ( 'NONE', #462, .T. ) ;
#2122 = EDGE_CURVE ( 'NONE', #4363, #404, #2865, .T. ) ;
#2123 = ORIENTED_EDGE ( 'NONE', *, *, #2510, .F. ) ;
#2124 = VECTOR ( 'NONE', #5137, 1000.000000000000000 ) ;
#2125 = VERTEX_POINT ( 'NONE', #4112 ) ;
#2126 = AXIS2_PLACEMENT_3D ( 'NONE', #2487, #1167, #4655 ) ;
#2127 = ORIENTED_EDGE ( 'NONE', *, *, #5383, .T. ) ;
#2128 = AXIS2_PLACEMENT_3D ( 'NONE', #2642, #1854, #970 ) ;
#2129 = DIRECTION ( 'NONE',  ( 0.000000000000000000, -1.000000000000000000, 0.000000000000000000 ) ) ;
#2130 = CARTESIAN_POINT ( 'NONE',  ( 1.658581592254091630, 0.09675568587290418743, -2.382841717207716314 ) ) ;
#2131 = CIRCLE ( 'NONE', #1774, 0.09999999999999982514 ) ;
#2132 = EDGE_CURVE ( 'NONE', #5430, #2897, #3179, .T. ) ;
#2133 = CARTESIAN_POINT ( 'NONE',  ( 9.650000000000000355, 3.200000000000000178, -0.2500000000000000000 ) ) ;
#2134 = FACE_OUTER_BOUND ( 'NONE', #1618, .T. ) ;
#2135 = CARTESIAN_POINT ( 'NONE',  ( 1.019195592089622293, 0.1904932317077367154, -2.619751903960282124 ) ) ;
#2136 = ORIENTED_EDGE ( 'NONE', *, *, #2466, .F. ) ;
#2137 = CARTESIAN_POINT ( 'NONE',  ( 0.000000000000000000, 3.500000000000000000, 0.000000000000000000 ) ) ;
#2138 = CARTESIAN_POINT ( 'NONE',  ( 0.000000000000000000, 0.000000000000000000, 0.000000000000000000 ) ) ;
#2139 = CARTESIAN_POINT ( 'NONE',  ( 2.392158724418901539, 3.500000000000000000, 1.140209032233358455 ) ) ;
#2140 = ORIENTED_EDGE ( 'NONE', *, *, #5486, .T. ) ;
#2141 = B_SPLINE_CURVE_WITH_KNOTS ( 'NONE', 3,
 ( #391, #2113, #2932, #4247, #3339, #784, #4298 ),
 .UNSPECIFIED., .F., .F.,
 ( 4, 3, 4 ),
 ( 0.0001140747567165257366, 0.0001385224882847297062, 0.0001645295473103615110 ),
 .UNSPECIFIED. ) ;
#2142 = CONICAL_SURFACE ( 'NONE', #5325, 10.25000000000102673, 0.7853981633972987320 ) ;
#2143 = AXIS2_PLACEMENT_3D ( 'NONE', #2554, #5159, #5599 ) ;
#2144 = CYLINDRICAL_SURFACE ( 'NONE', #1204, 2.649999999999999911 ) ;
#2145 = CARTESIAN_POINT ( 'NONE',  ( -2.605495114974734516, 0.000000000000000000, 0.4836271351396295715 ) ) ;
#2146 = ORIENTED_EDGE ( 'NONE', *, *, #1019, .F. ) ;
#2147 = AXIS2_PLACEMENT_3D ( 'NONE', #2151, #3450, #36 ) ;
#2148 = EDGE_LOOP ( 'NONE', ( #2007, #3014, #299, #2920 ) ) ;
#2149 = CARTESIAN_POINT ( 'NONE',  ( 0.9425808576513038384, 0.08836474067378986830, 2.754850976142992014 ) ) ;
#2150 = EDGE_CURVE ( 'NONE', #2278, #1284, #5022, .T. ) ;
#2151 = CARTESIAN_POINT ( 'NONE',  ( 0.000000000000000000, 0.000000000000000000, 0.000000000000000000 ) ) ;
#2152 = DIRECTION ( 'NONE',  ( 0.000000000000000000, 0.000000000000000000, -1.000000000000000000 ) ) ;
#2153 = CARTESIAN_POINT ( 'NONE',  ( -2.773520794010988499, 0.1054847958470536279, -0.8281308303520753533 ) ) ;
#2154 = ORIENTED_EDGE ( 'NONE', *, *, #99, .F. ) ;
#2155 = EDGE_LOOP ( 'NONE', ( #4822, #5557, #5011, #2521 ) ) ;
#2156 = EDGE_CURVE ( 'NONE', #1557, #5089, #4540, .T. ) ;
#2157 = VERTEX_POINT ( 'NONE', #6 ) ;
#2158 = FACE_OUTER_BOUND ( 'NONE', #1562, .T. ) ;
#2159 = CARTESIAN_POINT ( 'NONE',  ( 0.000000000000000000, 5.400000000000000355, 0.000000000000000000 ) ) ;
#2160 = CARTESIAN_POINT ( 'NONE',  ( 1.750683869646621371, 0.09214600728035257649, 2.321792590102041753 ) ) ;
#2161 = EDGE_CURVE ( 'NONE', #1781, #5096, #5198, .T. ) ;
#2162 = EDGE_CURVE ( 'NONE', #1140, #2548, #702, .T. ) ;
#2163 = CARTESIAN_POINT ( 'NONE',  ( 1.800994743867530890, 0.2724669240256557545, 2.051053647908248845 ) ) ;
#2164 = ORIENTED_EDGE ( 'NONE', *, *, #2161, .F. ) ;
#2165 = PLANE ( 'NONE',  #3256 ) ;
#2166 = CARTESIAN_POINT ( 'NONE',  ( 0.8805776506495933686, 0.08046707882547227131, -2.783578968231166684 ) ) ;
#2167 = DIRECTION ( 'NONE',  ( 0.000000000000000000, -1.000000000000000000, 0.000000000000000000 ) ) ;
#2168 = DIRECTION ( 'NONE',  ( 0.000000000000000000, 1.000000000000000000, 0.000000000000000000 ) ) ;
#2169 = ORIENTED_EDGE ( 'NONE', *, *, #1737, .T. ) ;
#2170 = VECTOR ( 'NONE', #1703, 1000.000000000000000 ) ;
#2171 = AXIS2_PLACEMENT_3D ( 'NONE', #667, #5359, #4615 ) ;
#2172 = CYLINDRICAL_SURFACE ( 'NONE', #5587, 0.8500000000000000888 ) ;
#2173 = CARTESIAN_POINT ( 'NONE',  ( 1.644664282158978308, 0.000000000000000000, -2.381868524081154792 ) ) ;
#2174 = CARTESIAN_POINT ( 'NONE',  ( -2.381868524080911431, 0.000000000000000000, -1.644664282159012503 ) ) ;
#2175 = VERTEX_POINT ( 'NONE', #5226 ) ;
#2176 = CIRCLE ( 'NONE', #905, 2.649999999999999911 ) ;
#2177 = VERTEX_POINT ( 'NONE', #1297 ) ;
#2178 = CARTESIAN_POINT ( 'NONE',  ( 2.328524103573094362, 0.3499999999927473904, 1.265099007619640448 ) ) ;
#2179 = CARTESIAN_POINT ( 'NONE',  ( 0.8558855165700508527, 0.08899429837552277900, 2.782339694813298347 ) ) ;
#2180 = CARTESIAN_POINT ( 'NONE',  ( 0.000000000000000000, 5.099999999970350473, -3.999999999962255970 ) ) ;
#2181 = CARTESIAN_POINT ( 'NONE',  ( -2.750000000000000000, 3.499999999967964293, 4.763139720814000277 ) ) ;
#2182 = CARTESIAN_POINT ( 'NONE',  ( 10.24695076595964416, 3.299999999999939426, 0.2499999999999946987 ) ) ;
#2183 = ORIENTED_EDGE ( 'NONE', *, *, #4489, .T. ) ;
#2184 = EDGE_CURVE ( 'NONE', #741, #1535, #410, .T. ) ;
#2185 = EDGE_LOOP ( 'NONE', ( #519, #1954, #1727, #4425 ) ) ;
#2186 = ORIENTED_EDGE ( 'NONE', *, *, #232, .T. ) ;
#2187 = DIRECTION ( 'NONE',  ( -0.000000000000000000, 1.000000000000000000, -0.000000000000000000 ) ) ;
#2188 = CARTESIAN_POINT ( 'NONE',  ( -2.300206534966591665, 0.1054847958470750552, -1.757062367557801652 ) ) ;
#2189 = CARTESIAN_POINT ( 'NONE',  ( -2.282841717206999910, 3.500000000000000000, -1.658581592255000237 ) ) ;
#2190 = VERTEX_POINT ( 'NONE', #2992 ) ;
#2191 = DIRECTION ( 'NONE',  ( 0.000000000000000000, 1.000000000000000000, 0.000000000000000000 ) ) ;
#2192 = CARTESIAN_POINT ( 'NONE',  ( 2.910645467158750943, 0.08899429837515275554, 0.04579475208483414772 ) ) ;
#2193 = CARTESIAN_POINT ( 'NONE',  ( 10.18026406343009782, 0.1333331358474242334, -0.2500000000000000000 ) ) ;
#2194 = ORIENTED_EDGE ( 'NONE', *, *, #1428, .F. ) ;
#2195 = EDGE_CURVE ( 'NONE', #5234, #2515, #2059, .T. ) ;
#2196 = EDGE_CURVE ( 'NONE', #3564, #5455, #3651, .T. ) ;
#2197 = AXIS2_PLACEMENT_3D ( 'NONE', #2762, #4929, #280 ) ;
#2198 = DIRECTION ( 'NONE',  ( -0.8987940462991644841, 0.000000000000000000, 0.4383711467890826774 ) ) ;
#2199 = LINE ( 'NONE', #1861, #3002 ) ;
#2200 = CARTESIAN_POINT ( 'NONE',  ( -2.760002315053633026, 0.08526593549488330204, -0.9370797885150605744 ) ) ;
#2201 = ORIENTED_EDGE ( 'NONE', *, *, #1569, .F. ) ;
#2202 = ORIENTED_EDGE ( 'NONE', *, *, #4040, .F. ) ;
#2203 = CARTESIAN_POINT ( 'NONE',  ( -2.370682937886618991, 0.07858527843848120420, 1.707221391044583481 ) ) ;
#2204 = CARTESIAN_POINT ( 'NONE',  ( 2.085665173664745797, 4.674105639593426176, 0.9999999999998825384 ) ) ;
#2205 = DIRECTION ( 'NONE',  ( 0.000000000000000000, -1.000000000000000000, 0.000000000000000000 ) ) ;
#2206 = ORIENTED_EDGE ( 'NONE', *, *, #4823, .F. ) ;
#2207 = EDGE_LOOP ( 'NONE', ( #4397, #101, #1589, #5058 ) ) ;
#2208 = VERTEX_POINT ( 'NONE', #4473 ) ;
#2209 = DIRECTION ( 'NONE',  ( -0.000000000000000000, -1.000000000000000000, -0.000000000000000000 ) ) ;
#2210 = CARTESIAN_POINT ( 'NONE',  ( -1.734372133933065330, 0.08046707882519463229, -2.348548950360740406 ) ) ;
#2211 = CARTESIAN_POINT ( 'NONE',  ( -0.9475259344453811350, 0.09214600728062512236, -2.749147039800788672 ) ) ;
#2212 = AXIS2_PLACEMENT_3D ( 'NONE', #3733, #1921, #5474 ) ;
#2213 = CARTESIAN_POINT ( 'NONE',  ( -0.8281308303579215657, 3.500000000000000000, 2.773520794013700996 ) ) ;
#2214 = EDGE_LOOP ( 'NONE', ( #2777, #3055, #4814, #2633 ) ) ;
#2216 = ADVANCED_FACE ( 'NONE', ( #2655 ), #2626, .F. ) ;
#2215 = VECTOR ( 'NONE', #4960, 1000.000000000000000 ) ;
#2217 = FACE_OUTER_BOUND ( 'NONE', #5111, .T. ) ;
#2218 = DIRECTION ( 'NONE',  ( -0.000000000000000000, 1.000000000000000000, 0.000000000000000000 ) ) ;
#2219 = CARTESIAN_POINT ( 'NONE',  ( 2.921014661944753232, 0.07896029600152480732, -0.01458361059999501233 ) ) ;
#2220 = LINE ( 'NONE', #2248, #2619 ) ;
#2221 = ORIENTED_EDGE ( 'NONE', *, *, #3883, .F. ) ;
#2222 = VECTOR ( 'NONE', #33, 1000.000000000000000 ) ;
#2223 = CARTESIAN_POINT ( 'NONE',  ( -1.644664282152475510, 0.1054847958468874275, -2.381868524080161809 ) ) ;
#2224 = EDGE_CURVE ( 'NONE', #1037, #1810, #78, .T. ) ;
#2225 = CARTESIAN_POINT ( 'NONE',  ( 1.197985363208955434, 4.303333355787834158, -1.321025698712801510 ) ) ;
#2226 = CARTESIAN_POINT ( 'NONE',  ( -2.746795210637166917, 0.09352044089305208696, -0.9501699712825252275 ) ) ;
#2227 = ORIENTED_EDGE ( 'NONE', *, *, #611, .F. ) ;
#2228 = AXIS2_PLACEMENT_3D ( 'NONE', #1281, #4719, #825 ) ;
#2229 = ORIENTED_EDGE ( 'NONE', *, *, #495, .T. ) ;
#2230 = VECTOR ( 'NONE', #1100, 1000.000000000000000 ) ;
#2231 = FACE_OUTER_BOUND ( 'NONE', #4890, .T. ) ;
#2232 = CARTESIAN_POINT ( 'NONE',  ( -2.328745468696682863, 0.08836474067352249884, 1.747743435402602019 ) ) ;
#2233 = EDGE_CURVE ( 'NONE', #2640, #1270, #1974, .T. ) ;
#2234 = DIRECTION ( 'NONE',  ( 0.000000000000000000, -1.000000000000000000, 0.000000000000000000 ) ) ;
#2235 = LINE ( 'NONE', #3081, #1859 ) ;
#2236 = STYLED_ITEM ( 'NONE', ( #4400 ), #4259 ) ;
#2237 = DIRECTION ( 'NONE',  ( -3.552713678800500929E-14, 0.000000000000000000, -1.000000000000000000 ) ) ;
#2238 = ORIENTED_EDGE ( 'NONE', *, *, #4635, .T. ) ;
#2239 = ORIENTED_EDGE ( 'NONE', *, *, #4838, .F. ) ;
#2240 = EDGE_LOOP ( 'NONE', ( #819, #3530, #4509, #3677 ) ) ;
#2241 = LINE ( 'NONE', #3087, #4502 ) ;
#2242 = CARTESIAN_POINT ( 'NONE',  ( 5.656854249492000442, 3.500000000000000000, -6.506854249492000086 ) ) ;
#2243 = CARTESIAN_POINT ( 'NONE',  ( 1.728727728835396826, 0.07896029600171980412, 2.354578471096010706 ) ) ;
#2244 = FACE_OUTER_BOUND ( 'NONE', #2530, .T. ) ;
#2245 = ORIENTED_EDGE ( 'NONE', *, *, #2369, .T. ) ;
#2246 = FACE_OUTER_BOUND ( 'NONE', #3070, .T. ) ;
#2247 = CARTESIAN_POINT ( 'NONE',  ( 2.370074274387812707, 4.805001019387895589, -0.7954545454544127425 ) ) ;
#2248 = CARTESIAN_POINT ( 'NONE',  ( 9.650000000000000355, 3.500000000000000000, 0.000000000000000000 ) ) ;
#2249 = ORIENTED_EDGE ( 'NONE', *, *, #3261, .F. ) ;
#2250 = VECTOR ( 'NONE', #3565, 1000.000000000000000 ) ;
#2251 = ADVANCED_FACE ( 'NONE', ( #567 ), #3935, .F. ) ;
#2252 = DIRECTION ( 'NONE',  ( 0.000000000000000000, 0.000000000000000000, 1.000000000000000000 ) ) ;
#2253 = DIRECTION ( 'NONE',  ( -0.000000000000000000, 1.000000000000000000, -0.000000000000000000 ) ) ;
#2254 = CARTESIAN_POINT ( 'NONE',  ( -2.783638513563093220, 0.08275907220439066014, -0.8727263354178191879 ) ) ;
#2255 = ORIENTED_EDGE ( 'NONE', *, *, #463, .T. ) ;
#2256 = AXIS2_PLACEMENT_3D ( 'NONE', #1715, #777, #3436 ) ;
#2257 = EDGE_LOOP ( 'NONE', ( #5169, #1525 ) ) ;
#2258 = AXIS2_PLACEMENT_3D ( 'NONE', #4424, #4368, #4394 ) ;
#2259 = DIRECTION ( 'NONE',  ( 0.000000000000000000, 1.000000000000000000, 0.000000000000000000 ) ) ;
#2260 = CARTESIAN_POINT ( 'NONE',  ( 0.8281308303548909899, 0.1054847958447604067, 2.773520794012541479 ) ) ;
#2261 = LINE ( 'NONE', #5368, #1427 ) ;
#2262 = LINE ( 'NONE', #3995, #2170 ) ;
#2263 = AXIS2_PLACEMENT_3D ( 'NONE', #3896, #5453, #3341 ) ;
#2264 = ORIENTED_EDGE ( 'NONE', *, *, #3900, .F. ) ;
#2265 = EDGE_CURVE ( 'NONE', #4191, #4168, #4057, .T. ) ;
#2266 = EDGE_CURVE ( 'NONE', #1187, #4170, #3967, .T. ) ;
#2267 = VERTEX_POINT ( 'NONE', #1360 ) ;
#2268 = CIRCLE ( 'NONE', #4080, 2.649999999999999911 ) ;
#2269 = CARTESIAN_POINT ( 'NONE',  ( 0.000000000000000000, 3.500000000000000000, 0.000000000000000000 ) ) ;
#2270 = CYLINDRICAL_SURFACE ( 'NONE', #3357, 1.350000000000000089 ) ;
#2271 = DIRECTION ( 'NONE',  ( 0.000000000000000000, -1.000000000000000000, 0.000000000000000000 ) ) ;
#2272 = DIRECTION ( 'NONE',  ( -0.000000000000000000, -1.000000000000000000, -0.000000000000000000 ) ) ;
#2273 = VERTEX_POINT ( 'NONE', #4047 ) ;
#2274 = DIRECTION ( 'NONE',  ( 0.8987940462991643731, 0.000000000000000000, -0.4383711467890826219 ) ) ;
#2275 = CARTESIAN_POINT ( 'NONE',  ( 9.949999999999999289, 3.500000000000000000, 0.2500000000000000000 ) ) ;
#2276 = DIRECTION ( 'NONE',  ( -0.6946583704589742725, -0.000000000000000000, 0.7193398003386733963 ) ) ;
#2277 = CARTESIAN_POINT ( 'NONE',  ( 0.3451855309564837992, 3.500000000000000000, 2.627422110970748292 ) ) ;
#2278 = VERTEX_POINT ( 'NONE', #2260 ) ;
#2279 = AXIS2_PLACEMENT_3D ( 'NONE', #3571, #3176, #5316 ) ;
#2280 = DIRECTION ( 'NONE',  ( -1.322197771323653410E-18, 1.000000000000000000, 0.000000000000000000 ) ) ;
#2281 = CARTESIAN_POINT ( 'NONE',  ( 1.265099007619640448, 3.500000000000000000, -2.328524103573094362 ) ) ;
#2282 = CARTESIAN_POINT ( 'NONE',  ( 2.305296319525889981, 4.790453779112769261, -0.9137146802149456182 ) ) ;
#2283 = ADVANCED_FACE ( 'NONE', ( #3510 ), #2289, .F. ) ;
#2284 = B_SPLINE_CURVE_WITH_KNOTS ( 'NONE', 3,
 ( #1218, #762, #2073, #3396, #5117, #5484, #5540, #5147, #294, #1247 ),
 .UNSPECIFIED., .F., .F.,
 ( 4, 3, 3, 4 ),
 ( 8.227898840391508427E-05, 0.0001091830759937115420, 0.0001358794669973248891, 0.0001645614935337457981 ),
 .UNSPECIFIED. ) ;
#2285 = VECTOR ( 'NONE', #1384, 1000.000000000000000 ) ;
#2286 = VERTEX_POINT ( 'NONE', #4788 ) ;
#2287 = EDGE_LOOP ( 'NONE', ( #5303, #2964, #345, #3875 ) ) ;
#2288 = CARTESIAN_POINT ( 'NONE',  ( 1.520355673117863349, 0.1904932317078085469, 2.364398088405661458 ) ) ;
#2289 = PLANE ( 'NONE',  #801 ) ;
#2290 = EDGE_CURVE ( 'NONE', #504, #2465, #178, .T. ) ;
#2291 = CARTESIAN_POINT ( 'NONE',  ( 9.949999999999999289, 0.000000000000000000, 0.2500000000000000000 ) ) ;
#2292 = ORIENTED_EDGE ( 'NONE', *, *, #1850, .T. ) ;
#2293 = ORIENTED_EDGE ( 'NONE', *, *, #4470, .T. ) ;
#2294 = EDGE_CURVE ( 'NONE', #846, #2465, #5306, .T. ) ;
#2295 = CARTESIAN_POINT ( 'NONE',  ( -0.3451855309562846807, 3.500000000000000000, -2.627422110970833113 ) ) ;
#2296 = CARTESIAN_POINT ( 'NONE',  ( 0.06946593480190070558, 0.1054848878711606985, 2.893681429971638686 ) ) ;
#2297 = CARTESIAN_POINT ( 'NONE',  ( -2.377710278252015197, 0.08275907220401065856, -1.690203675129273719 ) ) ;
#2298 = VERTEX_POINT ( 'NONE', #3595 ) ;
#2299 = DIRECTION ( 'NONE',  ( 0.000000000000000000, 0.000000000000000000, -1.000000000000000000 ) ) ;
#2300 = ORIENTED_EDGE ( 'NONE', *, *, #4715, .F. ) ;
#2301 = EDGE_CURVE ( 'NONE', #4014, #4885, #1417, .T. ) ;
#2302 = EDGE_CURVE ( 'NONE', #5191, #3252, #5338, .T. ) ;
#2303 = LINE ( 'NONE', #4119, #4062 ) ;
#2304 = FACE_OUTER_BOUND ( 'NONE', #4, .T. ) ;
#2305 = DIRECTION ( 'NONE',  ( 0.000000000000000000, -1.000000000000000000, 0.000000000000000000 ) ) ;
#2306 = CYLINDRICAL_SURFACE ( 'NONE', #3134, 0.09999999999999982514 ) ;
#2307 = ORIENTED_EDGE ( 'NONE', *, *, #2472, .F. ) ;
#2308 = CIRCLE ( 'NONE', #2483, 0.09999999999999982514 ) ;
#2309 = AXIS2_PLACEMENT_3D ( 'NONE', #488, #4283, #1789 ) ;
#2310 = ORIENTED_EDGE ( 'NONE', *, *, #5350, .F. ) ;
#2311 = DIRECTION ( 'NONE',  ( -0.000000000000000000, -1.000000000000000000, -0.000000000000000000 ) ) ;
#2312 = DIRECTION ( 'NONE',  ( 0.000000000000000000, 1.000000000000000000, 0.000000000000000000 ) ) ;
#2313 = ORIENTED_EDGE ( 'NONE', *, *, #1011, .T. ) ;
#2314 = ORIENTED_EDGE ( 'NONE', *, *, #26, .T. ) ;
#2315 = CARTESIAN_POINT ( 'NONE',  ( -0.8281308303577999963, 0.000000000000000000, -2.773520794013999868 ) ) ;
#2316 = CARTESIAN_POINT ( 'NONE',  ( 8.000000000000000000, 3.500000000000000000, 1.250000000000000000 ) ) ;
#2317 = ORIENTED_EDGE ( 'NONE', *, *, #1189, .T. ) ;
#2318 = VERTEX_POINT ( 'NONE', #4817 ) ;
#2319 = ADVANCED_FACE ( 'NONE', ( #3137 ), #925, .F. ) ;
#2320 = CIRCLE ( 'NONE', #3952, 0.1000000000000000472 ) ;
#2321 = AXIS2_PLACEMENT_3D ( 'NONE', #1831, #3157, #3273 ) ;
#2322 = CARTESIAN_POINT ( 'NONE',  ( -1.922734174770920790, 0.000000000000000000, 1.823620929131925195 ) ) ;
#2323 = DIRECTION ( 'NONE',  ( 0.000000000000000000, 0.000000000000000000, -1.000000000000000000 ) ) ;
#2324 = AXIS2_PLACEMENT_3D ( 'NONE', #3080, #3511, #898 ) ;
#2325 = CARTESIAN_POINT ( 'NONE',  ( -2.300206534966621863, 0.1054847958471714364, 1.757062367557603144 ) ) ;
#2326 = CIRCLE ( 'NONE', #1522, 10.25000000000000000 ) ;
#2327 = VERTEX_POINT ( 'NONE', #983 ) ;
#2328 = EDGE_CURVE ( 'NONE', #5177, #2076, #3590, .T. ) ;
#2329 = CARTESIAN_POINT ( 'NONE',  ( -1.757062367557801652, 0.1054847958470750552, 2.300206534966591665 ) ) ;
#2330 = ORIENTED_EDGE ( 'NONE', *, *, #1495, .T. ) ;
#2331 = DIRECTION ( 'NONE',  ( 0.000000000000000000, 1.000000000000000000, 0.000000000000000000 ) ) ;
#2332 = DIRECTION ( 'NONE',  ( 0.000000000000000000, -1.000000000000000000, 0.000000000000000000 ) ) ;
#2333 = FACE_OUTER_BOUND ( 'NONE', #425, .T. ) ;
#2334 = CARTESIAN_POINT ( 'NONE',  ( -2.893681524373933556, 3.500000000000000000, -0.06946583704589875952 ) ) ;
#2335 = EDGE_CURVE ( 'NONE', #789, #2190, #4189, .T. ) ;
#2336 = EDGE_CURVE ( 'NONE', #4014, #2897, #1099, .T. ) ;
#2337 = VERTEX_POINT ( 'NONE', #2035 ) ;
#2338 = CARTESIAN_POINT ( 'NONE',  ( 0.9602627043226839021, 3.500000000000000000, -2.730588545662842481 ) ) ;
#2339 = CARTESIAN_POINT ( 'NONE',  ( -2.776686433367189455, 0.1005945232467750083, -0.8346213528832148176 ) ) ;
#2340 = CARTESIAN_POINT ( 'NONE',  ( -8.000000000000000000, 3.500000000000000000, 0.000000000000000000 ) ) ;
#2341 = VERTEX_POINT ( 'NONE', #4076 ) ;
#2342 = EDGE_LOOP ( 'NONE', ( #4831, #4956 ) ) ;
#2343 = DIRECTION ( 'NONE',  ( 0.000000000000000000, -1.000000000000000000, 0.000000000000000000 ) ) ;
#2344 = CARTESIAN_POINT ( 'NONE',  ( 2.730588545660018074, 0.1054847958445215700, -0.9602627043241499516 ) ) ;
#2345 = CARTESIAN_POINT ( 'NONE',  ( 2.381868524081000249, 0.000000000000000000, -1.644664282159000068 ) ) ;
#2346 = DIRECTION ( 'NONE',  ( 0.000000000000000000, 0.000000000000000000, 1.000000000000000000 ) ) ;
#2347 = LINE ( 'NONE', #678, #992 ) ;
#2348 = VERTEX_POINT ( 'NONE', #1070 ) ;
#2349 = CIRCLE ( 'NONE', #1813, 2.650000000010630519 ) ;
#2350 = ORIENTED_EDGE ( 'NONE', *, *, #4932, .T. ) ;
#2351 = CARTESIAN_POINT ( 'NONE',  ( 1.894098572771979905, 4.553188543615659611, -1.000000000003819611 ) ) ;
#2352 = DIRECTION ( 'NONE',  ( 0.000000000000000000, -1.000000000000000000, 0.000000000000000000 ) ) ;
#2353 = CYLINDRICAL_SURFACE ( 'NONE', #894, 2.500000000000000000 ) ;
#2354 = ADVANCED_FACE ( 'NONE', ( #1558 ), #1125, .F. ) ;
#2355 = CARTESIAN_POINT ( 'NONE',  ( -2.382472669956207323, 0.09214600728019212150, -1.667164904802847847 ) ) ;
#2356 = ORIENTED_EDGE ( 'NONE', *, *, #160, .T. ) ;
#2357 = CIRCLE ( 'NONE', #4905, 3.699999999923875293 ) ;
#2358 = LINE ( 'NONE', #2726, #966 ) ;
#2359 = ORIENTED_EDGE ( 'NONE', *, *, #1817, .F. ) ;
#2360 = FACE_OUTER_BOUND ( 'NONE', #4361, .T. ) ;
#2361 = CARTESIAN_POINT ( 'NONE',  ( 0.04579475208483437670, 0.08899429837515288044, -2.910645467158750943 ) ) ;
#2362 = EDGE_CURVE ( 'NONE', #5357, #1421, #4505, .T. ) ;
#2363 = CARTESIAN_POINT ( 'NONE',  ( -0.8664689090124831905, 0.08462691620264449488, -2.783641389384017284 ) ) ;
#2364 = DIRECTION ( 'NONE',  ( 0.000000000000000000, 1.000000000000000000, 0.000000000000000000 ) ) ;
#2365 = ORIENTED_EDGE ( 'NONE', *, *, #984, .T. ) ;
#2366 = UNCERTAINTY_MEASURE_WITH_UNIT (LENGTH_MEASURE( 1.000000000000000082E-05 ), #5449, 'distance_accuracy_value', 'NONE');
#2367 = CYLINDRICAL_SURFACE ( 'NONE', #3918, 1.350000000000000089 ) ;
#2368 = CARTESIAN_POINT ( 'NONE',  ( 2.348548950360740406, 0.08046707882519484045, -1.734372133933065552 ) ) ;
#2369 = EDGE_CURVE ( 'NONE', #4363, #3038, #3195, .T. ) ;
#2370 = DIRECTION ( 'NONE',  ( -0.6946583704589742725, 0.000000000000000000, 0.7193398003386733963 ) ) ;
#2371 = ADVANCED_FACE ( 'NONE', ( #5425 ), #2855, .F. ) ;
#2372 = EDGE_LOOP ( 'NONE', ( #2310, #1497, #1983, #61 ) ) ;
#2373 = CARTESIAN_POINT ( 'NONE',  ( -1.757062367556363025, 0.000000000000000000, 2.300206534972887518 ) ) ;
#2374 = CARTESIAN_POINT ( 'NONE',  ( -10.10632188809624488, 3.366671713060916726, -1.250000000000000000 ) ) ;
#2375 = ORIENTED_EDGE ( 'NONE', *, *, #4266, .F. ) ;
#2376 = EDGE_CURVE ( 'NONE', #3075, #4061, #3648, .T. ) ;
#2377 = LINE ( 'NONE', #4939, #638 ) ;
#2378 = ORIENTED_EDGE ( 'NONE', *, *, #5433, .F. ) ;
#2379 = ORIENTED_EDGE ( 'NONE', *, *, #2472, .T. ) ;
#2380 = CIRCLE ( 'NONE', #4828, 0.8500000000000000888 ) ;
#2381 = DIRECTION ( 'NONE',  ( 0.4383711467890826219, -0.000000000000000000, -0.8987940462991643731 ) ) ;
#2382 = CARTESIAN_POINT ( 'NONE',  ( -1.019195592089099378, 0.1904932317069825132, 2.619751903961265338 ) ) ;
#2383 = CARTESIAN_POINT ( 'NONE',  ( -2.392158724419229276, 0.000000000000000000, -1.140209032233430397 ) ) ;
#2384 = ORIENTED_EDGE ( 'NONE', *, *, #4208, .F. ) ;
#2385 = PLANE ( 'NONE',  #5332 ) ;
#2386 = ORIENTED_EDGE ( 'NONE', *, *, #2290, .T. ) ;
#2387 = LINE ( 'NONE', #4490, #888 ) ;
#2388 = CARTESIAN_POINT ( 'NONE',  ( -3.580681653488686149E-07, 5.400000000000000355, -2.649999847552236609 ) ) ;
#2389 = VECTOR ( 'NONE', #2218, 1000.000000000000000 ) ;
#2390 = CARTESIAN_POINT ( 'NONE',  ( 9.949999999999999289, 3.500000000000000000, -0.2500000000000000000 ) ) ;
#2391 = DIRECTION ( 'NONE',  ( -1.000000000000000000, -0.000000000000000000, 0.000000000000000000 ) ) ;
#2392 = VERTEX_POINT ( 'NONE', #4936 ) ;
#2393 = LINE ( 'NONE', #641, #457 ) ;
#2394 = CARTESIAN_POINT ( 'NONE',  ( 2.354578471096010706, 0.07896029600171963758, -1.728727728835397048 ) ) ;
#2395 = CARTESIAN_POINT ( 'NONE',  ( -2.777569991145556028, 0.09922960516582063351, 0.8364329147907419992 ) ) ;
#2396 = ORIENTED_EDGE ( 'NONE', *, *, #11, .F. ) ;
#2397 = AXIS2_PLACEMENT_3D ( 'NONE', #2006, #1949, #1122 ) ;
#2398 = ADVANCED_FACE ( 'NONE', ( #4103 ), #1039, .F. ) ;
#2399 = CONICAL_SURFACE ( 'NONE', #1681, 0.7499999999822648533, 0.7853981633974482790 ) ;
#2400 = CARTESIAN_POINT ( 'NONE',  ( -9.949999999999999289, 0.000000000000000000, -0.7500000000000001110 ) ) ;
#2401 = ORIENTED_EDGE ( 'NONE', *, *, #2511, .T. ) ;
#2402 = CIRCLE ( 'NONE', #5577, 1.250000000000000000 ) ;
#2403 = CARTESIAN_POINT ( 'NONE',  ( -9.949999999999999289, 3.500000000000000000, 1.250000000000000000 ) ) ;
#2404 = ORIENTED_EDGE ( 'NONE', *, *, #2195, .F. ) ;
#2405 = VERTEX_POINT ( 'NONE', #2769 ) ;
#2406 = EDGE_CURVE ( 'NONE', #2489, #718, #2320, .T. ) ;
#2407 = EDGE_CURVE ( 'NONE', #3135, #4191, #1630, .T. ) ;
#2408 = CARTESIAN_POINT ( 'NONE',  ( 0.000000000000000000, 3.500000000000000000, -1.000000000000000000 ) ) ;
#2409 = DIRECTION ( 'NONE',  ( 0.000000000000000000, -1.000000000000000000, 0.000000000000000000 ) ) ;
#2410 = DIRECTION ( 'NONE',  ( 0.000000000000000000, 0.000000000000000000, 1.000000000000000000 ) ) ;
#2411 = EDGE_LOOP ( 'NONE', ( #5544, #5505, #5210, #3293 ) ) ;
#2412 = VECTOR ( 'NONE', #5578, 1000.000000000000000 ) ;
#2413 = B_SPLINE_CURVE_WITH_KNOTS ( 'NONE', 3,
 ( #3013, #5168, #5580, #3390 ),
 .UNSPECIFIED., .F., .F.,
 ( 4, 4 ),
 ( 2.063479141452498289E-16, 0.0004546461370073196168 ),
 .UNSPECIFIED. ) ;
#2414 = AXIS2_PLACEMENT_3D ( 'NONE', #125, #3624, #1362 ) ;
#2415 = ORIENTED_EDGE ( 'NONE', *, *, #4907, .F. ) ;
#2416 = FACE_OUTER_BOUND ( 'NONE', #1316, .T. ) ;
#2417 = CARTESIAN_POINT ( 'NONE',  ( 1.658581592255000237, 0.000000000000000000, 2.282841717206999910 ) ) ;
#2418 = DIRECTION ( 'NONE',  ( 0.000000000000000000, -1.000000000000000000, 0.000000000000000000 ) ) ;
#2419 = DIRECTION ( 'NONE',  ( 0.000000000000000000, 0.000000000000000000, -1.000000000000000000 ) ) ;
#2420 = VECTOR ( 'NONE', #5090, 1000.000000000000000 ) ;
#2421 = ORIENTED_EDGE ( 'NONE', *, *, #3026, .T. ) ;
#2422 = DIRECTION ( 'NONE',  ( 0.000000000000000000, 1.000000000000000000, 0.000000000000000000 ) ) ;
#2423 = CARTESIAN_POINT ( 'NONE',  ( 10.24695076595964416, 3.299999999999939426, 0.2499999999999946987 ) ) ;
#2424 = CARTESIAN_POINT ( 'NONE',  ( -1.644664282159000068, 0.000000000000000000, -2.381868524081000249 ) ) ;
#2425 = EDGE_CURVE ( 'NONE', #2298, #3612, #4968, .T. ) ;
#2426 = ORIENTED_EDGE ( 'NONE', *, *, #1533, .F. ) ;
#2427 = B_SPLINE_CURVE_WITH_KNOTS ( 'NONE', 3,
 ( #3999, #1023, #2382, #3629 ),
 .UNSPECIFIED., .F., .F.,
 ( 4, 4 ),
 ( 1.968941294898052217E-16, 0.0004546461370036243847 ),
 .UNSPECIFIED. ) ;
#2428 = DIRECTION ( 'NONE',  ( 1.000000000000000000, 0.000000000000000000, 0.000000000000000000 ) ) ;
#2429 = CARTESIAN_POINT ( 'NONE',  ( 9.949999999999999289, 0.000000000000000000, -0.2500000000000000000 ) ) ;
#2430 = DIRECTION ( 'NONE',  ( 0.000000000000000000, 0.000000000000000000, 1.000000000000000000 ) ) ;
#2431 = VERTEX_POINT ( 'NONE', #5477 ) ;
#2432 = CIRCLE ( 'NONE', #1625, 2.500000000000000000 ) ;
#2433 = DIRECTION ( 'NONE',  ( 0.4694715627859091245, -0.000000000000000000, 0.8829475928589172185 ) ) ;
#2434 = ORIENTED_EDGE ( 'NONE', *, *, #1077, .T. ) ;
#2435 = ORIENTED_EDGE ( 'NONE', *, *, #320, .F. ) ;
#2436 = CARTESIAN_POINT ( 'NONE',  ( -1.778860468606099365, 0.1904932317070928693, 2.176583360791032540 ) ) ;
#2437 = CARTESIAN_POINT ( 'NONE',  ( 2.770071447005038490, 0.08043333791905052377, 0.9222655109780452110 ) ) ;
#2438 = LINE ( 'NONE', #1594, #1902 ) ;
#2439 = EDGE_CURVE ( 'NONE', #1794, #3202, #1585, .T. ) ;
#2440 = ORIENTED_EDGE ( 'NONE', *, *, #3118, .F. ) ;
#2441 = EDGE_CURVE ( 'NONE', #2767, #4974, #4619, .T. ) ;
#2442 = ORIENTED_EDGE ( 'NONE', *, *, #2894, .T. ) ;
#2443 = EDGE_LOOP ( 'NONE', ( #1924, #4418, #570, #1446, #2127, #764, #290, #2732, #2292, #2386, #1627, #837 ) ) ;
#2444 = CARTESIAN_POINT ( 'NONE',  ( 0.000000000000000000, 3.500000000000000000, 0.000000000000000000 ) ) ;
#2445 = DIRECTION ( 'NONE',  ( -0.000000000000000000, -1.000000000000000000, 0.000000000000000000 ) ) ;
#2446 = CARTESIAN_POINT ( 'NONE',  ( -2.051053647910172639, 0.2724669240242404422, -1.800994743867578185 ) ) ;
#2447 = CARTESIAN_POINT ( 'NONE',  ( 2.316616962889999964, 0.000000000000000000, 1.180375299322999894 ) ) ;
#2448 = EDGE_LOOP ( 'NONE', ( #4764, #3266, #3467, #4995 ) ) ;
#2449 = DIRECTION ( 'NONE',  ( 0.000000000000000000, 0.000000000000000000, 1.000000000000000000 ) ) ;
#2450 = DIRECTION ( 'NONE',  ( 0.000000000000000000, 1.000000000000000000, 0.000000000000000000 ) ) ;
#2451 = CARTESIAN_POINT ( 'NONE',  ( -3.580681653488686149E-07, 5.400000000000000355, -2.649999847552236609 ) ) ;
#2452 = DIRECTION ( 'NONE',  ( 0.000000000000000000, 1.000000000000000000, 0.000000000000000000 ) ) ;
#2453 = ADVANCED_FACE ( 'NONE', ( #2112 ), #1664, .T. ) ;
#2454 = DIRECTION ( 'NONE',  ( 0.000000000000000000, 1.000000000000000000, 0.000000000000000000 ) ) ;
#2455 = ORIENTED_EDGE ( 'NONE', *, *, #3433, .F. ) ;
#2456 = CARTESIAN_POINT ( 'NONE',  ( -10.22252415013021931, 0.1999999999997970068, 0.7500000000000000000 ) ) ;
#2457 = ORIENTED_EDGE ( 'NONE', *, *, #1958, .F. ) ;
#2458 = VERTEX_POINT ( 'NONE', #419 ) ;
#2459 = CARTESIAN_POINT ( 'NONE',  ( 0.000000000000000000, 3.500000000000000000, -6.750000000000000000 ) ) ;
#2460 = EDGE_CURVE ( 'NONE', #3612, #4202, #3872, .T. ) ;
#2461 = DIRECTION ( 'NONE',  ( 0.000000000000000000, 0.7071067811865474617, 0.7071067811865474617 ) ) ;
#2462 = CARTESIAN_POINT ( 'NONE',  ( 0.8281308303578664987, 3.500000000000000000, -2.773520794013813351 ) ) ;
#2463 = ORIENTED_EDGE ( 'NONE', *, *, #1436, .F. ) ;
#2464 = VECTOR ( 'NONE', #1239, 1000.000000000000000 ) ;
#2465 = VERTEX_POINT ( 'NONE', #5529 ) ;
#2466 = EDGE_CURVE ( 'NONE', #3315, #843, #1639, .T. ) ;
#2467 = VERTEX_POINT ( 'NONE', #4726 ) ;
#2468 = FACE_OUTER_BOUND ( 'NONE', #3634, .T. ) ;
#2469 = CARTESIAN_POINT ( 'NONE',  ( 0.8281308303550001249, 0.1054847958448500017, -2.773520794012415358 ) ) ;
#2470 = FACE_OUTER_BOUND ( 'NONE', #5590, .T. ) ;
#2471 = DIRECTION ( 'NONE',  ( 0.000000000000000000, 1.000000000000000000, -0.000000000000000000 ) ) ;
#2472 = EDGE_CURVE ( 'NONE', #2717, #4643, #3338, .T. ) ;
#2473 = VERTEX_POINT ( 'NONE', #3363 ) ;
#2474 = CARTESIAN_POINT ( 'NONE',  ( -10.15567650327774984, 0.1333315429921080875, 0.7500000000000000000 ) ) ;
#2475 = DIRECTION ( 'NONE',  ( 0.000000000000000000, -1.000000000000000000, 0.000000000000000000 ) ) ;
#2476 = CARTESIAN_POINT ( 'NONE',  ( -9.949999999999999289, 0.000000000000000000, -1.250000000000000000 ) ) ;
#2477 = CARTESIAN_POINT ( 'NONE',  ( 1.180375299322999894, 3.500000000000000000, -2.316616962889999964 ) ) ;
#2478 = DIRECTION ( 'NONE',  ( 0.000000000000000000, 0.000000000000000000, -1.000000000000000000 ) ) ;
#2479 = DIRECTION ( 'NONE',  ( 0.000000000000000000, 1.000000000000000000, 0.000000000000000000 ) ) ;
#2480 = DIRECTION ( 'NONE',  ( -0.000000000000000000, -1.000000000000000000, -0.000000000000000000 ) ) ;
#2481 = ORIENTED_EDGE ( 'NONE', *, *, #4279, .T. ) ;
#2482 = ORIENTED_EDGE ( 'NONE', *, *, #4700, .T. ) ;
#2483 = AXIS2_PLACEMENT_3D ( 'NONE', #223, #2763, #4099 ) ;
#2484 = CARTESIAN_POINT ( 'NONE',  ( 2.380273207706618432, 0.08512501714653705753, 1.682514699346596032 ) ) ;
#2485 = AXIS2_PLACEMENT_3D ( 'NONE', #37, #1757, #175 ) ;
#2486 = DIRECTION ( 'NONE',  ( 0.000000000000000000, -1.000000000000000000, -0.000000000000000000 ) ) ;
#2487 = CARTESIAN_POINT ( 'NONE',  ( 0.000000000000000000, 3.500000000000000000, 0.000000000000000000 ) ) ;
#2488 = CARTESIAN_POINT ( 'NONE',  ( 2.619751903960282124, 0.1904932317077366877, 1.019195592089622293 ) ) ;
#2489 = VERTEX_POINT ( 'NONE', #1612 ) ;
#2491 = EDGE_CURVE ( 'NONE', #3009, #3539, #5105, .T. ) ;
#2490 = AXIS2_PLACEMENT_3D ( 'NONE', #2875, #1089, #2846 ) ;
#2492 = ORIENTED_EDGE ( 'NONE', *, *, #2184, .F. ) ;
#2493 = ORIENTED_EDGE ( 'NONE', *, *, #1743, .F. ) ;
#2494 = VECTOR ( 'NONE', #953, 1000.000000000000000 ) ;
#2495 = FACE_OUTER_BOUND ( 'NONE', #3005, .T. ) ;
#2496 = CARTESIAN_POINT ( 'NONE',  ( 1.747883212937300978, 0.08899429837553762823, -2.327844167623776883 ) ) ;
#2497 = CARTESIAN_POINT ( 'NONE',  ( 0.000000000000000000, 5.099999999970350473, 0.000000000000000000 ) ) ;
#2498 = CARTESIAN_POINT ( 'NONE',  ( 0.000000000000000000, 3.500000000000000000, 0.000000000000000000 ) ) ;
#2499 = EDGE_CURVE ( 'NONE', #2838, #2273, #2681, .T. ) ;
#2500 = AXIS2_PLACEMENT_3D ( 'NONE', #4840, #1409, #4467 ) ;
#2501 = AXIS2_PLACEMENT_3D ( 'NONE', #2028, #3752, #3331 ) ;
#2502 = ORIENTED_EDGE ( 'NONE', *, *, #4635, .F. ) ;
#2503 = AXIS2_PLACEMENT_3D ( 'NONE', #1799, #1739, #5293 ) ;
#2504 = AXIS2_PLACEMENT_3D ( 'NONE', #542, #485, #1014 ) ;
#2505 = CARTESIAN_POINT ( 'NONE',  ( 2.718491949582634959, 0.1904932317057117241, 0.7153049792232395454 ) ) ;
#2506 = COLOUR_RGB ( '',0.7921568627450980005, 0.8196078431372548767, 0.9333333333333333481 ) ;
#2507 = CARTESIAN_POINT ( 'NONE',  ( 0.9222655109780452110, 0.08043333791905052377, -2.770071447005038490 ) ) ;
#2508 = CARTESIAN_POINT ( 'NONE',  ( -1.394129954481167388, 0.2724669240241784363, 2.346658220547457319 ) ) ;
#2509 = VECTOR ( 'NONE', #4253, 1000.000000000000114 ) ;
#2510 = EDGE_CURVE ( 'NONE', #2076, #2582, #1779, .T. ) ;
#2511 = EDGE_CURVE ( 'NONE', #846, #4677, #1722, .T. ) ;
#2512 = DIRECTION ( 'NONE',  ( 0.000000000000000000, -1.000000000000000000, 0.000000000000000000 ) ) ;
#2513 = LINE ( 'NONE', #1723, #2739 ) ;
#2514 = CARTESIAN_POINT ( 'NONE',  ( -2.507205919751288814, 0.2724669240240492063, 1.079037353389325160 ) ) ;
#2515 = VERTEX_POINT ( 'NONE', #1185 ) ;
#2516 = ORIENTED_EDGE ( 'NONE', *, *, #3883, .T. ) ;
#2517 = CARTESIAN_POINT ( 'NONE',  ( 0.9602627043241499516, 0.1054847958445215700, 2.730588545660018074 ) ) ;
#2518 = CARTESIAN_POINT ( 'NONE',  ( -2.328524103573174742, 3.500000000000000000, 1.265099007619568505 ) ) ;
#2519 = CARTESIAN_POINT ( 'NONE',  ( 2.782756383890704566, 0.08836474067384191000, 0.8566968436278317167 ) ) ;
#2520 = CARTESIAN_POINT ( 'NONE',  ( 2.730588545660036726, 0.1054847958445330053, 0.9602627043240629101 ) ) ;
#2521 = ORIENTED_EDGE ( 'NONE', *, *, #4599, .F. ) ;
#2522 = VECTOR ( 'NONE', #5038, 1000.000000000000000 ) ;
#2523 = ORIENTED_EDGE ( 'NONE', *, *, #2015, .T. ) ;
#2524 = ORIENTED_EDGE ( 'NONE', *, *, #2111, .F. ) ;
#2525 = DIRECTION ( 'NONE',  ( -0.000000000000000000, 1.000000000000000000, 0.000000000000000000 ) ) ;
#2526 = DIRECTION ( 'NONE',  ( -0.1736481776669022981, 0.000000000000000000, -0.9848077530122131273 ) ) ;
#2527 = CARTESIAN_POINT ( 'NONE',  ( 1.922734174767848803, 0.3499999999946719620, 1.823620929132663715 ) ) ;
#2528 = DIRECTION ( 'NONE',  ( 0.000000000000000000, 0.000000000000000000, -1.000000000000000000 ) ) ;
#2529 = AXIS2_PLACEMENT_3D ( 'NONE', #3786, #3006, #2108 ) ;
#2530 = EDGE_LOOP ( 'NONE', ( #1197, #2384, #5020, #2012 ) ) ;
#2531 = ADVANCED_FACE ( 'NONE', ( #3387, #1291 ), #2907, .T. ) ;
#2532 = DIRECTION ( 'NONE',  ( -0.000000000000000000, -1.000000000000000000, -0.000000000000000000 ) ) ;
#2533 = FACE_OUTER_BOUND ( 'NONE', #706, .T. ) ;
#2534 = LINE ( 'NONE', #5576, #1222 ) ;
#2535 = AXIS2_PLACEMENT_3D ( 'NONE', #164, #4576, #4151 ) ;
#2536 = ADVANCED_FACE ( 'NONE', ( #3011 ), #2870, .T. ) ;
#2537 = CARTESIAN_POINT ( 'NONE',  ( -3.580681656734000243E-07, 4.910000389259039366, 2.650000152447763657 ) ) ;
#2538 = CARTESIAN_POINT ( 'NONE',  ( -5.656854249492000442, 0.000000000000000000, 5.656854249492000442 ) ) ;
#2539 = VERTEX_POINT ( 'NONE', #2589 ) ;
#2540 = B_SPLINE_CURVE_WITH_KNOTS ( 'NONE', 3,
 ( #3607, #4120, #244, #1971, #1998, #3696, #5440, #3726, #5466, #5380, #1548, #3271, #4064, #1574, #1029, #3296, #2757, #1145, #4491 ),
 .UNSPECIFIED., .F., .F.,
 ( 4, 3, 3, 3, 3, 3, 4 ),
 ( 5.562236014788951519E-17, 3.346688102133120110E-05, 6.101997884387450543E-05, 8.880801656110090048E-05, 0.0001132950656153765273, 0.0001385224882852826222, 0.0001645295473155183018 ),
 .UNSPECIFIED. ) ;
#2541 = EDGE_LOOP ( 'NONE', ( #2202, #3121, #4072, #2709 ) ) ;
#2542 = CARTESIAN_POINT ( 'NONE',  ( 2.371722533567577340, 0.07896029600167207840, 1.705130951206178525 ) ) ;
#2543 = CARTESIAN_POINT ( 'NONE',  ( -10.02197585309305339, -1.014759023337807875E-12, -0.7500000000000000000 ) ) ;
#2544 = CYLINDRICAL_SURFACE ( 'NONE', #1227, 0.1000000000000000472 ) ;
#2545 = DIRECTION ( 'NONE',  ( 0.000000000000000000, -1.000000000000000000, 0.000000000000000000 ) ) ;
#2546 = CIRCLE ( 'NONE', #1282, 1.350000000000000089 ) ;
#2547 = VERTEX_POINT ( 'NONE', #2089 ) ;
#2548 = VERTEX_POINT ( 'NONE', #4330 ) ;
#2549 = ORIENTED_EDGE ( 'NONE', *, *, #744, .T. ) ;
#2550 = CARTESIAN_POINT ( 'NONE',  ( -2.328524103572895410, 3.500000000000000000, -1.265099007619579607 ) ) ;
#2551 = FACE_OUTER_BOUND ( 'NONE', #4250, .T. ) ;
#2552 = FACE_OUTER_BOUND ( 'NONE', #2411, .T. ) ;
#2553 = VECTOR ( 'NONE', #5193, 1000.000000000000000 ) ;
#2554 = CARTESIAN_POINT ( 'NONE',  ( 0.000000000000000000, 3.500000000000000000, 0.000000000000000000 ) ) ;
#2555 = ORIENTED_EDGE ( 'NONE', *, *, #3543, .F. ) ;
#2556 = CARTESIAN_POINT ( 'NONE',  ( -0.9602627043257007111, 0.1054847958467588498, -2.730588545657100852 ) ) ;
#2557 = CARTESIAN_POINT ( 'NONE',  ( -0.9144432289699238048, 0.07858527843868806650, 2.774623587266709546 ) ) ;
#2558 = ADVANCED_FACE ( 'NONE', ( #450 ), #3815, .F. ) ;
#2559 = CARTESIAN_POINT ( 'NONE',  ( 0.000000000000000000, 3.000000000000000000, 0.000000000000000000 ) ) ;
#2560 = DIRECTION ( 'NONE',  ( 0.000000000000000000, 1.000000000000000000, 0.000000000000000000 ) ) ;
#2561 = DIRECTION ( 'NONE',  ( -0.1736481776669022981, 0.000000000000000000, -0.9848077530122131273 ) ) ;
#2562 = AXIS2_PLACEMENT_3D ( 'NONE', #3155, #2191, #472 ) ;
#2563 = ORIENTED_EDGE ( 'NONE', *, *, #2115, .T. ) ;
#2564 = ORIENTED_EDGE ( 'NONE', *, *, #219, .F. ) ;
#2565 = CARTESIAN_POINT ( 'NONE',  ( -10.10632188809641896, 3.366671713060745308, 1.250000000000000000 ) ) ;
#2566 = CARTESIAN_POINT ( 'NONE',  ( -5.656854249492000442, 0.000000000000000000, -5.656854249492000442 ) ) ;
#2567 = DIRECTION ( 'NONE',  ( 0.000000000000000000, 0.000000000000000000, 1.000000000000000000 ) ) ;
#2568 = CARTESIAN_POINT ( 'NONE',  ( 1.530808498934191571E-16, 3.500000000000000000, 6.750000000000000000 ) ) ;
#2569 = ORIENTED_EDGE ( 'NONE', *, *, #5053, .T. ) ;
#2570 = ADVANCED_FACE ( 'NONE', ( #117 ), #3586, .F. ) ;
#2571 = VECTOR ( 'NONE', #1580, 1000.000000000000000 ) ;
#2572 = EDGE_CURVE ( 'NONE', #3417, #5452, #27, .T. ) ;
#2573 = ORIENTED_EDGE ( 'NONE', *, *, #2162, .T. ) ;
#2574 = VECTOR ( 'NONE', #2044, 999.9999999999998863 ) ;
#2575 = EDGE_LOOP ( 'NONE', ( #453, #3487, #930, #2379 ) ) ;
#2576 = AXIS2_PLACEMENT_3D ( 'NONE', #2612, #1742, #3464 ) ;
#2577 = CARTESIAN_POINT ( 'NONE',  ( -3.580681656734000243E-07, 5.400000000000000355, 1.524477637742000022E-07 ) ) ;
#2578 = DIRECTION ( 'NONE',  ( 0.000000000000000000, -1.000000000000000000, 0.000000000000000000 ) ) ;
#2579 = VECTOR ( 'NONE', #2259, 1000.000000000000000 ) ;
#2580 = CARTESIAN_POINT ( 'NONE',  ( -0.8753021229768129796, 0.08198645173369435712, -2.783641389384045706 ) ) ;
#2581 = CARTESIAN_POINT ( 'NONE',  ( 1.823620929131928525, 0.3499999999929288563, 1.922734174770948767 ) ) ;
#2582 = VERTEX_POINT ( 'NONE', #3503 ) ;
#2583 = CARTESIAN_POINT ( 'NONE',  ( -2.893681524369284386, 0.1054847958466494789, -0.06946583705071332493 ) ) ;
#2584 = FACE_OUTER_BOUND ( 'NONE', #4922, .T. ) ;
#2585 = DIRECTION ( 'NONE',  ( 0.000000000000000000, 1.000000000000000000, -0.000000000000000000 ) ) ;
#2586 = VERTEX_POINT ( 'NONE', #5300 ) ;
#2587 = AXIS2_PLACEMENT_3D ( 'NONE', #2735, #3958, #5216 ) ;
#2588 = AXIS2_PLACEMENT_3D ( 'NONE', #4009, #1381, #4835 ) ;
#2589 = CARTESIAN_POINT ( 'NONE',  ( -1.265099007616780069, 0.3499999999946269424, -2.328524103572782611 ) ) ;
#2590 = DIRECTION ( 'NONE',  ( 0.000000000000000000, -1.000000000000000000, 0.000000000000000000 ) ) ;
#2591 = CARTESIAN_POINT ( 'NONE',  ( 5.500000000000000000, 3.499999999917235982, 0.000000000000000000 ) ) ;
#2592 = CIRCLE ( 'NONE', #1336, 10.25000000000000000 ) ;
#2593 = EDGE_CURVE ( 'NONE', #670, #892, #3863, .T. ) ;
#2594 = VERTEX_POINT ( 'NONE', #4810 ) ;
#2595 = ORIENTED_EDGE ( 'NONE', *, *, #5433, .T. ) ;
#2596 = CARTESIAN_POINT ( 'NONE',  ( 0.8910827126302869328, 0.07858527843870503904, 2.782213879139609602 ) ) ;
#2597 = FACE_OUTER_BOUND ( 'NONE', #5139, .T. ) ;
#2598 = DIRECTION ( 'NONE',  ( -0.000000000000000000, 1.000000000000000000, 0.000000000000000000 ) ) ;
#2599 = DIRECTION ( 'NONE',  ( -0.000000000000000000, -1.000000000000000000, -0.000000000000000000 ) ) ;
#2600 = VERTEX_POINT ( 'NONE', #3128 ) ;
#2601 = AXIS2_PLACEMENT_3D ( 'NONE', #2315, #2685, #3168 ) ;
#2602 = ORIENTED_EDGE ( 'NONE', *, *, #4058, .T. ) ;
#2603 = ORIENTED_EDGE ( 'NONE', *, *, #1298, .T. ) ;
#2604 = EDGE_CURVE ( 'NONE', #1284, #1068, #919, .T. ) ;
#2605 = EDGE_CURVE ( 'NONE', #2717, #2458, #609, .T. ) ;
#2606 = CARTESIAN_POINT ( 'NONE',  ( 2.381868524081034444, 3.500000000000000000, 1.644664282159001623 ) ) ;
#2607 = CARTESIAN_POINT ( 'NONE',  ( 8.000000000000000000, 3.500000000000000000, 0.000000000000000000 ) ) ;
#2608 = DIRECTION ( 'NONE',  ( 0.000000000000000000, 0.000000000000000000, -1.000000000000000000 ) ) ;
#2609 = CARTESIAN_POINT ( 'NONE',  ( -10.17349497468825881, 0.2000000000008833323, -1.249999999999875433 ) ) ;
#2610 = ORIENTED_EDGE ( 'NONE', *, *, #628, .T. ) ;
#2611 = CARTESIAN_POINT ( 'NONE',  ( -0.4836271351370965421, 0.3499999999948729679, 2.605495114973140680 ) ) ;
#2612 = CARTESIAN_POINT ( 'NONE',  ( 2.291287847477999851, 5.400000000000000355, -1.000000000000000000 ) ) ;
#2613 = DIRECTION ( 'NONE',  ( 0.8829475928589172185, 0.000000000000000000, -0.4694715627859091245 ) ) ;
#2614 = CARTESIAN_POINT ( 'NONE',  ( 1.530808498934192310E-16, 3.500000000000000000, -9.250000000000000000 ) ) ;
#2615 = ORIENTED_EDGE ( 'NONE', *, *, #5553, .T. ) ;
#2616 = VECTOR ( 'NONE', #3021, 1000.000000000000000 ) ;
#2617 = CIRCLE ( 'NONE', #191, 2.649999999999999911 ) ;
#2618 = FACE_OUTER_BOUND ( 'NONE', #1759, .T. ) ;
#2619 = VECTOR ( 'NONE', #474, 1000.000000000000000 ) ;
#2620 = CARTESIAN_POINT ( 'NONE',  ( 11.26278202608999912, 3.500000000000000000, -0.2500000000000000000 ) ) ;
#2621 = CARTESIAN_POINT ( 'NONE',  ( -2.783699980135474927, 0.08512501714695677735, -0.8646216961392021449 ) ) ;
#2622 = ORIENTED_EDGE ( 'NONE', *, *, #4349, .T. ) ;
#2623 = AXIS2_PLACEMENT_3D ( 'NONE', #2607, #3147, #4346 ) ;
#2624 = VERTEX_POINT ( 'NONE', #2704 ) ;
#2625 = DIRECTION ( 'NONE',  ( -0.8987940462991643731, -0.000000000000000000, 0.4383711467890826219 ) ) ;
#2626 = PLANE ( 'NONE',  #2504 ) ;
#2627 = FACE_OUTER_BOUND ( 'NONE', #4928, .T. ) ;
#2628 = CARTESIAN_POINT ( 'NONE',  ( -0.06946583705042837231, 0.1054847958468027730, -2.893681524369138280 ) ) ;
#2629 = ORIENTED_EDGE ( 'NONE', *, *, #3761, .T. ) ;
#2630 = ORIENTED_EDGE ( 'NONE', *, *, #2856, .T. ) ;
#2631 = B_SPLINE_CURVE_WITH_KNOTS ( 'NONE', 3,
 ( #2223, #1833, #3063, #1283 ),
 .UNSPECIFIED., .F., .F.,
 ( 4, 4 ),
 ( 1.346139169383979390E-17, 1.640593608889543702E-05 ),
 .UNSPECIFIED. ) ;
#2632 = ADVANCED_FACE ( 'NONE', ( #946 ), #535, .F. ) ;
#2633 = ORIENTED_EDGE ( 'NONE', *, *, #4891, .T. ) ;
#2634 = SURFACE_STYLE_FILL_AREA ( #797 ) ;
#2635 = FACE_OUTER_BOUND ( 'NONE', #616, .T. ) ;
#2636 = CARTESIAN_POINT ( 'NONE',  ( -2.381868524080161809, 0.1054847958468871499, 1.644664282152475954 ) ) ;
#2637 = B_SPLINE_CURVE_WITH_KNOTS ( 'NONE', 3,
 ( #3037, #1588, #24, #3366 ),
 .UNSPECIFIED., .F., .F.,
 ( 4, 4 ),
 ( 2.589182289325925536E-16, 0.0002839296884156911906 ),
 .UNSPECIFIED. ) ;
#2638 = EDGE_CURVE ( 'NONE', #1037, #4894, #4466, .T. ) ;
#2639 = CARTESIAN_POINT ( 'NONE',  ( 1.778860468605392597, 0.1904932317056882984, 2.176583360792848865 ) ) ;
#2640 = VERTEX_POINT ( 'NONE', #2649 ) ;
#2641 = CARTESIAN_POINT ( 'NONE',  ( 0.000000000000000000, 0.000000000000000000, 0.000000000000000000 ) ) ;
#2642 = CARTESIAN_POINT ( 'NONE',  ( 0.000000000000000000, 3.200000000000000178, 0.000000000000000000 ) ) ;
#2643 = CARTESIAN_POINT ( 'NONE',  ( 2.346658220547680251, 0.2724669240235337853, -1.394129954482113076 ) ) ;
#2644 = DIRECTION ( 'NONE',  ( -0.000000000000000000, 1.000000000000000000, -0.000000000000000000 ) ) ;
#2645 = ORIENTED_EDGE ( 'NONE', *, *, #2499, .T. ) ;
#2646 = ADVANCED_FACE ( 'NONE', ( #3560 ), #2172, .F. ) ;
#2647 = VECTOR ( 'NONE', #56, 1000.000000000000000 ) ;
#2648 = EDGE_CURVE ( 'NONE', #4990, #3417, #520, .T. ) ;
#2649 = CARTESIAN_POINT ( 'NONE',  ( -5.656854249492000442, 0.000000000000000000, -4.806854249491999909 ) ) ;
#2650 = DIRECTION ( 'NONE',  ( 8.659560562354932858E-17, -0.7071067811865474617, 0.7071067811865474617 ) ) ;
#2651 = CARTESIAN_POINT ( 'NONE',  ( -2.782556611950619985, 0.07896029600198320453, -0.8887733334667305973 ) ) ;
#2652 = ORIENTED_EDGE ( 'NONE', *, *, #2407, .T. ) ;
#2653 = ORIENTED_EDGE ( 'NONE', *, *, #1614, .F. ) ;
#2654 = CARTESIAN_POINT ( 'NONE',  ( -2.750000000000000000, 2.999999999985902832, 5.013139720871047089 ) ) ;
#2655 = FACE_OUTER_BOUND ( 'NONE', #1304, .T. ) ;
#2656 = DIRECTION ( 'NONE',  ( 0.000000000000000000, 0.000000000000000000, -1.000000000000000000 ) ) ;
#2657 = LINE ( 'NONE', #3969, #4398 ) ;
#2658 = CARTESIAN_POINT ( 'NONE',  ( 0.2514562686655836821, 0.2724669240234667278, -2.717935407436588680 ) ) ;
#2659 = EDGE_LOOP ( 'NONE', ( #2123, #2701, #4598, #369 ) ) ;
#2660 = ORIENTED_EDGE ( 'NONE', *, *, #3753, .T. ) ;
#2661 = ORIENTED_EDGE ( 'NONE', *, *, #4343, .T. ) ;
#2662 = DIRECTION ( 'NONE',  ( 0.000000000000000000, -1.000000000000000000, 0.000000000000000000 ) ) ;
#2663 = CARTESIAN_POINT ( 'NONE',  ( 0.000000000000000000, 3.500000000000000000, 1.000000000000000000 ) ) ;
#2664 = EDGE_CURVE ( 'NONE', #3383, #836, #3324, .T. ) ;
#2665 = CARTESIAN_POINT ( 'NONE',  ( 1.707221391044583481, 0.07858527843848121808, 2.370682937886618991 ) ) ;
#2666 = AXIS2_PLACEMENT_3D ( 'NONE', #4683, #2409, #739 ) ;
#2667 = VECTOR ( 'NONE', #5218, 1000.000000000000114 ) ;
#2668 = CARTESIAN_POINT ( 'NONE',  ( 0.000000000000000000, 3.500000000000000000, 0.000000000000000000 ) ) ;
#2669 = ORIENTED_EDGE ( 'NONE', *, *, #4166, .F. ) ;
#2670 = CIRCLE ( 'NONE', #2765, 2.649999999999999911 ) ;
#2671 = LINE ( 'NONE', #1379, #2845 ) ;
#2672 = CARTESIAN_POINT ( 'NONE',  ( -2.893681524374000169, 0.000000000000000000, -0.06946583704589999464 ) ) ;
#2673 = CARTESIAN_POINT ( 'NONE',  ( 1.838477631084999953, 0.000000000000000000, 1.838477631084999953 ) ) ;
#2674 = ORIENTED_EDGE ( 'NONE', *, *, #2302, .T. ) ;
#2675 = DIRECTION ( 'NONE',  ( 0.000000000000000000, -1.000000000000000000, 0.000000000000000000 ) ) ;
#2676 = CARTESIAN_POINT ( 'NONE',  ( 2.328524103573094362, 0.3499999999927473904, 1.265099007619640448 ) ) ;
#2677 = DIRECTION ( 'NONE',  ( 0.000000000000000000, 0.000000000000000000, -1.000000000000000000 ) ) ;
#2678 = ADVANCED_FACE ( 'NONE', ( #2618 ), #2142, .T. ) ;
#2679 = ADVANCED_FACE ( 'NONE', ( #4011 ), #478, .F. ) ;
#2680 = ORIENTED_EDGE ( 'NONE', *, *, #2302, .F. ) ;
#2681 = CIRCLE ( 'NONE', #2951, 2.649999999999999911 ) ;
#2682 = ORIENTED_EDGE ( 'NONE', *, *, #5215, .T. ) ;
#2683 = VECTOR ( 'NONE', #4506, 1000.000000000000000 ) ;
#2684 = LINE ( 'NONE', #4816, #422 ) ;
#2685 = DIRECTION ( 'NONE',  ( 0.4383711467890826774, 0.000000000000000000, -0.8987940462991644841 ) ) ;
#2686 = CYLINDRICAL_SURFACE ( 'NONE', #699, 0.1000000000000000472 ) ;
#2687 = VECTOR ( 'NONE', #1713, 1000.000000000000000 ) ;
#2688 = AXIS2_PLACEMENT_3D ( 'NONE', #4759, #867, #5559 ) ;
#2689 = CARTESIAN_POINT ( 'NONE',  ( -9.650000000000000355, 3.200000000000000178, -1.250000000000000000 ) ) ;
#2690 = VERTEX_POINT ( 'NONE', #5273 ) ;
#2691 = VERTEX_POINT ( 'NONE', #1860 ) ;
#2692 = DIRECTION ( 'NONE',  ( -0.000000000000000000, -1.000000000000000000, -0.000000000000000000 ) ) ;
#2693 = CARTESIAN_POINT ( 'NONE',  ( -1.747743435402602019, 0.08836474067352262374, -2.328745468696682863 ) ) ;
#2694 = CARTESIAN_POINT ( 'NONE',  ( 1.644664282155719137, 0.1054847958446691603, 2.381868524080617888 ) ) ;
#2695 = EDGE_CURVE ( 'NONE', #3546, #5033, #4595, .T. ) ;
#2696 = CARTESIAN_POINT ( 'NONE',  ( 1.140209032234713593, 0.3499999999946697971, -2.392158724416352467 ) ) ;
#2697 = EDGE_LOOP ( 'NONE', ( #3246, #1845, #3141, #4860 ) ) ;
#2698 = DIRECTION ( 'NONE',  ( 0.000000000000000000, 0.000000000000000000, 1.000000000000000000 ) ) ;
#2699 = CARTESIAN_POINT ( 'NONE',  ( 2.328524103572536141, 0.3499999999946366014, -1.265099007616710125 ) ) ;
#2700 = DIRECTION ( 'NONE',  ( 0.000000000000000000, 0.000000000000000000, 1.000000000000000000 ) ) ;
#2701 = ORIENTED_EDGE ( 'NONE', *, *, #602, .T. ) ;
#2702 = AXIS2_PLACEMENT_3D ( 'NONE', #3270, #215, #5351 ) ;
#2703 = EDGE_CURVE ( 'NONE', #2624, #3327, #2631, .T. ) ;
#2704 = CARTESIAN_POINT ( 'NONE',  ( -1.644664282152475510, 0.1054847958468874275, -2.381868524080161809 ) ) ;
#2705 = CARTESIAN_POINT ( 'NONE',  ( -2.300206534972934147, 0.000000000000000000, 1.757062367556625038 ) ) ;
#2706 = LINE ( 'NONE', #119, #1591 ) ;
#2707 = CIRCLE ( 'NONE', #188, 2.649999999999999911 ) ;
#2708 = ORIENTED_EDGE ( 'NONE', *, *, #575, .T. ) ;
#2709 = ORIENTED_EDGE ( 'NONE', *, *, #3275, .F. ) ;
#2710 = EDGE_CURVE ( 'NONE', #2473, #4325, #4431, .T. ) ;
#2711 = AXIS2_PLACEMENT_3D ( 'NONE', #1561, #2168, #3767 ) ;
#2712 = DIRECTION ( 'NONE',  ( 0.000000000000000000, 1.000000000000000000, 0.000000000000000000 ) ) ;
#2713 = CARTESIAN_POINT ( 'NONE',  ( -2.300206534966621863, 0.1054847958471714364, 1.757062367557603144 ) ) ;
#2714 = CARTESIAN_POINT ( 'NONE',  ( 0.000000000000000000, 0.2000000000000000111, 0.000000000000000000 ) ) ;
#2715 = CARTESIAN_POINT ( 'NONE',  ( -2.910645467158750943, 0.08899429837515272779, -0.04579475208483411303 ) ) ;
#2716 = CIRCLE ( 'NONE', #1905, 2.649999999999999911 ) ;
#2717 = VERTEX_POINT ( 'NONE', #1375 ) ;
#2718 = ORIENTED_EDGE ( 'NONE', *, *, #2095, .T. ) ;
#2719 = ADVANCED_FACE ( 'NONE', ( #2244 ), #1766, .T. ) ;
#2720 = EDGE_CURVE ( 'NONE', #5033, #1650, #5602, .T. ) ;
#2721 = CIRCLE ( 'NONE', #1910, 0.09999999999999982514 ) ;
#2722 = CYLINDRICAL_SURFACE ( 'NONE', #5009, 0.09999999999999982514 ) ;
#2723 = DIRECTION ( 'NONE',  ( 0.000000000000000000, 0.000000000000000000, -1.000000000000000000 ) ) ;
#2724 = CARTESIAN_POINT ( 'NONE',  ( -2.367359243420502857, 0.07845275834192892705, -1.712030518930377276 ) ) ;
#2725 = EDGE_LOOP ( 'NONE', ( #2183, #3462 ) ) ;
#2726 = CARTESIAN_POINT ( 'NONE',  ( 2.893681524373930003, 0.000000000000000000, -0.06946583704583240981 ) ) ;
#2727 = EDGE_LOOP ( 'NONE', ( #2807, #873, #4258, #1169 ) ) ;
#2728 = LINE ( 'NONE', #4522, #1076 ) ;
#2729 = CARTESIAN_POINT ( 'NONE',  ( 1.823620929131921864, 0.000000000000000000, 1.922734174770986293 ) ) ;
#2730 = CYLINDRICAL_SURFACE ( 'NONE', #1048, 2.649999999999999911 ) ;
#2731 = DIRECTION ( 'NONE',  ( 0.9848077530122131273, 0.000000000000000000, 0.1736481776669022981 ) ) ;
#2732 = ORIENTED_EDGE ( 'NONE', *, *, #3706, .T. ) ;
#2733 = CONICAL_SURFACE ( 'NONE', #5277, 2.649999999953787544, 0.9600701622828115012 ) ;
#2734 = EDGE_CURVE ( 'NONE', #3349, #3794, #3865, .T. ) ;
#2735 = CARTESIAN_POINT ( 'NONE',  ( -1.180375299322999894, 0.000000000000000000, 2.316616962889999964 ) ) ;
#2736 = CARTESIAN_POINT ( 'NONE',  ( -0.06946583704663052139, 0.1054847958428064281, 2.893681524373227010 ) ) ;
#2737 = CARTESIAN_POINT ( 'NONE',  ( -2.392158724418986804, 3.500000000000000000, -1.140209032233559183 ) ) ;
#2738 = ADVANCED_FACE ( 'NONE', ( #442 ), #937, .F. ) ;
#2739 = VECTOR ( 'NONE', #420, 1000.000000000000000 ) ;
#2740 = ORIENTED_EDGE ( 'NONE', *, *, #646, .T. ) ;
#2741 = EDGE_LOOP ( 'NONE', ( #3352, #2314 ) ) ;
#2742 = DIRECTION ( 'NONE',  ( 1.000000000000000000, 0.000000000000000000, -0.000000000000000000 ) ) ;
#2743 = CARTESIAN_POINT ( 'NONE',  ( -2.354578471096011150, 0.07896029600171979024, 1.728727728835396826 ) ) ;
#2744 = CARTESIAN_POINT ( 'NONE',  ( 1.838477631084999953, 0.000000000000000000, -1.838477631084999953 ) ) ;
#2745 = CARTESIAN_POINT ( 'NONE',  ( -2.917084816417500281, 0.08275907220390425756, 0.03017953864590858237 ) ) ;
#2746 = ORIENTED_EDGE ( 'NONE', *, *, #3930, .T. ) ;
#2747 = ORIENTED_EDGE ( 'NONE', *, *, #2233, .F. ) ;
#2748 = CARTESIAN_POINT ( 'NONE',  ( 2.392158724419292781, 0.000000000000000000, -1.140209032233550523 ) ) ;
#2749 = LINE ( 'NONE', #1482, #3531 ) ;
#2750 = EDGE_CURVE ( 'NONE', #3255, #4021, #3103, .T. ) ;
#2751 = DIRECTION ( 'NONE',  ( 0.000000000000000000, -1.000000000000000000, 0.000000000000000000 ) ) ;
#2752 = EDGE_CURVE ( 'NONE', #3300, #2286, #1692, .T. ) ;
#2753 = ORIENTED_EDGE ( 'NONE', *, *, #3380, .T. ) ;
#2754 = CYLINDRICAL_SURFACE ( 'NONE', #4145, 0.09999999999999982514 ) ;
#2755 = ORIENTED_EDGE ( 'NONE', *, *, #4900, .T. ) ;
#2756 = DIRECTION ( 'NONE',  ( 0.1391731009600952196, 0.000000000000000000, 0.9902680687415660321 ) ) ;
#2757 = CARTESIAN_POINT ( 'NONE',  ( -1.659395800469460003, 0.09605189444094987261, 2.383141986557827607 ) ) ;
#2758 = PLANE ( 'NONE',  #4125 ) ;
#2759 = DIRECTION ( 'NONE',  ( 0.000000000000000000, 1.000000000000000000, 0.000000000000000000 ) ) ;
#2760 = AXIS2_PLACEMENT_3D ( 'NONE', #835, #340, #2561 ) ;
#2761 = VECTOR ( 'NONE', #2906, 1000.000000000000000 ) ;
#2762 = CARTESIAN_POINT ( 'NONE',  ( 0.000000000000000000, 3.299999999999999822, 0.000000000000000000 ) ) ;
#2763 = DIRECTION ( 'NONE',  ( 0.000000000000000000, -1.000000000000000000, 0.000000000000000000 ) ) ;
#2764 = CYLINDRICAL_SURFACE ( 'NONE', #3025, 2.649999999999999911 ) ;
#2765 = AXIS2_PLACEMENT_3D ( 'NONE', #4744, #1175, #4290 ) ;
#2766 = EDGE_LOOP ( 'NONE', ( #3368, #974, #2555, #5267 ) ) ;
#2767 = VERTEX_POINT ( 'NONE', #4376 ) ;
#2768 = PLANE ( 'NONE',  #3317 ) ;
#2769 = CARTESIAN_POINT ( 'NONE',  ( -5.656854249492000442, 0.000000000000000000, 4.806854249491999909 ) ) ;
#2770 = EDGE_CURVE ( 'NONE', #2405, #4730, #497, .T. ) ;
#2771 = DIRECTION ( 'NONE',  ( 0.000000000000000000, 0.000000000000000000, 1.000000000000000000 ) ) ;
#2772 = VERTEX_POINT ( 'NONE', #2213 ) ;
#2773 = DIRECTION ( 'NONE',  ( 0.000000000000000000, 0.000000000000000000, -1.000000000000000000 ) ) ;
#2774 = ORIENTED_EDGE ( 'NONE', *, *, #5256, .F. ) ;
#2775 = VECTOR ( 'NONE', #3078, 999.9999999999998863 ) ;
#2776 = AXIS2_PLACEMENT_3D ( 'NONE', #3069, #5271, #3558 ) ;
#2777 = ORIENTED_EDGE ( 'NONE', *, *, #3241, .F. ) ;
#2778 = EDGE_CURVE ( 'NONE', #3048, #1074, #1309, .T. ) ;
#2779 = VECTOR ( 'NONE', #1192, 1000.000000000000000 ) ;
#2780 = PRESENTATION_LAYER_ASSIGNMENT (  '', '', ( #2236 ) ) ;
#2781 = DIRECTION ( 'NONE',  ( 0.000000000000000000, 0.000000000000000000, -1.000000000000000000 ) ) ;
#2782 = CARTESIAN_POINT ( 'NONE',  ( 0.06282155669892634797, 0.09922975942765757673, 2.900097866221786447 ) ) ;
#2783 = VECTOR ( 'NONE', #3051, 1000.000000000000000 ) ;
#2784 = CARTESIAN_POINT ( 'NONE',  ( -2.381824708453244011, 0.08836474067338399851, -1.674686129449529437 ) ) ;
#2785 = VECTOR ( 'NONE', #5406, 1000.000000000000000 ) ;
#2786 = ORIENTED_EDGE ( 'NONE', *, *, #4337, .T. ) ;
#2787 = EDGE_CURVE ( 'NONE', #3720, #4906, #3410, .T. ) ;
#2788 = EDGE_CURVE ( 'NONE', #3997, #1897, #3978, .T. ) ;
#2789 = CARTESIAN_POINT ( 'NONE',  ( 2.644395542663612321E-19, -1.768604793866979108E-13, 0.000000000000000000 ) ) ;
#2790 = EDGE_LOOP ( 'NONE', ( #1027, #1232, #3424, #742 ) ) ;
#2791 = CARTESIAN_POINT ( 'NONE',  ( 0.8281308303548909899, 0.1054847958447604067, 2.773520794012541479 ) ) ;
#2792 = CYLINDRICAL_SURFACE ( 'NONE', #1273, 0.09999999999999982514 ) ;
#2793 = DIRECTION ( 'NONE',  ( -0.000000000000000000, -1.000000000000000000, -0.000000000000000000 ) ) ;
#2794 = DIRECTION ( 'NONE',  ( 1.000000000000000000, 0.000000000000000000, 0.000000000000000000 ) ) ;
#2795 = ORIENTED_EDGE ( 'NONE', *, *, #2336, .T. ) ;
#2796 = CARTESIAN_POINT ( 'NONE',  ( 0.8281308303578311936, 0.000000000000000000, -2.773520794013935475 ) ) ;
#2797 = CARTESIAN_POINT ( 'NONE',  ( 2.374335616053787401, 0.08043333791886715656, -1.698940810208446894 ) ) ;
#2798 = CARTESIAN_POINT ( 'NONE',  ( 2.085665173664745797, 4.674105639593426176, 0.9999999999998825384 ) ) ;
#2799 = AXIS2_PLACEMENT_3D ( 'NONE', #4035, #243, #633 ) ;
#2800 = ORIENTED_EDGE ( 'NONE', *, *, #199, .F. ) ;
#2801 = ORIENTED_EDGE ( 'NONE', *, *, #2015, .F. ) ;
#2802 = CARTESIAN_POINT ( 'NONE',  ( 2.507205919749417422, 0.2724669240253103641, -1.079037353390319920 ) ) ;
#2803 = CARTESIAN_POINT ( 'NONE',  ( -1.658581592255000015, 0.09675568587295943490, -2.382841717206999554 ) ) ;
#2804 = ORIENTED_EDGE ( 'NONE', *, *, #3312, .F. ) ;
#2805 = CIRCLE ( 'NONE', #2256, 2.649999999999999911 ) ;
#2806 = CARTESIAN_POINT ( 'NONE',  ( 2.392158724416352467, 0.3499999999946697971, 1.140209032234713815 ) ) ;
#2807 = ORIENTED_EDGE ( 'NONE', *, *, #2648, .F. ) ;
#2808 = VERTEX_POINT ( 'NONE', #19 ) ;
#2809 = CARTESIAN_POINT ( 'NONE',  ( -0.8281308303579413277, 0.000000000000000000, 2.773520794013710322 ) ) ;
#2810 = AXIS2_PLACEMENT_3D ( 'NONE', #568, #987, #3678 ) ;
#2811 = FACE_OUTER_BOUND ( 'NONE', #4867, .T. ) ;
#2812 = CARTESIAN_POINT ( 'NONE',  ( -9.971960689855750459, 1.379601621501232024E-12, -1.250000000000000000 ) ) ;
#2813 = EDGE_CURVE ( 'NONE', #2298, #3255, #964, .T. ) ;
#2814 = VERTEX_POINT ( 'NONE', #5185 ) ;
#2815 = AXIS2_PLACEMENT_3D ( 'NONE', #216, #721, #3243 ) ;
#2816 = CARTESIAN_POINT ( 'NONE',  ( 2.773520794013935475, 0.000000000000000000, 0.8281308303578313046 ) ) ;
#2817 = ORIENTED_EDGE ( 'NONE', *, *, #2029, .F. ) ;
#2818 = CARTESIAN_POINT ( 'NONE',  ( 0.6007391076337669222, 0.2724669240237398427, 2.662614440471354982 ) ) ;
#2819 = DIRECTION ( 'NONE',  ( 0.000000000000000000, -1.000000000000000000, 0.000000000000000000 ) ) ;
#2820 = CARTESIAN_POINT ( 'NONE',  ( -0.8558855165700510748, 0.08899429837552273737, -2.782339694813298347 ) ) ;
#2821 = CARTESIAN_POINT ( 'NONE',  ( 0.4067296091045999873, 3.500000000000000000, -2.567989685546999912 ) ) ;
#2822 = EDGE_CURVE ( 'NONE', #2582, #2946, #109, .T. ) ;
#2823 = ORIENTED_EDGE ( 'NONE', *, *, #4727, .T. ) ;
#2824 = PLANE ( 'NONE',  #3165 ) ;
#2825 = CARTESIAN_POINT ( 'NONE',  ( 10.11357716740207913, 3.433333534750527605, 0.2500000000000000000 ) ) ;
#2826 = CIRCLE ( 'NONE', #384, 0.7500000000391082722 ) ;
#2827 = CARTESIAN_POINT ( 'NONE',  ( 2.370074274387994340, 5.400000000000000355, 0.7954545454544981187 ) ) ;
#2828 = EDGE_CURVE ( 'NONE', #4685, #464, #1141, .T. ) ;
#2829 = ORIENTED_EDGE ( 'NONE', *, *, #2734, .F. ) ;
#2830 = LINE ( 'NONE', #2884, #4228 ) ;
#2831 = ORIENTED_EDGE ( 'NONE', *, *, #912, .F. ) ;
#2832 = DIRECTION ( 'NONE',  ( 0.000000000000000000, 1.000000000000000000, 0.000000000000000000 ) ) ;
#2833 = ORIENTED_EDGE ( 'NONE', *, *, #4370, .F. ) ;
#2834 = ORIENTED_EDGE ( 'NONE', *, *, #5087, .F. ) ;
#2835 = CARTESIAN_POINT ( 'NONE',  ( -1.823620929132848678, 0.3499999999946683538, 1.922734174767920301 ) ) ;
#2836 = DIRECTION ( 'NONE',  ( 0.000000000000000000, 0.000000000000000000, -1.000000000000000000 ) ) ;
#2837 = DIRECTION ( 'NONE',  ( -0.000000000000000000, 1.000000000000000000, -0.000000000000000000 ) ) ;
#2838 = VERTEX_POINT ( 'NONE', #4351 ) ;
#2839 = ORIENTED_EDGE ( 'NONE', *, *, #1377, .F. ) ;
#2840 = LINE ( 'NONE', #553, #3688 ) ;
#2841 = ORIENTED_EDGE ( 'NONE', *, *, #2023, .T. ) ;
#2842 = EDGE_CURVE ( 'NONE', #999, #3009, #5047, .T. ) ;
#2843 = CARTESIAN_POINT ( 'NONE',  ( 0.4836271351366944193, 0.3499999999947773777, 2.605495114973312543 ) ) ;
#2844 = FACE_OUTER_BOUND ( 'NONE', #5534, .T. ) ;
#2845 = VECTOR ( 'NONE', #138, 1000.000000000000000 ) ;
#2846 = DIRECTION ( 'NONE',  ( -1.000000000000000000, -2.644395542647306820E-18, 0.000000000000000000 ) ) ;
#2847 = CARTESIAN_POINT ( 'NONE',  ( 9.650000000000000355, 3.200000000000000178, -0.2500000000000000000 ) ) ;
#2848 = ORIENTED_EDGE ( 'NONE', *, *, #3655, .F. ) ;
#2849 = CARTESIAN_POINT ( 'NONE',  ( -2.381868524081000249, 3.500000000000000000, 1.644664282159000068 ) ) ;
#2850 = CARTESIAN_POINT ( 'NONE',  ( -2.627422110970833113, 3.500000000000000000, 0.3451855309562846252 ) ) ;
#2851 = CARTESIAN_POINT ( 'NONE',  ( -2.784039265999588064, 0.08227182555178741419, 0.8731212682128431934 ) ) ;
#2852 = AXIS2_PLACEMENT_3D ( 'NONE', #1862, #506, #561 ) ;
#2853 = VERTEX_POINT ( 'NONE', #4773 ) ;
#2854 = DIRECTION ( 'NONE',  ( -0.1391731009600952196, 0.000000000000000000, 0.9902680687415660321 ) ) ;
#2855 = CYLINDRICAL_SURFACE ( 'NONE', #336, 0.1000000000000000056 ) ;
#2856 = EDGE_CURVE ( 'NONE', #4678, #4966, #3956, .T. ) ;
#2857 = VECTOR ( 'NONE', #884, 1000.000000000000000 ) ;
#2858 = EDGE_CURVE ( 'NONE', #3681, #4588, #2058, .T. ) ;
#2859 = LINE ( 'NONE', #3737, #3593 ) ;
#2860 = ORIENTED_EDGE ( 'NONE', *, *, #2511, .F. ) ;
#2861 = AXIS2_PLACEMENT_3D ( 'NONE', #4183, #824, #5182 ) ;
#2862 = FACE_OUTER_BOUND ( 'NONE', #1792, .T. ) ;
#2863 = ORIENTED_EDGE ( 'NONE', *, *, #3425, .T. ) ;
#2864 = ORIENTED_EDGE ( 'NONE', *, *, #3858, .T. ) ;
#2865 = LINE ( 'NONE', #1078, #4412 ) ;
#2866 = CARTESIAN_POINT ( 'NONE',  ( -2.300206534972999872, 3.500000000000000000, -1.757062367557000071 ) ) ;
#2867 = FACE_BOUND ( 'NONE', #4532, .T. ) ;
#2868 = ORIENTED_EDGE ( 'NONE', *, *, #1148, .F. ) ;
#2869 = ORIENTED_EDGE ( 'NONE', *, *, #2376, .F. ) ;
#2870 = CONICAL_SURFACE ( 'NONE', #71, 10.24999999999976907, 0.7853981633972987320 ) ;
#2871 = CIRCLE ( 'NONE', #2501, 10.05000000000245208 ) ;
#2872 = ORIENTED_EDGE ( 'NONE', *, *, #2638, .F. ) ;
#2873 = FACE_OUTER_BOUND ( 'NONE', #2443, .T. ) ;
#2874 = DIRECTION ( 'NONE',  ( 0.000000000000000000, 0.000000000000000000, 1.000000000000000000 ) ) ;
#2875 = CARTESIAN_POINT ( 'NONE',  ( 0.000000000000000000, 0.2000000000010563606, 0.000000000000000000 ) ) ;
#2876 = PLANE ( 'NONE',  #521 ) ;
#2877 = VECTOR ( 'NONE', #1968, 1000.000000000000000 ) ;
#2878 = DIRECTION ( 'NONE',  ( 0.000000000000000000, 1.000000000000000000, 0.000000000000000000 ) ) ;
#2879 = CARTESIAN_POINT ( 'NONE',  ( 2.380402131076155836, 0.08526593549474913158, -1.682087097481494986 ) ) ;
#2880 = CARTESIAN_POINT ( 'NONE',  ( -2.773543444921050316, 0.07896029600196541320, 0.9165130092515065829 ) ) ;
#2881 = ORIENTED_EDGE ( 'NONE', *, *, #4312, .T. ) ;
#2882 = ADVANCED_FACE ( 'NONE', ( #3207 ), #3268, .F. ) ;
#2883 = DIRECTION ( 'NONE',  ( -1.000000000000000000, 0.000000000000000000, -0.000000000000000000 ) ) ;
#2884 = CARTESIAN_POINT ( 'NONE',  ( -9.650000000000000355, 3.200000000000000178, 1.250000000000000000 ) ) ;
#2885 = EDGE_LOOP ( 'NONE', ( #3126, #2093, #4102, #4194 ) ) ;
#2886 = CARTESIAN_POINT ( 'NONE',  ( -0.02640560265431115758, 0.08168225694403652426, -2.918198278647534671 ) ) ;
#2887 = ORIENTED_EDGE ( 'NONE', *, *, #1817, .T. ) ;
#2888 = EDGE_CURVE ( 'NONE', #1278, #2895, #2326, .T. ) ;
#2889 = ORIENTED_EDGE ( 'NONE', *, *, #590, .F. ) ;
#2890 = DIRECTION ( 'NONE',  ( 0.000000000000000000, -1.000000000000000000, 0.000000000000000000 ) ) ;
#2891 = CARTESIAN_POINT ( 'NONE',  ( 2.730588545660036726, 0.1054847958445330053, 0.9602627043240629101 ) ) ;
#2892 = DIRECTION ( 'NONE',  ( -0.6946583704589742725, 0.000000000000000000, -0.7193398003386733963 ) ) ;
#2893 = ORIENTED_EDGE ( 'NONE', *, *, #2842, .F. ) ;
#2894 = EDGE_CURVE ( 'NONE', #1804, #3340, #161, .T. ) ;
#2895 = VERTEX_POINT ( 'NONE', #1026 ) ;
#2896 = AXIS2_PLACEMENT_3D ( 'NONE', #1745, #4779, #856 ) ;
#2897 = VERTEX_POINT ( 'NONE', #2329 ) ;
#2898 = CARTESIAN_POINT ( 'NONE',  ( -2.316616962889999964, 3.500000000000000000, 1.180375299322999894 ) ) ;
#2899 = CARTESIAN_POINT ( 'NONE',  ( 0.000000000000000000, 3.500000000000000000, 0.000000000000000000 ) ) ;
#2900 = LINE ( 'NONE', #355, #3490 ) ;
#2901 = DIRECTION ( 'NONE',  ( 0.000000000000000000, 0.000000000000000000, 1.000000000000000000 ) ) ;
#2902 = VECTOR ( 'NONE', #4401, 1000.000000000000000 ) ;
#2903 = ORIENTED_EDGE ( 'NONE', *, *, #5079, .T. ) ;
#2904 = LINE ( 'NONE', #1206, #4989 ) ;
#2905 = CARTESIAN_POINT ( 'NONE',  ( 0.9429923113345182184, 0.08899429837544671484, -2.754036981518687810 ) ) ;
#2906 = DIRECTION ( 'NONE',  ( -0.000000000000000000, -1.000000000000000000, 0.000000000000000000 ) ) ;
#2907 = PLANE ( 'NONE',  #3040 ) ;
#2908 = LINE ( 'NONE', #5167, #1747 ) ;
#2909 = ORIENTED_EDGE ( 'NONE', *, *, #3297, .F. ) ;
#2910 = EDGE_CURVE ( 'NONE', #2594, #1340, #4545, .T. ) ;
#2911 = CARTESIAN_POINT ( 'NONE',  ( 2.806480877885850322, 0.1904932317076662995, 0.1597647498665200061 ) ) ;
#2912 = ORIENTED_EDGE ( 'NONE', *, *, #2787, .F. ) ;
#2913 = ORIENTED_EDGE ( 'NONE', *, *, #293, .F. ) ;
#2914 = ADVANCED_FACE ( 'NONE', ( #5376 ), #3633, .F. ) ;
#2915 = CARTESIAN_POINT ( 'NONE',  ( 2.328524103572930937, 3.500000000000000000, -1.265099007619514770 ) ) ;
#2916 = FACE_BOUND ( 'NONE', #3084, .T. ) ;
#2917 = EDGE_LOOP ( 'NONE', ( #5536, #653, #4053, #32 ) ) ;
#2918 = AXIS2_PLACEMENT_3D ( 'NONE', #4728, #2478, #367 ) ;
#2919 = ORIENTED_EDGE ( 'NONE', *, *, #4863, .T. ) ;
#2920 = ORIENTED_EDGE ( 'NONE', *, *, #3715, .T. ) ;
#2921 = EDGE_CURVE ( 'NONE', #2691, #2101, #1882, .T. ) ;
#2922 = EDGE_CURVE ( 'NONE', #4082, #690, #4519, .T. ) ;
#2923 = CARTESIAN_POINT ( 'NONE',  ( 2.085665361460999900, 3.499999999999999556, 0.6999999999999999556 ) ) ;
#2924 = CARTESIAN_POINT ( 'NONE',  ( 1.719822505902250942, 0.07787957361637258547, -2.362431586886128088 ) ) ;
#2925 = DIRECTION ( 'NONE',  ( 0.7193398003386733963, 0.000000000000000000, 0.6946583704589742725 ) ) ;
#2926 = CARTESIAN_POINT ( 'NONE',  ( 0.000000000000000000, 5.400000000008731149, -3.699999999923875293 ) ) ;
#2927 = ORIENTED_EDGE ( 'NONE', *, *, #4386, .T. ) ;
#2928 = CARTESIAN_POINT ( 'NONE',  ( 1.644664282155766877, 0.1054847958446735040, -2.381868524080579697 ) ) ;
#2929 = CARTESIAN_POINT ( 'NONE',  ( 0.8727263354178204091, 0.08275907220438978584, -2.783638513563093220 ) ) ;
#2930 = CARTESIAN_POINT ( 'NONE',  ( -1.520355673118695128, 0.1904932317069144843, 2.364398088405688547 ) ) ;
#2931 = DIRECTION ( 'NONE',  ( -0.000000000000000000, 1.000000000000000000, -0.000000000000000000 ) ) ;
#2932 = CARTESIAN_POINT ( 'NONE',  ( 0.8564696516868658405, 0.08848156829273592927, -2.782703614705996920 ) ) ;
#2933 = CARTESIAN_POINT ( 'NONE',  ( -5.656854249492000442, 3.500000000000000000, -6.506854249492000086 ) ) ;
#2934 = LINE ( 'NONE', #4328, #1269 ) ;
#2935 = ORIENTED_EDGE ( 'NONE', *, *, #3785, .F. ) ;
#2936 = ORIENTED_EDGE ( 'NONE', *, *, #1958, .T. ) ;
#2937 = EDGE_CURVE ( 'NONE', #2467, #569, #2358, .T. ) ;
#2938 = VECTOR ( 'NONE', #5018, 1000.000000000000000 ) ;
#2939 = CARTESIAN_POINT ( 'NONE',  ( -2.381868524080161809, 0.1054847958468871499, 1.644664282152475954 ) ) ;
#2940 = DIRECTION ( 'NONE',  ( 0.000000000000000000, -1.000000000000000000, 0.000000000000000000 ) ) ;
#2941 = CARTESIAN_POINT ( 'NONE',  ( 2.738744257748804145, 0.09922960516569737099, 0.9559262352850904643 ) ) ;
#2942 = DIRECTION ( 'NONE',  ( 0.000000000000000000, 1.000000000000000000, 0.000000000000000000 ) ) ;
#2943 = EDGE_LOOP ( 'NONE', ( #2221, #620, #1376, #2293 ) ) ;
#2944 = CIRCLE ( 'NONE', #1143, 2.649999999999999911 ) ;
#2945 = ORIENTED_EDGE ( 'NONE', *, *, #3206, .F. ) ;
#2946 = VERTEX_POINT ( 'NONE', #1545 ) ;
#2947 = DIRECTION ( 'NONE',  ( -0.7193398003386733963, 0.000000000000000000, 0.6946583704589742725 ) ) ;
#2948 = CARTESIAN_POINT ( 'NONE',  ( -2.300206534972999872, 0.000000000000000000, -1.757062367557000071 ) ) ;
#2949 = DIRECTION ( 'NONE',  ( 8.659560562354932858E-17, -0.7071067811865474617, 0.7071067811865474617 ) ) ;
#2950 = LINE ( 'NONE', #2054, #960 ) ;
#2951 = AXIS2_PLACEMENT_3D ( 'NONE', #1264, #2931, #5166 ) ;
#2952 = AXIS2_PLACEMENT_3D ( 'NONE', #4493, #2794, #4066 ) ;
#2953 = ADVANCED_FACE ( 'NONE', ( #5436, #1516 ), #4459, .T. ) ;
#2954 = VERTEX_POINT ( 'NONE', #658 ) ;
#2955 = VECTOR ( 'NONE', #4512, 1000.000000000000000 ) ;
#2956 = DIRECTION ( 'NONE',  ( 0.9848077530122131273, 0.000000000000000000, 0.1736481776669022981 ) ) ;
#2957 = AXIS2_PLACEMENT_3D ( 'NONE', #4798, #877, #4427 ) ;
#2958 = DIRECTION ( 'NONE',  ( -0.000000000000000000, -1.000000000000000000, -0.000000000000000000 ) ) ;
#2959 = CARTESIAN_POINT ( 'NONE',  ( -2.300206534973344930, 3.500000000000000000, -1.757062367556610827 ) ) ;
#2960 = CONICAL_SURFACE ( 'NONE', #3962, 2.999999999872215994, 0.7853981633974482790 ) ;
#2961 = CARTESIAN_POINT ( 'NONE',  ( -0.4836271351397178342, 3.500000000000000000, 2.605495114974608395 ) ) ;
#2962 = CARTESIAN_POINT ( 'NONE',  ( 2.605495114974500481, 3.500000000000000000, 0.4836271351398847562 ) ) ;
#2963 = EDGE_LOOP ( 'NONE', ( #1773, #1583, #4454, #4731 ) ) ;
#2964 = ORIENTED_EDGE ( 'NONE', *, *, #2921, .F. ) ;
#2965 = CARTESIAN_POINT ( 'NONE',  ( 2.309303120725660907, 0.09922960516599038661, 1.755458394056492288 ) ) ;
#2966 = CARTESIAN_POINT ( 'NONE',  ( 0.000000000000000000, 1.136868377216160297E-10, 0.000000000000000000 ) ) ;
#2967 = CARTESIAN_POINT ( 'NONE',  ( -1.838477631084999953, 3.500000000000000000, -1.838477631084999953 ) ) ;
#2968 = DIRECTION ( 'NONE',  ( -0.000000000000000000, 1.000000000000000000, -0.000000000000000000 ) ) ;
#2969 = EDGE_CURVE ( 'NONE', #1820, #4962, #4981, .T. ) ;
#2970 = EDGE_LOOP ( 'NONE', ( #5420, #5390, #1726, #3316 ) ) ;
#2971 = CIRCLE ( 'NONE', #94, 10.25000000000018652 ) ;
#2972 = ORIENTED_EDGE ( 'NONE', *, *, #4139, .F. ) ;
#2973 = EDGE_LOOP ( 'NONE', ( #3602, #4221, #3276, #3998 ) ) ;
#2974 = FACE_OUTER_BOUND ( 'NONE', #4899, .T. ) ;
#2975 = CARTESIAN_POINT ( 'NONE',  ( 1.697652319122445075, 0.08046707882512332821, -2.375227457441217105 ) ) ;
#2976 = ADVANCED_FACE ( 'NONE', ( #1084 ), #2385, .T. ) ;
#2977 = DIRECTION ( 'NONE',  ( 1.000000000000000000, 0.000000000000000000, 0.000000000000000000 ) ) ;
#2978 = DIRECTION ( 'NONE',  ( 0.000000000000000000, 0.000000000000000000, 1.000000000000000000 ) ) ;
#2979 = AXIS2_PLACEMENT_3D ( 'NONE', #2641, #1378, #4006 ) ;
#2980 = ORIENTED_EDGE ( 'NONE', *, *, #4278, .F. ) ;
#2981 = CARTESIAN_POINT ( 'NONE',  ( 2.773520794012415358, 0.1054847958448499740, 0.8281308303550002359 ) ) ;
#2982 = CARTESIAN_POINT ( 'NONE',  ( 5.656854249492000442, 3.500000000000000000, -4.806854249491999909 ) ) ;
#2983 = EDGE_CURVE ( 'NONE', #169, #2808, #2840, .T. ) ;
#2984 = CARTESIAN_POINT ( 'NONE',  ( 0.000000000000000000, 0.000000000000000000, 0.000000000000000000 ) ) ;
#2985 = CARTESIAN_POINT ( 'NONE',  ( 9.949999999999999289, 3.200000000000000178, 0.2500000000000000000 ) ) ;
#2986 = DIRECTION ( 'NONE',  ( -0.000000000000000000, 1.000000000000000000, 0.000000000000000000 ) ) ;
#2987 = DIRECTION ( 'NONE',  ( -0.4383711467890826219, 0.000000000000000000, 0.8987940462991643731 ) ) ;
#2988 = EDGE_CURVE ( 'NONE', #3033, #1969, #1852, .T. ) ;
#2989 = ADVANCED_FACE ( 'NONE', ( #4893 ), #2754, .F. ) ;
#2990 = ORIENTED_EDGE ( 'NONE', *, *, #1582, .F. ) ;
#2991 = ORIENTED_EDGE ( 'NONE', *, *, #5223, .T. ) ;
#2992 = CARTESIAN_POINT ( 'NONE',  ( -9.949999999999999289, 3.200000000000000178, -0.7500000000000001110 ) ) ;
#2993 = LINE ( 'NONE', #397, #5423 ) ;
#2994 = LINE ( 'NONE', #3422, #4121 ) ;
#2995 = CARTESIAN_POINT ( 'NONE',  ( 0.000000000000000000, 3.500000000000000000, 2.821747544339999969 ) ) ;
#2996 = VECTOR ( 'NONE', #684, 1000.000000000000000 ) ;
#2997 = ORIENTED_EDGE ( 'NONE', *, *, #2648, .T. ) ;
#2998 = ORIENTED_EDGE ( 'NONE', *, *, #1406, .F. ) ;
#2999 = ORIENTED_EDGE ( 'NONE', *, *, #1285, .T. ) ;
#3000 = LINE ( 'NONE', #4743, #1184 ) ;
#3001 = DIRECTION ( 'NONE',  ( 0.000000000000000000, -1.000000000000000000, 0.000000000000000000 ) ) ;
#3002 = VECTOR ( 'NONE', #584, 1000.000000000000000 ) ;
#3003 = ADVANCED_FACE ( 'NONE', ( #4032 ), #3603, .F. ) ;
#3004 = DIRECTION ( 'NONE',  ( 0.000000000000000000, 0.000000000000000000, 1.000000000000000000 ) ) ;
#3005 = EDGE_LOOP ( 'NONE', ( #3342, #1042, #3853, #3667 ) ) ;
#3006 = DIRECTION ( 'NONE',  ( 0.000000000000000000, -1.000000000000000000, -0.000000000000000000 ) ) ;
#3007 = CARTESIAN_POINT ( 'NONE',  ( 0.9056168927133031454, 0.07787957361659517130, -2.778260336641655837 ) ) ;
#3008 = CARTESIAN_POINT ( 'NONE',  ( -0.8727263354178199650, 0.08275907220439022993, 2.783638513563093220 ) ) ;
#3009 = VERTEX_POINT ( 'NONE', #5560 ) ;
#3010 = EDGE_CURVE ( 'NONE', #3740, #69, #3798, .T. ) ;
#3011 = FACE_OUTER_BOUND ( 'NONE', #736, .T. ) ;
#3012 = LINE ( 'NONE', #2064, #305 ) ;
#3013 = CARTESIAN_POINT ( 'NONE',  ( 1.823620929132663937, 0.3499999999946720730, -1.922734174767848581 ) ) ;
#3014 = ORIENTED_EDGE ( 'NONE', *, *, #4727, .F. ) ;
#3015 = EDGE_LOOP ( 'NONE', ( #1670, #2084, #3653, #1366 ) ) ;
#3016 = EDGE_CURVE ( 'NONE', #882, #4110, #3468, .T. ) ;
#3017 = ADVANCED_FACE ( 'NONE', ( #2597 ), #4309, .F. ) ;
#3018 = CARTESIAN_POINT ( 'NONE',  ( 0.8281308303577999963, 3.500000000000000000, 2.773520794013999868 ) ) ;
#3019 = DIRECTION ( 'NONE',  ( 0.000000000000000000, 1.000000000000000000, 0.000000000000000000 ) ) ;
#3020 = CYLINDRICAL_SURFACE ( 'NONE', #3307, 10.25000000000000000 ) ;
#3021 = DIRECTION ( 'NONE',  ( 0.000000000000000000, 1.000000000000000000, 0.000000000000000000 ) ) ;
#3022 = ORIENTED_EDGE ( 'NONE', *, *, #1148, .T. ) ;
#3023 = VECTOR ( 'NONE', #4275, 1000.000000000000114 ) ;
#3024 = ORIENTED_EDGE ( 'NONE', *, *, #4625, .F. ) ;
#3025 = AXIS2_PLACEMENT_3D ( 'NONE', #1611, #4499, #643 ) ;
#3026 = EDGE_CURVE ( 'NONE', #1270, #2640, #5594, .T. ) ;
#3027 = EDGE_LOOP ( 'NONE', ( #3545, #1414, #1190, #5119, #1946, #5214, #3427, #2154 ) ) ;
#3028 = CARTESIAN_POINT ( 'NONE',  ( -2.773520794013958124, 3.500000000000000000, 0.8281308303577958885 ) ) ;
#3029 = CYLINDRICAL_SURFACE ( 'NONE', #2623, 1.250000000000000000 ) ;
#3030 = CIRCLE ( 'NONE', #3579, 1.250000000000000000 ) ;
#3031 = DIRECTION ( 'NONE',  ( 0.000000000000000000, 0.000000000000000000, 1.000000000000000000 ) ) ;
#3032 = CARTESIAN_POINT ( 'NONE',  ( -2.619751903961265338, 0.1904932317069822356, -1.019195592089099378 ) ) ;
#3033 = VERTEX_POINT ( 'NONE', #1672 ) ;
#3034 = CARTESIAN_POINT ( 'NONE',  ( -1.757062367556610827, 3.500000000000000000, 2.300206534973344930 ) ) ;
#3035 = CARTESIAN_POINT ( 'NONE',  ( -3.580681656734000243E-07, 4.910000389202195947, 1.524477638310123284E-07 ) ) ;
#3036 = CARTESIAN_POINT ( 'NONE',  ( -9.949999999999999289, 3.200000000000000178, 1.250000000000000000 ) ) ;
#3037 = CARTESIAN_POINT ( 'NONE',  ( -10.17349497468815400, 0.2000000000003585299, 1.249999999999873435 ) ) ;
#3038 = VERTEX_POINT ( 'NONE', #3849 ) ;
#3039 = B_SPLINE_CURVE_WITH_KNOTS ( 'NONE', 3,
 ( #5606, #2930, #2508, #361 ),
 .UNSPECIFIED., .F., .F.,
 ( 4, 4 ),
 ( 2.105314320135900391E-18, 0.0004546461370034112848 ),
 .UNSPECIFIED. ) ;
#3040 = AXIS2_PLACEMENT_3D ( 'NONE', #4673, #4215, #833 ) ;
#3041 = VECTOR ( 'NONE', #4095, 1000.000000000000114 ) ;
#3042 = CARTESIAN_POINT ( 'NONE',  ( -10.02197585309305339, 3.500000000001014300, 0.7500000000000000000 ) ) ;
#3043 = CARTESIAN_POINT ( 'NONE',  ( 0.3451855309588666154, 0.3499999999946697971, -2.627422110968760549 ) ) ;
#3044 = DIRECTION ( 'NONE',  ( 0.000000000000000000, 0.000000000000000000, 1.000000000000000000 ) ) ;
#3045 = VECTOR ( 'NONE', #955, 1000.000000000000114 ) ;
#3046 = ADVANCED_FACE ( 'NONE', ( #2072 ), #689, .T. ) ;
#3047 = ORIENTED_EDGE ( 'NONE', *, *, #1262, .T. ) ;
#3048 = VERTEX_POINT ( 'NONE', #3479 ) ;
#3049 = CARTESIAN_POINT ( 'NONE',  ( 8.000000000000000000, 0.000000000000000000, 0.000000000000000000 ) ) ;
#3050 = CARTESIAN_POINT ( 'NONE',  ( 0.000000000000000000, 0.3499999999999999778, 0.000000000000000000 ) ) ;
#3051 = DIRECTION ( 'NONE',  ( 1.000000000000000000, 0.000000000000000000, -0.000000000000000000 ) ) ;
#3052 = CARTESIAN_POINT ( 'NONE',  ( -2.392158724416434179, 0.3499999999946719065, -1.140209032234916764 ) ) ;
#3053 = CARTESIAN_POINT ( 'NONE',  ( -2.893681524369137836, 0.1054847958468026342, 0.06946583705042837231 ) ) ;
#3054 = ADVANCED_FACE ( 'NONE', ( #5586 ), #427, .F. ) ;
#3055 = ORIENTED_EDGE ( 'NONE', *, *, #3761, .F. ) ;
#3056 = ORIENTED_EDGE ( 'NONE', *, *, #1673, .T. ) ;
#3057 = ORIENTED_EDGE ( 'NONE', *, *, #3536, .T. ) ;
#3058 = DIRECTION ( 'NONE',  ( -0.000000000000000000, 1.000000000000000000, 0.000000000000000000 ) ) ;
#3059 = CARTESIAN_POINT ( 'NONE',  ( -2.750000000000000000, 3.499999999860392563, -4.763139720814000277 ) ) ;
#3060 = ADVANCED_FACE ( 'NONE', ( #1272 ), #1329, .F. ) ;
#3061 = CARTESIAN_POINT ( 'NONE',  ( -0.9165130092515068050, 0.07896029600196556586, -2.773543444921050316 ) ) ;
#3062 = EDGE_CURVE ( 'NONE', #1832, #5278, #2993, .T. ) ;
#3063 = CARTESIAN_POINT ( 'NONE',  ( -1.653818378822854873, 0.09947684098895678839, -2.382841717207138554 ) ) ;
#3064 = VERTEX_POINT ( 'NONE', #5199 ) ;
#3065 = VECTOR ( 'NONE', #4529, 1000.000000000000000 ) ;
#3066 = DIRECTION ( 'NONE',  ( 0.000000000000000000, 0.000000000000000000, 1.000000000000000000 ) ) ;
#3067 = DIRECTION ( 'NONE',  ( -0.4694715627859091245, -0.000000000000000000, -0.8829475928589172185 ) ) ;
#3068 = CARTESIAN_POINT ( 'NONE',  ( 2.364398088405661458, 0.1904932317078085469, -1.520355673117863349 ) ) ;
#3069 = CARTESIAN_POINT ( 'NONE',  ( 0.000000000000000000, 3.500000000000000000, 0.000000000000000000 ) ) ;
#3070 = EDGE_LOOP ( 'NONE', ( #2049, #2493, #3453, #3741, #2860, #3991, #3104, #2435 ) ) ;
#3071 = AXIS2_PLACEMENT_3D ( 'NONE', #3494, #1346, #3066 ) ;
#3072 = DIRECTION ( 'NONE',  ( 0.000000000000000000, 0.000000000000000000, 1.000000000000000000 ) ) ;
#3073 = CARTESIAN_POINT ( 'NONE',  ( 0.000000000000000000, 0.000000000000000000, 0.000000000000000000 ) ) ;
#3074 = CARTESIAN_POINT ( 'NONE',  ( -1.265099007619580274, 3.500000000000000000, 2.328524103572894965 ) ) ;
#3075 = VERTEX_POINT ( 'NONE', #2518 ) ;
#3076 = ORIENTED_EDGE ( 'NONE', *, *, #5142, .F. ) ;
#3077 = CARTESIAN_POINT ( 'NONE',  ( 0.000000000000000000, 3.500000000000000000, 0.000000000000000000 ) ) ;
#3078 = DIRECTION ( 'NONE',  ( -0.1736481776669022981, -0.000000000000000000, 0.9848077530122131273 ) ) ;
#3079 = ADVANCED_FACE ( 'NONE', ( #5144 ), #2960, .F. ) ;
#3080 = CARTESIAN_POINT ( 'NONE',  ( 0.000000000000000000, 0.000000000000000000, 0.000000000000000000 ) ) ;
#3081 = CARTESIAN_POINT ( 'NONE',  ( -9.949999999999999289, 3.500000000000000000, 0.7500000000000000000 ) ) ;
#3082 = CARTESIAN_POINT ( 'NONE',  ( 0.06946583704828379613, 0.1054847958443624473, -2.893681524371630509 ) ) ;
#3083 = ORIENTED_EDGE ( 'NONE', *, *, #4687, .F. ) ;
#3084 = EDGE_LOOP ( 'NONE', ( #2817, #2396 ) ) ;
#3085 = EDGE_CURVE ( 'NONE', #1819, #3426, #3420, .T. ) ;
#3086 = ORIENTED_EDGE ( 'NONE', *, *, #1673, .F. ) ;
#3087 = CARTESIAN_POINT ( 'NONE',  ( -10.17349497468793196, 0.000000000000000000, 1.249999999999746647 ) ) ;
#3088 = CARTESIAN_POINT ( 'NONE',  ( -1.707221391044583481, 0.07858527843848120420, -2.370682937886618991 ) ) ;
#3089 = CARTESIAN_POINT ( 'NONE',  ( 1.673785747557479997, 0.08899429837533559540, 2.381679127439856547 ) ) ;
#3090 = ADVANCED_BREP_SHAPE_REPRESENTATION ( 'M_DC11_A01_HORN', ( #4259, #4955 ), #242 ) ;
#3091 = EDGE_CURVE ( 'NONE', #1918, #5583, #1701, .T. ) ;
#3092 = EDGE_CURVE ( 'NONE', #836, #1957, #80, .T. ) ;
#3093 = CARTESIAN_POINT ( 'NONE',  ( 0.000000000000000000, 0.000000000000000000, 0.000000000000000000 ) ) ;
#3094 = VERTEX_POINT ( 'NONE', #3909 ) ;
#3095 = CARTESIAN_POINT ( 'NONE',  ( 2.605495114974660797, 0.000000000000000000, -0.4836271351394367812 ) ) ;
#3096 = PLANE ( 'NONE',  #1137 ) ;
#3097 = CARTESIAN_POINT ( 'NONE',  ( 2.921402341079442522, 0.07858527843829078707, 0.01228135023509716907 ) ) ;
#3098 = FACE_OUTER_BOUND ( 'NONE', #4486, .T. ) ;
#3099 = EDGE_LOOP ( 'NONE', ( #3164, #3972, #5285, #1909 ) ) ;
#3100 = DIRECTION ( 'NONE',  ( 0.000000000000000000, -1.000000000000000000, 0.000000000000000000 ) ) ;
#3101 = DIRECTION ( 'NONE',  ( 0.000000000000000000, -1.000000000000000000, 0.000000000000000000 ) ) ;
#3102 = CARTESIAN_POINT ( 'NONE',  ( 2.730588545662827382, 3.500000000000000000, -0.9602627043226560355 ) ) ;
#3103 = B_SPLINE_CURVE_WITH_KNOTS ( 'NONE', 3,
 ( #2696, #1344, #2135, #5266 ),
 .UNSPECIFIED., .F., .F.,
 ( 4, 4 ),
 ( 1.846114882313077677E-16, 0.0004546461370076453111 ),
 .UNSPECIFIED. ) ;
#3104 = ORIENTED_EDGE ( 'NONE', *, *, #2290, .F. ) ;
#3105 = ORIENTED_EDGE ( 'NONE', *, *, #4823, .T. ) ;
#3106 = LINE ( 'NONE', #541, #2579 ) ;
#3107 = CARTESIAN_POINT ( 'NONE',  ( -2.342232102777993763, 0.08275907220410075316, 1.739035194422882347 ) ) ;
#3108 = CARTESIAN_POINT ( 'NONE',  ( -0.9602627043257007111, 0.1054847958467588498, -2.730588545657100852 ) ) ;
#3109 = CONICAL_SURFACE ( 'NONE', #4293, 2.650000083517674909, 0.9600697754984245380 ) ;
#3110 = CARTESIAN_POINT ( 'NONE',  ( 2.300206534973400885, 3.500000000000000000, 1.757062367556929017 ) ) ;
#3111 = ORIENTED_EDGE ( 'NONE', *, *, #18, .F. ) ;
#3112 = EDGE_LOOP ( 'NONE', ( #5272, #2893, #4535, #2463, #5414, #4510, #563, #2804 ) ) ;
#3113 = DIRECTION ( 'NONE',  ( 0.000000000000000000, 0.000000000000000000, -1.000000000000000000 ) ) ;
#3114 = CARTESIAN_POINT ( 'NONE',  ( -1.663533819530224944, 0.09392654987512805143, -2.382841717207141219 ) ) ;
#3116 = AXIS2_PLACEMENT_3D ( 'NONE', #2538, #3841, #1697 ) ;
#3115 = CARTESIAN_POINT ( 'NONE',  ( -0.9003609963088511359, 0.07787957361659822442, -2.779968080904818617 ) ) ;
#3118 = EDGE_CURVE ( 'NONE', #5340, #2600, #4417, .T. ) ;
#3117 = VECTOR ( 'NONE', #3190, 1000.000000000000000 ) ;
#3119 = CIRCLE ( 'NONE', #4574, 0.8500000000000000888 ) ;
#3120 = CARTESIAN_POINT ( 'NONE',  ( -2.507205919751164025, 0.2724669240241946455, -1.079037353389237008 ) ) ;
#3121 = ORIENTED_EDGE ( 'NONE', *, *, #47, .T. ) ;
#3122 = VECTOR ( 'NONE', #1744, 1000.000000000000000 ) ;
#3123 = DIRECTION ( 'NONE',  ( 0.000000000000000000, 0.000000000000000000, 1.000000000000000000 ) ) ;
#3124 = CARTESIAN_POINT ( 'NONE',  ( 2.911292475870090879, 0.08836474067332392157, -0.04515189820567271084 ) ) ;
#3125 = CARTESIAN_POINT ( 'NONE',  ( -10.22252415013000082, 3.500000000000000000, 0.7500000000000000000 ) ) ;
#3126 = ORIENTED_EDGE ( 'NONE', *, *, #1337, .T. ) ;
#3127 = EDGE_CURVE ( 'NONE', #2600, #1068, #2261, .T. ) ;
#3128 = CARTESIAN_POINT ( 'NONE',  ( 1.140209032233722608, 3.500000000000000000, 2.392158724418969928 ) ) ;
#3129 = LINE ( 'NONE', #2705, #2285 ) ;
#3130 = LINE ( 'NONE', #1835, #5307 ) ;
#3131 = ADVANCED_FACE ( 'NONE', ( #1449 ), #2686, .F. ) ;
#3132 = VERTEX_POINT ( 'NONE', #66 ) ;
#3133 = VECTOR ( 'NONE', #2452, 1000.000000000000000 ) ;
#3134 = AXIS2_PLACEMENT_3D ( 'NONE', #557, #973, #3186 ) ;
#3135 = VERTEX_POINT ( 'NONE', #3138 ) ;
#3136 = FACE_OUTER_BOUND ( 'NONE', #1367, .T. ) ;
#3137 = FACE_OUTER_BOUND ( 'NONE', #1853, .T. ) ;
#3138 = CARTESIAN_POINT ( 'NONE',  ( 2.730588545660018074, 0.1054847958445215700, -0.9602627043241499516 ) ) ;
#3139 = VECTOR ( 'NONE', #1215, 1000.000000000000114 ) ;
#3140 = FACE_OUTER_BOUND ( 'NONE', #1677, .T. ) ;
#3141 = ORIENTED_EDGE ( 'NONE', *, *, #438, .F. ) ;
#3142 = AXIS2_PLACEMENT_3D ( 'NONE', #2566, #3822, #1217 ) ;
#3143 = ORIENTED_EDGE ( 'NONE', *, *, #4932, .F. ) ;
#3144 = B_SPLINE_CURVE_WITH_KNOTS ( 'NONE', 3,
 ( #3204, #267, #2488, #2520 ),
 .UNSPECIFIED., .F., .F.,
 ( 4, 4 ),
 ( 1.846406247255034378E-16, 0.0004546461370076453111 ),
 .UNSPECIFIED. ) ;
#3145 = PRODUCT_DEFINITION ( 'Êô', '', #3854, #221 ) ;
#3146 = DIRECTION ( 'NONE',  ( -0.000000000000000000, -1.000000000000000000, 0.000000000000000000 ) ) ;
#3147 = DIRECTION ( 'NONE',  ( 0.000000000000000000, 1.000000000000000000, 0.000000000000000000 ) ) ;
#3148 = CARTESIAN_POINT ( 'NONE',  ( -2.605495114974660797, 0.000000000000000000, -0.4836271351394367257 ) ) ;
#3149 = B_SPLINE_CURVE_WITH_KNOTS ( 'NONE', 3,
 ( #4970, #3764, #1071, #5478 ),
 .UNSPECIFIED., .F., .F.,
 ( 4, 4 ),
 ( 0.0001481870765959717080, 0.0001645295473115793411 ),
 .UNSPECIFIED. ) ;
#3150 = DIRECTION ( 'NONE',  ( -0.000000000000000000, 1.000000000000000000, -0.000000000000000000 ) ) ;
#3151 = ORIENTED_EDGE ( 'NONE', *, *, #2813, .T. ) ;
#3152 = VECTOR ( 'NONE', #5567, 1000.000000000000000 ) ;
#3153 = EDGE_CURVE ( 'NONE', #4843, #5517, #4868, .T. ) ;
#3154 = FACE_BOUND ( 'NONE', #1605, .T. ) ;
#3155 = CARTESIAN_POINT ( 'NONE',  ( 0.000000000000000000, 3.500000000000000000, 0.000000000000000000 ) ) ;
#3156 = CARTESIAN_POINT ( 'NONE',  ( 2.381868524080617888, 0.1054847958446691741, -1.644664282155719137 ) ) ;
#3157 = DIRECTION ( 'NONE',  ( -0.000000000000000000, -1.000000000000000000, -0.000000000000000000 ) ) ;
#3158 = ORIENTED_EDGE ( 'NONE', *, *, #293, .T. ) ;
#3159 = CARTESIAN_POINT ( 'NONE',  ( -10.22252415013021931, 3.299999999999999822, 0.7500000000000000000 ) ) ;
#3160 = EDGE_CURVE ( 'NONE', #228, #2392, #4048, .T. ) ;
#3161 = CYLINDRICAL_SURFACE ( 'NONE', #1479, 2.649999999999999911 ) ;
#3162 = CARTESIAN_POINT ( 'NONE',  ( 4.898587196589412829E-16, 3.500000000000000000, -4.000000000000000000 ) ) ;
#3163 = AXIS2_PLACEMENT_3D ( 'NONE', #4888, #4114, #1907 ) ;
#3164 = ORIENTED_EDGE ( 'NONE', *, *, #4312, .F. ) ;
#3165 = AXIS2_PLACEMENT_3D ( 'NONE', #1891, #1920, #5385 ) ;
#3166 = ORIENTED_EDGE ( 'NONE', *, *, #4249, .T. ) ;
#3167 = CYLINDRICAL_SURFACE ( 'NONE', #157, 0.8500000000000000888 ) ;
#3168 = DIRECTION ( 'NONE',  ( -0.8987940462991643731, 0.000000000000000000, -0.4383711467890826219 ) ) ;
#3169 = ADVANCED_FACE ( 'NONE', ( #3171 ), #4423, .F. ) ;
#3170 = ADVANCED_FACE ( 'NONE', ( #543 ), #4366, .F. ) ;
#3171 = FACE_OUTER_BOUND ( 'NONE', #1865, .T. ) ;
#3172 = PLANE ( 'NONE',  #2263 ) ;
#3173 = VECTOR ( 'NONE', #1684, 1000.000000000000114 ) ;
#3174 = EDGE_LOOP ( 'NONE', ( #1387, #4460, #152, #5231 ) ) ;
#3175 = ORIENTED_EDGE ( 'NONE', *, *, #864, .F. ) ;
#3176 = DIRECTION ( 'NONE',  ( -0.000000000000000000, -1.000000000000000000, -0.000000000000000000 ) ) ;
#3177 = FACE_OUTER_BOUND ( 'NONE', #269, .T. ) ;
#3178 = FACE_OUTER_BOUND ( 'NONE', #4704, .T. ) ;
#3179 = B_SPLINE_CURVE_WITH_KNOTS ( 'NONE', 3,
 ( #2835, #4141, #2436, #265 ),
 .UNSPECIFIED., .F., .F.,
 ( 4, 4 ),
 ( 1.859742150239406939E-16, 0.0004546461370033457448 ),
 .UNSPECIFIED. ) ;
#3180 = EDGE_LOOP ( 'NONE', ( #4809, #2300, #4785, #2774 ) ) ;
#3181 = DIRECTION ( 'NONE',  ( 0.000000000000000000, -0.000000000000000000, 1.000000000000000000 ) ) ;
#3182 = ORIENTED_EDGE ( 'NONE', *, *, #3900, .T. ) ;
#3183 = CARTESIAN_POINT ( 'NONE',  ( 0.000000000000000000, 3.500000000000000000, 0.000000000000000000 ) ) ;
#3184 = DIRECTION ( 'NONE',  ( 0.000000000000000000, 0.000000000000000000, -1.000000000000000000 ) ) ;
#3185 = LINE ( 'NONE', #4578, #3671 ) ;
#3186 = DIRECTION ( 'NONE',  ( 0.000000000000000000, 0.000000000000000000, -1.000000000000000000 ) ) ;
#3187 = ORIENTED_EDGE ( 'NONE', *, *, #2593, .F. ) ;
#3188 = CARTESIAN_POINT ( 'NONE',  ( 5.656854249492000442, 0.000000000000000000, 5.656854249492000442 ) ) ;
#3189 = CARTESIAN_POINT ( 'NONE',  ( 0.000000000000000000, 3.500000000000000000, -8.000000000000000000 ) ) ;
#3190 = DIRECTION ( 'NONE',  ( -0.000000000000000000, -1.000000000000000000, 0.000000000000000000 ) ) ;
#3191 = VECTOR ( 'NONE', #1, 1000.000000000000000 ) ;
#3192 = VERTEX_POINT ( 'NONE', #179 ) ;
#3193 = ADVANCED_FACE ( 'NONE', ( #1869 ), #927, .F. ) ;
#3194 = ORIENTED_EDGE ( 'NONE', *, *, #4988, .T. ) ;
#3195 = LINE ( 'NONE', #1498, #2055 ) ;
#3196 = CARTESIAN_POINT ( 'NONE',  ( 1.922734174770696303, 3.500000000000000000, 1.823620929132161894 ) ) ;
#3197 = EDGE_LOOP ( 'NONE', ( #4452, #5259, #1734, #5239 ) ) ;
#3198 = CARTESIAN_POINT ( 'NONE',  ( -2.914491766458217725, 0.08526593549456441823, -0.03832821929023839252 ) ) ;
#3199 = VERTEX_POINT ( 'NONE', #96 ) ;
#3200 = ADVANCED_FACE ( 'NONE', ( #4910 ), #1899, .F. ) ;
#3201 = EDGE_CURVE ( 'NONE', #3340, #5191, #1063, .T. ) ;
#3202 = VERTEX_POINT ( 'NONE', #1842 ) ;
#3203 = CARTESIAN_POINT ( 'NONE',  ( 0.000000000000000000, 3.299999999998942446, 0.000000000000000000 ) ) ;
#3204 = CARTESIAN_POINT ( 'NONE',  ( 2.392158724416352467, 0.3499999999946697971, 1.140209032234713815 ) ) ;
#3205 = CARTESIAN_POINT ( 'NONE',  ( -2.381868524080120064, 0.1054847958469097846, -1.644664282152496826 ) ) ;
#3206 = EDGE_CURVE ( 'NONE', #5016, #3064, #3566, .T. ) ;
#3207 = FACE_OUTER_BOUND ( 'NONE', #3914, .T. ) ;
#3208 = ORIENTED_EDGE ( 'NONE', *, *, #4944, .F. ) ;
#3209 = DIRECTION ( 'NONE',  ( 0.000000000000000000, 0.000000000000000000, -1.000000000000000000 ) ) ;
#3210 = CARTESIAN_POINT ( 'NONE',  ( -2.176583360791032540, 0.1904932317070928416, -1.778860468606099365 ) ) ;
#3211 = CYLINDRICAL_SURFACE ( 'NONE', #5146, 0.09999999999999982514 ) ;
#3212 = B_SPLINE_CURVE_WITH_KNOTS ( 'NONE', 3,
 ( #359, #1609, #2474, #5130 ),
 .UNSPECIFIED., .F., .F.,
 ( 4, 4 ),
 ( 2.760289856385915969E-18, 0.0002832306823874311042 ),
 .UNSPECIFIED. ) ;
#3213 = AXIS2_PLACEMENT_3D ( 'NONE', #3189, #4498, #4530 ) ;
#3214 = AXIS2_PLACEMENT_3D ( 'NONE', #2424, #5501, #4070 ) ;
#3215 = EDGE_LOOP ( 'NONE', ( #5558, #5572, #657, #1538 ) ) ;
#3216 = CARTESIAN_POINT ( 'NONE',  ( -9.650000000000000355, 3.500000000000000000, 1.250000000000000000 ) ) ;
#3217 = LINE ( 'NONE', #4554, #149 ) ;
#3218 = ADVANCED_FACE ( 'NONE', ( #5282 ), #3968, .F. ) ;
#3219 = CARTESIAN_POINT ( 'NONE',  ( -2.749147039800789116, 0.09214600728062491419, 0.9475259344453809129 ) ) ;
#3220 = ORIENTED_EDGE ( 'NONE', *, *, #4733, .F. ) ;
#3221 = ORIENTED_EDGE ( 'NONE', *, *, #4589, .F. ) ;
#3222 = CARTESIAN_POINT ( 'NONE',  ( -2.683641389383999876, 3.500000000000000000, -0.8719679450367001650 ) ) ;
#3223 = DIRECTION ( 'NONE',  ( 0.000000000000000000, 0.000000000000000000, -1.000000000000000000 ) ) ;
#3224 = VERTEX_POINT ( 'NONE', #3108 ) ;
#3225 = EDGE_CURVE ( 'NONE', #882, #1572, #2592, .T. ) ;
#3226 = FACE_OUTER_BOUND ( 'NONE', #1069, .T. ) ;
#3227 = EDGE_LOOP ( 'NONE', ( #2848, #5086 ) ) ;
#3228 = CIRCLE ( 'NONE', #2228, 0.8500000000000000888 ) ;
#3229 = ORIENTED_EDGE ( 'NONE', *, *, #171, .T. ) ;
#3230 = LINE ( 'NONE', #3262, #2955 ) ;
#3231 = VECTOR ( 'NONE', #3524, 1000.000000000000000 ) ;
#3232 = VECTOR ( 'NONE', #209, 1000.000000000000000 ) ;
#3233 = VECTOR ( 'NONE', #4742, 1000.000000000000000 ) ;
#3234 = EDGE_CURVE ( 'NONE', #3578, #2582, #259, .T. ) ;
#3235 = CARTESIAN_POINT ( 'NONE',  ( -1.778860468605750089, 0.1904932317070814340, -2.176583360790822930 ) ) ;
#3236 = CARTESIAN_POINT ( 'NONE',  ( 2.773543444921050316, 0.07896029600196551035, -0.9165130092515066940 ) ) ;
#3237 = VECTOR ( 'NONE', #1756, 1000.000000000000000 ) ;
#3238 = ORIENTED_EDGE ( 'NONE', *, *, #969, .F. ) ;
#3239 = DIRECTION ( 'NONE',  ( -1.000000000000000000, 0.000000000000000000, 0.000000000000000000 ) ) ;
#3240 = ORIENTED_EDGE ( 'NONE', *, *, #1511, .F. ) ;
#3241 = EDGE_CURVE ( 'NONE', #3064, #4276, #2830, .T. ) ;
#3242 = DIRECTION ( 'NONE',  ( 0.000000000000000000, 0.000000000000000000, 1.000000000000000000 ) ) ;
#3243 = DIRECTION ( 'NONE',  ( 0.000000000000000000, 0.000000000000000000, -1.000000000000000000 ) ) ;
#3244 = CARTESIAN_POINT ( 'NONE',  ( 0.000000000000000000, 0.000000000000000000, 0.000000000000000000 ) ) ;
#3245 = CARTESIAN_POINT ( 'NONE',  ( 2.627422110970723423, 0.000000000000000000, -0.3451855309562329999 ) ) ;
#3246 = ORIENTED_EDGE ( 'NONE', *, *, #4665, .F. ) ;
#3247 = CARTESIAN_POINT ( 'NONE',  ( 2.605495114974500481, 0.3499999999930269445, 0.4836271351398847562 ) ) ;
#3248 = CARTESIAN_POINT ( 'NONE',  ( 2.321792590102041309, 0.09214600728035282629, -1.750683869646621371 ) ) ;
#3249 = CARTESIAN_POINT ( 'NONE',  ( 2.201724540348845238, 4.742593268330753453, 0.9835021282732852033 ) ) ;
#3250 = B_SPLINE_CURVE_WITH_KNOTS ( 'NONE', 3,
 ( #972, #5212, #502, #2192, #3924, #114, #4834, #3097, #50, #1830, #2219, #1771, #3496, #5296, #3124, #5242, #1349, #5014, #1886 ),
 .UNSPECIFIED., .F., .F.,
 ( 4, 3, 3, 3, 3, 3, 4 ),
 ( 4.026319518871335292E-15, 3.346688102113855870E-05, 6.101997884360823893E-05, 8.880801656075590735E-05, 0.0001132950656150090506, 0.0001385224882849493385, 0.0001645295473108699205 ),
 .UNSPECIFIED. ) ;
#3251 = AXIS2_PLACEMENT_3D ( 'NONE', #3378, #353, #300 ) ;
#3252 = VERTEX_POINT ( 'NONE', #5392 ) ;
#3253 = LINE ( 'NONE', #5424, #1236 ) ;
#3254 = DIRECTION ( 'NONE',  ( -0.000000000000000000, -1.000000000000000000, -0.000000000000000000 ) ) ;
#3255 = VERTEX_POINT ( 'NONE', #5024 ) ;
#3256 = AXIS2_PLACEMENT_3D ( 'NONE', #4434, #1741, #2274 ) ;
#3257 = LINE ( 'NONE', #2403, #4996 ) ;
#3258 = ORIENTED_EDGE ( 'NONE', *, *, #2111, .T. ) ;
#3259 = AXIS2_PLACEMENT_3D ( 'NONE', #5092, #3320, #4255 ) ;
#3260 = ORIENTED_EDGE ( 'NONE', *, *, #3729, .F. ) ;
#3261 = EDGE_CURVE ( 'NONE', #3094, #1819, #786, .T. ) ;
#3262 = CARTESIAN_POINT ( 'NONE',  ( 0.000000000000000000, 3.500000000000000000, 9.250000000000000000 ) ) ;
#3263 = DIRECTION ( 'NONE',  ( 0.000000000000000000, 0.000000000000000000, 1.000000000000000000 ) ) ;
#3264 = CARTESIAN_POINT ( 'NONE',  ( 2.777569991145556028, 0.09922960516582052248, -0.8364329147907419992 ) ) ;
#3265 = ORIENTED_EDGE ( 'NONE', *, *, #5123, .T. ) ;
#3266 = ORIENTED_EDGE ( 'NONE', *, *, #185, .T. ) ;
#3267 = VECTOR ( 'NONE', #3429, 1000.000000000000000 ) ;
#3268 = PLANE ( 'NONE',  #5329 ) ;
#3269 = ORIENTED_EDGE ( 'NONE', *, *, #3930, .F. ) ;
#3270 = CARTESIAN_POINT ( 'NONE',  ( -2.282841717206999910, 0.000000000000000000, -1.658581592255000237 ) ) ;
#3271 = CARTESIAN_POINT ( 'NONE',  ( -1.697652319122445741, 0.08046707882512313392, 2.375227457441217105 ) ) ;
#3272 = CARTESIAN_POINT ( 'NONE',  ( 2.176583360792848865, 0.1904932317056882984, -1.778860468605392597 ) ) ;
#3273 = DIRECTION ( 'NONE',  ( 0.000000000000000000, -2.644395542647523757E-17, -1.000000000000000000 ) ) ;
#3274 = EDGE_CURVE ( 'NONE', #1871, #1081, #676, .T. ) ;
#3275 = EDGE_CURVE ( 'NONE', #315, #116, #2859, .T. ) ;
#3276 = ORIENTED_EDGE ( 'NONE', *, *, #3931, .F. ) ;
#3277 = LINE ( 'NONE', #2796, #486 ) ;
#3278 = CARTESIAN_POINT ( 'NONE',  ( 1.823620929131924751, 0.000000000000000000, -1.922734174770921012 ) ) ;
#3279 = AXIS2_PLACEMENT_3D ( 'NONE', #4316, #1735, #4853 ) ;
#3280 = LINE ( 'NONE', #282, #4392 ) ;
#3281 = ORIENTED_EDGE ( 'NONE', *, *, #4527, .T. ) ;
#3282 = DIRECTION ( 'NONE',  ( 0.000000000000000000, -1.000000000000000000, 0.000000000000000000 ) ) ;
#3283 = CARTESIAN_POINT ( 'NONE',  ( -10.03914389319889544, 3.433338481316376978, -1.250000000000000000 ) ) ;
#3284 = EDGE_LOOP ( 'NONE', ( #1707, #2116, #2841, #2661, #3628, #2603, #190, #395, #3454, #4484, #4786, #1242, #4912, #5341, #2674, #4029, #511, #857, #52, #821, #922, #4746, #2660, #1529, #758, #2997, #2615, #1827, #518, #5140, #5196, #3892, #5384, #1883, #2186, #2595, #1046, #2936, #4883, #248, #491, #4657, #5008, #767, #1746, #2881, #4813, #10, #443, #2753, #3905, #2630, #296, #2786, #3281, #1251, #271, #725, #3769, #73, #1698, #153, #1923, #4696, #5298, #4637, #3912, #312, #411, #2048, #743, #1950, #5027, #554, #546, #3343, #3719, #2046, #4774, #3856, #681, #3105, #2516, #2602, #587 ) ) ;
#3285 = VECTOR ( 'NONE', #2560, 1000.000000000000000 ) ;
#3286 = DIRECTION ( 'NONE',  ( -0.000000000000000000, 1.000000000000000000, -0.000000000000000000 ) ) ;
#3287 = ORIENTED_EDGE ( 'NONE', *, *, #2988, .T. ) ;
#3288 = ORIENTED_EDGE ( 'NONE', *, *, #3478, .F. ) ;
#3289 = LINE ( 'NONE', #2459, #2779 ) ;
#3290 = CARTESIAN_POINT ( 'NONE',  ( 2.779284218311394383, 0.09605189444136005839, 0.8417478152946448189 ) ) ;
#3291 = DIRECTION ( 'NONE',  ( -0.000000000000000000, -1.000000000000000000, -0.000000000000000000 ) ) ;
#3292 = ORIENTED_EDGE ( 'NONE', *, *, #611, .T. ) ;
#3293 = ORIENTED_EDGE ( 'NONE', *, *, #1919, .F. ) ;
#3294 = ORIENTED_EDGE ( 'NONE', *, *, #3706, .F. ) ;
#3295 = CARTESIAN_POINT ( 'NONE',  ( 10.24695076595965837, 0.2000000000001812550, 0.2499999999999946987 ) ) ;
#3296 = CARTESIAN_POINT ( 'NONE',  ( -1.667164904802847847, 0.09214600728019212150, 2.382472669956207323 ) ) ;
#3297 = EDGE_CURVE ( 'NONE', #1305, #558, #1559, .T. ) ;
#3298 = CARTESIAN_POINT ( 'NONE',  ( 1.757062367556929017, 3.500000000000000000, -2.300206534973400885 ) ) ;
#3299 = CARTESIAN_POINT ( 'NONE',  ( 1.644664282155719137, 0.1054847958446691603, 2.381868524080617888 ) ) ;
#3300 = VERTEX_POINT ( 'NONE', #619 ) ;
#3301 = DIRECTION ( 'NONE',  ( 0.1391731009600952196, -0.000000000000000000, -0.9902680687415660321 ) ) ;
#3302 = DIRECTION ( 'NONE',  ( -0.000000000000000000, -1.000000000000000000, -0.000000000000000000 ) ) ;
#3303 = EDGE_CURVE ( 'NONE', #220, #1478, #3326, .T. ) ;
#3304 = LINE ( 'NONE', #2827, #592 ) ;
#3305 = VECTOR ( 'NONE', #3791, 1000.000000000000000 ) ;
#3306 = ORIENTED_EDGE ( 'NONE', *, *, #402, .F. ) ;
#3307 = AXIS2_PLACEMENT_3D ( 'NONE', #4737, #7, #1893 ) ;
#3308 = CARTESIAN_POINT ( 'NONE',  ( 1.644664282159000068, 0.000000000000000000, 2.381868524081000249 ) ) ;
#3309 = DIRECTION ( 'NONE',  ( -0.000000000000000000, -1.000000000000000000, -0.000000000000000000 ) ) ;
#3310 = ORIENTED_EDGE ( 'NONE', *, *, #4735, .F. ) ;
#3311 = VECTOR ( 'NONE', #217, 1000.000000000000000 ) ;
#3312 = EDGE_CURVE ( 'NONE', #3539, #2341, #3757, .T. ) ;
#3313 = EDGE_CURVE ( 'NONE', #3376, #2431, #3149, .T. ) ;
#3314 = CARTESIAN_POINT ( 'NONE',  ( -2.750000000000000000, 3.499999999917235982, 4.763139720814000277 ) ) ;
#3315 = VERTEX_POINT ( 'NONE', #705 ) ;
#3316 = ORIENTED_EDGE ( 'NONE', *, *, #2067, .T. ) ;
#3317 = AXIS2_PLACEMENT_3D ( 'NONE', #588, #3622, #2854 ) ;
#3318 = CARTESIAN_POINT ( 'NONE',  ( 5.500000000000000000, 3.499999999917235982, 0.000000000000000000 ) ) ;
#3319 = CARTESIAN_POINT ( 'NONE',  ( 2.776686433367190343, 0.1005945232467747030, 0.8346213528832153727 ) ) ;
#3320 = DIRECTION ( 'NONE',  ( -0.000000000000000000, -1.000000000000000000, -0.000000000000000000 ) ) ;
#3321 = ORIENTED_EDGE ( 'NONE', *, *, #601, .T. ) ;
#3322 = B_SPLINE_CURVE_WITH_KNOTS ( 'NONE', 3,
 ( #4864, #473, #1314, #3981 ),
 .UNSPECIFIED., .F., .F.,
 ( 4, 4 ),
 ( 2.322445328154144717E-16, 0.0004546461370075629660 ),
 .UNSPECIFIED. ) ;
#3323 = ORIENTED_EDGE ( 'NONE', *, *, #3689, .F. ) ;
#3324 = CIRCLE ( 'NONE', #4866, 0.09999999999999982514 ) ;
#3325 = CIRCLE ( 'NONE', #3777, 4.000000000000000000 ) ;
#3326 = CIRCLE ( 'NONE', #874, 4.000000000000000000 ) ;
#3327 = VERTEX_POINT ( 'NONE', #2803 ) ;
#3328 = DIRECTION ( 'NONE',  ( -0.8829475928589172185, -0.000000000000000000, -0.4694715627859091245 ) ) ;
#3329 = FACE_OUTER_BOUND ( 'NONE', #1405, .T. ) ;
#3330 = CARTESIAN_POINT ( 'NONE',  ( -2.051053647910339617, 0.2724669240243928758, 1.800994743867162295 ) ) ;
#3331 = DIRECTION ( 'NONE',  ( 1.000000000000000000, 0.000000000000000000, 0.000000000000000000 ) ) ;
#3332 = EDGE_CURVE ( 'NONE', #3548, #3401, #1784, .T. ) ;
#3333 = VERTEX_POINT ( 'NONE', #2400 ) ;
#3334 = CARTESIAN_POINT ( 'NONE',  ( 1.019195592088413260, 0.1904932317053138757, 2.619751903962845407 ) ) ;
#3335 = FACE_OUTER_BOUND ( 'NONE', #357, .T. ) ;
#3336 = DIRECTION ( 'NONE',  ( -0.9848077530122131273, -0.000000000000000000, 0.1736481776669022981 ) ) ;
#3337 = EDGE_CURVE ( 'NONE', #3255, #5001, #4534, .T. ) ;
#3338 = LINE ( 'NONE', #3839, #2412 ) ;
#3339 = CARTESIAN_POINT ( 'NONE',  ( 0.8417478152946448189, 0.09605189444136007226, -2.779284218311394383 ) ) ;
#3340 = VERTEX_POINT ( 'NONE', #3196 ) ;
#3341 = DIRECTION ( 'NONE',  ( -0.8829475928589172185, 0.000000000000000000, 0.4694715627859091245 ) ) ;
#3342 = ORIENTED_EDGE ( 'NONE', *, *, #3470, .F. ) ;
#3343 = ORIENTED_EDGE ( 'NONE', *, *, #1196, .T. ) ;
#3344 = EDGE_CURVE ( 'NONE', #1994, #4583, #227, .T. ) ;
#3345 = LINE ( 'NONE', #1961, #2420 ) ;
#3346 = CARTESIAN_POINT ( 'NONE',  ( 2.773520794012415358, 0.1054847958448499740, 0.8281308303550002359 ) ) ;
#3347 = FACE_OUTER_BOUND ( 'NONE', #3803, .T. ) ;
#3348 = CIRCLE ( 'NONE', #277, 0.09999999999999982514 ) ;
#3349 = VERTEX_POINT ( 'NONE', #4077 ) ;
#3350 = ORIENTED_EDGE ( 'NONE', *, *, #1231, .F. ) ;
#3351 = CIRCLE ( 'NONE', #9, 2.649999999999999911 ) ;
#3352 = ORIENTED_EDGE ( 'NONE', *, *, #1720, .T. ) ;
#3353 = DIRECTION ( 'NONE',  ( 0.000000000000000000, -0.000000000000000000, 1.000000000000000000 ) ) ;
#3354 = CARTESIAN_POINT ( 'NONE',  ( 1.690203675129273275, 0.08275907220401089448, -2.377710278252015197 ) ) ;
#3355 = DIRECTION ( 'NONE',  ( 0.000000000000000000, -1.000000000000000000, 0.000000000000000000 ) ) ;
#3356 = DIRECTION ( 'NONE',  ( 0.000000000000000000, 0.000000000000000000, 1.000000000000000000 ) ) ;
#3357 = AXIS2_PLACEMENT_3D ( 'NONE', #2159, #75, #3887 ) ;
#3358 = ORIENTED_EDGE ( 'NONE', *, *, #716, .T. ) ;
#3359 = LINE ( 'NONE', #4295, #4348 ) ;
#3360 = CARTESIAN_POINT ( 'NONE',  ( 0.9300472782231827829, 0.08227182555174124279, -2.765542884119327471 ) ) ;
#3361 = CARTESIAN_POINT ( 'NONE',  ( -0.8566968436278311616, 0.08836474067384202102, 2.782756383890704566 ) ) ;
#3362 = ADVANCED_FACE ( 'NONE', ( #204 ), #1534, .T. ) ;
#3363 = CARTESIAN_POINT ( 'NONE',  ( 2.328524103573094362, 3.500000000000000000, 1.265099007619640448 ) ) ;
#3364 = CARTESIAN_POINT ( 'NONE',  ( 2.730588545660036726, 0.1054847958445330053, 0.9602627043240629101 ) ) ;
#3365 = FACE_OUTER_BOUND ( 'NONE', #3398, .T. ) ;
#3366 = CARTESIAN_POINT ( 'NONE',  ( -9.971960689854268978, -8.843683214544888846E-14, 1.250000000000000000 ) ) ;
#3367 = EDGE_CURVE ( 'NONE', #5177, #461, #3649, .T. ) ;
#3368 = ORIENTED_EDGE ( 'NONE', *, *, #2710, .F. ) ;
#3369 = ORIENTED_EDGE ( 'NONE', *, *, #4735, .T. ) ;
#3370 = CARTESIAN_POINT ( 'NONE',  ( 0.8731212682128433045, 0.08227182555178737255, 2.784039265999588064 ) ) ;
#3371 = DIRECTION ( 'NONE',  ( 0.000000000000000000, -0.000000000000000000, 1.000000000000000000 ) ) ;
#3372 = CARTESIAN_POINT ( 'NONE',  ( 2.746795210637166473, 0.09352044089305222574, 0.9501699712825256716 ) ) ;
#3373 = FACE_BOUND ( 'NONE', #1590, .T. ) ;
#3374 = EDGE_CURVE ( 'NONE', #4906, #1643, #286, .T. ) ;
#3375 = ORIENTED_EDGE ( 'NONE', *, *, #5358, .T. ) ;
#3376 = VERTEX_POINT ( 'NONE', #4998 ) ;
#3377 = ORIENTED_EDGE ( 'NONE', *, *, #5428, .F. ) ;
#3378 = CARTESIAN_POINT ( 'NONE',  ( 0.000000000000000000, 0.000000000000000000, 0.000000000000000000 ) ) ;
#3379 = DIRECTION ( 'NONE',  ( 0.000000000000000000, -0.000000000000000000, 1.000000000000000000 ) ) ;
#3380 = EDGE_CURVE ( 'NONE', #230, #4267, #4375, .T. ) ;
#3381 = CARTESIAN_POINT ( 'NONE',  ( -2.750000000000000000, 2.999999999985902832, 4.763139720814000277 ) ) ;
#3382 = DIRECTION ( 'NONE',  ( 0.000000000000000000, 0.000000000000000000, 1.000000000000000000 ) ) ;
#3383 = VERTEX_POINT ( 'NONE', #5055 ) ;
#3384 = FACE_OUTER_BOUND ( 'NONE', #5481, .T. ) ;
#3385 = LINE ( 'NONE', #3893, #417 ) ;
#3386 = LINE ( 'NONE', #1235, #3485 ) ;
#3387 = FACE_BOUND ( 'NONE', #239, .T. ) ;
#3388 = EDGE_CURVE ( 'NONE', #1810, #882, #4621, .T. ) ;
#3389 = CARTESIAN_POINT ( 'NONE',  ( -2.381868524081078409, 3.500000000000000000, 1.644664282158995405 ) ) ;
#3390 = CARTESIAN_POINT ( 'NONE',  ( 1.757062367557231886, 0.1054847958448537210, -2.300206534969821970 ) ) ;
#3391 = ORIENTED_EDGE ( 'NONE', *, *, #1984, .T. ) ;
#3392 = EDGE_LOOP ( 'NONE', ( #4741, #1568, #3826, #4165 ) ) ;
#3393 = CARTESIAN_POINT ( 'NONE',  ( -2.383229370192973651, 0.09352044089297778529, 1.663708109181518235 ) ) ;
#3394 = VECTOR ( 'NONE', #532, 1000.000000000000000 ) ;
#3395 = DIRECTION ( 'NONE',  ( 1.000000000000000000, 0.000000000000000000, -0.000000000000000000 ) ) ;
#3396 = CARTESIAN_POINT ( 'NONE',  ( -0.02640560265430511033, 0.08168225694403483117, 2.918198278647536448 ) ) ;
#3397 = CYLINDRICAL_SURFACE ( 'NONE', #1544, 2.649999999999999911 ) ;
#3398 = EDGE_LOOP ( 'NONE', ( #5149, #594, #914, #5431 ) ) ;
#3399 = ORIENTED_EDGE ( 'NONE', *, *, #977, .F. ) ;
#3400 = ADVANCED_FACE ( 'NONE', ( #4674 ), #3816, .F. ) ;
#3401 = VERTEX_POINT ( 'NONE', #2537 ) ;
#3402 = DIRECTION ( 'NONE',  ( -0.000000000000000000, 1.000000000000000000, 0.000000000000000000 ) ) ;
#3403 = DIRECTION ( 'NONE',  ( 0.000000000000000000, 0.000000000000000000, -1.000000000000000000 ) ) ;
#3404 = CARTESIAN_POINT ( 'NONE',  ( -2.300206534966621863, 0.1054847958471714364, 1.757062367557603144 ) ) ;
#3405 = CYLINDRICAL_SURFACE ( 'NONE', #1424, 0.1000000000000000472 ) ;
#3406 = VECTOR ( 'NONE', #409, 1000.000000000000114 ) ;
#3407 = EDGE_CURVE ( 'NONE', #1478, #645, #2513, .T. ) ;
#3408 = EDGE_CURVE ( 'NONE', #2431, #4202, #4702, .T. ) ;
#3409 = VERTEX_POINT ( 'NONE', #755 ) ;
#3410 = CIRCLE ( 'NONE', #5061, 1.350000000000000089 ) ;
#3411 = CARTESIAN_POINT ( 'NONE',  ( -5.656854249492000442, 3.500000000000000000, 6.506854249492000086 ) ) ;
#3412 = CARTESIAN_POINT ( 'NONE',  ( -0.06946583705042837231, 0.1054847958468027730, -2.893681524369138280 ) ) ;
#3413 = CARTESIAN_POINT ( 'NONE',  ( 9.650000000000000355, 3.500000000000000000, -0.2500000000000000000 ) ) ;
#3414 = B_SPLINE_CURVE_WITH_KNOTS ( 'NONE', 3,
 ( #229, #4536, #651, #2715, #3198, #4882, #1931, #1420, #4050, #3652, #5394, #593, #2745, #1956, #1073, #5429, #1900, #5369, #4508 ),
 .UNSPECIFIED., .F., .F.,
 ( 4, 3, 3, 3, 3, 3, 4 ),
 ( 8.459599917373760497E-18, 3.346688102113916857E-05, 6.101997884360944510E-05, 8.880801656075775050E-05, 0.0001132950656150114629, 0.0001385224882849523200, 0.0001645295473148788935 ),
 .UNSPECIFIED. ) ;
#3415 = CARTESIAN_POINT ( 'NONE',  ( 1.198027038586576776, 4.303333921647183757, 1.320987582720116738 ) ) ;
#3416 = DIRECTION ( 'NONE',  ( 0.000000000000000000, 1.000000000000000000, -0.000000000000000000 ) ) ;
#3417 = VERTEX_POINT ( 'NONE', #2961 ) ;
#3418 = VERTEX_POINT ( 'NONE', #862 ) ;
#3419 = CARTESIAN_POINT ( 'NONE',  ( -2.380402131076156280, 0.08526593549474879852, 1.682087097481494764 ) ) ;
#3420 = LINE ( 'NONE', #4222, #3237 ) ;
#3421 = B_SPLINE_CURVE_WITH_KNOTS ( 'NONE', 3,
 ( #4753, #2065, #2514, #5532 ),
 .UNSPECIFIED., .F., .F.,
 ( 4, 4 ),
 ( 2.811128678021542103E-18, 0.0004546461370037962308 ),
 .UNSPECIFIED. ) ;
#3422 = CARTESIAN_POINT ( 'NONE',  ( -9.650000000000000355, 3.200000000000000178, -0.7500000000000000000 ) ) ;
#3423 = CARTESIAN_POINT ( 'NONE',  ( -0.6007391076327900370, 0.2724669240243852708, -2.662614440470878474 ) ) ;
#3424 = ORIENTED_EDGE ( 'NONE', *, *, #2150, .F. ) ;
#3425 = EDGE_CURVE ( 'NONE', #4021, #3661, #4274, .T. ) ;
#3426 = VERTEX_POINT ( 'NONE', #1210 ) ;
#3427 = ORIENTED_EDGE ( 'NONE', *, *, #304, .T. ) ;
#3428 = LINE ( 'NONE', #4769, #1563 ) ;
#3429 = DIRECTION ( 'NONE',  ( 0.000000000000000000, 1.000000000000000000, 0.000000000000000000 ) ) ;
#3430 = CARTESIAN_POINT ( 'NONE',  ( 3.673940397285569093E-16, 1.136868377216160297E-10, 2.999999999872215994 ) ) ;
#3431 = DIRECTION ( 'NONE',  ( 0.000000000000000000, -0.000000000000000000, 1.000000000000000000 ) ) ;
#3432 = AXIS2_PLACEMENT_3D ( 'NONE', #1977, #3700, #5444 ) ;
#3433 = EDGE_CURVE ( 'NONE', #1081, #793, #2141, .T. ) ;
#3434 = DIRECTION ( 'NONE',  ( 0.000000000000000000, 1.000000000000000000, 0.000000000000000000 ) ) ;
#3435 = ORIENTED_EDGE ( 'NONE', *, *, #2362, .F. ) ;
#3436 = DIRECTION ( 'NONE',  ( 0.000000000000000000, 0.000000000000000000, -1.000000000000000000 ) ) ;
#3437 = CARTESIAN_POINT ( 'NONE',  ( 10.04689006608636781, 3.499999999998789413, 0.2500000000000000000 ) ) ;
#3438 = CIRCLE ( 'NONE', #1638, 2.649999999999999911 ) ;
#3439 = CARTESIAN_POINT ( 'NONE',  ( -0.9559262352850901312, 0.09922960516569769018, 2.738744257748804589 ) ) ;
#3440 = ORIENTED_EDGE ( 'NONE', *, *, #2720, .T. ) ;
#3441 = ADVANCED_FACE ( 'NONE', ( #5555 ), #2144, .F. ) ;
#3442 = ADVANCED_FACE ( 'NONE', ( #3840 ), #5579, .F. ) ;
#3443 = AXIS2_PLACEMENT_3D ( 'NONE', #769, #2079, #3379 ) ;
#3444 = DIRECTION ( 'NONE',  ( 0.9902680687415660321, -0.000000000000000000, -0.1391731009600952196 ) ) ;
#3445 = DIRECTION ( 'NONE',  ( -0.000000000000000000, 1.000000000000000000, -0.000000000000000000 ) ) ;
#3446 = PLANE ( 'NONE',  #5490 ) ;
#3447 = EDGE_LOOP ( 'NONE', ( #2801, #5497, #4010, #1477 ) ) ;
#3448 = ORIENTED_EDGE ( 'NONE', *, *, #3153, .T. ) ;
#3449 = CARTESIAN_POINT ( 'NONE',  ( 2.300206534969821970, 0.1054847958448537210, 1.757062367557231886 ) ) ;
#3450 = DIRECTION ( 'NONE',  ( 0.000000000000000000, -1.000000000000000000, 0.000000000000000000 ) ) ;
#3451 = DIRECTION ( 'NONE',  ( 7.016609515630989335E-14, 0.000000000000000000, -1.000000000000000000 ) ) ;
#3452 = CARTESIAN_POINT ( 'NONE',  ( -2.750000000000000000, 3.499999999967964293, 5.513139720853108550 ) ) ;
#3453 = ORIENTED_EDGE ( 'NONE', *, *, #3477, .F. ) ;
#3454 = ORIENTED_EDGE ( 'NONE', *, *, #2969, .T. ) ;
#3455 = EDGE_LOOP ( 'NONE', ( #4059, #4399, #1475, #3265 ) ) ;
#3456 = EDGE_CURVE ( 'NONE', #1557, #1268, #1640, .T. ) ;
#3457 = DIRECTION ( 'NONE',  ( 0.000000000000000000, -1.000000000000000000, 0.000000000000000000 ) ) ;
#3458 = CARTESIAN_POINT ( 'NONE',  ( 0.000000000000000000, 0.3499999999999999778, 0.000000000000000000 ) ) ;
#3459 = CARTESIAN_POINT ( 'NONE',  ( 1.757062367557052251, 0.1054847958450244177, 2.300206534969744254 ) ) ;
#3460 = AXIS2_PLACEMENT_3D ( 'NONE', #5136, #808, #5106 ) ;
#3461 = DIRECTION ( 'NONE',  ( 0.000000000000000000, 0.000000000000000000, 1.000000000000000000 ) ) ;
#3462 = ORIENTED_EDGE ( 'NONE', *, *, #5256, .T. ) ;
#3463 = EDGE_CURVE ( 'NONE', #3548, #2717, #4920, .T. ) ;
#3464 = DIRECTION ( 'NONE',  ( -1.000000000000000000, 0.000000000000000000, -0.000000000000000000 ) ) ;
#3465 = LINE ( 'NONE', #916, #3394 ) ;
#3466 = CARTESIAN_POINT ( 'NONE',  ( 2.893681524371630509, 0.1054847958443624473, 0.06946583704828379613 ) ) ;
#3467 = ORIENTED_EDGE ( 'NONE', *, *, #477, .T. ) ;
#3468 = B_SPLINE_CURVE_WITH_KNOTS ( 'NONE', 3,
 ( #2097, #458, #347, #2543 ),
 .UNSPECIFIED., .F., .F.,
 ( 4, 4 ),
 ( 9.540956016945911747E-17, 0.0002832306823860347060 ),
 .UNSPECIFIED. ) ;
#3469 = DIRECTION ( 'NONE',  ( 0.000000000000000000, 0.000000000000000000, 1.000000000000000000 ) ) ;
#3470 = EDGE_CURVE ( 'NONE', #315, #4096, #2908, .T. ) ;
#3471 = DIRECTION ( 'NONE',  ( 0.000000000000000000, 0.000000000000000000, -1.000000000000000000 ) ) ;
#3472 = LINE ( 'NONE', #368, #2124 ) ;
#3473 = ORIENTED_EDGE ( 'NONE', *, *, #912, .T. ) ;
#3474 = VERTEX_POINT ( 'NONE', #3389 ) ;
#3475 = CARTESIAN_POINT ( 'NONE',  ( 1.757062367557000071, 0.000000000000000000, -2.300206534972999872 ) ) ;
#3476 = DIRECTION ( 'NONE',  ( 0.000000000000000000, 0.000000000000000000, 1.000000000000000000 ) ) ;
#3477 = EDGE_CURVE ( 'NONE', #1421, #4588, #3873, .T. ) ;
#3478 = EDGE_CURVE ( 'NONE', #2278, #1781, #5082, .T. ) ;
#3479 = CARTESIAN_POINT ( 'NONE',  ( -1.644664282159018498, 3.500000000000000000, 2.381868524080912319 ) ) ;
#3480 = CARTESIAN_POINT ( 'NONE',  ( -2.316616962889999964, 0.000000000000000000, 1.180375299322999894 ) ) ;
#3481 = CARTESIAN_POINT ( 'NONE',  ( 2.773520794013990098, 3.500000000000000000, -0.8281308303577803454 ) ) ;
#3482 = ORIENTED_EDGE ( 'NONE', *, *, #4571, .T. ) ;
#3483 = AXIS2_PLACEMENT_3D ( 'NONE', #4299, #4675, #2091 ) ;
#3484 = VERTEX_POINT ( 'NONE', #1293 ) ;
#3485 = VECTOR ( 'NONE', #3336, 999.9999999999998863 ) ;
#3486 = B_SPLINE_CURVE_WITH_KNOTS ( 'NONE', 3,
 ( #388, #1610, #3868, #2583 ),
 .UNSPECIFIED., .F., .F.,
 ( 4, 4 ),
 ( 1.807209002204058552E-16, 0.0004546461370038517419 ),
 .UNSPECIFIED. ) ;
#3487 = ORIENTED_EDGE ( 'NONE', *, *, #226, .T. ) ;
#3488 = DIRECTION ( 'NONE',  ( 0.000000000000000000, 0.000000000000000000, 1.000000000000000000 ) ) ;
#3489 = FACE_OUTER_BOUND ( 'NONE', #1933, .T. ) ;
#3490 = VECTOR ( 'NONE', #748, 999.9999999999998863 ) ;
#3491 = CARTESIAN_POINT ( 'NONE',  ( 2.070759876205155989E-27, 0.07825245564590278813, -2.921747544340000058 ) ) ;
#3492 = CARTESIAN_POINT ( 'NONE',  ( 1.757062367557052251, 0.1054847958450244177, 2.300206534969744254 ) ) ;
#3493 = ORIENTED_EDGE ( 'NONE', *, *, #1504, .F. ) ;
#3494 = CARTESIAN_POINT ( 'NONE',  ( -8.000000000000000000, 3.500000000000000000, 0.000000000000000000 ) ) ;
#3495 = DIRECTION ( 'NONE',  ( 0.000000000000000000, 0.000000000000000000, -1.000000000000000000 ) ) ;
#3496 = CARTESIAN_POINT ( 'NONE',  ( 2.917084816417500281, 0.08275907220390424368, -0.03017953864590856156 ) ) ;
#3497 = CYLINDRICAL_SURFACE ( 'NONE', #1967, 1.350000000000000089 ) ;
#3498 = VECTOR ( 'NONE', #648, 1000.000000000000000 ) ;
#3499 = VECTOR ( 'NONE', #4898, 1000.000000000000000 ) ;
#3500 = ORIENTED_EDGE ( 'NONE', *, *, #2066, .F. ) ;
#3501 = EDGE_CURVE ( 'NONE', #793, #5311, #4160, .T. ) ;
#3502 = AXIS2_PLACEMENT_3D ( 'NONE', #3318, #3682, #2016 ) ;
#3503 = CARTESIAN_POINT ( 'NONE',  ( 0.06946583704593255193, 3.500000000000000000, -2.893681524373969083 ) ) ;
#3504 = CARTESIAN_POINT ( 'NONE',  ( -0.9602627043256297679, 0.1054847958467931279, 2.730588545657089750 ) ) ;
#3505 = CARTESIAN_POINT ( 'NONE',  ( 2.201601247575085907, 4.742555448134878837, -0.9836733906992678467 ) ) ;
#3506 = EDGE_LOOP ( 'NONE', ( #3208, #122, #4688, #2442 ) ) ;
#3507 = EDGE_CURVE ( 'NONE', #4677, #1421, #3012, .T. ) ;
#3508 = VERTEX_POINT ( 'NONE', #3364 ) ;
#3509 = DIRECTION ( 'NONE',  ( 0.000000000000000000, 0.000000000000000000, -1.000000000000000000 ) ) ;
#3510 = FACE_OUTER_BOUND ( 'NONE', #4022, .T. ) ;
#3511 = DIRECTION ( 'NONE',  ( 0.000000000000000000, -1.000000000000000000, 0.000000000000000000 ) ) ;
#3512 = CARTESIAN_POINT ( 'NONE',  ( -2.381868524080912319, 3.500000000000000000, -1.644664282159018498 ) ) ;
#3513 = CARTESIAN_POINT ( 'NONE',  ( -10.02197585309203376, 3.500000000002031264, -0.7500000000000000000 ) ) ;
#3514 = ORIENTED_EDGE ( 'NONE', *, *, #3303, .F. ) ;
#3515 = ADVANCED_FACE ( 'NONE', ( #5531 ), #1570, .T. ) ;
#3516 = B_SPLINE_CURVE_WITH_KNOTS ( 'NONE', 3,
 ( #5213, #886, #4135, #2886, #1985, #707, #288, #1617, #2011, #3739 ),
 .UNSPECIFIED., .F., .F.,
 ( 4, 3, 3, 4 ),
 ( 8.227866095231818654E-05, 0.0001091827495124444991, 0.0001358791414788783542, 0.0001645611690564848201 ),
 .UNSPECIFIED. ) ;
#3517 = ADVANCED_FACE ( 'NONE', ( #4468 ), #1410, .F. ) ;
#3518 = VERTEX_POINT ( 'NONE', #5246 ) ;
#3519 = ORIENTED_EDGE ( 'NONE', *, *, #5463, .T. ) ;
#3520 = DIRECTION ( 'NONE',  ( -0.000000000000000000, 1.000000000000000000, 0.000000000000000000 ) ) ;
#3521 = B_SPLINE_CURVE_WITH_KNOTS ( 'NONE', 3,
 ( #4748, #3439, #1288, #4212, #4245, #5164, #1261, #2557, #4327, #1636, #5078, #333, #3008, #4646, #3361, #2063, #754, #3788, #5526 ),
 .UNSPECIFIED., .F., .F.,
 ( 4, 3, 3, 3, 3, 3, 4 ),
 ( 1.729630095099313222E-17, 3.346688102101143600E-05, 6.101997884343576269E-05, 8.880801656053520445E-05, 0.0001132950656147778715, 0.0001385224882847471348, 0.0001645295473142426837 ),
 .UNSPECIFIED. ) ;
#3522 = CARTESIAN_POINT ( 'NONE',  ( -1.728727728835396826, 0.07896029600171979024, -2.354578471096011150 ) ) ;
#3523 = DIRECTION ( 'NONE',  ( -0.000000000000000000, 1.000000000000000000, -0.000000000000000000 ) ) ;
#3524 = DIRECTION ( 'NONE',  ( 0.7193398003386733963, -0.000000000000000000, 0.6946583704589742725 ) ) ;
#3525 = EDGE_LOOP ( 'NONE', ( #1653, #3827, #5395, #1101, #802 ) ) ;
#3526 = DIRECTION ( 'NONE',  ( 0.000000000000000000, -1.000000000000000000, 0.000000000000000000 ) ) ;
#3527 = CARTESIAN_POINT ( 'NONE',  ( -0.9602627043225999692, 3.500000000000000000, 2.730588545663000577 ) ) ;
#3528 = CARTESIAN_POINT ( 'NONE',  ( 1.140209032233358011, 3.500000000000000000, -2.392158724418901983 ) ) ;
#3529 = DIRECTION ( 'NONE',  ( -0.000000000000000000, 1.000000000000000000, -0.000000000000000000 ) ) ;
#3530 = ORIENTED_EDGE ( 'NONE', *, *, #2988, .F. ) ;
#3531 = VECTOR ( 'NONE', #4144, 1000.000000000000000 ) ;
#3532 = CARTESIAN_POINT ( 'NONE',  ( 0.000000000000000000, 4.000000189808999629, 0.000000000000000000 ) ) ;
#3533 = AXIS2_PLACEMENT_3D ( 'NONE', #5057, #4219, #4650 ) ;
#3534 = DIRECTION ( 'NONE',  ( 1.000000000000000000, 0.000000000000000000, -0.000000000000000000 ) ) ;
#3535 = CARTESIAN_POINT ( 'NONE',  ( -2.738744257748804589, 0.09922960516569709344, -0.9559262352850901312 ) ) ;
#3536 = EDGE_CURVE ( 'NONE', #1244, #4685, #1934, .T. ) ;
#3537 = ORIENTED_EDGE ( 'NONE', *, *, #3313, .F. ) ;
#3538 = AXIS2_PLACEMENT_3D ( 'NONE', #4237, #381, #2104 ) ;
#3539 = VERTEX_POINT ( 'NONE', #4443 ) ;
#3540 = CARTESIAN_POINT ( 'NONE',  ( -3.580681656734000243E-07, 5.400000000000000355, 2.650000152447763657 ) ) ;
#3541 = DIRECTION ( 'NONE',  ( 0.000000000000000000, 1.000000000000000000, -0.000000000000000000 ) ) ;
#3542 = CARTESIAN_POINT ( 'NONE',  ( 0.000000000000000000, 0.000000000000000000, 0.000000000000000000 ) ) ;
#3543 = EDGE_CURVE ( 'NONE', #5089, #5476, #4642, .T. ) ;
#3544 = PLANE ( 'NONE',  #2258 ) ;
#3545 = ORIENTED_EDGE ( 'NONE', *, *, #3016, .F. ) ;
#3546 = VERTEX_POINT ( 'NONE', #505 ) ;
#3547 = VECTOR ( 'NONE', #4054, 1000.000000000000000 ) ;
#3548 = VERTEX_POINT ( 'NONE', #978 ) ;
#3549 = EDGE_CURVE ( 'NONE', #836, #3327, #5274, .T. ) ;
#3550 = CYLINDRICAL_SURFACE ( 'NONE', #5422, 2.649999999999999911 ) ;
#3551 = LINE ( 'NONE', #2663, #2902 ) ;
#3552 = DIRECTION ( 'NONE',  ( 0.000000000000000000, 0.000000000000000000, -1.000000000000000000 ) ) ;
#3553 = CARTESIAN_POINT ( 'NONE',  ( 2.316616962889999964, 3.500000000000000000, 1.180375299322999894 ) ) ;
#3554 = ORIENTED_EDGE ( 'NONE', *, *, #4320, .F. ) ;
#3555 = EDGE_CURVE ( 'NONE', #1897, #2341, #4281, .T. ) ;
#3556 = CARTESIAN_POINT ( 'NONE',  ( -2.718491949582067413, 0.1904932317071907355, 0.7153049792213409530 ) ) ;
#3557 = DIRECTION ( 'NONE',  ( -0.6946583704589742725, 0.000000000000000000, 0.7193398003386733963 ) ) ;
#3558 = DIRECTION ( 'NONE',  ( 0.000000000000000000, 0.000000000000000000, -1.000000000000000000 ) ) ;
#3559 = VERTEX_POINT ( 'NONE', #3043 ) ;
#3560 = FACE_OUTER_BOUND ( 'NONE', #1761, .T. ) ;
#3561 = CARTESIAN_POINT ( 'NONE',  ( -0.2514562686649933210, 0.2724669240229775635, 2.717935407437158890 ) ) ;
#3562 = FACE_OUTER_BOUND ( 'NONE', #2214, .T. ) ;
#3563 = ORIENTED_EDGE ( 'NONE', *, *, #1872, .F. ) ;
#3564 = VERTEX_POINT ( 'NONE', #5217 ) ;
#3565 = DIRECTION ( 'NONE',  ( -1.000000000000000000, -0.000000000000000000, 0.000000000000000000 ) ) ;
#3566 = LINE ( 'NONE', #5308, #2783 ) ;
#3567 = DIRECTION ( 'NONE',  ( 0.000000000000000000, 0.000000000000000000, 1.000000000000000000 ) ) ;
#3568 = EDGE_LOOP ( 'NONE', ( #4648, #4313, #4074, #3111, #5603, #4089, #448, #5427, #1171, #5120, #1357, #264, #2887, #3774, #1866, #1433, #1467, #4286, #378, #490, #3057, #4634, #3158, #3047, #3784, #5591, #314, #492, #1224, #1195, #759, #1085, #2718, #4999, #4044, #1103, #1587, #1351, #1162, #2350, #2238, #2927, #1160, #952, #4876, #4185 ) ) ;
#3569 = ORIENTED_EDGE ( 'NONE', *, *, #675, .T. ) ;
#3570 = ADVANCED_FACE ( 'NONE', ( #1441 ), #3161, .F. ) ;
#3571 = CARTESIAN_POINT ( 'NONE',  ( 0.000000000000000000, 0.000000000000000000, 8.000000000000000000 ) ) ;
#3572 = CARTESIAN_POINT ( 'NONE',  ( -1.750683869646621371, 0.09214600728035256261, -2.321792590102041753 ) ) ;
#3573 = CARTESIAN_POINT ( 'NONE',  ( 1.739035194422882791, 0.08275907220410066989, 2.342232102777993319 ) ) ;
#3574 = CIRCLE ( 'NONE', #2666, 0.09999999999999982514 ) ;
#3575 = EDGE_CURVE ( 'NONE', #5487, #577, #240, .T. ) ;
#3576 = CIRCLE ( 'NONE', #4565, 2.649999999999999911 ) ;
#3577 = CARTESIAN_POINT ( 'NONE',  ( 2.627422110970807800, 0.000000000000000000, 0.3451855309564749175 ) ) ;
#3578 = VERTEX_POINT ( 'NONE', #947 ) ;
#3579 = AXIS2_PLACEMENT_3D ( 'NONE', #5381, #2793, #3609 ) ;
#3580 = FACE_OUTER_BOUND ( 'NONE', #371, .T. ) ;
#3581 = LINE ( 'NONE', #885, #5404 ) ;
#3582 = CARTESIAN_POINT ( 'NONE',  ( 2.567989685546999912, 3.500000000000000000, 0.4067296091045999873 ) ) ;
#3583 = ORIENTED_EDGE ( 'NONE', *, *, #201, .T. ) ;
#3584 = ADVANCED_FACE ( 'NONE', ( #890 ), #4359, .F. ) ;
#3585 = EDGE_CURVE ( 'NONE', #2814, #5455, #3129, .T. ) ;
#3586 = PLANE ( 'NONE',  #2587 ) ;
#3587 = CARTESIAN_POINT ( 'NONE',  ( -0.3451855309589487164, 0.3499999999946633022, 2.627422110968943958 ) ) ;
#3588 = CARTESIAN_POINT ( 'NONE',  ( -5.656854249492000442, 3.500000000000000000, 6.506854249492000086 ) ) ;
#3589 = ORIENTED_EDGE ( 'NONE', *, *, #2184, .T. ) ;
#3590 = CIRCLE ( 'NONE', #600, 0.09999999999999982514 ) ;
#3591 = AXIS2_PLACEMENT_3D ( 'NONE', #800, #4206, #3862 ) ;
#3592 = ORIENTED_EDGE ( 'NONE', *, *, #3407, .T. ) ;
#3593 = VECTOR ( 'NONE', #1500, 1000.000000000000000 ) ;
#3594 = CARTESIAN_POINT ( 'NONE',  ( 0.3451855309561632779, 0.3499999999930091255, 2.627422110970790481 ) ) ;
#3595 = CARTESIAN_POINT ( 'NONE',  ( 1.265099007619640448, 0.3499999999927473904, -2.328524103573094362 ) ) ;
#3596 = CARTESIAN_POINT ( 'NONE',  ( -9.949999999999999289, 3.500000000000000000, -1.250000000000000000 ) ) ;
#3597 = ORIENTED_EDGE ( 'NONE', *, *, #87, .F. ) ;
#3598 = EDGE_LOOP ( 'NONE', ( #4973, #4209, #2359, #5067 ) ) ;
#3599 = CARTESIAN_POINT ( 'NONE',  ( -1.140209032234916764, 0.3499999999946719065, 2.392158724416434179 ) ) ;
#3600 = CARTESIAN_POINT ( 'NONE',  ( 2.783690457303078958, 0.08526593549494518309, -0.8641751830874689899 ) ) ;
#3601 = CARTESIAN_POINT ( 'NONE',  ( 1.780251858846891189, 4.910000676871403513, -1.962957293059103936 ) ) ;
#3602 = ORIENTED_EDGE ( 'NONE', *, *, #1652, .F. ) ;
#3603 = CYLINDRICAL_SURFACE ( 'NONE', #4873, 0.8500000000000000888 ) ;
#3604 = EDGE_LOOP ( 'NONE', ( #4844, #1123, #46, #3083 ) ) ;
#3605 = AXIS2_PLACEMENT_3D ( 'NONE', #4203, #323, #2078 ) ;
#3606 = CARTESIAN_POINT ( 'NONE',  ( -1.140209032233462150, 3.500000000000000000, -2.392158724418852689 ) ) ;
#3607 = CARTESIAN_POINT ( 'NONE',  ( -1.757062367557801652, 0.1054847958470750552, 2.300206534966591665 ) ) ;
#3608 = EDGE_CURVE ( 'NONE', #2040, #645, #560, .T. ) ;
#3609 = DIRECTION ( 'NONE',  ( 0.000000000000000000, 0.000000000000000000, 1.000000000000000000 ) ) ;
#3610 = CARTESIAN_POINT ( 'NONE',  ( 0.000000000000000000, 0.3499999999999999778, 0.000000000000000000 ) ) ;
#3611 = ORIENTED_EDGE ( 'NONE', *, *, #1706, .T. ) ;
#3612 = VERTEX_POINT ( 'NONE', #2281 ) ;
#3613 = LINE ( 'NONE', #4991, #4623 ) ;
#3614 = DIRECTION ( 'NONE',  ( 0.000000000000000000, 1.000000000000000000, 0.000000000000000000 ) ) ;
#3615 = ADVANCED_FACE ( 'NONE', ( #4012 ), #4902, .F. ) ;
#3616 = CARTESIAN_POINT ( 'NONE',  ( 9.949999999999999289, 3.200000000000000178, 0.2500000000000000000 ) ) ;
#3617 = EDGE_CURVE ( 'NONE', #4146, #1278, #2199, .T. ) ;
#3618 = ORIENTED_EDGE ( 'NONE', *, *, #4440, .F. ) ;
#3619 = CIRCLE ( 'NONE', #3432, 2.649999999999999911 ) ;
#3620 = ORIENTED_EDGE ( 'NONE', *, *, #1480, .F. ) ;
#3621 = AXIS2_PLACEMENT_3D ( 'NONE', #4167, #3792, #1642 ) ;
#3622 = DIRECTION ( 'NONE',  ( -0.9902680687415661431, 0.000000000000000000, -0.1391731009600952473 ) ) ;
#3623 = DIRECTION ( 'NONE',  ( -0.000000000000000000, -1.000000000000000000, -0.000000000000000000 ) ) ;
#3624 = DIRECTION ( 'NONE',  ( 0.000000000000000000, -1.000000000000000000, 0.000000000000000000 ) ) ;
#3625 = EDGE_CURVE ( 'NONE', #231, #1295, #4101, .T. ) ;
#3626 = CARTESIAN_POINT ( 'NONE',  ( 0.000000000000000000, 3.500000000000000000, 8.000000000000000000 ) ) ;
#3627 = ORIENTED_EDGE ( 'NONE', *, *, #3819, .T. ) ;
#3628 = ORIENTED_EDGE ( 'NONE', *, *, #5007, .T. ) ;
#3629 = CARTESIAN_POINT ( 'NONE',  ( -0.9602627043256297679, 0.1054847958467931279, 2.730588545657089750 ) ) ;
#3630 = DIRECTION ( 'NONE',  ( 0.000000000000000000, 1.000000000000000000, 0.000000000000000000 ) ) ;
#3631 = CYLINDRICAL_SURFACE ( 'NONE', #775, 2.649999999999999911 ) ;
#3632 = VERTEX_POINT ( 'NONE', #1320 ) ;
#3633 = CYLINDRICAL_SURFACE ( 'NONE', #3683, 2.649999999999999911 ) ;
#3634 = EDGE_LOOP ( 'NONE', ( #5121, #3369, #2800, #4294 ) ) ;
#3635 = CARTESIAN_POINT ( 'NONE',  ( 0.000000000000000000, 3.500000000000000000, 0.000000000000000000 ) ) ;
#3636 = CARTESIAN_POINT ( 'NONE',  ( 0.02112747121286063373, 0.08043333791867893212, -2.919490216495766788 ) ) ;
#3637 = CARTESIAN_POINT ( 'NONE',  ( -1.922734174767920301, 0.3499999999946683538, -1.823620929132848678 ) ) ;
#3638 = LINE ( 'NONE', #5382, #4957 ) ;
#3639 = EDGE_CURVE ( 'NONE', #3632, #5437, #971, .T. ) ;
#3640 = ORIENTED_EDGE ( 'NONE', *, *, #5036, .T. ) ;
#3641 = CARTESIAN_POINT ( 'NONE',  ( 0.9069178573608528415, 3.500000000000000000, -1.000000000000000000 ) ) ;
#3642 = CARTESIAN_POINT ( 'NONE',  ( 2.383229370192974095, 0.09352044089297814611, -1.663708109181518235 ) ) ;
#3643 = CARTESIAN_POINT ( 'NONE',  ( -2.776560634863871169, 0.07845275834218989885, 0.9089275692156799646 ) ) ;
#3644 = VECTOR ( 'NONE', #3301, 1000.000000000000114 ) ;
#3645 = VERTEX_POINT ( 'NONE', #3504 ) ;
#3646 = EDGE_LOOP ( 'NONE', ( #3022, #652 ) ) ;
#3647 =( NAMED_UNIT ( * ) SI_UNIT ( $, .STERADIAN. ) SOLID_ANGLE_UNIT ( ) );
#3648 = LINE ( 'NONE', #5052, #1423 ) ;
#3649 = LINE ( 'NONE', #3676, #5109 ) ;
#3650 = ORIENTED_EDGE ( 'NONE', *, *, #3206, .T. ) ;
#3651 = B_SPLINE_CURVE_WITH_KNOTS ( 'NONE', 3,
 ( #2939, #1671, #3393, #839, #3419, #4280, #396, #2203, #4909, #1389, #2743, #1898, #3107, #4365, #2232, #954, #4449, #513, #2713 ),
 .UNSPECIFIED., .F., .F.,
 ( 4, 3, 3, 3, 3, 3, 4 ),
 ( 1.345471116128107958E-17, 3.346688102113953449E-05, 6.101997884361465605E-05, 8.880801656076764384E-05, 0.0001132950656150277801, 0.0001385224882849780969, 0.0001645295473155604501 ),
 .UNSPECIFIED. ) ;
#3652 = CARTESIAN_POINT ( 'NONE',  ( -2.921540150219883003, 0.07845275834175677310, 0.006437065457364271083 ) ) ;
#3653 = ORIENTED_EDGE ( 'NONE', *, *, #5165, .F. ) ;
#3654 = EDGE_LOOP ( 'NONE', ( #2999, #3448 ) ) ;
#3655 = EDGE_CURVE ( 'NONE', #2954, #2547, #2380, .T. ) ;
#3656 = B_SPLINE_CURVE_WITH_KNOTS ( 'NONE', 3,
 ( #1917, #1061, #5442, #246 ),
 .UNSPECIFIED., .F., .F.,
 ( 4, 4 ),
 ( 1.469645017533314028E-15, 0.0002828856370210852136 ),
 .UNSPECIFIED. ) ;
#3657 = LINE ( 'NONE', #2809, #3232 ) ;
#3658 = DIRECTION ( 'NONE',  ( 0.000000000000000000, 0.000000000000000000, 1.000000000000000000 ) ) ;
#3659 = CARTESIAN_POINT ( 'NONE',  ( 2.769553247033945009, 0.08046707882544600066, -0.9237443818753822145 ) ) ;
#3660 = CARTESIAN_POINT ( 'NONE',  ( 0.000000000000000000, 0.000000000000000000, 0.000000000000000000 ) ) ;
#3661 = VERTEX_POINT ( 'NONE', #2338 ) ;
#3662 = CARTESIAN_POINT ( 'NONE',  ( -10.02197585309305339, -1.014759023337807875E-12, -0.7500000000000000000 ) ) ;
#3663 = CARTESIAN_POINT ( 'NONE',  ( 0.03832821929023864232, 0.08526593549456452925, -2.914491766458217725 ) ) ;
#3664 = CARTESIAN_POINT ( 'NONE',  ( 1.823620929131928525, 3.500000000000000000, 1.922734174770948767 ) ) ;
#3665 = CARTESIAN_POINT ( 'NONE',  ( 0.8281308303577803454, 3.500000000000000000, 2.773520794013990098 ) ) ;
#3666 = VECTOR ( 'NONE', #1332, 1000.000000000000000 ) ;
#3667 = ORIENTED_EDGE ( 'NONE', *, *, #4067, .F. ) ;
#3668 = DIRECTION ( 'NONE',  ( -0.000000000000000000, -1.000000000000000000, -0.000000000000000000 ) ) ;
#3669 = CYLINDRICAL_SURFACE ( 'NONE', #2212, 2.649999999999999911 ) ;
#3670 = DIRECTION ( 'NONE',  ( 0.000000000000000000, 1.000000000000000000, 0.000000000000000000 ) ) ;
#3672 = ADVANCED_FACE ( 'NONE', ( #2004 ), #2367, .F. ) ;
#3671 = VECTOR ( 'NONE', #4094, 1000.000000000000000 ) ;
#3673 = ORIENTED_EDGE ( 'NONE', *, *, #358, .T. ) ;
#3674 = FACE_OUTER_BOUND ( 'NONE', #4200, .T. ) ;
#3675 = CARTESIAN_POINT ( 'NONE',  ( 2.392158724418969928, 0.3499999999927336236, -1.140209032233722608 ) ) ;
#3676 = CARTESIAN_POINT ( 'NONE',  ( -0.06946583704547877602, 0.000000000000000000, -2.893681524373564073 ) ) ;
#3677 = ORIENTED_EDGE ( 'NONE', *, *, #3010, .T. ) ;
#3678 = DIRECTION ( 'NONE',  ( -0.4694715627859091245, 0.000000000000000000, -0.8829475928589172185 ) ) ;
#3679 = EDGE_CURVE ( 'NONE', #793, #1105, #3277, .T. ) ;
#3680 = EDGE_LOOP ( 'NONE', ( #5244, #3906 ) ) ;
#3681 = VERTEX_POINT ( 'NONE', #5473 ) ;
#3682 = DIRECTION ( 'NONE',  ( 0.000000000000000000, 1.000000000000000000, -0.000000000000000000 ) ) ;
#3683 = AXIS2_PLACEMENT_3D ( 'NONE', #3660, #1459, #1939 ) ;
#3684 = AXIS2_PLACEMENT_3D ( 'NONE', #316, #233, #3714 ) ;
#3685 = AXIS2_PLACEMENT_3D ( 'NONE', #1762, #2662, #1821 ) ;
#3686 = DIRECTION ( 'NONE',  ( 0.000000000000000000, 1.000000000000000000, -0.000000000000000000 ) ) ;
#3687 = LINE ( 'NONE', #1991, #5530 ) ;
#3688 = VECTOR ( 'NONE', #2272, 1000.000000000000000 ) ;
#3689 = EDGE_CURVE ( 'NONE', #3474, #3075, #1119, .T. ) ;
#3690 = EDGE_CURVE ( 'NONE', #3539, #2690, #4649, .T. ) ;
#3691 = B_SPLINE_CURVE_WITH_KNOTS ( 'NONE', 3,
 ( #2296, #2782, #1510, #4568, #4025, #4085, #156, #685, #4514, #1108 ),
 .UNSPECIFIED., .F., .F.,
 ( 4, 3, 3, 4 ),
 ( 1.623406370168721366E-10, 3.346697437679088243E-05, 6.102010711397935674E-05, 8.227898840391508427E-05 ),
 .UNSPECIFIED. ) ;
#3692 = VERTEX_POINT ( 'NONE', #1033 ) ;
#3693 = CARTESIAN_POINT ( 'NONE',  ( 2.730588545663000577, 3.500000000000000000, 0.9602627043225999692 ) ) ;
#3694 = ORIENTED_EDGE ( 'NONE', *, *, #3261, .T. ) ;
#3695 = CYLINDRICAL_SURFACE ( 'NONE', #1805, 0.8500000000000000888 ) ;
#3696 = CARTESIAN_POINT ( 'NONE',  ( -1.739127274282414648, 0.08227182555170482747, 2.342787166492216411 ) ) ;
#3697 = CARTESIAN_POINT ( 'NONE',  ( -0.8719679450361985662, 0.08298311935842939135, -2.783641389384611919 ) ) ;
#3698 = CARTESIAN_POINT ( 'NONE',  ( 1.922734174767848803, 0.3499999999946719620, 1.823620929132663715 ) ) ;
#3699 = ORIENTED_EDGE ( 'NONE', *, *, #3425, .F. ) ;
#3700 = DIRECTION ( 'NONE',  ( 0.000000000000000000, -1.000000000000000000, 0.000000000000000000 ) ) ;
#3701 = CARTESIAN_POINT ( 'NONE',  ( 2.300206534969744254, 0.1054847958450244177, -1.757062367557052251 ) ) ;
#3702 = CARTESIAN_POINT ( 'NONE',  ( -2.754850976142992458, 0.08836474067378985442, 0.9425808576513038384 ) ) ;
#3703 = ORIENTED_EDGE ( 'NONE', *, *, #1082, .F. ) ;
#3704 = APPLICATION_PROTOCOL_DEFINITION ( 'draft international standard', 'automotive_design', 1998, #4115 ) ;
#3705 = DIRECTION ( 'NONE',  ( 0.000000000000000000, 0.000000000000000000, -1.000000000000000000 ) ) ;
#3706 = EDGE_CURVE ( 'NONE', #5511, #741, #4127, .T. ) ;
#3707 = DIRECTION ( 'NONE',  ( 0.000000000000000000, 0.000000000000000000, -1.000000000000000000 ) ) ;
#3708 = ORIENTED_EDGE ( 'NONE', *, *, #4571, .F. ) ;
#3709 = CIRCLE ( 'NONE', #548, 0.8500000000000000888 ) ;
#3710 = CARTESIAN_POINT ( 'NONE',  ( 0.06946593480190070558, 0.1054848878711606985, 2.893681429971638686 ) ) ;
#3711 = ORIENTED_EDGE ( 'NONE', *, *, #977, .T. ) ;
#3712 = ORIENTED_EDGE ( 'NONE', *, *, #1020, .T. ) ;
#3713 = CONICAL_SURFACE ( 'NONE', #1725, 10.24999999999976730, 0.7853981633972986209 ) ;
#3714 = DIRECTION ( 'NONE',  ( 0.9848077530122131273, 0.000000000000000000, -0.1736481776669022981 ) ) ;
#3715 = EDGE_CURVE ( 'NONE', #2092, #1626, #1579, .T. ) ;
#3716 = VECTOR ( 'NONE', #447, 1000.000000000000000 ) ;
#3717 = CARTESIAN_POINT ( 'NONE',  ( 2.782556611950619541, 0.07896029600198305187, 0.8887733334667321516 ) ) ;
#3718 = CARTESIAN_POINT ( 'NONE',  ( 0.000000000000000000, 0.000000000000000000, 8.000000000000000000 ) ) ;
#3719 = ORIENTED_EDGE ( 'NONE', *, *, #1428, .T. ) ;
#3720 = VERTEX_POINT ( 'NONE', #3641 ) ;
#3721 = AXIS2_PLACEMENT_3D ( 'NONE', #634, #2332, #3209 ) ;
#3722 = ADVANCED_FACE ( 'NONE', ( #1152 ), #4958, .T. ) ;
#3723 = B_SPLINE_CURVE_WITH_KNOTS ( 'NONE', 3,
 ( #2699, #2643, #3068, #3156 ),
 .UNSPECIFIED., .F., .F.,
 ( 4, 4 ),
 ( 2.305879653647652272E-16, 0.0004546461370071309114 ),
 .UNSPECIFIED. ) ;
#3724 = ORIENTED_EDGE ( 'NONE', *, *, #2778, .T. ) ;
#3725 = FACE_BOUND ( 'NONE', #4341, .T. ) ;
#3726 = CARTESIAN_POINT ( 'NONE',  ( -1.727093033152975687, 0.07858527843852616823, 2.356245344793518104 ) ) ;
#3727 = CARTESIAN_POINT ( 'NONE',  ( 10.24695076595976140, 0.2000000000007069734, -0.2499999999999951705 ) ) ;
#3728 = CARTESIAN_POINT ( 'NONE',  ( 2.730588545662842481, 3.500000000000000000, 0.9602627043226839021 ) ) ;
#3729 = EDGE_CURVE ( 'NONE', #3794, #1340, #278, .T. ) ;
#3730 = EDGE_CURVE ( 'NONE', #4904, #999, #1065, .T. ) ;
#3731 = ORIENTED_EDGE ( 'NONE', *, *, #2910, .F. ) ;
#3732 = CARTESIAN_POINT ( 'NONE',  ( 0.000000000000000000, 5.400000000000000355, 0.000000000000000000 ) ) ;
#3733 = CARTESIAN_POINT ( 'NONE',  ( 0.000000000000000000, 0.000000000000000000, 0.000000000000000000 ) ) ;
#3734 = CARTESIAN_POINT ( 'NONE',  ( -9.650000000000000355, 3.500000000000000000, -1.250000000000000000 ) ) ;
#3735 = EDGE_LOOP ( 'NONE', ( #2378, #1127, #539, #1109 ) ) ;
#3736 = DIRECTION ( 'NONE',  ( 0.000000000000000000, 1.000000000000000000, 0.000000000000000000 ) ) ;
#3737 = CARTESIAN_POINT ( 'NONE',  ( -2.627422110970807800, 0.000000000000000000, 0.3451855309564755836 ) ) ;
#3738 = VERTEX_POINT ( 'NONE', #613 ) ;
#3739 = CARTESIAN_POINT ( 'NONE',  ( -0.06946583705042837231, 0.1054847958468027730, -2.893681524369138280 ) ) ;
#3740 = VERTEX_POINT ( 'NONE', #3247 ) ;
#3741 = ORIENTED_EDGE ( 'NONE', *, *, #3507, .F. ) ;
#3742 = LINE ( 'NONE', #2408, #1243 ) ;
#3743 = CARTESIAN_POINT ( 'NONE',  ( 2.754036981518687810, 0.08899429837544671484, 0.9429923113345182184 ) ) ;
#3744 = CARTESIAN_POINT ( 'NONE',  ( -0.4067296091045999873, 0.000000000000000000, -2.567989685546999912 ) ) ;
#3745 = VERTEX_POINT ( 'NONE', #4068 ) ;
#3746 = ADVANCED_FACE ( 'NONE', ( #197 ), #2824, .F. ) ;
#3747 = ORIENTED_EDGE ( 'NONE', *, *, #1196, .F. ) ;
#3748 = EDGE_LOOP ( 'NONE', ( #3563, #4517, #4614, #1093 ) ) ;
#3749 = DIRECTION ( 'NONE',  ( 0.000000000000000000, 1.000000000000000000, 0.000000000000000000 ) ) ;
#3750 = CARTESIAN_POINT ( 'NONE',  ( 1.667164904802847403, 0.09214600728019249620, -2.382472669956207323 ) ) ;
#3751 = CARTESIAN_POINT ( 'NONE',  ( 1.922734174770948767, 0.3499999999929288563, -1.823620929131928525 ) ) ;
#3752 = DIRECTION ( 'NONE',  ( 2.115516434117844840E-17, 1.000000000000000000, -0.000000000000000000 ) ) ;
#3753 = EDGE_CURVE ( 'NONE', #1626, #719, #3613, .T. ) ;
#3754 = ORIENTED_EDGE ( 'NONE', *, *, #1201, .F. ) ;
#3755 = CARTESIAN_POINT ( 'NONE',  ( 2.662614440469723842, 0.2724669240258071889, 0.6007391076311574540 ) ) ;
#3756 = DIRECTION ( 'NONE',  ( 0.000000000000000000, -1.000000000000000000, 0.000000000000000000 ) ) ;
#3757 = B_SPLINE_CURVE_WITH_KNOTS ( 'NONE', 3,
 ( #4164, #2374, #3283, #1982 ),
 .UNSPECIFIED., .F., .F.,
 ( 4, 4 ),
 ( 4.136835867732639065E-16, 0.0002839296884158512189 ),
 .UNSPECIFIED. ) ;
#3758 = PLANE ( 'NONE',  #3214 ) ;
#3759 = EDGE_CURVE ( 'NONE', #828, #182, #3797, .T. ) ;
#3760 = AXIS2_PLACEMENT_3D ( 'NONE', #4812, #4903, #891 ) ;
#3761 = EDGE_CURVE ( 'NONE', #5511, #3064, #1492, .T. ) ;
#3762 = VECTOR ( 'NONE', #253, 1000.000000000000114 ) ;
#3763 = CARTESIAN_POINT ( 'NONE',  ( -9.650000000000000355, 3.500000000000000000, 0.000000000000000000 ) ) ;
#3764 = CARTESIAN_POINT ( 'NONE',  ( 1.653818378822477175, 0.09947684098924979013, -2.382841717206996890 ) ) ;
#3765 = ORIENTED_EDGE ( 'NONE', *, *, #5528, .T. ) ;
#3766 = CIRCLE ( 'NONE', #2861, 0.7500000000391082722 ) ;
#3767 = DIRECTION ( 'NONE',  ( 0.000000000000000000, 0.000000000000000000, 1.000000000000000000 ) ) ;
#3768 = ORIENTED_EDGE ( 'NONE', *, *, #1711, .F. ) ;
#3769 = ORIENTED_EDGE ( 'NONE', *, *, #858, .T. ) ;
#3770 = LINE ( 'NONE', #292, #4689 ) ;
#3771 = AXIS2_PLACEMENT_3D ( 'NONE', #1256, #2471, #1229 ) ;
#3772 = CARTESIAN_POINT ( 'NONE',  ( -2.730588545662906430, 3.500000000000000000, 0.9602627043228042503 ) ) ;
#3773 = DIRECTION ( 'NONE',  ( -0.000000000000000000, 1.000000000000000000, 0.000000000000000000 ) ) ;
#3774 = ORIENTED_EDGE ( 'NONE', *, *, #2703, .T. ) ;
#3775 = ORIENTED_EDGE ( 'NONE', *, *, #1850, .F. ) ;
#3776 = VECTOR ( 'NONE', #5192, 1000.000000000000000 ) ;
#3777 = AXIS2_PLACEMENT_3D ( 'NONE', #2081, #3808, #2978 ) ;
#3778 = AXIS2_PLACEMENT_3D ( 'NONE', #439, #3457, #3113 ) ;
#3779 = ORIENTED_EDGE ( 'NONE', *, *, #2491, .T. ) ;
#3780 = FACE_BOUND ( 'NONE', #5464, .T. ) ;
#3781 = CARTESIAN_POINT ( 'NONE',  ( 1.727093033152975465, 0.07858527843852612660, -2.356245344793518104 ) ) ;
#3782 = DIRECTION ( 'NONE',  ( 0.000000000000000000, 0.000000000000000000, 1.000000000000000000 ) ) ;
#3783 = CARTESIAN_POINT ( 'NONE',  ( -2.282841717206999910, 0.000000000000000000, 1.658581592255000237 ) ) ;
#3784 = ORIENTED_EDGE ( 'NONE', *, *, #1928, .T. ) ;
#3785 = EDGE_CURVE ( 'NONE', #4850, #2489, #2393, .T. ) ;
#3786 = CARTESIAN_POINT ( 'NONE',  ( 0.000000000000000000, 1.136868377216160297E-10, 0.000000000000000000 ) ) ;
#3787 = CARTESIAN_POINT ( 'NONE',  ( 0.000000000000000000, 0.000000000000000000, 0.000000000000000000 ) ) ;
#3788 = CARTESIAN_POINT ( 'NONE',  ( -0.8346213528832151507, 0.1005945232467748002, 2.776686433367190343 ) ) ;
#3789 = EDGE_CURVE ( 'NONE', #3738, #207, #3619, .T. ) ;
#3790 = DIRECTION ( 'NONE',  ( 0.000000000000000000, -1.000000000000000000, -0.000000000000000000 ) ) ;
#3791 = DIRECTION ( 'NONE',  ( -0.000000000000000000, -1.000000000000000000, 0.000000000000000000 ) ) ;
#3792 = DIRECTION ( 'NONE',  ( 0.000000000000000000, -1.000000000000000000, 0.000000000000000000 ) ) ;
#3793 = ORIENTED_EDGE ( 'NONE', *, *, #2788, .F. ) ;
#3794 = VERTEX_POINT ( 'NONE', #1554 ) ;
#3795 = CARTESIAN_POINT ( 'NONE',  ( 2.327844167623776883, 0.08899429837553762823, 1.747883212937300978 ) ) ;
#3796 = EDGE_CURVE ( 'NONE', #2853, #4004, #3709, .T. ) ;
#3797 = CIRCLE ( 'NONE', #2171, 0.2500000000509317033 ) ;
#3798 = LINE ( 'NONE', #1245, #4967 ) ;
#3799 = CARTESIAN_POINT ( 'NONE',  ( 2.760002315053632138, 0.08526593549488341306, 0.9370797885150612405 ) ) ;
#3800 = FACE_OUTER_BOUND ( 'NONE', #2943, .T. ) ;
#3801 = CIRCLE ( 'NONE', #4256, 0.1000000000000000472 ) ;
#3802 = VERTEX_POINT ( 'NONE', #1233 ) ;
#3803 = EDGE_LOOP ( 'NONE', ( #2164, #3288, #903, #2823 ) ) ;
#3804 = ORIENTED_EDGE ( 'NONE', *, *, #3062, .F. ) ;
#3805 = DIRECTION ( 'NONE',  ( 0.000000000000000000, 0.000000000000000000, -1.000000000000000000 ) ) ;
#3806 = CYLINDRICAL_SURFACE ( 'NONE', #1094, 1.250000000000000222 ) ;
#3807 = DIRECTION ( 'NONE',  ( 0.000000000000000000, 0.000000000000000000, 1.000000000000000000 ) ) ;
#3808 = DIRECTION ( 'NONE',  ( -0.000000000000000000, -1.000000000000000000, -0.000000000000000000 ) ) ;
#3809 = CIRCLE ( 'NONE', #2815, 2.649999999999999911 ) ;
#3810 = ORIENTED_EDGE ( 'NONE', *, *, #1263, .F. ) ;
#3811 = CARTESIAN_POINT ( 'NONE',  ( 2.085665361460999900, 12.43944327003000083, -0.6999999999999999556 ) ) ;
#3812 = CARTESIAN_POINT ( 'NONE',  ( 0.9370797885150612405, 0.08526593549488341306, -2.760002315053632138 ) ) ;
#3813 = DIRECTION ( 'NONE',  ( 0.000000000000000000, -1.000000000000000000, 0.000000000000000000 ) ) ;
#3814 = ADVANCED_FACE ( 'NONE', ( #1286 ), #3836, .F. ) ;
#3815 = CYLINDRICAL_SURFACE ( 'NONE', #781, 0.09999999999999982514 ) ;
#3816 = CYLINDRICAL_SURFACE ( 'NONE', #3460, 0.09999999999999982514 ) ;
#3817 = CARTESIAN_POINT ( 'NONE',  ( 5.500000000000000000, 2.999999999985902832, 0.2500000000509317033 ) ) ;
#3818 = ORIENTED_EDGE ( 'NONE', *, *, #1945, .F. ) ;
#3819 = EDGE_CURVE ( 'NONE', #1221, #1572, #3212, .T. ) ;
#3820 = ORIENTED_EDGE ( 'NONE', *, *, #2572, .T. ) ;
#3821 = CARTESIAN_POINT ( 'NONE',  ( -9.971960689855581705, 3.499999999998789857, 1.250000000000000000 ) ) ;
#3822 = DIRECTION ( 'NONE',  ( -0.000000000000000000, -1.000000000000000000, -0.000000000000000000 ) ) ;
#3823 = B_SPLINE_CURVE_WITH_KNOTS ( 'NONE', 3,
 ( #2188, #4771, #186, #5346, #4945, #599, #574, #4458, #158, #2724, #1483, #1025, #2297, #4056, #2784, #2355, #1908, #1456, #3205 ),
 .UNSPECIFIED., .F., .F.,
 ( 4, 3, 3, 3, 3, 3, 4 ),
 ( 5.562236014788951519E-17, 3.346688102133120110E-05, 6.101997884387450543E-05, 8.880801656110090048E-05, 0.0001132950656153765273, 0.0001385224882852826222, 0.0001645295473155183018 ),
 .UNSPECIFIED. ) ;
#3824 = CARTESIAN_POINT ( 'NONE',  ( 2.783699980135475371, 0.08512501714695581978, 0.8646216961392033662 ) ) ;
#3825 = DIRECTION ( 'NONE',  ( 0.000000000000000000, -0.000000000000000000, 1.000000000000000000 ) ) ;
#3826 = ORIENTED_EDGE ( 'NONE', *, *, #5286, .F. ) ;
#3827 = ORIENTED_EDGE ( 'NONE', *, *, #1711, .T. ) ;
#3828 = B_SPLINE_CURVE_WITH_KNOTS ( 'NONE', 3,
 ( #5295, #1829, #4462, #1347 ),
 .UNSPECIFIED., .F., .F.,
 ( 4, 4 ),
 ( 2.776912483567713316E-18, 0.0002832306823874304537 ),
 .UNSPECIFIED. ) ;
#3829 = ORIENTED_EDGE ( 'NONE', *, *, #1057, .F. ) ;
#3830 = CARTESIAN_POINT ( 'NONE',  ( -0.9602627043227202064, 0.000000000000000000, -2.730588545663064082 ) ) ;
#3831 = CARTESIAN_POINT ( 'NONE',  ( 0.000000000000000000, 3.500000000000000000, 0.000000000000000000 ) ) ;
#3832 = DIRECTION ( 'NONE',  ( 0.000000000000000000, 0.000000000000000000, -1.000000000000000000 ) ) ;
#3833 = DIRECTION ( 'NONE',  ( 0.000000000000000000, 0.000000000000000000, -1.000000000000000000 ) ) ;
#3834 = VECTOR ( 'NONE', #854, 1000.000000000000000 ) ;
#3835 = ORIENTED_EDGE ( 'NONE', *, *, #5333, .T. ) ;
#3836 = PLANE ( 'NONE',  #4433 ) ;
#3837 = DIRECTION ( 'NONE',  ( 0.000000000000000000, 0.000000000000000000, 1.000000000000000000 ) ) ;
#3838 = CYLINDRICAL_SURFACE ( 'NONE', #5220, 0.1000000000000000472 ) ;
#3839 = CARTESIAN_POINT ( 'NONE',  ( 0.9069178295141999691, 5.400000000000000355, 1.000000000000000000 ) ) ;
#3840 = FACE_OUTER_BOUND ( 'NONE', #3112, .T. ) ;
#3841 = DIRECTION ( 'NONE',  ( -0.000000000000000000, -1.000000000000000000, -0.000000000000000000 ) ) ;
#3842 = EDGE_CURVE ( 'NONE', #1643, #3632, #991, .T. ) ;
#3843 = AXIS2_PLACEMENT_3D ( 'NONE', #4436, #1802, #581 ) ;
#3844 = EDGE_LOOP ( 'NONE', ( #958, #330, #1303, #5128 ) ) ;
#3845 = EDGE_LOOP ( 'NONE', ( #3221, #700, #3076, #4507 ) ) ;
#3846 = VECTOR ( 'NONE', #531, 1000.000000000000000 ) ;
#3847 = CARTESIAN_POINT ( 'NONE',  ( 2.349498784059202539, 0.08043333791895158902, 1.733125776727439060 ) ) ;
#3848 = AXIS2_PLACEMENT_3D ( 'NONE', #1463, #663, #5353 ) ;
#3849 = CARTESIAN_POINT ( 'NONE',  ( -2.773520794011109292, 0.1054847958469722624, 0.8281308303519555603 ) ) ;
#3850 = EDGE_CURVE ( 'NONE', #2348, #4628, #413, .T. ) ;
#3851 = CARTESIAN_POINT ( 'NONE',  ( 10.24695076595959975, 0.000000000000000000, -0.2499999999999903688 ) ) ;
#3852 = CARTESIAN_POINT ( 'NONE',  ( 2.644395542629257101E-19, 2.421484237083437741E-12, 0.000000000000000000 ) ) ;
#3853 = ORIENTED_EDGE ( 'NONE', *, *, #1299, .F. ) ;
#3854 = PRODUCT_DEFINITION_FORMATION_WITH_SPECIFIED_SOURCE ( 'ÂØ', '', #91, .NOT_KNOWN. ) ;
#3855 = ORIENTED_EDGE ( 'NONE', *, *, #1584, .F. ) ;
#3856 = ORIENTED_EDGE ( 'NONE', *, *, #5470, .T. ) ;
#3857 = EDGE_CURVE ( 'NONE', #1284, #4051, #910, .T. ) ;
#3858 = EDGE_CURVE ( 'NONE', #5476, #2473, #3359, .T. ) ;
#3859 = DIRECTION ( 'NONE',  ( -1.000000000000000000, 0.000000000000000000, -0.000000000000000000 ) ) ;
#3860 = CARTESIAN_POINT ( 'NONE',  ( 1.674686129449528993, 0.08836474067338438709, -2.381824708453244455 ) ) ;
#3861 = CARTESIAN_POINT ( 'NONE',  ( 0.000000000000000000, 0.2000000000002156164, 10.25000000000018829 ) ) ;
#3862 = DIRECTION ( 'NONE',  ( 0.000000000000000000, 0.000000000000000000, 1.000000000000000000 ) ) ;
#3863 = CIRCLE ( 'NONE', #2500, 0.7499999999822648533 ) ;
#3864 = CIRCLE ( 'NONE', #2321, 10.25000000000018652 ) ;
#3865 = LINE ( 'NONE', #4802, #436 ) ;
#3866 = ORIENTED_EDGE ( 'NONE', *, *, #3344, .T. ) ;
#3867 = FACE_OUTER_BOUND ( 'NONE', #2448, .T. ) ;
#3868 = CARTESIAN_POINT ( 'NONE',  ( -2.806480877886630587, 0.1904932317069056580, -0.1597647498657120413 ) ) ;
#3869 = DIRECTION ( 'NONE',  ( -0.6946583704589742725, 0.000000000000000000, -0.7193398003386733963 ) ) ;
#3870 = VERTEX_POINT ( 'NONE', #331 ) ;
#3871 = VECTOR ( 'NONE', #3150, 1000.000000000000000 ) ;
#3872 = LINE ( 'NONE', #2477, #4223 ) ;
#3873 = LINE ( 'NONE', #4216, #2553 ) ;
#3874 = LINE ( 'NONE', #29, #1132 ) ;
#3875 = ORIENTED_EDGE ( 'NONE', *, *, #4582, .T. ) ;
#3876 = ORIENTED_EDGE ( 'NONE', *, *, #270, .T. ) ;
#3877 = AXIS2_PLACEMENT_3D ( 'NONE', #4638, #2947, #1199 ) ;
#3878 = CARTESIAN_POINT ( 'NONE',  ( 2.381868524080579697, 0.1054847958446735040, 1.644664282155766877 ) ) ;
#3879 = CARTESIAN_POINT ( 'NONE',  ( -2.683641389383999876, 0.000000000000000000, -0.8719679450367001650 ) ) ;
#3880 = CARTESIAN_POINT ( 'NONE',  ( -5.656854249492000442, 0.000000000000000000, -6.506854249492000086 ) ) ;
#3881 = ORIENTED_EDGE ( 'NONE', *, *, #1006, .F. ) ;
#3882 = ORIENTED_EDGE ( 'NONE', *, *, #1323, .T. ) ;
#3883 = EDGE_CURVE ( 'NONE', #4546, #5543, #2617, .T. ) ;
#3884 = EDGE_LOOP ( 'NONE', ( #351, #3699, #5399, #4520 ) ) ;
#3885 = CIRCLE ( 'NONE', #3163, 0.8500000000000000888 ) ;
#3886 = DIRECTION ( 'NONE',  ( 0.000000000000000000, -1.000000000000000000, 0.000000000000000000 ) ) ;
#3887 = DIRECTION ( 'NONE',  ( 0.000000000000000000, 0.000000000000000000, 1.000000000000000000 ) ) ;
#3888 = DIRECTION ( 'NONE',  ( -0.000000000000000000, 1.000000000000000000, -0.000000000000000000 ) ) ;
#3889 = ADVANCED_FACE ( 'NONE', ( #3867 ), #4722, .F. ) ;
#3890 = CIRCLE ( 'NONE', #5448, 10.25000000000102673 ) ;
#3891 = DIRECTION ( 'NONE',  ( 0.000000000000000000, -1.000000000000000000, -0.000000000000000000 ) ) ;
#3892 = ORIENTED_EDGE ( 'NONE', *, *, #364, .T. ) ;
#3893 = CARTESIAN_POINT ( 'NONE',  ( 2.085665361460999900, 5.400000000000000355, -1.000000000000000000 ) ) ;
#3894 = CONICAL_SURFACE ( 'NONE', #3538, 0.7499999999883797397, 0.7853981633974482790 ) ;
#3895 = CARTESIAN_POINT ( 'NONE',  ( 2.085665361441362275, 4.674105330761872068, -1.000000000000000000 ) ) ;
#3896 = CARTESIAN_POINT ( 'NONE',  ( -2.730588545663000577, 0.000000000000000000, -0.9602627043225999692 ) ) ;
#3897 = B_SPLINE_CURVE_WITH_KNOTS ( 'NONE', 3,
 ( #5441, #3272, #1999, #165 ),
 .UNSPECIFIED., .F., .F.,
 ( 4, 4 ),
 ( 3.828867054918853005E-15, 0.0004546461369999480178 ),
 .UNSPECIFIED. ) ;
#3898 = ORIENTED_EDGE ( 'NONE', *, *, #3091, .F. ) ;
#3899 = EDGE_CURVE ( 'NONE', #5001, #3612, #2805, .T. ) ;
#3900 = EDGE_CURVE ( 'NONE', #1897, #2690, #5116, .T. ) ;
#3901 = B_SPLINE_CURVE_WITH_KNOTS ( 'NONE', 3,
 ( #2556, #5131, #4296, #2109 ),
 .UNSPECIFIED., .F., .F.,
 ( 4, 4 ),
 ( 2.824946184467435304E-18, 0.0004546461370037962308 ),
 .UNSPECIFIED. ) ;
#3902 = CARTESIAN_POINT ( 'NONE',  ( 0.9602627043224238879, 0.000000000000000000, 2.730588545662906874 ) ) ;
#3903 = CARTESIAN_POINT ( 'NONE',  ( 2.683641389383999876, 3.500000000000000000, -0.8719679450367001650 ) ) ;
#3904 = DIRECTION ( 'NONE',  ( -0.000000000000000000, -1.000000000000000000, -0.000000000000000000 ) ) ;
#3905 = ORIENTED_EDGE ( 'NONE', *, *, #1621, .T. ) ;
#3906 = ORIENTED_EDGE ( 'NONE', *, *, #1782, .T. ) ;
#3907 = CARTESIAN_POINT ( 'NONE',  ( 0.06946593480190070558, 0.1054848878711606985, 2.893681429971638686 ) ) ;
#3908 = CARTESIAN_POINT ( 'NONE',  ( 2.362431586886128088, 0.07787957361637258547, 1.719822505902250942 ) ) ;
#3909 = CARTESIAN_POINT ( 'NONE',  ( -8.000000000000000000, 0.000000000000000000, -1.250000000000000000 ) ) ;
#3910 = CARTESIAN_POINT ( 'NONE',  ( 1.701354058544679804, 4.434357428885990160, 1.000000000000000000 ) ) ;
#3911 = DIRECTION ( 'NONE',  ( 0.9902680687415660321, -0.000000000000000000, 0.1391731009600952196 ) ) ;
#3912 = ORIENTED_EDGE ( 'NONE', *, *, #2510, .T. ) ;
#3913 = ORIENTED_EDGE ( 'NONE', *, *, #562, .T. ) ;
#3914 = EDGE_LOOP ( 'NONE', ( #3435, #2903, #1932, #5462 ) ) ;
#3915 = CARTESIAN_POINT ( 'NONE',  ( -1.673785747557480219, 0.08899429837533567866, -2.381679127439856547 ) ) ;
#3916 = ADVANCED_FACE ( 'NONE', ( #3384 ), #4073, .F. ) ;
#3917 = CARTESIAN_POINT ( 'NONE',  ( 9.949999999999999289, 0.000000000000000000, -0.2500000000000000000 ) ) ;
#3918 = AXIS2_PLACEMENT_3D ( 'NONE', #3732, #2878, #4098 ) ;
#3919 = CARTESIAN_POINT ( 'NONE',  ( 0.06946583704589999464, 3.500000000000000000, -2.893681524374000169 ) ) ;
#3920 = VERTEX_POINT ( 'NONE', #3411 ) ;
#3921 = CARTESIAN_POINT ( 'NONE',  ( 5.656854249492000442, 3.500000000000000000, -6.506854249492000086 ) ) ;
#3922 = CARTESIAN_POINT ( 'NONE',  ( -0.06946583704663052139, 0.1054847958428064281, 2.893681524373227010 ) ) ;
#3923 = EDGE_CURVE ( 'NONE', #1643, #3409, #5524, .T. ) ;
#3924 = CARTESIAN_POINT ( 'NONE',  ( 2.914491766458217725, 0.08526593549456444598, 0.03832821929023842028 ) ) ;
#3925 = FACE_OUTER_BOUND ( 'NONE', #4712, .T. ) ;
#3926 = VERTEX_POINT ( 'NONE', #2060 ) ;
#3927 = VECTOR ( 'NONE', #1481, 1000.000000000000000 ) ;
#3928 = DIRECTION ( 'NONE',  ( 0.000000000000000000, 0.000000000000000000, 1.000000000000000000 ) ) ;
#3929 = CARTESIAN_POINT ( 'NONE',  ( 2.893681524373969083, 3.500000000000000000, 0.06946583704593255193 ) ) ;
#3930 = EDGE_CURVE ( 'NONE', #2431, #2298, #4233, .T. ) ;
#3931 = EDGE_CURVE ( 'NONE', #2691, #3740, #1246, .T. ) ;
#3932 = ORIENTED_EDGE ( 'NONE', *, *, #3850, .T. ) ;
#3933 = EDGE_LOOP ( 'NONE', ( #2653, #4377, #918, #2169 ) ) ;
#3934 = CYLINDRICAL_SURFACE ( 'NONE', #1687, 0.09999999999999982514 ) ;
#3935 = PLANE ( 'NONE',  #2601 ) ;
#3936 = DIRECTION ( 'NONE',  ( 0.000000000000000000, 0.000000000000000000, -1.000000000000000000 ) ) ;
#3937 = DIRECTION ( 'NONE',  ( -0.000000000000000000, 1.000000000000000000, -0.000000000000000000 ) ) ;
#3938 = CARTESIAN_POINT ( 'NONE',  ( -2.627422110968641977, 0.3499999999948498752, 0.3451855309583886089 ) ) ;
#3939 = ORIENTED_EDGE ( 'NONE', *, *, #1091, .T. ) ;
#3940 = VECTOR ( 'NONE', #3904, 1000.000000000000000 ) ;
#3941 = VERTEX_POINT ( 'NONE', #5498 ) ;
#3942 = ORIENTED_EDGE ( 'NONE', *, *, #1121, .F. ) ;
#3943 = CARTESIAN_POINT ( 'NONE',  ( -9.650000000000000355, 3.200000000000000178, 0.7500000000000001110 ) ) ;
#3944 = CARTESIAN_POINT ( 'NONE',  ( -1.743848709367658234, 0.08512501714665163255, -2.335711441013081924 ) ) ;
#3945 = AXIS2_PLACEMENT_3D ( 'NONE', #995, #5279, #1388 ) ;
#3946 = CARTESIAN_POINT ( 'NONE',  ( 1.682087097481494764, 0.08526593549474903444, 2.380402131076156280 ) ) ;
#3947 = CARTESIAN_POINT ( 'NONE',  ( -1.644664282159012503, 0.000000000000000000, 2.381868524080911431 ) ) ;
#3948 = ORIENTED_EDGE ( 'NONE', *, *, #3923, .T. ) ;
#3949 = LINE ( 'NONE', #1001, #3846 ) ;
#3950 = CARTESIAN_POINT ( 'NONE',  ( 1.265099007619860272, 0.000000000000000000, 2.328524103572742643 ) ) ;
#3951 = CARTESIAN_POINT ( 'NONE',  ( 10.11357716740215729, 0.06666646524955033293, -0.2500000000000000000 ) ) ;
#3952 = AXIS2_PLACEMENT_3D ( 'NONE', #3222, #3282, #704 ) ;
#3953 = AXIS2_PLACEMENT_3D ( 'NONE', #664, #4153, #218 ) ;
#3954 = ORIENTED_EDGE ( 'NONE', *, *, #3625, .F. ) ;
#3955 = EDGE_CURVE ( 'NONE', #4170, #1221, #2904, .T. ) ;
#3956 = CIRCLE ( 'NONE', #4602, 0.1000000000000000472 ) ;
#3957 = CIRCLE ( 'NONE', #343, 0.09999999999999982514 ) ;
#3958 = DIRECTION ( 'NONE',  ( 0.1391731009600952473, 0.000000000000000000, 0.9902680687415661431 ) ) ;
#3959 = B_SPLINE_CURVE_WITH_KNOTS ( 'NONE', 3,
 ( #4832, #5268, #883, #2611 ),
 .UNSPECIFIED., .F., .F.,
 ( 4, 4 ),
 ( 2.166370512091129593E-18, 0.0004546461370036667770 ),
 .UNSPECIFIED. ) ;
#3960 = CARTESIAN_POINT ( 'NONE',  ( 0.000000000000000000, 0.3499999999999999778, 0.000000000000000000 ) ) ;
#3961 = CARTESIAN_POINT ( 'NONE',  ( -3.580681656734000243E-07, 4.910000389259039366, 1.524477637742000022E-07 ) ) ;
#3962 = AXIS2_PLACEMENT_3D ( 'NONE', #2966, #2486, #2119 ) ;
#3963 = ORIENTED_EDGE ( 'NONE', *, *, #1945, .T. ) ;
#3964 = ORIENTED_EDGE ( 'NONE', *, *, #2695, .T. ) ;
#3965 = EDGE_CURVE ( 'NONE', #2273, #3518, #4861, .T. ) ;
#3966 = CARTESIAN_POINT ( 'NONE',  ( -0.8719679450367001650, 3.500000000000000000, 2.683641389383999876 ) ) ;
#3967 = LINE ( 'NONE', #896, #4886 ) ;
#3968 = CYLINDRICAL_SURFACE ( 'NONE', #4234, 2.649999999999999911 ) ;
#3969 = CARTESIAN_POINT ( 'NONE',  ( 0.3451855309564746954, 0.000000000000000000, -2.627422110970807800 ) ) ;
#3970 = CARTESIAN_POINT ( 'NONE',  ( 2.300206534972887518, 0.000000000000000000, -1.757062367556363025 ) ) ;
#3971 = VERTEX_POINT ( 'NONE', #4406 ) ;
#3972 = ORIENTED_EDGE ( 'NONE', *, *, #2983, .T. ) ;
#3973 = ADVANCED_FACE ( 'NONE', ( #444 ), #2165, .F. ) ;
#3974 = ORIENTED_EDGE ( 'NONE', *, *, #4474, .F. ) ;
#3975 = CARTESIAN_POINT ( 'NONE',  ( 2.370074274387772739, 3.499999999999999556, 0.7954545454545304262 ) ) ;
#3976 = DIRECTION ( 'NONE',  ( 0.000000000000000000, 1.000000000000000000, 0.000000000000000000 ) ) ;
#3977 = CARTESIAN_POINT ( 'NONE',  ( -7.072238894512000529E-08, 4.805001176634959847, -7.060543292802999638E-07 ) ) ;
#3978 = LINE ( 'NONE', #81, #1330 ) ;
#3979 = ORIENTED_EDGE ( 'NONE', *, *, #4784, .F. ) ;
#3980 = CARTESIAN_POINT ( 'NONE',  ( 2.893681524373715952, 3.500000000000000000, -0.06946583704568815021 ) ) ;
#3981 = CARTESIAN_POINT ( 'NONE',  ( 2.773520794012541479, 0.1054847958447603790, -0.8281308303548909899 ) ) ;
#3982 = DIRECTION ( 'NONE',  ( -0.000000000000000000, 1.000000000000000000, -0.000000000000000000 ) ) ;
#3983 = ORIENTED_EDGE ( 'NONE', *, *, #3955, .F. ) ;
#3984 = CARTESIAN_POINT ( 'NONE',  ( 2.085665361460999900, 12.43944327003000083, 0.6999999999999999556 ) ) ;
#3985 = CIRCLE ( 'NONE', #3533, 0.1000000000000000056 ) ;
#3986 = DIRECTION ( 'NONE',  ( 1.000000000000000000, 0.000000000000000000, 0.000000000000000000 ) ) ;
#3987 = CARTESIAN_POINT ( 'NONE',  ( -9.949999999999999289, 3.200000000000000178, 0.7500000000000000000 ) ) ;
#3988 = ADVANCED_FACE ( 'NONE', ( #4776 ), #1312, .F. ) ;
#3989 = VERTEX_POINT ( 'NONE', #5240 ) ;
#3990 = CONICAL_SURFACE ( 'NONE', #289, 0.7499999999193065481, 0.7853981633974482790 ) ;
#3991 = ORIENTED_EDGE ( 'NONE', *, *, #2294, .T. ) ;
#3992 = DIRECTION ( 'NONE',  ( 0.000000000000000000, 1.000000000000000000, 0.000000000000000000 ) ) ;
#3993 = DIRECTION ( 'NONE',  ( 1.000000000000000000, 0.000000000000000000, 0.000000000000000000 ) ) ;
#3994 = DIRECTION ( 'NONE',  ( 0.000000000000000000, 0.000000000000000000, 1.000000000000000000 ) ) ;
#3995 = CARTESIAN_POINT ( 'NONE',  ( -9.949999999999999289, 3.200000000000000178, -1.250000000000000000 ) ) ;
#3996 = EDGE_CURVE ( 'NONE', #2318, #5452, #3959, .T. ) ;
#3997 = VERTEX_POINT ( 'NONE', #111 ) ;
#3998 = ORIENTED_EDGE ( 'NONE', *, *, #2921, .T. ) ;
#3999 = CARTESIAN_POINT ( 'NONE',  ( -1.140209032234916764, 0.3499999999946719065, 2.392158724416434179 ) ) ;
#4000 = CARTESIAN_POINT ( 'NONE',  ( -1.682087097481494764, 0.08526593549474915934, -2.380402131076156280 ) ) ;
#4001 = ADVANCED_FACE ( 'NONE', ( #2217 ), #3713, .T. ) ;
#4002 = CARTESIAN_POINT ( 'NONE',  ( 2.392158724419059190, 0.000000000000000000, 1.140209032233028719 ) ) ;
#4003 = DIRECTION ( 'NONE',  ( -0.000000000000000000, 1.000000000000000000, -0.000000000000000000 ) ) ;
#4004 = VERTEX_POINT ( 'NONE', #3921 ) ;
#4005 = AXIS2_PLACEMENT_3D ( 'NONE', #5451, #1929, #4591 ) ;
#4006 = DIRECTION ( 'NONE',  ( 0.000000000000000000, 0.000000000000000000, -1.000000000000000000 ) ) ;
#4007 = CARTESIAN_POINT ( 'NONE',  ( -2.821747544339999969, 0.000000000000000000, 0.000000000000000000 ) ) ;
#4008 = DIRECTION ( 'NONE',  ( 0.000000000000000000, 0.000000000000000000, -1.000000000000000000 ) ) ;
#4009 = CARTESIAN_POINT ( 'NONE',  ( -2.750000000000000000, 2.999999999985902832, -4.763139720814000277 ) ) ;
#4010 = ORIENTED_EDGE ( 'NONE', *, *, #2335, .F. ) ;
#4011 = FACE_OUTER_BOUND ( 'NONE', #12, .T. ) ;
#4012 = FACE_OUTER_BOUND ( 'NONE', #3027, .T. ) ;
#4013 = DIRECTION ( 'NONE',  ( -0.000000000000000000, 1.000000000000000000, -0.000000000000000000 ) ) ;
#4014 = VERTEX_POINT ( 'NONE', #3034 ) ;
#4015 = ORIENTED_EDGE ( 'NONE', *, *, #11, .T. ) ;
#4016 = LINE ( 'NONE', #3475, #2494 ) ;
#4017 = CARTESIAN_POINT ( 'NONE',  ( -1.757062367557000071, 3.500000000000000000, 2.300206534972999872 ) ) ;
#4018 = EDGE_CURVE ( 'NONE', #4962, #2473, #812, .T. ) ;
#4019 = CARTESIAN_POINT ( 'NONE',  ( -2.683641389383999876, 0.000000000000000000, 0.8719679450367001650 ) ) ;
#4020 = CARTESIAN_POINT ( 'NONE',  ( 1.658581592255000237, 3.500000000000000000, -2.282841717206999910 ) ) ;
#4021 = VERTEX_POINT ( 'NONE', #1769 ) ;
#4022 = EDGE_LOOP ( 'NONE', ( #4045, #4636, #2136, #5178 ) ) ;
#4023 = EDGE_CURVE ( 'NONE', #3426, #263, #996, .T. ) ;
#4024 = LINE ( 'NONE', #571, #1104 ) ;
#4025 = CARTESIAN_POINT ( 'NONE',  ( 0.03832841350463671998, 0.08526601273063895425, 2.914491686653327474 ) ) ;
#4027 = VECTOR ( 'NONE', #2450, 1000.000000000000000 ) ;
#4026 = CARTESIAN_POINT ( 'NONE',  ( -1.823620929132848678, 0.3499999999946683538, 1.922734174767920301 ) ) ;
#4028 = VECTOR ( 'NONE', #817, 1000.000000000000000 ) ;
#4029 = ORIENTED_EDGE ( 'NONE', *, *, #5350, .T. ) ;
#4030 = EDGE_CURVE ( 'NONE', #5456, #2278, #4362, .T. ) ;
#4031 = EDGE_CURVE ( 'NONE', #2547, #1140, #1434, .T. ) ;
#4032 = FACE_OUTER_BOUND ( 'NONE', #1595, .T. ) ;
#4033 = ORIENTED_EDGE ( 'NONE', *, *, #5123, .F. ) ;
#4034 = CIRCLE ( 'NONE', #418, 0.1000000000000000472 ) ;
#4035 = CARTESIAN_POINT ( 'NONE',  ( 0.000000000000000000, 3.500000000000000000, 8.000000000000000000 ) ) ;
#4036 = DIRECTION ( 'NONE',  ( 0.000000000000000000, 1.000000000000000000, 0.000000000000000000 ) ) ;
#4037 = CARTESIAN_POINT ( 'NONE',  ( 1.140209032233550523, 0.000000000000000000, 2.392158724419292781 ) ) ;
#4038 = DIRECTION ( 'NONE',  ( 0.1391731009600952196, 0.000000000000000000, -0.9902680687415660321 ) ) ;
#4039 = VERTEX_POINT ( 'NONE', #1914 ) ;
#4040 = EDGE_CURVE ( 'NONE', #404, #315, #5264, .T. ) ;
#4041 = VERTEX_POINT ( 'NONE', #1058 ) ;
#4042 = CARTESIAN_POINT ( 'NONE',  ( -9.949999999999999289, 0.000000000000000000, -1.250000000000000000 ) ) ;
#4043 = CARTESIAN_POINT ( 'NONE',  ( 2.683641389383999876, 0.000000000000000000, 0.8719679450367001650 ) ) ;
#4044 = ORIENTED_EDGE ( 'NONE', *, *, #2196, .T. ) ;
#4045 = ORIENTED_EDGE ( 'NONE', *, *, #4765, .F. ) ;
#4046 = SHAPE_DEFINITION_REPRESENTATION ( #4884, #3090 ) ;
#4047 = CARTESIAN_POINT ( 'NONE',  ( 2.605495114973312543, 0.3499999999947774332, -0.4836271351366938642 ) ) ;
#4048 = LINE ( 'NONE', #4818, #3045 ) ;
#4049 = VECTOR ( 'NONE', #3891, 1000.000000000000000 ) ;
#4050 = CARTESIAN_POINT ( 'NONE',  ( -2.922133607369279851, 0.07787957361617310614, -0.002763188262069756710 ) ) ;
#4051 = VERTEX_POINT ( 'NONE', #4575 ) ;
#4052 = EDGE_CURVE ( 'NONE', #4344, #2539, #2728, .T. ) ;
#4053 = ORIENTED_EDGE ( 'NONE', *, *, #5463, .F. ) ;
#4054 = DIRECTION ( 'NONE',  ( 0.000000000000000000, 1.000000000000000000, 0.000000000000000000 ) ) ;
#4055 = DIRECTION ( 'NONE',  ( -0.000000000000000000, -1.000000000000000000, -0.000000000000000000 ) ) ;
#4056 = CARTESIAN_POINT ( 'NONE',  ( -2.380273207706618432, 0.08512501714653679386, -1.682514699346596698 ) ) ;
#4057 = CIRCLE ( 'NONE', #1712, 2.649999999999999911 ) ;
#4058 = EDGE_CURVE ( 'NONE', #5543, #231, #2387, .T. ) ;
#4059 = ORIENTED_EDGE ( 'NONE', *, *, #4058, .F. ) ;
#4060 = DIRECTION ( 'NONE',  ( 8.881784197001252323E-16, 0.000000000000000000, 1.000000000000000000 ) ) ;
#4061 = VERTEX_POINT ( 'NONE', #1884 ) ;
#4062 = VECTOR ( 'NONE', #4461, 1000.000000000000000 ) ;
#4063 = DIRECTION ( 'NONE',  ( 0.000000000000000000, 0.000000000000000000, -1.000000000000000000 ) ) ;
#4064 = CARTESIAN_POINT ( 'NONE',  ( -1.690203675129273719, 0.08275907220401065856, 2.377710278252015197 ) ) ;
#4065 = DIRECTION ( 'NONE',  ( 0.000000000000000000, -1.000000000000000000, 0.000000000000000000 ) ) ;
#4066 = DIRECTION ( 'NONE',  ( 0.000000000000000000, 0.000000000000000000, -1.000000000000000000 ) ) ;
#4067 = EDGE_CURVE ( 'NONE', #4096, #2337, #2303, .T. ) ;
#4068 = CARTESIAN_POINT ( 'NONE',  ( -9.650000000000000355, 3.500000000000000000, 0.7500000000000001110 ) ) ;
#4069 = LINE ( 'NONE', #5049, #4027 ) ;
#4070 = DIRECTION ( 'NONE',  ( -0.9902680687415660321, 0.000000000000000000, -0.1391731009600952196 ) ) ;
#4071 = ADVANCED_FACE ( 'NONE', ( #1487 ), #4951, .F. ) ;
#4072 = ORIENTED_EDGE ( 'NONE', *, *, #5292, .F. ) ;
#4073 = CONICAL_SURFACE ( 'NONE', #2529, 2.999999999872215994, 0.7853981633974482790 ) ;
#4074 = ORIENTED_EDGE ( 'NONE', *, *, #5457, .T. ) ;
#4075 = VECTOR ( 'NONE', #5339, 1000.000000000000000 ) ;
#4076 = CARTESIAN_POINT ( 'NONE',  ( -9.971960689854268978, 3.500000000000088818, -1.250000000000000000 ) ) ;
#4077 = CARTESIAN_POINT ( 'NONE',  ( 8.000000000000000000, 0.000000000000000000, -1.250000000000000000 ) ) ;
#4078 = EDGE_LOOP ( 'NONE', ( #5176, #1457, #3829, #5549 ) ) ;
#4079 = DIRECTION ( 'NONE',  ( 0.000000000000000000, 0.000000000000000000, -1.000000000000000000 ) ) ;
#4080 = AXIS2_PLACEMENT_3D ( 'NONE', #3458, #2187, #5207 ) ;
#4081 = ORIENTED_EDGE ( 'NONE', *, *, #4874, .F. ) ;
#4082 = VERTEX_POINT ( 'NONE', #3606 ) ;
#4083 = DIRECTION ( 'NONE',  ( -1.000000000000000000, -0.000000000000000000, -0.000000000000000000 ) ) ;
#4084 = DIRECTION ( 'NONE',  ( 0.000000000000000000, 0.000000000000000000, 1.000000000000000000 ) ) ;
#4085 = CARTESIAN_POINT ( 'NONE',  ( 0.02992796934315888890, 0.08227188360451442861, 2.917587935539156518 ) ) ;
#4086 = CARTESIAN_POINT ( 'NONE',  ( -0.4836271351370965421, 0.3499999999948729679, 2.605495114973140680 ) ) ;
#4087 = ORIENTED_EDGE ( 'NONE', *, *, #562, .F. ) ;
#4088 = CARTESIAN_POINT ( 'NONE',  ( 0.000000000000000000, 5.400000000000000355, 0.000000000000000000 ) ) ;
#4089 = ORIENTED_EDGE ( 'NONE', *, *, #1201, .T. ) ;
#4090 = ADVANCED_FACE ( 'NONE', ( #2360 ), #1547, .F. ) ;
#4091 = B_SPLINE_CURVE_WITH_KNOTS ( 'NONE', 3,
 ( #5480, #1188, #2911, #3466 ),
 .UNSPECIFIED., .F., .F.,
 ( 4, 4 ),
 ( 2.170092942239355317E-16, 0.0004546461370079537124 ),
 .UNSPECIFIED. ) ;
#4092 = CYLINDRICAL_SURFACE ( 'NONE', #2702, 0.1000000000000000472 ) ;
#4093 = LINE ( 'NONE', #662, #859 ) ;
#4094 = DIRECTION ( 'NONE',  ( 1.000000000000000000, -0.000000000000000000, 0.000000000000000000 ) ) ;
#4095 = DIRECTION ( 'NONE',  ( 0.8987940462991643731, -0.000000000000000000, -0.4383711467890826219 ) ) ;
#4096 = VERTEX_POINT ( 'NONE', #4150 ) ;
#4097 = ADVANCED_FACE ( 'NONE', ( #2416 ), #4092, .F. ) ;
#4098 = DIRECTION ( 'NONE',  ( 0.000000000000000000, 0.000000000000000000, 1.000000000000000000 ) ) ;
#4099 = DIRECTION ( 'NONE',  ( 0.000000000000000000, 0.000000000000000000, -1.000000000000000000 ) ) ;
#4100 = FACE_OUTER_BOUND ( 'NONE', #4740, .T. ) ;
#4101 = CIRCLE ( 'NONE', #1659, 0.1000000000000000472 ) ;
#4102 = ORIENTED_EDGE ( 'NONE', *, *, #1651, .T. ) ;
#4103 = FACE_OUTER_BOUND ( 'NONE', #1881, .T. ) ;
#4104 = EDGE_CURVE ( 'NONE', #4314, #2767, #2432, .T. ) ;
#4105 = ADVANCED_FACE ( 'NONE', ( #273 ), #4924, .F. ) ;
#4106 = CARTESIAN_POINT ( 'NONE',  ( -8.000000000000000000, 0.000000000000000000, 0.000000000000000000 ) ) ;
#4107 = ORIENTED_EDGE ( 'NONE', *, *, #3241, .T. ) ;
#4108 = FACE_OUTER_BOUND ( 'NONE', #737, .T. ) ;
#4109 = ORIENTED_EDGE ( 'NONE', *, *, #675, .F. ) ;
#4110 = VERTEX_POINT ( 'NONE', #3662 ) ;
#4111 = CONICAL_SURFACE ( 'NONE', #1668, 2.649999999953787544, 0.9600701622828115012 ) ;
#4112 = CARTESIAN_POINT ( 'NONE',  ( -0.9602627043225958614, 3.500000000000000000, 2.730588545662795852 ) ) ;
#4113 = DIRECTION ( 'NONE',  ( 0.000000000000000000, -1.000000000000000000, 0.000000000000000000 ) ) ;
#4114 = DIRECTION ( 'NONE',  ( -0.000000000000000000, -1.000000000000000000, -0.000000000000000000 ) ) ;
#4115 = APPLICATION_CONTEXT ( 'automotive_design' ) ;
#4116 = ORIENTED_EDGE ( 'NONE', *, *, #5262, .F. ) ;
#4117 = CARTESIAN_POINT ( 'NONE',  ( 0.000000000000000000, 3.000000000000000000, 0.000000000000000000 ) ) ;
#4118 = ORIENTED_EDGE ( 'NONE', *, *, #3729, .T. ) ;
#4119 = CARTESIAN_POINT ( 'NONE',  ( -2.893681524373564073, 0.000000000000000000, 0.06946583704547877602 ) ) ;
#4120 = CARTESIAN_POINT ( 'NONE',  ( -1.755458394056492066, 0.09922960516599038661, 2.309303120725661351 ) ) ;
#4121 = VECTOR ( 'NONE', #5174, 1000.000000000000000 ) ;
#4122 = CARTESIAN_POINT ( 'NONE',  ( 0.000000000000000000, 0.000000000000000000, 9.250000000000000000 ) ) ;
#4123 = CARTESIAN_POINT ( 'NONE',  ( -1.520355673118940043, 0.1904932317070722192, -2.364398088405812892 ) ) ;
#4124 = ADVANCED_FACE ( 'NONE', ( #5410 ), #3695, .F. ) ;
#4125 = AXIS2_PLACEMENT_3D ( 'NONE', #1116, #1060, #245 ) ;
#4126 = ORIENTED_EDGE ( 'NONE', *, *, #2787, .T. ) ;
#4127 = LINE ( 'NONE', #4497, #5378 ) ;
#4128 = CYLINDRICAL_SURFACE ( 'NONE', #5219, 2.649999999999999911 ) ;
#4129 = CARTESIAN_POINT ( 'NONE',  ( -2.769553247033945009, 0.08046707882544583412, 0.9237443818753819924 ) ) ;
#4130 = ORIENTED_EDGE ( 'NONE', *, *, #2094, .F. ) ;
#4131 = ADVANCED_FACE ( 'NONE', ( #4984, #691, #1113, #1087, #5439, #4547, #1997, #3725, #5465, #3154, #4236, #3780, #2873 ), #1628, .T. ) ;
#4132 = DIRECTION ( 'NONE',  ( 0.000000000000000000, -1.000000000000000000, 0.000000000000000000 ) ) ;
#4133 = CARTESIAN_POINT ( 'NONE',  ( 0.8719679450367001650, 0.000000000000000000, -2.783641389383999964 ) ) ;
#4134 = ORIENTED_EDGE ( 'NONE', *, *, #5181, .F. ) ;
#4135 = CARTESIAN_POINT ( 'NONE',  ( -0.01803754692539945303, 0.07946711944361457836, -2.920489226001675487 ) ) ;
#4136 = EDGE_LOOP ( 'NONE', ( #4382, #2245, #1800, #4608 ) ) ;
#4137 = VECTOR ( 'NONE', #1158, 1000.000000000000000 ) ;
#4138 = VECTOR ( 'NONE', #4437, 1000.000000000000000 ) ;
#4139 = EDGE_CURVE ( 'NONE', #4041, #577, #1573, .T. ) ;
#4140 = ORIENTED_EDGE ( 'NONE', *, *, #2842, .T. ) ;
#4141 = CARTESIAN_POINT ( 'NONE',  ( -1.800994743867578185, 0.2724669240242404422, 2.051053647910172639 ) ) ;
#4142 = CIRCLE ( 'NONE', #4231, 3.699999999923875293 ) ;
#4143 = CARTESIAN_POINT ( 'NONE',  ( 2.778260336641655837, 0.07787957361659517130, 0.9056168927133031454 ) ) ;
#4144 = DIRECTION ( 'NONE',  ( 0.000000000000000000, 0.5734625083103652710, 0.8192318057560901146 ) ) ;
#4145 = AXIS2_PLACEMENT_3D ( 'NONE', #998, #576, #2299 ) ;
#4146 = VERTEX_POINT ( 'NONE', #3295 ) ;
#4147 = EDGE_CURVE ( 'NONE', #1957, #2624, #5097, .T. ) ;
#4148 = ORIENTED_EDGE ( 'NONE', *, *, #3501, .F. ) ;
#4149 = VERTEX_POINT ( 'NONE', #5545 ) ;
#4150 = CARTESIAN_POINT ( 'NONE',  ( -2.893681524373532987, 3.500000000000000000, 0.06946583704551133331 ) ) ;
#4151 = DIRECTION ( 'NONE',  ( 0.000000000000000000, 0.000000000000000000, 1.000000000000000000 ) ) ;
#4152 = CARTESIAN_POINT ( 'NONE',  ( -2.300206534966591665, 0.1054847958470750552, -1.757062367557801652 ) ) ;
#4153 = DIRECTION ( 'NONE',  ( 0.4694715627859091245, 0.000000000000000000, -0.8829475928589172185 ) ) ;
#4154 = VERTEX_POINT ( 'NONE', #4692 ) ;
#4155 = DIRECTION ( 'NONE',  ( 0.000000000000000000, 0.000000000000000000, 1.000000000000000000 ) ) ;
#4156 = DIRECTION ( 'NONE',  ( 0.000000000000000000, 0.000000000000000000, -1.000000000000000000 ) ) ;
#4157 = PRODUCT_RELATED_PRODUCT_CATEGORY ( 'part', '', ( #91 ) ) ;
#4158 = FACE_OUTER_BOUND ( 'NONE', #3598, .T. ) ;
#4159 = ORIENTED_EDGE ( 'NONE', *, *, #87, .T. ) ;
#4160 = B_SPLINE_CURVE_WITH_KNOTS ( 'NONE', 3,
 ( #451, #5504, #1615, #339 ),
 .UNSPECIFIED., .F., .F.,
 ( 4, 4 ),
 ( 3.926248666458132562E-15, 0.0004546461370000586064 ),
 .UNSPECIFIED. ) ;
#4161 = DIRECTION ( 'NONE',  ( 0.000000000000000000, 0.000000000000000000, -1.000000000000000000 ) ) ;
#4162 = CARTESIAN_POINT ( 'NONE',  ( 0.000000000000000000, 3.500000000000000000, -2.821747544339999969 ) ) ;
#4163 = CIRCLE ( 'NONE', #1719, 2.649999999999999911 ) ;
#4164 = CARTESIAN_POINT ( 'NONE',  ( -10.17349497468821262, 3.299999999999692957, -1.249999999999875433 ) ) ;
#4165 = ORIENTED_EDGE ( 'NONE', *, *, #3585, .F. ) ;
#4166 = EDGE_CURVE ( 'NONE', #510, #4569, #1601, .T. ) ;
#4167 = CARTESIAN_POINT ( 'NONE',  ( 0.8719679450367001650, 3.500000000000000000, -2.683641389383999876 ) ) ;
#4168 = VERTEX_POINT ( 'NONE', #1144 ) ;
#4169 = AXIS2_PLACEMENT_3D ( 'NONE', #1536, #127, #4475 ) ;
#4170 = VERTEX_POINT ( 'NONE', #2025 ) ;
#4171 = CARTESIAN_POINT ( 'NONE',  ( 1.112345287288634355, 4.096600732424686697, -1.000000000000000000 ) ) ;
#4172 = EDGE_CURVE ( 'NONE', #5234, #3484, #380, .T. ) ;
#4173 = B_SPLINE_CURVE_WITH_KNOTS ( 'NONE', 3,
 ( #3404, #4694, #3330, #4640 ),
 .UNSPECIFIED., .F., .F.,
 ( 4, 4 ),
 ( 2.156896512207184775E-18, 0.0004546461370035706083 ),
 .UNSPECIFIED. ) ;
#4174 = CARTESIAN_POINT ( 'NONE',  ( 11.26278202608999912, 0.000000000000000000, -0.2500000000000000000 ) ) ;
#4175 = DIRECTION ( 'NONE',  ( 0.000000000000000000, 0.000000000000000000, -1.000000000000000000 ) ) ;
#4176 = ORIENTED_EDGE ( 'NONE', *, *, #334, .T. ) ;
#4177 = EDGE_LOOP ( 'NONE', ( #2909, #5489, #1386, #3618 ) ) ;
#4178 = ORIENTED_EDGE ( 'NONE', *, *, #1895, .T. ) ;
#4179 = ADVANCED_FACE ( 'NONE', ( #2495 ), #2103, .F. ) ;
#4180 = EDGE_CURVE ( 'NONE', #4227, #4314, #4613, .T. ) ;
#4181 = CARTESIAN_POINT ( 'NONE',  ( 2.392158724418969928, 0.3499999999927336236, -1.140209032233722608 ) ) ;
#4182 = CARTESIAN_POINT ( 'NONE',  ( -3.580681656734000243E-07, 4.910001162112999751, 1.524477637742000022E-07 ) ) ;
#4183 = CARTESIAN_POINT ( 'NONE',  ( 5.500000000000000000, 3.499999999974079401, 0.000000000000000000 ) ) ;
#4184 = DIRECTION ( 'NONE',  ( 0.9902680687415661431, 0.000000000000000000, -0.1391731009600952473 ) ) ;
#4185 = ORIENTED_EDGE ( 'NONE', *, *, #3575, .T. ) ;
#4186 = CARTESIAN_POINT ( 'NONE',  ( 1.265099007619640448, 0.3499999999927473904, -2.328524103573094362 ) ) ;
#4187 = CARTESIAN_POINT ( 'NONE',  ( -2.773520794010988499, 0.1054847958470536279, -0.8281308303520753533 ) ) ;
#4188 = DIRECTION ( 'NONE',  ( -0.000000000000000000, 1.000000000000000000, -0.000000000000000000 ) ) ;
#4189 = LINE ( 'NONE', #5023, #3498 ) ;
#4190 = CARTESIAN_POINT ( 'NONE',  ( -10.22252415013000082, 3.500000000000000000, -0.7500000000000000000 ) ) ;
#4191 = VERTEX_POINT ( 'NONE', #4181 ) ;
#4192 = CARTESIAN_POINT ( 'NONE',  ( 2.806480877887635561, 0.1904932317055634539, -0.1597647498637985164 ) ) ;
#4193 = ORIENTED_EDGE ( 'NONE', *, *, #573, .T. ) ;
#4194 = ORIENTED_EDGE ( 'NONE', *, *, #4765, .T. ) ;
#4195 = EDGE_CURVE ( 'NONE', #690, #3224, #768, .T. ) ;
#4196 = CARTESIAN_POINT ( 'NONE',  ( 0.3451855309561632779, 0.3499999999930091255, 2.627422110970790481 ) ) ;
#4197 = CARTESIAN_POINT ( 'NONE',  ( 2.765542884119327471, 0.08227182555174124279, 0.9300472782231827829 ) ) ;
#4198 = CARTESIAN_POINT ( 'NONE',  ( 0.000000000000000000, 0.000000000000000000, 0.000000000000000000 ) ) ;
#4199 = VERTEX_POINT ( 'NONE', #4609 ) ;
#4200 = EDGE_LOOP ( 'NONE', ( #3323, #3673, #710, #2869 ) ) ;
#4201 = ADVANCED_FACE ( 'NONE', ( #2468 ), #822, .F. ) ;
#4202 = VERTEX_POINT ( 'NONE', #5068 ) ;
#4203 = CARTESIAN_POINT ( 'NONE',  ( 0.4067296091045999873, 0.000000000000000000, -2.567989685546999912 ) ) ;
#4204 = DIRECTION ( 'NONE',  ( 0.000000000000000000, 0.000000000000000000, 1.000000000000000000 ) ) ;
#4205 = CARTESIAN_POINT ( 'NONE',  ( -1.838477631084999953, 0.000000000000000000, -1.838477631084999953 ) ) ;
#4206 = DIRECTION ( 'NONE',  ( -0.000000000000000000, -1.000000000000000000, 0.000000000000000000 ) ) ;
#4207 = EDGE_CURVE ( 'NONE', #5258, #843, #2050, .T. ) ;
#4208 = EDGE_CURVE ( 'NONE', #4146, #5197, #2971, .T. ) ;
#4209 = ORIENTED_EDGE ( 'NONE', *, *, #4147, .T. ) ;
#4210 = CARTESIAN_POINT ( 'NONE',  ( 1.079037353390319920, 0.2724669240253101976, 2.507205919749417866 ) ) ;
#4211 = DIRECTION ( 'NONE',  ( -0.7193398003386733963, -0.000000000000000000, -0.6946583704589742725 ) ) ;
#4212 = CARTESIAN_POINT ( 'NONE',  ( -0.9429923113345181074, 0.08899429837544650668, 2.754036981518687810 ) ) ;
#4213 = VECTOR ( 'NONE', #1120, 1000.000000000000000 ) ;
#4214 = AXIS2_PLACEMENT_3D ( 'NONE', #712, #1593, #2152 ) ;
#4215 = DIRECTION ( 'NONE',  ( 0.000000000000000000, -1.000000000000000000, 0.000000000000000000 ) ) ;
#4216 = CARTESIAN_POINT ( 'NONE',  ( 9.949999999999999289, 0.000000000000000000, 0.2500000000000000000 ) ) ;
#4217 = PLANE ( 'NONE',  #2760 ) ;
#4218 = AXIS2_PLACEMENT_3D ( 'NONE', #3244, #3355, #771 ) ;
#4219 = DIRECTION ( 'NONE',  ( 0.000000000000000000, -1.000000000000000000, 0.000000000000000000 ) ) ;
#4220 = ORIENTED_EDGE ( 'NONE', *, *, #3819, .F. ) ;
#4221 = ORIENTED_EDGE ( 'NONE', *, *, #3010, .F. ) ;
#4222 = CARTESIAN_POINT ( 'NONE',  ( -8.000000000000000000, 3.500000000000000000, 1.250000000000000000 ) ) ;
#4223 = VECTOR ( 'NONE', #3444, 1000.000000000000114 ) ;
#4224 = AXIS2_PLACEMENT_3D ( 'NONE', #5243, #1350, #4381 ) ;
#4225 = CARTESIAN_POINT ( 'NONE',  ( 2.381868524081000693, 3.500000000000000000, -1.644664282159006286 ) ) ;
#4226 = CARTESIAN_POINT ( 'NONE',  ( 2.085665173664745797, 4.674105639593426176, 0.9999999999998825384 ) ) ;
#4227 = VERTEX_POINT ( 'NONE', #4716 ) ;
#4228 = VECTOR ( 'NONE', #3223, 1000.000000000000000 ) ;
#4229 = ORIENTED_EDGE ( 'NONE', *, *, #4386, .F. ) ;
#4230 = VECTOR ( 'NONE', #529, 1000.000000000000114 ) ;
#4231 = AXIS2_PLACEMENT_3D ( 'NONE', #1165, #2890, #1508 ) ;
#4232 = VECTOR ( 'NONE', #3520, 1000.000000000000000 ) ;
#4233 = B_SPLINE_CURVE_WITH_KNOTS ( 'NONE', 3,
 ( #2928, #4644, #5102, #4186 ),
 .UNSPECIFIED., .F., .F.,
 ( 4, 4 ),
 ( 3.984330524924991657E-15, 0.0004546461369998825320 ),
 .UNSPECIFIED. ) ;
#4234 = AXIS2_PLACEMENT_3D ( 'NONE', #3542, #1390, #4881 ) ;
#4235 = EDGE_LOOP ( 'NONE', ( #1005, #2622, #1616, #260 ) ) ;
#4236 = FACE_BOUND ( 'NONE', #3680, .T. ) ;
#4237 = CARTESIAN_POINT ( 'NONE',  ( -2.750000000000000000, 3.499999999917235982, 4.763139720814000277 ) ) ;
#4238 = ADVANCED_FACE ( 'NONE', ( #2974 ), #1173, .F. ) ;
#4239 = PLANE ( 'NONE',  #1413 ) ;
#4240 = CYLINDRICAL_SURFACE ( 'NONE', #1875, 0.8500000000000000888 ) ;
#4241 = ORIENTED_EDGE ( 'NONE', *, *, #2441, .F. ) ;
#4242 = DIRECTION ( 'NONE',  ( 0.000000000000000000, 0.000000000000000000, -1.000000000000000000 ) ) ;
#4243 = LINE ( 'NONE', #2982, #3834 ) ;
#4244 = EDGE_CURVE ( 'NONE', #2101, #1820, #1170, .T. ) ;
#4245 = CARTESIAN_POINT ( 'NONE',  ( -0.9370797885150610185, 0.08526593549488319101, 2.760002315053632582 ) ) ;
#4246 = DIRECTION ( 'NONE',  ( 0.000000000000000000, -0.000000000000000000, 1.000000000000000000 ) ) ;
#4247 = CARTESIAN_POINT ( 'NONE',  ( 0.8493435028009727050, 0.09214600728068519930, -2.781048445666032709 ) ) ;
#4248 = CARTESIAN_POINT ( 'NONE',  ( -2.300206534966591665, 0.1054847958470750552, -1.757062367557801652 ) ) ;
#4249 = EDGE_CURVE ( 'NONE', #4357, #1795, #1655, .T. ) ;
#4250 = EDGE_LOOP ( 'NONE', ( #679, #1064, #205, #5006 ) ) ;
#4251 = ORIENTED_EDGE ( 'NONE', *, *, #2752, .T. ) ;
#4252 = CARTESIAN_POINT ( 'NONE',  ( 2.342787166492216411, 0.08227182555170486911, 1.739127274282414870 ) ) ;
#4253 = DIRECTION ( 'NONE',  ( 0.000000000000000000, -0.7071067811865474617, -0.7071067811865474617 ) ) ;
#4254 = CARTESIAN_POINT ( 'NONE',  ( 9.949999999999999289, 3.200000000000000178, 0.000000000000000000 ) ) ;
#4255 = DIRECTION ( 'NONE',  ( 0.000000000000000000, 0.000000000000000000, 1.000000000000000000 ) ) ;
#4256 = AXIS2_PLACEMENT_3D ( 'NONE', #376, #740, #4175 ) ;
#4257 = EDGE_LOOP ( 'NONE', ( #4178, #4447 ) ) ;
#4258 = ORIENTED_EDGE ( 'NONE', *, *, #1577, .F. ) ;
#4259 = MANIFOLD_SOLID_BREP ( ' ‰»Î1', #5133 ) ;
#4260 = EDGE_LOOP ( 'NONE', ( #2375, #3747, #632, #3537 ) ) ;
#4261 = CARTESIAN_POINT ( 'NONE',  ( -1.644664282158978308, 0.000000000000000000, -2.381868524081154792 ) ) ;
#4262 = CARTESIAN_POINT ( 'NONE',  ( 1.752471742930812315, 0.09352044089324051956, -2.318738815333512449 ) ) ;
#4263 = DIRECTION ( 'NONE',  ( 0.000000000000000000, -1.000000000000000000, 0.000000000000000000 ) ) ;
#4264 = CARTESIAN_POINT ( 'NONE',  ( -1.265099007616731441, 0.3499999999946631912, 2.328524103572494397 ) ) ;
#4265 = VECTOR ( 'NONE', #1656, 1000.000000000000114 ) ;
#4266 = EDGE_CURVE ( 'NONE', #4199, #3376, #74, .T. ) ;
#4267 = VERTEX_POINT ( 'NONE', #2550 ) ;
#4268 = DIRECTION ( 'NONE',  ( -0.000000000000000000, -1.000000000000000000, -0.000000000000000000 ) ) ;
#4269 = CARTESIAN_POINT ( 'NONE',  ( -2.605495114974694992, 3.500000000000000000, 0.4836271351395483586 ) ) ;
#4270 = CARTESIAN_POINT ( 'NONE',  ( 2.370074260335170990, 4.805001176645783190, 0.7954545872598232092 ) ) ;
#4271 = EDGE_CURVE ( 'NONE', #1535, #39, #2241, .T. ) ;
#4272 = AXIS2_PLACEMENT_3D ( 'NONE', #961, #2692, #550 ) ;
#4273 = DIRECTION ( 'NONE',  ( 0.000000000000000000, 1.000000000000000000, 0.000000000000000000 ) ) ;
#4274 = LINE ( 'NONE', #4331, #3285 ) ;
#4275 = DIRECTION ( 'NONE',  ( 0.000000000000000000, -0.7071067811865474617, -0.7071067811865474617 ) ) ;
#4276 = VERTEX_POINT ( 'NONE', #3943 ) ;
#4277 = ORIENTED_EDGE ( 'NONE', *, *, #2750, .T. ) ;
#4278 = EDGE_CURVE ( 'NONE', #5230, #208, #847, .T. ) ;
#4279 = EDGE_CURVE ( 'NONE', #3926, #1295, #493, .T. ) ;
#4280 = CARTESIAN_POINT ( 'NONE',  ( -2.377969375523055984, 0.08227182555158189803, 1.690703117850326453 ) ) ;
#4281 = CIRCLE ( 'NONE', #214, 10.04999999999985505 ) ;
#4282 = DIRECTION ( 'NONE',  ( 0.000000000000000000, -1.000000000000000000, 0.000000000000000000 ) ) ;
#4283 = DIRECTION ( 'NONE',  ( 0.000000000000000000, 1.000000000000000000, -0.000000000000000000 ) ) ;
#4284 = LINE ( 'NONE', #1219, #1452 ) ;
#4285 = ORIENTED_EDGE ( 'NONE', *, *, #709, .T. ) ;
#4286 = ORIENTED_EDGE ( 'NONE', *, *, #5152, .T. ) ;
#4287 = ORIENTED_EDGE ( 'NONE', *, *, #2858, .F. ) ;
#4288 = DIRECTION ( 'NONE',  ( 0.000000000000000000, -2.644395542647523757E-17, -1.000000000000000000 ) ) ;
#4289 = PLANE ( 'NONE',  #1368 ) ;
#4290 = DIRECTION ( 'NONE',  ( 0.000000000000000000, 0.000000000000000000, -1.000000000000000000 ) ) ;
#4291 = LINE ( 'NONE', #5127, #3406 ) ;
#4292 = B_SPLINE_CURVE_WITH_KNOTS ( 'NONE', 3,
 ( #929, #3423, #5283, #842 ),
 .UNSPECIFIED., .F., .F.,
 ( 4, 4 ),
 ( 1.677595466975181995E-16, 0.0004546461370035754330 ),
 .UNSPECIFIED. ) ;
#4293 = AXIS2_PLACEMENT_3D ( 'NONE', #778, #5525, #3837 ) ;
#4294 = ORIENTED_EDGE ( 'NONE', *, *, #4518, .F. ) ;
#4295 = CARTESIAN_POINT ( 'NONE',  ( 2.328524103573141879, 0.000000000000000000, 1.265099007619979954 ) ) ;
#4296 = CARTESIAN_POINT ( 'NONE',  ( -1.079037353389325160, 0.2724669240240492063, -2.507205919751288814 ) ) ;
#4297 = PLANE ( 'NONE',  #683 ) ;
#4298 = CARTESIAN_POINT ( 'NONE',  ( 0.8281308303550001249, 0.1054847958448500017, -2.773520794012415358 ) ) ;
#4299 = CARTESIAN_POINT ( 'NONE',  ( 8.000000000000000000, 0.000000000000000000, 0.000000000000000000 ) ) ;
#4300 = CIRCLE ( 'NONE', #2041, 2.650000000010630519 ) ;
#4302 = EDGE_CURVE ( 'NONE', #690, #2177, #1790, .T. ) ;
#4301 = CIRCLE ( 'NONE', #4214, 2.649999999999999911 ) ;
#4303 = ORIENTED_EDGE ( 'NONE', *, *, #716, .F. ) ;
#4304 = B_SPLINE_CURVE_WITH_KNOTS ( 'NONE', 3,
 ( #4548, #1114, #4925, #5039 ),
 .UNSPECIFIED., .F., .F.,
 ( 4, 4 ),
 ( 2.105314320135900391E-18, 0.0004546461370034116643 ),
 .UNSPECIFIED. ) ;
#4305 = ORIENTED_EDGE ( 'NONE', *, *, #320, .T. ) ;
#4306 = AXIS2_PLACEMENT_3D ( 'NONE', #4007, #1313, #3495 ) ;
#4307 = CARTESIAN_POINT ( 'NONE',  ( -10.03914389319924183, 3.433338481316033697, 1.250000000000000000 ) ) ;
#4308 = CIRCLE ( 'NONE', #1864, 1.250000000000000222 ) ;
#4309 = CYLINDRICAL_SURFACE ( 'NONE', #703, 0.09999999999999982514 ) ;
#4310 = FACE_OUTER_BOUND ( 'NONE', #5028, .T. ) ;
#4311 = LINE ( 'NONE', #3970, #1265 ) ;
#4312 = EDGE_CURVE ( 'NONE', #169, #4850, #79, .T. ) ;
#4313 = ORIENTED_EDGE ( 'NONE', *, *, #5262, .T. ) ;
#4314 = VERTEX_POINT ( 'NONE', #3975 ) ;
#4315 = ORIENTED_EDGE ( 'NONE', *, *, #4405, .F. ) ;
#4316 = CARTESIAN_POINT ( 'NONE',  ( 2.821747544339999969, 3.500000000000000000, 0.000000000000000000 ) ) ;
#4317 = DIRECTION ( 'NONE',  ( 0.000000000000000000, 1.000000000000000000, 0.000000000000000000 ) ) ;
#4318 = ADVANCED_FACE ( 'NONE', ( #2158 ), #3550, .F. ) ;
#4319 = CARTESIAN_POINT ( 'NONE',  ( -0.9602627043257007111, 0.1054847958467588498, -2.730588545657100852 ) ) ;
#4320 = EDGE_CURVE ( 'NONE', #4004, #2853, #1524, .T. ) ;
#4321 = AXIS2_PLACEMENT_3D ( 'NONE', #4901, #1440, #4442 ) ;
#4322 = VECTOR ( 'NONE', #4865, 1000.000000000000114 ) ;
#4323 = AXIS2_PLACEMENT_3D ( 'NONE', #4106, #3309, #2430 ) ;
#4324 = DIRECTION ( 'NONE',  ( 1.000000000000000000, -0.000000000000000000, 0.000000000000000000 ) ) ;
#4325 = VERTEX_POINT ( 'NONE', #2606 ) ;
#4326 = CARTESIAN_POINT ( 'NONE',  ( 0.9144432289699242489, 0.07858527843868820528, -2.774623587266709546 ) ) ;
#4327 = CARTESIAN_POINT ( 'NONE',  ( -0.9056168927133027013, 0.07787957361659543498, 2.778260336641655837 ) ) ;
#4328 = CARTESIAN_POINT ( 'NONE',  ( 2.381868524081154792, 0.000000000000000000, 1.644664282158978308 ) ) ;
#4329 = VERTEX_POINT ( 'NONE', #1372 ) ;
#4330 = CARTESIAN_POINT ( 'NONE',  ( 5.656854249492000442, 3.500000000000000000, 6.506854249492000086 ) ) ;
#4331 = CARTESIAN_POINT ( 'NONE',  ( 0.9602627043225999692, 0.000000000000000000, -2.730588545663000577 ) ) ;
#4332 = DIRECTION ( 'NONE',  ( 0.000000000000000000, 0.000000000000000000, 1.000000000000000000 ) ) ;
#4333 = ORIENTED_EDGE ( 'NONE', *, *, #709, .F. ) ;
#4334 = ORIENTED_EDGE ( 'NONE', *, *, #5367, .F. ) ;
#4335 = VECTOR ( 'NONE', #3749, 1000.000000000000000 ) ;
#4336 = CARTESIAN_POINT ( 'NONE',  ( 2.335344606984944171, 0.08526593549491316704, 1.744103459021570934 ) ) ;
#4337 = EDGE_CURVE ( 'NONE', #2348, #4795, #526, .T. ) ;
#4338 = DIRECTION ( 'NONE',  ( 0.000000000000000000, 0.000000000000000000, -1.000000000000000000 ) ) ;
#4339 = CARTESIAN_POINT ( 'NONE',  ( -1.823620929132296453, 0.000000000000000000, 1.922734174771052462 ) ) ;
#4340 = CARTESIAN_POINT ( 'NONE',  ( -0.2514562686657892399, 0.2724669240244514401, -2.717935407435546846 ) ) ;
#4341 = EDGE_LOOP ( 'NONE', ( #2434, #2573 ) ) ;
#4342 = ORIENTED_EDGE ( 'NONE', *, *, #766, .T. ) ;
#4343 = EDGE_CURVE ( 'NONE', #569, #208, #1333, .T. ) ;
#4344 = VERTEX_POINT ( 'NONE', #5206 ) ;
#4345 = DIRECTION ( 'NONE',  ( 0.000000000000000000, 0.000000000000000000, -1.000000000000000000 ) ) ;
#4346 = DIRECTION ( 'NONE',  ( 0.000000000000000000, 0.000000000000000000, 1.000000000000000000 ) ) ;
#4347 = CARTESIAN_POINT ( 'NONE',  ( -0.9526339879011987977, 0.09605189444127472387, -2.743255116791735393 ) ) ;
#4348 = VECTOR ( 'NONE', #1689, 1000.000000000000000 ) ;
#4349 = EDGE_CURVE ( 'NONE', #2405, #5336, #826, .T. ) ;
#4350 = EDGE_CURVE ( 'NONE', #4794, #4643, #2546, .T. ) ;
#4351 = CARTESIAN_POINT ( 'NONE',  ( 2.627422110970790481, 0.3499999999930091255, -0.3451855309561632779 ) ) ;
#4352 = ORIENTED_EDGE ( 'NONE', *, *, #126, .F. ) ;
#4353 = CARTESIAN_POINT ( 'NONE',  ( 3.673940397424795647E-16, 0.000000000000000000, 2.999999999985902832 ) ) ;
#4354 = CIRCLE ( 'NONE', #5184, 2.649999999999999911 ) ;
#4355 = FACE_OUTER_BOUND ( 'NONE', #1191, .T. ) ;
#4356 = PLANE ( 'NONE',  #430 ) ;
#4357 = VERTEX_POINT ( 'NONE', #1306 ) ;
#4358 = CARTESIAN_POINT ( 'NONE',  ( 0.000000000000000000, 0.2000000000010563606, 0.000000000000000000 ) ) ;
#4359 = CYLINDRICAL_SURFACE ( 'NONE', #130, 1.250000000000000000 ) ;
#4360 = CARTESIAN_POINT ( 'NONE',  ( 2.142640994269560561, 4.710068299684089688, -1.000000000007483125 ) ) ;
#4361 = EDGE_LOOP ( 'NONE', ( #3964, #3440, #1995, #1214 ) ) ;
#4362 = B_SPLINE_CURVE_WITH_KNOTS ( 'NONE', 3,
 ( #2843, #2818, #163, #2791 ),
 .UNSPECIFIED., .F., .F.,
 ( 4, 4 ),
 ( 2.321040856944713992E-16, 0.0004546461370075627491 ),
 .UNSPECIFIED. ) ;
#4363 = VERTEX_POINT ( 'NONE', #3028 ) ;
#4364 = FACE_OUTER_BOUND ( 'NONE', #4260, .T. ) ;
#4365 = CARTESIAN_POINT ( 'NONE',  ( -2.335711441013081924, 0.08512501714665163255, 1.743848709367658234 ) ) ;
#4366 = CYLINDRICAL_SURFACE ( 'NONE', #2324, 2.649999999999999911 ) ;
#4367 = FACE_OUTER_BOUND ( 'NONE', #2963, .T. ) ;
#4368 = DIRECTION ( 'NONE',  ( -0.1391731009600952473, 0.000000000000000000, -0.9902680687415661431 ) ) ;
#4369 = EDGE_LOOP ( 'NONE', ( #3583, #2075, #3650, #4107 ) ) ;
#4370 = EDGE_CURVE ( 'NONE', #4227, #1130, #3428, .T. ) ;
#4371 = ORIENTED_EDGE ( 'NONE', *, *, #3857, .T. ) ;
#4372 = ORIENTED_EDGE ( 'NONE', *, *, #2195, .T. ) ;
#4373 = CARTESIAN_POINT ( 'NONE',  ( -1.698940810208446894, 0.08043333791886746187, -2.374335616053787401 ) ) ;
#4374 = DIRECTION ( 'NONE',  ( 0.000000000000000000, 1.000000000000000000, 0.000000000000000000 ) ) ;
#4375 = CIRCLE ( 'NONE', #2021, 2.649999999999999911 ) ;
#4376 = CARTESIAN_POINT ( 'NONE',  ( 2.370074274387772739, 3.499999999999999556, -0.7954545454545306482 ) ) ;
#4377 = ORIENTED_EDGE ( 'NONE', *, *, #3965, .F. ) ;
#4378 = CARTESIAN_POINT ( 'NONE',  ( 0.000000000000000000, 0.1999999999997970068, 0.000000000000000000 ) ) ;
#4379 = DIRECTION ( 'NONE',  ( 0.000000000000000000, -1.000000000000000000, 0.000000000000000000 ) ) ;
#4380 = FACE_OUTER_BOUND ( 'NONE', #2697, .T. ) ;
#4381 = DIRECTION ( 'NONE',  ( 0.000000000000000000, 0.000000000000000000, -1.000000000000000000 ) ) ;
#4382 = ORIENTED_EDGE ( 'NONE', *, *, #2122, .F. ) ;
#4383 = EDGE_CURVE ( 'NONE', #4990, #5487, #1509, .T. ) ;
#4384 = CARTESIAN_POINT ( 'NONE',  ( 0.9068743616275656283, 4.000000010781826987, -1.000019790085231008 ) ) ;
#4385 = CARTESIAN_POINT ( 'NONE',  ( -2.782756383890704566, 0.08836474067384253450, -0.8566968436278303844 ) ) ;
#4386 = EDGE_CURVE ( 'NONE', #4494, #3645, #2427, .T. ) ;
#4387 = ORIENTED_EDGE ( 'NONE', *, *, #468, .T. ) ;
#4388 = ORIENTED_EDGE ( 'NONE', *, *, #2115, .F. ) ;
#4389 = CARTESIAN_POINT ( 'NONE',  ( 0.000000000000000000, 5.099999999999999645, -3.999999999932606798 ) ) ;
#4390 = CARTESIAN_POINT ( 'NONE',  ( 1.644664282159000068, 0.000000000000000000, 2.381868524081000249 ) ) ;
#4391 = DIRECTION ( 'NONE',  ( 0.000000000000000000, -1.000000000000000000, 0.000000000000000000 ) ) ;
#4392 = VECTOR ( 'NONE', #1979, 1000.000000000000114 ) ;
#4393 = LINE ( 'NONE', #3851, #59 ) ;
#4394 = DIRECTION ( 'NONE',  ( -0.9902680687415660321, 0.000000000000000000, 0.1391731009600952196 ) ) ;
#4395 = ORIENTED_EDGE ( 'NONE', *, *, #3796, .F. ) ;
#4396 = CIRCLE ( 'NONE', #3116, 0.8500000000000000888 ) ;
#4397 = ORIENTED_EDGE ( 'NONE', *, *, #2605, .T. ) ;
#4398 = VECTOR ( 'NONE', #4762, 1000.000000000000000 ) ;
#4399 = ORIENTED_EDGE ( 'NONE', *, *, #4470, .F. ) ;
#4400 = PRESENTATION_STYLE_ASSIGNMENT (( #1395 ) ) ;
#4401 = DIRECTION ( 'NONE',  ( 1.000000000000000000, 0.000000000000000000, 0.000000000000000000 ) ) ;
#4402 = CARTESIAN_POINT ( 'NONE',  ( -2.346658220547527929, 0.2724669240241851531, 1.394129954481027500 ) ) ;
#4403 = DIRECTION ( 'NONE',  ( 0.000000000000000000, 1.000000000000000000, 0.000000000000000000 ) ) ;
#4404 = VERTEX_POINT ( 'NONE', #1962 ) ;
#4405 = EDGE_CURVE ( 'NONE', #4966, #128, #4024, .T. ) ;
#4406 = CARTESIAN_POINT ( 'NONE',  ( 5.656854249492000442, 0.000000000000000000, -6.506854249492000086 ) ) ;
#4407 = DIRECTION ( 'NONE',  ( 0.000000000000000000, 0.000000000000000000, 1.000000000000000000 ) ) ;
#4408 = CARTESIAN_POINT ( 'NONE',  ( 0.000000000000000000, 0.000000000000000000, 0.000000000000000000 ) ) ;
#4409 = DIRECTION ( 'NONE',  ( 0.1736481776669022981, 0.000000000000000000, -0.9848077530122131273 ) ) ;
#4410 = CIRCLE ( 'NONE', #1325, 0.8500000000000000888 ) ;
#4411 = ORIENTED_EDGE ( 'NONE', *, *, #4618, .T. ) ;
#4412 = VECTOR ( 'NONE', #2381, 1000.000000000000114 ) ;
#4413 = DIRECTION ( 'NONE',  ( -1.000000000000000000, -2.644395542647306820E-18, 0.000000000000000000 ) ) ;
#4414 = ADVANCED_FACE ( 'NONE', ( #655 ), #2733, .F. ) ;
#4415 = DIRECTION ( 'NONE',  ( -1.000000000000000000, 0.000000000000000000, -0.000000000000000000 ) ) ;
#4416 = DIRECTION ( 'NONE',  ( -1.000000000000000000, 0.000000000000000000, -0.000000000000000000 ) ) ;
#4417 = CIRCLE ( 'NONE', #5154, 2.649999999999999911 ) ;
#4418 = ORIENTED_EDGE ( 'NONE', *, *, #5160, .T. ) ;
#4419 = ORIENTED_EDGE ( 'NONE', *, *, #3225, .F. ) ;
#4420 = CARTESIAN_POINT ( 'NONE',  ( -2.605495114973357840, 0.3499999999947660534, 0.4836271351368074956 ) ) ;
#4421 = DIRECTION ( 'NONE',  ( 0.000000000000000000, 0.000000000000000000, -1.000000000000000000 ) ) ;
#4422 = ADVANCED_FACE ( 'NONE', ( #4887 ), #1906, .F. ) ;
#4423 = CYLINDRICAL_SURFACE ( 'NONE', #4597, 0.09999999999999982514 ) ;
#4424 = CARTESIAN_POINT ( 'NONE',  ( 1.180375299322999894, 0.000000000000000000, -2.316616962889999964 ) ) ;
#4425 = ORIENTED_EDGE ( 'NONE', *, *, #4278, .T. ) ;
#4426 = ORIENTED_EDGE ( 'NONE', *, *, #4104, .F. ) ;
#4427 = DIRECTION ( 'NONE',  ( 0.000000000000000000, 0.000000000000000000, 1.000000000000000000 ) ) ;
#4428 = CARTESIAN_POINT ( 'NONE',  ( -1.739035194422882347, 0.08275907220410075316, -2.342232102777993763 ) ) ;
#4429 = VECTOR ( 'NONE', #2129, 1000.000000000000000 ) ;
#4430 = CARTESIAN_POINT ( 'NONE',  ( 1.690703117850326453, 0.08227182555158192578, 2.377969375523055984 ) ) ;
#4431 = LINE ( 'NONE', #3553, #4230 ) ;
#4432 = ORIENTED_EDGE ( 'NONE', *, *, #3543, .T. ) ;
#4433 = AXIS2_PLACEMENT_3D ( 'NONE', #5076, #308, #2956 ) ;
#4434 = CARTESIAN_POINT ( 'NONE',  ( -0.4067296091045999873, 0.000000000000000000, 2.567989685546999912 ) ) ;
#4435 = LINE ( 'NONE', #2729, #2389 ) ;
#4436 = CARTESIAN_POINT ( 'NONE',  ( -1.180375299322999894, 0.000000000000000000, -2.316616962889999964 ) ) ;
#4437 = DIRECTION ( 'NONE',  ( 0.000000000000000000, 1.000000000000000000, 0.000000000000000000 ) ) ;
#4438 = ORIENTED_EDGE ( 'NONE', *, *, #1444, .F. ) ;
#4439 = VECTOR ( 'NONE', #1567, 1000.000000000000000 ) ;
#4440 = EDGE_CURVE ( 'NONE', #558, #1213, #2826, .T. ) ;
#4441 = AXIS2_PLACEMENT_3D ( 'NONE', #499, #3526, #48 ) ;
#4442 = DIRECTION ( 'NONE',  ( 0.000000000000000000, 0.000000000000000000, -1.000000000000000000 ) ) ;
#4443 = CARTESIAN_POINT ( 'NONE',  ( -10.17349497468821262, 3.299999999999692957, -1.249999999999875433 ) ) ;
#4444 = CARTESIAN_POINT ( 'NONE',  ( -2.781048445666032265, 0.09214600728068592095, -0.8493435028009714838 ) ) ;
#4445 = EDGE_LOOP ( 'NONE', ( #146, #2426, #4660, #1276 ) ) ;
#4446 = ADVANCED_FACE ( 'NONE', ( #132 ), #2722, .F. ) ;
#4447 = ORIENTED_EDGE ( 'NONE', *, *, #2593, .T. ) ;
#4448 = CARTESIAN_POINT ( 'NONE',  ( 1.265099007616710125, 0.3499999999946366014, 2.328524103572536141 ) ) ;
#4449 = CARTESIAN_POINT ( 'NONE',  ( -2.314610563004420918, 0.09605189444117731568, 1.753721212832161758 ) ) ;
#4450 = DIRECTION ( 'NONE',  ( 0.000000000000000000, 0.000000000000000000, 1.000000000000000000 ) ) ;
#4451 = DIRECTION ( 'NONE',  ( -0.000000000000000000, 1.000000000000000000, 0.000000000000000000 ) ) ;
#4452 = ORIENTED_EDGE ( 'NONE', *, *, #4370, .T. ) ;
#4453 = EDGE_CURVE ( 'NONE', #3199, #3870, #796, .T. ) ;
#4454 = ORIENTED_EDGE ( 'NONE', *, *, #3639, .T. ) ;
#4455 = VECTOR ( 'NONE', #3146, 1000.000000000000000 ) ;
#4456 = LINE ( 'NONE', #2748, #3547 ) ;
#4457 = CARTESIAN_POINT ( 'NONE',  ( 2.783128942310772569, 0.08043333791908206798, -0.8820786726387381815 ) ) ;
#4458 = CARTESIAN_POINT ( 'NONE',  ( -2.356245344793518104, 0.07858527843852616823, -1.727093033152975687 ) ) ;
#4459 = PLANE ( 'NONE',  #4605 ) ;
#4460 = ORIENTED_EDGE ( 'NONE', *, *, #1019, .T. ) ;
#4461 = DIRECTION ( 'NONE',  ( -0.000000000000000000, -1.000000000000000000, 0.000000000000000000 ) ) ;
#4462 = CARTESIAN_POINT ( 'NONE',  ( -10.15567650327771432, 3.366668457007928605, -0.7500000000000000000 ) ) ;
#4463 = LINE ( 'NONE', #3950, #4672 ) ;
#4464 = CARTESIAN_POINT ( 'NONE',  ( -9.949999999999999289, 3.200000000000000178, 0.000000000000000000 ) ) ;
#4465 = ORIENTED_EDGE ( 'NONE', *, *, #628, .F. ) ;
#4466 = B_SPLINE_CURVE_WITH_KNOTS ( 'NONE', 3,
 ( #3159, #976, #1007, #3042 ),
 .UNSPECIFIED., .F., .F.,
 ( 4, 4 ),
 ( 9.506617025690058679E-17, 0.0002832306823860348687 ),
 .UNSPECIFIED. ) ;
#4467 = DIRECTION ( 'NONE',  ( 0.000000000000000000, 0.000000000000000000, 1.000000000000000000 ) ) ;
#4468 = FACE_OUTER_BOUND ( 'NONE', #1857, .T. ) ;
#4469 = DIRECTION ( 'NONE',  ( 0.000000000000000000, 0.000000000000000000, -1.000000000000000000 ) ) ;
#4470 = EDGE_CURVE ( 'NONE', #4191, #5543, #4456, .T. ) ;
#4471 = ORIENTED_EDGE ( 'NONE', *, *, #5054, .F. ) ;
#4472 = ORIENTED_EDGE ( 'NONE', *, *, #3955, .T. ) ;
#4473 = CARTESIAN_POINT ( 'NONE',  ( -2.773520794010988499, 0.1054847958470536279, -0.8281308303520753533 ) ) ;
#4474 = EDGE_CURVE ( 'NONE', #5447, #5093, #121, .T. ) ;
#4475 = DIRECTION ( 'NONE',  ( 0.000000000000000000, 0.000000000000000000, -1.000000000000000000 ) ) ;
#4476 = ORIENTED_EDGE ( 'NONE', *, *, #864, .T. ) ;
#4477 = ORIENTED_EDGE ( 'NONE', *, *, #2023, .F. ) ;
#4478 = ADVANCED_FACE ( 'NONE', ( #4916 ), #1541, .F. ) ;
#4479 = CARTESIAN_POINT ( 'NONE',  ( 0.000000000000000000, 3.000000000000000000, 0.000000000000000000 ) ) ;
#4480 = CARTESIAN_POINT ( 'NONE',  ( 0.9602627043226560355, 3.500000000000000000, 2.730588545662827382 ) ) ;
#4482 = VECTOR ( 'NONE', #144, 1000.000000000000114 ) ;
#4481 = CARTESIAN_POINT ( 'NONE',  ( 0.4836271351366944193, 0.3499999999947773777, 2.605495114973312543 ) ) ;
#4483 = AXIS2_PLACEMENT_3D ( 'NONE', #2340, #3670, #4556 ) ;
#4484 = ORIENTED_EDGE ( 'NONE', *, *, #4018, .T. ) ;
#4485 = DIRECTION ( 'NONE',  ( -0.8829475928589172185, -0.000000000000000000, 0.4694715627859091245 ) ) ;
#4486 = EDGE_LOOP ( 'NONE', ( #2680, #4626, #1599, #3611 ) ) ;
#4487 = VECTOR ( 'NONE', #2949, 1000.000000000000114 ) ;
#4488 = EDGE_CURVE ( 'NONE', #4267, #1244, #4567, .T. ) ;
#4489 = EDGE_CURVE ( 'NONE', #1220, #4329, #5072, .T. ) ;
#4490 = CARTESIAN_POINT ( 'NONE',  ( 2.316616962889999964, 3.500000000000000000, -1.180375299322999894 ) ) ;
#4491 = CARTESIAN_POINT ( 'NONE',  ( -1.644664282152496826, 0.1054847958469097846, 2.381868524080120064 ) ) ;
#4492 = CARTESIAN_POINT ( 'NONE',  ( 9.650000000000000355, 3.500000000000000000, -0.2500000000000000000 ) ) ;
#4493 = CARTESIAN_POINT ( 'NONE',  ( -9.949999999999999289, 3.500000000000000000, -0.7500000000000000000 ) ) ;
#4494 = VERTEX_POINT ( 'NONE', #3599 ) ;
#4495 = VECTOR ( 'NONE', #4533, 1000.000000000000000 ) ;
#4496 = VECTOR ( 'NONE', #3431, 1000.000000000000000 ) ;
#4497 = CARTESIAN_POINT ( 'NONE',  ( -10.94999999999999929, 3.500000000000000000, 1.250000000000000000 ) ) ;
#4498 = DIRECTION ( 'NONE',  ( -0.000000000000000000, -1.000000000000000000, -0.000000000000000000 ) ) ;
#4499 = DIRECTION ( 'NONE',  ( 0.000000000000000000, -1.000000000000000000, 0.000000000000000000 ) ) ;
#4500 = ORIENTED_EDGE ( 'NONE', *, *, #1338, .F. ) ;
#4501 = AXIS2_PLACEMENT_3D ( 'NONE', #34, #426, #3476 ) ;
#4502 = VECTOR ( 'NONE', #2209, 1000.000000000000000 ) ;
#4503 = VERTEX_POINT ( 'NONE', #2295 ) ;
#4504 = DIRECTION ( 'NONE',  ( 0.000000000000000000, 0.000000000000000000, -1.000000000000000000 ) ) ;
#4505 = LINE ( 'NONE', #2429, #1150 ) ;
#4506 = DIRECTION ( 'NONE',  ( -0.000000000000000000, 1.000000000000000000, -0.000000000000000000 ) ) ;
#4507 = ORIENTED_EDGE ( 'NONE', *, *, #298, .F. ) ;
#4508 = CARTESIAN_POINT ( 'NONE',  ( -2.893681524369137836, 0.1054847958468026342, 0.06946583705042837231 ) ) ;
#4509 = ORIENTED_EDGE ( 'NONE', *, *, #904, .F. ) ;
#4510 = ORIENTED_EDGE ( 'NONE', *, *, #4804, .T. ) ;
#4511 = ADVANCED_FACE ( 'NONE', ( #183 ), #1876, .T. ) ;
#4512 = DIRECTION ( 'NONE',  ( 0.000000000000000000, 1.000000000000000000, 0.000000000000000000 ) ) ;
#4513 = DIRECTION ( 'NONE',  ( 0.000000000000000000, 0.000000000000000000, -1.000000000000000000 ) ) ;
#4514 = CARTESIAN_POINT ( 'NONE',  ( 0.007119848755355998038, 0.07825245564590280201, 2.921747544340000058 ) ) ;
#4515 = CARTESIAN_POINT ( 'NONE',  ( -2.282841717206999910, 3.500000000000000000, 1.658581592255000237 ) ) ;
#4516 = APPLICATION_CONTEXT ( 'automotive_design' ) ;
#4517 = ORIENTED_EDGE ( 'NONE', *, *, #4279, .F. ) ;
#4518 = EDGE_CURVE ( 'NONE', #4154, #4039, #4942, .T. ) ;
#4519 = LINE ( 'NONE', #631, #2785 ) ;
#4520 = ORIENTED_EDGE ( 'NONE', *, *, #3337, .T. ) ;
#4521 = AXIS2_PLACEMENT_3D ( 'NONE', #661, #5012, #605 ) ;
#4522 = CARTESIAN_POINT ( 'NONE',  ( -1.265099007619967519, 0.000000000000000000, -2.328524103573230697 ) ) ;
#4523 = CARTESIAN_POINT ( 'NONE',  ( -5.656854249492000442, 3.500000000000000000, -4.806854249491999909 ) ) ;
#4524 = FACE_OUTER_BOUND ( 'NONE', #3525, .T. ) ;
#4525 = CARTESIAN_POINT ( 'NONE',  ( 0.000000000000000000, 0.000000000000000000, 2.821747544339999969 ) ) ;
#4526 = ADVANCED_FACE ( 'NONE', ( #2811 ), #4725, .T. ) ;
#4527 = EDGE_CURVE ( 'NONE', #4795, #3383, #4542, .T. ) ;
#4528 = ORIENTED_EDGE ( 'NONE', *, *, #1621, .F. ) ;
#4529 = DIRECTION ( 'NONE',  ( 0.000000000000000000, -1.000000000000000000, -0.000000000000000000 ) ) ;
#4530 = DIRECTION ( 'NONE',  ( 0.000000000000000000, 0.000000000000000000, 1.000000000000000000 ) ) ;
#4531 = CARTESIAN_POINT ( 'NONE',  ( 2.142748923119184301, 4.710136862534374913, 1.000000071470703356 ) ) ;
#4532 = EDGE_LOOP ( 'NONE', ( #2834, #2249 ) ) ;
#4533 = DIRECTION ( 'NONE',  ( 0.000000000000000000, -1.000000000000000000, 0.000000000000000000 ) ) ;
#4534 = LINE ( 'NONE', #1474, #2683 ) ;
#4535 = ORIENTED_EDGE ( 'NONE', *, *, #3730, .F. ) ;
#4536 = CARTESIAN_POINT ( 'NONE',  ( -2.900098024870096047, 0.09922960516548635923, -0.06282135627448171000 ) ) ;
#4537 = VECTOR ( 'NONE', #4036, 1000.000000000000000 ) ;
#4538 = ORIENTED_EDGE ( 'NONE', *, *, #3996, .F. ) ;
#4539 = ORIENTED_EDGE ( 'NONE', *, *, #2150, .T. ) ;
#4540 = B_SPLINE_CURVE_WITH_KNOTS ( 'NONE', 3,
 ( #3449, #2965, #5172, #3795, #4336, #4252, #3847, #5584, #3908, #4732, #2542, #761, #1755, #2484, #372, #346, #1700, #1646, #3878 ),
 .UNSPECIFIED., .F., .F.,
 ( 4, 3, 3, 3, 3, 3, 4 ),
 ( 3.863008616376760170E-15, 3.346688102132672877E-05, 6.101997884386714641E-05, 8.880801656109064122E-05, 0.0001132950656153632052, 0.0001385224882852660339, 0.0001645295473115793411 ),
 .UNSPECIFIED. ) ;
#4541 = DIRECTION ( 'NONE',  ( -0.000000000000000000, -1.000000000000000000, -0.000000000000000000 ) ) ;
#4542 = LINE ( 'NONE', #2967, #2574 ) ;
#4543 = CARTESIAN_POINT ( 'NONE',  ( 2.730588545660018074, 0.1054847958445215700, -0.9602627043241499516 ) ) ;
#4544 = EDGE_LOOP ( 'NONE', ( #1472, #5250, #3597, #4720 ) ) ;
#4545 = LINE ( 'NONE', #4949, #2877 ) ;
#4546 = VERTEX_POINT ( 'NONE', #2915 ) ;
#4547 = FACE_BOUND ( 'NONE', #2741, .T. ) ;
#4548 = CARTESIAN_POINT ( 'NONE',  ( -2.381868524080120064, 0.1054847958469097846, -1.644664282152496826 ) ) ;
#4549 = EDGE_CURVE ( 'NONE', #3508, #2691, #731, .T. ) ;
#4550 = DIRECTION ( 'NONE',  ( 0.000000000000000000, 0.000000000000000000, -1.000000000000000000 ) ) ;
#4551 = CYLINDRICAL_SURFACE ( 'NONE', #4596, 0.09999999999999982514 ) ;
#4552 = ORIENTED_EDGE ( 'NONE', *, *, #4891, .F. ) ;
#4553 = DIRECTION ( 'NONE',  ( 0.000000000000000000, 0.000000000000000000, 1.000000000000000000 ) ) ;
#4554 = CARTESIAN_POINT ( 'NONE',  ( -2.381868524081154792, 0.000000000000000000, 1.644664282158978308 ) ) ;
#4555 = ADVANCED_FACE ( 'NONE', ( #1193 ), #5063, .T. ) ;
#4556 = DIRECTION ( 'NONE',  ( 0.000000000000000000, 0.000000000000000000, 1.000000000000000000 ) ) ;
#4557 = ORIENTED_EDGE ( 'NONE', *, *, #2369, .F. ) ;
#4558 = CARTESIAN_POINT ( 'NONE',  ( 0.000000000000000000, 0.000000000000000000, 0.000000000000000000 ) ) ;
#4559 = DIRECTION ( 'NONE',  ( 0.000000000000000000, 0.000000000000000000, -1.000000000000000000 ) ) ;
#4560 = DIRECTION ( 'NONE',  ( 0.000000000000000000, -1.000000000000000000, 0.000000000000000000 ) ) ;
#4561 = ORIENTED_EDGE ( 'NONE', *, *, #3789, .F. ) ;
#4562 = DIRECTION ( 'NONE',  ( 0.000000000000000000, -1.000000000000000000, 0.000000000000000000 ) ) ;
#4563 = ORIENTED_EDGE ( 'NONE', *, *, #5181, .T. ) ;
#4564 = ORIENTED_EDGE ( 'NONE', *, *, #2336, .F. ) ;
#4565 = AXIS2_PLACEMENT_3D ( 'NONE', #2086, #4723, #332 ) ;
#4566 = DIRECTION ( 'NONE',  ( 0.000000000000000000, 0.000000000000000000, -1.000000000000000000 ) ) ;
#4567 = LINE ( 'NONE', #4977, #2996 ) ;
#4568 = CARTESIAN_POINT ( 'NONE',  ( 0.04579494255363968785, 0.08899439348472057421, 2.910645369040657737 ) ) ;
#4569 = VERTEX_POINT ( 'NONE', #3772 ) ;
#4570 = ORIENTED_EDGE ( 'NONE', *, *, #4874, .T. ) ;
#4571 = EDGE_CURVE ( 'NONE', #2157, #5357, #266, .T. ) ;
#4572 = DIRECTION ( 'NONE',  ( 0.000000000000000000, -1.000000000000000000, 0.000000000000000000 ) ) ;
#4573 = EDGE_LOOP ( 'NONE', ( #3514, #110, #4387, #5443 ) ) ;
#4574 = AXIS2_PLACEMENT_3D ( 'NONE', #5056, #733, #2346 ) ;
#4575 = CARTESIAN_POINT ( 'NONE',  ( 1.140209032233722608, 0.3499999999927336236, 2.392158724418969928 ) ) ;
#4576 = DIRECTION ( 'NONE',  ( -0.000000000000000000, -1.000000000000000000, -0.000000000000000000 ) ) ;
#4577 = CONICAL_SURFACE ( 'NONE', #2485, 2.649999999953787544, 0.9600701622828115012 ) ;
#4578 = CARTESIAN_POINT ( 'NONE',  ( -9.949999999999999289, 3.500000000000000000, -1.250000000000000000 ) ) ;
#4579 = CARTESIAN_POINT ( 'NONE',  ( -1.658581592255000237, 0.000000000000000000, -2.282841717206999910 ) ) ;
#4580 = CIRCLE ( 'NONE', #5313, 10.25000000000000000 ) ;
#4582 = EDGE_CURVE ( 'NONE', #3508, #1820, #1990, .T. ) ;
#4581 = AXIS2_PLACEMENT_3D ( 'NONE', #3381, #2053, #3782 ) ;
#4583 = VERTEX_POINT ( 'NONE', #4225 ) ;
#4584 = CARTESIAN_POINT ( 'NONE',  ( 0.3451855309562329999, 0.000000000000000000, 2.627422110970723423 ) ) ;
#4585 = DIRECTION ( 'NONE',  ( 0.000000000000000000, -1.000000000000000000, -0.000000000000000000 ) ) ;
#4586 = CARTESIAN_POINT ( 'NONE',  ( -2.736964635117722811, 0.1005945232466590039, 0.9568724774229812047 ) ) ;
#4587 = VECTOR ( 'NONE', #2625, 1000.000000000000114 ) ;
#4588 = VERTEX_POINT ( 'NONE', #5561 ) ;
#4589 = EDGE_CURVE ( 'NONE', #2177, #228, #3574, .T. ) ;
#4590 = DIRECTION ( 'NONE',  ( 0.1736481776669022981, 0.000000000000000000, 0.9848077530122131273 ) ) ;
#4591 = DIRECTION ( 'NONE',  ( 0.000000000000000000, 0.000000000000000000, 1.000000000000000000 ) ) ;
#4592 = ORIENTED_EDGE ( 'NONE', *, *, #3085, .T. ) ;
#4593 = CARTESIAN_POINT ( 'NONE',  ( 2.300206534969821970, 0.1054847958448537210, 1.757062367557231886 ) ) ;
#4594 = ORIENTED_EDGE ( 'NONE', *, *, #1512, .F. ) ;
#4595 = CIRCLE ( 'NONE', #1607, 1.250000000000000222 ) ;
#4596 = AXIS2_PLACEMENT_3D ( 'NONE', #4525, #1521, #2000 ) ;
#4597 = AXIS2_PLACEMENT_3D ( 'NONE', #150, #2234, #1787 ) ;
#4598 = ORIENTED_EDGE ( 'NONE', *, *, #646, .F. ) ;
#4599 = EDGE_CURVE ( 'NONE', #5566, #1213, #348, .T. ) ;
#4600 = EDGE_CURVE ( 'NONE', #4677, #4357, #317, .T. ) ;
#4601 = CARTESIAN_POINT ( 'NONE',  ( 0.4836271351397708473, 0.000000000000000000, -2.605495114974444970 ) ) ;
#4602 = AXIS2_PLACEMENT_3D ( 'NONE', #2189, #45, #5348 ) ;
#4603 = DIRECTION ( 'NONE',  ( 0.9848077530122131273, -0.000000000000000000, -0.1736481776669022981 ) ) ;
#4604 = DIRECTION ( 'NONE',  ( 0.7193398003386733963, -0.000000000000000000, -0.6946583704589742725 ) ) ;
#4605 = AXIS2_PLACEMENT_3D ( 'NONE', #4088, #212, #3181 ) ;
#4606 = ORIENTED_EDGE ( 'NONE', *, *, #1511, .T. ) ;
#4607 = EDGE_LOOP ( 'NONE', ( #4821, #3974 ) ) ;
#4608 = ORIENTED_EDGE ( 'NONE', *, *, #47, .F. ) ;
#4609 = CARTESIAN_POINT ( 'NONE',  ( 1.658581592255000237, 3.500000000000000000, -2.382841717206999554 ) ) ;
#4610 = DIRECTION ( 'NONE',  ( 0.000000000000000000, -1.000000000000000000, 0.000000000000000000 ) ) ;
#4611 = DIRECTION ( 'NONE',  ( 0.000000000000000000, 1.000000000000000000, 0.000000000000000000 ) ) ;
#4612 = CARTESIAN_POINT ( 'NONE',  ( -10.94999999999999929, 3.500000000000000000, -0.7500000000000000000 ) ) ;
#4613 = CIRCLE ( 'NONE', #5342, 0.3000000000000000999 ) ;
#4614 = ORIENTED_EDGE ( 'NONE', *, *, #5036, .F. ) ;
#4615 = DIRECTION ( 'NONE',  ( 0.000000000000000000, 0.000000000000000000, 1.000000000000000000 ) ) ;
#4616 = CARTESIAN_POINT ( 'NONE',  ( 0.000000000000000000, 4.000000189808999629, 0.000000000000000000 ) ) ;
#4617 = PLANE ( 'NONE',  #4947 ) ;
#4618 = EDGE_CURVE ( 'NONE', #765, #577, #2284, .T. ) ;
#4619 = LINE ( 'NONE', #730, #3133 ) ;
#4620 = AXIS2_PLACEMENT_3D ( 'NONE', #544, #517, #2237 ) ;
#4621 = LINE ( 'NONE', #4190, #2464 ) ;
#4622 = ORIENTED_EDGE ( 'NONE', *, *, #4721, .T. ) ;
#4623 = VECTOR ( 'NONE', #1095, 1000.000000000000114 ) ;
#4624 = LINE ( 'NONE', #5026, #3716 ) ;
#4625 = EDGE_CURVE ( 'NONE', #4110, #1221, #945, .T. ) ;
#4626 = ORIENTED_EDGE ( 'NONE', *, *, #575, .F. ) ;
#4627 = AXIS2_PLACEMENT_3D ( 'NONE', #5000, #2832, #3567 ) ;
#4628 = VERTEX_POINT ( 'NONE', #2017 ) ;
#4629 = CARTESIAN_POINT ( 'NONE',  ( 0.000000000000000000, 0.3499999999999999778, 0.000000000000000000 ) ) ;
#4630 = AXIS2_PLACEMENT_3D ( 'NONE', #1822, #1763, #935 ) ;
#4631 = DIRECTION ( 'NONE',  ( -0.000000000000000000, 1.000000000000000000, 0.000000000000000000 ) ) ;
#4632 = DIRECTION ( 'NONE',  ( 0.000000000000000000, 0.000000000000000000, 1.000000000000000000 ) ) ;
#4633 = EDGE_CURVE ( 'NONE', #4966, #2348, #1135, .T. ) ;
#4634 = ORIENTED_EDGE ( 'NONE', *, *, #2828, .T. ) ;
#4635 = EDGE_CURVE ( 'NONE', #1912, #4494, #4301, .T. ) ;
#4636 = ORIENTED_EDGE ( 'NONE', *, *, #4207, .T. ) ;
#4637 = ORIENTED_EDGE ( 'NONE', *, *, #2328, .T. ) ;
#4638 = CARTESIAN_POINT ( 'NONE',  ( -2.567989685546999912, 0.000000000000000000, 0.4067296091045999873 ) ) ;
#4639 = DIRECTION ( 'NONE',  ( 0.000000000000000000, 1.000000000000000000, 0.000000000000000000 ) ) ;
#4640 = CARTESIAN_POINT ( 'NONE',  ( -1.922734174767881221, 0.3499999999947850382, 1.823620929132465207 ) ) ;
#4641 = DIRECTION ( 'NONE',  ( 0.000000000000000000, -1.000000000000000000, 0.000000000000000000 ) ) ;
#4642 = B_SPLINE_CURVE_WITH_KNOTS ( 'NONE', 3,
 ( #1353, #479, #536, #2676 ),
 .UNSPECIFIED., .F., .F.,
 ( 4, 4 ),
 ( 3.984330524924991657E-15, 0.0004546461369998824778 ),
 .UNSPECIFIED. ) ;
#4643 = VERTEX_POINT ( 'NONE', #841 ) ;
#4644 = CARTESIAN_POINT ( 'NONE',  ( 1.520355673120749040, 0.1904932317055098301, -2.364398088405977205 ) ) ;
#4645 = CARTESIAN_POINT ( 'NONE',  ( -2.730588545657089750, 0.1054847958467929059, -0.9602627043256296568 ) ) ;
#4646 = CARTESIAN_POINT ( 'NONE',  ( -0.8646216961392029221, 0.08512501714695627775, 2.783699980135474927 ) ) ;
#4647 = CARTESIAN_POINT ( 'NONE',  ( 0.000000000000000000, 0.000000000000000000, 0.000000000000000000 ) ) ;
#4648 = ORIENTED_EDGE ( 'NONE', *, *, #4618, .F. ) ;
#4649 = CIRCLE ( 'NONE', #2197, 10.25000000000000000 ) ;
#4650 = DIRECTION ( 'NONE',  ( 0.000000000000000000, 0.000000000000000000, -1.000000000000000000 ) ) ;
#4651 = ORIENTED_EDGE ( 'NONE', *, *, #2770, .T. ) ;
#4652 = ORIENTED_EDGE ( 'NONE', *, *, #1480, .T. ) ;
#4653 = CARTESIAN_POINT ( 'NONE',  ( 0.9237443818753822145, 0.08046707882544594514, 2.769553247033945009 ) ) ;
#4654 = ADVANCED_FACE ( 'NONE', ( #4367 ), #4577, .F. ) ;
#4655 = DIRECTION ( 'NONE',  ( 0.000000000000000000, 0.000000000000000000, 1.000000000000000000 ) ) ;
#4656 = PLANE ( 'NONE',  #104 ) ;
#4657 = ORIENTED_EDGE ( 'NONE', *, *, #4040, .T. ) ;
#4658 = ORIENTED_EDGE ( 'NONE', *, *, #477, .F. ) ;
#4659 = ADVANCED_FACE ( 'NONE', ( #2120 ), #1730, .F. ) ;
#4660 = ORIENTED_EDGE ( 'NONE', *, *, #2156, .F. ) ;
#4661 = DIRECTION ( 'NONE',  ( 1.445602896647338719E-15, 0.000000000000000000, -1.000000000000000000 ) ) ;
#4662 = DIRECTION ( 'NONE',  ( 0.000000000000000000, 1.000000000000000000, 0.000000000000000000 ) ) ;
#4663 = CARTESIAN_POINT ( 'NONE',  ( -9.650000000000000355, 3.200000000000000178, -0.7500000000000001110 ) ) ;
#4664 = CARTESIAN_POINT ( 'NONE',  ( 5.656854249492000442, 0.000000000000000000, 5.656854249492000442 ) ) ;
#4665 = EDGE_CURVE ( 'NONE', #1832, #169, #899, .T. ) ;
#4666 = ADVANCED_FACE ( 'NONE', ( #2627 ), #3020, .T. ) ;
#4667 = ORIENTED_EDGE ( 'NONE', *, *, #3575, .F. ) ;
#4668 = DIRECTION ( 'NONE',  ( -1.000000000000000000, 0.000000000000000000, -0.000000000000000000 ) ) ;
#4669 = CYLINDRICAL_SURFACE ( 'NONE', #671, 2.649999999999999911 ) ;
#4670 = CARTESIAN_POINT ( 'NONE',  ( -10.02197585309305339, 3.500000000001014300, 0.7500000000000000000 ) ) ;
#4671 = VECTOR ( 'NONE', #2312, 1000.000000000000000 ) ;
#4672 = VECTOR ( 'NONE', #556, 1000.000000000000000 ) ;
#4673 = CARTESIAN_POINT ( 'NONE',  ( 0.000000000000000000, 3.500000000000000000, 0.000000000000000000 ) ) ;
#4674 = FACE_OUTER_BOUND ( 'NONE', #3845, .T. ) ;
#4675 = DIRECTION ( 'NONE',  ( -0.000000000000000000, -1.000000000000000000, -0.000000000000000000 ) ) ;
#4676 = VECTOR ( 'NONE', #1839, 999.9999999999998863 ) ;
#4677 = VERTEX_POINT ( 'NONE', #3616 ) ;
#4678 = VERTEX_POINT ( 'NONE', #3512 ) ;
#4679 = CARTESIAN_POINT ( 'NONE',  ( -10.17349497468821262, 3.299999999999693845, 1.249999999999873435 ) ) ;
#4680 = DIRECTION ( 'NONE',  ( 0.000000000000000000, 1.000000000000000000, 0.000000000000000000 ) ) ;
#4681 = AXIS2_PLACEMENT_3D ( 'NONE', #1952, #284, #2883 ) ;
#4682 = VECTOR ( 'NONE', #941, 1000.000000000000000 ) ;
#4683 = CARTESIAN_POINT ( 'NONE',  ( -0.8719679450367001650, 3.500000000000000000, -2.683641389383999876 ) ) ;
#4684 = DIRECTION ( 'NONE',  ( -1.322197771323653410E-18, 1.000000000000000000, 0.000000000000000000 ) ) ;
#4685 = VERTEX_POINT ( 'NONE', #3052 ) ;
#4686 = VECTOR ( 'NONE', #1953, 1000.000000000000114 ) ;
#4687 = EDGE_CURVE ( 'NONE', #4170, #3802, #2235, .T. ) ;
#4688 = ORIENTED_EDGE ( 'NONE', *, *, #5223, .F. ) ;
#4689 = VECTOR ( 'NONE', #4566, 1000.000000000000000 ) ;
#4690 = MECHANICAL_DESIGN_GEOMETRIC_PRESENTATION_REPRESENTATION (  '', ( #2236 ), #4965 ) ;
#4691 = VERTEX_POINT ( 'NONE', #5361 ) ;
#4692 = CARTESIAN_POINT ( 'NONE',  ( -1.922734174770916127, 3.500000000000000000, 1.823620929131930302 ) ) ;
#4693 = CARTESIAN_POINT ( 'NONE',  ( 1.661403498199306439, 0.09514357171789565581, -2.382841717207046184 ) ) ;
#4694 = CARTESIAN_POINT ( 'NONE',  ( -2.176583360790822486, 0.1904932317070816006, 1.778860468605750089 ) ) ;
#4695 = CARTESIAN_POINT ( 'NONE',  ( 0.8719679450367001650, 3.500000000000000000, -2.783641389383999964 ) ) ;
#4696 = ORIENTED_EDGE ( 'NONE', *, *, #810, .T. ) ;
#4697 = CARTESIAN_POINT ( 'NONE',  ( 0.000000000000000000, 4.000000189808999629, 0.000000000000000000 ) ) ;
#4698 = DIRECTION ( 'NONE',  ( 0.000000000000000000, 0.000000000000000000, -1.000000000000000000 ) ) ;
#4699 = DIRECTION ( 'NONE',  ( 0.000000000000000000, -1.000000000000000000, 0.000000000000000000 ) ) ;
#4700 = EDGE_CURVE ( 'NONE', #1213, #558, #325, .T. ) ;
#4701 = EDGE_CURVE ( 'NONE', #5311, #3559, #853, .T. ) ;
#4702 = LINE ( 'NONE', #2173, #4923 ) ;
#4703 = LINE ( 'NONE', #2933, #1858 ) ;
#4704 = EDGE_LOOP ( 'NONE', ( #902, #2037, #2404, #814 ) ) ;
#4705 = ORIENTED_EDGE ( 'NONE', *, *, #137, .F. ) ;
#4706 = CARTESIAN_POINT ( 'NONE',  ( 0.9301312291940396770, 0.08275907220435647915, 2.764986532915078676 ) ) ;
#4707 = B_SPLINE_CURVE_WITH_KNOTS ( 'NONE', 3,
 ( #3053, #489, #900, #3938 ),
 .UNSPECIFIED., .F., .F.,
 ( 4, 4 ),
 ( 4.418581123076082938E-18, 0.0004546461370039785936 ),
 .UNSPECIFIED. ) ;
#4708 = DIRECTION ( 'NONE',  ( 0.000000000000000000, -1.000000000000000000, 0.000000000000000000 ) ) ;
#4709 = CARTESIAN_POINT ( 'NONE',  ( 0.000000000000000000, -2.029518046675615750E-12, 0.000000000000000000 ) ) ;
#4710 = DIRECTION ( 'NONE',  ( -0.7193398003386733963, 0.000000000000000000, 0.6946583704589742725 ) ) ;
#4711 = AXIS2_PLACEMENT_3D ( 'NONE', #3852, #4684, #318 ) ;
#4712 = EDGE_LOOP ( 'NONE', ( #2206, #1451, #1896, #623 ) ) ;
#4713 = ORIENTED_EDGE ( 'NONE', *, *, #262, .F. ) ;
#4714 = EDGE_LOOP ( 'NONE', ( #4705, #1486, #3143, #322 ) ) ;
#4715 = EDGE_CURVE ( 'NONE', #182, #828, #234, .T. ) ;
#4716 = CARTESIAN_POINT ( 'NONE',  ( 2.085665361460999900, 3.499999999999999556, 1.000000000000000000 ) ) ;
#4717 = PLANE ( 'NONE',  #3443 ) ;
#4718 = CARTESIAN_POINT ( 'NONE',  ( 0.4836271351398847562, 0.3499999999930269445, -2.605495114974500481 ) ) ;
#4719 = DIRECTION ( 'NONE',  ( -0.000000000000000000, -1.000000000000000000, -0.000000000000000000 ) ) ;
#4720 = ORIENTED_EDGE ( 'NONE', *, *, #385, .T. ) ;
#4721 = EDGE_CURVE ( 'NONE', #2690, #5170, #4393, .T. ) ;
#4722 = CYLINDRICAL_SURFACE ( 'NONE', #362, 0.3000000000000000444 ) ;
#4723 = DIRECTION ( 'NONE',  ( -0.000000000000000000, 1.000000000000000000, -0.000000000000000000 ) ) ;
#4724 = FACE_OUTER_BOUND ( 'NONE', #2070, .T. ) ;
#4725 = CONICAL_SURFACE ( 'NONE', #1311, 10.25000000000102851, 0.7853981633972997312 ) ;
#4726 = CARTESIAN_POINT ( 'NONE',  ( 2.893681524371472857, 0.1054847958445267880, -0.06946583704801073678 ) ) ;
#4727 = EDGE_CURVE ( 'NONE', #5456, #5096, #1301, .T. ) ;
#4728 = CARTESIAN_POINT ( 'NONE',  ( -9.949999999999999289, 3.500000000000000000, -1.250000000000000000 ) ) ;
#4729 = LINE ( 'NONE', #2174, #3305 ) ;
#4730 = VERTEX_POINT ( 'NONE', #5254 ) ;
#4731 = ORIENTED_EDGE ( 'NONE', *, *, #270, .F. ) ;
#4732 = CARTESIAN_POINT ( 'NONE',  ( 2.367359243420503301, 0.07845275834192907971, 1.712030518930376832 ) ) ;
#4733 = EDGE_CURVE ( 'NONE', #2717, #1130, #2020, .T. ) ;
#4734 = AXIS2_PLACEMENT_3D ( 'NONE', #4871, #4811, #3986 ) ;
#4735 = EDGE_CURVE ( 'NONE', #4885, #5430, #928, .T. ) ;
#4736 = DIRECTION ( 'NONE',  ( 0.000000000000000000, 1.000000000000000000, 0.000000000000000000 ) ) ;
#4737 = CARTESIAN_POINT ( 'NONE',  ( 0.000000000000000000, 0.000000000000000000, 0.000000000000000000 ) ) ;
#4738 = LINE ( 'NONE', #2568, #2616 ) ;
#4739 = ORIENTED_EDGE ( 'NONE', *, *, #3842, .F. ) ;
#4740 = EDGE_LOOP ( 'NONE', ( #1699, #3694, #4592, #545 ) ) ;
#4741 = ORIENTED_EDGE ( 'NONE', *, *, #232, .F. ) ;
#4742 = DIRECTION ( 'NONE',  ( 0.000000000000000000, -1.000000000000000000, 0.000000000000000000 ) ) ;
#4743 = CARTESIAN_POINT ( 'NONE',  ( -1.140209032233430397, 0.000000000000000000, 2.392158724419229276 ) ) ;
#4744 = CARTESIAN_POINT ( 'NONE',  ( 0.000000000000000000, 0.3499999999999999778, 0.000000000000000000 ) ) ;
#4745 = CARTESIAN_POINT ( 'NONE',  ( 0.4067296091045999873, 0.000000000000000000, 2.567989685546999912 ) ) ;
#4746 = ORIENTED_EDGE ( 'NONE', *, *, #805, .T. ) ;
#4747 = CARTESIAN_POINT ( 'NONE',  ( 0.8724733043585384262, 0.08283293823771217812, -2.783640432581495627 ) ) ;
#4748 = CARTESIAN_POINT ( 'NONE',  ( -0.9602627043256297679, 0.1054847958467931279, 2.730588545657089750 ) ) ;
#4749 = CARTESIAN_POINT ( 'NONE',  ( 2.893681524371472857, 0.1054847958445267880, -0.06946583704801073678 ) ) ;
#4750 = EDGE_LOOP ( 'NONE', ( #4594, #1112, #2492, #3294, #2629, #2945, #1959, #181 ) ) ;
#4751 = ADVANCED_FACE ( 'NONE', ( #4310 ), #2544, .F. ) ;
#4752 = DIRECTION ( 'NONE',  ( 0.000000000000000000, 0.000000000000000000, -1.000000000000000000 ) ) ;
#4753 = CARTESIAN_POINT ( 'NONE',  ( -2.730588545657100852, 0.1054847958467588082, 0.9602627043257007111 ) ) ;
#4754 = VECTOR ( 'NONE', #4585, 1000.000000000000000 ) ;
#4755 = VECTOR ( 'NONE', #4631, 1000.000000000000000 ) ;
#4756 = ORIENTED_EDGE ( 'NONE', *, *, #3274, .T. ) ;
#4757 = EDGE_CURVE ( 'NONE', #3559, #2946, #2657, .T. ) ;
#4758 = ORIENTED_EDGE ( 'NONE', *, *, #4488, .T. ) ;
#4759 = CARTESIAN_POINT ( 'NONE',  ( 0.000000000000000000, 0.3499999999999999778, 0.000000000000000000 ) ) ;
#4760 = AXIS2_PLACEMENT_3D ( 'NONE', #4205, #326, #5547 ) ;
#4761 = CARTESIAN_POINT ( 'NONE',  ( 0.000000000000000000, 3.500000000000000000, 0.000000000000000000 ) ) ;
#4762 = DIRECTION ( 'NONE',  ( -0.000000000000000000, 1.000000000000000000, -0.000000000000000000 ) ) ;
#4763 = CARTESIAN_POINT ( 'NONE',  ( -1.265099007619859606, 0.000000000000000000, 2.328524103572743087 ) ) ;
#4764 = ORIENTED_EDGE ( 'NONE', *, *, #2441, .T. ) ;
#4765 = EDGE_CURVE ( 'NONE', #5258, #1198, #2994, .T. ) ;
#4766 = EDGE_CURVE ( 'NONE', #182, #1220, #1274, .T. ) ;
#4767 = EDGE_LOOP ( 'NONE', ( #405, #1676, #3269, #5066 ) ) ;
#4768 = ORIENTED_EDGE ( 'NONE', *, *, #2030, .T. ) ;
#4769 = CARTESIAN_POINT ( 'NONE',  ( 2.085665361460999900, 5.400000000000000355, 1.000000000000000000 ) ) ;
#4770 = CARTESIAN_POINT ( 'NONE',  ( 0.8719679450367001650, 3.500000000000000000, -2.683641389383999876 ) ) ;
#4771 = CARTESIAN_POINT ( 'NONE',  ( -2.309303120725661351, 0.09922960516599038661, -1.755458394056492066 ) ) ;
#4772 = AXIS2_PLACEMENT_3D ( 'NONE', #5521, #5071, #3833 ) ;
#4773 = CARTESIAN_POINT ( 'NONE',  ( 5.656854249492000442, 3.500000000000000000, -4.806854249491999909 ) ) ;
#4774 = ORIENTED_EDGE ( 'NONE', *, *, #943, .T. ) ;
#4775 = AXIS2_PLACEMENT_3D ( 'NONE', #2789, #603, #1432 ) ;
#4776 = FACE_OUTER_BOUND ( 'NONE', #3933, .T. ) ;
#4777 = CYLINDRICAL_SURFACE ( 'NONE', #4306, 0.1000000000000000056 ) ;
#4778 = DIRECTION ( 'NONE',  ( 0.000000000000000000, 1.000000000000000000, -0.000000000000000000 ) ) ;
#4779 = DIRECTION ( 'NONE',  ( 0.000000000000000000, -1.000000000000000000, 0.000000000000000000 ) ) ;
#4780 = EDGE_LOOP ( 'NONE', ( #203, #3350, #980, #3866 ) ) ;
#4781 = CARTESIAN_POINT ( 'NONE',  ( -1.658581592255000237, 3.500000000000000000, -2.282841717206999910 ) ) ;
#4782 = DIRECTION ( 'NONE',  ( 1.000000000000000000, 0.000000000000000000, 0.000000000000000000 ) ) ;
#4783 = CARTESIAN_POINT ( 'NONE',  ( -2.783578968231167128, 0.08046707882547309010, -0.8805776506495920364 ) ) ;
#4784 = EDGE_CURVE ( 'NONE', #923, #4314, #3304, .T. ) ;
#4785 = ORIENTED_EDGE ( 'NONE', *, *, #4766, .T. ) ;
#4786 = ORIENTED_EDGE ( 'NONE', *, *, #2710, .T. ) ;
#4787 = DIRECTION ( 'NONE',  ( -0.000000000000000000, -1.000000000000000000, -0.000000000000000000 ) ) ;
#4788 = CARTESIAN_POINT ( 'NONE',  ( 1.823620929131928525, 0.3499999999929288563, 1.922734174770948767 ) ) ;
#4789 = CARTESIAN_POINT ( 'NONE',  ( -3.580681656734000243E-07, 5.400000000000000355, 1.524477637742000022E-07 ) ) ;
#4790 = ADVANCED_FACE ( 'NONE', ( #669 ), #4617, .F. ) ;
#4791 = DIRECTION ( 'NONE',  ( -0.000000000000000000, -1.000000000000000000, 0.000000000000000000 ) ) ;
#4792 = DIRECTION ( 'NONE',  ( 0.000000000000000000, 0.000000000000000000, -1.000000000000000000 ) ) ;
#4793 = ORIENTED_EDGE ( 'NONE', *, *, #4249, .F. ) ;
#4794 = VERTEX_POINT ( 'NONE', #224 ) ;
#4795 = VERTEX_POINT ( 'NONE', #5019 ) ;
#4796 = EDGE_CURVE ( 'NONE', #2767, #2057, #1678, .T. ) ;
#4797 = ADVANCED_FACE ( 'NONE', ( #4158 ), #3758, .F. ) ;
#4798 = CARTESIAN_POINT ( 'NONE',  ( 5.656854249492000442, 3.500000000000000000, -5.656854249492000442 ) ) ;
#4799 = DIRECTION ( 'NONE',  ( 0.000000000000000000, -1.000000000000000000, 0.000000000000000000 ) ) ;
#4800 = CARTESIAN_POINT ( 'NONE',  ( -0.9089275692156801867, 0.07845275834219002375, -2.776560634863871169 ) ) ;
#4801 = VECTOR ( 'NONE', #1259, 1000.000000000000000 ) ;
#4802 = CARTESIAN_POINT ( 'NONE',  ( 8.000000000000000000, 3.500000000000000000, -1.250000000000000000 ) ) ;
#4803 = ORIENTED_EDGE ( 'NONE', *, *, #766, .F. ) ;
#4804 = EDGE_CURVE ( 'NONE', #1198, #3315, #698, .T. ) ;
#4805 = DIRECTION ( 'NONE',  ( 1.000000000000000000, 0.000000000000000000, -0.000000000000000000 ) ) ;
#4806 = CIRCLE ( 'NONE', #640, 2.649999999999999911 ) ;
#4807 = FACE_OUTER_BOUND ( 'NONE', #4078, .T. ) ;
#4808 = LINE ( 'NONE', #5324, #4322 ) ;
#4809 = ORIENTED_EDGE ( 'NONE', *, *, #745, .F. ) ;
#4810 = CARTESIAN_POINT ( 'NONE',  ( 8.000000000000000000, 0.000000000000000000, 1.250000000000000000 ) ) ;
#4811 = DIRECTION ( 'NONE',  ( -2.115516434117844840E-17, -1.000000000000000000, 0.000000000000000000 ) ) ;
#4812 = CARTESIAN_POINT ( 'NONE',  ( 2.282841717206999910, 0.000000000000000000, -1.658581592255000237 ) ) ;
#4813 = ORIENTED_EDGE ( 'NONE', *, *, #3785, .T. ) ;
#4814 = ORIENTED_EDGE ( 'NONE', *, *, #1927, .F. ) ;
#4815 = ADVANCED_FACE ( 'NONE', ( #1494 ), #2764, .F. ) ;
#4816 = CARTESIAN_POINT ( 'NONE',  ( -10.94999999999999929, 0.000000000000000000, 1.250000000000000000 ) ) ;
#4817 = CARTESIAN_POINT ( 'NONE',  ( -0.8281308303520755754, 0.1054847958470535446, 2.773520794010988499 ) ) ;
#4818 = CARTESIAN_POINT ( 'NONE',  ( -0.8281308303577999963, 3.500000000000000000, -2.773520794013999868 ) ) ;
#4819 = CARTESIAN_POINT ( 'NONE',  ( 1.112373931668009908, 4.096616936295315980, 1.000000000000000000 ) ) ;
#4820 = CARTESIAN_POINT ( 'NONE',  ( 0.000000000000000000, 3.500000000000000000, 0.000000000000000000 ) ) ;
#4821 = ORIENTED_EDGE ( 'NONE', *, *, #984, .F. ) ;
#4822 = ORIENTED_EDGE ( 'NONE', *, *, #5021, .F. ) ;
#4823 = EDGE_CURVE ( 'NONE', #4583, #4546, #3280, .T. ) ;
#4824 = ORIENTED_EDGE ( 'NONE', *, *, #1318, .T. ) ;
#4825 =( NAMED_UNIT ( * ) PLANE_ANGLE_UNIT ( ) SI_UNIT ( $, .RADIAN. ) );
#4826 = FACE_OUTER_BOUND ( 'NONE', #2010, .T. ) ;
#4827 = CARTESIAN_POINT ( 'NONE',  ( 1.698940810208446894, 0.08043333791886747575, 2.374335616053787401 ) ) ;
#4828 = AXIS2_PLACEMENT_3D ( 'NONE', #3188, #2311, #4553 ) ;
#4829 = ADVANCED_FACE ( 'NONE', ( #1067 ), #200, .F. ) ;
#4830 = DIRECTION ( 'NONE',  ( 0.000000000000000000, 1.000000000000000000, 0.000000000000000000 ) ) ;
#4831 = ORIENTED_EDGE ( 'NONE', *, *, #171, .F. ) ;
#4832 = CARTESIAN_POINT ( 'NONE',  ( -0.8281308303520755754, 0.1054847958470535446, 2.773520794010988499 ) ) ;
#4833 = CARTESIAN_POINT ( 'NONE',  ( 0.000000000000000000, 5.400000000000000355, 1.000000000000000000 ) ) ;
#4834 = CARTESIAN_POINT ( 'NONE',  ( 2.919490216495766788, 0.08043333791867890437, 0.02112747121286045679 ) ) ;
#4835 = DIRECTION ( 'NONE',  ( 0.000000000000000000, 0.000000000000000000, 1.000000000000000000 ) ) ;
#4836 = ORIENTED_EDGE ( 'NONE', *, *, #5600, .T. ) ;
#4837 = ADVANCED_FACE ( 'NONE', ( #4100 ), #1097, .F. ) ;
#4838 = EDGE_CURVE ( 'NONE', #3038, #3989, #680, .T. ) ;
#4839 = AXIS2_PLACEMENT_3D ( 'NONE', #2138, #5605, #1716 ) ;
#4840 = CARTESIAN_POINT ( 'NONE',  ( -2.750000000000000000, 3.499999999923351091, -4.763139720814000277 ) ) ;
#4841 = DIRECTION ( 'NONE',  ( 0.000000000000000000, 0.000000000000000000, -1.000000000000000000 ) ) ;
#4842 = DIRECTION ( 'NONE',  ( -0.9848077530122131273, -0.000000000000000000, -0.1736481776669022981 ) ) ;
#4843 = VERTEX_POINT ( 'NONE', #2451 ) ;
#4844 = ORIENTED_EDGE ( 'NONE', *, *, #2266, .F. ) ;
#4845 = CARTESIAN_POINT ( 'NONE',  ( 5.656854249492000442, 3.500000000000000000, -5.656854249492000442 ) ) ;
#4846 = DIRECTION ( 'NONE',  ( 0.000000000000000000, 0.000000000000000000, 1.000000000000000000 ) ) ;
#4847 = DIRECTION ( 'NONE',  ( -0.000000000000000000, -1.000000000000000000, -0.000000000000000000 ) ) ;
#4848 = VECTOR ( 'NONE', #2461, 1000.000000000000114 ) ;
#4849 = CARTESIAN_POINT ( 'NONE',  ( -2.328524103572494841, 0.3499999999946632467, -1.265099007616730775 ) ) ;
#4850 = VERTEX_POINT ( 'NONE', #1035 ) ;
#4851 = ORIENTED_EDGE ( 'NONE', *, *, #2376, .T. ) ;
#4852 = AXIS2_PLACEMENT_3D ( 'NONE', #5070, #2925, #1228 ) ;
#4853 = DIRECTION ( 'NONE',  ( 0.000000000000000000, 0.000000000000000000, -1.000000000000000000 ) ) ;
#4854 = CARTESIAN_POINT ( 'NONE',  ( -1.755808390171086808, 0.1005945232467967132, -2.307318194124664767 ) ) ;
#4856 = EDGE_CURVE ( 'NONE', #1130, #923, #483, .T. ) ;
#4855 = CIRCLE ( 'NONE', #1418, 0.09999999999999982514 ) ;
#4857 = CARTESIAN_POINT ( 'NONE',  ( -0.9237443818753823255, 0.08046707882544601453, -2.769553247033945009 ) ) ;
#4858 = B_SPLINE_CURVE_WITH_KNOTS ( 'NONE', 3,
 ( #5556, #5275, #2282, #3505, #4360, #5302 ),
 .UNSPECIFIED., .F., .F.,
 ( 4, 2, 4 ),
 ( 0.000000000000000000, 0.0001997453136462706640, 0.0003994906272925413280 ),
 .UNSPECIFIED. ) ;
#4859 = CARTESIAN_POINT ( 'NONE',  ( -2.730588545657089750, 0.1054847958467929059, -0.9602627043256296568 ) ) ;
#4860 = ORIENTED_EDGE ( 'NONE', *, *, #2983, .F. ) ;
#4861 = LINE ( 'NONE', #3095, #102 ) ;
#4862 = CARTESIAN_POINT ( 'NONE',  ( -2.750000000000000000, 3.499999999967964293, 4.013139720774892005 ) ) ;
#4863 = EDGE_CURVE ( 'NONE', #4503, #2267, #389, .T. ) ;
#4864 = CARTESIAN_POINT ( 'NONE',  ( 2.605495114973312543, 0.3499999999947774332, -0.4836271351366938642 ) ) ;
#4865 = DIRECTION ( 'NONE',  ( -0.1391731009600952196, -0.000000000000000000, -0.9902680687415660321 ) ) ;
#4866 = AXIS2_PLACEMENT_3D ( 'NONE', #4781, #559, #889 ) ;
#4867 = EDGE_LOOP ( 'NONE', ( #1047, #2107, #5095, #3182 ) ) ;
#4868 = CIRCLE ( 'NONE', #76, 2.649999999999999911 ) ;
#4869 = CIRCLE ( 'NONE', #1788, 0.8500000000000000888 ) ;
#4870 = DIRECTION ( 'NONE',  ( 0.000000000000000000, 0.000000000000000000, -1.000000000000000000 ) ) ;
#4871 = CARTESIAN_POINT ( 'NONE',  ( 0.000000000000000000, 3.299999999998942446, 0.000000000000000000 ) ) ;
#4872 = CARTESIAN_POINT ( 'NONE',  ( -0.8281308303577958885, 3.500000000000000000, -2.773520794013958124 ) ) ;
#4873 = AXIS2_PLACEMENT_3D ( 'NONE', #4921, #4736, #840 ) ;
#4874 = EDGE_CURVE ( 'NONE', #510, #4691, #2534, .T. ) ;
#4875 = ADVANCED_FACE ( 'NONE', ( #1663 ), #3838, .F. ) ;
#4876 = ORIENTED_EDGE ( 'NONE', *, *, #1577, .T. ) ;
#4877 = VERTEX_POINT ( 'NONE', #3895 ) ;
#4878 = CARTESIAN_POINT ( 'NONE',  ( 0.2514563363691413866, 0.2724669800288299082, 2.717935342055179948 ) ) ;
#4879 = DIRECTION ( 'NONE',  ( 0.9902680687415660321, 0.000000000000000000, 0.1391731009600952196 ) ) ;
#4880 = B_SPLINE_CURVE_WITH_KNOTS ( 'NONE', 3,
 ( #1133, #2351, #5003, #1935, #4171, #4975 ),
 .UNSPECIFIED., .F., .F.,
 ( 4, 2, 4 ),
 ( 2.307154857379469885E-14, 0.0006789643383015018293, 0.001357928676579932270 ),
 .UNSPECIFIED. ) ;
#4881 = DIRECTION ( 'NONE',  ( 0.000000000000000000, 0.000000000000000000, -1.000000000000000000 ) ) ;
#4882 = CARTESIAN_POINT ( 'NONE',  ( -2.917587995578850180, 0.08227182555139518627, -0.02992777455142745305 ) ) ;
#4883 = ORIENTED_EDGE ( 'NONE', *, *, #4166, .T. ) ;
#4884 = PRODUCT_DEFINITION_SHAPE ( 'NONE', 'NONE',  #3145 ) ;
#4885 = VERTEX_POINT ( 'NONE', #1691 ) ;
#4886 = VECTOR ( 'NONE', #1840, 1000.000000000000000 ) ;
#4887 = FACE_OUTER_BOUND ( 'NONE', #3215, .T. ) ;
#4888 = CARTESIAN_POINT ( 'NONE',  ( -5.656854249492000442, 3.500000000000000000, 5.656854249492000442 ) ) ;
#4889 = CARTESIAN_POINT ( 'NONE',  ( 1.265099007619514992, 3.500000000000000000, 2.328524103572930493 ) ) ;
#4890 = EDGE_LOOP ( 'NONE', ( #1172, #4285, #1654, #5035 ) ) ;
#4891 = EDGE_CURVE ( 'NONE', #3745, #4276, #446, .T. ) ;
#4892 = CIRCLE ( 'NONE', #4620, 2.649999999999999911 ) ;
#4893 = FACE_OUTER_BOUND ( 'NONE', #1138, .T. ) ;
#4894 = VERTEX_POINT ( 'NONE', #4670 ) ;
#4895 = DIRECTION ( 'NONE',  ( -0.9902680687415661431, 0.000000000000000000, 0.1391731009600952473 ) ) ;
#4896 = LINE ( 'NONE', #5241, #5043 ) ;
#4897 = CARTESIAN_POINT ( 'NONE',  ( 1.530808498934192310E-16, 0.000000000000000000, -9.250000000000000000 ) ) ;
#4898 = DIRECTION ( 'NONE',  ( 1.000000000000000000, 0.000000000000000000, -0.000000000000000000 ) ) ;
#4899 = EDGE_LOOP ( 'NONE', ( #2100, #5155, #4148, #1401 ) ) ;
#4900 = EDGE_CURVE ( 'NONE', #3997, #1795, #1182, .T. ) ;
#4901 = CARTESIAN_POINT ( 'NONE',  ( 0.000000000000000000, 3.500000000000000000, 0.000000000000000000 ) ) ;
#4902 = PLANE ( 'NONE',  #1290 ) ;
#4903 = DIRECTION ( 'NONE',  ( 0.000000000000000000, -1.000000000000000000, 0.000000000000000000 ) ) ;
#4904 = VERTEX_POINT ( 'NONE', #2476 ) ;
#4905 = AXIS2_PLACEMENT_3D ( 'NONE', #1080, #4943, #2723 ) ;
#4906 = VERTEX_POINT ( 'NONE', #5132 ) ;
#4907 = EDGE_CURVE ( 'NONE', #3645, #2318, #3521, .T. ) ;
#4908 = CARTESIAN_POINT ( 'NONE',  ( -3.580681656734000243E-07, 5.400000000000000355, 1.524477637742000022E-07 ) ) ;
#4909 = CARTESIAN_POINT ( 'NONE',  ( -2.365679909505834733, 0.07787957361636550779, 1.715351573376640015 ) ) ;
#4910 = FACE_OUTER_BOUND ( 'NONE', #3174, .T. ) ;
#4911 = DIRECTION ( 'NONE',  ( 0.000000000000000000, -1.000000000000000000, 0.000000000000000000 ) ) ;
#4912 = ORIENTED_EDGE ( 'NONE', *, *, #4944, .T. ) ;
#4913 = ORIENTED_EDGE ( 'NONE', *, *, #1394, .F. ) ;
#4914 = ADVANCED_FACE ( 'NONE', ( #855 ), #806, .F. ) ;
#4915 = ADVANCED_FACE ( 'NONE', ( #4724 ), #4297, .F. ) ;
#4916 = FACE_OUTER_BOUND ( 'NONE', #2790, .T. ) ;
#4917 = CARTESIAN_POINT ( 'NONE',  ( 2.784039265999588064, 0.08227182555178737255, -0.8731212682128433045 ) ) ;
#4918 = CARTESIAN_POINT ( 'NONE',  ( 0.000000000000000000, 0.000000000000000000, 0.000000000000000000 ) ) ;
#4919 = ORIENTED_EDGE ( 'NONE', *, *, #4701, .T. ) ;
#4920 = B_SPLINE_CURVE_WITH_KNOTS ( 'NONE', 3,
 ( #1665, #1696, #3415, #2090 ),
 .UNSPECIFIED., .F., .F.,
 ( 4, 4 ),
 ( 0.000000000000000000, 0.9999999692086293246 ),
 .UNSPECIFIED. ) ;
#4921 = CARTESIAN_POINT ( 'NONE',  ( 5.656854249492000442, 3.500000000000000000, -5.656854249492000442 ) ) ;
#4922 = EDGE_LOOP ( 'NONE', ( #2024, #2313, #1036, #1010 ) ) ;
#4923 = VECTOR ( 'NONE', #3445, 1000.000000000000000 ) ;
#4924 = PLANE ( 'NONE',  #5608 ) ;
#4925 = CARTESIAN_POINT ( 'NONE',  ( -2.346658220547457319, 0.2724669240241785473, -1.394129954481167166 ) ) ;
#4926 = CARTESIAN_POINT ( 'NONE',  ( -0.9602627043224238879, 0.000000000000000000, 2.730588545662906874 ) ) ;
#4927 = CARTESIAN_POINT ( 'NONE',  ( 10.24695076595976140, 0.2000000000007069734, -0.2499999999999951705 ) ) ;
#4928 = EDGE_LOOP ( 'NONE', ( #3768, #629, #2610, #714 ) ) ;
#4929 = DIRECTION ( 'NONE',  ( -0.000000000000000000, -1.000000000000000000, -0.000000000000000000 ) ) ;
#4930 = CARTESIAN_POINT ( 'NONE',  ( 2.365679909505834733, 0.07787957361636525799, -1.715351573376640459 ) ) ;
#4931 = CARTESIAN_POINT ( 'NONE',  ( -2.760272472973609226, 0.08512501714691307619, 0.9367241492484781329 ) ) ;
#4932 = EDGE_CURVE ( 'NONE', #1074, #1912, #3039, .T. ) ;
#4933 = EDGE_LOOP ( 'NONE', ( #583, #1179, #4109, #2708 ) ) ;
#4934 = ORIENTED_EDGE ( 'NONE', *, *, #5358, .F. ) ;
#4935 = CARTESIAN_POINT ( 'NONE',  ( 0.000000000000000000, 0.000000000000000000, 0.000000000000000000 ) ) ;
#4936 = CARTESIAN_POINT ( 'NONE',  ( -0.4836271351395483586, 3.500000000000000000, -2.605495114974694992 ) ) ;
#4937 = CARTESIAN_POINT ( 'NONE',  ( 0.000000000000000000, 3.500000000000000000, 0.000000000000000000 ) ) ;
#4938 = ORIENTED_EDGE ( 'NONE', *, *, #463, .F. ) ;
#4939 = CARTESIAN_POINT ( 'NONE',  ( -9.949999999999999289, 3.500000000000000000, 0.7500000000000000000 ) ) ;
#4940 = EDGE_LOOP ( 'NONE', ( #2747, #400 ) ) ;
#4941 = ORIENTED_EDGE ( 'NONE', *, *, #335, .T. ) ;
#4942 = LINE ( 'NONE', #2322, #3927 ) ;
#4943 = DIRECTION ( 'NONE',  ( 0.000000000000000000, -1.000000000000000000, 0.000000000000000000 ) ) ;
#4944 = EDGE_CURVE ( 'NONE', #1268, #3340, #3386, .T. ) ;
#4946 = AXIS2_PLACEMENT_3D ( 'NONE', #4616, #3302, #1153 ) ;
#4945 = CARTESIAN_POINT ( 'NONE',  ( -2.335344606984944171, 0.08526593549491288948, -1.744103459021570934 ) ) ;
#4947 = AXIS2_PLACEMENT_3D ( 'NONE', #2034, #2370, #4994 ) ;
#4948 = ORIENTED_EDGE ( 'NONE', *, *, #1667, .T. ) ;
#4949 = CARTESIAN_POINT ( 'NONE',  ( 8.000000000000000000, 3.500000000000000000, 1.250000000000000000 ) ) ;
#4950 = VECTOR ( 'NONE', #3523, 1000.000000000000000 ) ;
#4951 = CYLINDRICAL_SURFACE ( 'NONE', #2799, 1.249999999999999334 ) ;
#4952 = CARTESIAN_POINT ( 'NONE',  ( 2.070759876205155989E-27, 0.07825245564590278813, -2.921747544340000058 ) ) ;
#4953 = CARTESIAN_POINT ( 'NONE',  ( 2.381868524080579697, 0.1054847958446735040, 1.644664282155766877 ) ) ;
#4954 = DIRECTION ( 'NONE',  ( -0.000000000000000000, -1.000000000000000000, -0.000000000000000000 ) ) ;
#4955 = AXIS2_PLACEMENT_3D ( 'NONE', #4558, #5364, #2428 ) ;
#4956 = ORIENTED_EDGE ( 'NONE', *, *, #5563, .F. ) ;
#4957 = VECTOR ( 'NONE', #2759, 1000.000000000000000 ) ;
#4958 = CYLINDRICAL_SURFACE ( 'NONE', #1904, 10.25000000000000000 ) ;
#4959 = FACE_OUTER_BOUND ( 'NONE', #932, .T. ) ;
#4960 = DIRECTION ( 'NONE',  ( -0.000000000000000000, 1.000000000000000000, 0.000000000000000000 ) ) ;
#4961 = VECTOR ( 'NONE', #2454, 1000.000000000000000 ) ;
#4962 = VERTEX_POINT ( 'NONE', #2139 ) ;
#4963 = VECTOR ( 'NONE', #4830, 1000.000000000000000 ) ;
#4964 = AXIS2_PLACEMENT_3D ( 'NONE', #4629, #5432, #2042 ) ;
#4965 =( GEOMETRIC_REPRESENTATION_CONTEXT ( 3 ) GLOBAL_UNCERTAINTY_ASSIGNED_CONTEXT ( ( #55 ) ) GLOBAL_UNIT_ASSIGNED_CONTEXT ( ( #5179, #4825, #15 ) ) REPRESENTATION_CONTEXT ( 'NONE', 'WORKASPACE' ) );
#4966 = VERTEX_POINT ( 'NONE', #2959 ) ;
#4967 = VECTOR ( 'NONE', #4680, 1000.000000000000000 ) ;
#4968 = LINE ( 'NONE', #2008, #1053 ) ;
#4969 = ADVANCED_FACE ( 'NONE', ( #2584 ), #1855, .F. ) ;
#4970 = CARTESIAN_POINT ( 'NONE',  ( 1.658581592254091630, 0.09675568587290418743, -2.382841717207716314 ) ) ;
#4971 = ORIENTED_EDGE ( 'NONE', *, *, #5053, .F. ) ;
#4972 = CYLINDRICAL_SURFACE ( 'NONE', #4627, 1.249999999999999334 ) ;
#4973 = ORIENTED_EDGE ( 'NONE', *, *, #1292, .F. ) ;
#4974 = VERTEX_POINT ( 'NONE', #2247 ) ;
#4975 = CARTESIAN_POINT ( 'NONE',  ( 0.9068743616275656283, 4.000000010781826987, -1.000019790085231008 ) ) ;
#4976 = EDGE_CURVE ( 'NONE', #4168, #1994, #3723, .T. ) ;
#4977 = CARTESIAN_POINT ( 'NONE',  ( -2.328524103572743975, 0.000000000000000000, -1.265099007619858495 ) ) ;
#4978 = DIRECTION ( 'NONE',  ( 0.000000000000000000, -1.000000000000000000, 0.000000000000000000 ) ) ;
#4979 = ADVANCED_FACE ( 'NONE', ( #4807 ), #1437, .F. ) ;
#4980 = ADVANCED_FACE ( 'NONE', ( #4380 ), #940, .F. ) ;
#4981 = LINE ( 'NONE', #3693, #1793 ) ;
#4982 = ORIENTED_EDGE ( 'NONE', *, *, #5563, .T. ) ;
#4983 = AXIS2_PLACEMENT_3D ( 'NONE', #2444, #2525, #3353 ) ;
#4984 = FACE_BOUND ( 'NONE', #4257, .T. ) ;
#4985 = CARTESIAN_POINT ( 'NONE',  ( 0.02992777455142767509, 0.08227182555139524178, -2.917587995578850180 ) ) ;
#4986 = LINE ( 'NONE', #2390, #1960 ) ;
#4987 = CARTESIAN_POINT ( 'NONE',  ( -1.394129954481027500, 0.2724669240241853196, -2.346658220547527929 ) ) ;
#4988 = EDGE_CURVE ( 'NONE', #2327, #5340, #4463, .T. ) ;
#4989 = VECTOR ( 'NONE', #4668, 1000.000000000000000 ) ;
#4990 = VERTEX_POINT ( 'NONE', #84 ) ;
#4991 = CARTESIAN_POINT ( 'NONE',  ( 0.3451855309565000085, 3.500000000000000000, 2.627422110971000091 ) ) ;
#4992 = CARTESIAN_POINT ( 'NONE',  ( 2.359792019132907814, 0.07845275834195032660, -1.722445909627940086 ) ) ;
#4993 = AXIS2_PLACEMENT_3D ( 'NONE', #792, #5148, #4632 ) ;
#4994 = DIRECTION ( 'NONE',  ( 0.7193398003386733963, 0.000000000000000000, 0.6946583704589742725 ) ) ;
#4995 = ORIENTED_EDGE ( 'NONE', *, *, #4796, .F. ) ;
#4996 = VECTOR ( 'NONE', #4451, 1000.000000000000000 ) ;
#4997 =( NAMED_UNIT ( * ) PLANE_ANGLE_UNIT ( ) SI_UNIT ( $, .RADIAN. ) );
#4998 = CARTESIAN_POINT ( 'NONE',  ( 1.658581592254091630, 0.09675568587290418743, -2.382841717207716314 ) ) ;
#4999 = ORIENTED_EDGE ( 'NONE', *, *, #5397, .T. ) ;
#5000 = CARTESIAN_POINT ( 'NONE',  ( 0.000000000000000000, 3.500000000000000000, 8.000000000000000000 ) ) ;
#5001 = VERTEX_POINT ( 'NONE', #3528 ) ;
#5002 = ORIENTED_EDGE ( 'NONE', *, *, #185, .F. ) ;
#5003 = CARTESIAN_POINT ( 'NONE',  ( 1.701343168162551933, 4.434350192496001597, -1.000000000000000222 ) ) ;
#5004 = DIRECTION ( 'NONE',  ( -0.000000000000000000, -1.000000000000000000, 0.000000000000000000 ) ) ;
#5005 = CARTESIAN_POINT ( 'NONE',  ( 0.000000000000000000, 5.400000000000000355, 0.000000000000000000 ) ) ;
#5006 = ORIENTED_EDGE ( 'NONE', *, *, #3850, .F. ) ;
#5007 = EDGE_CURVE ( 'NONE', #208, #1969, #3581, .T. ) ;
#5008 = ORIENTED_EDGE ( 'NONE', *, *, #3470, .T. ) ;
#5009 = AXIS2_PLACEMENT_3D ( 'NONE', #1107, #4113, #4513 ) ;
#5010 = DIRECTION ( 'NONE',  ( 0.000000000000000000, 1.000000000000000000, 0.000000000000000000 ) ) ;
#5011 = ORIENTED_EDGE ( 'NONE', *, *, #4700, .F. ) ;
#5012 = DIRECTION ( 'NONE',  ( 0.000000000000000000, 1.000000000000000000, 0.000000000000000000 ) ) ;
#5013 = CARTESIAN_POINT ( 'NONE',  ( 0.06282135627448173776, 0.09922960516548670618, -2.900098024870096047 ) ) ;
#5014 = CARTESIAN_POINT ( 'NONE',  ( 2.898697908071739882, 0.1005945232463725247, -0.06427121966220249172 ) ) ;
#5015 = DIRECTION ( 'NONE',  ( -0.000000000000000000, -1.000000000000000000, -0.000000000000000000 ) ) ;
#5016 = VERTEX_POINT ( 'NONE', #3036 ) ;
#5017 = CARTESIAN_POINT ( 'NONE',  ( 1.489111152763005652, 4.606666917529730121, -1.641998232258838675 ) ) ;
#5018 = DIRECTION ( 'NONE',  ( -0.000000000000000000, 1.000000000000000000, -0.000000000000000000 ) ) ;
#5019 = CARTESIAN_POINT ( 'NONE',  ( -1.823620929131930302, 3.500000000000000000, -1.922734174770916127 ) ) ;
#5020 = ORIENTED_EDGE ( 'NONE', *, *, #3617, .T. ) ;
#5021 = EDGE_CURVE ( 'NONE', #1305, #5566, #5134, .T. ) ;
#5022 = B_SPLINE_CURVE_WITH_KNOTS ( 'NONE', 3,
 ( #1106, #1988, #1728, #2179, #5113, #3370, #790, #2596, #1271, #5538, #5143, #4653, #4706, #2118, #2149, #2071, #2096, #815, #2517 ),
 .UNSPECIFIED., .F., .F.,
 ( 4, 3, 3, 3, 3, 3, 4 ),
 ( 3.895487896340898769E-15, 3.346688102108186848E-05, 6.101997884353075913E-05, 8.880801656065645891E-05, 0.0001132950656149036932, 0.0001385224882848550400, 0.0001645295473103371164 ),
 .UNSPECIFIED. ) ;
#5023 = CARTESIAN_POINT ( 'NONE',  ( -9.949999999999999289, 3.200000000000000178, 0.000000000000000000 ) ) ;
#5024 = CARTESIAN_POINT ( 'NONE',  ( 1.140209032234713593, 0.3499999999946697971, -2.392158724416352467 ) ) ;
#5025 = EDGE_LOOP ( 'NONE', ( #3963, #3712 ) ) ;
#5026 = CARTESIAN_POINT ( 'NONE',  ( -2.773520794013710322, 0.000000000000000000, -0.8281308303579413277 ) ) ;
#5027 = ORIENTED_EDGE ( 'NONE', *, *, #1466, .T. ) ;
#5028 = EDGE_LOOP ( 'NONE', ( #1679, #2330, #2913, #1032 ) ) ;
#5029 = AXIS2_PLACEMENT_3D ( 'NONE', #360, #1662, #830 ) ;
#5030 = CARTESIAN_POINT ( 'NONE',  ( 4.714890176670697696E-16, 5.400000000008731149, 3.699999999923875293 ) ) ;
#5031 = DIRECTION ( 'NONE',  ( 0.000000000000000000, 0.000000000000000000, 1.000000000000000000 ) ) ;
#5032 = FACE_BOUND ( 'NONE', #2257, .T. ) ;
#5033 = VERTEX_POINT ( 'NONE', #4897 ) ;
#5034 = ORIENTED_EDGE ( 'NONE', *, *, #1049, .F. ) ;
#5035 = ORIENTED_EDGE ( 'NONE', *, *, #5469, .F. ) ;
#5036 = EDGE_CURVE ( 'NONE', #2273, #3926, #3322, .T. ) ;
#5037 = CIRCLE ( 'NONE', #5403, 2.649999999999999911 ) ;
#5038 = DIRECTION ( 'NONE',  ( -0.000000000000000000, -1.000000000000000000, -0.000000000000000000 ) ) ;
#5039 = CARTESIAN_POINT ( 'NONE',  ( -2.328524103572494841, 0.3499999999946632467, -1.265099007616730775 ) ) ;
#5040 = AXIS2_PLACEMENT_3D ( 'NONE', #4709, #1566, #5031 ) ;
#5041 = LINE ( 'NONE', #1549, #3311 ) ;
#5042 = CARTESIAN_POINT ( 'NONE',  ( -10.22252415013021931, 3.300000000000202771, -0.7500000000000000000 ) ) ;
#5043 = VECTOR ( 'NONE', #4379, 1000.000000000000000 ) ;
#5044 = CIRCLE ( 'NONE', #64, 0.1000000000000000472 ) ;
#5045 = EDGE_LOOP ( 'NONE', ( #3493, #4756, #470, #2863 ) ) ;
#5046 = ADVANCED_FACE ( 'NONE', ( #4355 ), #2730, .F. ) ;
#5047 = B_SPLINE_CURVE_WITH_KNOTS ( 'NONE', 3,
 ( #1826, #469, #881, #2609 ),
 .UNSPECIFIED., .F., .F.,
 ( 4, 4 ),
 ( 1.480799239892324096E-15, 0.0002839296884152704118 ),
 .UNSPECIFIED. ) ;
#5048 = DIRECTION ( 'NONE',  ( -0.000000000000000000, 1.000000000000000000, 0.000000000000000000 ) ) ;
#5049 = CARTESIAN_POINT ( 'NONE',  ( -8.000000000000000000, 3.500000000000000000, -1.250000000000000000 ) ) ;
#5050 = CARTESIAN_POINT ( 'NONE',  ( -2.730588545657100852, 0.1054847958467588082, 0.9602627043257007111 ) ) ;
#5051 = ORIENTED_EDGE ( 'NONE', *, *, #3690, .T. ) ;
#5052 = CARTESIAN_POINT ( 'NONE',  ( -2.328524103573230697, 0.000000000000000000, 1.265099007619967519 ) ) ;
#5053 = EDGE_CURVE ( 'NONE', #4051, #2600, #1403, .T. ) ;
#5054 = EDGE_CURVE ( 'NONE', #718, #230, #3465, .T. ) ;
#5055 = CARTESIAN_POINT ( 'NONE',  ( -1.757062367556554427, 3.500000000000000000, -2.300206534973335160 ) ) ;
#5056 = CARTESIAN_POINT ( 'NONE',  ( 5.656854249492000442, 0.000000000000000000, -5.656854249492000442 ) ) ;
#5057 = CARTESIAN_POINT ( 'NONE',  ( -2.821747544339999969, 3.500000000000000000, 0.000000000000000000 ) ) ;
#5058 = ORIENTED_EDGE ( 'NONE', *, *, #3463, .T. ) ;
#5059 = ORIENTED_EDGE ( 'NONE', *, *, #3332, .T. ) ;
#5060 = LINE ( 'NONE', #4601, #1062 ) ;
#5061 = AXIS2_PLACEMENT_3D ( 'NONE', #2668, #4403, #3461 ) ;
#5062 = B_SPLINE_CURVE_WITH_KNOTS ( 'NONE', 3,
 ( #2061, #5077, #1635, #2905, #3812, #3360, #2507, #4326, #3007, #5163, #5575, #2166, #2929, #4747, #1260, #5103 ),
 .UNSPECIFIED., .F., .F.,
 ( 4, 3, 3, 3, 3, 4 ),
 ( 3.969977877047988085E-15, 3.346688102100738379E-05, 6.101997884342813940E-05, 8.880801656052391519E-05, 0.0001132950656147635330, 0.0001140747567165257366 ),
 .UNSPECIFIED. ) ;
#5063 = CYLINDRICAL_SURFACE ( 'NONE', #2126, 4.000000000000000000 ) ;
#5064 = CARTESIAN_POINT ( 'NONE',  ( 0.8719679450683095467, 0.08298311934749683094, -2.783641389386406928 ) ) ;
#5065 = ORIENTED_EDGE ( 'NONE', *, *, #4052, .T. ) ;
#5066 = ORIENTED_EDGE ( 'NONE', *, *, #3408, .T. ) ;
#5067 = ORIENTED_EDGE ( 'NONE', *, *, #4052, .F. ) ;
#5068 = CARTESIAN_POINT ( 'NONE',  ( 1.644664282159001623, 3.500000000000000000, -2.381868524081034444 ) ) ;
#5069 = CARTESIAN_POINT ( 'NONE',  ( 1.705130951206178525, 0.07896029600167207840, -2.371722533567577340 ) ) ;
#5070 = CARTESIAN_POINT ( 'NONE',  ( 2.893681524374000169, 0.000000000000000000, 0.06946583704589999464 ) ) ;
#5071 = DIRECTION ( 'NONE',  ( -0.000000000000000000, 1.000000000000000000, -0.000000000000000000 ) ) ;
#5072 = CIRCLE ( 'NONE', #1166, 0.7500000000391082722 ) ;
#5073 = EDGE_CURVE ( 'NONE', #5230, #2467, #3250, .T. ) ;
#5074 = VECTOR ( 'NONE', #3859, 1000.000000000000000 ) ;
#5075 = ORIENTED_EDGE ( 'NONE', *, *, #4988, .F. ) ;
#5076 = CARTESIAN_POINT ( 'NONE',  ( -1.838477631084999953, 0.000000000000000000, 1.838477631084999953 ) ) ;
#5077 = CARTESIAN_POINT ( 'NONE',  ( 0.9559262352850904643, 0.09922960516569737099, -2.738744257748804145 ) ) ;
#5078 = CARTESIAN_POINT ( 'NONE',  ( -0.8887733334667315965, 0.07896029600198339882, 2.782556611950619541 ) ) ;
#5079 = EDGE_CURVE ( 'NONE', #5357, #4357, #4986, .T. ) ;
#5080 = DIRECTION ( 'NONE',  ( 0.000000000000000000, -1.000000000000000000, 0.000000000000000000 ) ) ;
#5081 = CIRCLE ( 'NONE', #4711, 10.05000000000245208 ) ;
#5082 = LINE ( 'NONE', #834, #3191 ) ;
#5083 = ORIENTED_EDGE ( 'NONE', *, *, #1011, .F. ) ;
#5084 = AXIS2_PLACEMENT_3D ( 'NONE', #5417, #3668, #4155 ) ;
#5085 = CYLINDRICAL_SURFACE ( 'NONE', #2711, 0.8500000000000000888 ) ;
#5086 = ORIENTED_EDGE ( 'NONE', *, *, #1984, .F. ) ;
#5087 = EDGE_CURVE ( 'NONE', #1819, #3094, #3030, .T. ) ;
#5088 = CONICAL_SURFACE ( 'NONE', #4169, 3.999999999962255970, 0.7853981633974482790 ) ;
#5089 = VERTEX_POINT ( 'NONE', #4953 ) ;
#5090 = DIRECTION ( 'NONE',  ( 0.6946583704589742725, -0.000000000000000000, 0.7193398003386733963 ) ) ;
#5091 = CARTESIAN_POINT ( 'NONE',  ( 2.783638513563093220, 0.08275907220438978584, 0.8727263354178204091 ) ) ;
#5092 = CARTESIAN_POINT ( 'NONE',  ( 5.656854249492000442, 3.500000000000000000, 5.656854249492000442 ) ) ;
#5093 = VERTEX_POINT ( 'NONE', #4122 ) ;
#5094 = ADVANCED_FACE ( 'NONE', ( #4524 ), #1507, .T. ) ;
#5095 = ORIENTED_EDGE ( 'NONE', *, *, #3555, .F. ) ;
#5096 = VERTEX_POINT ( 'NONE', #275 ) ;
#5097 = LINE ( 'NONE', #4261, #4429 ) ;
#5098 = DIRECTION ( 'NONE',  ( 0.000000000000000000, -1.000000000000000000, 0.000000000000000000 ) ) ;
#5099 = CARTESIAN_POINT ( 'NONE',  ( 2.893681524371630509, 0.1054847958443624473, 0.06946583704828379613 ) ) ;
#5100 = FACE_OUTER_BOUND ( 'NONE', #82, .T. ) ;
#5101 = ORIENTED_EDGE ( 'NONE', *, *, #1644, .F. ) ;
#5102 = CARTESIAN_POINT ( 'NONE',  ( 1.394129954479067512, 0.2724669240254389835, -2.346658220547161999 ) ) ;
#5103 = CARTESIAN_POINT ( 'NONE',  ( 0.8719679450683095467, 0.08298311934749683094, -2.783641389386406928 ) ) ;
#5104 = DIRECTION ( 'NONE',  ( 0.000000000000000000, -1.000000000000000000, 0.000000000000000000 ) ) ;
#5105 = LINE ( 'NONE', #5609, #1693 ) ;
#5106 = DIRECTION ( 'NONE',  ( 0.000000000000000000, 0.000000000000000000, -1.000000000000000000 ) ) ;
#5107 = FACE_OUTER_BOUND ( 'NONE', #5249, .T. ) ;
#5108 = EDGE_CURVE ( 'NONE', #4569, #4363, #4034, .T. ) ;
#5109 = VECTOR ( 'NONE', #3254, 1000.000000000000000 ) ;
#5110 = CARTESIAN_POINT ( 'NONE',  ( -10.17349497468821262, 3.299999999999693845, 1.249999999999873435 ) ) ;
#5111 = EDGE_LOOP ( 'NONE', ( #4419, #1075, #1993, #3627 ) ) ;
#5112 = ORIENTED_EDGE ( 'NONE', *, *, #4266, .T. ) ;
#5113 = CARTESIAN_POINT ( 'NONE',  ( 0.8641751830874689899, 0.08526593549494518309, 2.783690457303078958 ) ) ;
#5114 = DIRECTION ( 'NONE',  ( 0.000000000000000000, 0.000000000000000000, 1.000000000000000000 ) ) ;
#5115 = ADVANCED_FACE ( 'NONE', ( #194 ), #2758, .F. ) ;
#5116 = B_SPLINE_CURVE_WITH_KNOTS ( 'NONE', 3,
 ( #829, #5187, #1180, #1634 ),
 .UNSPECIFIED., .F., .F.,
 ( 4, 4 ),
 ( 1.469815101222947379E-15, 0.0002828856370209948995 ),
 .UNSPECIFIED. ) ;
#5117 = CARTESIAN_POINT ( 'NONE',  ( -0.03473692183412258050, 0.08388766978317636902, 2.915917388767040208 ) ) ;
#5118 = CARTESIAN_POINT ( 'NONE',  ( 0.000000000000000000, 0.000000000000000000, 0.000000000000000000 ) ) ;
#5119 = ORIENTED_EDGE ( 'NONE', *, *, #1809, .F. ) ;
#5120 = ORIENTED_EDGE ( 'NONE', *, *, #5366, .T. ) ;
#5121 = ORIENTED_EDGE ( 'NONE', *, *, #5232, .F. ) ;
#5122 = ADVANCED_FACE ( 'NONE', ( #1916 ), #1489, .F. ) ;
#5123 = EDGE_CURVE ( 'NONE', #3135, #231, #5041, .T. ) ;
#5124 = CARTESIAN_POINT ( 'NONE',  ( 11.26278202608999912, 3.200000000000000178, -0.2500000000000000000 ) ) ;
#5125 = CARTESIAN_POINT ( 'NONE',  ( 1.757062367557231886, 0.1054847958448537210, -2.300206534969821970 ) ) ;
#5126 = CARTESIAN_POINT ( 'NONE',  ( 2.176583360789956956, 0.1904932317078323611, 1.778860468606288991 ) ) ;
#5127 = CARTESIAN_POINT ( 'NONE',  ( 2.773520794013999868, 3.500000000000000000, -0.8281308303577999963 ) ) ;
#5128 = ORIENTED_EDGE ( 'NONE', *, *, #601, .F. ) ;
#5129 = VECTOR ( 'NONE', #1622, 1000.000000000000000 ) ;
#5130 = CARTESIAN_POINT ( 'NONE',  ( -10.22252415013021931, 0.1999999999997970068, 0.7500000000000000000 ) ) ;
#5131 = CARTESIAN_POINT ( 'NONE',  ( -1.019195592089368718, 0.1904932317066915237, -2.619751903961048622 ) ) ;
#5132 = CARTESIAN_POINT ( 'NONE',  ( 1.653273178848926867E-16, 3.500000000000000000, -1.350000000000000089 ) ) ;
#5133 = CLOSED_SHELL ( 'NONE', ( #3079, #3003, #1851, #4124, #2646, #390, #4071, #872, #4090, #4666, #838, #1543, #54, #4555, #897, #1606, #1371, #644, #4414, #5537, #4422, #1637, #3400, #2558, #5122, #1157, #3916, #5500, #1458, #931, #30, #4837, #1407, #3584, #780, #2678, #5094, #4001, #1751, #4131, #3722, #2719, #4790, #2531, #2738, #1880, #773, #2062, #1989, #4526, #5189, #3515, #254, #2536, #2283, #3442, #3517, #3060, #528, #3170, #637, #1044, #547, #3672, #4815, #2976, #2453, #4511, #5224, #3046, #734, #509, #1841, #2882, #5291, #3973, #3889, #2632, #4654, #1092, #2953, #3615, #2398, #4446, #4318, #4478, #3362, #4829, #401, #832, #3054, #3218, #2570, #2319, #2989, #674, #2354, #1682, #4201, #394, #3814, #1996, #1913, #4875, #5601, #1846, #3441, #5195, #4659, #4979, #3131, #285, #65, #3746, #328, #2914, #4179, #5248, #540, #2371, #4980, #4915, #4914, #3988, #2679, #5115, #4751, #666, #1443, #1721, #3200, #1164, #4105, #1600, #4097, #268, #760, #3193, #1355, #5438, #5328, #170, #1825, #5569, #4797, #1216, #5046, #5593, #4969, #1363, #3017, #3169, #2251, #4238, #306, #3570, #1128, #2216, #1551 ) ) ;
#5134 = CIRCLE ( 'NONE', #5496, 0.2500000000570465897 ) ;
#5135 = DIRECTION ( 'NONE',  ( 0.000000000000000000, 0.000000000000000000, -1.000000000000000000 ) ) ;
#5136 = CARTESIAN_POINT ( 'NONE',  ( -0.8719679450367001650, 0.000000000000000000, -2.683641389383999876 ) ) ;
#5137 = DIRECTION ( 'NONE',  ( 0.000000000000000000, -1.000000000000000000, 0.000000000000000000 ) ) ;
#5138 = AXIS2_PLACEMENT_3D ( 'NONE', #5494, #1280, #3807 ) ;
#5139 = EDGE_LOOP ( 'NONE', ( #687, #3, #1767, #287 ) ) ;
#5140 = ORIENTED_EDGE ( 'NONE', *, *, #3789, .T. ) ;
#5142 = EDGE_CURVE ( 'NONE', #5349, #4404, #944, .T. ) ;
#5141 = AXIS2_PLACEMENT_3D ( 'NONE', #4908, #3992, #147 ) ;
#5143 = CARTESIAN_POINT ( 'NONE',  ( 0.9165130092515066940, 0.07896029600196551035, 2.773543444921050316 ) ) ;
#5144 = FACE_OUTER_BOUND ( 'NONE', #3568, .T. ) ;
#5145 = VECTOR ( 'NONE', #3100, 1000.000000000000000 ) ;
#5146 = AXIS2_PLACEMENT_3D ( 'NONE', #4579, #694, #2419 ) ;
#5147 = CARTESIAN_POINT ( 'NONE',  ( -0.05708113063033293938, 0.09513922754143987193, 2.904309787529518516 ) ) ;
#5148 = DIRECTION ( 'NONE',  ( -0.000000000000000000, -1.000000000000000000, -0.000000000000000000 ) ) ;
#5149 = ORIENTED_EDGE ( 'NONE', *, *, #3759, .F. ) ;
#5150 = AXIS2_PLACEMENT_3D ( 'NONE', #2744, #1419, #5253 ) ;
#5151 = EDGE_LOOP ( 'NONE', ( #2365, #213, #2839, #2524 ) ) ;
#5152 = EDGE_CURVE ( 'NONE', #4628, #128, #5288, .T. ) ;
#5153 = AXIS2_PLACEMENT_3D ( 'NONE', #589, #3623, #4846 ) ;
#5154 = AXIS2_PLACEMENT_3D ( 'NONE', #4761, #4708, #4338 ) ;
#5155 = ORIENTED_EDGE ( 'NONE', *, *, #2067, .F. ) ;
#5156 = DIRECTION ( 'NONE',  ( 0.000000000000000000, -1.000000000000000000, 0.000000000000000000 ) ) ;
#5157 = CARTESIAN_POINT ( 'NONE',  ( 1.712030518930376832, 0.07845275834192907971, -2.367359243420503301 ) ) ;
#5158 = DIRECTION ( 'NONE',  ( 0.000000000000000000, 0.000000000000000000, 1.000000000000000000 ) ) ;
#5159 = DIRECTION ( 'NONE',  ( 0.000000000000000000, -1.000000000000000000, 0.000000000000000000 ) ) ;
#5160 = EDGE_CURVE ( 'NONE', #2341, #3315, #3185, .T. ) ;
#5161 = ORIENTED_EDGE ( 'NONE', *, *, #5021, .T. ) ;
#5162 = CARTESIAN_POINT ( 'NONE',  ( -3.580681653488686149E-07, 4.910000389202195947, -2.649999847506023798 ) ) ;
#5163 = CARTESIAN_POINT ( 'NONE',  ( 0.8966835431172824888, 0.07845275834219767042, -2.780538960104421697 ) ) ;
#5164 = CARTESIAN_POINT ( 'NONE',  ( -0.9300472782231824498, 0.08227182555174106238, 2.765542884119327471 ) ) ;
#5165 = EDGE_CURVE ( 'NONE', #3418, #5234, #3897, .T. ) ;
#5166 = DIRECTION ( 'NONE',  ( -8.171241461241152138E-14, 0.000000000000000000, -1.000000000000000000 ) ) ;
#5167 = CARTESIAN_POINT ( 'NONE',  ( -2.567989685546999912, 3.500000000000000000, 0.4067296091045999873 ) ) ;
#5168 = CARTESIAN_POINT ( 'NONE',  ( 1.800994743867383452, 0.2724669240235736423, -2.051053647911277089 ) ) ;
#5169 = ORIENTED_EDGE ( 'NONE', *, *, #495, .F. ) ;
#5170 = VERTEX_POINT ( 'NONE', #3727 ) ;
#5171 = AXIS2_PLACEMENT_3D ( 'NONE', #2995, #2205, #4792 ) ;
#5172 = CARTESIAN_POINT ( 'NONE',  ( 2.318738815333512449, 0.09352044089324051956, 1.752471742930812315 ) ) ;
#5173 = CARTESIAN_POINT ( 'NONE',  ( -1.658581592255000237, 3.500000000000000000, -2.282841717206999910 ) ) ;
#5174 = DIRECTION ( 'NONE',  ( 0.000000000000000000, 0.000000000000000000, -1.000000000000000000 ) ) ;
#5175 = CARTESIAN_POINT ( 'NONE',  ( -0.3451855309583886644, 0.3499999999948498752, -2.627422110968641533 ) ) ;
#5176 = ORIENTED_EDGE ( 'NONE', *, *, #2969, .F. ) ;
#5177 = VERTEX_POINT ( 'NONE', #5467 ) ;
#5178 = ORIENTED_EDGE ( 'NONE', *, *, #4804, .F. ) ;
#5179 =( LENGTH_UNIT ( ) NAMED_UNIT ( * ) SI_UNIT ( .MILLI., .METRE. ) );
#5180 = CARTESIAN_POINT ( 'NONE',  ( 1.644664282159000068, 3.500000000000000000, 2.381868524081000249 ) ) ;
#5181 = EDGE_CURVE ( 'NONE', #2125, #3645, #1575, .T. ) ;
#5182 = DIRECTION ( 'NONE',  ( 0.000000000000000000, 0.000000000000000000, 1.000000000000000000 ) ) ;
#5183 = DIRECTION ( 'NONE',  ( -0.000000000000000000, -1.000000000000000000, -0.000000000000000000 ) ) ;
#5184 = AXIS2_PLACEMENT_3D ( 'NONE', #43, #4799, #106 ) ;
#5185 = CARTESIAN_POINT ( 'NONE',  ( -2.300206534973335160, 3.500000000000000000, 1.757062367556554427 ) ) ;
#5186 = VERTEX_POINT ( 'NONE', #3298 ) ;
#5187 = CARTESIAN_POINT ( 'NONE',  ( 10.11357716740173451, 3.433333534750870886, -0.2500000000000000000 ) ) ;
#5188 = CARTESIAN_POINT ( 'NONE',  ( -2.605495114973357840, 0.3499999999947660534, 0.4836271351368074956 ) ) ;
#5189 = ADVANCED_FACE ( 'NONE', ( #2333 ), #1146, .F. ) ;
#5190 = CARTESIAN_POINT ( 'NONE',  ( 2.282841717206999910, 0.000000000000000000, 1.658581592255000237 ) ) ;
#5191 = VERTEX_POINT ( 'NONE', #3664 ) ;
#5192 = DIRECTION ( 'NONE',  ( 1.000000000000000000, 0.000000000000000000, -0.000000000000000000 ) ) ;
#5193 = DIRECTION ( 'NONE',  ( 1.000000000000000000, 0.000000000000000000, -0.000000000000000000 ) ) ;
#5194 = CARTESIAN_POINT ( 'NONE',  ( 2.300206534973312067, 3.500000000000000000, -1.757062367556423421 ) ) ;
#5195 = ADVANCED_FACE ( 'NONE', ( #5412 ), #1520, .F. ) ;
#5196 = ORIENTED_EDGE ( 'NONE', *, *, #137, .T. ) ;
#5197 = VERTEX_POINT ( 'NONE', #3861 ) ;
#5198 = LINE ( 'NONE', #3018, #3139 ) ;
#5199 = CARTESIAN_POINT ( 'NONE',  ( -9.650000000000000355, 3.200000000000000178, 1.250000000000000000 ) ) ;
#5200 = B_SPLINE_CURVE_WITH_KNOTS ( 'NONE', 3,
 ( #5125, #1708, #4262, #2496, #301, #1279, #2026, #3781, #2924, #5157, #5069, #2975, #3354, #5519, #3860, #3750, #354, #4693, #2130 ),
 .UNSPECIFIED., .F., .F.,
 ( 4, 3, 3, 3, 3, 3, 4 ),
 ( 3.863008616376760170E-15, 3.346688102132672199E-05, 6.101997884386713286E-05, 8.880801656109062767E-05, 0.0001132950656153631916, 0.0001385224882852660068, 0.0001481870765959717080 ),
 .UNSPECIFIED. ) ;
#5201 = DIRECTION ( 'NONE',  ( -0.000000000000000000, -1.000000000000000000, -0.000000000000000000 ) ) ;
#5202 = CARTESIAN_POINT ( 'NONE',  ( -10.02197585309203376, -2.031642490698601847E-12, 0.7500000000000000000 ) ) ;
#5203 = ORIENTED_EDGE ( 'NONE', *, *, #1473, .T. ) ;
#5204 = ORIENTED_EDGE ( 'NONE', *, *, #5398, .T. ) ;
#5205 = ORIENTED_EDGE ( 'NONE', *, *, #154, .F. ) ;
#5206 = CARTESIAN_POINT ( 'NONE',  ( -1.265099007619568505, 3.500000000000000000, -2.328524103573174742 ) ) ;
#5207 = DIRECTION ( 'NONE',  ( 5.684341886080801487E-14, 0.000000000000000000, -1.000000000000000000 ) ) ;
#5208 = CARTESIAN_POINT ( 'NONE',  ( 0.000000000000000000, 3.500000000000000000, -8.000000000000000000 ) ) ;
#5209 = DIRECTION ( 'NONE',  ( 0.000000000000000000, 1.000000000000000000, 0.000000000000000000 ) ) ;
#5210 = ORIENTED_EDGE ( 'NONE', *, *, #3091, .T. ) ;
#5211 = FACE_OUTER_BOUND ( 'NONE', #225, .T. ) ;
#5212 = CARTESIAN_POINT ( 'NONE',  ( 2.900098024870096047, 0.09922960516548665066, 0.06282135627448168225 ) ) ;
#5213 = CARTESIAN_POINT ( 'NONE',  ( 2.070759876205155989E-27, 0.07825245564590278813, -2.921747544340000058 ) ) ;
#5214 = ORIENTED_EDGE ( 'NONE', *, *, #1651, .F. ) ;
#5215 = EDGE_CURVE ( 'NONE', #1795, #846, #1202, .T. ) ;
#5216 = DIRECTION ( 'NONE',  ( 0.9902680687415660321, 0.000000000000000000, -0.1391731009600952196 ) ) ;
#5217 = CARTESIAN_POINT ( 'NONE',  ( -2.381868524080161809, 0.1054847958468871499, 1.644664282152475954 ) ) ;
#5218 = DIRECTION ( 'NONE',  ( -0.9902680687415660321, -0.000000000000000000, 0.1391731009600952196 ) ) ;
#5219 = AXIS2_PLACEMENT_3D ( 'NONE', #614, #2033, #4156 ) ;
#5220 = AXIS2_PLACEMENT_3D ( 'NONE', #5190, #3813, #831 ) ;
#5221 = ORIENTED_EDGE ( 'NONE', *, *, #3463, .F. ) ;
#5222 = ORIENTED_EDGE ( 'NONE', *, *, #2813, .F. ) ;
#5223 = EDGE_CURVE ( 'NONE', #1804, #1557, #845, .T. ) ;
#5224 = ADVANCED_FACE ( 'NONE', ( #2552 ), #238, .T. ) ;
#5225 = DIRECTION ( 'NONE',  ( 0.000000000000000000, 0.000000000000000000, 1.000000000000000000 ) ) ;
#5226 = CARTESIAN_POINT ( 'NONE',  ( -0.4836271351368074956, 0.3499999999947660534, -2.605495114973357840 ) ) ;
#5227 = CIRCLE ( 'NONE', #5138, 0.2500000000448168169 ) ;
#5228 = DIRECTION ( 'NONE',  ( -0.4694715627859091245, 0.000000000000000000, 0.8829475928589172185 ) ) ;
#5229 = DIRECTION ( 'NONE',  ( 0.000000000000000000, -1.000000000000000000, 0.000000000000000000 ) ) ;
#5230 = VERTEX_POINT ( 'NONE', #5099 ) ;
#5231 = ORIENTED_EDGE ( 'NONE', *, *, #4488, .F. ) ;
#5232 = EDGE_CURVE ( 'NONE', #4885, #4154, #1317, .T. ) ;
#5233 = CIRCLE ( 'NONE', #3591, 0.7499999999822648533 ) ;
#5234 = VERTEX_POINT ( 'NONE', #3751 ) ;
#5235 = CARTESIAN_POINT ( 'NONE',  ( -1.668633493846433336, 0.09130831617526738442, -2.382471698445066011 ) ) ;
#5236 = CARTESIAN_POINT ( 'NONE',  ( -5.656854249492000442, 0.000000000000000000, 6.506854249492000086 ) ) ;
#5237 = AXIS2_PLACEMENT_3D ( 'NONE', #5512, #4541, #1565 ) ;
#5238 = DIRECTION ( 'NONE',  ( 0.6946583704589742725, 0.000000000000000000, 0.7193398003386733963 ) ) ;
#5239 = ORIENTED_EDGE ( 'NONE', *, *, #4180, .F. ) ;
#5240 = CARTESIAN_POINT ( 'NONE',  ( -2.730588545657100852, 0.1054847958467588082, 0.9602627043257007111 ) ) ;
#5241 = CARTESIAN_POINT ( 'NONE',  ( 0.000000000000000000, 0.000000000000000000, -2.921747544340000058 ) ) ;
#5242 = CARTESIAN_POINT ( 'NONE',  ( 2.907395822811170927, 0.09214600728015283349, -0.05161755897883624905 ) ) ;
#5243 = CARTESIAN_POINT ( 'NONE',  ( 2.282841717206999910, 3.500000000000000000, -1.658581592255000237 ) ) ;
#5244 = ORIENTED_EDGE ( 'NONE', *, *, #1377, .T. ) ;
#5245 = DIRECTION ( 'NONE',  ( 0.000000000000000000, 1.000000000000000000, 0.000000000000000000 ) ) ;
#5246 = CARTESIAN_POINT ( 'NONE',  ( 2.605495114974658133, 3.500000000000000000, -0.4836271351394519913 ) ) ;
#5247 = DIRECTION ( 'NONE',  ( 0.000000000000000000, 0.000000000000000000, -1.000000000000000000 ) ) ;
#5248 = ADVANCED_FACE ( 'NONE', ( #5520 ), #1709, .F. ) ;
#5249 = EDGE_LOOP ( 'NONE', ( #297, #3391, #1118, #2002 ) ) ;
#5250 = ORIENTED_EDGE ( 'NONE', *, *, #5522, .F. ) ;
#5251 = CARTESIAN_POINT ( 'NONE',  ( 1.394129954482113076, 0.2724669240235337853, 2.346658220547680251 ) ) ;
#5252 = CARTESIAN_POINT ( 'NONE',  ( 0.000000000000000000, 3.299999999999999822, 0.000000000000000000 ) ) ;
#5253 = DIRECTION ( 'NONE',  ( -0.9848077530122131273, 0.000000000000000000, -0.1736481776669022981 ) ) ;
#5254 = CARTESIAN_POINT ( 'NONE',  ( -5.656854249492000442, 3.500000000000000000, 4.806854249491999909 ) ) ;
#5255 = CARTESIAN_POINT ( 'NONE',  ( 0.3451855309588666154, 0.3499999999946697971, -2.627422110968760549 ) ) ;
#5256 = EDGE_CURVE ( 'NONE', #4329, #1220, #3766, .T. ) ;
#5257 = ORIENTED_EDGE ( 'NONE', *, *, #4337, .F. ) ;
#5258 = VERTEX_POINT ( 'NONE', #4663 ) ;
#5259 = ORIENTED_EDGE ( 'NONE', *, *, #4856, .T. ) ;
#5260 = DIRECTION ( 'NONE',  ( 0.000000000000000000, 0.000000000000000000, 1.000000000000000000 ) ) ;
#5261 = CARTESIAN_POINT ( 'NONE',  ( -1.753721212832161536, 0.09605189444117727404, -2.314610563004421362 ) ) ;
#5262 = EDGE_CURVE ( 'NONE', #765, #639, #1631, .T. ) ;
#5263 = CARTESIAN_POINT ( 'NONE',  ( 1.663708109181518013, 0.09352044089297810447, 2.383229370192973651 ) ) ;
#5264 = CIRCLE ( 'NONE', #5345, 2.649999999999999911 ) ;
#5265 = CONICAL_SURFACE ( 'NONE', #5356, 0.7499999999883797397, 0.7853981633974482790 ) ;
#5266 = CARTESIAN_POINT ( 'NONE',  ( 0.9602627043240629101, 0.1054847958445330053, -2.730588545660036726 ) ) ;
#5267 = ORIENTED_EDGE ( 'NONE', *, *, #1533, .T. ) ;
#5268 = CARTESIAN_POINT ( 'NONE',  ( -0.7153049792213703739, 0.1904932317071204029, 2.718491949581723244 ) ) ;
#5269 = FACE_OUTER_BOUND ( 'NONE', #2885, .T. ) ;
#5270 = CARTESIAN_POINT ( 'NONE',  ( 2.730588545663000577, 0.000000000000000000, 0.9602627043225999692 ) ) ;
#5271 = DIRECTION ( 'NONE',  ( 0.000000000000000000, -1.000000000000000000, 0.000000000000000000 ) ) ;
#5272 = ORIENTED_EDGE ( 'NONE', *, *, #2491, .F. ) ;
#5273 = CARTESIAN_POINT ( 'NONE',  ( 10.24695076595964771, 3.299999999999935874, -0.2499999999999951705 ) ) ;
#5274 = LINE ( 'NONE', #5330, #2647 ) ;
#5275 = CARTESIAN_POINT ( 'NONE',  ( 2.348560898751721471, 4.805000849042667888, -0.8595541202715759610 ) ) ;
#5276 = VERTEX_POINT ( 'NONE', #5570 ) ;
#5277 = AXIS2_PLACEMENT_3D ( 'NONE', #5343, #3686, #3658 ) ;
#5278 = VERTEX_POINT ( 'NONE', #799 ) ;
#5279 = DIRECTION ( 'NONE',  ( 0.000000000000000000, -1.000000000000000000, -0.000000000000000000 ) ) ;
#5280 = DIRECTION ( 'NONE',  ( -0.1391731009600952473, 0.000000000000000000, 0.9902680687415661431 ) ) ;
#5281 = EDGE_CURVE ( 'NONE', #2586, #5276, #5227, .T. ) ;
#5282 = FACE_OUTER_BOUND ( 'NONE', #1901, .T. ) ;
#5283 = CARTESIAN_POINT ( 'NONE',  ( -0.7153049792213409530, 0.1904932317071907077, -2.718491949582067413 ) ) ;
#5284 = ORIENTED_EDGE ( 'NONE', *, *, #5073, .T. ) ;
#5285 = ORIENTED_EDGE ( 'NONE', *, *, #1928, .F. ) ;
#5286 = EDGE_CURVE ( 'NONE', #5455, #4039, #4173, .T. ) ;
#5287 = ORIENTED_EDGE ( 'NONE', *, *, #2856, .F. ) ;
#5288 = B_SPLINE_CURVE_WITH_KNOTS ( 'NONE', 3,
 ( #3637, #2446, #3210, #4152 ),
 .UNSPECIFIED., .F., .F.,
 ( 4, 4 ),
 ( 1.859742150239406939E-16, 0.0004546461370033456364 ),
 .UNSPECIFIED. ) ;
#5289 = CARTESIAN_POINT ( 'NONE',  ( 9.650000000000000355, 3.200000000000000178, 0.2500000000000000000 ) ) ;
#5290 = CARTESIAN_POINT ( 'NONE',  ( -0.9301312291940397881, 0.08275907220435654854, -2.764986532915078676 ) ) ;
#5291 = ADVANCED_FACE ( 'NONE', ( #1255 ), #4239, .F. ) ;
#5292 = EDGE_CURVE ( 'NONE', #116, #5472, #2670, .T. ) ;
#5293 = DIRECTION ( 'NONE',  ( 2.486899575160350966E-14, 0.000000000000000000, -1.000000000000000000 ) ) ;
#5294 = VERTEX_POINT ( 'NONE', #302 ) ;
#5295 = CARTESIAN_POINT ( 'NONE',  ( -10.02197585309203376, 3.500000000002031264, -0.7500000000000000000 ) ) ;
#5296 = CARTESIAN_POINT ( 'NONE',  ( 2.914638803331343730, 0.08512501714645395734, -0.03790650285951220611 ) ) ;
#5297 = DIRECTION ( 'NONE',  ( -1.776356839400250465E-15, 0.000000000000000000, -1.000000000000000000 ) ) ;
#5298 = ORIENTED_EDGE ( 'NONE', *, *, #1121, .T. ) ;
#5299 = CIRCLE ( 'NONE', #5029, 4.000000000000000000 ) ;
#5300 = CARTESIAN_POINT ( 'NONE',  ( -2.750000000000000000, 2.999999999985902832, -4.513139720769183683 ) ) ;
#5301 = CARTESIAN_POINT ( 'NONE',  ( -0.1597647498637071173, 0.1904932317051266921, 2.806480877888567260 ) ) ;
#5302 = CARTESIAN_POINT ( 'NONE',  ( 2.085665361441362275, 4.674105330761872068, -1.000000000000000000 ) ) ;
#5303 = ORIENTED_EDGE ( 'NONE', *, *, #4244, .F. ) ;
#5304 = EDGE_LOOP ( 'NONE', ( #1382, #1392, #196, #1571 ) ) ;
#5305 = CARTESIAN_POINT ( 'NONE',  ( -2.605495114973140680, 0.3499999999948729679, -0.4836271351370964866 ) ) ;
#5306 = LINE ( 'NONE', #1815, #1324 ) ;
#5307 = VECTOR ( 'NONE', #4842, 999.9999999999998863 ) ;
#5308 = CARTESIAN_POINT ( 'NONE',  ( -10.94999999999999929, 3.200000000000000178, 1.250000000000000000 ) ) ;
#5309 = AXIS2_PLACEMENT_3D ( 'NONE', #459, #3937, #3451 ) ;
#5310 = PLANE ( 'NONE',  #2810 ) ;
#5311 = VERTEX_POINT ( 'NONE', #4718 ) ;
#5312 = EDGE_CURVE ( 'NONE', #1340, #3794, #2402, .T. ) ;
#5313 = AXIS2_PLACEMENT_3D ( 'NONE', #1801, #83, #2698 ) ;
#5314 = ORIENTED_EDGE ( 'NONE', *, *, #3549, .F. ) ;
#5315 = CIRCLE ( 'NONE', #514, 2.500000291659084883 ) ;
#5316 = DIRECTION ( 'NONE',  ( 0.000000000000000000, 0.000000000000000000, 1.000000000000000000 ) ) ;
#5317 = FACE_OUTER_BOUND ( 'NONE', #4235, .T. ) ;
#5318 = CARTESIAN_POINT ( 'NONE',  ( 1.747743435402602019, 0.08836474067352272088, 2.328745468696682863 ) ) ;
#5319 = EDGE_CURVE ( 'NONE', #5186, #1484, #2900, .T. ) ;
#5320 = DIRECTION ( 'NONE',  ( 0.000000000000000000, 0.000000000000000000, 1.000000000000000000 ) ) ;
#5321 = ORIENTED_EDGE ( 'NONE', *, *, #4180, .T. ) ;
#5322 = FACE_OUTER_BOUND ( 'NONE', #1714, .T. ) ;
#5323 = CARTESIAN_POINT ( 'NONE',  ( -2.750000000000000000, 2.999999999985902832, 4.763139720814000277 ) ) ;
#5324 = CARTESIAN_POINT ( 'NONE',  ( -2.316616962889999964, 3.500000000000000000, -1.180375299322999894 ) ) ;
#5325 = AXIS2_PLACEMENT_3D ( 'NONE', #4358, #2280, #4413 ) ;
#5326 = CIRCLE ( 'NONE', #1523, 1.250000000000000000 ) ;
#5327 = ORIENTED_EDGE ( 'NONE', *, *, #2937, .T. ) ;
#5328 = ADVANCED_FACE ( 'NONE', ( #2470 ), #2080, .F. ) ;
#5329 = AXIS2_PLACEMENT_3D ( 'NONE', #1485, #3239, #5320 ) ;
#5330 = CARTESIAN_POINT ( 'NONE',  ( -1.658581592255000237, 0.000000000000000000, -2.382841717206999554 ) ) ;
#5331 = PLANE ( 'NONE',  #2852 ) ;
#5332 = AXIS2_PLACEMENT_3D ( 'NONE', #4117, #5010, #1111 ) ;
#5333 = EDGE_CURVE ( 'NONE', #5566, #1305, #688, .T. ) ;
#5334 = ORIENTED_EDGE ( 'NONE', *, *, #4067, .T. ) ;
#5335 = EDGE_CURVE ( 'NONE', #4850, #5479, #1429, .T. ) ;
#5336 = VERTEX_POINT ( 'NONE', #5236 ) ;
#5337 = DIRECTION ( 'NONE',  ( 0.000000000000000000, 0.000000000000000000, -1.000000000000000000 ) ) ;
#5338 = LINE ( 'NONE', #1448, #2775 ) ;
#5339 = DIRECTION ( 'NONE',  ( -0.000000000000000000, -1.000000000000000000, -0.000000000000000000 ) ) ;
#5340 = VERTEX_POINT ( 'NONE', #4889 ) ;
#5341 = ORIENTED_EDGE ( 'NONE', *, *, #3201, .T. ) ;
#5342 = AXIS2_PLACEMENT_3D ( 'NONE', #2923, #1253, #4661 ) ;
#5343 = CARTESIAN_POINT ( 'NONE',  ( -3.580681656734000243E-07, 4.910000389202195947, 1.524477638310123284E-07 ) ) ;
#5344 = CARTESIAN_POINT ( 'NONE',  ( 2.776560634863871169, 0.07845275834218998212, -0.9089275692156800757 ) ) ;
#5345 = AXIS2_PLACEMENT_3D ( 'NONE', #3635, #1000, #4063 ) ;
#5346 = CARTESIAN_POINT ( 'NONE',  ( -2.327844167623777327, 0.08899429837553723965, -1.747883212937300756 ) ) ;
#5347 = ORIENTED_EDGE ( 'NONE', *, *, #373, .T. ) ;
#5348 = DIRECTION ( 'NONE',  ( 0.000000000000000000, 0.000000000000000000, -1.000000000000000000 ) ) ;
#5349 = VERTEX_POINT ( 'NONE', #1397 ) ;
#5350 = EDGE_CURVE ( 'NONE', #3252, #3202, #2131, .T. ) ;
#5351 = DIRECTION ( 'NONE',  ( 0.000000000000000000, 0.000000000000000000, -1.000000000000000000 ) ) ;
#5352 = CYLINDRICAL_SURFACE ( 'NONE', #3721, 0.1000000000000000472 ) ;
#5353 = DIRECTION ( 'NONE',  ( 0.000000000000000000, 0.000000000000000000, -1.000000000000000000 ) ) ;
#5354 = FACE_OUTER_BOUND ( 'NONE', #2575, .T. ) ;
#5355 = ORIENTED_EDGE ( 'NONE', *, *, #5585, .F. ) ;
#5356 = AXIS2_PLACEMENT_3D ( 'NONE', #3314, #2585, #1212 ) ;
#5357 = VERTEX_POINT ( 'NONE', #3917 ) ;
#5358 = EDGE_CURVE ( 'NONE', #923, #4974, #5315, .T. ) ;
#5359 = DIRECTION ( 'NONE',  ( 0.000000000000000000, 1.000000000000000000, -0.000000000000000000 ) ) ;
#5360 = CARTESIAN_POINT ( 'NONE',  ( -2.754036981518688254, 0.08899429837544661770, -0.9429923113345176633 ) ) ;
#5361 = CARTESIAN_POINT ( 'NONE',  ( -2.392158724416362681, 0.3499999999946294404, 1.140209032234785758 ) ) ;
#5362 = VERTEX_POINT ( 'NONE', #3491 ) ;
#5363 = ORIENTED_EDGE ( 'NONE', *, *, #126, .T. ) ;
#5364 = DIRECTION ( 'NONE',  ( 0.000000000000000000, 0.000000000000000000, 1.000000000000000000 ) ) ;
#5365 = CARTESIAN_POINT ( 'NONE',  ( 2.821747544339999969, 0.000000000000000000, 0.000000000000000000 ) ) ;
#5366 = EDGE_CURVE ( 'NONE', #4404, #3224, #1054, .T. ) ;
#5367 = EDGE_CURVE ( 'NONE', #1345, #4962, #880, .T. ) ;
#5368 = CARTESIAN_POINT ( 'NONE',  ( 1.180375299322999894, 3.500000000000000000, 2.316616962889999964 ) ) ;
#5369 = CARTESIAN_POINT ( 'NONE',  ( -2.898697908071739882, 0.1005945232463725664, 0.06427121966220250560 ) ) ;
#5370 = ORIENTED_EDGE ( 'NONE', *, *, #717, .F. ) ;
#5371 = ORIENTED_EDGE ( 'NONE', *, *, #3759, .T. ) ;
#5372 = DIRECTION ( 'NONE',  ( 0.000000000000000000, -1.000000000000000000, 0.000000000000000000 ) ) ;
#5373 = DIRECTION ( 'NONE',  ( 0.000000000000000000, -1.000000000000000000, 0.000000000000000000 ) ) ;
#5374 = CARTESIAN_POINT ( 'NONE',  ( 1.530808498934191324E-16, 0.000000000000000000, 6.750000000000000000 ) ) ;
#5375 = ORIENTED_EDGE ( 'NONE', *, *, #1495, .F. ) ;
#5376 = FACE_OUTER_BOUND ( 'NONE', #2240, .T. ) ;
#5377 = EDGE_LOOP ( 'NONE', ( #2457, #4851, #377, #4081 ) ) ;
#5378 = VECTOR ( 'NONE', #173, 1000.000000000000000 ) ;
#5379 = DIRECTION ( 'NONE',  ( -0.000000000000000000, -1.000000000000000000, -0.000000000000000000 ) ) ;
#5380 = CARTESIAN_POINT ( 'NONE',  ( -1.712030518930377276, 0.07845275834192892705, 2.367359243420502857 ) ) ;
#5381 = CARTESIAN_POINT ( 'NONE',  ( -8.000000000000000000, 0.000000000000000000, 0.000000000000000000 ) ) ;
#5382 = CARTESIAN_POINT ( 'NONE',  ( 4.898587196589412829E-16, 3.500000000000000000, -4.000000000000000000 ) ) ;
#5383 = EDGE_CURVE ( 'NONE', #1322, #4894, #1139, .T. ) ;
#5384 = ORIENTED_EDGE ( 'NONE', *, *, #2301, .T. ) ;
#5385 = DIRECTION ( 'NONE',  ( -0.4383711467890826219, 0.000000000000000000, -0.8987940462991643731 ) ) ;
#5386 = CARTESIAN_POINT ( 'NONE',  ( 2.383154054220442575, 0.09922960516566319000, -1.653811304384886771 ) ) ;
#5387 = CARTESIAN_POINT ( 'NONE',  ( -2.779968080904818617, 0.07787957361659809952, 0.9003609963088509138 ) ) ;
#5388 = EDGE_LOOP ( 'NONE', ( #3775, #3589, #4465, #2039, #4305 ) ) ;
#5389 = B_SPLINE_CURVE_WITH_KNOTS ( 'NONE', 3,
 ( #2153, #432, #1391, #1758 ),
 .UNSPECIFIED., .F., .F.,
 ( 4, 4 ),
 ( 2.195342077757217941E-18, 0.0004546461370036666144 ),
 .UNSPECIFIED. ) ;
#5390 = ORIENTED_EDGE ( 'NONE', *, *, #4757, .F. ) ;
#5391 = DIRECTION ( 'NONE',  ( -0.9848077530122131273, 0.000000000000000000, 0.1736481776669022981 ) ) ;
#5392 = CARTESIAN_POINT ( 'NONE',  ( 1.757062367556423421, 3.500000000000000000, 2.300206534973312067 ) ) ;
#5393 = CARTESIAN_POINT ( 'NONE',  ( 0.000000000000000000, 1.136868377216160297E-10, -2.999999999872215994 ) ) ;
#5394 = CARTESIAN_POINT ( 'NONE',  ( -2.921014661944753232, 0.07896029600152480732, 0.01458361059999504009 ) ) ;
#5395 = ORIENTED_EDGE ( 'NONE', *, *, #1512, .T. ) ;
#5396 = B_SPLINE_CURVE_WITH_KNOTS ( 'NONE', 3,
 ( #909, #4402, #524, #2636 ),
 .UNSPECIFIED., .F., .F.,
 ( 4, 4 ),
 ( 1.758760485803562825E-16, 0.0004546461370031392043 ),
 .UNSPECIFIED. ) ;
#5397 = EDGE_CURVE ( 'NONE', #4061, #3564, #5396, .T. ) ;
#5398 = EDGE_CURVE ( 'NONE', #1794, #3300, #782, .T. ) ;
#5399 = ORIENTED_EDGE ( 'NONE', *, *, #2750, .F. ) ;
#5400 = PLANE ( 'NONE',  #3684 ) ;
#5401 = DIRECTION ( 'NONE',  ( 1.000000000000000000, 0.000000000000000000, 0.000000000000000000 ) ) ;
#5402 = CARTESIAN_POINT ( 'NONE',  ( 2.764986532915078676, 0.08275907220435654854, -0.9301312291940397881 ) ) ;
#5403 = AXIS2_PLACEMENT_3D ( 'NONE', #1385, #4013, #5247 ) ;
#5404 = VECTOR ( 'NONE', #2276, 1000.000000000000000 ) ;
#5405 = EDGE_CURVE ( 'NONE', #612, #1650, #4308, .T. ) ;
#5406 = DIRECTION ( 'NONE',  ( 0.4694715627859091245, -0.000000000000000000, -0.8829475928589172185 ) ) ;
#5407 = ORIENTED_EDGE ( 'NONE', *, *, #3225, .T. ) ;
#5408 = CIRCLE ( 'NONE', #3945, 2.999999999985902832 ) ;
#5409 = B_SPLINE_CURVE_WITH_KNOTS ( 'NONE', 3,
 ( #4448, #5251, #2288, #123 ),
 .UNSPECIFIED., .F., .F.,
 ( 4, 4 ),
 ( 2.305879653647652272E-16, 0.0004546461370071309656 ),
 .UNSPECIFIED. ) ;
#5410 = FACE_OUTER_BOUND ( 'NONE', #1844, .T. ) ;
#5411 = CARTESIAN_POINT ( 'NONE',  ( -0.9602627043228042503, 3.500000000000000000, -2.730588545662906430 ) ) ;
#5412 = FACE_OUTER_BOUND ( 'NONE', #379, .T. ) ;
#5413 = DIRECTION ( 'NONE',  ( 0.000000000000000000, 0.000000000000000000, 1.000000000000000000 ) ) ;
#5414 = ORIENTED_EDGE ( 'NONE', *, *, #1337, .F. ) ;
#5415 = VECTOR ( 'NONE', #5503, 1000.000000000000000 ) ;
#5416 = CIRCLE ( 'NONE', #2143, 2.649999999999999911 ) ;
#5417 = CARTESIAN_POINT ( 'NONE',  ( 8.000000000000000000, 3.500000000000000000, 0.000000000000000000 ) ) ;
#5418 = CARTESIAN_POINT ( 'NONE',  ( 2.370682937886618991, 0.07858527843848087113, -1.707221391044583703 ) ) ;
#5419 = CARTESIAN_POINT ( 'NONE',  ( -2.783690457303078958, 0.08526593549494519697, 0.8641751830874687679 ) ) ;
#5420 = ORIENTED_EDGE ( 'NONE', *, *, #5493, .F. ) ;
#5421 = VECTOR ( 'NONE', #1055, 1000.000000000000000 ) ;
#5422 = AXIS2_PLACEMENT_3D ( 'NONE', #2577, #105, #5260 ) ;
#5423 = VECTOR ( 'NONE', #4572, 1000.000000000000000 ) ;
#5424 = CARTESIAN_POINT ( 'NONE',  ( -2.750000000000000000, 3.499999999860392563, -5.513139720733306604 ) ) ;
#5425 = FACE_OUTER_BOUND ( 'NONE', #2185, .T. ) ;
#5426 = CARTESIAN_POINT ( 'NONE',  ( 0.000000000000000000, 3.500000000000000000, 0.000000000000000000 ) ) ;
#5427 = ORIENTED_EDGE ( 'NONE', *, *, #1250, .T. ) ;
#5428 = EDGE_CURVE ( 'NONE', #128, #3132, #3823, .T. ) ;
#5429 = CARTESIAN_POINT ( 'NONE',  ( -2.907395822811170927, 0.09214600728015284736, 0.05161755897883627681 ) ) ;
#5430 = VERTEX_POINT ( 'NONE', #4026 ) ;
#5431 = ORIENTED_EDGE ( 'NONE', *, *, #4766, .F. ) ;
#5432 = DIRECTION ( 'NONE',  ( -0.000000000000000000, 1.000000000000000000, -0.000000000000000000 ) ) ;
#5433 = EDGE_CURVE ( 'NONE', #2814, #3474, #5044, .T. ) ;
#5434 = CARTESIAN_POINT ( 'NONE',  ( -1.800994743867162295, 0.2724669240243928203, -2.051053647910339617 ) ) ;
#5435 = CARTESIAN_POINT ( 'NONE',  ( 2.743255116791735393, 0.09605189444127473775, -0.9526339879011987977 ) ) ;
#5436 = FACE_BOUND ( 'NONE', #3654, .T. ) ;
#5437 = VERTEX_POINT ( 'NONE', #3601 ) ;
#5438 = ADVANCED_FACE ( 'NONE', ( #3178 ), #3631, .F. ) ;
#5439 = FACE_BOUND ( 'NONE', #5461, .T. ) ;
#5440 = CARTESIAN_POINT ( 'NONE',  ( -1.733125776727439060, 0.08043333791895158902, 2.349498784059202539 ) ) ;
#5441 = CARTESIAN_POINT ( 'NONE',  ( 2.300206534969744254, 0.1054847958450244177, -1.757062367557052251 ) ) ;
#5442 = CARTESIAN_POINT ( 'NONE',  ( 10.18026406342978518, 0.1333331358471107619, 0.2500000000000000000 ) ) ;
#5443 = ORIENTED_EDGE ( 'NONE', *, *, #3407, .F. ) ;
#5444 = DIRECTION ( 'NONE',  ( 0.000000000000000000, 0.000000000000000000, -1.000000000000000000 ) ) ;
#5445 = LINE ( 'NONE', #3278, #2938 ) ;
#5446 = CARTESIAN_POINT ( 'NONE',  ( -2.783128942310772569, 0.08043333791908209573, 0.8820786726387380705 ) ) ;
#5447 = VERTEX_POINT ( 'NONE', #5374 ) ;
#5448 = AXIS2_PLACEMENT_3D ( 'NONE', #1161, #2480, #341 ) ;
#5449 =( LENGTH_UNIT ( ) NAMED_UNIT ( * ) SI_UNIT ( .MILLI., .METRE. ) );
#5450 = DIRECTION ( 'NONE',  ( -0.000000000000000000, -1.000000000000000000, -0.000000000000000000 ) ) ;
#5451 = CARTESIAN_POINT ( 'NONE',  ( 0.000000000000000000, 0.000000000000000000, 0.000000000000000000 ) ) ;
#5452 = VERTEX_POINT ( 'NONE', #4086 ) ;
#5453 = DIRECTION ( 'NONE',  ( -0.4694715627859091245, 0.000000000000000000, -0.8829475928589172185 ) ) ;
#5454 = VECTOR ( 'NONE', #3976, 1000.000000000000000 ) ;
#5455 = VERTEX_POINT ( 'NONE', #2325 ) ;
#5456 = VERTEX_POINT ( 'NONE', #4481 ) ;
#5457 = EDGE_CURVE ( 'NONE', #639, #5488, #5408, .T. ) ;
#5458 = FACE_OUTER_BOUND ( 'NONE', #3506, .T. ) ;
#5459 = CARTESIAN_POINT ( 'NONE',  ( -2.750000000000000000, 3.499999999917235982, 5.513139720802380239 ) ) ;
#5460 = CARTESIAN_POINT ( 'NONE',  ( 2.754850976142992014, 0.08836474067378999320, -0.9425808576513039494 ) ) ;
#5461 = EDGE_LOOP ( 'NONE', ( #342, #350 ) ) ;
#5462 = ORIENTED_EDGE ( 'NONE', *, *, #3507, .T. ) ;
#5463 = EDGE_CURVE ( 'NONE', #1453, #2092, #249, .T. ) ;
#5464 = EDGE_LOOP ( 'NONE', ( #1752, #4118 ) ) ;
#5465 = FACE_BOUND ( 'NONE', #3646, .T. ) ;
#5466 = CARTESIAN_POINT ( 'NONE',  ( -1.719822505902251164, 0.07787957361637250220, 2.362431586886127644 ) ) ;
#5467 = CARTESIAN_POINT ( 'NONE',  ( -0.06946583704551133331, 3.500000000000000000, -2.893681524373532987 ) ) ;
#5468 = FACE_OUTER_BOUND ( 'NONE', #3447, .T. ) ;
#5469 = EDGE_CURVE ( 'NONE', #3401, #5517, #3106, .T. ) ;
#5470 = EDGE_CURVE ( 'NONE', #3484, #92, #1416, .T. ) ;
#5471 = VECTOR ( 'NONE', #2650, 1000.000000000000114 ) ;
#5472 = VERTEX_POINT ( 'NONE', #4420 ) ;
#5473 = CARTESIAN_POINT ( 'NONE',  ( -9.971960689854268978, -8.843683214544888846E-14, 1.250000000000000000 ) ) ;
#5474 = DIRECTION ( 'NONE',  ( 0.000000000000000000, 0.000000000000000000, -1.000000000000000000 ) ) ;
#5475 = CARTESIAN_POINT ( 'NONE',  ( -2.782339694813298347, 0.08899429837552282063, 0.8558855165700506307 ) ) ;
#5476 = VERTEX_POINT ( 'NONE', #2178 ) ;
#5477 = CARTESIAN_POINT ( 'NONE',  ( 1.644664282155766877, 0.1054847958446735040, -2.381868524080579697 ) ) ;
#5478 = CARTESIAN_POINT ( 'NONE',  ( 1.644664282155766877, 0.1054847958446735040, -2.381868524080579697 ) ) ;
#5479 = VERTEX_POINT ( 'NONE', #5305 ) ;
#5480 = CARTESIAN_POINT ( 'NONE',  ( 2.627422110968760549, 0.3499999999946697971, 0.3451855309588667264 ) ) ;
#5481 = EDGE_LOOP ( 'NONE', ( #4116, #3399, #3519, #3939, #136, #4539, #4371, #1965, #272, #5204, #4251, #3569, #2991, #393, #4432, #3882, #1760, #5542, #1289, #1439, #5203, #5284, #4606, #2645, #3640, #1205, #2652, #279, #887, #5347, #481, #4372, #4159, #2549, #1513, #2746, #3151, #4277, #813, #437, #866, #4919, #4824, #2740, #25, #2229 ) ) ;
#5482 = ORIENTED_EDGE ( 'NONE', *, *, #3477, .T. ) ;
#5483 = CARTESIAN_POINT ( 'NONE',  ( 2.381868524080617888, 0.1054847958446691741, -1.644664282155719137 ) ) ;
#5484 = CARTESIAN_POINT ( 'NONE',  ( -0.04259303140829823198, 0.08711791873548983822, 2.912579180130803636 ) ) ;
#5485 = PLANE ( 'NONE',  #1992 ) ;
#5486 = EDGE_CURVE ( 'NONE', #4569, #3989, #484, .T. ) ;
#5487 = VERTEX_POINT ( 'NONE', #566 ) ;
#5488 = VERTEX_POINT ( 'NONE', #1754 ) ;
#5489 = ORIENTED_EDGE ( 'NONE', *, *, #5333, .F. ) ;
#5490 = AXIS2_PLACEMENT_3D ( 'NONE', #1294, #809, #2987 ) ;
#5491 = DIRECTION ( 'NONE',  ( -0.000000000000000000, -1.000000000000000000, -0.000000000000000000 ) ) ;
#5492 = CARTESIAN_POINT ( 'NONE',  ( 5.500000000000000000, 3.499999999917235982, -0.7499999999822648533 ) ) ;
#5493 = EDGE_CURVE ( 'NONE', #2946, #159, #2944, .T. ) ;
#5494 = CARTESIAN_POINT ( 'NONE',  ( -2.750000000000000000, 2.999999999985902832, -4.763139720814000277 ) ) ;
#5495 = LINE ( 'NONE', #3245, #5510 ) ;
#5496 = AXIS2_PLACEMENT_3D ( 'NONE', #5323, #4778, #139 ) ;
#5497 = ORIENTED_EDGE ( 'NONE', *, *, #304, .F. ) ;
#5498 = CARTESIAN_POINT ( 'NONE',  ( -1.140209032234785980, 0.3499999999946294404, -2.392158724416362681 ) ) ;
#5499 = FACE_OUTER_BOUND ( 'NONE', #2541, .T. ) ;
#5500 = ADVANCED_FACE ( 'NONE', ( #3136 ), #3167, .F. ) ;
#5501 = DIRECTION ( 'NONE',  ( 0.1391731009600952473, 0.000000000000000000, -0.9902680687415661431 ) ) ;
#5502 = CIRCLE ( 'NONE', #5581, 1.250000000000000000 ) ;
#5503 = DIRECTION ( 'NONE',  ( 0.000000000000000000, -0.000000000000000000, 1.000000000000000000 ) ) ;
#5504 = CARTESIAN_POINT ( 'NONE',  ( 0.7153049792232395454, 0.1904932317057117519, -2.718491949582634959 ) ) ;
#5505 = ORIENTED_EDGE ( 'NONE', *, *, #2083, .T. ) ;
#5506 = EDGE_CURVE ( 'NONE', #2327, #1794, #5409, .T. ) ;
#5507 = CYLINDRICAL_SURFACE ( 'NONE', #2896, 0.09999999999999982514 ) ;
#5508 = ORIENTED_EDGE ( 'NONE', *, *, #701, .F. ) ;
#5509 = AXIS2_PLACEMENT_3D ( 'NONE', #1209, #5080, #1695 ) ;
#5510 = VECTOR ( 'NONE', #2364, 1000.000000000000000 ) ;
#5511 = VERTEX_POINT ( 'NONE', #512 ) ;
#5512 = CARTESIAN_POINT ( 'NONE',  ( 5.656854249492000442, 0.000000000000000000, -5.656854249492000442 ) ) ;
#5513 = CARTESIAN_POINT ( 'NONE',  ( 2.730588545663000577, 0.000000000000000000, 0.9602627043225999692 ) ) ;
#5514 = DIRECTION ( 'NONE',  ( 0.8987940462991643731, 0.000000000000000000, 0.4383711467890826219 ) ) ;
#5515 = EDGE_LOOP ( 'NONE', ( #1753, #875, #5407, #4948 ) ) ;
#5516 = EDGE_LOOP ( 'NONE', ( #1505, #1072 ) ) ;
#5517 = VERTEX_POINT ( 'NONE', #3540 ) ;
#5518 = CARTESIAN_POINT ( 'NONE',  ( 2.683641389383999876, 3.500000000000000000, 0.8719679450367001650 ) ) ;
#5519 = CARTESIAN_POINT ( 'NONE',  ( 1.682514699346596032, 0.08512501714653705753, -2.380273207706618432 ) ) ;
#5520 = FACE_OUTER_BOUND ( 'NONE', #1110, .T. ) ;
#5521 = CARTESIAN_POINT ( 'NONE',  ( 0.000000000000000000, 0.3499999999999999778, 0.000000000000000000 ) ) ;
#5522 = EDGE_CURVE ( 'NONE', #981, #5186, #4016, .T. ) ;
#5523 = ORIENTED_EDGE ( 'NONE', *, *, #1223, .F. ) ;
#5524 = LINE ( 'NONE', #5162, #4801 ) ;
#5525 = DIRECTION ( 'NONE',  ( 0.000000000000000000, 1.000000000000000000, -0.000000000000000000 ) ) ;
#5526 = CARTESIAN_POINT ( 'NONE',  ( -0.8281308303520755754, 0.1054847958470535446, 2.773520794010988499 ) ) ;
#5527 = B_SPLINE_CURVE_WITH_KNOTS ( 'NONE', 3,
 ( #585, #3535, #2226, #5360, #2200, #537, #1411, #1469, #921, #979, #2651, #4783, #2254, #2621, #4385, #4444, #281, #2339, #4187 ),
 .UNSPECIFIED., .F., .F.,
 ( 4, 3, 3, 3, 3, 3, 4 ),
 ( 1.737897475213638260E-17, 3.346688102101163251E-05, 6.101997884343614894E-05, 8.880801656053588207E-05, 0.0001132950656147783459, 0.0001385224882847477582, 0.0001645295473142426024 ),
 .UNSPECIFIED. ) ;
#5528 = EDGE_CURVE ( 'NONE', #3681, #1187, #2684, .T. ) ;
#5529 = CARTESIAN_POINT ( 'NONE',  ( 9.650000000000000355, 3.500000000000000000, 0.2500000000000000000 ) ) ;
#5530 = VECTOR ( 'NONE', #5373, 1000.000000000000000 ) ;
#5531 = FACE_OUTER_BOUND ( 'NONE', #5388, .T. ) ;
#5532 = CARTESIAN_POINT ( 'NONE',  ( -2.392158724416362681, 0.3499999999946294404, 1.140209032234785758 ) ) ;
#5533 = CARTESIAN_POINT ( 'NONE',  ( 2.717935407434040052, 0.2724669240257420189, -0.2514562686673502689 ) ) ;
#5534 = EDGE_LOOP ( 'NONE', ( #3954, #4033, #3881, #2481 ) ) ;
#5535 = AXIS2_PLACEMENT_3D ( 'NONE', #4020, #4911, #151 ) ;
#5536 = ORIENTED_EDGE ( 'NONE', *, *, #3753, .F. ) ;
#5537 = ADVANCED_FACE ( 'NONE', ( #2231 ), #924, .F. ) ;
#5538 = CARTESIAN_POINT ( 'NONE',  ( 0.9089275692156800757, 0.07845275834218998212, 2.776560634863871169 ) ) ;
#5539 = CARTESIAN_POINT ( 'NONE',  ( 0.000000000000000000, 3.200000000000000178, 0.000000000000000000 ) ) ;
#5540 = CARTESIAN_POINT ( 'NONE',  ( -0.04957086193044549921, 0.09098118144207048563, 2.908596434070843895 ) ) ;
#5541 = FACE_BOUND ( 'NONE', #2342, .T. ) ;
#5542 = ORIENTED_EDGE ( 'NONE', *, *, #4549, .T. ) ;
#5543 = VERTEX_POINT ( 'NONE', #1867 ) ;
#5544 = ORIENTED_EDGE ( 'NONE', *, *, #3608, .F. ) ;
#5545 = CARTESIAN_POINT ( 'NONE',  ( 2.627422110970790481, 3.500000000000000000, -0.3451855309561632779 ) ) ;
#5546 = DIRECTION ( 'NONE',  ( 0.000000000000000000, 0.000000000000000000, -1.000000000000000000 ) ) ;
#5547 = DIRECTION ( 'NONE',  ( -0.1736481776669022981, 0.000000000000000000, 0.9848077530122131273 ) ) ;
#5548 = DIRECTION ( 'NONE',  ( 0.000000000000000000, 0.000000000000000000, 1.000000000000000000 ) ) ;
#5549 = ORIENTED_EDGE ( 'NONE', *, *, #5367, .T. ) ;
#5550 = DIRECTION ( 'NONE',  ( 0.000000000000000000, 0.000000000000000000, -1.000000000000000000 ) ) ;
#5551 = DIRECTION ( 'NONE',  ( 0.000000000000000000, 0.000000000000000000, 1.000000000000000000 ) ) ;
#5552 = CARTESIAN_POINT ( 'NONE',  ( -9.650000000000000355, 3.500000000000000000, 0.7500000000000000000 ) ) ;
#5553 = EDGE_CURVE ( 'NONE', #3417, #2772, #1013, .T. ) ;
#5554 = DIRECTION ( 'NONE',  ( 0.000000000000000000, -1.000000000000000000, 0.000000000000000000 ) ) ;
#5555 = FACE_OUTER_BOUND ( 'NONE', #5377, .T. ) ;
#5556 = CARTESIAN_POINT ( 'NONE',  ( 2.370074274387812707, 4.805001019387895589, -0.7954545454544127425 ) ) ;
#5557 = ORIENTED_EDGE ( 'NONE', *, *, #3297, .T. ) ;
#5558 = ORIENTED_EDGE ( 'NONE', *, *, #3092, .F. ) ;
#5559 = DIRECTION ( 'NONE',  ( -2.309263891220325920E-14, 0.000000000000000000, -1.000000000000000000 ) ) ;
#5560 = CARTESIAN_POINT ( 'NONE',  ( -10.17349497468825881, 0.2000000000008833323, -1.249999999999875433 ) ) ;
#5561 = CARTESIAN_POINT ( 'NONE',  ( 10.04689006608602142, 8.622619642983356107E-13, 0.2500000000000000000 ) ) ;
#5562 = DIRECTION ( 'NONE',  ( 0.000000000000000000, 0.000000000000000000, -1.000000000000000000 ) ) ;
#5563 = EDGE_CURVE ( 'NONE', #3349, #2594, #5502, .T. ) ;
#5564 = ORIENTED_EDGE ( 'NONE', *, *, #774, .F. ) ;
#5565 = ORIENTED_EDGE ( 'NONE', *, *, #660, .T. ) ;
#5566 = VERTEX_POINT ( 'NONE', #2654 ) ;
#5567 = DIRECTION ( 'NONE',  ( 0.000000000000000000, -1.000000000000000000, 0.000000000000000000 ) ) ;
#5568 = DIRECTION ( 'NONE',  ( 0.000000000000000000, 0.000000000000000000, 1.000000000000000000 ) ) ;
#5569 = ADVANCED_FACE ( 'NONE', ( #4364 ), #3934, .F. ) ;
#5570 = CARTESIAN_POINT ( 'NONE',  ( -2.750000000000000000, 2.999999999985902832, -5.013139720858816872 ) ) ;
#5571 = CARTESIAN_POINT ( 'NONE',  ( -1.644664282158995405, 3.500000000000000000, -2.381868524081078409 ) ) ;
#5572 = ORIENTED_EDGE ( 'NONE', *, *, #3549, .T. ) ;
#5573 = VECTOR ( 'NONE', #4699, 1000.000000000000000 ) ;
#5574 = DIRECTION ( 'NONE',  ( -0.000000000000000000, -1.000000000000000000, -0.000000000000000000 ) ) ;
#5575 = CARTESIAN_POINT ( 'NONE',  ( 0.8887733334667321516, 0.07896029600198305187, -2.782556611950619541 ) ) ;
#5576 = CARTESIAN_POINT ( 'NONE',  ( -2.392158724419058746, 0.000000000000000000, 1.140209032233029385 ) ) ;
#5577 = AXIS2_PLACEMENT_3D ( 'NONE', #408, #1657, #849 ) ;
#5578 = DIRECTION ( 'NONE',  ( 0.000000000000000000, -1.000000000000000000, -0.000000000000000000 ) ) ;
#5579 = PLANE ( 'NONE',  #2918 ) ;
#5580 = CARTESIAN_POINT ( 'NONE',  ( 1.778860468606288991, 0.1904932317078325277, -2.176583360789956956 ) ) ;
#5581 = AXIS2_PLACEMENT_3D ( 'NONE', #3049, #4787, #895 ) ;
#5582 = ORIENTED_EDGE ( 'NONE', *, *, #1473, .F. ) ;
#5583 = VERTEX_POINT ( 'NONE', #4389 ) ;
#5584 = CARTESIAN_POINT ( 'NONE',  ( 2.356245344793518104, 0.07858527843852612660, 1.727093033152975465 ) ) ;
#5585 = EDGE_CURVE ( 'NONE', #2772, #2125, #4855, .T. ) ;
#5586 = FACE_OUTER_BOUND ( 'NONE', #1560, .T. ) ;
#5587 = AXIS2_PLACEMENT_3D ( 'NONE', #1748, #5245, #3469 ) ;
#5588 = CARTESIAN_POINT ( 'NONE',  ( 1.894103803532118491, 4.553192308610380046, 1.000000000000000000 ) ) ;
#5589 = CARTESIAN_POINT ( 'NONE',  ( 1.658581592255000237, 3.500000000000000000, -2.282841717206999910 ) ) ;
#5590 = EDGE_LOOP ( 'NONE', ( #2031, #4941, #2014, #2227 ) ) ;
#5591 = ORIENTED_EDGE ( 'NONE', *, *, #438, .T. ) ;
#5592 = CIRCLE ( 'NONE', #4964, 2.649999999999999911 ) ;
#5593 = ADVANCED_FACE ( 'NONE', ( #1531 ), #1038, .F. ) ;
#5594 = CIRCLE ( 'NONE', #3142, 0.8500000000000000888 ) ;
#5595 = ORIENTED_EDGE ( 'NONE', *, *, #4104, .T. ) ;
#5596 = DIRECTION ( 'NONE',  ( 0.000000000000000000, 1.000000000000000000, 0.000000000000000000 ) ) ;
#5597 = FACE_OUTER_BOUND ( 'NONE', #4177, .T. ) ;
#5598 = CARTESIAN_POINT ( 'NONE',  ( 0.000000000000000000, 3.500000000000000000, 0.000000000000000000 ) ) ;
#5599 = DIRECTION ( 'NONE',  ( 0.000000000000000000, 0.000000000000000000, -1.000000000000000000 ) ) ;
#5600 = EDGE_CURVE ( 'NONE', #5276, #670, #3253, .T. ) ;
#5601 = ADVANCED_FACE ( 'NONE', ( #3674 ), #2768, .F. ) ;
#5602 = LINE ( 'NONE', #913, #2687 ) ;
#5603 = ORIENTED_EDGE ( 'NONE', *, *, #1569, .T. ) ;
#5604 = DIRECTION ( 'NONE',  ( 0.000000000000000000, -1.000000000000000000, 0.000000000000000000 ) ) ;
#5605 = DIRECTION ( 'NONE',  ( 0.000000000000000000, -1.000000000000000000, -0.000000000000000000 ) ) ;
#5606 = CARTESIAN_POINT ( 'NONE',  ( -1.644664282152496826, 0.1054847958469097846, 2.381868524080120064 ) ) ;
#5607 = ORIENTED_EDGE ( 'NONE', *, *, #2695, .F. ) ;
#5608 = AXIS2_PLACEMENT_3D ( 'NONE', #1028, #4895, #2756 ) ;
#5609 = CARTESIAN_POINT ( 'NONE',  ( -10.17349497468793196, 0.000000000000000000, -1.249999999999750422 ) ) ;
ENDSEC;
END-ISO-10303-21;
