ISO-10303-21;
HEADER;
FILE_DESCRIPTION (( 'STEP AP214' ),
    '1' );
FILE_NAME ('subÉÏ²ã°å.STEP',
    '2026-08-29T22:11:52',
    ( '' ),
    ( '' ),
    'SwSTEP 2.0',
    'SolidWorks 2023',
    '' );
FILE_SCHEMA (( 'AUTOMOTIVE_DESIGN' ));
ENDSEC;

DATA;
#1 = CARTESIAN_POINT ( 'NONE',  ( 7.101699371283189066, -4.670745769139988290, 0.000000000000000000 ) ) ;
#2 = EDGE_LOOP ( 'NONE', ( #3782, #300 ) ) ;
#3 = VECTOR ( 'NONE', #764, 1000.000000000000000 ) ;
#4 = FACE_OUTER_BOUND ( 'NONE', #3082, .T. ) ;
#5 = AXIS2_PLACEMENT_3D ( 'NONE', #2659, #1446, #2405 ) ;
#6 = AXIS2_PLACEMENT_3D ( 'NONE', #415, #2632, #3167 ) ;
#7 = DIRECTION ( 'NONE',  ( 2.775557561562891351E-16, -1.000000000000000000, 5.301314942585120903E-15 ) ) ;
#8 = CIRCLE ( 'NONE', #2564, 1.000000000000000000 ) ;
#9 = ORIENTED_EDGE ( 'NONE', *, *, #3853, .F. ) ;
#10 = FACE_BOUND ( 'NONE', #3040, .T. ) ;
#11 = EDGE_LOOP ( 'NONE', ( #2203, #1505 ) ) ;
#12 = DIRECTION ( 'NONE',  ( -0.000000000000000000, -0.000000000000000000, 1.000000000000000000 ) ) ;
#13 = ORIENTED_EDGE ( 'NONE', *, *, #2754, .F. ) ;
#14 = DIRECTION ( 'NONE',  ( 1.000000000000000000, 0.000000000000000000, 0.000000000000000000 ) ) ;
#15 = EDGE_LOOP ( 'NONE', ( #3704, #357 ) ) ;
#16 = ADVANCED_FACE ( 'NONE', ( #3527 ), #3794, .F. ) ;
#17 = DIRECTION ( 'NONE',  ( 1.000000000000000000, 0.000000000000000000, 0.000000000000000000 ) ) ;
#18 = EDGE_CURVE ( 'NONE', #3048, #322, #748, .T. ) ;
#19 = CYLINDRICAL_SURFACE ( 'NONE', #649, 1.000000000000000000 ) ;
#20 = LINE ( 'NONE', #2764, #89 ) ;
#21 = VERTEX_POINT ( 'NONE', #731 ) ;
#22 = CARTESIAN_POINT ( 'NONE',  ( 1.499999999999999112, 5.354910648940147233, 0.000000000000000000 ) ) ;
#23 = ORIENTED_EDGE ( 'NONE', *, *, #2116, .T. ) ;
#24 = FACE_OUTER_BOUND ( 'NONE', #3554, .T. ) ;
#25 = EDGE_CURVE ( 'NONE', #2537, #3290, #1955, .T. ) ;
#26 = ADVANCED_FACE ( 'NONE', ( #111 ), #1974, .F. ) ;
#27 = CIRCLE ( 'NONE', #1050, 1.000000000000000888 ) ;
#28 = CARTESIAN_POINT ( 'NONE',  ( 14.54492780156330944, 17.77529127260470787, -5.000000000000000000 ) ) ;
#29 = ORIENTED_EDGE ( 'NONE', *, *, #3079, .T. ) ;
#30 = CARTESIAN_POINT ( 'NONE',  ( -1.999999999999989120, 11.93356610573721355, 15.00000000000000000 ) ) ;
#31 = ORIENTED_EDGE ( 'NONE', *, *, #875, .F. ) ;
#32 = DIRECTION ( 'NONE',  ( -0.000000000000000000, -0.000000000000000000, 1.000000000000000000 ) ) ;
#33 = ORIENTED_EDGE ( 'NONE', *, *, #1831, .F. ) ;
#34 = CARTESIAN_POINT ( 'NONE',  ( -1.999999999999989120, 0.000000000000000000, 0.000000000000000000 ) ) ;
#35 = ORIENTED_EDGE ( 'NONE', *, *, #2138, .T. ) ;
#36 = CARTESIAN_POINT ( 'NONE',  ( -4.629297175289651456, 3.081343168323530612, 0.000000000000000000 ) ) ;
#37 = CARTESIAN_POINT ( 'NONE',  ( 1.630422744333460239, -21.97146833279816036, -5.000000000000000000 ) ) ;
#38 = ORIENTED_EDGE ( 'NONE', *, *, #3351, .T. ) ;
#39 = DIRECTION ( 'NONE',  ( 1.000000000000000000, 0.000000000000000000, 0.000000000000000000 ) ) ;
#40 = ORIENTED_EDGE ( 'NONE', *, *, #2206, .F. ) ;
#41 = CARTESIAN_POINT ( 'NONE',  ( 0.000000000000000000, 0.000000000000000000, -5.000000000000000000 ) ) ;
#42 = AXIS2_PLACEMENT_3D ( 'NONE', #1987, #461, #3867 ) ;
#43 = ADVANCED_FACE ( 'NONE', ( #1939 ), #1376, .F. ) ;
#44 = LINE ( 'NONE', #64, #1921 ) ;
#45 = ADVANCED_FACE ( 'NONE', ( #2317 ), #428, .F. ) ;
#46 = EDGE_CURVE ( 'NONE', #741, #2867, #2017, .T. ) ;
#47 = LINE ( 'NONE', #3332, #2483 ) ;
#48 = AXIS2_PLACEMENT_3D ( 'NONE', #2262, #1690, #3842 ) ;
#49 = ORIENTED_EDGE ( 'NONE', *, *, #555, .T. ) ;
#50 = CARTESIAN_POINT ( 'NONE',  ( 4.674648388158348489, -6.434101526017407480, -8.000000000000000000 ) ) ;
#51 = ORIENTED_EDGE ( 'NONE', *, *, #1141, .T. ) ;
#52 = VECTOR ( 'NONE', #1202, 1000.000000000000000 ) ;
#53 = AXIS2_PLACEMENT_3D ( 'NONE', #765, #787, #3202 ) ;
#54 = CIRCLE ( 'NONE', #2294, 15.09999999999999964 ) ;
#55 = DIRECTION ( 'NONE',  ( -2.775557561562891351E-16, 1.000000000000000000, -5.301314942585120903E-15 ) ) ;
#56 = ORIENTED_EDGE ( 'NONE', *, *, #3149, .F. ) ;
#57 = LINE ( 'NONE', #961, #1448 ) ;
#58 = ORIENTED_EDGE ( 'NONE', *, *, #1782, .T. ) ;
#59 = DIRECTION ( 'NONE',  ( 1.000000000000000000, 0.000000000000000000, 0.000000000000000000 ) ) ;
#60 = CARTESIAN_POINT ( 'NONE',  ( 0.000000000000000000, 0.000000000000000000, 15.00000000000000000 ) ) ;
#61 = DIRECTION ( 'NONE',  ( -0.000000000000000000, -0.000000000000000000, 1.000000000000000000 ) ) ;
#62 = ORIENTED_EDGE ( 'NONE', *, *, #1785, .F. ) ;
#63 = DIRECTION ( 'NONE',  ( -1.000000000000000000, 0.000000000000000000, 8.673617379884027583E-16 ) ) ;
#64 = CARTESIAN_POINT ( 'NONE',  ( 22.00000000000000000, 10.00000000000000888, 15.00000000000000000 ) ) ;
#65 = VECTOR ( 'NONE', #1063, 1000.000000000000000 ) ;
#66 = FACE_OUTER_BOUND ( 'NONE', #772, .T. ) ;
#67 = EDGE_CURVE ( 'NONE', #2353, #2717, #3642, .T. ) ;
#68 = EDGE_CURVE ( 'NONE', #2794, #937, #521, .T. ) ;
#69 = AXIS2_PLACEMENT_3D ( 'NONE', #1538, #1224, #3044 ) ;
#70 = ORIENTED_EDGE ( 'NONE', *, *, #2850, .F. ) ;
#71 = AXIS2_PLACEMENT_3D ( 'NONE', #3224, #1341, #3778 ) ;
#72 = CARTESIAN_POINT ( 'NONE',  ( -21.99999999999999645, -7.632783294297944905E-15, 15.00000000000000000 ) ) ;
#73 = AXIS2_PLACEMENT_3D ( 'NONE', #980, #149, #131 ) ;
#74 = EDGE_LOOP ( 'NONE', ( #3474, #580, #1572, #1517 ) ) ;
#75 = EDGE_CURVE ( 'NONE', #444, #3085, #452, .T. ) ;
#76 = EDGE_CURVE ( 'NONE', #1230, #1104, #1929, .T. ) ;
#77 = CIRCLE ( 'NONE', #1339, 1.000000000000000000 ) ;
#78 = DIRECTION ( 'NONE',  ( 1.000000000000000000, 1.182766006347823355E-16, 0.000000000000000000 ) ) ;
#79 = ORIENTED_EDGE ( 'NONE', *, *, #3918, .T. ) ;
#80 = FACE_OUTER_BOUND ( 'NONE', #3562, .T. ) ;
#81 = ORIENTED_EDGE ( 'NONE', *, *, #1831, .T. ) ;
#82 = VECTOR ( 'NONE', #2911, 1000.000000000000000 ) ;
#83 = CARTESIAN_POINT ( 'NONE',  ( 17.65707521604558039, -7.850000000001272404, 7.500000000000283329 ) ) ;
#84 = DIRECTION ( 'NONE',  ( 0.000000000000000000, 0.000000000000000000, -1.000000000000000000 ) ) ;
#85 = VERTEX_POINT ( 'NONE', #189 ) ;
#86 = CARTESIAN_POINT ( 'NONE',  ( 15.09999999999999964, 1.849216666712503340E-15, 0.000000000000000000 ) ) ;
#87 = EDGE_LOOP ( 'NONE', ( #3111, #3062 ) ) ;
#88 = DIRECTION ( 'NONE',  ( 1.000000000000000000, 0.000000000000000000, -8.673617379884087734E-16 ) ) ;
#89 = VECTOR ( 'NONE', #365, 1000.000000000000000 ) ;
#90 = CARTESIAN_POINT ( 'NONE',  ( -7.490790960615881566, -0.3955614530152175568, -8.000000000000000000 ) ) ;
#91 = AXIS2_PLACEMENT_3D ( 'NONE', #1277, #1006, #2580 ) ;
#92 = ADVANCED_FACE ( 'NONE', ( #3838 ), #3481, .F. ) ;
#93 = FACE_OUTER_BOUND ( 'NONE', #921, .T. ) ;
#94 = ORIENTED_EDGE ( 'NONE', *, *, #902, .T. ) ;
#95 = ADVANCED_FACE ( 'NONE', ( #1358 ), #714, .T. ) ;
#96 = ORIENTED_EDGE ( 'NONE', *, *, #1353, .F. ) ;
#97 = EDGE_CURVE ( 'NONE', #671, #3161, #869, .T. ) ;
#98 = FACE_BOUND ( 'NONE', #2993, .T. ) ;
#99 = EDGE_CURVE ( 'NONE', #3411, #303, #230, .T. ) ;
#100 = VERTEX_POINT ( 'NONE', #2963 ) ;
#101 = CARTESIAN_POINT ( 'NONE',  ( 0.9340120152305627643, -5.213891596790031002, -10.00000000000000000 ) ) ;
#102 = CARTESIAN_POINT ( 'NONE',  ( 8.563739977492600630, 2.457608095872390930, -8.000000000000000000 ) ) ;
#103 = VERTEX_POINT ( 'NONE', #855 ) ;
#104 = CARTESIAN_POINT ( 'NONE',  ( -16.65707521604587171, 9.999999999998724576, 7.500000000000034639 ) ) ;
#105 = VERTEX_POINT ( 'NONE', #1186 ) ;
#106 = CARTESIAN_POINT ( 'NONE',  ( -3.361062998351325604, -3.450535839913938307, -10.00000000000000000 ) ) ;
#107 = FACE_OUTER_BOUND ( 'NONE', #2176, .T. ) ;
#108 = VECTOR ( 'NONE', #704, 1000.000000000000000 ) ;
#109 = DIRECTION ( 'NONE',  ( -0.000000000000000000, 0.000000000000000000, 1.000000000000000000 ) ) ;
#110 = CARTESIAN_POINT ( 'NONE',  ( 16.65707521604558039, -7.850000000001272404, 7.500000000000284217 ) ) ;
#111 = FACE_OUTER_BOUND ( 'NONE', #698, .T. ) ;
#112 = PRODUCT_CONTEXT ( 'NONE', #1986, 'mechanical' ) ;
#113 = VERTEX_POINT ( 'NONE', #3603 ) ;
#114 = CARTESIAN_POINT ( 'NONE',  ( 17.65707521604557684, -7.000000000000006217, 7.500000000000270006 ) ) ;
#115 = EDGE_LOOP ( 'NONE', ( #3728, #399, #1927, #2108 ) ) ;
#116 = AXIS2_PLACEMENT_3D ( 'NONE', #1794, #2695, #3591 ) ;
#117 = AXIS2_PLACEMENT_3D ( 'NONE', #3587, #2336, #853 ) ;
#118 = EDGE_CURVE ( 'NONE', #2598, #3740, #1603, .T. ) ;
#119 = CARTESIAN_POINT ( 'NONE',  ( 5.629297175291207544, 3.081343168325675563, 0.000000000000000000 ) ) ;
#120 = CARTESIAN_POINT ( 'NONE',  ( -1.000000000000000222, 7.952986860293433935, -8.000000000000000000 ) ) ;
#121 = ORIENTED_EDGE ( 'NONE', *, *, #2016, .F. ) ;
#122 = CARTESIAN_POINT ( 'NONE',  ( 1.999999999999989120, 11.93356610573721355, 0.000000000000000000 ) ) ;
#123 = ORIENTED_EDGE ( 'NONE', *, *, #2356, .F. ) ;
#124 = DIRECTION ( 'NONE',  ( 1.000000000000000000, 1.182766006347823109E-16, 0.000000000000000000 ) ) ;
#125 = LINE ( 'NONE', #1645, #2127 ) ;
#126 = DIRECTION ( 'NONE',  ( -2.775557561562891351E-16, 1.000000000000000000, -5.301314942585120903E-15 ) ) ;
#127 = CARTESIAN_POINT ( 'NONE',  ( 4.629297175291207544, 3.081343168325675563, 0.000000000000000000 ) ) ;
#128 = DIRECTION ( 'NONE',  ( 0.000000000000000000, 1.000000000000000000, -0.000000000000000000 ) ) ;
#129 = AXIS2_PLACEMENT_3D ( 'NONE', #636, #2774, #1268 ) ;
#130 = AXIS2_PLACEMENT_3D ( 'NONE', #3333, #592, #812 ) ;
#131 = DIRECTION ( 'NONE',  ( 1.000000000000000000, 0.000000000000000000, 0.000000000000000000 ) ) ;
#132 = ORIENTED_EDGE ( 'NONE', *, *, #2686, .F. ) ;
#133 = DIRECTION ( 'NONE',  ( -0.000000000000000000, -0.000000000000000000, 1.000000000000000000 ) ) ;
#134 = ORIENTED_EDGE ( 'NONE', *, *, #2441, .T. ) ;
#135 = EDGE_CURVE ( 'NONE', #2198, #1019, #771, .T. ) ;
#136 = CARTESIAN_POINT ( 'NONE',  ( 22.00000000000000000, 6.999999999999994671, 0.000000000000000000 ) ) ;
#137 = CARTESIAN_POINT ( 'NONE',  ( -14.65707521604586994, 9.999999999998724576, 7.500000000000032863 ) ) ;
#138 = ORIENTED_EDGE ( 'NONE', *, *, #3896, .F. ) ;
#139 = DIRECTION ( 'NONE',  ( 0.000000000000000000, 0.000000000000000000, 1.000000000000000000 ) ) ;
#140 = ORIENTED_EDGE ( 'NONE', *, *, #1635, .F. ) ;
#141 = CARTESIAN_POINT ( 'NONE',  ( -6.101699371279113215, -4.670745769141315229, -10.00000000000000000 ) ) ;
#142 = EDGE_CURVE ( 'NONE', #3161, #766, #1032, .T. ) ;
#143 = DIRECTION ( 'NONE',  ( 1.000000000000000000, 0.000000000000000000, 0.000000000000000000 ) ) ;
#144 = CARTESIAN_POINT ( 'NONE',  ( 0.000000000000000000, -21.97146833279816036, -8.000000000000000000 ) ) ;
#145 = EDGE_LOOP ( 'NONE', ( #2956, #1178 ) ) ;
#146 = ADVANCED_FACE ( 'NONE', ( #2121 ), #834, .T. ) ;
#147 = CARTESIAN_POINT ( 'NONE',  ( 5.556348158416049898, 0.2281736194402158302, -8.000000000000000000 ) ) ;
#148 = DIRECTION ( 'NONE',  ( 1.000000000000000000, 0.000000000000000000, 0.000000000000000000 ) ) ;
#149 = DIRECTION ( 'NONE',  ( 0.000000000000000000, 0.000000000000000000, 1.000000000000000000 ) ) ;
#150 = ORIENTED_EDGE ( 'NONE', *, *, #1373, .F. ) ;
#151 = VECTOR ( 'NONE', #1233, 1000.000000000000000 ) ;
#152 = CARTESIAN_POINT ( 'NONE',  ( 1.999999999999989120, 0.000000000000000000, 15.00000000000000000 ) ) ;
#153 = EDGE_LOOP ( 'NONE', ( #2848, #453, #3735, #2417 ) ) ;
#154 = CARTESIAN_POINT ( 'NONE',  ( 2.247597405033506135, -8.197457282894827557, -8.000000000000000000 ) ) ;
#155 = CARTESIAN_POINT ( 'NONE',  ( -16.65707521604608132, -10.00000000000130029, 7.500000000000298428 ) ) ;
#156 = ORIENTED_EDGE ( 'NONE', *, *, #1614, .F. ) ;
#157 = UNCERTAINTY_MEASURE_WITH_UNIT (LENGTH_MEASURE( 1.000000000000000082E-05 ), #1229, 'distance_accuracy_value', 'NONE');
#158 = DIRECTION ( 'NONE',  ( -2.775557561562891351E-16, 1.000000000000000000, -5.301314942585120903E-15 ) ) ;
#159 = ORIENTED_EDGE ( 'NONE', *, *, #1655, .T. ) ;
#160 = ADVANCED_FACE ( 'NONE', ( #2098 ), #3308, .F. ) ;
#161 = DIRECTION ( 'NONE',  ( -1.000000000000000000, 0.000000000000000000, 0.000000000000000000 ) ) ;
#162 = DIRECTION ( 'NONE',  ( 0.000000000000000000, 0.000000000000000000, -1.000000000000000000 ) ) ;
#163 = ORIENTED_EDGE ( 'NONE', *, *, #1936, .F. ) ;
#164 = EDGE_CURVE ( 'NONE', #2558, #3582, #1128, .T. ) ;
#165 = DIRECTION ( 'NONE',  ( 0.000000000000000000, -0.000000000000000000, -1.000000000000000000 ) ) ;
#166 = CARTESIAN_POINT ( 'NONE',  ( -7.101699371279113215, -4.670745769141315229, -10.00000000000000000 ) ) ;
#167 = DIRECTION ( 'NONE',  ( -0.000000000000000000, -0.000000000000000000, 1.000000000000000000 ) ) ;
#168 = VECTOR ( 'NONE', #2933, 1000.000000000000000 ) ;
#169 = DIRECTION ( 'NONE',  ( -0.000000000000000000, 0.000000000000000000, 1.000000000000000000 ) ) ;
#170 = CYLINDRICAL_SURFACE ( 'NONE', #3135, 2.000000000000001776 ) ;
#171 = FACE_BOUND ( 'NONE', #3426, .T. ) ;
#172 = ORIENTED_EDGE ( 'NONE', *, *, #3295, .T. ) ;
#173 = DIRECTION ( 'NONE',  ( -0.000000000000000000, -0.000000000000000000, 1.000000000000000000 ) ) ;
#174 = CARTESIAN_POINT ( 'NONE',  ( -15.65707521604587171, 7.000000000000000888, 7.500000000000046185 ) ) ;
#175 = ORIENTED_EDGE ( 'NONE', *, *, #1097, .F. ) ;
#176 = VECTOR ( 'NONE', #1396, 1000.000000000000000 ) ;
#177 = LINE ( 'NONE', #2644, #168 ) ;
#178 = ORIENTED_EDGE ( 'NONE', *, *, #1078, .F. ) ;
#179 = DIRECTION ( 'NONE',  ( 0.000000000000000000, 1.000000000000000000, -0.000000000000000000 ) ) ;
#180 = CIRCLE ( 'NONE', #2797, 1.000000000000000000 ) ;
#181 = CIRCLE ( 'NONE', #1306, 1.630422744333457130 ) ;
#182 = DIRECTION ( 'NONE',  ( 1.000000000000000000, 0.000000000000000000, 0.000000000000000000 ) ) ;
#183 = VECTOR ( 'NONE', #1332, 1000.000000000000000 ) ;
#184 = DIRECTION ( 'NONE',  ( 1.000000000000000000, 0.000000000000000000, 0.000000000000000000 ) ) ;
#185 = VERTEX_POINT ( 'NONE', #3933 ) ;
#186 = CARTESIAN_POINT ( 'NONE',  ( -14.54492780156330944, 17.77529127260470787, -13.99999999999999822 ) ) ;
#187 = EDGE_CURVE ( 'NONE', #669, #3696, #1862, .T. ) ;
#188 = DIRECTION ( 'NONE',  ( 0.000000000000000000, 0.000000000000000000, 1.000000000000000000 ) ) ;
#189 = CARTESIAN_POINT ( 'NONE',  ( 22.00000000000000000, -10.00000000000000711, 15.00000000000000000 ) ) ;
#190 = DIRECTION ( 'NONE',  ( -1.000000000000000000, 0.000000000000000000, 0.000000000000000000 ) ) ;
#191 = ORIENTED_EDGE ( 'NONE', *, *, #2275, .T. ) ;
#192 = DIRECTION ( 'NONE',  ( -1.000000000000000000, -1.301042606982605567E-16, 0.000000000000000000 ) ) ;
#193 = AXIS2_PLACEMENT_3D ( 'NONE', #1328, #2557, #3339 ) ;
#194 = ORIENTED_EDGE ( 'NONE', *, *, #2880, .F. ) ;
#195 = ADVANCED_FACE ( 'NONE', ( #890, #549 ), #2338, .F. ) ;
#196 = ADVANCED_FACE ( 'NONE', ( #1811 ), #1745, .T. ) ;
#197 = AXIS2_PLACEMENT_3D ( 'NONE', #1670, #3447, #148 ) ;
#198 = AXIS2_PLACEMENT_3D ( 'NONE', #550, #2082, #190 ) ;
#199 = DIRECTION ( 'NONE',  ( 0.000000000000000000, 0.000000000000000000, 1.000000000000000000 ) ) ;
#200 = CARTESIAN_POINT ( 'NONE',  ( 25.00000000000000000, 0.000000000000000000, -8.000000000000000000 ) ) ;
#201 = ORIENTED_EDGE ( 'NONE', *, *, #3148, .F. ) ;
#202 = DIRECTION ( 'NONE',  ( -1.000000000000000000, 0.000000000000000000, 0.000000000000000000 ) ) ;
#203 = ORIENTED_EDGE ( 'NONE', *, *, #2492, .T. ) ;
#204 = DIRECTION ( 'NONE',  ( -1.182766006347823109E-16, 1.000000000000000000, 0.000000000000000000 ) ) ;
#205 = LINE ( 'NONE', #786, #3 ) ;
#206 = DIRECTION ( 'NONE',  ( -0.000000000000000000, -0.000000000000000000, -1.000000000000000000 ) ) ;
#207 = ORIENTED_EDGE ( 'NONE', *, *, #3539, .T. ) ;
#208 = AXIS2_PLACEMENT_3D ( 'NONE', #154, #173, #2323 ) ;
#209 = LINE ( 'NONE', #3675, #631 ) ;
#210 = DIRECTION ( 'NONE',  ( -2.775557561562891351E-16, 1.000000000000000000, -5.301314942585120903E-15 ) ) ;
#211 = LINE ( 'NONE', #1421, #1995 ) ;
#212 = ORIENTED_EDGE ( 'NONE', *, *, #1425, .F. ) ;
#213 = DIRECTION ( 'NONE',  ( -0.000000000000000000, -0.000000000000000000, 1.000000000000000000 ) ) ;
#214 = VERTEX_POINT ( 'NONE', #1766 ) ;
#215 = EDGE_CURVE ( 'NONE', #1119, #634, #2692, .T. ) ;
#216 = EDGE_CURVE ( 'NONE', #582, #1827, #2983, .T. ) ;
#217 = AXIS2_PLACEMENT_3D ( 'NONE', #3518, #2916, #3540 ) ;
#218 = ADVANCED_FACE ( 'NONE', ( #1500 ), #2691, .F. ) ;
#219 = FACE_OUTER_BOUND ( 'NONE', #2668, .T. ) ;
#220 = DIRECTION ( 'NONE',  ( 1.000000000000000000, 0.000000000000000000, 0.000000000000000000 ) ) ;
#221 = EDGE_LOOP ( 'NONE', ( #1776, #1717, #2792, #1520 ) ) ;
#222 = PLANE ( 'NONE',  #1960 ) ;
#223 = ORIENTED_EDGE ( 'NONE', *, *, #3897, .F. ) ;
#224 = CARTESIAN_POINT ( 'NONE',  ( 0.9340120152305627643, -5.213891596790031002, 0.000000000000000000 ) ) ;
#225 = ADVANCED_FACE ( 'NONE', ( #511 ), #1728, .F. ) ;
#226 = CARTESIAN_POINT ( 'NONE',  ( 0.000000000000000000, 0.000000000000000000, -8.000000000000000000 ) ) ;
#227 = FACE_BOUND ( 'NONE', #1313, .T. ) ;
#228 = CARTESIAN_POINT ( 'NONE',  ( -1.499999999999999112, 5.354910648940147233, -8.000000000000000000 ) ) ;
#229 = ORIENTED_EDGE ( 'NONE', *, *, #805, .F. ) ;
#230 = LINE ( 'NONE', #3269, #1215 ) ;
#231 = CYLINDRICAL_SURFACE ( 'NONE', #3070, 1.630422744333460239 ) ;
#232 = EDGE_LOOP ( 'NONE', ( #1535, #1959 ) ) ;
#233 = DIRECTION ( 'NONE',  ( 2.775557561562935724E-16, -1.000000000000000000, 5.301314942585120903E-15 ) ) ;
#234 = ORIENTED_EDGE ( 'NONE', *, *, #3869, .T. ) ;
#235 = CARTESIAN_POINT ( 'NONE',  ( 0.000000000000000000, 0.000000000000000000, 0.000000000000000000 ) ) ;
#236 = VERTEX_POINT ( 'NONE', #1455 ) ;
#237 = CARTESIAN_POINT ( 'NONE',  ( 0.000000000000000000, 0.000000000000000000, 15.00000000000000000 ) ) ;
#238 = ORIENTED_EDGE ( 'NONE', *, *, #135, .T. ) ;
#239 = EDGE_CURVE ( 'NONE', #3258, #3120, #867, .T. ) ;
#240 = DIRECTION ( 'NONE',  ( 1.000000000000000000, 0.000000000000000000, 0.000000000000000000 ) ) ;
#241 = ADVANCED_FACE ( 'NONE', ( #1786 ), #1823, .F. ) ;
#242 = AXIS2_PLACEMENT_3D ( 'NONE', #2990, #253, #3387 ) ;
#243 = CIRCLE ( 'NONE', #2605, 15.09999999999999964 ) ;
#244 = CARTESIAN_POINT ( 'NONE',  ( 4.674648388158348489, -6.434101526017407480, 0.000000000000000000 ) ) ;
#245 = FACE_BOUND ( 'NONE', #2929, .T. ) ;
#246 = DIRECTION ( 'NONE',  ( -0.000000000000000000, -0.000000000000000000, 1.000000000000000000 ) ) ;
#247 = ORIENTED_EDGE ( 'NONE', *, *, #562, .T. ) ;
#248 = AXIS2_PLACEMENT_3D ( 'NONE', #228, #2918, #3500 ) ;
#249 = EDGE_CURVE ( 'NONE', #325, #103, #77, .T. ) ;
#250 = AXIS2_PLACEMENT_3D ( 'NONE', #732, #3064, #515 ) ;
#251 = DIRECTION ( 'NONE',  ( -0.000000000000000000, -0.000000000000000000, -1.000000000000000000 ) ) ;
#252 = LINE ( 'NONE', #2693, #335 ) ;
#253 = DIRECTION ( 'NONE',  ( -2.775557561562935724E-16, 1.000000000000000000, -5.301314942585120903E-15 ) ) ;
#254 = EDGE_LOOP ( 'NONE', ( #1887, #1856, #674, #3595 ) ) ;
#255 = DIRECTION ( 'NONE',  ( -2.775557561562891351E-16, 1.000000000000000000, -5.301314942585120903E-15 ) ) ;
#256 = CARTESIAN_POINT ( 'NONE',  ( 7.101699371283189066, -4.670745769139988290, 0.000000000000000000 ) ) ;
#257 = ORIENTED_EDGE ( 'NONE', *, *, #3606, .T. ) ;
#258 = DIRECTION ( 'NONE',  ( 1.000000000000000000, 1.301042606982605567E-16, 0.000000000000000000 ) ) ;
#259 = ORIENTED_EDGE ( 'NONE', *, *, #3154, .T. ) ;
#260 = DIRECTION ( 'NONE',  ( -2.775557561562891351E-16, 1.000000000000000000, -5.301314942585120903E-15 ) ) ;
#261 = CIRCLE ( 'NONE', #1029, 1.000000000000001776 ) ;
#262 = VECTOR ( 'NONE', #3248, 1000.000000000000000 ) ;
#263 = EDGE_CURVE ( 'NONE', #3152, #3860, #1867, .T. ) ;
#264 = DIRECTION ( 'NONE',  ( 1.000000000000000000, 0.000000000000000000, 0.000000000000000000 ) ) ;
#265 = FACE_BOUND ( 'NONE', #3899, .T. ) ;
#267 = EDGE_CURVE ( 'NONE', #3075, #2730, #456, .T. ) ;
#266 = VECTOR ( 'NONE', #1035, 1000.000000000000000 ) ;
#268 = DIRECTION ( 'NONE',  ( 0.000000000000000000, 0.000000000000000000, 1.000000000000000000 ) ) ;
#269 = ORIENTED_EDGE ( 'NONE', *, *, #3776, .T. ) ;
#270 = CIRCLE ( 'NONE', #1405, 1.000000000000000000 ) ;
#271 = ADVANCED_FACE ( 'NONE', ( #2998 ), #2741, .F. ) ;
#272 = DIRECTION ( 'NONE',  ( 0.000000000000000000, 0.000000000000000000, -1.000000000000000000 ) ) ;
#273 = CIRCLE ( 'NONE', #2509, 1.000000000000000888 ) ;
#274 = DIRECTION ( 'NONE',  ( -1.000000000000000000, 0.000000000000000000, 0.000000000000000000 ) ) ;
#275 = ORIENTED_EDGE ( 'NONE', *, *, #1121, .F. ) ;
#276 = CARTESIAN_POINT ( 'NONE',  ( -1.999999999999989120, 14.96696361991970647, 0.000000000000000000 ) ) ;
#277 = ORIENTED_EDGE ( 'NONE', *, *, #2968, .T. ) ;
#278 = CIRCLE ( 'NONE', #789, 1.000000000000000888 ) ;
#279 = DIRECTION ( 'NONE',  ( 0.000000000000000000, 0.000000000000000000, 1.000000000000000000 ) ) ;
#280 = CYLINDRICAL_SURFACE ( 'NONE', #3131, 1.000000000000000000 ) ;
#281 = ORIENTED_EDGE ( 'NONE', *, *, #2089, .F. ) ;
#282 = SURFACE_STYLE_FILL_AREA ( #581 ) ;
#283 = ORIENTED_EDGE ( 'NONE', *, *, #610, .T. ) ;
#284 = DIRECTION ( 'NONE',  ( 0.000000000000000000, 1.000000000000000000, -0.000000000000000000 ) ) ;
#285 = DIRECTION ( 'NONE',  ( -1.000000000000000000, 0.000000000000000000, 0.000000000000000000 ) ) ;
#286 = DIRECTION ( 'NONE',  ( 1.000000000000000000, 0.000000000000000000, 0.000000000000000000 ) ) ;
#287 = FACE_OUTER_BOUND ( 'NONE', #2433, .T. ) ;
#288 = VERTEX_POINT ( 'NONE', #3925 ) ;
#289 = FACE_OUTER_BOUND ( 'NONE', #1348, .T. ) ;
#290 = DIRECTION ( 'NONE',  ( 1.000000000000000000, 0.000000000000000000, 0.000000000000000000 ) ) ;
#291 = FACE_OUTER_BOUND ( 'NONE', #1533, .T. ) ;
#292 = FACE_BOUND ( 'NONE', #2989, .T. ) ;
#293 = DIRECTION ( 'NONE',  ( -1.000000000000000000, 0.000000000000000000, 0.000000000000000000 ) ) ;
#294 = EDGE_CURVE ( 'NONE', #113, #1303, #1996, .T. ) ;
#295 = EDGE_CURVE ( 'NONE', #322, #1737, #8, .T. ) ;
#296 = VECTOR ( 'NONE', #3904, 1000.000000000000000 ) ;
#297 = DIRECTION ( 'NONE',  ( -0.000000000000000000, -0.000000000000000000, 1.000000000000000000 ) ) ;
#298 = ORIENTED_EDGE ( 'NONE', *, *, #1633, .T. ) ;
#299 = CARTESIAN_POINT ( 'NONE',  ( 14.54492780156330944, 17.77529127260470787, -13.99999999999999822 ) ) ;
#300 = ORIENTED_EDGE ( 'NONE', *, *, #3558, .F. ) ;
#301 = CIRCLE ( 'NONE', #2219, 1.630422744333462237 ) ;
#302 = CARTESIAN_POINT ( 'NONE',  ( -12.91450505722985298, 17.77529127260470787, -13.99999999999999822 ) ) ;
#303 = VERTEX_POINT ( 'NONE', #1495 ) ;
#304 = DIRECTION ( 'NONE',  ( -0.000000000000000000, 0.000000000000000000, 1.000000000000000000 ) ) ;
#305 = ORIENTED_EDGE ( 'NONE', *, *, #239, .T. ) ;
#306 = CARTESIAN_POINT ( 'NONE',  ( 9.869650449737312314, 7.000000000000003553, 15.00000000000000000 ) ) ;
#307 = VECTOR ( 'NONE', #781, 1000.000000000000000 ) ;
#308 = LINE ( 'NONE', #1514, #2254 ) ;
#309 = CYLINDRICAL_SURFACE ( 'NONE', #1261, 1.000000000000000888 ) ;
#310 = EDGE_LOOP ( 'NONE', ( #1364, #1271 ) ) ;
#311 = LINE ( 'NONE', #1555, #52 ) ;
#312 = DIRECTION ( 'NONE',  ( -0.000000000000000000, -0.000000000000000000, 1.000000000000000000 ) ) ;
#313 = VECTOR ( 'NONE', #3151, 1000.000000000000000 ) ;
#314 = VECTOR ( 'NONE', #628, 1000.000000000000000 ) ;
#315 = AXIS2_PLACEMENT_3D ( 'NONE', #1320, #811, #188 ) ;
#316 = CIRCLE ( 'NONE', #827, 2.000000000000001776 ) ;
#317 = ORIENTED_EDGE ( 'NONE', *, *, #164, .F. ) ;
#318 = EDGE_CURVE ( 'NONE', #3635, #21, #270, .T. ) ;
#319 = CARTESIAN_POINT ( 'NONE',  ( -5.674648388154269973, -6.434101526018735306, 0.000000000000000000 ) ) ;
#320 = VERTEX_POINT ( 'NONE', #586 ) ;
#321 = CARTESIAN_POINT ( 'NONE',  ( -4.629297175289651456, 3.081343168323530612, -8.000000000000000000 ) ) ;
#322 = VERTEX_POINT ( 'NONE', #1531 ) ;
#323 = EDGE_CURVE ( 'NONE', #3530, #3398, #308, .T. ) ;
#324 = CARTESIAN_POINT ( 'NONE',  ( -18.65707521604587527, 9.999999999998724576, 7.500000000000036415 ) ) ;
#325 = VERTEX_POINT ( 'NONE', #1218 ) ;
#326 = CARTESIAN_POINT ( 'NONE',  ( -17.65707521604587171, 9.999999999998724576, 7.500000000000035527 ) ) ;
#327 = CIRCLE ( 'NONE', #2240, 1.000000000000000000 ) ;
#328 = CARTESIAN_POINT ( 'NONE',  ( -7.101699371279113215, -4.670745769141315229, -10.00000000000000000 ) ) ;
#329 = CARTESIAN_POINT ( 'NONE',  ( 5.674648388158348489, -6.434101526017407480, -10.00000000000000000 ) ) ;
#330 = EDGE_LOOP ( 'NONE', ( #3279, #3750 ) ) ;
#331 = CARTESIAN_POINT ( 'NONE',  ( 6.636688994367753835, 5.310777644757850524, -10.00000000000000000 ) ) ;
#332 = VERTEX_POINT ( 'NONE', #2446 ) ;
#333 = CARTESIAN_POINT ( 'NONE',  ( 1.999999999999989120, -11.93356610573721355, 0.000000000000000000 ) ) ;
#334 = CIRCLE ( 'NONE', #1210, 15.09999999999999964 ) ;
#335 = VECTOR ( 'NONE', #2383, 1000.000000000000000 ) ;
#336 = LINE ( 'NONE', #1539, #314 ) ;
#337 = VERTEX_POINT ( 'NONE', #2703 ) ;
#338 = FACE_BOUND ( 'NONE', #2479, .T. ) ;
#339 = VERTEX_POINT ( 'NONE', #3654 ) ;
#340 = CARTESIAN_POINT ( 'NONE',  ( 6.556348158416049898, 0.2281736194402158302, 0.000000000000000000 ) ) ;
#341 = ORIENTED_EDGE ( 'NONE', *, *, #3918, .F. ) ;
#342 = CARTESIAN_POINT ( 'NONE',  ( -16.65707521604587171, 9.999999999998724576, 7.500000000000034639 ) ) ;
#343 = EDGE_LOOP ( 'NONE', ( #2099, #1493, #1988, #3358 ) ) ;
#344 = ADVANCED_FACE ( 'NONE', ( #924 ), #623, .F. ) ;
#345 = ADVANCED_FACE ( 'NONE', ( #3058 ), #19, .F. ) ;
#346 = DIRECTION ( 'NONE',  ( 2.775557561562891351E-16, -1.000000000000000000, 5.301314942585120903E-15 ) ) ;
#347 = FACE_BOUND ( 'NONE', #2679, .T. ) ;
#348 = VERTEX_POINT ( 'NONE', #544 ) ;
#349 = CYLINDRICAL_SURFACE ( 'NONE', #3042, 1.000000000000000000 ) ;
#350 = ORIENTED_EDGE ( 'NONE', *, *, #3412, .F. ) ;
#351 = CYLINDRICAL_SURFACE ( 'NONE', #1773, 1.000000000000000000 ) ;
#352 = EDGE_CURVE ( 'NONE', #937, #2794, #1933, .T. ) ;
#353 = APPLICATION_CONTEXT ( 'automotive_design' ) ;
#354 = CARTESIAN_POINT ( 'NONE',  ( 7.563739977492597966, 2.457608095872390930, -8.000000000000000000 ) ) ;
#355 = AXIS2_PLACEMENT_3D ( 'NONE', #3300, #2759, #866 ) ;
#356 = DIRECTION ( 'NONE',  ( 1.000000000000000000, 0.000000000000000000, 0.000000000000000000 ) ) ;
#357 = ORIENTED_EDGE ( 'NONE', *, *, #2224, .T. ) ;
#358 = DIRECTION ( 'NONE',  ( -0.000000000000000000, -0.000000000000000000, 1.000000000000000000 ) ) ;
#359 = ORIENTED_EDGE ( 'NONE', *, *, #3074, .F. ) ;
#360 = DIRECTION ( 'NONE',  ( 1.000000000000000000, 0.000000000000000000, 0.000000000000000000 ) ) ;
#361 = ORIENTED_EDGE ( 'NONE', *, *, #3558, .T. ) ;
#362 = DIRECTION ( 'NONE',  ( 0.000000000000000000, 0.000000000000000000, -1.000000000000000000 ) ) ;
#363 = VERTEX_POINT ( 'NONE', #2539 ) ;
#364 = CARTESIAN_POINT ( 'NONE',  ( 5.629297175291207544, 3.081343168325675563, -10.00000000000000000 ) ) ;
#365 = DIRECTION ( 'NONE',  ( 2.775557561562891351E-16, -1.000000000000000000, 5.301314942585120903E-15 ) ) ;
#366 = DIRECTION ( 'NONE',  ( -1.000000000000000000, 0.000000000000000000, 0.000000000000000000 ) ) ;
#367 = ORIENTED_EDGE ( 'NONE', *, *, #2426, .T. ) ;
#368 = DIRECTION ( 'NONE',  ( -0.000000000000000000, -0.000000000000000000, 1.000000000000000000 ) ) ;
#369 = CIRCLE ( 'NONE', #1126, 1.000000000000000888 ) ;
#370 = DIRECTION ( 'NONE',  ( 1.000000000000000000, 0.000000000000000000, 0.000000000000000000 ) ) ;
#371 = CARTESIAN_POINT ( 'NONE',  ( 7.563739977492597966, 2.457608095872390930, 0.000000000000000000 ) ) ;
#372 = EDGE_CURVE ( 'NONE', #3550, #442, #3097, .T. ) ;
#373 = EDGE_CURVE ( 'NONE', #3923, #1285, #1885, .T. ) ;
#374 = AXIS2_PLACEMENT_3D ( 'NONE', #3029, #858, #1206 ) ;
#375 = AXIS2_PLACEMENT_3D ( 'NONE', #371, #3462, #3720 ) ;
#376 = VERTEX_POINT ( 'NONE', #641 ) ;
#377 = DIRECTION ( 'NONE',  ( 0.000000000000000000, 0.000000000000000000, -1.000000000000000000 ) ) ;
#378 = ORIENTED_EDGE ( 'NONE', *, *, #659, .F. ) ;
#379 = CIRCLE ( 'NONE', #755, 1.000000000000000000 ) ;
#380 = CIRCLE ( 'NONE', #1584, 1.000000000000000000 ) ;
#381 = DIRECTION ( 'NONE',  ( -0.000000000000000000, 0.000000000000000000, 1.000000000000000000 ) ) ;
#382 = VERTEX_POINT ( 'NONE', #985 ) ;
#383 = DIRECTION ( 'NONE',  ( -1.000000000000000000, 0.000000000000000000, 0.000000000000000000 ) ) ;
#384 = EDGE_LOOP ( 'NONE', ( #1723, #2004, #2592, #3712 ) ) ;
#385 = FACE_BOUND ( 'NONE', #1288, .T. ) ;
#386 = CARTESIAN_POINT ( 'NONE',  ( 17.65707521604551999, 7.849999999998740208, 7.500000000000254907 ) ) ;
#387 = ORIENTED_EDGE ( 'NONE', *, *, #1977, .T. ) ;
#388 = DIRECTION ( 'NONE',  ( -0.000000000000000000, -0.000000000000000000, -1.000000000000000000 ) ) ;
#389 = VERTEX_POINT ( 'NONE', #1923 ) ;
#390 = CARTESIAN_POINT ( 'NONE',  ( 1.999999999999989120, -11.93356610573721355, 15.00000000000000000 ) ) ;
#391 = EDGE_CURVE ( 'NONE', #320, #1082, #3520, .T. ) ;
#392 = DIRECTION ( 'NONE',  ( 0.000000000000000000, 0.000000000000000000, 1.000000000000000000 ) ) ;
#393 = CARTESIAN_POINT ( 'NONE',  ( -15.65707521604587171, 9.999999999998724576, 7.500000000000033751 ) ) ;
#394 = CIRCLE ( 'NONE', #2184, 15.09999999999999964 ) ;
#395 = EDGE_CURVE ( 'NONE', #3272, #2205, #2753, .T. ) ;
#396 = EDGE_CURVE ( 'NONE', #1691, #1732, #2881, .T. ) ;
#397 = CLOSED_SHELL ( 'NONE', ( #507, #1235, #3564, #2562, #225, #1733, #1523, #160, #2709, #3755, #2587, #3730, #3911, #686, #3870, #2207, #3560, #2969, #514, #3071, #1054, #2640, #3660, #3828, #563, #957, #1280, #45, #1852, #1481, #1956, #413, #3046, #2997, #43, #956, #1675, #16, #752, #3243, #2183, #3443, #146, #2161, #3504, #3024, #1051, #3817, #1031, #2663, #3153, #1726, #1377, #195, #2471, #1790, #2444, #3222, #2949, #1808, #2256, #1914, #26, #784, #3293, #196, #1506, #1706, #3791, #1169, #95, #3419, #429, #241, #3756, #709, #2976, #585, #2404, #2582, #1433, #2684, #3047, #92, #1434, #3191, #271, #2330, #3170, #1372, #3797, #3936, #2377, #900, #2378, #345, #2157, #1734, #218, #3166, #3321, #2399, #1307, #2179, #2035, #2897, #653, #3485, #1378, #1485, #2105, #344, #2081, #1608, #1454 ) ) ;
#398 = FACE_BOUND ( 'NONE', #979, .T. ) ;
#399 = ORIENTED_EDGE ( 'NONE', *, *, #2761, .T. ) ;
#400 = ORIENTED_EDGE ( 'NONE', *, *, #2059, .F. ) ;
#401 = FACE_OUTER_BOUND ( 'NONE', #3203, .T. ) ;
#402 = ORIENTED_EDGE ( 'NONE', *, *, #18, .T. ) ;
#403 = DIRECTION ( 'NONE',  ( 0.000000000000000000, 0.000000000000000000, -1.000000000000000000 ) ) ;
#404 = FACE_BOUND ( 'NONE', #1964, .T. ) ;
#405 = ORIENTED_EDGE ( 'NONE', *, *, #2555, .F. ) ;
#406 = CYLINDRICAL_SURFACE ( 'NONE', #3482, 1.000000000000000222 ) ;
#407 = ORIENTED_EDGE ( 'NONE', *, *, #1264, .T. ) ;
#408 = DIRECTION ( 'NONE',  ( 0.000000000000000000, -0.000000000000000000, -1.000000000000000000 ) ) ;
#409 = CIRCLE ( 'NONE', #918, 15.09999999999999964 ) ;
#410 = LINE ( 'NONE', #2565, #2189 ) ;
#411 = DIRECTION ( 'NONE',  ( -1.000000000000000000, -1.182766006347823109E-16, 0.000000000000000000 ) ) ;
#412 = EDGE_CURVE ( 'NONE', #3903, #1114, #910, .T. ) ;
#413 = ADVANCED_FACE ( 'NONE', ( #2522 ), #2503, .F. ) ;
#414 = DIRECTION ( 'NONE',  ( 2.775557561562891351E-16, -1.000000000000000000, 5.301314942585120903E-15 ) ) ;
#415 = CARTESIAN_POINT ( 'NONE',  ( 0.000000000000000000, -21.97146833279816036, -13.99999999999999822 ) ) ;
#416 = EDGE_CURVE ( 'NONE', #3803, #1013, #1160, .T. ) ;
#417 = VERTEX_POINT ( 'NONE', #2463 ) ;
#418 = DIRECTION ( 'NONE',  ( -1.000000000000000000, -1.301042606982605567E-16, 0.000000000000000000 ) ) ;
#419 = EDGE_LOOP ( 'NONE', ( #1546, #2532 ) ) ;
#420 = PLANE ( 'NONE',  #3012 ) ;
#421 = DIRECTION ( 'NONE',  ( -1.000000000000000000, 0.000000000000000000, 8.673617379884027583E-16 ) ) ;
#422 = DIRECTION ( 'NONE',  ( 1.000000000000000000, 0.000000000000000000, 0.000000000000000000 ) ) ;
#423 = EDGE_LOOP ( 'NONE', ( #1132, #2524, #1331, #989 ) ) ;
#424 = CARTESIAN_POINT ( 'NONE',  ( 9.107298248878249079E-16, -7.000000000000007994, 15.00000000000000000 ) ) ;
#425 = DIRECTION ( 'NONE',  ( -0.000000000000000000, -0.000000000000000000, 1.000000000000000000 ) ) ;
#426 = CARTESIAN_POINT ( 'NONE',  ( -7.563739977491040989, 2.457608095870243314, -10.00000000000000000 ) ) ;
#427 = CARTESIAN_POINT ( 'NONE',  ( 5.636688994367753835, 5.310777644757850524, 0.000000000000000000 ) ) ;
#428 = CYLINDRICAL_SURFACE ( 'NONE', #1530, 1.000000000000000444 ) ;
#429 = ADVANCED_FACE ( 'NONE', ( #385, #2208, #720, #3414, #1001, #3159, #1902 ), #420, .F. ) ;
#430 = AXIS2_PLACEMENT_3D ( 'NONE', #1686, #3480, #3777 ) ;
#431 = EDGE_CURVE ( 'NONE', #3169, #2223, #3118, .T. ) ;
#432 = EDGE_LOOP ( 'NONE', ( #175, #2789, #859, #639 ) ) ;
#433 = LINE ( 'NONE', #3483, #1070 ) ;
#434 = VERTEX_POINT ( 'NONE', #83 ) ;
#435 = CIRCLE ( 'NONE', #1513, 1.000000000000000000 ) ;
#436 = CIRCLE ( 'NONE', #2360, 1.000000000000000444 ) ;
#437 = VECTOR ( 'NONE', #297, 1000.000000000000000 ) ;
#438 = EDGE_CURVE ( 'NONE', #3740, #2598, #2831, .T. ) ;
#439 = EDGE_CURVE ( 'NONE', #2867, #3938, #1609, .T. ) ;
#440 = LINE ( 'NONE', #2343, #82 ) ;
#441 = DIRECTION ( 'NONE',  ( -0.000000000000000000, -0.000000000000000000, -1.000000000000000000 ) ) ;
#442 = VERTEX_POINT ( 'NONE', #119 ) ;
#443 = CARTESIAN_POINT ( 'NONE',  ( -1.630422744333460239, -21.97146833279816036, -13.99999999999999822 ) ) ;
#444 = VERTEX_POINT ( 'NONE', #2840 ) ;
#445 = LINE ( 'NONE', #2195, #2114 ) ;
#446 = DIRECTION ( 'NONE',  ( 1.000000000000000000, 0.000000000000000000, 0.000000000000000000 ) ) ;
#447 = CARTESIAN_POINT ( 'NONE',  ( 1.247597405033505469, -8.197457282894827557, 0.000000000000000000 ) ) ;
#448 = ORIENTED_EDGE ( 'NONE', *, *, #3853, .T. ) ;
#449 = DIRECTION ( 'NONE',  ( -0.000000000000000000, -0.000000000000000000, 1.000000000000000000 ) ) ;
#450 = ORIENTED_EDGE ( 'NONE', *, *, #854, .T. ) ;
#451 = CIRCLE ( 'NONE', #1153, 1.000000000000000888 ) ;
#452 = CIRCLE ( 'NONE', #3137, 1.000000000000000000 ) ;
#453 = ORIENTED_EDGE ( 'NONE', *, *, #1459, .F. ) ;
#454 = CARTESIAN_POINT ( 'NONE',  ( -16.65707521604587171, 7.000000000000000888, 7.500000000000049738 ) ) ;
#455 = ORIENTED_EDGE ( 'NONE', *, *, #294, .F. ) ;
#456 = CIRCLE ( 'NONE', #3708, 1.000000000000000000 ) ;
#457 = DIRECTION ( 'NONE',  ( 1.000000000000000000, 0.000000000000000000, 0.000000000000000000 ) ) ;
#458 = CARTESIAN_POINT ( 'NONE',  ( -21.99999999999999289, -7.000000000000005329, 0.000000000000000000 ) ) ;
#459 = ORIENTED_EDGE ( 'NONE', *, *, #18, .F. ) ;
#460 = VECTOR ( 'NONE', #3377, 1000.000000000000000 ) ;
#461 = DIRECTION ( 'NONE',  ( 0.000000000000000000, 0.000000000000000000, -1.000000000000000000 ) ) ;
#462 = ORIENTED_EDGE ( 'NONE', *, *, #2512, .T. ) ;
#463 = EDGE_CURVE ( 'NONE', #3143, #2688, #2190, .T. ) ;
#464 = CARTESIAN_POINT ( 'NONE',  ( 0.000000000000000000, 7.952986860293433935, -8.000000000000000000 ) ) ;
#465 = EDGE_CURVE ( 'NONE', #3318, #664, #3670, .T. ) ;
#466 = EDGE_CURVE ( 'NONE', #3863, #575, #1281, .T. ) ;
#467 = PLANE ( 'NONE',  #2309 ) ;
#468 = CARTESIAN_POINT ( 'NONE',  ( -20.89610813048031090, -6.789557106205617920, -5.000000000000000000 ) ) ;
#469 = ORIENTED_EDGE ( 'NONE', *, *, #267, .T. ) ;
#470 = CARTESIAN_POINT ( 'NONE',  ( 12.91450505722985120, 17.77529127260470787, -13.99999999999999822 ) ) ;
#471 = DIRECTION ( 'NONE',  ( -1.000000000000000000, 0.000000000000000000, 0.000000000000000000 ) ) ;
#472 = ORIENTED_EDGE ( 'NONE', *, *, #1613, .F. ) ;
#473 = CARTESIAN_POINT ( 'NONE',  ( -8.101699371279112327, -4.670745769141315229, -10.00000000000000000 ) ) ;
#474 = EDGE_LOOP ( 'NONE', ( #3190, #2826 ) ) ;
#475 = FACE_OUTER_BOUND ( 'NONE', #559, .T. ) ;
#476 = DIRECTION ( 'NONE',  ( -1.000000000000000000, 0.000000000000000000, 0.000000000000000000 ) ) ;
#477 = ORIENTED_EDGE ( 'NONE', *, *, #2761, .F. ) ;
#478 = FACE_OUTER_BOUND ( 'NONE', #3035, .T. ) ;
#479 = EDGE_LOOP ( 'NONE', ( #3921, #2884, #3394, #2129 ) ) ;
#480 = CARTESIAN_POINT ( 'NONE',  ( 2.247597405033506135, -8.197457282894827557, 0.000000000000000000 ) ) ;
#481 = COLOUR_RGB ( '',0.7921568627450980005, 0.8196078431372548767, 0.9333333333333333481 ) ;
#482 = CARTESIAN_POINT ( 'NONE',  ( 6.636688994367753835, 5.310777644757850524, 0.000000000000000000 ) ) ;
#483 = EDGE_CURVE ( 'NONE', #3628, #3258, #2697, .T. ) ;
#484 = LINE ( 'NONE', #3522, #3181 ) ;
#485 = EDGE_LOOP ( 'NONE', ( #2192, #1382, #1798, #1503 ) ) ;
#486 = CARTESIAN_POINT ( 'NONE',  ( 8.490790960617442096, -0.3955614530130721618, -10.00000000000000000 ) ) ;
#487 = AXIS2_PLACEMENT_3D ( 'NONE', #3577, #3849, #525 ) ;
#488 = CARTESIAN_POINT ( 'NONE',  ( -17.65707521604587171, 7.000000000000000888, 7.500000000000049738 ) ) ;
#489 = CARTESIAN_POINT ( 'NONE',  ( -14.54492780156330944, 17.77529127260470787, -8.000000000000000000 ) ) ;
#490 = CARTESIAN_POINT ( 'NONE',  ( 2.247597405033506135, -8.197457282894827557, -8.000000000000000000 ) ) ;
#491 = VECTOR ( 'NONE', #258, 1000.000000000000000 ) ;
#492 = DIRECTION ( 'NONE',  ( 0.000000000000000000, 0.000000000000000000, -1.000000000000000000 ) ) ;
#493 = ORIENTED_EDGE ( 'NONE', *, *, #1399, .T. ) ;
#494 = DIRECTION ( 'NONE',  ( -0.000000000000000000, -0.000000000000000000, 1.000000000000000000 ) ) ;
#495 = ORIENTED_EDGE ( 'NONE', *, *, #1614, .T. ) ;
#496 = CARTESIAN_POINT ( 'NONE',  ( 22.52653087481376559, -6.789557106205628578, -8.000000000000000000 ) ) ;
#497 = EDGE_LOOP ( 'NONE', ( #40, #70 ) ) ;
#498 = VECTOR ( 'NONE', #2341, 1000.000000000000000 ) ;
#499 = DIRECTION ( 'NONE',  ( -1.000000000000000000, 0.000000000000000000, 0.000000000000000000 ) ) ;
#500 = ORIENTED_EDGE ( 'NONE', *, *, #3629, .F. ) ;
#501 = CARTESIAN_POINT ( 'NONE',  ( -4.361062998351325604, -3.450535839913938307, -10.00000000000000000 ) ) ;
#502 = AXIS2_PLACEMENT_3D ( 'NONE', #3815, #1704, #791 ) ;
#503 = DIRECTION ( 'NONE',  ( -1.000000000000000000, 0.000000000000000000, 0.000000000000000000 ) ) ;
#504 = CIRCLE ( 'NONE', #2805, 1.000000000000000888 ) ;
#505 = CARTESIAN_POINT ( 'NONE',  ( 22.52653087481376559, -6.789557106205628578, -13.99999999999999822 ) ) ;
#506 = ORIENTED_EDGE ( 'NONE', *, *, #2230, .T. ) ;
#507 = ADVANCED_FACE ( 'NONE', ( #797 ), #3254, .F. ) ;
#508 = CARTESIAN_POINT ( 'NONE',  ( 0.000000000000000000, 0.000000000000000000, -8.000000000000000000 ) ) ;
#509 = DIRECTION ( 'NONE',  ( 1.000000000000000000, 0.000000000000000000, 0.000000000000000000 ) ) ;
#510 = DIRECTION ( 'NONE',  ( -1.000000000000000000, 0.000000000000000000, 0.000000000000000000 ) ) ;
#511 = FACE_OUTER_BOUND ( 'NONE', #3141, .T. ) ;
#512 = AXIS2_PLACEMENT_3D ( 'NONE', #226, #2052, #503 ) ;
#513 = EDGE_CURVE ( 'NONE', #2991, #664, #1342, .T. ) ;
#514 = ADVANCED_FACE ( 'NONE', ( #3783 ), #3193, .F. ) ;
#515 = DIRECTION ( 'NONE',  ( 1.000000000000000000, 0.000000000000000000, 0.000000000000000000 ) ) ;
#516 = DIRECTION ( 'NONE',  ( 1.000000000000000000, 0.000000000000000000, 0.000000000000000000 ) ) ;
#517 = ORIENTED_EDGE ( 'NONE', *, *, #3294, .T. ) ;
#518 = DIRECTION ( 'NONE',  ( -0.000000000000000000, 0.000000000000000000, 1.000000000000000000 ) ) ;
#519 = AXIS2_PLACEMENT_3D ( 'NONE', #3826, #1388, #421 ) ;
#520 = EDGE_LOOP ( 'NONE', ( #999, #1920, #2907, #1191 ) ) ;
#521 = CIRCLE ( 'NONE', #905, 1.000000000000000000 ) ;
#522 = LINE ( 'NONE', #2873, #975 ) ;
#523 = PLANE ( 'NONE',  #1857 ) ;
#524 = ORIENTED_EDGE ( 'NONE', *, *, #3052, .F. ) ;
#525 = DIRECTION ( 'NONE',  ( 1.000000000000000000, 0.000000000000000000, -8.673617379884027583E-16 ) ) ;
#526 = ORIENTED_EDGE ( 'NONE', *, *, #3566, .F. ) ;
#527 = CARTESIAN_POINT ( 'NONE',  ( 8.490790960617442096, -0.3955614530130721618, -8.000000000000000000 ) ) ;
#528 = VECTOR ( 'NONE', #2073, 1000.000000000000000 ) ;
#529 = DIRECTION ( 'NONE',  ( -0.000000000000000000, 0.000000000000000000, 1.000000000000000000 ) ) ;
#530 = CARTESIAN_POINT ( 'NONE',  ( -7.563739977491040989, 2.457608095870243314, -8.000000000000000000 ) ) ;
#531 = DIRECTION ( 'NONE',  ( 0.000000000000000000, 0.000000000000000000, -1.000000000000000000 ) ) ;
#532 = ORIENTED_EDGE ( 'NONE', *, *, #2350, .T. ) ;
#533 = DIRECTION ( 'NONE',  ( -1.000000000000000000, 0.000000000000000000, 8.673617379884027583E-16 ) ) ;
#534 = CARTESIAN_POINT ( 'NONE',  ( 5.556348158416049898, 0.2281736194402158302, -10.00000000000000000 ) ) ;
#535 = ORIENTED_EDGE ( 'NONE', *, *, #2588, .T. ) ;
#536 = DIRECTION ( 'NONE',  ( -0.000000000000000000, -0.000000000000000000, 1.000000000000000000 ) ) ;
#537 = ORIENTED_EDGE ( 'NONE', *, *, #3148, .T. ) ;
#538 = VECTOR ( 'NONE', #284, 1000.000000000000000 ) ;
#539 = DIRECTION ( 'NONE',  ( -0.000000000000000000, -0.000000000000000000, 1.000000000000000000 ) ) ;
#540 = DIRECTION ( 'NONE',  ( -0.000000000000000000, 0.000000000000000000, 1.000000000000000000 ) ) ;
#541 = VERTEX_POINT ( 'NONE', #1057 ) ;
#542 = DIRECTION ( 'NONE',  ( 1.000000000000000000, 0.000000000000000000, 0.000000000000000000 ) ) ;
#543 = EDGE_LOOP ( 'NONE', ( #2909, #2735, #2077, #2242 ) ) ;
#544 = CARTESIAN_POINT ( 'NONE',  ( -2.499999999999999556, 5.354910648940147233, -8.000000000000000000 ) ) ;
#545 = CARTESIAN_POINT ( 'NONE',  ( 0.000000000000000000, 0.000000000000000000, 15.00000000000000000 ) ) ;
#546 = DIRECTION ( 'NONE',  ( -0.000000000000000000, -0.000000000000000000, 1.000000000000000000 ) ) ;
#547 = VERTEX_POINT ( 'NONE', #2556 ) ;
#548 = CARTESIAN_POINT ( 'NONE',  ( 1.999999999999989120, -14.96696361991970647, 0.000000000000000000 ) ) ;
#549 = FACE_OUTER_BOUND ( 'NONE', #1622, .T. ) ;
#550 = CARTESIAN_POINT ( 'NONE',  ( -2.247597405029427176, -8.197457282896154496, -8.000000000000000000 ) ) ;
#551 = ORIENTED_EDGE ( 'NONE', *, *, #785, .T. ) ;
#552 = DIRECTION ( 'NONE',  ( 0.000000000000000000, -0.000000000000000000, -1.000000000000000000 ) ) ;
#553 = EDGE_LOOP ( 'NONE', ( #2263, #739 ) ) ;
#554 = EDGE_CURVE ( 'NONE', #3411, #2900, #440, .T. ) ;
#555 = EDGE_CURVE ( 'NONE', #3169, #2890, #848, .T. ) ;
#556 = CARTESIAN_POINT ( 'NONE',  ( -5.556348158414492033, 0.2281736194380706295, -10.00000000000000000 ) ) ;
#557 = ORIENTED_EDGE ( 'NONE', *, *, #135, .F. ) ;
#558 = DIRECTION ( 'NONE',  ( -2.775557561562935724E-16, 1.000000000000000000, -5.301314942585120903E-15 ) ) ;
#559 = EDGE_LOOP ( 'NONE', ( #2167, #2120, #3843, #2951 ) ) ;
#560 = DIRECTION ( 'NONE',  ( -0.000000000000000000, 0.000000000000000000, 1.000000000000000000 ) ) ;
#561 = PRODUCT_DEFINITION_SHAPE ( 'NONE', 'NONE',  #2871 ) ;
#562 = EDGE_CURVE ( 'NONE', #3085, #444, #2387, .T. ) ;
#563 = ADVANCED_FACE ( 'NONE', ( #2952 ), #737, .F. ) ;
#564 = CIRCLE ( 'NONE', #3306, 0.9999999999999991118 ) ;
#565 = AXIS2_PLACEMENT_3D ( 'NONE', #2178, #3910, #2413 ) ;
#566 = DIRECTION ( 'NONE',  ( -0.000000000000000000, -0.000000000000000000, 1.000000000000000000 ) ) ;
#567 = DIRECTION ( 'NONE',  ( -1.000000000000000000, 0.000000000000000000, 8.673617379884027583E-16 ) ) ;
#568 = ORIENTED_EDGE ( 'NONE', *, *, #1282, .F. ) ;
#569 = AXIS2_PLACEMENT_3D ( 'NONE', #2631, #3545, #2847 ) ;
#570 = VECTOR ( 'NONE', #546, 1000.000000000000000 ) ;
#571 = VECTOR ( 'NONE', #3948, 1000.000000000000000 ) ;
#572 = AXIS2_PLACEMENT_3D ( 'NONE', #1727, #969, #908 ) ;
#573 = LINE ( 'NONE', #1185, #2671 ) ;
#574 = CARTESIAN_POINT ( 'NONE',  ( 11.28408231289639119, 17.77529127260470787, -13.99999999999999822 ) ) ;
#575 = VERTEX_POINT ( 'NONE', #2023 ) ;
#576 = CARTESIAN_POINT ( 'NONE',  ( 3.000000000000000000, 7.952986860293433935, -8.000000000000000000 ) ) ;
#577 = ORIENTED_EDGE ( 'NONE', *, *, #2568, .T. ) ;
#578 = CIRCLE ( 'NONE', #1593, 1.000000000000000000 ) ;
#579 = CYLINDRICAL_SURFACE ( 'NONE', #2748, 1.000000000000000222 ) ;
#580 = ORIENTED_EDGE ( 'NONE', *, *, #3678, .F. ) ;
#581 = FILL_AREA_STYLE ('',( #619 ) ) ;
#582 = VERTEX_POINT ( 'NONE', #3846 ) ;
#583 = DIRECTION ( 'NONE',  ( 0.000000000000000000, 0.000000000000000000, 1.000000000000000000 ) ) ;
#584 = AXIS2_PLACEMENT_3D ( 'NONE', #2734, #381, #3372 ) ;
#585 = ADVANCED_FACE ( 'NONE', ( #2891 ), #3552, .F. ) ;
#586 = CARTESIAN_POINT ( 'NONE',  ( 18.65707521604551644, 9.999999999998738787, 7.500000000000246025 ) ) ;
#587 = CARTESIAN_POINT ( 'NONE',  ( -11.31415043209165994, 10.00000000000000355, 15.00000000000000000 ) ) ;
#588 = ORIENTED_EDGE ( 'NONE', *, *, #1981, .T. ) ;
#589 = EDGE_CURVE ( 'NONE', #1104, #1230, #2760, .T. ) ;
#590 = CIRCLE ( 'NONE', #2629, 1.000000000000000888 ) ;
#591 = CARTESIAN_POINT ( 'NONE',  ( 1.630422744333460239, -21.97146833279816036, -13.99999999999999822 ) ) ;
#592 = DIRECTION ( 'NONE',  ( -1.301042606982605567E-16, 1.000000000000000000, 0.000000000000000000 ) ) ;
#593 = ORIENTED_EDGE ( 'NONE', *, *, #3350, .F. ) ;
#594 = LINE ( 'NONE', #1814, #3744 ) ;
#595 = VERTEX_POINT ( 'NONE', #1362 ) ;
#596 = CIRCLE ( 'NONE', #1291, 15.09999999999999964 ) ;
#597 = DIRECTION ( 'NONE',  ( -3.469446951953611724E-16, 1.000000000000000000, 0.000000000000000000 ) ) ;
#598 = DIRECTION ( 'NONE',  ( 1.000000000000000000, 0.000000000000000000, 0.000000000000000000 ) ) ;
#599 = VERTEX_POINT ( 'NONE', #2596 ) ;
#600 = DIRECTION ( 'NONE',  ( -0.000000000000000000, -0.000000000000000000, 1.000000000000000000 ) ) ;
#601 = VERTEX_POINT ( 'NONE', #1387 ) ;
#602 = DIRECTION ( 'NONE',  ( -0.000000000000000000, 0.000000000000000000, 1.000000000000000000 ) ) ;
#603 = CIRCLE ( 'NONE', #3533, 1.000000000000000888 ) ;
#604 = DIRECTION ( 'NONE',  ( 0.000000000000000000, -0.000000000000000000, -1.000000000000000000 ) ) ;
#605 = FACE_OUTER_BOUND ( 'NONE', #2363, .T. ) ;
#606 = EDGE_LOOP ( 'NONE', ( #448, #535, #2967, #524, #1757, #359, #1893, #808, #1411, #1839, #1042, #1022, #3113, #2055, #2579, #815, #79, #3856 ) ) ;
#607 = DIRECTION ( 'NONE',  ( 0.000000000000000000, 0.000000000000000000, -1.000000000000000000 ) ) ;
#608 = EDGE_CURVE ( 'NONE', #434, #939, #3770, .T. ) ;
#609 = DIRECTION ( 'NONE',  ( 0.000000000000000000, 0.000000000000000000, -1.000000000000000000 ) ) ;
#610 = EDGE_CURVE ( 'NONE', #3903, #2744, #522, .T. ) ;
#611 = EDGE_CURVE ( 'NONE', #214, #3106, #3204, .T. ) ;
#612 = VERTEX_POINT ( 'NONE', #3534 ) ;
#613 = CARTESIAN_POINT ( 'NONE',  ( -0.9340120152264849152, -5.213891596791355276, -8.000000000000000000 ) ) ;
#614 = DIRECTION ( 'NONE',  ( -2.775557561562891351E-16, 1.000000000000000000, -5.301314942585120903E-15 ) ) ;
#615 = ORIENTED_EDGE ( 'NONE', *, *, #3653, .F. ) ;
#616 = CARTESIAN_POINT ( 'NONE',  ( -8.490790960615882454, -0.3955614530152175568, -8.000000000000000000 ) ) ;
#617 = FACE_OUTER_BOUND ( 'NONE', #1221, .T. ) ;
#618 = VERTEX_POINT ( 'NONE', #136 ) ;
#619 = FILL_AREA_STYLE_COLOUR ( '', #481 ) ;
#620 = ORIENTED_EDGE ( 'NONE', *, *, #2138, .F. ) ;
#621 = DIRECTION ( 'NONE',  ( 1.000000000000000000, 0.000000000000000000, 0.000000000000000000 ) ) ;
#622 = CIRCLE ( 'NONE', #804, 1.000000000000000222 ) ;
#623 = CYLINDRICAL_SURFACE ( 'NONE', #3008, 1.999999999999988010 ) ;
#624 = FACE_OUTER_BOUND ( 'NONE', #643, .T. ) ;
#625 = CARTESIAN_POINT ( 'NONE',  ( -25.00000000000000000, 3.061616997868383043E-15, -8.000000000000000000 ) ) ;
#626 = ORIENTED_EDGE ( 'NONE', *, *, #1901, .F. ) ;
#627 = DIRECTION ( 'NONE',  ( 1.000000000000000000, 0.000000000000000000, 0.000000000000000000 ) ) ;
#628 = DIRECTION ( 'NONE',  ( -0.000000000000000000, -0.000000000000000000, 1.000000000000000000 ) ) ;
#629 = VECTOR ( 'NONE', #2531, 1000.000000000000000 ) ;
#630 = VECTOR ( 'NONE', #2158, 1000.000000000000000 ) ;
#631 = VECTOR ( 'NONE', #3349, 1000.000000000000000 ) ;
#632 = ORIENTED_EDGE ( 'NONE', *, *, #2156, .T. ) ;
#633 = DIRECTION ( 'NONE',  ( -1.000000000000000000, 0.000000000000000000, 0.000000000000000000 ) ) ;
#634 = VERTEX_POINT ( 'NONE', #1040 ) ;
#635 = EDGE_CURVE ( 'NONE', #3517, #1978, #273, .T. ) ;
#636 = CARTESIAN_POINT ( 'NONE',  ( 7.101699371283189066, -4.670745769139988290, -8.000000000000000000 ) ) ;
#637 = ORIENTED_EDGE ( 'NONE', *, *, #1353, .T. ) ;
#638 = CARTESIAN_POINT ( 'NONE',  ( 1.182766006347824686E-15, -10.00000000000001066, 15.00000000000000000 ) ) ;
#639 = ORIENTED_EDGE ( 'NONE', *, *, #950, .F. ) ;
#640 = AXIS2_PLACEMENT_3D ( 'NONE', #482, #2030, #3237 ) ;
#641 = CARTESIAN_POINT ( 'NONE',  ( 4.556348158416049898, 0.2281736194402159690, 0.000000000000000000 ) ) ;
#642 = DIRECTION ( 'NONE',  ( -0.000000000000000000, -0.000000000000000000, 1.000000000000000000 ) ) ;
#643 = EDGE_LOOP ( 'NONE', ( #2403, #1694, #1163, #2085 ) ) ;
#644 = DIRECTION ( 'NONE',  ( 1.000000000000000000, 0.000000000000000000, 0.000000000000000000 ) ) ;
#645 = ORIENTED_EDGE ( 'NONE', *, *, #1217, .T. ) ;
#646 = CARTESIAN_POINT ( 'NONE',  ( 7.563739977492597966, 2.457608095872390930, -10.00000000000000000 ) ) ;
#647 = AXIS2_PLACEMENT_3D ( 'NONE', #3265, #3543, #1764 ) ;
#648 = LINE ( 'NONE', #1204, #3932 ) ;
#649 = AXIS2_PLACEMENT_3D ( 'NONE', #328, #1236, #3283 ) ;
#650 = ORIENTED_EDGE ( 'NONE', *, *, #466, .F. ) ;
#651 = CYLINDRICAL_SURFACE ( 'NONE', #3490, 1.000000000000000888 ) ;
#652 = ORIENTED_EDGE ( 'NONE', *, *, #1026, .F. ) ;
#653 = ADVANCED_FACE ( 'NONE', ( #475 ), #3609, .F. ) ;
#654 = EDGE_CURVE ( 'NONE', #3274, #2783, #1102, .T. ) ;
#655 = DIRECTION ( 'NONE',  ( -0.000000000000000000, 0.000000000000000000, 1.000000000000000000 ) ) ;
#656 = EDGE_LOOP ( 'NONE', ( #207, #172, #2027, #163 ) ) ;
#657 = ORIENTED_EDGE ( 'NONE', *, *, #2943, .F. ) ;
#658 = EDGE_CURVE ( 'NONE', #2386, #382, #3013, .T. ) ;
#659 = EDGE_CURVE ( 'NONE', #3216, #1968, #2885, .T. ) ;
#660 = DIRECTION ( 'NONE',  ( 0.000000000000000000, 0.000000000000000000, 1.000000000000000000 ) ) ;
#661 = PLANE ( 'NONE',  #1943 ) ;
#662 = EDGE_LOOP ( 'NONE', ( #234, #1355 ) ) ;
#663 = CARTESIAN_POINT ( 'NONE',  ( 11.31415043209165638, 10.00000000000000711, 0.000000000000000000 ) ) ;
#664 = VERTEX_POINT ( 'NONE', #2421 ) ;
#665 = DIRECTION ( 'NONE',  ( 1.000000000000000000, 0.000000000000000000, 0.000000000000000000 ) ) ;
#666 = FACE_OUTER_BOUND ( 'NONE', #3348, .T. ) ;
#667 = VECTOR ( 'NONE', #1801, 1000.000000000000000 ) ;
#668 = LINE ( 'NONE', #2511, #1772 ) ;
#669 = VERTEX_POINT ( 'NONE', #3630 ) ;
#670 = LINE ( 'NONE', #1894, #2040 ) ;
#671 = VERTEX_POINT ( 'NONE', #1753 ) ;
#672 = DIRECTION ( 'NONE',  ( -1.000000000000000000, 0.000000000000000000, 0.000000000000000000 ) ) ;
#673 = FACE_OUTER_BOUND ( 'NONE', #1813, .T. ) ;
#674 = ORIENTED_EDGE ( 'NONE', *, *, #3941, .T. ) ;
#675 = LINE ( 'NONE', #1899, #2292 ) ;
#676 = ORIENTED_EDGE ( 'NONE', *, *, #2102, .T. ) ;
#677 = EDGE_CURVE ( 'NONE', #1968, #3216, #1802, .T. ) ;
#678 = EDGE_CURVE ( 'NONE', #2900, #3605, #3338, .T. ) ;
#679 = DIRECTION ( 'NONE',  ( -2.775557561562891351E-16, 1.000000000000000000, -5.301314942585120903E-15 ) ) ;
#680 = FACE_BOUND ( 'NONE', #735, .T. ) ;
#681 = ORIENTED_EDGE ( 'NONE', *, *, #3820, .F. ) ;
#682 = ORIENTED_EDGE ( 'NONE', *, *, #3103, .F. ) ;
#683 = DIRECTION ( 'NONE',  ( -1.000000000000000000, 0.000000000000000000, 0.000000000000000000 ) ) ;
#684 = AXIS2_PLACEMENT_3D ( 'NONE', #1695, #823, #2599 ) ;
#685 = EDGE_CURVE ( 'NONE', #2519, #3055, #947, .T. ) ;
#686 = ADVANCED_FACE ( 'NONE', ( #219 ), #2658, .F. ) ;
#687 = CARTESIAN_POINT ( 'NONE',  ( 16.65707521604551999, 7.849999999998740208, 7.500000000000256684 ) ) ;
#688 = CARTESIAN_POINT ( 'NONE',  ( -4.000000000000000000, 7.952986860293433935, 0.000000000000000000 ) ) ;
#689 = AXIS2_PLACEMENT_3D ( 'NONE', #1423, #494, #2950 ) ;
#690 = VECTOR ( 'NONE', #1243, 1000.000000000000000 ) ;
#691 = FACE_BOUND ( 'NONE', #2218, .T. ) ;
#692 = ORIENTED_EDGE ( 'NONE', *, *, #1242, .F. ) ;
#693 = AXIS2_PLACEMENT_3D ( 'NONE', #110, #414, #1089 ) ;
#694 = AXIS2_PLACEMENT_3D ( 'NONE', #938, #2168, #3375 ) ;
#695 = VECTOR ( 'NONE', #206, 1000.000000000000000 ) ;
#696 = AXIS2_PLACEMENT_3D ( 'NONE', #3163, #3753, #88 ) ;
#697 = CARTESIAN_POINT ( 'NONE',  ( -5.556348158414492033, 0.2281736194380706295, 0.000000000000000000 ) ) ;
#698 = EDGE_LOOP ( 'NONE', ( #367, #1443, #3772, #2656 ) ) ;
#699 = PLANE ( 'NONE',  #1651 ) ;
#700 = ORIENTED_EDGE ( 'NONE', *, *, #396, .T. ) ;
#701 = CARTESIAN_POINT ( 'NONE',  ( -4.674648388154269973, -6.434101526018735306, -10.00000000000000000 ) ) ;
#702 = CARTESIAN_POINT ( 'NONE',  ( -22.52653087481377270, -6.789557106205617920, -5.000000000000000000 ) ) ;
#703 = EDGE_LOOP ( 'NONE', ( #796, #3158 ) ) ;
#704 = DIRECTION ( 'NONE',  ( 0.000000000000000000, 0.000000000000000000, 1.000000000000000000 ) ) ;
#705 = ORIENTED_EDGE ( 'NONE', *, *, #68, .T. ) ;
#706 = FACE_OUTER_BOUND ( 'NONE', #2009, .T. ) ;
#707 = EDGE_CURVE ( 'NONE', #3364, #754, #3681, .T. ) ;
#708 = CYLINDRICAL_SURFACE ( 'NONE', #1602, 1.000000000000000000 ) ;
#709 = ADVANCED_FACE ( 'NONE', ( #3444 ), #1374, .F. ) ;
#710 = DIRECTION ( 'NONE',  ( -1.182766006347823109E-16, 1.000000000000000000, 0.000000000000000000 ) ) ;
#711 = AXIS2_PLACEMENT_3D ( 'NONE', #2361, #3859, #3207 ) ;
#712 = AXIS2_PLACEMENT_3D ( 'NONE', #3019, #566, #3616 ) ;
#713 = FACE_BOUND ( 'NONE', #2268, .T. ) ;
#714 = PLANE ( 'NONE',  #1398 ) ;
#715 = VECTOR ( 'NONE', #1558, 1000.000000000000000 ) ;
#716 = ORIENTED_EDGE ( 'NONE', *, *, #3844, .F. ) ;
#717 = CARTESIAN_POINT ( 'NONE',  ( 2.000000000000000000, 7.952986860293433935, 0.000000000000000000 ) ) ;
#718 = ORIENTED_EDGE ( 'NONE', *, *, #466, .T. ) ;
#719 = AXIS2_PLACEMENT_3D ( 'NONE', #1715, #199, #1099 ) ;
#720 = FACE_BOUND ( 'NONE', #553, .T. ) ;
#721 = DIRECTION ( 'NONE',  ( 1.000000000000000000, 1.182766006347823109E-16, 0.000000000000000000 ) ) ;
#722 = VERTEX_POINT ( 'NONE', #488 ) ;
#723 = DIRECTION ( 'NONE',  ( -0.000000000000000000, -0.000000000000000000, 1.000000000000000000 ) ) ;
#724 = EDGE_LOOP ( 'NONE', ( #472, #405 ) ) ;
#725 = DIRECTION ( 'NONE',  ( 1.000000000000000000, 0.000000000000000000, -8.673617379884027583E-16 ) ) ;
#726 = DIRECTION ( 'NONE',  ( 0.000000000000000000, 1.000000000000000000, -0.000000000000000000 ) ) ;
#727 = CARTESIAN_POINT ( 'NONE',  ( 8.490790960617442096, -0.3955614530130721618, 0.000000000000000000 ) ) ;
#728 = EDGE_CURVE ( 'NONE', #3694, #2554, #1577, .T. ) ;
#729 = AXIS2_PLACEMENT_3D ( 'NONE', #1196, #1512, #880 ) ;
#730 = LINE ( 'NONE', #1954, #1650 ) ;
#731 = CARTESIAN_POINT ( 'NONE',  ( -5.636688994366200411, 5.310777644755707350, -8.000000000000000000 ) ) ;
#732 = CARTESIAN_POINT ( 'NONE',  ( -1.934012015226485248, -5.213891596791355276, 0.000000000000000000 ) ) ;
#733 = EDGE_CURVE ( 'NONE', #547, #185, #3805, .T. ) ;
#734 = EDGE_CURVE ( 'NONE', #2198, #2535, #2078, .T. ) ;
#735 = EDGE_LOOP ( 'NONE', ( #3335, #140 ) ) ;
#736 = ORIENTED_EDGE ( 'NONE', *, *, #3464, .T. ) ;
#737 = CYLINDRICAL_SURFACE ( 'NONE', #1937, 1.000000000000000000 ) ;
#738 = DIRECTION ( 'NONE',  ( -0.000000000000000000, -0.000000000000000000, -1.000000000000000000 ) ) ;
#739 = ORIENTED_EDGE ( 'NONE', *, *, #1093, .T. ) ;
#740 = LINE ( 'NONE', #2542, #108 ) ;
#741 = VERTEX_POINT ( 'NONE', #548 ) ;
#742 = CARTESIAN_POINT ( 'NONE',  ( 8.101699371283190843, -4.670745769139988290, -10.00000000000000000 ) ) ;
#743 = CARTESIAN_POINT ( 'NONE',  ( 14.65707521604558927, -10.00000000000127187, 7.500000000000280664 ) ) ;
#744 = AXIS2_PLACEMENT_3D ( 'NONE', #104, #3121, #3716 ) ;
#745 = CARTESIAN_POINT ( 'NONE',  ( 15.65707521604558039, -7.850000000001272404, 7.500000000000271783 ) ) ;
#746 = EDGE_LOOP ( 'NONE', ( #1477, #51 ) ) ;
#747 = CARTESIAN_POINT ( 'NONE',  ( 7.490790960617439431, -0.3955614530130720508, 0.000000000000000000 ) ) ;
#748 = LINE ( 'NONE', #1687, #971 ) ;
#749 = AXIS2_PLACEMENT_3D ( 'NONE', #127, #3837, #1034 ) ;
#750 = EDGE_CURVE ( 'NONE', #3916, #1394, #243, .T. ) ;
#751 = ORIENTED_EDGE ( 'NONE', *, *, #2300, .T. ) ;
#752 = ADVANCED_FACE ( 'NONE', ( #3814 ), #1460, .T. ) ;
#753 = CARTESIAN_POINT ( 'NONE',  ( 9.107298248878249079E-16, -7.000000000000007994, 0.000000000000000000 ) ) ;
#754 = VERTEX_POINT ( 'NONE', #3679 ) ;
#755 = AXIS2_PLACEMENT_3D ( 'NONE', #2014, #1144, #1065 ) ;
#756 = CIRCLE ( 'NONE', #1972, 12.09999999999999964 ) ;
#757 = AXIS2_PLACEMENT_3D ( 'NONE', #41, #2451, #627 ) ;
#758 = DIRECTION ( 'NONE',  ( 2.775557561562891351E-16, -1.000000000000000000, 5.301314942585120903E-15 ) ) ;
#759 = CARTESIAN_POINT ( 'NONE',  ( -18.65707521604587527, 7.849999999998733102, 7.500000000000049738 ) ) ;
#760 = ORIENTED_EDGE ( 'NONE', *, *, #909, .T. ) ;
#761 = DIRECTION ( 'NONE',  ( 1.000000000000000000, 0.000000000000000000, 0.000000000000000000 ) ) ;
#762 = ORIENTED_EDGE ( 'NONE', *, *, #2382, .F. ) ;
#763 = CARTESIAN_POINT ( 'NONE',  ( 1.499999999999999112, 5.354910648940147233, -10.00000000000000000 ) ) ;
#764 = DIRECTION ( 'NONE',  ( 1.000000000000000000, 1.182766006347823355E-16, 0.000000000000000000 ) ) ;
#765 = CARTESIAN_POINT ( 'NONE',  ( -16.65707521604608132, -7.000000000000009770, 7.500000000000282441 ) ) ;
#766 = VERTEX_POINT ( 'NONE', #28 ) ;
#767 = AXIS2_PLACEMENT_3D ( 'NONE', #1682, #1966, #3201 ) ;
#768 = DIRECTION ( 'NONE',  ( -1.000000000000000000, 0.000000000000000000, 0.000000000000000000 ) ) ;
#769 = DIRECTION ( 'NONE',  ( 1.000000000000000000, 0.000000000000000000, 0.000000000000000000 ) ) ;
#770 = FACE_OUTER_BOUND ( 'NONE', #1511, .T. ) ;
#771 = CIRCLE ( 'NONE', #3450, 1.630422744333457130 ) ;
#772 = EDGE_LOOP ( 'NONE', ( #968, #1701, #1748, #212 ) ) ;
#773 = DIRECTION ( 'NONE',  ( -1.301042606982605567E-16, 1.000000000000000000, 0.000000000000000000 ) ) ;
#774 = AXIS2_PLACEMENT_3D ( 'NONE', #1316, #1046, #370 ) ;
#775 = VERTEX_POINT ( 'NONE', #889 ) ;
#776 = EDGE_CURVE ( 'NONE', #3369, #3318, #648, .T. ) ;
#777 = CARTESIAN_POINT ( 'NONE',  ( 16.65707521604551999, 7.849999999998740208, 7.500000000000256684 ) ) ;
#778 = FACE_OUTER_BOUND ( 'NONE', #2340, .T. ) ;
#779 = ORIENTED_EDGE ( 'NONE', *, *, #2879, .T. ) ;
#780 = AXIS2_PLACEMENT_3D ( 'NONE', #2106, #255, #3316 ) ;
#781 = DIRECTION ( 'NONE',  ( 0.000000000000000000, 0.000000000000000000, 1.000000000000000000 ) ) ;
#782 = ORIENTED_EDGE ( 'NONE', *, *, #2612, .T. ) ;
#783 = LINE ( 'NONE', #802, #2400 ) ;
#784 = ADVANCED_FACE ( 'NONE', ( #292, #2724 ), #912, .T. ) ;
#785 = EDGE_CURVE ( 'NONE', #2790, #2050, #3622, .T. ) ;
#786 = CARTESIAN_POINT ( 'NONE',  ( 1.182766006347824686E-15, -10.00000000000001066, 15.00000000000000000 ) ) ;
#787 = DIRECTION ( 'NONE',  ( -1.301042606982605567E-16, 1.000000000000000000, 0.000000000000000000 ) ) ;
#788 = ORIENTED_EDGE ( 'NONE', *, *, #2657, .F. ) ;
#789 = AXIS2_PLACEMENT_3D ( 'NONE', #3714, #3732, #2209 ) ;
#790 = DIRECTION ( 'NONE',  ( 1.000000000000000000, 0.000000000000000000, 0.000000000000000000 ) ) ;
#791 = DIRECTION ( 'NONE',  ( -1.000000000000000000, 0.000000000000000000, 8.673617379884027583E-16 ) ) ;
#792 = ORIENTED_EDGE ( 'NONE', *, *, #3653, .T. ) ;
#793 = CARTESIAN_POINT ( 'NONE',  ( 20.89610813048030380, -6.789557106205628578, -5.000000000000000000 ) ) ;
#794 = ORIENTED_EDGE ( 'NONE', *, *, #785, .F. ) ;
#795 = LINE ( 'NONE', #1653, #1197 ) ;
#796 = ORIENTED_EDGE ( 'NONE', *, *, #2736, .F. ) ;
#797 = FACE_OUTER_BOUND ( 'NONE', #2772, .T. ) ;
#798 = CARTESIAN_POINT ( 'NONE',  ( -9.869650449737308762, -7.000000000000008882, 0.000000000000000000 ) ) ;
#799 = ORIENTED_EDGE ( 'NONE', *, *, #1484, .F. ) ;
#800 = LINE ( 'NONE', #1718, #2534 ) ;
#801 = VERTEX_POINT ( 'NONE', #3353 ) ;
#802 = CARTESIAN_POINT ( 'NONE',  ( -1.999999999999989120, 0.000000000000000000, 15.00000000000000000 ) ) ;
#803 = EDGE_CURVE ( 'NONE', #2289, #1422, #47, .T. ) ;
#804 = AXIS2_PLACEMENT_3D ( 'NONE', #2049, #2306, #2914 ) ;
#805 = EDGE_CURVE ( 'NONE', #2836, #1968, #336, .T. ) ;
#806 = CARTESIAN_POINT ( 'NONE',  ( -1.934012015226485248, -5.213891596791355276, -8.000000000000000000 ) ) ;
#807 = DIRECTION ( 'NONE',  ( -1.000000000000000000, 0.000000000000000000, 0.000000000000000000 ) ) ;
#808 = ORIENTED_EDGE ( 'NONE', *, *, #412, .T. ) ;
#809 = EDGE_CURVE ( 'NONE', #599, #2638, #3563, .T. ) ;
#810 = VECTOR ( 'NONE', #3638, 1000.000000000000000 ) ;
#811 = DIRECTION ( 'NONE',  ( -1.000000000000000000, 0.000000000000000000, 0.000000000000000000 ) ) ;
#812 = DIRECTION ( 'NONE',  ( -1.000000000000000000, -1.301042606982605567E-16, 0.000000000000000000 ) ) ;
#813 = AXIS2_PLACEMENT_3D ( 'NONE', #3359, #1157, #3596 ) ;
#814 = CARTESIAN_POINT ( 'NONE',  ( 20.89610813048030380, -6.789557106205628578, -13.99999999999999822 ) ) ;
#815 = ORIENTED_EDGE ( 'NONE', *, *, #750, .T. ) ;
#816 = DIRECTION ( 'NONE',  ( 1.000000000000000000, 0.000000000000000000, 0.000000000000000000 ) ) ;
#817 = ORIENTED_EDGE ( 'NONE', *, *, #465, .F. ) ;
#818 = CARTESIAN_POINT ( 'NONE',  ( 20.89610813048030380, -6.789557106205628578, -13.99999999999999822 ) ) ;
#819 = FACE_OUTER_BOUND ( 'NONE', #3665, .T. ) ;
#820 = EDGE_LOOP ( 'NONE', ( #1003, #1213, #1522, #1101 ) ) ;
#821 = CIRCLE ( 'NONE', #116, 1.000000000000000000 ) ;
#822 = CIRCLE ( 'NONE', #375, 1.000000000000001776 ) ;
#823 = DIRECTION ( 'NONE',  ( -0.000000000000000000, -0.000000000000000000, 1.000000000000000000 ) ) ;
#824 = ORIENTED_EDGE ( 'NONE', *, *, #1935, .F. ) ;
#825 = DIRECTION ( 'NONE',  ( -0.000000000000000000, -0.000000000000000000, 1.000000000000000000 ) ) ;
#826 = CIRCLE ( 'NONE', #502, 2.000000000000001776 ) ;
#827 = AXIS2_PLACEMENT_3D ( 'NONE', #1095, #3209, #2616 ) ;
#828 = CYLINDRICAL_SURFACE ( 'NONE', #3946, 1.000000000000000000 ) ;
#829 = ORIENTED_EDGE ( 'NONE', *, *, #830, .T. ) ;
#830 = EDGE_CURVE ( 'NONE', #348, #3923, #436, .T. ) ;
#831 = EDGE_CURVE ( 'NONE', #634, #3451, #1482, .T. ) ;
#832 = AXIS2_PLACEMENT_3D ( 'NONE', #3784, #1100, #2857 ) ;
#833 = CARTESIAN_POINT ( 'NONE',  ( 0.000000000000000000, 0.000000000000000000, 0.000000000000000000 ) ) ;
#834 = CYLINDRICAL_SURFACE ( 'NONE', #3580, 15.09999999999999964 ) ;
#835 = CIRCLE ( 'NONE', #640, 1.000000000000000000 ) ;
#836 = CYLINDRICAL_SURFACE ( 'NONE', #3583, 1.630422744333462237 ) ;
#837 = EDGE_LOOP ( 'NONE', ( #3556, #1188, #1228, #840 ) ) ;
#838 = DIRECTION ( 'NONE',  ( -1.000000000000000000, 0.000000000000000000, 0.000000000000000000 ) ) ;
#839 = CIRCLE ( 'NONE', #3762, 1.000000000000000000 ) ;
#840 = ORIENTED_EDGE ( 'NONE', *, *, #3876, .T. ) ;
#841 = VECTOR ( 'NONE', #1461, 1000.000000000000000 ) ;
#842 = CIRCLE ( 'NONE', #198, 1.000000000000000444 ) ;
#843 = DIRECTION ( 'NONE',  ( 1.000000000000000000, 0.000000000000000000, 0.000000000000000000 ) ) ;
#844 = CARTESIAN_POINT ( 'NONE',  ( 1.999999999999989120, 0.000000000000000000, 0.000000000000000000 ) ) ;
#845 = ORIENTED_EDGE ( 'NONE', *, *, #2278, .T. ) ;
#846 = FACE_OUTER_BOUND ( 'NONE', #857, .T. ) ;
#847 = ORIENTED_EDGE ( 'NONE', *, *, #2350, .F. ) ;
#848 = CIRCLE ( 'NONE', #1671, 1.999999999999988010 ) ;
#849 = FACE_BOUND ( 'NONE', #2915, .T. ) ;
#850 = VERTEX_POINT ( 'NONE', #1810 ) ;
#851 = DIRECTION ( 'NONE',  ( 1.000000000000000000, 0.000000000000000000, 0.000000000000000000 ) ) ;
#852 = VERTEX_POINT ( 'NONE', #2139 ) ;
#853 = DIRECTION ( 'NONE',  ( 1.000000000000000000, 0.000000000000000000, -8.673617379884027583E-16 ) ) ;
#854 = EDGE_CURVE ( 'NONE', #2638, #599, #1137, .T. ) ;
#855 = CARTESIAN_POINT ( 'NONE',  ( 5.674648388158348489, -6.434101526017407480, 0.000000000000000000 ) ) ;
#856 = FACE_BOUND ( 'NONE', #3614, .T. ) ;
#857 = EDGE_LOOP ( 'NONE', ( #3220, #1479, #3885, #987 ) ) ;
#858 = DIRECTION ( 'NONE',  ( -0.000000000000000000, -0.000000000000000000, 1.000000000000000000 ) ) ;
#859 = ORIENTED_EDGE ( 'NONE', *, *, #875, .T. ) ;
#860 = EDGE_CURVE ( 'NONE', #722, #3639, #1071, .T. ) ;
#861 = AXIS2_PLACEMENT_3D ( 'NONE', #464, #1105, #2371 ) ;
#862 = CARTESIAN_POINT ( 'NONE',  ( 1.999999999999989120, 11.93356610573721355, 15.00000000000000000 ) ) ;
#863 = ORIENTED_EDGE ( 'NONE', *, *, #215, .T. ) ;
#864 = DIRECTION ( 'NONE',  ( 0.000000000000000000, 0.000000000000000000, 1.000000000000000000 ) ) ;
#865 = VERTEX_POINT ( 'NONE', #2747 ) ;
#866 = DIRECTION ( 'NONE',  ( -1.000000000000000000, 0.000000000000000000, 0.000000000000000000 ) ) ;
#867 = LINE ( 'NONE', #2977, #528 ) ;
#868 = ORIENTED_EDGE ( 'NONE', *, *, #3613, .T. ) ;
#869 = LINE ( 'NONE', #574, #2502 ) ;
#870 = EDGE_CURVE ( 'NONE', #2890, #3263, #3365, .T. ) ;
#871 = ORIENTED_EDGE ( 'NONE', *, *, #3852, .T. ) ;
#872 = CARTESIAN_POINT ( 'NONE',  ( -7.101699371279113215, -4.670745769141315229, -8.000000000000000000 ) ) ;
#873 = EDGE_LOOP ( 'NONE', ( #2621, #506 ) ) ;
#874 = EDGE_CURVE ( 'NONE', #612, #1391, #573, .T. ) ;
#875 = EDGE_CURVE ( 'NONE', #105, #3272, #1873, .T. ) ;
#876 = DIRECTION ( 'NONE',  ( -1.000000000000000000, 0.000000000000000000, 0.000000000000000000 ) ) ;
#877 = VERTEX_POINT ( 'NONE', #1850 ) ;
#878 = DIRECTION ( 'NONE',  ( 0.000000000000000000, 0.000000000000000000, -1.000000000000000000 ) ) ;
#879 = ORIENTED_EDGE ( 'NONE', *, *, #391, .T. ) ;
#880 = DIRECTION ( 'NONE',  ( 1.000000000000000000, 0.000000000000000000, 0.000000000000000000 ) ) ;
#881 = CIRCLE ( 'NONE', #3114, 1.000000000000000000 ) ;
#882 = AXIS2_PLACEMENT_3D ( 'NONE', #3738, #1047, #1279 ) ;
#883 = DIRECTION ( 'NONE',  ( 0.000000000000000000, 0.000000000000000000, -1.000000000000000000 ) ) ;
#884 = FACE_BOUND ( 'NONE', #2154, .T. ) ;
#885 = CARTESIAN_POINT ( 'NONE',  ( 3.674648388158348489, -6.434101526017407480, -10.00000000000000000 ) ) ;
#886 = ORIENTED_EDGE ( 'NONE', *, *, #3604, .F. ) ;
#887 = AXIS2_PLACEMENT_3D ( 'NONE', #3759, #2904, #1357 ) ;
#888 = VECTOR ( 'NONE', #268, 1000.000000000000000 ) ;
#889 = CARTESIAN_POINT ( 'NONE',  ( -2.934012015226485470, -5.213891596791355276, -8.000000000000000000 ) ) ;
#890 = FACE_BOUND ( 'NONE', #1825, .T. ) ;
#891 = ORIENTED_EDGE ( 'NONE', *, *, #3463, .T. ) ;
#892 = CARTESIAN_POINT ( 'NONE',  ( 17.65707521604551644, 9.999999999998738787, 7.500000000000241585 ) ) ;
#893 = EDGE_LOOP ( 'NONE', ( #1458, #3493 ) ) ;
#894 = CIRCLE ( 'NONE', #3641, 1.000000000000000000 ) ;
#895 = DIRECTION ( 'NONE',  ( 1.000000000000000000, 0.000000000000000000, 0.000000000000000000 ) ) ;
#896 = CARTESIAN_POINT ( 'NONE',  ( 3.247597405033507023, -8.197457282894827557, -10.00000000000000000 ) ) ;
#897 = EDGE_LOOP ( 'NONE', ( #954, #3210, #1588, #2514 ) ) ;
#898 = LINE ( 'NONE', #1799, #296 ) ;
#899 = EDGE_LOOP ( 'NONE', ( #2302, #2802, #1345, #2188 ) ) ;
#900 = ADVANCED_FACE ( 'NONE', ( #3088 ), #2769, .F. ) ;
#901 = CARTESIAN_POINT ( 'NONE',  ( 1.000000000000000222, 7.952986860293433935, -8.000000000000000000 ) ) ;
#902 = EDGE_CURVE ( 'NONE', #2777, #320, #3662, .T. ) ;
#903 = CARTESIAN_POINT ( 'NONE',  ( 12.91450505722985120, 17.77529127260470787, -13.99999999999999822 ) ) ;
#904 = CARTESIAN_POINT ( 'NONE',  ( -21.99999999999999289, -10.00000000000001243, 15.00000000000000000 ) ) ;
#905 = AXIS2_PLACEMENT_3D ( 'NONE', #2260, #2610, #3816 ) ;
#906 = DIRECTION ( 'NONE',  ( 0.000000000000000000, 0.000000000000000000, -1.000000000000000000 ) ) ;
#907 = ORIENTED_EDGE ( 'NONE', *, *, #1664, .F. ) ;
#908 = DIRECTION ( 'NONE',  ( 1.000000000000000000, 0.000000000000000000, 0.000000000000000000 ) ) ;
#909 = EDGE_CURVE ( 'NONE', #634, #1119, #2104, .T. ) ;
#910 = CIRCLE ( 'NONE', #1033, 15.09999999999999964 ) ;
#911 = CARTESIAN_POINT ( 'NONE',  ( -11.31415043209165106, -10.00000000000001243, 0.000000000000000000 ) ) ;
#912 = PLANE ( 'NONE',  #2171 ) ;
#913 = AXIS2_PLACEMENT_3D ( 'NONE', #964, #2780, #1292 ) ;
#914 = CARTESIAN_POINT ( 'NONE',  ( -22.00000000000000000, 10.00000000000000178, 15.00000000000000000 ) ) ;
#915 = EDGE_LOOP ( 'NONE', ( #2374, #2980, #203, #2333 ) ) ;
#916 = CARTESIAN_POINT ( 'NONE',  ( -4.361062998351325604, -3.450535839913938307, 0.000000000000000000 ) ) ;
#917 = ORIENTED_EDGE ( 'NONE', *, *, #3792, .T. ) ;
#918 = AXIS2_PLACEMENT_3D ( 'NONE', #3194, #2597, #1058 ) ;
#919 = CARTESIAN_POINT ( 'NONE',  ( -0.4999999999999989453, 5.354910648940147233, -8.000000000000000000 ) ) ;
#920 = EDGE_LOOP ( 'NONE', ( #1294, #3597 ) ) ;
#921 = EDGE_LOOP ( 'NONE', ( #1183, #792, #2347, #1674 ) ) ;
#922 = LINE ( 'NONE', #2150, #3352 ) ;
#923 = AXIS2_PLACEMENT_3D ( 'NONE', #1025, #408, #665 ) ;
#924 = FACE_OUTER_BOUND ( 'NONE', #520, .T. ) ;
#925 = FACE_BOUND ( 'NONE', #419, .T. ) ;
#926 = VERTEX_POINT ( 'NONE', #447 ) ;
#927 = DIRECTION ( 'NONE',  ( -2.775557561562891351E-16, 1.000000000000000000, -5.301314942585120903E-15 ) ) ;
#928 = ORIENTED_EDGE ( 'NONE', *, *, #3221, .F. ) ;
#929 = LINE ( 'NONE', #333, #1714 ) ;
#930 = EDGE_CURVE ( 'NONE', #3398, #3015, #822, .T. ) ;
#931 = EDGE_CURVE ( 'NONE', #1600, #939, #3698, .T. ) ;
#932 = DIRECTION ( 'NONE',  ( -1.000000000000000000, 0.000000000000000000, 0.000000000000000000 ) ) ;
#933 = ORIENTED_EDGE ( 'NONE', *, *, #1264, .F. ) ;
#934 = PLANE ( 'NONE',  #3877 ) ;
#935 = ORIENTED_EDGE ( 'NONE', *, *, #3295, .F. ) ;
#936 = CARTESIAN_POINT ( 'NONE',  ( 2.247597405033506135, -8.197457282894827557, -10.00000000000000000 ) ) ;
#937 = VERTEX_POINT ( 'NONE', #3165 ) ;
#938 = CARTESIAN_POINT ( 'NONE',  ( 0.000000000000000000, 0.000000000000000000, 15.00000000000000000 ) ) ;
#939 = VERTEX_POINT ( 'NONE', #745 ) ;
#940 = CARTESIAN_POINT ( 'NONE',  ( -9.107298248878243162E-16, 7.000000000000002665, 0.000000000000000000 ) ) ;
#941 = DIRECTION ( 'NONE',  ( -0.000000000000000000, -0.000000000000000000, 1.000000000000000000 ) ) ;
#942 = ORIENTED_EDGE ( 'NONE', *, *, #658, .F. ) ;
#943 = DIRECTION ( 'NONE',  ( -0.000000000000000000, -0.000000000000000000, 1.000000000000000000 ) ) ;
#944 = ORIENTED_EDGE ( 'NONE', *, *, #3613, .F. ) ;
#945 = DIRECTION ( 'NONE',  ( 1.000000000000000000, 0.000000000000000000, 0.000000000000000000 ) ) ;
#946 = CIRCLE ( 'NONE', #689, 1.000000000000000222 ) ;
#947 = CIRCLE ( 'NONE', #2674, 0.9999999999999991118 ) ;
#948 = CARTESIAN_POINT ( 'NONE',  ( 14.65707521604558927, -10.00000000000127187, 7.500000000000285993 ) ) ;
#949 = AXIS2_PLACEMENT_3D ( 'NONE', #34, #1941, #362 ) ;
#950 = EDGE_CURVE ( 'NONE', #2205, #3272, #1319, .T. ) ;
#951 = CIRCLE ( 'NONE', #693, 1.999999999999988010 ) ;
#952 = ORIENTED_EDGE ( 'NONE', *, *, #1308, .T. ) ;
#953 = CYLINDRICAL_SURFACE ( 'NONE', #1379, 12.09999999999999964 ) ;
#954 = ORIENTED_EDGE ( 'NONE', *, *, #2115, .F. ) ;
#955 = CARTESIAN_POINT ( 'NONE',  ( 14.65707521604551644, 7.849999999998740208, 7.500000000000258460 ) ) ;
#956 = ADVANCED_FACE ( 'NONE', ( #66 ), #3105, .F. ) ;
#957 = ADVANCED_FACE ( 'NONE', ( #1932 ), #2883, .F. ) ;
#958 = DIRECTION ( 'NONE',  ( -1.000000000000000000, 0.000000000000000000, 0.000000000000000000 ) ) ;
#959 = CYLINDRICAL_SURFACE ( 'NONE', #3822, 1.000000000000000444 ) ;
#960 = VERTEX_POINT ( 'NONE', #3184 ) ;
#961 = CARTESIAN_POINT ( 'NONE',  ( -7.636688994366200411, 5.310777644755707350, -10.00000000000000000 ) ) ;
#962 = VERTEX_POINT ( 'NONE', #1299 ) ;
#963 = AXIS2_PLACEMENT_3D ( 'NONE', #1962, #2931, #476 ) ;
#964 = CARTESIAN_POINT ( 'NONE',  ( 0.000000000000000000, 0.000000000000000000, 0.000000000000000000 ) ) ;
#965 = FACE_BOUND ( 'NONE', #3760, .T. ) ;
#966 = VERTEX_POINT ( 'NONE', #1354 ) ;
#967 = CARTESIAN_POINT ( 'NONE',  ( 22.00000000000000000, -7.000000000000000000, 0.000000000000000000 ) ) ;
#968 = ORIENTED_EDGE ( 'NONE', *, *, #2452, .F. ) ;
#969 = DIRECTION ( 'NONE',  ( -0.000000000000000000, -0.000000000000000000, 1.000000000000000000 ) ) ;
#970 = CIRCLE ( 'NONE', #519, 2.000000000000001776 ) ;
#971 = VECTOR ( 'NONE', #167, 1000.000000000000000 ) ;
#972 = CARTESIAN_POINT ( 'NONE',  ( 11.28408231289639119, 17.77529127260470787, -5.000000000000000000 ) ) ;
#973 = LINE ( 'NONE', #2257, #1198 ) ;
#974 = EDGE_CURVE ( 'NONE', #3663, #2285, #668, .T. ) ;
#975 = VECTOR ( 'NONE', #3513, 1000.000000000000000 ) ;
#976 = EDGE_LOOP ( 'NONE', ( #3436, #3909, #3162, #178 ) ) ;
#977 = EDGE_CURVE ( 'NONE', #3251, #1994, #1952, .T. ) ;
#978 = FACE_BOUND ( 'NONE', #3233, .T. ) ;
#979 = EDGE_LOOP ( 'NONE', ( #3235, #2390 ) ) ;
#980 = CARTESIAN_POINT ( 'NONE',  ( 0.000000000000000000, 0.000000000000000000, 0.000000000000000000 ) ) ;
#981 = ORIENTED_EDGE ( 'NONE', *, *, #860, .T. ) ;
#982 = EDGE_CURVE ( 'NONE', #2717, #2353, #2796, .T. ) ;
#983 = CARTESIAN_POINT ( 'NONE',  ( 8.101699371283190843, -4.670745769139988290, -8.000000000000000000 ) ) ;
#984 = EDGE_LOOP ( 'NONE', ( #1649, #2273, #1526, #537 ) ) ;
#985 = CARTESIAN_POINT ( 'NONE',  ( 22.00000000000000000, 10.00000000000000888, 15.00000000000000000 ) ) ;
#986 = FACE_OUTER_BOUND ( 'NONE', #3208, .T. ) ;
#987 = ORIENTED_EDGE ( 'NONE', *, *, #874, .F. ) ;
#988 = DIRECTION ( 'NONE',  ( -0.000000000000000000, 0.000000000000000000, 1.000000000000000000 ) ) ;
#989 = ORIENTED_EDGE ( 'NONE', *, *, #2903, .F. ) ;
#990 = DIRECTION ( 'NONE',  ( 1.000000000000000000, 0.000000000000000000, -8.673617379884027583E-16 ) ) ;
#991 = CARTESIAN_POINT ( 'NONE',  ( 0.9340120152305627643, -5.213891596790031002, -8.000000000000000000 ) ) ;
#992 = DIRECTION ( 'NONE',  ( -0.000000000000000000, -0.000000000000000000, 1.000000000000000000 ) ) ;
#993 = FACE_BOUND ( 'NONE', #145, .T. ) ;
#994 = ORIENTED_EDGE ( 'NONE', *, *, #3051, .F. ) ;
#995 = CIRCLE ( 'NONE', #1829, 15.09999999999999964 ) ;
#996 = CARTESIAN_POINT ( 'NONE',  ( 1.999999999999989120, 14.96696361991970647, 0.000000000000000000 ) ) ;
#997 = ORIENTED_EDGE ( 'NONE', *, *, #3211, .F. ) ;
#998 = DIRECTION ( 'NONE',  ( 0.000000000000000000, -0.000000000000000000, -1.000000000000000000 ) ) ;
#999 = ORIENTED_EDGE ( 'NONE', *, *, #870, .F. ) ;
#1000 = EDGE_CURVE ( 'NONE', #3639, #389, #3403, .T. ) ;
#1001 = FACE_BOUND ( 'NONE', #2455, .T. ) ;
#1002 = PLANE ( 'NONE',  #2513 ) ;
#1003 = ORIENTED_EDGE ( 'NONE', *, *, #187, .F. ) ;
#1004 = CYLINDRICAL_SURFACE ( 'NONE', #2159, 12.09999999999999964 ) ;
#1005 = ORIENTED_EDGE ( 'NONE', *, *, #1286, .F. ) ;
#1006 = DIRECTION ( 'NONE',  ( -0.000000000000000000, -0.000000000000000000, 1.000000000000000000 ) ) ;
#1007 = VECTOR ( 'NONE', #139, 1000.000000000000000 ) ;
#1008 = CARTESIAN_POINT ( 'NONE',  ( -1.999999999999989120, -11.93356610573721355, 15.00000000000000000 ) ) ;
#1009 = CARTESIAN_POINT ( 'NONE',  ( -1.182766006347823700E-15, 10.00000000000000533, 15.00000000000000000 ) ) ;
#1010 = AXIS2_PLACEMENT_3D ( 'NONE', #576, #536, #838 ) ;
#1011 = AXIS2_PLACEMENT_3D ( 'NONE', #426, #1967, #1646 ) ;
#1012 = FACE_BOUND ( 'NONE', #1024, .T. ) ;
#1013 = VERTEX_POINT ( 'NONE', #688 ) ;
#1014 = CIRCLE ( 'NONE', #3242, 1.000000000000000000 ) ;
#1015 = AXIS2_PLACEMENT_3D ( 'NONE', #1250, #2854, #3690 ) ;
#1016 = AXIS2_PLACEMENT_3D ( 'NONE', #3788, #2844, #63 ) ;
#1017 = ORIENTED_EDGE ( 'NONE', *, *, #1556, .F. ) ;
#1018 = CARTESIAN_POINT ( 'NONE',  ( 15.65707521604551467, 9.999999999998738787, 7.500000000000243361 ) ) ;
#1019 = VERTEX_POINT ( 'NONE', #3442 ) ;
#1020 = CARTESIAN_POINT ( 'NONE',  ( 0.000000000000000000, 0.000000000000000000, -5.000000000000000000 ) ) ;
#1021 = LINE ( 'NONE', #2245, #1725 ) ;
#1022 = ORIENTED_EDGE ( 'NONE', *, *, #1049, .T. ) ;
#1023 = CYLINDRICAL_SURFACE ( 'NONE', #2349, 1.000000000000000222 ) ;
#1024 = EDGE_LOOP ( 'NONE', ( #3779, #2066 ) ) ;
#1025 = CARTESIAN_POINT ( 'NONE',  ( -6.636688994366200411, 5.310777644755707350, 0.000000000000000000 ) ) ;
#1026 = EDGE_CURVE ( 'NONE', #363, #2050, #973, .T. ) ;
#1027 = CARTESIAN_POINT ( 'NONE',  ( 17.65707521604551644, 7.000000000000004441, 7.500000000000254907 ) ) ;
#1028 = DIRECTION ( 'NONE',  ( -0.000000000000000000, 0.000000000000000000, 1.000000000000000000 ) ) ;
#1029 = AXIS2_PLACEMENT_3D ( 'NONE', #2459, #1508, #1525 ) ;
#1030 = EDGE_CURVE ( 'NONE', #185, #547, #3430, .T. ) ;
#1031 = ADVANCED_FACE ( 'NONE', ( #2548, #3127 ), #2832, .T. ) ;
#1032 = CIRCLE ( 'NONE', #2060, 1.630422744333458906 ) ;
#1033 = AXIS2_PLACEMENT_3D ( 'NONE', #3080, #3434, #2485 ) ;
#1034 = DIRECTION ( 'NONE',  ( 1.000000000000000000, 0.000000000000000000, 0.000000000000000000 ) ) ;
#1035 = DIRECTION ( 'NONE',  ( 1.000000000000000000, 1.301042606982605567E-16, 0.000000000000000000 ) ) ;
#1036 = CARTESIAN_POINT ( 'NONE',  ( 4.556348158416049898, 0.2281736194402159690, -10.00000000000000000 ) ) ;
#1037 = ORIENTED_EDGE ( 'NONE', *, *, #611, .F. ) ;
#1038 = LINE ( 'NONE', #753, #498 ) ;
#1039 = ORIENTED_EDGE ( 'NONE', *, *, #2515, .F. ) ;
#1040 = CARTESIAN_POINT ( 'NONE',  ( 1.630422744333460239, -21.97146833279816036, -8.000000000000000000 ) ) ;
#1041 = DIRECTION ( 'NONE',  ( 1.000000000000000000, 0.000000000000000000, -8.673617379884027583E-16 ) ) ;
#1042 = ORIENTED_EDGE ( 'NONE', *, *, #974, .F. ) ;
#1043 = DIRECTION ( 'NONE',  ( 1.000000000000000000, 0.000000000000000000, 0.000000000000000000 ) ) ;
#1044 = ORIENTED_EDGE ( 'NONE', *, *, #1548, .T. ) ;
#1045 = FACE_OUTER_BOUND ( 'NONE', #2162, .T. ) ;
#1046 = DIRECTION ( 'NONE',  ( -0.000000000000000000, -0.000000000000000000, 1.000000000000000000 ) ) ;
#1047 = DIRECTION ( 'NONE',  ( 0.000000000000000000, 0.000000000000000000, 1.000000000000000000 ) ) ;
#1048 = ORIENTED_EDGE ( 'NONE', *, *, #659, .T. ) ;
#1049 = EDGE_CURVE ( 'NONE', #3663, #741, #3745, .T. ) ;
#1050 = AXIS2_PLACEMENT_3D ( 'NONE', #3831, #2601, #2624 ) ;
#1051 = ADVANCED_FACE ( 'NONE', ( #2846 ), #1317, .T. ) ;
#1052 = LINE ( 'NONE', #1628, #3116 ) ;
#1053 = DIRECTION ( 'NONE',  ( -0.000000000000000000, -0.000000000000000000, 1.000000000000000000 ) ) ;
#1054 = ADVANCED_FACE ( 'NONE', ( #3284 ), #1087, .F. ) ;
#1055 = ORIENTED_EDGE ( 'NONE', *, *, #2300, .F. ) ;
#1056 = EDGE_LOOP ( 'NONE', ( #1276, #1232, #3741, #568 ) ) ;
#1057 = CARTESIAN_POINT ( 'NONE',  ( -7.636688994366200411, 5.310777644755707350, 0.000000000000000000 ) ) ;
#1058 = DIRECTION ( 'NONE',  ( 1.000000000000000000, 0.000000000000000000, 0.000000000000000000 ) ) ;
#1059 = ORIENTED_EDGE ( 'NONE', *, *, #3172, .F. ) ;
#1060 = DIRECTION ( 'NONE',  ( -1.000000000000000000, 0.000000000000000000, 0.000000000000000000 ) ) ;
#1061 = EDGE_LOOP ( 'NONE', ( #1904, #2305, #1464, #2543 ) ) ;
#1062 = CARTESIAN_POINT ( 'NONE',  ( 6.636688994367753835, 5.310777644757850524, -10.00000000000000000 ) ) ;
#1063 = DIRECTION ( 'NONE',  ( -0.000000000000000000, -0.000000000000000000, 1.000000000000000000 ) ) ;
#1064 = AXIS2_PLACEMENT_3D ( 'NONE', #331, #943, #644 ) ;
#1065 = DIRECTION ( 'NONE',  ( -1.000000000000000000, 0.000000000000000000, 0.000000000000000000 ) ) ;
#1066 = ORIENTED_EDGE ( 'NONE', *, *, #1352, .T. ) ;
#1067 = EDGE_CURVE ( 'NONE', #3379, #1082, #484, .T. ) ;
#1068 = DIRECTION ( 'NONE',  ( 1.000000000000000000, 0.000000000000000000, 0.000000000000000000 ) ) ;
#1069 = DIRECTION ( 'NONE',  ( 1.000000000000000000, 0.000000000000000000, 0.000000000000000000 ) ) ;
#1070 = VECTOR ( 'NONE', #133, 1000.000000000000000 ) ;
#1071 = CIRCLE ( 'NONE', #3371, 1.000000000000000888 ) ;
#1072 = ADVANCED_BREP_SHAPE_REPRESENTATION ( 'sub\X2\4e0a5c42677f\X0\', ( #1615, #73 ), #1668 ) ;
#1073 = ORIENTED_EDGE ( 'NONE', *, *, #3637, .F. ) ;
#1074 = DIRECTION ( 'NONE',  ( -1.301042606982605567E-16, 1.000000000000000000, 0.000000000000000000 ) ) ;
#1075 = ORIENTED_EDGE ( 'NONE', *, *, #1426, .F. ) ;
#1076 = CIRCLE ( 'NONE', #3809, 0.9999999999999991118 ) ;
#1077 = CIRCLE ( 'NONE', #3432, 1.000000000000000000 ) ;
#1078 = EDGE_CURVE ( 'NONE', #2423, #3949, #1722, .T. ) ;
#1079 = CIRCLE ( 'NONE', #3311, 0.9999999999999991118 ) ;
#1080 = DIRECTION ( 'NONE',  ( 2.775557561562891351E-16, -1.000000000000000000, 5.301314942585120903E-15 ) ) ;
#1081 = CARTESIAN_POINT ( 'NONE',  ( -12.91450505722985298, 17.77529127260470787, -5.000000000000000000 ) ) ;
#1082 = VERTEX_POINT ( 'NONE', #2311 ) ;
#1083 = CYLINDRICAL_SURFACE ( 'NONE', #1699, 2.000000000000001776 ) ;
#1084 = ORIENTED_EDGE ( 'NONE', *, *, #3479, .F. ) ;
#1085 = LINE ( 'NONE', #2974, #2334 ) ;
#1086 = DIRECTION ( 'NONE',  ( 1.000000000000000000, 0.000000000000000000, 0.000000000000000000 ) ) ;
#1087 = CYLINDRICAL_SURFACE ( 'NONE', #3687, 1.000000000000000222 ) ;
#1088 = ORIENTED_EDGE ( 'NONE', *, *, #1751, .T. ) ;
#1089 = DIRECTION ( 'NONE',  ( 1.000000000000000000, 0.000000000000000000, -8.673617379884087734E-16 ) ) ;
#1090 = DIRECTION ( 'NONE',  ( 0.000000000000000000, 0.000000000000000000, 1.000000000000000000 ) ) ;
#1091 = VECTOR ( 'NONE', #55, 1000.000000000000000 ) ;
#1092 = LINE ( 'NONE', #3225, #2436 ) ;
#1093 = EDGE_CURVE ( 'NONE', #3536, #2843, #1713, .T. ) ;
#1094 = EDGE_LOOP ( 'NONE', ( #1311, #3611 ) ) ;
#1095 = CARTESIAN_POINT ( 'NONE',  ( -16.65707521604587171, 7.849999999998733102, 7.500000000000047962 ) ) ;
#1096 = ORIENTED_EDGE ( 'NONE', *, *, #2016, .T. ) ;
#1097 = EDGE_CURVE ( 'NONE', #2995, #2205, #3873, .T. ) ;
#1098 = EDGE_CURVE ( 'NONE', #1452, #3702, #1778, .T. ) ;
#1099 = DIRECTION ( 'NONE',  ( 1.000000000000000000, 0.000000000000000000, 0.000000000000000000 ) ) ;
#1100 = DIRECTION ( 'NONE',  ( 0.000000000000000000, -0.000000000000000000, -1.000000000000000000 ) ) ;
#1101 = ORIENTED_EDGE ( 'NONE', *, *, #1187, .F. ) ;
#1102 = CIRCLE ( 'NONE', #3267, 1.000000000000000000 ) ;
#1103 = CARTESIAN_POINT ( 'NONE',  ( -9.107298248878243162E-16, 7.000000000000002665, 0.000000000000000000 ) ) ;
#1104 = VERTEX_POINT ( 'NONE', #2054 ) ;
#1105 = DIRECTION ( 'NONE',  ( 0.000000000000000000, 0.000000000000000000, -1.000000000000000000 ) ) ;
#1106 = LINE ( 'NONE', #3512, #437 ) ;
#1107 = DIRECTION ( 'NONE',  ( -0.000000000000000000, -0.000000000000000000, 1.000000000000000000 ) ) ;
#1108 = DIRECTION ( 'NONE',  ( -0.000000000000000000, -0.000000000000000000, 1.000000000000000000 ) ) ;
#1109 = EDGE_LOOP ( 'NONE', ( #3478, #2313, #3342, #3313 ) ) ;
#1110 = VECTOR ( 'NONE', #941, 1000.000000000000000 ) ;
#1111 = CARTESIAN_POINT ( 'NONE',  ( 0.000000000000000000, 0.000000000000000000, 15.00000000000000000 ) ) ;
#1112 = AXIS2_PLACEMENT_3D ( 'NONE', #763, #825, #2011 ) ;
#1113 = CARTESIAN_POINT ( 'NONE',  ( -6.563739977491040989, 2.457608095870243314, 0.000000000000000000 ) ) ;
#1114 = VERTEX_POINT ( 'NONE', #3262 ) ;
#1115 = CARTESIAN_POINT ( 'NONE',  ( -17.65707521604587171, 7.849999999998733102, 7.500000000000048850 ) ) ;
#1116 = VERTEX_POINT ( 'NONE', #2648 ) ;
#1117 = DIRECTION ( 'NONE',  ( -0.000000000000000000, -0.000000000000000000, 1.000000000000000000 ) ) ;
#1118 = FACE_OUTER_BOUND ( 'NONE', #1878, .T. ) ;
#1119 = VERTEX_POINT ( 'NONE', #2584 ) ;
#1120 = EDGE_LOOP ( 'NONE', ( #1889, #469, #1636, #1415 ) ) ;
#1121 = EDGE_CURVE ( 'NONE', #850, #2249, #2109, .T. ) ;
#1122 = CARTESIAN_POINT ( 'NONE',  ( -1.182766006347823700E-15, 10.00000000000000533, 15.00000000000000000 ) ) ;
#1123 = EDGE_CURVE ( 'NONE', #1251, #363, #379, .T. ) ;
#1124 = CARTESIAN_POINT ( 'NONE',  ( -7.563739977491040989, 2.457608095870243314, -10.00000000000000000 ) ) ;
#1125 = ORIENTED_EDGE ( 'NONE', *, *, #3774, .T. ) ;
#1126 = AXIS2_PLACEMENT_3D ( 'NONE', #1826, #3363, #1534 ) ;
#1127 = DIRECTION ( 'NONE',  ( -1.000000000000000000, 0.000000000000000000, 0.000000000000000000 ) ) ;
#1128 = LINE ( 'NONE', #3879, #841 ) ;
#1129 = CYLINDRICAL_SURFACE ( 'NONE', #2690, 1.000000000000000000 ) ;
#1130 = VERTEX_POINT ( 'NONE', #2375 ) ;
#1131 = DIRECTION ( 'NONE',  ( -0.000000000000000000, -0.000000000000000000, 1.000000000000000000 ) ) ;
#1132 = ORIENTED_EDGE ( 'NONE', *, *, #2880, .T. ) ;
#1133 = DIRECTION ( 'NONE',  ( 1.000000000000000000, 0.000000000000000000, 0.000000000000000000 ) ) ;
#1134 = CYLINDRICAL_SURFACE ( 'NONE', #2431, 1.000000000000001776 ) ;
#1135 = EDGE_LOOP ( 'NONE', ( #1597, #201, #1925, #588 ) ) ;
#1136 = CIRCLE ( 'NONE', #1318, 1.999999999999988010 ) ;
#1137 = CIRCLE ( 'NONE', #3177, 25.00000000000000000 ) ;
#1138 = DIRECTION ( 'NONE',  ( -1.301042606982605567E-16, 1.000000000000000000, 0.000000000000000000 ) ) ;
#1139 = ORIENTED_EDGE ( 'NONE', *, *, #2247, .T. ) ;
#1140 = DIRECTION ( 'NONE',  ( -0.000000000000000000, 0.000000000000000000, 1.000000000000000000 ) ) ;
#1141 = EDGE_CURVE ( 'NONE', #2688, #2281, #1077, .T. ) ;
#1142 = CARTESIAN_POINT ( 'NONE',  ( 0.000000000000000000, 0.000000000000000000, 0.000000000000000000 ) ) ;
#1143 = DIRECTION ( 'NONE',  ( 1.000000000000000000, 0.000000000000000000, 0.000000000000000000 ) ) ;
#1144 = DIRECTION ( 'NONE',  ( 0.000000000000000000, 0.000000000000000000, -1.000000000000000000 ) ) ;
#1145 = ORIENTED_EDGE ( 'NONE', *, *, #216, .F. ) ;
#1146 = EDGE_CURVE ( 'NONE', #1394, #1424, #3855, .T. ) ;
#1147 = EDGE_CURVE ( 'NONE', #2423, #3251, #3934, .T. ) ;
#1148 = DIRECTION ( 'NONE',  ( -0.000000000000000000, -0.000000000000000000, 1.000000000000000000 ) ) ;
#1149 = CIRCLE ( 'NONE', #1272, 1.000000000000000444 ) ;
#1150 = CARTESIAN_POINT ( 'NONE',  ( -4.000000000000000000, 7.952986860293433935, -10.00000000000000000 ) ) ;
#1151 = ORIENTED_EDGE ( 'NONE', *, *, #1936, .T. ) ;
#1152 = FACE_OUTER_BOUND ( 'NONE', #1401, .T. ) ;
#1153 = AXIS2_PLACEMENT_3D ( 'NONE', #256, #540, #598 ) ;
#1154 = ORIENTED_EDGE ( 'NONE', *, *, #803, .T. ) ;
#1155 = CYLINDRICAL_SURFACE ( 'NONE', #1337, 1.630422744333457130 ) ;
#1156 = ORIENTED_EDGE ( 'NONE', *, *, #3275, .F. ) ;
#1157 = DIRECTION ( 'NONE',  ( 2.775557561562891351E-16, -1.000000000000000000, 5.301314942585120903E-15 ) ) ;
#1158 = ORIENTED_EDGE ( 'NONE', *, *, #1093, .F. ) ;
#1159 = LINE ( 'NONE', #2408, #151 ) ;
#1160 = CIRCLE ( 'NONE', #2569, 1.000000000000000444 ) ;
#1161 = CARTESIAN_POINT ( 'NONE',  ( 3.000000000000000000, 7.952986860293433935, 0.000000000000000000 ) ) ;
#1162 = DIRECTION ( 'NONE',  ( 1.000000000000000000, 0.000000000000000000, -8.673617379884027583E-16 ) ) ;
#1163 = ORIENTED_EDGE ( 'NONE', *, *, #2850, .T. ) ;
#1164 = EDGE_CURVE ( 'NONE', #3923, #348, #1971, .T. ) ;
#1165 = PRODUCT ( 'sub\X2\4e0a5c42677f\X0\', 'sub\X2\4e0a5c42677f\X0\', '', ( #112 ) ) ;
#1166 = DIRECTION ( 'NONE',  ( -0.000000000000000000, -0.000000000000000000, 1.000000000000000000 ) ) ;
#1167 = DIRECTION ( 'NONE',  ( 0.000000000000000000, 0.000000000000000000, -1.000000000000000000 ) ) ;
#1168 = EDGE_CURVE ( 'NONE', #2843, #3536, #2293, .T. ) ;
#1169 = ADVANCED_FACE ( 'NONE', ( #1370 ), #2603, .F. ) ;
#1170 = DIRECTION ( 'NONE',  ( -1.000000000000000000, 0.000000000000000000, 8.673617379884027583E-16 ) ) ;
#1171 = ORIENTED_EDGE ( 'NONE', *, *, #2426, .F. ) ;
#1172 = DIRECTION ( 'NONE',  ( -3.469446951953611724E-16, 1.000000000000000000, 0.000000000000000000 ) ) ;
#1173 = ORIENTED_EDGE ( 'NONE', *, *, #3917, .T. ) ;
#1174 = CIRCLE ( 'NONE', #217, 1.000000000000000000 ) ;
#1175 = CARTESIAN_POINT ( 'NONE',  ( 5.556348158416049898, 0.2281736194402158302, -8.000000000000000000 ) ) ;
#1176 = VERTEX_POINT ( 'NONE', #2332 ) ;
#1177 = FACE_OUTER_BOUND ( 'NONE', #2411, .T. ) ;
#1178 = ORIENTED_EDGE ( 'NONE', *, *, #733, .T. ) ;
#1179 = DIRECTION ( 'NONE',  ( -0.000000000000000000, -0.000000000000000000, -1.000000000000000000 ) ) ;
#1180 = DIRECTION ( 'NONE',  ( 1.000000000000000000, 0.000000000000000000, -8.673617379884087734E-16 ) ) ;
#1181 = FACE_BOUND ( 'NONE', #1940, .T. ) ;
#1182 = LINE ( 'NONE', #1478, #888 ) ;
#1183 = ORIENTED_EDGE ( 'NONE', *, *, #2665, .F. ) ;
#1184 = STYLED_ITEM ( 'NONE', ( #2130 ), #1615 ) ;
#1185 = CARTESIAN_POINT ( 'NONE',  ( 22.00000000000000000, 0.000000000000000000, 0.000000000000000000 ) ) ;
#1186 = CARTESIAN_POINT ( 'NONE',  ( 9.490790960617442096, -0.3955614530130721618, -8.000000000000000000 ) ) ;
#1187 = EDGE_CURVE ( 'NONE', #3696, #3122, #1437, .T. ) ;
#1188 = ORIENTED_EDGE ( 'NONE', *, *, #118, .T. ) ;
#1189 = AXIS2_PLACEMENT_3D ( 'NONE', #1642, #2859, #3399 ) ;
#1190 = CARTESIAN_POINT ( 'NONE',  ( -22.52653087481377270, -6.789557106205617920, -13.99999999999999822 ) ) ;
#1191 = ORIENTED_EDGE ( 'NONE', *, *, #2012, .T. ) ;
#1192 = DIRECTION ( 'NONE',  ( -0.000000000000000000, -0.000000000000000000, -1.000000000000000000 ) ) ;
#1193 = VERTEX_POINT ( 'NONE', #2669 ) ;
#1194 = EDGE_CURVE ( 'NONE', #3290, #1391, #1200, .T. ) ;
#1195 = ORIENTED_EDGE ( 'NONE', *, *, #1187, .T. ) ;
#1196 = CARTESIAN_POINT ( 'NONE',  ( -4.629297175289651456, 3.081343168323530612, 0.000000000000000000 ) ) ;
#1197 = VECTOR ( 'NONE', #1344, 1000.000000000000000 ) ;
#1198 = VECTOR ( 'NONE', #2197, 1000.000000000000000 ) ;
#1199 = CARTESIAN_POINT ( 'NONE',  ( -6.636688994366200411, 5.310777644755707350, -8.000000000000000000 ) ) ;
#1200 = LINE ( 'NONE', #2135, #1583 ) ;
#1201 = ORIENTED_EDGE ( 'NONE', *, *, #187, .T. ) ;
#1202 = DIRECTION ( 'NONE',  ( -0.000000000000000000, -0.000000000000000000, 1.000000000000000000 ) ) ;
#1203 = AXIS2_PLACEMENT_3D ( 'NONE', #468, #531, #3561 ) ;
#1204 = CARTESIAN_POINT ( 'NONE',  ( -22.00000000000000000, 7.000000000000000000, 15.00000000000000000 ) ) ;
#1205 = ORIENTED_EDGE ( 'NONE', *, *, #2807, .F. ) ;
#1206 = DIRECTION ( 'NONE',  ( -1.000000000000000000, 0.000000000000000000, 0.000000000000000000 ) ) ;
#1207 = ORIENTED_EDGE ( 'NONE', *, *, #3323, .F. ) ;
#1208 = EDGE_CURVE ( 'NONE', #2021, #3000, #1182, .T. ) ;
#1209 = AXIS2_PLACEMENT_3D ( 'NONE', #3531, #3764, #3228 ) ;
#1210 = AXIS2_PLACEMENT_3D ( 'NONE', #2755, #2498, #3648 ) ;
#1211 = CARTESIAN_POINT ( 'NONE',  ( -18.65707521604587527, 9.999999999998724576, 7.500000000000036415 ) ) ;
#1212 = ORIENTED_EDGE ( 'NONE', *, *, #1809, .T. ) ;
#1213 = ORIENTED_EDGE ( 'NONE', *, *, #1630, .T. ) ;
#1214 = CARTESIAN_POINT ( 'NONE',  ( 19.26568538614684201, -6.789557106205628578, -5.000000000000000000 ) ) ;
#1215 = VECTOR ( 'NONE', #2725, 1000.000000000000000 ) ;
#1216 = EDGE_CURVE ( 'NONE', #3152, #575, #3326, .T. ) ;
#1217 = EDGE_CURVE ( 'NONE', #2727, #3067, #1385, .T. ) ;
#1218 = CARTESIAN_POINT ( 'NONE',  ( 3.674648388158348489, -6.434101526017407480, 0.000000000000000000 ) ) ;
#1219 = ORIENTED_EDGE ( 'NONE', *, *, #831, .T. ) ;
#1220 = DIRECTION ( 'NONE',  ( -0.000000000000000000, -0.000000000000000000, -1.000000000000000000 ) ) ;
#1221 = EDGE_LOOP ( 'NONE', ( #3769, #3710, #1845, #2585 ) ) ;
#1222 = DIRECTION ( 'NONE',  ( 0.000000000000000000, 0.000000000000000000, -1.000000000000000000 ) ) ;
#1223 = VECTOR ( 'NONE', #2528, 1000.000000000000000 ) ;
#1224 = DIRECTION ( 'NONE',  ( -0.000000000000000000, -0.000000000000000000, 1.000000000000000000 ) ) ;
#1225 = DIRECTION ( 'NONE',  ( 0.000000000000000000, 1.000000000000000000, -0.000000000000000000 ) ) ;
#1226 = ORIENTED_EDGE ( 'NONE', *, *, #3913, .F. ) ;
#1227 = FACE_BOUND ( 'NONE', #893, .T. ) ;
#1228 = ORIENTED_EDGE ( 'NONE', *, *, #2807, .T. ) ;
#1229 =( LENGTH_UNIT ( ) NAMED_UNIT ( * ) SI_UNIT ( .MILLI., .METRE. ) );
#1230 = VERTEX_POINT ( 'NONE', #3618 ) ;
#1231 =( NAMED_UNIT ( * ) PLANE_ANGLE_UNIT ( ) SI_UNIT ( $, .RADIAN. ) );
#1232 = ORIENTED_EDGE ( 'NONE', *, *, #2946, .T. ) ;
#1233 = DIRECTION ( 'NONE',  ( -0.000000000000000000, -0.000000000000000000, 1.000000000000000000 ) ) ;
#1234 = CIRCLE ( 'NONE', #2080, 1.000000000000000444 ) ;
#1235 = ADVANCED_FACE ( 'NONE', ( #2410 ), #309, .F. ) ;
#1236 = DIRECTION ( 'NONE',  ( -0.000000000000000000, -0.000000000000000000, 1.000000000000000000 ) ) ;
#1237 = FACE_BOUND ( 'NONE', #3185, .T. ) ;
#1238 = ORIENTED_EDGE ( 'NONE', *, *, #3276, .F. ) ;
#1239 = CARTESIAN_POINT ( 'NONE',  ( 16.65707521604551644, 9.999999999998738787, 7.500000000000242473 ) ) ;
#1240 = EDGE_LOOP ( 'NONE', ( #2465, #2007 ) ) ;
#1241 = DIRECTION ( 'NONE',  ( -0.000000000000000000, 0.000000000000000000, 1.000000000000000000 ) ) ;
#1242 = EDGE_CURVE ( 'NONE', #3017, #2991, #2153, .T. ) ;
#1243 = DIRECTION ( 'NONE',  ( -2.775557561562891351E-16, 1.000000000000000000, -5.301314942585120903E-15 ) ) ;
#1244 = ORIENTED_EDGE ( 'NONE', *, *, #589, .T. ) ;
#1245 = DIRECTION ( 'NONE',  ( 0.000000000000000000, 0.000000000000000000, 1.000000000000000000 ) ) ;
#1246 = ORIENTED_EDGE ( 'NONE', *, *, #25, .T. ) ;
#1247 = CIRCLE ( 'NONE', #1832, 1.630422744333462237 ) ;
#1248 = LINE ( 'NONE', #1211, #1091 ) ;
#1249 = EDGE_LOOP ( 'NONE', ( #3883, #1254 ) ) ;
#1250 = CARTESIAN_POINT ( 'NONE',  ( 4.674648388158348489, -6.434101526017407480, -10.00000000000000000 ) ) ;
#1251 = VERTEX_POINT ( 'NONE', #1457 ) ;
#1252 = DIRECTION ( 'NONE',  ( 0.000000000000000000, -0.000000000000000000, -1.000000000000000000 ) ) ;
#1253 = DIRECTION ( 'NONE',  ( 2.775557561562935724E-16, -1.000000000000000000, 5.301314942585120903E-15 ) ) ;
#1254 = ORIENTED_EDGE ( 'NONE', *, *, #118, .F. ) ;
#1255 = ORIENTED_EDGE ( 'NONE', *, *, #2355, .F. ) ;
#1256 = CARTESIAN_POINT ( 'NONE',  ( -18.65707521604608132, -7.850000000001272404, 7.500000000000294875 ) ) ;
#1257 = EDGE_CURVE ( 'NONE', #3075, #325, #1805, .T. ) ;
#1258 = EDGE_CURVE ( 'NONE', #2535, #2384, #181, .T. ) ;
#1259 = DIRECTION ( 'NONE',  ( 1.000000000000000000, 0.000000000000000000, 0.000000000000000000 ) ) ;
#1260 = CARTESIAN_POINT ( 'NONE',  ( 5.556348158416049898, 0.2281736194402158302, -10.00000000000000000 ) ) ;
#1261 = AXIS2_PLACEMENT_3D ( 'NONE', #2119, #3061, #1162 ) ;
#1262 = AXIS2_PLACEMENT_3D ( 'NONE', #2432, #3200, #2733 ) ;
#1263 = VECTOR ( 'NONE', #2768, 1000.000000000000000 ) ;
#1264 = EDGE_CURVE ( 'NONE', #3696, #669, #301, .T. ) ;
#1265 = ORIENTED_EDGE ( 'NONE', *, *, #2382, .T. ) ;
#1266 = CARTESIAN_POINT ( 'NONE',  ( 0.000000000000000000, 0.000000000000000000, 15.00000000000000000 ) ) ;
#1267 = ORIENTED_EDGE ( 'NONE', *, *, #1663, .T. ) ;
#1268 = DIRECTION ( 'NONE',  ( -1.000000000000000000, 0.000000000000000000, 0.000000000000000000 ) ) ;
#1269 = ORIENTED_EDGE ( 'NONE', *, *, #2356, .T. ) ;
#1270 = DIRECTION ( 'NONE',  ( -0.000000000000000000, -0.000000000000000000, 1.000000000000000000 ) ) ;
#1271 = ORIENTED_EDGE ( 'NONE', *, *, #249, .F. ) ;
#1272 = AXIS2_PLACEMENT_3D ( 'NONE', #3521, #2917, #182 ) ;
#1273 = DIRECTION ( 'NONE',  ( -0.000000000000000000, 0.000000000000000000, 1.000000000000000000 ) ) ;
#1274 = ORIENTED_EDGE ( 'NONE', *, *, #3897, .T. ) ;
#1275 = CARTESIAN_POINT ( 'NONE',  ( 4.361062998355403231, -3.450535839912611369, 0.000000000000000000 ) ) ;
#1276 = ORIENTED_EDGE ( 'NONE', *, *, #1935, .T. ) ;
#1277 = CARTESIAN_POINT ( 'NONE',  ( -4.674648388154269973, -6.434101526018735306, -10.00000000000000000 ) ) ;
#1278 = CIRCLE ( 'NONE', #1796, 1.000000000000000000 ) ;
#1279 = DIRECTION ( 'NONE',  ( 1.000000000000000000, 0.000000000000000000, 0.000000000000000000 ) ) ;
#1280 = ADVANCED_FACE ( 'NONE', ( #287 ), #2999, .F. ) ;
#1281 = CIRCLE ( 'NONE', #1409, 1.000000000000000000 ) ;
#1282 = EDGE_CURVE ( 'NONE', #3304, #3803, #3927, .T. ) ;
#1283 = ORIENTED_EDGE ( 'NONE', *, *, #1402, .F. ) ;
#1284 = DIRECTION ( 'NONE',  ( -0.000000000000000000, -0.000000000000000000, -1.000000000000000000 ) ) ;
#1285 = VERTEX_POINT ( 'NONE', #1868 ) ;
#1286 = EDGE_CURVE ( 'NONE', #1082, #320, #3795, .T. ) ;
#1287 = DIRECTION ( 'NONE',  ( 1.000000000000000000, 0.000000000000000000, 0.000000000000000000 ) ) ;
#1288 = EDGE_LOOP ( 'NONE', ( #2551, #277 ) ) ;
#1289 = PLANE ( 'NONE',  #694 ) ;
#1290 = EDGE_LOOP ( 'NONE', ( #3095, #2283, #2392, #31 ) ) ;
#1291 = AXIS2_PLACEMENT_3D ( 'NONE', #1886, #3098, #1621 ) ;
#1292 = DIRECTION ( 'NONE',  ( 1.000000000000000000, 0.000000000000000000, 0.000000000000000000 ) ) ;
#1293 = LINE ( 'NONE', #329, #1110 ) ;
#1294 = ORIENTED_EDGE ( 'NONE', *, *, #930, .F. ) ;
#1295 = DIRECTION ( 'NONE',  ( 2.775557561562891351E-16, -1.000000000000000000, 5.301314942585120903E-15 ) ) ;
#1296 = ORIENTED_EDGE ( 'NONE', *, *, #2639, .T. ) ;
#1297 = AXIS2_PLACEMENT_3D ( 'NONE', #1122, #204, #1680 ) ;
#1298 = LINE ( 'NONE', #1335, #715 ) ;
#1299 = CARTESIAN_POINT ( 'NONE',  ( -5.636688994366200411, 5.310777644755707350, 0.000000000000000000 ) ) ;
#1300 = LINE ( 'NONE', #1875, #313 ) ;
#1301 = VERTEX_POINT ( 'NONE', #3039 ) ;
#1302 = EDGE_CURVE ( 'NONE', #1301, #801, #3673, .T. ) ;
#1303 = VERTEX_POINT ( 'NONE', #625 ) ;
#1304 = FACE_OUTER_BOUND ( 'NONE', #1847, .T. ) ;
#1305 = ORIENTED_EDGE ( 'NONE', *, *, #3433, .F. ) ;
#1306 = AXIS2_PLACEMENT_3D ( 'NONE', #2743, #906, #2396 ) ;
#1307 = ADVANCED_FACE ( 'NONE', ( #605 ), #2175, .F. ) ;
#1308 = EDGE_CURVE ( 'NONE', #389, #1895, #369, .T. ) ;
#1309 = CARTESIAN_POINT ( 'NONE',  ( 16.65707521604551644, 9.999999999998738787, 7.500000000000242473 ) ) ;
#1310 = CARTESIAN_POINT ( 'NONE',  ( 5.629297175291207544, 3.081343168325675563, -8.000000000000000000 ) ) ;
#1311 = ORIENTED_EDGE ( 'NONE', *, *, #3539, .F. ) ;
#1312 = CARTESIAN_POINT ( 'NONE',  ( -20.89610813048031090, -6.789557106205617920, -8.000000000000000000 ) ) ;
#1313 = EDGE_LOOP ( 'NONE', ( #2577, #1244 ) ) ;
#1314 = FACE_OUTER_BOUND ( 'NONE', #1290, .T. ) ;
#1315 = CIRCLE ( 'NONE', #3551, 1.000000000000000000 ) ;
#1316 = CARTESIAN_POINT ( 'NONE',  ( 1.934012015230563097, -5.213891596790031002, -10.00000000000000000 ) ) ;
#1317 = PLANE ( 'NONE',  #2607 ) ;
#1318 = AXIS2_PLACEMENT_3D ( 'NONE', #2125, #2416, #2655 ) ;
#1319 = CIRCLE ( 'NONE', #2732, 1.000000000000000888 ) ;
#1320 = CARTESIAN_POINT ( 'NONE',  ( 22.00000000000000000, 0.000000000000000000, 15.00000000000000000 ) ) ;
#1321 = CARTESIAN_POINT ( 'NONE',  ( 1.999999999999989120, 0.000000000000000000, 0.000000000000000000 ) ) ;
#1322 = CIRCLE ( 'NONE', #3495, 1.630422744333458906 ) ;
#1323 = EDGE_LOOP ( 'NONE', ( #1005, #2505 ) ) ;
#1324 = DIRECTION ( 'NONE',  ( -0.000000000000000000, -0.000000000000000000, 1.000000000000000000 ) ) ;
#1325 = ORIENTED_EDGE ( 'NONE', *, *, #2736, .T. ) ;
#1326 = EDGE_CURVE ( 'NONE', #1554, #1422, #1502, .T. ) ;
#1327 = CARTESIAN_POINT ( 'NONE',  ( 16.65707521604551644, 7.000000000000004441, 7.500000000000258460 ) ) ;
#1328 = CARTESIAN_POINT ( 'NONE',  ( 12.91450505722985120, 17.77529127260470787, -5.000000000000000000 ) ) ;
#1329 = ORIENTED_EDGE ( 'NONE', *, *, #677, .F. ) ;
#1330 = CARTESIAN_POINT ( 'NONE',  ( 17.65707521604557684, -10.00000000000127187, 7.500000000000283329 ) ) ;
#1331 = ORIENTED_EDGE ( 'NONE', *, *, #2329, .T. ) ;
#1332 = DIRECTION ( 'NONE',  ( -0.000000000000000000, -0.000000000000000000, 1.000000000000000000 ) ) ;
#1333 = CIRCLE ( 'NONE', #3253, 1.000000000000000444 ) ;
#1334 = EDGE_CURVE ( 'NONE', #2285, #3120, #3657, .T. ) ;
#1335 = CARTESIAN_POINT ( 'NONE',  ( -18.65707521604608132, -10.00000000000130029, 7.500000000000300204 ) ) ;
#1336 = DIRECTION ( 'NONE',  ( 1.000000000000000000, 0.000000000000000000, 0.000000000000000000 ) ) ;
#1337 = AXIS2_PLACEMENT_3D ( 'NONE', #302, #2698, #2107 ) ;
#1338 = CARTESIAN_POINT ( 'NONE',  ( -11.31415043209165994, 10.00000000000000355, 15.00000000000000000 ) ) ;
#1339 = AXIS2_PLACEMENT_3D ( 'NONE', #244, #3344, #3302 ) ;
#1340 = CARTESIAN_POINT ( 'NONE',  ( 18.65707521604556618, -10.00000000000127187, 7.500000000000282441 ) ) ;
#1341 = DIRECTION ( 'NONE',  ( 2.775557561562891351E-16, -1.000000000000000000, 5.301314942585120903E-15 ) ) ;
#1342 = CIRCLE ( 'NONE', #719, 15.09999999999999964 ) ;
#1343 = ORIENTED_EDGE ( 'NONE', *, *, #1877, .F. ) ;
#1344 = DIRECTION ( 'NONE',  ( 0.000000000000000000, 0.000000000000000000, 1.000000000000000000 ) ) ;
#1345 = ORIENTED_EDGE ( 'NONE', *, *, #3366, .F. ) ;
#1346 = CARTESIAN_POINT ( 'NONE',  ( -8.490790960615882454, -0.3955614530152175568, 0.000000000000000000 ) ) ;
#1347 = CARTESIAN_POINT ( 'NONE',  ( 9.869650449737312314, -7.000000000000007105, 15.00000000000000000 ) ) ;
#1348 = EDGE_LOOP ( 'NONE', ( #1563, #3108, #2070, #2124 ) ) ;
#1349 = CARTESIAN_POINT ( 'NONE',  ( -16.65707521604608132, -10.00000000000130029, 7.500000000000298428 ) ) ;
#1350 = EDGE_LOOP ( 'NONE', ( #3229, #3682 ) ) ;
#1351 = DIRECTION ( 'NONE',  ( -0.000000000000000000, -0.000000000000000000, 1.000000000000000000 ) ) ;
#1352 = EDGE_CURVE ( 'NONE', #1616, #288, #2910, .T. ) ;
#1353 = EDGE_CURVE ( 'NONE', #3000, #3017, #1369, .T. ) ;
#1354 = CARTESIAN_POINT ( 'NONE',  ( 1.999999999999989120, -14.96696361991970647, 15.00000000000000000 ) ) ;
#1355 = ORIENTED_EDGE ( 'NONE', *, *, #263, .T. ) ;
#1356 = AXIS2_PLACEMENT_3D ( 'NONE', #2425, #560, #17 ) ;
#1357 = DIRECTION ( 'NONE',  ( 1.000000000000000000, 0.000000000000000000, 0.000000000000000000 ) ) ;
#1358 = FACE_OUTER_BOUND ( 'NONE', #2493, .T. ) ;
#1359 = ORIENTED_EDGE ( 'NONE', *, *, #2779, .T. ) ;
#1360 = DIRECTION ( 'NONE',  ( 1.000000000000000000, 0.000000000000000000, 0.000000000000000000 ) ) ;
#1361 = ORIENTED_EDGE ( 'NONE', *, *, #1585, .T. ) ;
#1362 = CARTESIAN_POINT ( 'NONE',  ( 14.54492780156330944, 17.77529127260470787, -8.000000000000000000 ) ) ;
#1363 = DIRECTION ( 'NONE',  ( -1.000000000000000000, 0.000000000000000000, 0.000000000000000000 ) ) ;
#1364 = ORIENTED_EDGE ( 'NONE', *, *, #1641, .F. ) ;
#1365 = DIRECTION ( 'NONE',  ( 2.775557561562891351E-16, -1.000000000000000000, 5.301314942585120903E-15 ) ) ;
#1366 = VERTEX_POINT ( 'NONE', #3734 ) ;
#1367 = DIRECTION ( 'NONE',  ( 0.000000000000000000, 1.000000000000000000, -0.000000000000000000 ) ) ;
#1368 = DIRECTION ( 'NONE',  ( 1.000000000000000000, 0.000000000000000000, 0.000000000000000000 ) ) ;
#1369 = CIRCLE ( 'NONE', #3737, 15.09999999999999964 ) ;
#1370 = FACE_OUTER_BOUND ( 'NONE', #1755, .T. ) ;
#1371 = ORIENTED_EDGE ( 'NONE', *, *, #3330, .F. ) ;
#1372 = ADVANCED_FACE ( 'NONE', ( #2506 ), #349, .F. ) ;
#1373 = EDGE_CURVE ( 'NONE', #3940, #2021, #3301, .T. ) ;
#1374 = CYLINDRICAL_SURFACE ( 'NONE', #2982, 1.630422744333462237 ) ;
#1375 = CARTESIAN_POINT ( 'NONE',  ( -15.65707521604607955, -7.000000000000009770, 7.500000000000284217 ) ) ;
#1376 = CYLINDRICAL_SURFACE ( 'NONE', #6, 1.630422744333460239 ) ;
#1377 = ADVANCED_FACE ( 'NONE', ( #2211 ), #1004, .F. ) ;
#1378 = ADVANCED_FACE ( 'NONE', ( #1573 ), #1599, .F. ) ;
#1379 = AXIS2_PLACEMENT_3D ( 'NONE', #1266, #1284, #2217 ) ;
#1380 = DIRECTION ( 'NONE',  ( -0.000000000000000000, -0.000000000000000000, 1.000000000000000000 ) ) ;
#1381 = AXIS2_PLACEMENT_3D ( 'NONE', #3502, #1997, #3205 ) ;
#1382 = ORIENTED_EDGE ( 'NONE', *, *, #1877, .T. ) ;
#1383 = DIRECTION ( 'NONE',  ( -0.000000000000000000, -0.000000000000000000, 1.000000000000000000 ) ) ;
#1384 = VERTEX_POINT ( 'NONE', #122 ) ;
#1385 = CIRCLE ( 'NONE', #2235, 1.000000000000000444 ) ;
#1386 = AXIS2_PLACEMENT_3D ( 'NONE', #3144, #1906, #3475 ) ;
#1387 = CARTESIAN_POINT ( 'NONE',  ( 6.556348158416049898, 0.2281736194402158302, -8.000000000000000000 ) ) ;
#1388 = DIRECTION ( 'NONE',  ( -2.775557561562891351E-16, 1.000000000000000000, -5.301314942585120903E-15 ) ) ;
#1389 = EDGE_LOOP ( 'NONE', ( #944, #1948, #3206, #1066 ) ) ;
#1390 = CARTESIAN_POINT ( 'NONE',  ( -11.28408231289639474, 17.77529127260470787, -13.99999999999999822 ) ) ;
#1391 = VERTEX_POINT ( 'NONE', #967 ) ;
#1392 = LINE ( 'NONE', #3789, #65 ) ;
#1393 = DIRECTION ( 'NONE',  ( 0.000000000000000000, 0.000000000000000000, -1.000000000000000000 ) ) ;
#1394 = VERTEX_POINT ( 'NONE', #86 ) ;
#1395 = AXIS2_PLACEMENT_3D ( 'NONE', #936, #2818, #3942 ) ;
#1396 = DIRECTION ( 'NONE',  ( 0.000000000000000000, 0.000000000000000000, 1.000000000000000000 ) ) ;
#1397 = ORIENTED_EDGE ( 'NONE', *, *, #3820, .T. ) ;
#1398 = AXIS2_PLACEMENT_3D ( 'NONE', #2590, #1069, #2296 ) ;
#1399 = EDGE_CURVE ( 'NONE', #1743, #434, #2828, .T. ) ;
#1400 = CARTESIAN_POINT ( 'NONE',  ( -21.99999999999999289, -10.00000000000001243, 0.000000000000000000 ) ) ;
#1401 = EDGE_LOOP ( 'NONE', ( #3689, #2429, #2855, #2090 ) ) ;
#1402 = EDGE_CURVE ( 'NONE', #1985, #236, #1247, .T. ) ;
#1403 = LINE ( 'NONE', #1190, #1707 ) ;
#1404 = VERTEX_POINT ( 'NONE', #663 ) ;
#1405 = AXIS2_PLACEMENT_3D ( 'NONE', #1199, #3037, #2409 ) ;
#1406 = DIRECTION ( 'NONE',  ( -0.000000000000000000, -0.000000000000000000, 1.000000000000000000 ) ) ;
#1407 = LINE ( 'NONE', #2024, #2243 ) ;
#1408 = ORIENTED_EDGE ( 'NONE', *, *, #2298, .T. ) ;
#1409 = AXIS2_PLACEMENT_3D ( 'NONE', #36, #1252, #3396 ) ;
#1410 = DIRECTION ( 'NONE',  ( -0.000000000000000000, -0.000000000000000000, -1.000000000000000000 ) ) ;
#1411 = ORIENTED_EDGE ( 'NONE', *, *, #1702, .F. ) ;
#1412 = CARTESIAN_POINT ( 'NONE',  ( 0.000000000000000000, 0.000000000000000000, 0.000000000000000000 ) ) ;
#1413 = CARTESIAN_POINT ( 'NONE',  ( -4.674648388154269973, -6.434101526018735306, -8.000000000000000000 ) ) ;
#1414 = DIRECTION ( 'NONE',  ( 1.000000000000000000, 0.000000000000000000, 0.000000000000000000 ) ) ;
#1415 = ORIENTED_EDGE ( 'NONE', *, *, #1641, .T. ) ;
#1416 = CIRCLE ( 'NONE', #963, 1.000000000000000888 ) ;
#1417 = DIRECTION ( 'NONE',  ( 1.000000000000000000, 0.000000000000000000, 0.000000000000000000 ) ) ;
#1418 = FACE_OUTER_BOUND ( 'NONE', #543, .T. ) ;
#1419 = DIRECTION ( 'NONE',  ( -1.000000000000000000, 0.000000000000000000, 8.673617379884027583E-16 ) ) ;
#1420 = VECTOR ( 'NONE', #1179, 1000.000000000000000 ) ;
#1421 = CARTESIAN_POINT ( 'NONE',  ( -7.490790960615881566, -0.3955614530152175568, -10.00000000000000000 ) ) ;
#1422 = VERTEX_POINT ( 'NONE', #1623 ) ;
#1423 = CARTESIAN_POINT ( 'NONE',  ( 1.934012015230563097, -5.213891596790031002, -8.000000000000000000 ) ) ;
#1424 = VERTEX_POINT ( 'NONE', #3437 ) ;
#1425 = EDGE_CURVE ( 'NONE', #1985, #2843, #740, .T. ) ;
#1426 = EDGE_CURVE ( 'NONE', #2050, #2790, #2666, .T. ) ;
#1427 = DIRECTION ( 'NONE',  ( 0.000000000000000000, 0.000000000000000000, -1.000000000000000000 ) ) ;
#1428 = CARTESIAN_POINT ( 'NONE',  ( 0.000000000000000000, 0.000000000000000000, 0.000000000000000000 ) ) ;
#1429 = ORIENTED_EDGE ( 'NONE', *, *, #1934, .T. ) ;
#1430 = CYLINDRICAL_SURFACE ( 'NONE', #487, 1.000000000000000888 ) ;
#1431 = VERTEX_POINT ( 'NONE', #3695 ) ;
#1432 = CARTESIAN_POINT ( 'NONE',  ( 0.000000000000000000, 0.000000000000000000, 0.000000000000000000 ) ) ;
#1433 = ADVANCED_FACE ( 'NONE', ( #1926 ), #1023, .F. ) ;
#1434 = ADVANCED_FACE ( 'NONE', ( #2248 ), #406, .F. ) ;
#1435 = CARTESIAN_POINT ( 'NONE',  ( -1.000000000000000222, 7.952986860293433935, 0.000000000000000000 ) ) ;
#1436 = FACE_BOUND ( 'NONE', #662, .T. ) ;
#1437 = LINE ( 'NONE', #505, #3310 ) ;
#1438 = VERTEX_POINT ( 'NONE', #2488 ) ;
#1439 = AXIS2_PLACEMENT_3D ( 'NONE', #2578, #3786, #761 ) ;
#1440 = CARTESIAN_POINT ( 'NONE',  ( -5.556348158414492033, 0.2281736194380706295, -8.000000000000000000 ) ) ;
#1441 = CARTESIAN_POINT ( 'NONE',  ( 0.000000000000000000, -21.97146833279816036, -13.99999999999999822 ) ) ;
#1442 = ORIENTED_EDGE ( 'NONE', *, *, #3199, .F. ) ;
#1443 = ORIENTED_EDGE ( 'NONE', *, *, #2754, .T. ) ;
#1444 = AXIS2_PLACEMENT_3D ( 'NONE', #1749, #233, #2100 ) ;
#1445 = VECTOR ( 'NONE', #3421, 1000.000000000000000 ) ;
#1446 = DIRECTION ( 'NONE',  ( -0.000000000000000000, -0.000000000000000000, 1.000000000000000000 ) ) ;
#1447 = ORIENTED_EDGE ( 'NONE', *, *, #395, .T. ) ;
#1448 = VECTOR ( 'NONE', #1270, 1000.000000000000000 ) ;
#1449 = AXIS2_PLACEMENT_3D ( 'NONE', #1742, #2940, #3834 ) ;
#1450 = CYLINDRICAL_SURFACE ( 'NONE', #2985, 1.630422744333457130 ) ;
#1451 = AXIS2_PLACEMENT_3D ( 'NONE', #2373, #2447, #2053 ) ;
#1452 = VERTEX_POINT ( 'NONE', #1888 ) ;
#1453 = DIRECTION ( 'NONE',  ( -0.000000000000000000, -0.000000000000000000, 1.000000000000000000 ) ) ;
#1454 = ADVANCED_FACE ( 'NONE', ( #3100 ), #3215, .F. ) ;
#1455 = CARTESIAN_POINT ( 'NONE',  ( -22.52653087481377270, -6.789557106205617920, -8.000000000000000000 ) ) ;
#1456 = CYLINDRICAL_SURFACE ( 'NONE', #3182, 25.00000000000000000 ) ;
#1457 = CARTESIAN_POINT ( 'NONE',  ( 3.361062998355403231, -3.450535839912611369, -8.000000000000000000 ) ) ;
#1458 = ORIENTED_EDGE ( 'NONE', *, *, #3876, .F. ) ;
#1459 = EDGE_CURVE ( 'NONE', #1019, #2198, #1637, .T. ) ;
#1460 = CYLINDRICAL_SURFACE ( 'NONE', #2291, 25.00000000000000000 ) ;
#1461 = DIRECTION ( 'NONE',  ( -0.000000000000000000, -0.000000000000000000, -1.000000000000000000 ) ) ;
#1462 = AXIS2_PLACEMENT_3D ( 'NONE', #1741, #3261, #1368 ) ;
#1463 = CARTESIAN_POINT ( 'NONE',  ( -1.182766006347823700E-15, 10.00000000000000533, 0.000000000000000000 ) ) ;
#1464 = ORIENTED_EDGE ( 'NONE', *, *, #805, .T. ) ;
#1465 = CARTESIAN_POINT ( 'NONE',  ( -21.99999999999999645, -7.632783294297944905E-15, 0.000000000000000000 ) ) ;
#1466 = AXIS2_PLACEMENT_3D ( 'NONE', #1428, #1797, #2714 ) ;
#1467 = ORIENTED_EDGE ( 'NONE', *, *, #416, .T. ) ;
#1468 = AXIS2_PLACEMENT_3D ( 'NONE', #2132, #602, #1822 ) ;
#1469 = CARTESIAN_POINT ( 'NONE',  ( -1.999999999999989120, -14.96696361991970647, 15.00000000000000000 ) ) ;
#1470 = ORIENTED_EDGE ( 'NONE', *, *, #3875, .T. ) ;
#1471 = CARTESIAN_POINT ( 'NONE',  ( 4.361062998355403231, -3.450535839912611369, -8.000000000000000000 ) ) ;
#1472 = ORIENTED_EDGE ( 'NONE', *, *, #3154, .F. ) ;
#1473 = LINE ( 'NONE', #3361, #1950 ) ;
#1474 = AXIS2_PLACEMENT_3D ( 'NONE', #903, #2092, #3889 ) ;
#1475 = DIRECTION ( 'NONE',  ( -1.000000000000000000, 0.000000000000000000, 0.000000000000000000 ) ) ;
#1476 = FACE_BOUND ( 'NONE', #1859, .T. ) ;
#1477 = ORIENTED_EDGE ( 'NONE', *, *, #1697, .T. ) ;
#1478 = CARTESIAN_POINT ( 'NONE',  ( -1.999999999999989120, 14.96696361991970647, 15.00000000000000000 ) ) ;
#1479 = ORIENTED_EDGE ( 'NONE', *, *, #3585, .T. ) ;
#1480 = EDGE_CURVE ( 'NONE', #2249, #850, #2975, .T. ) ;
#1481 = ADVANCED_FACE ( 'NONE', ( #2284 ), #1738, .F. ) ;
#1482 = LINE ( 'NONE', #591, #630 ) ;
#1483 = DIRECTION ( 'NONE',  ( -0.000000000000000000, -0.000000000000000000, 1.000000000000000000 ) ) ;
#1484 = EDGE_CURVE ( 'NONE', #3530, #1193, #1565, .T. ) ;
#1485 = ADVANCED_FACE ( 'NONE', ( #478 ), #1430, .F. ) ;
#1486 = ORIENTED_EDGE ( 'NONE', *, *, #2567, .F. ) ;
#1487 = DIRECTION ( 'NONE',  ( -0.000000000000000000, -0.000000000000000000, 1.000000000000000000 ) ) ;
#1488 = EDGE_LOOP ( 'NONE', ( #341, #1898, #2307, #2713, #3030, #3572, #692, #96, #1710, #150, #1788, #3667, #1408, #3658 ) ) ;
#1489 = DIRECTION ( 'NONE',  ( 1.000000000000000000, 0.000000000000000000, 0.000000000000000000 ) ) ;
#1490 = CARTESIAN_POINT ( 'NONE',  ( -1.934012015226485248, -5.213891596791355276, -10.00000000000000000 ) ) ;
#1491 = ORIENTED_EDGE ( 'NONE', *, *, #2903, .T. ) ;
#1492 = LINE ( 'NONE', #3298, #3544 ) ;
#1493 = ORIENTED_EDGE ( 'NONE', *, *, #685, .T. ) ;
#1494 = CARTESIAN_POINT ( 'NONE',  ( 0.000000000000000000, 0.000000000000000000, 15.00000000000000000 ) ) ;
#1495 = CARTESIAN_POINT ( 'NONE',  ( -21.99999999999999289, -7.000000000000005329, 15.00000000000000000 ) ) ;
#1496 = DIRECTION ( 'NONE',  ( -0.000000000000000000, -0.000000000000000000, -1.000000000000000000 ) ) ;
#1497 = ORIENTED_EDGE ( 'NONE', *, *, #465, .T. ) ;
#1498 = DIRECTION ( 'NONE',  ( 1.000000000000000000, 0.000000000000000000, 0.000000000000000000 ) ) ;
#1499 = DIRECTION ( 'NONE',  ( -1.000000000000000000, -1.301042606982605567E-16, 0.000000000000000000 ) ) ;
#1500 = FACE_OUTER_BOUND ( 'NONE', #1624, .T. ) ;
#1501 = EDGE_CURVE ( 'NONE', #1672, #3827, #3676, .T. ) ;
#1502 = CIRCLE ( 'NONE', #2412, 1.000000000000000888 ) ;
#1503 = ORIENTED_EDGE ( 'NONE', *, *, #2496, .F. ) ;
#1504 = CARTESIAN_POINT ( 'NONE',  ( 5.361062998355403231, -3.450535839912611369, 0.000000000000000000 ) ) ;
#1505 = ORIENTED_EDGE ( 'NONE', *, *, #2452, .T. ) ;
#1506 = ADVANCED_FACE ( 'NONE', ( #846 ), #222, .F. ) ;
#1507 = DIRECTION ( 'NONE',  ( -1.000000000000000000, 0.000000000000000000, 0.000000000000000000 ) ) ;
#1508 = DIRECTION ( 'NONE',  ( -0.000000000000000000, 0.000000000000000000, 1.000000000000000000 ) ) ;
#1509 = ORIENTED_EDGE ( 'NONE', *, *, #412, .F. ) ;
#1510 =( LENGTH_UNIT ( ) NAMED_UNIT ( * ) SI_UNIT ( .MILLI., .METRE. ) );
#1511 = EDGE_LOOP ( 'NONE', ( #2424, #3281, #3285, #1238 ) ) ;
#1512 = DIRECTION ( 'NONE',  ( 0.000000000000000000, -0.000000000000000000, -1.000000000000000000 ) ) ;
#1513 = AXIS2_PLACEMENT_3D ( 'NONE', #916, #552, #2402 ) ;
#1514 = CARTESIAN_POINT ( 'NONE',  ( 8.563739977492600630, 2.457608095872390930, -10.00000000000000000 ) ) ;
#1515 = DIRECTION ( 'NONE',  ( -0.000000000000000000, 0.000000000000000000, 1.000000000000000000 ) ) ;
#1516 = DIRECTION ( 'NONE',  ( -0.000000000000000000, -0.000000000000000000, 1.000000000000000000 ) ) ;
#1517 = ORIENTED_EDGE ( 'NONE', *, *, #1242, .T. ) ;
#1518 = CARTESIAN_POINT ( 'NONE',  ( 11.31415043209165638, 10.00000000000000711, 15.00000000000000000 ) ) ;
#1519 = DIRECTION ( 'NONE',  ( -1.301042606982605567E-16, 1.000000000000000000, 0.000000000000000000 ) ) ;
#1520 = ORIENTED_EDGE ( 'NONE', *, *, #1752, .F. ) ;
#1521 = FACE_BOUND ( 'NONE', #2645, .T. ) ;
#1522 = ORIENTED_EDGE ( 'NONE', *, *, #1854, .F. ) ;
#1523 = ADVANCED_FACE ( 'NONE', ( #3555 ), #1083, .F. ) ;
#1524 = CIRCLE ( 'NONE', #193, 1.630422744333458906 ) ;
#1525 = DIRECTION ( 'NONE',  ( 1.000000000000000000, 0.000000000000000000, 0.000000000000000000 ) ) ;
#1526 = ORIENTED_EDGE ( 'NONE', *, *, #658, .T. ) ;
#1527 = DIRECTION ( 'NONE',  ( -1.000000000000000000, 0.000000000000000000, 0.000000000000000000 ) ) ;
#1528 = ORIENTED_EDGE ( 'NONE', *, *, #142, .F. ) ;
#1529 = CARTESIAN_POINT ( 'NONE',  ( -3.000000000000000000, 7.952986860293433935, 0.000000000000000000 ) ) ;
#1530 = AXIS2_PLACEMENT_3D ( 'NONE', #3187, #2924, #769 ) ;
#1531 = CARTESIAN_POINT ( 'NONE',  ( 4.000000000000000000, 7.952986860293433935, 0.000000000000000000 ) ) ;
#1532 = FACE_BOUND ( 'NONE', #2550, .T. ) ;
#1533 = EDGE_LOOP ( 'NONE', ( #2919, #1088, #3823, #2701 ) ) ;
#1534 = DIRECTION ( 'NONE',  ( -1.000000000000000000, 0.000000000000000000, 8.673617379884027583E-16 ) ) ;
#1535 = ORIENTED_EDGE ( 'NONE', *, *, #3096, .F. ) ;
#1536 = DIRECTION ( 'NONE',  ( -0.000000000000000000, -0.000000000000000000, 1.000000000000000000 ) ) ;
#1537 = VECTOR ( 'NONE', #2388, 1000.000000000000000 ) ;
#1538 = CARTESIAN_POINT ( 'NONE',  ( -6.636688994366200411, 5.310777644755707350, -10.00000000000000000 ) ) ;
#1539 = CARTESIAN_POINT ( 'NONE',  ( 1.000000000000000222, 7.952986860293433935, -10.00000000000000000 ) ) ;
#1540 = ORIENTED_EDGE ( 'NONE', *, *, #2201, .F. ) ;
#1541 = FACE_BOUND ( 'NONE', #703, .T. ) ;
#1542 = ORIENTED_EDGE ( 'NONE', *, *, #1785, .T. ) ;
#1543 = CYLINDRICAL_SURFACE ( 'NONE', #2379, 1.000000000000000000 ) ;
#1544 = ORIENTED_EDGE ( 'NONE', *, *, #1702, .T. ) ;
#1545 = CARTESIAN_POINT ( 'NONE',  ( 9.869650449737312314, 7.000000000000003553, 15.00000000000000000 ) ) ;
#1546 = ORIENTED_EDGE ( 'NONE', *, *, #2156, .F. ) ;
#1547 = EDGE_CURVE ( 'NONE', #1600, #1743, #1896, .T. ) ;
#1548 = EDGE_CURVE ( 'NONE', #1732, #3868, #177, .T. ) ;
#1549 = AXIS2_PLACEMENT_3D ( 'NONE', #1432, #3217, #2286 ) ;
#1550 = CARTESIAN_POINT ( 'NONE',  ( -5.556348158414492033, 0.2281736194380706295, -8.000000000000000000 ) ) ;
#1551 = DIRECTION ( 'NONE',  ( 0.000000000000000000, 0.000000000000000000, -1.000000000000000000 ) ) ;
#1552 = ORIENTED_EDGE ( 'NONE', *, *, #3510, .T. ) ;
#1553 = CARTESIAN_POINT ( 'NONE',  ( 0.000000000000000000, 0.000000000000000000, 0.000000000000000000 ) ) ;
#1554 = VERTEX_POINT ( 'NONE', #2026 ) ;
#1555 = CARTESIAN_POINT ( 'NONE',  ( 2.000000000000000000, 7.952986860293433935, -10.00000000000000000 ) ) ;
#1556 = EDGE_CURVE ( 'NONE', #3715, #2836, #622, .T. ) ;
#1557 = EDGE_CURVE ( 'NONE', #1019, #2384, #3516, .T. ) ;
#1558 = DIRECTION ( 'NONE',  ( 2.775557561562891351E-16, -1.000000000000000000, 5.301314942585120903E-15 ) ) ;
#1559 = VECTOR ( 'NONE', #2265, 1000.000000000000000 ) ;
#1560 = DIRECTION ( 'NONE',  ( -1.301042606982605567E-16, 1.000000000000000000, 0.000000000000000000 ) ) ;
#1561 = ORIENTED_EDGE ( 'NONE', *, *, #249, .T. ) ;
#1562 = DIRECTION ( 'NONE',  ( -1.000000000000000000, 0.000000000000000000, 8.673617379884027583E-16 ) ) ;
#1563 = ORIENTED_EDGE ( 'NONE', *, *, #2812, .F. ) ;
#1564 = CARTESIAN_POINT ( 'NONE',  ( 0.000000000000000000, -21.97146833279816036, -5.000000000000000000 ) ) ;
#1565 = CIRCLE ( 'NONE', #2096, 1.000000000000002665 ) ;
#1566 = CARTESIAN_POINT ( 'NONE',  ( -15.09999999999999964, 0.000000000000000000, 0.000000000000000000 ) ) ;
#1567 = ORIENTED_EDGE ( 'NONE', *, *, #977, .F. ) ;
#1568 = DIRECTION ( 'NONE',  ( -0.000000000000000000, -0.000000000000000000, 1.000000000000000000 ) ) ;
#1569 = EDGE_LOOP ( 'NONE', ( #1371, #1255 ) ) ;
#1570 = DIRECTION ( 'NONE',  ( -0.000000000000000000, -0.000000000000000000, 1.000000000000000000 ) ) ;
#1571 = PLANE ( 'NONE',  #3345 ) ;
#1572 = ORIENTED_EDGE ( 'NONE', *, *, #2453, .T. ) ;
#1573 = FACE_OUTER_BOUND ( 'NONE', #1389, .T. ) ;
#1574 = EDGE_LOOP ( 'NONE', ( #1055, #3470, #2694, #121 ) ) ;
#1575 = DIRECTION ( 'NONE',  ( 0.000000000000000000, 0.000000000000000000, -1.000000000000000000 ) ) ;
#1576 = AXIS2_PLACEMENT_3D ( 'NONE', #2020, #1383, #1711 ) ;
#1577 = CIRCLE ( 'NONE', #117, 2.000000000000001776 ) ;
#1578 = EDGE_CURVE ( 'NONE', #3550, #1431, #1834, .T. ) ;
#1579 = DIRECTION ( 'NONE',  ( 1.000000000000000000, 1.301042606982605567E-16, 0.000000000000000000 ) ) ;
#1580 = AXIS2_PLACEMENT_3D ( 'NONE', #3063, #3041, #1498 ) ;
#1581 = EDGE_CURVE ( 'NONE', #2299, #417, #3178, .T. ) ;
#1582 = DIRECTION ( 'NONE',  ( 1.000000000000000000, 0.000000000000000000, -8.673617379884027583E-16 ) ) ;
#1583 = VECTOR ( 'NONE', #1496, 1000.000000000000000 ) ;
#1584 = AXIS2_PLACEMENT_3D ( 'NONE', #1999, #169, #2613 ) ;
#1585 = EDGE_CURVE ( 'NONE', #966, #741, #800, .T. ) ;
#1586 = EDGE_LOOP ( 'NONE', ( #3841, #3850, #2457, #2804, #2141, #1361, #2015, #716, #1761, #1125, #3381, #1509, #283, #3590 ) ) ;
#1587 = LINE ( 'NONE', #2494, #2103 ) ;
#1588 = ORIENTED_EDGE ( 'NONE', *, *, #3385, .T. ) ;
#1589 = LINE ( 'NONE', #2478, #3260 ) ;
#1590 = ORIENTED_EDGE ( 'NONE', *, *, #2420, .F. ) ;
#1591 = CARTESIAN_POINT ( 'NONE',  ( -25.00000000000000000, 3.061616997868383043E-15, -8.000000000000000000 ) ) ;
#1592 = ORIENTED_EDGE ( 'NONE', *, *, #1976, .F. ) ;
#1593 = AXIS2_PLACEMENT_3D ( 'NONE', #2003, #213, #2044 ) ;
#1594 = AXIS2_PLACEMENT_3D ( 'NONE', #1175, #3610, #876 ) ;
#1595 = DIRECTION ( 'NONE',  ( 0.000000000000000000, -0.000000000000000000, -1.000000000000000000 ) ) ;
#1596 = FACE_BOUND ( 'NONE', #2758, .T. ) ;
#1597 = ORIENTED_EDGE ( 'NONE', *, *, #2835, .T. ) ;
#1598 = PRODUCT_DEFINITION_CONTEXT ( 'detailed design', #353, 'design' ) ;
#1599 = CYLINDRICAL_SURFACE ( 'NONE', #1189, 2.000000000000001776 ) ;
#1600 = VERTEX_POINT ( 'NONE', #2955 ) ;
#1601 = LINE ( 'NONE', #2508, #2773 ) ;
#1602 = AXIS2_PLACEMENT_3D ( 'NONE', #3104, #2196, #1931 ) ;
#1603 = CIRCLE ( 'NONE', #2750, 1.000000000000000000 ) ;
#1604 = CARTESIAN_POINT ( 'NONE',  ( 1.499999999999999112, 5.354910648940147233, -8.000000000000000000 ) ) ;
#1605 = DIRECTION ( 'NONE',  ( -1.000000000000000000, 0.000000000000000000, 0.000000000000000000 ) ) ;
#1606 = EDGE_CURVE ( 'NONE', #1119, #1438, #3257, .T. ) ;
#1607 = AXIS2_PLACEMENT_3D ( 'NONE', #2719, #2133, #264 ) ;
#1608 = ADVANCED_FACE ( 'NONE', ( #3922, #3319 ), #1756, .F. ) ;
#1609 = CIRCLE ( 'NONE', #913, 12.09999999999999964 ) ;
#1610 = DIRECTION ( 'NONE',  ( 0.000000000000000000, 1.000000000000000000, -0.000000000000000000 ) ) ;
#1611 = ORIENTED_EDGE ( 'NONE', *, *, #3266, .F. ) ;
#1612 = CARTESIAN_POINT ( 'NONE',  ( -6.101699371279113215, -4.670745769141315229, -8.000000000000000000 ) ) ;
#1613 = EDGE_CURVE ( 'NONE', #337, #3340, #2352, .T. ) ;
#1614 = EDGE_CURVE ( 'NONE', #3315, #2368, #1492, .T. ) ;
#1615 = MANIFOLD_SOLID_BREP ( 'ÇÐ³ý-À­Éì3', #397 ) ;
#1616 = VERTEX_POINT ( 'NONE', #324 ) ;
#1617 = CARTESIAN_POINT ( 'NONE',  ( -8.490790960615882454, -0.3955614530152175568, -8.000000000000000000 ) ) ;
#1618 = VERTEX_POINT ( 'NONE', #3650 ) ;
#1619 = VECTOR ( 'NONE', #1844, 1000.000000000000000 ) ;
#1620 = DIRECTION ( 'NONE',  ( -1.000000000000000000, 0.000000000000000000, 0.000000000000000000 ) ) ;
#1621 = DIRECTION ( 'NONE',  ( 1.000000000000000000, 0.000000000000000000, 0.000000000000000000 ) ) ;
#1622 = EDGE_LOOP ( 'NONE', ( #3733, #298, #3743, #847, #3848 ) ) ;
#1623 = CARTESIAN_POINT ( 'NONE',  ( 6.101699371283188178, -4.670745769139988290, 0.000000000000000000 ) ) ;
#1624 = EDGE_LOOP ( 'NONE', ( #132, #3195, #2858, #3292 ) ) ;
#1625 = CARTESIAN_POINT ( 'NONE',  ( -16.65707521604608132, -7.850000000001272404, 7.500000000000298428 ) ) ;
#1626 = DIRECTION ( 'NONE',  ( -0.000000000000000000, -0.000000000000000000, -1.000000000000000000 ) ) ;
#1627 = CARTESIAN_POINT ( 'NONE',  ( 0.000000000000000000, 0.000000000000000000, 0.000000000000000000 ) ) ;
#1628 = CARTESIAN_POINT ( 'NONE',  ( 2.499999999999999556, 5.354910648940147233, -10.00000000000000000 ) ) ;
#1629 = DIRECTION ( 'NONE',  ( 0.000000000000000000, 0.000000000000000000, 1.000000000000000000 ) ) ;
#1630 = EDGE_CURVE ( 'NONE', #669, #2749, #1820, .T. ) ;
#1631 = APPLICATION_PROTOCOL_DEFINITION ( 'draft international standard', 'automotive_design', 1998, #353 ) ;
#1632 = ORIENTED_EDGE ( 'NONE', *, *, #931, .F. ) ;
#1633 = EDGE_CURVE ( 'NONE', #417, #618, #898, .T. ) ;
#1634 = LINE ( 'NONE', #1018, #1777 ) ;
#1635 = EDGE_CURVE ( 'NONE', #1431, #3550, #1315, .T. ) ;
#1636 = ORIENTED_EDGE ( 'NONE', *, *, #3486, .T. ) ;
#1637 = CIRCLE ( 'NONE', #684, 1.630422744333457130 ) ;
#1638 = DIRECTION ( 'NONE',  ( 1.000000000000000000, 0.000000000000000000, 0.000000000000000000 ) ) ;
#1639 = LINE ( 'NONE', #3175, #1993 ) ;
#1640 = EDGE_LOOP ( 'NONE', ( #477, #829, #2913, #2699 ) ) ;
#1641 = EDGE_CURVE ( 'NONE', #103, #325, #2530, .T. ) ;
#1642 = CARTESIAN_POINT ( 'NONE',  ( -16.65707521604587171, 9.999999999998724576, 7.500000000000034639 ) ) ;
#1643 = ORIENTED_EDGE ( 'NONE', *, *, #3276, .T. ) ;
#1644 = DIRECTION ( 'NONE',  ( -1.000000000000000000, 0.000000000000000000, 0.000000000000000000 ) ) ;
#1645 = CARTESIAN_POINT ( 'NONE',  ( -1.999999999999989120, 0.000000000000000000, 0.000000000000000000 ) ) ;
#1646 = DIRECTION ( 'NONE',  ( 1.000000000000000000, 0.000000000000000000, 0.000000000000000000 ) ) ;
#1647 = AXIS2_PLACEMENT_3D ( 'NONE', #3010, #3915, #3314 ) ;
#1648 = VECTOR ( 'NONE', #7, 1000.000000000000000 ) ;
#1649 = ORIENTED_EDGE ( 'NONE', *, *, #2877, .F. ) ;
#1650 = VECTOR ( 'NONE', #1973, 1000.000000000000000 ) ;
#1651 = AXIS2_PLACEMENT_3D ( 'NONE', #3392, #3410, #418 ) ;
#1652 = ORIENTED_EDGE ( 'NONE', *, *, #3589, .F. ) ;
#1653 = CARTESIAN_POINT ( 'NONE',  ( 1.999999999999989120, 14.96696361991970647, 15.00000000000000000 ) ) ;
#1654 = ORIENTED_EDGE ( 'NONE', *, *, #75, .F. ) ;
#1655 = EDGE_CURVE ( 'NONE', #1114, #3320, #995, .T. ) ;
#1656 = DIRECTION ( 'NONE',  ( 1.000000000000000000, 0.000000000000000000, -8.673617379884087734E-16 ) ) ;
#1657 = CARTESIAN_POINT ( 'NONE',  ( -16.65707521604587171, 7.849999999998733102, 7.500000000000047962 ) ) ;
#1658 = ORIENTED_EDGE ( 'NONE', *, *, #1547, .T. ) ;
#1659 = CARTESIAN_POINT ( 'NONE',  ( -1.999999999999999556, 7.952986860293433935, -8.000000000000000000 ) ) ;
#1660 = DIRECTION ( 'NONE',  ( -0.000000000000000000, 0.000000000000000000, 1.000000000000000000 ) ) ;
#1661 = ORIENTED_EDGE ( 'NONE', *, *, #1282, .T. ) ;
#1662 = LINE ( 'NONE', #106, #3247 ) ;
#1663 = EDGE_CURVE ( 'NONE', #3605, #1114, #2700, .T. ) ;
#1664 = EDGE_CURVE ( 'NONE', #2558, #3120, #2723, .T. ) ;
#1665 = CYLINDRICAL_SURFACE ( 'NONE', #2868, 15.09999999999999964 ) ;
#1666 = DIRECTION ( 'NONE',  ( 2.775557561562891351E-16, -1.000000000000000000, 5.301314942585120903E-15 ) ) ;
#1667 = ORIENTED_EDGE ( 'NONE', *, *, #950, .T. ) ;
#1668 =( GEOMETRIC_REPRESENTATION_CONTEXT ( 3 ) GLOBAL_UNCERTAINTY_ASSIGNED_CONTEXT ( ( #157 ) ) GLOBAL_UNIT_ASSIGNED_CONTEXT ( ( #1229, #1897, #3408 ) ) REPRESENTATION_CONTEXT ( 'NONE', 'WORKASPACE' ) );
#1669 = CARTESIAN_POINT ( 'NONE',  ( 12.91450505722985120, 17.77529127260470787, -8.000000000000000000 ) ) ;
#1670 = CARTESIAN_POINT ( 'NONE',  ( -3.000000000000000000, 7.952986860293433935, -10.00000000000000000 ) ) ;
#1671 = AXIS2_PLACEMENT_3D ( 'NONE', #3487, #1983, #1656 ) ;
#1672 = VERTEX_POINT ( 'NONE', #2439 ) ;
#1673 = CARTESIAN_POINT ( 'NONE',  ( -3.247597405029427620, -8.197457282896154496, 0.000000000000000000 ) ) ;
#1674 = ORIENTED_EDGE ( 'NONE', *, *, #216, .T. ) ;
#1675 = ADVANCED_FACE ( 'NONE', ( #1177 ), #1450, .F. ) ;
#1676 = DIRECTION ( 'NONE',  ( 1.000000000000000000, 0.000000000000000000, 0.000000000000000000 ) ) ;
#1677 = DIRECTION ( 'NONE',  ( 0.000000000000000000, 0.000000000000000000, 1.000000000000000000 ) ) ;
#1678 = ORIENTED_EDGE ( 'NONE', *, *, #678, .T. ) ;
#1679 = ORIENTED_EDGE ( 'NONE', *, *, #1302, .T. ) ;
#1680 = DIRECTION ( 'NONE',  ( -1.000000000000000000, -1.182766006347823109E-16, 0.000000000000000000 ) ) ;
#1681 = EDGE_CURVE ( 'NONE', #363, #1251, #1912, .T. ) ;
#1682 = CARTESIAN_POINT ( 'NONE',  ( -1.499999999999999112, 5.354910648940147233, 0.000000000000000000 ) ) ;
#1683 = CARTESIAN_POINT ( 'NONE',  ( -4.674648388154269973, -6.434101526018735306, -8.000000000000000000 ) ) ;
#1684 = ORIENTED_EDGE ( 'NONE', *, *, #2512, .F. ) ;
#1685 = AXIS2_PLACEMENT_3D ( 'NONE', #1412, #1140, #2646 ) ;
#1686 = CARTESIAN_POINT ( 'NONE',  ( 12.91450505722985120, 17.77529127260470787, -8.000000000000000000 ) ) ;
#1687 = CARTESIAN_POINT ( 'NONE',  ( 4.000000000000000000, 7.952986860293433935, -10.00000000000000000 ) ) ;
#1688 = DIRECTION ( 'NONE',  ( -0.000000000000000000, -0.000000000000000000, 1.000000000000000000 ) ) ;
#1689 = ORIENTED_EDGE ( 'NONE', *, *, #3168, .T. ) ;
#1690 = DIRECTION ( 'NONE',  ( 0.000000000000000000, 0.000000000000000000, -1.000000000000000000 ) ) ;
#1691 = VERTEX_POINT ( 'NONE', #1545 ) ;
#1692 =( GEOMETRIC_REPRESENTATION_CONTEXT ( 3 ) GLOBAL_UNCERTAINTY_ASSIGNED_CONTEXT ( ( #3083 ) ) GLOBAL_UNIT_ASSIGNED_CONTEXT ( ( #1510, #1231, #1779 ) ) REPRESENTATION_CONTEXT ( 'NONE', 'WORKASPACE' ) );
#1693 = DIRECTION ( 'NONE',  ( 0.000000000000000000, 0.000000000000000000, 1.000000000000000000 ) ) ;
#1694 = ORIENTED_EDGE ( 'NONE', *, *, #2812, .T. ) ;
#1695 = CARTESIAN_POINT ( 'NONE',  ( -12.91450505722985298, 17.77529127260470787, -8.000000000000000000 ) ) ;
#1696 = ORIENTED_EDGE ( 'NONE', *, *, #1501, .T. ) ;
#1697 = EDGE_CURVE ( 'NONE', #2281, #2688, #180, .T. ) ;
#1698 = CARTESIAN_POINT ( 'NONE',  ( -5.674648388154269973, -6.434101526018735306, -8.000000000000000000 ) ) ;
#1699 = AXIS2_PLACEMENT_3D ( 'NONE', #2894, #158, #3806 ) ;
#1700 = CARTESIAN_POINT ( 'NONE',  ( 7.490790960617439431, -0.3955614530130720508, -10.00000000000000000 ) ) ;
#1701 = ORIENTED_EDGE ( 'NONE', *, *, #1976, .T. ) ;
#1702 = EDGE_CURVE ( 'NONE', #3582, #1114, #3427, .T. ) ;
#1703 = EDGE_CURVE ( 'NONE', #937, #2783, #3112, .T. ) ;
#1704 = DIRECTION ( 'NONE',  ( -2.775557561562891351E-16, 1.000000000000000000, -5.301314942585120903E-15 ) ) ;
#1705 = CARTESIAN_POINT ( 'NONE',  ( 9.107298248878249079E-16, -7.000000000000007994, 15.00000000000000000 ) ) ;
#1706 = ADVANCED_FACE ( 'NONE', ( #2776 ), #3076, .T. ) ;
#1707 = VECTOR ( 'NONE', #3646, 1000.000000000000000 ) ;
#1708 = DIRECTION ( 'NONE',  ( 1.000000000000000000, 0.000000000000000000, 0.000000000000000000 ) ) ;
#1709 = CIRCLE ( 'NONE', #1381, 1.000000000000000444 ) ;
#1710 = ORIENTED_EDGE ( 'NONE', *, *, #1208, .F. ) ;
#1711 = DIRECTION ( 'NONE',  ( 1.000000000000000000, 0.000000000000000000, 0.000000000000000000 ) ) ;
#1712 = ORIENTED_EDGE ( 'NONE', *, *, #654, .F. ) ;
#1713 = CIRCLE ( 'NONE', #1449, 1.630422744333462237 ) ;
#1714 = VECTOR ( 'NONE', #1536, 1000.000000000000000 ) ;
#1715 = CARTESIAN_POINT ( 'NONE',  ( 0.000000000000000000, 0.000000000000000000, 0.000000000000000000 ) ) ;
#1716 = LINE ( 'NONE', #200, #2817 ) ;
#1717 = ORIENTED_EDGE ( 'NONE', *, *, #2031, .T. ) ;
#1718 = CARTESIAN_POINT ( 'NONE',  ( 1.999999999999989120, -14.96696361991970647, 15.00000000000000000 ) ) ;
#1719 = ORIENTED_EDGE ( 'NONE', *, *, #2762, .F. ) ;
#1720 = DIRECTION ( 'NONE',  ( 1.000000000000000000, 0.000000000000000000, 0.000000000000000000 ) ) ;
#1721 = FACE_OUTER_BOUND ( 'NONE', #1488, .T. ) ;
#1722 = LINE ( 'NONE', #2899, #570 ) ;
#1723 = ORIENTED_EDGE ( 'NONE', *, *, #3844, .T. ) ;
#1724 = AXIS2_PLACEMENT_3D ( 'NONE', #1413, #2647, #3854 ) ;
#1725 = VECTOR ( 'NONE', #721, 1000.000000000000000 ) ;
#1726 = ADVANCED_FACE ( 'NONE', ( #2536, #401 ), #699, .F. ) ;
#1727 = CARTESIAN_POINT ( 'NONE',  ( -6.636688994366200411, 5.310777644755707350, -10.00000000000000000 ) ) ;
#1728 = CYLINDRICAL_SURFACE ( 'NONE', #3894, 2.000000000000001776 ) ;
#1729 = CARTESIAN_POINT ( 'NONE',  ( -1.999999999999989120, 14.96696361991970647, 15.00000000000000000 ) ) ;
#1730 = EDGE_LOOP ( 'NONE', ( #1918, #1821, #952, #3532 ) ) ;
#1731 = CYLINDRICAL_SURFACE ( 'NONE', #2866, 1.000000000000000000 ) ;
#1732 = VERTEX_POINT ( 'NONE', #2204 ) ;
#1733 = ADVANCED_FACE ( 'NONE', ( #3727 ), #2793, .F. ) ;
#1734 = ADVANCED_FACE ( 'NONE', ( #2187 ), #1919, .F. ) ;
#1735 = CARTESIAN_POINT ( 'NONE',  ( 4.361062998355403231, -3.450535839912611369, -10.00000000000000000 ) ) ;
#1736 = LINE ( 'NONE', #2422, #3192 ) ;
#1737 = VERTEX_POINT ( 'NONE', #717 ) ;
#1738 = CYLINDRICAL_SURFACE ( 'NONE', #1439, 1.000000000000000444 ) ;
#1739 = ORIENTED_EDGE ( 'NONE', *, *, #1697, .F. ) ;
#1740 = DIRECTION ( 'NONE',  ( -0.000000000000000000, -0.000000000000000000, 1.000000000000000000 ) ) ;
#1741 = CARTESIAN_POINT ( 'NONE',  ( -4.629297175289651456, 3.081343168323530612, -10.00000000000000000 ) ) ;
#1742 = CARTESIAN_POINT ( 'NONE',  ( -20.89610813048031090, -6.789557106205617920, -5.000000000000000000 ) ) ;
#1743 = VERTEX_POINT ( 'NONE', #114 ) ;
#1744 = DIRECTION ( 'NONE',  ( 0.000000000000000000, 0.000000000000000000, 1.000000000000000000 ) ) ;
#1745 = PLANE ( 'NONE',  #2381 ) ;
#1746 = VECTOR ( 'NONE', #2702, 1000.000000000000000 ) ;
#1747 = CARTESIAN_POINT ( 'NONE',  ( 5.556348158416049898, 0.2281736194402158302, 0.000000000000000000 ) ) ;
#1748 = ORIENTED_EDGE ( 'NONE', *, *, #1168, .F. ) ;
#1749 = CARTESIAN_POINT ( 'NONE',  ( 16.65707521604551999, 7.849999999998747313, 8.500000000000257572 ) ) ;
#1750 = ORIENTED_EDGE ( 'NONE', *, *, #2567, .T. ) ;
#1751 = EDGE_CURVE ( 'NONE', #3635, #541, #57, .T. ) ;
#1752 = EDGE_CURVE ( 'NONE', #214, #1978, #1634, .T. ) ;
#1753 = CARTESIAN_POINT ( 'NONE',  ( 11.28408231289639119, 17.77529127260470787, -8.000000000000000000 ) ) ;
#1754 = FACE_OUTER_BOUND ( 'NONE', #2489, .T. ) ;
#1755 = EDGE_LOOP ( 'NONE', ( #3542, #1397, #1044, #3367 ) ) ;
#1756 = PLANE ( 'NONE',  #2902 ) ;
#1757 = ORIENTED_EDGE ( 'NONE', *, *, #2665, .T. ) ;
#1758 = FACE_OUTER_BOUND ( 'NONE', #656, .T. ) ;
#1759 = CARTESIAN_POINT ( 'NONE',  ( -4.361062998351325604, -3.450535839913938307, -8.000000000000000000 ) ) ;
#1760 = DIRECTION ( 'NONE',  ( -1.000000000000000000, 0.000000000000000000, 8.673617379884027583E-16 ) ) ;
#1761 = ORIENTED_EDGE ( 'NONE', *, *, #483, .F. ) ;
#1762 = CARTESIAN_POINT ( 'NONE',  ( -22.00000000000000000, 7.000000000000000000, 0.000000000000000000 ) ) ;
#1763 = AXIS2_PLACEMENT_3D ( 'NONE', #2326, #2008, #3492 ) ;
#1764 = DIRECTION ( 'NONE',  ( -1.000000000000000000, 0.000000000000000000, 0.000000000000000000 ) ) ;
#1765 = DIRECTION ( 'NONE',  ( 0.000000000000000000, 0.000000000000000000, 1.000000000000000000 ) ) ;
#1766 = CARTESIAN_POINT ( 'NONE',  ( 15.65707521604551467, 7.000000000000004441, 7.500000000000258460 ) ) ;
#1767 = CARTESIAN_POINT ( 'NONE',  ( 1.182766006347824686E-15, -10.00000000000001066, 0.000000000000000000 ) ) ;
#1768 = VERTEX_POINT ( 'NONE', #983 ) ;
#1769 = PLANE ( 'NONE',  #242 ) ;
#1770 = ORIENTED_EDGE ( 'NONE', *, *, #295, .F. ) ;
#1771 = AXIS2_PLACEMENT_3D ( 'NONE', #2889, #773, #192 ) ;
#1772 = VECTOR ( 'NONE', #2529, 1000.000000000000000 ) ;
#1773 = AXIS2_PLACEMENT_3D ( 'NONE', #1870, #3929, #2745 ) ;
#1774 = CARTESIAN_POINT ( 'NONE',  ( -4.361062998351325604, -3.450535839913938307, 0.000000000000000000 ) ) ;
#1775 = DIRECTION ( 'NONE',  ( -0.000000000000000000, -0.000000000000000000, 1.000000000000000000 ) ) ;
#1776 = ORIENTED_EDGE ( 'NONE', *, *, #2779, .F. ) ;
#1777 = VECTOR ( 'NONE', #3711, 1000.000000000000000 ) ;
#1778 = CIRCLE ( 'NONE', #3624, 2.000000000000001776 ) ;
#1779 =( NAMED_UNIT ( * ) SI_UNIT ( $, .STERADIAN. ) SOLID_ANGLE_UNIT ( ) );
#1780 = AXIS2_PLACEMENT_3D ( 'NONE', #486, #3072, #290 ) ;
#1781 = ORIENTED_EDGE ( 'NONE', *, *, #2639, .F. ) ;
#1782 = EDGE_CURVE ( 'NONE', #1366, #2727, #675, .T. ) ;
#1783 = DIRECTION ( 'NONE',  ( -0.000000000000000000, -0.000000000000000000, 1.000000000000000000 ) ) ;
#1784 = AXIS2_PLACEMENT_3D ( 'NONE', #3418, #1575, #683 ) ;
#1785 = EDGE_CURVE ( 'NONE', #3055, #2519, #1076, .T. ) ;
#1786 = FACE_OUTER_BOUND ( 'NONE', #1853, .T. ) ;
#1787 = CARTESIAN_POINT ( 'NONE',  ( -5.629297175289651456, 3.081343168323530612, -10.00000000000000000 ) ) ;
#1788 = ORIENTED_EDGE ( 'NONE', *, *, #1953, .T. ) ;
#1789 = EDGE_CURVE ( 'NONE', #1303, #599, #2241, .T. ) ;
#1790 = ADVANCED_FACE ( 'NONE', ( #80 ), #1289, .T. ) ;
#1791 = CARTESIAN_POINT ( 'NONE',  ( 0.000000000000000000, 0.000000000000000000, 15.00000000000000000 ) ) ;
#1792 = AXIS2_PLACEMENT_3D ( 'NONE', #2882, #2331, #143 ) ;
#1793 = EDGE_LOOP ( 'NONE', ( #3386, #1861, #1661, #1467 ) ) ;
#1794 = CARTESIAN_POINT ( 'NONE',  ( 3.000000000000000000, 7.952986860293433935, 0.000000000000000000 ) ) ;
#1795 = ORIENTED_EDGE ( 'NONE', *, *, #982, .T. ) ;
#1796 = AXIS2_PLACEMENT_3D ( 'NONE', #1747, #3066, #3935 ) ;
#1797 = DIRECTION ( 'NONE',  ( -0.000000000000000000, 0.000000000000000000, 1.000000000000000000 ) ) ;
#1798 = ORIENTED_EDGE ( 'NONE', *, *, #1030, .F. ) ;
#1799 = CARTESIAN_POINT ( 'NONE',  ( -9.107298248878243162E-16, 7.000000000000002665, 0.000000000000000000 ) ) ;
#1800 = ORIENTED_EDGE ( 'NONE', *, *, #431, .F. ) ;
#1801 = DIRECTION ( 'NONE',  ( -0.000000000000000000, -0.000000000000000000, 1.000000000000000000 ) ) ;
#1802 = CIRCLE ( 'NONE', #2318, 1.000000000000000222 ) ;
#1803 = CARTESIAN_POINT ( 'NONE',  ( -15.65707521604607955, -10.00000000000130029, 7.500000000000297540 ) ) ;
#1804 = EDGE_CURVE ( 'NONE', #1285, #2095, #3244, .T. ) ;
#1805 = LINE ( 'NONE', #885, #1913 ) ;
#1806 = ORIENTED_EDGE ( 'NONE', *, *, #46, .F. ) ;
#1807 = DIRECTION ( 'NONE',  ( -0.000000000000000000, -0.000000000000000000, 1.000000000000000000 ) ) ;
#1808 = ADVANCED_FACE ( 'NONE', ( #98, #1304 ), #3452, .F. ) ;
#1809 = EDGE_CURVE ( 'NONE', #3702, #1452, #316, .T. ) ;
#1810 = CARTESIAN_POINT ( 'NONE',  ( -17.65707521604608132, -7.000000000000009770, 7.500000000000285993 ) ) ;
#1811 = FACE_OUTER_BOUND ( 'NONE', #2934, .T. ) ;
#1812 = CIRCLE ( 'NONE', #2140, 2.000000000000001776 ) ;
#1813 = EDGE_LOOP ( 'NONE', ( #2087, #2705, #788, #3214 ) ) ;
#1814 = CARTESIAN_POINT ( 'NONE',  ( -3.247597405029427620, -8.197457282896154496, -10.00000000000000000 ) ) ;
#1815 = EDGE_LOOP ( 'NONE', ( #3619, #2829 ) ) ;
#1816 = CIRCLE ( 'NONE', #861, 1.000000000000000222 ) ;
#1817 = CARTESIAN_POINT ( 'NONE',  ( 4.674648388158348489, -6.434101526017407480, -10.00000000000000000 ) ) ;
#1818 = DIRECTION ( 'NONE',  ( 0.000000000000000000, 0.000000000000000000, -1.000000000000000000 ) ) ;
#1819 = ORIENTED_EDGE ( 'NONE', *, *, #1782, .F. ) ;
#1820 = LINE ( 'NONE', #2088, #3032 ) ;
#1821 = ORIENTED_EDGE ( 'NONE', *, *, #1000, .T. ) ;
#1822 = DIRECTION ( 'NONE',  ( 1.000000000000000000, 0.000000000000000000, 0.000000000000000000 ) ) ;
#1823 = CYLINDRICAL_SURFACE ( 'NONE', #1474, 1.630422744333458906 ) ;
#1824 = FACE_BOUND ( 'NONE', #11, .T. ) ;
#1825 = EDGE_LOOP ( 'NONE', ( #2174, #1359 ) ) ;
#1826 = CARTESIAN_POINT ( 'NONE',  ( -16.65707521604587171, 7.849999999998733102, 7.500000000000047962 ) ) ;
#1827 = VERTEX_POINT ( 'NONE', #3781 ) ;
#1828 = CYLINDRICAL_SURFACE ( 'NONE', #1580, 1.000000000000000000 ) ;
#1829 = AXIS2_PLACEMENT_3D ( 'NONE', #3034, #2972, #542 ) ;
#1830 = DIRECTION ( 'NONE',  ( -1.000000000000000000, 0.000000000000000000, 0.000000000000000000 ) ) ;
#1831 = EDGE_CURVE ( 'NONE', #966, #2526, #3549, .T. ) ;
#1832 = AXIS2_PLACEMENT_3D ( 'NONE', #1312, #1947, #366 ) ;
#1833 = ORIENTED_EDGE ( 'NONE', *, *, #870, .T. ) ;
#1834 = CIRCLE ( 'NONE', #3043, 1.000000000000000000 ) ;
#1835 = FACE_BOUND ( 'NONE', #232, .T. ) ;
#1836 = VERTEX_POINT ( 'NONE', #1673 ) ;
#1837 = ORIENTED_EDGE ( 'NONE', *, *, #554, .T. ) ;
#1838 = SURFACE_STYLE_USAGE ( .BOTH. , #3668 ) ;
#1839 = ORIENTED_EDGE ( 'NONE', *, *, #3323, .T. ) ;
#1840 = DIRECTION ( 'NONE',  ( 0.000000000000000000, -0.000000000000000000, -1.000000000000000000 ) ) ;
#1841 = CIRCLE ( 'NONE', #3429, 1.000000000000000888 ) ;
#1842 = AXIS2_PLACEMENT_3D ( 'NONE', #3287, #165, #2981 ) ;
#1843 = DIRECTION ( 'NONE',  ( 2.775557561562891351E-16, -1.000000000000000000, 5.301314942585120903E-15 ) ) ;
#1844 = DIRECTION ( 'NONE',  ( -0.000000000000000000, -0.000000000000000000, 1.000000000000000000 ) ) ;
#1845 = ORIENTED_EDGE ( 'NONE', *, *, #2059, .T. ) ;
#1846 = DIRECTION ( 'NONE',  ( -0.000000000000000000, -0.000000000000000000, 1.000000000000000000 ) ) ;
#1847 = EDGE_LOOP ( 'NONE', ( #779, #1916, #223, #1679 ) ) ;
#1848 = AXIS2_PLACEMENT_3D ( 'NONE', #3268, #1807, #3022 ) ;
#1849 = FACE_OUTER_BOUND ( 'NONE', #2541, .T. ) ;
#1850 = CARTESIAN_POINT ( 'NONE',  ( 22.00000000000000000, 6.999999999999994671, 15.00000000000000000 ) ) ;
#1851 = CIRCLE ( 'NONE', #1209, 1.630422744333462237 ) ;
#1852 = ADVANCED_FACE ( 'NONE', ( #2637 ), #1731, .F. ) ;
#1853 = EDGE_LOOP ( 'NONE', ( #3416, #1540, #1096, #1528 ) ) ;
#1854 = EDGE_CURVE ( 'NONE', #3122, #2749, #1851, .T. ) ;
#1855 = CARTESIAN_POINT ( 'NONE',  ( -1.999999999999989120, 11.93356610573721355, 0.000000000000000000 ) ) ;
#1856 = ORIENTED_EDGE ( 'NONE', *, *, #3869, .F. ) ;
#1857 = AXIS2_PLACEMENT_3D ( 'NONE', #235, #2681, #3902 ) ;
#1858 = DIRECTION ( 'NONE',  ( -0.000000000000000000, -0.000000000000000000, 1.000000000000000000 ) ) ;
#1859 = EDGE_LOOP ( 'NONE', ( #2169, #238 ) ) ;
#1860 = DIRECTION ( 'NONE',  ( -1.182766006347823355E-16, 1.000000000000000000, 0.000000000000000000 ) ) ;
#1861 = ORIENTED_EDGE ( 'NONE', *, *, #3051, .T. ) ;
#1862 = CIRCLE ( 'NONE', #2823, 1.630422744333462237 ) ;
#1863 = AXIS2_PLACEMENT_3D ( 'NONE', #793, #492, #471 ) ;
#1864 = CARTESIAN_POINT ( 'NONE',  ( -3.000000000000000000, 7.952986860293433935, 0.000000000000000000 ) ) ;
#1865 = CYLINDRICAL_SURFACE ( 'NONE', #3528, 1.999999999999988010 ) ;
#1866 = VERTEX_POINT ( 'NONE', #3821 ) ;
#1867 = CIRCLE ( 'NONE', #712, 1.000000000000000000 ) ;
#1868 = CARTESIAN_POINT ( 'NONE',  ( -0.4999999999999989453, 5.354910648940147233, 0.000000000000000000 ) ) ;
#1869 = ORIENTED_EDGE ( 'NONE', *, *, #463, .T. ) ;
#1870 = CARTESIAN_POINT ( 'NONE',  ( 4.361062998355403231, -3.450535839912611369, -10.00000000000000000 ) ) ;
#1871 = AXIS2_PLACEMENT_3D ( 'NONE', #1550, #403, #1620 ) ;
#1872 = DIRECTION ( 'NONE',  ( -1.000000000000000000, -3.469446951953611724E-16, 0.000000000000000000 ) ) ;
#1873 = LINE ( 'NONE', #2472, #3307 ) ;
#1874 = EDGE_LOOP ( 'NONE', ( #123, #928 ) ) ;
#1875 = CARTESIAN_POINT ( 'NONE',  ( 6.563739977492595301, 2.457608095872390930, -10.00000000000000000 ) ) ;
#1876 = ORIENTED_EDGE ( 'NONE', *, *, #3852, .F. ) ;
#1877 = EDGE_CURVE ( 'NONE', #754, #547, #3507, .T. ) ;
#1878 = EDGE_LOOP ( 'NONE', ( #1880, #35, #1470, #3297 ) ) ;
#1879 = DIRECTION ( 'NONE',  ( 1.000000000000000000, 0.000000000000000000, 0.000000000000000000 ) ) ;
#1880 = ORIENTED_EDGE ( 'NONE', *, *, #1484, .T. ) ;
#1881 = EDGE_CURVE ( 'NONE', #21, #3635, #578, .T. ) ;
#1882 = EDGE_CURVE ( 'NONE', #1176, #3143, #946, .T. ) ;
#1883 = CIRCLE ( 'NONE', #3661, 1.000000000000001776 ) ;
#1884 = EDGE_CURVE ( 'NONE', #1994, #3949, #2920, .T. ) ;
#1885 = LINE ( 'NONE', #3747, #3832 ) ;
#1886 = CARTESIAN_POINT ( 'NONE',  ( 0.000000000000000000, 0.000000000000000000, 15.00000000000000000 ) ) ;
#1887 = ORIENTED_EDGE ( 'NONE', *, *, #1216, .F. ) ;
#1888 = CARTESIAN_POINT ( 'NONE',  ( -14.65707521604586994, 7.849999999998733102, 7.500000000000038192 ) ) ;
#1889 = ORIENTED_EDGE ( 'NONE', *, *, #1257, .F. ) ;
#1890 = CARTESIAN_POINT ( 'NONE',  ( 8.490790960617442096, -0.3955614530130721618, -10.00000000000000000 ) ) ;
#1891 = DIRECTION ( 'NONE',  ( -1.000000000000000000, 0.000000000000000000, 0.000000000000000000 ) ) ;
#1892 = DIRECTION ( 'NONE',  ( 0.000000000000000000, -0.000000000000000000, -1.000000000000000000 ) ) ;
#1893 = ORIENTED_EDGE ( 'NONE', *, *, #2710, .T. ) ;
#1894 = CARTESIAN_POINT ( 'NONE',  ( -8.563739977491040989, 2.457608095870243314, -10.00000000000000000 ) ) ;
#1895 = VERTEX_POINT ( 'NONE', #1115 ) ;
#1896 = CIRCLE ( 'NONE', #2473, 1.000000000000000888 ) ;
#1897 =( NAMED_UNIT ( * ) PLANE_ANGLE_UNIT ( ) SI_UNIT ( $, .RADIAN. ) );
#1898 = ORIENTED_EDGE ( 'NONE', *, *, #1146, .T. ) ;
#1899 = CARTESIAN_POINT ( 'NONE',  ( 0.4999999999999989453, 5.354910648940147233, -10.00000000000000000 ) ) ;
#1900 = ORIENTED_EDGE ( 'NONE', *, *, #809, .F. ) ;
#1901 = EDGE_CURVE ( 'NONE', #775, #3763, #433, .T. ) ;
#1902 = FACE_OUTER_BOUND ( 'NONE', #3176, .T. ) ;
#1903 = FACE_BOUND ( 'NONE', #1094, .T. ) ;
#1904 = ORIENTED_EDGE ( 'NONE', *, *, #2726, .F. ) ;
#1905 = ORIENTED_EDGE ( 'NONE', *, *, #1663, .F. ) ;
#1906 = DIRECTION ( 'NONE',  ( -1.000000000000000000, 0.000000000000000000, 0.000000000000000000 ) ) ;
#1907 = EDGE_CURVE ( 'NONE', #3938, #3916, #1038, .T. ) ;
#1908 = VECTOR ( 'NONE', #3189, 1000.000000000000000 ) ;
#1909 = DIRECTION ( 'NONE',  ( -1.000000000000000000, 0.000000000000000000, 0.000000000000000000 ) ) ;
#1910 = CIRCLE ( 'NONE', #757, 15.09999999999999964 ) ;
#1911 = DIRECTION ( 'NONE',  ( 1.000000000000000000, 0.000000000000000000, 0.000000000000000000 ) ) ;
#1912 = CIRCLE ( 'NONE', #3309, 1.000000000000000000 ) ;
#1913 = VECTOR ( 'NONE', #1516, 1000.000000000000000 ) ;
#1914 = ADVANCED_FACE ( 'NONE', ( #171, #2321 ), #3250, .T. ) ;
#1915 = DIRECTION ( 'NONE',  ( -2.775557561562891351E-16, 1.000000000000000000, -5.301314942585120903E-15 ) ) ;
#1916 = ORIENTED_EDGE ( 'NONE', *, *, #3125, .F. ) ;
#1917 = CARTESIAN_POINT ( 'NONE',  ( 13.37946187258665098, -7.000000000000006217, 0.000000000000000000 ) ) ;
#1918 = ORIENTED_EDGE ( 'NONE', *, *, #1934, .F. ) ;
#1919 = CYLINDRICAL_SURFACE ( 'NONE', #1015, 1.000000000000000000 ) ;
#1920 = ORIENTED_EDGE ( 'NONE', *, *, #555, .F. ) ;
#1921 = VECTOR ( 'NONE', #1626, 1000.000000000000000 ) ;
#1922 = CIRCLE ( 'NONE', #2123, 1.000000000000000888 ) ;
#1923 = CARTESIAN_POINT ( 'NONE',  ( -15.65707521604587171, 7.849999999998733102, 7.500000000000046185 ) ) ;
#1924 = FACE_OUTER_BOUND ( 'NONE', #2325, .T. ) ;
#1925 = ORIENTED_EDGE ( 'NONE', *, *, #3792, .F. ) ;
#1926 = FACE_OUTER_BOUND ( 'NONE', #1640, .T. ) ;
#1927 = ORIENTED_EDGE ( 'NONE', *, *, #3266, .T. ) ;
#1928 = DIRECTION ( 'NONE',  ( 2.775557561562891351E-16, -1.000000000000000000, 5.301314942585120903E-15 ) ) ;
#1929 = CIRCLE ( 'NONE', #2315, 1.000000000000000888 ) ;
#1930 = AXIS2_PLACEMENT_3D ( 'NONE', #1944, #2225, #59 ) ;
#1931 = DIRECTION ( 'NONE',  ( 1.000000000000000000, 0.000000000000000000, 0.000000000000000000 ) ) ;
#1932 = FACE_OUTER_BOUND ( 'NONE', #2477, .T. ) ;
#1933 = CIRCLE ( 'NONE', #3073, 1.000000000000000000 ) ;
#1934 = EDGE_CURVE ( 'NONE', #3639, #722, #1841, .T. ) ;
#1935 = EDGE_CURVE ( 'NONE', #3304, #1116, #3240, .T. ) ;
#1936 = EDGE_CURVE ( 'NONE', #3827, #339, #3469, .T. ) ;
#1937 = AXIS2_PLACEMENT_3D ( 'NONE', #3801, #1406, #1676 ) ;
#1938 = FACE_BOUND ( 'NONE', #310, .T. ) ;
#1939 = FACE_OUTER_BOUND ( 'NONE', #899, .T. ) ;
#1940 = EDGE_LOOP ( 'NONE', ( #2654, #751 ) ) ;
#1941 = DIRECTION ( 'NONE',  ( 1.000000000000000000, 0.000000000000000000, 0.000000000000000000 ) ) ;
#1942 = ORIENTED_EDGE ( 'NONE', *, *, #2420, .T. ) ;
#1943 = AXIS2_PLACEMENT_3D ( 'NONE', #3119, #2152, #2801 ) ;
#1944 = CARTESIAN_POINT ( 'NONE',  ( 0.000000000000000000, 0.000000000000000000, 15.00000000000000000 ) ) ;
#1945 = CYLINDRICAL_SURFACE ( 'NONE', #3449, 1.000000000000000000 ) ;
#1946 = ORIENTED_EDGE ( 'NONE', *, *, #734, .T. ) ;
#1947 = DIRECTION ( 'NONE',  ( -0.000000000000000000, -0.000000000000000000, 1.000000000000000000 ) ) ;
#1948 = ORIENTED_EDGE ( 'NONE', *, *, #1809, .F. ) ;
#1949 = CARTESIAN_POINT ( 'NONE',  ( -9.869650449737308762, -7.000000000000008882, 15.00000000000000000 ) ) ;
#1950 = VECTOR ( 'NONE', #1783, 1000.000000000000000 ) ;
#1951 = CARTESIAN_POINT ( 'NONE',  ( 3.674648388158348489, -6.434101526017407480, -8.000000000000000000 ) ) ;
#1952 = LINE ( 'NONE', #2272, #1970 ) ;
#1953 = EDGE_CURVE ( 'NONE', #3940, #3868, #795, .T. ) ;
#1954 = CARTESIAN_POINT ( 'NONE',  ( 11.31415043209165638, 10.00000000000000711, 15.00000000000000000 ) ) ;
#1955 = LINE ( 'NONE', #1705, #266 ) ;
#1956 = ADVANCED_FACE ( 'NONE', ( #2573 ), #2301, .F. ) ;
#1957 = ORIENTED_EDGE ( 'NONE', *, *, #1334, .F. ) ;
#1958 = DIRECTION ( 'NONE',  ( 0.000000000000000000, 1.000000000000000000, -0.000000000000000000 ) ) ;
#1959 = ORIENTED_EDGE ( 'NONE', *, *, #635, .F. ) ;
#1960 = AXIS2_PLACEMENT_3D ( 'NONE', #2661, #1660, #3196 ) ;
#1961 = DIRECTION ( 'NONE',  ( 0.000000000000000000, 0.000000000000000000, 1.000000000000000000 ) ) ;
#1962 = CARTESIAN_POINT ( 'NONE',  ( 16.65707521604557684, -7.000000000000006217, 7.500000000000268230 ) ) ;
#1963 = CARTESIAN_POINT ( 'NONE',  ( -4.361062998351325604, -3.450535839913938307, -10.00000000000000000 ) ) ;
#1964 = EDGE_LOOP ( 'NONE', ( #1590, #2842 ) ) ;
#1965 = DIRECTION ( 'NONE',  ( -0.000000000000000000, -0.000000000000000000, 1.000000000000000000 ) ) ;
#1966 = DIRECTION ( 'NONE',  ( -0.000000000000000000, 0.000000000000000000, 1.000000000000000000 ) ) ;
#1967 = DIRECTION ( 'NONE',  ( -0.000000000000000000, -0.000000000000000000, 1.000000000000000000 ) ) ;
#1968 = VERTEX_POINT ( 'NONE', #2928 ) ;
#1969 = AXIS2_PLACEMENT_3D ( 'NONE', #2364, #2729, #3571 ) ;
#1970 = VECTOR ( 'NONE', #992, 1000.000000000000000 ) ;
#1971 = CIRCLE ( 'NONE', #248, 1.000000000000000444 ) ;
#1972 = AXIS2_PLACEMENT_3D ( 'NONE', #3252, #3633, #509 ) ;
#1973 = DIRECTION ( 'NONE',  ( -0.000000000000000000, -0.000000000000000000, -1.000000000000000000 ) ) ;
#1974 = CYLINDRICAL_SURFACE ( 'NONE', #3890, 12.09999999999999964 ) ;
#1975 = AXIS2_PLACEMENT_3D ( 'NONE', #2722, #607, #2155 ) ;
#1976 = EDGE_CURVE ( 'NONE', #236, #3536, #1403, .T. ) ;
#1977 = EDGE_CURVE ( 'NONE', #754, #3364, #564, .T. ) ;
#1978 = VERTEX_POINT ( 'NONE', #3336 ) ;
#1979 = DIRECTION ( 'NONE',  ( -1.000000000000000000, 0.000000000000000000, 0.000000000000000000 ) ) ;
#1980 = EDGE_LOOP ( 'NONE', ( #799, #1472 ) ) ;
#1981 = EDGE_CURVE ( 'NONE', #877, #618, #3291, .T. ) ;
#1982 = EDGE_CURVE ( 'NONE', #2783, #3274, #435, .T. ) ;
#1983 = DIRECTION ( 'NONE',  ( 2.775557561562891351E-16, -1.000000000000000000, 5.301314942585120903E-15 ) ) ;
#1984 = LINE ( 'NONE', #1347, #2297 ) ;
#1985 = VERTEX_POINT ( 'NONE', #3273 ) ;
#1986 = APPLICATION_CONTEXT ( 'automotive_design' ) ;
#1987 = CARTESIAN_POINT ( 'NONE',  ( 6.636688994367753835, 5.310777644757850524, -8.000000000000000000 ) ) ;
#1988 = ORIENTED_EDGE ( 'NONE', *, *, #3002, .T. ) ;
#1989 = DIRECTION ( 'NONE',  ( -0.000000000000000000, -0.000000000000000000, 1.000000000000000000 ) ) ;
#1990 = CIRCLE ( 'NONE', #767, 1.000000000000000222 ) ;
#1991 = FACE_OUTER_BOUND ( 'NONE', #3424, .T. ) ;
#1992 = CARTESIAN_POINT ( 'NONE',  ( -16.65707521604587171, 7.849999999998733102, 7.500000000000047962 ) ) ;
#1993 = VECTOR ( 'NONE', #738, 1000.000000000000000 ) ;
#1994 = VERTEX_POINT ( 'NONE', #319 ) ;
#1995 = VECTOR ( 'NONE', #2063, 1000.000000000000000 ) ;
#1996 = CIRCLE ( 'NONE', #2942, 25.00000000000000000 ) ;
#1997 = DIRECTION ( 'NONE',  ( -0.000000000000000000, 0.000000000000000000, 1.000000000000000000 ) ) ;
#1998 = ORIENTED_EDGE ( 'NONE', *, *, #608, .T. ) ;
#1999 = CARTESIAN_POINT ( 'NONE',  ( -5.556348158414492033, 0.2281736194380706295, 0.000000000000000000 ) ) ;
#2000 = AXIS2_PLACEMENT_3D ( 'NONE', #1327, #2619, #3767 ) ;
#2001 = DIRECTION ( 'NONE',  ( -2.775557561562891351E-16, 1.000000000000000000, -5.301314942585120903E-15 ) ) ;
#2002 = EDGE_LOOP ( 'NONE', ( #1269, #2164, #2895, #156 ) ) ;
#2003 = CARTESIAN_POINT ( 'NONE',  ( -6.636688994366200411, 5.310777644755707350, -8.000000000000000000 ) ) ;
#2004 = ORIENTED_EDGE ( 'NONE', *, *, #974, .T. ) ;
#2005 = DIRECTION ( 'NONE',  ( -2.775557561562891351E-16, 1.000000000000000000, -5.301314942585120903E-15 ) ) ;
#2006 = DIRECTION ( 'NONE',  ( 1.000000000000000000, 0.000000000000000000, 0.000000000000000000 ) ) ;
#2007 = ORIENTED_EDGE ( 'NONE', *, *, #830, .F. ) ;
#2008 = DIRECTION ( 'NONE',  ( -1.301042606982605567E-16, 1.000000000000000000, 0.000000000000000000 ) ) ;
#2009 = EDGE_LOOP ( 'NONE', ( #1567, #2397, #3456, #2521 ) ) ;
#2010 = CIRCLE ( 'NONE', #3150, 1.000000000000000000 ) ;
#2011 = DIRECTION ( 'NONE',  ( 1.000000000000000000, 0.000000000000000000, 0.000000000000000000 ) ) ;
#2012 = EDGE_CURVE ( 'NONE', #2223, #3263, #1136, .T. ) ;
#2013 = FACE_OUTER_BOUND ( 'NONE', #897, .T. ) ;
#2014 = CARTESIAN_POINT ( 'NONE',  ( 4.361062998355403231, -3.450535839912611369, -8.000000000000000000 ) ) ;
#2015 = ORIENTED_EDGE ( 'NONE', *, *, #1049, .F. ) ;
#2016 = EDGE_CURVE ( 'NONE', #595, #766, #2142, .T. ) ;
#2017 = LINE ( 'NONE', #1321, #2251 ) ;
#2018 = LINE ( 'NONE', #1767, #2252 ) ;
#2019 = EDGE_LOOP ( 'NONE', ( #2112, #1611 ) ) ;
#2020 = CARTESIAN_POINT ( 'NONE',  ( -1.499999999999999112, 5.354910648940147233, -10.00000000000000000 ) ) ;
#2021 = VERTEX_POINT ( 'NONE', #276 ) ;
#2022 = VECTOR ( 'NONE', #3537, 1000.000000000000000 ) ;
#2023 = CARTESIAN_POINT ( 'NONE',  ( -5.629297175289651456, 3.081343168323530612, 0.000000000000000000 ) ) ;
#2024 = CARTESIAN_POINT ( 'NONE',  ( -1.999999999999989120, 11.93356610573721355, 15.00000000000000000 ) ) ;
#2025 = EDGE_LOOP ( 'NONE', ( #3438, #58, #3021, #2460 ) ) ;
#2026 = CARTESIAN_POINT ( 'NONE',  ( 8.101699371283190843, -4.670745769139988290, 0.000000000000000000 ) ) ;
#2027 = ORIENTED_EDGE ( 'NONE', *, *, #3211, .T. ) ;
#2028 = FACE_OUTER_BOUND ( 'NONE', #3226, .T. ) ;
#2029 = EDGE_CURVE ( 'NONE', #3318, #3501, #3607, .T. ) ;
#2030 = DIRECTION ( 'NONE',  ( -0.000000000000000000, 0.000000000000000000, 1.000000000000000000 ) ) ;
#2031 = EDGE_CURVE ( 'NONE', #3106, #3517, #3355, .T. ) ;
#2032 = CIRCLE ( 'NONE', #3700, 1.630422744333457130 ) ;
#2033 = CARTESIAN_POINT ( 'NONE',  ( -17.65707521604608132, -7.850000000001272404, 7.500000000000285993 ) ) ;
#2034 = ORIENTED_EDGE ( 'NONE', *, *, #2230, .F. ) ;
#2035 = ADVANCED_FACE ( 'NONE', ( #1835, #3862 ), #3939, .F. ) ;
#2036 = EDGE_CURVE ( 'NONE', #1737, #322, #821, .T. ) ;
#2037 = CARTESIAN_POINT ( 'NONE',  ( 0.000000000000000000, 0.000000000000000000, 0.000000000000000000 ) ) ;
#2038 = DIRECTION ( 'NONE',  ( -0.000000000000000000, -0.000000000000000000, 1.000000000000000000 ) ) ;
#2039 = CARTESIAN_POINT ( 'NONE',  ( -9.869650449737315867, 7.000000000000001776, 15.00000000000000000 ) ) ;
#2040 = VECTOR ( 'NONE', #358, 1000.000000000000000 ) ;
#2041 = AXIS2_PLACEMENT_3D ( 'NONE', #1627, #109, #1336 ) ;
#2042 = DIRECTION ( 'NONE',  ( 0.000000000000000000, 0.000000000000000000, 1.000000000000000000 ) ) ;
#2043 = ORIENTED_EDGE ( 'NONE', *, *, #3275, .T. ) ;
#2044 = DIRECTION ( 'NONE',  ( -1.000000000000000000, 0.000000000000000000, 0.000000000000000000 ) ) ;
#2045 = EDGE_LOOP ( 'NONE', ( #3101, #3050 ) ) ;
#2046 = AXIS2_PLACEMENT_3D ( 'NONE', #638, #1860, #2593 ) ;
#2047 = DIRECTION ( 'NONE',  ( 1.000000000000000000, 0.000000000000000000, -8.673617379884027583E-16 ) ) ;
#2048 = DIRECTION ( 'NONE',  ( 1.000000000000000000, 0.000000000000000000, 0.000000000000000000 ) ) ;
#2049 = CARTESIAN_POINT ( 'NONE',  ( 0.000000000000000000, 7.952986860293433935, -8.000000000000000000 ) ) ;
#2050 = VERTEX_POINT ( 'NONE', #1504 ) ;
#2051 = LINE ( 'NONE', #3259, #3092 ) ;
#2052 = DIRECTION ( 'NONE',  ( 0.000000000000000000, 0.000000000000000000, -1.000000000000000000 ) ) ;
#2053 = DIRECTION ( 'NONE',  ( 1.000000000000000000, 0.000000000000000000, 0.000000000000000000 ) ) ;
#2054 = CARTESIAN_POINT ( 'NONE',  ( 1.247597405033505469, -8.197457282894827557, -8.000000000000000000 ) ) ;
#2055 = ORIENTED_EDGE ( 'NONE', *, *, #439, .T. ) ;
#2056 = AXIS2_PLACEMENT_3D ( 'NONE', #354, #2491, #3697 ) ;
#2057 = CIRCLE ( 'NONE', #129, 1.000000000000000888 ) ;
#2058 = DIRECTION ( 'NONE',  ( -2.775557561562891351E-16, 1.000000000000000000, -5.301314942585120903E-15 ) ) ;
#2059 = EDGE_CURVE ( 'NONE', #1176, #2281, #3882, .T. ) ;
#2060 = AXIS2_PLACEMENT_3D ( 'NONE', #2652, #1167, #2380 ) ;
#2061 = EDGE_CURVE ( 'NONE', #865, #3048, #2731, .T. ) ;
#2062 = EDGE_CURVE ( 'NONE', #1130, #1836, #594, .T. ) ;
#2063 = DIRECTION ( 'NONE',  ( -0.000000000000000000, -0.000000000000000000, 1.000000000000000000 ) ) ;
#2064 = ORIENTED_EDGE ( 'NONE', *, *, #3128, .T. ) ;
#2065 = CARTESIAN_POINT ( 'NONE',  ( -2.499999999999999556, 5.354910648940147233, 0.000000000000000000 ) ) ;
#2066 = ORIENTED_EDGE ( 'NONE', *, *, #1982, .T. ) ;
#2067 = AXIS2_PLACEMENT_3D ( 'NONE', #2264, #3825, #2303 ) ;
#2068 = DIRECTION ( 'NONE',  ( 0.000000000000000000, 0.000000000000000000, 1.000000000000000000 ) ) ;
#2069 = DIRECTION ( 'NONE',  ( -0.000000000000000000, -0.000000000000000000, 1.000000000000000000 ) ) ;
#2070 = ORIENTED_EDGE ( 'NONE', *, *, #372, .T. ) ;
#2071 = EDGE_LOOP ( 'NONE', ( #1343, #2927, #2932, #3721 ) ) ;
#2072 = DIRECTION ( 'NONE',  ( -1.000000000000000000, 0.000000000000000000, 0.000000000000000000 ) ) ;
#2073 = DIRECTION ( 'NONE',  ( 0.000000000000000000, 1.000000000000000000, -0.000000000000000000 ) ) ;
#2074 = DIRECTION ( 'NONE',  ( -0.000000000000000000, -0.000000000000000000, 1.000000000000000000 ) ) ;
#2075 = ORIENTED_EDGE ( 'NONE', *, *, #1606, .F. ) ;
#2076 = CARTESIAN_POINT ( 'NONE',  ( 15.09999999999999964, 1.849216666712503340E-15, 15.00000000000000000 ) ) ;
#2077 = ORIENTED_EDGE ( 'NONE', *, *, #2787, .T. ) ;
#2078 = LINE ( 'NONE', #186, #176 ) ;
#2079 = DIRECTION ( 'NONE',  ( 0.000000000000000000, 0.000000000000000000, -1.000000000000000000 ) ) ;
#2080 = AXIS2_PLACEMENT_3D ( 'NONE', #1529, #583, #621 ) ;
#2081 = ADVANCED_FACE ( 'NONE', ( #1152 ), #2385, .F. ) ;
#2082 = DIRECTION ( 'NONE',  ( 0.000000000000000000, 0.000000000000000000, -1.000000000000000000 ) ) ;
#2083 = ORIENTED_EDGE ( 'NONE', *, *, #2586, .T. ) ;
#2084 = FACE_OUTER_BOUND ( 'NONE', #3376, .T. ) ;
#2085 = ORIENTED_EDGE ( 'NONE', *, *, #372, .F. ) ;
#2086 = CARTESIAN_POINT ( 'NONE',  ( 7.636688994367753835, 5.310777644757850524, -8.000000000000000000 ) ) ;
#2087 = ORIENTED_EDGE ( 'NONE', *, *, #589, .F. ) ;
#2088 = CARTESIAN_POINT ( 'NONE',  ( 19.26568538614684201, -6.789557106205628578, -13.99999999999999822 ) ) ;
#2089 = EDGE_CURVE ( 'NONE', #3048, #865, #2673, .T. ) ;
#2090 = ORIENTED_EDGE ( 'NONE', *, *, #1613, .T. ) ;
#2091 = DIRECTION ( 'NONE',  ( 2.775557561562891351E-16, -1.000000000000000000, 5.301314942585120903E-15 ) ) ;
#2092 = DIRECTION ( 'NONE',  ( 0.000000000000000000, 0.000000000000000000, 1.000000000000000000 ) ) ;
#2093 = FACE_BOUND ( 'NONE', #2604, .T. ) ;
#2094 = DIRECTION ( 'NONE',  ( 1.000000000000000000, 0.000000000000000000, 0.000000000000000000 ) ) ;
#2095 = VERTEX_POINT ( 'NONE', #2065 ) ;
#2096 = AXIS2_PLACEMENT_3D ( 'NONE', #2346, #3234, #1060 ) ;
#2097 = DIRECTION ( 'NONE',  ( -1.000000000000000000, 0.000000000000000000, 0.000000000000000000 ) ) ;
#2098 = FACE_OUTER_BOUND ( 'NONE', #221, .T. ) ;
#2099 = ORIENTED_EDGE ( 'NONE', *, *, #3510, .F. ) ;
#2100 = DIRECTION ( 'NONE',  ( 1.000000000000000000, 2.775557561562891351E-16, -8.383884571949778426E-16 ) ) ;
#2101 = ORIENTED_EDGE ( 'NONE', *, *, #3413, .F. ) ;
#2102 = EDGE_CURVE ( 'NONE', #105, #2995, #2359, .T. ) ;
#2103 = VECTOR ( 'NONE', #1610, 1000.000000000000000 ) ;
#2104 = CIRCLE ( 'NONE', #3491, 1.630422744333460239 ) ;
#2105 = ADVANCED_FACE ( 'NONE', ( #2966, #2084 ), #1769, .F. ) ;
#2106 = CARTESIAN_POINT ( 'NONE',  ( -16.65707521604587171, 9.999999999998724576, 7.500000000000034639 ) ) ;
#2107 = DIRECTION ( 'NONE',  ( 1.000000000000000000, 0.000000000000000000, 0.000000000000000000 ) ) ;
#2108 = ORIENTED_EDGE ( 'NONE', *, *, #373, .F. ) ;
#2109 = CIRCLE ( 'NONE', #53, 1.000000000000000888 ) ;
#2110 = CARTESIAN_POINT ( 'NONE',  ( 9.107298248878249079E-16, -7.000000000000007994, 0.000000000000000000 ) ) ;
#2111 = CIRCLE ( 'NONE', #3497, 1.630422744333460239 ) ;
#2112 = ORIENTED_EDGE ( 'NONE', *, *, #1804, .F. ) ;
#2113 = LINE ( 'NONE', #3322, #667 ) ;
#2114 = VECTOR ( 'NONE', #124, 1000.000000000000000 ) ;
#2115 = EDGE_CURVE ( 'NONE', #2246, #3028, #670, .T. ) ;
#2116 = EDGE_CURVE ( 'NONE', #85, #3290, #1587, .T. ) ;
#2117 = CARTESIAN_POINT ( 'NONE',  ( 4.674648388158348489, -6.434101526017407480, -8.000000000000000000 ) ) ;
#2118 = FACE_BOUND ( 'NONE', #2221, .T. ) ;
#2119 = CARTESIAN_POINT ( 'NONE',  ( -16.65707521604608132, -10.00000000000130029, 7.500000000000298428 ) ) ;
#2120 = ORIENTED_EDGE ( 'NONE', *, *, #860, .F. ) ;
#2121 = FACE_OUTER_BOUND ( 'NONE', #1586, .T. ) ;
#2122 = CIRCLE ( 'NONE', #2056, 1.000000000000002665 ) ;
#2123 = AXIS2_PLACEMENT_3D ( 'NONE', #1657, #2874, #3160 ) ;
#2124 = ORIENTED_EDGE ( 'NONE', *, *, #2206, .T. ) ;
#2125 = CARTESIAN_POINT ( 'NONE',  ( 16.65707521604557684, -10.00000000000127187, 7.500000000000284217 ) ) ;
#2126 = ORIENTED_EDGE ( 'NONE', *, *, #2354, .T. ) ;
#2127 = VECTOR ( 'NONE', #726, 1000.000000000000000 ) ;
#2128 = DIRECTION ( 'NONE',  ( -0.000000000000000000, -0.000000000000000000, 1.000000000000000000 ) ) ;
#2129 = ORIENTED_EDGE ( 'NONE', *, *, #728, .T. ) ;
#2130 = PRESENTATION_STYLE_ASSIGNMENT (( #1838 ) ) ;
#2131 = ORIENTED_EDGE ( 'NONE', *, *, #930, .T. ) ;
#2132 = CARTESIAN_POINT ( 'NONE',  ( 4.629297175291207544, 3.081343168325675563, 0.000000000000000000 ) ) ;
#2133 = DIRECTION ( 'NONE',  ( -0.000000000000000000, -0.000000000000000000, 1.000000000000000000 ) ) ;
#2134 = DIRECTION ( 'NONE',  ( -0.000000000000000000, -0.000000000000000000, 1.000000000000000000 ) ) ;
#2135 = CARTESIAN_POINT ( 'NONE',  ( 22.00000000000000000, -7.000000000000000000, 15.00000000000000000 ) ) ;
#2136 = EDGE_LOOP ( 'NONE', ( #2322, #1957, #1207, #317 ) ) ;
#2137 = CARTESIAN_POINT ( 'NONE',  ( -0.9340120152264849152, -5.213891596791355276, 0.000000000000000000 ) ) ;
#2138 = EDGE_CURVE ( 'NONE', #1193, #3015, #1300, .T. ) ;
#2139 = CARTESIAN_POINT ( 'NONE',  ( 3.629297175291207989, 3.081343168325675563, 0.000000000000000000 ) ) ;
#2140 = AXIS2_PLACEMENT_3D ( 'NONE', #155, #3768, #1041 ) ;
#2141 = ORIENTED_EDGE ( 'NONE', *, *, #3393, .F. ) ;
#2142 = LINE ( 'NONE', #299, #2290 ) ;
#2143 = VERTEX_POINT ( 'NONE', #30 ) ;
#2144 = AXIS2_PLACEMENT_3D ( 'NONE', #501, #2348, #1720 ) ;
#2145 = CARTESIAN_POINT ( 'NONE',  ( -21.99999999999999645, -7.632783294297944905E-15, 0.000000000000000000 ) ) ;
#2146 = CARTESIAN_POINT ( 'NONE',  ( 1.934012015230563097, -5.213891596790031002, -10.00000000000000000 ) ) ;
#2147 = VERTEX_POINT ( 'NONE', #1855 ) ;
#2148 = DIRECTION ( 'NONE',  ( 1.000000000000000000, 0.000000000000000000, 0.000000000000000000 ) ) ;
#2149 = ORIENTED_EDGE ( 'NONE', *, *, #1681, .F. ) ;
#2150 = CARTESIAN_POINT ( 'NONE',  ( -14.65707521604607955, -10.00000000000130029, 7.500000000000296652 ) ) ;
#2151 = CARTESIAN_POINT ( 'NONE',  ( 16.65707521604557684, -10.00000000000127187, 7.500000000000284217 ) ) ;
#2152 = DIRECTION ( 'NONE',  ( 0.000000000000000000, 0.000000000000000000, -1.000000000000000000 ) ) ;
#2153 = LINE ( 'NONE', #587, #3496 ) ;
#2154 = EDGE_LOOP ( 'NONE', ( #705, #3538 ) ) ;
#2155 = DIRECTION ( 'NONE',  ( -1.000000000000000000, 0.000000000000000000, 0.000000000000000000 ) ) ;
#2156 = EDGE_CURVE ( 'NONE', #2730, #3075, #881, .T. ) ;
#2157 = ADVANCED_FACE ( 'NONE', ( #3090 ), #2771, .F. ) ;
#2158 = DIRECTION ( 'NONE',  ( 0.000000000000000000, 0.000000000000000000, 1.000000000000000000 ) ) ;
#2159 = AXIS2_PLACEMENT_3D ( 'NONE', #2267, #388, #2228 ) ;
#2160 = EDGE_CURVE ( 'NONE', #3369, #3009, #2237, .T. ) ;
#2161 = ADVANCED_FACE ( 'NONE', ( #93 ), #953, .F. ) ;
#2162 = EDGE_LOOP ( 'NONE', ( #2888, #3409, #361, #2320 ) ) ;
#2163 = CARTESIAN_POINT ( 'NONE',  ( 0.000000000000000000, 0.000000000000000000, 0.000000000000000000 ) ) ;
#2164 = ORIENTED_EDGE ( 'NONE', *, *, #1901, .T. ) ;
#2165 = CYLINDRICAL_SURFACE ( 'NONE', #1780, 1.000000000000000888 ) ;
#2166 = DIRECTION ( 'NONE',  ( 1.000000000000000000, 0.000000000000000000, 0.000000000000000000 ) ) ;
#2167 = ORIENTED_EDGE ( 'NONE', *, *, #1000, .F. ) ;
#2168 = DIRECTION ( 'NONE',  ( -0.000000000000000000, 0.000000000000000000, 1.000000000000000000 ) ) ;
#2169 = ORIENTED_EDGE ( 'NONE', *, *, #1459, .T. ) ;
#2170 = CIRCLE ( 'NONE', #430, 1.630422744333458906 ) ;
#2171 = AXIS2_PLACEMENT_3D ( 'NONE', #3045, #1560, #1499 ) ;
#2172 = DIRECTION ( 'NONE',  ( 1.000000000000000000, 1.301042606982605567E-16, 0.000000000000000000 ) ) ;
#2173 = LINE ( 'NONE', #2486, #1619 ) ;
#2174 = ORIENTED_EDGE ( 'NONE', *, *, #611, .T. ) ;
#2175 = CYLINDRICAL_SURFACE ( 'NONE', #1064, 1.000000000000000000 ) ;
#2176 = EDGE_LOOP ( 'NONE', ( #2887, #3428, #3835, #3188 ) ) ;
#2177 = CIRCLE ( 'NONE', #1975, 1.630422744333460239 ) ;
#2178 = CARTESIAN_POINT ( 'NONE',  ( 4.361062998355403231, -3.450535839912611369, 0.000000000000000000 ) ) ;
#2179 = ADVANCED_FACE ( 'NONE', ( #3107 ), #651, .F. ) ;
#2180 = ORIENTED_EDGE ( 'NONE', *, *, #1217, .F. ) ;
#2181 = DIRECTION ( 'NONE',  ( 1.000000000000000000, 0.000000000000000000, 0.000000000000000000 ) ) ;
#2182 = EDGE_LOOP ( 'NONE', ( #2083, #2229 ) ) ;
#2183 = ADVANCED_FACE ( 'NONE', ( #1521, #2516, #993, #3368, #3739, #1012, #978, #3446, #10, #3683, #2199, #3423, #3405, #3722, #713, #691, #3129, #1227, #398, #338, #2833, #1541, #1938, #2751, #2456, #3664 ), #934, .T. ) ;
#2184 = AXIS2_PLACEMENT_3D ( 'NONE', #3232, #1693, #2912 ) ;
#2185 = LINE ( 'NONE', #3709, #2872 ) ;
#2186 = ORIENTED_EDGE ( 'NONE', *, *, #2808, .F. ) ;
#2187 = FACE_OUTER_BOUND ( 'NONE', #1120, .T. ) ;
#2188 = ORIENTED_EDGE ( 'NONE', *, *, #831, .F. ) ;
#2189 = VECTOR ( 'NONE', #425, 1000.000000000000000 ) ;
#2190 = LINE ( 'NONE', #101, #460 ) ;
#2191 = FACE_BOUND ( 'NONE', #2756, .T. ) ;
#2192 = ORIENTED_EDGE ( 'NONE', *, *, #1977, .F. ) ;
#2193 = CARTESIAN_POINT ( 'NONE',  ( 0.000000000000000000, 0.000000000000000000, 15.00000000000000000 ) ) ;
#2194 = VERTEX_POINT ( 'NONE', #427 ) ;
#2195 = CARTESIAN_POINT ( 'NONE',  ( -1.182766006347823700E-15, 10.00000000000000533, 15.00000000000000000 ) ) ;
#2196 = DIRECTION ( 'NONE',  ( -0.000000000000000000, -0.000000000000000000, 1.000000000000000000 ) ) ;
#2197 = DIRECTION ( 'NONE',  ( -0.000000000000000000, -0.000000000000000000, 1.000000000000000000 ) ) ;
#2198 = VERTEX_POINT ( 'NONE', #489 ) ;
#2199 = FACE_OUTER_BOUND ( 'NONE', #606, .T. ) ;
#2200 = ORIENTED_EDGE ( 'NONE', *, *, #1548, .F. ) ;
#2201 = EDGE_CURVE ( 'NONE', #595, #671, #2170, .T. ) ;
#2202 = DIRECTION ( 'NONE',  ( -0.000000000000000000, -0.000000000000000000, 1.000000000000000000 ) ) ;
#2203 = ORIENTED_EDGE ( 'NONE', *, *, #1402, .T. ) ;
#2204 = CARTESIAN_POINT ( 'NONE',  ( 1.999999999999989120, 11.93356610573721355, 15.00000000000000000 ) ) ;
#2205 = VERTEX_POINT ( 'NONE', #747 ) ;
#2206 = EDGE_CURVE ( 'NONE', #442, #852, #2482, .T. ) ;
#2207 = ADVANCED_FACE ( 'NONE', ( #2337 ), #3526, .F. ) ;
#2208 = FACE_BOUND ( 'NONE', #3601, .T. ) ;
#2209 = DIRECTION ( 'NONE',  ( 1.000000000000000000, 0.000000000000000000, -8.673617379884027583E-16 ) ) ;
#2210 = ORIENTED_EDGE ( 'NONE', *, *, #2835, .F. ) ;
#2211 = FACE_OUTER_BOUND ( 'NONE', #3179, .T. ) ;
#2212 = ORIENTED_EDGE ( 'NONE', *, *, #3479, .T. ) ;
#2213 = CARTESIAN_POINT ( 'NONE',  ( -9.490790960615880678, -0.3955614530152174457, -8.000000000000000000 ) ) ;
#2214 = DIRECTION ( 'NONE',  ( 0.000000000000000000, 0.000000000000000000, -1.000000000000000000 ) ) ;
#2215 = DIRECTION ( 'NONE',  ( 0.000000000000000000, -0.000000000000000000, -1.000000000000000000 ) ) ;
#2216 = AXIS2_PLACEMENT_3D ( 'NONE', #3280, #2994, #14 ) ;
#2217 = DIRECTION ( 'NONE',  ( -1.000000000000000000, 0.000000000000000000, 0.000000000000000000 ) ) ;
#2218 = EDGE_LOOP ( 'NONE', ( #56, #2941 ) ) ;
#2219 = AXIS2_PLACEMENT_3D ( 'NONE', #2467, #3020, #2687 ) ;
#2220 = FACE_OUTER_BOUND ( 'NONE', #423, .T. ) ;
#2221 = EDGE_LOOP ( 'NONE', ( #760, #863 ) ) ;
#2222 = DIRECTION ( 'NONE',  ( -1.000000000000000000, 0.000000000000000000, 8.673617379884027583E-16 ) ) ;
#2223 = VERTEX_POINT ( 'NONE', #1340 ) ;
#2224 = EDGE_CURVE ( 'NONE', #1366, #1618, #2988, .T. ) ;
#2225 = DIRECTION ( 'NONE',  ( -0.000000000000000000, 0.000000000000000000, 1.000000000000000000 ) ) ;
#2226 = FACE_BOUND ( 'NONE', #1240, .T. ) ;
#2227 = EDGE_LOOP ( 'NONE', ( #3406, #1719 ) ) ;
#2228 = DIRECTION ( 'NONE',  ( -1.000000000000000000, 0.000000000000000000, 0.000000000000000000 ) ) ;
#2229 = ORIENTED_EDGE ( 'NONE', *, *, #2618, .T. ) ;
#2230 = EDGE_CURVE ( 'NONE', #2777, #3379, #826, .T. ) ;
#2231 = VECTOR ( 'NONE', #1487, 1000.000000000000000 ) ;
#2232 = AXIS2_PLACEMENT_3D ( 'NONE', #3147, #1892, #1911 ) ;
#2233 = CARTESIAN_POINT ( 'NONE',  ( 22.00000000000000000, -10.00000000000000711, 15.00000000000000000 ) ) ;
#2234 = DIRECTION ( 'NONE',  ( 1.000000000000000000, 0.000000000000000000, 0.000000000000000000 ) ) ;
#2235 = AXIS2_PLACEMENT_3D ( 'NONE', #22, #3600, #2094 ) ;
#2236 = CIRCLE ( 'NONE', #1016, 2.000000000000001776 ) ;
#2237 = LINE ( 'NONE', #72, #629 ) ;
#2238 = EDGE_LOOP ( 'NONE', ( #3337, #2212, #1491, #1325 ) ) ;
#2239 = ORIENTED_EDGE ( 'NONE', *, *, #1907, .F. ) ;
#2240 = AXIS2_PLACEMENT_3D ( 'NONE', #2845, #392, #1259 ) ;
#2241 = LINE ( 'NONE', #1591, #2606 ) ;
#2242 = ORIENTED_EDGE ( 'NONE', *, *, #2618, .F. ) ;
#2243 = VECTOR ( 'NONE', #1677, 1000.000000000000000 ) ;
#2244 = DIRECTION ( 'NONE',  ( -1.000000000000000000, 0.000000000000000000, -0.000000000000000000 ) ) ;
#2245 = CARTESIAN_POINT ( 'NONE',  ( -1.182766006347823700E-15, 10.00000000000000533, 0.000000000000000000 ) ) ;
#2246 = VERTEX_POINT ( 'NONE', #2886 ) ;
#2247 = EDGE_CURVE ( 'NONE', #2890, #3169, #951, .T. ) ;
#2248 = FACE_OUTER_BOUND ( 'NONE', #1061, .T. ) ;
#2249 = VERTEX_POINT ( 'NONE', #1375 ) ;
#2250 = CYLINDRICAL_SURFACE ( 'NONE', #2925, 1.000000000000000888 ) ;
#2251 = VECTOR ( 'NONE', #128, 1000.000000000000000 ) ;
#2252 = VECTOR ( 'NONE', #3818, 1000.000000000000000 ) ;
#2253 = EDGE_CURVE ( 'NONE', #100, #601, #1014, .T. ) ;
#2254 = VECTOR ( 'NONE', #2763, 1000.000000000000000 ) ;
#2255 = CARTESIAN_POINT ( 'NONE',  ( -3.000000000000000000, 7.952986860293433935, -8.000000000000000000 ) ) ;
#2256 = ADVANCED_FACE ( 'NONE', ( #2316 ), #2923, .F. ) ;
#2257 = CARTESIAN_POINT ( 'NONE',  ( 5.361062998355403231, -3.450535839912611369, -10.00000000000000000 ) ) ;
#2258 = AXIS2_PLACEMENT_3D ( 'NONE', #1735, #1117, #457 ) ;
#2259 = CARTESIAN_POINT ( 'NONE',  ( 1.934012015230563097, -5.213891596790031002, -8.000000000000000000 ) ) ;
#2260 = CARTESIAN_POINT ( 'NONE',  ( -4.361062998351325604, -3.450535839913938307, -8.000000000000000000 ) ) ;
#2261 = ORIENTED_EDGE ( 'NONE', *, *, #2851, .F. ) ;
#2262 = CARTESIAN_POINT ( 'NONE',  ( -3.000000000000000000, 7.952986860293433935, -8.000000000000000000 ) ) ;
#2263 = ORIENTED_EDGE ( 'NONE', *, *, #1168, .T. ) ;
#2264 = CARTESIAN_POINT ( 'NONE',  ( 0.000000000000000000, 0.000000000000000000, 15.00000000000000000 ) ) ;
#2265 = DIRECTION ( 'NONE',  ( -2.775557561562891351E-16, 1.000000000000000000, -5.301314942585120903E-15 ) ) ;
#2266 = EDGE_LOOP ( 'NONE', ( #2853, #736, #3892, #350 ) ) ;
#2267 = CARTESIAN_POINT ( 'NONE',  ( 0.000000000000000000, 0.000000000000000000, 15.00000000000000000 ) ) ;
#2268 = EDGE_LOOP ( 'NONE', ( #1329, #378 ) ) ;
#2269 = LINE ( 'NONE', #424, #3752 ) ;
#2270 = AXIS2_PLACEMENT_3D ( 'NONE', #1062, #2957, #240 ) ;
#2271 = CARTESIAN_POINT ( 'NONE',  ( -21.99999999999999645, -7.632783294297944905E-15, 15.00000000000000000 ) ) ;
#2272 = CARTESIAN_POINT ( 'NONE',  ( -5.674648388154269973, -6.434101526018735306, -10.00000000000000000 ) ) ;
#2273 = ORIENTED_EDGE ( 'NONE', *, *, #2298, .F. ) ;
#2274 = EDGE_CURVE ( 'NONE', #1618, #3067, #1052, .T. ) ;
#2275 = EDGE_CURVE ( 'NONE', #3028, #2973, #2547, .T. ) ;
#2276 = CARTESIAN_POINT ( 'NONE',  ( 6.101699371283188178, -4.670745769139988290, -8.000000000000000000 ) ) ;
#2277 = DIRECTION ( 'NONE',  ( -1.000000000000000000, 0.000000000000000000, 0.000000000000000000 ) ) ;
#2278 = EDGE_CURVE ( 'NONE', #3143, #1176, #3431, .T. ) ;
#2279 = ORIENTED_EDGE ( 'NONE', *, *, #1789, .F. ) ;
#2280 = CARTESIAN_POINT ( 'NONE',  ( -4.674648388154269973, -6.434101526018735306, 0.000000000000000000 ) ) ;
#2281 = VERTEX_POINT ( 'NONE', #3465 ) ;
#2282 = CARTESIAN_POINT ( 'NONE',  ( -14.65707521604607955, -10.00000000000130029, 7.500000000000296652 ) ) ;
#2283 = ORIENTED_EDGE ( 'NONE', *, *, #1097, .T. ) ;
#2284 = FACE_OUTER_BOUND ( 'NONE', #2025, .T. ) ;
#2285 = VERTEX_POINT ( 'NONE', #2570 ) ;
#2286 = DIRECTION ( 'NONE',  ( 1.000000000000000000, 0.000000000000000000, 0.000000000000000000 ) ) ;
#2287 = FACE_OUTER_BOUND ( 'NONE', #3576, .T. ) ;
#2288 = DIRECTION ( 'NONE',  ( 0.000000000000000000, -0.000000000000000000, -1.000000000000000000 ) ) ;
#2289 = VERTEX_POINT ( 'NONE', #2276 ) ;
#2290 = VECTOR ( 'NONE', #3627, 1000.000000000000000 ) ;
#2291 = AXIS2_PLACEMENT_3D ( 'NONE', #508, #1166, #1417 ) ;
#2292 = VECTOR ( 'NONE', #1324, 1000.000000000000000 ) ;
#2293 = CIRCLE ( 'NONE', #1203, 1.630422744333462237 ) ;
#2294 = AXIS2_PLACEMENT_3D ( 'NONE', #545, #1515, #1143 ) ;
#2295 = DIRECTION ( 'NONE',  ( -0.000000000000000000, -0.000000000000000000, 1.000000000000000000 ) ) ;
#2296 = DIRECTION ( 'NONE',  ( 0.000000000000000000, 0.000000000000000000, -1.000000000000000000 ) ) ;
#2297 = VECTOR ( 'NONE', #441, 1000.000000000000000 ) ;
#2298 = EDGE_CURVE ( 'NONE', #2386, #1404, #730, .T. ) ;
#2299 = VERTEX_POINT ( 'NONE', #3186 ) ;
#2300 = EDGE_CURVE ( 'NONE', #671, #595, #1322, .T. ) ;
#2301 = CYLINDRICAL_SURFACE ( 'NONE', #1576, 1.000000000000000222 ) ;
#2302 = ORIENTED_EDGE ( 'NONE', *, *, #215, .F. ) ;
#2303 = DIRECTION ( 'NONE',  ( 1.000000000000000000, 0.000000000000000000, 0.000000000000000000 ) ) ;
#2304 = DIRECTION ( 'NONE',  ( -0.000000000000000000, -0.000000000000000000, 1.000000000000000000 ) ) ;
#2305 = ORIENTED_EDGE ( 'NONE', *, *, #1556, .T. ) ;
#2306 = DIRECTION ( 'NONE',  ( 0.000000000000000000, 0.000000000000000000, -1.000000000000000000 ) ) ;
#2307 = ORIENTED_EDGE ( 'NONE', *, *, #2355, .T. ) ;
#2308 = CARTESIAN_POINT ( 'NONE',  ( 0.4999999999999989453, 5.354910648940147233, 0.000000000000000000 ) ) ;
#2309 = AXIS2_PLACEMENT_3D ( 'NONE', #2898, #3448, #2936 ) ;
#2310 = CARTESIAN_POINT ( 'NONE',  ( -6.563739977491040989, 2.457608095870243314, -8.000000000000000000 ) ) ;
#2311 = CARTESIAN_POINT ( 'NONE',  ( 14.65707521604551289, 9.999999999998738787, 7.500000000000244249 ) ) ;
#2312 = CIRCLE ( 'NONE', #584, 1.000000000000000222 ) ;
#2313 = ORIENTED_EDGE ( 'NONE', *, *, #1194, .F. ) ;
#2314 = VECTOR ( 'NONE', #1380, 1000.000000000000000 ) ;
#2315 = AXIS2_PLACEMENT_3D ( 'NONE', #490, #1053, #2277 ) ;
#2316 = FACE_OUTER_BOUND ( 'NONE', #1109, .T. ) ;
#2317 = FACE_OUTER_BOUND ( 'NONE', #1056, .T. ) ;
#2318 = AXIS2_PLACEMENT_3D ( 'NONE', #3574, #2068, #895 ) ;
#2319 = CARTESIAN_POINT ( 'NONE',  ( -1.247597405029426731, -8.197457282896154496, -8.000000000000000000 ) ) ;
#2320 = ORIENTED_EDGE ( 'NONE', *, *, #1399, .F. ) ;
#2321 = FACE_OUTER_BOUND ( 'NONE', #3508, .T. ) ;
#2322 = ORIENTED_EDGE ( 'NONE', *, *, #1664, .T. ) ;
#2323 = DIRECTION ( 'NONE',  ( -1.000000000000000000, 0.000000000000000000, 0.000000000000000000 ) ) ;
#2324 = DIRECTION ( 'NONE',  ( -0.000000000000000000, -0.000000000000000000, 1.000000000000000000 ) ) ;
#2325 = EDGE_LOOP ( 'NONE', ( #2101, #1296, #637, #3400, #3156, #3130 ) ) ;
#2326 = CARTESIAN_POINT ( 'NONE',  ( -16.65707521604608132, -7.000000000000009770, 7.500000000000282441 ) ) ;
#2327 = ORIENTED_EDGE ( 'NONE', *, *, #1752, .T. ) ;
#2328 = CARTESIAN_POINT ( 'NONE',  ( 25.00000000000000000, 0.000000000000000000, -5.000000000000000000 ) ) ;
#2329 = EDGE_CURVE ( 'NONE', #1836, #2636, #1709, .T. ) ;
#2330 = ADVANCED_FACE ( 'NONE', ( #3857 ), #3659, .F. ) ;
#2331 = DIRECTION ( 'NONE',  ( -0.000000000000000000, 0.000000000000000000, 1.000000000000000000 ) ) ;
#2332 = CARTESIAN_POINT ( 'NONE',  ( 2.934012015230563097, -5.213891596790031002, -8.000000000000000000 ) ) ;
#2333 = ORIENTED_EDGE ( 'NONE', *, *, #1982, .F. ) ;
#2334 = VECTOR ( 'NONE', #1453, 1000.000000000000000 ) ;
#2335 = DIRECTION ( 'NONE',  ( -0.000000000000000000, -0.000000000000000000, -1.000000000000000000 ) ) ;
#2336 = DIRECTION ( 'NONE',  ( 2.775557561562891351E-16, -1.000000000000000000, 5.301314942585120903E-15 ) ) ;
#2337 = FACE_OUTER_BOUND ( 'NONE', #485, .T. ) ;
#2338 = PLANE ( 'NONE',  #130 ) ;
#2339 = DIRECTION ( 'NONE',  ( -0.000000000000000000, -0.000000000000000000, 1.000000000000000000 ) ) ;
#2340 = EDGE_LOOP ( 'NONE', ( #3785, #2617, #650, #3944 ) ) ;
#2341 = DIRECTION ( 'NONE',  ( 1.000000000000000000, 1.301042606982605567E-16, 0.000000000000000000 ) ) ;
#2342 = ORIENTED_EDGE ( 'NONE', *, *, #776, .T. ) ;
#2343 = CARTESIAN_POINT ( 'NONE',  ( -21.99999999999999289, -10.00000000000001243, 15.00000000000000000 ) ) ;
#2344 = LINE ( 'NONE', #3031, #3509 ) ;
#2345 = ORIENTED_EDGE ( 'NONE', *, *, #2253, .T. ) ;
#2346 = CARTESIAN_POINT ( 'NONE',  ( 7.563739977492597966, 2.457608095872390930, -8.000000000000000000 ) ) ;
#2347 = ORIENTED_EDGE ( 'NONE', *, *, #3413, .T. ) ;
#2348 = DIRECTION ( 'NONE',  ( -0.000000000000000000, -0.000000000000000000, 1.000000000000000000 ) ) ;
#2349 = AXIS2_PLACEMENT_3D ( 'NONE', #2782, #3142, #3771 ) ;
#2350 = EDGE_CURVE ( 'NONE', #1691, #877, #209, .T. ) ;
#2351 = DIRECTION ( 'NONE',  ( 1.000000000000000000, 0.000000000000000000, 0.000000000000000000 ) ) ;
#2352 = CIRCLE ( 'NONE', #813, 1.000000000000000888 ) ;
#2353 = VERTEX_POINT ( 'NONE', #1256 ) ;
#2354 = EDGE_CURVE ( 'NONE', #1438, #3451, #2177, .T. ) ;
#2355 = EDGE_CURVE ( 'NONE', #1424, #2744, #1910, .T. ) ;
#2356 = EDGE_CURVE ( 'NONE', #3315, #775, #2984, .T. ) ;
#2357 = PLANE ( 'NONE',  #2740 ) ;
#2358 = DIRECTION ( 'NONE',  ( 0.000000000000000000, 0.000000000000000000, 1.000000000000000000 ) ) ;
#2359 = CIRCLE ( 'NONE', #374, 1.000000000000001776 ) ;
#2360 = AXIS2_PLACEMENT_3D ( 'NONE', #3644, #272, #3620 ) ;
#2361 = CARTESIAN_POINT ( 'NONE',  ( 1.182766006347824686E-15, -10.00000000000001066, 15.00000000000000000 ) ) ;
#2362 = AXIS2_PLACEMENT_3D ( 'NONE', #166, #2038, #1068 ) ;
#2363 = EDGE_LOOP ( 'NONE', ( #935, #1696, #1151, #2043 ) ) ;
#2364 = CARTESIAN_POINT ( 'NONE',  ( -16.65707521604608132, -10.00000000000130029, 7.500000000000298428 ) ) ;
#2365 = EDGE_LOOP ( 'NONE', ( #2819, #1684 ) ) ;
#2366 = CARTESIAN_POINT ( 'NONE',  ( -1.182766006347823700E-15, 10.00000000000000533, 15.00000000000000000 ) ) ;
#2367 = CARTESIAN_POINT ( 'NONE',  ( 7.563739977492597966, 2.457608095872390930, -10.00000000000000000 ) ) ;
#2368 = VERTEX_POINT ( 'NONE', #2137 ) ;
#2369 = DIRECTION ( 'NONE',  ( 1.000000000000000000, 0.000000000000000000, -8.673617379884027583E-16 ) ) ;
#2370 = ORIENTED_EDGE ( 'NONE', *, *, #2726, .T. ) ;
#2371 = DIRECTION ( 'NONE',  ( -1.000000000000000000, 0.000000000000000000, 0.000000000000000000 ) ) ;
#2372 = CARTESIAN_POINT ( 'NONE',  ( -1.999999999999989120, -14.96696361991970647, 15.00000000000000000 ) ) ;
#2373 = CARTESIAN_POINT ( 'NONE',  ( 0.000000000000000000, 0.000000000000000000, 15.00000000000000000 ) ) ;
#2374 = ORIENTED_EDGE ( 'NONE', *, *, #1703, .F. ) ;
#2375 = CARTESIAN_POINT ( 'NONE',  ( -3.247597405029427620, -8.197457282896154496, -8.000000000000000000 ) ) ;
#2376 = ORIENTED_EDGE ( 'NONE', *, *, #2036, .F. ) ;
#2377 = ADVANCED_FACE ( 'NONE', ( #1849 ), #351, .F. ) ;
#2378 = ADVANCED_FACE ( 'NONE', ( #289 ), #1828, .F. ) ;
#2379 = AXIS2_PLACEMENT_3D ( 'NONE', #2146, #1858, #3357 ) ;
#2380 = DIRECTION ( 'NONE',  ( -1.000000000000000000, 0.000000000000000000, 0.000000000000000000 ) ) ;
#2381 = AXIS2_PLACEMENT_3D ( 'NONE', #1791, #3288, #3027 ) ;
#2382 = EDGE_CURVE ( 'NONE', #865, #1737, #311, .T. ) ;
#2383 = DIRECTION ( 'NONE',  ( 1.000000000000000000, 1.301042606982605567E-16, 0.000000000000000000 ) ) ;
#2384 = VERTEX_POINT ( 'NONE', #2430 ) ;
#2385 = CYLINDRICAL_SURFACE ( 'NONE', #1969, 1.000000000000000888 ) ;
#2386 = VERTEX_POINT ( 'NONE', #1518 ) ;
#2387 = CIRCLE ( 'NONE', #3395, 1.000000000000000000 ) ;
#2388 = DIRECTION ( 'NONE',  ( 1.000000000000000000, 1.182766006347823109E-16, 0.000000000000000000 ) ) ;
#2389 = LINE ( 'NONE', #862, #3004 ) ;
#2390 = ORIENTED_EDGE ( 'NONE', *, *, #3893, .F. ) ;
#2391 = CARTESIAN_POINT ( 'NONE',  ( -12.91450505722985298, 17.77529127260470787, -13.99999999999999822 ) ) ;
#2392 = ORIENTED_EDGE ( 'NONE', *, *, #395, .F. ) ;
#2393 = CARTESIAN_POINT ( 'NONE',  ( -3.361062998351325604, -3.450535839913938307, -8.000000000000000000 ) ) ;
#2394 = DIRECTION ( 'NONE',  ( -1.000000000000000000, 0.000000000000000000, 0.000000000000000000 ) ) ;
#2395 = FACE_BOUND ( 'NONE', #15, .T. ) ;
#2396 = DIRECTION ( 'NONE',  ( -1.000000000000000000, 0.000000000000000000, 0.000000000000000000 ) ) ;
#2397 = ORIENTED_EDGE ( 'NONE', *, *, #3172, .T. ) ;
#2398 = DIRECTION ( 'NONE',  ( -0.000000000000000000, -0.000000000000000000, -1.000000000000000000 ) ) ;
#2399 = ADVANCED_FACE ( 'NONE', ( #4 ), #2490, .F. ) ;
#2400 = VECTOR ( 'NONE', #179, 1000.000000000000000 ) ;
#2401 = ORIENTED_EDGE ( 'NONE', *, *, #2036, .T. ) ;
#2402 = DIRECTION ( 'NONE',  ( 1.000000000000000000, 0.000000000000000000, 0.000000000000000000 ) ) ;
#2403 = ORIENTED_EDGE ( 'NONE', *, *, #1578, .T. ) ;
#2404 = ADVANCED_FACE ( 'NONE', ( #1418 ), #3640, .F. ) ;
#2405 = DIRECTION ( 'NONE',  ( 1.000000000000000000, 0.000000000000000000, 0.000000000000000000 ) ) ;
#2406 = ORIENTED_EDGE ( 'NONE', *, *, #352, .F. ) ;
#2407 = ORIENTED_EDGE ( 'NONE', *, *, #1026, .T. ) ;
#2408 = CARTESIAN_POINT ( 'NONE',  ( -5.636688994366200411, 5.310777644755707350, -10.00000000000000000 ) ) ;
#2409 = DIRECTION ( 'NONE',  ( -1.000000000000000000, 0.000000000000000000, 0.000000000000000000 ) ) ;
#2410 = FACE_OUTER_BOUND ( 'NONE', #2266, .T. ) ;
#2411 = EDGE_LOOP ( 'NONE', ( #557, #1946, #1073, #2481 ) ) ;
#2412 = AXIS2_PLACEMENT_3D ( 'NONE', #1, #2766, #2449 ) ;
#2413 = DIRECTION ( 'NONE',  ( 1.000000000000000000, 0.000000000000000000, 0.000000000000000000 ) ) ;
#2414 = CARTESIAN_POINT ( 'NONE',  ( 16.65707521604551644, 9.999999999998738787, 7.500000000000242473 ) ) ;
#2415 = ORIENTED_EDGE ( 'NONE', *, *, #1703, .T. ) ;
#2416 = DIRECTION ( 'NONE',  ( 2.775557561562891351E-16, -1.000000000000000000, 5.301314942585120903E-15 ) ) ;
#2417 = ORIENTED_EDGE ( 'NONE', *, *, #1258, .F. ) ;
#2418 = AXIS2_PLACEMENT_3D ( 'NONE', #1260, #2454, #356 ) ;
#2419 = AXIS2_PLACEMENT_3D ( 'NONE', #3382, #2469, #1127 ) ;
#2420 = EDGE_CURVE ( 'NONE', #1768, #2289, #3811, .T. ) ;
#2421 = CARTESIAN_POINT ( 'NONE',  ( -13.37946187258665276, 7.000000000000000888, 0.000000000000000000 ) ) ;
#2422 = CARTESIAN_POINT ( 'NONE',  ( -11.31415043209165106, -10.00000000000001243, 15.00000000000000000 ) ) ;
#2423 = VERTEX_POINT ( 'NONE', #2944 ) ;
#2424 = ORIENTED_EDGE ( 'NONE', *, *, #2253, .F. ) ;
#2425 = CARTESIAN_POINT ( 'NONE',  ( -2.247597405029427176, -8.197457282896154496, 0.000000000000000000 ) ) ;
#2426 = EDGE_CURVE ( 'NONE', #2867, #2526, #929, .T. ) ;
#2427 = CARTESIAN_POINT ( 'NONE',  ( 0.000000000000000000, 0.000000000000000000, -8.000000000000000000 ) ) ;
#2428 = CARTESIAN_POINT ( 'NONE',  ( 11.31415043209165461, -10.00000000000000888, 15.00000000000000000 ) ) ;
#2429 = ORIENTED_EDGE ( 'NONE', *, *, #1121, .T. ) ;
#2430 = CARTESIAN_POINT ( 'NONE',  ( -11.28408231289639474, 17.77529127260470787, -5.000000000000000000 ) ) ;
#2431 = AXIS2_PLACEMENT_3D ( 'NONE', #2367, #2128, #3255 ) ;
#2432 = CARTESIAN_POINT ( 'NONE',  ( 0.000000000000000000, 0.000000000000000000, -5.000000000000000000 ) ) ;
#2433 = EDGE_LOOP ( 'NONE', ( #782, #2370, #1048, #229 ) ) ;
#2434 = DIRECTION ( 'NONE',  ( -1.000000000000000000, 0.000000000000000000, 0.000000000000000000 ) ) ;
#2435 = ORIENTED_EDGE ( 'NONE', *, *, #99, .F. ) ;
#2436 = VECTOR ( 'NONE', #2339, 1000.000000000000000 ) ;
#2437 = DIRECTION ( 'NONE',  ( -0.000000000000000000, 0.000000000000000000, 1.000000000000000000 ) ) ;
#2438 = ORIENTED_EDGE ( 'NONE', *, *, #2278, .F. ) ;
#2439 = CARTESIAN_POINT ( 'NONE',  ( 5.636688994367753835, 5.310777644757850524, -8.000000000000000000 ) ) ;
#2440 = EDGE_LOOP ( 'NONE', ( #2438, #1869, #1739, #400 ) ) ;
#2441 = EDGE_CURVE ( 'NONE', #2900, #3320, #3567, .T. ) ;
#2442 = CARTESIAN_POINT ( 'NONE',  ( 22.00000000000000000, 0.000000000000000000, 0.000000000000000000 ) ) ;
#2443 = AXIS2_PLACEMENT_3D ( 'NONE', #2930, #758, #2641 ) ;
#2444 = ADVANCED_FACE ( 'NONE', ( #24 ), #2357, .F. ) ;
#2445 = AXIS2_PLACEMENT_3D ( 'NONE', #3593, #279, #1489 ) ;
#2446 = CARTESIAN_POINT ( 'NONE',  ( 3.247597405033507023, -8.197457282894827557, 0.000000000000000000 ) ) ;
#2447 = DIRECTION ( 'NONE',  ( -0.000000000000000000, 0.000000000000000000, 1.000000000000000000 ) ) ;
#2448 = ORIENTED_EDGE ( 'NONE', *, *, #2247, .F. ) ;
#2449 = DIRECTION ( 'NONE',  ( 1.000000000000000000, 0.000000000000000000, 0.000000000000000000 ) ) ;
#2450 = ORIENTED_EDGE ( 'NONE', *, *, #396, .F. ) ;
#2451 = DIRECTION ( 'NONE',  ( 0.000000000000000000, 0.000000000000000000, 1.000000000000000000 ) ) ;
#2452 = EDGE_CURVE ( 'NONE', #236, #1985, #3499, .T. ) ;
#2453 = EDGE_CURVE ( 'NONE', #3009, #3017, #445, .T. ) ;
#2454 = DIRECTION ( 'NONE',  ( -0.000000000000000000, -0.000000000000000000, 1.000000000000000000 ) ) ;
#2455 = EDGE_LOOP ( 'NONE', ( #2876, #2682 ) ) ;
#2456 = FACE_BOUND ( 'NONE', #920, .T. ) ;
#2457 = ORIENTED_EDGE ( 'NONE', *, *, #3585, .F. ) ;
#2458 = CIRCLE ( 'NONE', #729, 1.000000000000000000 ) ;
#2459 = CARTESIAN_POINT ( 'NONE',  ( 7.563739977492597966, 2.457608095872390930, 0.000000000000000000 ) ) ;
#2460 = ORIENTED_EDGE ( 'NONE', *, *, #2274, .F. ) ;
#2461 = DIRECTION ( 'NONE',  ( 0.000000000000000000, 0.000000000000000000, -1.000000000000000000 ) ) ;
#2462 = EDGE_LOOP ( 'NONE', ( #3649, #2401 ) ) ;
#2463 = CARTESIAN_POINT ( 'NONE',  ( 13.37946187258665098, 7.000000000000005329, 0.000000000000000000 ) ) ;
#2464 = CARTESIAN_POINT ( 'NONE',  ( -16.65707521604585750, 7.849999999998740208, 8.500000000000049738 ) ) ;
#2465 = ORIENTED_EDGE ( 'NONE', *, *, #1164, .F. ) ;
#2466 = PRODUCT_RELATED_PRODUCT_CATEGORY ( 'part', '', ( #1165 ) ) ;
#2467 = CARTESIAN_POINT ( 'NONE',  ( 20.89610813048030380, -6.789557106205628578, -8.000000000000000000 ) ) ;
#2468 = ORIENTED_EDGE ( 'NONE', *, *, #1147, .F. ) ;
#2469 = DIRECTION ( 'NONE',  ( 0.000000000000000000, 0.000000000000000000, -1.000000000000000000 ) ) ;
#2470 = CYLINDRICAL_SURFACE ( 'NONE', #69, 1.000000000000000000 ) ;
#2471 = ADVANCED_FACE ( 'NONE', ( #2878 ), #3718, .F. ) ;
#2472 = CARTESIAN_POINT ( 'NONE',  ( 9.490790960617442096, -0.3955614530130721618, -10.00000000000000000 ) ) ;
#2473 = AXIS2_PLACEMENT_3D ( 'NONE', #2875, #1138, #499 ) ;
#2474 = CARTESIAN_POINT ( 'NONE',  ( 6.563739977492595301, 2.457608095872390930, 0.000000000000000000 ) ) ;
#2475 = EDGE_LOOP ( 'NONE', ( #3798, #2815 ) ) ;
#2476 = DIRECTION ( 'NONE',  ( 1.000000000000000000, 0.000000000000000000, -0.000000000000000000 ) ) ;
#2477 = EDGE_LOOP ( 'NONE', ( #1750, #3881, #191, #3467 ) ) ;
#2478 = CARTESIAN_POINT ( 'NONE',  ( 1.182766006347824686E-15, -10.00000000000001066, 15.00000000000000000 ) ) ;
#2479 = EDGE_LOOP ( 'NONE', ( #1075, #794 ) ) ;
#2480 = DIRECTION ( 'NONE',  ( -2.775557561562891351E-16, 1.000000000000000000, -5.301314942585120903E-15 ) ) ;
#2481 = ORIENTED_EDGE ( 'NONE', *, *, #1557, .F. ) ;
#2482 = CIRCLE ( 'NONE', #749, 1.000000000000000000 ) ;
#2483 = VECTOR ( 'NONE', #312, 1000.000000000000000 ) ;
#2484 = AXIS2_PLACEMENT_3D ( 'NONE', #1683, #162, #807 ) ;
#2485 = DIRECTION ( 'NONE',  ( 1.000000000000000000, 0.000000000000000000, 0.000000000000000000 ) ) ;
#2486 = CARTESIAN_POINT ( 'NONE',  ( -9.490790960615880678, -0.3955614530152174457, -10.00000000000000000 ) ) ;
#2487 = EDGE_LOOP ( 'NONE', ( #2643, #1265, #1770, #459 ) ) ;
#2488 = CARTESIAN_POINT ( 'NONE',  ( -1.630422744333460239, -21.97146833279816036, -5.000000000000000000 ) ) ;
#2489 = EDGE_LOOP ( 'NONE', ( #2649, #2501, #3866, #2210 ) ) ;
#2490 = CYLINDRICAL_SURFACE ( 'NONE', #3439, 1.000000000000001776 ) ;
#2491 = DIRECTION ( 'NONE',  ( 0.000000000000000000, 0.000000000000000000, -1.000000000000000000 ) ) ;
#2492 = EDGE_CURVE ( 'NONE', #2794, #3274, #1662, .T. ) ;
#2493 = EDGE_LOOP ( 'NONE', ( #2574, #1781, #615, #2721 ) ) ;
#2494 = CARTESIAN_POINT ( 'NONE',  ( 22.00000000000000000, 0.000000000000000000, 15.00000000000000000 ) ) ;
#2495 = ORIENTED_EDGE ( 'NONE', *, *, #1067, .T. ) ;
#2496 = EDGE_CURVE ( 'NONE', #3364, #185, #3440, .T. ) ;
#2497 = CIRCLE ( 'NONE', #3888, 1.000000000000000000 ) ;
#2498 = DIRECTION ( 'NONE',  ( 0.000000000000000000, 0.000000000000000000, 1.000000000000000000 ) ) ;
#2499 = ORIENTED_EDGE ( 'NONE', *, *, #909, .F. ) ;
#2500 = CARTESIAN_POINT ( 'NONE',  ( -5.361062998351325604, -3.450535839913938307, -10.00000000000000000 ) ) ;
#2501 = ORIENTED_EDGE ( 'NONE', *, *, #3677, .T. ) ;
#2502 = VECTOR ( 'NONE', #2358, 1000.000000000000000 ) ;
#2503 = CYLINDRICAL_SURFACE ( 'NONE', #3836, 1.000000000000000000 ) ;
#2504 = DIRECTION ( 'NONE',  ( 1.000000000000000000, 0.000000000000000000, 0.000000000000000000 ) ) ;
#2505 = ORIENTED_EDGE ( 'NONE', *, *, #391, .F. ) ;
#2506 = FACE_OUTER_BOUND ( 'NONE', #915, .T. ) ;
#2507 = EDGE_LOOP ( 'NONE', ( #3787, #2064, #38, #1205 ) ) ;
#2508 = CARTESIAN_POINT ( 'NONE',  ( 1.999999999999989120, 0.000000000000000000, 0.000000000000000000 ) ) ;
#2509 = AXIS2_PLACEMENT_3D ( 'NONE', #777, #2005, #3212 ) ;
#2510 = LINE ( 'NONE', #3146, #2628 ) ;
#2511 = CARTESIAN_POINT ( 'NONE',  ( -1.999999999999989120, 0.000000000000000000, 0.000000000000000000 ) ) ;
#2512 = EDGE_CURVE ( 'NONE', #288, #1616, #2236, .T. ) ;
#2513 = AXIS2_PLACEMENT_3D ( 'NONE', #2464, #1253, #2841 ) ;
#2514 = ORIENTED_EDGE ( 'NONE', *, *, #3149, .T. ) ;
#2515 = EDGE_CURVE ( 'NONE', #1768, #1554, #3401, .T. ) ;
#2516 = FACE_BOUND ( 'NONE', #1815, .T. ) ;
#2517 = ORIENTED_EDGE ( 'NONE', *, *, #67, .F. ) ;
#2518 = CARTESIAN_POINT ( 'NONE',  ( 9.869650449737310538, -7.000000000000006217, 0.000000000000000000 ) ) ;
#2519 = VERTEX_POINT ( 'NONE', #2213 ) ;
#2520 = CARTESIAN_POINT ( 'NONE',  ( -1.499999999999999112, 5.354910648940147233, 0.000000000000000000 ) ) ;
#2521 = ORIENTED_EDGE ( 'NONE', *, *, #3913, .T. ) ;
#2522 = FACE_OUTER_BOUND ( 'NONE', #976, .T. ) ;
#2523 = CARTESIAN_POINT ( 'NONE',  ( -2.247597405029427176, -8.197457282896154496, -8.000000000000000000 ) ) ;
#2524 = ORIENTED_EDGE ( 'NONE', *, *, #2062, .T. ) ;
#2525 = DIRECTION ( 'NONE',  ( 1.000000000000000000, 0.000000000000000000, 0.000000000000000000 ) ) ;
#2526 = VERTEX_POINT ( 'NONE', #390 ) ;
#2527 = DIRECTION ( 'NONE',  ( -0.000000000000000000, -0.000000000000000000, 1.000000000000000000 ) ) ;
#2528 = DIRECTION ( 'NONE',  ( -0.000000000000000000, -0.000000000000000000, -1.000000000000000000 ) ) ;
#2529 = DIRECTION ( 'NONE',  ( 0.000000000000000000, 1.000000000000000000, -0.000000000000000000 ) ) ;
#2530 = CIRCLE ( 'NONE', #2216, 1.000000000000000000 ) ;
#2531 = DIRECTION ( 'NONE',  ( -3.469446951953611724E-16, 1.000000000000000000, 0.000000000000000000 ) ) ;
#2532 = ORIENTED_EDGE ( 'NONE', *, *, #267, .F. ) ;
#2533 = AXIS2_PLACEMENT_3D ( 'NONE', #1239, #927, #567 ) ;
#2534 = VECTOR ( 'NONE', #1410, 1000.000000000000000 ) ;
#2535 = VERTEX_POINT ( 'NONE', #3773 ) ;
#2536 = FACE_BOUND ( 'NONE', #3173, .T. ) ;
#2537 = VERTEX_POINT ( 'NONE', #2561 ) ;
#2538 = EDGE_CURVE ( 'NONE', #3263, #2223, #2611, .T. ) ;
#2539 = CARTESIAN_POINT ( 'NONE',  ( 5.361062998355403231, -3.450535839912611369, -8.000000000000000000 ) ) ;
#2540 = FACE_BOUND ( 'NONE', #1249, .T. ) ;
#2541 = EDGE_LOOP ( 'NONE', ( #3473, #3089, #2407, #3249 ) ) ;
#2542 = CARTESIAN_POINT ( 'NONE',  ( -19.26568538614684911, -6.789557106205617920, -13.99999999999999822 ) ) ;
#2543 = ORIENTED_EDGE ( 'NONE', *, *, #677, .T. ) ;
#2544 = CYLINDRICAL_SURFACE ( 'NONE', #3407, 1.000000000000000888 ) ;
#2545 = AXIS2_PLACEMENT_3D ( 'NONE', #3068, #2814, #2181 ) ;
#2546 = AXIS2_PLACEMENT_3D ( 'NONE', #3930, #3384, #2097 ) ;
#2547 = CIRCLE ( 'NONE', #887, 1.000000000000000000 ) ;
#2548 = FACE_BOUND ( 'NONE', #1323, .T. ) ;
#2549 = DIRECTION ( 'NONE',  ( -0.000000000000000000, -0.000000000000000000, 1.000000000000000000 ) ) ;
#2550 = EDGE_LOOP ( 'NONE', ( #62, #2813 ) ) ;
#2551 = ORIENTED_EDGE ( 'NONE', *, *, #1854, .T. ) ;
#2552 = AXIS2_PLACEMENT_3D ( 'NONE', #1142, #529, #1086 ) ;
#2553 = DIRECTION ( 'NONE',  ( 0.000000000000000000, 0.000000000000000000, -1.000000000000000000 ) ) ;
#2554 = VERTEX_POINT ( 'NONE', #2830 ) ;
#2555 = EDGE_CURVE ( 'NONE', #3340, #337, #504, .T. ) ;
#2556 = CARTESIAN_POINT ( 'NONE',  ( -8.101699371279112327, -4.670745769141315229, 0.000000000000000000 ) ) ;
#2557 = DIRECTION ( 'NONE',  ( 0.000000000000000000, 0.000000000000000000, -1.000000000000000000 ) ) ;
#2558 = VERTEX_POINT ( 'NONE', #1949 ) ;
#2559 = DIRECTION ( 'NONE',  ( -0.000000000000000000, 0.000000000000000000, 1.000000000000000000 ) ) ;
#2560 = ORIENTED_EDGE ( 'NONE', *, *, #2538, .F. ) ;
#2561 = CARTESIAN_POINT ( 'NONE',  ( 9.869650449737312314, -7.000000000000007105, 15.00000000000000000 ) ) ;
#2562 = ADVANCED_FACE ( 'NONE', ( #1045 ), #2250, .F. ) ;
#2563 = VECTOR ( 'NONE', #2964, 1000.000000000000000 ) ;
#2564 = AXIS2_PLACEMENT_3D ( 'NONE', #1161, #604, #3324 ) ;
#2565 = CARTESIAN_POINT ( 'NONE',  ( -6.556348158414492922, 0.2281736194380707683, -10.00000000000000000 ) ) ;
#2566 = DIRECTION ( 'NONE',  ( 1.000000000000000000, 0.000000000000000000, 0.000000000000000000 ) ) ;
#2567 = EDGE_CURVE ( 'NONE', #3239, #2246, #3123, .T. ) ;
#2568 = EDGE_CURVE ( 'NONE', #303, #2558, #2269, .T. ) ;
#2569 = AXIS2_PLACEMENT_3D ( 'NONE', #1864, #660, #1638 ) ;
#2570 = CARTESIAN_POINT ( 'NONE',  ( -1.999999999999989120, -11.93356610573721355, 0.000000000000000000 ) ) ;
#2571 = DIRECTION ( 'NONE',  ( 1.000000000000000000, 0.000000000000000000, 0.000000000000000000 ) ) ;
#2572 = EDGE_LOOP ( 'NONE', ( #1654, #2627 ) ) ;
#2573 = FACE_OUTER_BOUND ( 'NONE', #115, .T. ) ;
#2574 = ORIENTED_EDGE ( 'NONE', *, *, #1208, .T. ) ;
#2575 = CARTESIAN_POINT ( 'NONE',  ( 16.65707521604558039, -7.850000000001272404, 7.500000000000284217 ) ) ;
#2576 = CARTESIAN_POINT ( 'NONE',  ( 3.361062998355403231, -3.450535839912611369, -10.00000000000000000 ) ) ;
#2577 = ORIENTED_EDGE ( 'NONE', *, *, #76, .T. ) ;
#2578 = CARTESIAN_POINT ( 'NONE',  ( 1.499999999999999112, 5.354910648940147233, -10.00000000000000000 ) ) ;
#2579 = ORIENTED_EDGE ( 'NONE', *, *, #1907, .T. ) ;
#2580 = DIRECTION ( 'NONE',  ( 1.000000000000000000, 0.000000000000000000, 0.000000000000000000 ) ) ;
#2581 = AXIS2_PLACEMENT_3D ( 'NONE', #1494, #3018, #3924 ) ;
#2582 = ADVANCED_FACE ( 'NONE', ( #706 ), #3180, .F. ) ;
#2583 = DIRECTION ( 'NONE',  ( -0.000000000000000000, -0.000000000000000000, 1.000000000000000000 ) ) ;
#2584 = CARTESIAN_POINT ( 'NONE',  ( -1.630422744333460239, -21.97146833279816036, -8.000000000000000000 ) ) ;
#2585 = ORIENTED_EDGE ( 'NONE', *, *, #1141, .F. ) ;
#2586 = EDGE_CURVE ( 'NONE', #962, #541, #3468, .T. ) ;
#2587 = ADVANCED_FACE ( 'NONE', ( #1314 ), #2544, .F. ) ;
#2588 = EDGE_CURVE ( 'NONE', #1384, #3940, #1601, .T. ) ;
#2589 = DIRECTION ( 'NONE',  ( -1.000000000000000000, 0.000000000000000000, 0.000000000000000000 ) ) ;
#2590 = CARTESIAN_POINT ( 'NONE',  ( -1.999999999999989120, 0.000000000000000000, 0.000000000000000000 ) ) ;
#2591 = LINE ( 'NONE', #1036, #2608 ) ;
#2592 = ORIENTED_EDGE ( 'NONE', *, *, #1334, .T. ) ;
#2593 = DIRECTION ( 'NONE',  ( -1.000000000000000000, -1.182766006347823355E-16, 0.000000000000000000 ) ) ;
#2594 = ORIENTED_EDGE ( 'NONE', *, *, #2568, .F. ) ;
#2595 = VECTOR ( 'NONE', #1295, 1000.000000000000000 ) ;
#2596 = CARTESIAN_POINT ( 'NONE',  ( -25.00000000000000000, 3.061616997868383043E-15, -5.000000000000000000 ) ) ;
#2597 = DIRECTION ( 'NONE',  ( 0.000000000000000000, 0.000000000000000000, 1.000000000000000000 ) ) ;
#2598 = VERTEX_POINT ( 'NONE', #3851 ) ;
#2599 = DIRECTION ( 'NONE',  ( -1.000000000000000000, 0.000000000000000000, 0.000000000000000000 ) ) ;
#2600 = EDGE_LOOP ( 'NONE', ( #2468, #1059 ) ) ;
#2601 = DIRECTION ( 'NONE',  ( 0.000000000000000000, -0.000000000000000000, -1.000000000000000000 ) ) ;
#2602 = PLANE ( 'NONE',  #2552 ) ;
#2603 = PLANE ( 'NONE',  #2922 ) ;
#2604 = EDGE_LOOP ( 'NONE', ( #407, #1201 ) ) ;
#2605 = AXIS2_PLACEMENT_3D ( 'NONE', #2037, #1765, #790 ) ;
#2606 = VECTOR ( 'NONE', #2820, 1000.000000000000000 ) ;
#2607 = AXIS2_PLACEMENT_3D ( 'NONE', #3757, #1028, #2566 ) ;
#2608 = VECTOR ( 'NONE', #3796, 1000.000000000000000 ) ;
#2609 = DIRECTION ( 'NONE',  ( -1.000000000000000000, 0.000000000000000000, 0.000000000000000000 ) ) ;
#2610 = DIRECTION ( 'NONE',  ( -0.000000000000000000, -0.000000000000000000, 1.000000000000000000 ) ) ;
#2611 = CIRCLE ( 'NONE', #696, 1.999999999999988010 ) ;
#2612 = EDGE_CURVE ( 'NONE', #2836, #3715, #1816, .T. ) ;
#2613 = DIRECTION ( 'NONE',  ( 1.000000000000000000, 0.000000000000000000, 0.000000000000000000 ) ) ;
#2614 = CARTESIAN_POINT ( 'NONE',  ( -11.31415043209165994, 10.00000000000000355, 0.000000000000000000 ) ) ;
#2615 = ORIENTED_EDGE ( 'NONE', *, *, #2029, .T. ) ;
#2616 = DIRECTION ( 'NONE',  ( -1.000000000000000000, 0.000000000000000000, 8.673617379884027583E-16 ) ) ;
#2617 = ORIENTED_EDGE ( 'NONE', *, *, #1216, .T. ) ;
#2618 = EDGE_CURVE ( 'NONE', #541, #962, #1174, .T. ) ;
#2619 = DIRECTION ( 'NONE',  ( -1.301042606982605567E-16, 1.000000000000000000, 0.000000000000000000 ) ) ;
#2620 = LINE ( 'NONE', #137, #1559 ) ;
#2621 = ORIENTED_EDGE ( 'NONE', *, *, #3699, .T. ) ;
#2622 = CARTESIAN_POINT ( 'NONE',  ( 4.629297175291207544, 3.081343168325675563, -8.000000000000000000 ) ) ;
#2623 = ORIENTED_EDGE ( 'NONE', *, *, #1326, .T. ) ;
#2624 = DIRECTION ( 'NONE',  ( 1.000000000000000000, 0.000000000000000000, 0.000000000000000000 ) ) ;
#2625 = AXIS2_PLACEMENT_3D ( 'NONE', #844, #3920, #1818 ) ;
#2626 = CARTESIAN_POINT ( 'NONE',  ( 22.00000000000000000, -7.000000000000000000, 15.00000000000000000 ) ) ;
#2627 = ORIENTED_EDGE ( 'NONE', *, *, #562, .F. ) ;
#2628 = VECTOR ( 'NONE', #1579, 1000.000000000000000 ) ;
#2629 = AXIS2_PLACEMENT_3D ( 'NONE', #687, #2809, #2786 ) ;
#2630 = AXIS2_PLACEMENT_3D ( 'NONE', #1309, #679, #3692 ) ;
#2631 = CARTESIAN_POINT ( 'NONE',  ( 1.499999999999999112, 5.354910648940147233, -8.000000000000000000 ) ) ;
#2632 = DIRECTION ( 'NONE',  ( 0.000000000000000000, 0.000000000000000000, 1.000000000000000000 ) ) ;
#2633 = VECTOR ( 'NONE', #346, 1000.000000000000000 ) ;
#2634 = CARTESIAN_POINT ( 'NONE',  ( 7.490790960617439431, -0.3955614530130720508, -8.000000000000000000 ) ) ;
#2635 = EDGE_CURVE ( 'NONE', #2995, #105, #1883, .T. ) ;
#2636 = VERTEX_POINT ( 'NONE', #2935 ) ;
#2637 = FACE_OUTER_BOUND ( 'NONE', #2487, .T. ) ;
#2638 = VERTEX_POINT ( 'NONE', #2328 ) ;
#2639 = EDGE_CURVE ( 'NONE', #2143, #3000, #783, .T. ) ;
#2640 = ADVANCED_FACE ( 'NONE', ( #2028 ), #3198, .F. ) ;
#2641 = DIRECTION ( 'NONE',  ( 1.000000000000000000, 0.000000000000000000, -8.673617379884027583E-16 ) ) ;
#2642 = CARTESIAN_POINT ( 'NONE',  ( -4.556348158414492033, 0.2281736194380706295, -8.000000000000000000 ) ) ;
#2643 = ORIENTED_EDGE ( 'NONE', *, *, #2061, .F. ) ;
#2644 = CARTESIAN_POINT ( 'NONE',  ( 1.999999999999989120, 0.000000000000000000, 15.00000000000000000 ) ) ;
#2645 = EDGE_LOOP ( 'NONE', ( #1447, #1667 ) ) ;
#2646 = DIRECTION ( 'NONE',  ( 1.000000000000000000, 0.000000000000000000, 0.000000000000000000 ) ) ;
#2647 = DIRECTION ( 'NONE',  ( 0.000000000000000000, 0.000000000000000000, -1.000000000000000000 ) ) ;
#2648 = CARTESIAN_POINT ( 'NONE',  ( -4.000000000000000000, 7.952986860293433935, -8.000000000000000000 ) ) ;
#2649 = ORIENTED_EDGE ( 'NONE', *, *, #1633, .F. ) ;
#2650 = FACE_OUTER_BOUND ( 'NONE', #2136, .T. ) ;
#2651 = CARTESIAN_POINT ( 'NONE',  ( 1.182766006347824686E-15, -10.00000000000001066, 0.000000000000000000 ) ) ;
#2652 = CARTESIAN_POINT ( 'NONE',  ( 12.91450505722985120, 17.77529127260470787, -5.000000000000000000 ) ) ;
#2653 = PLANE ( 'NONE',  #711 ) ;
#2654 = ORIENTED_EDGE ( 'NONE', *, *, #2201, .T. ) ;
#2655 = DIRECTION ( 'NONE',  ( 1.000000000000000000, 0.000000000000000000, -8.673617379884087734E-16 ) ) ;
#2656 = ORIENTED_EDGE ( 'NONE', *, *, #439, .F. ) ;
#2657 = EDGE_CURVE ( 'NONE', #332, #926, #27, .T. ) ;
#2658 = CYLINDRICAL_SURFACE ( 'NONE', #3053, 1.000000000000000000 ) ;
#2659 = CARTESIAN_POINT ( 'NONE',  ( 7.101699371283189066, -4.670745769139988290, -10.00000000000000000 ) ) ;
#2660 = EDGE_LOOP ( 'NONE', ( #3069, #257, #551, #652 ) ) ;
#2661 = CARTESIAN_POINT ( 'NONE',  ( 0.000000000000000000, 0.000000000000000000, 0.000000000000000000 ) ) ;
#2662 = ORIENTED_EDGE ( 'NONE', *, *, #809, .T. ) ;
#2663 = ADVANCED_FACE ( 'NONE', ( #3282, #3236 ), #3808, .T. ) ;
#2664 = CYLINDRICAL_SURFACE ( 'NONE', #1112, 1.000000000000000444 ) ;
#2665 = EDGE_CURVE ( 'NONE', #2147, #1827, #3025, .T. ) ;
#2666 = CIRCLE ( 'NONE', #3861, 1.000000000000000000 ) ;
#2667 = CARTESIAN_POINT ( 'NONE',  ( 0.000000000000000000, 0.000000000000000000, 15.00000000000000000 ) ) ;
#2668 = EDGE_LOOP ( 'NONE', ( #632, #3651, #1561, #3684 ) ) ;
#2669 = CARTESIAN_POINT ( 'NONE',  ( 6.563739977492595301, 2.457608095872390930, -8.000000000000000000 ) ) ;
#2670 = EDGE_LOOP ( 'NONE', ( #1795, #2775 ) ) ;
#2671 = VECTOR ( 'NONE', #1225, 1000.000000000000000 ) ;
#2672 = DIRECTION ( 'NONE',  ( -1.000000000000000000, 0.000000000000000000, 0.000000000000000000 ) ) ;
#2673 = CIRCLE ( 'NONE', #1010, 1.000000000000000000 ) ;
#2674 = AXIS2_PLACEMENT_3D ( 'NONE', #616, #1427, #1507 ) ;
#2675 = VECTOR ( 'NONE', #2074, 1000.000000000000000 ) ;
#2676 = CARTESIAN_POINT ( 'NONE',  ( 14.65707521604559282, -7.850000000001272404, 7.500000000000280664 ) ) ;
#2677 = EDGE_LOOP ( 'NONE', ( #3819, #2893 ) ) ;
#2678 = DIRECTION ( 'NONE',  ( -0.000000000000000000, -0.000000000000000000, -1.000000000000000000 ) ) ;
#2679 = EDGE_LOOP ( 'NONE', ( #2948, #1017 ) ) ;
#2680 = DIRECTION ( 'NONE',  ( 0.000000000000000000, -0.000000000000000000, -1.000000000000000000 ) ) ;
#2681 = DIRECTION ( 'NONE',  ( -0.000000000000000000, 0.000000000000000000, 1.000000000000000000 ) ) ;
#2682 = ORIENTED_EDGE ( 'NONE', *, *, #142, .T. ) ;
#2683 = ORIENTED_EDGE ( 'NONE', *, *, #3705, .T. ) ;
#2684 = ADVANCED_FACE ( 'NONE', ( #3557 ), #2664, .F. ) ;
#2685 = DIRECTION ( 'NONE',  ( -0.000000000000000000, -0.000000000000000000, 1.000000000000000000 ) ) ;
#2686 = EDGE_CURVE ( 'NONE', #1104, #926, #2051, .T. ) ;
#2687 = DIRECTION ( 'NONE',  ( -1.000000000000000000, 0.000000000000000000, 0.000000000000000000 ) ) ;
#2688 = VERTEX_POINT ( 'NONE', #224 ) ;
#2689 = VECTOR ( 'NONE', #1192, 1000.000000000000000 ) ;
#2690 = AXIS2_PLACEMENT_3D ( 'NONE', #534, #1688, #1708 ) ;
#2691 = CYLINDRICAL_SURFACE ( 'NONE', #3766, 1.000000000000000888 ) ;
#2692 = CIRCLE ( 'NONE', #3519, 1.630422744333460239 ) ;
#2693 = CARTESIAN_POINT ( 'NONE',  ( -9.107298248878243162E-16, 7.000000000000002665, 15.00000000000000000 ) ) ;
#2694 = ORIENTED_EDGE ( 'NONE', *, *, #3724, .F. ) ;
#2695 = DIRECTION ( 'NONE',  ( 0.000000000000000000, -0.000000000000000000, -1.000000000000000000 ) ) ;
#2696 = EDGE_LOOP ( 'NONE', ( #3056, #933, #1195, #3726 ) ) ;
#2697 = CIRCLE ( 'NONE', #2067, 15.09999999999999964 ) ;
#2698 = DIRECTION ( 'NONE',  ( 0.000000000000000000, 0.000000000000000000, 1.000000000000000000 ) ) ;
#2699 = ORIENTED_EDGE ( 'NONE', *, *, #1804, .T. ) ;
#2700 = LINE ( 'NONE', #2110, #491 ) ;
#2701 = ORIENTED_EDGE ( 'NONE', *, *, #2787, .F. ) ;
#2702 = DIRECTION ( 'NONE',  ( -0.000000000000000000, -0.000000000000000000, 1.000000000000000000 ) ) ;
#2703 = CARTESIAN_POINT ( 'NONE',  ( -15.65707521604607955, -7.850000000001272404, 7.500000000000297540 ) ) ;
#2704 = FACE_BOUND ( 'NONE', #474, .T. ) ;
#2705 = ORIENTED_EDGE ( 'NONE', *, *, #2686, .T. ) ;
#2706 = EDGE_LOOP ( 'NONE', ( #676, #3647 ) ) ;
#2707 = DIRECTION ( 'NONE',  ( -0.000000000000000000, -0.000000000000000000, 1.000000000000000000 ) ) ;
#2708 = DIRECTION ( 'NONE',  ( -1.000000000000000000, 0.000000000000000000, 0.000000000000000000 ) ) ;
#2709 = ADVANCED_FACE ( 'NONE', ( #1758 ), #3494, .F. ) ;
#2710 = EDGE_CURVE ( 'NONE', #664, #3903, #3286, .T. ) ;
#2711 = EDGE_LOOP ( 'NONE', ( #1942, #1154, #269, #1039 ) ) ;
#2712 = CARTESIAN_POINT ( 'NONE',  ( 22.00000000000000000, 6.999999999999994671, 15.00000000000000000 ) ) ;
#2713 = ORIENTED_EDGE ( 'NONE', *, *, #610, .F. ) ;
#2714 = DIRECTION ( 'NONE',  ( 1.000000000000000000, 0.000000000000000000, 0.000000000000000000 ) ) ;
#2715 = ORIENTED_EDGE ( 'NONE', *, *, #1425, .T. ) ;
#2716 = CARTESIAN_POINT ( 'NONE',  ( -16.65707521604607422, -7.850000000001272404, 8.500000000000298428 ) ) ;
#2717 = VERTEX_POINT ( 'NONE', #2896 ) ;
#2718 = CARTESIAN_POINT ( 'NONE',  ( -4.556348158414492033, 0.2281736194380706295, -10.00000000000000000 ) ) ;
#2719 = CARTESIAN_POINT ( 'NONE',  ( -8.490790960615882454, -0.3955614530152175568, -10.00000000000000000 ) ) ;
#2720 = CARTESIAN_POINT ( 'NONE',  ( 0.000000000000000000, 7.952986860293433935, -10.00000000000000000 ) ) ;
#2721 = ORIENTED_EDGE ( 'NONE', *, *, #3052, .T. ) ;
#2722 = CARTESIAN_POINT ( 'NONE',  ( 0.000000000000000000, -21.97146833279816036, -5.000000000000000000 ) ) ;
#2723 = CIRCLE ( 'NONE', #3230, 12.09999999999999964 ) ;
#2724 = FACE_OUTER_BOUND ( 'NONE', #2834, .T. ) ;
#2725 = DIRECTION ( 'NONE',  ( -3.469446951953611724E-16, 1.000000000000000000, 0.000000000000000000 ) ) ;
#2726 = EDGE_CURVE ( 'NONE', #3715, #3216, #1085, .T. ) ;
#2727 = VERTEX_POINT ( 'NONE', #2308 ) ;
#2728 = EDGE_CURVE ( 'NONE', #926, #332, #603, .T. ) ;
#2729 = DIRECTION ( 'NONE',  ( 2.775557561562891351E-16, -1.000000000000000000, 5.301314942585120903E-15 ) ) ;
#2730 = VERTEX_POINT ( 'NONE', #3343 ) ;
#2731 = CIRCLE ( 'NONE', #1647, 1.000000000000000000 ) ;
#2732 = AXIS2_PLACEMENT_3D ( 'NONE', #727, #2215, #2234 ) ;
#2733 = DIRECTION ( 'NONE',  ( 1.000000000000000000, 0.000000000000000000, 0.000000000000000000 ) ) ;
#2734 = CARTESIAN_POINT ( 'NONE',  ( -1.934012015226485248, -5.213891596791355276, 0.000000000000000000 ) ) ;
#2735 = ORIENTED_EDGE ( 'NONE', *, *, #1881, .F. ) ;
#2736 = EDGE_CURVE ( 'NONE', #2636, #1836, #2837, .T. ) ;
#2737 = EDGE_CURVE ( 'NONE', #2717, #3694, #922, .T. ) ;
#2738 = ORIENTED_EDGE ( 'NONE', *, *, #3096, .T. ) ;
#2739 = CARTESIAN_POINT ( 'NONE',  ( -15.09999999999999964, 0.000000000000000000, -5.000000000000000000 ) ) ;
#2740 = AXIS2_PLACEMENT_3D ( 'NONE', #833, #1241, #945 ) ;
#2741 = CYLINDRICAL_SURFACE ( 'NONE', #1607, 1.000000000000000000 ) ;
#2742 = LINE ( 'NONE', #1803, #571 ) ;
#2743 = CARTESIAN_POINT ( 'NONE',  ( -12.91450505722985298, 17.77529127260470787, -5.000000000000000000 ) ) ;
#2744 = VERTEX_POINT ( 'NONE', #2739 ) ;
#2745 = DIRECTION ( 'NONE',  ( 1.000000000000000000, 0.000000000000000000, 0.000000000000000000 ) ) ;
#2746 = CIRCLE ( 'NONE', #512, 25.00000000000000000 ) ;
#2747 = CARTESIAN_POINT ( 'NONE',  ( 2.000000000000000000, 7.952986860293433935, -8.000000000000000000 ) ) ;
#2748 = AXIS2_PLACEMENT_3D ( 'NONE', #1490, #2069, #2048 ) ;
#2749 = VERTEX_POINT ( 'NONE', #1214 ) ;
#2750 = AXIS2_PLACEMENT_3D ( 'NONE', #1440, #2079, #2708 ) ;
#2751 = FACE_BOUND ( 'NONE', #87, .T. ) ;
#2752 = ORIENTED_EDGE ( 'NONE', *, *, #1789, .T. ) ;
#2754 = EDGE_CURVE ( 'NONE', #2526, #2537, #3780, .T. ) ;
#2753 = CIRCLE ( 'NONE', #3584, 1.000000000000000888 ) ;
#2755 = CARTESIAN_POINT ( 'NONE',  ( 0.000000000000000000, 0.000000000000000000, 0.000000000000000000 ) ) ;
#2756 = EDGE_LOOP ( 'NONE', ( #824, #994 ) ) ;
#2757 = DIRECTION ( 'NONE',  ( -1.000000000000000000, -2.775557561562891351E-16, 8.383884571949778426E-16 ) ) ;
#2758 = EDGE_LOOP ( 'NONE', ( #1486, #1305 ) ) ;
#2759 = DIRECTION ( 'NONE',  ( -1.301042606982605567E-16, 1.000000000000000000, 0.000000000000000000 ) ) ;
#2760 = CIRCLE ( 'NONE', #208, 1.000000000000000888 ) ;
#2761 = EDGE_CURVE ( 'NONE', #348, #2095, #1473, .T. ) ;
#2762 = EDGE_CURVE ( 'NONE', #1013, #3803, #1234, .T. ) ;
#2763 = DIRECTION ( 'NONE',  ( -0.000000000000000000, -0.000000000000000000, 1.000000000000000000 ) ) ;
#2764 = CARTESIAN_POINT ( 'NONE',  ( -17.65707521604608132, -10.00000000000130029, 7.500000000000299316 ) ) ;
#2765 = VERTEX_POINT ( 'NONE', #3945 ) ;
#2766 = DIRECTION ( 'NONE',  ( -0.000000000000000000, 0.000000000000000000, 1.000000000000000000 ) ) ;
#2767 = ORIENTED_EDGE ( 'NONE', *, *, #3774, .F. ) ;
#2768 = DIRECTION ( 'NONE',  ( 1.000000000000000000, 1.182766006347823355E-16, 0.000000000000000000 ) ) ;
#2769 = CYLINDRICAL_SURFACE ( 'NONE', #2418, 1.000000000000000000 ) ;
#2770 = EDGE_LOOP ( 'NONE', ( #2448, #1833, #3256, #1800 ) ) ;
#2771 = CYLINDRICAL_SURFACE ( 'NONE', #2545, 1.000000000000000444 ) ;
#2772 = EDGE_LOOP ( 'NONE', ( #2517, #29, #3060, #3515 ) ) ;
#2773 = VECTOR ( 'NONE', #1367, 1000.000000000000000 ) ;
#2774 = DIRECTION ( 'NONE',  ( 0.000000000000000000, 0.000000000000000000, -1.000000000000000000 ) ) ;
#2775 = ORIENTED_EDGE ( 'NONE', *, *, #67, .T. ) ;
#2776 = FACE_OUTER_BOUND ( 'NONE', #384, .T. ) ;
#2777 = VERTEX_POINT ( 'NONE', #2996 ) ;
#2778 = VECTOR ( 'NONE', #2324, 1000.000000000000000 ) ;
#2779 = EDGE_CURVE ( 'NONE', #3106, #214, #3602, .T. ) ;
#2780 = DIRECTION ( 'NONE',  ( -0.000000000000000000, 0.000000000000000000, 1.000000000000000000 ) ) ;
#2781 = FACE_BOUND ( 'NONE', #2045, .T. ) ;
#2782 = CARTESIAN_POINT ( 'NONE',  ( -1.499999999999999112, 5.354910648940147233, -10.00000000000000000 ) ) ;
#2783 = VERTEX_POINT ( 'NONE', #3906 ) ;
#2784 = DIRECTION ( 'NONE',  ( -0.000000000000000000, -0.000000000000000000, 1.000000000000000000 ) ) ;
#2785 = EDGE_CURVE ( 'NONE', #722, #1895, #3057, .T. ) ;
#2786 = DIRECTION ( 'NONE',  ( -1.000000000000000000, 0.000000000000000000, 8.673617379884027583E-16 ) ) ;
#2787 = EDGE_CURVE ( 'NONE', #21, #962, #1159, .T. ) ;
#2788 = VECTOR ( 'NONE', #3380, 1000.000000000000000 ) ;
#2789 = ORIENTED_EDGE ( 'NONE', *, *, #2102, .F. ) ;
#2790 = VERTEX_POINT ( 'NONE', #3887 ) ;
#2791 = DIRECTION ( 'NONE',  ( -1.000000000000000000, 0.000000000000000000, 0.000000000000000000 ) ) ;
#2792 = ORIENTED_EDGE ( 'NONE', *, *, #635, .T. ) ;
#2793 = CYLINDRICAL_SURFACE ( 'NONE', #3686, 1.000000000000000888 ) ;
#2794 = VERTEX_POINT ( 'NONE', #2393 ) ;
#2795 = VECTOR ( 'NONE', #2678, 1000.000000000000000 ) ;
#2796 = CIRCLE ( 'NONE', #3115, 2.000000000000001776 ) ;
#2797 = AXIS2_PLACEMENT_3D ( 'NONE', #3157, #998, #1879 ) ;
#2798 = VECTOR ( 'NONE', #246, 1000.000000000000000 ) ;
#2799 = CIRCLE ( 'NONE', #1451, 12.09999999999999964 ) ;
#2800 = DIRECTION ( 'NONE',  ( -0.000000000000000000, -0.000000000000000000, 1.000000000000000000 ) ) ;
#2801 = DIRECTION ( 'NONE',  ( -1.000000000000000000, 0.000000000000000000, -0.000000000000000000 ) ) ;
#2802 = ORIENTED_EDGE ( 'NONE', *, *, #1606, .T. ) ;
#2803 = DIRECTION ( 'NONE',  ( 1.000000000000000000, 0.000000000000000000, 0.000000000000000000 ) ) ;
#2804 = ORIENTED_EDGE ( 'NONE', *, *, #1302, .F. ) ;
#2805 = AXIS2_PLACEMENT_3D ( 'NONE', #1625, #3102, #725 ) ;
#2806 = DIRECTION ( 'NONE',  ( 1.000000000000000000, 1.301042606982605567E-16, 0.000000000000000000 ) ) ;
#2807 = EDGE_CURVE ( 'NONE', #3740, #2765, #3036, .T. ) ;
#2808 = EDGE_CURVE ( 'NONE', #1691, #2299, #3598, .T. ) ;
#2809 = DIRECTION ( 'NONE',  ( -2.775557561562891351E-16, 1.000000000000000000, -5.301314942585120903E-15 ) ) ;
#2810 = CARTESIAN_POINT ( 'NONE',  ( 15.65707521604557684, -10.00000000000127187, 7.500000000000285105 ) ) ;
#2811 = EDGE_CURVE ( 'NONE', #575, #3863, #2458, .T. ) ;
#2812 = EDGE_CURVE ( 'NONE', #1431, #852, #2113, .T. ) ;
#2813 = ORIENTED_EDGE ( 'NONE', *, *, #685, .F. ) ;
#2814 = DIRECTION ( 'NONE',  ( -0.000000000000000000, -0.000000000000000000, 1.000000000000000000 ) ) ;
#2815 = ORIENTED_EDGE ( 'NONE', *, *, #3199, .T. ) ;
#2816 = CARTESIAN_POINT ( 'NONE',  ( -6.563739977491040989, 2.457608095870243314, -10.00000000000000000 ) ) ;
#2817 = VECTOR ( 'NONE', #3748, 1000.000000000000000 ) ;
#2818 = DIRECTION ( 'NONE',  ( -0.000000000000000000, -0.000000000000000000, 1.000000000000000000 ) ) ;
#2819 = ORIENTED_EDGE ( 'NONE', *, *, #1352, .F. ) ;
#2820 = DIRECTION ( 'NONE',  ( -0.000000000000000000, -0.000000000000000000, 1.000000000000000000 ) ) ;
#2821 = VECTOR ( 'NONE', #2335, 1000.000000000000000 ) ;
#2822 = ORIENTED_EDGE ( 'NONE', *, *, #2492, .F. ) ;
#2823 = AXIS2_PLACEMENT_3D ( 'NONE', #3623, #1148, #3588 ) ;
#2824 = DIRECTION ( 'NONE',  ( 1.000000000000000000, 0.000000000000000000, 0.000000000000000000 ) ) ;
#2825 = CARTESIAN_POINT ( 'NONE',  ( 6.636688994367753835, 5.310777644757850524, -8.000000000000000000 ) ) ;
#2826 = ORIENTED_EDGE ( 'NONE', *, *, #2061, .T. ) ;
#2827 = VECTOR ( 'NONE', #1570, 1000.000000000000000 ) ;
#2828 = LINE ( 'NONE', #1330, #2595 ) ;
#2829 = ORIENTED_EDGE ( 'NONE', *, *, #2728, .T. ) ;
#2830 = CARTESIAN_POINT ( 'NONE',  ( -18.65707521604608132, -10.00000000000130029, 7.500000000000294875 ) ) ;
#2831 = CIRCLE ( 'NONE', #1871, 1.000000000000000000 ) ;
#2832 = PLANE ( 'NONE',  #3241 ) ;
#2833 = FACE_BOUND ( 'NONE', #497, .T. ) ;
#2834 = EDGE_LOOP ( 'NONE', ( #1905, #3391, #577, #3608, #1544 ) ) ;
#2835 = EDGE_CURVE ( 'NONE', #618, #960, #3636, .T. ) ;
#2836 = VERTEX_POINT ( 'NONE', #901 ) ;
#2837 = CIRCLE ( 'NONE', #1356, 1.000000000000000444 ) ;
#2838 = DIRECTION ( 'NONE',  ( 1.000000000000000000, 0.000000000000000000, 0.000000000000000000 ) ) ;
#2839 = ORIENTED_EDGE ( 'NONE', *, *, #3074, .T. ) ;
#2840 = CARTESIAN_POINT ( 'NONE',  ( -7.490790960615881566, -0.3955614530152175568, 0.000000000000000000 ) ) ;
#2841 = DIRECTION ( 'NONE',  ( 1.000000000000000000, 2.775557561562891351E-16, -8.383884571949778426E-16 ) ) ;
#2842 = ORIENTED_EDGE ( 'NONE', *, *, #3917, .F. ) ;
#2843 = VERTEX_POINT ( 'NONE', #3652 ) ;
#2844 = DIRECTION ( 'NONE',  ( -2.775557561562891351E-16, 1.000000000000000000, -5.301314942585120903E-15 ) ) ;
#2845 = CARTESIAN_POINT ( 'NONE',  ( -7.563739977491040989, 2.457608095870243314, 0.000000000000000000 ) ) ;
#2846 = FACE_OUTER_BOUND ( 'NONE', #3523, .T. ) ;
#2847 = DIRECTION ( 'NONE',  ( -1.000000000000000000, 0.000000000000000000, 0.000000000000000000 ) ) ;
#2848 = ORIENTED_EDGE ( 'NONE', *, *, #734, .F. ) ;
#2849 = AXIS2_PLACEMENT_3D ( 'NONE', #1349, #1365, #2369 ) ;
#2850 = EDGE_CURVE ( 'NONE', #852, #442, #3511, .T. ) ;
#2851 = EDGE_CURVE ( 'NONE', #3916, #1391, #3289, .T. ) ;
#2852 = SHAPE_DEFINITION_REPRESENTATION ( #561, #1072 ) ;
#2853 = ORIENTED_EDGE ( 'NONE', *, *, #1480, .T. ) ;
#2854 = DIRECTION ( 'NONE',  ( -0.000000000000000000, -0.000000000000000000, 1.000000000000000000 ) ) ;
#2855 = ORIENTED_EDGE ( 'NONE', *, *, #3412, .T. ) ;
#2856 = CARTESIAN_POINT ( 'NONE',  ( 18.65707521604556618, -10.00000000000127187, 7.500000000000282441 ) ) ;
#2857 = DIRECTION ( 'NONE',  ( 1.000000000000000000, 0.000000000000000000, 0.000000000000000000 ) ) ;
#2858 = ORIENTED_EDGE ( 'NONE', *, *, #3751, .T. ) ;
#2859 = DIRECTION ( 'NONE',  ( -2.775557561562891351E-16, 1.000000000000000000, -5.301314942585120903E-15 ) ) ;
#2860 = ORIENTED_EDGE ( 'NONE', *, *, #3705, .F. ) ;
#2861 = CARTESIAN_POINT ( 'NONE',  ( -20.89610813048031090, -6.789557106205617920, -8.000000000000000000 ) ) ;
#2862 = CARTESIAN_POINT ( 'NONE',  ( 2.499999999999999556, 5.354910648940147233, 0.000000000000000000 ) ) ;
#2863 = CARTESIAN_POINT ( 'NONE',  ( -16.65707521604608132, -7.850000000001272404, 7.500000000000298428 ) ) ;
#2864 = VECTOR ( 'NONE', #1568, 1000.000000000000000 ) ;
#2865 = CARTESIAN_POINT ( 'NONE',  ( -8.490790960615882454, -0.3955614530152175568, 0.000000000000000000 ) ) ;
#2866 = AXIS2_PLACEMENT_3D ( 'NONE', #3171, #2869, #816 ) ;
#2867 = VERTEX_POINT ( 'NONE', #3840 ) ;
#2868 = AXIS2_PLACEMENT_3D ( 'NONE', #2667, #3871, #2938 ) ;
#2869 = DIRECTION ( 'NONE',  ( -0.000000000000000000, -0.000000000000000000, 1.000000000000000000 ) ) ;
#2870 = ORIENTED_EDGE ( 'NONE', *, *, #2515, .T. ) ;
#2871 = PRODUCT_DEFINITION ( 'æ™', '', #3643, #1598 ) ;
#2872 = VECTOR ( 'NONE', #2202, 1000.000000000000000 ) ;
#2873 = CARTESIAN_POINT ( 'NONE',  ( -15.09999999999999964, 0.000000000000000000, 15.00000000000000000 ) ) ;
#2874 = DIRECTION ( 'NONE',  ( -2.775557561562891351E-16, 1.000000000000000000, -5.301314942585120903E-15 ) ) ;
#2875 = CARTESIAN_POINT ( 'NONE',  ( 16.65707521604557684, -7.000000000000006217, 7.500000000000268230 ) ) ;
#2876 = ORIENTED_EDGE ( 'NONE', *, *, #3724, .T. ) ;
#2877 = EDGE_CURVE ( 'NONE', #1404, #960, #3271, .T. ) ;
#2878 = FACE_OUTER_BOUND ( 'NONE', #1135, .T. ) ;
#2879 = EDGE_CURVE ( 'NONE', #801, #612, #2018, .T. ) ;
#2880 = EDGE_CURVE ( 'NONE', #2954, #1130, #842, .T. ) ;
#2881 = CIRCLE ( 'NONE', #1930, 12.09999999999999964 ) ;
#2882 = CARTESIAN_POINT ( 'NONE',  ( 6.636688994367753835, 5.310777644757850524, 0.000000000000000000 ) ) ;
#2883 = CYLINDRICAL_SURFACE ( 'NONE', #1011, 1.000000000000000000 ) ;
#2884 = ORIENTED_EDGE ( 'NONE', *, *, #982, .F. ) ;
#2885 = CIRCLE ( 'NONE', #2445, 1.000000000000000222 ) ;
#2886 = CARTESIAN_POINT ( 'NONE',  ( -8.563739977491040989, 2.457608095870243314, -8.000000000000000000 ) ) ;
#2887 = ORIENTED_EDGE ( 'NONE', *, *, #2029, .F. ) ;
#2888 = ORIENTED_EDGE ( 'NONE', *, *, #3589, .T. ) ;
#2889 = CARTESIAN_POINT ( 'NONE',  ( 9.107298248878249079E-16, -7.000000000000007994, 15.00000000000000000 ) ) ;
#2890 = VERTEX_POINT ( 'NONE', #2676 ) ;
#2891 = FACE_OUTER_BOUND ( 'NONE', #2696, .T. ) ;
#2892 = DIRECTION ( 'NONE',  ( 0.000000000000000000, 0.000000000000000000, -1.000000000000000000 ) ) ;
#2893 = ORIENTED_EDGE ( 'NONE', *, *, #318, .T. ) ;
#2894 = CARTESIAN_POINT ( 'NONE',  ( 16.65707521604551644, 9.999999999998738787, 7.500000000000242473 ) ) ;
#2895 = ORIENTED_EDGE ( 'NONE', *, *, #3893, .T. ) ;
#2896 = CARTESIAN_POINT ( 'NONE',  ( -14.65707521604607955, -7.850000000001272404, 7.500000000000296652 ) ) ;
#2897 = ADVANCED_FACE ( 'NONE', ( #2926 ), #170, .F. ) ;
#2898 = CARTESIAN_POINT ( 'NONE',  ( -21.99999999999999645, -7.632783294297944905E-15, 15.00000000000000000 ) ) ;
#2899 = CARTESIAN_POINT ( 'NONE',  ( -3.674648388154269973, -6.434101526018735306, -10.00000000000000000 ) ) ;
#2900 = VERTEX_POINT ( 'NONE', #1400 ) ;
#2901 = CARTESIAN_POINT ( 'NONE',  ( -8.563739977491040989, 2.457608095870243314, 0.000000000000000000 ) ) ;
#2902 = AXIS2_PLACEMENT_3D ( 'NONE', #2716, #558, #2757 ) ;
#2903 = EDGE_CURVE ( 'NONE', #2954, #2636, #1092, .T. ) ;
#2904 = DIRECTION ( 'NONE',  ( 0.000000000000000000, 0.000000000000000000, 1.000000000000000000 ) ) ;
#2905 = DIRECTION ( 'NONE',  ( -1.000000000000000000, 0.000000000000000000, 0.000000000000000000 ) ) ;
#2906 = DIRECTION ( 'NONE',  ( 0.000000000000000000, 0.000000000000000000, 1.000000000000000000 ) ) ;
#2907 = ORIENTED_EDGE ( 'NONE', *, *, #431, .T. ) ;
#2908 = CARTESIAN_POINT ( 'NONE',  ( 7.636688994367753835, 5.310777644757850524, -10.00000000000000000 ) ) ;
#2909 = ORIENTED_EDGE ( 'NONE', *, *, #1751, .F. ) ;
#2910 = CIRCLE ( 'NONE', #744, 2.000000000000001776 ) ;
#2911 = DIRECTION ( 'NONE',  ( -0.000000000000000000, -0.000000000000000000, -1.000000000000000000 ) ) ;
#2912 = DIRECTION ( 'NONE',  ( 1.000000000000000000, 0.000000000000000000, 0.000000000000000000 ) ) ;
#2913 = ORIENTED_EDGE ( 'NONE', *, *, #373, .T. ) ;
#2914 = DIRECTION ( 'NONE',  ( -1.000000000000000000, 0.000000000000000000, 0.000000000000000000 ) ) ;
#2915 = EDGE_LOOP ( 'NONE', ( #871, #2345 ) ) ;
#2916 = DIRECTION ( 'NONE',  ( 0.000000000000000000, -0.000000000000000000, -1.000000000000000000 ) ) ;
#2917 = DIRECTION ( 'NONE',  ( 0.000000000000000000, -0.000000000000000000, -1.000000000000000000 ) ) ;
#2918 = DIRECTION ( 'NONE',  ( 0.000000000000000000, 0.000000000000000000, -1.000000000000000000 ) ) ;
#2919 = ORIENTED_EDGE ( 'NONE', *, *, #318, .F. ) ;
#2920 = CIRCLE ( 'NONE', #3621, 1.000000000000000000 ) ;
#2921 = VECTOR ( 'NONE', #126, 1000.000000000000000 ) ;
#2922 = AXIS2_PLACEMENT_3D ( 'NONE', #3238, #184, #1393 ) ;
#2923 = PLANE ( 'NONE',  #315 ) ;
#2924 = DIRECTION ( 'NONE',  ( -0.000000000000000000, -0.000000000000000000, 1.000000000000000000 ) ) ;
#2925 = AXIS2_PLACEMENT_3D ( 'NONE', #3124, #1928, #990 ) ;
#2926 = FACE_OUTER_BOUND ( 'NONE', #3099, .T. ) ;
#2927 = ORIENTED_EDGE ( 'NONE', *, *, #707, .F. ) ;
#2928 = CARTESIAN_POINT ( 'NONE',  ( 1.000000000000000222, 7.952986860293433935, 0.000000000000000000 ) ) ;
#2929 = EDGE_LOOP ( 'NONE', ( #3905, #387 ) ) ;
#2930 = CARTESIAN_POINT ( 'NONE',  ( -16.65707521604608132, -10.00000000000130029, 7.500000000000298428 ) ) ;
#2931 = DIRECTION ( 'NONE',  ( -1.301042606982605567E-16, 1.000000000000000000, 0.000000000000000000 ) ) ;
#2932 = ORIENTED_EDGE ( 'NONE', *, *, #2496, .T. ) ;
#2933 = DIRECTION ( 'NONE',  ( 0.000000000000000000, 1.000000000000000000, -0.000000000000000000 ) ) ;
#2934 = EDGE_LOOP ( 'NONE', ( #33, #3011, #1274, #23, #3632, #13 ) ) ;
#2935 = CARTESIAN_POINT ( 'NONE',  ( -1.247597405029426731, -8.197457282896154496, 0.000000000000000000 ) ) ;
#2936 = DIRECTION ( 'NONE',  ( 3.469446951953611724E-16, -1.000000000000000000, 0.000000000000000000 ) ) ;
#2937 = CIRCLE ( 'NONE', #1466, 12.09999999999999964 ) ;
#2938 = DIRECTION ( 'NONE',  ( -1.000000000000000000, 0.000000000000000000, 0.000000000000000000 ) ) ;
#2939 = AXIS2_PLACEMENT_3D ( 'NONE', #470, #1090, #3466 ) ;
#2940 = DIRECTION ( 'NONE',  ( 0.000000000000000000, 0.000000000000000000, -1.000000000000000000 ) ) ;
#2941 = ORIENTED_EDGE ( 'NONE', *, *, #2275, .F. ) ;
#2942 = AXIS2_PLACEMENT_3D ( 'NONE', #3947, #3907, #1475 ) ;
#2943 = EDGE_CURVE ( 'NONE', #3369, #582, #252, .T. ) ;
#2944 = CARTESIAN_POINT ( 'NONE',  ( -3.674648388154269973, -6.434101526018735306, -8.000000000000000000 ) ) ;
#2945 = CARTESIAN_POINT ( 'NONE',  ( -16.65707521604587171, 9.999999999998724576, 7.500000000000034639 ) ) ;
#2946 = EDGE_CURVE ( 'NONE', #1116, #1013, #3898, .T. ) ;
#2947 = FACE_OUTER_BOUND ( 'NONE', #3077, .T. ) ;
#2948 = ORIENTED_EDGE ( 'NONE', *, *, #2612, .F. ) ;
#2949 = ADVANCED_FACE ( 'NONE', ( #856, #3880 ), #2653, .F. ) ;
#2950 = DIRECTION ( 'NONE',  ( -1.000000000000000000, 0.000000000000000000, 0.000000000000000000 ) ) ;
#2951 = ORIENTED_EDGE ( 'NONE', *, *, #3680, .T. ) ;
#2952 = FACE_OUTER_BOUND ( 'NONE', #3327, .T. ) ;
#2953 = DIRECTION ( 'NONE',  ( 0.000000000000000000, 0.000000000000000000, 1.000000000000000000 ) ) ;
#2954 = VERTEX_POINT ( 'NONE', #2319 ) ;
#2955 = CARTESIAN_POINT ( 'NONE',  ( 15.65707521604557684, -7.000000000000006217, 7.500000000000271783 ) ) ;
#2956 = ORIENTED_EDGE ( 'NONE', *, *, #1030, .T. ) ;
#2957 = DIRECTION ( 'NONE',  ( -0.000000000000000000, -0.000000000000000000, 1.000000000000000000 ) ) ;
#2958 = FACE_OUTER_BOUND ( 'NONE', #254, .T. ) ;
#2959 = DIRECTION ( 'NONE',  ( 0.000000000000000000, 0.000000000000000000, 1.000000000000000000 ) ) ;
#2960 = ORIENTED_EDGE ( 'NONE', *, *, #1067, .F. ) ;
#2961 = CARTESIAN_POINT ( 'NONE',  ( -21.99999999999999289, -7.000000000000005329, 15.00000000000000000 ) ) ;
#2962 = DIRECTION ( 'NONE',  ( 1.000000000000000000, 0.000000000000000000, 0.000000000000000000 ) ) ;
#2963 = CARTESIAN_POINT ( 'NONE',  ( 4.556348158416049898, 0.2281736194402159690, -8.000000000000000000 ) ) ;
#2964 = DIRECTION ( 'NONE',  ( 1.000000000000000000, 1.182766006347823109E-16, 0.000000000000000000 ) ) ;
#2965 = ORIENTED_EDGE ( 'NONE', *, *, #3706, .T. ) ;
#2966 = FACE_BOUND ( 'NONE', #2, .T. ) ;
#2967 = ORIENTED_EDGE ( 'NONE', *, *, #1373, .T. ) ;
#2968 = EDGE_CURVE ( 'NONE', #2749, #3122, #3264, .T. ) ;
#2969 = ADVANCED_FACE ( 'NONE', ( #770 ), #1129, .F. ) ;
#2970 = CYLINDRICAL_SURFACE ( 'NONE', #5, 1.000000000000000888 ) ;
#2971 = EDGE_LOOP ( 'NONE', ( #81, #1171, #1806, #3830 ) ) ;
#2972 = DIRECTION ( 'NONE',  ( 0.000000000000000000, 0.000000000000000000, 1.000000000000000000 ) ) ;
#2973 = VERTEX_POINT ( 'NONE', #1113 ) ;
#2974 = CARTESIAN_POINT ( 'NONE',  ( -1.000000000000000222, 7.952986860293433935, -10.00000000000000000 ) ) ;
#2975 = CIRCLE ( 'NONE', #1763, 1.000000000000000888 ) ;
#2976 = ADVANCED_FACE ( 'NONE', ( #2947 ), #231, .F. ) ;
#2977 = CARTESIAN_POINT ( 'NONE',  ( -1.999999999999989120, 0.000000000000000000, 15.00000000000000000 ) ) ;
#2978 = FACE_BOUND ( 'NONE', #2706, .T. ) ;
#2979 = DIRECTION ( 'NONE',  ( -2.775557561562891351E-16, 1.000000000000000000, -5.301314942585120903E-15 ) ) ;
#2980 = ORIENTED_EDGE ( 'NONE', *, *, #68, .F. ) ;
#2981 = DIRECTION ( 'NONE',  ( 1.000000000000000000, 0.000000000000000000, 0.000000000000000000 ) ) ;
#2982 = AXIS2_PLACEMENT_3D ( 'NONE', #3525, #1744, #2962 ) ;
#2983 = LINE ( 'NONE', #2039, #3334 ) ;
#2984 = CIRCLE ( 'NONE', #2419, 1.000000000000000444 ) ;
#2985 = AXIS2_PLACEMENT_3D ( 'NONE', #2391, #864, #3016 ) ;
#2986 = CIRCLE ( 'NONE', #1262, 15.09999999999999964 ) ;
#2987 = CARTESIAN_POINT ( 'NONE',  ( 16.65707521604551644, 9.999999999998738787, 7.500000000000242473 ) ) ;
#2988 = CIRCLE ( 'NONE', #569, 1.000000000000000222 ) ;
#2989 = EDGE_LOOP ( 'NONE', ( #3133, #275 ) ) ;
#2990 = CARTESIAN_POINT ( 'NONE',  ( 16.65707521604558039, -7.850000000001272404, 8.500000000000284217 ) ) ;
#2991 = VERTEX_POINT ( 'NONE', #2614 ) ;
#2992 = DIRECTION ( 'NONE',  ( -0.000000000000000000, -0.000000000000000000, -1.000000000000000000 ) ) ;
#2993 = EDGE_LOOP ( 'NONE', ( #3388, #2560 ) ) ;
#2994 = DIRECTION ( 'NONE',  ( -0.000000000000000000, 0.000000000000000000, 1.000000000000000000 ) ) ;
#2995 = VERTEX_POINT ( 'NONE', #2634 ) ;
#2996 = CARTESIAN_POINT ( 'NONE',  ( 18.65707521604551999, 7.849999999998740208, 7.500000000000246025 ) ) ;
#2997 = ADVANCED_FACE ( 'NONE', ( #3547 ), #836, .F. ) ;
#2998 = FACE_OUTER_BOUND ( 'NONE', #343, .T. ) ;
#2999 = CYLINDRICAL_SURFACE ( 'NONE', #3227, 1.000000000000000222 ) ;
#3000 = VERTEX_POINT ( 'NONE', #1729 ) ;
#3001 = AXIS2_PLACEMENT_3D ( 'NONE', #3541, #1107, #446 ) ;
#3002 = EDGE_CURVE ( 'NONE', #3055, #444, #211, .T. ) ;
#3003 = EDGE_CURVE ( 'NONE', #3354, #376, #1278, .T. ) ;
#3004 = VECTOR ( 'NONE', #2953, 1000.000000000000000 ) ;
#3005 = DIRECTION ( 'NONE',  ( -0.000000000000000000, -0.000000000000000000, -1.000000000000000000 ) ) ;
#3006 = DIRECTION ( 'NONE',  ( -0.000000000000000000, -0.000000000000000000, 1.000000000000000000 ) ) ;
#3007 = AXIS2_PLACEMENT_3D ( 'NONE', #2414, #2058, #533 ) ;
#3008 = AXIS2_PLACEMENT_3D ( 'NONE', #2151, #1843, #1180 ) ;
#3009 = VERTEX_POINT ( 'NONE', #914 ) ;
#3010 = CARTESIAN_POINT ( 'NONE',  ( 3.000000000000000000, 7.952986860293433935, -8.000000000000000000 ) ) ;
#3011 = ORIENTED_EDGE ( 'NONE', *, *, #3393, .T. ) ;
#3012 = AXIS2_PLACEMENT_3D ( 'NONE', #1020, #3454, #2244 ) ;
#3013 = LINE ( 'NONE', #2366, #1537 ) ;
#3014 = FACE_OUTER_BOUND ( 'NONE', #2711, .T. ) ;
#3015 = VERTEX_POINT ( 'NONE', #2474 ) ;
#3016 = DIRECTION ( 'NONE',  ( 1.000000000000000000, 0.000000000000000000, 0.000000000000000000 ) ) ;
#3017 = VERTEX_POINT ( 'NONE', #1338 ) ;
#3018 = DIRECTION ( 'NONE',  ( -0.000000000000000000, 0.000000000000000000, 1.000000000000000000 ) ) ;
#3019 = CARTESIAN_POINT ( 'NONE',  ( -4.629297175289651456, 3.081343168323530612, -8.000000000000000000 ) ) ;
#3020 = DIRECTION ( 'NONE',  ( -0.000000000000000000, -0.000000000000000000, 1.000000000000000000 ) ) ;
#3021 = ORIENTED_EDGE ( 'NONE', *, *, #3270, .F. ) ;
#3022 = DIRECTION ( 'NONE',  ( 1.000000000000000000, 0.000000000000000000, 0.000000000000000000 ) ) ;
#3023 = EDGE_CURVE ( 'NONE', #303, #3605, #3701, .T. ) ;
#3024 = ADVANCED_FACE ( 'NONE', ( #2650 ), #3586, .F. ) ;
#3025 = CIRCLE ( 'NONE', #1685, 12.09999999999999964 ) ;
#3026 = CARTESIAN_POINT ( 'NONE',  ( 0.000000000000000000, 0.000000000000000000, -5.000000000000000000 ) ) ;
#3027 = DIRECTION ( 'NONE',  ( 1.000000000000000000, 0.000000000000000000, 0.000000000000000000 ) ) ;
#3028 = VERTEX_POINT ( 'NONE', #2901 ) ;
#3029 = CARTESIAN_POINT ( 'NONE',  ( 8.490790960617442096, -0.3955614530130721618, -8.000000000000000000 ) ) ;
#3030 = ORIENTED_EDGE ( 'NONE', *, *, #2710, .F. ) ;
#3031 = CARTESIAN_POINT ( 'NONE',  ( 22.00000000000000000, 0.000000000000000000, 15.00000000000000000 ) ) ;
#3032 = VECTOR ( 'NONE', #3634, 1000.000000000000000 ) ;
#3033 = ORIENTED_EDGE ( 'NONE', *, *, #323, .T. ) ;
#3034 = CARTESIAN_POINT ( 'NONE',  ( 0.000000000000000000, 0.000000000000000000, 0.000000000000000000 ) ) ;
#3035 = EDGE_LOOP ( 'NONE', ( #1632, #1658, #493, #1998 ) ) ;
#3036 = LINE ( 'NONE', #2718, #1746 ) ;
#3037 = DIRECTION ( 'NONE',  ( -0.000000000000000000, -0.000000000000000000, 1.000000000000000000 ) ) ;
#3038 = CARTESIAN_POINT ( 'NONE',  ( 8.563739977492600630, 2.457608095872390930, 0.000000000000000000 ) ) ;
#3039 = CARTESIAN_POINT ( 'NONE',  ( 11.31415043209165461, -10.00000000000000888, 15.00000000000000000 ) ) ;
#3040 = EDGE_LOOP ( 'NONE', ( #3872, #645 ) ) ;
#3041 = DIRECTION ( 'NONE',  ( -0.000000000000000000, -0.000000000000000000, 1.000000000000000000 ) ) ;
#3042 = AXIS2_PLACEMENT_3D ( 'NONE', #1963, #61, #2525 ) ;
#3043 = AXIS2_PLACEMENT_3D ( 'NONE', #2622, #3829, #202 ) ;
#3044 = DIRECTION ( 'NONE',  ( 1.000000000000000000, 0.000000000000000000, 0.000000000000000000 ) ) ;
#3045 = CARTESIAN_POINT ( 'NONE',  ( 9.107298248878249079E-16, -7.000000000000007994, 15.00000000000000000 ) ) ;
#3046 = ADVANCED_FACE ( 'NONE', ( #291 ), #2470, .F. ) ;
#3047 = ADVANCED_FACE ( 'NONE', ( #3383 ), #708, .F. ) ;
#3048 = VERTEX_POINT ( 'NONE', #3402 ) ;
#3049 = DIRECTION ( 'NONE',  ( -0.000000000000000000, -0.000000000000000000, 1.000000000000000000 ) ) ;
#3050 = ORIENTED_EDGE ( 'NONE', *, *, #1308, .F. ) ;
#3051 = EDGE_CURVE ( 'NONE', #1116, #3304, #3389, .T. ) ;
#3052 = EDGE_CURVE ( 'NONE', #2147, #2021, #125, .T. ) ;
#3053 = AXIS2_PLACEMENT_3D ( 'NONE', #1817, #3864, #843 ) ;
#3054 = AXIS2_PLACEMENT_3D ( 'NONE', #2259, #3793, #2609 ) ;
#3055 = VERTEX_POINT ( 'NONE', #90 ) ;
#3056 = ORIENTED_EDGE ( 'NONE', *, *, #1630, .F. ) ;
#3057 = LINE ( 'NONE', #326, #3845 ) ;
#3058 = FACE_OUTER_BOUND ( 'NONE', #2071, .T. ) ;
#3059 = CYLINDRICAL_SURFACE ( 'NONE', #3839, 1.000000000000000000 ) ;
#3060 = ORIENTED_EDGE ( 'NONE', *, *, #3566, .T. ) ;
#3061 = DIRECTION ( 'NONE',  ( 2.775557561562891351E-16, -1.000000000000000000, 5.301314942585120903E-15 ) ) ;
#3062 = ORIENTED_EDGE ( 'NONE', *, *, #3776, .F. ) ;
#3063 = CARTESIAN_POINT ( 'NONE',  ( 4.629297175291207544, 3.081343168325675563, -10.00000000000000000 ) ) ;
#3064 = DIRECTION ( 'NONE',  ( -0.000000000000000000, 0.000000000000000000, 1.000000000000000000 ) ) ;
#3065 = CARTESIAN_POINT ( 'NONE',  ( 18.65707521604551644, 9.999999999998738787, 7.500000000000240696 ) ) ;
#3066 = DIRECTION ( 'NONE',  ( 0.000000000000000000, -0.000000000000000000, -1.000000000000000000 ) ) ;
#3067 = VERTEX_POINT ( 'NONE', #2862 ) ;
#3068 = CARTESIAN_POINT ( 'NONE',  ( -2.247597405029427176, -8.197457282896154496, -10.00000000000000000 ) ) ;
#3069 = ORIENTED_EDGE ( 'NONE', *, *, #1681, .T. ) ;
#3070 = AXIS2_PLACEMENT_3D ( 'NONE', #1441, #2906, #3569 ) ;
#3071 = ADVANCED_FACE ( 'NONE', ( #3087 ), #3476, .F. ) ;
#3072 = DIRECTION ( 'NONE',  ( -0.000000000000000000, -0.000000000000000000, 1.000000000000000000 ) ) ;
#3073 = AXIS2_PLACEMENT_3D ( 'NONE', #1759, #2685, #2394 ) ;
#3074 = EDGE_CURVE ( 'NONE', #664, #1827, #2510, .T. ) ;
#3075 = VERTEX_POINT ( 'NONE', #1951 ) ;
#3076 = PLANE ( 'NONE',  #949 ) ;
#3077 = EDGE_LOOP ( 'NONE', ( #2075, #2499, #1219, #3505 ) ) ;
#3078 = AXIS2_PLACEMENT_3D ( 'NONE', #2575, #1080, #2047 ) ;
#3079 = EDGE_CURVE ( 'NONE', #2353, #2554, #1298, .T. ) ;
#3080 = CARTESIAN_POINT ( 'NONE',  ( 0.000000000000000000, 0.000000000000000000, 0.000000000000000000 ) ) ;
#3081 = CARTESIAN_POINT ( 'NONE',  ( 16.65707521604557684, -10.00000000000127187, 7.500000000000284217 ) ) ;
#3082 = EDGE_LOOP ( 'NONE', ( #620, #259, #3033, #2131 ) ) ;
#3083 = UNCERTAINTY_MEASURE_WITH_UNIT (LENGTH_MEASURE( 1.000000000000000082E-05 ), #1510, 'distance_accuracy_value', 'NONE');
#3084 = CARTESIAN_POINT ( 'NONE',  ( -1.999999999999989120, -11.93356610573721355, 0.000000000000000000 ) ) ;
#3085 = VERTEX_POINT ( 'NONE', #3420 ) ;
#3086 = DIRECTION ( 'NONE',  ( 1.000000000000000000, 0.000000000000000000, 0.000000000000000000 ) ) ;
#3087 = FACE_OUTER_BOUND ( 'NONE', #2440, .T. ) ;
#3088 = FACE_OUTER_BOUND ( 'NONE', #3717, .T. ) ;
#3089 = ORIENTED_EDGE ( 'NONE', *, *, #1123, .T. ) ;
#3090 = FACE_OUTER_BOUND ( 'NONE', #2238, .T. ) ;
#3091 = EDGE_LOOP ( 'NONE', ( #762, #281, #402, #2376 ) ) ;
#3092 = VECTOR ( 'NONE', #1740, 1000.000000000000000 ) ;
#3093 = ORIENTED_EDGE ( 'NONE', *, *, #2031, .F. ) ;
#3094 = DIRECTION ( 'NONE',  ( -1.000000000000000000, -1.301042606982605567E-16, 0.000000000000000000 ) ) ;
#3095 = ORIENTED_EDGE ( 'NONE', *, *, #2635, .F. ) ;
#3096 = EDGE_CURVE ( 'NONE', #1978, #3517, #590, .T. ) ;
#3097 = LINE ( 'NONE', #364, #2827 ) ;
#3098 = DIRECTION ( 'NONE',  ( -0.000000000000000000, 0.000000000000000000, 1.000000000000000000 ) ) ;
#3099 = EDGE_LOOP ( 'NONE', ( #3672, #3807, #2495, #3417 ) ) ;
#3100 = FACE_OUTER_BOUND ( 'NONE', #479, .T. ) ;
#3101 = ORIENTED_EDGE ( 'NONE', *, *, #3680, .F. ) ;
#3102 = DIRECTION ( 'NONE',  ( 2.775557561562891351E-16, -1.000000000000000000, 5.301314942585120903E-15 ) ) ;
#3103 = EDGE_CURVE ( 'NONE', #1618, #1366, #3138, .T. ) ;
#3104 = CARTESIAN_POINT ( 'NONE',  ( 3.000000000000000000, 7.952986860293433935, -10.00000000000000000 ) ) ;
#3105 = CYLINDRICAL_SURFACE ( 'NONE', #882, 1.630422744333462237 ) ;
#3106 = VERTEX_POINT ( 'NONE', #1027 ) ;
#3107 = FACE_OUTER_BOUND ( 'NONE', #3813, .T. ) ;
#3108 = ORIENTED_EDGE ( 'NONE', *, *, #1635, .T. ) ;
#3109 = LINE ( 'NONE', #2816, #2675 ) ;
#3110 = CYLINDRICAL_SURFACE ( 'NONE', #1395, 1.000000000000000888 ) ;
#3111 = ORIENTED_EDGE ( 'NONE', *, *, #1326, .F. ) ;
#3112 = LINE ( 'NONE', #2500, #2864 ) ;
#3113 = ORIENTED_EDGE ( 'NONE', *, *, #46, .T. ) ;
#3114 = AXIS2_PLACEMENT_3D ( 'NONE', #50, #377, #633 ) ;
#3115 = AXIS2_PLACEMENT_3D ( 'NONE', #2863, #1666, #1582 ) ;
#3116 = VECTOR ( 'NONE', #2549, 1000.000000000000000 ) ;
#3117 = VECTOR ( 'NONE', #1846, 1000.000000000000000 ) ;
#3118 = LINE ( 'NONE', #2856, #2633 ) ;
#3119 = CARTESIAN_POINT ( 'NONE',  ( 0.000000000000000000, 0.000000000000000000, -8.000000000000000000 ) ) ;
#3120 = VERTEX_POINT ( 'NONE', #1008 ) ;
#3121 = DIRECTION ( 'NONE',  ( -2.775557561562891351E-16, 1.000000000000000000, -5.301314942585120903E-15 ) ) ;
#3122 = VERTEX_POINT ( 'NONE', #3126 ) ;
#3123 = CIRCLE ( 'NONE', #1784, 0.9999999999999991118 ) ;
#3124 = CARTESIAN_POINT ( 'NONE',  ( 16.65707521604557684, -10.00000000000127187, 7.500000000000284217 ) ) ;
#3125 = EDGE_CURVE ( 'NONE', #85, #612, #3164, .T. ) ;
#3126 = CARTESIAN_POINT ( 'NONE',  ( 22.52653087481376559, -6.789557106205628578, -5.000000000000000000 ) ) ;
#3127 = FACE_OUTER_BOUND ( 'NONE', #984, .T. ) ;
#3128 = EDGE_CURVE ( 'NONE', #2598, #1866, #410, .T. ) ;
#3129 = FACE_BOUND ( 'NONE', #2572, .T. ) ;
#3130 = ORIENTED_EDGE ( 'NONE', *, *, #2943, .T. ) ;
#3131 = AXIS2_PLACEMENT_3D ( 'NONE', #556, #1775, #220 ) ;
#3132 = CARTESIAN_POINT ( 'NONE',  ( -3.629297175289651900, 3.081343168323530612, 0.000000000000000000 ) ) ;
#3133 = ORIENTED_EDGE ( 'NONE', *, *, #1480, .F. ) ;
#3134 = DIRECTION ( 'NONE',  ( -0.000000000000000000, 0.000000000000000000, 1.000000000000000000 ) ) ;
#3135 = AXIS2_PLACEMENT_3D ( 'NONE', #2987, #2001, #1170 ) ;
#3136 = EDGE_LOOP ( 'NONE', ( #1819, #682, #3886, #2180 ) ) ;
#3137 = AXIS2_PLACEMENT_3D ( 'NONE', #2865, #1629, #2571 ) ;
#3138 = CIRCLE ( 'NONE', #3707, 1.000000000000000222 ) ;
#3139 = DIRECTION ( 'NONE',  ( 1.000000000000000000, 0.000000000000000000, 0.000000000000000000 ) ) ;
#3140 = FACE_BOUND ( 'NONE', #1874, .T. ) ;
#3141 = EDGE_LOOP ( 'NONE', ( #3548, #868, #462, #138 ) ) ;
#3142 = DIRECTION ( 'NONE',  ( -0.000000000000000000, -0.000000000000000000, 1.000000000000000000 ) ) ;
#3143 = VERTEX_POINT ( 'NONE', #991 ) ;
#3144 = CARTESIAN_POINT ( 'NONE',  ( 22.00000000000000000, 0.000000000000000000, 15.00000000000000000 ) ) ;
#3145 = VECTOR ( 'NONE', #2172, 1000.000000000000000 ) ;
#3146 = CARTESIAN_POINT ( 'NONE',  ( -9.107298248878243162E-16, 7.000000000000002665, 0.000000000000000000 ) ) ;
#3147 = CARTESIAN_POINT ( 'NONE',  ( -7.101699371279113215, -4.670745769141315229, 0.000000000000000000 ) ) ;
#3148 = EDGE_CURVE ( 'NONE', #382, #960, #44, .T. ) ;
#3149 = EDGE_CURVE ( 'NONE', #2973, #3028, #327, .T. ) ;
#3150 = AXIS2_PLACEMENT_3D ( 'NONE', #2825, #84, #3362 ) ;
#3151 = DIRECTION ( 'NONE',  ( -0.000000000000000000, -0.000000000000000000, 1.000000000000000000 ) ) ;
#3152 = VERTEX_POINT ( 'NONE', #3736 ) ;
#3153 = ADVANCED_FACE ( 'NONE', ( #107 ), #3775, .T. ) ;
#3154 = EDGE_CURVE ( 'NONE', #1193, #3530, #2122, .T. ) ;
#3155 = APPLICATION_PROTOCOL_DEFINITION ( 'draft international standard', 'automotive_design', 1998, #1986 ) ;
#3156 = ORIENTED_EDGE ( 'NONE', *, *, #2160, .F. ) ;
#3157 = CARTESIAN_POINT ( 'NONE',  ( 1.934012015230563097, -5.213891596790031002, 0.000000000000000000 ) ) ;
#3158 = ORIENTED_EDGE ( 'NONE', *, *, #2329, .F. ) ;
#3159 = FACE_BOUND ( 'NONE', #1569, .T. ) ;
#3160 = DIRECTION ( 'NONE',  ( -1.000000000000000000, 0.000000000000000000, 8.673617379884027583E-16 ) ) ;
#3161 = VERTEX_POINT ( 'NONE', #972 ) ;
#3162 = ORIENTED_EDGE ( 'NONE', *, *, #1884, .T. ) ;
#3163 = CARTESIAN_POINT ( 'NONE',  ( 16.65707521604557684, -10.00000000000127187, 7.500000000000284217 ) ) ;
#3164 = LINE ( 'NONE', #2233, #1223 ) ;
#3165 = CARTESIAN_POINT ( 'NONE',  ( -5.361062998351325604, -3.450535839913938307, -8.000000000000000000 ) ) ;
#3166 = ADVANCED_FACE ( 'NONE', ( #666 ), #3833, .F. ) ;
#3167 = DIRECTION ( 'NONE',  ( 1.000000000000000000, 0.000000000000000000, 0.000000000000000000 ) ) ;
#3168 = EDGE_CURVE ( 'NONE', #3411, #3628, #205, .T. ) ;
#3169 = VERTEX_POINT ( 'NONE', #3218 ) ;
#3170 = ADVANCED_FACE ( 'NONE', ( #2958 ), #3559, .F. ) ;
#3171 = CARTESIAN_POINT ( 'NONE',  ( 3.000000000000000000, 7.952986860293433935, -10.00000000000000000 ) ) ;
#3172 = EDGE_CURVE ( 'NONE', #3251, #2423, #3758, .T. ) ;
#3173 = EDGE_LOOP ( 'NONE', ( #981, #1429 ) ) ;
#3174 = DIRECTION ( 'NONE',  ( 1.000000000000000000, 0.000000000000000000, 0.000000000000000000 ) ) ;
#3175 = CARTESIAN_POINT ( 'NONE',  ( -22.00000000000000000, 10.00000000000000178, 15.00000000000000000 ) ) ;
#3176 = EDGE_LOOP ( 'NONE', ( #3874, #1900 ) ) ;
#3177 = AXIS2_PLACEMENT_3D ( 'NONE', #3026, #609, #1830 ) ;
#3178 = LINE ( 'NONE', #1103, #2022 ) ;
#3179 = EDGE_LOOP ( 'NONE', ( #681, #9, #2186, #700 ) ) ;
#3180 = CYLINDRICAL_SURFACE ( 'NONE', #91, 1.000000000000000000 ) ;
#3181 = VECTOR ( 'NONE', #2979, 1000.000000000000000 ) ;
#3182 = AXIS2_PLACEMENT_3D ( 'NONE', #2427, #2134, #286 ) ;
#3183 = CARTESIAN_POINT ( 'NONE',  ( -3.361062998351325604, -3.450535839913938307, 0.000000000000000000 ) ) ;
#3184 = CARTESIAN_POINT ( 'NONE',  ( 22.00000000000000000, 10.00000000000000888, 0.000000000000000000 ) ) ;
#3185 = EDGE_LOOP ( 'NONE', ( #194, #1084 ) ) ;
#3186 = CARTESIAN_POINT ( 'NONE',  ( 9.869650449737312314, 7.000000000000003553, 0.000000000000000000 ) ) ;
#3187 = CARTESIAN_POINT ( 'NONE',  ( -3.000000000000000000, 7.952986860293433935, -10.00000000000000000 ) ) ;
#3188 = ORIENTED_EDGE ( 'NONE', *, *, #3678, .T. ) ;
#3189 = DIRECTION ( 'NONE',  ( -0.000000000000000000, -0.000000000000000000, 1.000000000000000000 ) ) ;
#3190 = ORIENTED_EDGE ( 'NONE', *, *, #2089, .T. ) ;
#3191 = ADVANCED_FACE ( 'NONE', ( #2013 ), #828, .F. ) ;
#3192 = VECTOR ( 'NONE', #2992, 1000.000000000000000 ) ;
#3193 = CYLINDRICAL_SURFACE ( 'NONE', #2258, 1.000000000000000000 ) ;
#3194 = CARTESIAN_POINT ( 'NONE',  ( 0.000000000000000000, 0.000000000000000000, 0.000000000000000000 ) ) ;
#3195 = ORIENTED_EDGE ( 'NONE', *, *, #76, .F. ) ;
#3196 = DIRECTION ( 'NONE',  ( 1.000000000000000000, 0.000000000000000000, 0.000000000000000000 ) ) ;
#3197 = ORIENTED_EDGE ( 'NONE', *, *, #3002, .F. ) ;
#3198 = CYLINDRICAL_SURFACE ( 'NONE', #2144, 1.000000000000000000 ) ;
#3199 = EDGE_CURVE ( 'NONE', #1303, #113, #2746, .T. ) ;
#3200 = DIRECTION ( 'NONE',  ( 0.000000000000000000, 0.000000000000000000, 1.000000000000000000 ) ) ;
#3201 = DIRECTION ( 'NONE',  ( 1.000000000000000000, 0.000000000000000000, 0.000000000000000000 ) ) ;
#3202 = DIRECTION ( 'NONE',  ( -1.000000000000000000, 0.000000000000000000, 0.000000000000000000 ) ) ;
#3203 = EDGE_LOOP ( 'NONE', ( #1497, #2839, #1145, #657, #2342 ) ) ;
#3204 = CIRCLE ( 'NONE', #2000, 1.000000000000000888 ) ;
#3205 = DIRECTION ( 'NONE',  ( 1.000000000000000000, 0.000000000000000000, 0.000000000000000000 ) ) ;
#3206 = ORIENTED_EDGE ( 'NONE', *, *, #3896, .T. ) ;
#3207 = DIRECTION ( 'NONE',  ( -1.000000000000000000, -1.182766006347823355E-16, 0.000000000000000000 ) ) ;
#3208 = EDGE_LOOP ( 'NONE', ( #1212, #3674 ) ) ;
#3209 = DIRECTION ( 'NONE',  ( -2.775557561562891351E-16, 1.000000000000000000, -5.301314942585120903E-15 ) ) ;
#3210 = ORIENTED_EDGE ( 'NONE', *, *, #3433, .T. ) ;
#3211 = EDGE_CURVE ( 'NONE', #2194, #339, #835, .T. ) ;
#3212 = DIRECTION ( 'NONE',  ( -1.000000000000000000, 0.000000000000000000, 8.673617379884027583E-16 ) ) ;
#3213 = CARTESIAN_POINT ( 'NONE',  ( -1.999999999999989120, -14.96696361991970647, 0.000000000000000000 ) ) ;
#3214 = ORIENTED_EDGE ( 'NONE', *, *, #3751, .F. ) ;
#3215 = CYLINDRICAL_SURFACE ( 'NONE', #2849, 2.000000000000001776 ) ;
#3216 = VERTEX_POINT ( 'NONE', #1435 ) ;
#3217 = DIRECTION ( 'NONE',  ( 0.000000000000000000, 0.000000000000000000, 1.000000000000000000 ) ) ;
#3218 = CARTESIAN_POINT ( 'NONE',  ( 18.65707521604556973, -7.850000000001272404, 7.500000000000282441 ) ) ;
#3219 = CARTESIAN_POINT ( 'NONE',  ( -1.934012015226485248, -5.213891596791355276, -10.00000000000000000 ) ) ;
#3220 = ORIENTED_EDGE ( 'NONE', *, *, #2879, .F. ) ;
#3221 = EDGE_CURVE ( 'NONE', #775, #3315, #1333, .T. ) ;
#3222 = ADVANCED_FACE ( 'NONE', ( #1991 ), #2602, .F. ) ;
#3223 = PRESENTATION_LAYER_ASSIGNMENT (  '', '', ( #1184 ) ) ;
#3224 = CARTESIAN_POINT ( 'NONE',  ( -16.65707521604608132, -7.850000000001272404, 7.500000000000298428 ) ) ;
#3225 = CARTESIAN_POINT ( 'NONE',  ( -1.247597405029426731, -8.197457282896154496, -10.00000000000000000 ) ) ;
#3226 = EDGE_LOOP ( 'NONE', ( #2406, #2415, #1712, #2822 ) ) ;
#3227 = AXIS2_PLACEMENT_3D ( 'NONE', #2720, #3908, #3303 ) ;
#3228 = DIRECTION ( 'NONE',  ( -1.000000000000000000, 0.000000000000000000, 0.000000000000000000 ) ) ;
#3229 = ORIENTED_EDGE ( 'NONE', *, *, #3003, .T. ) ;
#3230 = AXIS2_PLACEMENT_3D ( 'NONE', #237, #304, #2148 ) ;
#3231 = DIRECTION ( 'NONE',  ( 1.000000000000000000, 0.000000000000000000, 0.000000000000000000 ) ) ;
#3232 = CARTESIAN_POINT ( 'NONE',  ( 0.000000000000000000, 0.000000000000000000, 0.000000000000000000 ) ) ;
#3233 = EDGE_LOOP ( 'NONE', ( #718, #3656 ) ) ;
#3234 = DIRECTION ( 'NONE',  ( 0.000000000000000000, 0.000000000000000000, -1.000000000000000000 ) ) ;
#3235 = ORIENTED_EDGE ( 'NONE', *, *, #3294, .F. ) ;
#3236 = FACE_OUTER_BOUND ( 'NONE', #74, .T. ) ;
#3237 = DIRECTION ( 'NONE',  ( 1.000000000000000000, 0.000000000000000000, 0.000000000000000000 ) ) ;
#3238 = CARTESIAN_POINT ( 'NONE',  ( 1.999999999999989120, 0.000000000000000000, 0.000000000000000000 ) ) ;
#3239 = VERTEX_POINT ( 'NONE', #2310 ) ;
#3240 = CIRCLE ( 'NONE', #48, 1.000000000000000000 ) ;
#3241 = AXIS2_PLACEMENT_3D ( 'NONE', #1009, #710, #411 ) ;
#3242 = AXIS2_PLACEMENT_3D ( 'NONE', #147, #449, #2589 ) ;
#3243 = ADVANCED_FACE ( 'NONE', ( #1721 ), #1665, .T. ) ;
#3244 = CIRCLE ( 'NONE', #3746, 1.000000000000000222 ) ;
#3245 = CARTESIAN_POINT ( 'NONE',  ( 7.101699371283189066, -4.670745769139988290, -8.000000000000000000 ) ) ;
#3246 = DIRECTION ( 'NONE',  ( 1.000000000000000000, 0.000000000000000000, 0.000000000000000000 ) ) ;
#3247 = VECTOR ( 'NONE', #2527, 1000.000000000000000 ) ;
#3248 = DIRECTION ( 'NONE',  ( 1.000000000000000000, 1.301042606982605567E-16, 0.000000000000000000 ) ) ;
#3249 = ORIENTED_EDGE ( 'NONE', *, *, #1426, .T. ) ;
#3250 = PLANE ( 'NONE',  #1771 ) ;
#3251 = VERTEX_POINT ( 'NONE', #1698 ) ;
#3252 = CARTESIAN_POINT ( 'NONE',  ( 0.000000000000000000, 0.000000000000000000, 0.000000000000000000 ) ) ;
#3253 = AXIS2_PLACEMENT_3D ( 'NONE', #806, #3810, #161 ) ;
#3254 = CYLINDRICAL_SURFACE ( 'NONE', #2443, 2.000000000000001776 ) ;
#3255 = DIRECTION ( 'NONE',  ( 1.000000000000000000, 0.000000000000000000, 0.000000000000000000 ) ) ;
#3256 = ORIENTED_EDGE ( 'NONE', *, *, #2538, .T. ) ;
#3257 = LINE ( 'NONE', #443, #1007 ) ;
#3258 = VERTEX_POINT ( 'NONE', #2372 ) ;
#3259 = CARTESIAN_POINT ( 'NONE',  ( 1.247597405033505469, -8.197457282894827557, -10.00000000000000000 ) ) ;
#3260 = VECTOR ( 'NONE', #78, 1000.000000000000000 ) ;
#3261 = DIRECTION ( 'NONE',  ( -0.000000000000000000, -0.000000000000000000, 1.000000000000000000 ) ) ;
#3262 = CARTESIAN_POINT ( 'NONE',  ( -13.37946187258664743, -7.000000000000009770, 0.000000000000000000 ) ) ;
#3263 = VERTEX_POINT ( 'NONE', #743 ) ;
#3264 = CIRCLE ( 'NONE', #1863, 1.630422744333462237 ) ;
#3265 = CARTESIAN_POINT ( 'NONE',  ( 0.000000000000000000, 0.000000000000000000, 15.00000000000000000 ) ) ;
#3266 = EDGE_CURVE ( 'NONE', #2095, #1285, #1990, .T. ) ;
#3267 = AXIS2_PLACEMENT_3D ( 'NONE', #1774, #2680, #1133 ) ;
#3268 = CARTESIAN_POINT ( 'NONE',  ( -5.556348158414492033, 0.2281736194380706295, -10.00000000000000000 ) ) ;
#3269 = CARTESIAN_POINT ( 'NONE',  ( -21.99999999999999645, -7.632783294297944905E-15, 15.00000000000000000 ) ) ;
#3270 = EDGE_CURVE ( 'NONE', #3067, #2727, #1149, .T. ) ;
#3271 = LINE ( 'NONE', #1463, #2563 ) ;
#3272 = VERTEX_POINT ( 'NONE', #3498 ) ;
#3273 = CARTESIAN_POINT ( 'NONE',  ( -19.26568538614684911, -6.789557106205617920, -8.000000000000000000 ) ) ;
#3274 = VERTEX_POINT ( 'NONE', #3183 ) ;
#3275 = EDGE_CURVE ( 'NONE', #339, #2194, #3506, .T. ) ;
#3276 = EDGE_CURVE ( 'NONE', #601, #3354, #1392, .T. ) ;
#3277 = CARTESIAN_POINT ( 'NONE',  ( -7.101699371279113215, -4.670745769141315229, -8.000000000000000000 ) ) ;
#3278 = CARTESIAN_POINT ( 'NONE',  ( -1.999999999999999556, 7.952986860293433935, 0.000000000000000000 ) ) ;
#3279 = ORIENTED_EDGE ( 'NONE', *, *, #3637, .T. ) ;
#3280 = CARTESIAN_POINT ( 'NONE',  ( 4.674648388158348489, -6.434101526017407480, 0.000000000000000000 ) ) ;
#3281 = ORIENTED_EDGE ( 'NONE', *, *, #3350, .T. ) ;
#3282 = FACE_BOUND ( 'NONE', #2365, .T. ) ;
#3283 = DIRECTION ( 'NONE',  ( 1.000000000000000000, 0.000000000000000000, 0.000000000000000000 ) ) ;
#3284 = FACE_OUTER_BOUND ( 'NONE', #2002, .T. ) ;
#3285 = ORIENTED_EDGE ( 'NONE', *, *, #3003, .F. ) ;
#3286 = CIRCLE ( 'NONE', #1549, 15.09999999999999964 ) ;
#3287 = CARTESIAN_POINT ( 'NONE',  ( -7.101699371279113215, -4.670745769141315229, 0.000000000000000000 ) ) ;
#3288 = DIRECTION ( 'NONE',  ( -0.000000000000000000, 0.000000000000000000, 1.000000000000000000 ) ) ;
#3289 = LINE ( 'NONE', #3529, #262 ) ;
#3290 = VERTEX_POINT ( 'NONE', #2626 ) ;
#3291 = LINE ( 'NONE', #2712, #2795 ) ;
#3292 = ORIENTED_EDGE ( 'NONE', *, *, #2728, .F. ) ;
#3293 = ADVANCED_FACE ( 'NONE', ( #2287 ), #467, .T. ) ;
#3294 = EDGE_CURVE ( 'NONE', #2368, #3763, #3761, .T. ) ;
#3295 = EDGE_CURVE ( 'NONE', #1672, #2194, #1106, .T. ) ;
#3296 = FACE_OUTER_BOUND ( 'NONE', #2507, .T. ) ;
#3297 = ORIENTED_EDGE ( 'NONE', *, *, #323, .F. ) ;
#3298 = CARTESIAN_POINT ( 'NONE',  ( -0.9340120152264849152, -5.213891596791355276, -10.00000000000000000 ) ) ;
#3299 = EDGE_LOOP ( 'NONE', ( #134, #2767, #3765, #1837 ) ) ;
#3300 = CARTESIAN_POINT ( 'NONE',  ( 16.65707521604551644, 7.000000000000004441, 7.500000000000258460 ) ) ;
#3301 = CIRCLE ( 'NONE', #3422, 15.09999999999999964 ) ;
#3302 = DIRECTION ( 'NONE',  ( 1.000000000000000000, 0.000000000000000000, 0.000000000000000000 ) ) ;
#3303 = DIRECTION ( 'NONE',  ( 1.000000000000000000, 0.000000000000000000, 0.000000000000000000 ) ) ;
#3304 = VERTEX_POINT ( 'NONE', #1659 ) ;
#3305 = CARTESIAN_POINT ( 'NONE',  ( -16.65707521604587171, 7.000000000000000888, 7.500000000000049738 ) ) ;
#3306 = AXIS2_PLACEMENT_3D ( 'NONE', #872, #3049, #2434 ) ;
#3307 = VECTOR ( 'NONE', #2707, 1000.000000000000000 ) ;
#3308 = CYLINDRICAL_SURFACE ( 'NONE', #3007, 1.000000000000000888 ) ;
#3309 = AXIS2_PLACEMENT_3D ( 'NONE', #1471, #878, #3612 ) ;
#3310 = VECTOR ( 'NONE', #2959, 1000.000000000000000 ) ;
#3311 = AXIS2_PLACEMENT_3D ( 'NONE', #530, #3926, #3346 ) ;
#3312 = AXIS2_PLACEMENT_3D ( 'NONE', #3245, #1222, #510 ) ;
#3313 = ORIENTED_EDGE ( 'NONE', *, *, #3125, .T. ) ;
#3314 = DIRECTION ( 'NONE',  ( -1.000000000000000000, 0.000000000000000000, 0.000000000000000000 ) ) ;
#3315 = VERTEX_POINT ( 'NONE', #613 ) ;
#3316 = DIRECTION ( 'NONE',  ( -1.000000000000000000, 0.000000000000000000, 8.673617379884027583E-16 ) ) ;
#3317 = FACE_OUTER_BOUND ( 'NONE', #2971, .T. ) ;
#3318 = VERTEX_POINT ( 'NONE', #1762 ) ;
#3319 = FACE_OUTER_BOUND ( 'NONE', #2670, .T. ) ;
#3320 = VERTEX_POINT ( 'NONE', #911 ) ;
#3321 = ADVANCED_FACE ( 'NONE', ( #3754 ), #2165, .F. ) ;
#3322 = CARTESIAN_POINT ( 'NONE',  ( 3.629297175291207989, 3.081343168325675563, -10.00000000000000000 ) ) ;
#3323 = EDGE_CURVE ( 'NONE', #3582, #2285, #756, .T. ) ;
#3324 = DIRECTION ( 'NONE',  ( 1.000000000000000000, 0.000000000000000000, 0.000000000000000000 ) ) ;
#3325 = FACE_BOUND ( 'NONE', #2600, .T. ) ;
#3326 = LINE ( 'NONE', #1787, #3117 ) ;
#3327 = EDGE_LOOP ( 'NONE', ( #1542, #1552, #247, #3197 ) ) ;
#3328 = AXIS2_PLACEMENT_3D ( 'NONE', #2271, #1872, #3441 ) ;
#3329 = CIRCLE ( 'NONE', #1594, 1.000000000000000000 ) ;
#3330 = EDGE_CURVE ( 'NONE', #2744, #1424, #2986, .T. ) ;
#3331 = VECTOR ( 'NONE', #3865, 1000.000000000000000 ) ;
#3332 = CARTESIAN_POINT ( 'NONE',  ( 6.101699371283188178, -4.670745769139988290, -10.00000000000000000 ) ) ;
#3333 = CARTESIAN_POINT ( 'NONE',  ( -9.107298248878243162E-16, 7.000000000000002665, 15.00000000000000000 ) ) ;
#3334 = VECTOR ( 'NONE', #251, 1000.000000000000000 ) ;
#3335 = ORIENTED_EDGE ( 'NONE', *, *, #1578, .F. ) ;
#3336 = CARTESIAN_POINT ( 'NONE',  ( 15.65707521604551822, 7.849999999998740208, 7.500000000000257572 ) ) ;
#3337 = ORIENTED_EDGE ( 'NONE', *, *, #2062, .F. ) ;
#3338 = LINE ( 'NONE', #2145, #3460 ) ;
#3339 = DIRECTION ( 'NONE',  ( -1.000000000000000000, 0.000000000000000000, 0.000000000000000000 ) ) ;
#3340 = VERTEX_POINT ( 'NONE', #2033 ) ;
#3341 = CARTESIAN_POINT ( 'NONE',  ( 4.629297175291207544, 3.081343168325675563, -8.000000000000000000 ) ) ;
#3342 = ORIENTED_EDGE ( 'NONE', *, *, #2116, .F. ) ;
#3343 = CARTESIAN_POINT ( 'NONE',  ( 5.674648388158348489, -6.434101526017407480, -8.000000000000000000 ) ) ;
#3344 = DIRECTION ( 'NONE',  ( -0.000000000000000000, 0.000000000000000000, 1.000000000000000000 ) ) ;
#3345 = AXIS2_PLACEMENT_3D ( 'NONE', #60, #1273, #2504 ) ;
#3346 = DIRECTION ( 'NONE',  ( -1.000000000000000000, 0.000000000000000000, 0.000000000000000000 ) ) ;
#3347 = CARTESIAN_POINT ( 'NONE',  ( -1.999999999999999556, 7.952986860293433935, -10.00000000000000000 ) ) ;
#3348 = EDGE_LOOP ( 'NONE', ( #3914, #1173, #2870, #2623 ) ) ;
#3349 = DIRECTION ( 'NONE',  ( 1.000000000000000000, 1.301042606982605567E-16, 0.000000000000000000 ) ) ;
#3350 = EDGE_CURVE ( 'NONE', #100, #376, #2591, .T. ) ;
#3351 = EDGE_CURVE ( 'NONE', #1866, #2765, #380, .T. ) ;
#3352 = VECTOR ( 'NONE', #2091, 1000.000000000000000 ) ;
#3353 = CARTESIAN_POINT ( 'NONE',  ( 11.31415043209165461, -10.00000000000000888, 0.000000000000000000 ) ) ;
#3354 = VERTEX_POINT ( 'NONE', #340 ) ;
#3355 = LINE ( 'NONE', #892, #3931 ) ;
#3356 = ORIENTED_EDGE ( 'NONE', *, *, #483, .T. ) ;
#3357 = DIRECTION ( 'NONE',  ( 1.000000000000000000, 0.000000000000000000, 0.000000000000000000 ) ) ;
#3358 = ORIENTED_EDGE ( 'NONE', *, *, #75, .T. ) ;
#3359 = CARTESIAN_POINT ( 'NONE',  ( -16.65707521604608132, -7.850000000001272404, 7.500000000000298428 ) ) ;
#3360 = ORIENTED_EDGE ( 'NONE', *, *, #99, .T. ) ;
#3361 = CARTESIAN_POINT ( 'NONE',  ( -2.499999999999999556, 5.354910648940147233, -10.00000000000000000 ) ) ;
#3362 = DIRECTION ( 'NONE',  ( -1.000000000000000000, 0.000000000000000000, 0.000000000000000000 ) ) ;
#3363 = DIRECTION ( 'NONE',  ( -2.775557561562891351E-16, 1.000000000000000000, -5.301314942585120903E-15 ) ) ;
#3364 = VERTEX_POINT ( 'NONE', #1612 ) ;
#3365 = LINE ( 'NONE', #948, #1648 ) ;
#3366 = EDGE_CURVE ( 'NONE', #3451, #1438, #2111, .T. ) ;
#3367 = ORIENTED_EDGE ( 'NONE', *, *, #1953, .F. ) ;
#3368 = FACE_BOUND ( 'NONE', #1350, .T. ) ;
#3369 = VERTEX_POINT ( 'NONE', #3685 ) ;
#3370 = DIRECTION ( 'NONE',  ( 0.000000000000000000, 0.000000000000000000, -1.000000000000000000 ) ) ;
#3371 = AXIS2_PLACEMENT_3D ( 'NONE', #3305, #1519, #932 ) ;
#3372 = DIRECTION ( 'NONE',  ( 1.000000000000000000, 0.000000000000000000, 0.000000000000000000 ) ) ;
#3373 = EDGE_LOOP ( 'NONE', ( #1156, #997 ) ) ;
#3374 = VECTOR ( 'NONE', #3094, 1000.000000000000000 ) ;
#3375 = DIRECTION ( 'NONE',  ( 1.000000000000000000, 0.000000000000000000, 0.000000000000000000 ) ) ;
#3376 = EDGE_LOOP ( 'NONE', ( #49, #1139 ) ) ;
#3377 = DIRECTION ( 'NONE',  ( -0.000000000000000000, -0.000000000000000000, 1.000000000000000000 ) ) ;
#3378 = CARTESIAN_POINT ( 'NONE',  ( 4.629297175291207544, 3.081343168325675563, -10.00000000000000000 ) ) ;
#3379 = VERTEX_POINT ( 'NONE', #955 ) ;
#3380 = DIRECTION ( 'NONE',  ( -0.000000000000000000, -0.000000000000000000, 1.000000000000000000 ) ) ;
#3381 = ORIENTED_EDGE ( 'NONE', *, *, #1655, .F. ) ;
#3382 = CARTESIAN_POINT ( 'NONE',  ( -1.934012015226485248, -5.213891596791355276, -8.000000000000000000 ) ) ;
#3383 = FACE_OUTER_BOUND ( 'NONE', #3091, .T. ) ;
#3384 = DIRECTION ( 'NONE',  ( 0.000000000000000000, 0.000000000000000000, -1.000000000000000000 ) ) ;
#3385 = EDGE_CURVE ( 'NONE', #3239, #2973, #3109, .T. ) ;
#3386 = ORIENTED_EDGE ( 'NONE', *, *, #2946, .F. ) ;
#3387 = DIRECTION ( 'NONE',  ( -1.000000000000000000, -2.775557561562891351E-16, 8.383884571949778426E-16 ) ) ;
#3388 = ORIENTED_EDGE ( 'NONE', *, *, #2012, .F. ) ;
#3389 = CIRCLE ( 'NONE', #3824, 1.000000000000000000 ) ;
#3390 = CARTESIAN_POINT ( 'NONE',  ( -3.674648388154269973, -6.434101526018735306, 0.000000000000000000 ) ) ;
#3391 = ORIENTED_EDGE ( 'NONE', *, *, #3023, .F. ) ;
#3392 = CARTESIAN_POINT ( 'NONE',  ( -9.107298248878243162E-16, 7.000000000000002665, 15.00000000000000000 ) ) ;
#3393 = EDGE_CURVE ( 'NONE', #966, #1301, #54, .T. ) ;
#3394 = ORIENTED_EDGE ( 'NONE', *, *, #2737, .T. ) ;
#3395 = AXIS2_PLACEMENT_3D ( 'NONE', #1346, #3471, #3174 ) ;
#3396 = DIRECTION ( 'NONE',  ( 1.000000000000000000, 0.000000000000000000, 0.000000000000000000 ) ) ;
#3397 = FACE_BOUND ( 'NONE', #1980, .T. ) ;
#3398 = VERTEX_POINT ( 'NONE', #3038 ) ;
#3399 = DIRECTION ( 'NONE',  ( -1.000000000000000000, 0.000000000000000000, 8.673617379884027583E-16 ) ) ;
#3400 = ORIENTED_EDGE ( 'NONE', *, *, #2453, .F. ) ;
#3401 = LINE ( 'NONE', #742, #183 ) ;
#3402 = CARTESIAN_POINT ( 'NONE',  ( 4.000000000000000000, 7.952986860293433935, -8.000000000000000000 ) ) ;
#3403 = LINE ( 'NONE', #393, #2921 ) ;
#3404 = ORIENTED_EDGE ( 'NONE', *, *, #554, .F. ) ;
#3405 = FACE_BOUND ( 'NONE', #2019, .T. ) ;
#3406 = ORIENTED_EDGE ( 'NONE', *, *, #416, .F. ) ;
#3407 = AXIS2_PLACEMENT_3D ( 'NONE', #1890, #368, #3459 ) ;
#3408 =( NAMED_UNIT ( * ) SI_UNIT ( $, .STERADIAN. ) SOLID_ANGLE_UNIT ( ) );
#3409 = ORIENTED_EDGE ( 'NONE', *, *, #931, .T. ) ;
#3410 = DIRECTION ( 'NONE',  ( -1.301042606982605567E-16, 1.000000000000000000, 0.000000000000000000 ) ) ;
#3411 = VERTEX_POINT ( 'NONE', #904 ) ;
#3412 = EDGE_CURVE ( 'NONE', #2249, #337, #2742, .T. ) ;
#3413 = EDGE_CURVE ( 'NONE', #2143, #582, #2799, .T. ) ;
#3414 = FACE_BOUND ( 'NONE', #330, .T. ) ;
#3415 = FACE_OUTER_BOUND ( 'NONE', #2770, .T. ) ;
#3416 = ORIENTED_EDGE ( 'NONE', *, *, #97, .F. ) ;
#3417 = ORIENTED_EDGE ( 'NONE', *, *, #1286, .T. ) ;
#3418 = CARTESIAN_POINT ( 'NONE',  ( -7.563739977491040989, 2.457608095870243314, -8.000000000000000000 ) ) ;
#3419 = ADVANCED_FACE ( 'NONE', ( #3579 ), #1456, .T. ) ;
#3420 = CARTESIAN_POINT ( 'NONE',  ( -9.490790960615880678, -0.3955614530152174457, 0.000000000000000000 ) ) ;
#3421 = DIRECTION ( 'NONE',  ( 2.775557561562891351E-16, -1.000000000000000000, 5.301314942585120903E-15 ) ) ;
#3422 = AXIS2_PLACEMENT_3D ( 'NONE', #1553, #3749, #422 ) ;
#3423 = FACE_BOUND ( 'NONE', #3626, .T. ) ;
#3424 = EDGE_LOOP ( 'NONE', ( #1267, #159, #3669, #1678 ) ) ;
#3425 = CARTESIAN_POINT ( 'NONE',  ( -2.247597405029427176, -8.197457282896154496, -10.00000000000000000 ) ) ;
#3426 = EDGE_LOOP ( 'NONE', ( #1652, #3790 ) ) ;
#3427 = LINE ( 'NONE', #3742, #3374 ) ;
#3428 = ORIENTED_EDGE ( 'NONE', *, *, #776, .F. ) ;
#3429 = AXIS2_PLACEMENT_3D ( 'NONE', #454, #1074, #1979 ) ;
#3430 = CIRCLE ( 'NONE', #2232, 1.000000000000000000 ) ;
#3431 = CIRCLE ( 'NONE', #3054, 1.000000000000000222 ) ;
#3432 = AXIS2_PLACEMENT_3D ( 'NONE', #3581, #2288, #851 ) ;
#3433 = EDGE_CURVE ( 'NONE', #2246, #3239, #1079, .T. ) ;
#3434 = DIRECTION ( 'NONE',  ( 0.000000000000000000, 0.000000000000000000, 1.000000000000000000 ) ) ;
#3435 = DIRECTION ( 'NONE',  ( -1.000000000000000000, 0.000000000000000000, 0.000000000000000000 ) ) ;
#3436 = ORIENTED_EDGE ( 'NONE', *, *, #1147, .T. ) ;
#3437 = CARTESIAN_POINT ( 'NONE',  ( 15.09999999999999964, 1.849216666712503340E-15, -5.000000000000000000 ) ) ;
#3438 = ORIENTED_EDGE ( 'NONE', *, *, #2224, .F. ) ;
#3439 = AXIS2_PLACEMENT_3D ( 'NONE', #646, #2784, #3086 ) ;
#3440 = LINE ( 'NONE', #141, #3625 ) ;
#3441 = DIRECTION ( 'NONE',  ( 3.469446951953611724E-16, -1.000000000000000000, 0.000000000000000000 ) ) ;
#3442 = CARTESIAN_POINT ( 'NONE',  ( -11.28408231289639474, 17.77529127260470787, -8.000000000000000000 ) ) ;
#3443 = ADVANCED_FACE ( 'NONE', ( #2978, #227, #245, #849, #265, #884, #1436, #2704, #2395, #3599, #2093, #2118, #1824, #1476, #1181, #3617, #3325, #2226, #2191, #347, #1596, #1532, #2540, #3140, #965, #680, #1237, #925, #404, #3397, #1903 ), #661, .T. ) ;
#3444 = FACE_OUTER_BOUND ( 'NONE', #3570, .T. ) ;
#3445 = VECTOR ( 'NONE', #3799, 1000.000000000000000 ) ;
#3446 = FACE_BOUND ( 'NONE', #2462, .T. ) ;
#3447 = DIRECTION ( 'NONE',  ( -0.000000000000000000, -0.000000000000000000, 1.000000000000000000 ) ) ;
#3448 = DIRECTION ( 'NONE',  ( -1.000000000000000000, -3.469446951953611724E-16, 0.000000000000000000 ) ) ;
#3449 = AXIS2_PLACEMENT_3D ( 'NONE', #3802, #2304, #2006 ) ;
#3450 = AXIS2_PLACEMENT_3D ( 'NONE', #3912, #3568, #293 ) ;
#3451 = VERTEX_POINT ( 'NONE', #37 ) ;
#3452 = PLANE ( 'NONE',  #2046 ) ;
#3453 = EDGE_LOOP ( 'NONE', ( #2279, #455, #2683, #450 ) ) ;
#3454 = DIRECTION ( 'NONE',  ( 0.000000000000000000, 0.000000000000000000, -1.000000000000000000 ) ) ;
#3455 = CARTESIAN_POINT ( 'NONE',  ( -11.31415043209165106, -10.00000000000001243, 15.00000000000000000 ) ) ;
#3456 = ORIENTED_EDGE ( 'NONE', *, *, #1078, .T. ) ;
#3457 = CARTESIAN_POINT ( 'NONE',  ( 0.000000000000000000, 7.952986860293433935, -10.00000000000000000 ) ) ;
#3458 = ORIENTED_EDGE ( 'NONE', *, *, #1194, .T. ) ;
#3459 = DIRECTION ( 'NONE',  ( 1.000000000000000000, 0.000000000000000000, 0.000000000000000000 ) ) ;
#3460 = VECTOR ( 'NONE', #597, 1000.000000000000000 ) ;
#3461 = DIRECTION ( 'NONE',  ( -0.000000000000000000, -0.000000000000000000, 1.000000000000000000 ) ) ;
#3462 = DIRECTION ( 'NONE',  ( -0.000000000000000000, 0.000000000000000000, 1.000000000000000000 ) ) ;
#3463 = EDGE_CURVE ( 'NONE', #2386, #3868, #596, .T. ) ;
#3464 = EDGE_CURVE ( 'NONE', #850, #3340, #20, .T. ) ;
#3465 = CARTESIAN_POINT ( 'NONE',  ( 2.934012015230563097, -5.213891596790031002, 0.000000000000000000 ) ) ;
#3466 = DIRECTION ( 'NONE',  ( 1.000000000000000000, 0.000000000000000000, 0.000000000000000000 ) ) ;
#3467 = ORIENTED_EDGE ( 'NONE', *, *, #3385, .F. ) ;
#3468 = CIRCLE ( 'NONE', #923, 1.000000000000000000 ) ;
#3469 = LINE ( 'NONE', #2908, #1908 ) ;
#3470 = ORIENTED_EDGE ( 'NONE', *, *, #97, .T. ) ;
#3471 = DIRECTION ( 'NONE',  ( 0.000000000000000000, 0.000000000000000000, 1.000000000000000000 ) ) ;
#3472 = CARTESIAN_POINT ( 'NONE',  ( -7.636688994366200411, 5.310777644755707350, -8.000000000000000000 ) ) ;
#3473 = ORIENTED_EDGE ( 'NONE', *, *, #3606, .F. ) ;
#3474 = ORIENTED_EDGE ( 'NONE', *, *, #3706, .F. ) ;
#3475 = DIRECTION ( 'NONE',  ( 0.000000000000000000, 0.000000000000000000, 1.000000000000000000 ) ) ;
#3476 = CYLINDRICAL_SURFACE ( 'NONE', #774, 1.000000000000000000 ) ;
#3477 = DIRECTION ( 'NONE',  ( -0.000000000000000000, -0.000000000000000000, 1.000000000000000000 ) ) ;
#3478 = ORIENTED_EDGE ( 'NONE', *, *, #874, .T. ) ;
#3479 = EDGE_CURVE ( 'NONE', #1130, #2954, #3655, .T. ) ;
#3480 = DIRECTION ( 'NONE',  ( -0.000000000000000000, -0.000000000000000000, 1.000000000000000000 ) ) ;
#3481 = CYLINDRICAL_SURFACE ( 'NONE', #197, 1.000000000000000444 ) ;
#3482 = AXIS2_PLACEMENT_3D ( 'NONE', #3457, #723, #39 ) ;
#3483 = CARTESIAN_POINT ( 'NONE',  ( -2.934012015226485470, -5.213891596791355276, -10.00000000000000000 ) ) ;
#3484 = ORIENTED_EDGE ( 'NONE', *, *, #513, .T. ) ;
#3485 = ADVANCED_FACE ( 'NONE', ( #2781, #986 ), #1002, .F. ) ;
#3486 = EDGE_CURVE ( 'NONE', #2730, #103, #1293, .T. ) ;
#3487 = CARTESIAN_POINT ( 'NONE',  ( 16.65707521604558039, -7.850000000001272404, 7.500000000000284217 ) ) ;
#3488 = DIRECTION ( 'NONE',  ( 1.000000000000000000, 0.000000000000000000, -8.673617379884087734E-16 ) ) ;
#3489 = ORIENTED_EDGE ( 'NONE', *, *, #678, .F. ) ;
#3490 = AXIS2_PLACEMENT_3D ( 'NONE', #3703, #1915, #1562 ) ;
#3491 = AXIS2_PLACEMENT_3D ( 'NONE', #144, #3477, #1605 ) ;
#3492 = DIRECTION ( 'NONE',  ( -1.000000000000000000, 0.000000000000000000, 0.000000000000000000 ) ) ;
#3493 = ORIENTED_EDGE ( 'NONE', *, *, #3351, .F. ) ;
#3494 = CYLINDRICAL_SURFACE ( 'NONE', #2270, 1.000000000000000000 ) ;
#3495 = AXIS2_PLACEMENT_3D ( 'NONE', #1669, #2295, #768 ) ;
#3496 = VECTOR ( 'NONE', #1220, 1000.000000000000000 ) ;
#3497 = AXIS2_PLACEMENT_3D ( 'NONE', #1564, #3370, #672 ) ;
#3498 = CARTESIAN_POINT ( 'NONE',  ( 9.490790960617442096, -0.3955614530130721618, 0.000000000000000000 ) ) ;
#3499 = CIRCLE ( 'NONE', #3937, 1.630422744333462237 ) ;
#3500 = DIRECTION ( 'NONE',  ( -1.000000000000000000, 0.000000000000000000, 0.000000000000000000 ) ) ;
#3501 = VERTEX_POINT ( 'NONE', #3671 ) ;
#3502 = CARTESIAN_POINT ( 'NONE',  ( -2.247597405029427176, -8.197457282896154496, 0.000000000000000000 ) ) ;
#3503 = DIRECTION ( 'NONE',  ( -0.000000000000000000, -0.000000000000000000, -1.000000000000000000 ) ) ;
#3504 = ADVANCED_FACE ( 'NONE', ( #1924 ), #1571, .T. ) ;
#3505 = ORIENTED_EDGE ( 'NONE', *, *, #2354, .F. ) ;
#3506 = CIRCLE ( 'NONE', #1792, 1.000000000000000000 ) ;
#3507 = LINE ( 'NONE', #473, #3445 ) ;
#3508 = EDGE_LOOP ( 'NONE', ( #2239, #500, #1246, #3458, #2261 ) ) ;
#3509 = VECTOR ( 'NONE', #3553, 1000.000000000000000 ) ;
#3510 = EDGE_CURVE ( 'NONE', #2519, #3085, #2173, .T. ) ;
#3511 = CIRCLE ( 'NONE', #1468, 1.000000000000000000 ) ;
#3512 = CARTESIAN_POINT ( 'NONE',  ( 5.636688994367753835, 5.310777644757850524, -10.00000000000000000 ) ) ;
#3513 = DIRECTION ( 'NONE',  ( -0.000000000000000000, -0.000000000000000000, -1.000000000000000000 ) ) ;
#3514 = DIRECTION ( 'NONE',  ( 2.775557561562891351E-16, -1.000000000000000000, 5.301314942585120903E-15 ) ) ;
#3515 = ORIENTED_EDGE ( 'NONE', *, *, #2737, .F. ) ;
#3516 = LINE ( 'NONE', #1390, #307 ) ;
#3517 = VERTEX_POINT ( 'NONE', #386 ) ;
#3518 = CARTESIAN_POINT ( 'NONE',  ( -6.636688994366200411, 5.310777644755707350, 0.000000000000000000 ) ) ;
#3519 = AXIS2_PLACEMENT_3D ( 'NONE', #3546, #3006, #274 ) ;
#3520 = CIRCLE ( 'NONE', #2630, 2.000000000000001776 ) ;
#3521 = CARTESIAN_POINT ( 'NONE',  ( 1.499999999999999112, 5.354910648940147233, 0.000000000000000000 ) ) ;
#3522 = CARTESIAN_POINT ( 'NONE',  ( 14.65707521604551289, 9.999999999998738787, 7.500000000000244249 ) ) ;
#3523 = EDGE_LOOP ( 'NONE', ( #3356, #305, #907, #2594, #2435, #1689 ) ) ;
#3524 = AXIS2_PLACEMENT_3D ( 'NONE', #818, #1961, #3231 ) ;
#3525 = CARTESIAN_POINT ( 'NONE',  ( -20.89610813048031090, -6.789557106205617920, -13.99999999999999822 ) ) ;
#3526 = CYLINDRICAL_SURFACE ( 'NONE', #2362, 1.000000000000000000 ) ;
#3527 = FACE_OUTER_BOUND ( 'NONE', #1574, .T. ) ;
#3528 = AXIS2_PLACEMENT_3D ( 'NONE', #3081, #3514, #3488 ) ;
#3529 = CARTESIAN_POINT ( 'NONE',  ( 9.107298248878249079E-16, -7.000000000000007994, 0.000000000000000000 ) ) ;
#3530 = VERTEX_POINT ( 'NONE', #102 ) ;
#3531 = CARTESIAN_POINT ( 'NONE',  ( 20.89610813048030380, -6.789557106205628578, -5.000000000000000000 ) ) ;
#3532 = ORIENTED_EDGE ( 'NONE', *, *, #2785, .F. ) ;
#3533 = AXIS2_PLACEMENT_3D ( 'NONE', #480, #1840, #3615 ) ;
#3534 = CARTESIAN_POINT ( 'NONE',  ( 22.00000000000000000, -10.00000000000000711, 0.000000000000000000 ) ) ;
#3535 = LINE ( 'NONE', #2576, #2778 ) ;
#3536 = VERTEX_POINT ( 'NONE', #702 ) ;
#3537 = DIRECTION ( 'NONE',  ( 1.000000000000000000, 1.301042606982605567E-16, 0.000000000000000000 ) ) ;
#3538 = ORIENTED_EDGE ( 'NONE', *, *, #352, .T. ) ;
#3539 = EDGE_CURVE ( 'NONE', #3827, #1672, #2010, .T. ) ;
#3540 = DIRECTION ( 'NONE',  ( 1.000000000000000000, 0.000000000000000000, 0.000000000000000000 ) ) ;
#3541 = CARTESIAN_POINT ( 'NONE',  ( 7.101699371283189066, -4.670745769139988290, -10.00000000000000000 ) ) ;
#3542 = ORIENTED_EDGE ( 'NONE', *, *, #2588, .F. ) ;
#3543 = DIRECTION ( 'NONE',  ( -0.000000000000000000, -0.000000000000000000, -1.000000000000000000 ) ) ;
#3544 = VECTOR ( 'NONE', #600, 1000.000000000000000 ) ;
#3545 = DIRECTION ( 'NONE',  ( -0.000000000000000000, -0.000000000000000000, 1.000000000000000000 ) ) ;
#3546 = CARTESIAN_POINT ( 'NONE',  ( 0.000000000000000000, -21.97146833279816036, -8.000000000000000000 ) ) ;
#3547 = FACE_OUTER_BOUND ( 'NONE', #820, .T. ) ;
#3548 = ORIENTED_EDGE ( 'NONE', *, *, #1098, .F. ) ;
#3549 = LINE ( 'NONE', #152, #3565 ) ;
#3550 = VERTEX_POINT ( 'NONE', #1310 ) ;
#3551 = AXIS2_PLACEMENT_3D ( 'NONE', #3341, #2461, #1527 ) ;
#3552 = CYLINDRICAL_SURFACE ( 'NONE', #3524, 1.630422744333462237 ) ;
#3553 = DIRECTION ( 'NONE',  ( 0.000000000000000000, 1.000000000000000000, -0.000000000000000000 ) ) ;
#3554 = EDGE_LOOP ( 'NONE', ( #2965, #3484, #817, #2615 ) ) ;
#3555 = FACE_OUTER_BOUND ( 'NONE', #3800, .T. ) ;
#3556 = ORIENTED_EDGE ( 'NONE', *, *, #3128, .F. ) ;
#3557 = FACE_OUTER_BOUND ( 'NONE', #3136, .T. ) ;
#3558 = EDGE_CURVE ( 'NONE', #939, #434, #278, .T. ) ;
#3559 = CYLINDRICAL_SURFACE ( 'NONE', #1462, 1.000000000000000000 ) ;
#3560 = ADVANCED_FACE ( 'NONE', ( #624 ), #3059, .F. ) ;
#3561 = DIRECTION ( 'NONE',  ( -1.000000000000000000, 0.000000000000000000, 0.000000000000000000 ) ) ;
#3562 = EDGE_LOOP ( 'NONE', ( #2200, #2450, #532, #917, #942, #891 ) ) ;
#3563 = CIRCLE ( 'NONE', #2546, 25.00000000000000000 ) ;
#3564 = ADVANCED_FACE ( 'NONE', ( #3415 ), #1865, .F. ) ;
#3565 = VECTOR ( 'NONE', #1958, 1000.000000000000000 ) ;
#3566 = EDGE_CURVE ( 'NONE', #2554, #3694, #1812, .T. ) ;
#3567 = LINE ( 'NONE', #2651, #1263 ) ;
#3568 = DIRECTION ( 'NONE',  ( -0.000000000000000000, -0.000000000000000000, 1.000000000000000000 ) ) ;
#3569 = DIRECTION ( 'NONE',  ( 1.000000000000000000, 0.000000000000000000, 0.000000000000000000 ) ) ;
#3570 = EDGE_LOOP ( 'NONE', ( #1592, #1283, #2715, #1158 ) ) ;
#3571 = DIRECTION ( 'NONE',  ( 1.000000000000000000, 0.000000000000000000, -8.673617379884027583E-16 ) ) ;
#3572 = ORIENTED_EDGE ( 'NONE', *, *, #513, .F. ) ;
#3573 = CIRCLE ( 'NONE', #832, 1.000000000000000000 ) ;
#3574 = CARTESIAN_POINT ( 'NONE',  ( 0.000000000000000000, 7.952986860293433935, 0.000000000000000000 ) ) ;
#3575 = LINE ( 'NONE', #896, #3331 ) ;
#3576 = EDGE_LOOP ( 'NONE', ( #3489, #3404, #3360, #3928 ) ) ;
#3577 = CARTESIAN_POINT ( 'NONE',  ( 16.65707521604557684, -10.00000000000127187, 7.500000000000284217 ) ) ;
#3578 = ORIENTED_EDGE ( 'NONE', *, *, #1882, .T. ) ;
#3579 = FACE_OUTER_BOUND ( 'NONE', #3453, .T. ) ;
#3580 = AXIS2_PLACEMENT_3D ( 'NONE', #3858, #2398, #2672 ) ;
#3581 = CARTESIAN_POINT ( 'NONE',  ( 1.934012015230563097, -5.213891596790031002, 0.000000000000000000 ) ) ;
#3582 = VERTEX_POINT ( 'NONE', #798 ) ;
#3583 = AXIS2_PLACEMENT_3D ( 'NONE', #814, #2042, #516 ) ;
#3585 = EDGE_CURVE ( 'NONE', #801, #3916, #409, .T. ) ;
#3584 = AXIS2_PLACEMENT_3D ( 'NONE', #3731, #1595, #2824 ) ;
#3586 = CYLINDRICAL_SURFACE ( 'NONE', #647, 12.09999999999999964 ) ;
#3587 = CARTESIAN_POINT ( 'NONE',  ( -16.65707521604608132, -10.00000000000130029, 7.500000000000298428 ) ) ;
#3588 = DIRECTION ( 'NONE',  ( -1.000000000000000000, 0.000000000000000000, 0.000000000000000000 ) ) ;
#3589 = EDGE_CURVE ( 'NONE', #1743, #1600, #1416, .T. ) ;
#3590 = ORIENTED_EDGE ( 'NONE', *, *, #3330, .T. ) ;
#3591 = DIRECTION ( 'NONE',  ( 1.000000000000000000, 0.000000000000000000, 0.000000000000000000 ) ) ;
#3592 = EDGE_LOOP ( 'NONE', ( #1442, #2752, #2662, #2860 ) ) ;
#3593 = CARTESIAN_POINT ( 'NONE',  ( 0.000000000000000000, 7.952986860293433935, 0.000000000000000000 ) ) ;
#3594 = PLANE ( 'NONE',  #2625 ) ;
#3595 = ORIENTED_EDGE ( 'NONE', *, *, #2811, .F. ) ;
#3596 = DIRECTION ( 'NONE',  ( 1.000000000000000000, 0.000000000000000000, -8.673617379884027583E-16 ) ) ;
#3597 = ORIENTED_EDGE ( 'NONE', *, *, #3875, .F. ) ;
#3598 = LINE ( 'NONE', #306, #1420 ) ;
#3599 = FACE_BOUND ( 'NONE', #2677, .T. ) ;
#3600 = DIRECTION ( 'NONE',  ( 0.000000000000000000, -0.000000000000000000, -1.000000000000000000 ) ) ;
#3601 = EDGE_LOOP ( 'NONE', ( #3645, #2126 ) ) ;
#3602 = CIRCLE ( 'NONE', #355, 1.000000000000000888 ) ;
#3603 = CARTESIAN_POINT ( 'NONE',  ( 25.00000000000000000, 0.000000000000000000, -8.000000000000000000 ) ) ;
#3604 = EDGE_CURVE ( 'NONE', #376, #3354, #3573, .T. ) ;
#3605 = VERTEX_POINT ( 'NONE', #458 ) ;
#3606 = EDGE_CURVE ( 'NONE', #1251, #2790, #3535, .T. ) ;
#3607 = LINE ( 'NONE', #1465, #3804 ) ;
#3608 = ORIENTED_EDGE ( 'NONE', *, *, #164, .T. ) ;
#3609 = CYLINDRICAL_SURFACE ( 'NONE', #780, 1.000000000000000888 ) ;
#3610 = DIRECTION ( 'NONE',  ( -0.000000000000000000, -0.000000000000000000, 1.000000000000000000 ) ) ;
#3611 = ORIENTED_EDGE ( 'NONE', *, *, #1501, .F. ) ;
#3612 = DIRECTION ( 'NONE',  ( -1.000000000000000000, 0.000000000000000000, 0.000000000000000000 ) ) ;
#3613 = EDGE_CURVE ( 'NONE', #1452, #288, #2620, .T. ) ;
#3614 = EDGE_LOOP ( 'NONE', ( #3943, #526 ) ) ;
#3615 = DIRECTION ( 'NONE',  ( 1.000000000000000000, 0.000000000000000000, 0.000000000000000000 ) ) ;
#3616 = DIRECTION ( 'NONE',  ( -1.000000000000000000, 0.000000000000000000, 0.000000000000000000 ) ) ;
#3617 = FACE_OUTER_BOUND ( 'NONE', #2475, .T. ) ;
#3618 = CARTESIAN_POINT ( 'NONE',  ( 3.247597405033507023, -8.197457282894827557, -8.000000000000000000 ) ) ;
#3619 = ORIENTED_EDGE ( 'NONE', *, *, #2657, .T. ) ;
#3620 = DIRECTION ( 'NONE',  ( -1.000000000000000000, 0.000000000000000000, 0.000000000000000000 ) ) ;
#3621 = AXIS2_PLACEMENT_3D ( 'NONE', #2280, #518, #1360 ) ;
#3622 = CIRCLE ( 'NONE', #565, 1.000000000000000000 ) ;
#3623 = CARTESIAN_POINT ( 'NONE',  ( 20.89610813048030380, -6.789557106205628578, -8.000000000000000000 ) ) ;
#3624 = AXIS2_PLACEMENT_3D ( 'NONE', #1992, #3812, #1760 ) ;
#3625 = VECTOR ( 'NONE', #1351, 1000.000000000000000 ) ;
#3626 = EDGE_LOOP ( 'NONE', ( #1226, #3723 ) ) ;
#3627 = DIRECTION ( 'NONE',  ( 0.000000000000000000, 0.000000000000000000, 1.000000000000000000 ) ) ;
#3628 = VERTEX_POINT ( 'NONE', #3455 ) ;
#3629 = EDGE_CURVE ( 'NONE', #2537, #3938, #1984, .T. ) ;
#3630 = CARTESIAN_POINT ( 'NONE',  ( 19.26568538614684201, -6.789557106205628578, -8.000000000000000000 ) ) ;
#3631 = LINE ( 'NONE', #1469, #2689 ) ;
#3632 = ORIENTED_EDGE ( 'NONE', *, *, #25, .F. ) ;
#3633 = DIRECTION ( 'NONE',  ( -0.000000000000000000, 0.000000000000000000, 1.000000000000000000 ) ) ;
#3634 = DIRECTION ( 'NONE',  ( 0.000000000000000000, 0.000000000000000000, 1.000000000000000000 ) ) ;
#3635 = VERTEX_POINT ( 'NONE', #3472 ) ;
#3636 = LINE ( 'NONE', #2442, #538 ) ;
#3637 = EDGE_CURVE ( 'NONE', #2384, #2535, #2032, .T. ) ;
#3638 = DIRECTION ( 'NONE',  ( -0.000000000000000000, -0.000000000000000000, -1.000000000000000000 ) ) ;
#3639 = VERTEX_POINT ( 'NONE', #174 ) ;
#3640 = CYLINDRICAL_SURFACE ( 'NONE', #572, 1.000000000000000000 ) ;
#3641 = AXIS2_PLACEMENT_3D ( 'NONE', #3725, #2437, #1287 ) ;
#3642 = CIRCLE ( 'NONE', #71, 2.000000000000001776 ) ;
#3643 = PRODUCT_DEFINITION_FORMATION_WITH_SPECIFIED_SOURCE ( 'å¯', '', #1165, .NOT_KNOWN. ) ;
#3644 = CARTESIAN_POINT ( 'NONE',  ( -1.499999999999999112, 5.354910648940147233, -8.000000000000000000 ) ) ;
#3645 = ORIENTED_EDGE ( 'NONE', *, *, #3366, .T. ) ;
#3646 = DIRECTION ( 'NONE',  ( 0.000000000000000000, 0.000000000000000000, 1.000000000000000000 ) ) ;
#3647 = ORIENTED_EDGE ( 'NONE', *, *, #2635, .T. ) ;
#3648 = DIRECTION ( 'NONE',  ( 1.000000000000000000, 0.000000000000000000, 0.000000000000000000 ) ) ;
#3649 = ORIENTED_EDGE ( 'NONE', *, *, #295, .T. ) ;
#3650 = CARTESIAN_POINT ( 'NONE',  ( 2.499999999999999556, 5.354910648940147233, -8.000000000000000000 ) ) ;
#3651 = ORIENTED_EDGE ( 'NONE', *, *, #1257, .T. ) ;
#3652 = CARTESIAN_POINT ( 'NONE',  ( -19.26568538614684911, -6.789557106205617920, -5.000000000000000000 ) ) ;
#3653 = EDGE_CURVE ( 'NONE', #2147, #2143, #1407, .T. ) ;
#3654 = CARTESIAN_POINT ( 'NONE',  ( 7.636688994367753835, 5.310777644757850524, 0.000000000000000000 ) ) ;
#3655 = CIRCLE ( 'NONE', #3719, 1.000000000000000444 ) ;
#3656 = ORIENTED_EDGE ( 'NONE', *, *, #2811, .T. ) ;
#3657 = LINE ( 'NONE', #3084, #3919 ) ;
#3658 = ORIENTED_EDGE ( 'NONE', *, *, #3677, .F. ) ;
#3659 = CYLINDRICAL_SURFACE ( 'NONE', #1848, 1.000000000000000000 ) ;
#3660 = ADVANCED_FACE ( 'NONE', ( #778 ), #1945, .F. ) ;
#3661 = AXIS2_PLACEMENT_3D ( 'NONE', #527, #1989, #2072 ) ;
#3662 = LINE ( 'NONE', #3065, #690 ) ;
#3663 = VERTEX_POINT ( 'NONE', #3213 ) ;
#3664 = FACE_BOUND ( 'NONE', #3373, .T. ) ;
#3665 = EDGE_LOOP ( 'NONE', ( #626, #3691, #495, #517 ) ) ;
#3666 = CARTESIAN_POINT ( 'NONE',  ( -3.629297175289651900, 3.081343168323530612, -8.000000000000000000 ) ) ;
#3667 = ORIENTED_EDGE ( 'NONE', *, *, #3463, .F. ) ;
#3668 = SURFACE_SIDE_STYLE ('',( #282 ) ) ;
#3669 = ORIENTED_EDGE ( 'NONE', *, *, #2441, .F. ) ;
#3670 = LINE ( 'NONE', #940, #3145 ) ;
#3671 = CARTESIAN_POINT ( 'NONE',  ( -22.00000000000000000, 10.00000000000000178, 0.000000000000000000 ) ) ;
#3672 = ORIENTED_EDGE ( 'NONE', *, *, #902, .F. ) ;
#3673 = LINE ( 'NONE', #2428, #810 ) ;
#3674 = ORIENTED_EDGE ( 'NONE', *, *, #1098, .T. ) ;
#3675 = CARTESIAN_POINT ( 'NONE',  ( -9.107298248878243162E-16, 7.000000000000002665, 15.00000000000000000 ) ) ;
#3676 = CIRCLE ( 'NONE', #42, 1.000000000000000000 ) ;
#3677 = EDGE_CURVE ( 'NONE', #417, #1404, #394, .T. ) ;
#3678 = EDGE_CURVE ( 'NONE', #3009, #3501, #1639, .T. ) ;
#3679 = CARTESIAN_POINT ( 'NONE',  ( -8.101699371279112327, -4.670745769141315229, -8.000000000000000000 ) ) ;
#3680 = EDGE_CURVE ( 'NONE', #1895, #389, #1922, .T. ) ;
#3681 = CIRCLE ( 'NONE', #3878, 0.9999999999999991118 ) ;
#3682 = ORIENTED_EDGE ( 'NONE', *, *, #3604, .T. ) ;
#3683 = FACE_BOUND ( 'NONE', #2182, .T. ) ;
#3684 = ORIENTED_EDGE ( 'NONE', *, *, #3486, .F. ) ;
#3685 = CARTESIAN_POINT ( 'NONE',  ( -22.00000000000000000, 7.000000000000000000, 15.00000000000000000 ) ) ;
#3686 = AXIS2_PLACEMENT_3D ( 'NONE', #342, #2480, #2222 ) ;
#3687 = AXIS2_PLACEMENT_3D ( 'NONE', #3219, #1108, #1414 ) ;
#3688 = CARTESIAN_POINT ( 'NONE',  ( 1.999999999999989120, 14.96696361991970647, 15.00000000000000000 ) ) ;
#3689 = ORIENTED_EDGE ( 'NONE', *, *, #3464, .F. ) ;
#3690 = DIRECTION ( 'NONE',  ( 1.000000000000000000, 0.000000000000000000, 0.000000000000000000 ) ) ;
#3691 = ORIENTED_EDGE ( 'NONE', *, *, #3221, .T. ) ;
#3692 = DIRECTION ( 'NONE',  ( -1.000000000000000000, 0.000000000000000000, 8.673617379884027583E-16 ) ) ;
#3693 = DIRECTION ( 'NONE',  ( 1.000000000000000000, 0.000000000000000000, 0.000000000000000000 ) ) ;
#3694 = VERTEX_POINT ( 'NONE', #2282 ) ;
#3695 = CARTESIAN_POINT ( 'NONE',  ( 3.629297175291207989, 3.081343168325675563, -8.000000000000000000 ) ) ;
#3696 = VERTEX_POINT ( 'NONE', #496 ) ;
#3697 = DIRECTION ( 'NONE',  ( -1.000000000000000000, 0.000000000000000000, 0.000000000000000000 ) ) ;
#3698 = LINE ( 'NONE', #2810, #1445 ) ;
#3699 = EDGE_CURVE ( 'NONE', #3379, #2777, #970, .T. ) ;
#3700 = AXIS2_PLACEMENT_3D ( 'NONE', #1081, #2892, #1363 ) ;
#3701 = LINE ( 'NONE', #2961, #2821 ) ;
#3702 = VERTEX_POINT ( 'NONE', #759 ) ;
#3703 = CARTESIAN_POINT ( 'NONE',  ( 16.65707521604551644, 9.999999999998738787, 7.500000000000242473 ) ) ;
#3704 = ORIENTED_EDGE ( 'NONE', *, *, #3103, .T. ) ;
#3705 = EDGE_CURVE ( 'NONE', #113, #2638, #1716, .T. ) ;
#3706 = EDGE_CURVE ( 'NONE', #3501, #2991, #1021, .T. ) ;
#3707 = AXIS2_PLACEMENT_3D ( 'NONE', #1604, #3461, #1909 ) ;
#3708 = AXIS2_PLACEMENT_3D ( 'NONE', #2117, #883, #285 ) ;
#3709 = CARTESIAN_POINT ( 'NONE',  ( -3.629297175289651900, 3.081343168323530612, -10.00000000000000000 ) ) ;
#3710 = ORIENTED_EDGE ( 'NONE', *, *, #1882, .F. ) ;
#3711 = DIRECTION ( 'NONE',  ( -2.775557561562891351E-16, 1.000000000000000000, -5.301314942585120903E-15 ) ) ;
#3712 = ORIENTED_EDGE ( 'NONE', *, *, #239, .F. ) ;
#3713 = DIRECTION ( 'NONE',  ( -0.000000000000000000, -0.000000000000000000, 1.000000000000000000 ) ) ;
#3714 = CARTESIAN_POINT ( 'NONE',  ( 16.65707521604558039, -7.850000000001272404, 7.500000000000284217 ) ) ;
#3715 = VERTEX_POINT ( 'NONE', #120 ) ;
#3716 = DIRECTION ( 'NONE',  ( -1.000000000000000000, 0.000000000000000000, 8.673617379884027583E-16 ) ) ;
#3717 = EDGE_LOOP ( 'NONE', ( #593, #1876, #1643, #886 ) ) ;
#3718 = PLANE ( 'NONE',  #1386 ) ;
#3719 = AXIS2_PLACEMENT_3D ( 'NONE', #2523, #1551, #3435 ) ;
#3720 = DIRECTION ( 'NONE',  ( 1.000000000000000000, 0.000000000000000000, 0.000000000000000000 ) ) ;
#3721 = ORIENTED_EDGE ( 'NONE', *, *, #733, .F. ) ;
#3722 = FACE_BOUND ( 'NONE', #2227, .T. ) ;
#3723 = ORIENTED_EDGE ( 'NONE', *, *, #1884, .F. ) ;
#3724 = EDGE_CURVE ( 'NONE', #766, #3161, #1524, .T. ) ;
#3725 = CARTESIAN_POINT ( 'NONE',  ( -4.674648388154269973, -6.434101526018735306, 0.000000000000000000 ) ) ;
#3726 = ORIENTED_EDGE ( 'NONE', *, *, #2968, .F. ) ;
#3727 = FACE_OUTER_BOUND ( 'NONE', #1730, .T. ) ;
#3728 = ORIENTED_EDGE ( 'NONE', *, *, #1164, .T. ) ;
#3729 = MECHANICAL_DESIGN_GEOMETRIC_PRESENTATION_REPRESENTATION (  '', ( #1184 ), #1692 ) ;
#3730 = ADVANCED_FACE ( 'NONE', ( #3014 ), #2970, .F. ) ;
#3731 = CARTESIAN_POINT ( 'NONE',  ( 8.490790960617442096, -0.3955614530130721618, 0.000000000000000000 ) ) ;
#3732 = DIRECTION ( 'NONE',  ( 2.775557561562891351E-16, -1.000000000000000000, 5.301314942585120903E-15 ) ) ;
#3733 = ORIENTED_EDGE ( 'NONE', *, *, #1581, .T. ) ;
#3734 = CARTESIAN_POINT ( 'NONE',  ( 0.4999999999999989453, 5.354910648940147233, -8.000000000000000000 ) ) ;
#3735 = ORIENTED_EDGE ( 'NONE', *, *, #1557, .T. ) ;
#3736 = CARTESIAN_POINT ( 'NONE',  ( -5.629297175289651456, 3.081343168323530612, -8.000000000000000000 ) ) ;
#3737 = AXIS2_PLACEMENT_3D ( 'NONE', #2193, #988, #1043 ) ;
#3738 = CARTESIAN_POINT ( 'NONE',  ( -20.89610813048031090, -6.789557106205617920, -13.99999999999999822 ) ) ;
#3739 = FACE_BOUND ( 'NONE', #746, .T. ) ;
#3740 = VERTEX_POINT ( 'NONE', #2642 ) ;
#3741 = ORIENTED_EDGE ( 'NONE', *, *, #2762, .T. ) ;
#3742 = CARTESIAN_POINT ( 'NONE',  ( 9.107298248878249079E-16, -7.000000000000007994, 0.000000000000000000 ) ) ;
#3743 = ORIENTED_EDGE ( 'NONE', *, *, #1981, .F. ) ;
#3744 = VECTOR ( 'NONE', #1131, 1000.000000000000000 ) ;
#3745 = CIRCLE ( 'NONE', #2041, 15.09999999999999964 ) ;
#3746 = AXIS2_PLACEMENT_3D ( 'NONE', #2520, #3134, #2838 ) ;
#3747 = CARTESIAN_POINT ( 'NONE',  ( -0.4999999999999989453, 5.354910648940147233, -10.00000000000000000 ) ) ;
#3748 = DIRECTION ( 'NONE',  ( -0.000000000000000000, -0.000000000000000000, 1.000000000000000000 ) ) ;
#3749 = DIRECTION ( 'NONE',  ( -0.000000000000000000, 0.000000000000000000, 1.000000000000000000 ) ) ;
#3750 = ORIENTED_EDGE ( 'NONE', *, *, #1258, .T. ) ;
#3751 = EDGE_CURVE ( 'NONE', #1230, #332, #3575, .T. ) ;
#3752 = VECTOR ( 'NONE', #2806, 1000.000000000000000 ) ;
#3753 = DIRECTION ( 'NONE',  ( 2.775557561562891351E-16, -1.000000000000000000, 5.301314942585120903E-15 ) ) ;
#3754 = FACE_OUTER_BOUND ( 'NONE', #432, .T. ) ;
#3755 = ADVANCED_FACE ( 'NONE', ( #1118 ), #1134, .F. ) ;
#3756 = ADVANCED_FACE ( 'NONE', ( #3884 ), #1155, .F. ) ;
#3757 = CARTESIAN_POINT ( 'NONE',  ( 0.000000000000000000, 0.000000000000000000, 15.00000000000000000 ) ) ;
#3758 = CIRCLE ( 'NONE', #1724, 1.000000000000000000 ) ;
#3759 = CARTESIAN_POINT ( 'NONE',  ( -7.563739977491040989, 2.457608095870243314, 0.000000000000000000 ) ) ;
#3760 = EDGE_LOOP ( 'NONE', ( #2149, #3901 ) ) ;
#3761 = CIRCLE ( 'NONE', #250, 1.000000000000000222 ) ;
#3762 = AXIS2_PLACEMENT_3D ( 'NONE', #321, #32, #2791 ) ;
#3763 = VERTEX_POINT ( 'NONE', #3847 ) ;
#3764 = DIRECTION ( 'NONE',  ( 0.000000000000000000, 0.000000000000000000, -1.000000000000000000 ) ) ;
#3765 = ORIENTED_EDGE ( 'NONE', *, *, #3168, .F. ) ;
#3766 = AXIS2_PLACEMENT_3D ( 'NONE', #3895, #1483, #3246 ) ;
#3767 = DIRECTION ( 'NONE',  ( -1.000000000000000000, 0.000000000000000000, 0.000000000000000000 ) ) ;
#3768 = DIRECTION ( 'NONE',  ( 2.775557561562891351E-16, -1.000000000000000000, 5.301314942585120903E-15 ) ) ;
#3769 = ORIENTED_EDGE ( 'NONE', *, *, #463, .F. ) ;
#3770 = CIRCLE ( 'NONE', #3078, 1.000000000000000888 ) ;
#3771 = DIRECTION ( 'NONE',  ( 1.000000000000000000, 0.000000000000000000, 0.000000000000000000 ) ) ;
#3772 = ORIENTED_EDGE ( 'NONE', *, *, #3629, .T. ) ;
#3773 = CARTESIAN_POINT ( 'NONE',  ( -14.54492780156330944, 17.77529127260470787, -5.000000000000000000 ) ) ;
#3774 = EDGE_CURVE ( 'NONE', #3628, #3320, #1736, .T. ) ;
#3775 = PLANE ( 'NONE',  #3328 ) ;
#3776 = EDGE_CURVE ( 'NONE', #1422, #1554, #451, .T. ) ;
#3777 = DIRECTION ( 'NONE',  ( -1.000000000000000000, 0.000000000000000000, 0.000000000000000000 ) ) ;
#3778 = DIRECTION ( 'NONE',  ( 1.000000000000000000, 0.000000000000000000, -8.673617379884027583E-16 ) ) ;
#3779 = ORIENTED_EDGE ( 'NONE', *, *, #654, .T. ) ;
#3780 = CIRCLE ( 'NONE', #2581, 12.09999999999999964 ) ;
#3781 = CARTESIAN_POINT ( 'NONE',  ( -9.869650449737315867, 7.000000000000001776, 0.000000000000000000 ) ) ;
#3782 = ORIENTED_EDGE ( 'NONE', *, *, #608, .F. ) ;
#3783 = FACE_OUTER_BOUND ( 'NONE', #2660, .T. ) ;
#3784 = CARTESIAN_POINT ( 'NONE',  ( 5.556348158416049898, 0.2281736194402158302, 0.000000000000000000 ) ) ;
#3785 = ORIENTED_EDGE ( 'NONE', *, *, #263, .F. ) ;
#3786 = DIRECTION ( 'NONE',  ( -0.000000000000000000, -0.000000000000000000, 1.000000000000000000 ) ) ;
#3787 = ORIENTED_EDGE ( 'NONE', *, *, #438, .T. ) ;
#3788 = CARTESIAN_POINT ( 'NONE',  ( -16.65707521604587171, 9.999999999998724576, 7.500000000000034639 ) ) ;
#3789 = CARTESIAN_POINT ( 'NONE',  ( 6.556348158416049898, 0.2281736194402158302, -10.00000000000000000 ) ) ;
#3790 = ORIENTED_EDGE ( 'NONE', *, *, #1547, .F. ) ;
#3791 = ADVANCED_FACE ( 'NONE', ( #3317 ), #3594, .F. ) ;
#3792 = EDGE_CURVE ( 'NONE', #877, #382, #2344, .T. ) ;
#3793 = DIRECTION ( 'NONE',  ( -0.000000000000000000, -0.000000000000000000, 1.000000000000000000 ) ) ;
#3794 = CYLINDRICAL_SURFACE ( 'NONE', #2939, 1.630422744333458906 ) ;
#3795 = CIRCLE ( 'NONE', #2533, 2.000000000000001776 ) ;
#3796 = DIRECTION ( 'NONE',  ( -0.000000000000000000, -0.000000000000000000, 1.000000000000000000 ) ) ;
#3797 = ADVANCED_FACE ( 'NONE', ( #819 ), #579, .F. ) ;
#3798 = ORIENTED_EDGE ( 'NONE', *, *, #294, .T. ) ;
#3799 = DIRECTION ( 'NONE',  ( -0.000000000000000000, -0.000000000000000000, 1.000000000000000000 ) ) ;
#3800 = EDGE_LOOP ( 'NONE', ( #2034, #94, #879, #2960 ) ) ;
#3801 = CARTESIAN_POINT ( 'NONE',  ( -8.490790960615882454, -0.3955614530152175568, -10.00000000000000000 ) ) ;
#3802 = CARTESIAN_POINT ( 'NONE',  ( -4.629297175289651456, 3.081343168323530612, -10.00000000000000000 ) ) ;
#3803 = VERTEX_POINT ( 'NONE', #3278 ) ;
#3804 = VECTOR ( 'NONE', #1172, 1000.000000000000000 ) ;
#3805 = CIRCLE ( 'NONE', #1842, 1.000000000000000000 ) ;
#3806 = DIRECTION ( 'NONE',  ( -1.000000000000000000, 0.000000000000000000, 8.673617379884027583E-16 ) ) ;
#3807 = ORIENTED_EDGE ( 'NONE', *, *, #3699, .F. ) ;
#3808 = PLANE ( 'NONE',  #1297 ) ;
#3809 = AXIS2_PLACEMENT_3D ( 'NONE', #1617, #2553, #383 ) ;
#3810 = DIRECTION ( 'NONE',  ( 0.000000000000000000, 0.000000000000000000, -1.000000000000000000 ) ) ;
#3811 = CIRCLE ( 'NONE', #3312, 1.000000000000000888 ) ;
#3812 = DIRECTION ( 'NONE',  ( -2.775557561562891351E-16, 1.000000000000000000, -5.301314942585120903E-15 ) ) ;
#3813 = EDGE_LOOP ( 'NONE', ( #3093, #1037, #2327, #2738 ) ) ;
#3814 = FACE_OUTER_BOUND ( 'NONE', #3592, .T. ) ;
#3815 = CARTESIAN_POINT ( 'NONE',  ( 16.65707521604551999, 7.849999999998740208, 7.500000000000256684 ) ) ;
#3816 = DIRECTION ( 'NONE',  ( -1.000000000000000000, 0.000000000000000000, 0.000000000000000000 ) ) ;
#3817 = ADVANCED_FACE ( 'NONE', ( #1754 ), #523, .F. ) ;
#3818 = DIRECTION ( 'NONE',  ( 1.000000000000000000, 1.182766006347823355E-16, 0.000000000000000000 ) ) ;
#3819 = ORIENTED_EDGE ( 'NONE', *, *, #1881, .T. ) ;
#3820 = EDGE_CURVE ( 'NONE', #1384, #1732, #2389, .T. ) ;
#3821 = CARTESIAN_POINT ( 'NONE',  ( -6.556348158414492922, 0.2281736194380707683, 0.000000000000000000 ) ) ;
#3822 = AXIS2_PLACEMENT_3D ( 'NONE', #3425, #12, #2166 ) ;
#3823 = ORIENTED_EDGE ( 'NONE', *, *, #2586, .F. ) ;
#3824 = AXIS2_PLACEMENT_3D ( 'NONE', #2255, #2214, #1891 ) ;
#3825 = DIRECTION ( 'NONE',  ( -0.000000000000000000, 0.000000000000000000, 1.000000000000000000 ) ) ;
#3826 = CARTESIAN_POINT ( 'NONE',  ( 16.65707521604551999, 7.849999999998740208, 7.500000000000256684 ) ) ;
#3827 = VERTEX_POINT ( 'NONE', #2086 ) ;
#3828 = ADVANCED_FACE ( 'NONE', ( #3296 ), #280, .F. ) ;
#3829 = DIRECTION ( 'NONE',  ( 0.000000000000000000, 0.000000000000000000, -1.000000000000000000 ) ) ;
#3830 = ORIENTED_EDGE ( 'NONE', *, *, #1585, .F. ) ;
#3831 = CARTESIAN_POINT ( 'NONE',  ( 2.247597405033506135, -8.197457282894827557, 0.000000000000000000 ) ) ;
#3832 = VECTOR ( 'NONE', #2800, 1000.000000000000000 ) ;
#3833 = CYLINDRICAL_SURFACE ( 'NONE', #3001, 1.000000000000000888 ) ;
#3834 = DIRECTION ( 'NONE',  ( -1.000000000000000000, 0.000000000000000000, 0.000000000000000000 ) ) ;
#3835 = ORIENTED_EDGE ( 'NONE', *, *, #2160, .T. ) ;
#3836 = AXIS2_PLACEMENT_3D ( 'NONE', #701, #3713, #3139 ) ;
#3837 = DIRECTION ( 'NONE',  ( -0.000000000000000000, 0.000000000000000000, 1.000000000000000000 ) ) ;
#3838 = FACE_OUTER_BOUND ( 'NONE', #1793, .T. ) ;
#3839 = AXIS2_PLACEMENT_3D ( 'NONE', #3378, #642, #3693 ) ;
#3840 = CARTESIAN_POINT ( 'NONE',  ( 1.999999999999989120, -11.93356610573721355, 0.000000000000000000 ) ) ;
#3841 = ORIENTED_EDGE ( 'NONE', *, *, #1146, .F. ) ;
#3842 = DIRECTION ( 'NONE',  ( -1.000000000000000000, 0.000000000000000000, 0.000000000000000000 ) ) ;
#3843 = ORIENTED_EDGE ( 'NONE', *, *, #2785, .T. ) ;
#3844 = EDGE_CURVE ( 'NONE', #3258, #3663, #3631, .T. ) ;
#3845 = VECTOR ( 'NONE', #260, 1000.000000000000000 ) ;
#3846 = CARTESIAN_POINT ( 'NONE',  ( -9.869650449737315867, 7.000000000000001776, 15.00000000000000000 ) ) ;
#3847 = CARTESIAN_POINT ( 'NONE',  ( -2.934012015226485470, -5.213891596791355276, 0.000000000000000000 ) ) ;
#3848 = ORIENTED_EDGE ( 'NONE', *, *, #2808, .T. ) ;
#3849 = DIRECTION ( 'NONE',  ( 2.775557561562891351E-16, -1.000000000000000000, 5.301314942585120903E-15 ) ) ;
#3850 = ORIENTED_EDGE ( 'NONE', *, *, #750, .F. ) ;
#3851 = CARTESIAN_POINT ( 'NONE',  ( -6.556348158414492922, 0.2281736194380707683, -8.000000000000000000 ) ) ;
#3852 = EDGE_CURVE ( 'NONE', #601, #100, #3329, .T. ) ;
#3853 = EDGE_CURVE ( 'NONE', #2299, #1384, #2937, .T. ) ;
#3854 = DIRECTION ( 'NONE',  ( -1.000000000000000000, 0.000000000000000000, 0.000000000000000000 ) ) ;
#3855 = LINE ( 'NONE', #2076, #695 ) ;
#3856 = ORIENTED_EDGE ( 'NONE', *, *, #1581, .F. ) ;
#3857 = FACE_OUTER_BOUND ( 'NONE', #837, .T. ) ;
#3858 = CARTESIAN_POINT ( 'NONE',  ( 0.000000000000000000, 0.000000000000000000, 15.00000000000000000 ) ) ;
#3859 = DIRECTION ( 'NONE',  ( -1.182766006347823355E-16, 1.000000000000000000, 0.000000000000000000 ) ) ;
#3860 = VERTEX_POINT ( 'NONE', #3666 ) ;
#3861 = AXIS2_PLACEMENT_3D ( 'NONE', #1275, #2559, #2803 ) ;
#3862 = FACE_OUTER_BOUND ( 'NONE', #873, .T. ) ;
#3863 = VERTEX_POINT ( 'NONE', #3132 ) ;
#3864 = DIRECTION ( 'NONE',  ( -0.000000000000000000, -0.000000000000000000, 1.000000000000000000 ) ) ;
#3865 = DIRECTION ( 'NONE',  ( -0.000000000000000000, -0.000000000000000000, 1.000000000000000000 ) ) ;
#3866 = ORIENTED_EDGE ( 'NONE', *, *, #2877, .T. ) ;
#3867 = DIRECTION ( 'NONE',  ( -1.000000000000000000, 0.000000000000000000, 0.000000000000000000 ) ) ;
#3868 = VERTEX_POINT ( 'NONE', #3688 ) ;
#3869 = EDGE_CURVE ( 'NONE', #3860, #3152, #839, .T. ) ;
#3870 = ADVANCED_FACE ( 'NONE', ( #2220 ), #959, .F. ) ;
#3871 = DIRECTION ( 'NONE',  ( -0.000000000000000000, -0.000000000000000000, -1.000000000000000000 ) ) ;
#3872 = ORIENTED_EDGE ( 'NONE', *, *, #3270, .T. ) ;
#3873 = LINE ( 'NONE', #1700, #2798 ) ;
#3874 = ORIENTED_EDGE ( 'NONE', *, *, #854, .F. ) ;
#3875 = EDGE_CURVE ( 'NONE', #3015, #3398, #261, .T. ) ;
#3876 = EDGE_CURVE ( 'NONE', #2765, #1866, #2497, .T. ) ;
#3877 = AXIS2_PLACEMENT_3D ( 'NONE', #2163, #1245, #2476 ) ;
#3878 = AXIS2_PLACEMENT_3D ( 'NONE', #3277, #539, #958 ) ;
#3879 = CARTESIAN_POINT ( 'NONE',  ( -9.869650449737308762, -7.000000000000008882, 15.00000000000000000 ) ) ;
#3880 = FACE_OUTER_BOUND ( 'NONE', #3299, .T. ) ;
#3881 = ORIENTED_EDGE ( 'NONE', *, *, #2115, .T. ) ;
#3882 = LINE ( 'NONE', #3900, #2231 ) ;
#3883 = ORIENTED_EDGE ( 'NONE', *, *, #438, .F. ) ;
#3884 = FACE_OUTER_BOUND ( 'NONE', #153, .T. ) ;
#3885 = ORIENTED_EDGE ( 'NONE', *, *, #2851, .T. ) ;
#3886 = ORIENTED_EDGE ( 'NONE', *, *, #2274, .T. ) ;
#3887 = CARTESIAN_POINT ( 'NONE',  ( 3.361062998355403231, -3.450535839912611369, 0.000000000000000000 ) ) ;
#3888 = AXIS2_PLACEMENT_3D ( 'NONE', #697, #655, #360 ) ;
#3889 = DIRECTION ( 'NONE',  ( 1.000000000000000000, 0.000000000000000000, 0.000000000000000000 ) ) ;
#3890 = AXIS2_PLACEMENT_3D ( 'NONE', #1111, #3503, #2905 ) ;
#3891 = DIRECTION ( 'NONE',  ( -0.000000000000000000, -0.000000000000000000, 1.000000000000000000 ) ) ;
#3892 = ORIENTED_EDGE ( 'NONE', *, *, #2555, .T. ) ;
#3893 = EDGE_CURVE ( 'NONE', #3763, #2368, #2312, .T. ) ;
#3894 = AXIS2_PLACEMENT_3D ( 'NONE', #2945, #210, #1419 ) ;
#3895 = CARTESIAN_POINT ( 'NONE',  ( 2.247597405033506135, -8.197457282894827557, -10.00000000000000000 ) ) ;
#3896 = EDGE_CURVE ( 'NONE', #3702, #1616, #1248, .T. ) ;
#3897 = EDGE_CURVE ( 'NONE', #1301, #85, #1589, .T. ) ;
#3898 = LINE ( 'NONE', #1150, #2314 ) ;
#3899 = EDGE_LOOP ( 'NONE', ( #3578, #845 ) ) ;
#3900 = CARTESIAN_POINT ( 'NONE',  ( 2.934012015230563097, -5.213891596790031002, -10.00000000000000000 ) ) ;
#3901 = ORIENTED_EDGE ( 'NONE', *, *, #1123, .F. ) ;
#3902 = DIRECTION ( 'NONE',  ( 1.000000000000000000, 0.000000000000000000, 0.000000000000000000 ) ) ;
#3903 = VERTEX_POINT ( 'NONE', #1566 ) ;
#3904 = DIRECTION ( 'NONE',  ( 1.000000000000000000, 1.301042606982605567E-16, 0.000000000000000000 ) ) ;
#3905 = ORIENTED_EDGE ( 'NONE', *, *, #707, .T. ) ;
#3906 = CARTESIAN_POINT ( 'NONE',  ( -5.361062998351325604, -3.450535839913938307, 0.000000000000000000 ) ) ;
#3907 = DIRECTION ( 'NONE',  ( 0.000000000000000000, 0.000000000000000000, -1.000000000000000000 ) ) ;
#3908 = DIRECTION ( 'NONE',  ( -0.000000000000000000, -0.000000000000000000, 1.000000000000000000 ) ) ;
#3909 = ORIENTED_EDGE ( 'NONE', *, *, #977, .T. ) ;
#3910 = DIRECTION ( 'NONE',  ( -0.000000000000000000, 0.000000000000000000, 1.000000000000000000 ) ) ;
#3911 = ADVANCED_FACE ( 'NONE', ( #673 ), #3110, .F. ) ;
#3912 = CARTESIAN_POINT ( 'NONE',  ( -12.91450505722985298, 17.77529127260470787, -8.000000000000000000 ) ) ;
#3913 = EDGE_CURVE ( 'NONE', #3949, #1994, #894, .T. ) ;
#3914 = ORIENTED_EDGE ( 'NONE', *, *, #803, .F. ) ;
#3915 = DIRECTION ( 'NONE',  ( -0.000000000000000000, -0.000000000000000000, 1.000000000000000000 ) ) ;
#3916 = VERTEX_POINT ( 'NONE', #1917 ) ;
#3917 = EDGE_CURVE ( 'NONE', #2289, #1768, #2057, .T. ) ;
#3918 = EDGE_CURVE ( 'NONE', #1394, #417, #334, .T. ) ;
#3919 = VECTOR ( 'NONE', #3891, 1000.000000000000000 ) ;
#3920 = DIRECTION ( 'NONE',  ( 1.000000000000000000, 0.000000000000000000, 0.000000000000000000 ) ) ;
#3921 = ORIENTED_EDGE ( 'NONE', *, *, #3079, .F. ) ;
#3922 = FACE_BOUND ( 'NONE', #724, .T. ) ;
#3923 = VERTEX_POINT ( 'NONE', #919 ) ;
#3924 = DIRECTION ( 'NONE',  ( 1.000000000000000000, 0.000000000000000000, 0.000000000000000000 ) ) ;
#3925 = CARTESIAN_POINT ( 'NONE',  ( -14.65707521604586994, 9.999999999998724576, 7.500000000000038192 ) ) ;
#3926 = DIRECTION ( 'NONE',  ( 0.000000000000000000, 0.000000000000000000, -1.000000000000000000 ) ) ;
#3927 = LINE ( 'NONE', #3347, #2788 ) ;
#3928 = ORIENTED_EDGE ( 'NONE', *, *, #3023, .T. ) ;
#3929 = DIRECTION ( 'NONE',  ( -0.000000000000000000, -0.000000000000000000, 1.000000000000000000 ) ) ;
#3930 = CARTESIAN_POINT ( 'NONE',  ( 0.000000000000000000, 0.000000000000000000, -5.000000000000000000 ) ) ;
#3931 = VECTOR ( 'NONE', #614, 1000.000000000000000 ) ;
#3932 = VECTOR ( 'NONE', #3005, 1000.000000000000000 ) ;
#3933 = CARTESIAN_POINT ( 'NONE',  ( -6.101699371279113215, -4.670745769141315229, 0.000000000000000000 ) ) ;
#3934 = CIRCLE ( 'NONE', #2484, 1.000000000000000000 ) ;
#3935 = DIRECTION ( 'NONE',  ( 1.000000000000000000, 0.000000000000000000, 0.000000000000000000 ) ) ;
#3936 = ADVANCED_FACE ( 'NONE', ( #617 ), #1543, .F. ) ;
#3937 = AXIS2_PLACEMENT_3D ( 'NONE', #2861, #1965, #1644 ) ;
#3938 = VERTEX_POINT ( 'NONE', #2518 ) ;
#3939 = PLANE ( 'NONE',  #1444 ) ;
#3940 = VERTEX_POINT ( 'NONE', #996 ) ;
#3941 = EDGE_CURVE ( 'NONE', #3860, #3863, #2185, .T. ) ;
#3942 = DIRECTION ( 'NONE',  ( 1.000000000000000000, 0.000000000000000000, 0.000000000000000000 ) ) ;
#3943 = ORIENTED_EDGE ( 'NONE', *, *, #728, .F. ) ;
#3944 = ORIENTED_EDGE ( 'NONE', *, *, #3941, .F. ) ;
#3945 = CARTESIAN_POINT ( 'NONE',  ( -4.556348158414492033, 0.2281736194380706295, 0.000000000000000000 ) ) ;
#3946 = AXIS2_PLACEMENT_3D ( 'NONE', #1124, #2583, #2351 ) ;
#3947 = CARTESIAN_POINT ( 'NONE',  ( 0.000000000000000000, 0.000000000000000000, -8.000000000000000000 ) ) ;
#3948 = DIRECTION ( 'NONE',  ( 2.775557561562891351E-16, -1.000000000000000000, 5.301314942585120903E-15 ) ) ;
#3949 = VERTEX_POINT ( 'NONE', #3390 ) ;
ENDSEC;
END-ISO-10303-21;
