ISO-10303-21;
HEADER;
FILE_DESCRIPTION (( 'STEP AP214' ),
    '1' );
FILE_NAME ('subÔ²Öùµ×ÅÌ.STEP',
    '2026-08-29T22:11:44',
    ( '' ),
    ( '' ),
    'SwSTEP 2.0',
    'SolidWorks 2023',
    '' );
FILE_SCHEMA (( 'AUTOMOTIVE_DESIGN' ));
ENDSEC;

DATA;
#1 = CIRCLE ( 'NONE', #1618, 17.50000000000000000 ) ;
#2 = EDGE_CURVE ( 'NONE', #2269, #3472, #2572, .T. ) ;
#3 = EDGE_CURVE ( 'NONE', #3335, #401, #1636, .T. ) ;
#4 = ORIENTED_EDGE ( 'NONE', *, *, #3456, .T. ) ;
#5 = PLANE ( 'NONE',  #3160 ) ;
#6 = AXIS2_PLACEMENT_3D ( 'NONE', #3555, #2875, #292 ) ;
#7 = CIRCLE ( 'NONE', #3068, 0.9999999999999887867 ) ;
#8 = ADVANCED_FACE ( 'NONE', ( #578 ), #1282, .T. ) ;
#9 = EDGE_LOOP ( 'NONE', ( #680, #3373 ) ) ;
#10 = DIRECTION ( 'NONE',  ( 0.000000000000000000, -1.000000000000000000, 0.000000000000000000 ) ) ;
#11 = LINE ( 'NONE', #400, #842 ) ;
#12 = ORIENTED_EDGE ( 'NONE', *, *, #691, .T. ) ;
#13 = ORIENTED_EDGE ( 'NONE', *, *, #811, .T. ) ;
#14 = CARTESIAN_POINT ( 'NONE',  ( -3.771059073209737100, 20.86019931313785847, 7.419972968920801826 ) ) ;
#15 = CARTESIAN_POINT ( 'NONE',  ( -24.62383815581398139, 12.85919931313785725, -21.96049621411509278 ) ) ;
#16 = AXIS2_PLACEMENT_3D ( 'NONE', #2827, #4174, #1167 ) ;
#17 = EDGE_LOOP ( 'NONE', ( #2650, #2442, #3941, #3730 ) ) ;
#18 = CARTESIAN_POINT ( 'NONE',  ( 1.975200560505147710E-07, 17.85919931313785725, 1.499999885106062747 ) ) ;
#19 = DIRECTION ( 'NONE',  ( 0.000000000000000000, 1.000000000000000000, 0.000000000000000000 ) ) ;
#20 = VECTOR ( 'NONE', #3184, 1000.000000000000000 ) ;
#21 = ORIENTED_EDGE ( 'NONE', *, *, #2330, .T. ) ;
#22 = CARTESIAN_POINT ( 'NONE',  ( -7.013047727110236274, 12.85919931313785725, -32.23994356494995372 ) ) ;
#23 = ORIENTED_EDGE ( 'NONE', *, *, #132, .F. ) ;
#24 = EDGE_CURVE ( 'NONE', #2913, #2379, #286, .T. ) ;
#25 = CIRCLE ( 'NONE', #1848, 1.000000000000000888 ) ;
#26 = AXIS2_PLACEMENT_3D ( 'NONE', #36, #1686, #2076 ) ;
#27 = ORIENTED_EDGE ( 'NONE', *, *, #3402, .F. ) ;
#28 = CARTESIAN_POINT ( 'NONE',  ( -3.771059073209737100, 17.85919931313785725, 7.419972968920801826 ) ) ;
#29 = AXIS2_PLACEMENT_3D ( 'NONE', #2206, #2115, #513 ) ;
#30 = CARTESIAN_POINT ( 'NONE',  ( 11.04739247169366223, 12.85919931313785725, 20.59211802243064326 ) ) ;
#31 = VERTEX_POINT ( 'NONE', #953 ) ;
#32 = VECTOR ( 'NONE', #3654, 1000.000000000000000 ) ;
#33 = EDGE_CURVE ( 'NONE', #151, #2502, #1945, .T. ) ;
#34 = ORIENTED_EDGE ( 'NONE', *, *, #2069, .T. ) ;
#35 = DIRECTION ( 'NONE',  ( 0.000000000000000000, 1.000000000000000000, 0.000000000000000000 ) ) ;
#36 = CARTESIAN_POINT ( 'NONE',  ( -11.59499655816481578, 30.85919931313786080, -5.117427116932242726 ) ) ;
#37 = EDGE_LOOP ( 'NONE', ( #891, #4039, #3806, #2159 ) ) ;
#38 = DIRECTION ( 'NONE',  ( -0.000000000000000000, 1.000000000000000000, -0.000000000000000000 ) ) ;
#39 = DIRECTION ( 'NONE',  ( -0.6655928109894857503, -0.000000000000000000, 0.7463150875864126288 ) ) ;
#40 = UNCERTAINTY_MEASURE_WITH_UNIT (LENGTH_MEASURE( 1.000000000000000082E-05 ), #4220, 'distance_accuracy_value', 'NONE');
#41 = AXIS2_PLACEMENT_3D ( 'NONE', #1326, #3890, #1947 ) ;
#42 = CIRCLE ( 'NONE', #1523, 1.000000000000002665 ) ;
#43 = VECTOR ( 'NONE', #2271, 1000.000000000000000 ) ;
#44 = ORIENTED_EDGE ( 'NONE', *, *, #2253, .T. ) ;
#45 = DIRECTION ( 'NONE',  ( 0.000000000000000000, 0.000000000000000000, -1.000000000000000000 ) ) ;
#46 = ORIENTED_EDGE ( 'NONE', *, *, #2622, .T. ) ;
#47 = FACE_OUTER_BOUND ( 'NONE', #3687, .T. ) ;
#48 = ORIENTED_EDGE ( 'NONE', *, *, #4185, .F. ) ;
#49 = DIRECTION ( 'NONE',  ( 0.000000000000000000, 0.000000000000000000, 1.000000000000000000 ) ) ;
#50 = EDGE_CURVE ( 'NONE', #1033, #3839, #3698, .T. ) ;
#51 = DIRECTION ( 'NONE',  ( 0.000000000000000000, 0.000000000000000000, -1.000000000000000000 ) ) ;
#52 = ORIENTED_EDGE ( 'NONE', *, *, #3739, .F. ) ;
#53 = VERTEX_POINT ( 'NONE', #2551 ) ;
#54 = CARTESIAN_POINT ( 'NONE',  ( 9.847386582998350235, 20.86019931313785847, 4.346122889553994284 ) ) ;
#55 = PLANE ( 'NONE',  #1002 ) ;
#56 = CARTESIAN_POINT ( 'NONE',  ( 2.198075111397766790, 20.86019931313785847, 7.027786333491060411 ) ) ;
#57 = EDGE_CURVE ( 'NONE', #2952, #3182, #4245, .T. ) ;
#58 = EDGE_LOOP ( 'NONE', ( #595, #3197 ) ) ;
#59 = DIRECTION ( 'NONE',  ( 0.000000000000000000, 0.000000000000000000, -1.000000000000000000 ) ) ;
#60 = CYLINDRICAL_SURFACE ( 'NONE', #948, 0.9999999999999887867 ) ;
#61 = CARTESIAN_POINT ( 'NONE',  ( 2.940334720197848473, 20.86019931313785847, -6.786611796661663476 ) ) ;
#62 = ORIENTED_EDGE ( 'NONE', *, *, #476, .T. ) ;
#63 = DIRECTION ( 'NONE',  ( 0.000000000000000000, -1.000000000000000000, 0.000000000000000000 ) ) ;
#64 = ORIENTED_EDGE ( 'NONE', *, *, #3401, .F. ) ;
#65 = DIRECTION ( 'NONE',  ( 0.000000000000000000, 0.000000000000000000, -1.000000000000000000 ) ) ;
#66 = VECTOR ( 'NONE', #3619, 1000.000000000000000 ) ;
#67 = DIRECTION ( 'NONE',  ( -0.000000000000000000, 1.000000000000000000, 0.000000000000000000 ) ) ;
#68 = ORIENTED_EDGE ( 'NONE', *, *, #2166, .T. ) ;
#69 = CLOSED_SHELL ( 'NONE', ( #3060, #3294, #1678, #2544, #3125, #3625, #213, #268, #3317, #3803, #2063, #2033, #1093, #106, #1200, #3506, #883, #2230, #3534, #1340, #371, #4011, #1321, #1855, #2815, #2657, #4125, #2781, #2303, #3965, #2973, #243, #2062, #402, #4291, #2782, #3718, #1543, #3713, #3505, #4066, #3530, #420, #1564, #2015, #2702, #1937, #4166, #3642, #3676, #1122, #3061, #3949, #3942, #801, #3695, #1982, #2847, #2261, #2434, #1062, #3235, #679, #3972, #3992, #756, #950, #1150, #396, #2990, #459, #1092, #1012, #2674, #3375, #1767, #1802, #828, #1503, #2519, #2499, #3095, #3485, #2746, #1861, #2625, #8, #3070, #2374, #3601, #3216, #3738, #2997, #2087, #532, #1475, #2968, #1259, #542, #1260, #3130, #2601, #193, #4151, #1441, #2883, #2786, #4272, #1273, #2278, #73, #2728, #1365, #303, #3157, #4320, #2355, #1886, #829, #320, #1743, #3038, #505, #624, #2672, #4036, #1693, #3991, #1397, #3396 ) ) ;
#70 = DIRECTION ( 'NONE',  ( 0.000000000000000000, 0.000000000000000000, -1.000000000000000000 ) ) ;
#71 = EDGE_LOOP ( 'NONE', ( #579, #1530, #2944, #2795 ) ) ;
#72 = ORIENTED_EDGE ( 'NONE', *, *, #3352, .F. ) ;
#73 = ADVANCED_FACE ( 'NONE', ( #251 ), #1305, .F. ) ;
#74 = DIRECTION ( 'NONE',  ( 0.000000000000000000, -1.000000000000000000, 0.000000000000000000 ) ) ;
#75 = EDGE_CURVE ( 'NONE', #3033, #1992, #2640, .T. ) ;
#76 = DIRECTION ( 'NONE',  ( 0.000000000000000000, -1.000000000000000000, 0.000000000000000000 ) ) ;
#77 = FACE_OUTER_BOUND ( 'NONE', #152, .T. ) ;
#78 = ORIENTED_EDGE ( 'NONE', *, *, #2461, .T. ) ;
#79 = DIRECTION ( 'NONE',  ( -0.000000000000000000, 1.000000000000000000, -0.000000000000000000 ) ) ;
#80 = EDGE_CURVE ( 'NONE', #2661, #705, #142, .T. ) ;
#81 = LINE ( 'NONE', #3436, #1512 ) ;
#82 = EDGE_LOOP ( 'NONE', ( #2585, #3088, #439, #4314 ) ) ;
#83 = ORIENTED_EDGE ( 'NONE', *, *, #715, .F. ) ;
#84 = CIRCLE ( 'NONE', #2114, 1.499999999999994449 ) ;
#85 = FACE_OUTER_BOUND ( 'NONE', #3639, .T. ) ;
#86 = LINE ( 'NONE', #2805, #1777 ) ;
#87 = CARTESIAN_POINT ( 'NONE',  ( -8.222134956027318253, 30.85919931313786080, -2.293592826953296804 ) ) ;
#88 = ORIENTED_EDGE ( 'NONE', *, *, #322, .F. ) ;
#89 = CARTESIAN_POINT ( 'NONE',  ( -18.87595643811361867, 17.85919931313785369, 42.00355884939591533 ) ) ;
#90 = VECTOR ( 'NONE', #3903, 1000.000000000000000 ) ;
#91 = VECTOR ( 'NONE', #1335, 1000.000000000000000 ) ;
#92 = DIRECTION ( 'NONE',  ( 0.000000000000000000, -1.000000000000000000, 0.000000000000000000 ) ) ;
#93 = CARTESIAN_POINT ( 'NONE',  ( -1.090398663191116002, 17.85919931313785725, 9.708446743509679067 ) ) ;
#94 = EDGE_LOOP ( 'NONE', ( #1181, #1159, #4, #3353 ) ) ;
#95 = VERTEX_POINT ( 'NONE', #3580 ) ;
#96 = AXIS2_PLACEMENT_3D ( 'NONE', #3067, #76, #2744 ) ;
#97 = PLANE ( 'NONE',  #3790 ) ;
#98 = DIRECTION ( 'NONE',  ( -0.9771488974709450215, -0.000000000000000000, 0.2125559506843239244 ) ) ;
#99 = DIRECTION ( 'NONE',  ( 0.9950072273473463680, 0.000000000000000000, 0.09980289337762750235 ) ) ;
#100 = VECTOR ( 'NONE', #2341, 1000.000000000000000 ) ;
#101 = AXIS2_PLACEMENT_3D ( 'NONE', #506, #837, #2176 ) ;
#102 = EDGE_CURVE ( 'NONE', #2849, #3719, #1402, .T. ) ;
#103 = ORIENTED_EDGE ( 'NONE', *, *, #721, .T. ) ;
#104 = FACE_OUTER_BOUND ( 'NONE', #2274, .T. ) ;
#105 = DIRECTION ( 'NONE',  ( 0.1013022274283755242, 0.000000000000000000, -0.9948556974345826864 ) ) ;
#106 = ADVANCED_FACE ( 'NONE', ( #2040 ), #1963, .F. ) ;
#107 = ORIENTED_EDGE ( 'NONE', *, *, #1511, .T. ) ;
#108 = ORIENTED_EDGE ( 'NONE', *, *, #2253, .F. ) ;
#109 = CARTESIAN_POINT ( 'NONE',  ( -9.888040223330667899, 30.85919931313786080, 6.204465316859365309 ) ) ;
#110 = EDGE_CURVE ( 'NONE', #2646, #3434, #4222, .T. ) ;
#111 = ORIENTED_EDGE ( 'NONE', *, *, #3124, .T. ) ;
#112 = DIRECTION ( 'NONE',  ( -0.000000000000000000, 1.000000000000000000, 0.000000000000000000 ) ) ;
#113 = DIRECTION ( 'NONE',  ( -0.000000000000000000, 1.000000000000000000, -0.000000000000000000 ) ) ;
#114 = ORIENTED_EDGE ( 'NONE', *, *, #162, .T. ) ;
#115 = AXIS2_PLACEMENT_3D ( 'NONE', #772, #3470, #1152 ) ;
#116 = CIRCLE ( 'NONE', #4029, 0.9999999999999817923 ) ;
#117 = FACE_BOUND ( 'NONE', #2352, .T. ) ;
#118 = DIRECTION ( 'NONE',  ( 0.000000000000000000, -1.000000000000000000, 0.000000000000000000 ) ) ;
#119 = CARTESIAN_POINT ( 'NONE',  ( -3.932153868173918987, 12.85919931313785725, -18.07665136921348648 ) ) ;
#120 = ORIENTED_EDGE ( 'NONE', *, *, #988, .T. ) ;
#121 = VERTEX_POINT ( 'NONE', #3735 ) ;
#122 = CARTESIAN_POINT ( 'NONE',  ( -11.59499655816481578, 17.85919931313785725, -6.717427116932231712 ) ) ;
#123 = DIRECTION ( 'NONE',  ( 0.000000000000000000, 0.000000000000000000, -1.000000000000000000 ) ) ;
#124 = EDGE_LOOP ( 'NONE', ( #2084, #3037 ) ) ;
#125 = DIRECTION ( 'NONE',  ( 0.000000000000000000, 0.000000000000000000, -1.000000000000000000 ) ) ;
#126 = CARTESIAN_POINT ( 'NONE',  ( -4.074965755494868169, 20.86019931313785847, 11.40454006122453201 ) ) ;
#127 = CARTESIAN_POINT ( 'NONE',  ( 0.000000000000000000, 12.85919931313785725, 0.000000000000000000 ) ) ;
#128 = VERTEX_POINT ( 'NONE', #744 ) ;
#129 = ORIENTED_EDGE ( 'NONE', *, *, #3589, .T. ) ;
#130 = CARTESIAN_POINT ( 'NONE',  ( 0.000000000000000000, 12.85919931313785725, 0.000000000000000000 ) ) ;
#131 = DIRECTION ( 'NONE',  ( 0.000000000000000000, -1.000000000000000000, 0.000000000000000000 ) ) ;
#132 = EDGE_CURVE ( 'NONE', #2928, #3434, #562, .T. ) ;
#133 = ORIENTED_EDGE ( 'NONE', *, *, #3823, .F. ) ;
#134 = DIRECTION ( 'NONE',  ( 0.000000000000000000, 0.000000000000000000, -1.000000000000000000 ) ) ;
#135 = EDGE_CURVE ( 'NONE', #3770, #2626, #2962, .T. ) ;
#136 = CARTESIAN_POINT ( 'NONE',  ( 30.66200841243365360, 17.85919931313785725, -6.669804739957121420 ) ) ;
#137 = AXIS2_PLACEMENT_3D ( 'NONE', #3030, #1418, #2711 ) ;
#138 = DIRECTION ( 'NONE',  ( 0.000000000000000000, 0.000000000000000000, -1.000000000000000000 ) ) ;
#139 = DIRECTION ( 'NONE',  ( 0.000000000000000000, 0.000000000000000000, -1.000000000000000000 ) ) ;
#140 = ORIENTED_EDGE ( 'NONE', *, *, #600, .T. ) ;
#141 = DIRECTION ( 'NONE',  ( 0.000000000000000000, 0.000000000000000000, -1.000000000000000000 ) ) ;
#142 = CIRCLE ( 'NONE', #3573, 1.599999999999989431 ) ;
#143 = ORIENTED_EDGE ( 'NONE', *, *, #4321, .T. ) ;
#144 = CYLINDRICAL_SURFACE ( 'NONE', #4007, 0.9999999999999887867 ) ;
#145 = DIRECTION ( 'NONE',  ( 0.000000000000000000, 1.000000000000000000, 0.000000000000000000 ) ) ;
#146 = CARTESIAN_POINT ( 'NONE',  ( 2.940334720197848473, 20.86019931313785847, -7.786611796661651930 ) ) ;
#147 = EDGE_LOOP ( 'NONE', ( #2852, #862, #851, #2520 ) ) ;
#148 = LINE ( 'NONE', #1130, #636 ) ;
#149 = CARTESIAN_POINT ( 'NONE',  ( 7.013047727110234497, 12.85919931313785725, 32.23994356494996083 ) ) ;
#150 = CARTESIAN_POINT ( 'NONE',  ( -1.090398663191115780, 17.85919931313785725, 11.70844674350965597 ) ) ;
#151 = VERTEX_POINT ( 'NONE', #4038 ) ;
#152 = EDGE_LOOP ( 'NONE', ( #2532, #1983, #497, #1979 ) ) ;
#153 = DIRECTION ( 'NONE',  ( 0.000000000000000000, -1.000000000000000000, 0.000000000000000000 ) ) ;
#154 = CARTESIAN_POINT ( 'NONE',  ( 21.47640974849846529, 12.85919931313785725, -6.237807194354280327 ) ) ;
#155 = ORIENTED_EDGE ( 'NONE', *, *, #746, .F. ) ;
#156 = DIRECTION ( 'NONE',  ( -0.1013022274283768842, 0.000000000000000000, 0.9948556974345823534 ) ) ;
#157 = AXIS2_PLACEMENT_3D ( 'NONE', #3198, #1874, #1566 ) ;
#158 = EDGE_CURVE ( 'NONE', #1191, #2344, #1031, .T. ) ;
#159 = DIRECTION ( 'NONE',  ( -0.000000000000000000, 1.000000000000000000, 0.000000000000000000 ) ) ;
#160 = FACE_OUTER_BOUND ( 'NONE', #850, .T. ) ;
#161 = ORIENTED_EDGE ( 'NONE', *, *, #3096, .T. ) ;
#162 = EDGE_CURVE ( 'NONE', #3024, #4071, #3500, .T. ) ;
#163 = ORIENTED_EDGE ( 'NONE', *, *, #4044, .T. ) ;
#164 = DIRECTION ( 'NONE',  ( 0.000000000000000000, -1.000000000000000000, 0.000000000000000000 ) ) ;
#165 = CARTESIAN_POINT ( 'NONE',  ( 0.000000000000000000, 17.85919931313785725, 0.000000000000000000 ) ) ;
#166 = EDGE_CURVE ( 'NONE', #1585, #1569, #11, .T. ) ;
#167 = VECTOR ( 'NONE', #2987, 1000.000000000000000 ) ;
#168 = DIRECTION ( 'NONE',  ( -0.9154673171879893490, 0.000000000000000000, -0.4023923348681301415 ) ) ;
#169 = ORIENTED_EDGE ( 'NONE', *, *, #50, .F. ) ;
#170 = LINE ( 'NONE', #1538, #1189 ) ;
#171 = DIRECTION ( 'NONE',  ( 0.000000000000000000, -1.000000000000000000, 0.000000000000000000 ) ) ;
#172 = PRODUCT_DEFINITION_CONTEXT ( 'detailed design', #2943, 'design' ) ;
#173 = AXIS2_PLACEMENT_3D ( 'NONE', #2793, #541, #823 ) ;
#174 = ORIENTED_EDGE ( 'NONE', *, *, #2307, .T. ) ;
#175 = ORIENTED_EDGE ( 'NONE', *, *, #811, .F. ) ;
#176 = AXIS2_PLACEMENT_3D ( 'NONE', #695, #4048, #4115 ) ;
#177 = DIRECTION ( 'NONE',  ( -0.000000000000000000, 1.000000000000000000, 0.000000000000000000 ) ) ;
#178 = DIRECTION ( 'NONE',  ( 0.5041083373289024783, 0.000000000000000000, 0.8636404253133879161 ) ) ;
#179 = CIRCLE ( 'NONE', #3392, 1.000000000000003553 ) ;
#180 = VERTEX_POINT ( 'NONE', #30 ) ;
#181 = DIRECTION ( 'NONE',  ( 0.000000000000000000, 0.000000000000000000, -1.000000000000000000 ) ) ;
#182 = FACE_BOUND ( 'NONE', #3055, .T. ) ;
#183 = CYLINDRICAL_SURFACE ( 'NONE', #2279, 0.9999999999999887867 ) ;
#184 = CIRCLE ( 'NONE', #2216, 0.9999999999999887867 ) ;
#185 = AXIS2_PLACEMENT_3D ( 'NONE', #3632, #278, #3961 ) ;
#186 = AXIS2_PLACEMENT_3D ( 'NONE', #1776, #3105, #2310 ) ;
#187 = DIRECTION ( 'NONE',  ( 0.000000000000000000, -1.000000000000000000, 0.000000000000000000 ) ) ;
#188 = ORIENTED_EDGE ( 'NONE', *, *, #3369, .F. ) ;
#189 = VERTEX_POINT ( 'NONE', #704 ) ;
#190 = DIRECTION ( 'NONE',  ( -0.000000000000000000, -1.000000000000000000, -0.000000000000000000 ) ) ;
#191 = CARTESIAN_POINT ( 'NONE',  ( 13.27648856862441384, 12.85919931313785725, -30.20482826935239018 ) ) ;
#192 = EDGE_CURVE ( 'NONE', #2381, #712, #2009, .T. ) ;
#193 = ADVANCED_FACE ( 'NONE', ( #1368 ), #1049, .F. ) ;
#194 = LINE ( 'NONE', #342, #2285 ) ;
#195 = VERTEX_POINT ( 'NONE', #3022 ) ;
#196 = DIRECTION ( 'NONE',  ( 0.000000000000000000, -1.000000000000000000, 0.000000000000000000 ) ) ;
#197 = DIRECTION ( 'NONE',  ( 0.2125559506843242297, 0.000000000000000000, 0.9771488974709447994 ) ) ;
#198 = EDGE_CURVE ( 'NONE', #2344, #1585, #3357, .T. ) ;
#199 = ORIENTED_EDGE ( 'NONE', *, *, #716, .T. ) ;
#200 = ORIENTED_EDGE ( 'NONE', *, *, #3771, .F. ) ;
#201 = CYLINDRICAL_SURFACE ( 'NONE', #2547, 0.9999999999999887867 ) ;
#202 = FACE_BOUND ( 'NONE', #511, .T. ) ;
#203 = ORIENTED_EDGE ( 'NONE', *, *, #1235, .F. ) ;
#204 = CARTESIAN_POINT ( 'NONE',  ( -6.955635912344964922, 20.86019931313785847, 4.571215795018214401 ) ) ;
#205 = FACE_OUTER_BOUND ( 'NONE', #1322, .T. ) ;
#206 = CARTESIAN_POINT ( 'NONE',  ( 18.40701944724912309, 12.85919931313785725, 1.846291915076128554 ) ) ;
#207 = ORIENTED_EDGE ( 'NONE', *, *, #2919, .F. ) ;
#208 = VERTEX_POINT ( 'NONE', #378 ) ;
#209 = DIRECTION ( 'NONE',  ( 0.000000000000000000, 0.000000000000000000, -1.000000000000000000 ) ) ;
#210 = DIRECTION ( 'NONE',  ( 0.000000000000000000, 0.000000000000000000, -1.000000000000000000 ) ) ;
#211 = DIRECTION ( 'NONE',  ( 0.000000000000000000, -1.000000000000000000, 0.000000000000000000 ) ) ;
#212 = EDGE_CURVE ( 'NONE', #2125, #2080, #3848, .T. ) ;
#213 = ADVANCED_FACE ( 'NONE', ( #3722 ), #2386, .F. ) ;
#214 = ORIENTED_EDGE ( 'NONE', *, *, #3666, .T. ) ;
#215 = DIRECTION ( 'NONE',  ( -0.000000000000000000, 1.000000000000000000, 0.000000000000000000 ) ) ;
#216 = CARTESIAN_POINT ( 'NONE',  ( 9.184850993605150311E-15, 17.85919931313785725, -75.00000000000001421 ) ) ;
#217 = ORIENTED_EDGE ( 'NONE', *, *, #3069, .F. ) ;
#218 = ORIENTED_EDGE ( 'NONE', *, *, #1881, .F. ) ;
#219 = CARTESIAN_POINT ( 'NONE',  ( 15.81844294146211460, 17.85919931313785725, 27.10021988953252503 ) ) ;
#220 = CARTESIAN_POINT ( 'NONE',  ( 21.91523508737257586, 17.85919931313785725, -50.80323129241048008 ) ) ;
#221 = ORIENTED_EDGE ( 'NONE', *, *, #4185, .T. ) ;
#222 = LINE ( 'NONE', #2569, #4301 ) ;
#223 = DIRECTION ( 'NONE',  ( -0.000000000000000000, 1.000000000000000000, 0.000000000000000000 ) ) ;
#224 = CARTESIAN_POINT ( 'NONE',  ( 11.05870096590540896, 17.85919931313785725, 0.6015432376286120597 ) ) ;
#225 = CIRCLE ( 'NONE', #858, 1.000000000000001776 ) ;
#226 = DIRECTION ( 'NONE',  ( 0.000000000000000000, -1.000000000000000000, 0.000000000000000000 ) ) ;
#227 = ORIENTED_EDGE ( 'NONE', *, *, #2838, .T. ) ;
#228 = ORIENTED_EDGE ( 'NONE', *, *, #2435, .T. ) ;
#229 = DIRECTION ( 'NONE',  ( 0.000000000000000000, -1.000000000000000000, 0.000000000000000000 ) ) ;
#230 = CARTESIAN_POINT ( 'NONE',  ( -51.14066751420762102, 25.85919931313650366, -22.57082466816618194 ) ) ;
#231 = VECTOR ( 'NONE', #3301, 1000.000000000000000 ) ;
#232 = DIRECTION ( 'NONE',  ( 0.000000000000000000, 0.000000000000000000, -1.000000000000000000 ) ) ;
#233 = ORIENTED_EDGE ( 'NONE', *, *, #510, .F. ) ;
#234 = FACE_OUTER_BOUND ( 'NONE', #147, .T. ) ;
#235 = FACE_BOUND ( 'NONE', #1385, .T. ) ;
#236 = CIRCLE ( 'NONE', #1711, 0.9999999999999887867 ) ;
#237 = ORIENTED_EDGE ( 'NONE', *, *, #3709, .F. ) ;
#238 = ORIENTED_EDGE ( 'NONE', *, *, #3077, .T. ) ;
#239 = LINE ( 'NONE', #4258, #3354 ) ;
#240 = DIRECTION ( 'NONE',  ( 0.000000000000000000, -1.000000000000000000, 0.000000000000000000 ) ) ;
#241 = AXIS2_PLACEMENT_3D ( 'NONE', #1943, #1962, #3603 ) ;
#242 = EDGE_CURVE ( 'NONE', #1383, #749, #1623, .T. ) ;
#243 = ADVANCED_FACE ( 'NONE', ( #4081 ), #3003, .F. ) ;
#244 = ORIENTED_EDGE ( 'NONE', *, *, #372, .T. ) ;
#245 = CIRCLE ( 'NONE', #176, 0.9999999999999961142 ) ;
#246 = PLANE ( 'NONE',  #784 ) ;
#247 = CIRCLE ( 'NONE', #1430, 0.9999999999999887867 ) ;
#248 = CYLINDRICAL_SURFACE ( 'NONE', #241, 0.9999999999999961142 ) ;
#249 = EDGE_CURVE ( 'NONE', #539, #1887, #3072, .T. ) ;
#250 = DIRECTION ( 'NONE',  ( 0.000000000000000000, 0.000000000000000000, -1.000000000000000000 ) ) ;
#251 = FACE_OUTER_BOUND ( 'NONE', #4077, .T. ) ;
#252 = VERTEX_POINT ( 'NONE', #4017 ) ;
#253 = ORIENTED_EDGE ( 'NONE', *, *, #3562, .T. ) ;
#254 = DIRECTION ( 'NONE',  ( 0.000000000000000000, -1.000000000000000000, 0.000000000000000000 ) ) ;
#255 = FACE_OUTER_BOUND ( 'NONE', #2329, .T. ) ;
#256 = AXIS2_PLACEMENT_3D ( 'NONE', #1346, #3040, #3765 ) ;
#257 = DIRECTION ( 'NONE',  ( -0.9950072273473464790, 0.000000000000000000, -0.09980289337762739132 ) ) ;
#258 = ORIENTED_EDGE ( 'NONE', *, *, #1393, .T. ) ;
#259 = CARTESIAN_POINT ( 'NONE',  ( -19.16618731969591494, 17.85919931313785369, 44.85382042254599355 ) ) ;
#260 = CARTESIAN_POINT ( 'NONE',  ( 0.000000000000000000, 12.85919931313785725, 0.000000000000000000 ) ) ;
#261 = ORIENTED_EDGE ( 'NONE', *, *, #2013, .F. ) ;
#262 = ORIENTED_EDGE ( 'NONE', *, *, #1158, .T. ) ;
#263 = CARTESIAN_POINT ( 'NONE',  ( -11.59499655816481578, 20.86019931313785847, -5.117427116932242726 ) ) ;
#264 = CARTESIAN_POINT ( 'NONE',  ( 2.143131898507868248E-15, 20.85919931313785369, 17.50000000000000000 ) ) ;
#265 = ORIENTED_EDGE ( 'NONE', *, *, #3017, .T. ) ;
#266 = AXIS2_PLACEMENT_3D ( 'NONE', #2438, #3471, #2833 ) ;
#267 = DIRECTION ( 'NONE',  ( 0.000000000000000000, 0.000000000000000000, -1.000000000000000000 ) ) ;
#268 = ADVANCED_FACE ( 'NONE', ( #1013 ), #3360, .F. ) ;
#269 = EDGE_CURVE ( 'NONE', #3212, #1551, #3217, .T. ) ;
#270 = CYLINDRICAL_SURFACE ( 'NONE', #1362, 0.9999999999999887867 ) ;
#271 = ORIENTED_EDGE ( 'NONE', *, *, #3298, .T. ) ;
#272 = ORIENTED_EDGE ( 'NONE', *, *, #1421, .F. ) ;
#273 = EDGE_CURVE ( 'NONE', #2574, #1632, #356, .T. ) ;
#274 = DIRECTION ( 'NONE',  ( 0.000000000000000000, -1.000000000000000000, 0.000000000000000000 ) ) ;
#275 = CARTESIAN_POINT ( 'NONE',  ( -51.14066751420762102, 20.85919931313785725, -22.57082466816618194 ) ) ;
#276 = CARTESIAN_POINT ( 'NONE',  ( -20.10081521546007721, 12.85919931313785725, -8.871451976831485453 ) ) ;
#277 = DIRECTION ( 'NONE',  ( 0.000000000000000000, 0.000000000000000000, -1.000000000000000000 ) ) ;
#278 = DIRECTION ( 'NONE',  ( -0.000000000000000000, 1.000000000000000000, -0.000000000000000000 ) ) ;
#279 = ORIENTED_EDGE ( 'NONE', *, *, #1772, .F. ) ;
#280 = DIRECTION ( 'NONE',  ( -0.7463150875864126288, 0.000000000000000000, -0.6655928109894857503 ) ) ;
#281 = FACE_BOUND ( 'NONE', #4018, .T. ) ;
#282 = AXIS2_PLACEMENT_3D ( 'NONE', #3948, #653, #944 ) ;
#283 = AXIS2_PLACEMENT_3D ( 'NONE', #3451, #2513, #1833 ) ;
#284 = ORIENTED_EDGE ( 'NONE', *, *, #3911, .T. ) ;
#285 = CARTESIAN_POINT ( 'NONE',  ( -2.818918367398545843, 20.86019931313785847, -9.812654826806875619 ) ) ;
#286 = CIRCLE ( 'NONE', #6, 0.9999999999999887867 ) ;
#287 = CARTESIAN_POINT ( 'NONE',  ( -7.444009781806341763, 12.85919931313785725, 16.93558021254230184 ) ) ;
#288 = VERTEX_POINT ( 'NONE', #93 ) ;
#289 = CARTESIAN_POINT ( 'NONE',  ( -4.887340320789482107, 20.86019931313785847, 0.05541575484131560508 ) ) ;
#290 = CARTESIAN_POINT ( 'NONE',  ( 1.894168429112635943, 20.86019931313785847, 11.01235342579480481 ) ) ;
#291 = EDGE_CURVE ( 'NONE', #95, #2464, #3692, .T. ) ;
#292 = DIRECTION ( 'NONE',  ( 0.000000000000000000, 0.000000000000000000, -1.000000000000000000 ) ) ;
#293 = ORIENTED_EDGE ( 'NONE', *, *, #854, .T. ) ;
#294 = CARTESIAN_POINT ( 'NONE',  ( 7.176418544809854083, 30.85919931313786080, -8.022395237260900203 ) ) ;
#295 = LINE ( 'NONE', #561, #1005 ) ;
#296 = EDGE_CURVE ( 'NONE', #4194, #3047, #473, .T. ) ;
#297 = CIRCLE ( 'NONE', #3306, 0.9999999999999887867 ) ;
#298 = CARTESIAN_POINT ( 'NONE',  ( 0.000000000000000000, 12.85919931313785725, 0.000000000000000000 ) ) ;
#299 = EDGE_LOOP ( 'NONE', ( #4325, #593, #3748, #4032 ) ) ;
#300 = CARTESIAN_POINT ( 'NONE',  ( 11.21529137169411250, 17.85919931313775066, -26.55944436706993628 ) ) ;
#301 = LINE ( 'NONE', #260, #3025 ) ;
#302 = VECTOR ( 'NONE', #215, 1000.000000000000000 ) ;
#303 = ADVANCED_FACE ( 'NONE', ( #160 ), #4130, .F. ) ;
#304 = ORIENTED_EDGE ( 'NONE', *, *, #3667, .F. ) ;
#305 = LINE ( 'NONE', #1653, #4128 ) ;
#306 = DIRECTION ( 'NONE',  ( -0.000000000000000000, 1.000000000000000000, -0.000000000000000000 ) ) ;
#307 = VECTOR ( 'NONE', #1868, 1000.000000000000000 ) ;
#308 = AXIS2_PLACEMENT_3D ( 'NONE', #3479, #474, #1488 ) ;
#309 = VERTEX_POINT ( 'NONE', #2487 ) ;
#310 = CARTESIAN_POINT ( 'NONE',  ( 15.81844294146211460, 12.85919931313785725, 27.10021988953252503 ) ) ;
#311 = CIRCLE ( 'NONE', #3526, 1.599999865689857970 ) ;
#312 = CIRCLE ( 'NONE', #2338, 1.000000000000001776 ) ;
#313 = ORIENTED_EDGE ( 'NONE', *, *, #1821, .T. ) ;
#314 = AXIS2_PLACEMENT_3D ( 'NONE', #1548, #1236, #2874 ) ;
#315 = CIRCLE ( 'NONE', #1656, 0.9999999999999887867 ) ;
#316 = CARTESIAN_POINT ( 'NONE',  ( -4.074965755494868169, 20.86019931313785847, 10.40454006122454267 ) ) ;
#317 = FACE_BOUND ( 'NONE', #3248, .T. ) ;
#318 = LINE ( 'NONE', #298, #535 ) ;
#319 = ORIENTED_EDGE ( 'NONE', *, *, #3622, .T. ) ;
#320 = ADVANCED_FACE ( 'NONE', ( #1529 ), #443, .F. ) ;
#321 = DIRECTION ( 'NONE',  ( 0.000000000000000000, -1.000000000000000000, 0.000000000000000000 ) ) ;
#322 = EDGE_CURVE ( 'NONE', #3697, #3496, #3862, .T. ) ;
#323 = CARTESIAN_POINT ( 'NONE',  ( -18.40701944724912309, 12.85919931313785725, -1.846291915076125001 ) ) ;
#324 = CIRCLE ( 'NONE', #41, 0.9999999999999887867 ) ;
#325 = AXIS2_PLACEMENT_3D ( 'NONE', #2331, #1246, #2924 ) ;
#326 = AXIS2_PLACEMENT_3D ( 'NONE', #448, #164, #1790 ) ;
#327 = ORIENTED_EDGE ( 'NONE', *, *, #4265, .T. ) ;
#328 = LINE ( 'NONE', #596, #2592 ) ;
#329 = EDGE_CURVE ( 'NONE', #3365, #3361, #1787, .T. ) ;
#330 = DIRECTION ( 'NONE',  ( 0.4023923348681299750, 0.000000000000000000, -0.9154673171879893490 ) ) ;
#331 = EDGE_LOOP ( 'NONE', ( #1247, #446 ) ) ;
#332 = DIRECTION ( 'NONE',  ( 0.000000000000000000, -1.000000000000000000, 0.000000000000000000 ) ) ;
#333 = EDGE_LOOP ( 'NONE', ( #3672, #2658, #969, #2426 ) ) ;
#334 = AXIS2_PLACEMENT_3D ( 'NONE', #1479, #4153, #1852 ) ;
#335 = CARTESIAN_POINT ( 'NONE',  ( 21.61132840508744479, 20.85919931313785725, -47.81866420010673835 ) ) ;
#336 = DIRECTION ( 'NONE',  ( -0.000000000000000000, 1.000000000000000000, 0.000000000000000000 ) ) ;
#337 = EDGE_LOOP ( 'NONE', ( #1210, #490, #608, #3782, #870, #1832, #2779 ) ) ;
#338 = DIRECTION ( 'NONE',  ( 0.09980289337762739132, 0.000000000000000000, -0.9950072273473464790 ) ) ;
#339 = ORIENTED_EDGE ( 'NONE', *, *, #166, .T. ) ;
#340 = CARTESIAN_POINT ( 'NONE',  ( 0.000000000000000000, 17.85919931313785725, 0.000000000000000000 ) ) ;
#341 = DIRECTION ( 'NONE',  ( 0.000000000000000000, 0.000000000000000000, -1.000000000000000000 ) ) ;
#342 = CARTESIAN_POINT ( 'NONE',  ( 3.131720420757089673, 12.85919931313785725, -31.22238591715116840 ) ) ;
#343 = EDGE_CURVE ( 'NONE', #1723, #3472, #2137, .T. ) ;
#344 = EDGE_CURVE ( 'NONE', #1667, #2191, #1101, .T. ) ;
#345 = VERTEX_POINT ( 'NONE', #795 ) ;
#346 = CYLINDRICAL_SURFACE ( 'NONE', #2369, 0.9999999999999887867 ) ;
#347 = DIRECTION ( 'NONE',  ( -0.000000000000000000, 1.000000000000000000, -0.000000000000000000 ) ) ;
#348 = AXIS2_PLACEMENT_3D ( 'NONE', #3694, #2018, #3678 ) ;
#349 = ORIENTED_EDGE ( 'NONE', *, *, #3017, .F. ) ;
#350 = DIRECTION ( 'NONE',  ( 0.000000000000000000, 0.000000000000000000, 1.000000000000000000 ) ) ;
#351 = AXIS2_PLACEMENT_3D ( 'NONE', #1408, #2703, #3380 ) ;
#352 = ORIENTED_EDGE ( 'NONE', *, *, #3425, .T. ) ;
#353 = CIRCLE ( 'NONE', #2799, 0.9999999999999817923 ) ;
#354 = ORIENTED_EDGE ( 'NONE', *, *, #3987, .T. ) ;
#355 = DIRECTION ( 'NONE',  ( -0.000000000000000000, 1.000000000000000000, 0.000000000000000000 ) ) ;
#356 = LINE ( 'NONE', #3087, #2360 ) ;
#357 = ORIENTED_EDGE ( 'NONE', *, *, #3395, .T. ) ;
#358 = ORIENTED_EDGE ( 'NONE', *, *, #2117, .F. ) ;
#359 = CARTESIAN_POINT ( 'NONE',  ( 2.225758709196706153, 12.85919931313785725, -20.25844085344148837 ) ) ;
#360 = CARTESIAN_POINT ( 'NONE',  ( -5.412115731844795441, 17.85919931313785725, -10.30423597614598030 ) ) ;
#361 = CARTESIAN_POINT ( 'NONE',  ( 13.27648856862441740, 17.85919931313785725, -30.20482826935239729 ) ) ;
#362 = CIRCLE ( 'NONE', #3717, 0.9999999999999887867 ) ;
#363 = ORIENTED_EDGE ( 'NONE', *, *, #4019, .T. ) ;
#364 = CARTESIAN_POINT ( 'NONE',  ( -8.450013146662174179, 17.85919931313785725, 9.446125194918316481 ) ) ;
#365 = CARTESIAN_POINT ( 'NONE',  ( -51.14066751420762102, 17.85919931313785725, -22.57082466816618194 ) ) ;
#366 = DIRECTION ( 'NONE',  ( 0.000000000000000000, -1.000000000000000000, 0.000000000000000000 ) ) ;
#367 = EDGE_LOOP ( 'NONE', ( #2476, #2174 ) ) ;
#368 = CARTESIAN_POINT ( 'NONE',  ( -2.514031220247861409, 30.85919931313786080, -4.321995722304468046 ) ) ;
#369 = ORIENTED_EDGE ( 'NONE', *, *, #3101, .F. ) ;
#370 = CIRCLE ( 'NONE', #4158, 75.00000000000001421 ) ;
#371 = ADVANCED_FACE ( 'NONE', ( #3200 ), #1806, .F. ) ;
#372 = EDGE_CURVE ( 'NONE', #1050, #3486, #3553, .T. ) ;
#373 = AXIS2_PLACEMENT_3D ( 'NONE', #1994, #3323, #4297 ) ;
#374 = VERTEX_POINT ( 'NONE', #3837 ) ;
#375 = EDGE_CURVE ( 'NONE', #1261, #3361, #3344, .T. ) ;
#376 = FACE_BOUND ( 'NONE', #1545, .T. ) ;
#377 = CIRCLE ( 'NONE', #96, 75.00000000000001421 ) ;
#378 = CARTESIAN_POINT ( 'NONE',  ( -14.64874571393334080, 17.85919931313785725, 17.97558173357456468 ) ) ;
#379 = ORIENTED_EDGE ( 'NONE', *, *, #2441, .F. ) ;
#380 = AXIS2_PLACEMENT_3D ( 'NONE', #2193, #527, #1339 ) ;
#381 = VERTEX_POINT ( 'NONE', #2178 ) ;
#382 = DIRECTION ( 'NONE',  ( 0.000000000000000000, -0.000000000000000000, -1.000000000000000000 ) ) ;
#383 = CARTESIAN_POINT ( 'NONE',  ( 21.47640974849846529, 12.85919931313785725, -3.037807462976327422 ) ) ;
#384 = CIRCLE ( 'NONE', #951, 0.9999999999999817923 ) ;
#385 = LINE ( 'NONE', #1730, #957 ) ;
#386 = ORIENTED_EDGE ( 'NONE', *, *, #2895, .T. ) ;
#387 = DIRECTION ( 'NONE',  ( -0.000000000000000000, 1.000000000000000000, 0.000000000000000000 ) ) ;
#388 = DIRECTION ( 'NONE',  ( -0.000000000000000000, 1.000000000000000000, 0.000000000000000000 ) ) ;
#389 = VECTOR ( 'NONE', #2839, 1000.000000000000114 ) ;
#390 = CIRCLE ( 'NONE', #885, 1.500000000000001332 ) ;
#391 = VECTOR ( 'NONE', #1758, 1000.000000000000000 ) ;
#392 = ORIENTED_EDGE ( 'NONE', *, *, #834, .T. ) ;
#393 = DIRECTION ( 'NONE',  ( 0.000000000000000000, -1.000000000000000000, 0.000000000000000000 ) ) ;
#394 = ORIENTED_EDGE ( 'NONE', *, *, #3690, .T. ) ;
#395 = CARTESIAN_POINT ( 'NONE',  ( -2.818918367398545843, 17.85919931313785725, -11.81265482680685253 ) ) ;
#396 = ADVANCED_FACE ( 'NONE', ( #2855 ), #1144, .F. ) ;
#397 = EDGE_LOOP ( 'NONE', ( #494, #3705, #3273, #2820 ) ) ;
#398 = DIRECTION ( 'NONE',  ( 0.4023923348681299750, 0.000000000000000000, -0.9154673171879893490 ) ) ;
#399 = CARTESIAN_POINT ( 'NONE',  ( 21.47640974849846529, 12.85919931313785725, -4.637807328665304318 ) ) ;
#400 = CARTESIAN_POINT ( 'NONE',  ( 0.000000000000000000, 17.85919931313785725, -0.000000000000000000 ) ) ;
#401 = VERTEX_POINT ( 'NONE', #4201 ) ;
#402 = ADVANCED_FACE ( 'NONE', ( #2110 ), #819, .F. ) ;
#403 = EDGE_LOOP ( 'NONE', ( #1227, #4327, #2167, #2309 ) ) ;
#404 = CARTESIAN_POINT ( 'NONE',  ( 4.574299617395673145, 17.85919931313785725, 3.018857189951015041 ) ) ;
#405 = FACE_BOUND ( 'NONE', #124, .T. ) ;
#406 = CARTESIAN_POINT ( 'NONE',  ( 7.412201985409108573, 17.85919931313785725, -4.786311412648980301 ) ) ;
#407 = ORIENTED_EDGE ( 'NONE', *, *, #2380, .T. ) ;
#408 = DIRECTION ( 'NONE',  ( 0.000000000000000000, 0.000000000000000000, -1.000000000000000000 ) ) ;
#409 = DIRECTION ( 'NONE',  ( 0.000000000000000000, 0.000000000000000000, -1.000000000000000000 ) ) ;
#410 = CARTESIAN_POINT ( 'NONE',  ( 7.176418544809854083, 20.86019931313785847, -9.022395237260889544 ) ) ;
#411 = ORIENTED_EDGE ( 'NONE', *, *, #3179, .T. ) ;
#412 = VERTEX_POINT ( 'NONE', #206 ) ;
#413 = DIRECTION ( 'NONE',  ( 0.000000000000000000, 0.000000000000000000, -1.000000000000000000 ) ) ;
#414 = DIRECTION ( 'NONE',  ( 0.000000000000000000, 0.000000000000000000, -1.000000000000000000 ) ) ;
#415 = DIRECTION ( 'NONE',  ( 0.000000000000000000, 0.000000000000000000, -1.000000000000000000 ) ) ;
#416 = ORIENTED_EDGE ( 'NONE', *, *, #3563, .F. ) ;
#417 = AXIS2_PLACEMENT_3D ( 'NONE', #1107, #1864, #3191 ) ;
#418 = DIRECTION ( 'NONE',  ( 0.000000000000000000, 0.000000000000000000, -1.000000000000000000 ) ) ;
#419 = FACE_BOUND ( 'NONE', #2804, .T. ) ;
#420 = ADVANCED_FACE ( 'NONE', ( #1190 ), #861, .F. ) ;
#421 = EDGE_CURVE ( 'NONE', #3629, #985, #487, .T. ) ;
#422 = CARTESIAN_POINT ( 'NONE',  ( 7.176418544809854083, 17.85919931313785725, -8.022395237260900203 ) ) ;
#423 = VERTEX_POINT ( 'NONE', #2530 ) ;
#424 = CARTESIAN_POINT ( 'NONE',  ( 3.333583850864015652, 17.85919931313785725, -3.726556169236693083 ) ) ;
#425 = EDGE_LOOP ( 'NONE', ( #2741, #4054 ) ) ;
#426 = DIRECTION ( 'NONE',  ( 0.000000000000000000, 0.000000000000000000, -1.000000000000000000 ) ) ;
#427 = FACE_BOUND ( 'NONE', #1445, .T. ) ;
#428 = EDGE_CURVE ( 'NONE', #2835, #1250, #1603, .T. ) ;
#429 = EDGE_CURVE ( 'NONE', #1377, #401, #3626, .T. ) ;
#430 = ORIENTED_EDGE ( 'NONE', *, *, #3136, .F. ) ;
#431 = DIRECTION ( 'NONE',  ( 0.000000000000000000, -1.000000000000000000, 0.000000000000000000 ) ) ;
#432 = DIRECTION ( 'NONE',  ( 0.000000000000000000, 0.000000000000000000, -1.000000000000000000 ) ) ;
#433 = VERTEX_POINT ( 'NONE', #1071 ) ;
#434 = EDGE_LOOP ( 'NONE', ( #3054, #2093 ) ) ;
#435 = DIRECTION ( 'NONE',  ( 0.000000000000000000, 0.000000000000000000, -1.000000000000000000 ) ) ;
#436 = AXIS2_PLACEMENT_3D ( 'NONE', #2967, #2647, #649 ) ;
#437 = ORIENTED_EDGE ( 'NONE', *, *, #2038, .T. ) ;
#438 = DIRECTION ( 'NONE',  ( -0.000000000000000000, 1.000000000000000000, -0.000000000000000000 ) ) ;
#439 = ORIENTED_EDGE ( 'NONE', *, *, #2861, .T. ) ;
#440 = CARTESIAN_POINT ( 'NONE',  ( -0.000000000000000000, 17.85919931313785725, 0.000000000000000000 ) ) ;
#441 = CIRCLE ( 'NONE', #2747, 0.9999999999999887867 ) ;
#442 = AXIS2_PLACEMENT_3D ( 'NONE', #1539, #1199, #2537 ) ;
#443 = CYLINDRICAL_SURFACE ( 'NONE', #2580, 1.599999999999995426 ) ;
#444 = EDGE_LOOP ( 'NONE', ( #1052, #244 ) ) ;
#445 = DIRECTION ( 'NONE',  ( 0.1013022274283774671, 0.000000000000000000, -0.9948556974345823534 ) ) ;
#446 = ORIENTED_EDGE ( 'NONE', *, *, #1069, .T. ) ;
#447 = CIRCLE ( 'NONE', #1425, 75.00000000000001421 ) ;
#448 = CARTESIAN_POINT ( 'NONE',  ( 11.06333803055154696, 20.85919931313785725, -25.06716082091806186 ) ) ;
#449 = DIRECTION ( 'NONE',  ( 0.000000000000000000, 0.000000000000000000, -1.000000000000000000 ) ) ;
#450 = AXIS2_PLACEMENT_3D ( 'NONE', #1298, #1978, #4259 ) ;
#451 = EDGE_CURVE ( 'NONE', #2102, #1193, #2299, .T. ) ;
#452 = EDGE_CURVE ( 'NONE', #3339, #2162, #3557, .T. ) ;
#453 = EDGE_LOOP ( 'NONE', ( #2017, #3706, #3035, #2719 ) ) ;
#454 = AXIS2_PLACEMENT_3D ( 'NONE', #3894, #168, #824 ) ;
#455 = CARTESIAN_POINT ( 'NONE',  ( -4.074965755494868169, 17.85919931313785725, 10.40454006122454267 ) ) ;
#456 = CARTESIAN_POINT ( 'NONE',  ( 1.975200558668177564E-07, 30.85919931313786080, -1.148939346440336351E-07 ) ) ;
#457 = LINE ( 'NONE', #127, #1220 ) ;
#458 = ORIENTED_EDGE ( 'NONE', *, *, #1347, .F. ) ;
#459 = ADVANCED_FACE ( 'NONE', ( #3835 ), #1804, .F. ) ;
#460 = ORIENTED_EDGE ( 'NONE', *, *, #3424, .T. ) ;
#461 = LINE ( 'NONE', #2887, #1498 ) ;
#462 = CARTESIAN_POINT ( 'NONE',  ( 1.894168429112635943, 30.85919931313786080, 11.01235342579480481 ) ) ;
#463 = EDGE_LOOP ( 'NONE', ( #2368, #2506, #4131, #1572 ) ) ;
#464 = CARTESIAN_POINT ( 'NONE',  ( -8.005313096291134300, 20.86019931313785847, -8.795817125485204002 ) ) ;
#465 = FACE_BOUND ( 'NONE', #3326, .T. ) ;
#466 = DIRECTION ( 'NONE',  ( 0.000000000000000000, 0.000000000000000000, -1.000000000000000000 ) ) ;
#467 = EDGE_LOOP ( 'NONE', ( #3875, #1480 ) ) ;
#468 = EDGE_LOOP ( 'NONE', ( #2975, #1888, #4154, #1083 ) ) ;
#469 = CARTESIAN_POINT ( 'NONE',  ( 0.000000000000000000, 12.85919931313785725, 0.000000000000000000 ) ) ;
#470 = LINE ( 'NONE', #845, #1650 ) ;
#471 = ORIENTED_EDGE ( 'NONE', *, *, #3269, .F. ) ;
#472 = CYLINDRICAL_SURFACE ( 'NONE', #417, 0.9999999999999887867 ) ;
#473 = CIRCLE ( 'NONE', #1808, 0.9999999999999961142 ) ;
#474 = DIRECTION ( 'NONE',  ( 0.000000000000000000, -1.000000000000000000, 0.000000000000000000 ) ) ;
#475 = CARTESIAN_POINT ( 'NONE',  ( 32.82915934247332501, 17.85919931313785725, 3.292885719301653857 ) ) ;
#476 = EDGE_CURVE ( 'NONE', #3759, #4234, #550, .T. ) ;
#477 = EDGE_CURVE ( 'NONE', #1065, #815, #2589, .T. ) ;
#478 = EDGE_LOOP ( 'NONE', ( #1133, #3239, #1878, #1813 ) ) ;
#479 = ORIENTED_EDGE ( 'NONE', *, *, #3690, .F. ) ;
#480 = DIRECTION ( 'NONE',  ( -0.000000000000000000, 1.000000000000000000, 0.000000000000000000 ) ) ;
#481 = DIRECTION ( 'NONE',  ( 0.000000000000000000, -1.000000000000000000, 0.000000000000000000 ) ) ;
#482 = VERTEX_POINT ( 'NONE', #2482 ) ;
#483 = CARTESIAN_POINT ( 'NONE',  ( 11.06333803055154696, 25.85919931313775066, -25.06716082091806186 ) ) ;
#484 = DIRECTION ( 'NONE',  ( 0.000000000000000000, 1.000000000000000000, 0.000000000000000000 ) ) ;
#485 = EDGE_CURVE ( 'NONE', #2801, #1740, #694, .T. ) ;
#486 = CIRCLE ( 'NONE', #3767, 1.599999865688438883 ) ;
#487 = LINE ( 'NONE', #1830, #2507 ) ;
#488 = ORIENTED_EDGE ( 'NONE', *, *, #3667, .T. ) ;
#489 = AXIS2_PLACEMENT_3D ( 'NONE', #4059, #1350, #2740 ) ;
#490 = ORIENTED_EDGE ( 'NONE', *, *, #1642, .F. ) ;
#491 = LINE ( 'NONE', #1103, #1494 ) ;
#492 = CARTESIAN_POINT ( 'NONE',  ( -5.412115731844795441, 30.85919931313786080, -10.30423597614598030 ) ) ;
#493 = DIRECTION ( 'NONE',  ( 0.000000000000000000, 0.000000000000000000, -1.000000000000000000 ) ) ;
#494 = ORIENTED_EDGE ( 'NONE', *, *, #3849, .T. ) ;
#495 = PLANE ( 'NONE',  #839 ) ;
#496 = FACE_OUTER_BOUND ( 'NONE', #4253, .T. ) ;
#497 = ORIENTED_EDGE ( 'NONE', *, *, #1597, .T. ) ;
#498 = VERTEX_POINT ( 'NONE', #464 ) ;
#499 = FACE_OUTER_BOUND ( 'NONE', #3398, .T. ) ;
#500 = DIRECTION ( 'NONE',  ( 0.8636404253133879161, 0.000000000000000000, -0.5041083373289024783 ) ) ;
#501 = VERTEX_POINT ( 'NONE', #2155 ) ;
#502 = CARTESIAN_POINT ( 'NONE',  ( 0.000000000000000000, 12.85919931313785725, 0.000000000000000000 ) ) ;
#503 = AXIS2_PLACEMENT_3D ( 'NONE', #2914, #1589, #2284 ) ;
#504 = EDGE_CURVE ( 'NONE', #1240, #1918, #3905, .T. ) ;
#505 = ADVANCED_FACE ( 'NONE', ( #768 ), #816, .F. ) ;
#506 = CARTESIAN_POINT ( 'NONE',  ( -2.818918367398545843, 30.85919931313786080, -10.81265482680686318 ) ) ;
#507 = FACE_OUTER_BOUND ( 'NONE', #4133, .T. ) ;
#508 = DIRECTION ( 'NONE',  ( 0.000000000000000000, 1.000000000000000000, 0.000000000000000000 ) ) ;
#509 = ORIENTED_EDGE ( 'NONE', *, *, #1797, .T. ) ;
#510 = EDGE_CURVE ( 'NONE', #2607, #2361, #3151, .T. ) ;
#511 = EDGE_LOOP ( 'NONE', ( #2387, #4233 ) ) ;
#512 = DIRECTION ( 'NONE',  ( 0.000000000000000000, -1.000000000000000000, 0.000000000000000000 ) ) ;
#513 = DIRECTION ( 'NONE',  ( 0.000000000000000000, 0.000000000000000000, -1.000000000000000000 ) ) ;
#514 = VECTOR ( 'NONE', #2503, 1000.000000000000000 ) ;
#515 = AXIS2_PLACEMENT_3D ( 'NONE', #650, #2298, #1602 ) ;
#516 = CIRCLE ( 'NONE', #2060, 1.000000000000002665 ) ;
#517 = CARTESIAN_POINT ( 'NONE',  ( -11.59499655816481578, 20.86019931313785847, -6.717427116932231712 ) ) ;
#518 = EDGE_LOOP ( 'NONE', ( #272, #2906, #2666, #1844 ) ) ;
#519 = DIRECTION ( 'NONE',  ( 0.000000000000000000, 0.000000000000000000, -1.000000000000000000 ) ) ;
#520 = CARTESIAN_POINT ( 'NONE',  ( -20.88567302550920601, 12.85919931313785725, 23.41866173428412523 ) ) ;
#521 = AXIS2_PLACEMENT_3D ( 'NONE', #1869, #3149, #1207 ) ;
#522 = VECTOR ( 'NONE', #1805, 1000.000000000000000 ) ;
#523 = ORIENTED_EDGE ( 'NONE', *, *, #1751, .F. ) ;
#524 = ORIENTED_EDGE ( 'NONE', *, *, #4150, .T. ) ;
#525 = VECTOR ( 'NONE', #481, 1000.000000000000000 ) ;
#526 = CARTESIAN_POINT ( 'NONE',  ( -3.771059073209737100, 30.85919931313786080, 8.419972968920804490 ) ) ;
#527 = DIRECTION ( 'NONE',  ( -0.000000000000000000, 1.000000000000000000, -0.000000000000000000 ) ) ;
#528 = ORIENTED_EDGE ( 'NONE', *, *, #1622, .T. ) ;
#529 = DIRECTION ( 'NONE',  ( -0.000000000000000000, 1.000000000000000000, -0.000000000000000000 ) ) ;
#530 = CARTESIAN_POINT ( 'NONE',  ( 3.932153868173915434, 12.85919931313785725, 18.07665136921348648 ) ) ;
#531 = DIRECTION ( 'NONE',  ( 0.7463150875864126288, 0.000000000000000000, 0.6655928109894857503 ) ) ;
#532 = ADVANCED_FACE ( 'NONE', ( #2105 ), #748, .F. ) ;
#533 = EDGE_CURVE ( 'NONE', #2849, #4302, #2508, .T. ) ;
#534 = CIRCLE ( 'NONE', #2977, 1.000000000000002442 ) ;
#535 = VECTOR ( 'NONE', #257, 1000.000000000000000 ) ;
#536 = AXIS2_PLACEMENT_3D ( 'NONE', #3056, #3978, #65 ) ;
#537 = DIRECTION ( 'NONE',  ( -0.000000000000000000, 1.000000000000000000, -0.000000000000000000 ) ) ;
#538 = EDGE_LOOP ( 'NONE', ( #2453, #931 ) ) ;
#539 = VERTEX_POINT ( 'NONE', #1759 ) ;
#540 = LINE ( 'NONE', #2922, #43 ) ;
#541 = DIRECTION ( 'NONE',  ( -0.000000000000000000, 1.000000000000000000, -0.000000000000000000 ) ) ;
#542 = ADVANCED_FACE ( 'NONE', ( #3419 ), #836, .F. ) ;
#543 = ORIENTED_EDGE ( 'NONE', *, *, #1447, .T. ) ;
#544 = CYLINDRICAL_SURFACE ( 'NONE', #1689, 0.9999999999999887867 ) ;
#545 = CARTESIAN_POINT ( 'NONE',  ( -3.932153868173919875, 17.85919931313785725, -18.07665136921348648 ) ) ;
#546 = ORIENTED_EDGE ( 'NONE', *, *, #2375, .F. ) ;
#547 = ORIENTED_EDGE ( 'NONE', *, *, #110, .T. ) ;
#548 = CARTESIAN_POINT ( 'NONE',  ( -7.444009781806340875, 17.85919931313785725, 16.93558021254230184 ) ) ;
#549 = CARTESIAN_POINT ( 'NONE',  ( -3.771059073209737100, 30.85919931313786080, 6.419972968920799161 ) ) ;
#550 = CIRCLE ( 'NONE', #2240, 0.9999999999999887867 ) ;
#551 = ORIENTED_EDGE ( 'NONE', *, *, #2754, .T. ) ;
#552 = DIRECTION ( 'NONE',  ( 0.000000000000000000, 0.000000000000000000, -1.000000000000000000 ) ) ;
#553 = DIRECTION ( 'NONE',  ( 0.000000000000000000, -1.000000000000000000, 0.000000000000000000 ) ) ;
#554 = ORIENTED_EDGE ( 'NONE', *, *, #4242, .F. ) ;
#555 = EDGE_LOOP ( 'NONE', ( #640, #1536, #2948, #1531 ) ) ;
#556 = CARTESIAN_POINT ( 'NONE',  ( 0.000000000000000000, 12.85919931313785725, 0.000000000000000000 ) ) ;
#557 = ORIENTED_EDGE ( 'NONE', *, *, #3178, .F. ) ;
#558 = LINE ( 'NONE', #4249, #3682 ) ;
#559 = EDGE_CURVE ( 'NONE', #4071, #3024, #225, .T. ) ;
#560 = AXIS2_PLACEMENT_3D ( 'NONE', #2281, #2992, #965 ) ;
#561 = CARTESIAN_POINT ( 'NONE',  ( 9.412352177415431953, 30.85919931313786080, -5.022245045254584817 ) ) ;
#562 = CIRCLE ( 'NONE', #1046, 0.9999999999999887867 ) ;
#563 = ORIENTED_EDGE ( 'NONE', *, *, #329, .F. ) ;
#564 = AXIS2_PLACEMENT_3D ( 'NONE', #1884, #3519, #519 ) ;
#565 = EDGE_CURVE ( 'NONE', #2379, #2913, #1489, .T. ) ;
#566 = DIRECTION ( 'NONE',  ( 0.000000000000000000, -1.000000000000000000, 0.000000000000000000 ) ) ;
#567 = EDGE_CURVE ( 'NONE', #2269, #1390, #1426, .T. ) ;
#568 = DIRECTION ( 'NONE',  ( -0.8636404253133876940, 0.000000000000000000, 0.5041083373289025893 ) ) ;
#569 = ORIENTED_EDGE ( 'NONE', *, *, #3136, .T. ) ;
#570 = ORIENTED_EDGE ( 'NONE', *, *, #4313, .F. ) ;
#571 = DIRECTION ( 'NONE',  ( -0.000000000000000000, 1.000000000000000000, 0.000000000000000000 ) ) ;
#572 = EDGE_CURVE ( 'NONE', #2233, #601, #4293, .T. ) ;
#573 = CARTESIAN_POINT ( 'NONE',  ( 8.314121313980017192, 30.85919931313786080, -0.6097711452783421970 ) ) ;
#574 = ORIENTED_EDGE ( 'NONE', *, *, #2307, .F. ) ;
#575 = DIRECTION ( 'NONE',  ( 0.000000000000000000, -1.000000000000000000, 0.000000000000000000 ) ) ;
#576 = FACE_OUTER_BOUND ( 'NONE', #3046, .T. ) ;
#577 = AXIS2_PLACEMENT_3D ( 'NONE', #204, #881, #4199 ) ;
#578 = FACE_OUTER_BOUND ( 'NONE', #2540, .T. ) ;
#579 = ORIENTED_EDGE ( 'NONE', *, *, #1447, .F. ) ;
#580 = CARTESIAN_POINT ( 'NONE',  ( -15.97681470772326406, 12.85919931313785725, 9.325693033880130045 ) ) ;
#581 = EDGE_LOOP ( 'NONE', ( #2856, #1972 ) ) ;
#582 = DIRECTION ( 'NONE',  ( 0.000000000000000000, 1.000000000000000000, 0.000000000000000000 ) ) ;
#583 = CARTESIAN_POINT ( 'NONE',  ( -3.771059073209737100, 20.86019931313785847, 7.419972968920801826 ) ) ;
#584 = CIRCLE ( 'NONE', #3019, 0.9999999999999887867 ) ;
#585 = FACE_OUTER_BOUND ( 'NONE', #2315, .T. ) ;
#586 = CIRCLE ( 'NONE', #2394, 1.864999999999994440 ) ;
#587 = ORIENTED_EDGE ( 'NONE', *, *, #889, .F. ) ;
#588 = CARTESIAN_POINT ( 'NONE',  ( 4.940484912204182066, 20.86019931313785847, -11.02254542926732661 ) ) ;
#589 = FACE_BOUND ( 'NONE', #2365, .T. ) ;
#590 = CIRCLE ( 'NONE', #1575, 0.9999999999999890088 ) ;
#591 = EDGE_CURVE ( 'NONE', #3362, #3501, #1563, .T. ) ;
#592 = EDGE_CURVE ( 'NONE', #3427, #1569, #2853, .T. ) ;
#593 = ORIENTED_EDGE ( 'NONE', *, *, #2429, .T. ) ;
#594 = LINE ( 'NONE', #4213, #2475 ) ;
#595 = ORIENTED_EDGE ( 'NONE', *, *, #80, .T. ) ;
#596 = CARTESIAN_POINT ( 'NONE',  ( -2.818918367398545843, 30.85919931313786080, -11.81265482680685253 ) ) ;
#597 = LINE ( 'NONE', #3305, #3463 ) ;
#598 = CIRCLE ( 'NONE', #3172, 17.50000000000000000 ) ;
#599 = CIRCLE ( 'NONE', #2688, 1.599999999999981659 ) ;
#600 = EDGE_CURVE ( 'NONE', #482, #252, #2466, .T. ) ;
#601 = VERTEX_POINT ( 'NONE', #3552 ) ;
#602 = AXIS2_PLACEMENT_3D ( 'NONE', #3950, #2931, #945 ) ;
#603 = DIRECTION ( 'NONE',  ( 0.000000000000000000, 1.000000000000000000, 0.000000000000000000 ) ) ;
#604 = VECTOR ( 'NONE', #2267, 1000.000000000000000 ) ;
#605 =( NAMED_UNIT ( * ) PLANE_ANGLE_UNIT ( ) SI_UNIT ( $, .RADIAN. ) );
#606 = DIRECTION ( 'NONE',  ( 0.000000000000000000, 0.000000000000000000, -1.000000000000000000 ) ) ;
#607 = ORIENTED_EDGE ( 'NONE', *, *, #75, .F. ) ;
#608 = ORIENTED_EDGE ( 'NONE', *, *, #567, .F. ) ;
#609 = CARTESIAN_POINT ( 'NONE',  ( -7.444009781806341763, 12.85919931313785725, 16.93558021254230184 ) ) ;
#610 = CARTESIAN_POINT ( 'NONE',  ( 4.940484912204182066, 20.86019931313785847, -9.022545429267349704 ) ) ;
#611 = CYLINDRICAL_SURFACE ( 'NONE', #2621, 1.000000000000002442 ) ;
#612 = CIRCLE ( 'NONE', #2419, 0.9999999999999961142 ) ;
#613 = AXIS2_PLACEMENT_3D ( 'NONE', #275, #254, #2205 ) ;
#614 = DIRECTION ( 'NONE',  ( 0.000000000000000000, 0.000000000000000000, -1.000000000000000000 ) ) ;
#615 = ORIENTED_EDGE ( 'NONE', *, *, #3298, .F. ) ;
#616 = DIRECTION ( 'NONE',  ( 0.000000000000000000, 0.000000000000000000, -1.000000000000000000 ) ) ;
#617 = FACE_BOUND ( 'NONE', #3829, .T. ) ;
#618 = ORIENTED_EDGE ( 'NONE', *, *, #2401, .T. ) ;
#619 = DIRECTION ( 'NONE',  ( 0.000000000000000000, -1.000000000000000000, 0.000000000000000000 ) ) ;
#620 = PLANE ( 'NONE',  #2554 ) ;
#621 = EDGE_CURVE ( 'NONE', #3106, #2191, #3244, .T. ) ;
#622 = ORIENTED_EDGE ( 'NONE', *, *, #57, .T. ) ;
#623 = CARTESIAN_POINT ( 'NONE',  ( 0.000000000000000000, 17.85919931313785725, 0.000000000000000000 ) ) ;
#624 = ADVANCED_FACE ( 'NONE', ( #1845 ), #3222, .F. ) ;
#625 = LINE ( 'NONE', #2897, #604 ) ;
#626 = DIRECTION ( 'NONE',  ( 0.000000000000000000, 0.000000000000000000, -1.000000000000000000 ) ) ;
#627 = ORIENTED_EDGE ( 'NONE', *, *, #1936, .T. ) ;
#628 = DIRECTION ( 'NONE',  ( 0.000000000000000000, 1.000000000000000000, 0.000000000000000000 ) ) ;
#629 = DIRECTION ( 'NONE',  ( 0.000000000000000000, 0.000000000000000000, -1.000000000000000000 ) ) ;
#630 = DIRECTION ( 'NONE',  ( -0.000000000000000000, 1.000000000000000000, -0.000000000000000000 ) ) ;
#631 = CARTESIAN_POINT ( 'NONE',  ( -1.090398663191115780, 30.85919931313786080, 11.70844674350965597 ) ) ;
#632 = ORIENTED_EDGE ( 'NONE', *, *, #2947, .F. ) ;
#633 = CARTESIAN_POINT ( 'NONE',  ( -13.80636838950611356, 12.85919931313785725, -12.31305610562744057 ) ) ;
#634 = DIRECTION ( 'NONE',  ( 0.000000000000000000, -1.000000000000000000, 0.000000000000000000 ) ) ;
#635 = CIRCLE ( 'NONE', #2523, 0.9999999999999887867 ) ;
#636 = VECTOR ( 'NONE', #2845, 1000.000000000000000 ) ;
#637 = EDGE_LOOP ( 'NONE', ( #2670, #1625, #3461, #3999 ) ) ;
#638 = DIRECTION ( 'NONE',  ( -0.000000000000000000, 1.000000000000000000, -0.000000000000000000 ) ) ;
#639 = DIRECTION ( 'NONE',  ( 0.000000000000000000, 0.000000000000000000, -1.000000000000000000 ) ) ;
#640 = ORIENTED_EDGE ( 'NONE', *, *, #3944, .T. ) ;
#641 = CARTESIAN_POINT ( 'NONE',  ( 0.000000000000000000, 12.85919931313785725, 0.000000000000000000 ) ) ;
#642 = EDGE_CURVE ( 'NONE', #1406, #601, #1915, .T. ) ;
#643 = ORIENTED_EDGE ( 'NONE', *, *, #1036, .T. ) ;
#644 = EDGE_CURVE ( 'NONE', #374, #972, #2045, .T. ) ;
#645 = CARTESIAN_POINT ( 'NONE',  ( -11.15453926701302123, 17.85919931313785725, -0.6603433051121654351 ) ) ;
#646 = CARTESIAN_POINT ( 'NONE',  ( -3.771059073209737100, 17.85919931313785725, 6.419972968920799161 ) ) ;
#647 = FACE_OUTER_BOUND ( 'NONE', #2783, .T. ) ;
#648 = ORIENTED_EDGE ( 'NONE', *, *, #2348, .T. ) ;
#649 = DIRECTION ( 'NONE',  ( -0.1013022274283768842, 0.000000000000000000, 0.9948556974345823534 ) ) ;
#650 = CARTESIAN_POINT ( 'NONE',  ( 8.636072200091403417, 17.85919931313785725, 7.090702541479282139 ) ) ;
#651 = AXIS2_PLACEMENT_3D ( 'NONE', #1017, #3384, #2335 ) ;
#652 = ORIENTED_EDGE ( 'NONE', *, *, #1796, .F. ) ;
#653 = DIRECTION ( 'NONE',  ( -0.000000000000000000, 1.000000000000000000, -0.000000000000000000 ) ) ;
#654 = CARTESIAN_POINT ( 'NONE',  ( 2.940334720197848473, 20.86019931313785847, -7.786611796661651930 ) ) ;
#655 = VECTOR ( 'NONE', #3458, 1000.000000000000000 ) ;
#656 = CIRCLE ( 'NONE', #3245, 0.9999999999999887867 ) ;
#657 = ORIENTED_EDGE ( 'NONE', *, *, #242, .F. ) ;
#658 = CARTESIAN_POINT ( 'NONE',  ( 0.000000000000000000, 17.85919931313785725, 0.000000000000000000 ) ) ;
#659 = AXIS2_PLACEMENT_3D ( 'NONE', #1245, #3647, #3230 ) ;
#660 =( GEOMETRIC_REPRESENTATION_CONTEXT ( 3 ) GLOBAL_UNCERTAINTY_ASSIGNED_CONTEXT ( ( #40 ) ) GLOBAL_UNIT_ASSIGNED_CONTEXT ( ( #4220, #605, #1212 ) ) REPRESENTATION_CONTEXT ( 'NONE', 'WORKASPACE' ) );
#661 = VECTOR ( 'NONE', #3994, 1000.000000000000000 ) ;
#662 = PRODUCT_DEFINITION_FORMATION_WITH_SPECIFIED_SOURCE ( 'å¯', '', #3545, .NOT_KNOWN. ) ;
#663 = VERTEX_POINT ( 'NONE', #949 ) ;
#664 = VECTOR ( 'NONE', #531, 1000.000000000000000 ) ;
#665 = PLANE ( 'NONE',  #1075 ) ;
#666 = DIRECTION ( 'NONE',  ( -0.000000000000000000, 1.000000000000000000, -0.000000000000000000 ) ) ;
#667 = EDGE_CURVE ( 'NONE', #1301, #4026, #2673, .T. ) ;
#668 = CARTESIAN_POINT ( 'NONE',  ( 1.975200558668177564E-07, 17.85919931313785725, -1.148939346440336351E-07 ) ) ;
#669 = ORIENTED_EDGE ( 'NONE', *, *, #2631, .F. ) ;
#670 = DIRECTION ( 'NONE',  ( 0.000000000000000000, 0.000000000000000000, -1.000000000000000000 ) ) ;
#671 = EDGE_LOOP ( 'NONE', ( #3511, #3820, #1369, #2149 ) ) ;
#672 = DIRECTION ( 'NONE',  ( 0.000000000000000000, -0.000000000000000000, -1.000000000000000000 ) ) ;
#673 = FACE_OUTER_BOUND ( 'NONE', #3441, .T. ) ;
#674 = EDGE_CURVE ( 'NONE', #904, #2364, #4148, .T. ) ;
#675 = CIRCLE ( 'NONE', #3334, 1.000000000000001554 ) ;
#676 = ORIENTED_EDGE ( 'NONE', *, *, #3910, .T. ) ;
#677 = LINE ( 'NONE', #2054, #912 ) ;
#678 = DIRECTION ( 'NONE',  ( 0.000000000000000000, -1.000000000000000000, 0.000000000000000000 ) ) ;
#679 = ADVANCED_FACE ( 'NONE', ( #3600 ), #246, .F. ) ;
#680 = ORIENTED_EDGE ( 'NONE', *, *, #3745, .F. ) ;
#681 = DIRECTION ( 'NONE',  ( -0.000000000000000000, 1.000000000000000000, -0.000000000000000000 ) ) ;
#682 = EDGE_LOOP ( 'NONE', ( #1731, #4067, #3102, #3285 ) ) ;
#683 = VECTOR ( 'NONE', #2132, 1000.000000000000000 ) ;
#684 = EDGE_LOOP ( 'NONE', ( #3976, #551 ) ) ;
#685 = FACE_OUTER_BOUND ( 'NONE', #3935, .T. ) ;
#686 = DIRECTION ( 'NONE',  ( 0.000000000000000000, 0.000000000000000000, -1.000000000000000000 ) ) ;
#687 = EDGE_LOOP ( 'NONE', ( #3282, #2767 ) ) ;
#688 = ORIENTED_EDGE ( 'NONE', *, *, #2144, .F. ) ;
#689 = DIRECTION ( 'NONE',  ( 0.000000000000000000, 1.000000000000000000, 0.000000000000000000 ) ) ;
#690 = CARTESIAN_POINT ( 'NONE',  ( -8.450013146662174179, 30.85919931313786080, 7.846125194918322165 ) ) ;
#691 = EDGE_CURVE ( 'NONE', #95, #3406, #2263, .T. ) ;
#692 = ORIENTED_EDGE ( 'NONE', *, *, #1744, .T. ) ;
#693 = DIRECTION ( 'NONE',  ( 0.000000000000000000, 0.000000000000000000, -1.000000000000000000 ) ) ;
#694 = CIRCLE ( 'NONE', #2445, 0.9999999999999961142 ) ;
#695 = CARTESIAN_POINT ( 'NONE',  ( -10.52128974517189874, 20.86019931313785847, 2.272061005873640571 ) ) ;
#696 = CIRCLE ( 'NONE', #1398, 0.9999999999999887867 ) ;
#697 = VERTEX_POINT ( 'NONE', #1939 ) ;
#698 = CARTESIAN_POINT ( 'NONE',  ( -8.222134956027318253, 20.86019931313785847, -1.293592826953300579 ) ) ;
#699 = DIRECTION ( 'NONE',  ( 0.000000000000000000, -1.000000000000000000, 0.000000000000000000 ) ) ;
#700 = EDGE_CURVE ( 'NONE', #2663, #1614, #362, .T. ) ;
#701 = EDGE_LOOP ( 'NONE', ( #2742, #3388 ) ) ;
#702 = EDGE_LOOP ( 'NONE', ( #479, #3834 ) ) ;
#703 = FACE_BOUND ( 'NONE', #337, .T. ) ;
#704 = CARTESIAN_POINT ( 'NONE',  ( -2.818918367398545843, 17.85919931313785725, -9.812654826806875619 ) ) ;
#705 = VERTEX_POINT ( 'NONE', #1233 ) ;
#706 = FACE_OUTER_BOUND ( 'NONE', #1682, .T. ) ;
#707 = ORIENTED_EDGE ( 'NONE', *, *, #2860, .F. ) ;
#708 = FACE_BOUND ( 'NONE', #2698, .T. ) ;
#709 = FACE_BOUND ( 'NONE', #687, .T. ) ;
#710 = FACE_BOUND ( 'NONE', #2209, .T. ) ;
#711 = VECTOR ( 'NONE', #3640, 1000.000000000000000 ) ;
#712 = VERTEX_POINT ( 'NONE', #3268 ) ;
#713 = LINE ( 'NONE', #4027, #3142 ) ;
#714 = LINE ( 'NONE', #762, #2208 ) ;
#715 = EDGE_CURVE ( 'NONE', #1769, #3004, #1056, .T. ) ;
#716 = EDGE_CURVE ( 'NONE', #724, #1406, #929, .T. ) ;
#717 = ORIENTED_EDGE ( 'NONE', *, *, #1290, .T. ) ;
#718 = DIRECTION ( 'NONE',  ( 0.000000000000000000, 0.000000000000000000, -1.000000000000000000 ) ) ;
#719 = ORIENTED_EDGE ( 'NONE', *, *, #1696, .F. ) ;
#720 = AXIS2_PLACEMENT_3D ( 'NONE', #2522, #1889, #2169 ) ;
#721 = EDGE_CURVE ( 'NONE', #1461, #1420, #3866, .T. ) ;
#722 = DIRECTION ( 'NONE',  ( -0.000000000000000000, 1.000000000000000000, -0.000000000000000000 ) ) ;
#723 = CIRCLE ( 'NONE', #4080, 1.500000000000001332 ) ;
#724 = VERTEX_POINT ( 'NONE', #857 ) ;
#725 = DIRECTION ( 'NONE',  ( 0.000000000000000000, -1.000000000000000000, 0.000000000000000000 ) ) ;
#726 = FACE_OUTER_BOUND ( 'NONE', #874, .T. ) ;
#727 = AXIS2_PLACEMENT_3D ( 'NONE', #1535, #3841, #2182 ) ;
#728 = VECTOR ( 'NONE', #4014, 1000.000000000000000 ) ;
#729 = DIRECTION ( 'NONE',  ( 0.000000000000000000, -1.000000000000000000, 0.000000000000000000 ) ) ;
#730 = ORIENTED_EDGE ( 'NONE', *, *, #296, .T. ) ;
#731 = DIRECTION ( 'NONE',  ( 0.000000000000000000, -1.000000000000000000, 0.000000000000000000 ) ) ;
#732 = AXIS2_PLACEMENT_3D ( 'NONE', #1493, #1911, #3854 ) ;
#733 = EDGE_LOOP ( 'NONE', ( #2632, #3116 ) ) ;
#734 = DIRECTION ( 'NONE',  ( 0.000000000000000000, 0.000000000000000000, -1.000000000000000000 ) ) ;
#735 = CARTESIAN_POINT ( 'NONE',  ( -4.887340320789482107, 17.85919931313785725, 1.055415754841304565 ) ) ;
#736 = CARTESIAN_POINT ( 'NONE',  ( 15.81844294146211460, 12.85919931313785725, 27.10021988953252503 ) ) ;
#737 = EDGE_LOOP ( 'NONE', ( #2597, #786, #161, #4061 ) ) ;
#738 = CARTESIAN_POINT ( 'NONE',  ( -4.887340320789482107, 17.85919931313785725, 2.055415754841293463 ) ) ;
#739 = CARTESIAN_POINT ( 'NONE',  ( -6.496894245630262077, 20.86019931313785847, -6.202619761038955737 ) ) ;
#740 = CIRCLE ( 'NONE', #115, 1.000000000000002442 ) ;
#741 = VECTOR ( 'NONE', #1925, 1000.000000000000000 ) ;
#742 = AXIS2_PLACEMENT_3D ( 'NONE', #2228, #2578, #629 ) ;
#743 = ORIENTED_EDGE ( 'NONE', *, *, #572, .F. ) ;
#744 = CARTESIAN_POINT ( 'NONE',  ( -0.5065109396218264726, 20.86019931313785847, 3.974278372278974292 ) ) ;
#745 = ORIENTED_EDGE ( 'NONE', *, *, #1881, .T. ) ;
#746 = EDGE_CURVE ( 'NONE', #2834, #1095, #2610, .T. ) ;
#747 = LINE ( 'NONE', #2085, #1860 ) ;
#748 = CYLINDRICAL_SURFACE ( 'NONE', #16, 1.599999999999981659 ) ;
#749 = VERTEX_POINT ( 'NONE', #2242 ) ;
#750 = EDGE_CURVE ( 'NONE', #1817, #1946, #3952, .T. ) ;
#751 = EDGE_CURVE ( 'NONE', #3406, #345, #4219, .T. ) ;
#752 = DIRECTION ( 'NONE',  ( 0.000000000000000000, 0.000000000000000000, 1.000000000000000000 ) ) ;
#753 = FACE_BOUND ( 'NONE', #2731, .T. ) ;
#754 = DIRECTION ( 'NONE',  ( 0.000000000000000000, 0.000000000000000000, -1.000000000000000000 ) ) ;
#755 = ORIENTED_EDGE ( 'NONE', *, *, #1960, .T. ) ;
#756 = ADVANCED_FACE ( 'NONE', ( #2322 ), #5, .T. ) ;
#757 = ORIENTED_EDGE ( 'NONE', *, *, #3352, .T. ) ;
#758 = FACE_OUTER_BOUND ( 'NONE', #3058, .T. ) ;
#759 = FACE_BOUND ( 'NONE', #785, .T. ) ;
#760 = EDGE_LOOP ( 'NONE', ( #1737, #2066 ) ) ;
#761 = LINE ( 'NONE', #3435, #1969 ) ;
#762 = CARTESIAN_POINT ( 'NONE',  ( 21.61132840508744479, 25.85919931313636866, -47.81866420010673835 ) ) ;
#763 = LINE ( 'NONE', #2451, #655 ) ;
#764 = ORIENTED_EDGE ( 'NONE', *, *, #968, .F. ) ;
#765 = EDGE_LOOP ( 'NONE', ( #1283, #2880 ) ) ;
#766 = LINE ( 'NONE', #1738, #3042 ) ;
#767 = AXIS2_PLACEMENT_3D ( 'NONE', #2350, #2414, #3426 ) ;
#768 = FACE_OUTER_BOUND ( 'NONE', #1202, .T. ) ;
#769 = EDGE_LOOP ( 'NONE', ( #3089, #4030 ) ) ;
#770 = AXIS2_PLACEMENT_3D ( 'NONE', #1580, #897, #2316 ) ;
#771 = DIRECTION ( 'NONE',  ( 0.000000000000000000, 1.000000000000000000, 0.000000000000000000 ) ) ;
#772 = CARTESIAN_POINT ( 'NONE',  ( -18.97725866554199214, 20.05919931313785654, 42.99841454683050301 ) ) ;
#773 = EDGE_CURVE ( 'NONE', #2351, #1345, #1281, .T. ) ;
#774 = DIRECTION ( 'NONE',  ( 0.000000000000000000, 0.000000000000000000, -1.000000000000000000 ) ) ;
#775 = EDGE_LOOP ( 'NONE', ( #4033, #3700 ) ) ;
#776 = CARTESIAN_POINT ( 'NONE',  ( -2.514031220247861409, 17.85919931313785725, -3.321995722304486254 ) ) ;
#777 = VERTEX_POINT ( 'NONE', #3351 ) ;
#778 = LINE ( 'NONE', #2769, #20 ) ;
#779 = DIRECTION ( 'NONE',  ( 0.000000000000000000, -1.000000000000000000, 0.000000000000000000 ) ) ;
#780 = EDGE_CURVE ( 'NONE', #972, #374, #297, .T. ) ;
#781 = ORIENTED_EDGE ( 'NONE', *, *, #421, .F. ) ;
#782 = CARTESIAN_POINT ( 'NONE',  ( 8.314121313980017192, 17.85919931313785725, 0.3902288547216539727 ) ) ;
#783 = CARTESIAN_POINT ( 'NONE',  ( -6.496894245630262077, 17.85919931313785725, -6.202619761038955737 ) ) ;
#784 = AXIS2_PLACEMENT_3D ( 'NONE', #2546, #2892, #4262 ) ;
#785 = EDGE_LOOP ( 'NONE', ( #3115, #2768 ) ) ;
#786 = ORIENTED_EDGE ( 'NONE', *, *, #2637, .T. ) ;
#787 = CARTESIAN_POINT ( 'NONE',  ( 21.91523508737257586, 20.85919931313785725, -50.80323129241048008 ) ) ;
#788 = CARTESIAN_POINT ( 'NONE',  ( 0.000000000000000000, 20.85919931313785725, 75.00000000000001421 ) ) ;
#789 = AXIS2_PLACEMENT_3D ( 'NONE', #1411, #3726, #1749 ) ;
#790 = VERTEX_POINT ( 'NONE', #2345 ) ;
#791 = DIRECTION ( 'NONE',  ( 0.000000000000000000, 0.000000000000000000, -1.000000000000000000 ) ) ;
#792 = CARTESIAN_POINT ( 'NONE',  ( -9.888040223330667899, 20.86019931313785847, 6.204465316859365309 ) ) ;
#793 = AXIS2_PLACEMENT_3D ( 'NONE', #1023, #1379, #2425 ) ;
#794 = DIRECTION ( 'NONE',  ( 0.000000000000000000, 1.000000000000000000, 0.000000000000000000 ) ) ;
#795 = CARTESIAN_POINT ( 'NONE',  ( 10.91138468940898143, 20.85919931313785725, -23.57487727476618744 ) ) ;
#796 = EDGE_LOOP ( 'NONE', ( #764, #1958 ) ) ;
#797 = ORIENTED_EDGE ( 'NONE', *, *, #3036, .T. ) ;
#798 = AXIS2_PLACEMENT_3D ( 'NONE', #399, #355, #49 ) ;
#799 = DIRECTION ( 'NONE',  ( 0.000000000000000000, 0.000000000000000000, -1.000000000000000000 ) ) ;
#800 = AXIS2_PLACEMENT_3D ( 'NONE', #3788, #771, #2509 ) ;
#801 = ADVANCED_FACE ( 'NONE', ( #1359 ), #1342, .F. ) ;
#802 = CARTESIAN_POINT ( 'NONE',  ( -11.15453926701302123, 17.85919931313785725, 0.3396566948878361192 ) ) ;
#803 = AXIS2_PLACEMENT_3D ( 'NONE', #3809, #3877, #2542 ) ;
#804 = VERTEX_POINT ( 'NONE', #22 ) ;
#805 = AXIS2_PLACEMENT_3D ( 'NONE', #2437, #794, #3768 ) ;
#806 = CARTESIAN_POINT ( 'NONE',  ( 15.97681470772326762, 17.85919931313785725, -9.325693033880126492 ) ) ;
#807 = CYLINDRICAL_SURFACE ( 'NONE', #941, 1.599999865689857970 ) ;
#808 = ORIENTED_EDGE ( 'NONE', *, *, #2197, .F. ) ;
#809 = VERTEX_POINT ( 'NONE', #289 ) ;
#810 = CARTESIAN_POINT ( 'NONE',  ( -3.771059073209737100, 17.85919931313785725, 8.419972968920804490 ) ) ;
#811 = EDGE_CURVE ( 'NONE', #3146, #2755, #84, .T. ) ;
#812 = CYLINDRICAL_SURFACE ( 'NONE', #732, 1.499999999999997335 ) ;
#813 = AXIS2_PLACEMENT_3D ( 'NONE', #1706, #4045, #2373 ) ;
#814 = AXIS2_PLACEMENT_3D ( 'NONE', #2656, #2023, #2306 ) ;
#815 = VERTEX_POINT ( 'NONE', #3331 ) ;
#816 = CYLINDRICAL_SURFACE ( 'NONE', #4260, 1.500000000000000666 ) ;
#817 = DIRECTION ( 'NONE',  ( -0.9950072273473464790, 0.000000000000000000, -0.09980289337762739132 ) ) ;
#818 = CARTESIAN_POINT ( 'NONE',  ( 1.588082646615511284E-15, 12.85919931313785725, 6.980394298488655933E-16 ) ) ;
#819 = CYLINDRICAL_SURFACE ( 'NONE', #3908, 0.9999999999999887867 ) ;
#820 = ORIENTED_EDGE ( 'NONE', *, *, #3346, .T. ) ;
#821 = EDGE_LOOP ( 'NONE', ( #3256, #2577, #820, #3382 ) ) ;
#822 = DIRECTION ( 'NONE',  ( 0.000000000000000000, 0.000000000000000000, 1.000000000000000000 ) ) ;
#823 = DIRECTION ( 'NONE',  ( 0.000000000000000000, 0.000000000000000000, -1.000000000000000000 ) ) ;
#824 = DIRECTION ( 'NONE',  ( -0.4023923348681301415, 0.000000000000000000, 0.9154673171879893490 ) ) ;
#825 = ORIENTED_EDGE ( 'NONE', *, *, #559, .T. ) ;
#826 = DIRECTION ( 'NONE',  ( 0.000000000000000000, 0.000000000000000000, -1.000000000000000000 ) ) ;
#827 = CARTESIAN_POINT ( 'NONE',  ( -20.10081521546007721, 12.85919931313785725, -10.47145184251992589 ) ) ;
#828 = ADVANCED_FACE ( 'NONE', ( #970 ), #1677, .F. ) ;
#829 = ADVANCED_FACE ( 'NONE', ( #4303 ), #3989, .F. ) ;
#830 = ORIENTED_EDGE ( 'NONE', *, *, #3860, .T. ) ;
#831 = ORIENTED_EDGE ( 'NONE', *, *, #3918, .T. ) ;
#832 = DIRECTION ( 'NONE',  ( 0.000000000000000000, 0.000000000000000000, -1.000000000000000000 ) ) ;
#833 = CARTESIAN_POINT ( 'NONE',  ( 0.000000000000000000, 12.85919931313785725, -0.000000000000000000 ) ) ;
#834 = EDGE_CURVE ( 'NONE', #1250, #2835, #3541, .T. ) ;
#835 = EDGE_LOOP ( 'NONE', ( #34, #2736, #2690, #133 ) ) ;
#836 = CYLINDRICAL_SURFACE ( 'NONE', #3587, 0.9999999999999887867 ) ;
#837 = DIRECTION ( 'NONE',  ( 0.000000000000000000, -1.000000000000000000, 0.000000000000000000 ) ) ;
#838 = AXIS2_PLACEMENT_3D ( 'NONE', #1378, #3010, #1732 ) ;
#839 = AXIS2_PLACEMENT_3D ( 'NONE', #3163, #196, #2120 ) ;
#840 = CARTESIAN_POINT ( 'NONE',  ( -6.496894245630262077, 17.85919931313785725, -5.202619761038966395 ) ) ;
#841 = EDGE_LOOP ( 'NONE', ( #3758, #2706, #2124, #557 ) ) ;
#842 = VECTOR ( 'NONE', #3045, 1000.000000000000114 ) ;
#843 = EDGE_LOOP ( 'NONE', ( #910, #4248 ) ) ;
#844 = DIRECTION ( 'NONE',  ( 0.2125559506843236468, 0.000000000000000000, 0.9771488974709449105 ) ) ;
#845 = CARTESIAN_POINT ( 'NONE',  ( 4.574299617395673145, 30.85919931313786080, 1.018857189951023035 ) ) ;
#846 = FILL_AREA_STYLE ('',( #3842 ) ) ;
#847 = ORIENTED_EDGE ( 'NONE', *, *, #751, .F. ) ;
#848 = CARTESIAN_POINT ( 'NONE',  ( -6.496894245630262077, 30.85919931313786080, -5.202619761038966395 ) ) ;
#849 = DIRECTION ( 'NONE',  ( 0.000000000000000000, 0.000000000000000000, -1.000000000000000000 ) ) ;
#850 = EDGE_LOOP ( 'NONE', ( #3439, #730, #3227, #2139 ) ) ;
#851 = ORIENTED_EDGE ( 'NONE', *, *, #3178, .T. ) ;
#852 = DIRECTION ( 'NONE',  ( -0.000000000000000000, 1.000000000000000000, -0.000000000000000000 ) ) ;
#853 = LINE ( 'NONE', #833, #3807 ) ;
#854 = EDGE_CURVE ( 'NONE', #3106, #809, #2567, .T. ) ;
#855 = EDGE_CURVE ( 'NONE', #1841, #1697, #2671, .T. ) ;
#856 = ORIENTED_EDGE ( 'NONE', *, *, #4093, .F. ) ;
#857 = CARTESIAN_POINT ( 'NONE',  ( 13.80636838950611356, 12.85919931313785725, 12.31305610562743880 ) ) ;
#858 = AXIS2_PLACEMENT_3D ( 'NONE', #3081, #113, #1739 ) ;
#859 = CIRCLE ( 'NONE', #1770, 0.9999999999999961142 ) ;
#860 = CARTESIAN_POINT ( 'NONE',  ( -10.52128974517189874, 20.86019931313785847, 3.272061005873637018 ) ) ;
#861 = CYLINDRICAL_SURFACE ( 'NONE', #266, 1.599999865689569978 ) ;
#862 = ORIENTED_EDGE ( 'NONE', *, *, #451, .T. ) ;
#863 = ORIENTED_EDGE ( 'NONE', *, *, #2631, .T. ) ;
#864 = LINE ( 'NONE', #1879, #1729 ) ;
#865 = CARTESIAN_POINT ( 'NONE',  ( -1.090398663191116002, 30.85919931313786080, 10.70844674350966663 ) ) ;
#866 = VECTOR ( 'NONE', #153, 1000.000000000000000 ) ;
#867 = AXIS2_PLACEMENT_3D ( 'NONE', #1627, #2235, #1953 ) ;
#868 = AXIS2_PLACEMENT_3D ( 'NONE', #3795, #3206, #3453 ) ;
#869 = CARTESIAN_POINT ( 'NONE',  ( -0.5065109396218263615, 20.86019931313785847, 5.974278372278951643 ) ) ;
#870 = ORIENTED_EDGE ( 'NONE', *, *, #1297, .T. ) ;
#871 = CARTESIAN_POINT ( 'NONE',  ( -51.29262085535018656, 25.85919931313650366, -21.07854112201430752 ) ) ;
#872 = CARTESIAN_POINT ( 'NONE',  ( -10.52128974517189874, 17.85919931313785725, 1.272061005873644568 ) ) ;
#873 = CIRCLE ( 'NONE', #3733, 0.9999999999999961142 ) ;
#874 = EDGE_LOOP ( 'NONE', ( #1883, #2552, #253, #2810 ) ) ;
#875 = CIRCLE ( 'NONE', #2067, 0.9999999999999887867 ) ;
#876 = ORIENTED_EDGE ( 'NONE', *, *, #451, .F. ) ;
#877 = AXIS2_PLACEMENT_3D ( 'NONE', #1710, #2750, #1085 ) ;
#878 = DIRECTION ( 'NONE',  ( 0.000000000000000000, 0.000000000000000000, -1.000000000000000000 ) ) ;
#879 = DIRECTION ( 'NONE',  ( 0.000000000000000000, 0.000000000000000000, -1.000000000000000000 ) ) ;
#880 = ORIENTED_EDGE ( 'NONE', *, *, #2543, .T. ) ;
#882 = EDGE_CURVE ( 'NONE', #433, #3450, #2714, .T. ) ;
#881 = DIRECTION ( 'NONE',  ( 0.000000000000000000, 1.000000000000000000, 0.000000000000000000 ) ) ;
#883 = ADVANCED_FACE ( 'NONE', ( #2041 ), #1323, .F. ) ;
#884 = AXIS2_PLACEMENT_3D ( 'NONE', #3083, #2412, #752 ) ;
#885 = AXIS2_PLACEMENT_3D ( 'NONE', #1381, #4009, #4051 ) ;
#886 = AXIS2_PLACEMENT_3D ( 'NONE', #3865, #1264, #892 ) ;
#887 = CARTESIAN_POINT ( 'NONE',  ( 8.636072200091403417, 30.85919931313786080, 8.090702541479284804 ) ) ;
#888 = ORIENTED_EDGE ( 'NONE', *, *, #4150, .F. ) ;
#889 = EDGE_CURVE ( 'NONE', #4302, #3869, #612, .T. ) ;
#890 = CARTESIAN_POINT ( 'NONE',  ( 2.198075111397766790, 30.85919931313786080, 8.027786333491063075 ) ) ;
#891 = ORIENTED_EDGE ( 'NONE', *, *, #192, .F. ) ;
#892 = DIRECTION ( 'NONE',  ( 0.000000000000000000, 0.000000000000000000, -1.000000000000000000 ) ) ;
#893 = FACE_OUTER_BOUND ( 'NONE', #478, .T. ) ;
#894 = EDGE_CURVE ( 'NONE', #1178, #2801, #4326, .T. ) ;
#895 = DIRECTION ( 'NONE',  ( 0.000000000000000000, -1.000000000000000000, 0.000000000000000000 ) ) ;
#896 = ORIENTED_EDGE ( 'NONE', *, *, #3276, .F. ) ;
#897 = DIRECTION ( 'NONE',  ( 0.000000000000000000, 1.000000000000000000, 0.000000000000000000 ) ) ;
#898 = CARTESIAN_POINT ( 'NONE',  ( -2.514031220247861409, 30.85919931313786080, -3.321995722304486254 ) ) ;
#899 = ORIENTED_EDGE ( 'NONE', *, *, #773, .T. ) ;
#900 = AXIS2_PLACEMENT_3D ( 'NONE', #2809, #2201, #466 ) ;
#901 = ORIENTED_EDGE ( 'NONE', *, *, #1821, .F. ) ;
#902 = CARTESIAN_POINT ( 'NONE',  ( 0.000000000000000000, 20.86019931313785847, 0.000000000000000000 ) ) ;
#903 = DIRECTION ( 'NONE',  ( -0.1013022274283768842, 0.000000000000000000, 0.9948556974345823534 ) ) ;
#904 = VERTEX_POINT ( 'NONE', #2996 ) ;
#905 = DIRECTION ( 'NONE',  ( 0.000000000000000000, 0.000000000000000000, -1.000000000000000000 ) ) ;
#906 = APPLICATION_PROTOCOL_DEFINITION ( 'draft international standard', 'automotive_design', 1998, #2865 ) ;
#907 = DIRECTION ( 'NONE',  ( 0.000000000000000000, 0.000000000000000000, -1.000000000000000000 ) ) ;
#908 = ORIENTED_EDGE ( 'NONE', *, *, #1393, .F. ) ;
#909 = CYLINDRICAL_SURFACE ( 'NONE', #1442, 1.000000000000002665 ) ;
#910 = ORIENTED_EDGE ( 'NONE', *, *, #3395, .F. ) ;
#911 = CYLINDRICAL_SURFACE ( 'NONE', #3119, 0.9999999999999887867 ) ;
#912 = VECTOR ( 'NONE', #3711, 1000.000000000000000 ) ;
#913 = CARTESIAN_POINT ( 'NONE',  ( 0.000000000000000000, 17.85919931313785725, -0.000000000000000000 ) ) ;
#914 = EDGE_CURVE ( 'NONE', #3406, #3636, #390, .T. ) ;
#915 = EDGE_CURVE ( 'NONE', #3202, #1090, #42, .T. ) ;
#916 = CARTESIAN_POINT ( 'NONE',  ( -11.15453926701302123, 20.86019931313785847, 0.3396566948878361192 ) ) ;
#917 = ORIENTED_EDGE ( 'NONE', *, *, #592, .F. ) ;
#918 = AXIS2_PLACEMENT_3D ( 'NONE', #1906, #2605, #4254 ) ;
#919 = DIRECTION ( 'NONE',  ( 0.000000000000000000, -1.000000000000000000, 0.000000000000000000 ) ) ;
#920 = FACE_BOUND ( 'NONE', #1514, .T. ) ;
#921 = EDGE_CURVE ( 'NONE', #2224, #2563, #2842, .T. ) ;
#922 = ORIENTED_EDGE ( 'NONE', *, *, #2407, .F. ) ;
#923 = ORIENTED_EDGE ( 'NONE', *, *, #2428, .F. ) ;
#924 = CYLINDRICAL_SURFACE ( 'NONE', #3641, 1.599999865687928846 ) ;
#925 = LINE ( 'NONE', #1935, #32 ) ;
#926 = ORIENTED_EDGE ( 'NONE', *, *, #3659, .T. ) ;
#927 = CARTESIAN_POINT ( 'NONE',  ( -26.89688058886707722, 25.85919931313776488, -11.87088095248773811 ) ) ;
#928 = CARTESIAN_POINT ( 'NONE',  ( 9.412352177415431953, 17.85919931313785725, -6.022245045254573270 ) ) ;
#929 = CIRCLE ( 'NONE', #3374, 18.49938265908035007 ) ;
#930 = DIRECTION ( 'NONE',  ( -0.000000000000000000, 1.000000000000000000, -0.000000000000000000 ) ) ;
#931 = ORIENTED_EDGE ( 'NONE', *, *, #1208, .T. ) ;
#932 = CARTESIAN_POINT ( 'NONE',  ( -6.955635912344964922, 17.85919931313785725, 5.571215795018202854 ) ) ;
#933 = CARTESIAN_POINT ( 'NONE',  ( -3.771059073209737100, 17.85919931313785725, 7.419972968920801826 ) ) ;
#934 = CIRCLE ( 'NONE', #4227, 0.9999999999999961142 ) ;
#935 = CARTESIAN_POINT ( 'NONE',  ( -1.090398663191116002, 20.86019931313785847, 10.70844674350966663 ) ) ;
#936 = EDGE_CURVE ( 'NONE', #2726, #1951, #2145, .T. ) ;
#937 = CIRCLE ( 'NONE', #4079, 1.599999865689571532 ) ;
#938 = EDGE_LOOP ( 'NONE', ( #358, #2918 ) ) ;
#939 = CARTESIAN_POINT ( 'NONE',  ( 3.333583850864015652, 20.86019931313785847, -3.726556169236693083 ) ) ;
#940 = CARTESIAN_POINT ( 'NONE',  ( -7.013047727110236274, 12.85919931313785725, -32.23994356494995372 ) ) ;
#941 = AXIS2_PLACEMENT_3D ( 'NONE', #3544, #1180, #2211 ) ;
#942 = EDGE_CURVE ( 'NONE', #705, #2661, #4103, .T. ) ;
#943 = ORIENTED_EDGE ( 'NONE', *, *, #642, .F. ) ;
#944 = DIRECTION ( 'NONE',  ( 0.000000000000000000, 0.000000000000000000, -1.000000000000000000 ) ) ;
#945 = DIRECTION ( 'NONE',  ( 0.000000000000000000, 0.000000000000000000, -1.000000000000000000 ) ) ;
#946 = AXIS2_PLACEMENT_3D ( 'NONE', #865, #4205, #1834 ) ;
#947 = ORIENTED_EDGE ( 'NONE', *, *, #2994, .F. ) ;
#948 = AXIS2_PLACEMENT_3D ( 'NONE', #1440, #3099, #1042 ) ;
#949 = CARTESIAN_POINT ( 'NONE',  ( 5.891492548166014309, 20.86019931313785847, 4.879388158572325551 ) ) ;
#950 = ADVANCED_FACE ( 'NONE', ( #585 ), #3320, .F. ) ;
#951 = AXIS2_PLACEMENT_3D ( 'NONE', #2469, #2143, #493 ) ;
#952 = CYLINDRICAL_SURFACE ( 'NONE', #1515, 1.000000000000001554 ) ;
#953 = CARTESIAN_POINT ( 'NONE',  ( -27.04883393000964276, 20.85919931313785725, -10.37859740633586370 ) ) ;
#954 = VERTEX_POINT ( 'NONE', #1313 ) ;
#955 = DIRECTION ( 'NONE',  ( 0.000000000000000000, 0.000000000000000000, -1.000000000000000000 ) ) ;
#956 = CYLINDRICAL_SURFACE ( 'NONE', #2399, 0.9999999999999887867 ) ;
#957 = VECTOR ( 'NONE', #1055, 1000.000000000000000 ) ;
#958 = VECTOR ( 'NONE', #1045, 1000.000000000000000 ) ;
#959 = AXIS2_PLACEMENT_3D ( 'NONE', #3129, #3440, #435 ) ;
#960 = LINE ( 'NONE', #1286, #741 ) ;
#961 = VERTEX_POINT ( 'NONE', #2314 ) ;
#962 = DIRECTION ( 'NONE',  ( 0.000000000000000000, 0.000000000000000000, 1.000000000000000000 ) ) ;
#963 = DIRECTION ( 'NONE',  ( 0.000000000000000000, 0.000000000000000000, -1.000000000000000000 ) ) ;
#964 = EDGE_LOOP ( 'NONE', ( #1427, #1024 ) ) ;
#965 = DIRECTION ( 'NONE',  ( 0.000000000000000000, 0.000000000000000000, 1.000000000000000000 ) ) ;
#966 = DIRECTION ( 'NONE',  ( 0.000000000000000000, 0.000000000000000000, -1.000000000000000000 ) ) ;
#967 = EDGE_CURVE ( 'NONE', #2039, #1261, #960, .T. ) ;
#968 = EDGE_CURVE ( 'NONE', #1102, #2952, #2771, .T. ) ;
#969 = ORIENTED_EDGE ( 'NONE', *, *, #2323, .F. ) ;
#970 = FACE_OUTER_BOUND ( 'NONE', #821, .T. ) ;
#971 = EDGE_CURVE ( 'NONE', #3697, #3109, #2286, .T. ) ;
#972 = VERTEX_POINT ( 'NONE', #4312 ) ;
#973 = DIRECTION ( 'NONE',  ( 0.000000000000000000, -1.000000000000000000, 0.000000000000000000 ) ) ;
#974 = FACE_OUTER_BOUND ( 'NONE', #3590, .T. ) ;
#975 = CARTESIAN_POINT ( 'NONE',  ( 1.588082646615511284E-15, 12.85919931313785725, 6.980394298488655933E-16 ) ) ;
#976 = DIRECTION ( 'NONE',  ( 0.000000000000000000, 0.000000000000000000, -1.000000000000000000 ) ) ;
#977 = ORIENTED_EDGE ( 'NONE', *, *, #3885, .F. ) ;
#978 = DIRECTION ( 'NONE',  ( 0.000000000000000000, -1.000000000000000000, 0.000000000000000000 ) ) ;
#979 = FACE_BOUND ( 'NONE', #4022, .T. ) ;
#980 = CIRCLE ( 'NONE', #1897, 1.000000000000002665 ) ;
#981 = ORIENTED_EDGE ( 'NONE', *, *, #936, .F. ) ;
#982 = CARTESIAN_POINT ( 'NONE',  ( -6.496894245630262077, 20.86019931313785847, -5.202619761038966395 ) ) ;
#983 = CYLINDRICAL_SURFACE ( 'NONE', #1582, 0.9999999999999961142 ) ;
#984 = DIRECTION ( 'NONE',  ( 0.000000000000000000, 0.000000000000000000, -1.000000000000000000 ) ) ;
#985 = VERTEX_POINT ( 'NONE', #2011 ) ;
#986 = CARTESIAN_POINT ( 'NONE',  ( 11.05870096590540896, 30.85919931313786080, 2.601543237628604288 ) ) ;
#987 = EDGE_CURVE ( 'NONE', #3496, #1217, #2075, .T. ) ;
#988 = EDGE_CURVE ( 'NONE', #2574, #2381, #1871, .T. ) ;
#989 = EDGE_LOOP ( 'NONE', ( #1330, #2423, #2939, #1724 ) ) ;
#990 = FACE_OUTER_BOUND ( 'NONE', #1708, .T. ) ;
#991 = CARTESIAN_POINT ( 'NONE',  ( -9.888040223330667899, 17.85919931313785725, 6.204465316859365309 ) ) ;
#992 = DIRECTION ( 'NONE',  ( -0.1013022274283768842, 0.000000000000000000, 0.9948556974345823534 ) ) ;
#993 = ORIENTED_EDGE ( 'NONE', *, *, #1414, .F. ) ;
#994 = ORIENTED_EDGE ( 'NONE', *, *, #3856, .F. ) ;
#995 = FACE_OUTER_BOUND ( 'NONE', #1027, .T. ) ;
#996 = DIRECTION ( 'NONE',  ( 0.000000000000000000, 0.000000000000000000, -1.000000000000000000 ) ) ;
#997 = CIRCLE ( 'NONE', #3447, 18.49938265908035007 ) ;
#998 = DIRECTION ( 'NONE',  ( 0.000000000000000000, 0.000000000000000000, -1.000000000000000000 ) ) ;
#999 = EDGE_LOOP ( 'NONE', ( #4050, #1809, #1505, #1760 ) ) ;
#1000 = CARTESIAN_POINT ( 'NONE',  ( 11.04739247169366223, 12.85919931313785725, 17.39211829105092733 ) ) ;
#1001 = CARTESIAN_POINT ( 'NONE',  ( 8.314121313980017192, 30.85919931313786080, 0.3902288547216539727 ) ) ;
#1002 = AXIS2_PLACEMENT_3D ( 'NONE', #2420, #2016, #341 ) ;
#1003 = ORIENTED_EDGE ( 'NONE', *, *, #3368, .F. ) ;
#1004 = DIRECTION ( 'NONE',  ( -0.000000000000000000, 1.000000000000000000, -0.000000000000000000 ) ) ;
#1005 = VECTOR ( 'NONE', #10, 1000.000000000000000 ) ;
#1006 = AXIS2_PLACEMENT_3D ( 'NONE', #1030, #1348, #2678 ) ;
#1007 = AXIS2_PLACEMENT_3D ( 'NONE', #2127, #2455, #4328 ) ;
#1008 = ORIENTED_EDGE ( 'NONE', *, *, #780, .F. ) ;
#1009 = AXIS2_PLACEMENT_3D ( 'NONE', #2079, #2774, #3120 ) ;
#1010 = FACE_BOUND ( 'NONE', #1540, .T. ) ;
#1011 = EDGE_CURVE ( 'NONE', #3644, #1064, #318, .T. ) ;
#1012 = ADVANCED_FACE ( 'NONE', ( #2581 ), #4331, .T. ) ;
#1013 = FACE_OUTER_BOUND ( 'NONE', #3898, .T. ) ;
#1014 = ORIENTED_EDGE ( 'NONE', *, *, #1590, .F. ) ;
#1015 = CARTESIAN_POINT ( 'NONE',  ( -0.5065109396218264726, 17.85919931313785725, 3.974278372278974292 ) ) ;
#1016 = VERTEX_POINT ( 'NONE', #3588 ) ;
#1017 = CARTESIAN_POINT ( 'NONE',  ( -51.14066751420762102, 25.85919931313650366, -22.57082466816618194 ) ) ;
#1018 = FACE_BOUND ( 'NONE', #1955, .T. ) ;
#1019 =( NAMED_UNIT ( * ) PLANE_ANGLE_UNIT ( ) SI_UNIT ( $, .RADIAN. ) );
#1020 = EDGE_CURVE ( 'NONE', #252, #482, #3399, .T. ) ;
#1021 = ORIENTED_EDGE ( 'NONE', *, *, #1670, .F. ) ;
#1022 = DIRECTION ( 'NONE',  ( 0.000000000000000000, 0.000000000000000000, -1.000000000000000000 ) ) ;
#1023 = CARTESIAN_POINT ( 'NONE',  ( -18.97725866554199214, 17.85919931313785369, 42.99841454683050301 ) ) ;
#1024 = ORIENTED_EDGE ( 'NONE', *, *, #854, .F. ) ;
#1025 = CARTESIAN_POINT ( 'NONE',  ( -10.52128974517189874, 30.85919931313786080, 2.272061005873640571 ) ) ;
#1026 = DIRECTION ( 'NONE',  ( 0.000000000000000000, 0.000000000000000000, -1.000000000000000000 ) ) ;
#1027 = EDGE_LOOP ( 'NONE', ( #1600, #4298, #3006, #2470 ) ) ;
#1028 = ORIENTED_EDGE ( 'NONE', *, *, #2549, .T. ) ;
#1029 = DIRECTION ( 'NONE',  ( 0.1013022274283755242, 0.000000000000000000, -0.9948556974345826864 ) ) ;
#1030 = CARTESIAN_POINT ( 'NONE',  ( 0.000000000000000000, 12.85919931313785725, 0.000000000000000000 ) ) ;
#1031 = LINE ( 'NONE', #3704, #1688 ) ;
#1032 = VERTEX_POINT ( 'NONE', #2984 ) ;
#1033 = VERTEX_POINT ( 'NONE', #916 ) ;
#1034 = EDGE_CURVE ( 'NONE', #809, #1667, #1950, .T. ) ;
#1035 = CARTESIAN_POINT ( 'NONE',  ( 1.588082646615511284E-15, 17.85919931313785725, 6.980394298488655933E-16 ) ) ;
#1036 = EDGE_CURVE ( 'NONE', #208, #3537, #1941, .T. ) ;
#1037 = FACE_OUTER_BOUND ( 'NONE', #3341, .T. ) ;
#1038 = CARTESIAN_POINT ( 'NONE',  ( 8.636072200091403417, 20.86019931313785847, 7.090702541479282139 ) ) ;
#1039 = ORIENTED_EDGE ( 'NONE', *, *, #2709, .T. ) ;
#1040 = CARTESIAN_POINT ( 'NONE',  ( -11.59499655816481578, 20.86019931313785847, -3.517427116932252851 ) ) ;
#1041 = EDGE_CURVE ( 'NONE', #4194, #1050, #2295, .T. ) ;
#1042 = DIRECTION ( 'NONE',  ( 0.000000000000000000, 0.000000000000000000, -1.000000000000000000 ) ) ;
#1043 = CIRCLE ( 'NONE', #3643, 0.9999999999999961142 ) ;
#1044 = ORIENTED_EDGE ( 'NONE', *, *, #565, .T. ) ;
#1045 = DIRECTION ( 'NONE',  ( -0.8636404253133878051, 0.000000000000000000, 0.5041083373289025893 ) ) ;
#1046 = AXIS2_PLACEMENT_3D ( 'NONE', #3297, #2620, #277 ) ;
#1047 = ORIENTED_EDGE ( 'NONE', *, *, #644, .T. ) ;
#1048 = CARTESIAN_POINT ( 'NONE',  ( 3.333583850864015652, 30.85919931313786080, -4.726556169236674876 ) ) ;
#1049 = CYLINDRICAL_SURFACE ( 'NONE', #351, 0.9999999999999887867 ) ;
#1050 = VERTEX_POINT ( 'NONE', #4273 ) ;
#1051 = FACE_BOUND ( 'NONE', #1205, .T. ) ;
#1052 = ORIENTED_EDGE ( 'NONE', *, *, #3586, .T. ) ;
#1053 = CARTESIAN_POINT ( 'NONE',  ( -8.222134956027318253, 20.86019931313785847, -1.293592826953300579 ) ) ;
#1054 = CARTESIAN_POINT ( 'NONE',  ( -2.514031220247861409, 17.85919931313785725, -4.321995722304468046 ) ) ;
#1055 = DIRECTION ( 'NONE',  ( 0.000000000000000000, -1.000000000000000000, 0.000000000000000000 ) ) ;
#1056 = CIRCLE ( 'NONE', #3514, 75.00000000000001421 ) ;
#1057 = EDGE_CURVE ( 'NONE', #2726, #1570, #3648, .T. ) ;
#1058 = ORIENTED_EDGE ( 'NONE', *, *, #1011, .F. ) ;
#1059 = CIRCLE ( 'NONE', #2817, 1.000000000000001554 ) ;
#1060 = DIRECTION ( 'NONE',  ( -0.000000000000000000, 1.000000000000000000, 0.000000000000000000 ) ) ;
#1061 = CARTESIAN_POINT ( 'NONE',  ( -4.074965755494868169, 20.86019931313785847, 9.404540061224555103 ) ) ;
#1062 = ADVANCED_FACE ( 'NONE', ( #647 ), #1331, .F. ) ;
#1063 = EDGE_CURVE ( 'NONE', #3593, #3004, #1371, .T. ) ;
#1064 = VERTEX_POINT ( 'NONE', #1434 ) ;
#1065 = VERTEX_POINT ( 'NONE', #776 ) ;
#1066 = FACE_OUTER_BOUND ( 'NONE', #3171, .T. ) ;
#1067 = VECTOR ( 'NONE', #3832, 1000.000000000000000 ) ;
#1068 = AXIS2_PLACEMENT_3D ( 'NONE', #2518, #3827, #3499 ) ;
#1069 = EDGE_CURVE ( 'NONE', #1364, #2280, #116, .T. ) ;
#1070 = CIRCLE ( 'NONE', #173, 0.9999999999999887867 ) ;
#1071 = CARTESIAN_POINT ( 'NONE',  ( 24.62383815581398139, 12.85919931313785725, 21.96049621411509989 ) ) ;
#1072 = VERTEX_POINT ( 'NONE', #4021 ) ;
#1073 = CYLINDRICAL_SURFACE ( 'NONE', #884, 1.599999865688437994 ) ;
#1074 = FACE_BOUND ( 'NONE', #2932, .T. ) ;
#1075 = AXIS2_PLACEMENT_3D ( 'NONE', #2171, #2239, #2215 ) ;
#1076 = DIRECTION ( 'NONE',  ( 0.000000000000000000, 0.000000000000000000, -1.000000000000000000 ) ) ;
#1077 = VERTEX_POINT ( 'NONE', #1015 ) ;
#1078 = AXIS2_PLACEMENT_3D ( 'NONE', #3011, #19, #1357 ) ;
#1079 = ORIENTED_EDGE ( 'NONE', *, *, #780, .T. ) ;
#1080 = PLANE ( 'NONE',  #3868 ) ;
#1081 = FACE_BOUND ( 'NONE', #765, .T. ) ;
#1082 = DIRECTION ( 'NONE',  ( 0.000000000000000000, 1.000000000000000000, 0.000000000000000000 ) ) ;
#1083 = ORIENTED_EDGE ( 'NONE', *, *, #1671, .T. ) ;
#1084 = DIRECTION ( 'NONE',  ( -0.000000000000000000, 1.000000000000000000, -0.000000000000000000 ) ) ;
#1085 = DIRECTION ( 'NONE',  ( 0.000000000000000000, 0.000000000000000000, -1.000000000000000000 ) ) ;
#1086 = VECTOR ( 'NONE', #398, 1000.000000000000114 ) ;
#1087 = AXIS2_PLACEMENT_3D ( 'NONE', #2058, #393, #1990 ) ;
#1088 = AXIS2_PLACEMENT_3D ( 'NONE', #2249, #229, #2293 ) ;
#1089 = EDGE_LOOP ( 'NONE', ( #2538, #3416, #2213, #207 ) ) ;
#1090 = VERTEX_POINT ( 'NONE', #4040 ) ;
#1091 = DIRECTION ( 'NONE',  ( 0.000000000000000000, 1.000000000000000000, 0.000000000000000000 ) ) ;
#1092 = ADVANCED_FACE ( 'NONE', ( #706, #1051 ), #2389, .T. ) ;
#1093 = ADVANCED_FACE ( 'NONE', ( #3444 ), #3110, .F. ) ;
#1094 = CARTESIAN_POINT ( 'NONE',  ( -5.412115731844795441, 20.86019931313785847, -9.304235976145990961 ) ) ;
#1095 = VERTEX_POINT ( 'NONE', #2649 ) ;
#1096 = EDGE_CURVE ( 'NONE', #381, #3339, #4003, .T. ) ;
#1097 = LINE ( 'NONE', #440, #2133 ) ;
#1098 = DIRECTION ( 'NONE',  ( 0.000000000000000000, 0.000000000000000000, -1.000000000000000000 ) ) ;
#1099 = DIRECTION ( 'NONE',  ( 0.000000000000000000, 0.000000000000000000, -1.000000000000000000 ) ) ;
#1100 = ORIENTED_EDGE ( 'NONE', *, *, #3762, .F. ) ;
#1101 = CIRCLE ( 'NONE', #1251, 0.9999999999999890088 ) ;
#1102 = VERTEX_POINT ( 'NONE', #1954 ) ;
#1103 = CARTESIAN_POINT ( 'NONE',  ( 8.636072200091403417, 30.85919931313786080, 6.090702541479278587 ) ) ;
#1104 = CARTESIAN_POINT ( 'NONE',  ( 7.412201985409108573, 30.85919931313786080, -4.786311412648980301 ) ) ;
#1105 = AXIS2_PLACEMENT_3D ( 'NONE', #2086, #3487, #2807 ) ;
#1106 = ORIENTED_EDGE ( 'NONE', *, *, #3764, .F. ) ;
#1107 = CARTESIAN_POINT ( 'NONE',  ( -0.5065109396218264726, 30.85919931313786080, 4.974278372278963190 ) ) ;
#1108 = CARTESIAN_POINT ( 'NONE',  ( -1.310499516737777093, 20.86019931313785847, -7.219457462360534983 ) ) ;
#1109 = CARTESIAN_POINT ( 'NONE',  ( -18.97725866554199214, 20.85919931313785725, 42.99841454683050301 ) ) ;
#1110 = EDGE_LOOP ( 'NONE', ( #394, #1416, #68, #1835 ) ) ;
#1111 = ORIENTED_EDGE ( 'NONE', *, *, #1989, .F. ) ;
#1112 = CYLINDRICAL_SURFACE ( 'NONE', #1007, 0.9999999999999961142 ) ;
#1113 = VECTOR ( 'NONE', #1215, 1000.000000000000000 ) ;
#1114 = EDGE_LOOP ( 'NONE', ( #238, #4168, #2158, #3063 ) ) ;
#1115 = CYLINDRICAL_SURFACE ( 'NONE', #2268, 1.499999999999997113 ) ;
#1116 = CARTESIAN_POINT ( 'NONE',  ( 0.000000000000000000, 17.85919931313785725, 0.000000000000000000 ) ) ;
#1117 = EDGE_CURVE ( 'NONE', #1901, #4052, #1228, .T. ) ;
#1118 = DIRECTION ( 'NONE',  ( 0.000000000000000000, 0.000000000000000000, -1.000000000000000000 ) ) ;
#1119 = DIRECTION ( 'NONE',  ( 0.000000000000000000, 1.000000000000000000, 0.000000000000000000 ) ) ;
#1120 = CARTESIAN_POINT ( 'NONE',  ( -10.52128974517189874, 17.85919931313785725, 2.272061005873640571 ) ) ;
#1121 = ORIENTED_EDGE ( 'NONE', *, *, #834, .F. ) ;
#1122 = ADVANCED_FACE ( 'NONE', ( #1932 ), #4279, .T. ) ;
#1123 = ORIENTED_EDGE ( 'NONE', *, *, #1622, .F. ) ;
#1124 = DIRECTION ( 'NONE',  ( -0.000000000000000000, 1.000000000000000000, 0.000000000000000000 ) ) ;
#1125 = DIRECTION ( 'NONE',  ( 0.000000000000000000, 0.000000000000000000, -1.000000000000000000 ) ) ;
#1126 = DIRECTION ( 'NONE',  ( 0.000000000000000000, 0.000000000000000000, -1.000000000000000000 ) ) ;
#1127 = EDGE_CURVE ( 'NONE', #4113, #3033, #179, .T. ) ;
#1128 = DIRECTION ( 'NONE',  ( 0.000000000000000000, 1.000000000000000000, 0.000000000000000000 ) ) ;
#1129 = ORIENTED_EDGE ( 'NONE', *, *, #476, .F. ) ;
#1130 = CARTESIAN_POINT ( 'NONE',  ( 11.05870096590540896, 30.85919931313786080, 0.6015432376286120597 ) ) ;
#1131 = CARTESIAN_POINT ( 'NONE',  ( 24.62383815581398139, 12.85919931313785725, 21.96049621411509989 ) ) ;
#1132 = VECTOR ( 'NONE', #223, 1000.000000000000000 ) ;
#1133 = ORIENTED_EDGE ( 'NONE', *, *, #1096, .F. ) ;
#1134 = EDGE_LOOP ( 'NONE', ( #570, #4197 ) ) ;
#1135 = LINE ( 'NONE', #1466, #866 ) ;
#1136 = CARTESIAN_POINT ( 'NONE',  ( -26.89688058886707722, 25.85919931313776488, -11.87088095248773811 ) ) ;
#1137 = VECTOR ( 'NONE', #844, 1000.000000000000114 ) ;
#1138 = VERTEX_POINT ( 'NONE', #869 ) ;
#1139 = DIRECTION ( 'NONE',  ( 0.000000000000000000, 0.000000000000000000, -1.000000000000000000 ) ) ;
#1140 = CIRCLE ( 'NONE', #4232, 1.599999999999995426 ) ;
#1141 = FACE_BOUND ( 'NONE', #538, .T. ) ;
#1142 = CIRCLE ( 'NONE', #442, 0.9999999999999887867 ) ;
#1143 = CARTESIAN_POINT ( 'NONE',  ( -6.496894245630262077, 17.85919931313785725, -4.202619761038977941 ) ) ;
#1144 = PLANE ( 'NONE',  #334 ) ;
#1145 = ORIENTED_EDGE ( 'NONE', *, *, #3688, .F. ) ;
#1146 = ORIENTED_EDGE ( 'NONE', *, *, #4211, .T. ) ;
#1147 = CIRCLE ( 'NONE', #2550, 0.9999999999999887867 ) ;
#1148 = CARTESIAN_POINT ( 'NONE',  ( 9.412352177415431953, 30.85919931313786080, -6.022245045254573270 ) ) ;
#1149 = LINE ( 'NONE', #3494, #4084 ) ;
#1150 = ADVANCED_FACE ( 'NONE', ( #4228 ), #2558, .F. ) ;
#1151 = EDGE_CURVE ( 'NONE', #3981, #961, #2629, .T. ) ;
#1152 = DIRECTION ( 'NONE',  ( 0.1013022274283755242, 0.000000000000000000, -0.9948556974345826864 ) ) ;
#1153 = AXIS2_PLACEMENT_3D ( 'NONE', #1136, #3484, #903 ) ;
#1154 = ORIENTED_EDGE ( 'NONE', *, *, #1415, .T. ) ;
#1155 = AXIS2_PLACEMENT_3D ( 'NONE', #3423, #118, #3113 ) ;
#1156 = DIRECTION ( 'NONE',  ( 0.000000000000000000, 0.000000000000000000, -1.000000000000000000 ) ) ;
#1157 = DIRECTION ( 'NONE',  ( 0.000000000000000000, 0.000000000000000000, -1.000000000000000000 ) ) ;
#1158 = EDGE_CURVE ( 'NONE', #1288, #1629, #2760, .T. ) ;
#1159 = ORIENTED_EDGE ( 'NONE', *, *, #936, .T. ) ;
#1160 = ORIENTED_EDGE ( 'NONE', *, *, #3688, .T. ) ;
#1161 = DIRECTION ( 'NONE',  ( 0.000000000000000000, -1.000000000000000000, 0.000000000000000000 ) ) ;
#1162 = CYLINDRICAL_SURFACE ( 'NONE', #4309, 0.9999999999999887867 ) ;
#1163 = CIRCLE ( 'NONE', #813, 1.599999865688976675 ) ;
#1164 = AXIS2_PLACEMENT_3D ( 'NONE', #1643, #1624, #2964 ) ;
#1165 = AXIS2_PLACEMENT_3D ( 'NONE', #2903, #1948, #3630 ) ;
#1166 = ORIENTED_EDGE ( 'NONE', *, *, #1716, .F. ) ;
#1167 = DIRECTION ( 'NONE',  ( 0.000000000000000000, 0.000000000000000000, -1.000000000000000000 ) ) ;
#1168 = LINE ( 'NONE', #3112, #3460 ) ;
#1169 = DIRECTION ( 'NONE',  ( -0.000000000000000000, 1.000000000000000000, 0.000000000000000000 ) ) ;
#1170 = VERTEX_POINT ( 'NONE', #3517 ) ;
#1171 = EDGE_LOOP ( 'NONE', ( #3581, #797, #587, #3956 ) ) ;
#1172 = AXIS2_PLACEMENT_3D ( 'NONE', #3533, #2766, #774 ) ;
#1173 = FACE_OUTER_BOUND ( 'NONE', #3303, .T. ) ;
#1174 = DIRECTION ( 'NONE',  ( 0.000000000000000000, -1.000000000000000000, 0.000000000000000000 ) ) ;
#1175 = DIRECTION ( 'NONE',  ( 0.000000000000000000, -1.000000000000000000, 0.000000000000000000 ) ) ;
#1176 = EDGE_CURVE ( 'NONE', #2280, #1364, #384, .T. ) ;
#1177 = CARTESIAN_POINT ( 'NONE',  ( 15.97681470772326762, 12.85919931313785725, -9.325693033880128269 ) ) ;
#1178 = VERTEX_POINT ( 'NONE', #3476 ) ;
#1179 = CARTESIAN_POINT ( 'NONE',  ( 28.49485748239399285, 12.85919931313785725, -16.63249519921587094 ) ) ;
#1180 = DIRECTION ( 'NONE',  ( -0.000000000000000000, 1.000000000000000000, 0.000000000000000000 ) ) ;
#1181 = ORIENTED_EDGE ( 'NONE', *, *, #1057, .F. ) ;
#1182 = EDGE_CURVE ( 'NONE', #2615, #1364, #1513, .T. ) ;
#1183 = ORIENTED_EDGE ( 'NONE', *, *, #2937, .F. ) ;
#1184 = CARTESIAN_POINT ( 'NONE',  ( -1.090398663191116002, 17.85919931313785725, 10.70844674350966663 ) ) ;
#1185 = FACE_OUTER_BOUND ( 'NONE', #1735, .T. ) ;
#1186 = ORIENTED_EDGE ( 'NONE', *, *, #2401, .F. ) ;
#1187 = DIRECTION ( 'NONE',  ( -0.1013022274283768842, 0.000000000000000000, 0.9948556974345823534 ) ) ;
#1188 = CARTESIAN_POINT ( 'NONE',  ( 21.76328174623001033, 20.85919931313785725, -49.31094774625861277 ) ) ;
#1189 = VECTOR ( 'NONE', #1462, 1000.000000000000000 ) ;
#1190 = FACE_OUTER_BOUND ( 'NONE', #1409, .T. ) ;
#1191 = VERTEX_POINT ( 'NONE', #1177 ) ;
#1192 = VECTOR ( 'NONE', #2898, 1000.000000000000114 ) ;
#1193 = VERTEX_POINT ( 'NONE', #517 ) ;
#1194 = CARTESIAN_POINT ( 'NONE',  ( 9.847386582998350235, 20.86019931313785847, 5.346122889553989843 ) ) ;
#1195 = DIRECTION ( 'NONE',  ( 0.000000000000000000, 0.000000000000000000, -1.000000000000000000 ) ) ;
#1196 = CARTESIAN_POINT ( 'NONE',  ( 30.66200841243365360, 12.85919931313785725, -6.669804739957121420 ) ) ;
#1197 = ORIENTED_EDGE ( 'NONE', *, *, #4183, .F. ) ;
#1198 = FACE_OUTER_BOUND ( 'NONE', #3381, .T. ) ;
#1199 = DIRECTION ( 'NONE',  ( -0.000000000000000000, 1.000000000000000000, -0.000000000000000000 ) ) ;
#1200 = ADVANCED_FACE ( 'NONE', ( #1862 ), #952, .F. ) ;
#1201 = EDGE_CURVE ( 'NONE', #1629, #1976, #625, .T. ) ;
#1202 = EDGE_LOOP ( 'NONE', ( #652, #2682, #12, #2179, #2957 ) ) ;
#1203 = DIRECTION ( 'NONE',  ( 0.2125559506843238688, 0.000000000000000000, 0.9771488974709449105 ) ) ;
#1204 = CARTESIAN_POINT ( 'NONE',  ( -4.887340320789482107, 30.85919931313786080, 1.055415754841304565 ) ) ;
#1205 = EDGE_LOOP ( 'NONE', ( #707, #2098 ) ) ;
#1206 = LINE ( 'NONE', #3808, #1067 ) ;
#1207 = DIRECTION ( 'NONE',  ( 0.1013022274283774671, 0.000000000000000000, -0.9948556974345823534 ) ) ;
#1208 = EDGE_CURVE ( 'NONE', #1170, #1866, #3032, .T. ) ;
#1209 = EDGE_CURVE ( 'NONE', #1740, #2801, #3886, .T. ) ;
#1210 = ORIENTED_EDGE ( 'NONE', *, *, #691, .F. ) ;
#1211 = CARTESIAN_POINT ( 'NONE',  ( 10.91138468940898143, 25.85919931313775066, -23.57487727476618744 ) ) ;
#1212 =( NAMED_UNIT ( * ) SI_UNIT ( $, .STERADIAN. ) SOLID_ANGLE_UNIT ( ) );
#1213 = EDGE_CURVE ( 'NONE', #2102, #705, #4306, .T. ) ;
#1214 = CARTESIAN_POINT ( 'NONE',  ( -20.10081521546007721, 12.85919931313785725, -7.271452111143048569 ) ) ;
#1215 = DIRECTION ( 'NONE',  ( 0.000000000000000000, -1.000000000000000000, 0.000000000000000000 ) ) ;
#1216 = EDGE_LOOP ( 'NONE', ( #407, #2346, #416, #3100 ) ) ;
#1217 = VERTEX_POINT ( 'NONE', #1304 ) ;
#1218 = CYLINDRICAL_SURFACE ( 'NONE', #2496, 0.9999999999999887867 ) ;
#1219 = DIRECTION ( 'NONE',  ( -0.1013022274283746083, 0.000000000000000000, 0.9948556974345826864 ) ) ;
#1220 = VECTOR ( 'NONE', #4070, 1000.000000000000114 ) ;
#1221 = AXIS2_PLACEMENT_3D ( 'NONE', #1054, #3343, #4001 ) ;
#1222 = AXIS2_PLACEMENT_3D ( 'NONE', #3185, #2141, #1125 ) ;
#1223 = ORIENTED_EDGE ( 'NONE', *, *, #1846, .F. ) ;
#1224 = DIRECTION ( 'NONE',  ( 0.000000000000000000, 1.000000000000000000, 0.000000000000000000 ) ) ;
#1225 = FACE_OUTER_BOUND ( 'NONE', #3018, .T. ) ;
#1226 = CIRCLE ( 'NONE', #2484, 1.864999999999994440 ) ;
#1227 = ORIENTED_EDGE ( 'NONE', *, *, #2989, .T. ) ;
#1228 = CIRCLE ( 'NONE', #2905, 1.499999999999994449 ) ;
#1229 = VERTEX_POINT ( 'NONE', #1214 ) ;
#1230 = CARTESIAN_POINT ( 'NONE',  ( 21.47640974849846529, 12.85919931313785725, -4.637807328665304318 ) ) ;
#1231 = CARTESIAN_POINT ( 'NONE',  ( -10.52128974517189874, 20.86019931313785847, 1.272061005873644568 ) ) ;
#1232 = ORIENTED_EDGE ( 'NONE', *, *, #3368, .T. ) ;
#1233 = CARTESIAN_POINT ( 'NONE',  ( -11.59499655816481578, 17.85919931313785725, -3.517427116932252851 ) ) ;
#1234 = EDGE_CURVE ( 'NONE', #2233, #1032, #3532, .T. ) ;
#1235 = EDGE_CURVE ( 'NONE', #1095, #2834, #3254, .T. ) ;
#1236 = DIRECTION ( 'NONE',  ( -0.000000000000000000, 1.000000000000000000, -0.000000000000000000 ) ) ;
#1237 = AXIS2_PLACEMENT_3D ( 'NONE', #4112, #1413, #2745 ) ;
#1238 = CIRCLE ( 'NONE', #1165, 1.599999865689571532 ) ;
#1239 = CARTESIAN_POINT ( 'NONE',  ( -2.514031220247861409, 30.85919931313786080, -4.321995722304468046 ) ) ;
#1240 = VERTEX_POINT ( 'NONE', #2571 ) ;
#1241 = EDGE_CURVE ( 'NONE', #2381, #2574, #875, .T. ) ;
#1242 = DIRECTION ( 'NONE',  ( 0.000000000000000000, -1.000000000000000000, 0.000000000000000000 ) ) ;
#1243 = ORIENTED_EDGE ( 'NONE', *, *, #428, .T. ) ;
#1244 = FACE_OUTER_BOUND ( 'NONE', #2185, .T. ) ;
#1245 = CARTESIAN_POINT ( 'NONE',  ( 8.636072200091403417, 30.85919931313786080, 7.090702541479282139 ) ) ;
#1246 = DIRECTION ( 'NONE',  ( -0.000000000000000000, 1.000000000000000000, -0.000000000000000000 ) ) ;
#1247 = ORIENTED_EDGE ( 'NONE', *, *, #1176, .T. ) ;
#1248 = CARTESIAN_POINT ( 'NONE',  ( 5.891492548166014309, 17.85919931313785725, 6.879388158572303347 ) ) ;
#1249 = FACE_BOUND ( 'NONE', #4072, .T. ) ;
#1250 = VERTEX_POINT ( 'NONE', #4286 ) ;
#1251 = AXIS2_PLACEMENT_3D ( 'NONE', #1454, #537, #3769 ) ;
#1252 = EDGE_LOOP ( 'NONE', ( #3906, #1306, #21, #1318 ) ) ;
#1253 = CYLINDRICAL_SURFACE ( 'NONE', #838, 1.599999999999981659 ) ;
#1254 = DIRECTION ( 'NONE',  ( 0.000000000000000000, 1.000000000000000000, 0.000000000000000000 ) ) ;
#1255 = EDGE_LOOP ( 'NONE', ( #2921, #293, #4124, #52 ) ) ;
#1256 = CARTESIAN_POINT ( 'NONE',  ( 11.06333803055154696, 17.85919931313785725, -25.06716082091806186 ) ) ;
#1257 = SURFACE_STYLE_USAGE ( .BOTH. , #2594 ) ;
#1258 = DIRECTION ( 'NONE',  ( 0.000000000000000000, 0.000000000000000000, -1.000000000000000000 ) ) ;
#1259 = ADVANCED_FACE ( 'NONE', ( #576 ), #3579, .F. ) ;
#1260 = ADVANCED_FACE ( 'NONE', ( #2595 ), #3933, .F. ) ;
#1261 = VERTEX_POINT ( 'NONE', #1143 ) ;
#1262 = VERTEX_POINT ( 'NONE', #2485 ) ;
#1263 = LINE ( 'NONE', #1571, #1940 ) ;
#1264 = DIRECTION ( 'NONE',  ( 0.000000000000000000, -1.000000000000000000, 0.000000000000000000 ) ) ;
#1265 = AXIS2_PLACEMENT_3D ( 'NONE', #364, #3348, #693 ) ;
#1266 = DIRECTION ( 'NONE',  ( 0.000000000000000000, -1.000000000000000000, 0.000000000000000000 ) ) ;
#1267 = EDGE_CURVE ( 'NONE', #3335, #195, #2486, .T. ) ;
#1268 = AXIS2_PLACEMENT_3D ( 'NONE', #422, #3685, #686 ) ;
#1269 = DIRECTION ( 'NONE',  ( 0.000000000000000000, 1.000000000000000000, 0.000000000000000000 ) ) ;
#1270 = ORIENTED_EDGE ( 'NONE', *, *, #2492, .F. ) ;
#1271 = DIRECTION ( 'NONE',  ( 0.000000000000000000, -1.000000000000000000, 0.000000000000000000 ) ) ;
#1272 = FACE_BOUND ( 'NONE', #2590, .T. ) ;
#1273 = ADVANCED_FACE ( 'NONE', ( #1829 ), #4176, .F. ) ;
#1274 = EDGE_LOOP ( 'NONE', ( #2073, #3417, #46, #1021, #3931, #2264 ) ) ;
#1275 = LINE ( 'NONE', #4281, #90 ) ;
#1276 = DIRECTION ( 'NONE',  ( 0.000000000000000000, 1.000000000000000000, 0.000000000000000000 ) ) ;
#1277 = EDGE_LOOP ( 'NONE', ( #994, #1014 ) ) ;
#1278 = DIRECTION ( 'NONE',  ( 0.000000000000000000, 0.000000000000000000, -1.000000000000000000 ) ) ;
#1279 = SHAPE_DEFINITION_REPRESENTATION ( #2183, #1329 ) ;
#1280 = PRESENTATION_STYLE_ASSIGNMENT (( #1257 ) ) ;
#1281 = CIRCLE ( 'NONE', #1981, 0.9999999999999887867 ) ;
#1282 = PLANE ( 'NONE',  #3772 ) ;
#1283 = ORIENTED_EDGE ( 'NONE', *, *, #3824, .F. ) ;
#1284 = DIRECTION ( 'NONE',  ( 0.000000000000000000, 0.000000000000000000, -1.000000000000000000 ) ) ;
#1285 = DIRECTION ( 'NONE',  ( 0.000000000000000000, -1.000000000000000000, 0.000000000000000000 ) ) ;
#1286 = CARTESIAN_POINT ( 'NONE',  ( -6.496894245630262077, 30.85919931313786080, -4.202619761038977941 ) ) ;
#1287 = CIRCLE ( 'NONE', #720, 1.864999999999994440 ) ;
#1288 = VERTEX_POINT ( 'NONE', #1453 ) ;
#1289 = VECTOR ( 'NONE', #2032, 1000.000000000000000 ) ;
#1290 = EDGE_CURVE ( 'NONE', #1464, #1525, #3324, .T. ) ;
#1291 = CARTESIAN_POINT ( 'NONE',  ( 2.198075111397766790, 30.85919931313786080, 7.027786333491060411 ) ) ;
#1292 = EDGE_CURVE ( 'NONE', #1632, #712, #247, .T. ) ;
#1293 = CARTESIAN_POINT ( 'NONE',  ( 10.42217768309845027, 17.85919931313775066, -23.71109540625185730 ) ) ;
#1294 = CIRCLE ( 'NONE', #1646, 0.9999999999999961142 ) ;
#1295 = ORIENTED_EDGE ( 'NONE', *, *, #273, .F. ) ;
#1296 = CARTESIAN_POINT ( 'NONE',  ( 11.21529137169411250, 20.85919931313785725, -26.55944436706993628 ) ) ;
#1297 = EDGE_CURVE ( 'NONE', #3472, #1518, #2694, .T. ) ;
#1298 = CARTESIAN_POINT ( 'NONE',  ( 8.636072200091403417, 20.86019931313785847, 7.090702541479282139 ) ) ;
#1299 = AXIS2_PLACEMENT_3D ( 'NONE', #975, #3631, #2904 ) ;
#1300 = VECTOR ( 'NONE', #3554, 1000.000000000000000 ) ;
#1301 = VERTEX_POINT ( 'NONE', #2788 ) ;
#1302 = VECTOR ( 'NONE', #3241, 1000.000000000000000 ) ;
#1303 = CARTESIAN_POINT ( 'NONE',  ( -2.514031220247861409, 20.86019931313785847, -4.321995722304468046 ) ) ;
#1304 = CARTESIAN_POINT ( 'NONE',  ( 21.47640974849846529, 17.85919931313785725, -6.237807194354280327 ) ) ;
#1305 = CYLINDRICAL_SURFACE ( 'NONE', #2526, 0.9999999999999817923 ) ;
#1306 = ORIENTED_EDGE ( 'NONE', *, *, #3153, .T. ) ;
#1307 = CARTESIAN_POINT ( 'NONE',  ( -4.074965755494868169, 20.86019931313785847, 10.40454006122454267 ) ) ;
#1308 = CARTESIAN_POINT ( 'NONE',  ( -1.310499516737777315, 20.86019931313785847, -8.219457462360523436 ) ) ;
#1309 = DIRECTION ( 'NONE',  ( 0.000000000000000000, 0.000000000000000000, -1.000000000000000000 ) ) ;
#1310 = AXIS2_PLACEMENT_3D ( 'NONE', #1616, #3356, #4034 ) ;
#1311 = AXIS2_PLACEMENT_3D ( 'NONE', #935, #1269, #2273 ) ;
#1312 = VECTOR ( 'NONE', #2327, 1000.000000000000000 ) ;
#1313 = CARTESIAN_POINT ( 'NONE',  ( -20.10081521546007721, 17.85919931313785725, -10.47145184251992589 ) ) ;
#1314 = ORIENTED_EDGE ( 'NONE', *, *, #2575, .T. ) ;
#1315 = DIRECTION ( 'NONE',  ( 0.000000000000000000, -1.000000000000000000, 0.000000000000000000 ) ) ;
#1316 = FACE_BOUND ( 'NONE', #581, .T. ) ;
#1317 = EDGE_CURVE ( 'NONE', #3127, #3838, #3861, .T. ) ;
#1318 = ORIENTED_EDGE ( 'NONE', *, *, #485, .F. ) ;
#1319 = DIRECTION ( 'NONE',  ( -0.000000000000000000, -1.000000000000000000, -0.000000000000000000 ) ) ;
#1320 = CYLINDRICAL_SURFACE ( 'NONE', #3319, 0.9999999999999890088 ) ;
#1321 = ADVANCED_FACE ( 'NONE', ( #1478 ), #1762, .F. ) ;
#1322 = EDGE_LOOP ( 'NONE', ( #3915, #1079, #524, #155 ) ) ;
#1323 = CYLINDRICAL_SURFACE ( 'NONE', #1375, 0.9999999999999817923 ) ;
#1324 = AXIS2_PLACEMENT_3D ( 'NONE', #1405, #4101, #3442 ) ;
#1325 = ORIENTED_EDGE ( 'NONE', *, *, #3433, .T. ) ;
#1326 = CARTESIAN_POINT ( 'NONE',  ( -1.310499516737777315, 17.85919931313785725, -8.219457462360523436 ) ) ;
#1327 = CARTESIAN_POINT ( 'NONE',  ( 8.636072200091403417, 20.86019931313785847, 8.090702541479284804 ) ) ;
#1328 = DIRECTION ( 'NONE',  ( 0.000000000000000000, 0.000000000000000000, -1.000000000000000000 ) ) ;
#1329 = ADVANCED_BREP_SHAPE_REPRESENTATION ( 'sub\X2\570667f15e9576d8\X0\', ( #1382, #2623 ), #660 ) ;
#1330 = ORIENTED_EDGE ( 'NONE', *, *, #3777, .T. ) ;
#1331 = PLANE ( 'NONE',  #3896 ) ;
#1332 = AXIS2_PLACEMENT_3D ( 'NONE', #2691, #38, #1022 ) ;
#1333 = ORIENTED_EDGE ( 'NONE', *, *, #3796, .T. ) ;
#1334 = DIRECTION ( 'NONE',  ( 0.000000000000000000, 0.000000000000000000, -1.000000000000000000 ) ) ;
#1335 = DIRECTION ( 'NONE',  ( -0.000000000000000000, 1.000000000000000000, 0.000000000000000000 ) ) ;
#1336 = VECTOR ( 'NONE', #280, 1000.000000000000000 ) ;
#1337 = ORIENTED_EDGE ( 'NONE', *, *, #967, .T. ) ;
#1338 = CARTESIAN_POINT ( 'NONE',  ( -15.97681470772326406, 12.85919931313785725, 9.325693033880130045 ) ) ;
#1339 = DIRECTION ( 'NONE',  ( 0.000000000000000000, 0.000000000000000000, -1.000000000000000000 ) ) ;
#1340 = ADVANCED_FACE ( 'NONE', ( #507 ), #183, .F. ) ;
#1341 = ORIENTED_EDGE ( 'NONE', *, *, #1597, .F. ) ;
#1342 = CYLINDRICAL_SURFACE ( 'NONE', #4002, 18.49938265908035007 ) ;
#1343 = EDGE_CURVE ( 'NONE', #1863, #151, #1786, .T. ) ;
#1344 = EDGE_CURVE ( 'NONE', #1490, #1792, #740, .T. ) ;
#1345 = VERTEX_POINT ( 'NONE', #3798 ) ;
#1346 = CARTESIAN_POINT ( 'NONE',  ( 0.000000000000000000, 12.85919931313785725, 0.000000000000000000 ) ) ;
#1347 = EDGE_CURVE ( 'NONE', #2296, #3427, #1485, .T. ) ;
#1348 = DIRECTION ( 'NONE',  ( 0.000000000000000000, -1.000000000000000000, 0.000000000000000000 ) ) ;
#1349 = VECTOR ( 'NONE', #3577, 1000.000000000000000 ) ;
#1350 = DIRECTION ( 'NONE',  ( 0.000000000000000000, -1.000000000000000000, 0.000000000000000000 ) ) ;
#1351 = ORIENTED_EDGE ( 'NONE', *, *, #485, .T. ) ;
#1352 = EDGE_LOOP ( 'NONE', ( #3193, #543, #3429, #1197 ) ) ;
#1353 = DIRECTION ( 'NONE',  ( 0.000000000000000000, 1.000000000000000000, 0.000000000000000000 ) ) ;
#1354 = CARTESIAN_POINT ( 'NONE',  ( 8.314121313980017192, 30.85919931313786080, 0.3902288547216539727 ) ) ;
#1355 = EDGE_LOOP ( 'NONE', ( #632, #4145, #78, #2318 ) ) ;
#1356 = CARTESIAN_POINT ( 'NONE',  ( 5.891492548166014309, 30.85919931313786080, 5.879388158572314005 ) ) ;
#1357 = DIRECTION ( 'NONE',  ( 0.000000000000000000, 0.000000000000000000, -1.000000000000000000 ) ) ;
#1358 = ORIENTED_EDGE ( 'NONE', *, *, #158, .T. ) ;
#1359 = FACE_OUTER_BOUND ( 'NONE', #453, .T. ) ;
#1360 = ORIENTED_EDGE ( 'NONE', *, *, #1847, .T. ) ;
#1361 = VECTOR ( 'NONE', #3515, 1000.000000000000000 ) ;
#1362 = AXIS2_PLACEMENT_3D ( 'NONE', #1547, #553, #2954 ) ;
#1363 = AXIS2_PLACEMENT_3D ( 'NONE', #2153, #2851, #3169 ) ;
#1364 = VERTEX_POINT ( 'NONE', #1460 ) ;
#1365 = ADVANCED_FACE ( 'NONE', ( #1812 ), #4137, .F. ) ;
#1366 = AXIS2_PLACEMENT_3D ( 'NONE', #3955, #3246, #250 ) ;
#1367 = DIRECTION ( 'NONE',  ( -0.000000000000000000, 1.000000000000000000, -0.000000000000000000 ) ) ;
#1368 = FACE_OUTER_BOUND ( 'NONE', #2324, .T. ) ;
#1369 = ORIENTED_EDGE ( 'NONE', *, *, #1209, .F. ) ;
#1370 = EDGE_CURVE ( 'NONE', #1138, #790, #4187, .T. ) ;
#1371 = LINE ( 'NONE', #3428, #2007 ) ;
#1372 = ORIENTED_EDGE ( 'NONE', *, *, #4211, .F. ) ;
#1373 = CYLINDRICAL_SURFACE ( 'NONE', #3946, 0.9999999999999887867 ) ;
#1374 = VECTOR ( 'NONE', #1985, 1000.000000000000000 ) ;
#1375 = AXIS2_PLACEMENT_3D ( 'NONE', #368, #1657, #2976 ) ;
#1376 = FACE_BOUND ( 'NONE', #3583, .T. ) ;
#1377 = VERTEX_POINT ( 'NONE', #2515 ) ;
#1378 = CARTESIAN_POINT ( 'NONE',  ( 6.372601501110166211, 30.85919931313786080, 10.95545339059883538 ) ) ;
#1379 = DIRECTION ( 'NONE',  ( 0.000000000000000000, -1.000000000000000000, 0.000000000000000000 ) ) ;
#1380 = ORIENTED_EDGE ( 'NONE', *, *, #2630, .F. ) ;
#1381 = CARTESIAN_POINT ( 'NONE',  ( 11.06333803055154696, 17.85919931313785725, -25.06716082091806186 ) ) ;
#1382 = MANIFOLD_SOLID_BREP ( 'ÇÐ³ý-À­Éì1', #69 ) ;
#1383 = VERTEX_POINT ( 'NONE', #4064 ) ;
#1384 = DIRECTION ( 'NONE',  ( -0.1013022274283771201, 0.000000000000000000, 0.9948556974345824644 ) ) ;
#1385 = EDGE_LOOP ( 'NONE', ( #2151, #3082 ) ) ;
#1386 = FACE_BOUND ( 'NONE', #1892, .T. ) ;
#1387 = EDGE_CURVE ( 'NONE', #804, #3127, #194, .T. ) ;
#1388 = CARTESIAN_POINT ( 'NONE',  ( -3.771059073209737100, 30.85919931313786080, 7.419972968920801826 ) ) ;
#1389 = ORIENTED_EDGE ( 'NONE', *, *, #1292, .F. ) ;
#1390 = VERTEX_POINT ( 'NONE', #361 ) ;
#1391 = LINE ( 'NONE', #1035, #1417 ) ;
#1392 = LINE ( 'NONE', #3091, #1289 ) ;
#1393 = EDGE_CURVE ( 'NONE', #1217, #3496, #1163, .T. ) ;
#1394 = EDGE_LOOP ( 'NONE', ( #2370, #1803, #218, #3595 ) ) ;
#1395 = DIRECTION ( 'NONE',  ( 0.000000000000000000, 0.000000000000000000, -1.000000000000000000 ) ) ;
#1396 = DIRECTION ( 'NONE',  ( 0.000000000000000000, -1.000000000000000000, 0.000000000000000000 ) ) ;
#1397 = ADVANCED_FACE ( 'NONE', ( #710, #2051 ), #2724, .F. ) ;
#1398 = AXIS2_PLACEMENT_3D ( 'NONE', #4090, #1709, #2340 ) ;
#1399 = CARTESIAN_POINT ( 'NONE',  ( 0.000000000000000000, 17.85919931313785725, 0.000000000000000000 ) ) ;
#1400 = VECTOR ( 'NONE', #4161, 1000.000000000000000 ) ;
#1401 = ORIENTED_EDGE ( 'NONE', *, *, #2573, .F. ) ;
#1402 = CIRCLE ( 'NONE', #4282, 0.9999999999999961142 ) ;
#1403 = ORIENTED_EDGE ( 'NONE', *, *, #4099, .T. ) ;
#1404 = CYLINDRICAL_SURFACE ( 'NONE', #959, 0.9999999999999887867 ) ;
#1405 = CARTESIAN_POINT ( 'NONE',  ( -11.59499655816481578, 20.86019931313785847, -5.117427116932242726 ) ) ;
#1406 = VERTEX_POINT ( 'NONE', #3386 ) ;
#1407 = DIRECTION ( 'NONE',  ( 0.000000000000000000, -1.000000000000000000, 0.000000000000000000 ) ) ;
#1408 = CARTESIAN_POINT ( 'NONE',  ( 7.176418544809854083, 30.85919931313786080, -8.022395237260900203 ) ) ;
#1409 = EDGE_LOOP ( 'NONE', ( #3714, #3535, #2910, #1645 ) ) ;
#1410 = EDGE_LOOP ( 'NONE', ( #1003, #3662 ) ) ;
#1411 = CARTESIAN_POINT ( 'NONE',  ( 1.975200558668177564E-07, 17.85919931313785725, -1.148939346440336351E-07 ) ) ;
#1412 = FACE_BOUND ( 'NONE', #1134, .T. ) ;
#1413 = DIRECTION ( 'NONE',  ( 0.000000000000000000, -1.000000000000000000, 0.000000000000000000 ) ) ;
#1414 = EDGE_CURVE ( 'NONE', #1919, #189, #385, .T. ) ;
#1415 = EDGE_CURVE ( 'NONE', #3443, #1229, #2841, .T. ) ;
#1416 = ORIENTED_EDGE ( 'NONE', *, *, #3402, .T. ) ;
#1417 = VECTOR ( 'NONE', #4062, 1000.000000000000000 ) ;
#1418 = DIRECTION ( 'NONE',  ( 0.000000000000000000, -1.000000000000000000, 0.000000000000000000 ) ) ;
#1419 = DIRECTION ( 'NONE',  ( 0.000000000000000000, -1.000000000000000000, 0.000000000000000000 ) ) ;
#1420 = VERTEX_POINT ( 'NONE', #56 ) ;
#1421 = EDGE_CURVE ( 'NONE', #1719, #4046, #2078, .T. ) ;
#1422 = ORIENTED_EDGE ( 'NONE', *, *, #773, .F. ) ;
#1423 = LINE ( 'NONE', #2659, #661 ) ;
#1424 = AXIS2_PLACEMENT_3D ( 'NONE', #1669, #3615, #3964 ) ;
#1425 = AXIS2_PLACEMENT_3D ( 'NONE', #165, #2837, #123 ) ;
#1426 = LINE ( 'NONE', #2762, #1912 ) ;
#1427 = ORIENTED_EDGE ( 'NONE', *, *, #3849, .F. ) ;
#1428 = FACE_BOUND ( 'NONE', #1560, .T. ) ;
#1429 = AXIS2_PLACEMENT_3D ( 'NONE', #1998, #1276, #639 ) ;
#1430 = AXIS2_PLACEMENT_3D ( 'NONE', #3446, #2136, #1528 ) ;
#1431 = CARTESIAN_POINT ( 'NONE',  ( 11.06333803055154696, 17.85919931313775066, -25.06716082091806186 ) ) ;
#1432 = ORIENTED_EDGE ( 'NONE', *, *, #3589, .F. ) ;
#1433 = AXIS2_PLACEMENT_3D ( 'NONE', #2777, #3414, #3780 ) ;
#1434 = CARTESIAN_POINT ( 'NONE',  ( -32.82915934247331080, 12.85919931313785725, -3.292885719301666736 ) ) ;
#1435 = VERTEX_POINT ( 'NONE', #406 ) ;
#1436 = DIRECTION ( 'NONE',  ( 0.000000000000000000, -1.000000000000000000, 0.000000000000000000 ) ) ;
#1437 = CARTESIAN_POINT ( 'NONE',  ( 11.05870096590540896, 30.85919931313786080, 1.601543237628608285 ) ) ;
#1438 = ORIENTED_EDGE ( 'NONE', *, *, #3918, .F. ) ;
#1439 = CARTESIAN_POINT ( 'NONE',  ( -8.005313096291134300, 17.85919931313785725, -7.795817125485216437 ) ) ;
#1440 = CARTESIAN_POINT ( 'NONE',  ( -4.074965755494868169, 30.85919931313786080, 10.40454006122454267 ) ) ;
#1441 = ADVANCED_FACE ( 'NONE', ( #77 ), #1687, .F. ) ;
#1442 = AXIS2_PLACEMENT_3D ( 'NONE', #890, #973, #3936 ) ;
#1443 = AXIS2_PLACEMENT_3D ( 'NONE', #3980, #3940, #976 ) ;
#1444 = EDGE_LOOP ( 'NONE', ( #3969, #3250, #2057, #2901 ) ) ;
#1445 = EDGE_LOOP ( 'NONE', ( #261, #876 ) ) ;
#1446 = CARTESIAN_POINT ( 'NONE',  ( -9.888040223330667899, 20.86019931313785847, 5.204465316859363533 ) ) ;
#1447 = EDGE_CURVE ( 'NONE', #961, #1490, #4087, .T. ) ;
#1448 = EDGE_LOOP ( 'NONE', ( #1183, #1788, #363, #2868 ) ) ;
#1449 = DIRECTION ( 'NONE',  ( 0.000000000000000000, 0.000000000000000000, -1.000000000000000000 ) ) ;
#1450 = EDGE_LOOP ( 'NONE', ( #2118, #228, #3599, #1186 ) ) ;
#1451 = PLANE ( 'NONE',  #1782 ) ;
#1452 = EDGE_CURVE ( 'NONE', #3454, #3420, #184, .T. ) ;
#1453 = CARTESIAN_POINT ( 'NONE',  ( 2.940334720197848473, 20.86019931313785847, -8.786611796661640383 ) ) ;
#1454 = CARTESIAN_POINT ( 'NONE',  ( -4.887340320789482107, 17.85919931313785725, 1.055415754841304565 ) ) ;
#1455 = EDGE_LOOP ( 'NONE', ( #3376, #3984 ) ) ;
#1456 = AXIS2_PLACEMENT_3D ( 'NONE', #3818, #1876, #139 ) ;
#1457 = ORIENTED_EDGE ( 'NONE', *, *, #452, .T. ) ;
#1458 = LINE ( 'NONE', #2812, #4319 ) ;
#1459 = CARTESIAN_POINT ( 'NONE',  ( 7.176418544809854083, 20.86019931313785847, -8.022395237260900203 ) ) ;
#1460 = CARTESIAN_POINT ( 'NONE',  ( 3.333583850864015652, 17.85919931313785725, -2.726556169236711291 ) ) ;
#1461 = VERTEX_POINT ( 'NONE', #3914 ) ;
#1462 = DIRECTION ( 'NONE',  ( -0.000000000000000000, 1.000000000000000000, 0.000000000000000000 ) ) ;
#1463 = CARTESIAN_POINT ( 'NONE',  ( -8.222134956027318253, 30.85919931313786080, -1.293592826953300579 ) ) ;
#1464 = VERTEX_POINT ( 'NONE', #609 ) ;
#1465 = EDGE_LOOP ( 'NONE', ( #1559, #1604 ) ) ;
#1466 = CARTESIAN_POINT ( 'NONE',  ( -11.15453926701302123, 30.85919931313786080, -1.660343305112166989 ) ) ;
#1467 = CIRCLE ( 'NONE', #1265, 1.599999999999995426 ) ;
#1468 = CARTESIAN_POINT ( 'NONE',  ( 13.27648856862441384, 12.85919931313785725, -30.20482826935239018 ) ) ;
#1469 = AXIS2_PLACEMENT_3D ( 'NONE', #2071, #1763, #2092 ) ;
#1470 = VERTEX_POINT ( 'NONE', #2642 ) ;
#1471 = CARTESIAN_POINT ( 'NONE',  ( 11.04739247169366223, 17.85919931313785725, 18.99211815674078707 ) ) ;
#1472 = DIRECTION ( 'NONE',  ( 0.000000000000000000, -1.000000000000000000, 0.000000000000000000 ) ) ;
#1473 = FACE_OUTER_BOUND ( 'NONE', #2083, .T. ) ;
#1474 = AXIS2_PLACEMENT_3D ( 'NONE', #2627, #3963, #3280 ) ;
#1475 = ADVANCED_FACE ( 'NONE', ( #3977 ), #909, .F. ) ;
#1476 = EDGE_CURVE ( 'NONE', #3527, #4257, #1661, .T. ) ;
#1477 = DIRECTION ( 'NONE',  ( 0.2125559506843242297, 0.000000000000000000, 0.9771488974709447994 ) ) ;
#1478 = FACE_OUTER_BOUND ( 'NONE', #2697, .T. ) ;
#1479 = CARTESIAN_POINT ( 'NONE',  ( -20.88567302550920601, 12.85919931313785725, 23.41866173428412523 ) ) ;
#1480 = ORIENTED_EDGE ( 'NONE', *, *, #2429, .F. ) ;
#1481 = EDGE_CURVE ( 'NONE', #401, #1377, #324, .T. ) ;
#1482 = EDGE_LOOP ( 'NONE', ( #313, #2168, #3852, #1358 ) ) ;
#1483 = DIRECTION ( 'NONE',  ( 0.000000000000000000, 1.000000000000000000, 0.000000000000000000 ) ) ;
#1484 = DIRECTION ( 'NONE',  ( 0.000000000000000000, 0.000000000000000000, -1.000000000000000000 ) ) ;
#1485 = LINE ( 'NONE', #1196, #389 ) ;
#1486 = EDGE_LOOP ( 'NONE', ( #2463, #3548, #1778, #3138 ) ) ;
#1487 = FACE_OUTER_BOUND ( 'NONE', #1816, .T. ) ;
#1488 = DIRECTION ( 'NONE',  ( 0.000000000000000000, 0.000000000000000000, -1.000000000000000000 ) ) ;
#1489 = CIRCLE ( 'NONE', #1699, 0.9999999999999887867 ) ;
#1490 = VERTEX_POINT ( 'NONE', #4268 ) ;
#1491 = ORIENTED_EDGE ( 'NONE', *, *, #2172, .F. ) ;
#1492 = PLANE ( 'NONE',  #1644 ) ;
#1493 = CARTESIAN_POINT ( 'NONE',  ( 1.975200558668177564E-07, 30.85919931313786080, -1.148939346440336351E-07 ) ) ;
#1494 = VECTOR ( 'NONE', #3774, 1000.000000000000000 ) ;
#1495 = VERTEX_POINT ( 'NONE', #3608 ) ;
#1496 = CARTESIAN_POINT ( 'NONE',  ( -5.412115731844795441, 17.85919931313785725, -9.304235976145990961 ) ) ;
#1497 = CARTESIAN_POINT ( 'NONE',  ( -3.771059073209737100, 30.85919931313786080, 7.419972968920801826 ) ) ;
#1498 = VECTOR ( 'NONE', #480, 1000.000000000000000 ) ;
#1499 = CARTESIAN_POINT ( 'NONE',  ( 2.225758709196706153, 12.85919931313785725, -20.25844085344148837 ) ) ;
#1500 = AXIS2_PLACEMENT_3D ( 'NONE', #456, #1794, #1865 ) ;
#1501 = DIRECTION ( 'NONE',  ( 0.000000000000000000, -1.000000000000000000, 0.000000000000000000 ) ) ;
#1502 = EDGE_CURVE ( 'NONE', #663, #1016, #2006, .T. ) ;
#1503 = ADVANCED_FACE ( 'NONE', ( #3249, #1594 ), #3558, .T. ) ;
#1504 = CARTESIAN_POINT ( 'NONE',  ( -6.496894245630262077, 30.85919931313786080, -6.202619761038955737 ) ) ;
#1505 = ORIENTED_EDGE ( 'NONE', *, *, #3203, .F. ) ;
#1506 = ORIENTED_EDGE ( 'NONE', *, *, #2323, .T. ) ;
#1507 = VECTOR ( 'NONE', #3277, 1000.000000000000114 ) ;
#1508 = CARTESIAN_POINT ( 'NONE',  ( -26.89688058886707722, 17.85919931313776488, -11.87088095248773811 ) ) ;
#1509 = AXIS2_PLACEMENT_3D ( 'NONE', #2764, #3488, #1527 ) ;
#1510 = CARTESIAN_POINT ( 'NONE',  ( 11.04739247169366223, 12.85919931313785725, 18.99211815674078707 ) ) ;
#1511 = EDGE_CURVE ( 'NONE', #3736, #1470, #1263, .T. ) ;
#1512 = VECTOR ( 'NONE', #4069, 1000.000000000000000 ) ;
#1513 = LINE ( 'NONE', #4188, #3180 ) ;
#1514 = EDGE_LOOP ( 'NONE', ( #554, #4224 ) ) ;
#1515 = AXIS2_PLACEMENT_3D ( 'NONE', #4221, #2221, #3225 ) ;
#1516 = DIRECTION ( 'NONE',  ( -0.000000000000000000, 1.000000000000000000, -0.000000000000000000 ) ) ;
#1517 = LINE ( 'NONE', #520, #3170 ) ;
#1518 = VERTEX_POINT ( 'NONE', #2576 ) ;
#1519 = VERTEX_POINT ( 'NONE', #3582 ) ;
#1520 = DIRECTION ( 'NONE',  ( 0.000000000000000000, 0.000000000000000000, 1.000000000000000000 ) ) ;
#1521 = FACE_BOUND ( 'NONE', #1933, .T. ) ;
#1522 =( GEOMETRIC_REPRESENTATION_CONTEXT ( 3 ) GLOBAL_UNCERTAINTY_ASSIGNED_CONTEXT ( ( #1838 ) ) GLOBAL_UNIT_ASSIGNED_CONTEXT ( ( #3076, #1019, #2686 ) ) REPRESENTATION_CONTEXT ( 'NONE', 'WORKASPACE' ) );
#1523 = AXIS2_PLACEMENT_3D ( 'NONE', #3624, #1004, #718 ) ;
#1524 = CIRCLE ( 'NONE', #1795, 0.9999999999999887867 ) ;
#1525 = VERTEX_POINT ( 'NONE', #580 ) ;
#1526 = DIRECTION ( 'NONE',  ( 0.000000000000000000, 1.000000000000000000, 0.000000000000000000 ) ) ;
#1527 = DIRECTION ( 'NONE',  ( 0.000000000000000000, 0.000000000000000000, -1.000000000000000000 ) ) ;
#1528 = DIRECTION ( 'NONE',  ( 0.000000000000000000, 0.000000000000000000, -1.000000000000000000 ) ) ;
#1529 = FACE_OUTER_BOUND ( 'NONE', #2568, .T. ) ;
#1530 = ORIENTED_EDGE ( 'NONE', *, *, #1151, .F. ) ;
#1531 = ORIENTED_EDGE ( 'NONE', *, *, #3096, .F. ) ;
#1532 = EDGE_CURVE ( 'NONE', #309, #3527, #2598, .T. ) ;
#1533 = CARTESIAN_POINT ( 'NONE',  ( -0.5065109396218264726, 20.86019931313785847, 4.974278372278963190 ) ) ;
#1534 = EDGE_CURVE ( 'NONE', #1951, #2726, #2494, .T. ) ;
#1535 = CARTESIAN_POINT ( 'NONE',  ( 4.574299617395673145, 20.86019931313785847, 2.018857189951019038 ) ) ;
#1536 = ORIENTED_EDGE ( 'NONE', *, *, #1882, .T. ) ;
#1537 = EDGE_CURVE ( 'NONE', #1792, #1490, #534, .T. ) ;
#1538 = CARTESIAN_POINT ( 'NONE',  ( 21.47640974849846529, 12.85919931313785725, -6.237807194354280327 ) ) ;
#1539 = CARTESIAN_POINT ( 'NONE',  ( -0.5065109396218264726, 17.85919931313785725, 4.974278372278963190 ) ) ;
#1540 = EDGE_LOOP ( 'NONE', ( #1166, #4261 ) ) ;
#1541 = VERTEX_POINT ( 'NONE', #2383 ) ;
#1542 = CARTESIAN_POINT ( 'NONE',  ( -1.090398663191116002, 30.85919931313786080, 10.70844674350966663 ) ) ;
#1543 = ADVANCED_FACE ( 'NONE', ( #1720 ), #2004, .F. ) ;
#1544 = PLANE ( 'NONE',  #2204 ) ;
#1545 = EDGE_LOOP ( 'NONE', ( #114, #825 ) ) ;
#1546 = DIRECTION ( 'NONE',  ( 0.000000000000000000, 1.000000000000000000, 0.000000000000000000 ) ) ;
#1547 = CARTESIAN_POINT ( 'NONE',  ( -6.955635912344964922, 30.85919931313786080, 4.571215795018214401 ) ) ;
#1548 = CARTESIAN_POINT ( 'NONE',  ( -6.955635912344964922, 17.85919931313785725, 4.571215795018214401 ) ) ;
#1549 = CIRCLE ( 'NONE', #4208, 1.500000000000001332 ) ;
#1550 = DIRECTION ( 'NONE',  ( 0.000000000000000000, 0.000000000000000000, -1.000000000000000000 ) ) ;
#1551 = VERTEX_POINT ( 'NONE', #3336 ) ;
#1552 = ORIENTED_EDGE ( 'NONE', *, *, #1201, .T. ) ;
#1553 = FACE_OUTER_BOUND ( 'NONE', #17, .T. ) ;
#1554 = CARTESIAN_POINT ( 'NONE',  ( -14.64874571393334080, 12.85919931313785725, 17.97558173357456468 ) ) ;
#1555 = ORIENTED_EDGE ( 'NONE', *, *, #3762, .T. ) ;
#1556 = CARTESIAN_POINT ( 'NONE',  ( 11.05870096590540896, 20.86019931313785847, 1.601543237628608285 ) ) ;
#1557 = DIRECTION ( 'NONE',  ( 0.000000000000000000, -1.000000000000000000, 0.000000000000000000 ) ) ;
#1558 = EDGE_CURVE ( 'NONE', #1064, #3677, #2068, .T. ) ;
#1559 = ORIENTED_EDGE ( 'NONE', *, *, #1235, .T. ) ;
#1560 = EDGE_LOOP ( 'NONE', ( #2189, #339, #3126, #901 ) ) ;
#1561 = CARTESIAN_POINT ( 'NONE',  ( -13.27648856862440674, 12.85919931313785725, 30.20482826935239373 ) ) ;
#1562 = FACE_OUTER_BOUND ( 'NONE', #2704, .T. ) ;
#1563 = CIRCLE ( 'NONE', #2813, 1.599999999999981659 ) ;
#1564 = ADVANCED_FACE ( 'NONE', ( #1741 ), #1073, .F. ) ;
#1565 = VERTEX_POINT ( 'NONE', #3421 ) ;
#1566 = DIRECTION ( 'NONE',  ( 0.000000000000000000, 0.000000000000000000, -1.000000000000000000 ) ) ;
#1567 = CARTESIAN_POINT ( 'NONE',  ( 0.000000000000000000, 0.000000000000000000, -17.50000000000000000 ) ) ;
#1568 = CARTESIAN_POINT ( 'NONE',  ( -11.59499655816481578, 30.85919931313786080, -3.517427116932252851 ) ) ;
#1569 = VERTEX_POINT ( 'NONE', #475 ) ;
#1570 = VERTEX_POINT ( 'NONE', #150 ) ;
#1571 = CARTESIAN_POINT ( 'NONE',  ( -18.78833001138806935, 17.85919931313785369, 41.14300867111501248 ) ) ;
#1572 = ORIENTED_EDGE ( 'NONE', *, *, #592, .T. ) ;
#1573 = FACE_BOUND ( 'NONE', #4189, .T. ) ;
#1574 = FACE_OUTER_BOUND ( 'NONE', #2710, .T. ) ;
#1575 = AXIS2_PLACEMENT_3D ( 'NONE', #735, #2685, #2336 ) ;
#1576 = VECTOR ( 'NONE', #1285, 1000.000000000000000 ) ;
#1577 = CIRCLE ( 'NONE', #2405, 1.500000000000001332 ) ;
#1578 = DIRECTION ( 'NONE',  ( 0.000000000000000000, 1.000000000000000000, 0.000000000000000000 ) ) ;
#1579 = ORIENTED_EDGE ( 'NONE', *, *, #192, .T. ) ;
#1580 = CARTESIAN_POINT ( 'NONE',  ( 9.847386582998350235, 20.86019931313785847, 4.346122889553994284 ) ) ;
#1581 = FACE_BOUND ( 'NONE', #964, .T. ) ;
#1582 = AXIS2_PLACEMENT_3D ( 'NONE', #1001, #4337, #3265 ) ;
#1583 = EDGE_LOOP ( 'NONE', ( #2886, #1491, #3370, #3158 ) ) ;
#1584 = VECTOR ( 'NONE', #2639, 1000.000000000000000 ) ;
#1585 = VERTEX_POINT ( 'NONE', #4163 ) ;
#1586 = DIRECTION ( 'NONE',  ( 0.000000000000000000, 0.000000000000000000, -1.000000000000000000 ) ) ;
#1587 = CARTESIAN_POINT ( 'NONE',  ( 7.176418544809854083, 17.85919931313785725, -7.022395237260910861 ) ) ;
#1588 = VERTEX_POINT ( 'NONE', #1734 ) ;
#1589 = DIRECTION ( 'NONE',  ( 0.000000000000000000, -1.000000000000000000, 0.000000000000000000 ) ) ;
#1590 = EDGE_CURVE ( 'NONE', #2112, #180, #2770, .T. ) ;
#1591 = DIRECTION ( 'NONE',  ( -0.000000000000000000, 1.000000000000000000, -0.000000000000000000 ) ) ;
#1592 = DIRECTION ( 'NONE',  ( 0.000000000000000000, -0.000000000000000000, -1.000000000000000000 ) ) ;
#1593 = ORIENTED_EDGE ( 'NONE', *, *, #2116, .T. ) ;
#1594 = FACE_BOUND ( 'NONE', #1277, .T. ) ;
#1595 = ORIENTED_EDGE ( 'NONE', *, *, #1853, .F. ) ;
#1596 = CARTESIAN_POINT ( 'NONE',  ( 11.04739247169366223, 17.85919931313785725, 20.59211802243064326 ) ) ;
#1597 = EDGE_CURVE ( 'NONE', #1288, #423, #3437, .T. ) ;
#1598 = DIRECTION ( 'NONE',  ( 0.1013022274283755242, 0.000000000000000000, -0.9948556974345826864 ) ) ;
#1599 = DIRECTION ( 'NONE',  ( 0.000000000000000000, -0.000000000000000000, -1.000000000000000000 ) ) ;
#1600 = ORIENTED_EDGE ( 'NONE', *, *, #4191, .F. ) ;
#1601 = DIRECTION ( 'NONE',  ( 0.000000000000000000, 0.000000000000000000, -1.000000000000000000 ) ) ;
#1602 = DIRECTION ( 'NONE',  ( 0.000000000000000000, 0.000000000000000000, -1.000000000000000000 ) ) ;
#1603 = CIRCLE ( 'NONE', #1172, 0.9999999999999817923 ) ;
#1604 = ORIENTED_EDGE ( 'NONE', *, *, #746, .T. ) ;
#1605 = ORIENTED_EDGE ( 'NONE', *, *, #642, .T. ) ;
#1606 = DIRECTION ( 'NONE',  ( 0.000000000000000000, 0.000000000000000000, -1.000000000000000000 ) ) ;
#1607 = FACE_OUTER_BOUND ( 'NONE', #2427, .T. ) ;
#1608 = EDGE_LOOP ( 'NONE', ( #108, #3785, #3078, #3408 ) ) ;
#1609 = CARTESIAN_POINT ( 'NONE',  ( 2.198075111397766790, 20.86019931313785847, 8.027786333491063075 ) ) ;
#1610 = DIRECTION ( 'NONE',  ( 0.000000000000000000, 0.000000000000000000, 1.000000000000000000 ) ) ;
#1611 = CARTESIAN_POINT ( 'NONE',  ( 0.000000000000000000, 17.85919931313785725, -0.000000000000000000 ) ) ;
#1612 = VERTEX_POINT ( 'NONE', #410 ) ;
#1613 = EDGE_CURVE ( 'NONE', #961, #3981, #25, .T. ) ;
#1614 = VERTEX_POINT ( 'NONE', #2751 ) ;
#1615 = EDGE_CURVE ( 'NONE', #4026, #208, #763, .T. ) ;
#1616 = CARTESIAN_POINT ( 'NONE',  ( -1.090398663191116002, 20.86019931313785847, 10.70844674350966663 ) ) ;
#1617 = CARTESIAN_POINT ( 'NONE',  ( -2.818918367398545843, 17.85919931313785725, -10.81265482680686318 ) ) ;
#1618 = AXIS2_PLACEMENT_3D ( 'NONE', #902, #1319, #3985 ) ;
#1619 = DIRECTION ( 'NONE',  ( 0.000000000000000000, 0.000000000000000000, -1.000000000000000000 ) ) ;
#1620 = VECTOR ( 'NONE', #1271, 1000.000000000000000 ) ;
#1621 = DIRECTION ( 'NONE',  ( 0.4023923348681299750, 0.000000000000000000, -0.9154673171879893490 ) ) ;
#1622 = EDGE_CURVE ( 'NONE', #1464, #2844, #457, .T. ) ;
#1623 = CIRCLE ( 'NONE', #1970, 1.599999999999981659 ) ;
#1624 = DIRECTION ( 'NONE',  ( 0.000000000000000000, 1.000000000000000000, 0.000000000000000000 ) ) ;
#1625 = ORIENTED_EDGE ( 'NONE', *, *, #3, .T. ) ;
#1626 = CYLINDRICAL_SURFACE ( 'NONE', #1984, 18.49938265908035007 ) ;
#1627 = CARTESIAN_POINT ( 'NONE',  ( -10.52128974517189874, 17.85919931313785725, 2.272061005873640571 ) ) ;
#1628 = DIRECTION ( 'NONE',  ( -0.000000000000000000, 1.000000000000000000, 0.000000000000000000 ) ) ;
#1629 = VERTEX_POINT ( 'NONE', #61 ) ;
#1630 = CARTESIAN_POINT ( 'NONE',  ( -5.412115731844795441, 20.86019931313785847, -10.30423597614598030 ) ) ;
#1631 = DIRECTION ( 'NONE',  ( 0.000000000000000000, -1.000000000000000000, 0.000000000000000000 ) ) ;
#1632 = VERTEX_POINT ( 'NONE', #2474 ) ;
#1633 = DIRECTION ( 'NONE',  ( 0.000000000000000000, 1.000000000000000000, 0.000000000000000000 ) ) ;
#1634 = CARTESIAN_POINT ( 'NONE',  ( 2.198075111397766790, 20.86019931313785847, 8.027786333491063075 ) ) ;
#1635 = VECTOR ( 'NONE', #2873, 1000.000000000000000 ) ;
#1636 = LINE ( 'NONE', #4307, #3000 ) ;
#1637 = ORIENTED_EDGE ( 'NONE', *, *, #2311, .F. ) ;
#1638 = CIRCLE ( 'NONE', #436, 1.500000000000000666 ) ;
#1639 = LINE ( 'NONE', #4225, #2218 ) ;
#1640 = DIRECTION ( 'NONE',  ( 0.000000000000000000, 1.000000000000000000, 0.000000000000000000 ) ) ;
#1641 = EDGE_CURVE ( 'NONE', #3593, #3438, #370, .T. ) ;
#1642 = EDGE_CURVE ( 'NONE', #1390, #95, #3655, .T. ) ;
#1643 = CARTESIAN_POINT ( 'NONE',  ( 1.894168429112635943, 20.86019931313785847, 11.01235342579480481 ) ) ;
#1644 = AXIS2_PLACEMENT_3D ( 'NONE', #130, #1800, #2478 ) ;
#1645 = ORIENTED_EDGE ( 'NONE', *, *, #1615, .F. ) ;
#1646 = AXIS2_PLACEMENT_3D ( 'NONE', #2927, #3302, #2317 ) ;
#1647 = CARTESIAN_POINT ( 'NONE',  ( -26.89688058886707722, 17.85919931313776488, -11.87088095248773811 ) ) ;
#1648 = CYLINDRICAL_SURFACE ( 'NONE', #3873, 1.500000000000000666 ) ;
#1649 = EDGE_CURVE ( 'NONE', #790, #1077, #441, .T. ) ;
#1650 = VECTOR ( 'NONE', #1811, 1000.000000000000000 ) ;
#1651 = DIRECTION ( 'NONE',  ( -0.000000000000000000, 1.000000000000000000, 0.000000000000000000 ) ) ;
#1652 = VERTEX_POINT ( 'NONE', #3221 ) ;
#1653 = CARTESIAN_POINT ( 'NONE',  ( -0.5065109396218264726, 30.85919931313786080, 3.974278372278974292 ) ) ;
#1654 = CARTESIAN_POINT ( 'NONE',  ( 5.891492548166014309, 30.85919931313786080, 6.879388158572303347 ) ) ;
#1655 = ORIENTED_EDGE ( 'NONE', *, *, #1797, .F. ) ;
#1656 = AXIS2_PLACEMENT_3D ( 'NONE', #2037, #347, #1692 ) ;
#1657 = DIRECTION ( 'NONE',  ( 0.000000000000000000, -1.000000000000000000, 0.000000000000000000 ) ) ;
#1658 = ORIENTED_EDGE ( 'NONE', *, *, #3586, .F. ) ;
#1659 = DIRECTION ( 'NONE',  ( 0.000000000000000000, -1.000000000000000000, 0.000000000000000000 ) ) ;
#1660 = CARTESIAN_POINT ( 'NONE',  ( 6.372601501110166211, 17.85919931313785725, 10.95545339059883538 ) ) ;
#1661 = CIRCLE ( 'NONE', #2638, 0.9999999999999961142 ) ;
#1662 = VECTOR ( 'NONE', #1683, 1000.000000000000000 ) ;
#1663 = VECTOR ( 'NONE', #3760, 1000.000000000000000 ) ;
#1664 = EDGE_CURVE ( 'NONE', #2270, #1946, #222, .T. ) ;
#1665 = DIRECTION ( 'NONE',  ( 0.000000000000000000, -1.000000000000000000, 0.000000000000000000 ) ) ;
#1666 = EDGE_CURVE ( 'NONE', #2891, #1877, #1991, .T. ) ;
#1667 = VERTEX_POINT ( 'NONE', #1718 ) ;
#1668 = DIRECTION ( 'NONE',  ( 0.000000000000000000, 0.000000000000000000, -1.000000000000000000 ) ) ;
#1669 = CARTESIAN_POINT ( 'NONE',  ( 4.574299617395673145, 30.85919931313786080, 2.018857189951019038 ) ) ;
#1670 = EDGE_CURVE ( 'NONE', #3838, #1518, #86, .T. ) ;
#1671 = EDGE_CURVE ( 'NONE', #3677, #2042, #2065, .T. ) ;
#1672 = ORIENTED_EDGE ( 'NONE', *, *, #1267, .F. ) ;
#1673 = DIRECTION ( 'NONE',  ( 0.000000000000000000, 1.000000000000000000, 0.000000000000000000 ) ) ;
#1674 = DIRECTION ( 'NONE',  ( 0.000000000000000000, 0.000000000000000000, -1.000000000000000000 ) ) ;
#1675 = VECTOR ( 'NONE', #3490, 1000.000000000000000 ) ;
#1676 = EDGE_LOOP ( 'NONE', ( #648, #2516 ) ) ;
#1677 = CYLINDRICAL_SURFACE ( 'NONE', #814, 1.599999865689857970 ) ;
#1678 = ADVANCED_FACE ( 'NONE', ( #47 ), #3133, .F. ) ;
#1679 = ORIENTED_EDGE ( 'NONE', *, *, #1036, .F. ) ;
#1680 = CARTESIAN_POINT ( 'NONE',  ( 7.412201985409108573, 30.85919931313786080, -3.786311412648991848 ) ) ;
#1681 = DIRECTION ( 'NONE',  ( -0.000000000000000000, 1.000000000000000000, -0.000000000000000000 ) ) ;
#1682 = EDGE_LOOP ( 'NONE', ( #2545, #528, #1909, #304 ) ) ;
#1683 = DIRECTION ( 'NONE',  ( 0.000000000000000000, -1.000000000000000000, 0.000000000000000000 ) ) ;
#1684 = EDGE_LOOP ( 'NONE', ( #2456, #3190 ) ) ;
#1685 = DIRECTION ( 'NONE',  ( 0.000000000000000000, -1.000000000000000000, 0.000000000000000000 ) ) ;
#1686 = DIRECTION ( 'NONE',  ( 0.000000000000000000, -1.000000000000000000, 0.000000000000000000 ) ) ;
#1687 = CYLINDRICAL_SURFACE ( 'NONE', #1237, 0.9999999999999887867 ) ;
#1688 = VECTOR ( 'NONE', #336, 1000.000000000000000 ) ;
#1689 = AXIS2_PLACEMENT_3D ( 'NONE', #848, #2186, #4114 ) ;
#1690 = ORIENTED_EDGE ( 'NONE', *, *, #110, .F. ) ;
#1691 = LINE ( 'NONE', #2081, #3287 ) ;
#1692 = DIRECTION ( 'NONE',  ( 0.000000000000000000, 0.000000000000000000, -1.000000000000000000 ) ) ;
#1693 = ADVANCED_FACE ( 'NONE', ( #4122 ), #1115, .F. ) ;
#1694 = ORIENTED_EDGE ( 'NONE', *, *, #2375, .T. ) ;
#1695 = DIRECTION ( 'NONE',  ( 0.000000000000000000, 1.000000000000000000, 0.000000000000000000 ) ) ;
#1696 = EDGE_CURVE ( 'NONE', #1918, #1240, #3721, .T. ) ;
#1697 = VERTEX_POINT ( 'NONE', #2388 ) ;
#1698 = DIRECTION ( 'NONE',  ( 0.000000000000000000, 0.000000000000000000, -1.000000000000000000 ) ) ;
#1699 = AXIS2_PLACEMENT_3D ( 'NONE', #4076, #2432, #415 ) ;
#1700 = DIRECTION ( 'NONE',  ( 0.000000000000000000, -1.000000000000000000, 0.000000000000000000 ) ) ;
#1701 = ORIENTED_EDGE ( 'NONE', *, *, #1127, .F. ) ;
#1702 = ORIENTED_EDGE ( 'NONE', *, *, #1370, .F. ) ;
#1703 = CYLINDRICAL_SURFACE ( 'NONE', #651, 1.500000000000000222 ) ;
#1704 = CARTESIAN_POINT ( 'NONE',  ( -8.222134956027318253, 20.86019931313785847, -0.2935928269533045198 ) ) ;
#1705 = AXIS2_PLACEMENT_3D ( 'NONE', #54, #3048, #3026 ) ;
#1706 = CARTESIAN_POINT ( 'NONE',  ( 21.47640974849846529, 17.85919931313785725, -4.637807328665304318 ) ) ;
#1707 = VECTOR ( 'NONE', #3107, 1000.000000000000114 ) ;
#1708 = EDGE_LOOP ( 'NONE', ( #3781, #3874, #1380 ) ) ;
#1709 = DIRECTION ( 'NONE',  ( 0.000000000000000000, 1.000000000000000000, 0.000000000000000000 ) ) ;
#1710 = CARTESIAN_POINT ( 'NONE',  ( -8.450013146662174179, 20.86019931313785847, 9.446125194918316481 ) ) ;
#1711 = AXIS2_PLACEMENT_3D ( 'NONE', #3674, #4024, #2354 ) ;
#1712 = ORIENTED_EDGE ( 'NONE', *, *, #1744, .F. ) ;
#1713 = CARTESIAN_POINT ( 'NONE',  ( -8.222134956027318253, 17.85919931313785725, -1.293592826953300579 ) ) ;
#1714 = EDGE_LOOP ( 'NONE', ( #2877, #2202, #3228, #2785 ) ) ;
#1715 = AXIS2_PLACEMENT_3D ( 'NONE', #583, #1640, #1921 ) ;
#1716 = EDGE_CURVE ( 'NONE', #1470, #2361, #586, .T. ) ;
#1717 = CIRCLE ( 'NONE', #4239, 1.599999865687928846 ) ;
#1718 = CARTESIAN_POINT ( 'NONE',  ( -4.887340320789482107, 17.85919931313785725, 0.05541575484131560508 ) ) ;
#1719 = VERTEX_POINT ( 'NONE', #1894 ) ;
#1720 = FACE_OUTER_BOUND ( 'NONE', #3355, .T. ) ;
#1721 = FACE_BOUND ( 'NONE', #1465, .T. ) ;
#1722 = DIRECTION ( 'NONE',  ( 0.000000000000000000, 0.000000000000000000, -1.000000000000000000 ) ) ;
#1723 = VERTEX_POINT ( 'NONE', #3223 ) ;
#1724 = ORIENTED_EDGE ( 'NONE', *, *, #2325, .F. ) ;
#1725 = DIRECTION ( 'NONE',  ( 0.000000000000000000, 0.000000000000000000, 1.000000000000000000 ) ) ;
#1726 = COLOUR_RGB ( '',0.7921568627450980005, 0.8196078431372548767, 0.9333333333333333481 ) ;
#1727 = VECTOR ( 'NONE', #2251, 1000.000000000000000 ) ;
#1728 = FACE_BOUND ( 'NONE', #843, .T. ) ;
#1729 = VECTOR ( 'NONE', #3275, 1000.000000000000000 ) ;
#1730 = CARTESIAN_POINT ( 'NONE',  ( -2.818918367398545843, 30.85919931313786080, -9.812654826806875619 ) ) ;
#1731 = ORIENTED_EDGE ( 'NONE', *, *, #1847, .F. ) ;
#1732 = DIRECTION ( 'NONE',  ( 0.000000000000000000, 0.000000000000000000, -1.000000000000000000 ) ) ;
#1733 = CARTESIAN_POINT ( 'NONE',  ( 10.91138468940898143, 17.85919931313785725, -23.57487727476618744 ) ) ;
#1734 = CARTESIAN_POINT ( 'NONE',  ( 4.940484912204182066, 17.85919931313785725, -11.02254542926732661 ) ) ;
#1735 = EDGE_LOOP ( 'NONE', ( #1438, #140, #1403, #2333 ) ) ;
#1736 = AXIS2_PLACEMENT_3D ( 'NONE', #3134, #3468, #1449 ) ;
#1737 = ORIENTED_EDGE ( 'NONE', *, *, #3777, .F. ) ;
#1738 = CARTESIAN_POINT ( 'NONE',  ( 6.372601501110166211, 30.85919931313786080, 9.355453390598853503 ) ) ;
#1739 = DIRECTION ( 'NONE',  ( 0.000000000000000000, 0.000000000000000000, -1.000000000000000000 ) ) ;
#1740 = VERTEX_POINT ( 'NONE', #224 ) ;
#1741 = FACE_OUTER_BOUND ( 'NONE', #1110, .T. ) ;
#1742 = LINE ( 'NONE', #1048, #4104 ) ;
#1743 = ADVANCED_FACE ( 'NONE', ( #3813 ), #1826, .F. ) ;
#1744 = EDGE_CURVE ( 'NONE', #3146, #1901, #4278, .T. ) ;
#1745 = DIRECTION ( 'NONE',  ( 0.000000000000000000, 1.000000000000000000, 0.000000000000000000 ) ) ;
#1746 = ORIENTED_EDGE ( 'NONE', *, *, #3153, .F. ) ;
#1747 = DIRECTION ( 'NONE',  ( 0.000000000000000000, 0.000000000000000000, -1.000000000000000000 ) ) ;
#1748 = ORIENTED_EDGE ( 'NONE', *, *, #3855, .F. ) ;
#1749 = DIRECTION ( 'NONE',  ( 0.000000000000000000, 0.000000000000000000, -1.000000000000000000 ) ) ;
#1750 = DIRECTION ( 'NONE',  ( 0.000000000000000000, -1.000000000000000000, 0.000000000000000000 ) ) ;
#1751 = EDGE_CURVE ( 'NONE', #804, #1723, #594, .T. ) ;
#1752 = VERTEX_POINT ( 'NONE', #3111 ) ;
#1753 = CARTESIAN_POINT ( 'NONE',  ( -9.888040223330667899, 20.86019931313785847, 4.204465316859361756 ) ) ;
#1754 = LINE ( 'NONE', #3075, #2056 ) ;
#1755 = AXIS2_PLACEMENT_3D ( 'NONE', #3779, #2818, #3144 ) ;
#1756 = EDGE_LOOP ( 'NONE', ( #2511, #2535, #2635, #2259 ) ) ;
#1757 = EDGE_LOOP ( 'NONE', ( #2300, #319 ) ) ;
#1758 = DIRECTION ( 'NONE',  ( 0.000000000000000000, -1.000000000000000000, 0.000000000000000000 ) ) ;
#1759 = CARTESIAN_POINT ( 'NONE',  ( 9.412352177415431953, 20.86019931313785847, -5.022245045254584817 ) ) ;
#1760 = ORIENTED_EDGE ( 'NONE', *, *, #3345, .T. ) ;
#1761 = FACE_BOUND ( 'NONE', #3951, .T. ) ;
#1762 = CYLINDRICAL_SURFACE ( 'NONE', #4172, 0.9999999999999887867 ) ;
#1763 = DIRECTION ( 'NONE',  ( 0.000000000000000000, -1.000000000000000000, 0.000000000000000000 ) ) ;
#1764 = ORIENTED_EDGE ( 'NONE', *, *, #2165, .F. ) ;
#1765 = EDGE_LOOP ( 'NONE', ( #1783, #174 ) ) ;
#1766 = DIRECTION ( 'NONE',  ( 0.000000000000000000, 0.000000000000000000, -1.000000000000000000 ) ) ;
#1767 = ADVANCED_FACE ( 'NONE', ( #1473 ), #2411, .F. ) ;
#1768 = FACE_BOUND ( 'NONE', #769, .T. ) ;
#1769 = VERTEX_POINT ( 'NONE', #2739 ) ;
#1770 = AXIS2_PLACEMENT_3D ( 'NONE', #1053, #35, #1334 ) ;
#1771 = CARTESIAN_POINT ( 'NONE',  ( 9.847386582998350235, 17.85919931313785725, 4.346122889553994284 ) ) ;
#1772 = EDGE_CURVE ( 'NONE', #1032, #1899, #4143, .T. ) ;
#1773 = DIRECTION ( 'NONE',  ( 0.7463150875864126288, 0.000000000000000000, 0.6655928109894857503 ) ) ;
#1774 = ORIENTED_EDGE ( 'NONE', *, *, #2720, .T. ) ;
#1775 = ORIENTED_EDGE ( 'NONE', *, *, #3771, .T. ) ;
#1776 = CARTESIAN_POINT ( 'NONE',  ( 0.000000000000000000, 12.85919931313785725, 0.000000000000000000 ) ) ;
#1777 = VECTOR ( 'NONE', #4100, 1000.000000000000000 ) ;
#1778 = ORIENTED_EDGE ( 'NONE', *, *, #3187, .T. ) ;
#1779 = CARTESIAN_POINT ( 'NONE',  ( 0.000000000000000000, 12.85919931313785725, -0.000000000000000000 ) ) ;
#1780 = CIRCLE ( 'NONE', #3878, 0.9999999999999887867 ) ;
#1781 = DIRECTION ( 'NONE',  ( 0.000000000000000000, 0.000000000000000000, -1.000000000000000000 ) ) ;
#1782 = AXIS2_PLACEMENT_3D ( 'NONE', #2829, #3422, #3154 ) ;
#1783 = ORIENTED_EDGE ( 'NONE', *, *, #915, .T. ) ;
#1784 = FACE_BOUND ( 'NONE', #3973, .T. ) ;
#1785 = AXIS2_PLACEMENT_3D ( 'NONE', #2282, #240, #1674 ) ;
#1786 = CIRCLE ( 'NONE', #805, 0.9999999999999961142 ) ;
#1787 = LINE ( 'NONE', #1504, #2431 ) ;
#1788 = ORIENTED_EDGE ( 'NONE', *, *, #4250, .T. ) ;
#1789 = ORIENTED_EDGE ( 'NONE', *, *, #4132, .F. ) ;
#1790 = DIRECTION ( 'NONE',  ( 0.000000000000000000, 0.000000000000000000, -1.000000000000000000 ) ) ;
#1791 = CARTESIAN_POINT ( 'NONE',  ( -8.222134956027318253, 17.85919931313785725, -0.2935928269533045198 ) ) ;
#1792 = VERTEX_POINT ( 'NONE', #1818 ) ;
#1793 = CARTESIAN_POINT ( 'NONE',  ( 2.198075111397766790, 17.85919931313785725, 8.027786333491063075 ) ) ;
#1794 = DIRECTION ( 'NONE',  ( 0.000000000000000000, -1.000000000000000000, 0.000000000000000000 ) ) ;
#1795 = AXIS2_PLACEMENT_3D ( 'NONE', #2617, #2780, #413 ) ;
#1796 = EDGE_CURVE ( 'NONE', #2464, #1905, #3148, .T. ) ;
#1797 = EDGE_CURVE ( 'NONE', #2376, #3350, #1135, .T. ) ;
#1798 = ORIENTED_EDGE ( 'NONE', *, *, #565, .F. ) ;
#1799 = ORIENTED_EDGE ( 'NONE', *, *, #2311, .T. ) ;
#1800 = DIRECTION ( 'NONE',  ( -0.9771488974709450215, -0.000000000000000000, 0.2125559506843236468 ) ) ;
#1801 = DIRECTION ( 'NONE',  ( 0.000000000000000000, 0.000000000000000000, -1.000000000000000000 ) ) ;
#1802 = ADVANCED_FACE ( 'NONE', ( #3503 ), #1492, .T. ) ;
#1803 = ORIENTED_EDGE ( 'NONE', *, *, #1057, .T. ) ;
#1804 = CYLINDRICAL_SURFACE ( 'NONE', #1105, 1.599999865689569978 ) ;
#1805 = DIRECTION ( 'NONE',  ( 0.000000000000000000, -1.000000000000000000, 0.000000000000000000 ) ) ;
#1806 = CYLINDRICAL_SURFACE ( 'NONE', #1456, 0.9999999999999887867 ) ;
#1807 = VERTEX_POINT ( 'NONE', #3215 ) ;
#1808 = AXIS2_PLACEMENT_3D ( 'NONE', #3510, #508, #1099 ) ;
#1809 = ORIENTED_EDGE ( 'NONE', *, *, #3480, .F. ) ;
#1810 = CARTESIAN_POINT ( 'NONE',  ( -8.222134956027318253, 30.85919931313786080, -1.293592826953300579 ) ) ;
#1811 = DIRECTION ( 'NONE',  ( 0.000000000000000000, -1.000000000000000000, 0.000000000000000000 ) ) ;
#1812 = FACE_OUTER_BOUND ( 'NONE', #2876, .T. ) ;
#1813 = ORIENTED_EDGE ( 'NONE', *, *, #452, .F. ) ;
#1814 = CYLINDRICAL_SURFACE ( 'NONE', #564, 0.9999999999999887867 ) ;
#1815 = FACE_OUTER_BOUND ( 'NONE', #1171, .T. ) ;
#1816 = EDGE_LOOP ( 'NONE', ( #357, #3891, #2559, #2059 ) ) ;
#1817 = VERTEX_POINT ( 'NONE', #2802 ) ;
#1818 = CARTESIAN_POINT ( 'NONE',  ( -18.87595643811361867, 20.05919931313785654, 42.00355884939591533 ) ) ;
#1819 = CIRCLE ( 'NONE', #1967, 0.9999999999999961142 ) ;
#1820 = FACE_BOUND ( 'NONE', #1676, .T. ) ;
#1821 = EDGE_CURVE ( 'NONE', #2344, #53, #1206, .T. ) ;
#1822 = EDGE_CURVE ( 'NONE', #501, #777, #1140, .T. ) ;
#1823 = VECTOR ( 'NONE', #1621, 1000.000000000000114 ) ;
#1824 = ORIENTED_EDGE ( 'NONE', *, *, #1182, .T. ) ;
#1825 = DIRECTION ( 'NONE',  ( 0.000000000000000000, 0.000000000000000000, -1.000000000000000000 ) ) ;
#1826 = CYLINDRICAL_SURFACE ( 'NONE', #3093, 1.000000000000002665 ) ;
#1827 = EDGE_CURVE ( 'NONE', #2844, #1697, #4235, .T. ) ;
#1828 = DIRECTION ( 'NONE',  ( 0.000000000000000000, 0.000000000000000000, -1.000000000000000000 ) ) ;
#1829 = FACE_OUTER_BOUND ( 'NONE', #1486, .T. ) ;
#1830 = CARTESIAN_POINT ( 'NONE',  ( 8.314121313980017192, 30.85919931313786080, 1.390228854721650142 ) ) ;
#1831 = ORIENTED_EDGE ( 'NONE', *, *, #2349, .T. ) ;
#1832 = ORIENTED_EDGE ( 'NONE', *, *, #2622, .F. ) ;
#1833 = DIRECTION ( 'NONE',  ( 0.000000000000000000, 0.000000000000000000, 1.000000000000000000 ) ) ;
#1834 = DIRECTION ( 'NONE',  ( 0.000000000000000000, 0.000000000000000000, -1.000000000000000000 ) ) ;
#1835 = ORIENTED_EDGE ( 'NONE', *, *, #2038, .F. ) ;
#1836 = DIRECTION ( 'NONE',  ( -0.000000000000000000, 1.000000000000000000, -0.000000000000000000 ) ) ;
#1837 = CARTESIAN_POINT ( 'NONE',  ( 4.940484912204182066, 30.85919931313786080, -11.02254542926732661 ) ) ;
#1838 = UNCERTAINTY_MEASURE_WITH_UNIT (LENGTH_MEASURE( 1.000000000000000082E-05 ), #3076, 'distance_accuracy_value', 'NONE');
#1839 = VECTOR ( 'NONE', #575, 1000.000000000000000 ) ;
#1840 = VERTEX_POINT ( 'NONE', #810 ) ;
#1841 = VERTEX_POINT ( 'NONE', #548 ) ;
#1842 = DIRECTION ( 'NONE',  ( 0.000000000000000000, 0.000000000000000000, -1.000000000000000000 ) ) ;
#1843 = PLANE ( 'NONE',  #803 ) ;
#1844 = ORIENTED_EDGE ( 'NONE', *, *, #3452, .F. ) ;
#1846 = EDGE_CURVE ( 'NONE', #3537, #208, #937, .T. ) ;
#1845 = FACE_OUTER_BOUND ( 'NONE', #518, .T. ) ;
#1847 = EDGE_CURVE ( 'NONE', #2607, #3736, #1287, .T. ) ;
#1848 = AXIS2_PLACEMENT_3D ( 'NONE', #1109, #3757, #3053 ) ;
#1849 = VECTOR ( 'NONE', #634, 1000.000000000000000 ) ;
#1850 = CARTESIAN_POINT ( 'NONE',  ( -20.10081521546007721, 17.85919931313785725, -7.271452111143048569 ) ) ;
#1851 = AXIS2_PLACEMENT_3D ( 'NONE', #3979, #1949, #3959 ) ;
#1852 = DIRECTION ( 'NONE',  ( -0.7463150875864126288, 0.000000000000000000, -0.6655928109894857503 ) ) ;
#1853 = EDGE_CURVE ( 'NONE', #2224, #697, #461, .T. ) ;
#1854 = ORIENTED_EDGE ( 'NONE', *, *, #212, .T. ) ;
#1855 = ADVANCED_FACE ( 'NONE', ( #499 ), #3853, .F. ) ;
#1856 = EDGE_LOOP ( 'NONE', ( #354, #2028, #2756, #3851 ) ) ;
#1857 = AXIS2_PLACEMENT_3D ( 'NONE', #3161, #2814, #210 ) ;
#1858 = DIRECTION ( 'NONE',  ( 0.1013022274283767593, 0.000000000000000000, -0.9948556974345824644 ) ) ;
#1859 = FACE_OUTER_BOUND ( 'NONE', #1274, .T. ) ;
#1860 = VECTOR ( 'NONE', #1659, 1000.000000000000000 ) ;
#1861 = ADVANCED_FACE ( 'NONE', ( #3168 ), #3876, .F. ) ;
#1862 = FACE_OUTER_BOUND ( 'NONE', #2237, .T. ) ;
#1863 = VERTEX_POINT ( 'NONE', #2850 ) ;
#1864 = DIRECTION ( 'NONE',  ( 0.000000000000000000, -1.000000000000000000, 0.000000000000000000 ) ) ;
#1865 = DIRECTION ( 'NONE',  ( 0.000000000000000000, 0.000000000000000000, -1.000000000000000000 ) ) ;
#1866 = VERTEX_POINT ( 'NONE', #3524 ) ;
#1867 = ORIENTED_EDGE ( 'NONE', *, *, #1414, .T. ) ;
#1868 = DIRECTION ( 'NONE',  ( 0.000000000000000000, -1.000000000000000000, 0.000000000000000000 ) ) ;
#1869 = CARTESIAN_POINT ( 'NONE',  ( -18.97725866554199214, 17.85919931313785369, 42.99841454683050301 ) ) ;
#1870 = VECTOR ( 'NONE', #1175, 1000.000000000000000 ) ;
#1871 = CIRCLE ( 'NONE', #1164, 0.9999999999999887867 ) ;
#1872 = CIRCLE ( 'NONE', #536, 0.9999999999999887867 ) ;
#1873 = ORIENTED_EDGE ( 'NONE', *, *, #3796, .F. ) ;
#1874 = DIRECTION ( 'NONE',  ( -0.000000000000000000, 1.000000000000000000, -0.000000000000000000 ) ) ;
#1875 = CARTESIAN_POINT ( 'NONE',  ( 0.000000000000000000, 0.000000000000000000, 0.000000000000000000 ) ) ;
#1876 = DIRECTION ( 'NONE',  ( 0.000000000000000000, -1.000000000000000000, 0.000000000000000000 ) ) ;
#1877 = VERTEX_POINT ( 'NONE', #4195 ) ;
#1878 = ORIENTED_EDGE ( 'NONE', *, *, #2325, .T. ) ;
#1879 = CARTESIAN_POINT ( 'NONE',  ( -10.52128974517189874, 30.85919931313786080, 1.272061005873644568 ) ) ;
#1880 = CYLINDRICAL_SURFACE ( 'NONE', #946, 0.9999999999999887867 ) ;
#1881 = EDGE_CURVE ( 'NONE', #288, #1570, #2613, .T. ) ;
#1882 = EDGE_CURVE ( 'NONE', #1565, #1840, #2192, .T. ) ;
#1883 = ORIENTED_EDGE ( 'NONE', *, *, #1904, .F. ) ;
#1884 = CARTESIAN_POINT ( 'NONE',  ( -6.496894245630262077, 30.85919931313786080, -5.202619761038966395 ) ) ;
#1885 = CARTESIAN_POINT ( 'NONE',  ( -26.89688058886707722, 20.85919931313785725, -11.87088095248773811 ) ) ;
#1886 = ADVANCED_FACE ( 'NONE', ( #3195 ), #201, .F. ) ;
#1887 = VERTEX_POINT ( 'NONE', #2214 ) ;
#1888 = ORIENTED_EDGE ( 'NONE', *, *, #1011, .T. ) ;
#1889 = DIRECTION ( 'NONE',  ( 0.000000000000000000, -1.000000000000000000, 0.000000000000000000 ) ) ;
#1890 = DIRECTION ( 'NONE',  ( 0.2125559506843236468, 0.000000000000000000, 0.9771488974709449105 ) ) ;
#1891 = AXIS2_PLACEMENT_3D ( 'NONE', #4147, #3786, #1139 ) ;
#1892 = EDGE_LOOP ( 'NONE', ( #926, #4108 ) ) ;
#1893 = CARTESIAN_POINT ( 'NONE',  ( -4.887340320789482107, 30.85919931313786080, 2.055415754841293463 ) ) ;
#1894 = CARTESIAN_POINT ( 'NONE',  ( -26.74492724772451169, 17.85919931313776488, -13.36316449863961253 ) ) ;
#1895 = CIRCLE ( 'NONE', #4053, 0.9999999999999961142 ) ;
#1896 = VECTOR ( 'NONE', #4264, 1000.000000000000000 ) ;
#1897 = AXIS2_PLACEMENT_3D ( 'NONE', #1793, #1516, #3870 ) ;
#1898 = ORIENTED_EDGE ( 'NONE', *, *, #2198, .F. ) ;
#1899 = VERTEX_POINT ( 'NONE', #3549 ) ;
#1900 = DIRECTION ( 'NONE',  ( 0.000000000000000000, -0.000000000000000000, -1.000000000000000000 ) ) ;
#1901 = VERTEX_POINT ( 'NONE', #787 ) ;
#1902 = FACE_OUTER_BOUND ( 'NONE', #671, .T. ) ;
#1903 = DIRECTION ( 'NONE',  ( 0.000000000000000000, -1.000000000000000000, 0.000000000000000000 ) ) ;
#1904 = EDGE_CURVE ( 'NONE', #2913, #1652, #1275, .T. ) ;
#1905 = VERTEX_POINT ( 'NONE', #1296 ) ;
#1906 = CARTESIAN_POINT ( 'NONE',  ( -6.496894245630262077, 17.85919931313785725, -5.202619761038966395 ) ) ;
#1907 = FACE_BOUND ( 'NONE', #1410, .T. ) ;
#1908 = EDGE_LOOP ( 'NONE', ( #62, #4102 ) ) ;
#1909 = ORIENTED_EDGE ( 'NONE', *, *, #3563, .T. ) ;
#1910 = CARTESIAN_POINT ( 'NONE',  ( -13.80636838950611356, 12.85919931313785725, -12.31305610562744057 ) ) ;
#1911 = DIRECTION ( 'NONE',  ( 0.000000000000000000, -1.000000000000000000, 0.000000000000000000 ) ) ;
#1912 = VECTOR ( 'NONE', #4123, 1000.000000000000114 ) ;
#1913 = ORIENTED_EDGE ( 'NONE', *, *, #3020, .F. ) ;
#1914 = DIRECTION ( 'NONE',  ( -0.8636404253133876940, 0.000000000000000000, 0.5041083373289025893 ) ) ;
#1915 = LINE ( 'NONE', #530, #1132 ) ;
#1916 = CIRCLE ( 'NONE', #789, 1.499999999999997335 ) ;
#1917 = DIRECTION ( 'NONE',  ( 0.000000000000000000, -1.000000000000000000, 0.000000000000000000 ) ) ;
#1918 = VERTEX_POINT ( 'NONE', #1630 ) ;
#1919 = VERTEX_POINT ( 'NONE', #285 ) ;
#1920 = CARTESIAN_POINT ( 'NONE',  ( 11.05870096590540896, 30.85919931313786080, 1.601543237628608285 ) ) ;
#1921 = DIRECTION ( 'NONE',  ( 0.000000000000000000, 0.000000000000000000, -1.000000000000000000 ) ) ;
#1922 = CIRCLE ( 'NONE', #1221, 0.9999999999999817923 ) ;
#1923 = CIRCLE ( 'NONE', #29, 1.599999999999981659 ) ;
#1924 = VECTOR ( 'NONE', #3358, 1000.000000000000000 ) ;
#1925 = DIRECTION ( 'NONE',  ( 0.000000000000000000, -1.000000000000000000, 0.000000000000000000 ) ) ;
#1926 = ORIENTED_EDGE ( 'NONE', *, *, #2116, .F. ) ;
#1927 = LINE ( 'NONE', #1291, #1620 ) ;
#1928 = FACE_BOUND ( 'NONE', #775, .T. ) ;
#1929 = CIRCLE ( 'NONE', #1429, 0.9999999999999961142 ) ;
#1930 = EDGE_LOOP ( 'NONE', ( #1898, #4295, #2252, #657 ) ) ;
#1931 = AXIS2_PLACEMENT_3D ( 'NONE', #3627, #1501, #2831 ) ;
#1932 = FACE_OUTER_BOUND ( 'NONE', #1444, .T. ) ;
#1933 = EDGE_LOOP ( 'NONE', ( #221, #3652 ) ) ;
#1934 = CARTESIAN_POINT ( 'NONE',  ( 2.940334720197848473, 17.85919931313785725, -6.786611796661663476 ) ) ;
#1935 = CARTESIAN_POINT ( 'NONE',  ( 0.000000000000000000, 12.85919931313785725, -0.000000000000000000 ) ) ;
#1936 = EDGE_CURVE ( 'NONE', #3365, #2039, #635, .T. ) ;
#1937 = ADVANCED_FACE ( 'NONE', ( #3327 ), #2651, .T. ) ;
#1938 = ORIENTED_EDGE ( 'NONE', *, *, #2308, .T. ) ;
#1939 = CARTESIAN_POINT ( 'NONE',  ( 2.225758709196706153, 17.85919931313785725, -23.45844058481734606 ) ) ;
#1940 = VECTOR ( 'NONE', #1242, 1000.000000000000000 ) ;
#1941 = CIRCLE ( 'NONE', #185, 1.599999865689571532 ) ;
#1942 = CIRCLE ( 'NONE', #3743, 0.9999999999999887867 ) ;
#1943 = CARTESIAN_POINT ( 'NONE',  ( 9.847386582998350235, 30.85919931313786080, 4.346122889553994284 ) ) ;
#1944 = EDGE_CURVE ( 'NONE', #1752, #3629, #1895, .T. ) ;
#1945 = LINE ( 'NONE', #2362, #1113 ) ;
#1946 = VERTEX_POINT ( 'NONE', #2608 ) ;
#1947 = DIRECTION ( 'NONE',  ( 0.000000000000000000, 0.000000000000000000, -1.000000000000000000 ) ) ;
#1948 = DIRECTION ( 'NONE',  ( 0.000000000000000000, -1.000000000000000000, 0.000000000000000000 ) ) ;
#1949 = DIRECTION ( 'NONE',  ( 0.000000000000000000, -1.000000000000000000, 0.000000000000000000 ) ) ;
#1950 = LINE ( 'NONE', #3278, #1727 ) ;
#1951 = VERTEX_POINT ( 'NONE', #3264 ) ;
#1952 = DIRECTION ( 'NONE',  ( -0.1013022274283768842, 0.000000000000000000, 0.9948556974345823534 ) ) ;
#1953 = DIRECTION ( 'NONE',  ( 0.000000000000000000, 0.000000000000000000, -1.000000000000000000 ) ) ;
#1954 = CARTESIAN_POINT ( 'NONE',  ( 0.000000000000000000, 20.86019931313785847, -17.50000000000000000 ) ) ;
#1955 = EDGE_LOOP ( 'NONE', ( #1270, #1746 ) ) ;
#1956 = FACE_OUTER_BOUND ( 'NONE', #1089, .T. ) ;
#1957 = DIRECTION ( 'NONE',  ( 0.9154673171879893490, 0.000000000000000000, 0.4023923348681299750 ) ) ;
#1958 = ORIENTED_EDGE ( 'NONE', *, *, #1961, .F. ) ;
#1959 = CARTESIAN_POINT ( 'NONE',  ( -6.955635912344964922, 20.86019931313785847, 4.571215795018214401 ) ) ;
#1960 = EDGE_CURVE ( 'NONE', #3438, #1769, #2949, .T. ) ;
#1961 = EDGE_CURVE ( 'NONE', #2952, #1102, #1, .T. ) ;
#1962 = DIRECTION ( 'NONE',  ( 0.000000000000000000, -1.000000000000000000, 0.000000000000000000 ) ) ;
#1963 = CYLINDRICAL_SURFACE ( 'NONE', #2244, 0.9999999999999961142 ) ;
#1964 = EDGE_LOOP ( 'NONE', ( #3462, #4117, #4212, #643 ) ) ;
#1965 = EDGE_CURVE ( 'NONE', #2112, #1877, #3653, .T. ) ;
#1966 = DIRECTION ( 'NONE',  ( 0.000000000000000000, -1.000000000000000000, 0.000000000000000000 ) ) ;
#1967 = AXIS2_PLACEMENT_3D ( 'NONE', #1771, #3413, #408 ) ;
#1968 = DIRECTION ( 'NONE',  ( 0.000000000000000000, 0.000000000000000000, -1.000000000000000000 ) ) ;
#1969 = VECTOR ( 'NONE', #431, 1000.000000000000000 ) ;
#1970 = AXIS2_PLACEMENT_3D ( 'NONE', #3338, #1681, #754 ) ;
#1971 = DIRECTION ( 'NONE',  ( 0.000000000000000000, 1.000000000000000000, 0.000000000000000000 ) ) ;
#1972 = ORIENTED_EDGE ( 'NONE', *, *, #249, .F. ) ;
#1973 = CARTESIAN_POINT ( 'NONE',  ( -4.074965755494868169, 17.85919931313785725, 9.404540061224555103 ) ) ;
#1974 = CARTESIAN_POINT ( 'NONE',  ( 8.314121313980017192, 20.86019931313785847, 1.390228854721650142 ) ) ;
#1975 = CARTESIAN_POINT ( 'NONE',  ( 21.76328174623001033, 20.85919931313785725, -49.31094774625861277 ) ) ;
#1976 = VERTEX_POINT ( 'NONE', #1934 ) ;
#1977 = DIRECTION ( 'NONE',  ( 0.000000000000000000, -1.000000000000000000, 0.000000000000000000 ) ) ;
#1978 = DIRECTION ( 'NONE',  ( 0.000000000000000000, 1.000000000000000000, 0.000000000000000000 ) ) ;
#1979 = ORIENTED_EDGE ( 'NONE', *, *, #2754, .F. ) ;
#1980 = DIRECTION ( 'NONE',  ( -0.000000000000000000, 1.000000000000000000, 0.000000000000000000 ) ) ;
#1981 = AXIS2_PLACEMENT_3D ( 'NONE', #2636, #681, #1026 ) ;
#1982 = ADVANCED_FACE ( 'NONE', ( #2930 ), #924, .F. ) ;
#1983 = ORIENTED_EDGE ( 'NONE', *, *, #3276, .T. ) ;
#1984 = AXIS2_PLACEMENT_3D ( 'NONE', #2583, #4315, #962 ) ;
#1985 = DIRECTION ( 'NONE',  ( 0.000000000000000000, -1.000000000000000000, 0.000000000000000000 ) ) ;
#1986 = CARTESIAN_POINT ( 'NONE',  ( -8.005313096291134300, 17.85919931313785725, -8.795817125485204002 ) ) ;
#1987 = LINE ( 'NONE', #3315, #1576 ) ;
#1988 = EDGE_CURVE ( 'NONE', #3565, #2965, #328, .T. ) ;
#1989 = EDGE_CURVE ( 'NONE', #4182, #954, #2170, .T. ) ;
#1990 = DIRECTION ( 'NONE',  ( 0.000000000000000000, 0.000000000000000000, -1.000000000000000000 ) ) ;
#1991 = CIRCLE ( 'NONE', #3521, 1.599999865689857970 ) ;
#1992 = VERTEX_POINT ( 'NONE', #4299 ) ;
#1993 = DIRECTION ( 'NONE',  ( 0.000000000000000000, -1.000000000000000000, 0.000000000000000000 ) ) ;
#1994 = CARTESIAN_POINT ( 'NONE',  ( 0.000000000000000000, 0.000000000000000000, 0.000000000000000000 ) ) ;
#1995 = CIRCLE ( 'NONE', #1857, 1.599999865689857970 ) ;
#1996 = ORIENTED_EDGE ( 'NONE', *, *, #4242, .T. ) ;
#1997 = FACE_OUTER_BOUND ( 'NONE', #2713, .T. ) ;
#1998 = CARTESIAN_POINT ( 'NONE',  ( 8.314121313980017192, 20.86019931313785847, 0.3902288547216539727 ) ) ;
#1999 = CIRCLE ( 'NONE', #1363, 0.9999999999999887867 ) ;
#2000 = CIRCLE ( 'NONE', #1509, 18.49938265908035007 ) ;
#2001 = ORIENTED_EDGE ( 'NONE', *, *, #567, .T. ) ;
#2002 = DIRECTION ( 'NONE',  ( 0.000000000000000000, -1.000000000000000000, 0.000000000000000000 ) ) ;
#2003 = ORIENTED_EDGE ( 'NONE', *, *, #50, .T. ) ;
#2004 = CYLINDRICAL_SURFACE ( 'NONE', #3039, 0.9999999999999961142 ) ;
#2005 = DIRECTION ( 'NONE',  ( 0.000000000000000000, -1.000000000000000000, 0.000000000000000000 ) ) ;
#2006 = CIRCLE ( 'NONE', #3816, 0.9999999999999887867 ) ;
#2007 = VECTOR ( 'NONE', #2705, 1000.000000000000000 ) ;
#2008 = AXIS2_PLACEMENT_3D ( 'NONE', #3090, #3493, #4110 ) ;
#2009 = LINE ( 'NONE', #2046, #3290 ) ;
#2010 = ORIENTED_EDGE ( 'NONE', *, *, #2916, .T. ) ;
#2011 = CARTESIAN_POINT ( 'NONE',  ( 8.314121313980017192, 17.85919931313785725, 1.390228854721650142 ) ) ;
#2012 = ORIENTED_EDGE ( 'NONE', *, *, #750, .T. ) ;
#2013 = EDGE_CURVE ( 'NONE', #1193, #2102, #3569, .T. ) ;
#2014 = CARTESIAN_POINT ( 'NONE',  ( 1.588082646615511284E-15, 17.85919931313785725, 6.980394298488655933E-16 ) ) ;
#2015 = ADVANCED_FACE ( 'NONE', ( #1997 ), #3970, .F. ) ;
#2016 = DIRECTION ( 'NONE',  ( 0.000000000000000000, -1.000000000000000000, -0.000000000000000000 ) ) ;
#2017 = ORIENTED_EDGE ( 'NONE', *, *, #1297, .F. ) ;
#2018 = DIRECTION ( 'NONE',  ( 0.000000000000000000, 1.000000000000000000, 0.000000000000000000 ) ) ;
#2019 = EDGE_CURVE ( 'NONE', #128, #1077, #305, .T. ) ;
#2020 = AXIS2_PLACEMENT_3D ( 'NONE', #1094, #2784, #3812 ) ;
#2021 = DIRECTION ( 'NONE',  ( 0.000000000000000000, -1.000000000000000000, 0.000000000000000000 ) ) ;
#2022 = ORIENTED_EDGE ( 'NONE', *, *, #1502, .T. ) ;
#2023 = DIRECTION ( 'NONE',  ( -0.000000000000000000, 1.000000000000000000, 0.000000000000000000 ) ) ;
#2024 = ORIENTED_EDGE ( 'NONE', *, *, #33, .F. ) ;
#2025 = ORIENTED_EDGE ( 'NONE', *, *, #4250, .F. ) ;
#2026 = CYLINDRICAL_SURFACE ( 'NONE', #798, 1.599999865688976675 ) ;
#2027 = DIRECTION ( 'NONE',  ( -0.000000000000000000, 1.000000000000000000, -0.000000000000000000 ) ) ;
#2028 = ORIENTED_EDGE ( 'NONE', *, *, #2359, .F. ) ;
#2029 = VECTOR ( 'NONE', #638, 1000.000000000000000 ) ;
#2030 = EDGE_LOOP ( 'NONE', ( #2848, #1457 ) ) ;
#2031 = PLANE ( 'NONE',  #2539 ) ;
#2032 = DIRECTION ( 'NONE',  ( -0.000000000000000000, 1.000000000000000000, 0.000000000000000000 ) ) ;
#2033 = ADVANCED_FACE ( 'NONE', ( #2564 ), #2972, .F. ) ;
#2034 = AXIS2_PLACEMENT_3D ( 'NONE', #939, #3982, #616 ) ;
#2035 = ORIENTED_EDGE ( 'NONE', *, *, #1988, .F. ) ;
#2036 = CARTESIAN_POINT ( 'NONE',  ( -20.10081521546007721, 17.85919931313785725, -8.871451976831485453 ) ) ;
#2037 = CARTESIAN_POINT ( 'NONE',  ( 2.940334720197848473, 17.85919931313785725, -7.786611796661651930 ) ) ;
#2038 = EDGE_CURVE ( 'NONE', #1229, #4182, #239, .T. ) ;
#2039 = VERTEX_POINT ( 'NONE', #3572 ) ;
#2040 = FACE_OUTER_BOUND ( 'NONE', #3926, .T. ) ;
#2041 = FACE_OUTER_BOUND ( 'NONE', #3166, .T. ) ;
#2042 = VERTEX_POINT ( 'NONE', #1910 ) ;
#2043 = ORIENTED_EDGE ( 'NONE', *, *, #3621, .T. ) ;
#2044 = FACE_BOUND ( 'NONE', #3570, .T. ) ;
#2045 = CIRCLE ( 'NONE', #577, 0.9999999999999887867 ) ;
#2046 = CARTESIAN_POINT ( 'NONE',  ( 1.894168429112636165, 30.85919931313786080, 12.01235342579479415 ) ) ;
#2047 = ORIENTED_EDGE ( 'NONE', *, *, #1989, .T. ) ;
#2048 = ORIENTED_EDGE ( 'NONE', *, *, #329, .T. ) ;
#2049 = DIRECTION ( 'NONE',  ( 0.000000000000000000, 0.000000000000000000, -1.000000000000000000 ) ) ;
#2050 = CYLINDRICAL_SURFACE ( 'NONE', #2480, 0.9999999999999961142 ) ;
#2051 = FACE_OUTER_BOUND ( 'NONE', #3321, .T. ) ;
#2052 = AXIS2_PLACEMENT_3D ( 'NONE', #3128, #1161, #1842 ) ;
#2053 = EDGE_LOOP ( 'NONE', ( #2022, #3618, #3792, #2447 ) ) ;
#2054 = CARTESIAN_POINT ( 'NONE',  ( -5.412115731844795441, 30.85919931313786080, -8.304235976146003395 ) ) ;
#2055 = CARTESIAN_POINT ( 'NONE',  ( -20.10081521546007721, 12.85919931313785725, -10.47145184251992589 ) ) ;
#2056 = VECTOR ( 'NONE', #3520, 1000.000000000000000 ) ;
#2057 = ORIENTED_EDGE ( 'NONE', *, *, #1063, .T. ) ;
#2058 = CARTESIAN_POINT ( 'NONE',  ( 2.225758709196706153, 12.85919931313785725, -21.85844071912941544 ) ) ;
#2059 = ORIENTED_EDGE ( 'NONE', *, *, #2019, .F. ) ;
#2060 = AXIS2_PLACEMENT_3D ( 'NONE', #933, #2272, #1619 ) ;
#2061 = DIRECTION ( 'NONE',  ( 0.000000000000000000, 0.000000000000000000, -1.000000000000000000 ) ) ;
#2062 = ADVANCED_FACE ( 'NONE', ( #1956 ), #1253, .F. ) ;
#2063 = ADVANCED_FACE ( 'NONE', ( #3051 ), #2667, .F. ) ;
#2064 = CIRCLE ( 'NONE', #3881, 0.9999999999999887867 ) ;
#2065 = LINE ( 'NONE', #1779, #1707 ) ;
#2066 = ORIENTED_EDGE ( 'NONE', *, *, #3318, .F. ) ;
#2067 = AXIS2_PLACEMENT_3D ( 'NONE', #290, #2289, #1258 ) ;
#2068 = LINE ( 'NONE', #3403, #1086 ) ;
#2069 = EDGE_CURVE ( 'NONE', #1614, #2663, #2998, .T. ) ;
#2070 = FACE_OUTER_BOUND ( 'NONE', #835, .T. ) ;
#2071 = CARTESIAN_POINT ( 'NONE',  ( 2.198075111397766790, 30.85919931313786080, 8.027786333491063075 ) ) ;
#2072 = ORIENTED_EDGE ( 'NONE', *, *, #3345, .F. ) ;
#2073 = ORIENTED_EDGE ( 'NONE', *, *, #1642, .T. ) ;
#2074 = CARTESIAN_POINT ( 'NONE',  ( 0.000000000000000000, 20.85919931313785369, -17.50000000000000000 ) ) ;
#2075 = CIRCLE ( 'NONE', #1443, 1.599999865688976675 ) ;
#2076 = DIRECTION ( 'NONE',  ( 0.000000000000000000, 0.000000000000000000, -1.000000000000000000 ) ) ;
#2077 = AXIS2_PLACEMENT_3D ( 'NONE', #1446, #1091, #2430 ) ;
#2078 = LINE ( 'NONE', #3411, #3259 ) ;
#2079 = CARTESIAN_POINT ( 'NONE',  ( 0.000000000000000000, 17.85919931313785725, 0.000000000000000000 ) ) ;
#2080 = VERTEX_POINT ( 'NONE', #2099 ) ;
#2081 = CARTESIAN_POINT ( 'NONE',  ( -27.04883393000964276, 25.85919931313776488, -10.37859740633586370 ) ) ;
#2082 = DIRECTION ( 'NONE',  ( 0.000000000000000000, -1.000000000000000000, 0.000000000000000000 ) ) ;
#2083 = EDGE_LOOP ( 'NONE', ( #3920, #1145, #2857, #3412 ) ) ;
#2084 = ORIENTED_EDGE ( 'NONE', *, *, #1020, .F. ) ;
#2085 = CARTESIAN_POINT ( 'NONE',  ( 7.412201985409108573, 30.85919931313786080, -2.786311412649002950 ) ) ;
#2087 = ADVANCED_FACE ( 'NONE', ( #4047 ), #346, .F. ) ;
#2086 = CARTESIAN_POINT ( 'NONE',  ( -14.64874571393334080, 12.85919931313785725, 16.37558186788499270 ) ) ;
#2088 = ORIENTED_EDGE ( 'NONE', *, *, #3823, .T. ) ;
#2089 = EDGE_CURVE ( 'NONE', #2646, #498, #3495, .T. ) ;
#2090 = FACE_BOUND ( 'NONE', #1908, .T. ) ;
#2091 = CARTESIAN_POINT ( 'NONE',  ( -2.818918367398545843, 30.85919931313786080, -10.81265482680686318 ) ) ;
#2092 = DIRECTION ( 'NONE',  ( 0.000000000000000000, 0.000000000000000000, -1.000000000000000000 ) ) ;
#2093 = ORIENTED_EDGE ( 'NONE', *, *, #2681, .T. ) ;
#2094 = EDGE_CURVE ( 'NONE', #4308, #31, #1691, .T. ) ;
#2095 = ORIENTED_EDGE ( 'NONE', *, *, #2543, .F. ) ;
#2096 = FACE_OUTER_BOUND ( 'NONE', #2611, .T. ) ;
#2097 = FACE_BOUND ( 'NONE', #4288, .T. ) ;
#2098 = ORIENTED_EDGE ( 'NONE', *, *, #667, .F. ) ;
#2099 = CARTESIAN_POINT ( 'NONE',  ( 1.975200558668177564E-07, 17.85919931313785725, -1.500000114893932146 ) ) ;
#2100 = DIRECTION ( 'NONE',  ( -0.000000000000000000, 1.000000000000000000, 0.000000000000000000 ) ) ;
#2101 = CIRCLE ( 'NONE', #3497, 0.9999999999999961142 ) ;
#2102 = VERTEX_POINT ( 'NONE', #1040 ) ;
#2103 = ORIENTED_EDGE ( 'NONE', *, *, #2441, .T. ) ;
#2104 = LINE ( 'NONE', #2733, #1312 ) ;
#2105 = FACE_OUTER_BOUND ( 'NONE', #1930, .T. ) ;
#2106 = ORIENTED_EDGE ( 'NONE', *, *, #987, .F. ) ;
#2107 = CARTESIAN_POINT ( 'NONE',  ( -9.888040223330667899, 20.86019931313785847, 5.204465316859363533 ) ) ;
#2108 = PRODUCT_RELATED_PRODUCT_CATEGORY ( 'part', '', ( #3545 ) ) ;
#2109 = DIRECTION ( 'NONE',  ( 0.000000000000000000, 0.000000000000000000, -1.000000000000000000 ) ) ;
#2110 = FACE_OUTER_BOUND ( 'NONE', #2053, .T. ) ;
#2111 = ORIENTED_EDGE ( 'NONE', *, *, #1961, .T. ) ;
#2112 = VERTEX_POINT ( 'NONE', #1000 ) ;
#2113 = DIRECTION ( 'NONE',  ( 0.000000000000000000, 0.000000000000000000, -1.000000000000000000 ) ) ;
#2114 = AXIS2_PLACEMENT_3D ( 'NONE', #3681, #699, #3974 ) ;
#2115 = DIRECTION ( 'NONE',  ( 0.000000000000000000, 1.000000000000000000, 0.000000000000000000 ) ) ;
#2116 = EDGE_CURVE ( 'NONE', #2502, #1072, #2794, .T. ) ;
#2117 = EDGE_CURVE ( 'NONE', #3565, #1919, #696, .T. ) ;
#2118 = ORIENTED_EDGE ( 'NONE', *, *, #4313, .T. ) ;
#2119 = CIRCLE ( 'NONE', #2471, 17.50000000000000000 ) ;
#2120 = DIRECTION ( 'NONE',  ( 0.000000000000000000, -0.000000000000000000, -1.000000000000000000 ) ) ;
#2121 = CARTESIAN_POINT ( 'NONE',  ( 30.66200841243365360, 12.85919931313785725, -6.669804739957121420 ) ) ;
#2122 = EDGE_CURVE ( 'NONE', #1240, #4234, #677, .T. ) ;
#2123 = CARTESIAN_POINT ( 'NONE',  ( 11.04739247169366223, 12.85919931313785725, 18.99211815674078707 ) ) ;
#2124 = ORIENTED_EDGE ( 'NONE', *, *, #80, .F. ) ;
#2125 = VERTEX_POINT ( 'NONE', #18 ) ;
#2126 = CARTESIAN_POINT ( 'NONE',  ( 11.21529137169411250, 25.85919931313775066, -26.55944436706993628 ) ) ;
#2127 = CARTESIAN_POINT ( 'NONE',  ( 9.847386582998350235, 30.85919931313786080, 4.346122889553994284 ) ) ;
#2128 = CIRCLE ( 'NONE', #1068, 1.000000000000001554 ) ;
#2129 = ORIENTED_EDGE ( 'NONE', *, *, #2653, .F. ) ;
#2130 = CARTESIAN_POINT ( 'NONE',  ( -5.412115731844795441, 20.86019931313785847, -9.304235976145990961 ) ) ;
#2131 = AXIS2_PLACEMENT_3D ( 'NONE', #28, #666, #1698 ) ;
#2132 = DIRECTION ( 'NONE',  ( 0.000000000000000000, -1.000000000000000000, 0.000000000000000000 ) ) ;
#2133 = VECTOR ( 'NONE', #817, 1000.000000000000000 ) ;
#2134 = CARTESIAN_POINT ( 'NONE',  ( 9.847386582998350235, 17.85919931313785725, 5.346122889553989843 ) ) ;
#2135 = CIRCLE ( 'NONE', #602, 0.9999999999999887867 ) ;
#2136 = DIRECTION ( 'NONE',  ( -0.000000000000000000, 1.000000000000000000, -0.000000000000000000 ) ) ;
#2137 = LINE ( 'NONE', #119, #2988 ) ;
#2138 = ORIENTED_EDGE ( 'NONE', *, *, #4267, .F. ) ;
#2139 = ORIENTED_EDGE ( 'NONE', *, *, #372, .F. ) ;
#2140 = DIRECTION ( 'NONE',  ( 0.000000000000000000, 0.000000000000000000, -1.000000000000000000 ) ) ;
#2141 = DIRECTION ( 'NONE',  ( -0.000000000000000000, 1.000000000000000000, -0.000000000000000000 ) ) ;
#2142 = EDGE_CURVE ( 'NONE', #412, #3427, #713, .T. ) ;
#2143 = DIRECTION ( 'NONE',  ( -0.000000000000000000, 1.000000000000000000, -0.000000000000000000 ) ) ;
#2144 = EDGE_CURVE ( 'NONE', #4277, #1262, #1467, .T. ) ;
#2145 = CIRCLE ( 'NONE', #1311, 0.9999999999999887867 ) ;
#2146 = ORIENTED_EDGE ( 'NONE', *, *, #2069, .F. ) ;
#2147 = CARTESIAN_POINT ( 'NONE',  ( 11.06333803055154696, 20.85919931313785725, -25.06716082091806186 ) ) ;
#2148 = FACE_OUTER_BOUND ( 'NONE', #637, .T. ) ;
#2149 = ORIENTED_EDGE ( 'NONE', *, *, #2330, .F. ) ;
#2150 = EDGE_CURVE ( 'NONE', #1435, #3263, #3701, .T. ) ;
#2151 = ORIENTED_EDGE ( 'NONE', *, *, #3536, .F. ) ;
#2152 = DIRECTION ( 'NONE',  ( -0.000000000000000000, 1.000000000000000000, 0.000000000000000000 ) ) ;
#2153 = CARTESIAN_POINT ( 'NONE',  ( 7.412201985409108573, 17.85919931313785725, -3.786311412648991848 ) ) ;
#2154 = ORIENTED_EDGE ( 'NONE', *, *, #4292, .F. ) ;
#2155 = CARTESIAN_POINT ( 'NONE',  ( -8.450013146662174179, 20.86019931313785847, 11.04612519491831257 ) ) ;
#2156 = FACE_BOUND ( 'NONE', #4060, .T. ) ;
#2157 = CARTESIAN_POINT ( 'NONE',  ( 5.891492548166014309, 30.85919931313786080, 5.879388158572314005 ) ) ;
#2158 = ORIENTED_EDGE ( 'NONE', *, *, #2602, .F. ) ;
#2159 = ORIENTED_EDGE ( 'NONE', *, *, #3424, .F. ) ;
#2160 = CYLINDRICAL_SURFACE ( 'NONE', #283, 75.00000000000001421 ) ;
#2161 = CARTESIAN_POINT ( 'NONE',  ( -51.14066751420762102, 17.85919931313785725, -22.57082466816618194 ) ) ;
#2162 = VERTEX_POINT ( 'NONE', #2424 ) ;
#2163 = DIRECTION ( 'NONE',  ( -0.000000000000000000, 1.000000000000000000, 0.000000000000000000 ) ) ;
#2164 = CARTESIAN_POINT ( 'NONE',  ( 21.47640974849846529, 17.85919931313785725, -3.037807462976327422 ) ) ;
#2165 = EDGE_CURVE ( 'NONE', #4257, #3527, #1819, .T. ) ;
#2166 = EDGE_CURVE ( 'NONE', #954, #4182, #486, .T. ) ;
#2167 = ORIENTED_EDGE ( 'NONE', *, *, #162, .F. ) ;
#2168 = ORIENTED_EDGE ( 'NONE', *, *, #4321, .F. ) ;
#2169 = DIRECTION ( 'NONE',  ( 0.1013022274283774671, 0.000000000000000000, -0.9948556974345823534 ) ) ;
#2170 = CIRCLE ( 'NONE', #282, 1.599999865688438883 ) ;
#2171 = CARTESIAN_POINT ( 'NONE',  ( 11.06333803055154696, 17.85919931313775066, -25.06716082091806186 ) ) ;
#2172 = EDGE_CURVE ( 'NONE', #3677, #2626, #2727, .T. ) ;
#2173 = VECTOR ( 'NONE', #3272, 1000.000000000000000 ) ;
#2174 = ORIENTED_EDGE ( 'NONE', *, *, #3850, .F. ) ;
#2175 = CARTESIAN_POINT ( 'NONE',  ( -0.5065109396218264726, 30.85919931313786080, 4.974278372278963190 ) ) ;
#2176 = DIRECTION ( 'NONE',  ( 0.000000000000000000, 0.000000000000000000, -1.000000000000000000 ) ) ;
#2177 = DIRECTION ( 'NONE',  ( 0.000000000000000000, 0.000000000000000000, -1.000000000000000000 ) ) ;
#2178 = CARTESIAN_POINT ( 'NONE',  ( -50.98871417306505549, 17.85919931313785725, -24.06310821431805635 ) ) ;
#2179 = ORIENTED_EDGE ( 'NONE', *, *, #751, .T. ) ;
#2180 = ORIENTED_EDGE ( 'NONE', *, *, #967, .F. ) ;
#2181 = FACE_OUTER_BOUND ( 'NONE', #463, .T. ) ;
#2182 = DIRECTION ( 'NONE',  ( 0.000000000000000000, 0.000000000000000000, -1.000000000000000000 ) ) ;
#2183 = PRODUCT_DEFINITION_SHAPE ( 'NONE', 'NONE',  #2806 ) ;
#2184 = SURFACE_STYLE_FILL_AREA ( #846 ) ;
#2185 = EDGE_LOOP ( 'NONE', ( #1690, #3763, #386, #3716 ) ) ;
#2186 = DIRECTION ( 'NONE',  ( 0.000000000000000000, -1.000000000000000000, 0.000000000000000000 ) ) ;
#2187 = DIRECTION ( 'NONE',  ( -0.7463150875864126288, 0.000000000000000000, -0.6655928109894857503 ) ) ;
#2188 = AXIS2_PLACEMENT_3D ( 'NONE', #1609, #2933, #905 ) ;
#2189 = ORIENTED_EDGE ( 'NONE', *, *, #198, .T. ) ;
#2190 = AXIS2_PLACEMENT_3D ( 'NONE', #2371, #3673, #1725 ) ;
#2191 = VERTEX_POINT ( 'NONE', #738 ) ;
#2192 = LINE ( 'NONE', #526, #307 ) ;
#2193 = CARTESIAN_POINT ( 'NONE',  ( 8.636072200091403417, 17.85919931313785725, 7.090702541479282139 ) ) ;
#2194 = VERTEX_POINT ( 'NONE', #1753 ) ;
#2195 = DIRECTION ( 'NONE',  ( 0.000000000000000000, -1.000000000000000000, 0.000000000000000000 ) ) ;
#2196 = AXIS2_PLACEMENT_3D ( 'NONE', #1463, #2797, #2500 ) ;
#2197 = EDGE_CURVE ( 'NONE', #985, #1541, #1043, .T. ) ;
#2198 = EDGE_CURVE ( 'NONE', #3362, #1383, #761, .T. ) ;
#2199 = PRODUCT_CONTEXT ( 'NONE', #2865, 'mechanical' ) ;
#2200 = CIRCLE ( 'NONE', #4304, 1.599999999999995426 ) ;
#2201 = DIRECTION ( 'NONE',  ( 0.000000000000000000, -1.000000000000000000, 0.000000000000000000 ) ) ;
#2202 = ORIENTED_EDGE ( 'NONE', *, *, #3266, .T. ) ;
#2203 = EDGE_LOOP ( 'NONE', ( #1401, #546 ) ) ;
#2204 = AXIS2_PLACEMENT_3D ( 'NONE', #2565, #178, #500 ) ;
#2205 = DIRECTION ( 'NONE',  ( 0.000000000000000000, 0.000000000000000000, -1.000000000000000000 ) ) ;
#2206 = CARTESIAN_POINT ( 'NONE',  ( 6.372601501110166211, 20.86019931313785847, 10.95545339059883538 ) ) ;
#2207 = CARTESIAN_POINT ( 'NONE',  ( -11.15453926701302123, 30.85919931313786080, -0.6603433051121654351 ) ) ;
#2208 = VECTOR ( 'NONE', #2100, 1000.000000000000000 ) ;
#2209 = EDGE_LOOP ( 'NONE', ( #4218, #2675 ) ) ;
#2210 = DIRECTION ( 'NONE',  ( -0.000000000000000000, 1.000000000000000000, 0.000000000000000000 ) ) ;
#2211 = DIRECTION ( 'NONE',  ( 0.000000000000000000, 0.000000000000000000, 1.000000000000000000 ) ) ;
#2212 = ORIENTED_EDGE ( 'NONE', *, *, #2966, .F. ) ;
#2213 = ORIENTED_EDGE ( 'NONE', *, *, #4119, .F. ) ;
#2214 = CARTESIAN_POINT ( 'NONE',  ( 9.412352177415431953, 20.86019931313785847, -7.022245045254561724 ) ) ;
#2215 = DIRECTION ( 'NONE',  ( 0.1013022274283767593, 0.000000000000000000, -0.9948556974345824644 ) ) ;
#2216 = AXIS2_PLACEMENT_3D ( 'NONE', #1307, #628, #2292 ) ;
#2217 = AXIS2_PLACEMENT_3D ( 'NONE', #4031, #3699, #2953 ) ;
#2218 = VECTOR ( 'NONE', #3538, 1000.000000000000000 ) ;
#2219 = ORIENTED_EDGE ( 'NONE', *, *, #375, .F. ) ;
#2220 = CARTESIAN_POINT ( 'NONE',  ( 6.372601501110166211, 20.86019931313785847, 10.95545339059883538 ) ) ;
#2221 = DIRECTION ( 'NONE',  ( 0.000000000000000000, -1.000000000000000000, 0.000000000000000000 ) ) ;
#2222 = EDGE_CURVE ( 'NONE', #1525, #2270, #3098, .T. ) ;
#2223 = EDGE_CURVE ( 'NONE', #3434, #2928, #2871, .T. ) ;
#2224 = VERTEX_POINT ( 'NONE', #3498 ) ;
#2225 = ORIENTED_EDGE ( 'NONE', *, *, #4065, .T. ) ;
#2226 = CARTESIAN_POINT ( 'NONE',  ( 5.891492548166014309, 20.86019931313785847, 5.879388158572314005 ) ) ;
#2227 = ORIENTED_EDGE ( 'NONE', *, *, #3208, .F. ) ;
#2228 = CARTESIAN_POINT ( 'NONE',  ( 3.333583850864015652, 30.85919931313786080, -3.726556169236693083 ) ) ;
#2229 = CYLINDRICAL_SURFACE ( 'NONE', #3728, 1.500000000000000222 ) ;
#2230 = ADVANCED_FACE ( 'NONE', ( #4139 ), #544, .F. ) ;
#2231 = AXIS2_PLACEMENT_3D ( 'NONE', #1120, #3448, #2510 ) ;
#2232 = DIRECTION ( 'NONE',  ( 0.000000000000000000, 0.000000000000000000, -1.000000000000000000 ) ) ;
#2233 = VERTEX_POINT ( 'NONE', #2517 ) ;
#2234 = DIRECTION ( 'NONE',  ( 0.000000000000000000, 0.000000000000000000, -1.000000000000000000 ) ) ;
#2235 = DIRECTION ( 'NONE',  ( -0.000000000000000000, 1.000000000000000000, -0.000000000000000000 ) ) ;
#2236 = EDGE_LOOP ( 'NONE', ( #2410, #2103, #3657, #2899 ) ) ;
#2237 = EDGE_LOOP ( 'NONE', ( #2917, #2003, #3065, #1655 ) ) ;
#2238 = DIRECTION ( 'NONE',  ( -0.000000000000000000, 1.000000000000000000, 0.000000000000000000 ) ) ;
#2239 = DIRECTION ( 'NONE',  ( 0.000000000000000000, -1.000000000000000000, 0.000000000000000000 ) ) ;
#2240 = AXIS2_PLACEMENT_3D ( 'NONE', #1496, #3740, #134 ) ;
#2241 = ORIENTED_EDGE ( 'NONE', *, *, #75, .T. ) ;
#2242 = CARTESIAN_POINT ( 'NONE',  ( 6.372601501110166211, 17.85919931313785725, 9.355453390598853503 ) ) ;
#2243 = FACE_OUTER_BOUND ( 'NONE', #2236, .T. ) ;
#2244 = AXIS2_PLACEMENT_3D ( 'NONE', #1025, #3371, #1550 ) ;
#2245 = ORIENTED_EDGE ( 'NONE', *, *, #1117, .F. ) ;
#2246 = ORIENTED_EDGE ( 'NONE', *, *, #3124, .F. ) ;
#2247 = DIRECTION ( 'NONE',  ( 0.000000000000000000, 0.000000000000000000, -1.000000000000000000 ) ) ;
#2248 = ORIENTED_EDGE ( 'NONE', *, *, #2654, .F. ) ;
#2249 = CARTESIAN_POINT ( 'NONE',  ( 0.000000000000000000, 12.85919931313785725, 0.000000000000000000 ) ) ;
#2250 = FACE_OUTER_BOUND ( 'NONE', #2715, .T. ) ;
#2251 = DIRECTION ( 'NONE',  ( 0.000000000000000000, -1.000000000000000000, 0.000000000000000000 ) ) ;
#2252 = ORIENTED_EDGE ( 'NONE', *, *, #2919, .T. ) ;
#2253 = EDGE_CURVE ( 'NONE', #1719, #4308, #3219, .T. ) ;
#2254 = CARTESIAN_POINT ( 'NONE',  ( -11.15453926701302123, 20.86019931313785847, -1.660343305112166989 ) ) ;
#2255 = EDGE_CURVE ( 'NONE', #1345, #2351, #7, .T. ) ;
#2256 = FACE_BOUND ( 'NONE', #938, .T. ) ;
#2257 = EDGE_LOOP ( 'NONE', ( #2695, #1121 ) ) ;
#2258 = CARTESIAN_POINT ( 'NONE',  ( 21.91523508737257586, 25.85919931313636866, -50.80323129241048008 ) ) ;
#2259 = ORIENTED_EDGE ( 'NONE', *, *, #3645, .T. ) ;
#2260 = CARTESIAN_POINT ( 'NONE',  ( 9.184850993605150311E-15, 17.85919931313785725, -75.00000000000001421 ) ) ;
#2261 = ADVANCED_FACE ( 'NONE', ( #1198 ), #495, .T. ) ;
#2262 = DIRECTION ( 'NONE',  ( 0.000000000000000000, 0.000000000000000000, -1.000000000000000000 ) ) ;
#2263 = CIRCLE ( 'NONE', #2951, 1.500000000000001332 ) ;
#2264 = ORIENTED_EDGE ( 'NONE', *, *, #3797, .T. ) ;
#2265 = DIRECTION ( 'NONE',  ( 0.000000000000000000, -1.000000000000000000, 0.000000000000000000 ) ) ;
#2266 = AXIS2_PLACEMENT_3D ( 'NONE', #3689, #1993, #734 ) ;
#2267 = DIRECTION ( 'NONE',  ( 0.000000000000000000, -1.000000000000000000, 0.000000000000000000 ) ) ;
#2268 = AXIS2_PLACEMENT_3D ( 'NONE', #2457, #2734, #4146 ) ;
#2269 = VERTEX_POINT ( 'NONE', #3846 ) ;
#2270 = VERTEX_POINT ( 'NONE', #4190 ) ;
#2271 = DIRECTION ( 'NONE',  ( 0.000000000000000000, -1.000000000000000000, 0.000000000000000000 ) ) ;
#2272 = DIRECTION ( 'NONE',  ( -0.000000000000000000, 1.000000000000000000, -0.000000000000000000 ) ) ;
#2273 = DIRECTION ( 'NONE',  ( 0.000000000000000000, 0.000000000000000000, -1.000000000000000000 ) ) ;
#2274 = EDGE_LOOP ( 'NONE', ( #2180, #2010, #2048, #2219 ) ) ;
#2275 = FACE_OUTER_BOUND ( 'NONE', #3477, .T. ) ;
#2276 = CARTESIAN_POINT ( 'NONE',  ( -11.15453926701302123, 17.85919931313785725, -0.6603433051121654351 ) ) ;
#2277 = CIRCLE ( 'NONE', #4088, 0.9999999999999887867 ) ;
#2278 = ADVANCED_FACE ( 'NONE', ( #104 ), #1814, .F. ) ;
#2279 = AXIS2_PLACEMENT_3D ( 'NONE', #2091, #4106, #1098 ) ;
#2280 = VERTEX_POINT ( 'NONE', #2796 ) ;
#2281 = CARTESIAN_POINT ( 'NONE',  ( 2.225758709196706153, 12.85919931313785725, -21.85844071912941544 ) ) ;
#2282 = CARTESIAN_POINT ( 'NONE',  ( 21.47640974849846529, 12.85919931313785725, -4.637807328665304318 ) ) ;
#2283 = EDGE_LOOP ( 'NONE', ( #1679, #1223 ) ) ;
#2284 = DIRECTION ( 'NONE',  ( 0.000000000000000000, 0.000000000000000000, -1.000000000000000000 ) ) ;
#2285 = VECTOR ( 'NONE', #99, 1000.000000000000114 ) ;
#2286 = CIRCLE ( 'NONE', #4318, 1.599999865688976675 ) ;
#2287 = CIRCLE ( 'NONE', #3400, 0.9999999999999887867 ) ;
#2288 = CARTESIAN_POINT ( 'NONE',  ( -8.222134956027318253, 17.85919931313785725, -2.293592826953296804 ) ) ;
#2289 = DIRECTION ( 'NONE',  ( 0.000000000000000000, 1.000000000000000000, 0.000000000000000000 ) ) ;
#2290 = CARTESIAN_POINT ( 'NONE',  ( -11.15453926701302123, 30.85919931313786080, 0.3396566948878361192 ) ) ;
#2291 = ORIENTED_EDGE ( 'NONE', *, *, #3036, .F. ) ;
#2292 = DIRECTION ( 'NONE',  ( 0.000000000000000000, 0.000000000000000000, -1.000000000000000000 ) ) ;
#2293 = DIRECTION ( 'NONE',  ( 0.000000000000000000, -0.000000000000000000, -1.000000000000000000 ) ) ;
#2294 = DIRECTION ( 'NONE',  ( 0.000000000000000000, 0.000000000000000000, -1.000000000000000000 ) ) ;
#2295 = LINE ( 'NONE', #3340, #1662 ) ;
#2296 = VERTEX_POINT ( 'NONE', #1179 ) ;
#2297 = CARTESIAN_POINT ( 'NONE',  ( 2.198075111397766790, 30.85919931313786080, 9.027786333491066628 ) ) ;
#2298 = DIRECTION ( 'NONE',  ( -0.000000000000000000, 1.000000000000000000, -0.000000000000000000 ) ) ;
#2299 = CIRCLE ( 'NONE', #1324, 1.599999999999989431 ) ;
#2300 = ORIENTED_EDGE ( 'NONE', *, *, #889, .T. ) ;
#2301 = CARTESIAN_POINT ( 'NONE',  ( 8.314121313980017192, 20.86019931313785847, 0.3902288547216539727 ) ) ;
#2302 = DIRECTION ( 'NONE',  ( 0.000000000000000000, 0.000000000000000000, -1.000000000000000000 ) ) ;
#2303 = ADVANCED_FACE ( 'NONE', ( #1487 ), #472, .F. ) ;
#2304 = EDGE_CURVE ( 'NONE', #3109, #1217, #170, .T. ) ;
#2305 = ORIENTED_EDGE ( 'NONE', *, *, #3407, .T. ) ;
#2306 = DIRECTION ( 'NONE',  ( 0.000000000000000000, 0.000000000000000000, 1.000000000000000000 ) ) ;
#2307 = EDGE_CURVE ( 'NONE', #1090, #3202, #980, .T. ) ;
#2308 = EDGE_CURVE ( 'NONE', #2755, #3146, #2452, .T. ) ;
#2309 = ORIENTED_EDGE ( 'NONE', *, *, #4019, .F. ) ;
#2310 = DIRECTION ( 'NONE',  ( -0.8636404253133876940, 0.000000000000000000, 0.5041083373289025893 ) ) ;
#2311 = EDGE_CURVE ( 'NONE', #1541, #985, #2101, .T. ) ;
#2312 = LINE ( 'NONE', #913, #1507 ) ;
#2313 = VECTOR ( 'NONE', #2926, 1000.000000000000000 ) ;
#2314 = CARTESIAN_POINT ( 'NONE',  ( -19.07856089297036917, 20.85919931313785725, 43.99327024426509070 ) ) ;
#2315 = EDGE_LOOP ( 'NONE', ( #669, #3710, #717, #3473 ) ) ;
#2316 = DIRECTION ( 'NONE',  ( 0.000000000000000000, 0.000000000000000000, -1.000000000000000000 ) ) ;
#2317 = DIRECTION ( 'NONE',  ( 0.000000000000000000, 0.000000000000000000, -1.000000000000000000 ) ) ;
#2318 = ORIENTED_EDGE ( 'NONE', *, *, #674, .F. ) ;
#2319 = DIRECTION ( 'NONE',  ( 0.000000000000000000, 1.000000000000000000, 0.000000000000000000 ) ) ;
#2320 = CARTESIAN_POINT ( 'NONE',  ( 2.225758709196706153, 17.85919931313785725, -21.85844071912941544 ) ) ;
#2321 = EDGE_LOOP ( 'NONE', ( #2562, #2763, #2339, #847, #4082 ) ) ;
#2322 = FACE_OUTER_BOUND ( 'NONE', #3167, .T. ) ;
#2323 = EDGE_CURVE ( 'NONE', #2364, #904, #3002, .T. ) ;
#2324 = EDGE_LOOP ( 'NONE', ( #856, #676, #111, #4008 ) ) ;
#2325 = EDGE_CURVE ( 'NONE', #3023, #2162, #3122, .T. ) ;
#2326 = AXIS2_PLACEMENT_3D ( 'NONE', #2707, #4023, #2391 ) ;
#2327 = DIRECTION ( 'NONE',  ( 0.000000000000000000, -1.000000000000000000, 0.000000000000000000 ) ) ;
#2328 = CARTESIAN_POINT ( 'NONE',  ( 8.636072200091403417, 20.86019931313785847, 6.090702541479278587 ) ) ;
#2329 = EDGE_LOOP ( 'NONE', ( #3482, #2241, #1432, #2248 ) ) ;
#2330 = EDGE_CURVE ( 'NONE', #1519, #1740, #148, .T. ) ;
#2331 = CARTESIAN_POINT ( 'NONE',  ( -11.59499655816481578, 17.85919931313785725, -5.117427116932242726 ) ) ;
#2332 = VECTOR ( 'NONE', #3464, 1000.000000000000000 ) ;
#2333 = ORIENTED_EDGE ( 'NONE', *, *, #212, .F. ) ;
#2334 = VECTOR ( 'NONE', #3164, 1000.000000000000000 ) ;
#2335 = DIRECTION ( 'NONE',  ( -0.1013022274283746083, 0.000000000000000000, 0.9948556974345826864 ) ) ;
#2336 = DIRECTION ( 'NONE',  ( 0.000000000000000000, 0.000000000000000000, -1.000000000000000000 ) ) ;
#2337 = CIRCLE ( 'NONE', #2896, 0.9999999999999887867 ) ;
#2338 = AXIS2_PLACEMENT_3D ( 'NONE', #2107, #484, #1828 ) ;
#2339 = ORIENTED_EDGE ( 'NONE', *, *, #2348, .F. ) ;
#2340 = DIRECTION ( 'NONE',  ( 0.000000000000000000, 0.000000000000000000, -1.000000000000000000 ) ) ;
#2341 = DIRECTION ( 'NONE',  ( 0.000000000000000000, -1.000000000000000000, 0.000000000000000000 ) ) ;
#2342 = CIRCLE ( 'NONE', #450, 1.000000000000003553 ) ;
#2343 = AXIS2_PLACEMENT_3D ( 'NONE', #3489, #1119, #138 ) ;
#2344 = VERTEX_POINT ( 'NONE', #806 ) ;
#2345 = CARTESIAN_POINT ( 'NONE',  ( -0.5065109396218263615, 17.85919931313785725, 5.974278372278951643 ) ) ;
#2346 = ORIENTED_EDGE ( 'NONE', *, *, #750, .F. ) ;
#2347 = LINE ( 'NONE', #2700, #2687 ) ;
#2348 = EDGE_CURVE ( 'NONE', #345, #1905, #1549, .T. ) ;
#2349 = EDGE_CURVE ( 'NONE', #2791, #2615, #353, .T. ) ;
#2350 = CARTESIAN_POINT ( 'NONE',  ( -8.450013146662174179, 30.85919931313786080, 9.446125194918316481 ) ) ;
#2351 = VERTEX_POINT ( 'NONE', #1248 ) ;
#2352 = EDGE_LOOP ( 'NONE', ( #880, #1854 ) ) ;
#2353 = FACE_OUTER_BOUND ( 'NONE', #367, .T. ) ;
#2354 = DIRECTION ( 'NONE',  ( 0.000000000000000000, 0.000000000000000000, -1.000000000000000000 ) ) ;
#2355 = ADVANCED_FACE ( 'NONE', ( #3921 ), #2945, .F. ) ;
#2356 = ORIENTED_EDGE ( 'NONE', *, *, #2197, .T. ) ;
#2357 = DIRECTION ( 'NONE',  ( 0.000000000000000000, -1.000000000000000000, 0.000000000000000000 ) ) ;
#2358 = PLANE ( 'NONE',  #2970 ) ;
#2359 = EDGE_CURVE ( 'NONE', #2042, #1495, #2881, .T. ) ;
#2360 = VECTOR ( 'NONE', #1700, 1000.000000000000000 ) ;
#2361 = VERTEX_POINT ( 'NONE', #259 ) ;
#2362 = CARTESIAN_POINT ( 'NONE',  ( 4.574299617395673145, 30.85919931313786080, 3.018857189951015041 ) ) ;
#2363 = DIRECTION ( 'NONE',  ( 0.000000000000000000, 0.000000000000000000, -1.000000000000000000 ) ) ;
#2364 = VERTEX_POINT ( 'NONE', #1973 ) ;
#2365 = EDGE_LOOP ( 'NONE', ( #1798, #4160 ) ) ;
#2366 = CYLINDRICAL_SURFACE ( 'NONE', #3883, 0.9999999999999887867 ) ;
#2367 = CARTESIAN_POINT ( 'NONE',  ( -9.888040223330667899, 17.85919931313785725, 5.204465316859363533 ) ) ;
#2368 = ORIENTED_EDGE ( 'NONE', *, *, #166, .F. ) ;
#2369 = AXIS2_PLACEMENT_3D ( 'NONE', #1356, #2357, #2749 ) ;
#2370 = ORIENTED_EDGE ( 'NONE', *, *, #1534, .T. ) ;
#2371 = CARTESIAN_POINT ( 'NONE',  ( 0.000000000000000000, 12.85919931313785725, 0.000000000000000000 ) ) ;
#2372 = DIRECTION ( 'NONE',  ( 0.000000000000000000, -1.000000000000000000, 0.000000000000000000 ) ) ;
#2373 = DIRECTION ( 'NONE',  ( 0.000000000000000000, 0.000000000000000000, -1.000000000000000000 ) ) ;
#2374 = ADVANCED_FACE ( 'NONE', ( #234 ), #2907, .F. ) ;
#2375 = EDGE_CURVE ( 'NONE', #2718, #309, #2723, .T. ) ;
#2376 = VERTEX_POINT ( 'NONE', #2254 ) ;
#2377 = CARTESIAN_POINT ( 'NONE',  ( -8.005313096291134300, 20.86019931313785847, -7.795817125485216437 ) ) ;
#2378 = CARTESIAN_POINT ( 'NONE',  ( 11.04739247169366223, 12.85919931313785725, 20.59211802243064326 ) ) ;
#2379 = VERTEX_POINT ( 'NONE', #588 ) ;
#2380 = EDGE_CURVE ( 'NONE', #1697, #1946, #4296, .T. ) ;
#2381 = VERTEX_POINT ( 'NONE', #4275 ) ;
#2382 = ORIENTED_EDGE ( 'NONE', *, *, #3666, .F. ) ;
#2383 = CARTESIAN_POINT ( 'NONE',  ( 8.314121313980017192, 17.85919931313785725, -0.6097711452783421970 ) ) ;
#2384 = CYLINDRICAL_SURFACE ( 'NONE', #2828, 0.9999999999999887867 ) ;
#2385 = AXIS2_PLACEMENT_3D ( 'NONE', #1116, #3761, #791 ) ;
#2386 = CYLINDRICAL_SURFACE ( 'NONE', #2593, 1.000000000000002665 ) ;
#2387 = ORIENTED_EDGE ( 'NONE', *, *, #4126, .T. ) ;
#2388 = CARTESIAN_POINT ( 'NONE',  ( -13.27648856862440674, 17.85919931313785725, 30.20482826935239373 ) ) ;
#2389 = PLANE ( 'NONE',  #256 ) ;
#2390 = ORIENTED_EDGE ( 'NONE', *, *, #3944, .F. ) ;
#2391 = DIRECTION ( 'NONE',  ( 0.000000000000000000, 0.000000000000000000, -1.000000000000000000 ) ) ;
#2392 = FACE_OUTER_BOUND ( 'NONE', #841, .T. ) ;
#2393 = DIRECTION ( 'NONE',  ( 0.000000000000000000, -1.000000000000000000, 0.000000000000000000 ) ) ;
#2394 = AXIS2_PLACEMENT_3D ( 'NONE', #2440, #731, #445 ) ;
#2395 = VECTOR ( 'NONE', #1557, 1000.000000000000000 ) ;
#2396 = EDGE_LOOP ( 'NONE', ( #2390, #4141 ) ) ;
#2397 = DIRECTION ( 'NONE',  ( -0.000000000000000000, 1.000000000000000000, -0.000000000000000000 ) ) ;
#2398 = CARTESIAN_POINT ( 'NONE',  ( 1.894168429112635943, 17.85919931313785725, 11.01235342579480481 ) ) ;
#2399 = AXIS2_PLACEMENT_3D ( 'NONE', #3938, #1903, #1309 ) ;
#2400 = EDGE_CURVE ( 'NONE', #4308, #1719, #4136, .T. ) ;
#2401 = EDGE_CURVE ( 'NONE', #1420, #3202, #1927, .T. ) ;
#2402 = ORIENTED_EDGE ( 'NONE', *, *, #2653, .T. ) ;
#2403 = ORIENTED_EDGE ( 'NONE', *, *, #4099, .F. ) ;
#2404 = VECTOR ( 'NONE', #3328, 1000.000000000000000 ) ;
#2405 = AXIS2_PLACEMENT_3D ( 'NONE', #3001, #4035, #1328 ) ;
#2406 = DIRECTION ( 'NONE',  ( 0.000000000000000000, 0.000000000000000000, -1.000000000000000000 ) ) ;
#2407 = EDGE_CURVE ( 'NONE', #3361, #1261, #4055, .T. ) ;
#2408 = CARTESIAN_POINT ( 'NONE',  ( 21.76328174623001033, 25.85919931313636866, -49.31094774625861277 ) ) ;
#2409 = CARTESIAN_POINT ( 'NONE',  ( -19.16618731969591494, 17.85919931313785369, 44.85382042254599355 ) ) ;
#2410 = ORIENTED_EDGE ( 'NONE', *, *, #2573, .T. ) ;
#2411 = PLANE ( 'NONE',  #3310 ) ;
#2412 = DIRECTION ( 'NONE',  ( -0.000000000000000000, 1.000000000000000000, 0.000000000000000000 ) ) ;
#2413 = CARTESIAN_POINT ( 'NONE',  ( 4.940484912204182066, 30.85919931313786080, -10.02254542926733727 ) ) ;
#2414 = DIRECTION ( 'NONE',  ( 0.000000000000000000, -1.000000000000000000, 0.000000000000000000 ) ) ;
#2415 = EDGE_LOOP ( 'NONE', ( #3293, #4095, #3831, #430 ) ) ;
#2416 = ORIENTED_EDGE ( 'NONE', *, *, #1716, .T. ) ;
#2417 = CARTESIAN_POINT ( 'NONE',  ( 0.000000000000000000, 12.85919931313785725, 0.000000000000000000 ) ) ;
#2418 = VECTOR ( 'NONE', #274, 1000.000000000000000 ) ;
#2419 = AXIS2_PLACEMENT_3D ( 'NONE', #1713, #3034, #45 ) ;
#2420 = CARTESIAN_POINT ( 'NONE',  ( 0.000000000000000000, 20.86019931313785847, 0.000000000000000000 ) ) ;
#2421 = CIRCLE ( 'NONE', #3897, 0.9999999999999887867 ) ;
#2422 = CARTESIAN_POINT ( 'NONE',  ( -17.98240296810739380, 20.05919931313785654, 43.09971677425888004 ) ) ;
#2423 = ORIENTED_EDGE ( 'NONE', *, *, #1096, .T. ) ;
#2424 = CARTESIAN_POINT ( 'NONE',  ( -51.29262085535018656, 20.85919931313785725, -21.07854112201430752 ) ) ;
#2425 = DIRECTION ( 'NONE',  ( 0.1013022274283774671, 0.000000000000000000, -0.9948556974345823534 ) ) ;
#2426 = ORIENTED_EDGE ( 'NONE', *, *, #2461, .F. ) ;
#2427 = EDGE_LOOP ( 'NONE', ( #781, #411, #2521, #808 ) ) ;
#2428 = EDGE_CURVE ( 'NONE', #121, #697, #3359, .T. ) ;
#2429 = EDGE_CURVE ( 'NONE', #2615, #2791, #3930, .T. ) ;
#2430 = DIRECTION ( 'NONE',  ( 0.000000000000000000, 0.000000000000000000, -1.000000000000000000 ) ) ;
#2431 = VECTOR ( 'NONE', #3114, 1000.000000000000000 ) ;
#2432 = DIRECTION ( 'NONE',  ( 0.000000000000000000, 1.000000000000000000, 0.000000000000000000 ) ) ;
#2433 = ORIENTED_EDGE ( 'NONE', *, *, #1020, .T. ) ;
#2434 = ADVANCED_FACE ( 'NONE', ( #2275 ), #1626, .F. ) ;
#2435 = EDGE_CURVE ( 'NONE', #1461, #1090, #2560, .T. ) ;
#2436 = DIRECTION ( 'NONE',  ( 0.8636404253133878051, 0.000000000000000000, -0.5041083373289024783 ) ) ;
#2437 = CARTESIAN_POINT ( 'NONE',  ( 4.574299617395673145, 20.86019931313785847, 2.018857189951019038 ) ) ;
#2438 = CARTESIAN_POINT ( 'NONE',  ( -14.64874571393334080, 12.85919931313785725, 16.37558186788499270 ) ) ;
#2439 = ORIENTED_EDGE ( 'NONE', *, *, #3234, .F. ) ;
#2440 = CARTESIAN_POINT ( 'NONE',  ( -18.97725866554199214, 17.85919931313785369, 42.99841454683050301 ) ) ;
#2441 = EDGE_CURVE ( 'NONE', #2718, #4257, #3634, .T. ) ;
#2442 = ORIENTED_EDGE ( 'NONE', *, *, #504, .T. ) ;
#2443 = CARTESIAN_POINT ( 'NONE',  ( -8.005313096291134300, 20.86019931313785847, -6.795817125485227095 ) ) ;
#2444 = CARTESIAN_POINT ( 'NONE',  ( -2.818918367398545843, 20.86019931313785847, -10.81265482680686318 ) ) ;
#2445 = AXIS2_PLACEMENT_3D ( 'NONE', #3057, #438, #1825 ) ;
#2446 = AXIS2_PLACEMENT_3D ( 'NONE', #263, #1673, #3304 ) ;
#2447 = ORIENTED_EDGE ( 'NONE', *, *, #2838, .F. ) ;
#2448 = CARTESIAN_POINT ( 'NONE',  ( -26.89688058886707722, 17.85919931313776488, -11.87088095248773811 ) ) ;
#2449 = DIRECTION ( 'NONE',  ( -0.000000000000000000, 1.000000000000000000, 0.000000000000000000 ) ) ;
#2450 = VECTOR ( 'NONE', #63, 1000.000000000000000 ) ;
#2451 = CARTESIAN_POINT ( 'NONE',  ( -14.64874571393334080, 12.85919931313785725, 17.97558173357456468 ) ) ;
#2452 = CIRCLE ( 'NONE', #1755, 1.499999999999994449 ) ;
#2453 = ORIENTED_EDGE ( 'NONE', *, *, #2602, .T. ) ;
#2454 = ORIENTED_EDGE ( 'NONE', *, *, #2681, .F. ) ;
#2455 = DIRECTION ( 'NONE',  ( 0.000000000000000000, -1.000000000000000000, 0.000000000000000000 ) ) ;
#2456 = ORIENTED_EDGE ( 'NONE', *, *, #3709, .T. ) ;
#2457 = CARTESIAN_POINT ( 'NONE',  ( 21.76328174623001033, 25.85919931313636866, -49.31094774625861277 ) ) ;
#2458 = CARTESIAN_POINT ( 'NONE',  ( -51.14066751420762102, 20.85919931313785725, -22.57082466816618194 ) ) ;
#2459 = FACE_BOUND ( 'NONE', #58, .T. ) ;
#2460 = CARTESIAN_POINT ( 'NONE',  ( 0.000000000000000000, 12.85919931313785725, 0.000000000000000000 ) ) ;
#2461 = EDGE_CURVE ( 'NONE', #3420, #2364, #3566, .T. ) ;
#2462 = DIRECTION ( 'NONE',  ( 0.000000000000000000, 0.000000000000000000, -1.000000000000000000 ) ) ;
#2463 = ORIENTED_EDGE ( 'NONE', *, *, #3, .F. ) ;
#2464 = VERTEX_POINT ( 'NONE', #300 ) ;
#2465 = DIRECTION ( 'NONE',  ( 0.000000000000000000, -1.000000000000000000, 0.000000000000000000 ) ) ;
#2466 = CIRCLE ( 'NONE', #3939, 1.499999999999997335 ) ;
#2467 = CARTESIAN_POINT ( 'NONE',  ( -32.82915934247331080, 17.85919931313785725, -3.292885719301666736 ) ) ;
#2468 = EDGE_CURVE ( 'NONE', #2464, #3636, #1638, .T. ) ;
#2469 = CARTESIAN_POINT ( 'NONE',  ( 3.333583850864015652, 17.85919931313785725, -3.726556169236693083 ) ) ;
#2470 = ORIENTED_EDGE ( 'NONE', *, *, #2142, .F. ) ;
#2471 = AXIS2_PLACEMENT_3D ( 'NONE', #3430, #190, #2113 ) ;
#2472 = DIRECTION ( 'NONE',  ( -0.000000000000000000, 1.000000000000000000, -0.000000000000000000 ) ) ;
#2473 = CARTESIAN_POINT ( 'NONE',  ( 32.82915934247332501, 12.85919931313785725, 3.292885719301651637 ) ) ;
#2474 = CARTESIAN_POINT ( 'NONE',  ( 1.894168429112635943, 17.85919931313785725, 10.01235342579481546 ) ) ;
#2475 = VECTOR ( 'NONE', #1203, 1000.000000000000114 ) ;
#2476 = ORIENTED_EDGE ( 'NONE', *, *, #1666, .F. ) ;
#2477 = ORIENTED_EDGE ( 'NONE', *, *, #3210, .F. ) ;
#2478 = DIRECTION ( 'NONE',  ( 0.2125559506843236190, 0.000000000000000000, 0.9771488974709449105 ) ) ;
#2479 = FACE_OUTER_BOUND ( 'NONE', #682, .T. ) ;
#2480 = AXIS2_PLACEMENT_3D ( 'NONE', #1354, #2372, #996 ) ;
#2481 = ORIENTED_EDGE ( 'NONE', *, *, #3234, .T. ) ;
#2482 = CARTESIAN_POINT ( 'NONE',  ( 1.975200560505147710E-07, 20.86019931313785847, 1.499999885106062747 ) ) ;
#2483 = FACE_BOUND ( 'NONE', #3267, .T. ) ;
#2484 = AXIS2_PLACEMENT_3D ( 'NONE', #2974, #2021, #3597 ) ;
#2485 = CARTESIAN_POINT ( 'NONE',  ( -8.450013146662174179, 17.85919931313785725, 11.04612519491831257 ) ) ;
#2486 = CIRCLE ( 'NONE', #2343, 0.9999999999999887867 ) ;
#2487 = CARTESIAN_POINT ( 'NONE',  ( 9.847386582998350235, 20.86019931313785847, 3.346122889553997837 ) ) ;
#2488 = ORIENTED_EDGE ( 'NONE', *, *, #1936, .F. ) ;
#2489 = ORIENTED_EDGE ( 'NONE', *, *, #3850, .T. ) ;
#2490 = EDGE_CURVE ( 'NONE', #1301, #3537, #3232, .T. ) ;
#2491 = PLANE ( 'NONE',  #2008 ) ;
#2492 = EDGE_CURVE ( 'NONE', #1519, #1178, #934, .T. ) ;
#2493 = DIRECTION ( 'NONE',  ( -0.000000000000000000, 1.000000000000000000, 0.000000000000000000 ) ) ;
#2494 = CIRCLE ( 'NONE', #1310, 0.9999999999999887867 ) ;
#2495 = AXIS2_PLACEMENT_3D ( 'NONE', #3658, #3013, #2696 ) ;
#2496 = AXIS2_PLACEMENT_3D ( 'NONE', #294, #1966, #955 ) ;
#2497 = EDGE_LOOP ( 'NONE', ( #2227, #3800, #227, #1422 ) ) ;
#2498 = CARTESIAN_POINT ( 'NONE',  ( 3.333583850864015652, 20.86019931313785847, -3.726556169236693083 ) ) ;
#2499 = ADVANCED_FACE ( 'NONE', ( #2986 ), #2743, .F. ) ;
#2500 = DIRECTION ( 'NONE',  ( 0.000000000000000000, 0.000000000000000000, -1.000000000000000000 ) ) ;
#2501 = VERTEX_POINT ( 'NONE', #2074 ) ;
#2502 = VERTEX_POINT ( 'NONE', #404 ) ;
#2503 = DIRECTION ( 'NONE',  ( -0.8636404253133878051, 0.000000000000000000, 0.5041083373289025893 ) ) ;
#2504 = EDGE_CURVE ( 'NONE', #1033, #2376, #1059, .T. ) ;
#2505 = CARTESIAN_POINT ( 'NONE',  ( 7.412201985409108573, 30.85919931313786080, -3.786311412648991848 ) ) ;
#2506 = ORIENTED_EDGE ( 'NONE', *, *, #3645, .F. ) ;
#2507 = VECTOR ( 'NONE', #187, 1000.000000000000000 ) ;
#2508 = LINE ( 'NONE', #87, #3015 ) ;
#2509 = DIRECTION ( 'NONE',  ( 0.000000000000000000, 0.000000000000000000, -1.000000000000000000 ) ) ;
#2510 = DIRECTION ( 'NONE',  ( 0.000000000000000000, 0.000000000000000000, -1.000000000000000000 ) ) ;
#2511 = ORIENTED_EDGE ( 'NONE', *, *, #198, .F. ) ;
#2512 = ORIENTED_EDGE ( 'NONE', *, *, #1176, .F. ) ;
#2513 = DIRECTION ( 'NONE',  ( -0.000000000000000000, 1.000000000000000000, -0.000000000000000000 ) ) ;
#2514 = DIRECTION ( 'NONE',  ( 0.000000000000000000, -1.000000000000000000, 0.000000000000000000 ) ) ;
#2515 = CARTESIAN_POINT ( 'NONE',  ( -1.310499516737777315, 17.85919931313785725, -9.219457462360512778 ) ) ;
#2516 = ORIENTED_EDGE ( 'NONE', *, *, #2753, .T. ) ;
#2517 = CARTESIAN_POINT ( 'NONE',  ( 13.80636838950611178, 17.85919931313785725, 12.31305610562743702 ) ) ;
#2518 = CARTESIAN_POINT ( 'NONE',  ( -11.15453926701302123, 20.86019931313785847, -0.6603433051121654351 ) ) ;
#2519 = ADVANCED_FACE ( 'NONE', ( #2353 ), #2031, .T. ) ;
#2520 = ORIENTED_EDGE ( 'NONE', *, *, #942, .F. ) ;
#2521 = ORIENTED_EDGE ( 'NONE', *, *, #3069, .T. ) ;
#2522 = CARTESIAN_POINT ( 'NONE',  ( -18.97725866554199214, 20.05919931313785654, 42.99841454683050301 ) ) ;
#2523 = AXIS2_PLACEMENT_3D ( 'NONE', #982, #2319, #3927 ) ;
#2524 = DIRECTION ( 'NONE',  ( 0.000000000000000000, -1.000000000000000000, 0.000000000000000000 ) ) ;
#2525 = AXIS2_PLACEMENT_3D ( 'NONE', #455, #4209, #125 ) ;
#2526 = AXIS2_PLACEMENT_3D ( 'NONE', #1239, #3912, #907 ) ;
#2527 = ORIENTED_EDGE ( 'NONE', *, *, #2400, .T. ) ;
#2528 = DIRECTION ( 'NONE',  ( -0.000000000000000000, 1.000000000000000000, 0.000000000000000000 ) ) ;
#2529 = FACE_BOUND ( 'NONE', #3825, .T. ) ;
#2530 = CARTESIAN_POINT ( 'NONE',  ( 2.940334720197848473, 17.85919931313785725, -8.786611796661640383 ) ) ;
#2531 = EDGE_LOOP ( 'NONE', ( #1595, #3260, #3467, #3029 ) ) ;
#2532 = ORIENTED_EDGE ( 'NONE', *, *, #1201, .F. ) ;
#2533 = CARTESIAN_POINT ( 'NONE',  ( -1.090398663191115780, 20.86019931313785847, 11.70844674350965597 ) ) ;
#2534 = DIRECTION ( 'NONE',  ( 0.000000000000000000, 0.000000000000000000, -1.000000000000000000 ) ) ;
#2535 = ORIENTED_EDGE ( 'NONE', *, *, #158, .F. ) ;
#2536 = DIRECTION ( 'NONE',  ( -0.000000000000000000, 1.000000000000000000, -0.000000000000000000 ) ) ;
#2537 = DIRECTION ( 'NONE',  ( 0.000000000000000000, 0.000000000000000000, -1.000000000000000000 ) ) ;
#2538 = ORIENTED_EDGE ( 'NONE', *, *, #3824, .T. ) ;
#2539 = AXIS2_PLACEMENT_3D ( 'NONE', #3750, #4042, #382 ) ;
#2540 = EDGE_LOOP ( 'NONE', ( #2106, #908 ) ) ;
#2541 = CARTESIAN_POINT ( 'NONE',  ( -8.450013146662174179, 20.86019931313785847, 9.446125194918316481 ) ) ;
#2542 = DIRECTION ( 'NONE',  ( 0.000000000000000000, -0.000000000000000000, -1.000000000000000000 ) ) ;
#2543 = EDGE_CURVE ( 'NONE', #2080, #2125, #1916, .T. ) ;
#2544 = ADVANCED_FACE ( 'NONE', ( #4000 ), #1703, .F. ) ;
#2545 = ORIENTED_EDGE ( 'NONE', *, *, #1290, .F. ) ;
#2546 = CARTESIAN_POINT ( 'NONE',  ( 0.000000000000000000, 12.85919931313785725, 0.000000000000000000 ) ) ;
#2547 = AXIS2_PLACEMENT_3D ( 'NONE', #1542, #2869, #3783 ) ;
#2548 = CIRCLE ( 'NONE', #2894, 1.000000000000001554 ) ;
#2549 = EDGE_CURVE ( 'NONE', #3719, #2849, #859, .T. ) ;
#2550 = AXIS2_PLACEMENT_3D ( 'NONE', #1459, #4135, #3141 ) ;
#2551 = CARTESIAN_POINT ( 'NONE',  ( 28.49485748239399641, 17.85919931313785725, -16.63249519921587449 ) ) ;
#2552 = ORIENTED_EDGE ( 'NONE', *, *, #24, .T. ) ;
#2553 = ORIENTED_EDGE ( 'NONE', *, *, #33, .T. ) ;
#2554 = AXIS2_PLACEMENT_3D ( 'NONE', #2912, #1957, #330 ) ;
#2555 = PLANE ( 'NONE',  #1088 ) ;
#2556 = CARTESIAN_POINT ( 'NONE',  ( -2.818918367398545843, 17.85919931313785725, -10.81265482680686318 ) ) ;
#2557 = AXIS2_PLACEMENT_3D ( 'NONE', #146, #1578, #4252 ) ;
#2558 = PLANE ( 'NONE',  #454 ) ;
#2559 = ORIENTED_EDGE ( 'NONE', *, *, #3568, .F. ) ;
#2560 = LINE ( 'NONE', #2297, #3516 ) ;
#2561 = DIRECTION ( 'NONE',  ( 0.000000000000000000, -1.000000000000000000, 0.000000000000000000 ) ) ;
#2562 = ORIENTED_EDGE ( 'NONE', *, *, #2468, .F. ) ;
#2563 = VERTEX_POINT ( 'NONE', #359 ) ;
#2564 = FACE_OUTER_BOUND ( 'NONE', #3947, .T. ) ;
#2565 = CARTESIAN_POINT ( 'NONE',  ( 0.000000000000000000, 12.85919931313785725, 0.000000000000000000 ) ) ;
#2566 = AXIS2_PLACEMENT_3D ( 'NONE', #2207, #211, #1126 ) ;
#2567 = CIRCLE ( 'NONE', #2217, 0.9999999999999890088 ) ;
#2568 = EDGE_LOOP ( 'NONE', ( #3491, #3393, #1555, #3571 ) ) ;
#2569 = CARTESIAN_POINT ( 'NONE',  ( 0.000000000000000000, 17.85919931313785725, 0.000000000000000000 ) ) ;
#2570 = CARTESIAN_POINT ( 'NONE',  ( 0.000000000000000000, 20.85919931313785725, 0.000000000000000000 ) ) ;
#2571 = CARTESIAN_POINT ( 'NONE',  ( -5.412115731844795441, 20.86019931313785847, -8.304235976146003395 ) ) ;
#2572 = LINE ( 'NONE', #2596, #1192 ) ;
#2573 = EDGE_CURVE ( 'NONE', #309, #2718, #3086, .T. ) ;
#2574 = VERTEX_POINT ( 'NONE', #3322 ) ;
#2575 = EDGE_CURVE ( 'NONE', #3644, #2042, #3238, .T. ) ;
#2576 = CARTESIAN_POINT ( 'NONE',  ( 7.444009781806337323, 17.85919931313785725, -16.93558021254230184 ) ) ;
#2577 = ORIENTED_EDGE ( 'NONE', *, *, #1590, .T. ) ;
#2578 = DIRECTION ( 'NONE',  ( 0.000000000000000000, -1.000000000000000000, 0.000000000000000000 ) ) ;
#2579 = CARTESIAN_POINT ( 'NONE',  ( 3.131720420757089673, 12.85919931313785725, -31.22238591715116840 ) ) ;
#2580 = AXIS2_PLACEMENT_3D ( 'NONE', #4180, #3155, #3137 ) ;
#2581 = FACE_OUTER_BOUND ( 'NONE', #2283, .T. ) ;
#2582 = VERTEX_POINT ( 'NONE', #3409 ) ;
#2583 = CARTESIAN_POINT ( 'NONE',  ( 0.000000000000000000, 12.85919931313785725, 0.000000000000000000 ) ) ;
#2584 = FACE_OUTER_BOUND ( 'NONE', #3623, .T. ) ;
#2585 = ORIENTED_EDGE ( 'NONE', *, *, #4049, .F. ) ;
#2586 = ORIENTED_EDGE ( 'NONE', *, *, #1988, .T. ) ;
#2587 = CARTESIAN_POINT ( 'NONE',  ( 0.000000000000000000, 0.000000000000000000, 0.000000000000000000 ) ) ;
#2588 = CARTESIAN_POINT ( 'NONE',  ( -1.310499516737777315, 30.85919931313786080, -9.219457462360512778 ) ) ;
#2589 = CIRCLE ( 'NONE', #1891, 0.9999999999999817923 ) ;
#2590 = EDGE_LOOP ( 'NONE', ( #2872, #981 ) ) ;
#2591 = DIRECTION ( 'NONE',  ( 0.000000000000000000, -1.000000000000000000, 0.000000000000000000 ) ) ;
#2592 = VECTOR ( 'NONE', #1977, 1000.000000000000000 ) ;
#2593 = AXIS2_PLACEMENT_3D ( 'NONE', #1388, #729, #1076 ) ;
#2594 = SURFACE_SIDE_STYLE ('',( #2184 ) ) ;
#2595 = FACE_OUTER_BOUND ( 'NONE', #299, .T. ) ;
#2596 = CARTESIAN_POINT ( 'NONE',  ( 8.475415659838510278E-16, 17.85919931313785725, -1.843628988053325259E-16 ) ) ;
#2597 = ORIENTED_EDGE ( 'NONE', *, *, #1882, .F. ) ;
#2598 = LINE ( 'NONE', #3274, #2418 ) ;
#2599 = FACE_OUTER_BOUND ( 'NONE', #2679, .T. ) ;
#2600 = FACE_OUTER_BOUND ( 'NONE', #468, .T. ) ;
#2601 = ADVANCED_FACE ( 'NONE', ( #3066 ), #1373, .F. ) ;
#2602 = EDGE_CURVE ( 'NONE', #1866, #1170, #3307, .T. ) ;
#2603 = DIRECTION ( 'NONE',  ( 0.000000000000000000, 0.000000000000000000, 1.000000000000000000 ) ) ;
#2604 = ORIENTED_EDGE ( 'NONE', *, *, #3346, .F. ) ;
#2605 = DIRECTION ( 'NONE',  ( -0.000000000000000000, 1.000000000000000000, -0.000000000000000000 ) ) ;
#2606 = FACE_BOUND ( 'NONE', #2748, .T. ) ;
#2607 = VERTEX_POINT ( 'NONE', #4085 ) ;
#2608 = CARTESIAN_POINT ( 'NONE',  ( -28.49485748239399641, 17.85919931313785725, 16.63249519921587805 ) ) ;
#2609 = LINE ( 'NONE', #2588, #100 ) ;
#2610 = CIRCLE ( 'NONE', #2738, 0.9999999999999887867 ) ;
#2611 = EDGE_LOOP ( 'NONE', ( #743, #2072, #199, #1605 ) ) ;
#2612 = CARTESIAN_POINT ( 'NONE',  ( 1.975200558668177564E-07, 20.86019931313785847, -1.148939346440336351E-07 ) ) ;
#2613 = CIRCLE ( 'NONE', #2955, 0.9999999999999887867 ) ;
#2614 = ORIENTED_EDGE ( 'NONE', *, *, #3401, .T. ) ;
#2615 = VERTEX_POINT ( 'NONE', #2721 ) ;
#2616 = CARTESIAN_POINT ( 'NONE',  ( -19.07856089297036917, 17.85919931313785369, 43.99327024426509070 ) ) ;
#2617 = CARTESIAN_POINT ( 'NONE',  ( -6.496894245630262077, 20.86019931313785847, -5.202619761038966395 ) ) ;
#2618 = DIRECTION ( 'NONE',  ( -0.000000000000000000, -1.000000000000000000, -0.000000000000000000 ) ) ;
#2619 = CIRCLE ( 'NONE', #3661, 0.9999999999999887867 ) ;
#2620 = DIRECTION ( 'NONE',  ( -0.000000000000000000, 1.000000000000000000, -0.000000000000000000 ) ) ;
#2621 = AXIS2_PLACEMENT_3D ( 'NONE', #2941, #1266, #1598 ) ;
#2622 = EDGE_CURVE ( 'NONE', #3636, #1518, #1391, .T. ) ;
#2623 = AXIS2_PLACEMENT_3D ( 'NONE', #1875, #1610, #3199 ) ;
#2624 = CARTESIAN_POINT ( 'NONE',  ( 0.000000000000000000, 17.85919931313785725, 0.000000000000000000 ) ) ;
#2625 = ADVANCED_FACE ( 'NONE', ( #995, #708 ), #1080, .T. ) ;
#2626 = VERTEX_POINT ( 'NONE', #4333 ) ;
#2627 = CARTESIAN_POINT ( 'NONE',  ( 2.225758709196706153, 17.85919931313785725, -21.85844071912941544 ) ) ;
#2628 = FACE_OUTER_BOUND ( 'NONE', #3901, .T. ) ;
#2629 = CIRCLE ( 'NONE', #2832, 1.000000000000000888 ) ;
#2630 = EDGE_CURVE ( 'NONE', #95, #3636, #2664, .T. ) ;
#2631 = EDGE_CURVE ( 'NONE', #1841, #2270, #3656, .T. ) ;
#2632 = ORIENTED_EDGE ( 'NONE', *, *, #1641, .T. ) ;
#2633 = CARTESIAN_POINT ( 'NONE',  ( 2.225758709196706153, 12.85919931313785725, -21.85844071912941544 ) ) ;
#2634 = DIRECTION ( 'NONE',  ( 0.000000000000000000, 0.000000000000000000, -1.000000000000000000 ) ) ;
#2635 = ORIENTED_EDGE ( 'NONE', *, *, #4191, .T. ) ;
#2636 = CARTESIAN_POINT ( 'NONE',  ( 5.891492548166014309, 17.85919931313785725, 5.879388158572314005 ) ) ;
#2637 = EDGE_CURVE ( 'NONE', #1565, #3449, #3377, .T. ) ;
#2638 = AXIS2_PLACEMENT_3D ( 'NONE', #4247, #3313, #2981 ) ;
#2639 = DIRECTION ( 'NONE',  ( 0.000000000000000000, -1.000000000000000000, 0.000000000000000000 ) ) ;
#2640 = LINE ( 'NONE', #887, #2173 ) ;
#2641 = ORIENTED_EDGE ( 'NONE', *, *, #971, .F. ) ;
#2642 = CARTESIAN_POINT ( 'NONE',  ( -18.78833001138806935, 17.85919931313785369, 41.14300867111501248 ) ) ;
#2643 = PLANE ( 'NONE',  #186 ) ;
#2644 = FACE_OUTER_BOUND ( 'NONE', #3576, .T. ) ;
#2645 = DIRECTION ( 'NONE',  ( 0.000000000000000000, -1.000000000000000000, 0.000000000000000000 ) ) ;
#2646 = VERTEX_POINT ( 'NONE', #2443 ) ;
#2647 = DIRECTION ( 'NONE',  ( -0.000000000000000000, 1.000000000000000000, 0.000000000000000000 ) ) ;
#2648 = CYLINDRICAL_SURFACE ( 'NONE', #1424, 0.9999999999999961142 ) ;
#2649 = CARTESIAN_POINT ( 'NONE',  ( -6.955635912344964922, 17.85919931313785725, 3.571215795018225503 ) ) ;
#2650 = ORIENTED_EDGE ( 'NONE', *, *, #2122, .F. ) ;
#2651 = CYLINDRICAL_SURFACE ( 'NONE', #3064, 17.50000000000000000 ) ;
#2652 = DIRECTION ( 'NONE',  ( 0.000000000000000000, -1.000000000000000000, 0.000000000000000000 ) ) ;
#2653 = EDGE_CURVE ( 'NONE', #2862, #1495, #997, .T. ) ;
#2654 = EDGE_CURVE ( 'NONE', #4113, #2582, #491, .T. ) ;
#2655 = ORIENTED_EDGE ( 'NONE', *, *, #1827, .F. ) ;
#2656 = CARTESIAN_POINT ( 'NONE',  ( 11.04739247169366223, 12.85919931313785725, 18.99211815674078707 ) ) ;
#2657 = ADVANCED_FACE ( 'NONE', ( #3840 ), #144, .F. ) ;
#2658 = ORIENTED_EDGE ( 'NONE', *, *, #2947, .T. ) ;
#2659 = CARTESIAN_POINT ( 'NONE',  ( -8.222134956027318253, 30.85919931313786080, -0.2935928269533045198 ) ) ;
#2660 = LINE ( 'NONE', #3684, #728 ) ;
#2661 = VERTEX_POINT ( 'NONE', #122 ) ;
#2662 = CARTESIAN_POINT ( 'NONE',  ( 0.000000000000000000, 12.85919931313785725, 0.000000000000000000 ) ) ;
#2663 = VERTEX_POINT ( 'NONE', #4134 ) ;
#2664 = LINE ( 'NONE', #2014, #3594 ) ;
#2665 = LINE ( 'NONE', #898, #1849 ) ;
#2666 = ORIENTED_EDGE ( 'NONE', *, *, #2094, .T. ) ;
#2667 = CYLINDRICAL_SURFACE ( 'NONE', #137, 1.000000000000001776 ) ;
#2668 = LINE ( 'NONE', #1654, #4020 ) ;
#2669 = DIRECTION ( 'NONE',  ( -0.4023923348681298640, 0.000000000000000000, 0.9154673171879894600 ) ) ;
#2670 = ORIENTED_EDGE ( 'NONE', *, *, #2867, .T. ) ;
#2671 = LINE ( 'NONE', #658, #4178 ) ;
#2672 = ADVANCED_FACE ( 'NONE', ( #3140 ), #97, .F. ) ;
#2673 = CIRCLE ( 'NONE', #503, 1.599999865689571532 ) ;
#2674 = ADVANCED_FACE ( 'NONE', ( #2096 ), #3117, .F. ) ;
#2675 = ORIENTED_EDGE ( 'NONE', *, *, #1344, .F. ) ;
#2676 = AXIS2_PLACEMENT_3D ( 'NONE', #469, #1124, #822 ) ;
#2677 = EDGE_CURVE ( 'NONE', #1064, #3770, #778, .T. ) ;
#2678 = DIRECTION ( 'NONE',  ( 0.000000000000000000, 0.000000000000000000, -1.000000000000000000 ) ) ;
#2679 = EDGE_LOOP ( 'NONE', ( #2790, #3073, #200, #2246 ) ) ;
#2680 = DIRECTION ( 'NONE',  ( -0.000000000000000000, 1.000000000000000000, -0.000000000000000000 ) ) ;
#2681 = EDGE_CURVE ( 'NONE', #3182, #2501, #2119, .T. ) ;
#2682 = ORIENTED_EDGE ( 'NONE', *, *, #291, .F. ) ;
#2683 = VECTOR ( 'NONE', #388, 1000.000000000000000 ) ;
#2684 = DIRECTION ( 'NONE',  ( 0.000000000000000000, 0.000000000000000000, -1.000000000000000000 ) ) ;
#2685 = DIRECTION ( 'NONE',  ( -0.000000000000000000, 1.000000000000000000, -0.000000000000000000 ) ) ;
#2686 =( NAMED_UNIT ( * ) SI_UNIT ( $, .STERADIAN. ) SOLID_ANGLE_UNIT ( ) );
#2687 = VECTOR ( 'NONE', #2005, 1000.000000000000000 ) ;
#2688 = AXIS2_PLACEMENT_3D ( 'NONE', #1660, #1367, #70 ) ;
#2689 = DIRECTION ( 'NONE',  ( 0.000000000000000000, -1.000000000000000000, 0.000000000000000000 ) ) ;
#2690 = ORIENTED_EDGE ( 'NONE', *, *, #2150, .F. ) ;
#2691 = CARTESIAN_POINT ( 'NONE',  ( 4.574299617395673145, 17.85919931313785725, 2.018857189951019038 ) ) ;
#2692 = FACE_OUTER_BOUND ( 'NONE', #2716, .T. ) ;
#2693 = AXIS2_PLACEMENT_3D ( 'NONE', #3696, #2082, #105 ) ;
#2694 = CIRCLE ( 'NONE', #4241, 18.49938265908035007 ) ;
#2695 = ORIENTED_EDGE ( 'NONE', *, *, #428, .F. ) ;
#2696 = DIRECTION ( 'NONE',  ( 0.000000000000000000, 0.000000000000000000, -1.000000000000000000 ) ) ;
#2697 = EDGE_LOOP ( 'NONE', ( #262, #1552, #188, #1341 ) ) ;
#2698 = EDGE_LOOP ( 'NONE', ( #2641, #4256 ) ) ;
#2699 = AXIS2_PLACEMENT_3D ( 'NONE', #2773, #2393, #3071 ) ;
#2700 = CARTESIAN_POINT ( 'NONE',  ( 7.176418544809854083, 30.85919931313786080, -7.022395237260910861 ) ) ;
#2701 = EDGE_CURVE ( 'NONE', #1138, #128, #584, .T. ) ;
#2702 = ADVANCED_FACE ( 'NONE', ( #2858 ), #2160, .T. ) ;
#2703 = DIRECTION ( 'NONE',  ( 0.000000000000000000, -1.000000000000000000, 0.000000000000000000 ) ) ;
#2704 = EDGE_LOOP ( 'NONE', ( #1913, #4167, #2088, #369 ) ) ;
#2705 = DIRECTION ( 'NONE',  ( -0.000000000000000000, 1.000000000000000000, -0.000000000000000000 ) ) ;
#2706 = ORIENTED_EDGE ( 'NONE', *, *, #1213, .T. ) ;
#2707 = CARTESIAN_POINT ( 'NONE',  ( 9.412352177415431953, 17.85919931313785725, -6.022245045254573270 ) ) ;
#2708 = FACE_OUTER_BOUND ( 'NONE', #1252, .T. ) ;
#2709 = EDGE_CURVE ( 'NONE', #601, #1899, #4204, .T. ) ;
#2710 = EDGE_LOOP ( 'NONE', ( #1996, #547, #23, #2925 ) ) ;
#2711 = DIRECTION ( 'NONE',  ( 0.000000000000000000, 0.000000000000000000, -1.000000000000000000 ) ) ;
#2712 = LINE ( 'NONE', #2055, #2683 ) ;
#2713 = EDGE_LOOP ( 'NONE', ( #2305, #3811, #2481, #2138 ) ) ;
#2714 = LINE ( 'NONE', #310, #958 ) ;
#2715 = EDGE_LOOP ( 'NONE', ( #27, #1154, #437, #2047 ) ) ;
#2716 = EDGE_LOOP ( 'NONE', ( #233, #72, #107, #2416 ) ) ;
#2717 = FACE_BOUND ( 'NONE', #3300, .T. ) ;
#2718 = VERTEX_POINT ( 'NONE', #1194 ) ;
#2719 = ORIENTED_EDGE ( 'NONE', *, *, #1670, .T. ) ;
#2720 = EDGE_CURVE ( 'NONE', #972, #2834, #1458, .T. ) ;
#2721 = CARTESIAN_POINT ( 'NONE',  ( 3.333583850864015652, 20.86019931313785847, -2.726556169236711291 ) ) ;
#2722 = PLANE ( 'NONE',  #3602 ) ;
#2723 = CIRCLE ( 'NONE', #770, 0.9999999999999961142 ) ;
#2724 = PLANE ( 'NONE',  #4177 ) ;
#2725 = AXIS2_PLACEMENT_3D ( 'NONE', #2367, #3668, #51 ) ;
#2726 = VERTEX_POINT ( 'NONE', #2533 ) ;
#2727 = LINE ( 'NONE', #4068, #2934 ) ;
#2728 = ADVANCED_FACE ( 'NONE', ( #758 ), #3159, .F. ) ;
#2729 = DIRECTION ( 'NONE',  ( 0.000000000000000000, 0.000000000000000000, -1.000000000000000000 ) ) ;
#2730 = DIRECTION ( 'NONE',  ( 0.000000000000000000, -1.000000000000000000, 0.000000000000000000 ) ) ;
#2731 = EDGE_LOOP ( 'NONE', ( #3542, #163 ) ) ;
#2732 = ORIENTED_EDGE ( 'NONE', *, *, #1649, .F. ) ;
#2733 = CARTESIAN_POINT ( 'NONE',  ( -4.074965755494868169, 30.85919931313786080, 11.40454006122453201 ) ) ;
#2734 = DIRECTION ( 'NONE',  ( -0.000000000000000000, 1.000000000000000000, 0.000000000000000000 ) ) ;
#2735 = DIRECTION ( 'NONE',  ( 0.000000000000000000, 0.000000000000000000, -1.000000000000000000 ) ) ;
#2736 = ORIENTED_EDGE ( 'NONE', *, *, #3020, .T. ) ;
#2737 = FACE_BOUND ( 'NONE', #760, .T. ) ;
#2738 = AXIS2_PLACEMENT_3D ( 'NONE', #4285, #3173, #1278 ) ;
#2739 = CARTESIAN_POINT ( 'NONE',  ( 9.184850993605150311E-15, 20.85919931313785725, -75.00000000000001421 ) ) ;
#2740 = DIRECTION ( 'NONE',  ( 0.000000000000000000, 0.000000000000000000, -1.000000000000000000 ) ) ;
#2741 = ORIENTED_EDGE ( 'NONE', *, *, #344, .T. ) ;
#2742 = ORIENTED_EDGE ( 'NONE', *, *, #3568, .T. ) ;
#2743 = CYLINDRICAL_SURFACE ( 'NONE', #2190, 18.49938265908035007 ) ;
#2744 = DIRECTION ( 'NONE',  ( 0.000000000000000000, 0.000000000000000000, -1.000000000000000000 ) ) ;
#2745 = DIRECTION ( 'NONE',  ( 0.000000000000000000, 0.000000000000000000, -1.000000000000000000 ) ) ;
#2746 = ADVANCED_FACE ( 'NONE', ( #2181 ), #2491, .T. ) ;
#2747 = AXIS2_PLACEMENT_3D ( 'NONE', #4198, #529, #3880 ) ;
#2748 = EDGE_LOOP ( 'NONE', ( #615, #3220 ) ) ;
#2749 = DIRECTION ( 'NONE',  ( 0.000000000000000000, 0.000000000000000000, -1.000000000000000000 ) ) ;
#2750 = DIRECTION ( 'NONE',  ( 0.000000000000000000, 1.000000000000000000, 0.000000000000000000 ) ) ;
#2751 = CARTESIAN_POINT ( 'NONE',  ( 7.412201985409108573, 20.86019931313785847, -4.786311412648980301 ) ) ;
#2752 = CIRCLE ( 'NONE', #4164, 1.500000000000001332 ) ;
#2753 = EDGE_CURVE ( 'NONE', #1905, #345, #3189, .T. ) ;
#2754 = EDGE_CURVE ( 'NONE', #1976, #423, #1942, .T. ) ;
#2755 = VERTEX_POINT ( 'NONE', #2836 ) ;
#2756 = ORIENTED_EDGE ( 'NONE', *, *, #1671, .F. ) ;
#2757 = CIRCLE ( 'NONE', #380, 1.000000000000003553 ) ;
#2758 = VECTOR ( 'NONE', #159, 1000.000000000000000 ) ;
#2759 = DIRECTION ( 'NONE',  ( 0.000000000000000000, -1.000000000000000000, 0.000000000000000000 ) ) ;
#2760 = CIRCLE ( 'NONE', #2557, 0.9999999999999887867 ) ;
#2761 = CIRCLE ( 'NONE', #877, 1.599999999999995426 ) ;
#2762 = CARTESIAN_POINT ( 'NONE',  ( 3.131720420757089673, 17.85919931313785725, -31.22238591715116840 ) ) ;
#2763 = ORIENTED_EDGE ( 'NONE', *, *, #1796, .T. ) ;
#2764 = CARTESIAN_POINT ( 'NONE',  ( 0.000000000000000000, 12.85919931313785725, 0.000000000000000000 ) ) ;
#2765 = CARTESIAN_POINT ( 'NONE',  ( 0.000000000000000000, 17.85919931313785725, 0.000000000000000000 ) ) ;
#2766 = DIRECTION ( 'NONE',  ( 0.000000000000000000, 1.000000000000000000, 0.000000000000000000 ) ) ;
#2767 = ORIENTED_EDGE ( 'NONE', *, *, #3179, .F. ) ;
#2768 = ORIENTED_EDGE ( 'NONE', *, *, #1241, .F. ) ;
#2769 = CARTESIAN_POINT ( 'NONE',  ( -32.82915934247331080, 12.85919931313785725, -3.292885719301666736 ) ) ;
#2770 = CIRCLE ( 'NONE', #3332, 1.599999865689857970 ) ;
#2771 = CIRCLE ( 'NONE', #3333, 17.50000000000000000 ) ;
#2772 = LINE ( 'NONE', #492, #2961 ) ;
#2773 = CARTESIAN_POINT ( 'NONE',  ( -20.10081521546007721, 12.85919931313785725, -8.871451976831485453 ) ) ;
#2774 = DIRECTION ( 'NONE',  ( -0.000000000000000000, 1.000000000000000000, -0.000000000000000000 ) ) ;
#2775 = ORIENTED_EDGE ( 'NONE', *, *, #3884, .F. ) ;
#2776 = DIRECTION ( 'NONE',  ( 0.000000000000000000, 0.000000000000000000, -1.000000000000000000 ) ) ;
#2777 = CARTESIAN_POINT ( 'NONE',  ( -18.97725866554199214, 20.05919931313785654, 42.99841454683050301 ) ) ;
#2778 = ORIENTED_EDGE ( 'NONE', *, *, #715, .T. ) ;
#2779 = ORIENTED_EDGE ( 'NONE', *, *, #914, .F. ) ;
#2780 = DIRECTION ( 'NONE',  ( 0.000000000000000000, 1.000000000000000000, 0.000000000000000000 ) ) ;
#2781 = ADVANCED_FACE ( 'NONE', ( #1173 ), #3229, .F. ) ;
#2782 = ADVANCED_FACE ( 'NONE', ( #1902 ), #2940, .F. ) ;
#2783 = EDGE_LOOP ( 'NONE', ( #1146, #3741, #1058, #3546 ) ) ;
#2784 = DIRECTION ( 'NONE',  ( 0.000000000000000000, 1.000000000000000000, 0.000000000000000000 ) ) ;
#2785 = ORIENTED_EDGE ( 'NONE', *, *, #987, .T. ) ;
#2786 = ADVANCED_FACE ( 'NONE', ( #1553 ), #911, .F. ) ;
#2787 = FACE_BOUND ( 'NONE', #3669, .T. ) ;
#2788 = CARTESIAN_POINT ( 'NONE',  ( -14.64874571393334080, 12.85919931313785725, 14.77558200219542073 ) ) ;
#2789 = CARTESIAN_POINT ( 'NONE',  ( 21.47640974849846529, 12.85919931313785725, -3.037807462976327422 ) ) ;
#2790 = ORIENTED_EDGE ( 'NONE', *, *, #3745, .T. ) ;
#2791 = VERTEX_POINT ( 'NONE', #2878 ) ;
#2792 = CARTESIAN_POINT ( 'NONE',  ( 0.000000000000000000, 17.85919931313785725, -0.000000000000000000 ) ) ;
#2793 = CARTESIAN_POINT ( 'NONE',  ( 7.176418544809854083, 17.85919931313785725, -8.022395237260900203 ) ) ;
#2794 = CIRCLE ( 'NONE', #1332, 0.9999999999999961142 ) ;
#2795 = ORIENTED_EDGE ( 'NONE', *, *, #1537, .T. ) ;
#2796 = CARTESIAN_POINT ( 'NONE',  ( 3.333583850864015652, 17.85919931313785725, -4.726556169236674876 ) ) ;
#2797 = DIRECTION ( 'NONE',  ( 0.000000000000000000, -1.000000000000000000, 0.000000000000000000 ) ) ;
#2798 = AXIS2_PLACEMENT_3D ( 'NONE', #668, #2027, #1722 ) ;
#2799 = AXIS2_PLACEMENT_3D ( 'NONE', #2498, #3826, #826 ) ;
#2800 = EDGE_LOOP ( 'NONE', ( #4004, #175 ) ) ;
#2801 = VERTEX_POINT ( 'NONE', #3958 ) ;
#2802 = CARTESIAN_POINT ( 'NONE',  ( -28.49485748239399641, 12.85919931313785725, 16.63249519921586739 ) ) ;
#2803 = FACE_BOUND ( 'NONE', #2030, .T. ) ;
#2804 = EDGE_LOOP ( 'NONE', ( #3507, #460 ) ) ;
#2805 = CARTESIAN_POINT ( 'NONE',  ( 7.444009781806337323, 12.85919931313785725, -16.93558021254230184 ) ) ;
#2807 = DIRECTION ( 'NONE',  ( 0.000000000000000000, 0.000000000000000000, 1.000000000000000000 ) ) ;
#2806 = PRODUCT_DEFINITION ( 'æ™', '', #662, #172 ) ;
#2808 = LINE ( 'NONE', #1499, #2758 ) ;
#2809 = CARTESIAN_POINT ( 'NONE',  ( -10.52128974517189874, 30.85919931313786080, 2.272061005873640571 ) ) ;
#2810 = ORIENTED_EDGE ( 'NONE', *, *, #3292, .F. ) ;
#2811 = ORIENTED_EDGE ( 'NONE', *, *, #2867, .F. ) ;
#2812 = CARTESIAN_POINT ( 'NONE',  ( -6.955635912344964922, 30.85919931313786080, 5.571215795018202854 ) ) ;
#2813 = AXIS2_PLACEMENT_3D ( 'NONE', #2220, #603, #552 ) ;
#2814 = DIRECTION ( 'NONE',  ( -0.000000000000000000, 1.000000000000000000, -0.000000000000000000 ) ) ;
#2815 = ADVANCED_FACE ( 'NONE', ( #2599 ), #1218, .F. ) ;
#2816 = ORIENTED_EDGE ( 'NONE', *, *, #4044, .F. ) ;
#2817 = AXIS2_PLACEMENT_3D ( 'NONE', #3363, #689, #2049 ) ;
#2818 = DIRECTION ( 'NONE',  ( 0.000000000000000000, -1.000000000000000000, 0.000000000000000000 ) ) ;
#2819 = CYLINDRICAL_SURFACE ( 'NONE', #1500, 1.499999999999997335 ) ;
#2820 = ORIENTED_EDGE ( 'NONE', *, *, #1034, .F. ) ;
#2821 = EDGE_LOOP ( 'NONE', ( #977, #755, #2778, #3009 ) ) ;
#2822 = DIRECTION ( 'NONE',  ( 0.000000000000000000, 1.000000000000000000, 0.000000000000000000 ) ) ;
#2823 = CYLINDRICAL_SURFACE ( 'NONE', #1153, 1.500000000000000666 ) ;
#2824 = AXIS2_PLACEMENT_3D ( 'NONE', #3052, #1396, #2729 ) ;
#2825 = ORIENTED_EDGE ( 'NONE', *, *, #855, .T. ) ;
#2826 = CIRCLE ( 'NONE', #1222, 0.9999999999999961142 ) ;
#2827 = CARTESIAN_POINT ( 'NONE',  ( 6.372601501110166211, 30.85919931313786080, 10.95545339059883538 ) ) ;
#2828 = AXIS2_PLACEMENT_3D ( 'NONE', #1680, #4329, #3664 ) ;
#2829 = CARTESIAN_POINT ( 'NONE',  ( 0.000000000000000000, 17.85919931313785725, 0.000000000000000000 ) ) ;
#2830 = CIRCLE ( 'NONE', #3391, 1.500000000000001332 ) ;
#2831 = DIRECTION ( 'NONE',  ( 0.000000000000000000, 0.000000000000000000, -1.000000000000000000 ) ) ;
#2832 = AXIS2_PLACEMENT_3D ( 'NONE', #3564, #895, #2232 ) ;
#2833 = DIRECTION ( 'NONE',  ( 0.000000000000000000, 0.000000000000000000, 1.000000000000000000 ) ) ;
#2834 = VERTEX_POINT ( 'NONE', #932 ) ;
#2835 = VERTEX_POINT ( 'NONE', #4269 ) ;
#2836 = CARTESIAN_POINT ( 'NONE',  ( 21.61132840508744479, 17.85919931313785725, -47.81866420010673835 ) ) ;
#2837 = DIRECTION ( 'NONE',  ( 0.000000000000000000, -1.000000000000000000, 0.000000000000000000 ) ) ;
#2838 = EDGE_CURVE ( 'NONE', #663, #1345, #1639, .T. ) ;
#2839 = DIRECTION ( 'NONE',  ( 0.2125559506843242297, 0.000000000000000000, 0.9771488974709447994 ) ) ;
#2840 = DIRECTION ( 'NONE',  ( 0.000000000000000000, -1.000000000000000000, 0.000000000000000000 ) ) ;
#2841 = CIRCLE ( 'NONE', #2699, 1.599999865688438883 ) ;
#2842 = CIRCLE ( 'NONE', #1087, 1.599999865687928846 ) ;
#2843 = AXIS2_PLACEMENT_3D ( 'NONE', #462, #131, #1801 ) ;
#2844 = VERTEX_POINT ( 'NONE', #2959 ) ;
#2845 = DIRECTION ( 'NONE',  ( 0.000000000000000000, -1.000000000000000000, 0.000000000000000000 ) ) ;
#2846 = LINE ( 'NONE', #1131, #2334 ) ;
#2847 = ADVANCED_FACE ( 'NONE', ( #3584, #1573 ), #2555, .T. ) ;
#2848 = ORIENTED_EDGE ( 'NONE', *, *, #2890, .T. ) ;
#2849 = VERTEX_POINT ( 'NONE', #3560 ) ;
#2850 = CARTESIAN_POINT ( 'NONE',  ( 4.574299617395673145, 20.86019931313785847, 1.018857189951023035 ) ) ;
#2851 = DIRECTION ( 'NONE',  ( -0.000000000000000000, 1.000000000000000000, -0.000000000000000000 ) ) ;
#2852 = ORIENTED_EDGE ( 'NONE', *, *, #1213, .F. ) ;
#2853 = LINE ( 'NONE', #3882, #1349 ) ;
#2854 = FACE_BOUND ( 'NONE', #3864, .T. ) ;
#2855 = FACE_OUTER_BOUND ( 'NONE', #1216, .T. ) ;
#2856 = ORIENTED_EDGE ( 'NONE', *, *, #3077, .F. ) ;
#2857 = ORIENTED_EDGE ( 'NONE', *, *, #882, .F. ) ;
#2858 = FACE_OUTER_BOUND ( 'NONE', #2821, .T. ) ;
#2859 = FACE_OUTER_BOUND ( 'NONE', #1394, .T. ) ;
#2860 = EDGE_CURVE ( 'NONE', #4026, #1301, #1238, .T. ) ;
#2861 = EDGE_CURVE ( 'NONE', #1887, #1866, #558, .T. ) ;
#2862 = VERTEX_POINT ( 'NONE', #4310 ) ;
#2863 = DIRECTION ( 'NONE',  ( 0.000000000000000000, 0.000000000000000000, -1.000000000000000000 ) ) ;
#2864 = CYLINDRICAL_SURFACE ( 'NONE', #308, 0.9999999999999887867 ) ;
#2865 = APPLICATION_CONTEXT ( 'automotive_design' ) ;
#2866 = ORIENTED_EDGE ( 'NONE', *, *, #2165, .T. ) ;
#2867 = EDGE_CURVE ( 'NONE', #195, #3335, #2287, .T. ) ;
#2868 = ORIENTED_EDGE ( 'NONE', *, *, #559, .F. ) ;
#2869 = DIRECTION ( 'NONE',  ( 0.000000000000000000, -1.000000000000000000, 0.000000000000000000 ) ) ;
#2870 = LINE ( 'NONE', #549, #1302 ) ;
#2871 = CIRCLE ( 'NONE', #3845, 0.9999999999999887867 ) ;
#2872 = ORIENTED_EDGE ( 'NONE', *, *, #1534, .F. ) ;
#2873 = DIRECTION ( 'NONE',  ( -0.000000000000000000, 1.000000000000000000, 0.000000000000000000 ) ) ;
#2874 = DIRECTION ( 'NONE',  ( 0.000000000000000000, 0.000000000000000000, -1.000000000000000000 ) ) ;
#2875 = DIRECTION ( 'NONE',  ( 0.000000000000000000, 1.000000000000000000, 0.000000000000000000 ) ) ;
#2876 = EDGE_LOOP ( 'NONE', ( #169, #3312, #509, #2212 ) ) ;
#2877 = ORIENTED_EDGE ( 'NONE', *, *, #2304, .F. ) ;
#2878 = CARTESIAN_POINT ( 'NONE',  ( 3.333583850864015652, 20.86019931313785847, -4.726556169236674876 ) ) ;
#2879 = DIRECTION ( 'NONE',  ( 0.9950072273473464790, 0.000000000000000000, 0.09980289337762753010 ) ) ;
#2880 = ORIENTED_EDGE ( 'NONE', *, *, #591, .F. ) ;
#2881 = LINE ( 'NONE', #633, #2313 ) ;
#2882 = CARTESIAN_POINT ( 'NONE',  ( -1.090398663191116002, 17.85919931313785725, 10.70844674350966663 ) ) ;
#2883 = ADVANCED_FACE ( 'NONE', ( #1244 ), #3252, .F. ) ;
#2884 = ORIENTED_EDGE ( 'NONE', *, *, #3621, .F. ) ;
#2885 = AXIS2_PLACEMENT_3D ( 'NONE', #14, #1353, #2684 ) ;
#2886 = ORIENTED_EDGE ( 'NONE', *, *, #135, .T. ) ;
#2887 = CARTESIAN_POINT ( 'NONE',  ( 2.225758709196706153, 12.85919931313785725, -23.45844058481734606 ) ) ;
#2888 = LINE ( 'NONE', #573, #525 ) ;
#2889 = EDGE_CURVE ( 'NONE', #3047, #3486, #864, .T. ) ;
#2890 = EDGE_CURVE ( 'NONE', #2162, #3339, #2979, .T. ) ;
#2891 = VERTEX_POINT ( 'NONE', #1596 ) ;
#2892 = DIRECTION ( 'NONE',  ( -0.6655928109894858613, -0.000000000000000000, 0.7463150875864125178 ) ) ;
#2893 = VECTOR ( 'NONE', #1628, 1000.000000000000000 ) ;
#2894 = AXIS2_PLACEMENT_3D ( 'NONE', #2276, #2946, #963 ) ;
#2895 = EDGE_CURVE ( 'NONE', #498, #2928, #540, .T. ) ;
#2896 = AXIS2_PLACEMENT_3D ( 'NONE', #2556, #630, #1968 ) ;
#2897 = CARTESIAN_POINT ( 'NONE',  ( 2.940334720197848473, 30.85919931313786080, -6.786611796661663476 ) ) ;
#2898 = DIRECTION ( 'NONE',  ( 0.2125559506843238688, 0.000000000000000000, 0.9771488974709449105 ) ) ;
#2899 = ORIENTED_EDGE ( 'NONE', *, *, #1532, .F. ) ;
#2900 = DIRECTION ( 'NONE',  ( 0.000000000000000000, 1.000000000000000000, 0.000000000000000000 ) ) ;
#2901 = ORIENTED_EDGE ( 'NONE', *, *, #3764, .T. ) ;
#2902 = AXIS2_PLACEMENT_3D ( 'NONE', #654, #1254, #2302 ) ;
#2903 = CARTESIAN_POINT ( 'NONE',  ( -14.64874571393334080, 12.85919931313785725, 16.37558186788499270 ) ) ;
#2904 = DIRECTION ( 'NONE',  ( -0.4023923348681298640, 0.000000000000000000, 0.9154673171879894600 ) ) ;
#2905 = AXIS2_PLACEMENT_3D ( 'NONE', #1975, #2689, #998 ) ;
#2906 = ORIENTED_EDGE ( 'NONE', *, *, #2400, .F. ) ;
#2907 = CYLINDRICAL_SURFACE ( 'NONE', #3990, 1.599999999999989431 ) ;
#2908 = FACE_BOUND ( 'NONE', #2257, .T. ) ;
#2909 = ORIENTED_EDGE ( 'NONE', *, *, #644, .F. ) ;
#2910 = ORIENTED_EDGE ( 'NONE', *, *, #1846, .T. ) ;
#2911 = DIRECTION ( 'NONE',  ( -0.000000000000000000, -1.000000000000000000, -0.000000000000000000 ) ) ;
#2912 = CARTESIAN_POINT ( 'NONE',  ( -28.72649874914364787, 12.85919931313785725, -12.62669096670836666 ) ) ;
#2913 = VERTEX_POINT ( 'NONE', #610 ) ;
#2914 = CARTESIAN_POINT ( 'NONE',  ( -14.64874571393334080, 12.85919931313785725, 16.37558186788499270 ) ) ;
#2915 = EDGE_CURVE ( 'NONE', #2965, #189, #2421, .T. ) ;
#2916 = EDGE_CURVE ( 'NONE', #2039, #3365, #1524, .T. ) ;
#2917 = ORIENTED_EDGE ( 'NONE', *, *, #3536, .T. ) ;
#2918 = ORIENTED_EDGE ( 'NONE', *, *, #3830, .F. ) ;
#2919 = EDGE_CURVE ( 'NONE', #3501, #749, #766, .T. ) ;
#2920 = DIRECTION ( 'NONE',  ( 0.000000000000000000, -1.000000000000000000, 0.000000000000000000 ) ) ;
#2921 = ORIENTED_EDGE ( 'NONE', *, *, #621, .F. ) ;
#2922 = CARTESIAN_POINT ( 'NONE',  ( -8.005313096291134300, 30.85919931313786080, -8.795817125485204002 ) ) ;
#2923 = FACE_BOUND ( 'NONE', #702, .T. ) ;
#2924 = DIRECTION ( 'NONE',  ( 0.000000000000000000, 0.000000000000000000, -1.000000000000000000 ) ) ;
#2925 = ORIENTED_EDGE ( 'NONE', *, *, #2895, .F. ) ;
#2926 = DIRECTION ( 'NONE',  ( -0.000000000000000000, 1.000000000000000000, 0.000000000000000000 ) ) ;
#2927 = CARTESIAN_POINT ( 'NONE',  ( -8.222134956027318253, 17.85919931313785725, -1.293592826953300579 ) ) ;
#2928 = VERTEX_POINT ( 'NONE', #1986 ) ;
#2929 = ORIENTED_EDGE ( 'NONE', *, *, #4094, .F. ) ;
#2930 = FACE_OUTER_BOUND ( 'NONE', #2531, .T. ) ;
#2931 = DIRECTION ( 'NONE',  ( -0.000000000000000000, 1.000000000000000000, -0.000000000000000000 ) ) ;
#2932 = EDGE_LOOP ( 'NONE', ( #3793, #3925 ) ) ;
#2933 = DIRECTION ( 'NONE',  ( 0.000000000000000000, 1.000000000000000000, 0.000000000000000000 ) ) ;
#2934 = VECTOR ( 'NONE', #1060, 1000.000000000000000 ) ;
#2935 = APPLICATION_PROTOCOL_DEFINITION ( 'draft international standard', 'automotive_design', 1998, #2943 ) ;
#2936 = EDGE_CURVE ( 'NONE', #4234, #3759, #1872, .T. ) ;
#2937 = EDGE_CURVE ( 'NONE', #4246, #4071, #3663, .T. ) ;
#2938 = ORIENTED_EDGE ( 'NONE', *, *, #4292, .T. ) ;
#2939 = ORIENTED_EDGE ( 'NONE', *, *, #2890, .F. ) ;
#2940 = CYLINDRICAL_SURFACE ( 'NONE', #3616, 0.9999999999999961142 ) ;
#2941 = CARTESIAN_POINT ( 'NONE',  ( -18.97725866554199214, 17.85919931313785369, 42.99841454683050301 ) ) ;
#2942 = CARTESIAN_POINT ( 'NONE',  ( 1.975200558668177564E-07, 20.86019931313785847, -1.148939346440336351E-07 ) ) ;
#2943 = APPLICATION_CONTEXT ( 'automotive_design' ) ;
#2944 = ORIENTED_EDGE ( 'NONE', *, *, #4183, .T. ) ;
#2945 = CYLINDRICAL_SURFACE ( 'NONE', #3575, 1.000000000000001776 ) ;
#2946 = DIRECTION ( 'NONE',  ( -0.000000000000000000, 1.000000000000000000, -0.000000000000000000 ) ) ;
#2947 = EDGE_CURVE ( 'NONE', #3454, #904, #2104, .T. ) ;
#2948 = ORIENTED_EDGE ( 'NONE', *, *, #4065, .F. ) ;
#2949 = LINE ( 'NONE', #2260, #2029 ) ;
#2950 = CARTESIAN_POINT ( 'NONE',  ( 5.891492548166014309, 20.86019931313785847, 5.879388158572314005 ) ) ;
#2951 = AXIS2_PLACEMENT_3D ( 'NONE', #1256, #2591, #3932 ) ;
#2952 = VERTEX_POINT ( 'NONE', #3397 ) ;
#2953 = DIRECTION ( 'NONE',  ( 0.000000000000000000, 0.000000000000000000, -1.000000000000000000 ) ) ;
#2954 = DIRECTION ( 'NONE',  ( 0.000000000000000000, 0.000000000000000000, -1.000000000000000000 ) ) ;
#2955 = AXIS2_PLACEMENT_3D ( 'NONE', #1184, #852, #878 ) ;
#2956 = AXIS2_PLACEMENT_3D ( 'NONE', #2121, #4162, #197 ) ;
#2957 = ORIENTED_EDGE ( 'NONE', *, *, #2753, .F. ) ;
#2958 = ORIENTED_EDGE ( 'NONE', *, *, #343, .T. ) ;
#2959 = CARTESIAN_POINT ( 'NONE',  ( -13.27648856862440674, 12.85919931313785725, 30.20482826935239373 ) ) ;
#2960 = CARTESIAN_POINT ( 'NONE',  ( -18.87595643811361867, 20.85919931313785725, 42.00355884939591533 ) ) ;
#2961 = VECTOR ( 'NONE', #3775, 1000.000000000000000 ) ;
#2962 = LINE ( 'NONE', #4271, #1823 ) ;
#2963 = AXIS2_PLACEMENT_3D ( 'NONE', #1188, #3859, #1118 ) ;
#2964 = DIRECTION ( 'NONE',  ( 0.000000000000000000, 0.000000000000000000, -1.000000000000000000 ) ) ;
#2965 = VERTEX_POINT ( 'NONE', #395 ) ;
#2966 = EDGE_CURVE ( 'NONE', #3839, #3350, #675, .T. ) ;
#2967 = CARTESIAN_POINT ( 'NONE',  ( 11.06333803055154696, 17.85919931313775066, -25.06716082091806186 ) ) ;
#2968 = ADVANCED_FACE ( 'NONE', ( #3314 ), #1404, .F. ) ;
#2969 = CARTESIAN_POINT ( 'NONE',  ( 11.06333803055154696, 25.85919931313775066, -25.06716082091806186 ) ) ;
#2970 = AXIS2_PLACEMENT_3D ( 'NONE', #3367, #39, #1773 ) ;
#2971 = EDGE_LOOP ( 'NONE', ( #3778, #3243, #2489, #2604 ) ) ;
#2972 = CYLINDRICAL_SURFACE ( 'NONE', #3924, 0.9999999999999887867 ) ;
#2973 = ADVANCED_FACE ( 'NONE', ( #974 ), #4073, .F. ) ;
#2974 = CARTESIAN_POINT ( 'NONE',  ( -18.97725866554199214, 17.85919931313785369, 42.99841454683050301 ) ) ;
#2975 = ORIENTED_EDGE ( 'NONE', *, *, #2575, .F. ) ;
#2976 = DIRECTION ( 'NONE',  ( 0.000000000000000000, 0.000000000000000000, -1.000000000000000000 ) ) ;
#2977 = AXIS2_PLACEMENT_3D ( 'NONE', #4056, #3744, #1029 ) ;
#2978 = VECTOR ( 'NONE', #3299, 1000.000000000000000 ) ;
#2979 = CIRCLE ( 'NONE', #613, 1.500000000000001332 ) ;
#2980 = ORIENTED_EDGE ( 'NONE', *, *, #4037, .F. ) ;
#2981 = DIRECTION ( 'NONE',  ( 0.000000000000000000, 0.000000000000000000, -1.000000000000000000 ) ) ;
#2982 = CARTESIAN_POINT ( 'NONE',  ( -9.888040223330667899, 17.85919931313785725, 4.204465316859361756 ) ) ;
#2983 = FACE_BOUND ( 'NONE', #684, .T. ) ;
#2984 = CARTESIAN_POINT ( 'NONE',  ( 24.62383815581398139, 17.85919931313785725, 21.96049621411509634 ) ) ;
#2985 = ORIENTED_EDGE ( 'NONE', *, *, #3923, .T. ) ;
#2986 = FACE_OUTER_BOUND ( 'NONE', #1756, .T. ) ;
#2987 = DIRECTION ( 'NONE',  ( -0.000000000000000000, 1.000000000000000000, 0.000000000000000000 ) ) ;
#2988 = VECTOR ( 'NONE', #1169, 1000.000000000000000 ) ;
#2989 = EDGE_CURVE ( 'NONE', #2194, #4246, #3968, .T. ) ;
#2990 = ADVANCED_FACE ( 'NONE', ( #1066 ), #2643, .T. ) ;
#2991 = ORIENTED_EDGE ( 'NONE', *, *, #3152, .F. ) ;
#2992 = DIRECTION ( 'NONE',  ( -0.000000000000000000, 1.000000000000000000, 0.000000000000000000 ) ) ;
#2993 = CARTESIAN_POINT ( 'NONE',  ( 7.412201985409108573, 17.85919931313785725, -2.786311412649002950 ) ) ;
#2994 = EDGE_CURVE ( 'NONE', #3644, #2862, #4120, .T. ) ;
#2995 = ORIENTED_EDGE ( 'NONE', *, *, #132, .T. ) ;
#2996 = CARTESIAN_POINT ( 'NONE',  ( -4.074965755494868169, 17.85919931313785725, 11.40454006122453201 ) ) ;
#2997 = ADVANCED_FACE ( 'NONE', ( #85 ), #1112, .F. ) ;
#2998 = CIRCLE ( 'NONE', #348, 0.9999999999999887867 ) ;
#2999 = ORIENTED_EDGE ( 'NONE', *, *, #1664, .T. ) ;
#3000 = VECTOR ( 'NONE', #226, 1000.000000000000000 ) ;
#3001 = CARTESIAN_POINT ( 'NONE',  ( -26.89688058886707722, 20.85919931313785725, -11.87088095248773811 ) ) ;
#3002 = CIRCLE ( 'NONE', #2525, 0.9999999999999887867 ) ;
#3003 = CYLINDRICAL_SURFACE ( 'NONE', #1469, 1.000000000000002665 ) ;
#3004 = VERTEX_POINT ( 'NONE', #788 ) ;
#3005 = DIRECTION ( 'NONE',  ( -0.9950072273473464790, 0.000000000000000000, -0.09980289337762739132 ) ) ;
#3006 = ORIENTED_EDGE ( 'NONE', *, *, #1347, .T. ) ;
#3007 = DIRECTION ( 'NONE',  ( 0.000000000000000000, 0.000000000000000000, -1.000000000000000000 ) ) ;
#3008 = CARTESIAN_POINT ( 'NONE',  ( -18.78833001138806935, 20.05919931313785654, 41.14300867111501248 ) ) ;
#3009 = ORIENTED_EDGE ( 'NONE', *, *, #1063, .F. ) ;
#3010 = DIRECTION ( 'NONE',  ( 0.000000000000000000, -1.000000000000000000, 0.000000000000000000 ) ) ;
#3011 = CARTESIAN_POINT ( 'NONE',  ( -0.5065109396218264726, 20.86019931313785847, 4.974278372278963190 ) ) ;
#3012 = EDGE_LOOP ( 'NONE', ( #1106, #83 ) ) ;
#3013 = DIRECTION ( 'NONE',  ( 0.000000000000000000, -1.000000000000000000, 0.000000000000000000 ) ) ;
#3014 = ORIENTED_EDGE ( 'NONE', *, *, #1664, .F. ) ;
#3015 = VECTOR ( 'NONE', #3108, 1000.000000000000000 ) ;
#3016 = EDGE_CURVE ( 'NONE', #3420, #3454, #3251, .T. ) ;
#3017 = EDGE_CURVE ( 'NONE', #2835, #815, #4098, .T. ) ;
#3018 = EDGE_LOOP ( 'NONE', ( #327, #917, #458, #143 ) ) ;
#3019 = AXIS2_PLACEMENT_3D ( 'NONE', #1533, #1483, #3821 ) ;
#3020 = EDGE_CURVE ( 'NONE', #2663, #3263, #747, .T. ) ;
#3021 = LINE ( 'NONE', #3059, #1924 ) ;
#3022 = CARTESIAN_POINT ( 'NONE',  ( -1.310499516737777315, 20.86019931313785847, -9.219457462360512778 ) ) ;
#3023 = VERTEX_POINT ( 'NONE', #3418 ) ;
#3024 = VERTEX_POINT ( 'NONE', #2982 ) ;
#3025 = VECTOR ( 'NONE', #568, 1000.000000000000114 ) ;
#3026 = DIRECTION ( 'NONE',  ( 0.000000000000000000, 0.000000000000000000, -1.000000000000000000 ) ) ;
#3027 = DIRECTION ( 'NONE',  ( 0.000000000000000000, -1.000000000000000000, 0.000000000000000000 ) ) ;
#3028 = CIRCLE ( 'NONE', #868, 0.9999999999999890088 ) ;
#3029 = ORIENTED_EDGE ( 'NONE', *, *, #2428, .T. ) ;
#3030 = CARTESIAN_POINT ( 'NONE',  ( -9.888040223330667899, 30.85919931313786080, 5.204465316859363533 ) ) ;
#3031 = FACE_OUTER_BOUND ( 'NONE', #333, .T. ) ;
#3032 = CIRCLE ( 'NONE', #3960, 0.9999999999999887867 ) ;
#3033 = VERTEX_POINT ( 'NONE', #1327 ) ;
#3034 = DIRECTION ( 'NONE',  ( -0.000000000000000000, 1.000000000000000000, -0.000000000000000000 ) ) ;
#3035 = ORIENTED_EDGE ( 'NONE', *, *, #4132, .T. ) ;
#3036 = EDGE_CURVE ( 'NONE', #3719, #3869, #1423, .T. ) ;
#3037 = ORIENTED_EDGE ( 'NONE', *, *, #600, .F. ) ;
#3038 = ADVANCED_FACE ( 'NONE', ( #990 ), #665, .F. ) ;
#3039 = AXIS2_PLACEMENT_3D ( 'NONE', #3043, #725, #418 ) ;
#3040 = DIRECTION ( 'NONE',  ( 0.000000000000000000, -1.000000000000000000, 0.000000000000000000 ) ) ;
#3041 = AXIS2_PLACEMENT_3D ( 'NONE', #3919, #3998, #2603 ) ;
#3042 = VECTOR ( 'NONE', #2759, 1000.000000000000000 ) ;
#3043 = CARTESIAN_POINT ( 'NONE',  ( 4.574299617395673145, 30.85919931313786080, 2.018857189951019038 ) ) ;
#3044 = FACE_BOUND ( 'NONE', #444, .T. ) ;
#3045 = DIRECTION ( 'NONE',  ( 0.9950072273473463680, 0.000000000000000000, 0.09980289337762754398 ) ) ;
#3046 = EDGE_LOOP ( 'NONE', ( #607, #3143, #3693, #2991 ) ) ;
#3047 = VERTEX_POINT ( 'NONE', #1231 ) ;
#3048 = DIRECTION ( 'NONE',  ( 0.000000000000000000, 1.000000000000000000, 0.000000000000000000 ) ) ;
#3049 = FACE_BOUND ( 'NONE', #467, .T. ) ;
#3050 = ORIENTED_EDGE ( 'NONE', *, *, #3292, .T. ) ;
#3051 = FACE_OUTER_BOUND ( 'NONE', #403, .T. ) ;
#3052 = CARTESIAN_POINT ( 'NONE',  ( 2.225758709196706153, 12.85919931313785725, -21.85844071912941544 ) ) ;
#3053 = DIRECTION ( 'NONE',  ( 0.000000000000000000, 0.000000000000000000, -1.000000000000000000 ) ) ;
#3054 = ORIENTED_EDGE ( 'NONE', *, *, #4037, .T. ) ;
#3055 = EDGE_LOOP ( 'NONE', ( #3139, #1039, #279, #3633 ) ) ;
#3056 = CARTESIAN_POINT ( 'NONE',  ( -5.412115731844795441, 17.85919931313785725, -9.304235976145990961 ) ) ;
#3057 = CARTESIAN_POINT ( 'NONE',  ( 11.05870096590540896, 17.85919931313785725, 1.601543237628608285 ) ) ;
#3058 = EDGE_LOOP ( 'NONE', ( #2291, #1028, #3330, #3150 ) ) ;
#3059 = CARTESIAN_POINT ( 'NONE',  ( 1.975200558668177564E-07, 30.85919931313786080, -1.500000114893932146 ) ) ;
#3060 = ADVANCED_FACE ( 'NONE', ( #2479 ), #3574, .F. ) ;
#3061 = ADVANCED_FACE ( 'NONE', ( #4171, #1521, #2803, #202, #1820, #3504, #3218 ), #1843, .F. ) ;
#3062 = DIRECTION ( 'NONE',  ( 0.000000000000000000, 0.000000000000000000, -1.000000000000000000 ) ) ;
#3063 = ORIENTED_EDGE ( 'NONE', *, *, #2861, .F. ) ;
#3064 = AXIS2_PLACEMENT_3D ( 'NONE', #2587, #2911, #1586 ) ;
#3065 = ORIENTED_EDGE ( 'NONE', *, *, #3659, .F. ) ;
#3066 = FACE_OUTER_BOUND ( 'NONE', #82, .T. ) ;
#3067 = CARTESIAN_POINT ( 'NONE',  ( 0.000000000000000000, 20.85919931313785725, 0.000000000000000000 ) ) ;
#3068 = AXIS2_PLACEMENT_3D ( 'NONE', #3478, #2536, #2863 ) ;
#3069 = EDGE_CURVE ( 'NONE', #1752, #1541, #2888, .T. ) ;
#3070 = ADVANCED_FACE ( 'NONE', ( #1185 ), #812, .F. ) ;
#3071 = DIRECTION ( 'NONE',  ( 0.000000000000000000, 0.000000000000000000, -1.000000000000000000 ) ) ;
#3072 = CIRCLE ( 'NONE', #3928, 0.9999999999999887867 ) ;
#3073 = ORIENTED_EDGE ( 'NONE', *, *, #4093, .T. ) ;
#3074 = CARTESIAN_POINT ( 'NONE',  ( 8.314121313980017192, 17.85919931313785725, 0.3902288547216539727 ) ) ;
#3075 = CARTESIAN_POINT ( 'NONE',  ( -8.450013146662174179, 30.85919931313786080, 11.04612519491831257 ) ) ;
#3076 =( LENGTH_UNIT ( ) NAMED_UNIT ( * ) SI_UNIT ( .MILLI., .METRE. ) );
#3077 = EDGE_CURVE ( 'NONE', #1887, #539, #2277, .T. ) ;
#3078 = ORIENTED_EDGE ( 'NONE', *, *, #4126, .F. ) ;
#3079 = ORIENTED_EDGE ( 'NONE', *, *, #971, .T. ) ;
#3080 = DIRECTION ( 'NONE',  ( -0.000000000000000000, 1.000000000000000000, -0.000000000000000000 ) ) ;
#3081 = CARTESIAN_POINT ( 'NONE',  ( -9.888040223330667899, 17.85919931313785725, 5.204465316859363533 ) ) ;
#3082 = ORIENTED_EDGE ( 'NONE', *, *, #2504, .F. ) ;
#3083 = CARTESIAN_POINT ( 'NONE',  ( -20.10081521546007721, 12.85919931313785725, -8.871451976831485453 ) ) ;
#3084 = FACE_OUTER_BOUND ( 'NONE', #733, .T. ) ;
#3085 = DIRECTION ( 'NONE',  ( 0.000000000000000000, -1.000000000000000000, 0.000000000000000000 ) ) ;
#3086 = CIRCLE ( 'NONE', #1705, 0.9999999999999961142 ) ;
#3087 = CARTESIAN_POINT ( 'NONE',  ( 1.894168429112635943, 30.85919931313786080, 10.01235342579481546 ) ) ;
#3088 = ORIENTED_EDGE ( 'NONE', *, *, #249, .T. ) ;
#3089 = ORIENTED_EDGE ( 'NONE', *, *, #1343, .F. ) ;
#3090 = CARTESIAN_POINT ( 'NONE',  ( 0.000000000000000000, 12.85919931313785725, 0.000000000000000000 ) ) ;
#3091 = CARTESIAN_POINT ( 'NONE',  ( 7.013047727110234497, 12.85919931313785725, 32.23994356494996083 ) ) ;
#3092 = DIRECTION ( 'NONE',  ( -0.1013022274283767593, 0.000000000000000000, 0.9948556974345824644 ) ) ;
#3093 = AXIS2_PLACEMENT_3D ( 'NONE', #1497, #3237, #3213 ) ;
#3094 = CIRCLE ( 'NONE', #3799, 1.599999865688438883 ) ;
#3095 = ADVANCED_FACE ( 'NONE', ( #3196 ), #1544, .F. ) ;
#3096 = EDGE_CURVE ( 'NONE', #3449, #3988, #2870, .T. ) ;
#3097 = ORIENTED_EDGE ( 'NONE', *, *, #855, .F. ) ;
#3098 = LINE ( 'NONE', #1338, #1400 ) ;
#3099 = DIRECTION ( 'NONE',  ( 0.000000000000000000, -1.000000000000000000, 0.000000000000000000 ) ) ;
#3100 = ORIENTED_EDGE ( 'NONE', *, *, #1827, .T. ) ;
#3101 = EDGE_CURVE ( 'NONE', #3263, #1435, #1999, .T. ) ;
#3102 = ORIENTED_EDGE ( 'NONE', *, *, #3242, .T. ) ;
#3103 = AXIS2_PLACEMENT_3D ( 'NONE', #316, #3646, #2406 ) ;
#3104 = AXIS2_PLACEMENT_3D ( 'NONE', #1634, #4243, #3224 ) ;
#3105 = DIRECTION ( 'NONE',  ( -0.5041083373289027003, 0.000000000000000000, -0.8636404253133878051 ) ) ;
#3106 = VERTEX_POINT ( 'NONE', #3525 ) ;
#3107 = DIRECTION ( 'NONE',  ( 0.7463150875864125178, 0.000000000000000000, 0.6655928109894858613 ) ) ;
#3108 = DIRECTION ( 'NONE',  ( 0.000000000000000000, -1.000000000000000000, 0.000000000000000000 ) ) ;
#3109 = VERTEX_POINT ( 'NONE', #154 ) ;
#3110 = CYLINDRICAL_SURFACE ( 'NONE', #3466, 0.9999999999999890088 ) ;
#3111 = CARTESIAN_POINT ( 'NONE',  ( 8.314121313980017192, 20.86019931313785847, -0.6097711452783421970 ) ) ;
#3112 = CARTESIAN_POINT ( 'NONE',  ( 0.000000000000000000, 12.85919931313785725, -0.000000000000000000 ) ) ;
#3113 = DIRECTION ( 'NONE',  ( 0.000000000000000000, 0.000000000000000000, -1.000000000000000000 ) ) ;
#3114 = DIRECTION ( 'NONE',  ( 0.000000000000000000, -1.000000000000000000, 0.000000000000000000 ) ) ;
#3115 = ORIENTED_EDGE ( 'NONE', *, *, #988, .F. ) ;
#3116 = ORIENTED_EDGE ( 'NONE', *, *, #3885, .T. ) ;
#3117 = CYLINDRICAL_SURFACE ( 'NONE', #2676, 18.49938265908035007 ) ;
#3118 = CARTESIAN_POINT ( 'NONE',  ( 4.940484912204182066, 17.85919931313785725, -10.02254542926733727 ) ) ;
#3119 = AXIS2_PLACEMENT_3D ( 'NONE', #3916, #3937, #3295 ) ;
#3120 = DIRECTION ( 'NONE',  ( 0.000000000000000000, 0.000000000000000000, 1.000000000000000000 ) ) ;
#3121 = ORIENTED_EDGE ( 'NONE', *, *, #1502, .F. ) ;
#3122 = LINE ( 'NONE', #871, #3288 ) ;
#3123 = CYLINDRICAL_SURFACE ( 'NONE', #2196, 0.9999999999999961142 ) ;
#3124 = EDGE_CURVE ( 'NONE', #1612, #1551, #4196, .T. ) ;
#3125 = ADVANCED_FACE ( 'NONE', ( #4216 ), #2823, .F. ) ;
#3126 = ORIENTED_EDGE ( 'NONE', *, *, #4265, .F. ) ;
#3127 = VERTEX_POINT ( 'NONE', #1468 ) ;
#3128 = CARTESIAN_POINT ( 'NONE',  ( 4.940484912204182066, 30.85919931313786080, -10.02254542926733727 ) ) ;
#3129 = CARTESIAN_POINT ( 'NONE',  ( 1.894168429112635943, 30.85919931313786080, 11.01235342579480481 ) ) ;
#3130 = ADVANCED_FACE ( 'NONE', ( #1562 ), #1162, .F. ) ;
#3131 = AXIS2_PLACEMENT_3D ( 'NONE', #840, #4107, #2462 ) ;
#3132 = ORIENTED_EDGE ( 'NONE', *, *, #3987, .F. ) ;
#3133 = CYLINDRICAL_SURFACE ( 'NONE', #3598, 1.499999999999997113 ) ;
#3134 = CARTESIAN_POINT ( 'NONE',  ( -1.310499516737777315, 17.85919931313785725, -8.219457462360523436 ) ) ;
#3135 = LINE ( 'NONE', #136, #4016 ) ;
#3136 = EDGE_CURVE ( 'NONE', #1406, #3450, #853, .T. ) ;
#3137 = DIRECTION ( 'NONE',  ( 0.000000000000000000, 0.000000000000000000, -1.000000000000000000 ) ) ;
#3138 = ORIENTED_EDGE ( 'NONE', *, *, #1481, .F. ) ;
#3139 = ORIENTED_EDGE ( 'NONE', *, *, #572, .T. ) ;
#3140 = FACE_OUTER_BOUND ( 'NONE', #3819, .T. ) ;
#3141 = DIRECTION ( 'NONE',  ( 0.000000000000000000, 0.000000000000000000, -1.000000000000000000 ) ) ;
#3142 = VECTOR ( 'NONE', #3389, 1000.000000000000114 ) ;
#3143 = ORIENTED_EDGE ( 'NONE', *, *, #3269, .T. ) ;
#3144 = DIRECTION ( 'NONE',  ( 0.000000000000000000, 0.000000000000000000, -1.000000000000000000 ) ) ;
#3145 = CARTESIAN_POINT ( 'NONE',  ( -8.005313096291134300, 17.85919931313785725, -6.795817125485227095 ) ) ;
#3146 = VERTEX_POINT ( 'NONE', #220 ) ;
#3147 = ORIENTED_EDGE ( 'NONE', *, *, #2701, .T. ) ;
#3148 = LINE ( 'NONE', #2126, #3872 ) ;
#3149 = DIRECTION ( 'NONE',  ( 0.000000000000000000, -1.000000000000000000, 0.000000000000000000 ) ) ;
#3150 = ORIENTED_EDGE ( 'NONE', *, *, #3622, .F. ) ;
#3151 = LINE ( 'NONE', #2409, #683 ) ;
#3152 = EDGE_CURVE ( 'NONE', #1992, #2582, #2757, .T. ) ;
#3153 = EDGE_CURVE ( 'NONE', #1178, #1519, #873, .T. ) ;
#3154 = DIRECTION ( 'NONE',  ( 0.000000000000000000, -0.000000000000000000, -1.000000000000000000 ) ) ;
#3155 = DIRECTION ( 'NONE',  ( 0.000000000000000000, -1.000000000000000000, 0.000000000000000000 ) ) ;
#3156 = ORIENTED_EDGE ( 'NONE', *, *, #2380, .F. ) ;
#3157 = ADVANCED_FACE ( 'NONE', ( #4006 ), #1320, .F. ) ;
#3158 = ORIENTED_EDGE ( 'NONE', *, *, #2677, .T. ) ;
#3159 = CYLINDRICAL_SURFACE ( 'NONE', #4179, 0.9999999999999961142 ) ;
#3160 = AXIS2_PLACEMENT_3D ( 'NONE', #623, #332, #3372 ) ;
#3161 = CARTESIAN_POINT ( 'NONE',  ( 11.04739247169366223, 17.85919931313785725, 18.99211815674078707 ) ) ;
#3162 = ORIENTED_EDGE ( 'NONE', *, *, #2916, .F. ) ;
#3163 = CARTESIAN_POINT ( 'NONE',  ( 0.000000000000000000, 17.85919931313785725, 0.000000000000000000 ) ) ;
#3164 = DIRECTION ( 'NONE',  ( -0.000000000000000000, 1.000000000000000000, 0.000000000000000000 ) ) ;
#3165 = AXIS2_PLACEMENT_3D ( 'NONE', #1230, #177, #1520 ) ;
#3166 = EDGE_LOOP ( 'NONE', ( #1243, #214, #237, #349 ) ) ;
#3167 = EDGE_LOOP ( 'NONE', ( #1111, #3749 ) ) ;
#3168 = FACE_OUTER_BOUND ( 'NONE', #1714, .T. ) ;
#3169 = DIRECTION ( 'NONE',  ( 0.000000000000000000, 0.000000000000000000, -1.000000000000000000 ) ) ;
#3170 = VECTOR ( 'NONE', #2187, 1000.000000000000000 ) ;
#3171 = EDGE_LOOP ( 'NONE', ( #3014, #3613, #488, #2012 ) ) ;
#3172 = AXIS2_PLACEMENT_3D ( 'NONE', #4290, #2618, #2294 ) ;
#3173 = DIRECTION ( 'NONE',  ( -0.000000000000000000, 1.000000000000000000, -0.000000000000000000 ) ) ;
#3174 = CIRCLE ( 'NONE', #1006, 18.49938265908035007 ) ;
#3175 = FACE_BOUND ( 'NONE', #1765, .T. ) ;
#3176 = VECTOR ( 'NONE', #2524, 1000.000000000000000 ) ;
#3177 = DIRECTION ( 'NONE',  ( 0.000000000000000000, -1.000000000000000000, 0.000000000000000000 ) ) ;
#3178 = EDGE_CURVE ( 'NONE', #1193, #2661, #597, .T. ) ;
#3179 = EDGE_CURVE ( 'NONE', #3629, #1752, #1929, .T. ) ;
#3180 = VECTOR ( 'NONE', #2840, 1000.000000000000000 ) ;
#3181 = DIRECTION ( 'NONE',  ( 0.000000000000000000, -1.000000000000000000, 0.000000000000000000 ) ) ;
#3182 = VERTEX_POINT ( 'NONE', #264 ) ;
#3183 = EDGE_LOOP ( 'NONE', ( #1712, #13, #2614, #2245 ) ) ;
#3184 = DIRECTION ( 'NONE',  ( -0.000000000000000000, 1.000000000000000000, 0.000000000000000000 ) ) ;
#3185 = CARTESIAN_POINT ( 'NONE',  ( 4.574299617395673145, 17.85919931313785725, 2.018857189951019038 ) ) ;
#3186 = CARTESIAN_POINT ( 'NONE',  ( -0.5065109396218263615, 30.85919931313786080, 5.974278372278951643 ) ) ;
#3187 = EDGE_CURVE ( 'NONE', #195, #1377, #2609, .T. ) ;
#3188 = AXIS2_PLACEMENT_3D ( 'NONE', #556, #2920, #1900 ) ;
#3189 = CIRCLE ( 'NONE', #326, 1.500000000000001332 ) ;
#3190 = ORIENTED_EDGE ( 'NONE', *, *, #477, .T. ) ;
#3191 = DIRECTION ( 'NONE',  ( 0.000000000000000000, 0.000000000000000000, -1.000000000000000000 ) ) ;
#3192 = CARTESIAN_POINT ( 'NONE',  ( -2.818918367398545843, 20.86019931313785847, -11.81265482680685253 ) ) ;
#3193 = ORIENTED_EDGE ( 'NONE', *, *, #1613, .F. ) ;
#3194 = EDGE_LOOP ( 'NONE', ( #993, #3649, #2586, #2816 ) ) ;
#3195 = FACE_OUTER_BOUND ( 'NONE', #94, .T. ) ;
#3196 = FACE_OUTER_BOUND ( 'NONE', #1482, .T. ) ;
#3197 = ORIENTED_EDGE ( 'NONE', *, *, #942, .T. ) ;
#3198 = CARTESIAN_POINT ( 'NONE',  ( -4.074965755494868169, 17.85919931313785725, 10.40454006122454267 ) ) ;
#3199 = DIRECTION ( 'NONE',  ( 1.000000000000000000, 0.000000000000000000, 0.000000000000000000 ) ) ;
#3200 = FACE_OUTER_BOUND ( 'NONE', #3773, .T. ) ;
#3201 = ORIENTED_EDGE ( 'NONE', *, *, #135, .F. ) ;
#3202 = VERTEX_POINT ( 'NONE', #3986 ) ;
#3203 = EDGE_CURVE ( 'NONE', #724, #433, #925, .T. ) ;
#3204 = DIRECTION ( 'NONE',  ( 0.000000000000000000, -1.000000000000000000, 0.000000000000000000 ) ) ;
#3205 = EDGE_CURVE ( 'NONE', #1464, #1841, #3620, .T. ) ;
#3206 = DIRECTION ( 'NONE',  ( 0.000000000000000000, 1.000000000000000000, 0.000000000000000000 ) ) ;
#3207 = EDGE_LOOP ( 'NONE', ( #1702, #3147, #3492, #2732 ) ) ;
#3208 = EDGE_CURVE ( 'NONE', #1016, #2351, #2668, .T. ) ;
#3209 = CARTESIAN_POINT ( 'NONE',  ( -14.64874571393334080, 12.85919931313785725, 14.77558200219542073 ) ) ;
#3210 = EDGE_CURVE ( 'NONE', #1016, #663, #2064, .T. ) ;
#3211 = LINE ( 'NONE', #4192, #2395 ) ;
#3212 = VERTEX_POINT ( 'NONE', #1587 ) ;
#3213 = DIRECTION ( 'NONE',  ( 0.000000000000000000, 0.000000000000000000, -1.000000000000000000 ) ) ;
#3214 = ORIENTED_EDGE ( 'NONE', *, *, #1481, .T. ) ;
#3215 = CARTESIAN_POINT ( 'NONE',  ( 7.176418544809854083, 20.86019931313785847, -7.022395237260910861 ) ) ;
#3216 = ADVANCED_FACE ( 'NONE', ( #1607 ), #983, .F. ) ;
#3217 = CIRCLE ( 'NONE', #1268, 0.9999999999999887867 ) ;
#3218 = FACE_OUTER_BOUND ( 'NONE', #3012, .T. ) ;
#3219 = CIRCLE ( 'NONE', #3432, 1.500000000000000666 ) ;
#3220 = ORIENTED_EDGE ( 'NONE', *, *, #296, .F. ) ;
#3221 = CARTESIAN_POINT ( 'NONE',  ( 4.940484912204182066, 17.85919931313785725, -9.022545429267349704 ) ) ;
#3222 = CYLINDRICAL_SURFACE ( 'NONE', #3787, 1.500000000000000666 ) ;
#3223 = CARTESIAN_POINT ( 'NONE',  ( -3.932153868173918987, 12.85919931313785725, -18.07665136921348648 ) ) ;
#3224 = DIRECTION ( 'NONE',  ( 0.000000000000000000, 0.000000000000000000, -1.000000000000000000 ) ) ;
#3225 = DIRECTION ( 'NONE',  ( 0.000000000000000000, 0.000000000000000000, -1.000000000000000000 ) ) ;
#3226 = ORIENTED_EDGE ( 'NONE', *, *, #2709, .F. ) ;
#3227 = ORIENTED_EDGE ( 'NONE', *, *, #2889, .T. ) ;
#3228 = ORIENTED_EDGE ( 'NONE', *, *, #322, .T. ) ;
#3229 = CYLINDRICAL_SURFACE ( 'NONE', #742, 0.9999999999999817923 ) ;
#3230 = DIRECTION ( 'NONE',  ( 0.000000000000000000, 0.000000000000000000, -1.000000000000000000 ) ) ;
#3231 = ORIENTED_EDGE ( 'NONE', *, *, #57, .F. ) ;
#3232 = LINE ( 'NONE', #3209, #302 ) ;
#3233 = CARTESIAN_POINT ( 'NONE',  ( 18.40701944724912309, 12.85919931313785725, 1.846291915076128554 ) ) ;
#3234 = EDGE_CURVE ( 'NONE', #697, #121, #1717, .T. ) ;
#3235 = ADVANCED_FACE ( 'NONE', ( #4300 ), #620, .F. ) ;
#3236 = EDGE_LOOP ( 'NONE', ( #2402, #3132, #3201, #1372 ) ) ;
#3237 = DIRECTION ( 'NONE',  ( 0.000000000000000000, -1.000000000000000000, 0.000000000000000000 ) ) ;
#3238 = CIRCLE ( 'NONE', #2266, 18.49938265908035007 ) ;
#3239 = ORIENTED_EDGE ( 'NONE', *, *, #3318, .T. ) ;
#3240 = CARTESIAN_POINT ( 'NONE',  ( 11.04739247169366223, 12.85919931313785725, 17.39211829105092733 ) ) ;
#3241 = DIRECTION ( 'NONE',  ( 0.000000000000000000, -1.000000000000000000, 0.000000000000000000 ) ) ;
#3242 = EDGE_CURVE ( 'NONE', #2361, #1470, #1226, .T. ) ;
#3243 = ORIENTED_EDGE ( 'NONE', *, *, #1965, .T. ) ;
#3244 = LINE ( 'NONE', #1893, #1839 ) ;
#3245 = AXIS2_PLACEMENT_3D ( 'NONE', #2882, #3871, #849 ) ;
#3246 = DIRECTION ( 'NONE',  ( 0.000000000000000000, -1.000000000000000000, 0.000000000000000000 ) ) ;
#3247 = DIRECTION ( 'NONE',  ( 0.000000000000000000, 1.000000000000000000, 0.000000000000000000 ) ) ;
#3248 = EDGE_LOOP ( 'NONE', ( #2995, #3844 ) ) ;
#3249 = FACE_OUTER_BOUND ( 'NONE', #2415, .T. ) ;
#3250 = ORIENTED_EDGE ( 'NONE', *, *, #1641, .F. ) ;
#3251 = CIRCLE ( 'NONE', #3103, 0.9999999999999887867 ) ;
#3252 = CYLINDRICAL_SURFACE ( 'NONE', #886, 0.9999999999999887867 ) ;
#3253 = DIRECTION ( 'NONE',  ( -0.09980289337762753010, -0.000000000000000000, 0.9950072273473464790 ) ) ;
#3254 = CIRCLE ( 'NONE', #314, 0.9999999999999887867 ) ;
#3255 = CARTESIAN_POINT ( 'NONE',  ( 0.000000000000000000, 20.86019931313785847, 0.000000000000000000 ) ) ;
#3256 = ORIENTED_EDGE ( 'NONE', *, *, #1965, .F. ) ;
#3257 = CARTESIAN_POINT ( 'NONE',  ( -9.888040223330667899, 30.85919931313786080, 5.204465316859363533 ) ) ;
#3258 = LINE ( 'NONE', #3233, #91 ) ;
#3259 = VECTOR ( 'NONE', #3753, 1000.000000000000000 ) ;
#3260 = ORIENTED_EDGE ( 'NONE', *, *, #921, .T. ) ;
#3261 = AXIS2_PLACEMENT_3D ( 'NONE', #1303, #1633, #2363 ) ;
#3262 = DIRECTION ( 'NONE',  ( 0.000000000000000000, 0.000000000000000000, -1.000000000000000000 ) ) ;
#3263 = VERTEX_POINT ( 'NONE', #2993 ) ;
#3264 = CARTESIAN_POINT ( 'NONE',  ( -1.090398663191116002, 20.86019931313785847, 9.708446743509679067 ) ) ;
#3265 = DIRECTION ( 'NONE',  ( 0.000000000000000000, 0.000000000000000000, -1.000000000000000000 ) ) ;
#3266 = EDGE_CURVE ( 'NONE', #3109, #3697, #3670, .T. ) ;
#3267 = EDGE_LOOP ( 'NONE', ( #1775, #3394 ) ) ;
#3268 = CARTESIAN_POINT ( 'NONE',  ( 1.894168429112636165, 17.85919931313785725, 12.01235342579479415 ) ) ;
#3269 = EDGE_CURVE ( 'NONE', #3033, #4113, #2342, .T. ) ;
#3270 = DIRECTION ( 'NONE',  ( -0.000000000000000000, -1.000000000000000000, -0.000000000000000000 ) ) ;
#3271 = DIRECTION ( 'NONE',  ( 0.000000000000000000, 0.000000000000000000, -1.000000000000000000 ) ) ;
#3272 = DIRECTION ( 'NONE',  ( 0.000000000000000000, -1.000000000000000000, 0.000000000000000000 ) ) ;
#3273 = ORIENTED_EDGE ( 'NONE', *, *, #344, .F. ) ;
#3274 = CARTESIAN_POINT ( 'NONE',  ( 9.847386582998350235, 30.85919931313786080, 3.346122889553997837 ) ) ;
#3275 = DIRECTION ( 'NONE',  ( 0.000000000000000000, -1.000000000000000000, 0.000000000000000000 ) ) ;
#3276 = EDGE_CURVE ( 'NONE', #1629, #1288, #4169, .T. ) ;
#3277 = DIRECTION ( 'NONE',  ( 0.7463150875864125178, 0.000000000000000000, 0.6655928109894858613 ) ) ;
#3278 = CARTESIAN_POINT ( 'NONE',  ( -4.887340320789482107, 30.85919931313786080, 0.05541575484131560508 ) ) ;
#3279 = EDGE_LOOP ( 'NONE', ( #3518, #3512, #1789, #523 ) ) ;
#3280 = DIRECTION ( 'NONE',  ( 0.000000000000000000, 0.000000000000000000, -1.000000000000000000 ) ) ;
#3281 = FACE_BOUND ( 'NONE', #4207, .T. ) ;
#3282 = ORIENTED_EDGE ( 'NONE', *, *, #1944, .F. ) ;
#3283 = DIRECTION ( 'NONE',  ( 0.000000000000000000, 0.000000000000000000, -1.000000000000000000 ) ) ;
#3284 = DIRECTION ( 'NONE',  ( 0.000000000000000000, 1.000000000000000000, 0.000000000000000000 ) ) ;
#3285 = ORIENTED_EDGE ( 'NONE', *, *, #1511, .F. ) ;
#3286 = DIRECTION ( 'NONE',  ( 0.000000000000000000, 0.000000000000000000, -1.000000000000000000 ) ) ;
#3287 = VECTOR ( 'NONE', #387, 1000.000000000000000 ) ;
#3288 = VECTOR ( 'NONE', #2210, 1000.000000000000000 ) ;
#3289 = LINE ( 'NONE', #1567, #3729 ) ;
#3290 = VECTOR ( 'NONE', #3747, 1000.000000000000000 ) ;
#3291 = CARTESIAN_POINT ( 'NONE',  ( 0.000000000000000000, 17.85919931313785725, 0.000000000000000000 ) ) ;
#3292 = EDGE_CURVE ( 'NONE', #1652, #1588, #2135, .T. ) ;
#3293 = ORIENTED_EDGE ( 'NONE', *, *, #716, .F. ) ;
#3294 = ADVANCED_FACE ( 'NONE', ( #3971 ), #3638, .F. ) ;
#3295 = DIRECTION ( 'NONE',  ( 0.000000000000000000, 0.000000000000000000, -1.000000000000000000 ) ) ;
#3296 = CYLINDRICAL_SURFACE ( 'NONE', #3665, 1.599999865688437994 ) ;
#3297 = CARTESIAN_POINT ( 'NONE',  ( -8.005313096291134300, 17.85919931313785725, -7.795817125485216437 ) ) ;
#3298 = EDGE_CURVE ( 'NONE', #3047, #4194, #245, .T. ) ;
#3299 = DIRECTION ( 'NONE',  ( 0.000000000000000000, -1.000000000000000000, 0.000000000000000000 ) ) ;
#3300 = EDGE_LOOP ( 'NONE', ( #745, #1325 ) ) ;
#3301 = DIRECTION ( 'NONE',  ( 0.000000000000000000, -1.000000000000000000, 0.000000000000000000 ) ) ;
#3302 = DIRECTION ( 'NONE',  ( -0.000000000000000000, 1.000000000000000000, -0.000000000000000000 ) ) ;
#3303 = EDGE_LOOP ( 'NONE', ( #1831, #1824, #2512, #2929 ) ) ;
#3304 = DIRECTION ( 'NONE',  ( 0.000000000000000000, 0.000000000000000000, -1.000000000000000000 ) ) ;
#3305 = CARTESIAN_POINT ( 'NONE',  ( -11.59499655816481578, 30.85919931313786080, -6.717427116932231712 ) ) ;
#3306 = AXIS2_PLACEMENT_3D ( 'NONE', #1959, #1695, #3286 ) ;
#3307 = CIRCLE ( 'NONE', #2326, 0.9999999999999887867 ) ;
#3308 = ORIENTED_EDGE ( 'NONE', *, *, #242, .T. ) ;
#3309 = DIRECTION ( 'NONE',  ( -0.4023923348681301415, 0.000000000000000000, 0.9154673171879892379 ) ) ;
#3310 = AXIS2_PLACEMENT_3D ( 'NONE', #736, #3752, #4096 ) ;
#3311 = CIRCLE ( 'NONE', #515, 1.000000000000003553 ) ;
#3312 = ORIENTED_EDGE ( 'NONE', *, *, #2504, .T. ) ;
#3313 = DIRECTION ( 'NONE',  ( -0.000000000000000000, 1.000000000000000000, -0.000000000000000000 ) ) ;
#3314 = FACE_OUTER_BOUND ( 'NONE', #37, .T. ) ;
#3315 = CARTESIAN_POINT ( 'NONE',  ( -9.888040223330667899, 30.85919931313786080, 4.204465316859361756 ) ) ;
#3316 = CIRCLE ( 'NONE', #3459, 0.9999999999999887867 ) ;
#3317 = ADVANCED_FACE ( 'NONE', ( #3031 ), #60, .F. ) ;
#3318 = EDGE_CURVE ( 'NONE', #381, #3023, #2830, .T. ) ;
#3319 = AXIS2_PLACEMENT_3D ( 'NONE', #4283, #678, #3929 ) ;
#3320 = CYLINDRICAL_SURFACE ( 'NONE', #3041, 18.49938265908035007 ) ;
#3321 = EDGE_LOOP ( 'NONE', ( #757, #1360 ) ) ;
#3322 = CARTESIAN_POINT ( 'NONE',  ( 1.894168429112635943, 20.86019931313785847, 10.01235342579481546 ) ) ;
#3323 = DIRECTION ( 'NONE',  ( -0.000000000000000000, -1.000000000000000000, -0.000000000000000000 ) ) ;
#3324 = CIRCLE ( 'NONE', #3611, 18.49938265908035007 ) ;
#3325 = CIRCLE ( 'NONE', #1433, 1.864999999999994440 ) ;
#3326 = EDGE_LOOP ( 'NONE', ( #3888, #2866 ) ) ;
#3327 = FACE_OUTER_BOUND ( 'NONE', #4287, .T. ) ;
#3328 = DIRECTION ( 'NONE',  ( -0.000000000000000000, 1.000000000000000000, 0.000000000000000000 ) ) ;
#3329 = CARTESIAN_POINT ( 'NONE',  ( 1.588082646615511284E-15, 17.85919931313785725, 6.980394298488655933E-16 ) ) ;
#3330 = ORIENTED_EDGE ( 'NONE', *, *, #533, .T. ) ;
#3331 = CARTESIAN_POINT ( 'NONE',  ( -2.514031220247861409, 17.85919931313785725, -5.321995722304450283 ) ) ;
#3332 = AXIS2_PLACEMENT_3D ( 'NONE', #2123, #3828, #3415 ) ;
#3333 = AXIS2_PLACEMENT_3D ( 'NONE', #3255, #3671, #3612 ) ;
#3334 = AXIS2_PLACEMENT_3D ( 'NONE', #645, #3080, #2061 ) ;
#3335 = VERTEX_POINT ( 'NONE', #1108 ) ;
#3336 = CARTESIAN_POINT ( 'NONE',  ( 7.176418544809854083, 17.85919931313785725, -9.022395237260889544 ) ) ;
#3337 = DIRECTION ( 'NONE',  ( 0.000000000000000000, -1.000000000000000000, 0.000000000000000000 ) ) ;
#3338 = CARTESIAN_POINT ( 'NONE',  ( 6.372601501110166211, 17.85919931313785725, 10.95545339059883538 ) ) ;
#3339 = VERTEX_POINT ( 'NONE', #4091 ) ;
#3340 = CARTESIAN_POINT ( 'NONE',  ( -10.52128974517189874, 30.85919931313786080, 3.272061005873637018 ) ) ;
#3341 = EDGE_LOOP ( 'NONE', ( #4214, #4142, #1637, #217 ) ) ;
#3342 = DIRECTION ( 'NONE',  ( -0.4023923348681298640, 0.000000000000000000, 0.9154673171879894600 ) ) ;
#3343 = DIRECTION ( 'NONE',  ( -0.000000000000000000, 1.000000000000000000, -0.000000000000000000 ) ) ;
#3344 = CIRCLE ( 'NONE', #3131, 0.9999999999999887867 ) ;
#3345 = EDGE_CURVE ( 'NONE', #724, #2233, #81, .T. ) ;
#3346 = EDGE_CURVE ( 'NONE', #180, #2891, #3390, .T. ) ;
#3347 = EDGE_LOOP ( 'NONE', ( #4284, #103, #618, #574 ) ) ;
#3348 = DIRECTION ( 'NONE',  ( -0.000000000000000000, 1.000000000000000000, -0.000000000000000000 ) ) ;
#3349 = CARTESIAN_POINT ( 'NONE',  ( 6.372601501110166211, 20.86019931313785847, 12.55545339059881726 ) ) ;
#3350 = VERTEX_POINT ( 'NONE', #3712 ) ;
#3351 = CARTESIAN_POINT ( 'NONE',  ( -8.450013146662174179, 20.86019931313785847, 7.846125194918322165 ) ) ;
#3352 = EDGE_CURVE ( 'NONE', #3736, #2607, #3325, .T. ) ;
#3353 = ORIENTED_EDGE ( 'NONE', *, *, #3433, .F. ) ;
#3354 = VECTOR ( 'NONE', #2238, 1000.000000000000000 ) ;
#3355 = EDGE_LOOP ( 'NONE', ( #4322, #2553, #2775, #3734 ) ) ;
#3356 = DIRECTION ( 'NONE',  ( 0.000000000000000000, 1.000000000000000000, 0.000000000000000000 ) ) ;
#3357 = CIRCLE ( 'NONE', #489, 18.49938265908035007 ) ;
#3358 = DIRECTION ( 'NONE',  ( 0.000000000000000000, -1.000000000000000000, 0.000000000000000000 ) ) ;
#3359 = CIRCLE ( 'NONE', #1474, 1.599999865687928846 ) ;
#3360 = CYLINDRICAL_SURFACE ( 'NONE', #767, 1.599999999999995426 ) ;
#3361 = VERTEX_POINT ( 'NONE', #783 ) ;
#3362 = VERTEX_POINT ( 'NONE', #3349 ) ;
#3363 = CARTESIAN_POINT ( 'NONE',  ( -11.15453926701302123, 20.86019931313785847, -0.6603433051121654351 ) ) ;
#3364 = DIRECTION ( 'NONE',  ( 0.000000000000000000, -1.000000000000000000, 0.000000000000000000 ) ) ;
#3365 = VERTEX_POINT ( 'NONE', #739 ) ;
#3366 = DIRECTION ( 'NONE',  ( 0.000000000000000000, 0.000000000000000000, -1.000000000000000000 ) ) ;
#3367 = CARTESIAN_POINT ( 'NONE',  ( 0.000000000000000000, 12.85919931313785725, 0.000000000000000000 ) ) ;
#3368 = EDGE_CURVE ( 'NONE', #777, #501, #2761, .T. ) ;
#3369 = EDGE_CURVE ( 'NONE', #423, #1976, #315, .T. ) ;
#3370 = ORIENTED_EDGE ( 'NONE', *, *, #1558, .F. ) ;
#3371 = DIRECTION ( 'NONE',  ( 0.000000000000000000, -1.000000000000000000, 0.000000000000000000 ) ) ;
#3372 = DIRECTION ( 'NONE',  ( 0.000000000000000000, -0.000000000000000000, -1.000000000000000000 ) ) ;
#3373 = ORIENTED_EDGE ( 'NONE', *, *, #3910, .F. ) ;
#3374 = AXIS2_PLACEMENT_3D ( 'NONE', #502, #2265, #267 ) ;
#3375 = ADVANCED_FACE ( 'NONE', ( #3756 ), #2358, .F. ) ;
#3376 = ORIENTED_EDGE ( 'NONE', *, *, #2150, .T. ) ;
#3377 = CIRCLE ( 'NONE', #2885, 1.000000000000002665 ) ;
#3378 = FACE_BOUND ( 'NONE', #3522, .T. ) ;
#3379 = AXIS2_PLACEMENT_3D ( 'NONE', #2130, #4075, #141 ) ;
#3380 = DIRECTION ( 'NONE',  ( 0.000000000000000000, 0.000000000000000000, -1.000000000000000000 ) ) ;
#3381 = EDGE_LOOP ( 'NONE', ( #923, #2439 ) ) ;
#3382 = ORIENTED_EDGE ( 'NONE', *, *, #1666, .T. ) ;
#3383 = CIRCLE ( 'NONE', #867, 0.9999999999999961142 ) ;
#3384 = DIRECTION ( 'NONE',  ( -0.000000000000000000, 1.000000000000000000, 0.000000000000000000 ) ) ;
#3385 = CYLINDRICAL_SURFACE ( 'NONE', #4010, 0.9999999999999961142 ) ;
#3386 = CARTESIAN_POINT ( 'NONE',  ( 3.932153868173915434, 12.85919931313785725, 18.07665136921348648 ) ) ;
#3387 = AXIS2_PLACEMENT_3D ( 'NONE', #2579, #3253, #2879 ) ;
#3388 = ORIENTED_EDGE ( 'NONE', *, *, #1649, .T. ) ;
#3389 = DIRECTION ( 'NONE',  ( 0.9950072273473463680, 0.000000000000000000, 0.09980289337762754398 ) ) ;
#3390 = LINE ( 'NONE', #2378, #3887 ) ;
#3391 = AXIS2_PLACEMENT_3D ( 'NONE', #365, #1419, #432 ) ;
#3392 = AXIS2_PLACEMENT_3D ( 'NONE', #1038, #1128, #232 ) ;
#3393 = ORIENTED_EDGE ( 'NONE', *, *, #1822, .T. ) ;
#3394 = ORIENTED_EDGE ( 'NONE', *, *, #269, .T. ) ;
#3395 = EDGE_CURVE ( 'NONE', #128, #1138, #4092, .T. ) ;
#3396 = ADVANCED_FACE ( 'NONE', ( #2692 ), #4028, .F. ) ;
#3397 = CARTESIAN_POINT ( 'NONE',  ( 2.143131898507868248E-15, 20.86019931313785847, 17.50000000000000000 ) ) ;
#3398 = EDGE_LOOP ( 'NONE', ( #1044, #3879, #1873, #3556 ) ) ;
#3399 = CIRCLE ( 'NONE', #3742, 1.499999999999997335 ) ;
#3400 = AXIS2_PLACEMENT_3D ( 'NONE', #1308, #582, #3892 ) ;
#3401 = EDGE_CURVE ( 'NONE', #2755, #4052, #714, .T. ) ;
#3402 = EDGE_CURVE ( 'NONE', #3443, #954, #2712, .T. ) ;
#3403 = CARTESIAN_POINT ( 'NONE',  ( -28.72649874914364787, 12.85919931313785725, -12.62669096670836666 ) ) ;
#3404 = FACE_BOUND ( 'NONE', #1684, .T. ) ;
#3405 = CARTESIAN_POINT ( 'NONE',  ( 9.412352177415431953, 20.86019931313785847, -6.022245045254573270 ) ) ;
#3406 = VERTEX_POINT ( 'NONE', #1733 ) ;
#3407 = EDGE_CURVE ( 'NONE', #2563, #2224, #3953, .T. ) ;
#3408 = ORIENTED_EDGE ( 'NONE', *, *, #2094, .F. ) ;
#3409 = CARTESIAN_POINT ( 'NONE',  ( 8.636072200091403417, 17.85919931313785725, 6.090702541479278587 ) ) ;
#3410 = LINE ( 'NONE', #690, #4159 ) ;
#3411 = CARTESIAN_POINT ( 'NONE',  ( -26.74492724772451169, 25.85919931313776488, -13.36316449863961253 ) ) ;
#3412 = ORIENTED_EDGE ( 'NONE', *, *, #3480, .T. ) ;
#3413 = DIRECTION ( 'NONE',  ( -0.000000000000000000, 1.000000000000000000, -0.000000000000000000 ) ) ;
#3414 = DIRECTION ( 'NONE',  ( 0.000000000000000000, -1.000000000000000000, 0.000000000000000000 ) ) ;
#3415 = DIRECTION ( 'NONE',  ( 0.000000000000000000, 0.000000000000000000, -1.000000000000000000 ) ) ;
#3416 = ORIENTED_EDGE ( 'NONE', *, *, #2198, .T. ) ;
#3417 = ORIENTED_EDGE ( 'NONE', *, *, #2630, .T. ) ;
#3418 = CARTESIAN_POINT ( 'NONE',  ( -51.29262085535018656, 17.85919931313785725, -21.07854112201430752 ) ) ;
#3419 = FACE_OUTER_BOUND ( 'NONE', #3207, .T. ) ;
#3420 = VERTEX_POINT ( 'NONE', #1061 ) ;
#3421 = CARTESIAN_POINT ( 'NONE',  ( -3.771059073209737100, 20.86019931313785847, 8.419972968920804490 ) ) ;
#3422 = DIRECTION ( 'NONE',  ( 0.000000000000000000, -1.000000000000000000, 0.000000000000000000 ) ) ;
#3423 = CARTESIAN_POINT ( 'NONE',  ( -1.310499516737777315, 30.85919931313786080, -8.219457462360523436 ) ) ;
#3424 = EDGE_CURVE ( 'NONE', #712, #1632, #2619, .T. ) ;
#3425 = EDGE_CURVE ( 'NONE', #501, #1262, #1754, .T. ) ;
#3426 = DIRECTION ( 'NONE',  ( 0.000000000000000000, 0.000000000000000000, -1.000000000000000000 ) ) ;
#3427 = VERTEX_POINT ( 'NONE', #2473 ) ;
#3428 = CARTESIAN_POINT ( 'NONE',  ( 0.000000000000000000, 17.85919931313785725, 75.00000000000001421 ) ) ;
#3429 = ORIENTED_EDGE ( 'NONE', *, *, #1344, .T. ) ;
#3430 = CARTESIAN_POINT ( 'NONE',  ( 0.000000000000000000, 20.85919931313785369, 0.000000000000000000 ) ) ;
#3431 = CYLINDRICAL_SURFACE ( 'NONE', #26, 1.599999999999989431 ) ;
#3432 = AXIS2_PLACEMENT_3D ( 'NONE', #2448, #2163, #3801 ) ;
#3433 = EDGE_CURVE ( 'NONE', #1570, #288, #656, .T. ) ;
#3434 = VERTEX_POINT ( 'NONE', #3145 ) ;
#3435 = CARTESIAN_POINT ( 'NONE',  ( 6.372601501110166211, 30.85919931313786080, 12.55545339059881726 ) ) ;
#3436 = CARTESIAN_POINT ( 'NONE',  ( 13.80636838950611356, 12.85919931313785725, 12.31305610562743880 ) ) ;
#3437 = LINE ( 'NONE', #4116, #3895 ) ;
#3438 = VERTEX_POINT ( 'NONE', #216 ) ;
#3439 = ORIENTED_EDGE ( 'NONE', *, *, #1041, .F. ) ;
#3440 = DIRECTION ( 'NONE',  ( 0.000000000000000000, -1.000000000000000000, 0.000000000000000000 ) ) ;
#3441 = EDGE_LOOP ( 'NONE', ( #3607, #2884, #3702, #2958 ) ) ;
#3442 = DIRECTION ( 'NONE',  ( 0.000000000000000000, 0.000000000000000000, -1.000000000000000000 ) ) ;
#3443 = VERTEX_POINT ( 'NONE', #827 ) ;
#3444 = FACE_OUTER_BOUND ( 'NONE', #397, .T. ) ;
#3445 = FACE_BOUND ( 'NONE', #331, .T. ) ;
#3446 = CARTESIAN_POINT ( 'NONE',  ( 1.894168429112635943, 17.85919931313785725, 11.01235342579480481 ) ) ;
#3447 = AXIS2_PLACEMENT_3D ( 'NONE', #3513, #1436, #2140 ) ;
#3448 = DIRECTION ( 'NONE',  ( -0.000000000000000000, 1.000000000000000000, -0.000000000000000000 ) ) ;
#3449 = VERTEX_POINT ( 'NONE', #4231 ) ;
#3450 = VERTEX_POINT ( 'NONE', #149 ) ;
#3451 = CARTESIAN_POINT ( 'NONE',  ( 0.000000000000000000, 17.85919931313785725, 0.000000000000000000 ) ) ;
#3452 = EDGE_CURVE ( 'NONE', #4046, #31, #723, .T. ) ;
#3453 = DIRECTION ( 'NONE',  ( 0.000000000000000000, 0.000000000000000000, -1.000000000000000000 ) ) ;
#3454 = VERTEX_POINT ( 'NONE', #126 ) ;
#3455 = DIRECTION ( 'NONE',  ( 0.000000000000000000, 0.000000000000000000, -1.000000000000000000 ) ) ;
#3456 = EDGE_CURVE ( 'NONE', #1951, #288, #3211, .T. ) ;
#3457 = CARTESIAN_POINT ( 'NONE',  ( 6.372601501110166211, 20.86019931313785847, 9.355453390598853503 ) ) ;
#3458 = DIRECTION ( 'NONE',  ( -0.000000000000000000, 1.000000000000000000, 0.000000000000000000 ) ) ;
#3459 = AXIS2_PLACEMENT_3D ( 'NONE', #3118, #3867, #4186 ) ;
#3460 = VECTOR ( 'NONE', #2436, 1000.000000000000000 ) ;
#3461 = ORIENTED_EDGE ( 'NONE', *, *, #429, .F. ) ;
#3462 = ORIENTED_EDGE ( 'NONE', *, *, #2490, .F. ) ;
#3463 = VECTOR ( 'NONE', #2652, 1000.000000000000000 ) ;
#3464 = DIRECTION ( 'NONE',  ( -0.000000000000000000, 1.000000000000000000, 0.000000000000000000 ) ) ;
#3465 = DIRECTION ( 'NONE',  ( 0.000000000000000000, -1.000000000000000000, 0.000000000000000000 ) ) ;
#3466 = AXIS2_PLACEMENT_3D ( 'NONE', #1204, #3547, #3262 ) ;
#3467 = ORIENTED_EDGE ( 'NONE', *, *, #4267, .T. ) ;
#3468 = DIRECTION ( 'NONE',  ( -0.000000000000000000, 1.000000000000000000, -0.000000000000000000 ) ) ;
#3469 = FACE_BOUND ( 'NONE', #701, .T. ) ;
#3470 = DIRECTION ( 'NONE',  ( 0.000000000000000000, -1.000000000000000000, 0.000000000000000000 ) ) ;
#3471 = DIRECTION ( 'NONE',  ( -0.000000000000000000, 1.000000000000000000, 0.000000000000000000 ) ) ;
#3472 = VERTEX_POINT ( 'NONE', #545 ) ;
#3473 = ORIENTED_EDGE ( 'NONE', *, *, #2222, .T. ) ;
#3474 = CARTESIAN_POINT ( 'NONE',  ( 2.940334720197848473, 17.85919931313785725, -7.786611796661651930 ) ) ;
#3475 = DIRECTION ( 'NONE',  ( -0.000000000000000000, 1.000000000000000000, -0.000000000000000000 ) ) ;
#3476 = CARTESIAN_POINT ( 'NONE',  ( 11.05870096590540896, 20.86019931313785847, 2.601543237628604288 ) ) ;
#3477 = EDGE_LOOP ( 'NONE', ( #2129, #947, #1314, #4012 ) ) ;
#3478 = CARTESIAN_POINT ( 'NONE',  ( 5.891492548166014309, 17.85919931313785725, 5.879388158572314005 ) ) ;
#3479 = CARTESIAN_POINT ( 'NONE',  ( -1.310499516737777315, 30.85919931313786080, -8.219457462360523436 ) ) ;
#3480 = EDGE_CURVE ( 'NONE', #433, #1032, #2846, .T. ) ;
#3481 = ORIENTED_EDGE ( 'NONE', *, *, #2122, .T. ) ;
#3482 = ORIENTED_EDGE ( 'NONE', *, *, #1127, .T. ) ;
#3483 = DIRECTION ( 'NONE',  ( 0.000000000000000000, 0.000000000000000000, -1.000000000000000000 ) ) ;
#3484 = DIRECTION ( 'NONE',  ( -0.000000000000000000, 1.000000000000000000, 0.000000000000000000 ) ) ;
#3485 = ADVANCED_FACE ( 'NONE', ( #1225 ), #3900, .F. ) ;
#3486 = VERTEX_POINT ( 'NONE', #872 ) ;
#3487 = DIRECTION ( 'NONE',  ( -0.000000000000000000, 1.000000000000000000, 0.000000000000000000 ) ) ;
#3488 = DIRECTION ( 'NONE',  ( 0.000000000000000000, -1.000000000000000000, 0.000000000000000000 ) ) ;
#3489 = CARTESIAN_POINT ( 'NONE',  ( -1.310499516737777315, 20.86019931313785847, -8.219457462360523436 ) ) ;
#3490 = DIRECTION ( 'NONE',  ( -0.000000000000000000, 1.000000000000000000, 0.000000000000000000 ) ) ;
#3491 = ORIENTED_EDGE ( 'NONE', *, *, #3425, .F. ) ;
#3492 = ORIENTED_EDGE ( 'NONE', *, *, #2019, .T. ) ;
#3493 = DIRECTION ( 'NONE',  ( -0.09980289337762757174, -0.000000000000000000, 0.9950072273473464790 ) ) ;
#3494 = CARTESIAN_POINT ( 'NONE',  ( 1.975200560505147710E-07, 30.85919931313786080, 1.499999885106062747 ) ) ;
#3495 = CIRCLE ( 'NONE', #4206, 0.9999999999999887867 ) ;
#3496 = VERTEX_POINT ( 'NONE', #2164 ) ;
#3497 = AXIS2_PLACEMENT_3D ( 'NONE', #782, #2472, #3455 ) ;
#3498 = CARTESIAN_POINT ( 'NONE',  ( 2.225758709196706153, 12.85919931313785725, -23.45844058481734606 ) ) ;
#3499 = DIRECTION ( 'NONE',  ( 0.000000000000000000, 0.000000000000000000, -1.000000000000000000 ) ) ;
#3500 = CIRCLE ( 'NONE', #2725, 1.000000000000001776 ) ;
#3501 = VERTEX_POINT ( 'NONE', #3457 ) ;
#3502 = EDGE_LOOP ( 'NONE', ( #719, #3523 ) ) ;
#3503 = FACE_OUTER_BOUND ( 'NONE', #4155, .T. ) ;
#3504 = FACE_BOUND ( 'NONE', #434, .T. ) ;
#3505 = ADVANCED_FACE ( 'NONE', ( #496 ), #2819, .F. ) ;
#3506 = ADVANCED_FACE ( 'NONE', ( #1815 ), #3123, .F. ) ;
#3507 = ORIENTED_EDGE ( 'NONE', *, *, #1292, .T. ) ;
#3508 = DIRECTION ( 'NONE',  ( 0.000000000000000000, -1.000000000000000000, 0.000000000000000000 ) ) ;
#3509 = CARTESIAN_POINT ( 'NONE',  ( -8.450013146662174179, 17.85919931313785725, 7.846125194918322165 ) ) ;
#3510 = CARTESIAN_POINT ( 'NONE',  ( -10.52128974517189874, 20.86019931313785847, 2.272061005873640571 ) ) ;
#3511 = ORIENTED_EDGE ( 'NONE', *, *, #2492, .T. ) ;
#3512 = ORIENTED_EDGE ( 'NONE', *, *, #1317, .T. ) ;
#3513 = CARTESIAN_POINT ( 'NONE',  ( 0.000000000000000000, 17.85919931313785725, 0.000000000000000000 ) ) ;
#3514 = AXIS2_PLACEMENT_3D ( 'NONE', #2570, #2195, #3907 ) ;
#3515 = DIRECTION ( 'NONE',  ( 0.000000000000000000, -1.000000000000000000, 0.000000000000000000 ) ) ;
#3516 = VECTOR ( 'NONE', #978, 1000.000000000000000 ) ;
#3517 = CARTESIAN_POINT ( 'NONE',  ( 9.412352177415431953, 17.85919931313785725, -5.022245045254584817 ) ) ;
#3518 = ORIENTED_EDGE ( 'NONE', *, *, #1387, .T. ) ;
#3519 = DIRECTION ( 'NONE',  ( 0.000000000000000000, -1.000000000000000000, 0.000000000000000000 ) ) ;
#3520 = DIRECTION ( 'NONE',  ( 0.000000000000000000, -1.000000000000000000, 0.000000000000000000 ) ) ;
#3521 = AXIS2_PLACEMENT_3D ( 'NONE', #1471, #722, #414 ) ;
#3522 = EDGE_LOOP ( 'NONE', ( #1506, #4083 ) ) ;
#3523 = ORIENTED_EDGE ( 'NONE', *, *, #504, .F. ) ;
#3524 = CARTESIAN_POINT ( 'NONE',  ( 9.412352177415431953, 17.85919931313785725, -7.022245045254561724 ) ) ;
#3525 = CARTESIAN_POINT ( 'NONE',  ( -4.887340320789482107, 20.86019931313785847, 2.055415754841293463 ) ) ;
#3526 = AXIS2_PLACEMENT_3D ( 'NONE', #1510, #779, #1484 ) ;
#3527 = VERTEX_POINT ( 'NONE', #3802 ) ;
#3528 = VECTOR ( 'NONE', #3465, 1000.000000000000000 ) ;
#3529 = CARTESIAN_POINT ( 'NONE',  ( -28.49485748239399641, 12.85919931313785725, 16.63249519921586739 ) ) ;
#3530 = ADVANCED_FACE ( 'NONE', ( #4140 ), #807, .F. ) ;
#3531 = LINE ( 'NONE', #3954, #1300 ) ;
#3532 = LINE ( 'NONE', #1611, #664 ) ;
#3533 = CARTESIAN_POINT ( 'NONE',  ( -2.514031220247861409, 20.86019931313785847, -4.321995722304468046 ) ) ;
#3534 = ADVANCED_FACE ( 'NONE', ( #2148 ), #2864, .F. ) ;
#3535 = ORIENTED_EDGE ( 'NONE', *, *, #2490, .T. ) ;
#3536 = EDGE_CURVE ( 'NONE', #2376, #1033, #2128, .T. ) ;
#3537 = VERTEX_POINT ( 'NONE', #4210 ) ;
#3538 = DIRECTION ( 'NONE',  ( 0.000000000000000000, -1.000000000000000000, 0.000000000000000000 ) ) ;
#3539 = CARTESIAN_POINT ( 'NONE',  ( 7.444009781806337323, 12.85919931313785725, -16.93558021254230184 ) ) ;
#3540 = STYLED_ITEM ( 'NONE', ( #1280 ), #1382 ) ;
#3541 = CIRCLE ( 'NONE', #3261, 0.9999999999999817923 ) ;
#3542 = ORIENTED_EDGE ( 'NONE', *, *, #2915, .T. ) ;
#3543 = DIRECTION ( 'NONE',  ( 0.000000000000000000, -1.000000000000000000, 0.000000000000000000 ) ) ;
#3544 = CARTESIAN_POINT ( 'NONE',  ( 11.04739247169366223, 12.85919931313785725, 18.99211815674078707 ) ) ;
#3545 = PRODUCT ( 'sub\X2\570667f15e9576d8\X0\', 'sub\X2\570667f15e9576d8\X0\', '', ( #2199 ) ) ;
#3546 = ORIENTED_EDGE ( 'NONE', *, *, #2994, .T. ) ;
#3547 = DIRECTION ( 'NONE',  ( 0.000000000000000000, -1.000000000000000000, 0.000000000000000000 ) ) ;
#3548 = ORIENTED_EDGE ( 'NONE', *, *, #1267, .T. ) ;
#3549 = CARTESIAN_POINT ( 'NONE',  ( 7.013047727110234497, 17.85919931313785725, 32.23994356494996794 ) ) ;
#3550 = CARTESIAN_POINT ( 'NONE',  ( 9.412352177415431953, 20.86019931313785847, -6.022245045254573270 ) ) ;
#3551 = ORIENTED_EDGE ( 'NONE', *, *, #3797, .F. ) ;
#3552 = CARTESIAN_POINT ( 'NONE',  ( 3.932153868173915434, 17.85919931313785725, 18.07665136921348648 ) ) ;
#3553 = CIRCLE ( 'NONE', #2231, 0.9999999999999961142 ) ;
#3554 = DIRECTION ( 'NONE',  ( -0.000000000000000000, 1.000000000000000000, 0.000000000000000000 ) ) ;
#3555 = CARTESIAN_POINT ( 'NONE',  ( 4.940484912204182066, 20.86019931313785847, -10.02254542926733727 ) ) ;
#3556 = ORIENTED_EDGE ( 'NONE', *, *, #3562, .F. ) ;
#3557 = CIRCLE ( 'NONE', #4330, 1.500000000000001332 ) ;
#3558 = PLANE ( 'NONE',  #3188 ) ;
#3559 = EDGE_LOOP ( 'NONE', ( #2811, #1672 ) ) ;
#3560 = CARTESIAN_POINT ( 'NONE',  ( -8.222134956027318253, 20.86019931313785847, -2.293592826953296804 ) ) ;
#3561 = CARTESIAN_POINT ( 'NONE',  ( -26.74492724772451169, 20.85919931313785725, -13.36316449863961253 ) ) ;
#3562 = EDGE_CURVE ( 'NONE', #2379, #1588, #3847, .T. ) ;
#3563 = EDGE_CURVE ( 'NONE', #2844, #1817, #1517, .T. ) ;
#3564 = CARTESIAN_POINT ( 'NONE',  ( -18.97725866554199214, 20.85919931313785725, 42.99841454683050301 ) ) ;
#3565 = VERTEX_POINT ( 'NONE', #3192 ) ;
#3566 = LINE ( 'NONE', #3899, #4074 ) ;
#3567 = DIRECTION ( 'NONE',  ( -0.000000000000000000, 1.000000000000000000, 0.000000000000000000 ) ) ;
#3568 = EDGE_CURVE ( 'NONE', #1077, #790, #1142, .T. ) ;
#3569 = CIRCLE ( 'NONE', #2446, 1.599999999999989431 ) ;
#3570 = EDGE_LOOP ( 'NONE', ( #2225, #4089 ) ) ;
#3571 = ORIENTED_EDGE ( 'NONE', *, *, #3860, .F. ) ;
#3572 = CARTESIAN_POINT ( 'NONE',  ( -6.496894245630262077, 20.86019931313785847, -4.202619761038977941 ) ) ;
#3573 = AXIS2_PLACEMENT_3D ( 'NONE', #3975, #930, #626 ) ;
#3574 = CYLINDRICAL_SURFACE ( 'NONE', #521, 1.864999999999994440 ) ;
#3575 = AXIS2_PLACEMENT_3D ( 'NONE', #3257, #566, #3614 ) ;
#3576 = EDGE_LOOP ( 'NONE', ( #2001, #3551, #3889, #2043 ) ) ;
#3577 = DIRECTION ( 'NONE',  ( -0.000000000000000000, 1.000000000000000000, 0.000000000000000000 ) ) ;
#3578 = CARTESIAN_POINT ( 'NONE',  ( -27.04883393000964276, 17.85919931313776488, -10.37859740633586370 ) ) ;
#3579 = CYLINDRICAL_SURFACE ( 'NONE', #1366, 1.000000000000003553 ) ;
#3580 = CARTESIAN_POINT ( 'NONE',  ( 11.62889722904924206, 17.85919931313785725, -26.45645661123582215 ) ) ;
#3581 = ORIENTED_EDGE ( 'NONE', *, *, #102, .T. ) ;
#3582 = CARTESIAN_POINT ( 'NONE',  ( 11.05870096590540896, 20.86019931313785847, 0.6015432376286120597 ) ) ;
#3583 = EDGE_LOOP ( 'NONE', ( #1701, #471 ) ) ;
#3584 = FACE_OUTER_BOUND ( 'NONE', #3279, .T. ) ;
#3585 = PLANE ( 'NONE',  #3387 ) ;
#3586 = EDGE_CURVE ( 'NONE', #3486, #1050, #3383, .T. ) ;
#3587 = AXIS2_PLACEMENT_3D ( 'NONE', #2175, #3508, #2735 ) ;
#3588 = CARTESIAN_POINT ( 'NONE',  ( 5.891492548166014309, 20.86019931313785847, 6.879388158572303347 ) ) ;
#3589 = EDGE_CURVE ( 'NONE', #2582, #1992, #3311, .T. ) ;
#3590 = EDGE_LOOP ( 'NONE', ( #120, #1579, #1389, #1295 ) ) ;
#3591 = CARTESIAN_POINT ( 'NONE',  ( -11.59499655816481578, 30.85919931313786080, -5.117427116932242726 ) ) ;
#3592 = FACE_BOUND ( 'NONE', #4202, .T. ) ;
#3593 = VERTEX_POINT ( 'NONE', #3945 ) ;
#3594 = VECTOR ( 'NONE', #3342, 1000.000000000000000 ) ;
#3595 = ORIENTED_EDGE ( 'NONE', *, *, #3456, .F. ) ;
#3596 = DIRECTION ( 'NONE',  ( 0.000000000000000000, 0.000000000000000000, 1.000000000000000000 ) ) ;
#3597 = DIRECTION ( 'NONE',  ( 0.1013022274283774671, 0.000000000000000000, -0.9948556974345823534 ) ) ;
#3598 = AXIS2_PLACEMENT_3D ( 'NONE', #2408, #112, #1384 ) ;
#3599 = ORIENTED_EDGE ( 'NONE', *, *, #915, .F. ) ;
#3600 = FACE_OUTER_BOUND ( 'NONE', #1856, .T. ) ;
#3601 = ADVANCED_FACE ( 'NONE', ( #2628 ), #2648, .F. ) ;
#3602 = AXIS2_PLACEMENT_3D ( 'NONE', #4043, #98, #3751 ) ;
#3603 = DIRECTION ( 'NONE',  ( 0.000000000000000000, 0.000000000000000000, -1.000000000000000000 ) ) ;
#3604 = CIRCLE ( 'NONE', #1715, 1.000000000000002665 ) ;
#3605 = CIRCLE ( 'NONE', #2963, 1.499999999999994449 ) ;
#3606 = DIRECTION ( 'NONE',  ( 0.000000000000000000, 0.000000000000000000, -1.000000000000000000 ) ) ;
#3607 = ORIENTED_EDGE ( 'NONE', *, *, #2, .F. ) ;
#3608 = CARTESIAN_POINT ( 'NONE',  ( -13.80636838950611356, 17.85919931313785725, -12.31305610562744057 ) ) ;
#3609 = DIRECTION ( 'NONE',  ( 0.000000000000000000, -1.000000000000000000, 0.000000000000000000 ) ) ;
#3610 = DIRECTION ( 'NONE',  ( 0.000000000000000000, 0.000000000000000000, 1.000000000000000000 ) ) ;
#3611 = AXIS2_PLACEMENT_3D ( 'NONE', #2460, #3085, #2177 ) ;
#3612 = DIRECTION ( 'NONE',  ( 0.000000000000000000, 0.000000000000000000, -1.000000000000000000 ) ) ;
#3613 = ORIENTED_EDGE ( 'NONE', *, *, #2222, .F. ) ;
#3614 = DIRECTION ( 'NONE',  ( 0.000000000000000000, 0.000000000000000000, -1.000000000000000000 ) ) ;
#3615 = DIRECTION ( 'NONE',  ( 0.000000000000000000, -1.000000000000000000, 0.000000000000000000 ) ) ;
#3616 = AXIS2_PLACEMENT_3D ( 'NONE', #1920, #3204, #209 ) ;
#3617 = CARTESIAN_POINT ( 'NONE',  ( -50.98871417306505549, 25.85919931313650366, -24.06310821431805635 ) ) ;
#3618 = ORIENTED_EDGE ( 'NONE', *, *, #3208, .T. ) ;
#3619 = DIRECTION ( 'NONE',  ( -0.000000000000000000, 1.000000000000000000, 0.000000000000000000 ) ) ;
#3620 = LINE ( 'NONE', #287, #2404 ) ;
#3621 = EDGE_CURVE ( 'NONE', #804, #2269, #3635, .T. ) ;
#3622 = EDGE_CURVE ( 'NONE', #3869, #4302, #1294, .T. ) ;
#3623 = EDGE_LOOP ( 'NONE', ( #3231, #2111, #2938, #2454 ) ) ;
#3624 = CARTESIAN_POINT ( 'NONE',  ( 2.198075111397766790, 17.85919931313785725, 8.027786333491063075 ) ) ;
#3625 = ADVANCED_FACE ( 'NONE', ( #4276 ), #1648, .F. ) ;
#3626 = CIRCLE ( 'NONE', #1736, 0.9999999999999887867 ) ;
#3627 = CARTESIAN_POINT ( 'NONE',  ( 3.333583850864015652, 30.85919931313786080, -3.726556169236693083 ) ) ;
#3628 = DIRECTION ( 'NONE',  ( -0.000000000000000000, -1.000000000000000000, -0.000000000000000000 ) ) ;
#3629 = VERTEX_POINT ( 'NONE', #1974 ) ;
#3630 = DIRECTION ( 'NONE',  ( 0.000000000000000000, 0.000000000000000000, -1.000000000000000000 ) ) ;
#3631 = DIRECTION ( 'NONE',  ( -0.9154673171879894600, 0.000000000000000000, -0.4023923348681298640 ) ) ;
#3632 = CARTESIAN_POINT ( 'NONE',  ( -14.64874571393334080, 17.85919931313785725, 16.37558186788499270 ) ) ;
#3633 = ORIENTED_EDGE ( 'NONE', *, *, #1234, .F. ) ;
#3634 = LINE ( 'NONE', #3650, #231 ) ;
#3635 = LINE ( 'NONE', #940, #167 ) ;
#3636 = VERTEX_POINT ( 'NONE', #1293 ) ;
#3637 = DIRECTION ( 'NONE',  ( 0.000000000000000000, 1.000000000000000000, 0.000000000000000000 ) ) ;
#3638 = CYLINDRICAL_SURFACE ( 'NONE', #2693, 1.000000000000002442 ) ;
#3639 = EDGE_LOOP ( 'NONE', ( #379, #1694, #3957, #1764 ) ) ;
#3640 = DIRECTION ( 'NONE',  ( -0.000000000000000000, 1.000000000000000000, 0.000000000000000000 ) ) ;
#3641 = AXIS2_PLACEMENT_3D ( 'NONE', #2633, #571, #3596 ) ;
#3642 = ADVANCED_FACE ( 'NONE', ( #2584 ), #4334, .T. ) ;
#3643 = AXIS2_PLACEMENT_3D ( 'NONE', #3074, #79, #3755 ) ;
#3644 = VERTEX_POINT ( 'NONE', #323 ) ;
#3645 = EDGE_CURVE ( 'NONE', #412, #1585, #3258, .T. ) ;
#3646 = DIRECTION ( 'NONE',  ( 0.000000000000000000, 1.000000000000000000, 0.000000000000000000 ) ) ;
#3647 = DIRECTION ( 'NONE',  ( 0.000000000000000000, -1.000000000000000000, 0.000000000000000000 ) ) ;
#3648 = LINE ( 'NONE', #631, #2978 ) ;
#3649 = ORIENTED_EDGE ( 'NONE', *, *, #3830, .T. ) ;
#3650 = CARTESIAN_POINT ( 'NONE',  ( 9.847386582998350235, 30.85919931313786080, 5.346122889553989843 ) ) ;
#3651 = DIRECTION ( 'NONE',  ( -0.1013022274283768842, 0.000000000000000000, 0.9948556974345823534 ) ) ;
#3652 = ORIENTED_EDGE ( 'NONE', *, *, #1117, .T. ) ;
#3653 = LINE ( 'NONE', #3240, #66 ) ;
#3654 = DIRECTION ( 'NONE',  ( 0.7463150875864126288, 0.000000000000000000, 0.6655928109894857503 ) ) ;
#3655 = LINE ( 'NONE', #3329, #3660 ) ;
#3656 = CIRCLE ( 'NONE', #4152, 18.49938265908035007 ) ;
#3657 = ORIENTED_EDGE ( 'NONE', *, *, #1476, .F. ) ;
#3658 = CARTESIAN_POINT ( 'NONE',  ( -4.074965755494868169, 30.85919931313786080, 10.40454006122454267 ) ) ;
#3659 = EDGE_CURVE ( 'NONE', #3350, #3839, #2548, .T. ) ;
#3660 = VECTOR ( 'NONE', #2669, 1000.000000000000000 ) ;
#3661 = AXIS2_PLACEMENT_3D ( 'NONE', #2398, #3732, #409 ) ;
#3662 = ORIENTED_EDGE ( 'NONE', *, *, #1822, .F. ) ;
#3663 = LINE ( 'NONE', #109, #391 ) ;
#3664 = DIRECTION ( 'NONE',  ( 0.000000000000000000, 0.000000000000000000, -1.000000000000000000 ) ) ;
#3665 = AXIS2_PLACEMENT_3D ( 'NONE', #276, #3893, #3610 ) ;
#3666 = EDGE_CURVE ( 'NONE', #1250, #1065, #2665, .T. ) ;
#3667 = EDGE_CURVE ( 'NONE', #1525, #1817, #301, .T. ) ;
#3668 = DIRECTION ( 'NONE',  ( -0.000000000000000000, 1.000000000000000000, -0.000000000000000000 ) ) ;
#3669 = EDGE_LOOP ( 'NONE', ( #863, #2999, #3156, #3097 ) ) ;
#3670 = CIRCLE ( 'NONE', #1785, 1.599999865688976675 ) ;
#3671 = DIRECTION ( 'NONE',  ( -0.000000000000000000, -1.000000000000000000, -0.000000000000000000 ) ) ;
#3672 = ORIENTED_EDGE ( 'NONE', *, *, #3016, .T. ) ;
#3673 = DIRECTION ( 'NONE',  ( -0.000000000000000000, 1.000000000000000000, 0.000000000000000000 ) ) ;
#3674 = CARTESIAN_POINT ( 'NONE',  ( 7.176418544809854083, 20.86019931313785847, -8.022395237260900203 ) ) ;
#3675 = VECTOR ( 'NONE', #4129, 1000.000000000000000 ) ;
#3676 = ADVANCED_FACE ( 'NONE', ( #3983, #1907, #617, #1272, #3281, #281, #1581, #2606, #235, #1928, #2908, #1249, #4255, #2256, #3922, #920, #3592, #589, #4316, #1316, #979, #3049, #1728, #1376, #759, #1412, #1081, #2097, #3691, #1018, #709, #1768, #427, #405, #4086 ), #55, .F. ) ;
#3677 = VERTEX_POINT ( 'NONE', #15 ) ;
#3678 = DIRECTION ( 'NONE',  ( 0.000000000000000000, 0.000000000000000000, -1.000000000000000000 ) ) ;
#3679 = CARTESIAN_POINT ( 'NONE',  ( 11.05870096590540896, 20.86019931313785847, 1.601543237628608285 ) ) ;
#3680 = ORIENTED_EDGE ( 'NONE', *, *, #2255, .T. ) ;
#3681 = CARTESIAN_POINT ( 'NONE',  ( 21.76328174623001033, 17.85919931313785725, -49.31094774625861277 ) ) ;
#3682 = VECTOR ( 'NONE', #3609, 1000.000000000000000 ) ;
#3683 = ORIENTED_EDGE ( 'NONE', *, *, #1696, .T. ) ;
#3684 = CARTESIAN_POINT ( 'NONE',  ( -6.955635912344964922, 30.85919931313786080, 3.571215795018225503 ) ) ;
#3685 = DIRECTION ( 'NONE',  ( -0.000000000000000000, 1.000000000000000000, -0.000000000000000000 ) ) ;
#3686 = ORIENTED_EDGE ( 'NONE', *, *, #2144, .T. ) ;
#3687 = EDGE_LOOP ( 'NONE', ( #1938, #692, #48, #64 ) ) ;
#3688 = EDGE_CURVE ( 'NONE', #3450, #1899, #1392, .T. ) ;
#3689 = CARTESIAN_POINT ( 'NONE',  ( 0.000000000000000000, 12.85919931313785725, 0.000000000000000000 ) ) ;
#3690 = EDGE_CURVE ( 'NONE', #1229, #3443, #3094, .T. ) ;
#3691 = FACE_BOUND ( 'NONE', #2203, .T. ) ;
#3692 = CIRCLE ( 'NONE', #4263, 1.500000000000000666 ) ;
#3693 = ORIENTED_EDGE ( 'NONE', *, *, #2654, .T. ) ;
#3694 = CARTESIAN_POINT ( 'NONE',  ( 7.412201985409108573, 20.86019931313785847, -3.786311412648991848 ) ) ;
#3695 = ADVANCED_FACE ( 'NONE', ( #673 ), #2722, .T. ) ;
#3696 = CARTESIAN_POINT ( 'NONE',  ( -18.97725866554199214, 17.85919931313785369, 42.99841454683050301 ) ) ;
#3697 = VERTEX_POINT ( 'NONE', #383 ) ;
#3698 = LINE ( 'NONE', #2290, #1896 ) ;
#3699 = DIRECTION ( 'NONE',  ( 0.000000000000000000, 1.000000000000000000, 0.000000000000000000 ) ) ;
#3700 = ORIENTED_EDGE ( 'NONE', *, *, #2549, .F. ) ;
#3701 = CIRCLE ( 'NONE', #3843, 0.9999999999999887867 ) ;
#3702 = ORIENTED_EDGE ( 'NONE', *, *, #1751, .T. ) ;
#3703 = FACE_BOUND ( 'NONE', #2800, .T. ) ;
#3704 = CARTESIAN_POINT ( 'NONE',  ( 15.97681470772326762, 12.85919931313785725, -9.325693033880128269 ) ) ;
#3705 = ORIENTED_EDGE ( 'NONE', *, *, #621, .T. ) ;
#3706 = ORIENTED_EDGE ( 'NONE', *, *, #343, .F. ) ;
#3707 = CARTESIAN_POINT ( 'NONE',  ( 9.412352177415431953, 30.85919931313786080, -6.022245045254573270 ) ) ;
#3708 = CARTESIAN_POINT ( 'NONE',  ( -20.10081521546007721, 12.85919931313785725, -8.871451976831485453 ) ) ;
#3709 = EDGE_CURVE ( 'NONE', #815, #1065, #1922, .T. ) ;
#3710 = ORIENTED_EDGE ( 'NONE', *, *, #3205, .F. ) ;
#3711 = DIRECTION ( 'NONE',  ( 0.000000000000000000, -1.000000000000000000, 0.000000000000000000 ) ) ;
#3712 = CARTESIAN_POINT ( 'NONE',  ( -11.15453926701302123, 17.85919931313785725, -1.660343305112166989 ) ) ;
#3713 = ADVANCED_FACE ( 'NONE', ( #2392 ), #3431, .F. ) ;
#3714 = ORIENTED_EDGE ( 'NONE', *, *, #2860, .T. ) ;
#3715 = CARTESIAN_POINT ( 'NONE',  ( -8.005313096291134300, 30.85919931313786080, -6.795817125485227095 ) ) ;
#3716 = ORIENTED_EDGE ( 'NONE', *, *, #2223, .F. ) ;
#3717 = AXIS2_PLACEMENT_3D ( 'NONE', #3858, #1546, #4240 ) ;
#3718 = ADVANCED_FACE ( 'NONE', ( #1037 ), #2050, .F. ) ;
#3719 = VERTEX_POINT ( 'NONE', #1704 ) ;
#3720 = FACE_BOUND ( 'NONE', #425, .T. ) ;
#3721 = CIRCLE ( 'NONE', #3379, 0.9999999999999887867 ) ;
#3722 = FACE_OUTER_BOUND ( 'NONE', #555, .T. ) ;
#3723 = ORIENTED_EDGE ( 'NONE', *, *, #921, .F. ) ;
#3724 = ORIENTED_EDGE ( 'NONE', *, *, #1151, .T. ) ;
#3725 = VECTOR ( 'NONE', #171, 1000.000000000000000 ) ;
#3726 = DIRECTION ( 'NONE',  ( -0.000000000000000000, 1.000000000000000000, -0.000000000000000000 ) ) ;
#3727 = DIRECTION ( 'NONE',  ( 0.000000000000000000, 0.000000000000000000, -1.000000000000000000 ) ) ;
#3728 = AXIS2_PLACEMENT_3D ( 'NONE', #230, #4226, #1219 ) ;
#3729 = VECTOR ( 'NONE', #3270, 1000.000000000000000 ) ;
#3730 = ORIENTED_EDGE ( 'NONE', *, *, #2936, .F. ) ;
#3731 = CARTESIAN_POINT ( 'NONE',  ( 7.412201985409108573, 17.85919931313785725, -3.786311412648991848 ) ) ;
#3732 = DIRECTION ( 'NONE',  ( -0.000000000000000000, 1.000000000000000000, -0.000000000000000000 ) ) ;
#3733 = AXIS2_PLACEMENT_3D ( 'NONE', #3679, #3284, #2634 ) ;
#3734 = ORIENTED_EDGE ( 'NONE', *, *, #3911, .F. ) ;
#3735 = CARTESIAN_POINT ( 'NONE',  ( 2.225758709196706153, 17.85919931313785725, -20.25844085344148837 ) ) ;
#3736 = VERTEX_POINT ( 'NONE', #3008 ) ;
#3737 = CARTESIAN_POINT ( 'NONE',  ( -2.514031220247861409, 30.85919931313786080, -5.321995722304450283 ) ) ;
#3738 = ADVANCED_FACE ( 'NONE', ( #2708 ), #3385, .F. ) ;
#3739 = EDGE_CURVE ( 'NONE', #2191, #1667, #590, .T. ) ;
#3740 = DIRECTION ( 'NONE',  ( -0.000000000000000000, 1.000000000000000000, -0.000000000000000000 ) ) ;
#3741 = ORIENTED_EDGE ( 'NONE', *, *, #2677, .F. ) ;
#3742 = AXIS2_PLACEMENT_3D ( 'NONE', #2942, #1971, #614 ) ;
#3743 = AXIS2_PLACEMENT_3D ( 'NONE', #3474, #3794, #799 ) ;
#3744 = DIRECTION ( 'NONE',  ( 0.000000000000000000, -1.000000000000000000, 0.000000000000000000 ) ) ;
#3745 = EDGE_CURVE ( 'NONE', #1612, #1807, #236, .T. ) ;
#3746 = FACE_BOUND ( 'NONE', #3902, .T. ) ;
#3747 = DIRECTION ( 'NONE',  ( 0.000000000000000000, -1.000000000000000000, 0.000000000000000000 ) ) ;
#3748 = ORIENTED_EDGE ( 'NONE', *, *, #4094, .T. ) ;
#3749 = ORIENTED_EDGE ( 'NONE', *, *, #2166, .F. ) ;
#3750 = CARTESIAN_POINT ( 'NONE',  ( 0.000000000000000000, 17.85919931313785725, 0.000000000000000000 ) ) ;
#3751 = DIRECTION ( 'NONE',  ( 0.2125559506843238966, 0.000000000000000000, 0.9771488974709449105 ) ) ;
#3752 = DIRECTION ( 'NONE',  ( -0.5041083373289025893, 0.000000000000000000, -0.8636404253133879161 ) ) ;
#3753 = DIRECTION ( 'NONE',  ( -0.000000000000000000, 1.000000000000000000, 0.000000000000000000 ) ) ;
#3754 = ORIENTED_EDGE ( 'NONE', *, *, #429, .T. ) ;
#3755 = DIRECTION ( 'NONE',  ( 0.000000000000000000, 0.000000000000000000, -1.000000000000000000 ) ) ;
#3756 = FACE_OUTER_BOUND ( 'NONE', #999, .T. ) ;
#3757 = DIRECTION ( 'NONE',  ( 0.000000000000000000, -1.000000000000000000, 0.000000000000000000 ) ) ;
#3758 = ORIENTED_EDGE ( 'NONE', *, *, #2013, .T. ) ;
#3759 = VERTEX_POINT ( 'NONE', #360 ) ;
#3760 = DIRECTION ( 'NONE',  ( -0.000000000000000000, 1.000000000000000000, 0.000000000000000000 ) ) ;
#3762 = EDGE_CURVE ( 'NONE', #777, #4277, #3410, .T. ) ;
#3761 = DIRECTION ( 'NONE',  ( 0.000000000000000000, -1.000000000000000000, 0.000000000000000000 ) ) ;
#3763 = ORIENTED_EDGE ( 'NONE', *, *, #2089, .T. ) ;
#3764 = EDGE_CURVE ( 'NONE', #3004, #1769, #377, .T. ) ;
#3765 = DIRECTION ( 'NONE',  ( 0.000000000000000000, -0.000000000000000000, -1.000000000000000000 ) ) ;
#3766 = CARTESIAN_POINT ( 'NONE',  ( -5.412115731844795441, 17.85919931313785725, -8.304235976146003395 ) ) ;
#3767 = AXIS2_PLACEMENT_3D ( 'NONE', #2036, #1084, #3366 ) ;
#3768 = DIRECTION ( 'NONE',  ( 0.000000000000000000, 0.000000000000000000, -1.000000000000000000 ) ) ;
#3769 = DIRECTION ( 'NONE',  ( 0.000000000000000000, 0.000000000000000000, -1.000000000000000000 ) ) ;
#3770 = VERTEX_POINT ( 'NONE', #2467 ) ;
#3771 = EDGE_CURVE ( 'NONE', #1551, #3212, #1070, .T. ) ;
#3772 = AXIS2_PLACEMENT_3D ( 'NONE', #3291, #1917, #1592 ) ;
#3773 = EDGE_LOOP ( 'NONE', ( #3683, #3481, #1129, #1748 ) ) ;
#3774 = DIRECTION ( 'NONE',  ( 0.000000000000000000, -1.000000000000000000, 0.000000000000000000 ) ) ;
#3775 = DIRECTION ( 'NONE',  ( 0.000000000000000000, -1.000000000000000000, 0.000000000000000000 ) ) ;
#3776 = AXIS2_PLACEMENT_3D ( 'NONE', #1647, #3943, #1952 ) ;
#3777 = EDGE_CURVE ( 'NONE', #3023, #381, #2752, .T. ) ;
#3778 = ORIENTED_EDGE ( 'NONE', *, *, #3856, .T. ) ;
#3779 = CARTESIAN_POINT ( 'NONE',  ( 21.76328174623001033, 17.85919931313785725, -49.31094774625861277 ) ) ;
#3780 = DIRECTION ( 'NONE',  ( 0.1013022274283774671, 0.000000000000000000, -0.9948556974345823534 ) ) ;
#3781 = ORIENTED_EDGE ( 'NONE', *, *, #291, .T. ) ;
#3782 = ORIENTED_EDGE ( 'NONE', *, *, #2, .T. ) ;
#3783 = DIRECTION ( 'NONE',  ( 0.000000000000000000, 0.000000000000000000, -1.000000000000000000 ) ) ;
#3784 = CARTESIAN_POINT ( 'NONE',  ( -18.40701944724912309, 12.85919931313785725, -1.846291915076125001 ) ) ;
#3785 = ORIENTED_EDGE ( 'NONE', *, *, #1421, .T. ) ;
#3786 = DIRECTION ( 'NONE',  ( -0.000000000000000000, 1.000000000000000000, -0.000000000000000000 ) ) ;
#3787 = AXIS2_PLACEMENT_3D ( 'NONE', #927, #2528, #1187 ) ;
#3788 = CARTESIAN_POINT ( 'NONE',  ( -8.005313096291134300, 20.86019931313785847, -7.795817125485216437 ) ) ;
#3789 = DIRECTION ( 'NONE',  ( 0.000000000000000000, 0.000000000000000000, -1.000000000000000000 ) ) ;
#3790 = AXIS2_PLACEMENT_3D ( 'NONE', #1508, #4184, #1858 ) ;
#3791 = DIRECTION ( 'NONE',  ( 0.000000000000000000, 0.000000000000000000, -1.000000000000000000 ) ) ;
#3792 = ORIENTED_EDGE ( 'NONE', *, *, #2255, .F. ) ;
#3793 = ORIENTED_EDGE ( 'NONE', *, *, #2407, .T. ) ;
#3794 = DIRECTION ( 'NONE',  ( -0.000000000000000000, 1.000000000000000000, -0.000000000000000000 ) ) ;
#3795 = CARTESIAN_POINT ( 'NONE',  ( -4.887340320789482107, 20.86019931313785847, 1.055415754841304565 ) ) ;
#3796 = EDGE_CURVE ( 'NONE', #1588, #1652, #3316, .T. ) ;
#3797 = EDGE_CURVE ( 'NONE', #3127, #1390, #4111, .T. ) ;
#3798 = CARTESIAN_POINT ( 'NONE',  ( 5.891492548166014309, 17.85919931313785725, 4.879388158572325551 ) ) ;
#3799 = AXIS2_PLACEMENT_3D ( 'NONE', #3708, #3027, #4063 ) ;
#3800 = ORIENTED_EDGE ( 'NONE', *, *, #3210, .T. ) ;
#3801 = DIRECTION ( 'NONE',  ( -0.1013022274283768842, 0.000000000000000000, 0.9948556974345823534 ) ) ;
#3802 = CARTESIAN_POINT ( 'NONE',  ( 9.847386582998350235, 17.85919931313785725, 3.346122889553997837 ) ) ;
#3803 = ADVANCED_FACE ( 'NONE', ( #2859 ), #1880, .F. ) ;
#3804 = VECTOR ( 'NONE', #2493, 1000.000000000000000 ) ;
#3805 = ORIENTED_EDGE ( 'NONE', *, *, #1452, .F. ) ;
#3806 = ORIENTED_EDGE ( 'NONE', *, *, #273, .T. ) ;
#3807 = VECTOR ( 'NONE', #1890, 1000.000000000000114 ) ;
#3808 = CARTESIAN_POINT ( 'NONE',  ( -0.000000000000000000, 17.85919931313785725, -0.000000000000000000 ) ) ;
#3809 = CARTESIAN_POINT ( 'NONE',  ( 0.000000000000000000, 20.85919931313785725, 0.000000000000000000 ) ) ;
#3810 = AXIS2_PLACEMENT_3D ( 'NONE', #4244, #3909, #3271 ) ;
#3811 = ORIENTED_EDGE ( 'NONE', *, *, #1853, .T. ) ;
#3812 = DIRECTION ( 'NONE',  ( 0.000000000000000000, 0.000000000000000000, -1.000000000000000000 ) ) ;
#3813 = FACE_OUTER_BOUND ( 'NONE', #737, .T. ) ;
#3814 = FACE_BOUND ( 'NONE', #4109, .T. ) ;
#3815 = CARTESIAN_POINT ( 'NONE',  ( 2.940334720197848473, 30.85919931313786080, -7.786611796661651930 ) ) ;
#3816 = AXIS2_PLACEMENT_3D ( 'NONE', #2226, #2900, #2247 ) ;
#3817 = AXIS2_PLACEMENT_3D ( 'NONE', #2624, #1665, #1599 ) ;
#3818 = CARTESIAN_POINT ( 'NONE',  ( -5.412115731844795441, 30.85919931313786080, -9.304235976145990961 ) ) ;
#3819 = EDGE_LOOP ( 'NONE', ( #2527, #44 ) ) ;
#3820 = ORIENTED_EDGE ( 'NONE', *, *, #894, .T. ) ;
#3821 = DIRECTION ( 'NONE',  ( 0.000000000000000000, 0.000000000000000000, -1.000000000000000000 ) ) ;
#3822 = LINE ( 'NONE', #1104, #1361 ) ;
#3823 = EDGE_CURVE ( 'NONE', #1614, #1435, #3822, .T. ) ;
#3824 = EDGE_CURVE ( 'NONE', #3501, #3362, #1923, .T. ) ;
#3825 = EDGE_LOOP ( 'NONE', ( #129, #4332 ) ) ;
#3826 = DIRECTION ( 'NONE',  ( 0.000000000000000000, 1.000000000000000000, 0.000000000000000000 ) ) ;
#3827 = DIRECTION ( 'NONE',  ( 0.000000000000000000, 1.000000000000000000, 0.000000000000000000 ) ) ;
#3828 = DIRECTION ( 'NONE',  ( 0.000000000000000000, -1.000000000000000000, 0.000000000000000000 ) ) ;
#3829 = EDGE_LOOP ( 'NONE', ( #4138, #3805 ) ) ;
#3830 = EDGE_CURVE ( 'NONE', #1919, #3565, #1780, .T. ) ;
#3831 = ORIENTED_EDGE ( 'NONE', *, *, #882, .T. ) ;
#3832 = DIRECTION ( 'NONE',  ( 0.8636404253133878051, 0.000000000000000000, -0.5041083373289024783 ) ) ;
#3833 = DIRECTION ( 'NONE',  ( 0.000000000000000000, -1.000000000000000000, 0.000000000000000000 ) ) ;
#3834 = ORIENTED_EDGE ( 'NONE', *, *, #1415, .F. ) ;
#3835 = FACE_OUTER_BOUND ( 'NONE', #1964, .T. ) ;
#3836 = CYLINDRICAL_SURFACE ( 'NONE', #101, 0.9999999999999887867 ) ;
#3837 = CARTESIAN_POINT ( 'NONE',  ( -6.955635912344964922, 20.86019931313785847, 3.571215795018225503 ) ) ;
#3838 = VERTEX_POINT ( 'NONE', #3539 ) ;
#3839 = VERTEX_POINT ( 'NONE', #802 ) ;
#3840 = FACE_OUTER_BOUND ( 'NONE', #1114, .T. ) ;
#3841 = DIRECTION ( 'NONE',  ( 0.000000000000000000, 1.000000000000000000, 0.000000000000000000 ) ) ;
#3842 = FILL_AREA_STYLE_COLOUR ( '', #1726 ) ;
#3843 = AXIS2_PLACEMENT_3D ( 'NONE', #3731, #2397, #1395 ) ;
#3844 = ORIENTED_EDGE ( 'NONE', *, *, #2223, .T. ) ;
#3845 = AXIS2_PLACEMENT_3D ( 'NONE', #1439, #1836, #2776 ) ;
#3846 = CARTESIAN_POINT ( 'NONE',  ( -7.013047727110236274, 17.85919931313785725, -32.23994356494995372 ) ) ;
#3847 = LINE ( 'NONE', #1837, #3725 ) ;
#3848 = CIRCLE ( 'NONE', #2798, 1.499999999999997335 ) ;
#3849 = EDGE_CURVE ( 'NONE', #809, #3106, #3028, .T. ) ;
#3850 = EDGE_CURVE ( 'NONE', #1877, #2891, #1995, .T. ) ;
#3851 = ORIENTED_EDGE ( 'NONE', *, *, #2172, .T. ) ;
#3852 = ORIENTED_EDGE ( 'NONE', *, *, #4217, .F. ) ;
#3853 = CYLINDRICAL_SURFACE ( 'NONE', #2052, 0.9999999999999887867 ) ;
#3854 = DIRECTION ( 'NONE',  ( 0.000000000000000000, 0.000000000000000000, -1.000000000000000000 ) ) ;
#3855 = EDGE_CURVE ( 'NONE', #1918, #3759, #2772, .T. ) ;
#3856 = EDGE_CURVE ( 'NONE', #180, #2112, #311, .T. ) ;
#3857 = ORIENTED_EDGE ( 'NONE', *, *, #3407, .F. ) ;
#3858 = CARTESIAN_POINT ( 'NONE',  ( 7.412201985409108573, 20.86019931313785847, -3.786311412648991848 ) ) ;
#3859 = DIRECTION ( 'NONE',  ( 0.000000000000000000, -1.000000000000000000, 0.000000000000000000 ) ) ;
#3860 = EDGE_CURVE ( 'NONE', #1262, #4277, #2200, .T. ) ;
#3861 = LINE ( 'NONE', #818, #3675 ) ;
#3862 = LINE ( 'NONE', #2789, #1675 ) ;
#3863 = ORIENTED_EDGE ( 'NONE', *, *, #1209, .T. ) ;
#3864 = EDGE_LOOP ( 'NONE', ( #1333, #3050 ) ) ;
#3865 = CARTESIAN_POINT ( 'NONE',  ( -8.005313096291134300, 30.85919931313786080, -7.795817125485216437 ) ) ;
#3866 = CIRCLE ( 'NONE', #2188, 1.000000000000002665 ) ;
#3867 = DIRECTION ( 'NONE',  ( -0.000000000000000000, 1.000000000000000000, -0.000000000000000000 ) ) ;
#3868 = AXIS2_PLACEMENT_3D ( 'NONE', #2417, #321, #672 ) ;
#3869 = VERTEX_POINT ( 'NONE', #1791 ) ;
#3870 = DIRECTION ( 'NONE',  ( 0.000000000000000000, 0.000000000000000000, -1.000000000000000000 ) ) ;
#3871 = DIRECTION ( 'NONE',  ( -0.000000000000000000, 1.000000000000000000, -0.000000000000000000 ) ) ;
#3872 = VECTOR ( 'NONE', #2152, 1000.000000000000000 ) ;
#3873 = AXIS2_PLACEMENT_3D ( 'NONE', #2969, #3567, #3651 ) ;
#3874 = ORIENTED_EDGE ( 'NONE', *, *, #2468, .T. ) ;
#3875 = ORIENTED_EDGE ( 'NONE', *, *, #2349, .F. ) ;
#3876 = CYLINDRICAL_SURFACE ( 'NONE', #3165, 1.599999865688976675 ) ;
#3877 = DIRECTION ( 'NONE',  ( 0.000000000000000000, -1.000000000000000000, 0.000000000000000000 ) ) ;
#3878 = AXIS2_PLACEMENT_3D ( 'NONE', #2444, #145, #1195 ) ;
#3879 = ORIENTED_EDGE ( 'NONE', *, *, #1904, .T. ) ;
#3880 = DIRECTION ( 'NONE',  ( 0.000000000000000000, 0.000000000000000000, -1.000000000000000000 ) ) ;
#3881 = AXIS2_PLACEMENT_3D ( 'NONE', #2950, #4324, #2262 ) ;
#3882 = CARTESIAN_POINT ( 'NONE',  ( 32.82915934247332501, 12.85919931313785725, 3.292885719301651637 ) ) ;
#3883 = AXIS2_PLACEMENT_3D ( 'NONE', #2413, #1407, #3995 ) ;
#3884 = EDGE_CURVE ( 'NONE', #1072, #2502, #2826, .T. ) ;
#3885 = EDGE_CURVE ( 'NONE', #3438, #3593, #447, .T. ) ;
#3886 = CIRCLE ( 'NONE', #3810, 0.9999999999999961142 ) ;
#3887 = VECTOR ( 'NONE', #2449, 1000.000000000000000 ) ;
#3888 = ORIENTED_EDGE ( 'NONE', *, *, #1476, .T. ) ;
#3889 = ORIENTED_EDGE ( 'NONE', *, *, #1387, .F. ) ;
#3890 = DIRECTION ( 'NONE',  ( -0.000000000000000000, 1.000000000000000000, -0.000000000000000000 ) ) ;
#3891 = ORIENTED_EDGE ( 'NONE', *, *, #1370, .T. ) ;
#3892 = DIRECTION ( 'NONE',  ( 0.000000000000000000, 0.000000000000000000, -1.000000000000000000 ) ) ;
#3893 = DIRECTION ( 'NONE',  ( -0.000000000000000000, 1.000000000000000000, 0.000000000000000000 ) ) ;
#3894 = CARTESIAN_POINT ( 'NONE',  ( 0.000000000000000000, 12.85919931313785725, 0.000000000000000000 ) ) ;
#3895 = VECTOR ( 'NONE', #2730, 1000.000000000000000 ) ;
#3896 = AXIS2_PLACEMENT_3D ( 'NONE', #2662, #338, #3005 ) ;
#3897 = AXIS2_PLACEMENT_3D ( 'NONE', #1617, #4289, #1284 ) ;
#3898 = EDGE_LOOP ( 'NONE', ( #1232, #352, #688, #1100 ) ) ;
#3899 = CARTESIAN_POINT ( 'NONE',  ( -4.074965755494868169, 30.85919931313786080, 9.404540061224555103 ) ) ;
#3900 = PLANE ( 'NONE',  #2956 ) ;
#3901 = EDGE_LOOP ( 'NONE', ( #2024, #2985, #284, #1926 ) ) ;
#3902 = EDGE_LOOP ( 'NONE', ( #3754, #3214 ) ) ;
#3903 = DIRECTION ( 'NONE',  ( 0.000000000000000000, -1.000000000000000000, 0.000000000000000000 ) ) ;
#3904 = CARTESIAN_POINT ( 'NONE',  ( 7.176418544809854083, 30.85919931313786080, -9.022395237260889544 ) ) ;
#3905 = CIRCLE ( 'NONE', #2020, 0.9999999999999887867 ) ;
#3906 = ORIENTED_EDGE ( 'NONE', *, *, #894, .F. ) ;
#3907 = DIRECTION ( 'NONE',  ( 0.000000000000000000, 0.000000000000000000, -1.000000000000000000 ) ) ;
#3908 = AXIS2_PLACEMENT_3D ( 'NONE', #2157, #3181, #3791 ) ;
#3909 = DIRECTION ( 'NONE',  ( -0.000000000000000000, 1.000000000000000000, -0.000000000000000000 ) ) ;
#3910 = EDGE_CURVE ( 'NONE', #1807, #1612, #1147, .T. ) ;
#3911 = EDGE_CURVE ( 'NONE', #1863, #1072, #470, .T. ) ;
#3912 = DIRECTION ( 'NONE',  ( 0.000000000000000000, -1.000000000000000000, 0.000000000000000000 ) ) ;
#3913 = ORIENTED_EDGE ( 'NONE', *, *, #1613, .T. ) ;
#3914 = CARTESIAN_POINT ( 'NONE',  ( 2.198075111397766790, 20.86019931313785847, 9.027786333491066628 ) ) ;
#3915 = ORIENTED_EDGE ( 'NONE', *, *, #2720, .F. ) ;
#3916 = CARTESIAN_POINT ( 'NONE',  ( -5.412115731844795441, 30.85919931313786080, -9.304235976145990961 ) ) ;
#3917 = CYLINDRICAL_SURFACE ( 'NONE', #659, 1.000000000000003553 ) ;
#3918 = EDGE_CURVE ( 'NONE', #482, #2125, #1149, .T. ) ;
#3919 = CARTESIAN_POINT ( 'NONE',  ( 0.000000000000000000, 12.85919931313785725, 0.000000000000000000 ) ) ;
#3920 = ORIENTED_EDGE ( 'NONE', *, *, #1772, .T. ) ;
#3921 = FACE_OUTER_BOUND ( 'NONE', #1448, .T. ) ;
#3922 = FACE_BOUND ( 'NONE', #3502, .T. ) ;
#3923 = EDGE_CURVE ( 'NONE', #151, #1863, #4305, .T. ) ;
#3924 = AXIS2_PLACEMENT_3D ( 'NONE', #4323, #4336, #3283 ) ;
#3925 = ORIENTED_EDGE ( 'NONE', *, *, #375, .T. ) ;
#3926 = EDGE_LOOP ( 'NONE', ( #271, #4280, #1658, #4041 ) ) ;
#3927 = DIRECTION ( 'NONE',  ( 0.000000000000000000, 0.000000000000000000, -1.000000000000000000 ) ) ;
#3928 = AXIS2_PLACEMENT_3D ( 'NONE', #3405, #1745, #3062 ) ;
#3929 = DIRECTION ( 'NONE',  ( 0.000000000000000000, 0.000000000000000000, -1.000000000000000000 ) ) ;
#3930 = CIRCLE ( 'NONE', #2034, 0.9999999999999817923 ) ;
#3931 = ORIENTED_EDGE ( 'NONE', *, *, #1317, .F. ) ;
#3932 = DIRECTION ( 'NONE',  ( 0.000000000000000000, 0.000000000000000000, -1.000000000000000000 ) ) ;
#3933 = CYLINDRICAL_SURFACE ( 'NONE', #1931, 0.9999999999999817923 ) ;
#3934 = CARTESIAN_POINT ( 'NONE',  ( 2.143131898507868248E-15, 0.000000000000000000, 17.50000000000000000 ) ) ;
#3935 = EDGE_LOOP ( 'NONE', ( #3079, #4223, #258, #88 ) ) ;
#3936 = DIRECTION ( 'NONE',  ( 0.000000000000000000, 0.000000000000000000, -1.000000000000000000 ) ) ;
#3937 = DIRECTION ( 'NONE',  ( 0.000000000000000000, -1.000000000000000000, 0.000000000000000000 ) ) ;
#3938 = CARTESIAN_POINT ( 'NONE',  ( -8.005313096291134300, 30.85919931313786080, -7.795817125485216437 ) ) ;
#3939 = AXIS2_PLACEMENT_3D ( 'NONE', #2612, #1526, #181 ) ;
#3940 = DIRECTION ( 'NONE',  ( -0.000000000000000000, 1.000000000000000000, -0.000000000000000000 ) ) ;
#3941 = ORIENTED_EDGE ( 'NONE', *, *, #3855, .T. ) ;
#3942 = ADVANCED_FACE ( 'NONE', ( #1859 ), #4251, .F. ) ;
#3943 = DIRECTION ( 'NONE',  ( -0.000000000000000000, 1.000000000000000000, 0.000000000000000000 ) ) ;
#3944 = EDGE_CURVE ( 'NONE', #3449, #1565, #3604, .T. ) ;
#3945 = CARTESIAN_POINT ( 'NONE',  ( 0.000000000000000000, 17.85919931313785725, 75.00000000000001421 ) ) ;
#3946 = AXIS2_PLACEMENT_3D ( 'NONE', #3707, #74, #1668 ) ;
#3947 = EDGE_LOOP ( 'NONE', ( #1047, #1774, #203, #888 ) ) ;
#3948 = CARTESIAN_POINT ( 'NONE',  ( -20.10081521546007721, 17.85919931313785725, -8.871451976831485453 ) ) ;
#3949 = ADVANCED_FACE ( 'NONE', ( #2644 ), #3585, .F. ) ;
#3950 = CARTESIAN_POINT ( 'NONE',  ( 4.940484912204182066, 17.85919931313785725, -10.02254542926733727 ) ) ;
#3951 = EDGE_LOOP ( 'NONE', ( #3863, #1351 ) ) ;
#3952 = LINE ( 'NONE', #3529, #1635 ) ;
#3953 = CIRCLE ( 'NONE', #2824, 1.599999865687928846 ) ;
#3954 = CARTESIAN_POINT ( 'NONE',  ( 28.49485748239399285, 12.85919931313785725, -16.63249519921587094 ) ) ;
#3955 = CARTESIAN_POINT ( 'NONE',  ( 8.636072200091403417, 30.85919931313786080, 7.090702541479282139 ) ) ;
#3956 = ORIENTED_EDGE ( 'NONE', *, *, #533, .F. ) ;
#3957 = ORIENTED_EDGE ( 'NONE', *, *, #1532, .T. ) ;
#3958 = CARTESIAN_POINT ( 'NONE',  ( 11.05870096590540896, 17.85919931313785725, 2.601543237628604288 ) ) ;
#3959 = DIRECTION ( 'NONE',  ( 0.000000000000000000, -0.000000000000000000, -1.000000000000000000 ) ) ;
#3960 = AXIS2_PLACEMENT_3D ( 'NONE', #928, #1591, #606 ) ;
#3961 = DIRECTION ( 'NONE',  ( 0.000000000000000000, 0.000000000000000000, -1.000000000000000000 ) ) ;
#3962 = ORIENTED_EDGE ( 'NONE', *, *, #477, .F. ) ;
#3963 = DIRECTION ( 'NONE',  ( -0.000000000000000000, 1.000000000000000000, -0.000000000000000000 ) ) ;
#3964 = DIRECTION ( 'NONE',  ( 0.000000000000000000, 0.000000000000000000, -1.000000000000000000 ) ) ;
#3965 = ADVANCED_FACE ( 'NONE', ( #255 ), #3917, .F. ) ;
#3966 = PRESENTATION_LAYER_ASSIGNMENT (  '', '', ( #3540 ) ) ;
#3967 = VECTOR ( 'NONE', #2002, 1000.000000000000000 ) ;
#3968 = CIRCLE ( 'NONE', #2077, 1.000000000000001776 ) ;
#3969 = ORIENTED_EDGE ( 'NONE', *, *, #1960, .F. ) ;
#3970 = CYLINDRICAL_SURFACE ( 'NONE', #560, 1.599999865687928846 ) ;
#3971 = FACE_OUTER_BOUND ( 'NONE', #1352, .T. ) ;
#3972 = ADVANCED_FACE ( 'NONE', ( #2250 ), #3296, .F. ) ;
#3973 = EDGE_LOOP ( 'NONE', ( #3680, #899 ) ) ;
#3974 = DIRECTION ( 'NONE',  ( 0.000000000000000000, 0.000000000000000000, -1.000000000000000000 ) ) ;
#3975 = CARTESIAN_POINT ( 'NONE',  ( -11.59499655816481578, 17.85919931313785725, -5.117427116932242726 ) ) ;
#3976 = ORIENTED_EDGE ( 'NONE', *, *, #3369, .T. ) ;
#3977 = FACE_OUTER_BOUND ( 'NONE', #3347, .T. ) ;
#3978 = DIRECTION ( 'NONE',  ( -0.000000000000000000, 1.000000000000000000, -0.000000000000000000 ) ) ;
#3979 = CARTESIAN_POINT ( 'NONE',  ( 0.000000000000000000, 12.85919931313785725, 0.000000000000000000 ) ) ;
#3980 = CARTESIAN_POINT ( 'NONE',  ( 21.47640974849846529, 17.85919931313785725, -4.637807328665304318 ) ) ;
#3981 = VERTEX_POINT ( 'NONE', #2960 ) ;
#3982 = DIRECTION ( 'NONE',  ( 0.000000000000000000, 1.000000000000000000, 0.000000000000000000 ) ) ;
#3983 = FACE_BOUND ( 'NONE', #2396, .T. ) ;
#3984 = ORIENTED_EDGE ( 'NONE', *, *, #3101, .T. ) ;
#3985 = DIRECTION ( 'NONE',  ( 0.000000000000000000, 0.000000000000000000, -1.000000000000000000 ) ) ;
#3986 = CARTESIAN_POINT ( 'NONE',  ( 2.198075111397766790, 17.85919931313785725, 7.027786333491060411 ) ) ;
#3987 = EDGE_CURVE ( 'NONE', #2626, #1495, #2312, .T. ) ;
#3988 = VERTEX_POINT ( 'NONE', #646 ) ;
#3989 = CYLINDRICAL_SURFACE ( 'NONE', #2495, 0.9999999999999887867 ) ;
#3990 = AXIS2_PLACEMENT_3D ( 'NONE', #3591, #919, #1601 ) ;
#3991 = ADVANCED_FACE ( 'NONE', ( #4311 ), #611, .F. ) ;
#3992 = ADVANCED_FACE ( 'NONE', ( #2600, #2923 ), #4270, .T. ) ;
#3993 = ORIENTED_EDGE ( 'NONE', *, *, #3205, .T. ) ;
#3994 = DIRECTION ( 'NONE',  ( 0.000000000000000000, -1.000000000000000000, 0.000000000000000000 ) ) ;
#3995 = DIRECTION ( 'NONE',  ( 0.000000000000000000, 0.000000000000000000, -1.000000000000000000 ) ) ;
#3996 = DIRECTION ( 'NONE',  ( -0.000000000000000000, 1.000000000000000000, 0.000000000000000000 ) ) ;
#3997 = ORIENTED_EDGE ( 'NONE', *, *, #968, .T. ) ;
#3998 = DIRECTION ( 'NONE',  ( -0.000000000000000000, 1.000000000000000000, 0.000000000000000000 ) ) ;
#3999 = ORIENTED_EDGE ( 'NONE', *, *, #3187, .F. ) ;
#4000 = FACE_OUTER_BOUND ( 'NONE', #989, .T. ) ;
#4001 = DIRECTION ( 'NONE',  ( 0.000000000000000000, 0.000000000000000000, -1.000000000000000000 ) ) ;
#4002 = AXIS2_PLACEMENT_3D ( 'NONE', #641, #1980, #350 ) ;
#4003 = LINE ( 'NONE', #3617, #4025 ) ;
#4004 = ORIENTED_EDGE ( 'NONE', *, *, #2308, .F. ) ;
#4005 = DIRECTION ( 'NONE',  ( 0.000000000000000000, 1.000000000000000000, 0.000000000000000000 ) ) ;
#4006 = FACE_OUTER_BOUND ( 'NONE', #1255, .T. ) ;
#4007 = AXIS2_PLACEMENT_3D ( 'NONE', #1148, #512, #426 ) ;
#4008 = ORIENTED_EDGE ( 'NONE', *, *, #269, .F. ) ;
#4009 = DIRECTION ( 'NONE',  ( 0.000000000000000000, -1.000000000000000000, 0.000000000000000000 ) ) ;
#4010 = AXIS2_PLACEMENT_3D ( 'NONE', #1437, #3364, #3727 ) ;
#4011 = ADVANCED_FACE ( 'NONE', ( #1574 ), #956, .F. ) ;
#4012 = ORIENTED_EDGE ( 'NONE', *, *, #2359, .T. ) ;
#4013 = EDGE_CURVE ( 'NONE', #1840, #3988, #516, .T. ) ;
#4014 = DIRECTION ( 'NONE',  ( 0.000000000000000000, -1.000000000000000000, 0.000000000000000000 ) ) ;
#4015 = CIRCLE ( 'NONE', #2131, 1.000000000000002665 ) ;
#4016 = VECTOR ( 'NONE', #1477, 1000.000000000000114 ) ;
#4017 = CARTESIAN_POINT ( 'NONE',  ( 1.975200558668177564E-07, 20.86019931313785847, -1.500000114893932146 ) ) ;
#4018 = EDGE_LOOP ( 'NONE', ( #2909, #1008 ) ) ;
#4019 = EDGE_CURVE ( 'NONE', #2194, #3024, #1987, .T. ) ;
#4020 = VECTOR ( 'NONE', #1631, 1000.000000000000000 ) ;
#4021 = CARTESIAN_POINT ( 'NONE',  ( 4.574299617395673145, 17.85919931313785725, 1.018857189951023035 ) ) ;
#4022 = EDGE_LOOP ( 'NONE', ( #2146, #4181 ) ) ;
#4023 = DIRECTION ( 'NONE',  ( -0.000000000000000000, 1.000000000000000000, -0.000000000000000000 ) ) ;
#4024 = DIRECTION ( 'NONE',  ( 0.000000000000000000, 1.000000000000000000, 0.000000000000000000 ) ) ;
#4025 = VECTOR ( 'NONE', #1651, 1000.000000000000000 ) ;
#4026 = VERTEX_POINT ( 'NONE', #1554 ) ;
#4027 = CARTESIAN_POINT ( 'NONE',  ( 0.000000000000000000, 12.85919931313785725, -0.000000000000000000 ) ) ;
#4028 = CYLINDRICAL_SURFACE ( 'NONE', #793, 1.864999999999994440 ) ;
#4029 = AXIS2_PLACEMENT_3D ( 'NONE', #424, #2680, #1747 ) ;
#4030 = ORIENTED_EDGE ( 'NONE', *, *, #3923, .F. ) ;
#4031 = CARTESIAN_POINT ( 'NONE',  ( -4.887340320789482107, 20.86019931313785847, 1.055415754841304565 ) ) ;
#4032 = ORIENTED_EDGE ( 'NONE', *, *, #1069, .F. ) ;
#4033 = ORIENTED_EDGE ( 'NONE', *, *, #102, .F. ) ;
#4034 = DIRECTION ( 'NONE',  ( 0.000000000000000000, 0.000000000000000000, -1.000000000000000000 ) ) ;
#4035 = DIRECTION ( 'NONE',  ( 0.000000000000000000, -1.000000000000000000, 0.000000000000000000 ) ) ;
#4036 = ADVANCED_FACE ( 'NONE', ( #893 ), #2229, .F. ) ;
#4037 = EDGE_CURVE ( 'NONE', #2501, #3182, #598, .T. ) ;
#4038 = CARTESIAN_POINT ( 'NONE',  ( 4.574299617395673145, 20.86019931313785847, 3.018857189951015041 ) ) ;
#4039 = ORIENTED_EDGE ( 'NONE', *, *, #1241, .T. ) ;
#4040 = CARTESIAN_POINT ( 'NONE',  ( 2.198075111397766790, 17.85919931313785725, 9.027786333491066628 ) ) ;
#4041 = ORIENTED_EDGE ( 'NONE', *, *, #2889, .F. ) ;
#4042 = DIRECTION ( 'NONE',  ( 0.000000000000000000, -1.000000000000000000, 0.000000000000000000 ) ) ;
#4043 = CARTESIAN_POINT ( 'NONE',  ( 8.475415659838510278E-16, 12.85919931313785725, -1.843628988053325259E-16 ) ) ;
#4044 = EDGE_CURVE ( 'NONE', #189, #2965, #2337, .T. ) ;
#4045 = DIRECTION ( 'NONE',  ( -0.000000000000000000, 1.000000000000000000, -0.000000000000000000 ) ) ;
#4046 = VERTEX_POINT ( 'NONE', #3561 ) ;
#4047 = FACE_OUTER_BOUND ( 'NONE', #2497, .T. ) ;
#4048 = DIRECTION ( 'NONE',  ( 0.000000000000000000, 1.000000000000000000, 0.000000000000000000 ) ) ;
#4049 = EDGE_CURVE ( 'NONE', #539, #1170, #295, .T. ) ;
#4050 = ORIENTED_EDGE ( 'NONE', *, *, #1234, .T. ) ;
#4051 = DIRECTION ( 'NONE',  ( 0.000000000000000000, 0.000000000000000000, -1.000000000000000000 ) ) ;
#4052 = VERTEX_POINT ( 'NONE', #335 ) ;
#4053 = AXIS2_PLACEMENT_3D ( 'NONE', #2301, #3637, #1606 ) ;
#4054 = ORIENTED_EDGE ( 'NONE', *, *, #3739, .T. ) ;
#4055 = CIRCLE ( 'NONE', #918, 0.9999999999999887867 ) ;
#4056 = CARTESIAN_POINT ( 'NONE',  ( -18.97725866554199214, 20.05919931313785654, 42.99841454683050301 ) ) ;
#4057 = VECTOR ( 'NONE', #3628, 1000.000000000000000 ) ;
#4058 = FACE_BOUND ( 'NONE', #1757, .T. ) ;
#4059 = CARTESIAN_POINT ( 'NONE',  ( 0.000000000000000000, 17.85919931313785725, 0.000000000000000000 ) ) ;
#4060 = EDGE_LOOP ( 'NONE', ( #1799, #2356 ) ) ;
#4061 = ORIENTED_EDGE ( 'NONE', *, *, #4013, .F. ) ;
#4062 = DIRECTION ( 'NONE',  ( -0.4023923348681298640, 0.000000000000000000, 0.9154673171879894600 ) ) ;
#4063 = DIRECTION ( 'NONE',  ( 0.000000000000000000, 0.000000000000000000, -1.000000000000000000 ) ) ;
#4064 = CARTESIAN_POINT ( 'NONE',  ( 6.372601501110166211, 17.85919931313785725, 12.55545339059881726 ) ) ;
#4065 = EDGE_CURVE ( 'NONE', #3988, #1840, #4015, .T. ) ;
#4066 = ADVANCED_FACE ( 'NONE', ( #685 ), #2026, .F. ) ;
#4067 = ORIENTED_EDGE ( 'NONE', *, *, #510, .T. ) ;
#4068 = CARTESIAN_POINT ( 'NONE',  ( -24.62383815581398139, 12.85919931313785725, -21.96049621411509278 ) ) ;
#4069 = DIRECTION ( 'NONE',  ( -0.000000000000000000, 1.000000000000000000, 0.000000000000000000 ) ) ;
#4070 = DIRECTION ( 'NONE',  ( -0.4023923348681301415, 0.000000000000000000, 0.9154673171879892379 ) ) ;
#4071 = VERTEX_POINT ( 'NONE', #991 ) ;
#4072 = EDGE_LOOP ( 'NONE', ( #2488, #3162 ) ) ;
#4073 = CYLINDRICAL_SURFACE ( 'NONE', #2843, 0.9999999999999887867 ) ;
#4074 = VECTOR ( 'NONE', #1315, 1000.000000000000000 ) ;
#4075 = DIRECTION ( 'NONE',  ( 0.000000000000000000, 1.000000000000000000, 0.000000000000000000 ) ) ;
#4076 = CARTESIAN_POINT ( 'NONE',  ( 4.940484912204182066, 20.86019931313785847, -10.02254542926733727 ) ) ;
#4077 = EDGE_LOOP ( 'NONE', ( #2382, #392, #265, #3962 ) ) ;
#4078 = FACE_BOUND ( 'NONE', #4335, .T. ) ;
#4079 = AXIS2_PLACEMENT_3D ( 'NONE', #4215, #4170, #3483 ) ;
#4080 = AXIS2_PLACEMENT_3D ( 'NONE', #1885, #2561, #1157 ) ;
#4081 = FACE_OUTER_BOUND ( 'NONE', #1450, .T. ) ;
#4082 = ORIENTED_EDGE ( 'NONE', *, *, #914, .T. ) ;
#4083 = ORIENTED_EDGE ( 'NONE', *, *, #674, .T. ) ;
#4084 = VECTOR ( 'NONE', #1174, 1000.000000000000000 ) ;
#4085 = CARTESIAN_POINT ( 'NONE',  ( -19.16618731969591494, 20.05919931313785654, 44.85382042254599355 ) ) ;
#4086 = FACE_OUTER_BOUND ( 'NONE', #796, .T. ) ;
#4087 = LINE ( 'NONE', #2616, #1374 ) ;
#4088 = AXIS2_PLACEMENT_3D ( 'NONE', #3550, #4144, #4236 ) ;
#4089 = ORIENTED_EDGE ( 'NONE', *, *, #4013, .T. ) ;
#4090 = CARTESIAN_POINT ( 'NONE',  ( -2.818918367398545843, 20.86019931313785847, -10.81265482680686318 ) ) ;
#4091 = CARTESIAN_POINT ( 'NONE',  ( -50.98871417306505549, 20.85919931313785725, -24.06310821431805635 ) ) ;
#4092 = CIRCLE ( 'NONE', #1078, 0.9999999999999887867 ) ;
#4093 = EDGE_CURVE ( 'NONE', #1807, #3212, #2347, .T. ) ;
#4094 = EDGE_CURVE ( 'NONE', #2791, #2280, #1742, .T. ) ;
#4095 = ORIENTED_EDGE ( 'NONE', *, *, #3203, .T. ) ;
#4096 = DIRECTION ( 'NONE',  ( -0.8636404253133878051, 0.000000000000000000, 0.5041083373289024783 ) ) ;
#4097 = ORIENTED_EDGE ( 'NONE', *, *, #3884, .T. ) ;
#4098 = LINE ( 'NONE', #3737, #3528 ) ;
#4099 = EDGE_CURVE ( 'NONE', #252, #2080, #3021, .T. ) ;
#4100 = DIRECTION ( 'NONE',  ( -0.000000000000000000, 1.000000000000000000, 0.000000000000000000 ) ) ;
#4101 = DIRECTION ( 'NONE',  ( 0.000000000000000000, 1.000000000000000000, 0.000000000000000000 ) ) ;
#4102 = ORIENTED_EDGE ( 'NONE', *, *, #2936, .T. ) ;
#4103 = CIRCLE ( 'NONE', #325, 1.599999999999989431 ) ;
#4104 = VECTOR ( 'NONE', #3337, 1000.000000000000000 ) ;
#4105 = FACE_BOUND ( 'NONE', #3236, .T. ) ;
#4106 = DIRECTION ( 'NONE',  ( 0.000000000000000000, -1.000000000000000000, 0.000000000000000000 ) ) ;
#4107 = DIRECTION ( 'NONE',  ( -0.000000000000000000, 1.000000000000000000, -0.000000000000000000 ) ) ;
#4108 = ORIENTED_EDGE ( 'NONE', *, *, #2966, .T. ) ;
#4109 = EDGE_LOOP ( 'NONE', ( #4097, #1593 ) ) ;
#4110 = DIRECTION ( 'NONE',  ( 0.9950072273473464790, 0.000000000000000000, 0.09980289337762757174 ) ) ;
#4111 = LINE ( 'NONE', #191, #3804 ) ;
#4112 = CARTESIAN_POINT ( 'NONE',  ( 2.940334720197848473, 30.85919931313786080, -7.786611796661651930 ) ) ;
#4113 = VERTEX_POINT ( 'NONE', #2328 ) ;
#4114 = DIRECTION ( 'NONE',  ( 0.000000000000000000, 0.000000000000000000, -1.000000000000000000 ) ) ;
#4115 = DIRECTION ( 'NONE',  ( 0.000000000000000000, 0.000000000000000000, -1.000000000000000000 ) ) ;
#4116 = CARTESIAN_POINT ( 'NONE',  ( 2.940334720197848473, 30.85919931313786080, -8.786611796661640383 ) ) ;
#4117 = ORIENTED_EDGE ( 'NONE', *, *, #667, .T. ) ;
#4118 = EDGE_LOOP ( 'NONE', ( #627, #1337, #922, #563 ) ) ;
#4119 = EDGE_CURVE ( 'NONE', #749, #1383, #599, .T. ) ;
#4120 = LINE ( 'NONE', #3784, #1663 ) ;
#4121 = EDGE_LOOP ( 'NONE', ( #4266, #3308 ) ) ;
#4122 = FACE_OUTER_BOUND ( 'NONE', #3183, .T. ) ;
#4123 = DIRECTION ( 'NONE',  ( 0.9950072273473463680, 0.000000000000000000, 0.09980289337762750235 ) ) ;
#4124 = ORIENTED_EDGE ( 'NONE', *, *, #1034, .T. ) ;
#4125 = ADVANCED_FACE ( 'NONE', ( #2070 ), #2384, .F. ) ;
#4126 = EDGE_CURVE ( 'NONE', #31, #4046, #1577, .T. ) ;
#4127 = FACE_BOUND ( 'NONE', #1455, .T. ) ;
#4128 = VECTOR ( 'NONE', #619, 1000.000000000000000 ) ;
#4129 = DIRECTION ( 'NONE',  ( -0.4023923348681298640, 0.000000000000000000, 0.9154673171879894600 ) ) ;
#4130 = CYLINDRICAL_SURFACE ( 'NONE', #900, 0.9999999999999961142 ) ;
#4131 = ORIENTED_EDGE ( 'NONE', *, *, #2142, .T. ) ;
#4132 = EDGE_CURVE ( 'NONE', #1723, #3838, #3174, .T. ) ;
#4133 = EDGE_LOOP ( 'NONE', ( #4193, #1867, #4173, #2035 ) ) ;
#4134 = CARTESIAN_POINT ( 'NONE',  ( 7.412201985409108573, 20.86019931313785847, -2.786311412649002950 ) ) ;
#4135 = DIRECTION ( 'NONE',  ( 0.000000000000000000, 1.000000000000000000, 0.000000000000000000 ) ) ;
#4136 = CIRCLE ( 'NONE', #3776, 1.500000000000000666 ) ;
#4137 = CYLINDRICAL_SURFACE ( 'NONE', #2566, 1.000000000000001554 ) ;
#4138 = ORIENTED_EDGE ( 'NONE', *, *, #3016, .F. ) ;
#4139 = FACE_OUTER_BOUND ( 'NONE', #4118, .T. ) ;
#4140 = FACE_OUTER_BOUND ( 'NONE', #2971, .T. ) ;
#4141 = ORIENTED_EDGE ( 'NONE', *, *, #2637, .F. ) ;
#4142 = ORIENTED_EDGE ( 'NONE', *, *, #421, .T. ) ;
#4143 = LINE ( 'NONE', #219, #514 ) ;
#4144 = DIRECTION ( 'NONE',  ( 0.000000000000000000, 1.000000000000000000, 0.000000000000000000 ) ) ;
#4145 = ORIENTED_EDGE ( 'NONE', *, *, #1452, .T. ) ;
#4146 = DIRECTION ( 'NONE',  ( -0.1013022274283771201, 0.000000000000000000, 0.9948556974345824644 ) ) ;
#4147 = CARTESIAN_POINT ( 'NONE',  ( -2.514031220247861409, 17.85919931313785725, -4.321995722304468046 ) ) ;
#4148 = CIRCLE ( 'NONE', #157, 0.9999999999999887867 ) ;
#4149 = LINE ( 'NONE', #89, #522 ) ;
#4150 = EDGE_CURVE ( 'NONE', #374, #1095, #2660, .T. ) ;
#4151 = ADVANCED_FACE ( 'NONE', ( #726 ), #2366, .F. ) ;
#4152 = AXIS2_PLACEMENT_3D ( 'NONE', #340, #1685, #3007 ) ;
#4153 = DIRECTION ( 'NONE',  ( 0.6655928109894857503, 0.000000000000000000, -0.7463150875864126288 ) ) ;
#4154 = ORIENTED_EDGE ( 'NONE', *, *, #1558, .T. ) ;
#4155 = EDGE_LOOP ( 'NONE', ( #3226, #943, #569, #1160 ) ) ;
#4156 = DIRECTION ( 'NONE',  ( 0.000000000000000000, -1.000000000000000000, 0.000000000000000000 ) ) ;
#4157 = CARTESIAN_POINT ( 'NONE',  ( -8.450013146662174179, 17.85919931313785725, 9.446125194918316481 ) ) ;
#4158 = AXIS2_PLACEMENT_3D ( 'NONE', #1399, #366, #984 ) ;
#4159 = VECTOR ( 'NONE', #1750, 1000.000000000000000 ) ;
#4160 = ORIENTED_EDGE ( 'NONE', *, *, #24, .F. ) ;
#4161 = DIRECTION ( 'NONE',  ( -0.000000000000000000, 1.000000000000000000, 0.000000000000000000 ) ) ;
#4162 = DIRECTION ( 'NONE',  ( -0.9771488974709449105, -0.000000000000000000, 0.2125559506843242574 ) ) ;
#4163 = CARTESIAN_POINT ( 'NONE',  ( 18.40701944724912309, 17.85919931313785725, 1.846291915076128554 ) ) ;
#4164 = AXIS2_PLACEMENT_3D ( 'NONE', #2161, #2514, #2534 ) ;
#4165 = CIRCLE ( 'NONE', #3104, 1.000000000000002665 ) ;
#4166 = ADVANCED_FACE ( 'NONE', ( #1010, #3703, #2737, #703, #2044, #4078, #3378, #2717, #376, #1721, #3720, #3044, #1386, #4058, #3404, #1074, #3746, #753, #2090, #317, #2983, #2854, #2483, #1141, #4127, #3445, #3469, #2529, #419, #3175, #4200, #1784, #465, #1761, #2156, #3814, #2459, #117, #182, #4105, #3084, #2787, #1428 ), #1451, .T. ) ;
#4167 = ORIENTED_EDGE ( 'NONE', *, *, #700, .T. ) ;
#4168 = ORIENTED_EDGE ( 'NONE', *, *, #4049, .T. ) ;
#4169 = CIRCLE ( 'NONE', #2902, 0.9999999999999887867 ) ;
#4170 = DIRECTION ( 'NONE',  ( -0.000000000000000000, 1.000000000000000000, -0.000000000000000000 ) ) ;
#4171 = FACE_BOUND ( 'NONE', #4238, .T. ) ;
#4172 = AXIS2_PLACEMENT_3D ( 'NONE', #3815, #3177, #3789 ) ;
#4173 = ORIENTED_EDGE ( 'NONE', *, *, #2915, .F. ) ;
#4174 = DIRECTION ( 'NONE',  ( 0.000000000000000000, -1.000000000000000000, 0.000000000000000000 ) ) ;
#4175 = FACE_OUTER_BOUND ( 'NONE', #3194, .T. ) ;
#4176 = CYLINDRICAL_SURFACE ( 'NONE', #1155, 0.9999999999999887867 ) ;
#4177 = AXIS2_PLACEMENT_3D ( 'NONE', #2422, #1082, #3092 ) ;
#4178 = VECTOR ( 'NONE', #3309, 1000.000000000000114 ) ;
#4179 = AXIS2_PLACEMENT_3D ( 'NONE', #1810, #4156, #1766 ) ;
#4180 = CARTESIAN_POINT ( 'NONE',  ( -8.450013146662174179, 30.85919931313786080, 9.446125194918316481 ) ) ;
#4181 = ORIENTED_EDGE ( 'NONE', *, *, #700, .F. ) ;
#4182 = VERTEX_POINT ( 'NONE', #1850 ) ;
#4183 = EDGE_CURVE ( 'NONE', #3981, #1792, #4149, .T. ) ;
#4184 = DIRECTION ( 'NONE',  ( 0.000000000000000000, -1.000000000000000000, 0.000000000000000000 ) ) ;
#4185 = EDGE_CURVE ( 'NONE', #4052, #1901, #3605, .T. ) ;
#4186 = DIRECTION ( 'NONE',  ( 0.000000000000000000, 0.000000000000000000, -1.000000000000000000 ) ) ;
#4187 = LINE ( 'NONE', #3186, #1870 ) ;
#4188 = CARTESIAN_POINT ( 'NONE',  ( 3.333583850864015652, 30.85919931313786080, -2.726556169236711291 ) ) ;
#4189 = EDGE_LOOP ( 'NONE', ( #3857, #3723 ) ) ;
#4190 = CARTESIAN_POINT ( 'NONE',  ( -15.97681470772326406, 17.85919931313785725, 9.325693033880130045 ) ) ;
#4191 = EDGE_CURVE ( 'NONE', #1191, #412, #2000, .T. ) ;
#4192 = CARTESIAN_POINT ( 'NONE',  ( -1.090398663191116002, 30.85919931313786080, 9.708446743509679067 ) ) ;
#4193 = ORIENTED_EDGE ( 'NONE', *, *, #2117, .T. ) ;
#4194 = VERTEX_POINT ( 'NONE', #860 ) ;
#4195 = CARTESIAN_POINT ( 'NONE',  ( 11.04739247169366223, 17.85919931313785725, 17.39211829105092733 ) ) ;
#4196 = LINE ( 'NONE', #3904, #3176 ) ;
#4197 = ORIENTED_EDGE ( 'NONE', *, *, #721, .F. ) ;
#4198 = CARTESIAN_POINT ( 'NONE',  ( -0.5065109396218264726, 17.85919931313785725, 4.974278372278963190 ) ) ;
#4199 = DIRECTION ( 'NONE',  ( 0.000000000000000000, 0.000000000000000000, -1.000000000000000000 ) ) ;
#4200 = FACE_BOUND ( 'NONE', #4121, .T. ) ;
#4201 = CARTESIAN_POINT ( 'NONE',  ( -1.310499516737777093, 17.85919931313785725, -7.219457462360534983 ) ) ;
#4202 = EDGE_LOOP ( 'NONE', ( #4274, #896 ) ) ;
#4203 = ORIENTED_EDGE ( 'NONE', *, *, #2989, .F. ) ;
#4204 = LINE ( 'NONE', #2792, #1137 ) ;
#4205 = DIRECTION ( 'NONE',  ( 0.000000000000000000, -1.000000000000000000, 0.000000000000000000 ) ) ;
#4206 = AXIS2_PLACEMENT_3D ( 'NONE', #2377, #4005, #59 ) ;
#4207 = EDGE_LOOP ( 'NONE', ( #4203, #2025 ) ) ;
#4208 = AXIS2_PLACEMENT_3D ( 'NONE', #2147, #3543, #1156 ) ;
#4209 = DIRECTION ( 'NONE',  ( -0.000000000000000000, 1.000000000000000000, -0.000000000000000000 ) ) ;
#4210 = CARTESIAN_POINT ( 'NONE',  ( -14.64874571393334080, 17.85919931313785725, 14.77558200219542073 ) ) ;
#4211 = EDGE_CURVE ( 'NONE', #2862, #3770, #1097, .T. ) ;
#4212 = ORIENTED_EDGE ( 'NONE', *, *, #1615, .T. ) ;
#4213 = CARTESIAN_POINT ( 'NONE',  ( 8.475415659838510278E-16, 12.85919931313785725, -1.843628988053325259E-16 ) ) ;
#4214 = ORIENTED_EDGE ( 'NONE', *, *, #1944, .T. ) ;
#4215 = CARTESIAN_POINT ( 'NONE',  ( -14.64874571393334080, 17.85919931313785725, 16.37558186788499270 ) ) ;
#4216 = FACE_OUTER_BOUND ( 'NONE', #1608, .T. ) ;
#4217 = EDGE_CURVE ( 'NONE', #1191, #2296, #1168, .T. ) ;
#4218 = ORIENTED_EDGE ( 'NONE', *, *, #1537, .F. ) ;
#4219 = LINE ( 'NONE', #1211, #711 ) ;
#4220 =( LENGTH_UNIT ( ) NAMED_UNIT ( * ) SI_UNIT ( .MILLI., .METRE. ) );
#4221 = CARTESIAN_POINT ( 'NONE',  ( -11.15453926701302123, 30.85919931313786080, -0.6603433051121654351 ) ) ;
#4222 = LINE ( 'NONE', #3715, #2450 ) ;
#4223 = ORIENTED_EDGE ( 'NONE', *, *, #2304, .T. ) ;
#4224 = ORIENTED_EDGE ( 'NONE', *, *, #2089, .F. ) ;
#4225 = CARTESIAN_POINT ( 'NONE',  ( 5.891492548166014309, 30.85919931313786080, 4.879388158572325551 ) ) ;
#4226 = DIRECTION ( 'NONE',  ( -0.000000000000000000, 1.000000000000000000, 0.000000000000000000 ) ) ;
#4227 = AXIS2_PLACEMENT_3D ( 'NONE', #1556, #1224, #2234 ) ;
#4228 = FACE_OUTER_BOUND ( 'NONE', #4229, .T. ) ;
#4229 = EDGE_LOOP ( 'NONE', ( #2825, #2655, #1123, #3993 ) ) ;
#4230 = CARTESIAN_POINT ( 'NONE',  ( -20.88567302550920601, 17.85919931313785725, 23.41866173428412523 ) ) ;
#4231 = CARTESIAN_POINT ( 'NONE',  ( -3.771059073209737100, 20.86019931313785847, 6.419972968920799161 ) ) ;
#4232 = AXIS2_PLACEMENT_3D ( 'NONE', #2541, #2822, #832 ) ;
#4233 = ORIENTED_EDGE ( 'NONE', *, *, #3452, .T. ) ;
#4234 = VERTEX_POINT ( 'NONE', #3766 ) ;
#4235 = LINE ( 'NONE', #1561, #2332 ) ;
#4236 = DIRECTION ( 'NONE',  ( 0.000000000000000000, 0.000000000000000000, -1.000000000000000000 ) ) ;
#4237 = CIRCLE ( 'NONE', #800, 0.9999999999999887867 ) ;
#4238 = EDGE_LOOP ( 'NONE', ( #3724, #3913 ) ) ;
#4239 = AXIS2_PLACEMENT_3D ( 'NONE', #2320, #306, #966 ) ;
#4240 = DIRECTION ( 'NONE',  ( 0.000000000000000000, 0.000000000000000000, -1.000000000000000000 ) ) ;
#4241 = AXIS2_PLACEMENT_3D ( 'NONE', #2765, #92, #2109 ) ;
#4242 = EDGE_CURVE ( 'NONE', #498, #2646, #4237, .T. ) ;
#4243 = DIRECTION ( 'NONE',  ( 0.000000000000000000, 1.000000000000000000, 0.000000000000000000 ) ) ;
#4244 = CARTESIAN_POINT ( 'NONE',  ( 11.05870096590540896, 17.85919931313785725, 1.601543237628608285 ) ) ;
#4245 = LINE ( 'NONE', #3934, #4057 ) ;
#4246 = VERTEX_POINT ( 'NONE', #792 ) ;
#4247 = CARTESIAN_POINT ( 'NONE',  ( 9.847386582998350235, 17.85919931313785725, 4.346122889553994284 ) ) ;
#4248 = ORIENTED_EDGE ( 'NONE', *, *, #2701, .F. ) ;
#4249 = CARTESIAN_POINT ( 'NONE',  ( 9.412352177415431953, 30.85919931313786080, -7.022245045254561724 ) ) ;
#4250 = EDGE_CURVE ( 'NONE', #4246, #2194, #312, .T. ) ;
#4251 = PLANE ( 'NONE',  #1299 ) ;
#4252 = DIRECTION ( 'NONE',  ( 0.000000000000000000, 0.000000000000000000, -1.000000000000000000 ) ) ;
#4253 = EDGE_LOOP ( 'NONE', ( #2433, #831, #2095, #2403 ) ) ;
#4254 = DIRECTION ( 'NONE',  ( 0.000000000000000000, 0.000000000000000000, -1.000000000000000000 ) ) ;
#4255 = FACE_BOUND ( 'NONE', #3559, .T. ) ;
#4256 = ORIENTED_EDGE ( 'NONE', *, *, #3266, .F. ) ;
#4257 = VERTEX_POINT ( 'NONE', #2134 ) ;
#4258 = CARTESIAN_POINT ( 'NONE',  ( -20.10081521546007721, 12.85919931313785725, -7.271452111143048569 ) ) ;
#4259 = DIRECTION ( 'NONE',  ( 0.000000000000000000, 0.000000000000000000, -1.000000000000000000 ) ) ;
#4260 = AXIS2_PLACEMENT_3D ( 'NONE', #483, #67, #156 ) ;
#4261 = ORIENTED_EDGE ( 'NONE', *, *, #3242, .F. ) ;
#4262 = DIRECTION ( 'NONE',  ( 0.7463150875864125178, 0.000000000000000000, 0.6655928109894858613 ) ) ;
#4263 = AXIS2_PLACEMENT_3D ( 'NONE', #1431, #3996, #992 ) ;
#4264 = DIRECTION ( 'NONE',  ( 0.000000000000000000, -1.000000000000000000, 0.000000000000000000 ) ) ;
#4265 = EDGE_CURVE ( 'NONE', #53, #1569, #3135, .T. ) ;
#4266 = ORIENTED_EDGE ( 'NONE', *, *, #4119, .T. ) ;
#4267 = EDGE_CURVE ( 'NONE', #2563, #121, #2808, .T. ) ;
#4268 = CARTESIAN_POINT ( 'NONE',  ( -19.07856089297036917, 20.05919931313785654, 43.99327024426509070 ) ) ;
#4269 = CARTESIAN_POINT ( 'NONE',  ( -2.514031220247861409, 20.86019931313785847, -5.321995722304450283 ) ) ;
#4270 = PLANE ( 'NONE',  #1851 ) ;
#4271 = CARTESIAN_POINT ( 'NONE',  ( -28.72649874914364787, 17.85919931313785725, -12.62669096670836666 ) ) ;
#4272 = ADVANCED_FACE ( 'NONE', ( #4175 ), #3836, .F. ) ;
#4273 = CARTESIAN_POINT ( 'NONE',  ( -10.52128974517189874, 17.85919931313785725, 3.272061005873637018 ) ) ;
#4274 = ORIENTED_EDGE ( 'NONE', *, *, #1158, .F. ) ;
#4275 = CARTESIAN_POINT ( 'NONE',  ( 1.894168429112636165, 20.86019931313785847, 12.01235342579479415 ) ) ;
#4276 = FACE_OUTER_BOUND ( 'NONE', #2321, .T. ) ;
#4277 = VERTEX_POINT ( 'NONE', #3509 ) ;
#4278 = LINE ( 'NONE', #2258, #2893 ) ;
#4279 = CYLINDRICAL_SURFACE ( 'NONE', #1009, 75.00000000000001421 ) ;
#4280 = ORIENTED_EDGE ( 'NONE', *, *, #1041, .T. ) ;
#4281 = CARTESIAN_POINT ( 'NONE',  ( 4.940484912204182066, 30.85919931313786080, -9.022545429267349704 ) ) ;
#4282 = AXIS2_PLACEMENT_3D ( 'NONE', #698, #3247, #3606 ) ;
#4283 = CARTESIAN_POINT ( 'NONE',  ( -4.887340320789482107, 30.85919931313786080, 1.055415754841304565 ) ) ;
#4284 = ORIENTED_EDGE ( 'NONE', *, *, #2435, .F. ) ;
#4285 = CARTESIAN_POINT ( 'NONE',  ( -6.955635912344964922, 17.85919931313785725, 4.571215795018214401 ) ) ;
#4286 = CARTESIAN_POINT ( 'NONE',  ( -2.514031220247861409, 20.86019931313785847, -3.321995722304486254 ) ) ;
#4287 = EDGE_LOOP ( 'NONE', ( #3997, #622, #2980, #2154 ) ) ;
#4288 = EDGE_LOOP ( 'NONE', ( #3121, #2477 ) ) ;
#4289 = DIRECTION ( 'NONE',  ( -0.000000000000000000, 1.000000000000000000, -0.000000000000000000 ) ) ;
#4290 = CARTESIAN_POINT ( 'NONE',  ( 0.000000000000000000, 20.85919931313785369, 0.000000000000000000 ) ) ;
#4291 = ADVANCED_FACE ( 'NONE', ( #2243 ), #248, .F. ) ;
#4292 = EDGE_CURVE ( 'NONE', #1102, #2501, #3289, .T. ) ;
#4293 = CIRCLE ( 'NONE', #2385, 18.49938265908035007 ) ;
#4294 = CARTESIAN_POINT ( 'NONE',  ( 21.47640974849846529, 12.85919931313785725, -4.637807328665304318 ) ) ;
#4295 = ORIENTED_EDGE ( 'NONE', *, *, #591, .T. ) ;
#4296 = LINE ( 'NONE', #4230, #1336 ) ;
#4297 = DIRECTION ( 'NONE',  ( 0.000000000000000000, 0.000000000000000000, -1.000000000000000000 ) ) ;
#4298 = ORIENTED_EDGE ( 'NONE', *, *, #4217, .T. ) ;
#4299 = CARTESIAN_POINT ( 'NONE',  ( 8.636072200091403417, 17.85919931313785725, 8.090702541479284804 ) ) ;
#4300 = FACE_OUTER_BOUND ( 'NONE', #1583, .T. ) ;
#4301 = VECTOR ( 'NONE', #1914, 1000.000000000000114 ) ;
#4302 = VERTEX_POINT ( 'NONE', #2288 ) ;
#4303 = FACE_OUTER_BOUND ( 'NONE', #1355, .T. ) ;
#4304 = AXIS2_PLACEMENT_3D ( 'NONE', #4157, #3475, #449 ) ;
#4305 = CIRCLE ( 'NONE', #727, 0.9999999999999961142 ) ;
#4306 = LINE ( 'NONE', #1568, #1584 ) ;
#4307 = CARTESIAN_POINT ( 'NONE',  ( -1.310499516737777093, 30.85919931313786080, -7.219457462360534983 ) ) ;
#4308 = VERTEX_POINT ( 'NONE', #3578 ) ;
#4309 = AXIS2_PLACEMENT_3D ( 'NONE', #2505, #3833, #879 ) ;
#4310 = CARTESIAN_POINT ( 'NONE',  ( -18.40701944724912309, 17.85919931313785725, -1.846291915076125001 ) ) ;
#4311 = FACE_OUTER_BOUND ( 'NONE', #71, .T. ) ;
#4312 = CARTESIAN_POINT ( 'NONE',  ( -6.955635912344964922, 20.86019931313785847, 5.571215795018202854 ) ) ;
#4313 = EDGE_CURVE ( 'NONE', #1420, #1461, #4165, .T. ) ;
#4314 = ORIENTED_EDGE ( 'NONE', *, *, #1208, .F. ) ;
#4315 = DIRECTION ( 'NONE',  ( -0.000000000000000000, 1.000000000000000000, 0.000000000000000000 ) ) ;
#4316 = FACE_BOUND ( 'NONE', #9, .T. ) ;
#4317 = MECHANICAL_DESIGN_GEOMETRIC_PRESENTATION_REPRESENTATION (  '', ( #3540 ), #1522 ) ;
#4318 = AXIS2_PLACEMENT_3D ( 'NONE', #4294, #2645, #670 ) ;
#4319 = VECTOR ( 'NONE', #2465, 1000.000000000000000 ) ;
#4320 = ADVANCED_FACE ( 'NONE', ( #205 ), #270, .F. ) ;
#4321 = EDGE_CURVE ( 'NONE', #2296, #53, #3531, .T. ) ;
#4322 = ORIENTED_EDGE ( 'NONE', *, *, #1343, .T. ) ;
#4323 = CARTESIAN_POINT ( 'NONE',  ( -6.955635912344964922, 30.85919931313786080, 4.571215795018214401 ) ) ;
#4324 = DIRECTION ( 'NONE',  ( 0.000000000000000000, 1.000000000000000000, 0.000000000000000000 ) ) ;
#4325 = ORIENTED_EDGE ( 'NONE', *, *, #1182, .F. ) ;
#4326 = LINE ( 'NONE', #986, #3967 ) ;
#4327 = ORIENTED_EDGE ( 'NONE', *, *, #2937, .T. ) ;
#4328 = DIRECTION ( 'NONE',  ( 0.000000000000000000, 0.000000000000000000, -1.000000000000000000 ) ) ;
#4329 = DIRECTION ( 'NONE',  ( 0.000000000000000000, -1.000000000000000000, 0.000000000000000000 ) ) ;
#4330 = AXIS2_PLACEMENT_3D ( 'NONE', #2458, #1472, #1781 ) ;
#4331 = PLANE ( 'NONE',  #3817 ) ;
#4332 = ORIENTED_EDGE ( 'NONE', *, *, #3152, .T. ) ;
#4333 = CARTESIAN_POINT ( 'NONE',  ( -24.62383815581398139, 17.85919931313785725, -21.96049621411508923 ) ) ;
#4334 = CYLINDRICAL_SURFACE ( 'NONE', #373, 17.50000000000000000 ) ;
#4335 = EDGE_LOOP ( 'NONE', ( #3686, #830 ) ) ;
#4336 = DIRECTION ( 'NONE',  ( 0.000000000000000000, -1.000000000000000000, 0.000000000000000000 ) ) ;
#4337 = DIRECTION ( 'NONE',  ( 0.000000000000000000, -1.000000000000000000, 0.000000000000000000 ) ) ;
ENDSEC;
END-ISO-10303-21;
