ISO-10303-21;
HEADER;
FILE_DESCRIPTION (( 'STEP AP214' ),
    '1' );
FILE_NAME ('subÇòÐÎ½ô¹Ì¼þ.STEP',
    '2026-08-29T22:11:47',
    ( '' ),
    ( '' ),
    'SwSTEP 2.0',
    'SolidWorks 2023',
    '' );
FILE_SCHEMA (( 'AUTOMOTIVE_DESIGN' ));
ENDSEC;

DATA;
#1 = CARTESIAN_POINT ( 'NONE',  ( 19.00000000000001776, -3.499999999999997780, 6.500000000000000888 ) ) ;
#2 = CIRCLE ( 'NONE', #677, 2.999999999999999112 ) ;
#3 = DIRECTION ( 'NONE',  ( 1.000000000000000000, 0.000000000000000000, 0.000000000000000000 ) ) ;
#4 = AXIS2_PLACEMENT_3D ( 'NONE', #617, #57, #1349 ) ;
#5 = VECTOR ( 'NONE', #908, 1000.000000000000000 ) ;
#6 = CARTESIAN_POINT ( 'NONE',  ( 21.00000000000001421, 3.499999999999998224, 6.500000000000000888 ) ) ;
#7 = ORIENTED_EDGE ( 'NONE', *, *, #326, .T. ) ;
#8 = DIRECTION ( 'NONE',  ( -0.000000000000000000, -0.000000000000000000, -1.000000000000000000 ) ) ;
#9 = EDGE_CURVE ( 'NONE', #838, #719, #729, .T. ) ;
#10 = DIRECTION ( 'NONE',  ( 1.000000000000000000, 1.182766006347822616E-16, 0.000000000000000000 ) ) ;
#11 = DIRECTION ( 'NONE',  ( 0.000000000000000000, -1.000000000000000000, 9.301466359125011971E-16 ) ) ;
#12 = ORIENTED_EDGE ( 'NONE', *, *, #304, .F. ) ;
#13 = CARTESIAN_POINT ( 'NONE',  ( -29.99999999999995737, 1.864999999999943148, 7.500000000000019540 ) ) ;
#14 = ORIENTED_EDGE ( 'NONE', *, *, #1301, .T. ) ;
#15 = DIRECTION ( 'NONE',  ( 0.000000000000000000, -1.000000000000000000, 0.000000000000000000 ) ) ;
#16 = AXIS2_PLACEMENT_3D ( 'NONE', #1296, #98, #529 ) ;
#17 = DIRECTION ( 'NONE',  ( -0.000000000000000000, -0.000000000000000000, -1.000000000000000000 ) ) ;
#18 = AXIS2_PLACEMENT_3D ( 'NONE', #661, #446, #1305 ) ;
#19 = DIRECTION ( 'NONE',  ( 1.000000000000000000, 0.000000000000000000, 0.000000000000000000 ) ) ;
#20 = ORIENTED_EDGE ( 'NONE', *, *, #427, .T. ) ;
#21 = CARTESIAN_POINT ( 'NONE',  ( -27.79999999999996518, -1.000000000000056399, 7.500000000000021316 ) ) ;
#22 = ORIENTED_EDGE ( 'NONE', *, *, #1181, .T. ) ;
#23 = PLANE ( 'NONE',  #1333 ) ;
#24 = ADVANCED_FACE ( 'NONE', ( #860 ), #620, .T. ) ;
#25 = VECTOR ( 'NONE', #126, 1000.000000000000000 ) ;
#26 = AXIS2_PLACEMENT_3D ( 'NONE', #1278, #1088, #1174 ) ;
#27 =( LENGTH_UNIT ( ) NAMED_UNIT ( * ) SI_UNIT ( .MILLI., .METRE. ) );
#28 = CIRCLE ( 'NONE', #1131, 1.000000000000000888 ) ;
#29 = ORIENTED_EDGE ( 'NONE', *, *, #824, .T. ) ;
#30 = CARTESIAN_POINT ( 'NONE',  ( -28.00000000000001066, -2.632014991877400834E-15, 7.500000000000000888 ) ) ;
#31 = VERTEX_POINT ( 'NONE', #508 ) ;
#32 = CARTESIAN_POINT ( 'NONE',  ( 21.00000000000001421, 3.499999999999998224, 2.500000000000000444 ) ) ;
#33 = EDGE_LOOP ( 'NONE', ( #1268, #1192 ) ) ;
#34 = CARTESIAN_POINT ( 'NONE',  ( -19.00000000000001776, -3.499999999999997780, 12.50000000000000000 ) ) ;
#35 = ORIENTED_EDGE ( 'NONE', *, *, #1038, .F. ) ;
#36 = CIRCLE ( 'NONE', #512, 2.049999999999999822 ) ;
#37 = DIRECTION ( 'NONE',  ( 1.000000000000000000, 1.182766006347822616E-16, 0.000000000000000000 ) ) ;
#38 = SURFACE_STYLE_FILL_AREA ( #684 ) ;
#39 = VECTOR ( 'NONE', #1105, 1000.000000000000000 ) ;
#40 = EDGE_CURVE ( 'NONE', #428, #378, #947, .T. ) ;
#41 = ORIENTED_EDGE ( 'NONE', *, *, #436, .T. ) ;
#42 = DIRECTION ( 'NONE',  ( 1.000000000000000000, 3.469446951953613696E-16, -0.000000000000000000 ) ) ;
#43 = ORIENTED_EDGE ( 'NONE', *, *, #1083, .T. ) ;
#44 = DIRECTION ( 'NONE',  ( -1.000000000000000000, -4.440892098500626162E-16, 1.339817193382324415E-15 ) ) ;
#45 = AXIS2_PLACEMENT_3D ( 'NONE', #1004, #566, #904 ) ;
#46 = DIRECTION ( 'NONE',  ( 0.000000000000000000, 0.000000000000000000, 1.000000000000000000 ) ) ;
#47 = VERTEX_POINT ( 'NONE', #1282 ) ;
#48 = EDGE_CURVE ( 'NONE', #719, #385, #703, .T. ) ;
#49 = ORIENTED_EDGE ( 'NONE', *, *, #273, .F. ) ;
#50 = DIRECTION ( 'NONE',  ( -0.000000000000000000, 0.000000000000000000, 1.000000000000000000 ) ) ;
#51 = DIRECTION ( 'NONE',  ( -0.000000000000000000, -0.000000000000000000, -1.000000000000000000 ) ) ;
#52 = VERTEX_POINT ( 'NONE', #1215 ) ;
#53 = CARTESIAN_POINT ( 'NONE',  ( -21.05000000000001492, -3.499999999999997335, 8.500000000000000000 ) ) ;
#54 = EDGE_LOOP ( 'NONE', ( #1222, #1291, #292, #244 ) ) ;
#55 = DIRECTION ( 'NONE',  ( 1.000000000000000000, 0.000000000000000000, 0.000000000000000000 ) ) ;
#56 = EDGE_CURVE ( 'NONE', #229, #907, #929, .T. ) ;
#57 = DIRECTION ( 'NONE',  ( -0.000000000000000000, 0.000000000000000000, 1.000000000000000000 ) ) ;
#58 = CARTESIAN_POINT ( 'NONE',  ( -16.65707521604591435, 7.000000000000000888, 7.499999999999828582 ) ) ;
#59 = EDGE_LOOP ( 'NONE', ( #1005, #625, #568, #825, #706, #288 ) ) ;
#60 = CARTESIAN_POINT ( 'NONE',  ( -19.00000000000001066, 4.000000000000000000, 0.000000000000000000 ) ) ;
#61 = AXIS2_PLACEMENT_3D ( 'NONE', #174, #705, #1132 ) ;
#62 = VERTEX_POINT ( 'NONE', #408 ) ;
#63 = CARTESIAN_POINT ( 'NONE',  ( 0.000000000000000000, 0.000000000000000000, 0.000000000000000000 ) ) ;
#64 = DIRECTION ( 'NONE',  ( -1.182766006347822616E-16, 1.000000000000000000, 0.000000000000000000 ) ) ;
#65 = EDGE_CURVE ( 'NONE', #675, #1374, #92, .T. ) ;
#66 = CARTESIAN_POINT ( 'NONE',  ( -29.99999999999995737, -4.857225732735059864E-14, 7.500000000000020428 ) ) ;
#67 = ORIENTED_EDGE ( 'NONE', *, *, #289, .F. ) ;
#68 = DIRECTION ( 'NONE',  ( 0.000000000000000000, 0.000000000000000000, 1.000000000000000000 ) ) ;
#69 = VERTEX_POINT ( 'NONE', #1266 ) ;
#70 = PLANE ( 'NONE',  #592 ) ;
#71 = CIRCLE ( 'NONE', #234, 2.999999999999999112 ) ;
#72 = DIRECTION ( 'NONE',  ( -1.000000000000000000, -4.440892098500626162E-16, 1.339817193382324415E-15 ) ) ;
#73 = EDGE_CURVE ( 'NONE', #378, #69, #1377, .T. ) ;
#74 = CARTESIAN_POINT ( 'NONE',  ( 19.00000000000001776, 3.499999999999997780, 6.500000000000000888 ) ) ;
#75 = LINE ( 'NONE', #276, #365 ) ;
#76 = VERTEX_POINT ( 'NONE', #519 ) ;
#77 = CARTESIAN_POINT ( 'NONE',  ( 0.000000000000000000, 0.000000000000000000, 0.000000000000000000 ) ) ;
#78 = CARTESIAN_POINT ( 'NONE',  ( -22.00000000000001066, 0.000000000000000000, 0.000000000000000000 ) ) ;
#79 = DIRECTION ( 'NONE',  ( 1.000000000000000000, 0.000000000000000000, -0.000000000000000000 ) ) ;
#80 = ADVANCED_FACE ( 'NONE', ( #1247 ), #279, .T. ) ;
#81 = AXIS2_PLACEMENT_3D ( 'NONE', #132, #138, #116 ) ;
#82 = ORIENTED_EDGE ( 'NONE', *, *, #662, .T. ) ;
#83 = LINE ( 'NONE', #1158, #1197 ) ;
#84 = AXIS2_PLACEMENT_3D ( 'NONE', #345, #439, #145 ) ;
#85 = DIRECTION ( 'NONE',  ( 0.000000000000000000, 0.000000000000000000, -1.000000000000000000 ) ) ;
#86 = DIRECTION ( 'NONE',  ( -1.000000000000000000, 0.000000000000000000, 0.000000000000000000 ) ) ;
#87 = PLANE ( 'NONE',  #81 ) ;
#88 = ORIENTED_EDGE ( 'NONE', *, *, #787, .F. ) ;
#89 = CIRCLE ( 'NONE', #654, 1.999999999999998224 ) ;
#90 = ADVANCED_FACE ( 'NONE', ( #733 ), #180, .F. ) ;
#91 = CARTESIAN_POINT ( 'NONE',  ( 0.000000000000000000, 0.000000000000000000, 2.500000000000000000 ) ) ;
#92 = CIRCLE ( 'NONE', #1082, 2.049999999999999822 ) ;
#93 = EDGE_CURVE ( 'NONE', #1008, #250, #1312, .T. ) ;
#94 = FACE_OUTER_BOUND ( 'NONE', #548, .T. ) ;
#95 = CIRCLE ( 'NONE', #275, 1.999999999999998224 ) ;
#96 = DIRECTION ( 'NONE',  ( 0.000000000000000000, 0.000000000000000000, 1.000000000000000000 ) ) ;
#97 = DIRECTION ( 'NONE',  ( 4.996003610813204432E-16, -1.000000000000000000, 7.755080060849886569E-16 ) ) ;
#98 = DIRECTION ( 'NONE',  ( 0.000000000000000000, -0.000000000000000000, -1.000000000000000000 ) ) ;
#99 = EDGE_LOOP ( 'NONE', ( #1123, #538, #1249, #1244, #49 ) ) ;
#100 = CARTESIAN_POINT ( 'NONE',  ( -28.00000000000001066, -4.768407890765049865E-14, 7.500000000000017764 ) ) ;
#101 = ORIENTED_EDGE ( 'NONE', *, *, #1171, .T. ) ;
#102 = CARTESIAN_POINT ( 'NONE',  ( -19.00000000000001776, 3.499999999999997780, 8.500000000000000000 ) ) ;
#103 = PRODUCT_RELATED_PRODUCT_CATEGORY ( 'part', '', ( #863 ) ) ;
#104 = DIRECTION ( 'NONE',  ( 1.000000000000000000, 0.000000000000000000, 0.000000000000000000 ) ) ;
#105 = CYLINDRICAL_SURFACE ( 'NONE', #1345, 12.09999999999999964 ) ;
#106 = ORIENTED_EDGE ( 'NONE', *, *, #735, .F. ) ;
#107 = CARTESIAN_POINT ( 'NONE',  ( 19.00000000000001776, 3.499999999999997780, 2.500000000000000444 ) ) ;
#108 = FACE_OUTER_BOUND ( 'NONE', #899, .T. ) ;
#109 = CARTESIAN_POINT ( 'NONE',  ( -22.00000000000001066, 0.000000000000000000, 2.500000000000000000 ) ) ;
#110 = DIRECTION ( 'NONE',  ( 1.000000000000000000, 0.000000000000000000, 0.000000000000000000 ) ) ;
#111 = ORIENTED_EDGE ( 'NONE', *, *, #1188, .F. ) ;
#112 = DIRECTION ( 'NONE',  ( 1.000000000000000000, 0.000000000000000000, 0.000000000000000000 ) ) ;
#113 = FACE_BOUND ( 'NONE', #920, .T. ) ;
#114 = CIRCLE ( 'NONE', #474, 1.999999999999999112 ) ;
#115 =( LENGTH_UNIT ( ) NAMED_UNIT ( * ) SI_UNIT ( .MILLI., .METRE. ) );
#116 = DIRECTION ( 'NONE',  ( 1.000000000000000000, 0.000000000000000000, 0.000000000000000000 ) ) ;
#117 = ADVANCED_FACE ( 'NONE', ( #415 ), #967, .T. ) ;
#118 = ORIENTED_EDGE ( 'NONE', *, *, #297, .F. ) ;
#119 = LINE ( 'NONE', #13, #990 ) ;
#120 = ORIENTED_EDGE ( 'NONE', *, *, #304, .T. ) ;
#121 = CARTESIAN_POINT ( 'NONE',  ( 22.00000000000001066, 4.000000000000005329, 2.500000000000000000 ) ) ;
#122 = APPLICATION_CONTEXT ( 'automotive_design' ) ;
#123 =( NAMED_UNIT ( * ) SI_UNIT ( $, .STERADIAN. ) SOLID_ANGLE_UNIT ( ) );
#124 = ORIENTED_EDGE ( 'NONE', *, *, #1010, .T. ) ;
#125 = UNCERTAINTY_MEASURE_WITH_UNIT (LENGTH_MEASURE( 1.000000000000000082E-05 ), #27, 'distance_accuracy_value', 'NONE');
#126 = DIRECTION ( 'NONE',  ( -0.000000000000000000, -0.000000000000000000, -1.000000000000000000 ) ) ;
#127 = EDGE_CURVE ( 'NONE', #750, #321, #499, .T. ) ;
#128 = ORIENTED_EDGE ( 'NONE', *, *, #442, .T. ) ;
#129 = FACE_OUTER_BOUND ( 'NONE', #701, .T. ) ;
#130 =( NAMED_UNIT ( * ) SI_UNIT ( $, .STERADIAN. ) SOLID_ANGLE_UNIT ( ) );
#131 = CIRCLE ( 'NONE', #309, 1.000000000000000888 ) ;
#132 = CARTESIAN_POINT ( 'NONE',  ( 0.000000000000000000, 0.000000000000000000, 12.50000000000000000 ) ) ;
#133 = ORIENTED_EDGE ( 'NONE', *, *, #227, .T. ) ;
#134 = FACE_OUTER_BOUND ( 'NONE', #738, .T. ) ;
#135 = VERTEX_POINT ( 'NONE', #211 ) ;
#136 = CARTESIAN_POINT ( 'NONE',  ( 8.279362044434767676E-16, -7.000000000000007994, 2.500000000000000000 ) ) ;
#137 = ADVANCED_FACE ( 'NONE', ( #113, #94 ), #232, .F. ) ;
#138 = DIRECTION ( 'NONE',  ( -0.000000000000000000, 0.000000000000000000, 1.000000000000000000 ) ) ;
#139 = ORIENTED_EDGE ( 'NONE', *, *, #1143, .T. ) ;
#140 = DIRECTION ( 'NONE',  ( -1.000000000000000000, -4.440892098500626162E-16, 1.339817193382324612E-15 ) ) ;
#141 = EDGE_LOOP ( 'NONE', ( #274, #35, #255, #412 ) ) ;
#142 = DIRECTION ( 'NONE',  ( 0.000000000000000000, -1.000000000000000000, 8.673617379884027583E-16 ) ) ;
#143 = ADVANCED_FACE ( 'NONE', ( #956 ), #974, .T. ) ;
#144 = ADVANCED_FACE ( 'NONE', ( #224 ), #205, .F. ) ;
#145 = DIRECTION ( 'NONE',  ( -1.000000000000000000, 0.000000000000000000, 0.000000000000000000 ) ) ;
#146 = EDGE_LOOP ( 'NONE', ( #391, #789, #1072, #840 ) ) ;
#147 = CARTESIAN_POINT ( 'NONE',  ( -22.00000000000001066, -4.000000000000010658, 12.50000000000000000 ) ) ;
#148 = APPLICATION_CONTEXT ( 'automotive_design' ) ;
#149 = ORIENTED_EDGE ( 'NONE', *, *, #1030, .T. ) ;
#150 = LINE ( 'NONE', #1124, #846 ) ;
#151 = ADVANCED_FACE ( 'NONE', ( #108 ), #437, .F. ) ;
#152 = DIRECTION ( 'NONE',  ( -1.000000000000000000, 0.000000000000000000, 0.000000000000000000 ) ) ;
#153 = ADVANCED_FACE ( 'NONE', ( #1388 ), #217, .T. ) ;
#154 = ORIENTED_EDGE ( 'NONE', *, *, #525, .T. ) ;
#155 = DIRECTION ( 'NONE',  ( 0.000000000000000000, -1.000000000000000000, 0.000000000000000000 ) ) ;
#156 = VERTEX_POINT ( 'NONE', #856 ) ;
#157 = LINE ( 'NONE', #1214, #161 ) ;
#158 = CARTESIAN_POINT ( 'NONE',  ( -22.00000000000001066, -8.972915159005937396E-16, 7.500000000000000888 ) ) ;
#159 = VECTOR ( 'NONE', #97, 1000.000000000000000 ) ;
#160 = ORIENTED_EDGE ( 'NONE', *, *, #427, .F. ) ;
#161 = VECTOR ( 'NONE', #1201, 1000.000000000000000 ) ;
#162 = CARTESIAN_POINT ( 'NONE',  ( 0.000000000000000000, 0.000000000000000000, 2.500000000000000000 ) ) ;
#163 = EDGE_CURVE ( 'NONE', #1024, #202, #1182, .T. ) ;
#164 = VERTEX_POINT ( 'NONE', #327 ) ;
#165 = CARTESIAN_POINT ( 'NONE',  ( -16.65707521604611685, -4.000000000000857092, 7.499999999999978684 ) ) ;
#166 = DIRECTION ( 'NONE',  ( 1.000000000000000000, -0.000000000000000000, -0.000000000000000000 ) ) ;
#167 = ORIENTED_EDGE ( 'NONE', *, *, #1284, .T. ) ;
#168 = PLANE ( 'NONE',  #723 ) ;
#169 = ORIENTED_EDGE ( 'NONE', *, *, #941, .F. ) ;
#170 = EDGE_CURVE ( 'NONE', #156, #202, #310, .T. ) ;
#171 = CARTESIAN_POINT ( 'NONE',  ( -17.65707521604591435, 7.000000000000000888, 7.499999999999828582 ) ) ;
#172 = PRODUCT_DEFINITION_FORMATION_WITH_SPECIFIED_SOURCE ( 'å¯', '', #863, .NOT_KNOWN. ) ;
#173 = CARTESIAN_POINT ( 'NONE',  ( -16.65707521604591435, 9.999999999999134914, 7.499999999999825917 ) ) ;
#174 = CARTESIAN_POINT ( 'NONE',  ( -16.65707521604590013, 5.999999999999137579, 7.499999999999840128 ) ) ;
#175 = AXIS2_PLACEMENT_3D ( 'NONE', #1290, #79, #214 ) ;
#176 = DIRECTION ( 'NONE',  ( 1.000000000000000000, 1.182766006347822616E-16, 0.000000000000000000 ) ) ;
#177 = AXIS2_PLACEMENT_3D ( 'NONE', #718, #823, #46 ) ;
#178 = VERTEX_POINT ( 'NONE', #1287 ) ;
#179 = CARTESIAN_POINT ( 'NONE',  ( -23.00000000000001066, -8.972915159005937396E-16, 7.500000000000000888 ) ) ;
#180 = CYLINDRICAL_SURFACE ( 'NONE', #522, 1.000000000000000888 ) ;
#181 = EDGE_CURVE ( 'NONE', #1354, #888, #319, .T. ) ;
#182 = DIRECTION ( 'NONE',  ( -4.996003610813215279E-16, 1.000000000000000000, -7.755080060849886569E-16 ) ) ;
#183 = CIRCLE ( 'NONE', #968, 1.000000000000000888 ) ;
#184 = EDGE_LOOP ( 'NONE', ( #835, #928, #207, #884 ) ) ;
#185 = CARTESIAN_POINT ( 'NONE',  ( -23.00000000000001066, -8.972915159005937396E-16, 7.500000000000000888 ) ) ;
#186 = AXIS2_PLACEMENT_3D ( 'NONE', #102, #1382, #3 ) ;
#187 = VECTOR ( 'NONE', #479, 1000.000000000000000 ) ;
#188 = ORIENTED_EDGE ( 'NONE', *, *, #259, .T. ) ;
#189 = CARTESIAN_POINT ( 'NONE',  ( -17.65707521604611685, -4.000000000000857980, 7.500000000000005329 ) ) ;
#190 = EDGE_CURVE ( 'NONE', #1306, #1008, #656, .T. ) ;
#191 = CARTESIAN_POINT ( 'NONE',  ( -27.79999999999996518, -1.865000000000047287, 7.500000000000022204 ) ) ;
#192 = DIRECTION ( 'NONE',  ( -4.996003610813204432E-16, 1.000000000000000000, -7.755080060849886569E-16 ) ) ;
#193 = FACE_OUTER_BOUND ( 'NONE', #894, .T. ) ;
#194 = ORIENTED_EDGE ( 'NONE', *, *, #762, .F. ) ;
#195 = LINE ( 'NONE', #504, #866 ) ;
#196 = CARTESIAN_POINT ( 'NONE',  ( -19.00000000000001776, -3.499999999999997780, 8.500000000000000000 ) ) ;
#197 = CARTESIAN_POINT ( 'NONE',  ( 8.279362044434767676E-16, -7.000000000000007994, 0.000000000000000000 ) ) ;
#198 = EDGE_CURVE ( 'NONE', #164, #337, #233, .T. ) ;
#199 = FACE_BOUND ( 'NONE', #854, .T. ) ;
#200 = EDGE_CURVE ( 'NONE', #47, #1380, #800, .T. ) ;
#201 = COLOUR_RGB ( '',0.7921568627450980005, 0.8196078431372548767, 0.9333333333333333481 ) ;
#202 = VERTEX_POINT ( 'NONE', #370 ) ;
#203 = CARTESIAN_POINT ( 'NONE',  ( 19.00000000000001776, 3.499999999999997780, 6.500000000000000888 ) ) ;
#204 = CIRCLE ( 'NONE', #1167, 1.000000000000000888 ) ;
#205 = CYLINDRICAL_SURFACE ( 'NONE', #186, 2.049999999999999822 ) ;
#206 = CARTESIAN_POINT ( 'NONE',  ( -14.43482522486866060, -7.000000000000009770, 12.50000000000000000 ) ) ;
#207 = ORIENTED_EDGE ( 'NONE', *, *, #400, .T. ) ;
#208 = VECTOR ( 'NONE', #261, 1000.000000000000000 ) ;
#209 = FACE_OUTER_BOUND ( 'NONE', #222, .T. ) ;
#210 = ADVANCED_FACE ( 'NONE', ( #129 ), #456, .F. ) ;
#211 = CARTESIAN_POINT ( 'NONE',  ( 9.869650449737314091, 7.000000000000003553, 2.500000000000000000 ) ) ;
#212 = CARTESIAN_POINT ( 'NONE',  ( 19.00000000000001066, -4.000000000000005329, 2.500000000000000000 ) ) ;
#213 = EDGE_LOOP ( 'NONE', ( #530, #1127 ) ) ;
#214 = DIRECTION ( 'NONE',  ( -0.000000000000000000, 0.000000000000000000, -1.000000000000000000 ) ) ;
#215 = ORIENTED_EDGE ( 'NONE', *, *, #708, .T. ) ;
#216 = DIRECTION ( 'NONE',  ( 1.000000000000000000, 0.000000000000000000, 0.000000000000000000 ) ) ;
#217 = CYLINDRICAL_SURFACE ( 'NONE', #473, 1.999999999999998224 ) ;
#218 = CARTESIAN_POINT ( 'NONE',  ( 0.000000000000000000, 0.000000000000000000, 2.500000000000000000 ) ) ;
#219 = CIRCLE ( 'NONE', #809, 2.049999999999999822 ) ;
#220 = ORIENTED_EDGE ( 'NONE', *, *, #73, .F. ) ;
#221 = CYLINDRICAL_SURFACE ( 'NONE', #1232, 2.999999999999999112 ) ;
#222 = EDGE_LOOP ( 'NONE', ( #694, #1340, #483, #873 ) ) ;
#223 = CARTESIAN_POINT ( 'NONE',  ( 19.00000000000001776, 3.499999999999997780, 6.500000000000000888 ) ) ;
#224 = FACE_OUTER_BOUND ( 'NONE', #797, .T. ) ;
#225 = AXIS2_PLACEMENT_3D ( 'NONE', #1250, #68, #387 ) ;
#226 = DIRECTION ( 'NONE',  ( 1.000000000000000000, 0.000000000000000000, 0.000000000000000000 ) ) ;
#227 = EDGE_CURVE ( 'NONE', #481, #229, #1309, .T. ) ;
#228 = CARTESIAN_POINT ( 'NONE',  ( -29.99999999999995737, -1.000000000000049516, 7.500000000000021316 ) ) ;
#229 = VERTEX_POINT ( 'NONE', #577 ) ;
#230 = CARTESIAN_POINT ( 'NONE',  ( -29.99999999999995737, 0.9999999999999522604, 7.500000000000019540 ) ) ;
#231 = VECTOR ( 'NONE', #1316, 1000.000000000000000 ) ;
#232 = PLANE ( 'NONE',  #26 ) ;
#233 = CIRCLE ( 'NONE', #1011, 1.000000000000000888 ) ;
#234 = AXIS2_PLACEMENT_3D ( 'NONE', #1329, #790, #364 ) ;
#235 = EDGE_CURVE ( 'NONE', #972, #396, #805, .T. ) ;
#236 = ORIENTED_EDGE ( 'NONE', *, *, #787, .T. ) ;
#237 = CARTESIAN_POINT ( 'NONE',  ( -23.99999999999995737, -4.163336342344337027E-14, 7.500000000000020428 ) ) ;
#238 = ORIENTED_EDGE ( 'NONE', *, *, #1075, .T. ) ;
#239 = CARTESIAN_POINT ( 'NONE',  ( 19.00000000000001776, -3.499999999999997780, 6.500000000000000888 ) ) ;
#240 = CARTESIAN_POINT ( 'NONE',  ( 0.000000000000000000, 0.000000000000000000, 0.000000000000000000 ) ) ;
#241 = ORIENTED_EDGE ( 'NONE', *, *, #457, .F. ) ;
#242 = AXIS2_PLACEMENT_3D ( 'NONE', #1372, #410, #864 ) ;
#243 = EDGE_CURVE ( 'NONE', #62, #1210, #901, .T. ) ;
#244 = ORIENTED_EDGE ( 'NONE', *, *, #384, .F. ) ;
#245 = PLANE ( 'NONE',  #890 ) ;
#246 = AXIS2_PLACEMENT_3D ( 'NONE', #1015, #182, #1230 ) ;
#247 = CARTESIAN_POINT ( 'NONE',  ( 22.00000000000001066, 4.000000000000005329, 0.000000000000000000 ) ) ;
#248 = ORIENTED_EDGE ( 'NONE', *, *, #776, .F. ) ;
#249 = DIRECTION ( 'NONE',  ( -0.000000000000000000, 0.000000000000000000, 1.000000000000000000 ) ) ;
#250 = VERTEX_POINT ( 'NONE', #258 ) ;
#251 = DIRECTION ( 'NONE',  ( 0.000000000000000000, -1.000000000000000000, 8.673617379884027583E-16 ) ) ;
#252 = CIRCLE ( 'NONE', #1375, 2.000000000000001776 ) ;
#253 = DIRECTION ( 'NONE',  ( -0.000000000000000000, 0.000000000000000000, 1.000000000000000000 ) ) ;
#254 = CIRCLE ( 'NONE', #994, 12.09999999999999964 ) ;
#255 = ORIENTED_EDGE ( 'NONE', *, *, #235, .F. ) ;
#256 = DIRECTION ( 'NONE',  ( 0.000000000000000000, 0.000000000000000000, -1.000000000000000000 ) ) ;
#257 = ORIENTED_EDGE ( 'NONE', *, *, #1293, .F. ) ;
#258 = CARTESIAN_POINT ( 'NONE',  ( -23.00000000000001066, -1.999999999999999556, 7.500000000000000888 ) ) ;
#259 = EDGE_CURVE ( 'NONE', #337, #164, #910, .T. ) ;
#260 = EDGE_LOOP ( 'NONE', ( #154, #20 ) ) ;
#261 = DIRECTION ( 'NONE',  ( -0.000000000000000000, -0.000000000000000000, -1.000000000000000000 ) ) ;
#262 = ORIENTED_EDGE ( 'NONE', *, *, #93, .F. ) ;
#263 = AXIS2_PLACEMENT_3D ( 'NONE', #109, #311, #303 ) ;
#264 = CARTESIAN_POINT ( 'NONE',  ( -28.00000000000001066, 1.999999999999996225, 7.500000000000000888 ) ) ;
#265 = CARTESIAN_POINT ( 'NONE',  ( 19.00000000000001776, -3.499999999999997780, 6.500000000000000888 ) ) ;
#266 = VECTOR ( 'NONE', #51, 1000.000000000000000 ) ;
#267 = ORIENTED_EDGE ( 'NONE', *, *, #1010, .F. ) ;
#268 = DIRECTION ( 'NONE',  ( 0.000000000000000000, 0.000000000000000000, -1.000000000000000000 ) ) ;
#269 = ORIENTED_EDGE ( 'NONE', *, *, #836, .T. ) ;
#270 = DIRECTION ( 'NONE',  ( 0.000000000000000000, 0.000000000000000000, 1.000000000000000000 ) ) ;
#271 = CIRCLE ( 'NONE', #821, 2.999999999999999112 ) ;
#272 = CARTESIAN_POINT ( 'NONE',  ( -19.00000000000001776, -3.499999999999997780, 12.50000000000000000 ) ) ;
#273 = EDGE_CURVE ( 'NONE', #750, #1306, #1228, .T. ) ;
#274 = ORIENTED_EDGE ( 'NONE', *, *, #905, .F. ) ;
#275 = AXIS2_PLACEMENT_3D ( 'NONE', #1369, #1027, #401 ) ;
#276 = CARTESIAN_POINT ( 'NONE',  ( 9.869650449737314091, 7.000000000000003553, 2.500000000000000000 ) ) ;
#277 = ORIENTED_EDGE ( 'NONE', *, *, #1000, .T. ) ;
#278 = CARTESIAN_POINT ( 'NONE',  ( -15.65707521604611507, -4.000000000000856204, 7.499999999999976907 ) ) ;
#279 = PLANE ( 'NONE',  #772 ) ;
#280 = CARTESIAN_POINT ( 'NONE',  ( 19.00000000000001066, 4.000000000000005329, 2.500000000000000000 ) ) ;
#281 = ORIENTED_EDGE ( 'NONE', *, *, #596, .F. ) ;
#282 = CARTESIAN_POINT ( 'NONE',  ( 0.000000000000000000, 0.000000000000000000, 2.500000000000000000 ) ) ;
#283 = ORIENTED_EDGE ( 'NONE', *, *, #1002, .F. ) ;
#284 = DIRECTION ( 'NONE',  ( 0.000000000000000000, 0.000000000000000000, 1.000000000000000000 ) ) ;
#285 = CARTESIAN_POINT ( 'NONE',  ( -19.00000000000001776, 3.499999999999997780, 12.50000000000000000 ) ) ;
#286 = ORIENTED_EDGE ( 'NONE', *, *, #815, .T. ) ;
#287 = DIRECTION ( 'NONE',  ( -0.000000000000000000, -0.000000000000000000, -1.000000000000000000 ) ) ;
#288 = ORIENTED_EDGE ( 'NONE', *, *, #1194, .T. ) ;
#289 = EDGE_CURVE ( 'NONE', #466, #1135, #930, .T. ) ;
#290 = FACE_BOUND ( 'NONE', #721, .T. ) ;
#291 = AXIS2_PLACEMENT_3D ( 'NONE', #1092, #249, #794 ) ;
#292 = ORIENTED_EDGE ( 'NONE', *, *, #951, .F. ) ;
#293 = DIRECTION ( 'NONE',  ( -0.000000000000000000, -0.000000000000000000, -1.000000000000000000 ) ) ;
#294 = VECTOR ( 'NONE', #999, 1000.000000000000000 ) ;
#295 = FACE_BOUND ( 'NONE', #587, .T. ) ;
#296 = CARTESIAN_POINT ( 'NONE',  ( -16.65707521604611685, -7.000000000000009770, 7.500000000000004441 ) ) ;
#297 = EDGE_CURVE ( 'NONE', #907, #229, #405, .T. ) ;
#298 = ORIENTED_EDGE ( 'NONE', *, *, #1171, .F. ) ;
#299 = CARTESIAN_POINT ( 'NONE',  ( -8.279362044434761760E-16, 7.000000000000002665, 0.000000000000000000 ) ) ;
#300 = EDGE_CURVE ( 'NONE', #972, #582, #150, .T. ) ;
#301 = FACE_OUTER_BOUND ( 'NONE', #1310, .T. ) ;
#302 = VERTEX_POINT ( 'NONE', #463 ) ;
#303 = DIRECTION ( 'NONE',  ( 0.000000000000000000, 0.000000000000000000, 1.000000000000000000 ) ) ;
#304 = EDGE_CURVE ( 'NONE', #76, #896, #71, .T. ) ;
#305 = CYLINDRICAL_SURFACE ( 'NONE', #964, 2.999999999999999112 ) ;
#306 = MECHANICAL_DESIGN_GEOMETRIC_PRESENTATION_REPRESENTATION (  '', ( #922 ), #1076 ) ;
#307 = ORIENTED_EDGE ( 'NONE', *, *, #632, .F. ) ;
#308 = DIRECTION ( 'NONE',  ( -0.000000000000000000, -0.000000000000000000, -1.000000000000000000 ) ) ;
#309 = AXIS2_PLACEMENT_3D ( 'NONE', #1090, #886, #1313 ) ;
#310 = LINE ( 'NONE', #1294, #1264 ) ;
#311 = DIRECTION ( 'NONE',  ( -1.000000000000000000, 0.000000000000000000, 0.000000000000000000 ) ) ;
#312 = CARTESIAN_POINT ( 'NONE',  ( -16.65707521604591435, 7.000000000000000888, 7.499999999999828582 ) ) ;
#313 = CARTESIAN_POINT ( 'NONE',  ( -22.00000000000001066, -4.000000000000010658, 0.000000000000000000 ) ) ;
#314 = EDGE_CURVE ( 'NONE', #324, #385, #157, .T. ) ;
#315 = ORIENTED_EDGE ( 'NONE', *, *, #127, .F. ) ;
#316 = VECTOR ( 'NONE', #1360, 1000.000000000000000 ) ;
#317 = CARTESIAN_POINT ( 'NONE',  ( -8.279362044434761760E-16, 7.000000000000002665, 2.500000000000000000 ) ) ;
#318 = AXIS2_PLACEMENT_3D ( 'NONE', #312, #1177, #336 ) ;
#319 = LINE ( 'NONE', #1073, #726 ) ;
#320 = VECTOR ( 'NONE', #470, 1000.000000000000000 ) ;
#321 = VERTEX_POINT ( 'NONE', #590 ) ;
#322 = CARTESIAN_POINT ( 'NONE',  ( -22.00000000000001066, -4.000000000000010658, 2.500000000000000000 ) ) ;
#323 = DIRECTION ( 'NONE',  ( -0.000000000000000000, 0.000000000000000000, 1.000000000000000000 ) ) ;
#324 = VERTEX_POINT ( 'NONE', #892 ) ;
#325 = DIRECTION ( 'NONE',  ( -1.000000000000000000, 0.000000000000000000, 0.000000000000000000 ) ) ;
#326 = EDGE_CURVE ( 'NONE', #819, #1070, #799, .T. ) ;
#327 = CARTESIAN_POINT ( 'NONE',  ( -23.99999999999995026, 0.9999999999999592548, 7.500000000000014211 ) ) ;
#328 = CARTESIAN_POINT ( 'NONE',  ( 19.00000000000001776, -3.499999999999997780, 2.500000000000000444 ) ) ;
#329 = EDGE_LOOP ( 'NONE', ( #1240, #817, #169, #671 ) ) ;
#330 = FACE_OUTER_BOUND ( 'NONE', #545, .T. ) ;
#331 = VECTOR ( 'NONE', #1112, 1000.000000000000000 ) ;
#332 = DIRECTION ( 'NONE',  ( -0.000000000000000000, -0.000000000000000000, 1.000000000000000000 ) ) ;
#333 = CIRCLE ( 'NONE', #944, 2.999999999999999112 ) ;
#334 = ADVANCED_FACE ( 'NONE', ( #341 ), #679, .F. ) ;
#335 = APPLICATION_PROTOCOL_DEFINITION ( 'draft international standard', 'automotive_design', 1998, #122 ) ;
#336 = DIRECTION ( 'NONE',  ( -1.000000000000000000, 0.000000000000000000, 0.000000000000000000 ) ) ;
#337 = VERTEX_POINT ( 'NONE', #561 ) ;
#338 = PLANE ( 'NONE',  #45 ) ;
#339 = AXIS2_PLACEMENT_3D ( 'NONE', #1292, #862, #216 ) ;
#340 = ORIENTED_EDGE ( 'NONE', *, *, #836, .F. ) ;
#341 = FACE_OUTER_BOUND ( 'NONE', #353, .T. ) ;
#342 = AXIS2_PLACEMENT_3D ( 'NONE', #897, #44, #251 ) ;
#343 = EDGE_CURVE ( 'NONE', #692, #396, #1223, .T. ) ;
#344 = ADVANCED_FACE ( 'NONE', ( #449 ), #23, .T. ) ;
#345 = CARTESIAN_POINT ( 'NONE',  ( 19.00000000000001776, -3.499999999999997780, 6.500000000000000888 ) ) ;
#346 = ORIENTED_EDGE ( 'NONE', *, *, #93, .T. ) ;
#347 = CARTESIAN_POINT ( 'NONE',  ( -28.00000000000001066, 1.999999999999996225, 7.500000000000000888 ) ) ;
#348 = ORIENTED_EDGE ( 'NONE', *, *, #604, .F. ) ;
#349 = DIRECTION ( 'NONE',  ( -1.182766006347822616E-16, 1.000000000000000000, 0.000000000000000000 ) ) ;
#350 = DIRECTION ( 'NONE',  ( 0.000000000000000000, 0.000000000000000000, 1.000000000000000000 ) ) ;
#351 = CARTESIAN_POINT ( 'NONE',  ( 8.279362044434767676E-16, -7.000000000000007994, 0.000000000000000000 ) ) ;
#352 = PRODUCT_DEFINITION ( 'æ™', '', #172, #565 ) ;
#353 = EDGE_LOOP ( 'NONE', ( #757, #430 ) ) ;
#354 = LINE ( 'NONE', #1100, #25 ) ;
#355 = ORIENTED_EDGE ( 'NONE', *, *, #632, .T. ) ;
#356 = DIRECTION ( 'NONE',  ( 1.000000000000000000, 0.000000000000000000, 0.000000000000000000 ) ) ;
#357 = VECTOR ( 'NONE', #536, 1000.000000000000000 ) ;
#358 = DIRECTION ( 'NONE',  ( -0.000000000000000000, -0.000000000000000000, 1.000000000000000000 ) ) ;
#359 = CARTESIAN_POINT ( 'NONE',  ( -27.79999999999996518, -5.551115123125782702E-14, 7.500000000000020428 ) ) ;
#360 = ORIENTED_EDGE ( 'NONE', *, *, #586, .T. ) ;
#361 = DIRECTION ( 'NONE',  ( 1.000000000000000000, 0.000000000000000000, 0.000000000000000000 ) ) ;
#362 = ADVANCED_FACE ( 'NONE', ( #1206 ), #245, .F. ) ;
#363 = ORIENTED_EDGE ( 'NONE', *, *, #1181, .F. ) ;
#364 = DIRECTION ( 'NONE',  ( 1.000000000000000000, 0.000000000000000000, 0.000000000000000000 ) ) ;
#365 = VECTOR ( 'NONE', #287, 1000.000000000000000 ) ;
#366 = DIRECTION ( 'NONE',  ( 1.000000000000000000, 0.000000000000000000, 0.000000000000000000 ) ) ;
#367 = ORIENTED_EDGE ( 'NONE', *, *, #996, .T. ) ;
#368 = CARTESIAN_POINT ( 'NONE',  ( -22.00000000000001066, -8.972915159005937396E-16, 10.49999999999999822 ) ) ;
#369 = ORIENTED_EDGE ( 'NONE', *, *, #518, .T. ) ;
#370 = CARTESIAN_POINT ( 'NONE',  ( 22.00000000000001066, 4.000000000000005329, 2.500000000000000000 ) ) ;
#371 = ORIENTED_EDGE ( 'NONE', *, *, #409, .F. ) ;
#372 = DIRECTION ( 'NONE',  ( -1.000000000000000000, -1.182766006347822616E-16, 0.000000000000000000 ) ) ;
#373 = EDGE_LOOP ( 'NONE', ( #649, #1366, #1308, #516 ) ) ;
#374 = CARTESIAN_POINT ( 'NONE',  ( 22.00000000000001066, -4.000000000000005329, 2.500000000000000000 ) ) ;
#375 = ADVANCED_FACE ( 'NONE', ( #511 ), #1149, .F. ) ;
#376 = DIRECTION ( 'NONE',  ( -1.000000000000000000, 0.000000000000000000, 0.000000000000000000 ) ) ;
#377 = CIRCLE ( 'NONE', #1098, 1.000000000000000000 ) ;
#378 = VERTEX_POINT ( 'NONE', #616 ) ;
#379 = LINE ( 'NONE', #492, #1389 ) ;
#380 = VERTEX_POINT ( 'NONE', #843 ) ;
#381 = LINE ( 'NONE', #820, #637 ) ;
#382 = AXIS2_PLACEMENT_3D ( 'NONE', #34, #557, #1199 ) ;
#383 = DIRECTION ( 'NONE',  ( 0.000000000000000000, -1.000000000000000000, 9.301466359125011971E-16 ) ) ;
#384 = EDGE_CURVE ( 'NONE', #156, #609, #1258, .T. ) ;
#385 = VERTEX_POINT ( 'NONE', #171 ) ;
#386 = AXIS2_PLACEMENT_3D ( 'NONE', #1115, #1013, #142 ) ;
#387 = DIRECTION ( 'NONE',  ( 1.000000000000000000, 0.000000000000000000, 0.000000000000000000 ) ) ;
#388 = ORIENTED_EDGE ( 'NONE', *, *, #1358, .F. ) ;
#389 = DIRECTION ( 'NONE',  ( -0.000000000000000000, -0.000000000000000000, 1.000000000000000000 ) ) ;
#390 = DIRECTION ( 'NONE',  ( -0.000000000000000000, 0.000000000000000000, 1.000000000000000000 ) ) ;
#391 = ORIENTED_EDGE ( 'NONE', *, *, #1318, .T. ) ;
#392 = EDGE_CURVE ( 'NONE', #685, #1306, #114, .T. ) ;
#393 = ORIENTED_EDGE ( 'NONE', *, *, #1038, .T. ) ;
#394 = AXIS2_PLACEMENT_3D ( 'NONE', #218, #857, #1183 ) ;
#395 = PLANE ( 'NONE',  #242 ) ;
#396 = VERTEX_POINT ( 'NONE', #1020 ) ;
#397 = AXIS2_PLACEMENT_3D ( 'NONE', #1283, #1069, #958 ) ;
#398 = CARTESIAN_POINT ( 'NONE',  ( -16.65707521604611685, -10.00000000000088995, 7.500000000000007105 ) ) ;
#399 = ORIENTED_EDGE ( 'NONE', *, *, #1239, .T. ) ;
#400 = EDGE_CURVE ( 'NONE', #1254, #47, #812, .T. ) ;
#401 = DIRECTION ( 'NONE',  ( -1.000000000000000000, 0.000000000000000000, 0.000000000000000000 ) ) ;
#402 = ADVANCED_FACE ( 'NONE', ( #295, #1263 ), #1136, .F. ) ;
#403 = LINE ( 'NONE', #299, #1096 ) ;
#404 = CARTESIAN_POINT ( 'NONE',  ( 17.00000000000001776, 3.499999999999997780, 6.500000000000000888 ) ) ;
#405 = CIRCLE ( 'NONE', #822, 10.09999999999999964 ) ;
#406 = ORIENTED_EDGE ( 'NONE', *, *, #507, .F. ) ;
#407 = CARTESIAN_POINT ( 'NONE',  ( -16.65707521604611685, -4.000000000000857092, 7.499999999999978684 ) ) ;
#408 = CARTESIAN_POINT ( 'NONE',  ( 19.00000000000001066, 7.000000000000005329, 2.500000000000000000 ) ) ;
#409 = EDGE_CURVE ( 'NONE', #774, #907, #83, .T. ) ;
#410 = DIRECTION ( 'NONE',  ( -1.000000000000000000, -4.309630731619211009E-16, 0.000000000000000000 ) ) ;
#411 = CYLINDRICAL_SURFACE ( 'NONE', #1302, 1.000000000000000888 ) ;
#412 = ORIENTED_EDGE ( 'NONE', *, *, #807, .F. ) ;
#413 = DIRECTION ( 'NONE',  ( -0.000000000000000000, 0.000000000000000000, -1.000000000000000000 ) ) ;
#414 = PRODUCT_DEFINITION_SHAPE ( 'NONE', 'NONE',  #352 ) ;
#415 = FACE_OUTER_BOUND ( 'NONE', #99, .T. ) ;
#416 = AXIS2_PLACEMENT_3D ( 'NONE', #240, #350, #226 ) ;
#417 = ADVANCED_FACE ( 'NONE', ( #943 ), #70, .F. ) ;
#418 = CARTESIAN_POINT ( 'NONE',  ( -19.00000000000001066, -7.000000000000010658, 12.50000000000000000 ) ) ;
#419 = CIRCLE ( 'NONE', #1208, 2.999999999999999112 ) ;
#420 = VERTEX_POINT ( 'NONE', #1130 ) ;
#421 = DIRECTION ( 'NONE',  ( -1.000000000000000000, 0.000000000000000000, 0.000000000000000000 ) ) ;
#422 = VECTOR ( 'NONE', #1039, 1000.000000000000000 ) ;
#423 = DIRECTION ( 'NONE',  ( -1.000000000000000000, 0.000000000000000000, 0.000000000000000000 ) ) ;
#424 = DIRECTION ( 'NONE',  ( -0.000000000000000000, 0.000000000000000000, 1.000000000000000000 ) ) ;
#425 = CYLINDRICAL_SURFACE ( 'NONE', #397, 2.049999999999999822 ) ;
#426 = AXIS2_PLACEMENT_3D ( 'NONE', #30, #42, #993 ) ;
#427 = EDGE_CURVE ( 'NONE', #428, #472, #28, .T. ) ;
#428 = VERTEX_POINT ( 'NONE', #189 ) ;
#429 = DIRECTION ( 'NONE',  ( -0.000000000000000000, -0.000000000000000000, -1.000000000000000000 ) ) ;
#430 = ORIENTED_EDGE ( 'NONE', *, *, #487, .F. ) ;
#431 = CARTESIAN_POINT ( 'NONE',  ( -23.00000000000001066, -8.972915159005937396E-16, 7.500000000000000888 ) ) ;
#432 = FACE_OUTER_BOUND ( 'NONE', #714, .T. ) ;
#433 = CARTESIAN_POINT ( 'NONE',  ( -9.869650449737310538, -7.000000000000008882, 2.500000000000000000 ) ) ;
#434 = ORIENTED_EDGE ( 'NONE', *, *, #478, .T. ) ;
#435 = DIRECTION ( 'NONE',  ( -0.000000000000000000, -0.000000000000000000, -1.000000000000000000 ) ) ;
#436 = EDGE_CURVE ( 'NONE', #622, #559, #195, .T. ) ;
#437 = CYLINDRICAL_SURFACE ( 'NONE', #1150, 1.000000000000000888 ) ;
#438 = VECTOR ( 'NONE', #938, 1000.000000000000000 ) ;
#439 = DIRECTION ( 'NONE',  ( -0.000000000000000000, -0.000000000000000000, -1.000000000000000000 ) ) ;
#440 = ORIENTED_EDGE ( 'NONE', *, *, #1271, .T. ) ;
#441 = CIRCLE ( 'NONE', #717, 10.09999999999999964 ) ;
#442 = EDGE_CURVE ( 'NONE', #959, #979, #95, .T. ) ;
#443 = EDGE_LOOP ( 'NONE', ( #1099, #462 ) ) ;
#444 = CARTESIAN_POINT ( 'NONE',  ( -28.00000000000001066, -2.632014991877400834E-15, 7.500000000000000888 ) ) ;
#445 = CIRCLE ( 'NONE', #177, 2.999999999999998224 ) ;
#446 = DIRECTION ( 'NONE',  ( -1.000000000000000000, -4.440892098500626162E-16, 1.339817193382324415E-15 ) ) ;
#447 = CARTESIAN_POINT ( 'NONE',  ( 19.00000000000001066, -4.000000000000005329, 2.500000000000000000 ) ) ;
#448 = CIRCLE ( 'NONE', #291, 1.999999999999998224 ) ;
#449 = FACE_OUTER_BOUND ( 'NONE', #879, .T. ) ;
#450 = VECTOR ( 'NONE', #921, 1000.000000000000000 ) ;
#451 = CYLINDRICAL_SURFACE ( 'NONE', #1275, 2.049999999999999822 ) ;
#452 = EDGE_CURVE ( 'NONE', #979, #998, #1355, .T. ) ;
#453 = ORIENTED_EDGE ( 'NONE', *, *, #1358, .T. ) ;
#454 = CARTESIAN_POINT ( 'NONE',  ( -27.79999999999996518, 1.864999999999936264, 7.500000000000016875 ) ) ;
#455 = ORIENTED_EDGE ( 'NONE', *, *, #708, .F. ) ;
#456 = CYLINDRICAL_SURFACE ( 'NONE', #342, 1.000000000000000888 ) ;
#457 = EDGE_CURVE ( 'NONE', #692, #935, #915, .T. ) ;
#458 = CARTESIAN_POINT ( 'NONE',  ( -19.00000000000001066, 4.000000000000000000, 12.50000000000000000 ) ) ;
#459 = VECTOR ( 'NONE', #17, 1000.000000000000000 ) ;
#460 = ORIENTED_EDGE ( 'NONE', *, *, #752, .T. ) ;
#461 = CARTESIAN_POINT ( 'NONE',  ( -23.00000000000001066, -8.972915159005937396E-16, 10.49999999999999822 ) ) ;
#462 = ORIENTED_EDGE ( 'NONE', *, *, #497, .F. ) ;
#463 = CARTESIAN_POINT ( 'NONE',  ( -22.00000000000001066, 4.000000000000000000, 12.50000000000000000 ) ) ;
#464 = CIRCLE ( 'NONE', #488, 2.049999999999999822 ) ;
#465 = CARTESIAN_POINT ( 'NONE',  ( -21.05000000000001492, -3.499999999999997335, 12.50000000000000000 ) ) ;
#466 = VERTEX_POINT ( 'NONE', #1348 ) ;
#467 = DIRECTION ( 'NONE',  ( -4.440892098500626162E-16, 1.000000000000000000, -7.755080060849902346E-16 ) ) ;
#468 = EDGE_CURVE ( 'NONE', #829, #888, #381, .T. ) ;
#469 = ORIENTED_EDGE ( 'NONE', *, *, #586, .F. ) ;
#470 = DIRECTION ( 'NONE',  ( -0.000000000000000000, -0.000000000000000000, 1.000000000000000000 ) ) ;
#471 = AXIS2_PLACEMENT_3D ( 'NONE', #203, #413, #1055 ) ;
#472 = VERTEX_POINT ( 'NONE', #278 ) ;
#473 = AXIS2_PLACEMENT_3D ( 'NONE', #549, #532, #423 ) ;
#474 = AXIS2_PLACEMENT_3D ( 'NONE', #179, #722, #284 ) ;
#475 = DIRECTION ( 'NONE',  ( -1.000000000000000000, -8.673617379884027583E-16, 1.734723475976805517E-15 ) ) ;
#476 = ORIENTED_EDGE ( 'NONE', *, *, #1019, .F. ) ;
#477 = CARTESIAN_POINT ( 'NONE',  ( -15.65707521604590013, 5.999999999999138467, 7.499999999999827693 ) ) ;
#478 = EDGE_CURVE ( 'NONE', #687, #582, #254, .T. ) ;
#479 = DIRECTION ( 'NONE',  ( -0.000000000000000000, -0.000000000000000000, 1.000000000000000000 ) ) ;
#480 = CARTESIAN_POINT ( 'NONE',  ( -23.00000000000001066, -5.298974761563879007E-16, 4.500000000000002665 ) ) ;
#481 = VERTEX_POINT ( 'NONE', #751 ) ;
#482 = DIRECTION ( 'NONE',  ( 1.000000000000000000, 3.469446951953613696E-16, -0.000000000000000000 ) ) ;
#483 = ORIENTED_EDGE ( 'NONE', *, *, #314, .T. ) ;
#484 = VECTOR ( 'NONE', #1216, 1000.000000000000000 ) ;
#485 = DIRECTION ( 'NONE',  ( 0.000000000000000000, -1.000000000000000000, 0.000000000000000000 ) ) ;
#486 = CARTESIAN_POINT ( 'NONE',  ( -19.00000000000001776, -3.499999999999997780, 8.500000000000000000 ) ) ;
#487 = EDGE_CURVE ( 'NONE', #1190, #1151, #571, .T. ) ;
#488 = AXIS2_PLACEMENT_3D ( 'NONE', #1084, #770, #550 ) ;
#489 = LINE ( 'NONE', #1330, #422 ) ;
#490 = CIRCLE ( 'NONE', #1029, 1.999999999999999112 ) ;
#491 = ORIENTED_EDGE ( 'NONE', *, *, #909, .T. ) ;
#492 = CARTESIAN_POINT ( 'NONE',  ( -8.279362044434761760E-16, 7.000000000000002665, 2.500000000000000000 ) ) ;
#493 = ORIENTED_EDGE ( 'NONE', *, *, #1384, .F. ) ;
#494 = DIRECTION ( 'NONE',  ( -0.000000000000000000, 0.000000000000000000, 1.000000000000000000 ) ) ;
#495 = CARTESIAN_POINT ( 'NONE',  ( -23.00000000000001066, -8.972915159005937396E-16, 7.500000000000000888 ) ) ;
#496 = AXIS2_PLACEMENT_3D ( 'NONE', #91, #435, #325 ) ;
#497 = EDGE_CURVE ( 'NONE', #1380, #47, #1109, .T. ) ;
#498 = CARTESIAN_POINT ( 'NONE',  ( 19.00000000000001066, 7.000000000000005329, 0.000000000000000000 ) ) ;
#499 = CIRCLE ( 'NONE', #1353, 1.999999999999998668 ) ;
#500 = ORIENTED_EDGE ( 'NONE', *, *, #1293, .T. ) ;
#501 = AXIS2_PLACEMENT_3D ( 'NONE', #100, #539, #966 ) ;
#502 = CARTESIAN_POINT ( 'NONE',  ( -22.00000000000001066, 0.000000000000000000, 12.50000000000000000 ) ) ;
#503 = ORIENTED_EDGE ( 'NONE', *, *, #762, .T. ) ;
#504 = CARTESIAN_POINT ( 'NONE',  ( -14.43482522486866060, 0.000000000000000000, 2.500000000000000000 ) ) ;
#505 = DIRECTION ( 'NONE',  ( 0.000000000000000000, 0.000000000000000000, 1.000000000000000000 ) ) ;
#506 = DIRECTION ( 'NONE',  ( 0.000000000000000000, 0.000000000000000000, 1.000000000000000000 ) ) ;
#507 = EDGE_CURVE ( 'NONE', #164, #178, #874, .T. ) ;
#508 = CARTESIAN_POINT ( 'NONE',  ( -22.00000000000001066, -5.298974761563878021E-16, 4.500000000000002665 ) ) ;
#509 = LINE ( 'NONE', #53, #1166 ) ;
#510 = ORIENTED_EDGE ( 'NONE', *, *, #1239, .F. ) ;
#511 = FACE_OUTER_BOUND ( 'NONE', #802, .T. ) ;
#512 = AXIS2_PLACEMENT_3D ( 'NONE', #640, #1068, #104 ) ;
#513 = CIRCLE ( 'NONE', #558, 12.09999999999999964 ) ;
#514 = CIRCLE ( 'NONE', #1304, 2.999999999999999112 ) ;
#515 = LINE ( 'NONE', #969, #357 ) ;
#516 = ORIENTED_EDGE ( 'NONE', *, *, #1384, .T. ) ;
#517 = CARTESIAN_POINT ( 'NONE',  ( 22.00000000000001066, -4.000000000000005329, 0.000000000000000000 ) ) ;
#518 = EDGE_CURVE ( 'NONE', #1315, #1078, #524, .T. ) ;
#519 = CARTESIAN_POINT ( 'NONE',  ( -19.00000000000001066, -7.000000000000010658, 0.000000000000000000 ) ) ;
#520 = PLANE ( 'NONE',  #263 ) ;
#521 = FACE_OUTER_BOUND ( 'NONE', #141, .T. ) ;
#522 = AXIS2_PLACEMENT_3D ( 'NONE', #173, #626, #1051 ) ;
#523 = EDGE_LOOP ( 'NONE', ( #1044, #942, #1200, #139 ) ) ;
#524 = LINE ( 'NONE', #634, #682 ) ;
#525 = EDGE_CURVE ( 'NONE', #472, #428, #868, .T. ) ;
#526 = DIRECTION ( 'NONE',  ( 1.000000000000000000, 0.000000000000000000, -0.000000000000000000 ) ) ;
#527 = DIRECTION ( 'NONE',  ( 1.000000000000000000, 1.182766006347822616E-16, 0.000000000000000000 ) ) ;
#528 = EDGE_LOOP ( 'NONE', ( #440, #1026, #731, #1155, #283, #67, #765, #120, #167, #1042, #997, #891 ) ) ;
#529 = DIRECTION ( 'NONE',  ( 1.000000000000000000, 0.000000000000000000, 0.000000000000000000 ) ) ;
#530 = ORIENTED_EDGE ( 'NONE', *, *, #1237, .F. ) ;
#531 = CYLINDRICAL_SURFACE ( 'NONE', #952, 2.000000000000001776 ) ;
#532 = DIRECTION ( 'NONE',  ( -0.000000000000000000, -0.000000000000000000, -1.000000000000000000 ) ) ;
#533 = CARTESIAN_POINT ( 'NONE',  ( 9.869650449737310538, -7.000000000000007105, 2.500000000000000000 ) ) ;
#534 = ADVANCED_FACE ( 'NONE', ( #1270 ), #531, .T. ) ;
#535 = DIRECTION ( 'NONE',  ( -0.000000000000000000, -0.000000000000000000, -1.000000000000000000 ) ) ;
#536 = DIRECTION ( 'NONE',  ( 0.000000000000000000, 0.000000000000000000, -1.000000000000000000 ) ) ;
#537 = AXIS2_PLACEMENT_3D ( 'NONE', #954, #1373, #1184 ) ;
#538 = ORIENTED_EDGE ( 'NONE', *, *, #876, .T. ) ;
#539 = DIRECTION ( 'NONE',  ( -1.000000000000000000, -4.309630731619211009E-16, 0.000000000000000000 ) ) ;
#540 = DIRECTION ( 'NONE',  ( 0.000000000000000000, 1.000000000000000000, 0.000000000000000000 ) ) ;
#541 = CARTESIAN_POINT ( 'NONE',  ( 8.279362044434767676E-16, -7.000000000000007994, 2.500000000000000000 ) ) ;
#542 = EDGE_CURVE ( 'NONE', #622, #918, #739, .T. ) ;
#543 = CARTESIAN_POINT ( 'NONE',  ( -19.00000000000001066, 4.000000000000000000, 2.500000000000000000 ) ) ;
#544 = AXIS2_PLACEMENT_3D ( 'NONE', #650, #1298, #1387 ) ;
#545 = EDGE_LOOP ( 'NONE', ( #1297, #281 ) ) ;
#546 = DIRECTION ( 'NONE',  ( 4.996003610813204432E-16, -1.000000000000000000, 7.755080060849886569E-16 ) ) ;
#547 = VECTOR ( 'NONE', #986, 1000.000000000000000 ) ;
#548 = EDGE_LOOP ( 'NONE', ( #1261, #493, #589, #949, #14, #556 ) ) ;
#549 = CARTESIAN_POINT ( 'NONE',  ( 19.00000000000001776, 3.499999999999997780, 6.500000000000000888 ) ) ;
#550 = DIRECTION ( 'NONE',  ( 1.000000000000000000, 0.000000000000000000, 0.000000000000000000 ) ) ;
#551 = ADVANCED_FACE ( 'NONE', ( #870 ), #1180, .T. ) ;
#552 = ORIENTED_EDGE ( 'NONE', *, *, #893, .T. ) ;
#553 = DIRECTION ( 'NONE',  ( 1.000000000000000000, 1.182766006347822616E-16, 0.000000000000000000 ) ) ;
#554 = ORIENTED_EDGE ( 'NONE', *, *, #715, .T. ) ;
#555 = DIRECTION ( 'NONE',  ( 0.000000000000000000, 0.000000000000000000, 1.000000000000000000 ) ) ;
#556 = ORIENTED_EDGE ( 'NONE', *, *, #1311, .F. ) ;
#557 = DIRECTION ( 'NONE',  ( 0.000000000000000000, 0.000000000000000000, 1.000000000000000000 ) ) ;
#558 = AXIS2_PLACEMENT_3D ( 'NONE', #282, #1346, #1128 ) ;
#559 = VERTEX_POINT ( 'NONE', #1381 ) ;
#560 = ADVANCED_FACE ( 'NONE', ( #1164 ), #644, .F. ) ;
#561 = CARTESIAN_POINT ( 'NONE',  ( -23.99999999999995026, -1.000000000000042633, 7.500000000000021316 ) ) ;
#562 = AXIS2_PLACEMENT_3D ( 'NONE', #158, #166, #917 ) ;
#563 = SURFACE_STYLE_USAGE ( .BOTH. , #980 ) ;
#564 = EDGE_LOOP ( 'NONE', ( #188, #576 ) ) ;
#565 = PRODUCT_DEFINITION_CONTEXT ( 'detailed design', #122, 'design' ) ;
#566 = DIRECTION ( 'NONE',  ( 1.000000000000000000, 4.440892098500615808E-16, -1.339817193382324415E-15 ) ) ;
#567 = VECTOR ( 'NONE', #268, 1000.000000000000000 ) ;
#568 = ORIENTED_EDGE ( 'NONE', *, *, #343, .F. ) ;
#569 = DIRECTION ( 'NONE',  ( -1.000000000000000000, 0.000000000000000000, 0.000000000000000000 ) ) ;
#570 = EDGE_CURVE ( 'NONE', #1251, #52, #252, .T. ) ;
#571 = CIRCLE ( 'NONE', #1356, 2.000000000000001776 ) ;
#572 = DIRECTION ( 'NONE',  ( 1.000000000000000000, 0.000000000000000000, 0.000000000000000000 ) ) ;
#573 = FILL_AREA_STYLE_COLOUR ( '', #201 ) ;
#574 = ORIENTED_EDGE ( 'NONE', *, *, #824, .F. ) ;
#575 = CARTESIAN_POINT ( 'NONE',  ( -15.65707521604591257, 7.000000000000000888, 7.499999999999827693 ) ) ;
#576 = ORIENTED_EDGE ( 'NONE', *, *, #198, .T. ) ;
#577 = CARTESIAN_POINT ( 'NONE',  ( 10.09999999999999964, 1.236893267138826614E-15, 0.000000000000000000 ) ) ;
#578 = ADVANCED_FACE ( 'NONE', ( #330 ), #1071, .F. ) ;
#579 = CARTESIAN_POINT ( 'NONE',  ( -23.00000000000001066, -8.972915159005937396E-16, 7.500000000000000888 ) ) ;
#580 = ORIENTED_EDGE ( 'NONE', *, *, #227, .F. ) ;
#581 = DIRECTION ( 'NONE',  ( 0.000000000000000000, -1.000000000000000000, 0.000000000000000000 ) ) ;
#582 = VERTEX_POINT ( 'NONE', #1185 ) ;
#583 = CARTESIAN_POINT ( 'NONE',  ( 19.00000000000001066, 7.000000000000005329, 0.000000000000000000 ) ) ;
#584 = CIRCLE ( 'NONE', #1371, 2.000000000000001776 ) ;
#585 = PLANE ( 'NONE',  #61 ) ;
#586 = EDGE_CURVE ( 'NONE', #420, #998, #89, .T. ) ;
#587 = EDGE_LOOP ( 'NONE', ( #875, #1347 ) ) ;
#588 = DIRECTION ( 'NONE',  ( 1.000000000000000000, 0.000000000000000000, 0.000000000000000000 ) ) ;
#589 = ORIENTED_EDGE ( 'NONE', *, *, #662, .F. ) ;
#590 = CARTESIAN_POINT ( 'NONE',  ( -28.00000000000001066, -2.000000000000001332, 7.500000000000000888 ) ) ;
#591 = CLOSED_SHELL ( 'NONE', ( #932, #885, #867, #90, #806, #144, #962, #1093, #24, #117, #859, #1328, #344, #971, #769, #1336, #137, #670, #362, #560, #417, #402, #978, #1341, #551, #924, #916, #987, #611, #1299, #153, #578, #534, #334, #375, #80, #1393, #143, #1257, #1153, #599, #151, #1161, #652, #210, #681, #1195 ) ) ;
#592 = AXIS2_PLACEMENT_3D ( 'NONE', #702, #1363, #270 ) ;
#593 = DIRECTION ( 'NONE',  ( -1.000000000000000000, -4.440892098500626162E-16, 1.339817193382324415E-15 ) ) ;
#594 = EDGE_LOOP ( 'NONE', ( #1094, #1362, #460, #1213 ) ) ;
#595 = UNCERTAINTY_MEASURE_WITH_UNIT (LENGTH_MEASURE( 1.000000000000000082E-05 ), #115, 'distance_accuracy_value', 'NONE');
#596 = EDGE_CURVE ( 'NONE', #979, #959, #1035, .T. ) ;
#597 = ORIENTED_EDGE ( 'NONE', *, *, #525, .F. ) ;
#598 = CARTESIAN_POINT ( 'NONE',  ( -14.43482522486866060, 0.000000000000000000, 12.50000000000000000 ) ) ;
#599 = ADVANCED_FACE ( 'NONE', ( #209 ), #1065, .F. ) ;
#600 = DIRECTION ( 'NONE',  ( 0.000000000000000000, -1.000000000000000000, 9.301466359125011971E-16 ) ) ;
#601 = DIRECTION ( 'NONE',  ( 0.000000000000000000, 0.000000000000000000, 1.000000000000000000 ) ) ;
#602 = ORIENTED_EDGE ( 'NONE', *, *, #604, .T. ) ;
#603 = DIRECTION ( 'NONE',  ( 4.996003610813204432E-16, -1.000000000000000000, 7.755080060849886569E-16 ) ) ;
#604 = EDGE_CURVE ( 'NONE', #678, #1332, #271, .T. ) ;
#605 = CYLINDRICAL_SURFACE ( 'NONE', #1209, 2.000000000000001776 ) ;
#606 = AXIS2_PLACEMENT_3D ( 'NONE', #66, #72, #383 ) ;
#607 = ORIENTED_EDGE ( 'NONE', *, *, #815, .F. ) ;
#608 = DIRECTION ( 'NONE',  ( -1.000000000000000000, 0.000000000000000000, 0.000000000000000000 ) ) ;
#609 = VERTEX_POINT ( 'NONE', #517 ) ;
#610 = DIRECTION ( 'NONE',  ( -0.000000000000000000, -0.000000000000000000, -1.000000000000000000 ) ) ;
#611 = ADVANCED_FACE ( 'NONE', ( #950 ), #1376, .T. ) ;
#612 = DIRECTION ( 'NONE',  ( 0.000000000000000000, -1.224646799147353454E-16, 1.000000000000000000 ) ) ;
#613 = EDGE_LOOP ( 'NONE', ( #1101, #1335, #238, #1003 ) ) ;
#614 = DIRECTION ( 'NONE',  ( 0.000000000000000000, -0.000000000000000000, -1.000000000000000000 ) ) ;
#615 = VERTEX_POINT ( 'NONE', #368 ) ;
#616 = CARTESIAN_POINT ( 'NONE',  ( -17.65707521604611685, -7.000000000000009770, 7.500000000000005329 ) ) ;
#617 = CARTESIAN_POINT ( 'NONE',  ( 0.000000000000000000, 0.000000000000000000, 0.000000000000000000 ) ) ;
#618 = DIRECTION ( 'NONE',  ( 0.000000000000000000, 0.000000000000000000, 1.000000000000000000 ) ) ;
#619 = EDGE_CURVE ( 'NONE', #998, #420, #448, .T. ) ;
#620 = CYLINDRICAL_SURFACE ( 'NONE', #992, 1.999999999999998224 ) ;
#621 = CARTESIAN_POINT ( 'NONE',  ( -29.99999999999995737, -4.857225732735059864E-14, 7.500000000000020428 ) ) ;
#622 = VERTEX_POINT ( 'NONE', #1211 ) ;
#623 = CARTESIAN_POINT ( 'NONE',  ( 21.00000000000001421, 3.499999999999998224, 6.500000000000000888 ) ) ;
#624 = AXIS2_PLACEMENT_3D ( 'NONE', #212, #85, #953 ) ;
#625 = ORIENTED_EDGE ( 'NONE', *, *, #235, .T. ) ;
#626 = DIRECTION ( 'NONE',  ( -4.996003610813204432E-16, 1.000000000000000000, -7.755080060849886569E-16 ) ) ;
#627 = DIRECTION ( 'NONE',  ( -0.000000000000000000, -0.000000000000000000, -1.000000000000000000 ) ) ;
#628 = CIRCLE ( 'NONE', #648, 1.999999999999998668 ) ;
#629 = VERTEX_POINT ( 'NONE', #454 ) ;
#630 = AXIS2_PLACEMENT_3D ( 'NONE', #58, #1031, #376 ) ;
#631 = CARTESIAN_POINT ( 'NONE',  ( 0.000000000000000000, 0.000000000000000000, 2.500000000000000000 ) ) ;
#632 = EDGE_CURVE ( 'NONE', #959, #420, #354, .T. ) ;
#633 = EDGE_LOOP ( 'NONE', ( #1032, #43 ) ) ;
#634 = CARTESIAN_POINT ( 'NONE',  ( -21.05000000000001492, 3.499999999999998224, 8.500000000000000000 ) ) ;
#635 = DIRECTION ( 'NONE',  ( 1.000000000000000000, 0.000000000000000000, 0.000000000000000000 ) ) ;
#636 = FACE_OUTER_BOUND ( 'NONE', #373, .T. ) ;
#637 = VECTOR ( 'NONE', #1245, 1000.000000000000000 ) ;
#638 = DIRECTION ( 'NONE',  ( -1.000000000000000000, 0.000000000000000000, 0.000000000000000000 ) ) ;
#639 = CARTESIAN_POINT ( 'NONE',  ( -19.00000000000001776, 3.499999999999997780, 8.500000000000000000 ) ) ;
#640 = CARTESIAN_POINT ( 'NONE',  ( -19.00000000000001776, 3.499999999999997780, 8.500000000000000000 ) ) ;
#641 = ORIENTED_EDGE ( 'NONE', *, *, #40, .F. ) ;
#642 = CYLINDRICAL_SURFACE ( 'NONE', #1279, 1.864999999999991775 ) ;
#643 = EDGE_LOOP ( 'NONE', ( #267, #847 ) ) ;
#644 = CYLINDRICAL_SURFACE ( 'NONE', #496, 10.09999999999999964 ) ;
#645 = DIRECTION ( 'NONE',  ( 1.000000000000000000, 3.469446951953613696E-16, -0.000000000000000000 ) ) ;
#646 = FACE_OUTER_BOUND ( 'NONE', #1091, .T. ) ;
#647 = CARTESIAN_POINT ( 'NONE',  ( 19.00000000000001066, 4.000000000000005329, 2.500000000000000000 ) ) ;
#648 = AXIS2_PLACEMENT_3D ( 'NONE', #707, #810, #155 ) ;
#649 = ORIENTED_EDGE ( 'NONE', *, *, #436, .F. ) ;
#650 = CARTESIAN_POINT ( 'NONE',  ( -16.65707521604591435, 9.999999999999134914, 7.499999999999825917 ) ) ;
#651 = DIRECTION ( 'NONE',  ( 0.000000000000000000, -1.000000000000000000, 8.673617379884027583E-16 ) ) ;
#652 = ADVANCED_FACE ( 'NONE', ( #686 ), #664, .F. ) ;
#653 = APPLICATION_PROTOCOL_DEFINITION ( 'draft international standard', 'automotive_design', 1998, #148 ) ;
#654 = AXIS2_PLACEMENT_3D ( 'NONE', #107, #855, #1277 ) ;
#655 = ORIENTED_EDGE ( 'NONE', *, *, #243, .T. ) ;
#656 = CIRCLE ( 'NONE', #844, 1.999999999999999112 ) ;
#657 = DIRECTION ( 'NONE',  ( 1.000000000000000000, 0.000000000000000000, 0.000000000000000000 ) ) ;
#658 = AXIS2_PLACEMENT_3D ( 'NONE', #767, #1193, #15 ) ;
#659 = ORIENTED_EDGE ( 'NONE', *, *, #48, .T. ) ;
#660 = DIRECTION ( 'NONE',  ( 0.000000000000000000, 1.000000000000000000, -0.000000000000000000 ) ) ;
#661 = CARTESIAN_POINT ( 'NONE',  ( -27.79999999999996518, -5.551115123125782702E-14, 7.500000000000020428 ) ) ;
#662 = EDGE_CURVE ( 'NONE', #1332, #935, #773, .T. ) ;
#663 = EDGE_LOOP ( 'NONE', ( #128, #1129, #991, #307 ) ) ;
#664 = PLANE ( 'NONE',  #1286 ) ;
#665 = ORIENTED_EDGE ( 'NONE', *, *, #190, .T. ) ;
#666 = DIRECTION ( 'NONE',  ( -0.000000000000000000, 0.000000000000000000, -1.000000000000000000 ) ) ;
#667 = SHAPE_DEFINITION_REPRESENTATION ( #414, #1361 ) ;
#668 = CARTESIAN_POINT ( 'NONE',  ( -23.00000000000001066, -5.911298161137556720E-16, 5.500000000000001776 ) ) ;
#669 = ORIENTED_EDGE ( 'NONE', *, *, #127, .T. ) ;
#670 = ADVANCED_FACE ( 'NONE', ( #134 ), #900, .T. ) ;
#671 = ORIENTED_EDGE ( 'NONE', *, *, #243, .F. ) ;
#672 = CARTESIAN_POINT ( 'NONE',  ( -16.95000000000001705, 3.499999999999997780, 8.500000000000000000 ) ) ;
#673 = CIRCLE ( 'NONE', #630, 1.000000000000000888 ) ;
#674 = DIRECTION ( 'NONE',  ( -1.000000000000000000, -4.440892098500626162E-16, 1.339817193382324415E-15 ) ) ;
#675 = VERTEX_POINT ( 'NONE', #883 ) ;
#676 = LINE ( 'NONE', #1108, #208 ) ;
#677 = AXIS2_PLACEMENT_3D ( 'NONE', #447, #889, #361 ) ;
#678 = VERTEX_POINT ( 'NONE', #147 ) ;
#679 = PLANE ( 'NONE',  #970 ) ;
#680 = AXIS2_PLACEMENT_3D ( 'NONE', #639, #1067, #526 ) ;
#681 = ADVANCED_FACE ( 'NONE', ( #1321, #779 ), #338, .F. ) ;
#682 = VECTOR ( 'NONE', #1086, 1000.000000000000000 ) ;
#683 =( NAMED_UNIT ( * ) PLANE_ANGLE_UNIT ( ) SI_UNIT ( $, .RADIAN. ) );
#684 = FILL_AREA_STYLE ('',( #573 ) ) ;
#685 = VERTEX_POINT ( 'NONE', #803 ) ;
#686 = FACE_OUTER_BOUND ( 'NONE', #564, .T. ) ;
#687 = VERTEX_POINT ( 'NONE', #977 ) ;
#688 = DIRECTION ( 'NONE',  ( 1.000000000000000000, 3.469446951953613696E-16, -0.000000000000000000 ) ) ;
#689 = EDGE_CURVE ( 'NONE', #1190, #52, #676, .T. ) ;
#690 = CARTESIAN_POINT ( 'NONE',  ( -22.00000000000001066, 4.000000000000000000, 0.000000000000000000 ) ) ;
#691 = AXIS2_PLACEMENT_3D ( 'NONE', #285, #506, #366 ) ;
#692 = VERTEX_POINT ( 'NONE', #1334 ) ;
#693 = CARTESIAN_POINT ( 'NONE',  ( 0.000000000000000000, 0.000000000000000000, 2.500000000000000000 ) ) ;
#694 = ORIENTED_EDGE ( 'NONE', *, *, #9, .F. ) ;
#695 = CARTESIAN_POINT ( 'NONE',  ( 0.000000000000000000, 0.000000000000000000, 0.000000000000000000 ) ) ;
#696 = CIRCLE ( 'NONE', #691, 2.049999999999999822 ) ;
#697 = EDGE_CURVE ( 'NONE', #629, #1380, #119, .T. ) ;
#698 = DIRECTION ( 'NONE',  ( -0.000000000000000000, -0.000000000000000000, -1.000000000000000000 ) ) ;
#699 = ORIENTED_EDGE ( 'NONE', *, *, #170, .T. ) ;
#700 = LINE ( 'NONE', #1017, #1028 ) ;
#701 = EDGE_LOOP ( 'NONE', ( #406, #1021, #1138, #955 ) ) ;
#702 = CARTESIAN_POINT ( 'NONE',  ( 22.00000000000001066, 0.000000000000000000, 2.500000000000000000 ) ) ;
#703 = CIRCLE ( 'NONE', #318, 1.000000000000000888 ) ;
#704 = AXIS2_PLACEMENT_3D ( 'NONE', #710, #389, #1236 ) ;
#705 = DIRECTION ( 'NONE',  ( 4.996003610813215279E-16, -1.000000000000000000, 7.755080060849886569E-16 ) ) ;
#706 = ORIENTED_EDGE ( 'NONE', *, *, #542, .T. ) ;
#707 = CARTESIAN_POINT ( 'NONE',  ( -28.00000000000001066, -2.632014991877400834E-15, 7.500000000000000888 ) ) ;
#708 = EDGE_CURVE ( 'NONE', #380, #1037, #1242, .T. ) ;
#709 = VERTEX_POINT ( 'NONE', #21 ) ;
#710 = CARTESIAN_POINT ( 'NONE',  ( -19.00000000000001776, -3.499999999999997780, 8.500000000000000000 ) ) ;
#711 = DIRECTION ( 'NONE',  ( 0.000000000000000000, 0.000000000000000000, 1.000000000000000000 ) ) ;
#712 = EDGE_LOOP ( 'NONE', ( #363, #1147, #1110, #869, #1145 ) ) ;
#713 = FACE_OUTER_BOUND ( 'NONE', #1265, .T. ) ;
#714 = EDGE_LOOP ( 'NONE', ( #926, #510, #7, #983 ) ) ;
#715 = EDGE_CURVE ( 'NONE', #888, #156, #2, .T. ) ;
#716 = DIRECTION ( 'NONE',  ( 0.000000000000000000, 0.000000000000000000, 1.000000000000000000 ) ) ;
#717 = AXIS2_PLACEMENT_3D ( 'NONE', #1048, #323, #861 ) ;
#718 = CARTESIAN_POINT ( 'NONE',  ( -22.00000000000001066, -8.972915159005937396E-16, 7.500000000000000888 ) ) ;
#719 = VERTEX_POINT ( 'NONE', #575 ) ;
#720 = CYLINDRICAL_SURFACE ( 'NONE', #1189, 10.09999999999999964 ) ;
#721 = EDGE_LOOP ( 'NONE', ( #1205, #476 ) ) ;
#722 = DIRECTION ( 'NONE',  ( -1.000000000000000000, 0.000000000000000000, 0.000000000000000000 ) ) ;
#723 = AXIS2_PLACEMENT_3D ( 'NONE', #927, #934, #372 ) ;
#724 = EDGE_CURVE ( 'NONE', #692, #622, #1220, .T. ) ;
#725 = ORIENTED_EDGE ( 'NONE', *, *, #689, .T. ) ;
#726 = VECTOR ( 'NONE', #10, 1000.000000000000000 ) ;
#727 = LINE ( 'NONE', #1176, #1186 ) ;
#728 = VECTOR ( 'NONE', #936, 1000.000000000000000 ) ;
#729 = LINE ( 'NONE', #1169, #1243 ) ;
#730 = DIRECTION ( 'NONE',  ( -1.000000000000000000, -4.440892098500626162E-16, 1.339817193382324415E-15 ) ) ;
#731 = ORIENTED_EDGE ( 'NONE', *, *, #1318, .F. ) ;
#732 = DIRECTION ( 'NONE',  ( -0.000000000000000000, 0.000000000000000000, 1.000000000000000000 ) ) ;
#733 = FACE_OUTER_BOUND ( 'NONE', #1344, .T. ) ;
#734 = EDGE_LOOP ( 'NONE', ( #399, #743 ) ) ;
#735 = EDGE_CURVE ( 'NONE', #685, #615, #183, .T. ) ;
#736 = FACE_OUTER_BOUND ( 'NONE', #54, .T. ) ;
#737 = FACE_OUTER_BOUND ( 'NONE', #1172, .T. ) ;
#738 = EDGE_LOOP ( 'NONE', ( #1235, #1018, #574, #1163 ) ) ;
#739 = LINE ( 'NONE', #317, #1058 ) ;
#740 = CARTESIAN_POINT ( 'NONE',  ( -16.65707521604611685, -10.00000000000088995, 7.500000000000007105 ) ) ;
#741 = LINE ( 'NONE', #1281, #878 ) ;
#742 = AXIS2_PLACEMENT_3D ( 'NONE', #398, #841, #1262 ) ;
#743 = ORIENTED_EDGE ( 'NONE', *, *, #1342, .T. ) ;
#744 = CIRCLE ( 'NONE', #18, 1.000000000000000888 ) ;
#745 = DIRECTION ( 'NONE',  ( -1.000000000000000000, 0.000000000000000000, 0.000000000000000000 ) ) ;
#746 = ORIENTED_EDGE ( 'NONE', *, *, #9, .T. ) ;
#747 = CARTESIAN_POINT ( 'NONE',  ( 19.00000000000001776, -3.499999999999997780, 2.500000000000000444 ) ) ;
#748 = FACE_BOUND ( 'NONE', #1113, .T. ) ;
#749 = CARTESIAN_POINT ( 'NONE',  ( -16.65707521604611685, -7.000000000000009770, 7.500000000000004441 ) ) ;
#750 = VERTEX_POINT ( 'NONE', #347 ) ;
#751 = CARTESIAN_POINT ( 'NONE',  ( 10.09999999999999964, 1.236893267138826614E-15, 2.500000000000000000 ) ) ;
#752 = EDGE_CURVE ( 'NONE', #1151, #1251, #1255, .T. ) ;
#753 = DIRECTION ( 'NONE',  ( -1.000000000000000000, -4.309630731619211009E-16, 0.000000000000000000 ) ) ;
#754 = FACE_OUTER_BOUND ( 'NONE', #712, .T. ) ;
#755 = ORIENTED_EDGE ( 'NONE', *, *, #905, .T. ) ;
#756 = DIRECTION ( 'NONE',  ( -0.000000000000000000, -0.000000000000000000, -1.000000000000000000 ) ) ;
#757 = ORIENTED_EDGE ( 'NONE', *, *, #1056, .F. ) ;
#758 = DIRECTION ( 'NONE',  ( 1.000000000000000000, 0.000000000000000000, 0.000000000000000000 ) ) ;
#759 = EDGE_CURVE ( 'NONE', #472, #69, #1352, .T. ) ;
#760 = CARTESIAN_POINT ( 'NONE',  ( -23.99999999999995026, -4.163336342344337027E-14, 7.500000000000020428 ) ) ;
#761 = TOROIDAL_SURFACE ( 'NONE', #834, 2.999999999999998668, 1.000000000000000000 ) ;
#762 = EDGE_CURVE ( 'NONE', #135, #687, #75, .T. ) ;
#763 = DIRECTION ( 'NONE',  ( 0.000000000000000000, 0.000000000000000000, 1.000000000000000000 ) ) ;
#764 = CIRCLE ( 'NONE', #945, 1.864999999999991775 ) ;
#765 = ORIENTED_EDGE ( 'NONE', *, *, #1301, .F. ) ;
#766 = CARTESIAN_POINT ( 'NONE',  ( -19.00000000000001066, -4.000000000000010658, 12.50000000000000000 ) ) ;
#767 = CARTESIAN_POINT ( 'NONE',  ( -28.00000000000001066, -4.768407890765049865E-14, 7.500000000000017764 ) ) ;
#768 = CARTESIAN_POINT ( 'NONE',  ( -28.00000000000001066, 1.864999999999944036, 7.500000000000016875 ) ) ;
#769 = ADVANCED_FACE ( 'NONE', ( #1009, #1339 ), #168, .T. ) ;
#770 = DIRECTION ( 'NONE',  ( 0.000000000000000000, 0.000000000000000000, 1.000000000000000000 ) ) ;
#771 = ORIENTED_EDGE ( 'NONE', *, *, #759, .T. ) ;
#772 = AXIS2_PLACEMENT_3D ( 'NONE', #196, #505, #1159 ) ;
#773 = LINE ( 'NONE', #1307, #1217 ) ;
#774 = VERTEX_POINT ( 'NONE', #1233 ) ;
#775 = DIRECTION ( 'NONE',  ( -0.000000000000000000, 0.000000000000000000, 1.000000000000000000 ) ) ;
#776 = EDGE_CURVE ( 'NONE', #1332, #76, #833, .T. ) ;
#777 = LINE ( 'NONE', #975, #1259 ) ;
#778 = EDGE_LOOP ( 'NONE', ( #124, #133, #118, #371 ) ) ;
#779 = FACE_OUTER_BOUND ( 'NONE', #882, .T. ) ;
#780 = ORIENTED_EDGE ( 'NONE', *, *, #400, .F. ) ;
#781 = DIRECTION ( 'NONE',  ( -1.000000000000000000, -1.182766006347822616E-16, 0.000000000000000000 ) ) ;
#782 =( GEOMETRIC_REPRESENTATION_CONTEXT ( 3 ) GLOBAL_UNCERTAINTY_ASSIGNED_CONTEXT ( ( #595 ) ) GLOBAL_UNIT_ASSIGNED_CONTEXT ( ( #115, #683, #130 ) ) REPRESENTATION_CONTEXT ( 'NONE', 'WORKASPACE' ) );
#783 = AXIS2_PLACEMENT_3D ( 'NONE', #845, #424, #851 ) ;
#784 = CARTESIAN_POINT ( 'NONE',  ( 0.000000000000000000, 0.000000000000000000, 2.500000000000000000 ) ) ;
#785 = EDGE_LOOP ( 'NONE', ( #160, #1085, #1016, #1114 ) ) ;
#786 = DIRECTION ( 'NONE',  ( -0.000000000000000000, -0.000000000000000000, -1.000000000000000000 ) ) ;
#787 = EDGE_CURVE ( 'NONE', #302, #678, #826, .T. ) ;
#788 = AXIS2_PLACEMENT_3D ( 'NONE', #749, #1178, #853 ) ;
#789 = ORIENTED_EDGE ( 'NONE', *, *, #163, .T. ) ;
#790 = DIRECTION ( 'NONE',  ( 0.000000000000000000, -0.000000000000000000, -1.000000000000000000 ) ) ;
#791 = CARTESIAN_POINT ( 'NONE',  ( -19.00000000000001776, 3.499999999999997780, 8.500000000000000000 ) ) ;
#792 = DIRECTION ( 'NONE',  ( -0.000000000000000000, 0.000000000000000000, 1.000000000000000000 ) ) ;
#793 = ORIENTED_EDGE ( 'NONE', *, *, #798, .T. ) ;
#794 = DIRECTION ( 'NONE',  ( 1.000000000000000000, 0.000000000000000000, 0.000000000000000000 ) ) ;
#795 = AXIS2_PLACEMENT_3D ( 'NONE', #693, #786, #895 ) ;
#796 = AXIS2_PLACEMENT_3D ( 'NONE', #296, #64, #830 ) ;
#797 = EDGE_LOOP ( 'NONE', ( #1157, #369, #367, #1227 ) ) ;
#798 = EDGE_CURVE ( 'NONE', #1374, #675, #1106, .T. ) ;
#799 = LINE ( 'NONE', #672, #187 ) ;
#800 = CIRCLE ( 'NONE', #658, 1.864999999999991775 ) ;
#801 = CARTESIAN_POINT ( 'NONE',  ( -19.00000000000001776, 3.499999999999997780, 8.500000000000000000 ) ) ;
#802 = EDGE_LOOP ( 'NONE', ( #607, #937, #277, #215 ) ) ;
#803 = CARTESIAN_POINT ( 'NONE',  ( -23.00000000000001066, -8.972915159005937396E-16, 9.500000000000000000 ) ) ;
#804 = ORIENTED_EDGE ( 'NONE', *, *, #1370, .T. ) ;
#805 = LINE ( 'NONE', #1323, #320 ) ;
#806 = ADVANCED_FACE ( 'NONE', ( #713 ), #1120, .F. ) ;
#807 = EDGE_CURVE ( 'NONE', #1087, #972, #419, .T. ) ;
#808 = FACE_OUTER_BOUND ( 'NONE', #260, .T. ) ;
#809 = AXIS2_PLACEMENT_3D ( 'NONE', #801, #96, #635 ) ;
#810 = DIRECTION ( 'NONE',  ( -1.000000000000000000, -4.309630731619211009E-16, 0.000000000000000000 ) ) ;
#811 = ORIENTED_EDGE ( 'NONE', *, *, #1083, .F. ) ;
#812 = LINE ( 'NONE', #1141, #1014 ) ;
#813 = PRESENTATION_LAYER_ASSIGNMENT (  '', '', ( #922 ) ) ;
#814 = CIRCLE ( 'NONE', #1234, 2.049999999999999822 ) ;
#815 = EDGE_CURVE ( 'NONE', #1374, #1037, #509, .T. ) ;
#816 = CARTESIAN_POINT ( 'NONE',  ( -27.79999999999996518, -5.551115123125782702E-14, 7.500000000000020428 ) ) ;
#817 = ORIENTED_EDGE ( 'NONE', *, *, #163, .F. ) ;
#818 = FACE_OUTER_BOUND ( 'NONE', #613, .T. ) ;
#819 = VERTEX_POINT ( 'NONE', #1025 ) ;
#820 = CARTESIAN_POINT ( 'NONE',  ( 19.00000000000001066, -7.000000000000005329, 2.500000000000000000 ) ) ;
#821 = AXIS2_PLACEMENT_3D ( 'NONE', #766, #1191, #657 ) ;
#822 = AXIS2_PLACEMENT_3D ( 'NONE', #695, #50, #356 ) ;
#823 = DIRECTION ( 'NONE',  ( 1.000000000000000000, -0.000000000000000000, -0.000000000000000000 ) ) ;
#824 = EDGE_CURVE ( 'NONE', #985, #1354, #513, .T. ) ;
#825 = ORIENTED_EDGE ( 'NONE', *, *, #724, .T. ) ;
#826 = LINE ( 'NONE', #502, #316 ) ;
#827 = ORIENTED_EDGE ( 'NONE', *, *, #1126, .F. ) ;
#828 = DIRECTION ( 'NONE',  ( 1.000000000000000000, 8.673617379884027583E-16, -1.734723475976805517E-15 ) ) ;
#829 = VERTEX_POINT ( 'NONE', #1139 ) ;
#830 = DIRECTION ( 'NONE',  ( -1.000000000000000000, 0.000000000000000000, 0.000000000000000000 ) ) ;
#831 = FACE_OUTER_BOUND ( 'NONE', #184, .T. ) ;
#832 = ORIENTED_EDGE ( 'NONE', *, *, #852, .T. ) ;
#833 = LINE ( 'NONE', #1033, #567 ) ;
#834 = AXIS2_PLACEMENT_3D ( 'NONE', #1060, #1378, #618 ) ;
#835 = ORIENTED_EDGE ( 'NONE', *, *, #697, .F. ) ;
#836 = EDGE_CURVE ( 'NONE', #135, #62, #379, .T. ) ;
#837 = CIRCLE ( 'NONE', #981, 10.09999999999999964 ) ;
#838 = VERTEX_POINT ( 'NONE', #477 ) ;
#839 = LINE ( 'NONE', #78, #1229 ) ;
#840 = ORIENTED_EDGE ( 'NONE', *, *, #384, .T. ) ;
#841 = DIRECTION ( 'NONE',  ( 4.996003610813204432E-16, -1.000000000000000000, 7.755080060849886569E-16 ) ) ;
#842 = EDGE_LOOP ( 'NONE', ( #1359, #1252, #355, #360 ) ) ;
#843 = CARTESIAN_POINT ( 'NONE',  ( -16.95000000000001705, -3.499999999999997780, 12.50000000000000000 ) ) ;
#844 = AXIS2_PLACEMENT_3D ( 'NONE', #431, #1165, #871 ) ;
#845 = CARTESIAN_POINT ( 'NONE',  ( 0.000000000000000000, 0.000000000000000000, 2.500000000000000000 ) ) ;
#846 = VECTOR ( 'NONE', #37, 1000.000000000000000 ) ;
#847 = ORIENTED_EDGE ( 'NONE', *, *, #909, .F. ) ;
#848 = DIRECTION ( 'NONE',  ( -1.000000000000000000, 0.000000000000000000, 0.000000000000000000 ) ) ;
#849 = ORIENTED_EDGE ( 'NONE', *, *, #542, .F. ) ;
#850 = CARTESIAN_POINT ( 'NONE',  ( 19.00000000000001776, -3.499999999999997780, 6.500000000000000888 ) ) ;
#851 = DIRECTION ( 'NONE',  ( 1.000000000000000000, 0.000000000000000000, 0.000000000000000000 ) ) ;
#852 = EDGE_CURVE ( 'NONE', #321, #750, #628, .T. ) ;
#853 = DIRECTION ( 'NONE',  ( -1.000000000000000000, 0.000000000000000000, 0.000000000000000000 ) ) ;
#854 = EDGE_LOOP ( 'NONE', ( #455, #827 ) ) ;
#855 = DIRECTION ( 'NONE',  ( -0.000000000000000000, 0.000000000000000000, 1.000000000000000000 ) ) ;
#856 = CARTESIAN_POINT ( 'NONE',  ( 22.00000000000001066, -4.000000000000005329, 2.500000000000000000 ) ) ;
#857 = DIRECTION ( 'NONE',  ( -0.000000000000000000, 0.000000000000000000, 1.000000000000000000 ) ) ;
#858 = AXIS2_PLACEMENT_3D ( 'NONE', #185, #919, #601 ) ;
#859 = ADVANCED_FACE ( 'NONE', ( #1134 ), #720, .F. ) ;
#860 = FACE_OUTER_BOUND ( 'NONE', #663, .T. ) ;
#861 = DIRECTION ( 'NONE',  ( 1.000000000000000000, 0.000000000000000000, 0.000000000000000000 ) ) ;
#862 = DIRECTION ( 'NONE',  ( 0.000000000000000000, 0.000000000000000000, 1.000000000000000000 ) ) ;
#863 = PRODUCT ( 'sub\X2\74035f627d2756fa4ef6\X0\', 'sub\X2\74035f627d2756fa4ef6\X0\', '', ( #1303 ) ) ;
#864 = DIRECTION ( 'NONE',  ( 4.309630731619211009E-16, -1.000000000000000000, 0.000000000000000000 ) ) ;
#865 = CARTESIAN_POINT ( 'NONE',  ( -29.99999999999995737, -4.857225732735059864E-14, 7.500000000000020428 ) ) ;
#866 = VECTOR ( 'NONE', #485, 1000.000000000000000 ) ;
#867 = ADVANCED_FACE ( 'NONE', ( #940 ), #1367, .F. ) ;
#868 = CIRCLE ( 'NONE', #1221, 1.000000000000000888 ) ;
#869 = ORIENTED_EDGE ( 'NONE', *, *, #735, .T. ) ;
#870 = FACE_OUTER_BOUND ( 'NONE', #1049, .T. ) ;
#871 = DIRECTION ( 'NONE',  ( 0.000000000000000000, 0.000000000000000000, 1.000000000000000000 ) ) ;
#872 = FACE_BOUND ( 'NONE', #213, .T. ) ;
#873 = ORIENTED_EDGE ( 'NONE', *, *, #1188, .T. ) ;
#874 = LINE ( 'NONE', #230, #1289 ) ;
#875 = ORIENTED_EDGE ( 'NONE', *, *, #297, .T. ) ;
#876 = EDGE_CURVE ( 'NONE', #321, #250, #700, .T. ) ;
#877 = DIRECTION ( 'NONE',  ( -1.000000000000000000, 0.000000000000000000, 0.000000000000000000 ) ) ;
#878 = VECTOR ( 'NONE', #627, 1000.000000000000000 ) ;
#879 = EDGE_LOOP ( 'NONE', ( #269, #655, #903, #194 ) ) ;
#880 = CARTESIAN_POINT ( 'NONE',  ( -16.95000000000001705, 3.499999999999997780, 12.50000000000000000 ) ) ;
#881 = AXIS2_PLACEMENT_3D ( 'NONE', #816, #1238, #600 ) ;
#882 = EDGE_LOOP ( 'NONE', ( #1198, #149 ) ) ;
#883 = CARTESIAN_POINT ( 'NONE',  ( -16.95000000000001705, -3.499999999999997780, 8.500000000000000000 ) ) ;
#884 = ORIENTED_EDGE ( 'NONE', *, *, #200, .T. ) ;
#885 = ADVANCED_FACE ( 'NONE', ( #818 ), #411, .F. ) ;
#886 = DIRECTION ( 'NONE',  ( -4.996003610813204432E-16, 1.000000000000000000, -7.755080060849886569E-16 ) ) ;
#887 = AXIS2_PLACEMENT_3D ( 'NONE', #223, #308, #1173 ) ;
#888 = VERTEX_POINT ( 'NONE', #1156 ) ;
#889 = DIRECTION ( 'NONE',  ( -0.000000000000000000, 0.000000000000000000, 1.000000000000000000 ) ) ;
#890 = AXIS2_PLACEMENT_3D ( 'NONE', #136, #1103, #1036 ) ;
#891 = ORIENTED_EDGE ( 'NONE', *, *, #478, .F. ) ;
#892 = CARTESIAN_POINT ( 'NONE',  ( -17.65707521604590013, 5.999999999999136691, 7.499999999999841904 ) ) ;
#893 = EDGE_CURVE ( 'NONE', #69, #378, #1097, .T. ) ;
#894 = EDGE_LOOP ( 'NONE', ( #1256, #1219, #1320, #780 ) ) ;
#895 = DIRECTION ( 'NONE',  ( -1.000000000000000000, 0.000000000000000000, 0.000000000000000000 ) ) ;
#896 = VERTEX_POINT ( 'NONE', #313 ) ;
#897 = CARTESIAN_POINT ( 'NONE',  ( -29.99999999999995737, -4.857225732735059864E-14, 7.500000000000020428 ) ) ;
#898 = PRESENTATION_STYLE_ASSIGNMENT (( #563 ) ) ;
#899 = EDGE_LOOP ( 'NONE', ( #641, #597, #771, #220 ) ) ;
#900 = CYLINDRICAL_SURFACE ( 'NONE', #795, 12.09999999999999964 ) ;
#901 = LINE ( 'NONE', #583, #294 ) ;
#902 = DIRECTION ( 'NONE',  ( -1.000000000000000000, 0.000000000000000000, 0.000000000000000000 ) ) ;
#903 = ORIENTED_EDGE ( 'NONE', *, *, #1271, .F. ) ;
#904 = DIRECTION ( 'NONE',  ( -4.440892098500626162E-16, 1.000000000000000000, -7.755080060849902346E-16 ) ) ;
#905 = EDGE_CURVE ( 'NONE', #302, #1087, #515, .T. ) ;
#906 = AXIS2_PLACEMENT_3D ( 'NONE', #495, #877, #555 ) ;
#907 = VERTEX_POINT ( 'NONE', #1385 ) ;
#908 = DIRECTION ( 'NONE',  ( -0.000000000000000000, -0.000000000000000000, -1.000000000000000000 ) ) ;
#909 = EDGE_CURVE ( 'NONE', #481, #774, #441, .T. ) ;
#910 = CIRCLE ( 'NONE', #386, 1.000000000000000888 ) ;
#911 = CARTESIAN_POINT ( 'NONE',  ( -27.79999999999996518, -5.551115123125782702E-14, 7.500000000000020428 ) ) ;
#912 = ORIENTED_EDGE ( 'NONE', *, *, #1066, .F. ) ;
#913 = DIRECTION ( 'NONE',  ( -0.000000000000000000, -0.000000000000000000, -1.000000000000000000 ) ) ;
#914 = ORIENTED_EDGE ( 'NONE', *, *, #65, .T. ) ;
#915 = LINE ( 'NONE', #598, #450 ) ;
#916 = ADVANCED_FACE ( 'NONE', ( #636 ), #1274, .T. ) ;
#917 = DIRECTION ( 'NONE',  ( 0.000000000000000000, 0.000000000000000000, 1.000000000000000000 ) ) ;
#918 = VERTEX_POINT ( 'NONE', #1394 ) ;
#919 = DIRECTION ( 'NONE',  ( -1.000000000000000000, 0.000000000000000000, 0.000000000000000000 ) ) ;
#920 = EDGE_LOOP ( 'NONE', ( #552, #965 ) ) ;
#921 = DIRECTION ( 'NONE',  ( 0.000000000000000000, -1.000000000000000000, 0.000000000000000000 ) ) ;
#922 = STYLED_ITEM ( 'NONE', ( #898 ), #988 ) ;
#923 = CIRCLE ( 'NONE', #84, 2.000000000000001776 ) ;
#924 = ADVANCED_FACE ( 'NONE', ( #521 ), #305, .T. ) ;
#925 = CYLINDRICAL_SURFACE ( 'NONE', #606, 1.864999999999991775 ) ;
#926 = ORIENTED_EDGE ( 'NONE', *, *, #518, .F. ) ;
#927 = CARTESIAN_POINT ( 'NONE',  ( -8.279362044434761760E-16, 7.000000000000002665, 2.500000000000000000 ) ) ;
#928 = ORIENTED_EDGE ( 'NONE', *, *, #1102, .F. ) ;
#929 = CIRCLE ( 'NONE', #4, 10.09999999999999964 ) ;
#930 = CIRCLE ( 'NONE', #1314, 12.09999999999999964 ) ;
#931 = FACE_OUTER_BOUND ( 'NONE', #1273, .T. ) ;
#932 = ADVANCED_FACE ( 'NONE', ( #193 ), #642, .F. ) ;
#933 = ORIENTED_EDGE ( 'NONE', *, *, #181, .T. ) ;
#934 = DIRECTION ( 'NONE',  ( -1.182766006347822616E-16, 1.000000000000000000, 0.000000000000000000 ) ) ;
#935 = VERTEX_POINT ( 'NONE', #206 ) ;
#936 = DIRECTION ( 'NONE',  ( 0.000000000000000000, 0.000000000000000000, -1.000000000000000000 ) ) ;
#937 = ORIENTED_EDGE ( 'NONE', *, *, #65, .F. ) ;
#938 = DIRECTION ( 'NONE',  ( 1.000000000000000000, 1.182766006347822616E-16, 0.000000000000000000 ) ) ;
#939 = EDGE_LOOP ( 'NONE', ( #241, #1364, #393, #236, #602, #82 ) ) ;
#940 = FACE_OUTER_BOUND ( 'NONE', #785, .T. ) ;
#941 = EDGE_CURVE ( 'NONE', #1210, #1024, #1142, .T. ) ;
#942 = ORIENTED_EDGE ( 'NONE', *, *, #468, .T. ) ;
#943 = FACE_OUTER_BOUND ( 'NONE', #146, .T. ) ;
#944 = AXIS2_PLACEMENT_3D ( 'NONE', #458, #792, #1001 ) ;
#945 = AXIS2_PLACEMENT_3D ( 'NONE', #359, #674, #11 ) ;
#946 = FACE_OUTER_BOUND ( 'NONE', #1204, .T. ) ;
#947 = LINE ( 'NONE', #1062, #159 ) ;
#948 = DIRECTION ( 'NONE',  ( 0.000000000000000000, -1.000000000000000000, 9.301466359125011971E-16 ) ) ;
#949 = ORIENTED_EDGE ( 'NONE', *, *, #776, .T. ) ;
#950 = FACE_OUTER_BOUND ( 'NONE', #976, .T. ) ;
#951 = EDGE_CURVE ( 'NONE', #609, #829, #1325, .T. ) ;
#952 = AXIS2_PLACEMENT_3D ( 'NONE', #1, #429, #638 ) ;
#953 = DIRECTION ( 'NONE',  ( -1.000000000000000000, 0.000000000000000000, 0.000000000000000000 ) ) ;
#954 = CARTESIAN_POINT ( 'NONE',  ( 19.00000000000001066, 4.000000000000005329, 0.000000000000000000 ) ) ;
#955 = ORIENTED_EDGE ( 'NONE', *, *, #1117, .T. ) ;
#956 = FACE_OUTER_BOUND ( 'NONE', #734, .T. ) ;
#957 = FACE_BOUND ( 'NONE', #443, .T. ) ;
#958 = DIRECTION ( 'NONE',  ( 1.000000000000000000, 0.000000000000000000, 0.000000000000000000 ) ) ;
#959 = VERTEX_POINT ( 'NONE', #404 ) ;
#960 = DIRECTION ( 'NONE',  ( 1.000000000000000000, 1.182766006347822616E-16, 0.000000000000000000 ) ) ;
#961 = DIRECTION ( 'NONE',  ( 4.996003610813204432E-16, -1.000000000000000000, 7.755080060849886569E-16 ) ) ;
#962 = ADVANCED_FACE ( 'NONE', ( #737 ), #425, .F. ) ;
#963 = LINE ( 'NONE', #322, #1023 ) ;
#964 = AXIS2_PLACEMENT_3D ( 'NONE', #543, #1063, #745 ) ;
#965 = ORIENTED_EDGE ( 'NONE', *, *, #73, .T. ) ;
#966 = DIRECTION ( 'NONE',  ( 0.000000000000000000, -1.000000000000000000, 0.000000000000000000 ) ) ;
#967 = CYLINDRICAL_SURFACE ( 'NONE', #1059, 1.999999999999998668 ) ;
#968 = AXIS2_PLACEMENT_3D ( 'NONE', #461, #581, #256 ) ;
#969 = CARTESIAN_POINT ( 'NONE',  ( -22.00000000000001066, 4.000000000000000000, 2.500000000000000000 ) ) ;
#970 = AXIS2_PLACEMENT_3D ( 'NONE', #239, #666, #569 ) ;
#971 = ADVANCED_FACE ( 'NONE', ( #301 ), #105, .T. ) ;
#972 = VERTEX_POINT ( 'NONE', #1269 ) ;
#973 = DIRECTION ( 'NONE',  ( 1.000000000000000000, 8.673617379884027583E-16, -1.734723475976805517E-15 ) ) ;
#974 = PLANE ( 'NONE',  #680 ) ;
#975 = CARTESIAN_POINT ( 'NONE',  ( -16.95000000000001705, -3.499999999999997780, 8.500000000000000000 ) ) ;
#976 = EDGE_LOOP ( 'NONE', ( #1326, #315, #1040, #665, #346 ) ) ;
#977 = CARTESIAN_POINT ( 'NONE',  ( 9.869650449737314091, 7.000000000000003553, 0.000000000000000000 ) ) ;
#978 = ADVANCED_FACE ( 'NONE', ( #1162 ), #221, .T. ) ;
#979 = VERTEX_POINT ( 'NONE', #6 ) ;
#980 = SURFACE_SIDE_STYLE ('',( #38 ) ) ;
#981 = AXIS2_PLACEMENT_3D ( 'NONE', #784, #253, #1207 ) ;
#982 = CIRCLE ( 'NONE', #562, 2.999999999999998224 ) ;
#983 = ORIENTED_EDGE ( 'NONE', *, *, #1237, .T. ) ;
#984 = DIRECTION ( 'NONE',  ( 1.000000000000000000, 4.440892098500615808E-16, -1.339817193382324415E-15 ) ) ;
#985 = VERTEX_POINT ( 'NONE', #433 ) ;
#986 = DIRECTION ( 'NONE',  ( -1.000000000000000000, -1.182766006347822616E-16, 0.000000000000000000 ) ) ;
#987 = ADVANCED_FACE ( 'NONE', ( #872, #199, #1053 ), #87, .T. ) ;
#988 = MANIFOLD_SOLID_BREP ( 'Ô²½Ç2', #591 ) ;
#989 =( NAMED_UNIT ( * ) PLANE_ANGLE_UNIT ( ) SI_UNIT ( $, .RADIAN. ) );
#990 = VECTOR ( 'NONE', #140, 1000.000000000000000 ) ;
#991 = ORIENTED_EDGE ( 'NONE', *, *, #619, .T. ) ;
#992 = AXIS2_PLACEMENT_3D ( 'NONE', #74, #535, #86 ) ;
#993 = DIRECTION ( 'NONE',  ( 0.000000000000000000, 1.000000000000000000, 0.000000000000000000 ) ) ;
#994 = AXIS2_PLACEMENT_3D ( 'NONE', #63, #494, #112 ) ;
#995 = DIRECTION ( 'NONE',  ( 1.000000000000000000, 0.000000000000000000, 0.000000000000000000 ) ) ;
#996 = EDGE_CURVE ( 'NONE', #1078, #1070, #464, .T. ) ;
#997 = ORIENTED_EDGE ( 'NONE', *, *, #300, .T. ) ;
#998 = VERTEX_POINT ( 'NONE', #32 ) ;
#999 = DIRECTION ( 'NONE',  ( 0.000000000000000000, 0.000000000000000000, -1.000000000000000000 ) ) ;
#1000 = EDGE_CURVE ( 'NONE', #675, #380, #777, .T. ) ;
#1001 = DIRECTION ( 'NONE',  ( 1.000000000000000000, 0.000000000000000000, 0.000000000000000000 ) ) ;
#1002 = EDGE_CURVE ( 'NONE', #1135, #829, #1202, .T. ) ;
#1003 = ORIENTED_EDGE ( 'NONE', *, *, #1047, .F. ) ;
#1004 = CARTESIAN_POINT ( 'NONE',  ( -27.79999999999996518, -5.551115123125782702E-14, 8.500000000000021316 ) ) ;
#1005 = ORIENTED_EDGE ( 'NONE', *, *, #300, .F. ) ;
#1006 = CARTESIAN_POINT ( 'NONE',  ( -8.279362044434761760E-16, 7.000000000000002665, 12.50000000000000000 ) ) ;
#1007 = CARTESIAN_POINT ( 'NONE',  ( 21.00000000000001776, -3.499999999999997335, 6.500000000000000888 ) ) ;
#1008 = VERTEX_POINT ( 'NONE', #668 ) ;
#1009 = FACE_BOUND ( 'NONE', #1119, .T. ) ;
#1010 = EDGE_CURVE ( 'NONE', #774, #481, #837, .T. ) ;
#1011 = AXIS2_PLACEMENT_3D ( 'NONE', #760, #1187, #651 ) ;
#1012 = ORIENTED_EDGE ( 'NONE', *, *, #1284, .F. ) ;
#1013 = DIRECTION ( 'NONE',  ( -1.000000000000000000, -4.440892098500626162E-16, 1.339817193382324415E-15 ) ) ;
#1014 = VECTOR ( 'NONE', #1043, 1000.000000000000000 ) ;
#1015 = CARTESIAN_POINT ( 'NONE',  ( -16.65707521604611685, -4.000000000000857092, 7.499999999999978684 ) ) ;
#1016 = ORIENTED_EDGE ( 'NONE', *, *, #893, .F. ) ;
#1017 = CARTESIAN_POINT ( 'NONE',  ( -28.00000000000001066, -2.000000000000001332, 7.500000000000000888 ) ) ;
#1018 = ORIENTED_EDGE ( 'NONE', *, *, #1143, .F. ) ;
#1019 = EDGE_CURVE ( 'NONE', #52, #1251, #584, .T. ) ;
#1020 = CARTESIAN_POINT ( 'NONE',  ( -19.00000000000001066, 7.000000000000000000, 12.50000000000000000 ) ) ;
#1021 = ORIENTED_EDGE ( 'NONE', *, *, #259, .F. ) ;
#1022 = CARTESIAN_POINT ( 'NONE',  ( 9.869650449737310538, -7.000000000000007105, 0.000000000000000000 ) ) ;
#1023 = VECTOR ( 'NONE', #1074, 1000.000000000000000 ) ;
#1024 = VERTEX_POINT ( 'NONE', #247 ) ;
#1025 = CARTESIAN_POINT ( 'NONE',  ( -16.95000000000001705, 3.499999999999997780, 8.500000000000000000 ) ) ;
#1026 = ORIENTED_EDGE ( 'NONE', *, *, #941, .T. ) ;
#1027 = DIRECTION ( 'NONE',  ( -0.000000000000000000, -0.000000000000000000, -1.000000000000000000 ) ) ;
#1028 = VECTOR ( 'NONE', #482, 1000.000000000000000 ) ;
#1029 = AXIS2_PLACEMENT_3D ( 'NONE', #579, #902, #763 ) ;
#1030 = EDGE_CURVE ( 'NONE', #629, #1254, #764, .T. ) ;
#1031 = DIRECTION ( 'NONE',  ( -1.182766006347822616E-16, 1.000000000000000000, 0.000000000000000000 ) ) ;
#1032 = ORIENTED_EDGE ( 'NONE', *, *, #1212, .T. ) ;
#1033 = CARTESIAN_POINT ( 'NONE',  ( -19.00000000000001066, -7.000000000000010658, 0.000000000000000000 ) ) ;
#1034 = EDGE_LOOP ( 'NONE', ( #101, #1226 ) ) ;
#1035 = CIRCLE ( 'NONE', #887, 1.999999999999998224 ) ;
#1036 = DIRECTION ( 'NONE',  ( -1.000000000000000000, -1.182766006347822616E-16, 0.000000000000000000 ) ) ;
#1037 = VERTEX_POINT ( 'NONE', #465 ) ;
#1038 = EDGE_CURVE ( 'NONE', #396, #302, #333, .T. ) ;
#1039 = DIRECTION ( 'NONE',  ( -0.000000000000000000, -0.000000000000000000, -1.000000000000000000 ) ) ;
#1040 = ORIENTED_EDGE ( 'NONE', *, *, #273, .T. ) ;
#1041 = DIRECTION ( 'NONE',  ( 4.996003610813204432E-16, -1.000000000000000000, 7.755080060849886569E-16 ) ) ;
#1042 = ORIENTED_EDGE ( 'NONE', *, *, #807, .T. ) ;
#1043 = DIRECTION ( 'NONE',  ( -1.000000000000000000, -4.440892098500626162E-16, 1.339817193382324612E-15 ) ) ;
#1044 = ORIENTED_EDGE ( 'NONE', *, *, #1002, .T. ) ;
#1045 = DIRECTION ( 'NONE',  ( 1.000000000000000000, 0.000000000000000000, 0.000000000000000000 ) ) ;
#1046 = CARTESIAN_POINT ( 'NONE',  ( 17.00000000000001421, -3.499999999999997780, 2.500000000000000444 ) ) ;
#1047 = EDGE_CURVE ( 'NONE', #337, #709, #1218, .T. ) ;
#1048 = CARTESIAN_POINT ( 'NONE',  ( 0.000000000000000000, 0.000000000000000000, 2.500000000000000000 ) ) ;
#1049 = EDGE_LOOP ( 'NONE', ( #248, #348, #388, #12 ) ) ;
#1050 = DIRECTION ( 'NONE',  ( -0.000000000000000000, -0.000000000000000000, -1.000000000000000000 ) ) ;
#1051 = DIRECTION ( 'NONE',  ( -1.000000000000000000, 0.000000000000000000, 1.734723475976805517E-15 ) ) ;
#1052 = LINE ( 'NONE', #197, #438 ) ;
#1053 = FACE_OUTER_BOUND ( 'NONE', #939, .T. ) ;
#1054 = ORIENTED_EDGE ( 'NONE', *, *, #1194, .F. ) ;
#1055 = DIRECTION ( 'NONE',  ( -1.000000000000000000, 0.000000000000000000, 0.000000000000000000 ) ) ;
#1056 = EDGE_CURVE ( 'NONE', #1151, #1190, #923, .T. ) ;
#1057 = DIRECTION ( 'NONE',  ( 0.000000000000000000, -1.000000000000000000, 0.000000000000000000 ) ) ;
#1058 = VECTOR ( 'NONE', #960, 1000.000000000000000 ) ;
#1059 = AXIS2_PLACEMENT_3D ( 'NONE', #1080, #645, #540 ) ;
#1060 = CARTESIAN_POINT ( 'NONE',  ( -23.00000000000001066, -8.972915159005937396E-16, 7.500000000000000888 ) ) ;
#1061 = VECTOR ( 'NONE', #1050, 1000.000000000000000 ) ;
#1062 = CARTESIAN_POINT ( 'NONE',  ( -17.65707521604611685, -10.00000000000088995, 7.500000000000007994 ) ) ;
#1063 = DIRECTION ( 'NONE',  ( 0.000000000000000000, 0.000000000000000000, -1.000000000000000000 ) ) ;
#1064 = ORIENTED_EDGE ( 'NONE', *, *, #409, .T. ) ;
#1065 = CYLINDRICAL_SURFACE ( 'NONE', #544, 1.000000000000000888 ) ;
#1066 = EDGE_CURVE ( 'NONE', #250, #685, #490, .T. ) ;
#1067 = DIRECTION ( 'NONE',  ( 0.000000000000000000, 0.000000000000000000, 1.000000000000000000 ) ) ;
#1068 = DIRECTION ( 'NONE',  ( 0.000000000000000000, 0.000000000000000000, 1.000000000000000000 ) ) ;
#1069 = DIRECTION ( 'NONE',  ( -0.000000000000000000, -0.000000000000000000, 1.000000000000000000 ) ) ;
#1070 = VERTEX_POINT ( 'NONE', #880 ) ;
#1071 = PLANE ( 'NONE',  #471 ) ;
#1072 = ORIENTED_EDGE ( 'NONE', *, *, #170, .F. ) ;
#1073 = CARTESIAN_POINT ( 'NONE',  ( 8.279362044434767676E-16, -7.000000000000007994, 2.500000000000000000 ) ) ;
#1074 = DIRECTION ( 'NONE',  ( -0.000000000000000000, -0.000000000000000000, 1.000000000000000000 ) ) ;
#1075 = EDGE_CURVE ( 'NONE', #178, #709, #744, .T. ) ;
#1076 =( GEOMETRIC_REPRESENTATION_CONTEXT ( 3 ) GLOBAL_UNCERTAINTY_ASSIGNED_CONTEXT ( ( #125 ) ) GLOBAL_UNIT_ASSIGNED_CONTEXT ( ( #27, #989, #123 ) ) REPRESENTATION_CONTEXT ( 'NONE', 'WORKASPACE' ) );
#1077 = DIRECTION ( 'NONE',  ( 0.000000000000000000, 0.000000000000000000, 1.000000000000000000 ) ) ;
#1078 = VERTEX_POINT ( 'NONE', #1196 ) ;
#1079 = DIRECTION ( 'NONE',  ( -1.000000000000000000, -4.440892098500626162E-16, 1.339817193382324612E-15 ) ) ;
#1080 = CARTESIAN_POINT ( 'NONE',  ( -28.00000000000001066, -2.632014991877400834E-15, 7.500000000000000888 ) ) ;
#1081 = ORIENTED_EDGE ( 'NONE', *, *, #752, .F. ) ;
#1082 = AXIS2_PLACEMENT_3D ( 'NONE', #486, #716, #1045 ) ;
#1083 = EDGE_CURVE ( 'NONE', #838, #324, #131, .T. ) ;
#1084 = CARTESIAN_POINT ( 'NONE',  ( -19.00000000000001776, 3.499999999999997780, 12.50000000000000000 ) ) ;
#1085 = ORIENTED_EDGE ( 'NONE', *, *, #40, .T. ) ;
#1086 = DIRECTION ( 'NONE',  ( -0.000000000000000000, -0.000000000000000000, 1.000000000000000000 ) ) ;
#1087 = VERTEX_POINT ( 'NONE', #690 ) ;
#1088 = DIRECTION ( 'NONE',  ( -1.182766006347822616E-16, 1.000000000000000000, 0.000000000000000000 ) ) ;
#1089 = LINE ( 'NONE', #1295, #459 ) ;
#1090 = CARTESIAN_POINT ( 'NONE',  ( -16.65707521604590013, 5.999999999999137579, 7.499999999999840128 ) ) ;
#1091 = EDGE_LOOP ( 'NONE', ( #849, #41, #804, #29, #933, #554, #699, #1395, #340, #500 ) ) ;
#1092 = CARTESIAN_POINT ( 'NONE',  ( 19.00000000000001776, 3.499999999999997780, 2.500000000000000444 ) ) ;
#1093 = ADVANCED_FACE ( 'NONE', ( #931 ), #605, .T. ) ;
#1094 = ORIENTED_EDGE ( 'NONE', *, *, #689, .F. ) ;
#1095 = CARTESIAN_POINT ( 'NONE',  ( 10.09999999999999964, 1.236893267138826614E-15, 2.500000000000000000 ) ) ;
#1096 = VECTOR ( 'NONE', #527, 1000.000000000000000 ) ;
#1097 = CIRCLE ( 'NONE', #788, 1.000000000000000888 ) ;
#1098 = AXIS2_PLACEMENT_3D ( 'NONE', #480, #1343, #612 ) ;
#1099 = ORIENTED_EDGE ( 'NONE', *, *, #200, .F. ) ;
#1100 = CARTESIAN_POINT ( 'NONE',  ( 17.00000000000001776, 3.499999999999997780, 6.500000000000000888 ) ) ;
#1101 = ORIENTED_EDGE ( 'NONE', *, *, #198, .F. ) ;
#1102 = EDGE_CURVE ( 'NONE', #1254, #629, #1280, .T. ) ;
#1103 = DIRECTION ( 'NONE',  ( -1.182766006347822616E-16, 1.000000000000000000, 0.000000000000000000 ) ) ;
#1104 = CARTESIAN_POINT ( 'NONE',  ( -21.05000000000001492, -3.499999999999997335, 8.500000000000000000 ) ) ;
#1105 = DIRECTION ( 'NONE',  ( 1.000000000000000000, 1.182766006347822616E-16, 0.000000000000000000 ) ) ;
#1106 = CIRCLE ( 'NONE', #225, 2.049999999999999822 ) ;
#1107 = ORIENTED_EDGE ( 'NONE', *, *, #1000, .F. ) ;
#1108 = CARTESIAN_POINT ( 'NONE',  ( 21.00000000000001776, -3.499999999999997335, 6.500000000000000888 ) ) ;
#1109 = CIRCLE ( 'NONE', #501, 1.864999999999991775 ) ;
#1110 = ORIENTED_EDGE ( 'NONE', *, *, #392, .F. ) ;
#1111 = CARTESIAN_POINT ( 'NONE',  ( 0.000000000000000000, 0.000000000000000000, 0.000000000000000000 ) ) ;
#1112 = DIRECTION ( 'NONE',  ( -1.000000000000000000, -4.440892098500626162E-16, 1.339817193382324612E-15 ) ) ;
#1113 = EDGE_LOOP ( 'NONE', ( #469, #1179 ) ) ;
#1114 = ORIENTED_EDGE ( 'NONE', *, *, #759, .F. ) ;
#1115 = CARTESIAN_POINT ( 'NONE',  ( -23.99999999999995026, -4.163336342344337027E-14, 7.500000000000020428 ) ) ;
#1116 = CIRCLE ( 'NONE', #394, 12.09999999999999964 ) ;
#1117 = EDGE_CURVE ( 'NONE', #709, #178, #204, .T. ) ;
#1118 = FACE_OUTER_BOUND ( 'NONE', #633, .T. ) ;
#1119 = EDGE_LOOP ( 'NONE', ( #111, #1140 ) ) ;
#1120 = TOROIDAL_SURFACE ( 'NONE', #858, 2.999999999999998668, 1.000000000000000000 ) ;
#1121 = DIRECTION ( 'NONE',  ( -0.000000000000000000, -0.000000000000000000, 1.000000000000000000 ) ) ;
#1122 = AXIS2_PLACEMENT_3D ( 'NONE', #1357, #1248, #475 ) ;
#1123 = ORIENTED_EDGE ( 'NONE', *, *, #852, .F. ) ;
#1124 = CARTESIAN_POINT ( 'NONE',  ( -8.279362044434761760E-16, 7.000000000000002665, 0.000000000000000000 ) ) ;
#1125 = DIRECTION ( 'NONE',  ( 1.000000000000000000, 0.000000000000000000, 0.000000000000000000 ) ) ;
#1126 = EDGE_CURVE ( 'NONE', #1037, #380, #814, .T. ) ;
#1127 = ORIENTED_EDGE ( 'NONE', *, *, #996, .F. ) ;
#1128 = DIRECTION ( 'NONE',  ( 1.000000000000000000, 0.000000000000000000, 0.000000000000000000 ) ) ;
#1129 = ORIENTED_EDGE ( 'NONE', *, *, #452, .T. ) ;
#1130 = CARTESIAN_POINT ( 'NONE',  ( 17.00000000000001776, 3.499999999999997780, 2.500000000000000444 ) ) ;
#1131 = AXIS2_PLACEMENT_3D ( 'NONE', #165, #603, #828 ) ;
#1132 = DIRECTION ( 'NONE',  ( 1.000000000000000000, 4.996003610813204432E-16, -1.339817193382324020E-15 ) ) ;
#1133 = EDGE_LOOP ( 'NONE', ( #580, #491, #1064, #1368 ) ) ;
#1134 = FACE_OUTER_BOUND ( 'NONE', #778, .T. ) ;
#1135 = VERTEX_POINT ( 'NONE', #1022 ) ;
#1136 = PLANE ( 'NONE',  #1246 ) ;
#1137 = CARTESIAN_POINT ( 'NONE',  ( 17.00000000000001421, -3.499999999999997780, 6.500000000000000888 ) ) ;
#1138 = ORIENTED_EDGE ( 'NONE', *, *, #1047, .T. ) ;
#1139 = CARTESIAN_POINT ( 'NONE',  ( 19.00000000000001066, -7.000000000000005329, 0.000000000000000000 ) ) ;
#1140 = ORIENTED_EDGE ( 'NONE', *, *, #48, .F. ) ;
#1141 = CARTESIAN_POINT ( 'NONE',  ( -29.99999999999995737, -1.865000000000040181, 7.500000000000022204 ) ) ;
#1142 = CIRCLE ( 'NONE', #537, 2.999999999999999112 ) ;
#1143 = EDGE_CURVE ( 'NONE', #1354, #1135, #1350, .T. ) ;
#1144 = DIRECTION ( 'NONE',  ( 0.000000000000000000, -1.000000000000000000, 8.673617379884027583E-16 ) ) ;
#1145 = ORIENTED_EDGE ( 'NONE', *, *, #1203, .F. ) ;
#1146 = CARTESIAN_POINT ( 'NONE',  ( 17.00000000000001421, -3.499999999999997780, 6.500000000000000888 ) ) ;
#1147 = ORIENTED_EDGE ( 'NONE', *, *, #190, .F. ) ;
#1148 = VECTOR ( 'NONE', #913, 1000.000000000000000 ) ;
#1149 = CYLINDRICAL_SURFACE ( 'NONE', #704, 2.049999999999999822 ) ;
#1150 = AXIS2_PLACEMENT_3D ( 'NONE', #740, #961, #1300 ) ;
#1151 = VERTEX_POINT ( 'NONE', #1137 ) ;
#1152 = VECTOR ( 'NONE', #688, 1000.000000000000000 ) ;
#1153 = ADVANCED_FACE ( 'NONE', ( #1118 ), #585, .F. ) ;
#1154 = DIRECTION ( 'NONE',  ( 0.000000000000000000, 1.000000000000000000, -0.000000000000000000 ) ) ;
#1155 = ORIENTED_EDGE ( 'NONE', *, *, #951, .T. ) ;
#1156 = CARTESIAN_POINT ( 'NONE',  ( 19.00000000000001066, -7.000000000000005329, 2.500000000000000000 ) ) ;
#1157 = ORIENTED_EDGE ( 'NONE', *, *, #1342, .F. ) ;
#1158 = CARTESIAN_POINT ( 'NONE',  ( -10.09999999999999964, 0.000000000000000000, 2.500000000000000000 ) ) ;
#1159 = DIRECTION ( 'NONE',  ( 1.000000000000000000, 0.000000000000000000, -0.000000000000000000 ) ) ;
#1160 = FACE_BOUND ( 'NONE', #643, .T. ) ;
#1161 = ADVANCED_FACE ( 'NONE', ( #808 ), #1337, .F. ) ;
#1162 = FACE_OUTER_BOUND ( 'NONE', #329, .T. ) ;
#1163 = ORIENTED_EDGE ( 'NONE', *, *, #1311, .T. ) ;
#1164 = FACE_OUTER_BOUND ( 'NONE', #1133, .T. ) ;
#1165 = DIRECTION ( 'NONE',  ( -1.000000000000000000, 0.000000000000000000, 0.000000000000000000 ) ) ;
#1166 = VECTOR ( 'NONE', #1121, 1000.000000000000000 ) ;
#1167 = AXIS2_PLACEMENT_3D ( 'NONE', #911, #593, #1144 ) ;
#1168 = PLANE ( 'NONE',  #783 ) ;
#1169 = CARTESIAN_POINT ( 'NONE',  ( -15.65707521604591257, 9.999999999999134914, 7.499999999999825029 ) ) ;
#1170 = DIRECTION ( 'NONE',  ( -1.000000000000000000, -4.440892098500626162E-16, 1.339817193382324415E-15 ) ) ;
#1171 = EDGE_CURVE ( 'NONE', #615, #31, #982, .T. ) ;
#1172 = EDGE_LOOP ( 'NONE', ( #1338, #286, #1386, #1107 ) ) ;
#1173 = DIRECTION ( 'NONE',  ( -1.000000000000000000, 0.000000000000000000, 0.000000000000000000 ) ) ;
#1174 = DIRECTION ( 'NONE',  ( -1.000000000000000000, -1.182766006347822616E-16, 0.000000000000000000 ) ) ;
#1175 = VECTOR ( 'NONE', #1041, 1000.000000000000000 ) ;
#1176 = CARTESIAN_POINT ( 'NONE',  ( 22.00000000000001066, 0.000000000000000000, 0.000000000000000000 ) ) ;
#1177 = DIRECTION ( 'NONE',  ( -1.182766006347822616E-16, 1.000000000000000000, 0.000000000000000000 ) ) ;
#1178 = DIRECTION ( 'NONE',  ( -1.182766006347822616E-16, 1.000000000000000000, 0.000000000000000000 ) ) ;
#1179 = ORIENTED_EDGE ( 'NONE', *, *, #619, .F. ) ;
#1180 = CYLINDRICAL_SURFACE ( 'NONE', #339, 2.999999999999999112 ) ;
#1181 = EDGE_CURVE ( 'NONE', #1008, #31, #377, .T. ) ;
#1182 = LINE ( 'NONE', #121, #1331 ) ;
#1183 = DIRECTION ( 'NONE',  ( 1.000000000000000000, 0.000000000000000000, 0.000000000000000000 ) ) ;
#1184 = DIRECTION ( 'NONE',  ( 1.000000000000000000, 0.000000000000000000, 0.000000000000000000 ) ) ;
#1185 = CARTESIAN_POINT ( 'NONE',  ( -9.869650449737314091, 7.000000000000001776, 0.000000000000000000 ) ) ;
#1186 = VECTOR ( 'NONE', #1260, 1000.000000000000000 ) ;
#1187 = DIRECTION ( 'NONE',  ( -1.000000000000000000, -4.440892098500626162E-16, 1.339817193382324415E-15 ) ) ;
#1188 = EDGE_CURVE ( 'NONE', #385, #719, #673, .T. ) ;
#1189 = AXIS2_PLACEMENT_3D ( 'NONE', #162, #293, #608 ) ;
#1190 = VERTEX_POINT ( 'NONE', #1007 ) ;
#1191 = DIRECTION ( 'NONE',  ( -0.000000000000000000, 0.000000000000000000, 1.000000000000000000 ) ) ;
#1192 = ORIENTED_EDGE ( 'NONE', *, *, #1075, .F. ) ;
#1193 = DIRECTION ( 'NONE',  ( -1.000000000000000000, -4.309630731619211009E-16, 0.000000000000000000 ) ) ;
#1194 = EDGE_CURVE ( 'NONE', #918, #582, #489, .T. ) ;
#1195 = ADVANCED_FACE ( 'NONE', ( #831 ), #925, .F. ) ;
#1196 = CARTESIAN_POINT ( 'NONE',  ( -21.05000000000001492, 3.499999999999998224, 12.50000000000000000 ) ) ;
#1197 = VECTOR ( 'NONE', #610, 1000.000000000000000 ) ;
#1198 = ORIENTED_EDGE ( 'NONE', *, *, #1102, .T. ) ;
#1199 = DIRECTION ( 'NONE',  ( 1.000000000000000000, 0.000000000000000000, 0.000000000000000000 ) ) ;
#1200 = ORIENTED_EDGE ( 'NONE', *, *, #181, .F. ) ;
#1201 = DIRECTION ( 'NONE',  ( -4.996003610813204432E-16, 1.000000000000000000, -7.755080060849886569E-16 ) ) ;
#1202 = LINE ( 'NONE', #351, #39 ) ;
#1203 = EDGE_CURVE ( 'NONE', #31, #615, #445, .T. ) ;
#1204 = EDGE_LOOP ( 'NONE', ( #669, #832 ) ) ;
#1205 = ORIENTED_EDGE ( 'NONE', *, *, #570, .F. ) ;
#1206 = FACE_OUTER_BOUND ( 'NONE', #523, .T. ) ;
#1207 = DIRECTION ( 'NONE',  ( 1.000000000000000000, 0.000000000000000000, 0.000000000000000000 ) ) ;
#1208 = AXIS2_PLACEMENT_3D ( 'NONE', #60, #614, #588 ) ;
#1209 = AXIS2_PLACEMENT_3D ( 'NONE', #265, #698, #152 ) ;
#1210 = VERTEX_POINT ( 'NONE', #498 ) ;
#1211 = CARTESIAN_POINT ( 'NONE',  ( -14.43482522486866060, 7.000000000000000888, 2.500000000000000000 ) ) ;
#1212 = EDGE_CURVE ( 'NONE', #324, #838, #1390, .T. ) ;
#1213 = ORIENTED_EDGE ( 'NONE', *, *, #570, .T. ) ;
#1214 = CARTESIAN_POINT ( 'NONE',  ( -17.65707521604591435, 9.999999999999134914, 7.499999999999827693 ) ) ;
#1215 = CARTESIAN_POINT ( 'NONE',  ( 21.00000000000001776, -3.499999999999997335, 2.500000000000000444 ) ) ;
#1216 = DIRECTION ( 'NONE',  ( 1.000000000000000000, 1.182766006347822616E-16, 0.000000000000000000 ) ) ;
#1217 = VECTOR ( 'NONE', #553, 1000.000000000000000 ) ;
#1218 = LINE ( 'NONE', #228, #331 ) ;
#1219 = ORIENTED_EDGE ( 'NONE', *, *, #697, .T. ) ;
#1220 = LINE ( 'NONE', #1327, #231 ) ;
#1221 = AXIS2_PLACEMENT_3D ( 'NONE', #407, #546, #973 ) ;
#1222 = ORIENTED_EDGE ( 'NONE', *, *, #715, .F. ) ;
#1223 = LINE ( 'NONE', #1006, #547 ) ;
#1224 = EDGE_CURVE ( 'NONE', #202, #62, #514, .T. ) ;
#1225 = CARTESIAN_POINT ( 'NONE',  ( 9.869650449737310538, -7.000000000000007105, 2.500000000000000000 ) ) ;
#1226 = ORIENTED_EDGE ( 'NONE', *, *, #1203, .T. ) ;
#1227 = ORIENTED_EDGE ( 'NONE', *, *, #326, .F. ) ;
#1228 = LINE ( 'NONE', #264, #1152 ) ;
#1229 = VECTOR ( 'NONE', #1154, 1000.000000000000000 ) ;
#1230 = DIRECTION ( 'NONE',  ( -1.000000000000000000, -4.996003610813204432E-16, 1.339817193382324020E-15 ) ) ;
#1231 = ORIENTED_EDGE ( 'NONE', *, *, #1019, .T. ) ;
#1232 = AXIS2_PLACEMENT_3D ( 'NONE', #647, #1077, #110 ) ;
#1233 = CARTESIAN_POINT ( 'NONE',  ( -10.09999999999999964, 0.000000000000000000, 2.500000000000000000 ) ) ;
#1234 = AXIS2_PLACEMENT_3D ( 'NONE', #272, #711, #1125 ) ;
#1235 = ORIENTED_EDGE ( 'NONE', *, *, #289, .T. ) ;
#1236 = DIRECTION ( 'NONE',  ( 1.000000000000000000, 0.000000000000000000, 0.000000000000000000 ) ) ;
#1237 = EDGE_CURVE ( 'NONE', #1070, #1078, #696, .T. ) ;
#1238 = DIRECTION ( 'NONE',  ( -1.000000000000000000, -4.440892098500626162E-16, 1.339817193382324415E-15 ) ) ;
#1239 = EDGE_CURVE ( 'NONE', #819, #1315, #219, .T. ) ;
#1240 = ORIENTED_EDGE ( 'NONE', *, *, #1224, .F. ) ;
#1241 = CARTESIAN_POINT ( 'NONE',  ( -15.65707521604611507, -10.00000000000088995, 7.500000000000005329 ) ) ;
#1242 = CIRCLE ( 'NONE', #382, 2.049999999999999822 ) ;
#1243 = VECTOR ( 'NONE', #192, 1000.000000000000000 ) ;
#1244 = ORIENTED_EDGE ( 'NONE', *, *, #392, .T. ) ;
#1245 = DIRECTION ( 'NONE',  ( -0.000000000000000000, -0.000000000000000000, 1.000000000000000000 ) ) ;
#1246 = AXIS2_PLACEMENT_3D ( 'NONE', #77, #732, #55 ) ;
#1247 = FACE_OUTER_BOUND ( 'NONE', #1276, .T. ) ;
#1248 = DIRECTION ( 'NONE',  ( -4.996003610813204432E-16, 1.000000000000000000, -7.755080060849886569E-16 ) ) ;
#1249 = ORIENTED_EDGE ( 'NONE', *, *, #1066, .T. ) ;
#1250 = CARTESIAN_POINT ( 'NONE',  ( -19.00000000000001776, -3.499999999999997780, 8.500000000000000000 ) ) ;
#1251 = VERTEX_POINT ( 'NONE', #1046 ) ;
#1252 = ORIENTED_EDGE ( 'NONE', *, *, #596, .T. ) ;
#1253 = DIRECTION ( 'NONE',  ( 1.000000000000000000, 0.000000000000000000, 0.000000000000000000 ) ) ;
#1254 = VERTEX_POINT ( 'NONE', #191 ) ;
#1255 = LINE ( 'NONE', #1146, #1148 ) ;
#1256 = ORIENTED_EDGE ( 'NONE', *, *, #1030, .F. ) ;
#1257 = ADVANCED_FACE ( 'NONE', ( #754 ), #761, .F. ) ;
#1258 = LINE ( 'NONE', #374, #728 ) ;
#1259 = VECTOR ( 'NONE', #1319, 1000.000000000000000 ) ;
#1260 = DIRECTION ( 'NONE',  ( 0.000000000000000000, 1.000000000000000000, -0.000000000000000000 ) ) ;
#1261 = ORIENTED_EDGE ( 'NONE', *, *, #1370, .F. ) ;
#1262 = DIRECTION ( 'NONE',  ( 1.000000000000000000, 0.000000000000000000, -1.734723475976805517E-15 ) ) ;
#1263 = FACE_OUTER_BOUND ( 'NONE', #528, .T. ) ;
#1264 = VECTOR ( 'NONE', #660, 1000.000000000000000 ) ;
#1265 = EDGE_LOOP ( 'NONE', ( #262, #22, #298, #106, #912 ) ) ;
#1266 = CARTESIAN_POINT ( 'NONE',  ( -15.65707521604611507, -7.000000000000009770, 7.500000000000001776 ) ) ;
#1267 = FACE_OUTER_BOUND ( 'NONE', #1351, .T. ) ;
#1268 = ORIENTED_EDGE ( 'NONE', *, *, #1117, .F. ) ;
#1269 = CARTESIAN_POINT ( 'NONE',  ( -19.00000000000001066, 7.000000000000000000, 0.000000000000000000 ) ) ;
#1270 = FACE_OUTER_BOUND ( 'NONE', #594, .T. ) ;
#1271 = EDGE_CURVE ( 'NONE', #687, #1210, #403, .T. ) ;
#1272 = FACE_BOUND ( 'NONE', #1034, .T. ) ;
#1273 = EDGE_LOOP ( 'NONE', ( #1322, #725, #1231, #1081 ) ) ;
#1274 = PLANE ( 'NONE',  #175 ) ;
#1275 = AXIS2_PLACEMENT_3D ( 'NONE', #791, #358, #572 ) ;
#1276 = EDGE_LOOP ( 'NONE', ( #914, #793 ) ) ;
#1277 = DIRECTION ( 'NONE',  ( 1.000000000000000000, 0.000000000000000000, 0.000000000000000000 ) ) ;
#1278 = CARTESIAN_POINT ( 'NONE',  ( 8.279362044434767676E-16, -7.000000000000007994, 2.500000000000000000 ) ) ;
#1279 = AXIS2_PLACEMENT_3D ( 'NONE', #621, #1170, #948 ) ;
#1280 = CIRCLE ( 'NONE', #881, 1.864999999999991775 ) ;
#1281 = CARTESIAN_POINT ( 'NONE',  ( -9.869650449737310538, -7.000000000000008882, 2.500000000000000000 ) ) ;
#1282 = CARTESIAN_POINT ( 'NONE',  ( -28.00000000000001066, -1.865000000000039293, 7.500000000000017764 ) ) ;
#1283 = CARTESIAN_POINT ( 'NONE',  ( -19.00000000000001776, -3.499999999999997780, 8.500000000000000000 ) ) ;
#1284 = EDGE_CURVE ( 'NONE', #896, #1087, #839, .T. ) ;
#1285 = DIRECTION ( 'NONE',  ( -0.000000000000000000, 0.000000000000000000, 1.000000000000000000 ) ) ;
#1286 = AXIS2_PLACEMENT_3D ( 'NONE', #237, #984, #467 ) ;
#1287 = CARTESIAN_POINT ( 'NONE',  ( -27.79999999999996518, 0.9999999999999453770, 7.500000000000014211 ) ) ;
#1288 = CYLINDRICAL_SURFACE ( 'NONE', #624, 2.999999999999999112 ) ;
#1289 = VECTOR ( 'NONE', #1079, 1000.000000000000000 ) ;
#1290 = CARTESIAN_POINT ( 'NONE',  ( -14.43482522486866060, 0.000000000000000000, 12.50000000000000000 ) ) ;
#1291 = ORIENTED_EDGE ( 'NONE', *, *, #468, .F. ) ;
#1292 = CARTESIAN_POINT ( 'NONE',  ( -19.00000000000001066, -4.000000000000010658, 2.500000000000000000 ) ) ;
#1293 = EDGE_CURVE ( 'NONE', #135, #918, #1116, .T. ) ;
#1294 = CARTESIAN_POINT ( 'NONE',  ( 22.00000000000001066, 0.000000000000000000, 2.500000000000000000 ) ) ;
#1295 = CARTESIAN_POINT ( 'NONE',  ( -14.43482522486866060, -7.000000000000009770, 12.50000000000000000 ) ) ;
#1296 = CARTESIAN_POINT ( 'NONE',  ( 19.00000000000001066, -4.000000000000005329, 0.000000000000000000 ) ) ;
#1297 = ORIENTED_EDGE ( 'NONE', *, *, #442, .F. ) ;
#1298 = DIRECTION ( 'NONE',  ( -4.996003610813204432E-16, 1.000000000000000000, -7.755080060849886569E-16 ) ) ;
#1299 = ADVANCED_FACE ( 'NONE', ( #957, #946 ), #395, .T. ) ;
#1300 = DIRECTION ( 'NONE',  ( 1.000000000000000000, 0.000000000000000000, -1.734723475976805517E-15 ) ) ;
#1301 = EDGE_CURVE ( 'NONE', #76, #466, #1052, .T. ) ;
#1302 = AXIS2_PLACEMENT_3D ( 'NONE', #865, #730, #1379 ) ;
#1303 = PRODUCT_CONTEXT ( 'NONE', #148, 'mechanical' ) ;
#1304 = AXIS2_PLACEMENT_3D ( 'NONE', #280, #390, #1253 ) ;
#1305 = DIRECTION ( 'NONE',  ( 0.000000000000000000, -1.000000000000000000, 8.673617379884027583E-16 ) ) ;
#1306 = VERTEX_POINT ( 'NONE', #1392 ) ;
#1307 = CARTESIAN_POINT ( 'NONE',  ( 8.279362044434767676E-16, -7.000000000000007994, 12.50000000000000000 ) ) ;
#1308 = ORIENTED_EDGE ( 'NONE', *, *, #457, .T. ) ;
#1309 = LINE ( 'NONE', #1095, #5 ) ;
#1310 = EDGE_LOOP ( 'NONE', ( #434, #1054, #257, #503 ) ) ;
#1311 = EDGE_CURVE ( 'NONE', #985, #466, #741, .T. ) ;
#1312 = CIRCLE ( 'NONE', #906, 1.999999999999999112 ) ;
#1313 = DIRECTION ( 'NONE',  ( -1.000000000000000000, -8.673617379884027583E-16, 1.734723475976805517E-15 ) ) ;
#1314 = AXIS2_PLACEMENT_3D ( 'NONE', #1111, #775, #995 ) ;
#1315 = VERTEX_POINT ( 'NONE', #1383 ) ;
#1316 = DIRECTION ( 'NONE',  ( -0.000000000000000000, -0.000000000000000000, -1.000000000000000000 ) ) ;
#1317 = CARTESIAN_POINT ( 'NONE',  ( -8.279362044434761760E-16, 7.000000000000002665, 2.500000000000000000 ) ) ;
#1318 = EDGE_CURVE ( 'NONE', #609, #1024, #727, .T. ) ;
#1319 = DIRECTION ( 'NONE',  ( -0.000000000000000000, -0.000000000000000000, 1.000000000000000000 ) ) ;
#1320 = ORIENTED_EDGE ( 'NONE', *, *, #497, .T. ) ;
#1321 = FACE_BOUND ( 'NONE', #33, .T. ) ;
#1322 = ORIENTED_EDGE ( 'NONE', *, *, #1056, .T. ) ;
#1323 = CARTESIAN_POINT ( 'NONE',  ( -19.00000000000001066, 7.000000000000000000, 2.500000000000000000 ) ) ;
#1324 = DIRECTION ( 'NONE',  ( -0.000000000000000000, 0.000000000000000000, 1.000000000000000000 ) ) ;
#1325 = CIRCLE ( 'NONE', #16, 2.999999999999999112 ) ;
#1326 = ORIENTED_EDGE ( 'NONE', *, *, #876, .F. ) ;
#1327 = CARTESIAN_POINT ( 'NONE',  ( -14.43482522486866060, 7.000000000000000888, 12.50000000000000000 ) ) ;
#1328 = ADVANCED_FACE ( 'NONE', ( #290, #748, #1160, #646 ), #1168, .T. ) ;
#1329 = CARTESIAN_POINT ( 'NONE',  ( -19.00000000000001066, -4.000000000000010658, 0.000000000000000000 ) ) ;
#1330 = CARTESIAN_POINT ( 'NONE',  ( -9.869650449737314091, 7.000000000000001776, 2.500000000000000000 ) ) ;
#1331 = VECTOR ( 'NONE', #332, 1000.000000000000000 ) ;
#1332 = VERTEX_POINT ( 'NONE', #418 ) ;
#1333 = AXIS2_PLACEMENT_3D ( 'NONE', #1317, #349, #781 ) ;
#1334 = CARTESIAN_POINT ( 'NONE',  ( -14.43482522486866060, 7.000000000000000888, 12.50000000000000000 ) ) ;
#1335 = ORIENTED_EDGE ( 'NONE', *, *, #507, .T. ) ;
#1336 = ADVANCED_FACE ( 'NONE', ( #1272, #1267 ), #520, .T. ) ;
#1337 = PLANE ( 'NONE',  #246 ) ;
#1338 = ORIENTED_EDGE ( 'NONE', *, *, #798, .F. ) ;
#1339 = FACE_OUTER_BOUND ( 'NONE', #59, .T. ) ;
#1340 = ORIENTED_EDGE ( 'NONE', *, *, #1212, .F. ) ;
#1341 = ADVANCED_FACE ( 'NONE', ( #736 ), #1288, .T. ) ;
#1342 = EDGE_CURVE ( 'NONE', #1315, #819, #36, .T. ) ;
#1343 = DIRECTION ( 'NONE',  ( 0.000000000000000000, 1.000000000000000000, 1.224646799147353207E-16 ) ) ;
#1344 = EDGE_LOOP ( 'NONE', ( #811, #746, #659, #1391 ) ) ;
#1345 = AXIS2_PLACEMENT_3D ( 'NONE', #631, #756, #848 ) ;
#1346 = DIRECTION ( 'NONE',  ( -0.000000000000000000, 0.000000000000000000, 1.000000000000000000 ) ) ;
#1347 = ORIENTED_EDGE ( 'NONE', *, *, #56, .T. ) ;
#1348 = CARTESIAN_POINT ( 'NONE',  ( -9.869650449737310538, -7.000000000000008882, 0.000000000000000000 ) ) ;
#1349 = DIRECTION ( 'NONE',  ( 1.000000000000000000, 0.000000000000000000, 0.000000000000000000 ) ) ;
#1350 = LINE ( 'NONE', #1225, #266 ) ;
#1351 = EDGE_LOOP ( 'NONE', ( #1012, #453, #88, #755 ) ) ;
#1352 = LINE ( 'NONE', #1241, #1175 ) ;
#1353 = AXIS2_PLACEMENT_3D ( 'NONE', #444, #753, #1057 ) ;
#1354 = VERTEX_POINT ( 'NONE', #533 ) ;
#1355 = LINE ( 'NONE', #623, #1061 ) ;
#1356 = AXIS2_PLACEMENT_3D ( 'NONE', #850, #8, #421 ) ;
#1357 = CARTESIAN_POINT ( 'NONE',  ( -16.65707521604590013, 5.999999999999137579, 7.499999999999840128 ) ) ;
#1358 = EDGE_CURVE ( 'NONE', #896, #678, #963, .T. ) ;
#1359 = ORIENTED_EDGE ( 'NONE', *, *, #452, .F. ) ;
#1360 = DIRECTION ( 'NONE',  ( 0.000000000000000000, -1.000000000000000000, 0.000000000000000000 ) ) ;
#1361 = ADVANCED_BREP_SHAPE_REPRESENTATION ( 'sub\X2\74035f627d2756fa4ef6\X0\', ( #988, #416 ), #782 ) ;
#1362 = ORIENTED_EDGE ( 'NONE', *, *, #487, .T. ) ;
#1363 = DIRECTION ( 'NONE',  ( -1.000000000000000000, 0.000000000000000000, 0.000000000000000000 ) ) ;
#1364 = ORIENTED_EDGE ( 'NONE', *, *, #343, .T. ) ;
#1365 = LINE ( 'NONE', #541, #484 ) ;
#1366 = ORIENTED_EDGE ( 'NONE', *, *, #724, .F. ) ;
#1367 = CYLINDRICAL_SURFACE ( 'NONE', #742, 1.000000000000000888 ) ;
#1368 = ORIENTED_EDGE ( 'NONE', *, *, #56, .F. ) ;
#1369 = CARTESIAN_POINT ( 'NONE',  ( 19.00000000000001776, 3.499999999999997780, 6.500000000000000888 ) ) ;
#1370 = EDGE_CURVE ( 'NONE', #559, #985, #1365, .T. ) ;
#1371 = AXIS2_PLACEMENT_3D ( 'NONE', #328, #1324, #19 ) ;
#1372 = CARTESIAN_POINT ( 'NONE',  ( -28.00000000000001066, -1.156285578073443609E-14, 0.000000000000000000 ) ) ;
#1373 = DIRECTION ( 'NONE',  ( 0.000000000000000000, -0.000000000000000000, -1.000000000000000000 ) ) ;
#1374 = VERTEX_POINT ( 'NONE', #1104 ) ;
#1375 = AXIS2_PLACEMENT_3D ( 'NONE', #747, #1285, #758 ) ;
#1376 = CYLINDRICAL_SURFACE ( 'NONE', #426, 1.999999999999998668 ) ;
#1377 = CIRCLE ( 'NONE', #796, 1.000000000000000888 ) ;
#1378 = DIRECTION ( 'NONE',  ( -1.000000000000000000, 0.000000000000000000, 0.000000000000000000 ) ) ;
#1379 = DIRECTION ( 'NONE',  ( 0.000000000000000000, -1.000000000000000000, 8.673617379884027583E-16 ) ) ;
#1380 = VERTEX_POINT ( 'NONE', #768 ) ;
#1381 = CARTESIAN_POINT ( 'NONE',  ( -14.43482522486866060, -7.000000000000009770, 2.500000000000000000 ) ) ;
#1382 = DIRECTION ( 'NONE',  ( -0.000000000000000000, -0.000000000000000000, 1.000000000000000000 ) ) ;
#1383 = CARTESIAN_POINT ( 'NONE',  ( -21.05000000000001492, 3.499999999999998224, 8.500000000000000000 ) ) ;
#1384 = EDGE_CURVE ( 'NONE', #935, #559, #1089, .T. ) ;
#1385 = CARTESIAN_POINT ( 'NONE',  ( -10.09999999999999964, 0.000000000000000000, 0.000000000000000000 ) ) ;
#1386 = ORIENTED_EDGE ( 'NONE', *, *, #1126, .T. ) ;
#1387 = DIRECTION ( 'NONE',  ( -1.000000000000000000, 0.000000000000000000, 1.734723475976805517E-15 ) ) ;
#1388 = FACE_OUTER_BOUND ( 'NONE', #842, .T. ) ;
#1389 = VECTOR ( 'NONE', #176, 1000.000000000000000 ) ;
#1390 = CIRCLE ( 'NONE', #1122, 1.000000000000000888 ) ;
#1391 = ORIENTED_EDGE ( 'NONE', *, *, #314, .F. ) ;
#1392 = CARTESIAN_POINT ( 'NONE',  ( -23.00000000000001066, 1.999999999999997780, 7.500000000000000888 ) ) ;
#1393 = ADVANCED_FACE ( 'NONE', ( #432 ), #451, .F. ) ;
#1394 = CARTESIAN_POINT ( 'NONE',  ( -9.869650449737314091, 7.000000000000001776, 2.500000000000000000 ) ) ;
#1395 = ORIENTED_EDGE ( 'NONE', *, *, #1224, .T. ) ;
ENDSEC;
END-ISO-10303-21;
