ISO-10303-21;
HEADER;
FILE_DESCRIPTION (( 'STEP AP214' ),
    '1' );
FILE_NAME ('subÇòÐÎ½ô¹Ì¼þ.STEP',
    '2026-08-29T22:11:44',
    ( '' ),
    ( '' ),
    'SwSTEP 2.0',
    'SolidWorks 2023',
    '' );
FILE_SCHEMA (( 'AUTOMOTIVE_DESIGN' ));
ENDSEC;

DATA;
#1 = ORIENTED_EDGE ( 'NONE', *, *, #754, .T. ) ;
#2 = AXIS2_PLACEMENT_3D ( 'NONE', #122, #32, #1297 ) ;
#3 = EDGE_CURVE ( 'NONE', #854, #894, #401, .T. ) ;
#4 = DIRECTION ( 'NONE',  ( -0.000000000000000000, -0.000000000000000000, -1.000000000000000000 ) ) ;
#5 = FACE_OUTER_BOUND ( 'NONE', #152, .T. ) ;
#6 = ORIENTED_EDGE ( 'NONE', *, *, #1098, .F. ) ;
#7 = CARTESIAN_POINT ( 'NONE',  ( -19.00000000000001776, 3.499999999999997780, 8.500000000000000000 ) ) ;
#8 = CARTESIAN_POINT ( 'NONE',  ( -9.869650449737314091, 7.000000000000001776, 0.000000000000000000 ) ) ;
#9 = ADVANCED_FACE ( 'NONE', ( #1263 ), #932, .F. ) ;
#10 = CARTESIAN_POINT ( 'NONE',  ( 22.00000000000001066, 4.000000000000005329, 2.500000000000000000 ) ) ;
#11 = PRODUCT_DEFINITION_CONTEXT ( 'detailed design', #215, 'design' ) ;
#12 = AXIS2_PLACEMENT_3D ( 'NONE', #344, #889, #362 ) ;
#13 = ORIENTED_EDGE ( 'NONE', *, *, #312, .T. ) ;
#14 = CARTESIAN_POINT ( 'NONE',  ( -8.279362044434761760E-16, 7.000000000000002665, 2.500000000000000000 ) ) ;
#15 = DIRECTION ( 'NONE',  ( 1.000000000000000000, 0.000000000000000000, 0.000000000000000000 ) ) ;
#16 = DIRECTION ( 'NONE',  ( 1.000000000000000000, 0.000000000000000000, -0.000000000000000000 ) ) ;
#17 = AXIS2_PLACEMENT_3D ( 'NONE', #101, #1172, #1276 ) ;
#18 = CARTESIAN_POINT ( 'NONE',  ( -16.95000000000001705, 3.499999999999997780, 8.500000000000000000 ) ) ;
#19 = ADVANCED_FACE ( 'NONE', ( #849 ), #1050, .T. ) ;
#20 = CARTESIAN_POINT ( 'NONE',  ( -22.00000000000001066, -8.972915159005937396E-16, 7.500000000000000888 ) ) ;
#21 = ORIENTED_EDGE ( 'NONE', *, *, #286, .T. ) ;
#22 = CARTESIAN_POINT ( 'NONE',  ( 0.000000000000000000, 0.000000000000000000, 2.500000000000000000 ) ) ;
#23 = CIRCLE ( 'NONE', #201, 1.864999999999991775 ) ;
#24 = CYLINDRICAL_SURFACE ( 'NONE', #1340, 2.999999999999999112 ) ;
#25 = DIRECTION ( 'NONE',  ( -1.000000000000000000, 1.498801083243961330E-15, 1.339817193382324612E-15 ) ) ;
#26 = EDGE_CURVE ( 'NONE', #252, #465, #81, .T. ) ;
#27 = ADVANCED_BREP_SHAPE_REPRESENTATION ( 'sub\X2\74035f627d2756fa4ef6\X0\', ( #944, #220 ), #830 ) ;
#28 = DIRECTION ( 'NONE',  ( 1.000000000000000000, 0.000000000000000000, 0.000000000000000000 ) ) ;
#29 = DIRECTION ( 'NONE',  ( 1.000000000000000000, 3.469446951953613696E-16, -0.000000000000000000 ) ) ;
#30 = ORIENTED_EDGE ( 'NONE', *, *, #404, .F. ) ;
#31 = CARTESIAN_POINT ( 'NONE',  ( -19.00000000000001066, -7.000000000000010658, 12.50000000000000000 ) ) ;
#32 = DIRECTION ( 'NONE',  ( -1.443289932012703503E-15, -1.000000000000000000, -8.215646400216414475E-16 ) ) ;
#33 = CARTESIAN_POINT ( 'NONE',  ( 9.869650449737310538, -7.000000000000007105, 2.500000000000000000 ) ) ;
#34 = AXIS2_PLACEMENT_3D ( 'NONE', #933, #929, #1149 ) ;
#35 = ADVANCED_FACE ( 'NONE', ( #1381 ), #299, .F. ) ;
#36 = DIRECTION ( 'NONE',  ( -0.000000000000000000, 0.000000000000000000, 1.000000000000000000 ) ) ;
#37 = EDGE_LOOP ( 'NONE', ( #532, #931, #1171, #348 ) ) ;
#38 = AXIS2_PLACEMENT_3D ( 'NONE', #277, #271, #928 ) ;
#39 = CARTESIAN_POINT ( 'NONE',  ( -19.00000000000001066, -4.000000000000010658, 0.000000000000000000 ) ) ;
#40 = ORIENTED_EDGE ( 'NONE', *, *, #231, .F. ) ;
#41 = DIRECTION ( 'NONE',  ( -1.000000000000000000, 1.498801083243961330E-15, 1.339817193382324612E-15 ) ) ;
#42 = AXIS2_PLACEMENT_3D ( 'NONE', #940, #1265, #529 ) ;
#43 = DIRECTION ( 'NONE',  ( 0.000000000000000000, 1.000000000000000000, 0.000000000000000000 ) ) ;
#44 = DIRECTION ( 'NONE',  ( 1.000000000000000000, 0.000000000000000000, 0.000000000000000000 ) ) ;
#45 = ORIENTED_EDGE ( 'NONE', *, *, #327, .T. ) ;
#46 =( NAMED_UNIT ( * ) PLANE_ANGLE_UNIT ( ) SI_UNIT ( $, .RADIAN. ) );
#47 = EDGE_CURVE ( 'NONE', #745, #840, #1302, .T. ) ;
#48 = ORIENTED_EDGE ( 'NONE', *, *, #365, .T. ) ;
#49 = CARTESIAN_POINT ( 'NONE',  ( 8.279362044434767676E-16, -7.000000000000007994, 12.50000000000000000 ) ) ;
#50 = VECTOR ( 'NONE', #842, 1000.000000000000000 ) ;
#51 = ORIENTED_EDGE ( 'NONE', *, *, #99, .F. ) ;
#52 = DIRECTION ( 'NONE',  ( -1.000000000000000000, 0.000000000000000000, 0.000000000000000000 ) ) ;
#53 = DIRECTION ( 'NONE',  ( 0.000000000000000000, 0.000000000000000000, -1.000000000000000000 ) ) ;
#54 = VERTEX_POINT ( 'NONE', #825 ) ;
#55 = LINE ( 'NONE', #480, #1036 ) ;
#56 = CARTESIAN_POINT ( 'NONE',  ( -30.00000000000003553, -1.865000000001601599, 7.500000000000240696 ) ) ;
#57 = EDGE_CURVE ( 'NONE', #195, #978, #699, .T. ) ;
#58 = EDGE_CURVE ( 'NONE', #1134, #98, #971, .T. ) ;
#59 = ORIENTED_EDGE ( 'NONE', *, *, #530, .F. ) ;
#60 = CARTESIAN_POINT ( 'NONE',  ( 19.00000000000001066, 7.000000000000005329, 0.000000000000000000 ) ) ;
#61 = ORIENTED_EDGE ( 'NONE', *, *, #1215, .F. ) ;
#62 = CARTESIAN_POINT ( 'NONE',  ( -19.00000000000001776, -3.499999999999997780, 12.50000000000000000 ) ) ;
#63 = ORIENTED_EDGE ( 'NONE', *, *, #976, .F. ) ;
#64 = CIRCLE ( 'NONE', #848, 2.999999999999998224 ) ;
#65 = DIRECTION ( 'NONE',  ( -0.000000000000000000, -0.000000000000000000, 1.000000000000000000 ) ) ;
#66 = FACE_OUTER_BOUND ( 'NONE', #381, .T. ) ;
#67 = EDGE_CURVE ( 'NONE', #745, #680, #111, .T. ) ;
#68 = CARTESIAN_POINT ( 'NONE',  ( -15.65707521604553243, -4.000000000000858869, 7.500000000000022204 ) ) ;
#69 = CIRCLE ( 'NONE', #570, 2.999999999999999112 ) ;
#70 = ORIENTED_EDGE ( 'NONE', *, *, #1048, .T. ) ;
#71 = DIRECTION ( 'NONE',  ( -1.000000000000000000, 1.498801083243961330E-15, 1.339817193382324612E-15 ) ) ;
#72 = CARTESIAN_POINT ( 'NONE',  ( 17.00000000000001421, -3.499999999999997780, 2.500000000000000444 ) ) ;
#73 = DIRECTION ( 'NONE',  ( 1.443289932012703503E-15, 1.000000000000000000, 8.215646400216414475E-16 ) ) ;
#74 = DIRECTION ( 'NONE',  ( 1.443289932012703503E-15, 1.000000000000000000, 8.215646400216414475E-16 ) ) ;
#75 = ORIENTED_EDGE ( 'NONE', *, *, #1192, .F. ) ;
#76 =( LENGTH_UNIT ( ) NAMED_UNIT ( * ) SI_UNIT ( .MILLI., .METRE. ) );
#77 = EDGE_LOOP ( 'NONE', ( #804, #498, #1053, #868 ) ) ;
#78 = CARTESIAN_POINT ( 'NONE',  ( 22.00000000000001066, -4.000000000000005329, 2.500000000000000000 ) ) ;
#79 = ORIENTED_EDGE ( 'NONE', *, *, #286, .F. ) ;
#80 = EDGE_CURVE ( 'NONE', #301, #680, #989, .T. ) ;
#81 = LINE ( 'NONE', #519, #568 ) ;
#82 = DIRECTION ( 'NONE',  ( -0.000000000000000000, 0.000000000000000000, 1.000000000000000000 ) ) ;
#83 = VECTOR ( 'NONE', #151, 1000.000000000000000 ) ;
#84 = ORIENTED_EDGE ( 'NONE', *, *, #748, .T. ) ;
#85 = DIRECTION ( 'NONE',  ( 1.000000000000000000, 3.469446951953613696E-16, -0.000000000000000000 ) ) ;
#86 = CLOSED_SHELL ( 'NONE', ( #225, #1353, #967, #35, #384, #766, #1062, #586, #546, #395, #659, #847, #1090, #373, #904, #678, #518, #1023, #1360, #755, #1288, #462, #636, #537, #211, #913, #574, #1193, #363, #606, #19, #350, #1173, #1166, #579, #802, #1041, #334, #484, #1374, #651, #154, #1298, #9, #792, #260, #1257 ) ) ;
#87 = ORIENTED_EDGE ( 'NONE', *, *, #341, .F. ) ;
#88 = AXIS2_PLACEMENT_3D ( 'NONE', #1281, #106, #548 ) ;
#89 = DIRECTION ( 'NONE',  ( -1.000000000000000000, 1.734723475976805517E-15, 1.734723475976805517E-15 ) ) ;
#90 = EDGE_CURVE ( 'NONE', #978, #788, #557, .T. ) ;
#91 = CARTESIAN_POINT ( 'NONE',  ( -27.80000000000002913, 1.864999999998381952, 7.500000000000244249 ) ) ;
#92 = VERTEX_POINT ( 'NONE', #18 ) ;
#93 = VECTOR ( 'NONE', #998, 1000.000000000000000 ) ;
#94 = ORIENTED_EDGE ( 'NONE', *, *, #1158, .T. ) ;
#95 = APPLICATION_PROTOCOL_DEFINITION ( 'draft international standard', 'automotive_design', 1998, #1345 ) ;
#96 = ORIENTED_EDGE ( 'NONE', *, *, #502, .T. ) ;
#97 = CYLINDRICAL_SURFACE ( 'NONE', #1346, 2.049999999999999822 ) ;
#98 = VERTEX_POINT ( 'NONE', #1304 ) ;
#99 = EDGE_CURVE ( 'NONE', #472, #487, #1309, .T. ) ;
#100 = VERTEX_POINT ( 'NONE', #890 ) ;
#101 = CARTESIAN_POINT ( 'NONE',  ( -8.279362044434761760E-16, 7.000000000000002665, 2.500000000000000000 ) ) ;
#102 = ORIENTED_EDGE ( 'NONE', *, *, #26, .F. ) ;
#103 = CIRCLE ( 'NONE', #845, 12.09999999999999964 ) ;
#104 = EDGE_CURVE ( 'NONE', #1127, #291, #388, .T. ) ;
#105 = ORIENTED_EDGE ( 'NONE', *, *, #958, .T. ) ;
#106 = DIRECTION ( 'NONE',  ( -0.000000000000000000, 0.000000000000000000, 1.000000000000000000 ) ) ;
#107 = AXIS2_PLACEMENT_3D ( 'NONE', #20, #456, #1305 ) ;
#108 = AXIS2_PLACEMENT_3D ( 'NONE', #262, #71, #926 ) ;
#109 = CYLINDRICAL_SURFACE ( 'NONE', #425, 10.09999999999999964 ) ;
#110 = ORIENTED_EDGE ( 'NONE', *, *, #1296, .F. ) ;
#111 = LINE ( 'NONE', #340, #1214 ) ;
#112 = ORIENTED_EDGE ( 'NONE', *, *, #1240, .F. ) ;
#113 = AXIS2_PLACEMENT_3D ( 'NONE', #1221, #1236, #273 ) ;
#114 = DIRECTION ( 'NONE',  ( -0.000000000000000000, -0.000000000000000000, -1.000000000000000000 ) ) ;
#115 = LINE ( 'NONE', #1303, #1248 ) ;
#116 = DIRECTION ( 'NONE',  ( 1.000000000000000000, 1.182766006347822616E-16, 0.000000000000000000 ) ) ;
#117 = CARTESIAN_POINT ( 'NONE',  ( -14.43482522486866060, 7.000000000000000888, 12.50000000000000000 ) ) ;
#118 = ORIENTED_EDGE ( 'NONE', *, *, #47, .F. ) ;
#119 = CARTESIAN_POINT ( 'NONE',  ( -14.43482522486866060, 7.000000000000000888, 12.50000000000000000 ) ) ;
#120 = EDGE_CURVE ( 'NONE', #1134, #1284, #552, .T. ) ;
#121 = DIRECTION ( 'NONE',  ( -1.000000000000000000, 0.000000000000000000, 0.000000000000000000 ) ) ;
#122 = CARTESIAN_POINT ( 'NONE',  ( -16.65707521604553776, -10.00000000000084910, 7.500000000000020428 ) ) ;
#123 = VECTOR ( 'NONE', #1033, 1000.000000000000000 ) ;
#124 = MECHANICAL_DESIGN_GEOMETRIC_PRESENTATION_REPRESENTATION (  '', ( #1032 ), #1138 ) ;
#125 = DIRECTION ( 'NONE',  ( -0.000000000000000000, -0.000000000000000000, 1.000000000000000000 ) ) ;
#126 = FACE_OUTER_BOUND ( 'NONE', #1254, .T. ) ;
#127 = FACE_OUTER_BOUND ( 'NONE', #1140, .T. ) ;
#128 = EDGE_CURVE ( 'NONE', #1366, #1258, #1099, .T. ) ;
#129 = VECTOR ( 'NONE', #227, 1000.000000000000000 ) ;
#130 = DIRECTION ( 'NONE',  ( -1.000000000000000000, 0.000000000000000000, 0.000000000000000000 ) ) ;
#131 = FACE_OUTER_BOUND ( 'NONE', #935, .T. ) ;
#132 = CARTESIAN_POINT ( 'NONE',  ( 0.000000000000000000, 0.000000000000000000, 0.000000000000000000 ) ) ;
#133 = EDGE_LOOP ( 'NONE', ( #175, #639 ) ) ;
#134 = LINE ( 'NONE', #233, #1322 ) ;
#135 = CARTESIAN_POINT ( 'NONE',  ( -16.95000000000001705, 3.499999999999997780, 12.50000000000000000 ) ) ;
#136 = FACE_BOUND ( 'NONE', #421, .T. ) ;
#137 = ORIENTED_EDGE ( 'NONE', *, *, #104, .T. ) ;
#138 = DIRECTION ( 'NONE',  ( -1.000000000000000000, 0.000000000000000000, 0.000000000000000000 ) ) ;
#139 = ORIENTED_EDGE ( 'NONE', *, *, #800, .T. ) ;
#140 = DIRECTION ( 'NONE',  ( -0.000000000000000000, -0.000000000000000000, -1.000000000000000000 ) ) ;
#141 = CARTESIAN_POINT ( 'NONE',  ( -14.43482522486866060, 7.000000000000000888, 2.500000000000000000 ) ) ;
#142 = DIRECTION ( 'NONE',  ( 1.000000000000000000, 3.469446951953613696E-16, -0.000000000000000000 ) ) ;
#143 = CARTESIAN_POINT ( 'NONE',  ( -19.00000000000001776, -3.499999999999997780, 8.500000000000000000 ) ) ;
#144 = EDGE_CURVE ( 'NONE', #1043, #788, #443, .T. ) ;
#145 = ORIENTED_EDGE ( 'NONE', *, *, #244, .F. ) ;
#146 = LINE ( 'NONE', #1225, #1063 ) ;
#147 = DIRECTION ( 'NONE',  ( 1.000000000000000000, 1.182766006347822616E-16, 0.000000000000000000 ) ) ;
#148 = VECTOR ( 'NONE', #535, 1000.000000000000000 ) ;
#149 = CIRCLE ( 'NONE', #1013, 1.000000000000000888 ) ;
#150 = FACE_OUTER_BOUND ( 'NONE', #1057, .T. ) ;
#151 = DIRECTION ( 'NONE',  ( -0.000000000000000000, -0.000000000000000000, -1.000000000000000000 ) ) ;
#152 = EDGE_LOOP ( 'NONE', ( #558, #1348, #137, #1065 ) ) ;
#153 = LINE ( 'NONE', #281, #903 ) ;
#154 = ADVANCED_FACE ( 'NONE', ( #326 ), #775, .F. ) ;
#155 = DIRECTION ( 'NONE',  ( -1.000000000000000000, 1.734723475976805517E-15, 1.734723475976805517E-15 ) ) ;
#156 = CIRCLE ( 'NONE', #723, 2.999999999999999112 ) ;
#157 = ORIENTED_EDGE ( 'NONE', *, *, #327, .F. ) ;
#158 = DIRECTION ( 'NONE',  ( -1.000000000000000000, -1.182766006347822616E-16, 0.000000000000000000 ) ) ;
#159 = ORIENTED_EDGE ( 'NONE', *, *, #430, .F. ) ;
#160 = ORIENTED_EDGE ( 'NONE', *, *, #58, .T. ) ;
#161 = EDGE_CURVE ( 'NONE', #1110, #54, #1187, .T. ) ;
#162 = ORIENTED_EDGE ( 'NONE', *, *, #441, .F. ) ;
#163 = CARTESIAN_POINT ( 'NONE',  ( -10.09999999999999964, 0.000000000000000000, 0.000000000000000000 ) ) ;
#164 = CARTESIAN_POINT ( 'NONE',  ( -27.80000000000003624, -1.865000000001601599, 7.500000000000238032 ) ) ;
#165 = ORIENTED_EDGE ( 'NONE', *, *, #57, .T. ) ;
#166 = DIRECTION ( 'NONE',  ( 0.000000000000000000, 0.000000000000000000, 1.000000000000000000 ) ) ;
#167 = CIRCLE ( 'NONE', #959, 1.000000000000000888 ) ;
#168 = CARTESIAN_POINT ( 'NONE',  ( -19.00000000000001066, 4.000000000000000000, 12.50000000000000000 ) ) ;
#169 = VECTOR ( 'NONE', #284, 1000.000000000000000 ) ;
#170 = DIRECTION ( 'NONE',  ( -1.000000000000000000, 0.000000000000000000, 0.000000000000000000 ) ) ;
#171 = EDGE_CURVE ( 'NONE', #634, #688, #358, .T. ) ;
#172 = FACE_OUTER_BOUND ( 'NONE', #631, .T. ) ;
#173 = AXIS2_PLACEMENT_3D ( 'NONE', #39, #555, #987 ) ;
#174 = AXIS2_PLACEMENT_3D ( 'NONE', #1244, #74, #823 ) ;
#175 = ORIENTED_EDGE ( 'NONE', *, *, #1038, .F. ) ;
#176 = FACE_OUTER_BOUND ( 'NONE', #205, .T. ) ;
#177 = CARTESIAN_POINT ( 'NONE',  ( -19.00000000000001066, -7.000000000000010658, 0.000000000000000000 ) ) ;
#178 = PLANE ( 'NONE',  #1320 ) ;
#179 = VECTOR ( 'NONE', #578, 1000.000000000000000 ) ;
#180 = CARTESIAN_POINT ( 'NONE',  ( 19.00000000000001776, 3.499999999999997780, 2.500000000000000444 ) ) ;
#181 = EDGE_CURVE ( 'NONE', #749, #1164, #531, .T. ) ;
#182 = VERTEX_POINT ( 'NONE', #72 ) ;
#183 = CARTESIAN_POINT ( 'NONE',  ( -14.43482522486866060, 0.000000000000000000, 2.500000000000000000 ) ) ;
#184 = FACE_OUTER_BOUND ( 'NONE', #951, .T. ) ;
#185 = CYLINDRICAL_SURFACE ( 'NONE', #1186, 1.999999999999998668 ) ;
#186 = EDGE_LOOP ( 'NONE', ( #996, #448, #691, #623 ) ) ;
#187 = DIRECTION ( 'NONE',  ( 0.000000000000000000, 0.000000000000000000, 1.000000000000000000 ) ) ;
#188 = FACE_OUTER_BOUND ( 'NONE', #705, .T. ) ;
#189 = EDGE_CURVE ( 'NONE', #423, #366, #23, .T. ) ;
#190 = ORIENTED_EDGE ( 'NONE', *, *, #882, .F. ) ;
#191 = EDGE_LOOP ( 'NONE', ( #673, #96, #165, #1179, #1082, #278 ) ) ;
#192 = DIRECTION ( 'NONE',  ( 1.000000000000000000, 1.182766006347822616E-16, 0.000000000000000000 ) ) ;
#193 = LINE ( 'NONE', #630, #653 ) ;
#194 = CIRCLE ( 'NONE', #375, 1.999999999999999112 ) ;
#195 = VERTEX_POINT ( 'NONE', #920 ) ;
#196 = ORIENTED_EDGE ( 'NONE', *, *, #144, .F. ) ;
#197 = DIRECTION ( 'NONE',  ( 0.000000000000000000, -1.000000000000000000, 0.000000000000000000 ) ) ;
#198 = CARTESIAN_POINT ( 'NONE',  ( -22.00000000000001066, -4.000000000000010658, 0.000000000000000000 ) ) ;
#199 = DIRECTION ( 'NONE',  ( -1.182766006347822616E-16, 1.000000000000000000, 0.000000000000000000 ) ) ;
#200 = ORIENTED_EDGE ( 'NONE', *, *, #923, .F. ) ;
#201 = AXIS2_PLACEMENT_3D ( 'NONE', #475, #372, #364 ) ;
#202 = VERTEX_POINT ( 'NONE', #1342 ) ;
#203 = DIRECTION ( 'NONE',  ( -0.000000000000000000, -0.000000000000000000, -1.000000000000000000 ) ) ;
#204 = ORIENTED_EDGE ( 'NONE', *, *, #1115, .T. ) ;
#205 = EDGE_LOOP ( 'NONE', ( #240, #1380, #1387, #621 ) ) ;
#206 = APPLICATION_PROTOCOL_DEFINITION ( 'draft international standard', 'automotive_design', 1998, #215 ) ;
#207 = DIRECTION ( 'NONE',  ( -1.000000000000000000, 0.000000000000000000, 0.000000000000000000 ) ) ;
#208 = CARTESIAN_POINT ( 'NONE',  ( -23.00000000000001066, -5.911298161137556720E-16, 5.500000000000001776 ) ) ;
#209 = ORIENTED_EDGE ( 'NONE', *, *, #817, .F. ) ;
#210 = CIRCLE ( 'NONE', #493, 2.049999999999999822 ) ;
#211 = ADVANCED_FACE ( 'NONE', ( #380 ), #808, .T. ) ;
#212 = CIRCLE ( 'NONE', #822, 1.999999999999998224 ) ;
#213 = EDGE_CURVE ( 'NONE', #431, #1072, #811, .T. ) ;
#214 = VERTEX_POINT ( 'NONE', #1030 ) ;
#215 = APPLICATION_CONTEXT ( 'automotive_design' ) ;
#216 = CIRCLE ( 'NONE', #1252, 2.000000000000001776 ) ;
#217 = PLANE ( 'NONE',  #632 ) ;
#218 = AXIS2_PLACEMENT_3D ( 'NONE', #62, #166, #805 ) ;
#219 = AXIS2_PLACEMENT_3D ( 'NONE', #1229, #685, #246 ) ;
#220 = AXIS2_PLACEMENT_3D ( 'NONE', #936, #360, #255 ) ;
#221 = CARTESIAN_POINT ( 'NONE',  ( -27.80000000000003268, 0.9999999999983910648, 7.500000000000243361 ) ) ;
#222 = DIRECTION ( 'NONE',  ( -0.000000000000000000, -0.000000000000000000, -1.000000000000000000 ) ) ;
#223 = AXIS2_PLACEMENT_3D ( 'NONE', #770, #1005, #481 ) ;
#224 = ORIENTED_EDGE ( 'NONE', *, *, #522, .F. ) ;
#225 = ADVANCED_FACE ( 'NONE', ( #66 ), #389, .F. ) ;
#226 = CIRCLE ( 'NONE', #42, 1.999999999999998668 ) ;
#227 = DIRECTION ( 'NONE',  ( 1.443289932012703503E-15, 1.000000000000000000, 8.215646400216414475E-16 ) ) ;
#228 = CARTESIAN_POINT ( 'NONE',  ( -14.43482522486866060, -7.000000000000009770, 2.500000000000000000 ) ) ;
#229 = ORIENTED_EDGE ( 'NONE', *, *, #954, .T. ) ;
#230 = CARTESIAN_POINT ( 'NONE',  ( -16.65707521604553421, -4.000000000000857092, 7.500000000000034639 ) ) ;
#231 = EDGE_CURVE ( 'NONE', #1369, #1271, #907, .T. ) ;
#232 = DIRECTION ( 'NONE',  ( 0.000000000000000000, -0.000000000000000000, -1.000000000000000000 ) ) ;
#233 = CARTESIAN_POINT ( 'NONE',  ( -21.05000000000001492, 3.499999999999998224, 8.500000000000000000 ) ) ;
#234 = FACE_BOUND ( 'NONE', #650, .T. ) ;
#235 = FACE_BOUND ( 'NONE', #1280, .T. ) ;
#236 = CARTESIAN_POINT ( 'NONE',  ( -8.279362044434761760E-16, 7.000000000000002665, 12.50000000000000000 ) ) ;
#237 = CARTESIAN_POINT ( 'NONE',  ( -19.00000000000001776, 3.499999999999997780, 12.50000000000000000 ) ) ;
#238 = VECTOR ( 'NONE', #1078, 1000.000000000000000 ) ;
#239 = VECTOR ( 'NONE', #612, 1000.000000000000000 ) ;
#240 = ORIENTED_EDGE ( 'NONE', *, *, #1000, .T. ) ;
#241 = CYLINDRICAL_SURFACE ( 'NONE', #853, 1.864999999999991775 ) ;
#242 = CARTESIAN_POINT ( 'NONE',  ( -10.09999999999999964, 0.000000000000000000, 2.500000000000000000 ) ) ;
#243 = CARTESIAN_POINT ( 'NONE',  ( -23.00000000000001066, -1.999999999999999556, 7.500000000000000888 ) ) ;
#244 = EDGE_CURVE ( 'NONE', #366, #431, #771, .T. ) ;
#245 = VECTOR ( 'NONE', #29, 1000.000000000000000 ) ;
#246 = DIRECTION ( 'NONE',  ( 0.000000000000000000, 0.000000000000000000, 1.000000000000000000 ) ) ;
#247 = DIRECTION ( 'NONE',  ( 0.000000000000000000, 0.000000000000000000, 1.000000000000000000 ) ) ;
#248 = AXIS2_PLACEMENT_3D ( 'NONE', #1204, #1330, #708 ) ;
#249 = CARTESIAN_POINT ( 'NONE',  ( -16.95000000000001705, 3.499999999999997780, 8.500000000000000000 ) ) ;
#250 = ORIENTED_EDGE ( 'NONE', *, *, #958, .F. ) ;
#251 = LINE ( 'NONE', #773, #799 ) ;
#252 = VERTEX_POINT ( 'NONE', #995 ) ;
#253 = EDGE_CURVE ( 'NONE', #393, #429, #336, .T. ) ;
#254 = DIRECTION ( 'NONE',  ( -0.000000000000000000, -0.000000000000000000, -1.000000000000000000 ) ) ;
#255 = DIRECTION ( 'NONE',  ( 1.000000000000000000, 0.000000000000000000, 0.000000000000000000 ) ) ;
#256 = ORIENTED_EDGE ( 'NONE', *, *, #441, .T. ) ;
#257 = DIRECTION ( 'NONE',  ( -0.000000000000000000, 0.000000000000000000, 1.000000000000000000 ) ) ;
#258 = PRODUCT_DEFINITION_SHAPE ( 'NONE', 'NONE',  #934 ) ;
#259 = FACE_BOUND ( 'NONE', #1021, .T. ) ;
#260 = ADVANCED_FACE ( 'NONE', ( #234, #126 ), #343, .F. ) ;
#261 = AXIS2_PLACEMENT_3D ( 'NONE', #180, #279, #727 ) ;
#262 = CARTESIAN_POINT ( 'NONE',  ( -30.00000000000003197, -1.609823385706476984E-12, 7.500000000000242473 ) ) ;
#263 = ORIENTED_EDGE ( 'NONE', *, *, #404, .T. ) ;
#264 = FILL_AREA_STYLE ('',( #1350 ) ) ;
#265 = ORIENTED_EDGE ( 'NONE', *, *, #530, .T. ) ;
#266 = VECTOR ( 'NONE', #470, 1000.000000000000000 ) ;
#267 = CARTESIAN_POINT ( 'NONE',  ( -14.43482522486866060, -7.000000000000009770, 12.50000000000000000 ) ) ;
#268 = EDGE_CURVE ( 'NONE', #385, #846, #156, .T. ) ;
#269 = ORIENTED_EDGE ( 'NONE', *, *, #268, .F. ) ;
#270 = DIRECTION ( 'NONE',  ( -1.000000000000000000, -1.182766006347822616E-16, 0.000000000000000000 ) ) ;
#271 = DIRECTION ( 'NONE',  ( -0.000000000000000000, 0.000000000000000000, 1.000000000000000000 ) ) ;
#272 = VECTOR ( 'NONE', #867, 1000.000000000000000 ) ;
#273 = DIRECTION ( 'NONE',  ( 1.000000000000000000, 0.000000000000000000, 0.000000000000000000 ) ) ;
#274 = FACE_BOUND ( 'NONE', #482, .T. ) ;
#275 = EDGE_LOOP ( 'NONE', ( #955, #1378 ) ) ;
#276 = CARTESIAN_POINT ( 'NONE',  ( -16.65707521604553421, -4.000000000000857092, 7.500000000000034639 ) ) ;
#277 = CARTESIAN_POINT ( 'NONE',  ( 19.00000000000001066, -4.000000000000005329, 2.500000000000000000 ) ) ;
#278 = ORIENTED_EDGE ( 'NONE', *, *, #946, .T. ) ;
#279 = DIRECTION ( 'NONE',  ( -0.000000000000000000, 0.000000000000000000, 1.000000000000000000 ) ) ;
#280 = VERTEX_POINT ( 'NONE', #647 ) ;
#281 = CARTESIAN_POINT ( 'NONE',  ( 8.279362044434767676E-16, -7.000000000000007994, 2.500000000000000000 ) ) ;
#282 = AXIS2_PLACEMENT_3D ( 'NONE', #1367, #187, #1055 ) ;
#283 = AXIS2_PLACEMENT_3D ( 'NONE', #826, #1255, #600 ) ;
#284 = DIRECTION ( 'NONE',  ( 1.000000000000000000, 1.182766006347822616E-16, 0.000000000000000000 ) ) ;
#285 = CARTESIAN_POINT ( 'NONE',  ( -19.00000000000001776, 3.499999999999997780, 8.500000000000000000 ) ) ;
#286 = EDGE_CURVE ( 'NONE', #1165, #573, #1200, .T. ) ;
#287 = ORIENTED_EDGE ( 'NONE', *, *, #491, .T. ) ;
#288 = DIRECTION ( 'NONE',  ( -0.000000000000000000, -0.000000000000000000, -1.000000000000000000 ) ) ;
#289 = VECTOR ( 'NONE', #314, 1000.000000000000000 ) ;
#290 = AXIS2_PLACEMENT_3D ( 'NONE', #394, #1035, #504 ) ;
#291 = VERTEX_POINT ( 'NONE', #135 ) ;
#292 = LINE ( 'NONE', #814, #711 ) ;
#293 = FACE_OUTER_BOUND ( 'NONE', #1069, .T. ) ;
#294 = CIRCLE ( 'NONE', #1086, 2.999999999999999112 ) ;
#295 = ORIENTED_EDGE ( 'NONE', *, *, #684, .T. ) ;
#296 = EDGE_CURVE ( 'NONE', #788, #870, #294, .T. ) ;
#297 = DIRECTION ( 'NONE',  ( 0.000000000000000000, 1.000000000000000000, -0.000000000000000000 ) ) ;
#298 = EDGE_LOOP ( 'NONE', ( #1049, #819, #196, #859 ) ) ;
#299 = CYLINDRICAL_SURFACE ( 'NONE', #1019, 1.000000000000000888 ) ;
#300 = DIRECTION ( 'NONE',  ( 0.000000000000000000, 1.000000000000000000, 1.224646799147353207E-16 ) ) ;
#301 = VERTEX_POINT ( 'NONE', #1277 ) ;
#302 = EDGE_CURVE ( 'NONE', #894, #745, #1363, .T. ) ;
#303 = ORIENTED_EDGE ( 'NONE', *, *, #244, .T. ) ;
#304 = EDGE_CURVE ( 'NONE', #718, #514, #226, .T. ) ;
#305 = CARTESIAN_POINT ( 'NONE',  ( -24.00000000000004263, -1.609823385706476984E-12, 7.500000000000242473 ) ) ;
#306 = AXIS2_PLACEMENT_3D ( 'NONE', #1123, #609, #138 ) ;
#307 = DIRECTION ( 'NONE',  ( 1.000000000000000000, 0.000000000000000000, 0.000000000000000000 ) ) ;
#308 = CIRCLE ( 'NONE', #1075, 2.999999999999999112 ) ;
#309 = EDGE_LOOP ( 'NONE', ( #1299, #993 ) ) ;
#310 = ORIENTED_EDGE ( 'NONE', *, *, #1267, .T. ) ;
#311 = VECTOR ( 'NONE', #1300, 1000.000000000000000 ) ;
#312 = EDGE_CURVE ( 'NONE', #514, #718, #777, .T. ) ;
#313 = CARTESIAN_POINT ( 'NONE',  ( 21.00000000000001776, -3.499999999999997335, 2.500000000000000444 ) ) ;
#314 = DIRECTION ( 'NONE',  ( -0.000000000000000000, -0.000000000000000000, 1.000000000000000000 ) ) ;
#315 = ORIENTED_EDGE ( 'NONE', *, *, #99, .T. ) ;
#316 = LINE ( 'NONE', #117, #353 ) ;
#317 = EDGE_LOOP ( 'NONE', ( #1174, #209, #416, #901, #892, #1027 ) ) ;
#318 = CYLINDRICAL_SURFACE ( 'NONE', #432, 2.049999999999999822 ) ;
#319 = CARTESIAN_POINT ( 'NONE',  ( 0.000000000000000000, 0.000000000000000000, 2.500000000000000000 ) ) ;
#320 = VERTEX_POINT ( 'NONE', #737 ) ;
#321 = ORIENTED_EDGE ( 'NONE', *, *, #1240, .T. ) ;
#322 = DIRECTION ( 'NONE',  ( -0.000000000000000000, -0.000000000000000000, -1.000000000000000000 ) ) ;
#323 = DIRECTION ( 'NONE',  ( -0.000000000000000000, 0.000000000000000000, 1.000000000000000000 ) ) ;
#324 = VERTEX_POINT ( 'NONE', #1071 ) ;
#325 = CIRCLE ( 'NONE', #1290, 1.000000000000000888 ) ;
#326 = FACE_OUTER_BOUND ( 'NONE', #37, .T. ) ;
#327 = EDGE_CURVE ( 'NONE', #429, #393, #408, .T. ) ;
#328 = ORIENTED_EDGE ( 'NONE', *, *, #312, .F. ) ;
#329 = CARTESIAN_POINT ( 'NONE',  ( 19.00000000000001776, -3.499999999999997780, 6.500000000000000888 ) ) ;
#330 = CIRCLE ( 'NONE', #806, 1.000000000000000000 ) ;
#331 = DIRECTION ( 'NONE',  ( -1.498801083243961330E-15, -1.000000000000000000, -8.215646400216414475E-16 ) ) ;
#332 = DIRECTION ( 'NONE',  ( 0.000000000000000000, 0.000000000000000000, 1.000000000000000000 ) ) ;
#333 = ORIENTED_EDGE ( 'NONE', *, *, #930, .F. ) ;
#334 = ADVANCED_FACE ( 'NONE', ( #1052 ), #963, .T. ) ;
#335 = ORIENTED_EDGE ( 'NONE', *, *, #684, .F. ) ;
#336 = CIRCLE ( 'NONE', #415, 1.000000000000000888 ) ;
#337 = CARTESIAN_POINT ( 'NONE',  ( 9.869650449737314091, 7.000000000000003553, 2.500000000000000000 ) ) ;
#338 = DIRECTION ( 'NONE',  ( 0.000000000000000000, 1.000000000000000000, 8.673617379884027583E-16 ) ) ;
#339 = ORIENTED_EDGE ( 'NONE', *, *, #120, .F. ) ;
#340 = CARTESIAN_POINT ( 'NONE',  ( -9.869650449737310538, -7.000000000000008882, 2.500000000000000000 ) ) ;
#341 = EDGE_CURVE ( 'NONE', #100, #202, #618, .T. ) ;
#342 = DIRECTION ( 'NONE',  ( 1.000000000000000000, 0.000000000000000000, 0.000000000000000000 ) ) ;
#343 = PLANE ( 'NONE',  #1329 ) ;
#344 = CARTESIAN_POINT ( 'NONE',  ( 19.00000000000001776, -3.499999999999997780, 2.500000000000000444 ) ) ;
#345 = CARTESIAN_POINT ( 'NONE',  ( -23.00000000000001066, -8.972915159005937396E-16, 7.500000000000000888 ) ) ;
#346 = CIRCLE ( 'NONE', #540, 1.000000000000000888 ) ;
#347 = CYLINDRICAL_SURFACE ( 'NONE', #645, 2.049999999999999822 ) ;
#348 = ORIENTED_EDGE ( 'NONE', *, *, #875, .F. ) ;
#349 = DIRECTION ( 'NONE',  ( -0.000000000000000000, 0.000000000000000000, 1.000000000000000000 ) ) ;
#350 = ADVANCED_FACE ( 'NONE', ( #716 ), #178, .F. ) ;
#351 = ORIENTED_EDGE ( 'NONE', *, *, #181, .T. ) ;
#352 = CARTESIAN_POINT ( 'NONE',  ( -24.00000000000004263, -1.609823385706476984E-12, 7.500000000000242473 ) ) ;
#353 = VECTOR ( 'NONE', #1175, 1000.000000000000000 ) ;
#354 = CIRCLE ( 'NONE', #218, 2.049999999999999822 ) ;
#355 = AXIS2_PLACEMENT_3D ( 'NONE', #132, #664, #1001 ) ;
#356 = DIRECTION ( 'NONE',  ( -0.000000000000000000, -0.000000000000000000, -1.000000000000000000 ) ) ;
#357 = CARTESIAN_POINT ( 'NONE',  ( -19.00000000000001776, -3.499999999999997780, 8.500000000000000000 ) ) ;
#358 = CIRCLE ( 'NONE', #477, 1.000000000000000888 ) ;
#359 = CARTESIAN_POINT ( 'NONE',  ( 19.00000000000001066, -7.000000000000005329, 2.500000000000000000 ) ) ;
#360 = DIRECTION ( 'NONE',  ( 0.000000000000000000, 0.000000000000000000, 1.000000000000000000 ) ) ;
#361 = ORIENTED_EDGE ( 'NONE', *, *, #1067, .F. ) ;
#362 = DIRECTION ( 'NONE',  ( 1.000000000000000000, 0.000000000000000000, 0.000000000000000000 ) ) ;
#363 = ADVANCED_FACE ( 'NONE', ( #293 ), #185, .T. ) ;
#364 = DIRECTION ( 'NONE',  ( 1.860293271825002394E-15, 1.000000000000000000, 9.301466359125011971E-16 ) ) ;
#365 = EDGE_CURVE ( 'NONE', #1338, #1105, #193, .T. ) ;
#366 = VERTEX_POINT ( 'NONE', #91 ) ;
#367 = CYLINDRICAL_SURFACE ( 'NONE', #1029, 2.999999999999999112 ) ;
#368 = VERTEX_POINT ( 'NONE', #794 ) ;
#369 = CARTESIAN_POINT ( 'NONE',  ( -24.00000000000004263, 0.9999999999983910648, 7.500000000000243361 ) ) ;
#370 = EDGE_LOOP ( 'NONE', ( #265, #1170, #118, #1326 ) ) ;
#371 = CARTESIAN_POINT ( 'NONE',  ( -27.80000000000003268, -1.609823385706476984E-12, 7.500000000000242473 ) ) ;
#372 = DIRECTION ( 'NONE',  ( -1.000000000000000000, 1.498801083243961330E-15, 1.339817193382324612E-15 ) ) ;
#373 = ADVANCED_FACE ( 'NONE', ( #150 ), #1100, .T. ) ;
#374 = CARTESIAN_POINT ( 'NONE',  ( -28.00000000000001066, -1.156285578073443609E-14, 0.000000000000000000 ) ) ;
#375 = AXIS2_PLACEMENT_3D ( 'NONE', #906, #121, #677 ) ;
#376 = EDGE_LOOP ( 'NONE', ( #536, #833, #617, #269 ) ) ;
#377 = DIRECTION ( 'NONE',  ( 1.443289932012704686E-15, 1.000000000000000000, 8.215646400216414475E-16 ) ) ;
#378 = CARTESIAN_POINT ( 'NONE',  ( -21.05000000000001492, -3.499999999999997335, 8.500000000000000000 ) ) ;
#379 = AXIS2_PLACEMENT_3D ( 'NONE', #305, #1385, #1152 ) ;
#380 = FACE_OUTER_BOUND ( 'NONE', #298, .T. ) ;
#381 = EDGE_LOOP ( 'NONE', ( #411, #986, #1295, #145 ) ) ;
#382 = CIRCLE ( 'NONE', #88, 12.09999999999999964 ) ;
#383 = CYLINDRICAL_SURFACE ( 'NONE', #306, 1.999999999999998224 ) ;
#384 = ADVANCED_FACE ( 'NONE', ( #131 ), #828, .F. ) ;
#385 = VERTEX_POINT ( 'NONE', #891 ) ;
#386 = CARTESIAN_POINT ( 'NONE',  ( -21.05000000000001492, 3.499999999999998224, 8.500000000000000000 ) ) ;
#387 = DIRECTION ( 'NONE',  ( 0.000000000000000000, 0.000000000000000000, -1.000000000000000000 ) ) ;
#388 = CIRCLE ( 'NONE', #881, 2.049999999999999822 ) ;
#389 = CYLINDRICAL_SURFACE ( 'NONE', #658, 1.864999999999991775 ) ;
#390 = FACE_BOUND ( 'NONE', #1155, .T. ) ;
#391 = DIRECTION ( 'NONE',  ( 0.000000000000000000, 0.000000000000000000, 1.000000000000000000 ) ) ;
#392 = EDGE_LOOP ( 'NONE', ( #503, #741, #250, #960 ) ) ;
#393 = VERTEX_POINT ( 'NONE', #884 ) ;
#394 = CARTESIAN_POINT ( 'NONE',  ( -16.65707521604545960, 5.999999999999158895, 7.499999999999965361 ) ) ;
#395 = ADVANCED_FACE ( 'NONE', ( #1205 ), #785, .T. ) ;
#396 = DIRECTION ( 'NONE',  ( 1.443289932012703503E-15, 1.000000000000000000, 8.215646400216414475E-16 ) ) ;
#397 = SURFACE_STYLE_FILL_AREA ( #264 ) ;
#398 = FACE_OUTER_BOUND ( 'NONE', #744, .T. ) ;
#399 = ORIENTED_EDGE ( 'NONE', *, *, #1058, .F. ) ;
#400 = AXIS2_PLACEMENT_3D ( 'NONE', #143, #585, #786 ) ;
#401 = LINE ( 'NONE', #183, #803 ) ;
#402 = PRESENTATION_LAYER_ASSIGNMENT (  '', '', ( #1032 ) ) ;
#403 = DIRECTION ( 'NONE',  ( -1.443289932012703503E-15, -1.000000000000000000, -8.215646400216414475E-16 ) ) ;
#404 = EDGE_CURVE ( 'NONE', #320, #861, #149, .T. ) ;
#405 = DIRECTION ( 'NONE',  ( 0.000000000000000000, 0.000000000000000000, 1.000000000000000000 ) ) ;
#406 = ORIENTED_EDGE ( 'NONE', *, *, #1274, .F. ) ;
#407 = CARTESIAN_POINT ( 'NONE',  ( 17.00000000000001421, -3.499999999999997780, 6.500000000000000888 ) ) ;
#408 = CIRCLE ( 'NONE', #474, 1.000000000000000888 ) ;
#409 = ORIENTED_EDGE ( 'NONE', *, *, #1364, .T. ) ;
#410 = CARTESIAN_POINT ( 'NONE',  ( -30.00000000000003197, -1.609823385706476984E-12, 7.500000000000242473 ) ) ;
#411 = ORIENTED_EDGE ( 'NONE', *, *, #189, .F. ) ;
#412 = CARTESIAN_POINT ( 'NONE',  ( -23.00000000000001066, -5.298974761563879007E-16, 4.500000000000002665 ) ) ;
#413 = CARTESIAN_POINT ( 'NONE',  ( -28.00000000000001066, -2.632014991877400834E-15, 7.500000000000000888 ) ) ;
#414 = EDGE_CURVE ( 'NONE', #98, #1226, #965, .T. ) ;
#415 = AXIS2_PLACEMENT_3D ( 'NONE', #666, #1096, #1293 ) ;
#416 = ORIENTED_EDGE ( 'NONE', *, *, #946, .F. ) ;
#417 = EDGE_CURVE ( 'NONE', #1211, #854, #316, .T. ) ;
#418 = ORIENTED_EDGE ( 'NONE', *, *, #969, .T. ) ;
#419 = DIRECTION ( 'NONE',  ( 1.860293271825002394E-15, 1.000000000000000000, 9.301466359125011971E-16 ) ) ;
#420 = DIRECTION ( 'NONE',  ( 1.000000000000000000, 0.000000000000000000, 0.000000000000000000 ) ) ;
#421 = EDGE_LOOP ( 'NONE', ( #1025, #1208 ) ) ;
#422 = EDGE_CURVE ( 'NONE', #607, #1391, #544, .T. ) ;
#423 = VERTEX_POINT ( 'NONE', #164 ) ;
#424 = ORIENTED_EDGE ( 'NONE', *, *, #743, .F. ) ;
#425 = AXIS2_PLACEMENT_3D ( 'NONE', #821, #288, #719 ) ;
#426 = DIRECTION ( 'NONE',  ( -1.000000000000000000, 0.000000000000000000, 0.000000000000000000 ) ) ;
#427 = CARTESIAN_POINT ( 'NONE',  ( 8.279362044434767676E-16, -7.000000000000007994, 2.500000000000000000 ) ) ;
#428 = AXIS2_PLACEMENT_3D ( 'NONE', #371, #912, #918 ) ;
#429 = VERTEX_POINT ( 'NONE', #1042 ) ;
#430 = EDGE_CURVE ( 'NONE', #1271, #1369, #433, .T. ) ;
#431 = VERTEX_POINT ( 'NONE', #620 ) ;
#432 = AXIS2_PLACEMENT_3D ( 'NONE', #520, #1076, #307 ) ;
#433 = CIRCLE ( 'NONE', #174, 1.000000000000000888 ) ;
#434 = CARTESIAN_POINT ( 'NONE',  ( 0.000000000000000000, 0.000000000000000000, 2.500000000000000000 ) ) ;
#435 = DIRECTION ( 'NONE',  ( -1.000000000000000000, -4.309630731619211009E-16, 0.000000000000000000 ) ) ;
#436 = CARTESIAN_POINT ( 'NONE',  ( 9.869650449737314091, 7.000000000000003553, 2.500000000000000000 ) ) ;
#437 = ORIENTED_EDGE ( 'NONE', *, *, #302, .T. ) ;
#438 = EDGE_LOOP ( 'NONE', ( #1197, #1217, #1122, #1210, #1283, #1009 ) ) ;
#439 = CARTESIAN_POINT ( 'NONE',  ( -23.00000000000001066, -8.972915159005937396E-16, 9.500000000000000000 ) ) ;
#440 = ORIENTED_EDGE ( 'NONE', *, *, #128, .T. ) ;
#441 = EDGE_CURVE ( 'NONE', #793, #252, #1145, .T. ) ;
#442 = CYLINDRICAL_SURFACE ( 'NONE', #1227, 2.049999999999999822 ) ;
#443 = LINE ( 'NONE', #897, #272 ) ;
#444 = ORIENTED_EDGE ( 'NONE', *, *, #1067, .T. ) ;
#445 = FACE_OUTER_BOUND ( 'NONE', #191, .T. ) ;
#446 = DIRECTION ( 'NONE',  ( 1.000000000000000000, 0.000000000000000000, 0.000000000000000000 ) ) ;
#447 = EDGE_CURVE ( 'NONE', #54, #573, #1394, .T. ) ;
#448 = ORIENTED_EDGE ( 'NONE', *, *, #882, .T. ) ;
#449 = ORIENTED_EDGE ( 'NONE', *, *, #1108, .F. ) ;
#450 = DIRECTION ( 'NONE',  ( 1.000000000000000000, 1.182766006347822616E-16, 0.000000000000000000 ) ) ;
#451 = LINE ( 'NONE', #757, #129 ) ;
#452 = CIRCLE ( 'NONE', #655, 2.000000000000001776 ) ;
#453 = DIRECTION ( 'NONE',  ( -1.000000000000000000, 0.000000000000000000, 0.000000000000000000 ) ) ;
#454 = CARTESIAN_POINT ( 'NONE',  ( -16.65707521604545960, 5.999999999999158895, 7.499999999999965361 ) ) ;
#455 = EDGE_CURVE ( 'NONE', #1105, #182, #216, .T. ) ;
#456 = DIRECTION ( 'NONE',  ( 1.000000000000000000, -0.000000000000000000, -0.000000000000000000 ) ) ;
#457 = AXIS2_PLACEMENT_3D ( 'NONE', #168, #938, #527 ) ;
#458 = ORIENTED_EDGE ( 'NONE', *, *, #1188, .T. ) ;
#459 = DIRECTION ( 'NONE',  ( 1.000000000000000000, 1.182766006347822616E-16, 0.000000000000000000 ) ) ;
#460 = CARTESIAN_POINT ( 'NONE',  ( -19.00000000000001066, 4.000000000000000000, 2.500000000000000000 ) ) ;
#461 = DIRECTION ( 'NONE',  ( 1.000000000000000000, 0.000000000000000000, 0.000000000000000000 ) ) ;
#462 = ADVANCED_FACE ( 'NONE', ( #1306, #1314 ), #909, .F. ) ;
#463 = CARTESIAN_POINT ( 'NONE',  ( 19.00000000000001776, 3.499999999999997780, 2.500000000000000444 ) ) ;
#464 = LINE ( 'NONE', #1318, #1162 ) ;
#465 = VERTEX_POINT ( 'NONE', #359 ) ;
#466 = VECTOR ( 'NONE', #490, 1000.000000000000000 ) ;
#467 = FACE_OUTER_BOUND ( 'NONE', #317, .T. ) ;
#468 = EDGE_CURVE ( 'NONE', #756, #793, #787, .T. ) ;
#469 = ORIENTED_EDGE ( 'NONE', *, *, #414, .F. ) ;
#470 = DIRECTION ( 'NONE',  ( 0.000000000000000000, 1.000000000000000000, -0.000000000000000000 ) ) ;
#471 = EDGE_CURVE ( 'NONE', #854, #1164, #1332, .T. ) ;
#472 = VERTEX_POINT ( 'NONE', #728 ) ;
#473 = DIRECTION ( 'NONE',  ( -0.000000000000000000, -0.000000000000000000, -1.000000000000000000 ) ) ;
#474 = AXIS2_PLACEMENT_3D ( 'NONE', #947, #199, #725 ) ;
#475 = CARTESIAN_POINT ( 'NONE',  ( -27.80000000000003268, -1.609823385706476984E-12, 7.500000000000242473 ) ) ;
#476 = FACE_OUTER_BOUND ( 'NONE', #1118, .T. ) ;
#477 = AXIS2_PLACEMENT_3D ( 'NONE', #230, #663, #1093 ) ;
#478 = DIRECTION ( 'NONE',  ( -0.000000000000000000, 0.000000000000000000, 1.000000000000000000 ) ) ;
#479 = VERTEX_POINT ( 'NONE', #1040 ) ;
#480 = CARTESIAN_POINT ( 'NONE',  ( -30.00000000000003197, 0.9999999999983910648, 7.500000000000243361 ) ) ;
#481 = DIRECTION ( 'NONE',  ( 0.000000000000000000, 0.000000000000000000, 1.000000000000000000 ) ) ;
#482 = EDGE_LOOP ( 'NONE', ( #263, #852 ) ) ;
#483 = SURFACE_STYLE_USAGE ( .BOTH. , #1046 ) ;
#484 = ADVANCED_FACE ( 'NONE', ( #188 ), #783, .F. ) ;
#485 = DIRECTION ( 'NONE',  ( -1.000000000000000000, -4.309630731619211009E-16, 0.000000000000000000 ) ) ;
#486 = DIRECTION ( 'NONE',  ( -1.000000000000000000, 0.000000000000000000, 0.000000000000000000 ) ) ;
#487 = VERTEX_POINT ( 'NONE', #533 ) ;
#488 = DIRECTION ( 'NONE',  ( -1.000000000000000000, 0.000000000000000000, 0.000000000000000000 ) ) ;
#489 = ORIENTED_EDGE ( 'NONE', *, *, #1098, .T. ) ;
#490 = DIRECTION ( 'NONE',  ( -1.000000000000000000, 1.498801083243961330E-15, 1.339817193382324612E-15 ) ) ;
#491 = EDGE_CURVE ( 'NONE', #730, #839, #616, .T. ) ;
#492 = EDGE_LOOP ( 'NONE', ( #734, #1383, #968, #79 ) ) ;
#493 = AXIS2_PLACEMENT_3D ( 'NONE', #1178, #1358, #1351 ) ;
#494 = DIRECTION ( 'NONE',  ( -1.000000000000000000, -4.309630731619211009E-16, 0.000000000000000000 ) ) ;
#495 = VECTOR ( 'NONE', #65, 1000.000000000000000 ) ;
#496 = EDGE_LOOP ( 'NONE', ( #335, #418, #877, #87 ) ) ;
#497 = CARTESIAN_POINT ( 'NONE',  ( 21.00000000000001776, -3.499999999999997335, 6.500000000000000888 ) ) ;
#498 = ORIENTED_EDGE ( 'NONE', *, *, #417, .F. ) ;
#499 = CIRCLE ( 'NONE', #1278, 10.09999999999999964 ) ;
#500 = AXIS2_PLACEMENT_3D ( 'NONE', #1014, #232, #581 ) ;
#501 = FACE_OUTER_BOUND ( 'NONE', #392, .T. ) ;
#502 = EDGE_CURVE ( 'NONE', #1211, #195, #1203, .T. ) ;
#503 = ORIENTED_EDGE ( 'NONE', *, *, #1158, .F. ) ;
#504 = DIRECTION ( 'NONE',  ( -1.000000000000000000, 1.443289932012703503E-15, 1.339817193382324612E-15 ) ) ;
#505 = ORIENTED_EDGE ( 'NONE', *, *, #667, .F. ) ;
#506 = LINE ( 'NONE', #177, #1198 ) ;
#507 = DIRECTION ( 'NONE',  ( 0.000000000000000000, 0.000000000000000000, -1.000000000000000000 ) ) ;
#508 = LINE ( 'NONE', #1376, #1365 ) ;
#509 = EDGE_CURVE ( 'NONE', #368, #324, #1311, .T. ) ;
#510 = ORIENTED_EDGE ( 'NONE', *, *, #748, .F. ) ;
#511 = DIRECTION ( 'NONE',  ( -0.000000000000000000, 0.000000000000000000, 1.000000000000000000 ) ) ;
#512 = FACE_OUTER_BOUND ( 'NONE', #638, .T. ) ;
#513 = CARTESIAN_POINT ( 'NONE',  ( 19.00000000000001776, 3.499999999999997780, 6.500000000000000888 ) ) ;
#514 = VERTEX_POINT ( 'NONE', #1117 ) ;
#515 = DIRECTION ( 'NONE',  ( 1.000000000000000000, 0.000000000000000000, 0.000000000000000000 ) ) ;
#516 = ORIENTED_EDGE ( 'NONE', *, *, #1259, .F. ) ;
#517 = AXIS2_PLACEMENT_3D ( 'NONE', #1139, #73, #1184 ) ;
#518 = ADVANCED_FACE ( 'NONE', ( #274, #467 ), #704, .F. ) ;
#519 = CARTESIAN_POINT ( 'NONE',  ( 19.00000000000001066, -7.000000000000005329, 2.500000000000000000 ) ) ;
#520 = CARTESIAN_POINT ( 'NONE',  ( -19.00000000000001776, 3.499999999999997780, 8.500000000000000000 ) ) ;
#521 = DIRECTION ( 'NONE',  ( 1.000000000000000000, 0.000000000000000000, -0.000000000000000000 ) ) ;
#522 = EDGE_CURVE ( 'NONE', #100, #1015, #1094, .T. ) ;
#523 = EDGE_LOOP ( 'NONE', ( #1147, #625 ) ) ;
#524 = DIRECTION ( 'NONE',  ( 0.000000000000000000, 0.000000000000000000, 1.000000000000000000 ) ) ;
#525 = AXIS2_PLACEMENT_3D ( 'NONE', #629, #1060, #89 ) ;
#526 = ORIENTED_EDGE ( 'NONE', *, *, #253, .T. ) ;
#527 = DIRECTION ( 'NONE',  ( 1.000000000000000000, 0.000000000000000000, 0.000000000000000000 ) ) ;
#528 = DIRECTION ( 'NONE',  ( -0.000000000000000000, 0.000000000000000000, 1.000000000000000000 ) ) ;
#529 = DIRECTION ( 'NONE',  ( 0.000000000000000000, -1.000000000000000000, 0.000000000000000000 ) ) ;
#530 = EDGE_CURVE ( 'NONE', #680, #214, #103, .T. ) ;
#531 = CIRCLE ( 'NONE', #248, 12.09999999999999964 ) ;
#532 = ORIENTED_EDGE ( 'NONE', *, *, #628, .F. ) ;
#533 = CARTESIAN_POINT ( 'NONE',  ( -27.80000000000003268, -1.000000000001610712, 7.500000000000236255 ) ) ;
#534 = ORIENTED_EDGE ( 'NONE', *, *, #414, .T. ) ;
#535 = DIRECTION ( 'NONE',  ( 0.000000000000000000, 1.000000000000000000, -0.000000000000000000 ) ) ;
#536 = ORIENTED_EDGE ( 'NONE', *, *, #754, .F. ) ;
#537 = ADVANCED_FACE ( 'NONE', ( #476 ), #367, .T. ) ;
#538 = ORIENTED_EDGE ( 'NONE', *, *, #1313, .F. ) ;
#539 = ORIENTED_EDGE ( 'NONE', *, *, #189, .T. ) ;
#540 = AXIS2_PLACEMENT_3D ( 'NONE', #977, #896, #453 ) ;
#541 = PLANE ( 'NONE',  #17 ) ;
#542 = CIRCLE ( 'NONE', #283, 1.864999999999991775 ) ;
#543 = ORIENTED_EDGE ( 'NONE', *, *, #969, .F. ) ;
#544 = CIRCLE ( 'NONE', #1142, 1.999999999999998224 ) ;
#545 = EDGE_LOOP ( 'NONE', ( #75, #159, #733, #45 ) ) ;
#546 = ADVANCED_FACE ( 'NONE', ( #1109 ), #383, .T. ) ;
#547 = AXIS2_PLACEMENT_3D ( 'NONE', #1126, #706, #270 ) ;
#548 = DIRECTION ( 'NONE',  ( 1.000000000000000000, 0.000000000000000000, 0.000000000000000000 ) ) ;
#549 = CARTESIAN_POINT ( 'NONE',  ( 0.000000000000000000, 0.000000000000000000, 0.000000000000000000 ) ) ;
#550 = ORIENTED_EDGE ( 'NONE', *, *, #253, .F. ) ;
#551 = CARTESIAN_POINT ( 'NONE',  ( -30.00000000000003197, -1.000000000001610712, 7.500000000000241585 ) ) ;
#552 = CIRCLE ( 'NONE', #1129, 1.999999999999999112 ) ;
#553 = ORIENTED_EDGE ( 'NONE', *, *, #1148, .T. ) ;
#554 = EDGE_CURVE ( 'NONE', #840, #214, #810, .T. ) ;
#555 = DIRECTION ( 'NONE',  ( 0.000000000000000000, -0.000000000000000000, -1.000000000000000000 ) ) ;
#556 = DIRECTION ( 'NONE',  ( -1.000000000000000000, 1.498801083243961330E-15, 1.339817193382324612E-15 ) ) ;
#557 = LINE ( 'NONE', #880, #93 ) ;
#558 = ORIENTED_EDGE ( 'NONE', *, *, #1180, .F. ) ;
#559 = VECTOR ( 'NONE', #1044, 1000.000000000000000 ) ;
#560 = DIRECTION ( 'NONE',  ( 0.000000000000000000, 0.000000000000000000, -1.000000000000000000 ) ) ;
#561 = FACE_BOUND ( 'NONE', #133, .T. ) ;
#562 = CARTESIAN_POINT ( 'NONE',  ( -30.00000000000002842, 1.864999999998381952, 7.500000000000244249 ) ) ;
#563 = CIRCLE ( 'NONE', #34, 1.999999999999999112 ) ;
#564 = CARTESIAN_POINT ( 'NONE',  ( 0.000000000000000000, 0.000000000000000000, 2.500000000000000000 ) ) ;
#565 = AXIS2_PLACEMENT_3D ( 'NONE', #564, #257, #446 ) ;
#566 = CARTESIAN_POINT ( 'NONE',  ( 8.279362044434767676E-16, -7.000000000000007994, 0.000000000000000000 ) ) ;
#567 = DIRECTION ( 'NONE',  ( -1.182766006347822616E-16, 1.000000000000000000, 0.000000000000000000 ) ) ;
#568 = VECTOR ( 'NONE', #1136, 1000.000000000000000 ) ;
#569 = CARTESIAN_POINT ( 'NONE',  ( -22.00000000000001066, -5.298974761563878021E-16, 4.500000000000002665 ) ) ;
#570 = AXIS2_PLACEMENT_3D ( 'NONE', #862, #528, #1286 ) ;
#571 = DIRECTION ( 'NONE',  ( 1.000000000000000000, -1.498801083243960146E-15, -1.339817193382324612E-15 ) ) ;
#572 = PLANE ( 'NONE',  #709 ) ;
#573 = VERTEX_POINT ( 'NONE', #163 ) ;
#574 = ADVANCED_FACE ( 'NONE', ( #580 ), #602, .T. ) ;
#575 = CARTESIAN_POINT ( 'NONE',  ( -28.00000000000001066, -2.000000000000001332, 7.500000000000000888 ) ) ;
#576 = VERTEX_POINT ( 'NONE', #267 ) ;
#577 = CARTESIAN_POINT ( 'NONE',  ( -15.65707521604553421, -7.000000000000009770, 7.500000000000022204 ) ) ;
#578 = DIRECTION ( 'NONE',  ( -0.000000000000000000, -0.000000000000000000, 1.000000000000000000 ) ) ;
#579 = ADVANCED_FACE ( 'NONE', ( #1010 ), #347, .F. ) ;
#580 = FACE_OUTER_BOUND ( 'NONE', #77, .T. ) ;
#581 = DIRECTION ( 'NONE',  ( 1.000000000000000000, 0.000000000000000000, 0.000000000000000000 ) ) ;
#582 = DIRECTION ( 'NONE',  ( -1.000000000000000000, 1.498801083243961330E-15, 1.339817193382324612E-15 ) ) ;
#583 = FACE_OUTER_BOUND ( 'NONE', #1161, .T. ) ;
#584 = CIRCLE ( 'NONE', #1196, 10.09999999999999964 ) ;
#585 = DIRECTION ( 'NONE',  ( 0.000000000000000000, 0.000000000000000000, 1.000000000000000000 ) ) ;
#586 = ADVANCED_FACE ( 'NONE', ( #1216 ), #679, .T. ) ;
#587 = ORIENTED_EDGE ( 'NONE', *, *, #471, .F. ) ;
#588 = DIRECTION ( 'NONE',  ( -0.000000000000000000, -0.000000000000000000, -1.000000000000000000 ) ) ;
#589 = VECTOR ( 'NONE', #560, 1000.000000000000000 ) ;
#590 = AXIS2_PLACEMENT_3D ( 'NONE', #665, #1316, #1095 ) ;
#591 = LINE ( 'NONE', #56, #466 ) ;
#592 = AXIS2_PLACEMENT_3D ( 'NONE', #1116, #142, #43 ) ;
#593 = CARTESIAN_POINT ( 'NONE',  ( -28.00000000000001066, -1.612820987872965108E-12, 7.500000000000239808 ) ) ;
#594 = CARTESIAN_POINT ( 'NONE',  ( 19.00000000000001066, -4.000000000000005329, 2.500000000000000000 ) ) ;
#595 = AXIS2_PLACEMENT_3D ( 'NONE', #593, #485, #703 ) ;
#596 = ORIENTED_EDGE ( 'NONE', *, *, #1031, .T. ) ;
#597 = CARTESIAN_POINT ( 'NONE',  ( -17.65707521604545960, 5.999999999999160671, 7.499999999999976907 ) ) ;
#598 = EDGE_CURVE ( 'NONE', #366, #423, #979, .T. ) ;
#599 = ORIENTED_EDGE ( 'NONE', *, *, #1012, .F. ) ;
#600 = DIRECTION ( 'NONE',  ( 0.000000000000000000, -1.000000000000000000, 0.000000000000000000 ) ) ;
#601 = UNCERTAINTY_MEASURE_WITH_UNIT (LENGTH_MEASURE( 1.000000000000000082E-05 ), #76, 'distance_accuracy_value', 'NONE');
#602 = PLANE ( 'NONE',  #1163 ) ;
#603 = ORIENTED_EDGE ( 'NONE', *, *, #1000, .F. ) ;
#604 = PLANE ( 'NONE',  #1185 ) ;
#605 = DIRECTION ( 'NONE',  ( -1.443289932012703503E-15, -1.000000000000000000, -8.215646400216414475E-16 ) ) ;
#606 = ADVANCED_FACE ( 'NONE', ( #259, #692 ), #1337, .T. ) ;
#607 = VERTEX_POINT ( 'NONE', #698 ) ;
#608 = CIRCLE ( 'NONE', #12, 2.000000000000001776 ) ;
#609 = DIRECTION ( 'NONE',  ( -0.000000000000000000, -0.000000000000000000, -1.000000000000000000 ) ) ;
#610 = ORIENTED_EDGE ( 'NONE', *, *, #693, .T. ) ;
#611 = CARTESIAN_POINT ( 'NONE',  ( 22.00000000000001066, 4.000000000000005329, 0.000000000000000000 ) ) ;
#612 = DIRECTION ( 'NONE',  ( -0.000000000000000000, -0.000000000000000000, -1.000000000000000000 ) ) ;
#613 = AXIS2_PLACEMENT_3D ( 'NONE', #736, #1177, #635 ) ;
#614 = EDGE_CURVE ( 'NONE', #1112, #324, #1130, .T. ) ;
#615 = CARTESIAN_POINT ( 'NONE',  ( -22.00000000000001066, 0.000000000000000000, 0.000000000000000000 ) ) ;
#616 = CIRCLE ( 'NONE', #223, 1.999999999999999112 ) ;
#617 = ORIENTED_EDGE ( 'NONE', *, *, #782, .F. ) ;
#618 = LINE ( 'NONE', #851, #289 ) ;
#619 = DIRECTION ( 'NONE',  ( -1.000000000000000000, 1.498801083243961330E-15, 1.339817193382324612E-15 ) ) ;
#620 = CARTESIAN_POINT ( 'NONE',  ( -28.00000000000001066, 1.864999999998378843, 7.500000000000241585 ) ) ;
#621 = ORIENTED_EDGE ( 'NONE', *, *, #554, .T. ) ;
#622 = CARTESIAN_POINT ( 'NONE',  ( -10.09999999999999964, 0.000000000000000000, 2.500000000000000000 ) ) ;
#623 = ORIENTED_EDGE ( 'NONE', *, *, #1390, .F. ) ;
#624 = DIRECTION ( 'NONE',  ( 0.000000000000000000, 1.000000000000000000, 8.673617379884027583E-16 ) ) ;
#625 = ORIENTED_EDGE ( 'NONE', *, *, #231, .T. ) ;
#626 = ORIENTED_EDGE ( 'NONE', *, *, #268, .T. ) ;
#627 = AXIS2_PLACEMENT_3D ( 'NONE', #662, #41, #1106 ) ;
#628 = EDGE_CURVE ( 'NONE', #634, #861, #1238, .T. ) ;
#629 = CARTESIAN_POINT ( 'NONE',  ( -16.65707521604553421, -4.000000000000857092, 7.500000000000034639 ) ) ;
#630 = CARTESIAN_POINT ( 'NONE',  ( 21.00000000000001776, -3.499999999999997335, 6.500000000000000888 ) ) ;
#631 = EDGE_LOOP ( 'NONE', ( #1004, #1064, #829, #1 ) ) ;
#632 = AXIS2_PLACEMENT_3D ( 'NONE', #911, #488, #789 ) ;
#633 = ORIENTED_EDGE ( 'NONE', *, *, #628, .T. ) ;
#634 = VERTEX_POINT ( 'NONE', #68 ) ;
#635 = DIRECTION ( 'NONE',  ( 1.000000000000000000, 0.000000000000000000, 0.000000000000000000 ) ) ;
#636 = ADVANCED_FACE ( 'NONE', ( #501 ), #776, .T. ) ;
#637 = VECTOR ( 'NONE', #222, 1000.000000000000000 ) ;
#638 = EDGE_LOOP ( 'NONE', ( #874, #633, #30, #973 ) ) ;
#639 = ORIENTED_EDGE ( 'NONE', *, *, #104, .F. ) ;
#640 = EDGE_LOOP ( 'NONE', ( #328, #1102, #1107, #672, #510 ) ) ;
#641 = CARTESIAN_POINT ( 'NONE',  ( 10.09999999999999964, 1.236893267138826614E-15, 2.500000000000000000 ) ) ;
#642 = DIRECTION ( 'NONE',  ( -0.000000000000000000, 0.000000000000000000, 1.000000000000000000 ) ) ;
#643 = ORIENTED_EDGE ( 'NONE', *, *, #844, .F. ) ;
#644 = ORIENTED_EDGE ( 'NONE', *, *, #171, .T. ) ;
#645 = AXIS2_PLACEMENT_3D ( 'NONE', #357, #1310, #44 ) ;
#646 = DIRECTION ( 'NONE',  ( 1.000000000000000000, 0.000000000000000000, 0.000000000000000000 ) ) ;
#647 = CARTESIAN_POINT ( 'NONE',  ( 17.00000000000001776, 3.499999999999997780, 2.500000000000000444 ) ) ;
#648 = COLOUR_RGB ( '',0.7921568627450980005, 0.8196078431372548767, 0.9333333333333333481 ) ;
#649 = CARTESIAN_POINT ( 'NONE',  ( -22.00000000000001066, 4.000000000000000000, 2.500000000000000000 ) ) ;
#650 = EDGE_LOOP ( 'NONE', ( #1182, #333 ) ) ;
#651 = ADVANCED_FACE ( 'NONE', ( #950 ), #972, .F. ) ;
#652 = AXIS2_PLACEMENT_3D ( 'NONE', #767, #36, #1324 ) ;
#653 = VECTOR ( 'NONE', #1061, 1000.000000000000000 ) ;
#654 = EDGE_LOOP ( 'NONE', ( #1285, #1176 ) ) ;
#655 = AXIS2_PLACEMENT_3D ( 'NONE', #1159, #203, #207 ) ;
#656 = DIRECTION ( 'NONE',  ( -1.000000000000000000, 0.000000000000000000, 0.000000000000000000 ) ) ;
#657 = DIRECTION ( 'NONE',  ( 1.000000000000000000, 0.000000000000000000, 0.000000000000000000 ) ) ;
#658 = AXIS2_PLACEMENT_3D ( 'NONE', #410, #835, #419 ) ;
#659 = ADVANCED_FACE ( 'NONE', ( #831 ), #1243, .F. ) ;
#660 = ORIENTED_EDGE ( 'NONE', *, *, #866, .F. ) ;
#661 = FACE_BOUND ( 'NONE', #824, .T. ) ;
#662 = CARTESIAN_POINT ( 'NONE',  ( -30.00000000000003197, -1.609823385706476984E-12, 7.500000000000242473 ) ) ;
#663 = DIRECTION ( 'NONE',  ( -1.443289932012703503E-15, -1.000000000000000000, -8.215646400216414475E-16 ) ) ;
#664 = DIRECTION ( 'NONE',  ( -0.000000000000000000, 0.000000000000000000, 1.000000000000000000 ) ) ;
#665 = CARTESIAN_POINT ( 'NONE',  ( 0.000000000000000000, 0.000000000000000000, 12.50000000000000000 ) ) ;
#666 = CARTESIAN_POINT ( 'NONE',  ( -16.65707521604545605, 7.000000000000000888, 7.499999999999976019 ) ) ;
#667 = EDGE_CURVE ( 'NONE', #1284, #730, #563, .T. ) ;
#668 = CIRCLE ( 'NONE', #282, 2.049999999999999822 ) ;
#669 = DIRECTION ( 'NONE',  ( -1.182766006347822616E-16, 1.000000000000000000, 0.000000000000000000 ) ) ;
#670 = AXIS2_PLACEMENT_3D ( 'NONE', #939, #403, #155 ) ;
#671 = DIRECTION ( 'NONE',  ( 0.000000000000000000, 0.000000000000000000, 1.000000000000000000 ) ) ;
#672 = ORIENTED_EDGE ( 'NONE', *, *, #120, .T. ) ;
#673 = ORIENTED_EDGE ( 'NONE', *, *, #1213, .F. ) ;
#674 = CARTESIAN_POINT ( 'NONE',  ( -30.00000000000003197, -1.609823385706476984E-12, 7.500000000000242473 ) ) ;
#675 = VECTOR ( 'NONE', #114, 1000.000000000000000 ) ;
#676 = EDGE_LOOP ( 'NONE', ( #1354, #105, #406, #256, #603, #59, #1241, #1239, #1120, #626, #204, #1333 ) ) ;
#677 = DIRECTION ( 'NONE',  ( 0.000000000000000000, 0.000000000000000000, 1.000000000000000000 ) ) ;
#678 = ADVANCED_FACE ( 'NONE', ( #390, #172 ), #1287, .T. ) ;
#679 = CYLINDRICAL_SURFACE ( 'NONE', #871, 2.000000000000001776 ) ;
#680 = VERTEX_POINT ( 'NONE', #1039 ) ;
#681 = CARTESIAN_POINT ( 'NONE',  ( -15.65707521604545960, 5.999999999999157119, 7.499999999999963585 ) ) ;
#682 = ORIENTED_EDGE ( 'NONE', *, *, #866, .T. ) ;
#683 = CARTESIAN_POINT ( 'NONE',  ( -19.00000000000001066, 7.000000000000000000, 0.000000000000000000 ) ) ;
#684 = EDGE_CURVE ( 'NONE', #1015, #100, #210, .T. ) ;
#685 = DIRECTION ( 'NONE',  ( -1.000000000000000000, 0.000000000000000000, 0.000000000000000000 ) ) ;
#686 = DIRECTION ( 'NONE',  ( -1.000000000000000000, 0.000000000000000000, 0.000000000000000000 ) ) ;
#687 = CARTESIAN_POINT ( 'NONE',  ( 22.00000000000001066, -4.000000000000005329, 2.500000000000000000 ) ) ;
#688 = VERTEX_POINT ( 'NONE', #815 ) ;
#689 = EDGE_LOOP ( 'NONE', ( #543, #224, #1384, #1275 ) ) ;
#690 = CARTESIAN_POINT ( 'NONE',  ( -27.80000000000003268, -1.609823385706476984E-12, 7.500000000000242473 ) ) ;
#691 = ORIENTED_EDGE ( 'NONE', *, *, #717, .T. ) ;
#692 = FACE_OUTER_BOUND ( 'NONE', #1395, .T. ) ;
#693 = EDGE_CURVE ( 'NONE', #1317, #472, #325, .T. ) ;
#694 = PLANE ( 'NONE',  #547 ) ;
#695 = VECTOR ( 'NONE', #192, 1000.000000000000000 ) ;
#696 = DIRECTION ( 'NONE',  ( 1.000000000000000000, 0.000000000000000000, 0.000000000000000000 ) ) ;
#697 = PRODUCT ( 'sub\X2\74035f627d2756fa4ef6\X0\', 'sub\X2\74035f627d2756fa4ef6\X0\', '', ( #722 ) ) ;
#698 = CARTESIAN_POINT ( 'NONE',  ( 17.00000000000001776, 3.499999999999997780, 6.500000000000000888 ) ) ;
#699 = CIRCLE ( 'NONE', #457, 2.999999999999999112 ) ;
#700 = CARTESIAN_POINT ( 'NONE',  ( -21.05000000000001492, -3.499999999999997335, 12.50000000000000000 ) ) ;
#701 = ORIENTED_EDGE ( 'NONE', *, *, #1031, .F. ) ;
#702 = FACE_OUTER_BOUND ( 'NONE', #370, .T. ) ;
#703 = DIRECTION ( 'NONE',  ( 0.000000000000000000, -1.000000000000000000, 0.000000000000000000 ) ) ;
#704 = PLANE ( 'NONE',  #869 ) ;
#705 = EDGE_LOOP ( 'NONE', ( #1266, #505, #339, #160, #701 ) ) ;
#706 = DIRECTION ( 'NONE',  ( -1.182766006347822616E-16, 1.000000000000000000, 0.000000000000000000 ) ) ;
#707 = PRESENTATION_STYLE_ASSIGNMENT (( #483 ) ) ;
#708 = DIRECTION ( 'NONE',  ( 1.000000000000000000, 0.000000000000000000, 0.000000000000000000 ) ) ;
#709 = AXIS2_PLACEMENT_3D ( 'NONE', #1195, #669, #1097 ) ;
#710 = DIRECTION ( 'NONE',  ( 1.000000000000000000, 0.000000000000000000, 0.000000000000000000 ) ) ;
#711 = VECTOR ( 'NONE', #605, 1000.000000000000000 ) ;
#712 = ORIENTED_EDGE ( 'NONE', *, *, #856, .T. ) ;
#713 = CARTESIAN_POINT ( 'NONE',  ( 21.00000000000001421, 3.499999999999998224, 6.500000000000000888 ) ) ;
#714 = CARTESIAN_POINT ( 'NONE',  ( 19.00000000000001776, 3.499999999999997780, 6.500000000000000888 ) ) ;
#715 = DIRECTION ( 'NONE',  ( -0.000000000000000000, -0.000000000000000000, -1.000000000000000000 ) ) ;
#716 = FACE_OUTER_BOUND ( 'NONE', #275, .T. ) ;
#717 = EDGE_CURVE ( 'NONE', #479, #280, #895, .T. ) ;
#718 = VERTEX_POINT ( 'NONE', #1260 ) ;
#719 = DIRECTION ( 'NONE',  ( -1.000000000000000000, 0.000000000000000000, 0.000000000000000000 ) ) ;
#720 = VECTOR ( 'NONE', #888, 1000.000000000000000 ) ;
#721 = ORIENTED_EDGE ( 'NONE', *, *, #1038, .T. ) ;
#722 = PRODUCT_CONTEXT ( 'NONE', #1345, 'mechanical' ) ;
#723 = AXIS2_PLACEMENT_3D ( 'NONE', #1077, #762, #1085 ) ;
#724 = LINE ( 'NONE', #1235, #921 ) ;
#725 = DIRECTION ( 'NONE',  ( -1.000000000000000000, 0.000000000000000000, 0.000000000000000000 ) ) ;
#726 = EDGE_LOOP ( 'NONE', ( #587, #964, #437, #1268, #409, #957, #444, #94, #1131, #351 ) ) ;
#727 = DIRECTION ( 'NONE',  ( 1.000000000000000000, 0.000000000000000000, 0.000000000000000000 ) ) ;
#728 = CARTESIAN_POINT ( 'NONE',  ( -24.00000000000004263, -1.000000000001610712, 7.500000000000236255 ) ) ;
#729 = EDGE_CURVE ( 'NONE', #1043, #385, #1047, .T. ) ;
#730 = VERTEX_POINT ( 'NONE', #208 ) ;
#731 = CARTESIAN_POINT ( 'NONE',  ( -16.65707521604545249, 9.999999999999161560, 7.499999999999978684 ) ) ;
#732 = DIRECTION ( 'NONE',  ( 1.000000000000000000, 0.000000000000000000, 0.000000000000000000 ) ) ;
#733 = ORIENTED_EDGE ( 'NONE', *, *, #863, .T. ) ;
#734 = ORIENTED_EDGE ( 'NONE', *, *, #1108, .T. ) ;
#735 = CARTESIAN_POINT ( 'NONE',  ( 0.000000000000000000, 0.000000000000000000, 2.500000000000000000 ) ) ;
#736 = CARTESIAN_POINT ( 'NONE',  ( -19.00000000000001776, -3.499999999999997780, 12.50000000000000000 ) ) ;
#737 = CARTESIAN_POINT ( 'NONE',  ( -17.65707521604553776, -7.000000000000009770, 7.500000000000023093 ) ) ;
#738 = ORIENTED_EDGE ( 'NONE', *, *, #743, .T. ) ;
#739 = AXIS2_PLACEMENT_3D ( 'NONE', #714, #836, #1356 ) ;
#740 = AXIS2_PLACEMENT_3D ( 'NONE', #329, #140, #656 ) ;
#741 = ORIENTED_EDGE ( 'NONE', *, *, #128, .F. ) ;
#742 = FACE_OUTER_BOUND ( 'NONE', #843, .T. ) ;
#743 = EDGE_CURVE ( 'NONE', #92, #1375, #668, .T. ) ;
#744 = EDGE_LOOP ( 'NONE', ( #1006, #321, #21, #1141 ) ) ;
#745 = VERTEX_POINT ( 'NONE', #1156 ) ;
#746 = FACE_OUTER_BOUND ( 'NONE', #1089, .T. ) ;
#747 = CARTESIAN_POINT ( 'NONE',  ( -24.00000000000004263, -1.609823385706476984E-12, 7.500000000000242473 ) ) ;
#748 = EDGE_CURVE ( 'NONE', #718, #1284, #508, .T. ) ;
#749 = VERTEX_POINT ( 'NONE', #436 ) ;
#750 = ORIENTED_EDGE ( 'NONE', *, *, #1201, .T. ) ;
#751 = AXIS2_PLACEMENT_3D ( 'NONE', #319, #1282, #1087 ) ;
#752 = FACE_OUTER_BOUND ( 'NONE', #1219, .T. ) ;
#753 = DIRECTION ( 'NONE',  ( -0.000000000000000000, -0.000000000000000000, 1.000000000000000000 ) ) ;
#754 = EDGE_CURVE ( 'NONE', #978, #385, #858, .T. ) ;
#755 = ADVANCED_FACE ( 'NONE', ( #398 ), #109, .F. ) ;
#756 = VERTEX_POINT ( 'NONE', #78 ) ;
#757 = CARTESIAN_POINT ( 'NONE',  ( -17.65707521604545249, 9.999999999999163336, 7.499999999999979572 ) ) ;
#758 = FACE_OUTER_BOUND ( 'NONE', #726, .T. ) ;
#759 = DIRECTION ( 'NONE',  ( -0.000000000000000000, -0.000000000000000000, -1.000000000000000000 ) ) ;
#760 = EDGE_CURVE ( 'NONE', #573, #54, #584, .T. ) ;
#761 = FACE_OUTER_BOUND ( 'NONE', #1079, .T. ) ;
#762 = DIRECTION ( 'NONE',  ( 0.000000000000000000, -0.000000000000000000, -1.000000000000000000 ) ) ;
#763 = FACE_OUTER_BOUND ( 'NONE', #438, .T. ) ;
#764 = VERTEX_POINT ( 'NONE', #407 ) ;
#765 = DIRECTION ( 'NONE',  ( 0.000000000000000000, 0.000000000000000000, 1.000000000000000000 ) ) ;
#766 = ADVANCED_FACE ( 'NONE', ( #5 ), #442, .F. ) ;
#767 = CARTESIAN_POINT ( 'NONE',  ( 0.000000000000000000, 0.000000000000000000, 0.000000000000000000 ) ) ;
#768 = ORIENTED_EDGE ( 'NONE', *, *, #1017, .F. ) ;
#769 = DIRECTION ( 'NONE',  ( -0.000000000000000000, -0.000000000000000000, 1.000000000000000000 ) ) ;
#770 = CARTESIAN_POINT ( 'NONE',  ( -23.00000000000001066, -8.972915159005937396E-16, 7.500000000000000888 ) ) ;
#771 = LINE ( 'NONE', #562, #1379 ) ;
#772 = AXIS2_PLACEMENT_3D ( 'NONE', #690, #873, #338 ) ;
#773 = CARTESIAN_POINT ( 'NONE',  ( -14.43482522486866060, -7.000000000000009770, 12.50000000000000000 ) ) ;
#774 = AXIS2_PLACEMENT_3D ( 'NONE', #1392, #1264, #646 ) ;
#775 = CYLINDRICAL_SURFACE ( 'NONE', #2, 1.000000000000000888 ) ;
#776 = CYLINDRICAL_SURFACE ( 'NONE', #1181, 2.999999999999999112 ) ;
#777 = CIRCLE ( 'NONE', #1080, 1.999999999999998668 ) ;
#778 = DIRECTION ( 'NONE',  ( 1.000000000000000000, 0.000000000000000000, 0.000000000000000000 ) ) ;
#779 = CIRCLE ( 'NONE', #173, 2.999999999999999112 ) ;
#780 = VERTEX_POINT ( 'NONE', #221 ) ;
#781 = CARTESIAN_POINT ( 'NONE',  ( -22.00000000000001066, -4.000000000000010658, 12.50000000000000000 ) ) ;
#782 = EDGE_CURVE ( 'NONE', #846, #195, #115, .T. ) ;
#783 = TOROIDAL_SURFACE ( 'NONE', #832, 2.999999999999998668, 1.000000000000000000 ) ;
#784 = AXIS2_PLACEMENT_3D ( 'NONE', #454, #883, #991 ) ;
#785 = CYLINDRICAL_SURFACE ( 'NONE', #592, 1.999999999999998668 ) ;
#786 = DIRECTION ( 'NONE',  ( 1.000000000000000000, 0.000000000000000000, 0.000000000000000000 ) ) ;
#787 = LINE ( 'NONE', #687, #589 ) ;
#788 = VERTEX_POINT ( 'NONE', #781 ) ;
#789 = DIRECTION ( 'NONE',  ( 0.000000000000000000, 0.000000000000000000, 1.000000000000000000 ) ) ;
#790 = VERTEX_POINT ( 'NONE', #8 ) ;
#791 = DIRECTION ( 'NONE',  ( -0.000000000000000000, -0.000000000000000000, 1.000000000000000000 ) ) ;
#792 = ADVANCED_FACE ( 'NONE', ( #583 ), #1212, .F. ) ;
#793 = VERTEX_POINT ( 'NONE', #1121 ) ;
#794 = CARTESIAN_POINT ( 'NONE',  ( 9.869650449737314091, 7.000000000000003553, 0.000000000000000000 ) ) ;
#795 = CARTESIAN_POINT ( 'NONE',  ( -27.80000000000003268, -1.609823385706476984E-12, 7.500000000000242473 ) ) ;
#796 = CYLINDRICAL_SURFACE ( 'NONE', #108, 1.000000000000000888 ) ;
#797 = ORIENTED_EDGE ( 'NONE', *, *, #58, .F. ) ;
#798 = CARTESIAN_POINT ( 'NONE',  ( -21.05000000000001492, -3.499999999999997335, 8.500000000000000000 ) ) ;
#799 = VECTOR ( 'NONE', #473, 1000.000000000000000 ) ;
#800 = EDGE_CURVE ( 'NONE', #182, #1105, #608, .T. ) ;
#801 = DIRECTION ( 'NONE',  ( 4.309630731619211009E-16, -1.000000000000000000, 0.000000000000000000 ) ) ;
#802 = ADVANCED_FACE ( 'NONE', ( #127 ), #879, .T. ) ;
#803 = VECTOR ( 'NONE', #1269, 1000.000000000000000 ) ;
#804 = ORIENTED_EDGE ( 'NONE', *, *, #3, .F. ) ;
#805 = DIRECTION ( 'NONE',  ( 1.000000000000000000, 0.000000000000000000, 0.000000000000000000 ) ) ;
#806 = AXIS2_PLACEMENT_3D ( 'NONE', #412, #300, #1382 ) ;
#807 = LINE ( 'NONE', #798, #495 ) ;
#808 = CYLINDRICAL_SURFACE ( 'NONE', #113, 2.999999999999999112 ) ;
#809 = PRODUCT_RELATED_PRODUCT_CATEGORY ( 'part', '', ( #697 ) ) ;
#810 = LINE ( 'NONE', #33, #83 ) ;
#811 = CIRCLE ( 'NONE', #595, 1.864999999999991775 ) ;
#812 = EDGE_LOOP ( 'NONE', ( #190, #229, #1289, #310 ) ) ;
#813 = DIRECTION ( 'NONE',  ( -0.000000000000000000, -0.000000000000000000, -1.000000000000000000 ) ) ;
#814 = CARTESIAN_POINT ( 'NONE',  ( -17.65707521604554131, -10.00000000000084732, 7.500000000000022204 ) ) ;
#815 = CARTESIAN_POINT ( 'NONE',  ( -17.65707521604553421, -4.000000000000855316, 7.500000000000036415 ) ) ;
#816 = ORIENTED_EDGE ( 'NONE', *, *, #365, .F. ) ;
#817 = EDGE_CURVE ( 'NONE', #576, #894, #251, .T. ) ;
#818 =( NAMED_UNIT ( * ) SI_UNIT ( $, .STERADIAN. ) SOLID_ANGLE_UNIT ( ) );
#819 = ORIENTED_EDGE ( 'NONE', *, *, #296, .F. ) ;
#820 = AXIS2_PLACEMENT_3D ( 'NONE', #1251, #942, #524 ) ;
#821 = CARTESIAN_POINT ( 'NONE',  ( 0.000000000000000000, 0.000000000000000000, 2.500000000000000000 ) ) ;
#822 = AXIS2_PLACEMENT_3D ( 'NONE', #1018, #715, #1335 ) ;
#823 = DIRECTION ( 'NONE',  ( 1.000000000000000000, -1.734723475976805517E-15, -1.734723475976805517E-15 ) ) ;
#824 = EDGE_LOOP ( 'NONE', ( #399, #538 ) ) ;
#825 = CARTESIAN_POINT ( 'NONE',  ( 10.09999999999999964, 1.236893267138826614E-15, 0.000000000000000000 ) ) ;
#826 = CARTESIAN_POINT ( 'NONE',  ( -28.00000000000001066, -1.612820987872965108E-12, 7.500000000000239808 ) ) ;
#827 = DIRECTION ( 'NONE',  ( -0.000000000000000000, 0.000000000000000000, -1.000000000000000000 ) ) ;
#828 = TOROIDAL_SURFACE ( 'NONE', #219, 2.999999999999998668, 1.000000000000000000 ) ;
#829 = ORIENTED_EDGE ( 'NONE', *, *, #90, .F. ) ;
#830 =( GEOMETRIC_REPRESENTATION_CONTEXT ( 3 ) GLOBAL_UNCERTAINTY_ASSIGNED_CONTEXT ( ( #1088 ) ) GLOBAL_UNIT_ASSIGNED_CONTEXT ( ( #1355, #46, #1218 ) ) REPRESENTATION_CONTEXT ( 'NONE', 'WORKASPACE' ) );
#831 = FACE_OUTER_BOUND ( 'NONE', #492, .T. ) ;
#832 = AXIS2_PLACEMENT_3D ( 'NONE', #1377, #1352, #391 ) ;
#833 = ORIENTED_EDGE ( 'NONE', *, *, #57, .F. ) ;
#834 = VECTOR ( 'NONE', #116, 1000.000000000000000 ) ;
#835 = DIRECTION ( 'NONE',  ( -1.000000000000000000, 1.498801083243961330E-15, 1.339817193382324612E-15 ) ) ;
#836 = DIRECTION ( 'NONE',  ( -0.000000000000000000, -0.000000000000000000, -1.000000000000000000 ) ) ;
#837 = LINE ( 'NONE', #952, #148 ) ;
#838 = DIRECTION ( 'NONE',  ( 1.000000000000000000, 3.469446951953613696E-16, -0.000000000000000000 ) ) ;
#839 = VERTEX_POINT ( 'NONE', #243 ) ;
#840 = VERTEX_POINT ( 'NONE', #1092 ) ;
#841 = CARTESIAN_POINT ( 'NONE',  ( 0.000000000000000000, 0.000000000000000000, 2.500000000000000000 ) ) ;
#842 = DIRECTION ( 'NONE',  ( 1.000000000000000000, 1.182766006347822616E-16, 0.000000000000000000 ) ) ;
#843 = EDGE_LOOP ( 'NONE', ( #1357, #424, #750, #721 ) ) ;
#844 = EDGE_CURVE ( 'NONE', #839, #1134, #194, .T. ) ;
#845 = AXIS2_PLACEMENT_3D ( 'NONE', #1331, #908, #1020 ) ;
#846 = VERTEX_POINT ( 'NONE', #683 ) ;
#847 = ADVANCED_FACE ( 'NONE', ( #1202, #136, #1220, #758 ), #1327, .T. ) ;
#848 = AXIS2_PLACEMENT_3D ( 'NONE', #850, #1270, #1168 ) ;
#849 = FACE_OUTER_BOUND ( 'NONE', #812, .T. ) ;
#850 = CARTESIAN_POINT ( 'NONE',  ( -22.00000000000001066, -8.972915159005937396E-16, 7.500000000000000888 ) ) ;
#851 = CARTESIAN_POINT ( 'NONE',  ( -16.95000000000001705, -3.499999999999997780, 8.500000000000000000 ) ) ;
#852 = ORIENTED_EDGE ( 'NONE', *, *, #875, .T. ) ;
#853 = AXIS2_PLACEMENT_3D ( 'NONE', #674, #582, #1183 ) ;
#854 = VERTEX_POINT ( 'NONE', #141 ) ;
#855 = ORIENTED_EDGE ( 'NONE', *, *, #1274, .T. ) ;
#856 = EDGE_CURVE ( 'NONE', #780, #487, #1137, .T. ) ;
#857 = CARTESIAN_POINT ( 'NONE',  ( -8.279362044434761760E-16, 7.000000000000002665, 0.000000000000000000 ) ) ;
#858 = LINE ( 'NONE', #649, #238 ) ;
#859 = ORIENTED_EDGE ( 'NONE', *, *, #1231, .F. ) ;
#860 = DIRECTION ( 'NONE',  ( -0.000000000000000000, -0.000000000000000000, -1.000000000000000000 ) ) ;
#861 = VERTEX_POINT ( 'NONE', #577 ) ;
#862 = CARTESIAN_POINT ( 'NONE',  ( 19.00000000000001066, 4.000000000000005329, 2.500000000000000000 ) ) ;
#863 = EDGE_CURVE ( 'NONE', #1271, #429, #464, .T. ) ;
#864 = CARTESIAN_POINT ( 'NONE',  ( -19.00000000000001776, 3.499999999999997780, 8.500000000000000000 ) ) ;
#865 = ORIENTED_EDGE ( 'NONE', *, *, #1083, .F. ) ;
#866 = EDGE_CURVE ( 'NONE', #472, #1317, #167, .T. ) ;
#867 = DIRECTION ( 'NONE',  ( -0.000000000000000000, -0.000000000000000000, 1.000000000000000000 ) ) ;
#868 = ORIENTED_EDGE ( 'NONE', *, *, #817, .T. ) ;
#869 = AXIS2_PLACEMENT_3D ( 'NONE', #899, #1024, #158 ) ;
#870 = VERTEX_POINT ( 'NONE', #31 ) ;
#871 = AXIS2_PLACEMENT_3D ( 'NONE', #914, #254, #686 ) ;
#872 = LINE ( 'NONE', #994, #966 ) ;
#873 = DIRECTION ( 'NONE',  ( -1.000000000000000000, 1.498801083243961330E-15, 1.339817193382324612E-15 ) ) ;
#874 = ORIENTED_EDGE ( 'NONE', *, *, #171, .F. ) ;
#875 = EDGE_CURVE ( 'NONE', #861, #320, #346, .T. ) ;
#876 = CIRCLE ( 'NONE', #1169, 2.049999999999999822 ) ;
#877 = ORIENTED_EDGE ( 'NONE', *, *, #1313, .T. ) ;
#878 = LINE ( 'NONE', #893, #311 ) ;
#879 = PLANE ( 'NONE',  #1388 ) ;
#880 = CARTESIAN_POINT ( 'NONE',  ( -22.00000000000001066, 0.000000000000000000, 12.50000000000000000 ) ) ;
#881 = AXIS2_PLACEMENT_3D ( 'NONE', #237, #765, #461 ) ;
#882 = EDGE_CURVE ( 'NONE', #1391, #479, #1294, .T. ) ;
#883 = DIRECTION ( 'NONE',  ( 1.443289932012703503E-15, 1.000000000000000000, 8.215646400216414475E-16 ) ) ;
#884 = CARTESIAN_POINT ( 'NONE',  ( -17.65707521604545605, 7.000000000000000888, 7.499999999999976907 ) ) ;
#885 = CARTESIAN_POINT ( 'NONE',  ( 19.00000000000001776, -3.499999999999997780, 2.500000000000000444 ) ) ;
#886 = ORIENTED_EDGE ( 'NONE', *, *, #468, .T. ) ;
#887 = DIRECTION ( 'NONE',  ( -0.000000000000000000, 0.000000000000000000, 1.000000000000000000 ) ) ;
#888 = DIRECTION ( 'NONE',  ( -1.000000000000000000, -1.182766006347822616E-16, 0.000000000000000000 ) ) ;
#889 = DIRECTION ( 'NONE',  ( -0.000000000000000000, 0.000000000000000000, 1.000000000000000000 ) ) ;
#890 = CARTESIAN_POINT ( 'NONE',  ( -16.95000000000001705, -3.499999999999997780, 8.500000000000000000 ) ) ;
#891 = CARTESIAN_POINT ( 'NONE',  ( -22.00000000000001066, 4.000000000000000000, 0.000000000000000000 ) ) ;
#892 = ORIENTED_EDGE ( 'NONE', *, *, #80, .T. ) ;
#893 = CARTESIAN_POINT ( 'NONE',  ( -14.43482522486866060, 0.000000000000000000, 12.50000000000000000 ) ) ;
#894 = VERTEX_POINT ( 'NONE', #228 ) ;
#895 = CIRCLE ( 'NONE', #261, 1.999999999999998224 ) ;
#896 = DIRECTION ( 'NONE',  ( -1.182766006347822616E-16, 1.000000000000000000, 0.000000000000000000 ) ) ;
#897 = CARTESIAN_POINT ( 'NONE',  ( -22.00000000000001066, -4.000000000000010658, 2.500000000000000000 ) ) ;
#898 = ORIENTED_EDGE ( 'NONE', *, *, #181, .F. ) ;
#899 = CARTESIAN_POINT ( 'NONE',  ( 8.279362044434767676E-16, -7.000000000000007994, 2.500000000000000000 ) ) ;
#900 = AXIS2_PLACEMENT_3D ( 'NONE', #285, #405, #521 ) ;
#901 = ORIENTED_EDGE ( 'NONE', *, *, #937, .T. ) ;
#902 = LINE ( 'NONE', #1111, #266 ) ;
#903 = VECTOR ( 'NONE', #1135, 1000.000000000000000 ) ;
#904 = ADVANCED_FACE ( 'NONE', ( #235, #763 ), #572, .T. ) ;
#905 = ORIENTED_EDGE ( 'NONE', *, *, #468, .F. ) ;
#906 = CARTESIAN_POINT ( 'NONE',  ( -23.00000000000001066, -8.972915159005937396E-16, 7.500000000000000888 ) ) ;
#907 = CIRCLE ( 'NONE', #784, 1.000000000000000888 ) ;
#908 = DIRECTION ( 'NONE',  ( -0.000000000000000000, 0.000000000000000000, 1.000000000000000000 ) ) ;
#909 = PLANE ( 'NONE',  #652 ) ;
#910 = ORIENTED_EDGE ( 'NONE', *, *, #491, .F. ) ;
#911 = CARTESIAN_POINT ( 'NONE',  ( 22.00000000000001066, 0.000000000000000000, 2.500000000000000000 ) ) ;
#912 = DIRECTION ( 'NONE',  ( -1.000000000000000000, 1.498801083243961330E-15, 1.339817193382324612E-15 ) ) ;
#913 = ADVANCED_FACE ( 'NONE', ( #988 ), #24, .T. ) ;
#914 = CARTESIAN_POINT ( 'NONE',  ( 19.00000000000001776, -3.499999999999997780, 6.500000000000000888 ) ) ;
#915 = EDGE_LOOP ( 'NONE', ( #449, #112 ) ) ;
#916 = FACE_OUTER_BOUND ( 'NONE', #949, .T. ) ;
#917 = EDGE_LOOP ( 'NONE', ( #40, #1068, #526, #953 ) ) ;
#918 = DIRECTION ( 'NONE',  ( 0.000000000000000000, 1.000000000000000000, 8.673617379884027583E-16 ) ) ;
#919 = AXIS2_PLACEMENT_3D ( 'NONE', #374, #494, #801 ) ;
#920 = CARTESIAN_POINT ( 'NONE',  ( -19.00000000000001066, 7.000000000000000000, 12.50000000000000000 ) ) ;
#921 = VECTOR ( 'NONE', #147, 1000.000000000000000 ) ;
#922 = ORIENTED_EDGE ( 'NONE', *, *, #930, .T. ) ;
#923 = EDGE_CURVE ( 'NONE', #764, #182, #1341, .T. ) ;
#924 = DIRECTION ( 'NONE',  ( 0.000000000000000000, 0.000000000000000000, -1.000000000000000000 ) ) ;
#925 = ORIENTED_EDGE ( 'NONE', *, *, #1125, .T. ) ;
#926 = DIRECTION ( 'NONE',  ( 0.000000000000000000, 1.000000000000000000, 8.673617379884027583E-16 ) ) ;
#927 = CIRCLE ( 'NONE', #1124, 10.09999999999999964 ) ;
#928 = DIRECTION ( 'NONE',  ( 1.000000000000000000, 0.000000000000000000, 0.000000000000000000 ) ) ;
#929 = DIRECTION ( 'NONE',  ( -1.000000000000000000, 0.000000000000000000, 0.000000000000000000 ) ) ;
#930 = EDGE_CURVE ( 'NONE', #487, #780, #1008, .T. ) ;
#931 = ORIENTED_EDGE ( 'NONE', *, *, #1148, .F. ) ;
#932 = PLANE ( 'NONE',  #379 ) ;
#933 = CARTESIAN_POINT ( 'NONE',  ( -23.00000000000001066, -8.972915159005937396E-16, 7.500000000000000888 ) ) ;
#934 = PRODUCT_DEFINITION ( 'æœ', '', #1011, #11 ) ;
#935 = EDGE_LOOP ( 'NONE', ( #910, #70, #469, #797, #643 ) ) ;
#936 = CARTESIAN_POINT ( 'NONE',  ( 0.000000000000000000, 0.000000000000000000, 0.000000000000000000 ) ) ;
#937 = EDGE_CURVE ( 'NONE', #870, #301, #506, .T. ) ;
#938 = DIRECTION ( 'NONE',  ( -0.000000000000000000, 0.000000000000000000, 1.000000000000000000 ) ) ;
#939 = CARTESIAN_POINT ( 'NONE',  ( -16.65707521604553776, -10.00000000000084910, 7.500000000000020428 ) ) ;
#940 = CARTESIAN_POINT ( 'NONE',  ( -28.00000000000001066, -2.632014991877400834E-15, 7.500000000000000888 ) ) ;
#941 = VECTOR ( 'NONE', #924, 1000.000000000000000 ) ;
#942 = DIRECTION ( 'NONE',  ( -1.000000000000000000, 0.000000000000000000, 0.000000000000000000 ) ) ;
#943 = ORIENTED_EDGE ( 'NONE', *, *, #667, .T. ) ;
#944 = MANIFOLD_SOLID_BREP ( 'Ô²½Ç2', #86 ) ;
#945 = DIRECTION ( 'NONE',  ( -1.000000000000000000, 0.000000000000000000, 0.000000000000000000 ) ) ;
#946 = EDGE_CURVE ( 'NONE', #870, #576, #1246, .T. ) ;
#947 = CARTESIAN_POINT ( 'NONE',  ( -16.65707521604545605, 7.000000000000000888, 7.499999999999976019 ) ) ;
#948 = CIRCLE ( 'NONE', #985, 2.000000000000001776 ) ;
#949 = EDGE_LOOP ( 'NONE', ( #553, #644 ) ) ;
#950 = FACE_OUTER_BOUND ( 'NONE', #545, .T. ) ;
#951 = EDGE_LOOP ( 'NONE', ( #865, #6 ) ) ;
#952 = CARTESIAN_POINT ( 'NONE',  ( 22.00000000000001066, 0.000000000000000000, 2.500000000000000000 ) ) ;
#953 = ORIENTED_EDGE ( 'NONE', *, *, #863, .F. ) ;
#954 = EDGE_CURVE ( 'NONE', #1391, #607, #212, .T. ) ;
#955 = ORIENTED_EDGE ( 'NONE', *, *, #422, .F. ) ;
#956 = CARTESIAN_POINT ( 'NONE',  ( -28.00000000000001066, -1.865000000001604485, 7.500000000000238032 ) ) ;
#957 = ORIENTED_EDGE ( 'NONE', *, *, #1017, .T. ) ;
#958 = EDGE_CURVE ( 'NONE', #324, #1366, #308, .T. ) ;
#959 = AXIS2_PLACEMENT_3D ( 'NONE', #352, #556, #997 ) ;
#960 = ORIENTED_EDGE ( 'NONE', *, *, #614, .F. ) ;
#961 = SHAPE_DEFINITION_REPRESENTATION ( #258, #27 ) ;
#962 = CARTESIAN_POINT ( 'NONE',  ( 19.00000000000001066, 7.000000000000005329, 2.500000000000000000 ) ) ;
#963 = PLANE ( 'NONE',  #900 ) ;
#964 = ORIENTED_EDGE ( 'NONE', *, *, #3, .T. ) ;
#965 = CIRCLE ( 'NONE', #107, 2.999999999999998224 ) ;
#966 = VECTOR ( 'NONE', #459, 1000.000000000000000 ) ;
#967 = ADVANCED_FACE ( 'NONE', ( #512 ), #1128, .F. ) ;
#968 = ORIENTED_EDGE ( 'NONE', *, *, #760, .F. ) ;
#969 = EDGE_CURVE ( 'NONE', #1015, #1359, #807, .T. ) ;
#970 = CARTESIAN_POINT ( 'NONE',  ( -21.05000000000001492, 3.499999999999998224, 12.50000000000000000 ) ) ;
#971 = CIRCLE ( 'NONE', #1237, 1.000000000000000888 ) ;
#972 = CYLINDRICAL_SURFACE ( 'NONE', #517, 1.000000000000000888 ) ;
#973 = ORIENTED_EDGE ( 'NONE', *, *, #992, .F. ) ;
#974 = ORIENTED_EDGE ( 'NONE', *, *, #509, .F. ) ;
#975 = CARTESIAN_POINT ( 'NONE',  ( 19.00000000000001776, -3.499999999999997780, 6.500000000000000888 ) ) ;
#976 = EDGE_CURVE ( 'NONE', #1072, #431, #542, .T. ) ;
#977 = CARTESIAN_POINT ( 'NONE',  ( -16.65707521604553421, -7.000000000000009770, 7.500000000000023093 ) ) ;
#978 = VERTEX_POINT ( 'NONE', #1228 ) ;
#979 = CIRCLE ( 'NONE', #1054, 1.864999999999991775 ) ;
#980 = DIRECTION ( 'NONE',  ( -1.000000000000000000, 0.000000000000000000, 0.000000000000000000 ) ) ;
#981 = ORIENTED_EDGE ( 'NONE', *, *, #1296, .T. ) ;
#982 = DIRECTION ( 'NONE',  ( -1.000000000000000000, 1.498801083243961330E-15, 1.339817193382324612E-15 ) ) ;
#983 = DIRECTION ( 'NONE',  ( 1.443289932012703503E-15, 1.000000000000000000, 8.215646400216414475E-16 ) ) ;
#984 = DIRECTION ( 'NONE',  ( -1.000000000000000000, 0.000000000000000000, 0.000000000000000000 ) ) ;
#985 = AXIS2_PLACEMENT_3D ( 'NONE', #1386, #4, #426 ) ;
#986 = ORIENTED_EDGE ( 'NONE', *, *, #1012, .T. ) ;
#987 = DIRECTION ( 'NONE',  ( 1.000000000000000000, 0.000000000000000000, 0.000000000000000000 ) ) ;
#988 = FACE_OUTER_BOUND ( 'NONE', #376, .T. ) ;
#989 = LINE ( 'NONE', #566, #834 ) ;
#990 = AXIS2_PLACEMENT_3D ( 'NONE', #735, #511, #1361 ) ;
#991 = DIRECTION ( 'NONE',  ( 1.000000000000000000, -1.734723475976805517E-15, -1.734723475976805517E-15 ) ) ;
#992 = EDGE_CURVE ( 'NONE', #688, #320, #292, .T. ) ;
#993 = ORIENTED_EDGE ( 'NONE', *, *, #455, .F. ) ;
#994 = CARTESIAN_POINT ( 'NONE',  ( -8.279362044434761760E-16, 7.000000000000002665, 2.500000000000000000 ) ) ;
#995 = CARTESIAN_POINT ( 'NONE',  ( 19.00000000000001066, -7.000000000000005329, 0.000000000000000000 ) ) ;
#996 = ORIENTED_EDGE ( 'NONE', *, *, #422, .T. ) ;
#997 = DIRECTION ( 'NONE',  ( 0.000000000000000000, 1.000000000000000000, 8.673617379884027583E-16 ) ) ;
#998 = DIRECTION ( 'NONE',  ( 0.000000000000000000, -1.000000000000000000, 0.000000000000000000 ) ) ;
#999 = DIRECTION ( 'NONE',  ( 1.000000000000000000, 0.000000000000000000, -0.000000000000000000 ) ) ;
#1000 = EDGE_CURVE ( 'NONE', #214, #252, #724, .T. ) ;
#1001 = DIRECTION ( 'NONE',  ( 1.000000000000000000, 0.000000000000000000, 0.000000000000000000 ) ) ;
#1002 = ORIENTED_EDGE ( 'NONE', *, *, #923, .T. ) ;
#1003 = LINE ( 'NONE', #337, #675 ) ;
#1004 = ORIENTED_EDGE ( 'NONE', *, *, #729, .F. ) ;
#1005 = DIRECTION ( 'NONE',  ( -1.000000000000000000, 0.000000000000000000, 0.000000000000000000 ) ) ;
#1006 = ORIENTED_EDGE ( 'NONE', *, *, #161, .F. ) ;
#1007 = CARTESIAN_POINT ( 'NONE',  ( -19.00000000000001776, -3.499999999999997780, 8.500000000000000000 ) ) ;
#1008 = CIRCLE ( 'NONE', #428, 1.000000000000000888 ) ;
#1009 = ORIENTED_EDGE ( 'NONE', *, *, #1328, .T. ) ;
#1010 = FACE_OUTER_BOUND ( 'NONE', #689, .T. ) ;
#1011 = PRODUCT_DEFINITION_FORMATION_WITH_SPECIFIED_SOURCE ( 'ä»', '', #697, .NOT_KNOWN. ) ;
#1012 = EDGE_CURVE ( 'NONE', #423, #1072, #591, .T. ) ;
#1013 = AXIS2_PLACEMENT_3D ( 'NONE', #1336, #567, #984 ) ;
#1014 = CARTESIAN_POINT ( 'NONE',  ( 19.00000000000001066, -4.000000000000005329, 0.000000000000000000 ) ) ;
#1015 = VERTEX_POINT ( 'NONE', #378 ) ;
#1016 = LINE ( 'NONE', #1022, #1081 ) ;
#1017 = EDGE_CURVE ( 'NONE', #465, #756, #1249, .T. ) ;
#1018 = CARTESIAN_POINT ( 'NONE',  ( 19.00000000000001776, 3.499999999999997780, 6.500000000000000888 ) ) ;
#1019 = AXIS2_PLACEMENT_3D ( 'NONE', #731, #396, #1045 ) ;
#1020 = DIRECTION ( 'NONE',  ( 1.000000000000000000, 0.000000000000000000, 0.000000000000000000 ) ) ;
#1021 = EDGE_LOOP ( 'NONE', ( #1113, #63 ) ) ;
#1022 = CARTESIAN_POINT ( 'NONE',  ( 17.00000000000001776, 3.499999999999997780, 6.500000000000000888 ) ) ;
#1023 = ADVANCED_FACE ( 'NONE', ( #702 ), #1028, .T. ) ;
#1024 = DIRECTION ( 'NONE',  ( -1.182766006347822616E-16, 1.000000000000000000, 0.000000000000000000 ) ) ;
#1025 = ORIENTED_EDGE ( 'NONE', *, *, #1267, .F. ) ;
#1026 = DIRECTION ( 'NONE',  ( -1.000000000000000000, 1.498801083243961330E-15, 1.339817193382324612E-15 ) ) ;
#1027 = ORIENTED_EDGE ( 'NONE', *, *, #67, .F. ) ;
#1028 = CYLINDRICAL_SURFACE ( 'NONE', #1273, 12.09999999999999964 ) ;
#1029 = AXIS2_PLACEMENT_3D ( 'NONE', #594, #53, #486 ) ;
#1030 = CARTESIAN_POINT ( 'NONE',  ( 9.869650449737310538, -7.000000000000007105, 0.000000000000000000 ) ) ;
#1031 = EDGE_CURVE ( 'NONE', #1226, #98, #64, .T. ) ;
#1032 = STYLED_ITEM ( 'NONE', ( #707 ), #944 ) ;
#1033 = DIRECTION ( 'NONE',  ( -1.443289932012703503E-15, -1.000000000000000000, -8.215646400216414475E-16 ) ) ;
#1034 = EDGE_LOOP ( 'NONE', ( #1224, #48, #1262, #200 ) ) ;
#1035 = DIRECTION ( 'NONE',  ( -1.443289932012704686E-15, -1.000000000000000000, -8.215646400216414475E-16 ) ) ;
#1036 = VECTOR ( 'NONE', #1026, 1000.000000000000000 ) ;
#1037 =( NAMED_UNIT ( * ) PLANE_ANGLE_UNIT ( ) SI_UNIT ( $, .RADIAN. ) );
#1038 = EDGE_CURVE ( 'NONE', #291, #1127, #1389, .T. ) ;
#1039 = CARTESIAN_POINT ( 'NONE',  ( -9.869650449737310538, -7.000000000000008882, 0.000000000000000000 ) ) ;
#1040 = CARTESIAN_POINT ( 'NONE',  ( 21.00000000000001421, 3.499999999999998224, 2.500000000000000444 ) ) ;
#1041 = ADVANCED_FACE ( 'NONE', ( #742 ), #318, .F. ) ;
#1042 = CARTESIAN_POINT ( 'NONE',  ( -15.65707521604545605, 7.000000000000000888, 7.499999999999973355 ) ) ;
#1043 = VERTEX_POINT ( 'NONE', #198 ) ;
#1044 = DIRECTION ( 'NONE',  ( 1.000000000000000000, 1.182766006347822616E-16, 0.000000000000000000 ) ) ;
#1045 = DIRECTION ( 'NONE',  ( 1.000000000000000000, -1.734723475976805517E-15, -1.734723475976805517E-15 ) ) ;
#1046 = SURFACE_SIDE_STYLE ('',( #397 ) ) ;
#1047 = LINE ( 'NONE', #615, #1272 ) ;
#1048 = EDGE_CURVE ( 'NONE', #730, #1226, #330, .T. ) ;
#1049 = ORIENTED_EDGE ( 'NONE', *, *, #937, .F. ) ;
#1050 = CYLINDRICAL_SURFACE ( 'NONE', #739, 1.999999999999998224 ) ;
#1051 = LINE ( 'NONE', #857, #695 ) ;
#1052 = FACE_OUTER_BOUND ( 'NONE', #1279, .T. ) ;
#1053 = ORIENTED_EDGE ( 'NONE', *, *, #1213, .T. ) ;
#1054 = AXIS2_PLACEMENT_3D ( 'NONE', #795, #1223, #1230 ) ;
#1055 = DIRECTION ( 'NONE',  ( 1.000000000000000000, 0.000000000000000000, 0.000000000000000000 ) ) ;
#1056 = ORIENTED_EDGE ( 'NONE', *, *, #1328, .F. ) ;
#1057 = EDGE_LOOP ( 'NONE', ( #925, #1056, #898, #1253 ) ) ;
#1058 = EDGE_CURVE ( 'NONE', #202, #1359, #1206, .T. ) ;
#1059 = CARTESIAN_POINT ( 'NONE',  ( -8.279362044434761760E-16, 7.000000000000002665, 0.000000000000000000 ) ) ;
#1060 = DIRECTION ( 'NONE',  ( -1.443289932012703503E-15, -1.000000000000000000, -8.215646400216414475E-16 ) ) ;
#1061 = DIRECTION ( 'NONE',  ( -0.000000000000000000, -0.000000000000000000, -1.000000000000000000 ) ) ;
#1062 = ADVANCED_FACE ( 'NONE', ( #1066 ), #97, .F. ) ;
#1063 = VECTOR ( 'NONE', #588, 1000.000000000000000 ) ;
#1064 = ORIENTED_EDGE ( 'NONE', *, *, #144, .T. ) ;
#1065 = ORIENTED_EDGE ( 'NONE', *, *, #1201, .F. ) ;
#1066 = FACE_OUTER_BOUND ( 'NONE', #496, .T. ) ;
#1067 = EDGE_CURVE ( 'NONE', #756, #1258, #837, .T. ) ;
#1068 = ORIENTED_EDGE ( 'NONE', *, *, #1192, .T. ) ;
#1069 = EDGE_LOOP ( 'NONE', ( #516, #1339, #84, #943, #287 ) ) ;
#1070 = CARTESIAN_POINT ( 'NONE',  ( -19.00000000000001776, -3.499999999999997780, 8.500000000000000000 ) ) ;
#1071 = CARTESIAN_POINT ( 'NONE',  ( 19.00000000000001066, 7.000000000000005329, 0.000000000000000000 ) ) ;
#1072 = VERTEX_POINT ( 'NONE', #956 ) ;
#1073 = CARTESIAN_POINT ( 'NONE',  ( 19.00000000000001776, 3.499999999999997780, 6.500000000000000888 ) ) ;
#1074 = ORIENTED_EDGE ( 'NONE', *, *, #598, .F. ) ;
#1075 = AXIS2_PLACEMENT_3D ( 'NONE', #1362, #1144, #696 ) ;
#1076 = DIRECTION ( 'NONE',  ( -0.000000000000000000, -0.000000000000000000, 1.000000000000000000 ) ) ;
#1077 = CARTESIAN_POINT ( 'NONE',  ( -19.00000000000001066, 4.000000000000000000, 0.000000000000000000 ) ) ;
#1078 = DIRECTION ( 'NONE',  ( 0.000000000000000000, 0.000000000000000000, -1.000000000000000000 ) ) ;
#1079 = EDGE_LOOP ( 'NONE', ( #816, #489, #1002, #139 ) ) ;
#1080 = AXIS2_PLACEMENT_3D ( 'NONE', #1154, #435, #1247 ) ;
#1081 = VECTOR ( 'NONE', #813, 1000.000000000000000 ) ;
#1082 = ORIENTED_EDGE ( 'NONE', *, *, #296, .T. ) ;
#1083 = EDGE_CURVE ( 'NONE', #764, #1338, #948, .T. ) ;
#1084 = LINE ( 'NONE', #575, #245 ) ;
#1085 = DIRECTION ( 'NONE',  ( 1.000000000000000000, 0.000000000000000000, 0.000000000000000000 ) ) ;
#1086 = AXIS2_PLACEMENT_3D ( 'NONE', #1373, #642, #1146 ) ;
#1087 = DIRECTION ( 'NONE',  ( -1.000000000000000000, 0.000000000000000000, 0.000000000000000000 ) ) ;
#1088 = UNCERTAINTY_MEASURE_WITH_UNIT (LENGTH_MEASURE( 1.000000000000000082E-05 ), #1355, 'distance_accuracy_value', 'NONE');
#1089 = EDGE_LOOP ( 'NONE', ( #458, #1343, #974, #61 ) ) ;
#1090 = ADVANCED_FACE ( 'NONE', ( #746 ), #541, .T. ) ;
#1091 = LINE ( 'NONE', #249, #1370 ) ;
#1092 = CARTESIAN_POINT ( 'NONE',  ( 9.869650449737310538, -7.000000000000007105, 2.500000000000000000 ) ) ;
#1093 = DIRECTION ( 'NONE',  ( -1.000000000000000000, 1.734723475976805517E-15, 1.734723475976805517E-15 ) ) ;
#1094 = CIRCLE ( 'NONE', #400, 2.049999999999999822 ) ;
#1095 = DIRECTION ( 'NONE',  ( 1.000000000000000000, 0.000000000000000000, 0.000000000000000000 ) ) ;
#1096 = DIRECTION ( 'NONE',  ( -1.182766006347822616E-16, 1.000000000000000000, 0.000000000000000000 ) ) ;
#1097 = DIRECTION ( 'NONE',  ( -1.000000000000000000, -1.182766006347822616E-16, 0.000000000000000000 ) ) ;
#1098 = EDGE_CURVE ( 'NONE', #1338, #764, #452, .T. ) ;
#1099 = LINE ( 'NONE', #10, #179 ) ;
#1100 = CYLINDRICAL_SURFACE ( 'NONE', #1371, 12.09999999999999964 ) ;
#1101 = AXIS2_PLACEMENT_3D ( 'NONE', #975, #1194, #980 ) ;
#1102 = ORIENTED_EDGE ( 'NONE', *, *, #1259, .T. ) ;
#1103 = CARTESIAN_POINT ( 'NONE',  ( 22.00000000000001066, 4.000000000000005329, 2.500000000000000000 ) ) ;
#1104 = DIRECTION ( 'NONE',  ( -0.000000000000000000, -0.000000000000000000, -1.000000000000000000 ) ) ;
#1105 = VERTEX_POINT ( 'NONE', #313 ) ;
#1106 = DIRECTION ( 'NONE',  ( 0.000000000000000000, 1.000000000000000000, 8.673617379884027583E-16 ) ) ;
#1107 = ORIENTED_EDGE ( 'NONE', *, *, #844, .T. ) ;
#1108 = EDGE_CURVE ( 'NONE', #1165, #1110, #927, .T. ) ;
#1109 = FACE_OUTER_BOUND ( 'NONE', #186, .T. ) ;
#1110 = VERTEX_POINT ( 'NONE', #641 ) ;
#1111 = CARTESIAN_POINT ( 'NONE',  ( 22.00000000000001066, 0.000000000000000000, 0.000000000000000000 ) ) ;
#1112 = VERTEX_POINT ( 'NONE', #962 ) ;
#1113 = ORIENTED_EDGE ( 'NONE', *, *, #213, .F. ) ;
#1114 = DIRECTION ( 'NONE',  ( -0.000000000000000000, -0.000000000000000000, -1.000000000000000000 ) ) ;
#1115 = EDGE_CURVE ( 'NONE', #846, #790, #1051, .T. ) ;
#1116 = CARTESIAN_POINT ( 'NONE',  ( -28.00000000000001066, -2.632014991877400834E-15, 7.500000000000000888 ) ) ;
#1117 = CARTESIAN_POINT ( 'NONE',  ( -28.00000000000001066, -2.000000000000001332, 7.500000000000000888 ) ) ;
#1118 = EDGE_LOOP ( 'NONE', ( #768, #102, #162, #905 ) ) ;
#1119 = FACE_OUTER_BOUND ( 'NONE', #523, .T. ) ;
#1120 = ORIENTED_EDGE ( 'NONE', *, *, #729, .T. ) ;
#1121 = CARTESIAN_POINT ( 'NONE',  ( 22.00000000000001066, -4.000000000000005329, 0.000000000000000000 ) ) ;
#1122 = ORIENTED_EDGE ( 'NONE', *, *, #502, .F. ) ;
#1123 = CARTESIAN_POINT ( 'NONE',  ( 19.00000000000001776, 3.499999999999997780, 6.500000000000000888 ) ) ;
#1124 = AXIS2_PLACEMENT_3D ( 'NONE', #434, #82, #420 ) ;
#1125 = EDGE_CURVE ( 'NONE', #368, #790, #382, .T. ) ;
#1126 = CARTESIAN_POINT ( 'NONE',  ( 8.279362044434767676E-16, -7.000000000000007994, 2.500000000000000000 ) ) ;
#1127 = VERTEX_POINT ( 'NONE', #970 ) ;
#1128 = CYLINDRICAL_SURFACE ( 'NONE', #670, 1.000000000000000888 ) ;
#1129 = AXIS2_PLACEMENT_3D ( 'NONE', #345, #130, #671 ) ;
#1130 = LINE ( 'NONE', #60, #941 ) ;
#1131 = ORIENTED_EDGE ( 'NONE', *, *, #1188, .F. ) ;
#1132 = EDGE_LOOP ( 'NONE', ( #599, #1074, #303, #1151 ) ) ;
#1133 = CARTESIAN_POINT ( 'NONE',  ( -15.65707521604553776, -10.00000000000085087, 7.500000000000018652 ) ) ;
#1134 = VERTEX_POINT ( 'NONE', #439 ) ;
#1135 = DIRECTION ( 'NONE',  ( 1.000000000000000000, 1.182766006347822616E-16, 0.000000000000000000 ) ) ;
#1136 = DIRECTION ( 'NONE',  ( -0.000000000000000000, -0.000000000000000000, 1.000000000000000000 ) ) ;
#1137 = CIRCLE ( 'NONE', #772, 1.000000000000000888 ) ;
#1138 =( GEOMETRIC_REPRESENTATION_CONTEXT ( 3 ) GLOBAL_UNCERTAINTY_ASSIGNED_CONTEXT ( ( #601 ) ) GLOBAL_UNIT_ASSIGNED_CONTEXT ( ( #76, #1037, #818 ) ) REPRESENTATION_CONTEXT ( 'NONE', 'WORKASPACE' ) );
#1139 = CARTESIAN_POINT ( 'NONE',  ( -16.65707521604545249, 9.999999999999161560, 7.499999999999978684 ) ) ;
#1140 = EDGE_LOOP ( 'NONE', ( #1157, #295 ) ) ;
#1141 = ORIENTED_EDGE ( 'NONE', *, *, #447, .F. ) ;
#1142 = AXIS2_PLACEMENT_3D ( 'NONE', #1073, #860, #1347 ) ;
#1143 = CIRCLE ( 'NONE', #1232, 1.999999999999998224 ) ;
#1144 = DIRECTION ( 'NONE',  ( 0.000000000000000000, -0.000000000000000000, -1.000000000000000000 ) ) ;
#1145 = CIRCLE ( 'NONE', #500, 2.999999999999999112 ) ;
#1146 = DIRECTION ( 'NONE',  ( 1.000000000000000000, 0.000000000000000000, 0.000000000000000000 ) ) ;
#1147 = ORIENTED_EDGE ( 'NONE', *, *, #430, .T. ) ;
#1148 = EDGE_CURVE ( 'NONE', #688, #634, #1393, .T. ) ;
#1149 = DIRECTION ( 'NONE',  ( 0.000000000000000000, 0.000000000000000000, 1.000000000000000000 ) ) ;
#1150 = VECTOR ( 'NONE', #25, 1000.000000000000000 ) ;
#1151 = ORIENTED_EDGE ( 'NONE', *, *, #213, .T. ) ;
#1152 = DIRECTION ( 'NONE',  ( -1.498801083243961330E-15, -1.000000000000000000, -8.215646400216414475E-16 ) ) ;
#1153 = CARTESIAN_POINT ( 'NONE',  ( -9.869650449737314091, 7.000000000000001776, 2.500000000000000000 ) ) ;
#1154 = CARTESIAN_POINT ( 'NONE',  ( -28.00000000000001066, -2.632014991877400834E-15, 7.500000000000000888 ) ) ;
#1155 = EDGE_LOOP ( 'NONE', ( #534, #596 ) ) ;
#1156 = CARTESIAN_POINT ( 'NONE',  ( -9.869650449737310538, -7.000000000000008882, 2.500000000000000000 ) ) ;
#1157 = ORIENTED_EDGE ( 'NONE', *, *, #522, .T. ) ;
#1158 = EDGE_CURVE ( 'NONE', #1258, #1112, #69, .T. ) ;
#1159 = CARTESIAN_POINT ( 'NONE',  ( 19.00000000000001776, -3.499999999999997780, 6.500000000000000888 ) ) ;
#1160 = DIRECTION ( 'NONE',  ( 0.000000000000000000, 1.000000000000000000, 0.000000000000000000 ) ) ;
#1161 = EDGE_LOOP ( 'NONE', ( #51, #1233, #981, #712 ) ) ;
#1162 = VECTOR ( 'NONE', #983, 1000.000000000000000 ) ;
#1163 = AXIS2_PLACEMENT_3D ( 'NONE', #1344, #999, #1323 ) ;
#1164 = VERTEX_POINT ( 'NONE', #1153 ) ;
#1165 = VERTEX_POINT ( 'NONE', #622 ) ;
#1166 = ADVANCED_FACE ( 'NONE', ( #184 ), #1190, .F. ) ;
#1167 = CARTESIAN_POINT ( 'NONE',  ( -23.00000000000001066, -8.972915159005937396E-16, 10.49999999999999822 ) ) ;
#1168 = DIRECTION ( 'NONE',  ( 0.000000000000000000, 0.000000000000000000, 1.000000000000000000 ) ) ;
#1169 = AXIS2_PLACEMENT_3D ( 'NONE', #7, #1292, #15 ) ;
#1170 = ORIENTED_EDGE ( 'NONE', *, *, #554, .F. ) ;
#1171 = ORIENTED_EDGE ( 'NONE', *, *, #992, .T. ) ;
#1172 = DIRECTION ( 'NONE',  ( -1.182766006347822616E-16, 1.000000000000000000, 0.000000000000000000 ) ) ;
#1173 = ADVANCED_FACE ( 'NONE', ( #761 ), #1209, .T. ) ;
#1174 = ORIENTED_EDGE ( 'NONE', *, *, #302, .F. ) ;
#1175 = DIRECTION ( 'NONE',  ( -0.000000000000000000, -0.000000000000000000, -1.000000000000000000 ) ) ;
#1176 = ORIENTED_EDGE ( 'NONE', *, *, #447, .T. ) ;
#1177 = DIRECTION ( 'NONE',  ( 0.000000000000000000, 0.000000000000000000, 1.000000000000000000 ) ) ;
#1178 = CARTESIAN_POINT ( 'NONE',  ( -19.00000000000001776, -3.499999999999997780, 8.500000000000000000 ) ) ;
#1179 = ORIENTED_EDGE ( 'NONE', *, *, #90, .T. ) ;
#1180 = EDGE_CURVE ( 'NONE', #1375, #92, #876, .T. ) ;
#1181 = AXIS2_PLACEMENT_3D ( 'NONE', #1207, #247, #710 ) ;
#1182 = ORIENTED_EDGE ( 'NONE', *, *, #856, .F. ) ;
#1183 = DIRECTION ( 'NONE',  ( 1.860293271825002394E-15, 1.000000000000000000, 9.301466359125011971E-16 ) ) ;
#1184 = DIRECTION ( 'NONE',  ( 1.000000000000000000, -1.734723475976805517E-15, -1.734723475976805517E-15 ) ) ;
#1185 = AXIS2_PLACEMENT_3D ( 'NONE', #276, #377, #1334 ) ;
#1186 = AXIS2_PLACEMENT_3D ( 'NONE', #413, #838, #1160 ) ;
#1187 = LINE ( 'NONE', #1319, #637 ) ;
#1188 = EDGE_CURVE ( 'NONE', #749, #1112, #872, .T. ) ;
#1189 = ORIENTED_EDGE ( 'NONE', *, *, #304, .T. ) ;
#1190 = PLANE ( 'NONE',  #1101 ) ;
#1191 = CARTESIAN_POINT ( 'NONE',  ( 21.00000000000001421, 3.499999999999998224, 6.500000000000000888 ) ) ;
#1192 = EDGE_CURVE ( 'NONE', #1369, #393, #451, .T. ) ;
#1193 = ADVANCED_FACE ( 'NONE', ( #561, #661, #445 ), #1307, .T. ) ;
#1194 = DIRECTION ( 'NONE',  ( -0.000000000000000000, 0.000000000000000000, -1.000000000000000000 ) ) ;
#1195 = CARTESIAN_POINT ( 'NONE',  ( -8.279362044434761760E-16, 7.000000000000002665, 2.500000000000000000 ) ) ;
#1196 = AXIS2_PLACEMENT_3D ( 'NONE', #549, #323, #515 ) ;
#1197 = ORIENTED_EDGE ( 'NONE', *, *, #1115, .F. ) ;
#1198 = VECTOR ( 'NONE', #387, 1000.000000000000000 ) ;
#1199 = FACE_OUTER_BOUND ( 'NONE', #1132, .T. ) ;
#1200 = LINE ( 'NONE', #242, #1261 ) ;
#1201 = EDGE_CURVE ( 'NONE', #92, #291, #1091, .T. ) ;
#1202 = FACE_BOUND ( 'NONE', #309, .T. ) ;
#1203 = LINE ( 'NONE', #236, #720 ) ;
#1204 = CARTESIAN_POINT ( 'NONE',  ( 0.000000000000000000, 0.000000000000000000, 2.500000000000000000 ) ) ;
#1205 = FACE_OUTER_BOUND ( 'NONE', #640, .T. ) ;
#1206 = CIRCLE ( 'NONE', #613, 2.049999999999999822 ) ;
#1207 = CARTESIAN_POINT ( 'NONE',  ( 19.00000000000001066, 4.000000000000005329, 2.500000000000000000 ) ) ;
#1208 = ORIENTED_EDGE ( 'NONE', *, *, #717, .F. ) ;
#1209 = CYLINDRICAL_SURFACE ( 'NONE', #740, 2.000000000000001776 ) ;
#1210 = ORIENTED_EDGE ( 'NONE', *, *, #417, .T. ) ;
#1211 = VERTEX_POINT ( 'NONE', #119 ) ;
#1212 = CYLINDRICAL_SURFACE ( 'NONE', #627, 1.000000000000000888 ) ;
#1213 = EDGE_CURVE ( 'NONE', #1211, #576, #878, .T. ) ;
#1214 = VECTOR ( 'NONE', #759, 1000.000000000000000 ) ;
#1215 = EDGE_CURVE ( 'NONE', #749, #368, #1003, .T. ) ;
#1216 = FACE_OUTER_BOUND ( 'NONE', #1034, .T. ) ;
#1217 = ORIENTED_EDGE ( 'NONE', *, *, #782, .T. ) ;
#1218 =( NAMED_UNIT ( * ) SI_UNIT ( $, .STERADIAN. ) SOLID_ANGLE_UNIT ( ) );
#1219 = EDGE_LOOP ( 'NONE', ( #855, #440, #361, #886 ) ) ;
#1220 = FACE_BOUND ( 'NONE', #915, .T. ) ;
#1221 = CARTESIAN_POINT ( 'NONE',  ( -19.00000000000001066, -4.000000000000010658, 2.500000000000000000 ) ) ;
#1222 = EDGE_CURVE ( 'NONE', #1375, #1127, #134, .T. ) ;
#1223 = DIRECTION ( 'NONE',  ( -1.000000000000000000, 1.498801083243961330E-15, 1.339817193382324612E-15 ) ) ;
#1224 = ORIENTED_EDGE ( 'NONE', *, *, #1083, .T. ) ;
#1225 = CARTESIAN_POINT ( 'NONE',  ( -9.869650449737314091, 7.000000000000001776, 2.500000000000000000 ) ) ;
#1226 = VERTEX_POINT ( 'NONE', #569 ) ;
#1227 = AXIS2_PLACEMENT_3D ( 'NONE', #864, #753, #657 ) ;
#1228 = CARTESIAN_POINT ( 'NONE',  ( -22.00000000000001066, 4.000000000000000000, 12.50000000000000000 ) ) ;
#1229 = CARTESIAN_POINT ( 'NONE',  ( -23.00000000000001066, -8.972915159005937396E-16, 7.500000000000000888 ) ) ;
#1230 = DIRECTION ( 'NONE',  ( 1.860293271825002394E-15, 1.000000000000000000, 9.301466359125011971E-16 ) ) ;
#1231 = EDGE_CURVE ( 'NONE', #301, #1043, #779, .T. ) ;
#1232 = AXIS2_PLACEMENT_3D ( 'NONE', #463, #349, #778 ) ;
#1233 = ORIENTED_EDGE ( 'NONE', *, *, #693, .F. ) ;
#1234 = FACE_OUTER_BOUND ( 'NONE', #1291, .T. ) ;
#1235 = CARTESIAN_POINT ( 'NONE',  ( 8.279362044434767676E-16, -7.000000000000007994, 0.000000000000000000 ) ) ;
#1236 = DIRECTION ( 'NONE',  ( 0.000000000000000000, 0.000000000000000000, 1.000000000000000000 ) ) ;
#1237 = AXIS2_PLACEMENT_3D ( 'NONE', #1167, #197, #507 ) ;
#1238 = LINE ( 'NONE', #1133, #123 ) ;
#1239 = ORIENTED_EDGE ( 'NONE', *, *, #1231, .T. ) ;
#1240 = EDGE_CURVE ( 'NONE', #1110, #1165, #499, .T. ) ;
#1241 = ORIENTED_EDGE ( 'NONE', *, *, #80, .F. ) ;
#1242 = CARTESIAN_POINT ( 'NONE',  ( 17.00000000000001421, -3.499999999999997780, 6.500000000000000888 ) ) ;
#1243 = CYLINDRICAL_SURFACE ( 'NONE', #751, 10.09999999999999964 ) ;
#1244 = CARTESIAN_POINT ( 'NONE',  ( -16.65707521604545960, 5.999999999999158895, 7.499999999999965361 ) ) ;
#1245 = ORIENTED_EDGE ( 'NONE', *, *, #598, .T. ) ;
#1246 = LINE ( 'NONE', #49, #169 ) ;
#1247 = DIRECTION ( 'NONE',  ( 0.000000000000000000, -1.000000000000000000, 0.000000000000000000 ) ) ;
#1248 = VECTOR ( 'NONE', #791, 1000.000000000000000 ) ;
#1249 = CIRCLE ( 'NONE', #38, 2.999999999999999112 ) ;
#1250 = ORIENTED_EDGE ( 'NONE', *, *, #1180, .T. ) ;
#1251 = CARTESIAN_POINT ( 'NONE',  ( -22.00000000000001066, 0.000000000000000000, 2.500000000000000000 ) ) ;
#1252 = AXIS2_PLACEMENT_3D ( 'NONE', #885, #478, #28 ) ;
#1253 = ORIENTED_EDGE ( 'NONE', *, *, #1215, .T. ) ;
#1254 = EDGE_LOOP ( 'NONE', ( #1245, #539 ) ) ;
#1255 = DIRECTION ( 'NONE',  ( -1.000000000000000000, -4.309630731619211009E-16, 0.000000000000000000 ) ) ;
#1256 = DIRECTION ( 'NONE',  ( -1.000000000000000000, 0.000000000000000000, 0.000000000000000000 ) ) ;
#1257 = ADVANCED_FACE ( 'NONE', ( #1199 ), #241, .F. ) ;
#1258 = VERTEX_POINT ( 'NONE', #1103 ) ;
#1259 = EDGE_CURVE ( 'NONE', #514, #839, #1084, .T. ) ;
#1260 = CARTESIAN_POINT ( 'NONE',  ( -28.00000000000001066, 1.999999999999996225, 7.500000000000000888 ) ) ;
#1261 = VECTOR ( 'NONE', #1104, 1000.000000000000000 ) ;
#1262 = ORIENTED_EDGE ( 'NONE', *, *, #455, .T. ) ;
#1263 = FACE_OUTER_BOUND ( 'NONE', #1315, .T. ) ;
#1264 = DIRECTION ( 'NONE',  ( 0.000000000000000000, 0.000000000000000000, 1.000000000000000000 ) ) ;
#1265 = DIRECTION ( 'NONE',  ( -1.000000000000000000, -4.309630731619211009E-16, 0.000000000000000000 ) ) ;
#1266 = ORIENTED_EDGE ( 'NONE', *, *, #1048, .F. ) ;
#1267 = EDGE_CURVE ( 'NONE', #280, #479, #1143, .T. ) ;
#1268 = ORIENTED_EDGE ( 'NONE', *, *, #47, .T. ) ;
#1269 = DIRECTION ( 'NONE',  ( 0.000000000000000000, -1.000000000000000000, 0.000000000000000000 ) ) ;
#1270 = DIRECTION ( 'NONE',  ( 1.000000000000000000, -0.000000000000000000, -0.000000000000000000 ) ) ;
#1271 = VERTEX_POINT ( 'NONE', #681 ) ;
#1272 = VECTOR ( 'NONE', #297, 1000.000000000000000 ) ;
#1273 = AXIS2_PLACEMENT_3D ( 'NONE', #841, #322, #945 ) ;
#1274 = EDGE_CURVE ( 'NONE', #793, #1366, #902, .T. ) ;
#1275 = ORIENTED_EDGE ( 'NONE', *, *, #1058, .T. ) ;
#1276 = DIRECTION ( 'NONE',  ( -1.000000000000000000, -1.182766006347822616E-16, 0.000000000000000000 ) ) ;
#1277 = CARTESIAN_POINT ( 'NONE',  ( -19.00000000000001066, -7.000000000000010658, 0.000000000000000000 ) ) ;
#1278 = AXIS2_PLACEMENT_3D ( 'NONE', #22, #887, #342 ) ;
#1279 = EDGE_LOOP ( 'NONE', ( #738, #1250 ) ) ;
#1280 = EDGE_LOOP ( 'NONE', ( #157, #550 ) ) ;
#1281 = CARTESIAN_POINT ( 'NONE',  ( 0.000000000000000000, 0.000000000000000000, 0.000000000000000000 ) ) ;
#1282 = DIRECTION ( 'NONE',  ( -0.000000000000000000, -0.000000000000000000, -1.000000000000000000 ) ) ;
#1283 = ORIENTED_EDGE ( 'NONE', *, *, #471, .T. ) ;
#1284 = VERTEX_POINT ( 'NONE', #1325 ) ;
#1285 = ORIENTED_EDGE ( 'NONE', *, *, #760, .T. ) ;
#1286 = DIRECTION ( 'NONE',  ( 1.000000000000000000, 0.000000000000000000, 0.000000000000000000 ) ) ;
#1287 = PLANE ( 'NONE',  #820 ) ;
#1288 = ADVANCED_FACE ( 'NONE', ( #752 ), #217, .F. ) ;
#1289 = ORIENTED_EDGE ( 'NONE', *, *, #1390, .T. ) ;
#1290 = AXIS2_PLACEMENT_3D ( 'NONE', #747, #619, #624 ) ;
#1291 = EDGE_LOOP ( 'NONE', ( #660, #315, #922, #110 ) ) ;
#1292 = DIRECTION ( 'NONE',  ( 0.000000000000000000, 0.000000000000000000, 1.000000000000000000 ) ) ;
#1293 = DIRECTION ( 'NONE',  ( -1.000000000000000000, 0.000000000000000000, 0.000000000000000000 ) ) ;
#1294 = LINE ( 'NONE', #1191, #1312 ) ;
#1295 = ORIENTED_EDGE ( 'NONE', *, *, #976, .T. ) ;
#1296 = EDGE_CURVE ( 'NONE', #1317, #780, #55, .T. ) ;
#1297 = DIRECTION ( 'NONE',  ( -1.000000000000000000, 1.734723475976805517E-15, 1.734723475976805517E-15 ) ) ;
#1298 = ADVANCED_FACE ( 'NONE', ( #916 ), #604, .F. ) ;
#1299 = ORIENTED_EDGE ( 'NONE', *, *, #800, .F. ) ;
#1300 = DIRECTION ( 'NONE',  ( 0.000000000000000000, -1.000000000000000000, 0.000000000000000000 ) ) ;
#1301 = CARTESIAN_POINT ( 'NONE',  ( -27.80000000000003268, -1.609823385706476984E-12, 6.500000000000241585 ) ) ;
#1302 = CIRCLE ( 'NONE', #990, 12.09999999999999964 ) ;
#1303 = CARTESIAN_POINT ( 'NONE',  ( -19.00000000000001066, 7.000000000000000000, 2.500000000000000000 ) ) ;
#1304 = CARTESIAN_POINT ( 'NONE',  ( -22.00000000000001066, -8.972915159005937396E-16, 10.49999999999999822 ) ) ;
#1305 = DIRECTION ( 'NONE',  ( 0.000000000000000000, 0.000000000000000000, 1.000000000000000000 ) ) ;
#1306 = FACE_BOUND ( 'NONE', #654, .T. ) ;
#1307 = PLANE ( 'NONE',  #590 ) ;
#1308 = DIRECTION ( 'NONE',  ( 0.000000000000000000, 0.000000000000000000, -1.000000000000000000 ) ) ;
#1309 = LINE ( 'NONE', #551, #1150 ) ;
#1310 = DIRECTION ( 'NONE',  ( -0.000000000000000000, -0.000000000000000000, 1.000000000000000000 ) ) ;
#1311 = LINE ( 'NONE', #1059, #559 ) ;
#1312 = VECTOR ( 'NONE', #1114, 1000.000000000000000 ) ;
#1313 = EDGE_CURVE ( 'NONE', #1359, #202, #354, .T. ) ;
#1314 = FACE_OUTER_BOUND ( 'NONE', #676, .T. ) ;
#1315 = EDGE_LOOP ( 'NONE', ( #610, #682 ) ) ;
#1316 = DIRECTION ( 'NONE',  ( -0.000000000000000000, 0.000000000000000000, 1.000000000000000000 ) ) ;
#1317 = VERTEX_POINT ( 'NONE', #369 ) ;
#1318 = CARTESIAN_POINT ( 'NONE',  ( -15.65707521604545249, 9.999999999999159783, 7.499999999999976907 ) ) ;
#1319 = CARTESIAN_POINT ( 'NONE',  ( 10.09999999999999964, 1.236893267138826614E-15, 2.500000000000000000 ) ) ;
#1320 = AXIS2_PLACEMENT_3D ( 'NONE', #513, #827, #1256 ) ;
#1321 = CARTESIAN_POINT ( 'NONE',  ( 0.000000000000000000, 0.000000000000000000, 2.500000000000000000 ) ) ;
#1322 = VECTOR ( 'NONE', #769, 1000.000000000000000 ) ;
#1323 = DIRECTION ( 'NONE',  ( -0.000000000000000000, 0.000000000000000000, -1.000000000000000000 ) ) ;
#1324 = DIRECTION ( 'NONE',  ( 1.000000000000000000, 0.000000000000000000, 0.000000000000000000 ) ) ;
#1325 = CARTESIAN_POINT ( 'NONE',  ( -23.00000000000001066, 1.999999999999997780, 7.500000000000000888 ) ) ;
#1326 = ORIENTED_EDGE ( 'NONE', *, *, #67, .T. ) ;
#1327 = PLANE ( 'NONE',  #565 ) ;
#1328 = EDGE_CURVE ( 'NONE', #1164, #790, #146, .T. ) ;
#1329 = AXIS2_PLACEMENT_3D ( 'NONE', #1301, #571, #331 ) ;
#1330 = DIRECTION ( 'NONE',  ( -0.000000000000000000, 0.000000000000000000, 1.000000000000000000 ) ) ;
#1331 = CARTESIAN_POINT ( 'NONE',  ( 0.000000000000000000, 0.000000000000000000, 0.000000000000000000 ) ) ;
#1332 = LINE ( 'NONE', #14, #1368 ) ;
#1333 = ORIENTED_EDGE ( 'NONE', *, *, #1125, .F. ) ;
#1334 = DIRECTION ( 'NONE',  ( 1.000000000000000000, -1.443289932012703503E-15, -1.339817193382324612E-15 ) ) ;
#1335 = DIRECTION ( 'NONE',  ( -1.000000000000000000, 0.000000000000000000, 0.000000000000000000 ) ) ;
#1336 = CARTESIAN_POINT ( 'NONE',  ( -16.65707521604553421, -7.000000000000009770, 7.500000000000023093 ) ) ;
#1337 = PLANE ( 'NONE',  #919 ) ;
#1338 = VERTEX_POINT ( 'NONE', #497 ) ;
#1339 = ORIENTED_EDGE ( 'NONE', *, *, #304, .F. ) ;
#1340 = AXIS2_PLACEMENT_3D ( 'NONE', #460, #1308, #170 ) ;
#1341 = LINE ( 'NONE', #1242, #239 ) ;
#1342 = CARTESIAN_POINT ( 'NONE',  ( -16.95000000000001705, -3.499999999999997780, 12.50000000000000000 ) ) ;
#1343 = ORIENTED_EDGE ( 'NONE', *, *, #614, .T. ) ;
#1344 = CARTESIAN_POINT ( 'NONE',  ( -14.43482522486866060, 0.000000000000000000, 12.50000000000000000 ) ) ;
#1345 = APPLICATION_CONTEXT ( 'automotive_design' ) ;
#1346 = AXIS2_PLACEMENT_3D ( 'NONE', #1070, #1372, #732 ) ;
#1347 = DIRECTION ( 'NONE',  ( -1.000000000000000000, 0.000000000000000000, 0.000000000000000000 ) ) ;
#1348 = ORIENTED_EDGE ( 'NONE', *, *, #1222, .T. ) ;
#1349 = PLANE ( 'NONE',  #290 ) ;
#1350 = FILL_AREA_STYLE_COLOUR ( '', #648 ) ;
#1351 = DIRECTION ( 'NONE',  ( 1.000000000000000000, 0.000000000000000000, 0.000000000000000000 ) ) ;
#1352 = DIRECTION ( 'NONE',  ( -1.000000000000000000, 0.000000000000000000, 0.000000000000000000 ) ) ;
#1353 = ADVANCED_FACE ( 'NONE', ( #1234 ), #796, .F. ) ;
#1354 = ORIENTED_EDGE ( 'NONE', *, *, #509, .T. ) ;
#1355 =( LENGTH_UNIT ( ) NAMED_UNIT ( * ) SI_UNIT ( .MILLI., .METRE. ) );
#1356 = DIRECTION ( 'NONE',  ( -1.000000000000000000, 0.000000000000000000, 0.000000000000000000 ) ) ;
#1357 = ORIENTED_EDGE ( 'NONE', *, *, #1222, .F. ) ;
#1358 = DIRECTION ( 'NONE',  ( 0.000000000000000000, 0.000000000000000000, 1.000000000000000000 ) ) ;
#1359 = VERTEX_POINT ( 'NONE', #700 ) ;
#1360 = ADVANCED_FACE ( 'NONE', ( #176 ), #694, .F. ) ;
#1361 = DIRECTION ( 'NONE',  ( 1.000000000000000000, 0.000000000000000000, 0.000000000000000000 ) ) ;
#1362 = CARTESIAN_POINT ( 'NONE',  ( 19.00000000000001066, 4.000000000000005329, 0.000000000000000000 ) ) ;
#1363 = LINE ( 'NONE', #427, #50 ) ;
#1364 = EDGE_CURVE ( 'NONE', #840, #465, #153, .T. ) ;
#1365 = VECTOR ( 'NONE', #85, 1000.000000000000000 ) ;
#1366 = VERTEX_POINT ( 'NONE', #611 ) ;
#1367 = CARTESIAN_POINT ( 'NONE',  ( -19.00000000000001776, 3.499999999999997780, 8.500000000000000000 ) ) ;
#1368 = VECTOR ( 'NONE', #450, 1000.000000000000000 ) ;
#1369 = VERTEX_POINT ( 'NONE', #597 ) ;
#1370 = VECTOR ( 'NONE', #125, 1000.000000000000000 ) ;
#1371 = AXIS2_PLACEMENT_3D ( 'NONE', #1321, #356, #52 ) ;
#1372 = DIRECTION ( 'NONE',  ( -0.000000000000000000, -0.000000000000000000, 1.000000000000000000 ) ) ;
#1373 = CARTESIAN_POINT ( 'NONE',  ( -19.00000000000001066, -4.000000000000010658, 12.50000000000000000 ) ) ;
#1374 = ADVANCED_FACE ( 'NONE', ( #1119 ), #1349, .F. ) ;
#1375 = VERTEX_POINT ( 'NONE', #386 ) ;
#1376 = CARTESIAN_POINT ( 'NONE',  ( -28.00000000000001066, 1.999999999999996225, 7.500000000000000888 ) ) ;
#1377 = CARTESIAN_POINT ( 'NONE',  ( -23.00000000000001066, -8.972915159005937396E-16, 7.500000000000000888 ) ) ;
#1378 = ORIENTED_EDGE ( 'NONE', *, *, #954, .F. ) ;
#1379 = VECTOR ( 'NONE', #982, 1000.000000000000000 ) ;
#1380 = ORIENTED_EDGE ( 'NONE', *, *, #26, .T. ) ;
#1381 = FACE_OUTER_BOUND ( 'NONE', #917, .T. ) ;
#1382 = DIRECTION ( 'NONE',  ( 0.000000000000000000, -1.224646799147353454E-16, 1.000000000000000000 ) ) ;
#1383 = ORIENTED_EDGE ( 'NONE', *, *, #161, .T. ) ;
#1384 = ORIENTED_EDGE ( 'NONE', *, *, #341, .T. ) ;
#1385 = DIRECTION ( 'NONE',  ( 1.000000000000000000, -1.498801083243960146E-15, -1.339817193382324612E-15 ) ) ;
#1386 = CARTESIAN_POINT ( 'NONE',  ( 19.00000000000001776, -3.499999999999997780, 6.500000000000000888 ) ) ;
#1387 = ORIENTED_EDGE ( 'NONE', *, *, #1364, .F. ) ;
#1388 = AXIS2_PLACEMENT_3D ( 'NONE', #1007, #332, #16 ) ;
#1389 = CIRCLE ( 'NONE', #774, 2.049999999999999822 ) ;
#1390 = EDGE_CURVE ( 'NONE', #607, #280, #1016, .T. ) ;
#1391 = VERTEX_POINT ( 'NONE', #713 ) ;
#1392 = CARTESIAN_POINT ( 'NONE',  ( -19.00000000000001776, 3.499999999999997780, 12.50000000000000000 ) ) ;
#1393 = CIRCLE ( 'NONE', #525, 1.000000000000000888 ) ;
#1394 = CIRCLE ( 'NONE', #355, 10.09999999999999964 ) ;
#1395 = EDGE_LOOP ( 'NONE', ( #1189, #13 ) ) ;
ENDSEC;
END-ISO-10303-21;
