ISO-10303-21;
HEADER;
FILE_DESCRIPTION (( 'STEP AP214' ),
    '1' );
FILE_NAME ('»·ÐÎÐý×ª.STEP',
    '2026-08-29T22:11:53',
    ( '' ),
    ( '' ),
    'SwSTEP 2.0',
    'SolidWorks 2023',
    '' );
FILE_SCHEMA (( 'AUTOMOTIVE_DESIGN' ));
ENDSEC;

DATA;
#1 = VERTEX_POINT ( 'NONE', #3821 ) ;
#2 = DIRECTION ( 'NONE',  ( 1.000000000000000000, -0.000000000000000000, -0.000000000000000000 ) ) ;
#3 = ORIENTED_EDGE ( 'NONE', *, *, #3804, .F. ) ;
#4 = AXIS2_PLACEMENT_3D ( 'NONE', #2395, #4110, #4135 ) ;
#5 = VECTOR ( 'NONE', #2347, 1000.000000000000000 ) ;
#6 = DIRECTION ( 'NONE',  ( 0.000000000000000000, 0.000000000000000000, -1.000000000000000000 ) ) ;
#7 = ORIENTED_EDGE ( 'NONE', *, *, #358, .F. ) ;
#8 = LINE ( 'NONE', #3834, #5403 ) ;
#9 = CARTESIAN_POINT ( 'NONE',  ( 31.58153269725703183, 9.442722495556909124, 11.49703610850628444 ) ) ;
#10 = AXIS2_PLACEMENT_3D ( 'NONE', #4486, #616, #1910 ) ;
#11 = CIRCLE ( 'NONE', #1356, 2.000000000000000888 ) ;
#12 = AXIS2_PLACEMENT_3D ( 'NONE', #5353, #4481, #2313 ) ;
#13 = ORIENTED_EDGE ( 'NONE', *, *, #908, .F. ) ;
#14 = CARTESIAN_POINT ( 'NONE',  ( -10.00000000000000000, 30.00000000000000000, 0.9999999999999991118 ) ) ;
#15 = CARTESIAN_POINT ( 'NONE',  ( 30.40761835490592802, -10.60017686928303071, -0.6606732896340669070 ) ) ;
#16 = CARTESIAN_POINT ( 'NONE',  ( 24.00000000000000000, 7.000000000000007994, 3.267949192431117922 ) ) ;
#17 = VECTOR ( 'NONE', #4999, 1000.000000000000000 ) ;
#18 = CARTESIAN_POINT ( 'NONE',  ( 22.00000000000000000, 7.320511353742844562, 5.800496832977882100 ) ) ;
#19 = ORIENTED_EDGE ( 'NONE', *, *, #1453, .F. ) ;
#20 = EDGE_LOOP ( 'NONE', ( #2604, #3353, #971, #5250 ) ) ;
#21 = VECTOR ( 'NONE', #3551, 1000.000000000000000 ) ;
#22 = CARTESIAN_POINT ( 'NONE',  ( 23.99160798210723655, -7.028708731544392130, 5.398864979438423362 ) ) ;
#23 = CARTESIAN_POINT ( 'NONE',  ( 28.96580939438009850, -11.78949611384818041, 9.952118084618147620 ) ) ;
#24 = EDGE_CURVE ( 'NONE', #4362, #1589, #2753, .T. ) ;
#25 = CARTESIAN_POINT ( 'NONE',  ( 30.33361331597340893, -10.66295882119756477, -0.6191486277874890254 ) ) ;
#26 = CARTESIAN_POINT ( 'NONE',  ( 32.00000000000007105, -11.08119519512938567, 6.961727203003894360 ) ) ;
#27 = EDGE_CURVE ( 'NONE', #2426, #1457, #4197, .T. ) ;
#28 = LINE ( 'NONE', #1247, #3357 ) ;
#29 = CARTESIAN_POINT ( 'NONE',  ( 22.00000000000000000, 7.320511353742844562, 4.199503167022117900 ) ) ;
#30 = EDGE_LOOP ( 'NONE', ( #1568, #1284, #4926, #1099 ) ) ;
#31 = ORIENTED_EDGE ( 'NONE', *, *, #5358, .T. ) ;
#32 = CARTESIAN_POINT ( 'NONE',  ( 23.99160798210721524, 7.028708731544464960, 5.398864979437949962 ) ) ;
#33 = ORIENTED_EDGE ( 'NONE', *, *, #2919, .T. ) ;
#34 = ADVANCED_FACE ( 'NONE', ( #2904 ), #1194, .F. ) ;
#35 = EDGE_CURVE ( 'NONE', #1457, #1965, #364, .T. ) ;
#36 = CARTESIAN_POINT ( 'NONE',  ( 26.14999999999999858, 8.000000000000000000, 5.000000000000000000 ) ) ;
#37 = DIRECTION ( 'NONE',  ( 1.000000000000000000, 0.000000000000000000, 0.000000000000000000 ) ) ;
#38 = AXIS2_PLACEMENT_3D ( 'NONE', #232, #567, #178 ) ;
#39 = VERTEX_POINT ( 'NONE', #4274 ) ;
#40 = CARTESIAN_POINT ( 'NONE',  ( 0.000000000000000000, -28.99999999999999645, 9.000000000000001776 ) ) ;
#41 = PLANE ( 'NONE',  #2065 ) ;
#42 = CARTESIAN_POINT ( 'NONE',  ( -10.00000000000000000, -25.00000000000000000, 9.000000000000001776 ) ) ;
#43 = ORIENTED_EDGE ( 'NONE', *, *, #4807, .T. ) ;
#44 = DIRECTION ( 'NONE',  ( 1.000000000000000000, -0.000000000000000000, -0.000000000000000000 ) ) ;
#45 = CARTESIAN_POINT ( 'NONE',  ( 22.00000000000000000, 8.000000000000000000, 3.950000000000000178 ) ) ;
#46 = CARTESIAN_POINT ( 'NONE',  ( 23.65854107221095148, -8.079197629375560297, 6.047008947193036832 ) ) ;
#47 = ORIENTED_EDGE ( 'NONE', *, *, #5128, .F. ) ;
#48 = EDGE_CURVE ( 'NONE', #5123, #4254, #5214, .T. ) ;
#49 = CARTESIAN_POINT ( 'NONE',  ( 31.58153269725703893, -9.442722495556900242, 11.49703610850629154 ) ) ;
#50 = CARTESIAN_POINT ( 'NONE',  ( 27.85837858367883868, 11.87943169414510258, 8.058356148116398998 ) ) ;
#51 = CARTESIAN_POINT ( 'NONE',  ( 22.00000000000000000, -7.999999999999928946, 5.000000000000472511 ) ) ;
#52 = CARTESIAN_POINT ( 'NONE',  ( 32.00000000001585931, -9.891138359683267822, 10.36698675192121044 ) ) ;
#53 = DIRECTION ( 'NONE',  ( 0.000000000000000000, 0.000000000000000000, -1.000000000000000000 ) ) ;
#54 = LINE ( 'NONE', #3881, #3978 ) ;
#55 = ORIENTED_EDGE ( 'NONE', *, *, #2857, .T. ) ;
#56 = EDGE_CURVE ( 'NONE', #1818, #2357, #2102, .T. ) ;
#57 = ORIENTED_EDGE ( 'NONE', *, *, #655, .T. ) ;
#58 = CARTESIAN_POINT ( 'NONE',  ( 23.99160798210723655, -7.028708731544392130, 4.601135020562523437 ) ) ;
#59 = ORIENTED_EDGE ( 'NONE', *, *, #3935, .T. ) ;
#60 = CIRCLE ( 'NONE', #1490, 11.00000000000000000 ) ;
#61 = EDGE_CURVE ( 'NONE', #2700, #5029, #1121, .T. ) ;
#62 = DIRECTION ( 'NONE',  ( -1.000000000000000000, -0.000000000000000000, -0.000000000000000000 ) ) ;
#63 = CARTESIAN_POINT ( 'NONE',  ( 31.15543378252533202, 9.922397796697786987, 11.13382274797418248 ) ) ;
#64 = ADVANCED_FACE ( 'NONE', ( #776 ), #949, .T. ) ;
#65 = EDGE_CURVE ( 'NONE', #2013, #830, #2479, .T. ) ;
#66 = ORIENTED_EDGE ( 'NONE', *, *, #190, .T. ) ;
#67 = FACE_OUTER_BOUND ( 'NONE', #894, .T. ) ;
#68 = DIRECTION ( 'NONE',  ( 0.000000000000000000, 0.000000000000000000, -1.000000000000000000 ) ) ;
#69 = CYLINDRICAL_SURFACE ( 'NONE', #3863, 1.050000000000000488 ) ;
#70 = VECTOR ( 'NONE', #4792, 1000.000000000000000 ) ;
#71 = AXIS2_PLACEMENT_3D ( 'NONE', #5134, #1656, #5546 ) ;
#72 = ORIENTED_EDGE ( 'NONE', *, *, #1975, .F. ) ;
#73 = CARTESIAN_POINT ( 'NONE',  ( 26.70772146342007147, 12.75072507097418395, 10.25422661410820524 ) ) ;
#74 = CARTESIAN_POINT ( 'NONE',  ( 31.00000000000000355, -9.390462030729405996, 11.75699905656959210 ) ) ;
#75 = AXIS2_PLACEMENT_3D ( 'NONE', #2921, #4604, #3839 ) ;
#76 = DIRECTION ( 'NONE',  ( 0.000000000000000000, 0.000000000000000000, 1.000000000000000000 ) ) ;
#77 = AXIS2_PLACEMENT_3D ( 'NONE', #543, #157, #3591 ) ;
#78 = CIRCLE ( 'NONE', #3232, 1.049999999999998934 ) ;
#79 = CARTESIAN_POINT ( 'NONE',  ( 23.63641200427612432, 8.143781983978614747, 4.184743605615326878 ) ) ;
#80 = ORIENTED_EDGE ( 'NONE', *, *, #4152, .F. ) ;
#81 = ORIENTED_EDGE ( 'NONE', *, *, #2423, .T. ) ;
#82 = CARTESIAN_POINT ( 'NONE',  ( 26.40206444282964782, -14.34797010010401408, 9.994591868940686297 ) ) ;
#83 = LINE ( 'NONE', #467, #2729 ) ;
#84 = FACE_OUTER_BOUND ( 'NONE', #5081, .T. ) ;
#85 = ADVANCED_FACE ( 'NONE', ( #1335 ), #4591, .F. ) ;
#86 = DIRECTION ( 'NONE',  ( 1.000000000000000000, 0.000000000000000000, 0.000000000000000000 ) ) ;
#87 = CARTESIAN_POINT ( 'NONE',  ( 26.14999999999999858, -7.320511353742771732, 5.800496832978356387 ) ) ;
#88 = ORIENTED_EDGE ( 'NONE', *, *, #4942, .T. ) ;
#89 = CYLINDRICAL_SURFACE ( 'NONE', #4032, 1.049999999999998934 ) ;
#90 = VERTEX_POINT ( 'NONE', #1564 ) ;
#91 = AXIS2_PLACEMENT_3D ( 'NONE', #1392, #1371, #1752 ) ;
#92 = DIRECTION ( 'NONE',  ( 1.000000000000000000, 0.000000000000000000, 0.000000000000000000 ) ) ;
#93 = EDGE_LOOP ( 'NONE', ( #5563, #5501, #3658, #1525, #1615 ) ) ;
#94 = CARTESIAN_POINT ( 'NONE',  ( 23.31598817775510213, 9.020238095238095610, 4.751777863547702374 ) ) ;
#95 = CARTESIAN_POINT ( 'NONE',  ( 23.00000000000000000, 0.000000000000000000, 5.000000000000000000 ) ) ;
#96 = ADVANCED_FACE ( 'NONE', ( #2386 ), #4996, .T. ) ;
#97 = EDGE_CURVE ( 'NONE', #5038, #1679, #4459, .T. ) ;
#98 = AXIS2_PLACEMENT_3D ( 'NONE', #2758, #3721, #3745 ) ;
#99 = EDGE_LOOP ( 'NONE', ( #2444, #2208, #2577, #3928 ) ) ;
#100 = AXIS2_PLACEMENT_3D ( 'NONE', #5333, #4059, #4428 ) ;
#101 = CARTESIAN_POINT ( 'NONE',  ( 29.83099510884874306, 10.33116619804092551, 11.18141825889338214 ) ) ;
#102 = LINE ( 'NONE', #1746, #2663 ) ;
#103 = CYLINDRICAL_SURFACE ( 'NONE', #5245, 0.2500000000000002220 ) ;
#104 = EDGE_CURVE ( 'NONE', #4195, #855, #5186, .T. ) ;
#105 = EDGE_CURVE ( 'NONE', #553, #1993, #234, .T. ) ;
#106 = AXIS2_PLACEMENT_3D ( 'NONE', #4998, #4103, #2781 ) ;
#107 = AXIS2_PLACEMENT_3D ( 'NONE', #5480, #291, #5454 ) ;
#108 = DIRECTION ( 'NONE',  ( 1.000000000000000000, -0.000000000000000000, -0.000000000000000000 ) ) ;
#109 = VERTEX_POINT ( 'NONE', #3813 ) ;
#110 = CARTESIAN_POINT ( 'NONE',  ( 22.00000000000000000, 7.150532155906305753, 5.617174514907096849 ) ) ;
#111 = CARTESIAN_POINT ( 'NONE',  ( 26.45309665359375728, 14.15218342580434019, 13.52835215766356747 ) ) ;
#112 = VECTOR ( 'NONE', #5447, 1000.000000000000000 ) ;
#113 = CARTESIAN_POINT ( 'NONE',  ( 26.14999999999999858, 7.320511353742844562, 4.199503167022117900 ) ) ;
#114 = CARTESIAN_POINT ( 'NONE',  ( 26.14999999999999858, -9.049999999999929656, 5.000000000000472511 ) ) ;
#115 = CIRCLE ( 'NONE', #3261, 1.050000000000001377 ) ;
#116 = AXIS2_PLACEMENT_3D ( 'NONE', #5569, #1701, #2990 ) ;
#117 = CARTESIAN_POINT ( 'NONE',  ( 24.00000000000000000, 8.324467844093694779, 5.998609342109912035 ) ) ;
#118 = ORIENTED_EDGE ( 'NONE', *, *, #5359, .F. ) ;
#119 = ORIENTED_EDGE ( 'NONE', *, *, #908, .T. ) ;
#120 = CYLINDRICAL_SURFACE ( 'NONE', #1510, 1.049999999999999822 ) ;
#121 = ORIENTED_EDGE ( 'NONE', *, *, #3165, .T. ) ;
#122 = EDGE_CURVE ( 'NONE', #4774, #3500, #2847, .T. ) ;
#123 = CIRCLE ( 'NONE', #5506, 1.049999999999999822 ) ;
#124 = CIRCLE ( 'NONE', #4702, 9.999999999999998224 ) ;
#125 = DIRECTION ( 'NONE',  ( 1.000000000000000000, 0.000000000000000000, 0.000000000000000000 ) ) ;
#126 = DIRECTION ( 'NONE',  ( 1.000000000000000000, -0.000000000000000000, -0.000000000000000000 ) ) ;
#127 = DIRECTION ( 'NONE',  ( 0.000000000000000000, 0.000000000000000000, 1.000000000000000000 ) ) ;
#128 = DIRECTION ( 'NONE',  ( 1.000000000000000000, -0.000000000000000000, -0.000000000000000000 ) ) ;
#129 = VECTOR ( 'NONE', #4008, 1000.000000000000000 ) ;
#130 = EDGE_CURVE ( 'NONE', #3482, #3540, #1837, .T. ) ;
#131 = CARTESIAN_POINT ( 'NONE',  ( 6.123233995736756422E-16, 28.99999999999999645, 0.000000000000000000 ) ) ;
#132 = CARTESIAN_POINT ( 'NONE',  ( 30.50454979865428129, 9.827105656559716351, 11.47028922432021680 ) ) ;
#133 = CARTESIAN_POINT ( 'NONE',  ( 23.49200954670464370, -8.551344190098891573, 4.106400769895547143 ) ) ;
#134 = ADVANCED_FACE ( 'NONE', ( #4718 ), #3348, .F. ) ;
#135 = DIRECTION ( 'NONE',  ( 0.000000000000000000, -1.000000000000000000, 0.000000000000000000 ) ) ;
#136 = ORIENTED_EDGE ( 'NONE', *, *, #592, .F. ) ;
#137 = EDGE_CURVE ( 'NONE', #3990, #3366, #3787, .T. ) ;
#138 = VERTEX_POINT ( 'NONE', #795 ) ;
#139 = EDGE_CURVE ( 'NONE', #3272, #1974, #5503, .T. ) ;
#140 = CARTESIAN_POINT ( 'NONE',  ( 28.96873937260338749, -10.94911282346938108, 10.86860160798915231 ) ) ;
#141 = DIRECTION ( 'NONE',  ( 1.000000000000000000, -0.000000000000000000, -0.000000000000000000 ) ) ;
#142 = FACE_OUTER_BOUND ( 'NONE', #5397, .T. ) ;
#143 = DIRECTION ( 'NONE',  ( 0.000000000000000000, -1.000000000000000000, 0.000000000000000000 ) ) ;
#144 = ORIENTED_EDGE ( 'NONE', *, *, #2887, .T. ) ;
#145 = ORIENTED_EDGE ( 'NONE', *, *, #1635, .F. ) ;
#146 = CARTESIAN_POINT ( 'NONE',  ( 22.00000000000000000, 8.000000000000000000, 5.000000000000000000 ) ) ;
#147 = ORIENTED_EDGE ( 'NONE', *, *, #4044, .T. ) ;
#148 = DIRECTION ( 'NONE',  ( 0.000000000000000000, 0.000000000000000000, -1.000000000000000000 ) ) ;
#149 = CARTESIAN_POINT ( 'NONE',  ( 27.50179736773903372, 13.15382329386967974, 9.402449163202151183 ) ) ;
#150 = AXIS2_PLACEMENT_3D ( 'NONE', #2978, #3425, #5142 ) ;
#151 = VERTEX_POINT ( 'NONE', #3400 ) ;
#152 = LINE ( 'NONE', #4366, #4473 ) ;
#153 = CARTESIAN_POINT ( 'NONE',  ( 24.00000000000000000, 0.000000000000000000, 5.000000000000000000 ) ) ;
#154 = CARTESIAN_POINT ( 'NONE',  ( 31.61362864888314661, 9.402301859442301790, 11.52830527767602753 ) ) ;
#155 = DIRECTION ( 'NONE',  ( 0.000000000000000000, 0.000000000000000000, 1.000000000000000000 ) ) ;
#156 = DIRECTION ( 'NONE',  ( 0.5149771470258572847, 0.8571553879953713873, -0.009120245150923035268 ) ) ;
#157 = DIRECTION ( 'NONE',  ( 1.000000000000000000, -0.000000000000000000, -0.000000000000000000 ) ) ;
#158 = ORIENTED_EDGE ( 'NONE', *, *, #4080, .F. ) ;
#159 = EDGE_LOOP ( 'NONE', ( #47, #1463, #4271, #4176 ) ) ;
#160 = DIRECTION ( 'NONE',  ( -1.000000000000000000, -0.000000000000000000, -0.000000000000000000 ) ) ;
#161 = CARTESIAN_POINT ( 'NONE',  ( 25.92278239187479372, 15.10078510573217869, -0.6894108766439978053 ) ) ;
#162 = DIRECTION ( 'NONE',  ( 1.000000000000000000, -0.000000000000000000, -0.000000000000000000 ) ) ;
#163 = FACE_OUTER_BOUND ( 'NONE', #1505, .T. ) ;
#164 = VECTOR ( 'NONE', #4006, 1000.000000000000000 ) ;
#165 = AXIS2_PLACEMENT_3D ( 'NONE', #393, #365, #5190 ) ;
#166 = EDGE_CURVE ( 'NONE', #1482, #2155, #2062, .T. ) ;
#167 = DIRECTION ( 'NONE',  ( 1.000000000000000000, 0.000000000000000000, 0.000000000000000000 ) ) ;
#168 = FACE_BOUND ( 'NONE', #4818, .T. ) ;
#169 = VERTEX_POINT ( 'NONE', #1266 ) ;
#170 = ORIENTED_EDGE ( 'NONE', *, *, #3405, .F. ) ;
#171 = DIRECTION ( 'NONE',  ( 0.000000000000000000, 0.000000000000000000, 1.000000000000000000 ) ) ;
#172 = VERTEX_POINT ( 'NONE', #3323 ) ;
#173 = CARTESIAN_POINT ( 'NONE',  ( -5.510910596163088767E-15, -30.00000000000000000, 9.000000000000001776 ) ) ;
#174 = DIRECTION ( 'NONE',  ( 1.000000000000000000, 0.000000000000000000, 0.000000000000000000 ) ) ;
#175 = ORIENTED_EDGE ( 'NONE', *, *, #2181, .T. ) ;
#176 = CARTESIAN_POINT ( 'NONE',  ( -10.00000000000000000, -28.99999999999999645, 1.000000000000000000 ) ) ;
#177 = CARTESIAN_POINT ( 'NONE',  ( -4.999999999999999112, -30.00100000000000122, 4.999999999999999112 ) ) ;
#178 = DIRECTION ( 'NONE',  ( 0.000000000000000000, 0.000000000000000000, -1.000000000000000000 ) ) ;
#179 = DIRECTION ( 'NONE',  ( 0.000000000000000000, 0.000000000000000000, -1.000000000000000000 ) ) ;
#180 = CARTESIAN_POINT ( 'NONE',  ( 32.00000000000000000, -0.2482221364524973550, -4.020238095237822051 ) ) ;
#181 = AXIS2_PLACEMENT_3D ( 'NONE', #3535, #4343, #1743 ) ;
#182 = CYLINDRICAL_SURFACE ( 'NONE', #1682, 25.00000000000000000 ) ;
#183 = ORIENTED_EDGE ( 'NONE', *, *, #2524, .F. ) ;
#184 = AXIS2_PLACEMENT_3D ( 'NONE', #5326, #1461, #1712 ) ;
#185 = DIRECTION ( 'NONE',  ( 1.000000000000000000, 0.000000000000000000, 0.000000000000000000 ) ) ;
#186 = CARTESIAN_POINT ( 'NONE',  ( 32.00000000000905231, 10.90287209533159185, 2.212637525023238183 ) ) ;
#187 = EDGE_CURVE ( 'NONE', #4501, #4344, #405, .T. ) ;
#188 = CARTESIAN_POINT ( 'NONE',  ( 23.99471234278998821, -7.018112389117884931, 4.626938576670494463 ) ) ;
#189 = LINE ( 'NONE', #3242, #4594 ) ;
#190 = EDGE_CURVE ( 'NONE', #553, #4107, #2026, .T. ) ;
#191 = CARTESIAN_POINT ( 'NONE',  ( 24.00000000000000000, -7.999999999999928946, 5.000000000000472511 ) ) ;
#192 = ORIENTED_EDGE ( 'NONE', *, *, #1702, .T. ) ;
#193 = ORIENTED_EDGE ( 'NONE', *, *, #4981, .F. ) ;
#194 = VECTOR ( 'NONE', #1057, 1000.000000000000000 ) ;
#195 = FACE_OUTER_BOUND ( 'NONE', #4748, .T. ) ;
#196 = ORIENTED_EDGE ( 'NONE', *, *, #4877, .T. ) ;
#197 = EDGE_CURVE ( 'NONE', #302, #1390, #344, .T. ) ;
#198 = CARTESIAN_POINT ( 'NONE',  ( 24.00000000000000000, 1.986258379993444123E-13, 15.00000000000022915 ) ) ;
#199 = DIRECTION ( 'NONE',  ( 1.000000000000000000, 0.000000000000000000, 0.000000000000000000 ) ) ;
#200 = ORIENTED_EDGE ( 'NONE', *, *, #713, .F. ) ;
#201 = CARTESIAN_POINT ( 'NONE',  ( 24.00000000000000000, -7.999999999999928946, 5.000000000000472511 ) ) ;
#202 = VERTEX_POINT ( 'NONE', #315 ) ;
#203 = EDGE_CURVE ( 'NONE', #3640, #1089, #1270, .T. ) ;
#204 = DIRECTION ( 'NONE',  ( 1.000000000000000000, -0.000000000000000000, -0.000000000000000000 ) ) ;
#205 = CIRCLE ( 'NONE', #3089, 2.000000000000001776 ) ;
#206 = CARTESIAN_POINT ( 'NONE',  ( 26.14999999999999858, -0.8004968329776129821, 12.32051135374304707 ) ) ;
#207 = CARTESIAN_POINT ( 'NONE',  ( 23.54064006953349875, 8.417120657442110243, 5.748609342108695230 ) ) ;
#208 = DIRECTION ( 'NONE',  ( 1.000000000000000000, 0.000000000000000000, 0.000000000000000000 ) ) ;
#209 = DIRECTION ( 'NONE',  ( -1.000000000000000000, -0.000000000000000000, -0.000000000000000000 ) ) ;
#210 = ORIENTED_EDGE ( 'NONE', *, *, #1287, .F. ) ;
#211 = CIRCLE ( 'NONE', #3374, 0.2500000000000011102 ) ;
#212 = DIRECTION ( 'NONE',  ( 0.000000000000000000, 0.000000000000000000, -1.000000000000000000 ) ) ;
#213 = CARTESIAN_POINT ( 'NONE',  ( 26.76823736668834286, 13.54721519906028959, -4.802825115810971823 ) ) ;
#214 = CARTESIAN_POINT ( 'NONE',  ( 26.14999999999999858, 7.150532155906305753, 5.617174514907096849 ) ) ;
#215 = DIRECTION ( 'NONE',  ( -0.8547534429739734874, 0.5190342490858751434, 0.000000000000000000 ) ) ;
#216 = DIRECTION ( 'NONE',  ( 0.000000000000000000, 0.000000000000000000, -1.000000000000000000 ) ) ;
#217 = ORIENTED_EDGE ( 'NONE', *, *, #2953, .F. ) ;
#218 = MANIFOLD_SOLID_BREP ( 'Ô²½Ç2', #4994 ) ;
#219 = ORIENTED_EDGE ( 'NONE', *, *, #1179, .T. ) ;
#220 = CARTESIAN_POINT ( 'NONE',  ( 31.00000000000000000, 7.968702294789020257, -2.941176470588235947 ) ) ;
#221 = ORIENTED_EDGE ( 'NONE', *, *, #2668, .F. ) ;
#222 = DIRECTION ( 'NONE',  ( 1.000000000000000000, -0.000000000000000000, -0.000000000000000000 ) ) ;
#223 = EDGE_CURVE ( 'NONE', #1818, #3524, #4732, .T. ) ;
#224 = CARTESIAN_POINT ( 'NONE',  ( 24.00000000000000000, 15.05199322349037239, 10.00000000000000000 ) ) ;
#225 = VERTEX_POINT ( 'NONE', #1327 ) ;
#226 = CARTESIAN_POINT ( 'NONE',  ( 23.90418610870747074, -7.320511353742771732, 5.800496832978356387 ) ) ;
#227 = ORIENTED_EDGE ( 'NONE', *, *, #556, .T. ) ;
#228 = CYLINDRICAL_SURFACE ( 'NONE', #10, 0.2500000000000002220 ) ;
#229 = ADVANCED_FACE ( 'NONE', ( #1775 ), #874, .T. ) ;
#230 = DIRECTION ( 'NONE',  ( 1.000000000000000000, -0.000000000000000000, -0.000000000000000000 ) ) ;
#231 = ORIENTED_EDGE ( 'NONE', *, *, #4993, .F. ) ;
#232 = CARTESIAN_POINT ( 'NONE',  ( 22.00000000000000000, 2.697013575311803147E-13, 14.05000000000020144 ) ) ;
#233 = CARTESIAN_POINT ( 'NONE',  ( 23.99471234278997400, 7.018112389117928451, 4.626938576670089454 ) ) ;
#234 = CIRCLE ( 'NONE', #5451, 10.25000000000000178 ) ;
#235 = B_SPLINE_CURVE_WITH_KNOTS ( 'NONE', 3,
 ( #4155, #2489, #3735, #797 ),
 .UNSPECIFIED., .F., .F.,
 ( 4, 4 ),
 ( 1.734723475976807094E-18, 0.0001414430564826934622 ),
 .UNSPECIFIED. ) ;
#236 = CARTESIAN_POINT ( 'NONE',  ( 24.00000000000000000, -1.405126015541213746E-13, -2.999999999999773515 ) ) ;
#237 = DIRECTION ( 'NONE',  ( 0.000000000000000000, 0.000000000000000000, -1.000000000000000000 ) ) ;
#238 = CARTESIAN_POINT ( 'NONE',  ( 32.00000000000000000, 2.714842239903703103E-13, 13.00000000000019895 ) ) ;
#239 = CARTESIAN_POINT ( 'NONE',  ( 22.00000000000000000, -0.8935992301051296494, -3.551344190098685960 ) ) ;
#240 = CARTESIAN_POINT ( 'NONE',  ( 22.00000000000000000, 2.697013575311803147E-13, 13.80000000000020144 ) ) ;
#241 = ORIENTED_EDGE ( 'NONE', *, *, #3897, .T. ) ;
#242 = CIRCLE ( 'NONE', #3933, 0.2500000000000002220 ) ;
#243 = EDGE_LOOP ( 'NONE', ( #2786, #4977, #5542, #1418, #5387, #1547 ) ) ;
#244 = DIRECTION ( 'NONE',  ( 1.000000000000000000, 0.000000000000000000, 0.000000000000000000 ) ) ;
#245 = ORIENTED_EDGE ( 'NONE', *, *, #56, .F. ) ;
#246 = CARTESIAN_POINT ( 'NONE',  ( 23.99160798210723655, -7.028708731544392130, 5.398864979438423362 ) ) ;
#247 = VECTOR ( 'NONE', #4867, 1000.000000000000000 ) ;
#248 = AXIS2_PLACEMENT_3D ( 'NONE', #5460, #3014, #1193 ) ;
#249 = LINE ( 'NONE', #2424, #4599 ) ;
#250 = ORIENTED_EDGE ( 'NONE', *, *, #105, .T. ) ;
#251 = CARTESIAN_POINT ( 'NONE',  ( 31.00000000000000355, -9.390462030729405996, 11.75699905656959210 ) ) ;
#252 = ORIENTED_EDGE ( 'NONE', *, *, #2243, .F. ) ;
#253 = CARTESIAN_POINT ( 'NONE',  ( 31.99999999996230216, -9.895446284329018738, -0.3802917724886621942 ) ) ;
#254 = DIRECTION ( 'NONE',  ( -1.000000000000000000, -0.000000000000000000, -0.000000000000000000 ) ) ;
#255 = ORIENTED_EDGE ( 'NONE', *, *, #2231, .F. ) ;
#256 = EDGE_CURVE ( 'NONE', #4272, #4590, #3457, .T. ) ;
#257 = CARTESIAN_POINT ( 'NONE',  ( 32.00000000000000000, -7.150532155906233811, 4.382825485093376550 ) ) ;
#258 = CARTESIAN_POINT ( 'NONE',  ( 23.90418610870744942, 7.320511353742844562, 4.199503167022117900 ) ) ;
#259 = ORIENTED_EDGE ( 'NONE', *, *, #5328, .T. ) ;
#260 = CARTESIAN_POINT ( 'NONE',  ( 30.61210644814147130, 10.42728535748312879, -0.7765256869152488139 ) ) ;
#261 = CARTESIAN_POINT ( 'NONE',  ( 32.00000000001536904, 11.25012648553505734, 4.431844953103915685 ) ) ;
#262 = EDGE_CURVE ( 'NONE', #3661, #2901, #102, .T. ) ;
#263 = DIRECTION ( 'NONE',  ( 0.000000000000000000, 1.734723475976808672E-15, 1.000000000000000000 ) ) ;
#264 = DIRECTION ( 'NONE',  ( 0.000000000000000000, 0.000000000000000000, 1.000000000000000000 ) ) ;
#265 = ADVANCED_FACE ( 'NONE', ( #3563 ), #851, .T. ) ;
#266 = CIRCLE ( 'NONE', #1250, 11.25000000000000178 ) ;
#267 = VECTOR ( 'NONE', #4714, 1000.000000000000000 ) ;
#268 = CARTESIAN_POINT ( 'NONE',  ( -10.00000000000000000, -30.00000000000000000, 0.000000000000000000 ) ) ;
#269 = EDGE_LOOP ( 'NONE', ( #2173, #841, #2272, #5169 ) ) ;
#270 = ORIENTED_EDGE ( 'NONE', *, *, #585, .F. ) ;
#271 = DIRECTION ( 'NONE',  ( 0.000000000000000000, 0.000000000000000000, 1.000000000000000000 ) ) ;
#272 = ORIENTED_EDGE ( 'NONE', *, *, #3436, .T. ) ;
#273 = CARTESIAN_POINT ( 'NONE',  ( 27.24709013984224626, -12.27214081004741431, -0.3822939266445853912 ) ) ;
#274 = CARTESIAN_POINT ( 'NONE',  ( 23.99999999999999645, -8.093898931858744206, 9.747437309745649259 ) ) ;
#275 = CARTESIAN_POINT ( 'NONE',  ( 32.00000000000000000, 0.000000000000000000, 5.000000000000000000 ) ) ;
#276 = EDGE_LOOP ( 'NONE', ( #921, #4005, #4116, #3283 ) ) ;
#277 = DIRECTION ( 'NONE',  ( 0.000000000000000000, 0.000000000000000000, -1.000000000000000000 ) ) ;
#278 = ORIENTED_EDGE ( 'NONE', *, *, #5462, .F. ) ;
#279 = CARTESIAN_POINT ( 'NONE',  ( 25.56611042798300559, -15.69635822053742480, 2.872944890725846356 ) ) ;
#280 = CIRCLE ( 'NONE', #3977, 1.049999999999997602 ) ;
#281 = CIRCLE ( 'NONE', #2445, 0.2500000000000002220 ) ;
#282 = CARTESIAN_POINT ( 'NONE',  ( 22.00000000000000000, 9.020238095238095610, 4.751777863547702374 ) ) ;
#283 = EDGE_CURVE ( 'NONE', #1696, #1429, #60, .T. ) ;
#284 = AXIS2_PLACEMENT_3D ( 'NONE', #3156, #3598, #5317 ) ;
#285 = DIRECTION ( 'NONE',  ( 1.000000000000000000, -0.000000000000000000, -0.000000000000000000 ) ) ;
#286 = DIRECTION ( 'NONE',  ( 1.000000000000000000, -0.000000000000000000, -0.000000000000000000 ) ) ;
#287 = EDGE_CURVE ( 'NONE', #4873, #4001, #3335, .T. ) ;
#288 = ORIENTED_EDGE ( 'NONE', *, *, #65, .T. ) ;
#289 = CARTESIAN_POINT ( 'NONE',  ( 26.14999999999999858, 8.551344190098962628, 5.893599230104925368 ) ) ;
#290 = SURFACE_STYLE_USAGE ( .BOTH. , #1156 ) ;
#291 = DIRECTION ( 'NONE',  ( 1.000000000000000000, 0.000000000000000000, 0.000000000000000000 ) ) ;
#292 = CYLINDRICAL_SURFACE ( 'NONE', #3525, 1.050000000000000488 ) ;
#293 = EDGE_CURVE ( 'NONE', #2426, #4404, #5171, .T. ) ;
#294 = EDGE_CURVE ( 'NONE', #2326, #665, #4062, .T. ) ;
#295 = AXIS2_PLACEMENT_3D ( 'NONE', #3733, #5452, #5083 ) ;
#296 = ADVANCED_FACE ( 'NONE', ( #4741 ), #1718, .F. ) ;
#297 = EDGE_LOOP ( 'NONE', ( #4081, #3015, #2666, #4023, #1786, #5021 ) ) ;
#298 = DIRECTION ( 'NONE',  ( 1.000000000000000000, -0.000000000000000000, -0.000000000000000000 ) ) ;
#299 = ORIENTED_EDGE ( 'NONE', *, *, #4051, .F. ) ;
#300 = ORIENTED_EDGE ( 'NONE', *, *, #3368, .T. ) ;
#301 = CARTESIAN_POINT ( 'NONE',  ( 25.51271008735639612, 15.78295359878664073, 3.644831174747988900 ) ) ;
#302 = VERTEX_POINT ( 'NONE', #3543 ) ;
#303 = DIRECTION ( 'NONE',  ( 0.000000000000000000, 0.000000000000000000, 1.000000000000000000 ) ) ;
#304 = EDGE_CURVE ( 'NONE', #1974, #1025, #4640, .T. ) ;
#305 = CARTESIAN_POINT ( 'NONE',  ( 24.00000000000000000, 7.320511353742844562, 5.800496832977882100 ) ) ;
#306 = VERTEX_POINT ( 'NONE', #958 ) ;
#307 = CYLINDRICAL_SURFACE ( 'NONE', #1945, 1.050000000000000488 ) ;
#308 = ORIENTED_EDGE ( 'NONE', *, *, #1422, .F. ) ;
#309 = CARTESIAN_POINT ( 'NONE',  ( 27.85837858368805442, -11.87943169414606004, 1.941643851882506322 ) ) ;
#310 = CYLINDRICAL_SURFACE ( 'NONE', #4325, 1.000000000000000888 ) ;
#311 = DIRECTION ( 'NONE',  ( 1.000000000000000000, 0.000000000000000000, 0.000000000000000000 ) ) ;
#312 = DIRECTION ( 'NONE',  ( 0.000000000000000000, 6.938893903907222067E-15, 1.000000000000000000 ) ) ;
#313 = EDGE_LOOP ( 'NONE', ( #299, #5244, #2334, #5113 ) ) ;
#314 = CARTESIAN_POINT ( 'NONE',  ( 25.71573116485256705, 15.44995697913202726, 9.000622615203571542 ) ) ;
#315 = CARTESIAN_POINT ( 'NONE',  ( 26.14999999999999858, 8.000000000000000000, 3.950000000000000178 ) ) ;
#316 = DIRECTION ( 'NONE',  ( -1.000000000000000000, 0.000000000000000000, 0.000000000000000000 ) ) ;
#317 = DIRECTION ( 'NONE',  ( 0.000000000000000000, 0.000000000000000000, -1.000000000000000000 ) ) ;
#318 = FACE_OUTER_BOUND ( 'NONE', #3382, .T. ) ;
#319 = ORIENTED_EDGE ( 'NONE', *, *, #3238, .F. ) ;
#320 = ORIENTED_EDGE ( 'NONE', *, *, #293, .T. ) ;
#321 = DIRECTION ( 'NONE',  ( 1.000000000000000000, -0.000000000000000000, -0.000000000000000000 ) ) ;
#322 = VERTEX_POINT ( 'NONE', #3118 ) ;
#323 = EDGE_CURVE ( 'NONE', #109, #4722, #3195, .T. ) ;
#324 = CARTESIAN_POINT ( 'NONE',  ( 31.40232453845028004, -9.386790142486526989, -1.757614084996978576 ) ) ;
#325 = EDGE_CURVE ( 'NONE', #417, #5348, #2717, .T. ) ;
#326 = B_SPLINE_CURVE_WITH_KNOTS ( 'NONE', 3,
 ( #2759, #4450, #1904, #2398, #1521, #3250, #4954, #1488, #274, #5413, #3281, #4983, #1991, #5441 ),
 .UNSPECIFIED., .F., .F.,
 ( 4, 2, 2, 2, 2, 2, 4 ),
 ( 0.000000000000000000, 0.0002091088341839257971, 0.0004182176683678515941, 0.0008364353367357065493, 0.001672870673471413749, 0.002509306010207120949, 0.003345741346942828365 ),
 .UNSPECIFIED. ) ;
#327 = AXIS2_PLACEMENT_3D ( 'NONE', #1576, #1964, #3693 ) ;
#328 = AXIS2_PLACEMENT_3D ( 'NONE', #4171, #2027, #3753 ) ;
#329 = CARTESIAN_POINT ( 'NONE',  ( 29.08351821904668100, -11.69081086603698161, 10.00293114049536136 ) ) ;
#330 = EDGE_LOOP ( 'NONE', ( #1274, #3569, #443, #4980 ) ) ;
#331 = ORIENTED_EDGE ( 'NONE', *, *, #3024, .T. ) ;
#332 = DIRECTION ( 'NONE',  ( 1.000000000000000000, -0.000000000000000000, -0.000000000000000000 ) ) ;
#333 = ORIENTED_EDGE ( 'NONE', *, *, #3513, .F. ) ;
#334 = CARTESIAN_POINT ( 'NONE',  ( 25.84735620030492242, -15.23191083009873736, -0.2210024043080036082 ) ) ;
#335 = CIRCLE ( 'NONE', #77, 1.049999999999999822 ) ;
#336 = ADVANCED_FACE ( 'NONE', ( #4457 ), #4097, .T. ) ;
#337 = AXIS2_PLACEMENT_3D ( 'NONE', #1478, #2810, #4042 ) ;
#338 = CARTESIAN_POINT ( 'NONE',  ( 31.00000000000000000, 15.05199322349037239, 20.00000000000000000 ) ) ;
#339 = CARTESIAN_POINT ( 'NONE',  ( 24.00000000000000000, -9.020238095238022780, 4.751777863548173997 ) ) ;
#340 = CARTESIAN_POINT ( 'NONE',  ( -10.00000000000000000, 30.00000000000000000, 9.585786437626905965 ) ) ;
#341 = CARTESIAN_POINT ( 'NONE',  ( 24.00000000000000000, 0.000000000000000000, -6.250000000000000888 ) ) ;
#342 =( BOUNDED_CURVE ( )  B_SPLINE_CURVE ( 3, ( #4874, #953, #3139, #1767 ),
 .UNSPECIFIED., .F., .F. ) 
 B_SPLINE_CURVE_WITH_KNOTS ( ( 4, 4 ),
 ( 3.141592653589793116, 4.712388980384689674 ),
 .UNSPECIFIED. ) 
 CURVE ( )  GEOMETRIC_REPRESENTATION_ITEM ( )  RATIONAL_B_SPLINE_CURVE ( ( 1.000000000000000000, 0.8047378541243649375, 0.8047378541243649375, 1.000000000000000000 ) ) 
 REPRESENTATION_ITEM ( '' )  );
#343 = CARTESIAN_POINT ( 'NONE',  ( 25.66707455275584238, -15.53072782607179825, 1.000000000000001776 ) ) ;
#344 = LINE ( 'NONE', #2947, #5095 ) ;
#345 = CARTESIAN_POINT ( 'NONE',  ( 23.57335858787706684, -8.324467844094758817, 5.748609342101492992 ) ) ;
#346 = DIRECTION ( 'NONE',  ( 1.000000000000000000, 0.000000000000000000, 0.000000000000000000 ) ) ;
#347 = ORIENTED_EDGE ( 'NONE', *, *, #1147, .F. ) ;
#348 = DIRECTION ( 'NONE',  ( 1.000000000000000000, -1.836970198721031906E-16, 0.000000000000000000 ) ) ;
#349 = ORIENTED_EDGE ( 'NONE', *, *, #4759, .F. ) ;
#350 = EDGE_CURVE ( 'NONE', #4362, #5415, #1932, .T. ) ;
#351 = VERTEX_POINT ( 'NONE', #1097 ) ;
#352 = DIRECTION ( 'NONE',  ( 1.000000000000000000, -0.000000000000000000, -0.000000000000000000 ) ) ;
#353 = CARTESIAN_POINT ( 'NONE',  ( 25.71573116485255994, -15.44995697913202370, 9.000622615203537791 ) ) ;
#354 = CARTESIAN_POINT ( 'NONE',  ( -9.000000000000001776, 0.000000000000000000, 10.00000000000000000 ) ) ;
#355 = ADVANCED_FACE ( 'NONE', ( #1501 ), #2832, .T. ) ;
#356 = ORIENTED_EDGE ( 'NONE', *, *, #1004, .F. ) ;
#358 = EDGE_CURVE ( 'NONE', #2391, #1681, #667, .T. ) ;
#357 = CIRCLE ( 'NONE', #5133, 3.100000000000000533 ) ;
#359 = ORIENTED_EDGE ( 'NONE', *, *, #4225, .F. ) ;
#360 = CARTESIAN_POINT ( 'NONE',  ( 23.74963693854437707, 7.808548662783151961, 6.041403793311655335 ) ) ;
#361 = EDGE_LOOP ( 'NONE', ( #4647, #5090, #2722, #3004, #2206, #4220, #3902, #3192, #5322, #1350, #4844, #1126, #1380, #1609, #2591, #407, #3707, #4658 ) ) ;
#362 = AXIS2_PLACEMENT_3D ( 'NONE', #3629, #659, #3297 ) ;
#363 = VECTOR ( 'NONE', #2222, 1000.000000000000000 ) ;
#364 = B_SPLINE_CURVE_WITH_KNOTS ( 'NONE', 3,
 ( #2527, #1673, #1216, #4668, #4698, #1594, #5034, #2129, #2472, #2561 ),
 .UNSPECIFIED., .F., .F.,
 ( 4, 2, 2, 2, 4 ),
 ( 0.0001316018679310511559, 0.0002830575102754914274, 0.0004345131526199316990, 0.0005859687949643719706, 0.0007374244373088121880 ),
 .UNSPECIFIED. ) ;
#365 = DIRECTION ( 'NONE',  ( -1.000000000000000000, -0.000000000000000000, -0.000000000000000000 ) ) ;
#366 = EDGE_CURVE ( 'NONE', #4046, #2248, #4933, .T. ) ;
#367 = ORIENTED_EDGE ( 'NONE', *, *, #5358, .F. ) ;
#368 = CIRCLE ( 'NONE', #3259, 3.100000000000000089 ) ;
#369 = CARTESIAN_POINT ( 'NONE',  ( 24.00000000000000000, 7.968702294789020257, -2.941176470588235947 ) ) ;
#370 = TOROIDAL_SURFACE ( 'NONE', #1621, 28.99999999999999645, 1.000000000000000000 ) ;
#371 = CARTESIAN_POINT ( 'NONE',  ( 31.00000000000000000, 9.390462030729404219, -1.756999056569591433 ) ) ;
#372 = ORIENTED_EDGE ( 'NONE', *, *, #5072, .T. ) ;
#373 = CARTESIAN_POINT ( 'NONE',  ( 0.000000000000000000, 0.000000000000000000, 0.9999999999999991118 ) ) ;
#374 = DIRECTION ( 'NONE',  ( 0.000000000000000000, 0.000000000000000000, -1.000000000000000000 ) ) ;
#375 = DIRECTION ( 'NONE',  ( -0.000000000000000000, -0.000000000000000000, -1.000000000000000000 ) ) ;
#376 = CARTESIAN_POINT ( 'NONE',  ( 0.000000000000000000, 0.000000000000000000, 0.000000000000000000 ) ) ;
#377 = AXIS2_PLACEMENT_3D ( 'NONE', #4372, #1776, #516 ) ;
#378 = VECTOR ( 'NONE', #627, 1000.000000000000000 ) ;
#379 = ORIENTED_EDGE ( 'NONE', *, *, #2996, .T. ) ;
#380 = CARTESIAN_POINT ( 'NONE',  ( 23.31598817775512700, -9.020238095238024556, 5.248222136452771025 ) ) ;
#381 = ORIENTED_EDGE ( 'NONE', *, *, #1469, .F. ) ;
#382 = EDGE_LOOP ( 'NONE', ( #1198, #446 ) ) ;
#383 = DIRECTION ( 'NONE',  ( -1.000000000000000000, -0.000000000000000000, -0.000000000000000000 ) ) ;
#384 = CARTESIAN_POINT ( 'NONE',  ( 23.51848616425696292, -8.478449443750145420, 4.206980972054807921 ) ) ;
#385 = LINE ( 'NONE', #354, #4223 ) ;
#386 = ADVANCED_FACE ( 'NONE', ( #3620 ), #589, .F. ) ;
#387 = CARTESIAN_POINT ( 'NONE',  ( 24.00000000000000000, -7.150532155906233811, 5.617174514907571137 ) ) ;
#388 = B_SPLINE_CURVE_WITH_KNOTS ( 'NONE', 3,
 ( #789, #1286, #4226, #3889, #3475, #4029 ),
 .UNSPECIFIED., .F., .F.,
 ( 4, 2, 4 ),
 ( 0.0002946557546840183526, 0.0005200647284207426555, 0.0007454737021574670127 ),
 .UNSPECIFIED. ) ;
#389 = DIRECTION ( 'NONE',  ( 0.000000000000000000, 0.000000000000000000, -1.000000000000000000 ) ) ;
#390 = EDGE_LOOP ( 'NONE', ( #4376, #2179, #5132, #3026 ) ) ;
#391 = FACE_OUTER_BOUND ( 'NONE', #1617, .T. ) ;
#392 = ORIENTED_EDGE ( 'NONE', *, *, #2829, .F. ) ;
#393 = CARTESIAN_POINT ( 'NONE',  ( 26.14999999999999858, 1.986258379993444123E-13, 13.00000000000022737 ) ) ;
#394 = VERTEX_POINT ( 'NONE', #5394 ) ;
#395 = DIRECTION ( 'NONE',  ( 0.000000000000000000, 0.000000000000000000, -1.000000000000000000 ) ) ;
#396 = CARTESIAN_POINT ( 'NONE',  ( 32.00000000000000000, -0.6171745149072963565, -2.400532155906029974 ) ) ;
#397 = DIRECTION ( 'NONE',  ( 1.000000000000000000, 0.000000000000000000, 0.000000000000000000 ) ) ;
#398 = EDGE_CURVE ( 'NONE', #2160, #1553, #2578, .T. ) ;
#399 = AXIS2_PLACEMENT_3D ( 'NONE', #5449, #1581, #312 ) ;
#400 = ORIENTED_EDGE ( 'NONE', *, *, #1084, .F. ) ;
#401 = DIRECTION ( 'NONE',  ( 1.000000000000000000, 0.000000000000000000, 0.000000000000000000 ) ) ;
#402 = DIRECTION ( 'NONE',  ( 0.000000000000000000, 0.000000000000000000, -1.000000000000000000 ) ) ;
#403 = CARTESIAN_POINT ( 'NONE',  ( 23.50707957019619343, -8.509944250175708547, 5.804153871793976904 ) ) ;
#404 = CARTESIAN_POINT ( 'NONE',  ( 24.00000000000000000, -1.405126015541213746E-13, -0.9999999999997736255 ) ) ;
#405 = CIRCLE ( 'NONE', #3481, 3.100000000000000533 ) ;
#406 = DIRECTION ( 'NONE',  ( 0.000000000000000000, 0.000000000000000000, -1.000000000000000000 ) ) ;
#407 = ORIENTED_EDGE ( 'NONE', *, *, #2851, .F. ) ;
#408 = ORIENTED_EDGE ( 'NONE', *, *, #4601, .T. ) ;
#409 = CYLINDRICAL_SURFACE ( 'NONE', #248, 1.049999999999999822 ) ;
#410 = EDGE_LOOP ( 'NONE', ( #4582, #3601, #2049, #4475, #4681, #1871, #145, #1983, #4163, #2496, #1877, #4089, #5311 ) ) ;
#411 = CARTESIAN_POINT ( 'NONE',  ( 24.00000000000000000, 7.968702294789022034, 12.94117647058823728 ) ) ;
#412 = CIRCLE ( 'NONE', #3567, 25.00000000000000000 ) ;
#413 = DIRECTION ( 'NONE',  ( -1.000000000000000000, 0.000000000000000000, 0.000000000000000000 ) ) ;
#414 = ORIENTED_EDGE ( 'NONE', *, *, #4934, .F. ) ;
#415 = ORIENTED_EDGE ( 'NONE', *, *, #2366, .F. ) ;
#416 = CARTESIAN_POINT ( 'NONE',  ( 22.00000000000000000, 1.047008947192835882, 13.07919762937583563 ) ) ;
#417 = VERTEX_POINT ( 'NONE', #258 ) ;
#418 = ADVANCED_FACE ( 'NONE', ( #1971 ), #5336, .T. ) ;
#419 = CARTESIAN_POINT ( 'NONE',  ( 31.58153269725703183, 9.442722495556902018, -1.497036108506289320 ) ) ;
#420 = ORIENTED_EDGE ( 'NONE', *, *, #2360, .T. ) ;
#421 = CARTESIAN_POINT ( 'NONE',  ( 23.49200954670464370, -8.551344190098891573, 4.106400769895547143 ) ) ;
#422 = AXIS2_PLACEMENT_3D ( 'NONE', #3858, #2139, #4733 ) ;
#423 = DIRECTION ( 'NONE',  ( 0.000000000000000000, 0.000000000000000000, 1.000000000000000000 ) ) ;
#424 = CARTESIAN_POINT ( 'NONE',  ( 31.58153269725703183, -9.442722495556905571, -1.497036108506285546 ) ) ;
#425 = CIRCLE ( 'NONE', #4652, 0.9999999999999995559 ) ;
#426 = AXIS2_PLACEMENT_3D ( 'NONE', #4448, #636, #271 ) ;
#427 = VERTEX_POINT ( 'NONE', #2293 ) ;
#428 = EDGE_CURVE ( 'NONE', #2135, #5348, #496, .T. ) ;
#429 = DIRECTION ( 'NONE',  ( 1.000000000000000000, -0.000000000000000000, -0.000000000000000000 ) ) ;
#430 = CARTESIAN_POINT ( 'NONE',  ( 27.19654025390178376, 12.31657027535709226, 10.37023761897237328 ) ) ;
#431 = LINE ( 'NONE', #4824, #4250 ) ;
#432 = CYLINDRICAL_SURFACE ( 'NONE', #2716, 0.2500000000000002220 ) ;
#433 = ORIENTED_EDGE ( 'NONE', *, *, #4044, .F. ) ;
#434 = ADVANCED_FACE ( 'NONE', ( #1942, #3205 ), #1530, .T. ) ;
#435 = ORIENTED_EDGE ( 'NONE', *, *, #3897, .F. ) ;
#436 = CARTESIAN_POINT ( 'NONE',  ( 26.49860837638670219, 14.28028607794295368, 0.8893894320183343138 ) ) ;
#437 = CARTESIAN_POINT ( 'NONE',  ( 23.98057615408052712, 7.066364480765448874, 5.377851915088045054 ) ) ;
#438 = CARTESIAN_POINT ( 'NONE',  ( 31.18075723465868876, -9.660152213509936914, -1.568930868612172347 ) ) ;
#439 = CARTESIAN_POINT ( 'NONE',  ( 31.99999999999986144, -11.20724115630829054, 6.129286478537592231 ) ) ;
#440 = AXIS2_PLACEMENT_3D ( 'NONE', #2130, #3100, #4778 ) ;
#441 = DIRECTION ( 'NONE',  ( -1.000000000000000000, -0.000000000000000000, -0.000000000000000000 ) ) ;
#442 = CARTESIAN_POINT ( 'NONE',  ( 31.00000000000000355, -9.390462030729405996, 11.75699905656959210 ) ) ;
#443 = ORIENTED_EDGE ( 'NONE', *, *, #3976, .T. ) ;
#444 = ORIENTED_EDGE ( 'NONE', *, *, #3833, .T. ) ;
#445 = LINE ( 'NONE', #4194, #511 ) ;
#446 = ORIENTED_EDGE ( 'NONE', *, *, #130, .F. ) ;
#447 = CARTESIAN_POINT ( 'NONE',  ( 31.58153269725703183, 9.442722495556909124, 11.49703610850628444 ) ) ;
#448 = AXIS2_PLACEMENT_3D ( 'NONE', #2916, #4571, #5523 ) ;
#449 = VERTEX_POINT ( 'NONE', #3703 ) ;
#450 = CARTESIAN_POINT ( 'NONE',  ( 22.00000000000000000, -7.320511353742773508, 4.199503167022589523 ) ) ;
#451 = CARTESIAN_POINT ( 'NONE',  ( -4.999999999999999112, 30.00000000000000000, 4.999999999999999112 ) ) ;
#452 = CARTESIAN_POINT ( 'NONE',  ( -9.000000000000001776, -26.00000000000000355, 10.00000000000000000 ) ) ;
#453 = EDGE_CURVE ( 'NONE', #1651, #4340, #1111, .T. ) ;
#454 = VECTOR ( 'NONE', #3256, 1000.000000000000000 ) ;
#455 = AXIS2_PLACEMENT_3D ( 'NONE', #2214, #2617, #551 ) ;
#456 = ORIENTED_EDGE ( 'NONE', *, *, #4632, .F. ) ;
#457 = CARTESIAN_POINT ( 'NONE',  ( 24.00000000000000000, -8.079197629375563849, 3.952991052807908634 ) ) ;
#458 = DIRECTION ( 'NONE',  ( 1.000000000000000000, -0.000000000000000000, -0.000000000000000000 ) ) ;
#459 = CARTESIAN_POINT ( 'NONE',  ( 22.00000000000000000, -0.3988649794376790680, 12.02870873154466480 ) ) ;
#460 = AXIS2_PLACEMENT_3D ( 'NONE', #1669, #3298, #2955 ) ;
#461 = CARTESIAN_POINT ( 'NONE',  ( 24.81150572803950993, 15.01657789300526957, 10.00000000000000178 ) ) ;
#462 = EDGE_LOOP ( 'NONE', ( #1205, #1316, #2141, #472 ) ) ;
#463 = ORIENTED_EDGE ( 'NONE', *, *, #2661, .F. ) ;
#464 = DIRECTION ( 'NONE',  ( 0.000000000000000000, 0.000000000000000000, -1.000000000000000000 ) ) ;
#465 = CARTESIAN_POINT ( 'NONE',  ( 29.30740114538598462, -11.33453767083288533, 10.69265911199327057 ) ) ;
#466 = AXIS2_PLACEMENT_3D ( 'NONE', #4423, #3947, #4394 ) ;
#467 = CARTESIAN_POINT ( 'NONE',  ( 22.00000000000000000, 0.9986093421101819301, 13.07446784409389373 ) ) ;
#468 = CARTESIAN_POINT ( 'NONE',  ( 27.23037442504190508, -12.58994474459771951, 16.37016915857968158 ) ) ;
#469 = CARTESIAN_POINT ( 'NONE',  ( -9.000000000000001776, 25.00000000000000000, 1.000000000000000000 ) ) ;
#470 = EDGE_CURVE ( 'NONE', #5069, #322, #1655, .T. ) ;
#471 = CARTESIAN_POINT ( 'NONE',  ( 0.000000000000000000, 0.000000000000000000, 0.9999999999999991118 ) ) ;
#472 = ORIENTED_EDGE ( 'NONE', *, *, #2928, .F. ) ;
#473 = VERTEX_POINT ( 'NONE', #4203 ) ;
#474 = DIRECTION ( 'NONE',  ( -1.000000000000000000, 0.000000000000000000, 0.000000000000000000 ) ) ;
#475 = ORIENTED_EDGE ( 'NONE', *, *, #1119, .F. ) ;
#476 = B_SPLINE_CURVE_WITH_KNOTS ( 'NONE', 3,
 ( #2844, #608, #5324, #1987 ),
 .UNSPECIFIED., .F., .F.,
 ( 4, 4 ),
 ( 4.336808689942017255E-19, 0.0006468063437747987622 ),
 .UNSPECIFIED. ) ;
#477 = EDGE_CURVE ( 'NONE', #2215, #5520, #4388, .T. ) ;
#478 = DIRECTION ( 'NONE',  ( 1.000000000000000000, -0.000000000000000000, -0.000000000000000000 ) ) ;
#479 = CARTESIAN_POINT ( 'NONE',  ( 26.14999999999999858, 9.049999999999998934, 5.000000000000000000 ) ) ;
#480 = AXIS2_PLACEMENT_3D ( 'NONE', #2147, #540, #5254 ) ;
#481 = ORIENTED_EDGE ( 'NONE', *, *, #4463, .F. ) ;
#482 = CARTESIAN_POINT ( 'NONE',  ( 26.14999999999999858, 8.079197629375634904, 6.047008947192564321 ) ) ;
#483 = CARTESIAN_POINT ( 'NONE',  ( 32.00000000000000000, 0.000000000000000000, 0.000000000000000000 ) ) ;
#484 = CYLINDRICAL_SURFACE ( 'NONE', #4411, 5.000000000000000000 ) ;
#485 = ORIENTED_EDGE ( 'NONE', *, *, #3304, .F. ) ;
#486 = FACE_OUTER_BOUND ( 'NONE', #4365, .T. ) ;
#487 = CARTESIAN_POINT ( 'NONE',  ( 31.38409413674580861, -9.688511250482426007, -1.307297139378615469 ) ) ;
#488 = DIRECTION ( 'NONE',  ( 1.000000000000000000, -0.000000000000000000, -0.000000000000000000 ) ) ;
#489 = LINE ( 'NONE', #18, #1549 ) ;
#490 = VERTEX_POINT ( 'NONE', #3835 ) ;
#491 = ORIENTED_EDGE ( 'NONE', *, *, #1541, .T. ) ;
#492 = FACE_OUTER_BOUND ( 'NONE', #2945, .T. ) ;
#493 = CARTESIAN_POINT ( 'NONE',  ( 30.33902137348324501, -10.65840723784220323, 10.62210251279172191 ) ) ;
#494 = DIRECTION ( 'NONE',  ( 0.000000000000000000, 0.000000000000000000, 1.000000000000000000 ) ) ;
#495 = FACE_OUTER_BOUND ( 'NONE', #607, .T. ) ;
#496 = B_SPLINE_CURVE_WITH_KNOTS ( 'NONE', 3,
 ( #1039, #985, #233, #3176 ),
 .UNSPECIFIED., .F., .F.,
 ( 4, 4 ),
 ( 0.000000000000000000, 8.420028101501594484E-05 ),
 .UNSPECIFIED. ) ;
#497 = CARTESIAN_POINT ( 'NONE',  ( 24.00000000000000000, -7.150532155906233811, 5.367174514907572913 ) ) ;
#498 = CARTESIAN_POINT ( 'NONE',  ( 24.00000000000000000, -1.402676721942919044E-13, -4.999999999999773515 ) ) ;
#499 = VERTEX_POINT ( 'NONE', #5552 ) ;
#500 = CARTESIAN_POINT ( 'NONE',  ( 0.000000000000000000, -28.99999999999999645, 0.000000000000000000 ) ) ;
#501 = VERTEX_POINT ( 'NONE', #3397 ) ;
#502 = VECTOR ( 'NONE', #4216, 1000.000000000000000 ) ;
#503 = DIRECTION ( 'NONE',  ( 1.000000000000000000, 0.000000000000000000, 0.000000000000000000 ) ) ;
#504 = CARTESIAN_POINT ( 'NONE',  ( 0.000000000000000000, 0.000000000000000000, 9.000000000000001776 ) ) ;
#505 = ORIENTED_EDGE ( 'NONE', *, *, #2534, .F. ) ;
#506 = DIRECTION ( 'NONE',  ( -1.000000000000000000, -0.000000000000000000, -0.000000000000000000 ) ) ;
#507 = EDGE_CURVE ( 'NONE', #449, #1251, #2387, .T. ) ;
#508 = EDGE_CURVE ( 'NONE', #169, #1740, #5020, .T. ) ;
#509 = DIRECTION ( 'NONE',  ( 1.000000000000000000, 0.000000000000000000, 0.000000000000000000 ) ) ;
#510 = CARTESIAN_POINT ( 'NONE',  ( 22.00000000000000000, -7.028708731544392130, 4.601135020562523437 ) ) ;
#511 = VECTOR ( 'NONE', #5544, 1000.000000000000000 ) ;
#512 = CIRCLE ( 'NONE', #1946, 1.050000000000001377 ) ;
#513 = ORIENTED_EDGE ( 'NONE', *, *, #2295, .F. ) ;
#514 = LINE ( 'NONE', #2201, #1011 ) ;
#515 = CARTESIAN_POINT ( 'NONE',  ( 31.58153269725703183, -9.442722495556905571, -1.497036108506285546 ) ) ;
#516 = DIRECTION ( 'NONE',  ( 0.000000000000000000, 0.000000000000000000, -1.000000000000000000 ) ) ;
#517 = CIRCLE ( 'NONE', #5111, 0.2499999999999985012 ) ;
#518 = AXIS2_PLACEMENT_3D ( 'NONE', #686, #2414, #2895 ) ;
#519 = AXIS2_PLACEMENT_3D ( 'NONE', #4614, #803, #2929 ) ;
#520 = CARTESIAN_POINT ( 'NONE',  ( 23.65854107221092661, 8.079197629375631351, 3.952991052807436567 ) ) ;
#521 = ORIENTED_EDGE ( 'NONE', *, *, #2010, .F. ) ;
#522 = ORIENTED_EDGE ( 'NONE', *, *, #1237, .F. ) ;
#523 = CARTESIAN_POINT ( 'NONE',  ( 26.99431047823344798, 13.10051087121539837, 15.63294499224308254 ) ) ;
#524 = CYLINDRICAL_SURFACE ( 'NONE', #3003, 0.2500000000000002220 ) ;
#525 = CARTESIAN_POINT ( 'NONE',  ( 28.21836164880890863, -10.73895296397286359, 11.86783575393361723 ) ) ;
#526 = CARTESIAN_POINT ( 'NONE',  ( 31.00000000000000000, 0.000000000000000000, 5.000000000000000000 ) ) ;
#527 = ORIENTED_EDGE ( 'NONE', *, *, #1254, .F. ) ;
#528 = ORIENTED_EDGE ( 'NONE', *, *, #2596, .T. ) ;
#529 = DIRECTION ( 'NONE',  ( 1.000000000000000000, 0.000000000000000000, 0.000000000000000000 ) ) ;
#530 = ORIENTED_EDGE ( 'NONE', *, *, #1366, .F. ) ;
#531 = EDGE_CURVE ( 'NONE', #2060, #2051, #2569, .T. ) ;
#532 = DIRECTION ( 'NONE',  ( 0.000000000000000000, 0.000000000000000000, 1.000000000000000000 ) ) ;
#533 = FACE_OUTER_BOUND ( 'NONE', #3870, .T. ) ;
#534 = ORIENTED_EDGE ( 'NONE', *, *, #3345, .F. ) ;
#535 = DIRECTION ( 'NONE',  ( 1.000000000000000000, -0.000000000000000000, 0.000000000000000000 ) ) ;
#536 = CARTESIAN_POINT ( 'NONE',  ( 0.000000000000000000, 0.000000000000000000, 0.9999999999999991118 ) ) ;
#537 = EDGE_CURVE ( 'NONE', #3272, #5098, #2791, .T. ) ;
#538 = EDGE_CURVE ( 'NONE', #1482, #5129, #3372, .T. ) ;
#539 = AXIS2_PLACEMENT_3D ( 'NONE', #451, #3860, #2169 ) ;
#540 = DIRECTION ( 'NONE',  ( -1.000000000000000000, 0.000000000000000000, 0.000000000000000000 ) ) ;
#541 = CARTESIAN_POINT ( 'NONE',  ( 22.00000000000000000, 7.028708731544464960, 5.398864979437949962 ) ) ;
#542 = LINE ( 'NONE', #2203, #1896 ) ;
#543 = CARTESIAN_POINT ( 'NONE',  ( 24.00000000000000000, 8.000000000000000000, 5.000000000000000000 ) ) ;
#544 = ORIENTED_EDGE ( 'NONE', *, *, #1865, .T. ) ;
#545 = ORIENTED_EDGE ( 'NONE', *, *, #740, .F. ) ;
#546 = CARTESIAN_POINT ( 'NONE',  ( 31.14539996323948756, -9.242419554687078431, 11.86066011357508110 ) ) ;
#547 = DIRECTION ( 'NONE',  ( 0.000000000000000000, 0.000000000000000000, -1.000000000000000000 ) ) ;
#548 = DIRECTION ( 'NONE',  ( 0.000000000000000000, 0.000000000000000000, 1.000000000000000000 ) ) ;
#549 = CIRCLE ( 'NONE', #1451, 2.000000000000000888 ) ;
#550 = CARTESIAN_POINT ( 'NONE',  ( 24.00000000000000000, 0.000000000000000000, 5.000000000000000000 ) ) ;
#551 = DIRECTION ( 'NONE',  ( 0.000000000000000000, 0.000000000000000000, -1.000000000000000000 ) ) ;
#552 = EDGE_LOOP ( 'NONE', ( #3845, #5526, #2477, #4588 ) ) ;
#553 = VERTEX_POINT ( 'NONE', #1203 ) ;
#554 = DIRECTION ( 'NONE',  ( 1.000000000000000000, -0.000000000000000000, -0.000000000000000000 ) ) ;
#555 = VERTEX_POINT ( 'NONE', #2861 ) ;
#556 = EDGE_CURVE ( 'NONE', #4253, #5450, #4282, .T. ) ;
#557 =( BOUNDED_SURFACE ( )  B_SPLINE_SURFACE ( 3, 2, ( 
 ( #3823, #3494, #2643 ),
 ( #3852, #2185, #5154 ),
 ( #2158, #5096, #4249 ),
 ( #1218, #3878, #2964 ) ),
 .UNSPECIFIED., .F., .F., .T. ) 
 B_SPLINE_SURFACE_WITH_KNOTS ( ( 4, 4 ),
 ( 3, 3 ),
 ( 0.000000000000000000, 0.0001367283808642294192 ),
 ( 0.000000000000000000, 1.000000000000000000 ),
 .UNSPECIFIED. ) 
 GEOMETRIC_REPRESENTATION_ITEM ( )  RATIONAL_B_SPLINE_SURFACE ( (
 ( 1.000000000000000000, 0.7090413745937775847, 1.000000000000000000),
 ( 1.000000000000000000, 0.7084015398519705187, 1.000000000000000000),
 ( 1.000000000000000000, 0.7077566748671558772, 1.000000000000000000),
 ( 1.000000000000000000, 0.7071067811865475727, 1.000000000000000000) ) ) 
 REPRESENTATION_ITEM ( '' )  SURFACE ( )  );
#558 = AXIS2_PLACEMENT_3D ( 'NONE', #1805, #2689, #905 ) ;
#559 = AXIS2_PLACEMENT_3D ( 'NONE', #1863, #1449, #3682 ) ;
#560 = FACE_OUTER_BOUND ( 'NONE', #604, .T. ) ;
#561 = CARTESIAN_POINT ( 'NONE',  ( 32.00000000000000000, 0.3988649794377492896, -2.028708731544191846 ) ) ;
#562 = VERTEX_POINT ( 'NONE', #1181 ) ;
#563 = DIRECTION ( 'NONE',  ( 1.000000000000000000, 0.000000000000000000, 0.000000000000000000 ) ) ;
#564 = ADVANCED_FACE ( 'NONE', ( #4684 ), #1152, .T. ) ;
#565 = AXIS2_PLACEMENT_3D ( 'NONE', #3895, #3424, #5141 ) ;
#566 = EDGE_CURVE ( 'NONE', #1570, #1898, #1431, .T. ) ;
#567 = DIRECTION ( 'NONE',  ( 1.000000000000000000, -0.000000000000000000, -0.000000000000000000 ) ) ;
#568 = CARTESIAN_POINT ( 'NONE',  ( 24.00000000000000000, 15.05199322349037239, -9.999999999999998224 ) ) ;
#569 = EDGE_CURVE ( 'NONE', #4573, #782, #5051, .T. ) ;
#570 = DIRECTION ( 'NONE',  ( 0.000000000000000000, 1.000000000000000000, 0.000000000000000000 ) ) ;
#571 = DIRECTION ( 'NONE',  ( 0.000000000000000000, 0.000000000000000000, -1.000000000000000000 ) ) ;
#572 = EDGE_LOOP ( 'NONE', ( #4712, #3302, #4207, #2560 ) ) ;
#573 = EDGE_LOOP ( 'NONE', ( #2000, #1400, #2447, #5071 ) ) ;
#574 = CARTESIAN_POINT ( 'NONE',  ( 28.76255203145612072, 11.80134779500075837, -0.5192988966866711742 ) ) ;
#575 = CARTESIAN_POINT ( 'NONE',  ( 27.73551125773876791, -12.78030585463102220, 10.23376499403510032 ) ) ;
#576 = FACE_OUTER_BOUND ( 'NONE', #3216, .T. ) ;
#577 = CARTESIAN_POINT ( 'NONE',  ( 31.99999999997073274, -10.58244709853278387, 8.858071683625102111 ) ) ;
#578 = CARTESIAN_POINT ( 'NONE',  ( 29.96744999706077550, -10.23425996343857669, -1.233879863998831317 ) ) ;
#579 = VERTEX_POINT ( 'NONE', #742 ) ;
#580 = CARTESIAN_POINT ( 'NONE',  ( 23.92288289560118741, -7.259434982577101181, 4.615631678849315023 ) ) ;
#581 = ORIENTED_EDGE ( 'NONE', *, *, #4708, .F. ) ;
#582 = B_SPLINE_CURVE_WITH_KNOTS ( 'NONE', 3,
 ( #3204, #2831, #3175, #3674 ),
 .UNSPECIFIED., .F., .F.,
 ( 4, 4 ),
 ( 1.756273662205774353E-17, 8.420028101479487602E-05 ),
 .UNSPECIFIED. ) ;
#583 = CYLINDRICAL_SURFACE ( 'NONE', #12, 0.2500000000000002220 ) ;
#584 = DIRECTION ( 'NONE',  ( 1.000000000000000000, -0.000000000000000000, -0.000000000000000000 ) ) ;
#585 = EDGE_CURVE ( 'NONE', #1145, #5203, #412, .T. ) ;
#586 = ORIENTED_EDGE ( 'NONE', *, *, #3368, .F. ) ;
#587 = CARTESIAN_POINT ( 'NONE',  ( 32.00000000000000000, -0.8004968329780802749, -2.320511353742570559 ) ) ;
#588 = CARTESIAN_POINT ( 'NONE',  ( 23.67650787525412071, 8.026440911890171392, 3.949999999999999734 ) ) ;
#589 = CYLINDRICAL_SURFACE ( 'NONE', #3560, 9.999999999999998224 ) ;
#590 = CARTESIAN_POINT ( 'NONE',  ( 22.00000000000000000, 2.714842239903703103E-13, 13.00000000000019895 ) ) ;
#591 = EDGE_CURVE ( 'NONE', #351, #1663, #5265, .T. ) ;
#592 = EDGE_CURVE ( 'NONE', #2993, #4802, #1125, .T. ) ;
#593 = CARTESIAN_POINT ( 'NONE',  ( 25.51227572086725104, -15.78365571146888868, 4.335181650450005364 ) ) ;
#594 = ORIENTED_EDGE ( 'NONE', *, *, #1726, .F. ) ;
#595 = DIRECTION ( 'NONE',  ( 1.000000000000000000, -0.000000000000000000, -0.000000000000000000 ) ) ;
#596 = CARTESIAN_POINT ( 'NONE',  ( 27.77949564851783748, 12.11887500161298981, 5.389856112231762530 ) ) ;
#597 = DIRECTION ( 'NONE',  ( 1.000000000000000000, -0.000000000000000000, -0.000000000000000000 ) ) ;
#598 = CARTESIAN_POINT ( 'NONE',  ( 22.00000000000000000, -8.551344190098891573, 4.106400769895547143 ) ) ;
#599 = CIRCLE ( 'NONE', #1415, 0.2500000000000002220 ) ;
#600 = VECTOR ( 'NONE', #2288, 1000.000000000000000 ) ;
#601 = AXIS2_PLACEMENT_3D ( 'NONE', #1690, #4179, #4719 ) ;
#602 = EDGE_CURVE ( 'NONE', #2013, #1888, #3454, .T. ) ;
#603 = EDGE_CURVE ( 'NONE', #4755, #816, #2704, .T. ) ;
#604 = EDGE_LOOP ( 'NONE', ( #1389, #5161, #2084, #1705 ) ) ;
#605 = DIRECTION ( 'NONE',  ( 1.000000000000000000, -0.000000000000000000, -0.000000000000000000 ) ) ;
#606 = VERTEX_POINT ( 'NONE', #1382 ) ;
#607 = EDGE_LOOP ( 'NONE', ( #3455, #4734, #3766, #945 ) ) ;
#608 = CARTESIAN_POINT ( 'NONE',  ( 31.40951333119239308, -9.466673331401231906, -1.628547163137021414 ) ) ;
#609 = EDGE_LOOP ( 'NONE', ( #4826, #2378, #4581, #5158 ) ) ;
#610 = CYLINDRICAL_SURFACE ( 'NONE', #987, 1.000000000000000000 ) ;
#611 = DIRECTION ( 'NONE',  ( 1.000000000000000000, 0.000000000000000000, 0.000000000000000000 ) ) ;
#612 = DIRECTION ( 'NONE',  ( 0.000000000000000000, 0.000000000000000000, 1.000000000000000000 ) ) ;
#613 = ORIENTED_EDGE ( 'NONE', *, *, #4013, .T. ) ;
#614 = CARTESIAN_POINT ( 'NONE',  ( 26.14999999999999858, -2.002642472099355980E-13, -2.999999999999725109 ) ) ;
#615 = ORIENTED_EDGE ( 'NONE', *, *, #2184, .F. ) ;
#616 = DIRECTION ( 'NONE',  ( 1.000000000000000000, -0.000000000000000000, -0.000000000000000000 ) ) ;
#617 = CARTESIAN_POINT ( 'NONE',  ( 24.00000000000000000, 0.000000000000000000, 10.00000000000000000 ) ) ;
#618 = CARTESIAN_POINT ( 'NONE',  ( 22.00000000000000000, -7.150532155906233811, 5.617174514907571137 ) ) ;
#619 = CARTESIAN_POINT ( 'NONE',  ( 23.89052653354535494, 7.365114935523211948, 4.240860275809798630 ) ) ;
#620 = CARTESIAN_POINT ( 'NONE',  ( 32.00000000000000000, -0.2482221364520284246, 14.02023809523829811 ) ) ;
#621 = ADVANCED_FACE ( 'NONE', ( #5193 ), #1322, .T. ) ;
#622 = VECTOR ( 'NONE', #4794, 1000.000000000000000 ) ;
#623 = DIRECTION ( 'NONE',  ( 1.000000000000000000, -0.000000000000000000, -0.000000000000000000 ) ) ;
#624 = ORIENTED_EDGE ( 'NONE', *, *, #3207, .F. ) ;
#625 = CARTESIAN_POINT ( 'NONE',  ( 6.123233995736756422E-16, 30.00000000000000000, 0.9999999999999991118 ) ) ;
#626 = CARTESIAN_POINT ( 'NONE',  ( 31.99999999997740119, 10.38103860028766690, 0.6292683975255602968 ) ) ;
#627 = DIRECTION ( 'NONE',  ( 1.000000000000000000, -0.000000000000000000, -0.000000000000000000 ) ) ;
#628 = CARTESIAN_POINT ( 'NONE',  ( 23.39081227529135631, 8.824502545779452589, 5.123985127226401204 ) ) ;
#629 = CIRCLE ( 'NONE', #106, 1.049999999999999156 ) ;
#630 = CARTESIAN_POINT ( 'NONE',  ( 0.000000000000000000, 0.000000000000000000, 9.000000000000001776 ) ) ;
#631 = CARTESIAN_POINT ( 'NONE',  ( 30.76508046820790909, -9.618558112260036097, -1.600336077953602887 ) ) ;
#632 = ORIENTED_EDGE ( 'NONE', *, *, #5296, .T. ) ;
#633 = CIRCLE ( 'NONE', #4420, 0.2500000000000002220 ) ;
#634 = ORIENTED_EDGE ( 'NONE', *, *, #1453, .T. ) ;
#635 = VECTOR ( 'NONE', #3415, 1000.000000000000000 ) ;
#636 = DIRECTION ( 'NONE',  ( 0.000000000000000000, 1.000000000000000000, 0.000000000000000000 ) ) ;
#637 = VERTEX_POINT ( 'NONE', #870 ) ;
#638 = ADVANCED_FACE ( 'NONE', ( #3057 ), #69, .F. ) ;
#639 = CARTESIAN_POINT ( 'NONE',  ( 31.00000000000000000, -7.968702294789022034, 12.94117647058823373 ) ) ;
#640 = EDGE_CURVE ( 'NONE', #1766, #3433, #1439, .T. ) ;
#641 = ADVANCED_FACE ( 'NONE', ( #2171 ), #484, .F. ) ;
#642 = AXIS2_PLACEMENT_3D ( 'NONE', #5540, #1754, #5208 ) ;
#643 = CARTESIAN_POINT ( 'NONE',  ( 23.57335858787706684, -8.324467844094758817, 5.748609342101492992 ) ) ;
#644 = CARTESIAN_POINT ( 'NONE',  ( 32.00000000000000000, 8.000000000000000000, 5.000000000000000000 ) ) ;
#645 = ORIENTED_EDGE ( 'NONE', *, *, #2858, .T. ) ;
#646 = CARTESIAN_POINT ( 'NONE',  ( 25.64260328921920618, 15.57102747257624920, 9.000000000000001776 ) ) ;
#647 = ORIENTED_EDGE ( 'NONE', *, *, #4013, .F. ) ;
#648 = CARTESIAN_POINT ( 'NONE',  ( 26.14999999999999858, 2.714842239903703103E-13, 13.00000000000019895 ) ) ;
#649 = CIRCLE ( 'NONE', #466, 11.25000000000000178 ) ;
#650 = CARTESIAN_POINT ( 'NONE',  ( -9.000000000000001776, 0.000000000000000000, 9.000000000000001776 ) ) ;
#651 = FACE_OUTER_BOUND ( 'NONE', #673, .T. ) ;
#652 = CARTESIAN_POINT ( 'NONE',  ( -4.999999999999999112, 30.00000000000000000, 4.999999999999999112 ) ) ;
#653 = DIRECTION ( 'NONE',  ( 1.000000000000000000, 0.000000000000000000, 0.000000000000000000 ) ) ;
#654 = ORIENTED_EDGE ( 'NONE', *, *, #3988, .F. ) ;
#655 = EDGE_CURVE ( 'NONE', #2108, #1482, #5561, .T. ) ;
#656 = CYLINDRICAL_SURFACE ( 'NONE', #4567, 11.25000000000000178 ) ;
#657 = CARTESIAN_POINT ( 'NONE',  ( 32.00000000000000000, 9.314444372593726484, -1.309011493875812393 ) ) ;
#658 = DIRECTION ( 'NONE',  ( -0.000000000000000000, -0.000000000000000000, -1.000000000000000000 ) ) ;
#659 = DIRECTION ( 'NONE',  ( 1.000000000000000000, 0.000000000000000000, 0.000000000000000000 ) ) ;
#660 = PRODUCT_CONTEXT ( 'NONE', #2402, 'mechanical' ) ;
#661 = CARTESIAN_POINT ( 'NONE',  ( 32.00000000000000000, 8.324467844093694779, 5.748609342109912035 ) ) ;
#662 = ORIENTED_EDGE ( 'NONE', *, *, #1285, .F. ) ;
#663 = ORIENTED_EDGE ( 'NONE', *, *, #1422, .T. ) ;
#664 = CYLINDRICAL_SURFACE ( 'NONE', #4124, 1.049999999999999822 ) ;
#665 = VERTEX_POINT ( 'NONE', #424 ) ;
#666 = FACE_OUTER_BOUND ( 'NONE', #5120, .T. ) ;
#667 = CIRCLE ( 'NONE', #4552, 10.00000000000000000 ) ;
#668 = DIRECTION ( 'NONE',  ( 1.000000000000000000, -0.000000000000000000, -0.000000000000000000 ) ) ;
#669 = FACE_OUTER_BOUND ( 'NONE', #5130, .T. ) ;
#670 = EDGE_CURVE ( 'NONE', #2435, #39, #3480, .T. ) ;
#671 = VERTEX_POINT ( 'NONE', #9 ) ;
#672 = CARTESIAN_POINT ( 'NONE',  ( 25.25644294446886917, -14.34351554059722389, 10.00697224911205652 ) ) ;
#673 = EDGE_LOOP ( 'NONE', ( #5295, #4015, #3694, #43 ) ) ;
#674 = LINE ( 'NONE', #2403, #983 ) ;
#675 = B_SPLINE_CURVE_WITH_KNOTS ( 'NONE', 3,
 ( #1748, #4298, #3545, #3121, #3900, #1332, #963, #3514, #3431, #4403 ),
 .UNSPECIFIED., .F., .F.,
 ( 4, 2, 2, 2, 4 ),
 ( 0.000000000000000000, 0.0001811485040179643081, 0.0003622970080359286162, 0.0007245940160718660145, 0.001449188032143747858 ),
 .UNSPECIFIED. ) ;
#676 = VECTOR ( 'NONE', #4178, 1000.000000000000000 ) ;
#677 = CARTESIAN_POINT ( 'NONE',  ( 31.00000000000000000, 7.260373201918885577, -2.235294117647059764 ) ) ;
#678 = ORIENTED_EDGE ( 'NONE', *, *, #2510, .F. ) ;
#679 = CARTESIAN_POINT ( 'NONE',  ( 30.40195164158066632, 10.39583056857168764, 11.14036589370331143 ) ) ;
#680 = CARTESIAN_POINT ( 'NONE',  ( 23.90641221441661202, 7.313338145148430947, 4.581960691937097430 ) ) ;
#681 = AXIS2_PLACEMENT_3D ( 'NONE', #3783, #5476, #5498 ) ;
#682 = LINE ( 'NONE', #1317, #2416 ) ;
#683 = ORIENTED_EDGE ( 'NONE', *, *, #470, .F. ) ;
#684 = CARTESIAN_POINT ( 'NONE',  ( 30.66574653017266172, 9.697236271564412036, -1.550879244245884303 ) ) ;
#685 = CARTESIAN_POINT ( 'NONE',  ( 32.00000000000000000, -7.150532155906233811, 5.617174514907571137 ) ) ;
#686 = CARTESIAN_POINT ( 'NONE',  ( 26.14999999999999858, -7.999999999999928946, 5.000000000000472511 ) ) ;
#687 = DIRECTION ( 'NONE',  ( 0.000000000000000000, 0.000000000000000000, -1.000000000000000000 ) ) ;
#688 = DIRECTION ( 'NONE',  ( 1.000000000000000000, -0.000000000000000000, -0.000000000000000000 ) ) ;
#689 = ORIENTED_EDGE ( 'NONE', *, *, #2372, .F. ) ;
#690 = CIRCLE ( 'NONE', #3842, 2.000000000000000888 ) ;
#691 = VECTOR ( 'NONE', #1579, 1000.000000000000000 ) ;
#692 = ORIENTED_EDGE ( 'NONE', *, *, #2145, .T. ) ;
#693 = CARTESIAN_POINT ( 'NONE',  ( 32.00000000000000000, -9.946350224409563623, -0.2566735882483586750 ) ) ;
#694 = ORIENTED_EDGE ( 'NONE', *, *, #4437, .T. ) ;
#695 = CARTESIAN_POINT ( 'NONE',  ( 27.41430013576444935, -13.22568499017109289, 0.6335152062978092191 ) ) ;
#696 = AXIS2_PLACEMENT_3D ( 'NONE', #5204, #3517, #4377 ) ;
#697 = EDGE_CURVE ( 'NONE', #3433, #1766, #357, .T. ) ;
#698 = AXIS2_PLACEMENT_3D ( 'NONE', #2112, #5104, #395 ) ;
#699 = CYLINDRICAL_SURFACE ( 'NONE', #3876, 0.2499999999999997780 ) ;
#700 = DIRECTION ( 'NONE',  ( 0.000000000000000000, 0.000000000000000000, 1.000000000000000000 ) ) ;
#701 = VERTEX_POINT ( 'NONE', #3506 ) ;
#702 = CARTESIAN_POINT ( 'NONE',  ( 22.00000000000000000, -7.320511353742771732, 5.800496832978356387 ) ) ;
#703 = ORIENTED_EDGE ( 'NONE', *, *, #4387, .T. ) ;
#704 = CARTESIAN_POINT ( 'NONE',  ( 28.09801164723853972, -11.12908760247207596, -0.8911978709646718455 ) ) ;
#705 = EDGE_CURVE ( 'NONE', #3611, #501, #266, .T. ) ;
#706 =( BOUNDED_SURFACE ( )  B_SPLINE_SURFACE ( 3, 2, ( 
 ( #1928, #4919, #1520 ),
 ( #1029, #3248, #5410 ),
 ( #3278, #4478, #1110 ),
 ( #2846, #4558, #695 ),
 ( #273, #5066, #5094 ),
 ( #5567, #2504, #5153 ),
 ( #4724, #857, #1167 ),
 ( #3016, #2905, #25 ),
 ( #4616, #5539, #833 ),
 ( #3798, #4217, #1217 ),
 ( #4302, #438, #1699 ),
 ( #1277, #324, #3332 ) ),
 .UNSPECIFIED., .F., .F., .T. ) 
 B_SPLINE_SURFACE_WITH_KNOTS ( ( 4, 2, 2, 2, 2, 4 ),
 ( 3, 3 ),
 ( 0.000000000000000000, 0.002285587216450113857, 0.004571174432900227715, 0.006856761649350342006, 0.007999555257575398717, 0.009142348865800455429 ),
 ( 0.000000000000000000, 1.000000000000000000 ),
 .UNSPECIFIED. ) 
 GEOMETRIC_REPRESENTATION_ITEM ( )  RATIONAL_B_SPLINE_SURFACE ( (
 ( 1.000000000000000000, 0.7090413745937775847, 1.000000000000000000),
 ( 1.000000000000000000, 0.7265525937272683255, 1.000000000000000000),
 ( 1.000000000000000000, 0.7466301496515381775, 1.000000000000000000),
 ( 1.000000000000000000, 0.7892559959993097340, 1.000000000000000000),
 ( 1.000000000000000000, 0.8118494181823772138, 1.000000000000000000),
 ( 1.000000000000000000, 0.8573243514903683415, 1.000000000000000000),
 ( 1.000000000000000000, 0.8799961413932130272, 1.000000000000000000),
 ( 1.000000000000000000, 0.9115492980075997620, 1.000000000000000000),
 ( 1.000000000000000000, 0.9216471604786498073, 1.000000000000000000),
 ( 1.000000000000000000, 0.9400076705697626434, 1.000000000000000000),
 ( 1.000000000000000000, 0.9483071230859004830, 1.000000000000000000),
 ( 1.000000000000000000, 0.9545598488074863441, 1.000000000000000000) ) ) 
 REPRESENTATION_ITEM ( '' )  SURFACE ( )  );
#707 = CARTESIAN_POINT ( 'NONE',  ( 23.95558160194299901, 7.150532155906303977, 5.367174514907097738 ) ) ;
#708 = ORIENTED_EDGE ( 'NONE', *, *, #5266, .F. ) ;
#709 = CARTESIAN_POINT ( 'NONE',  ( 22.00000000000000000, -0.6171745149068267322, 12.15053215590650559 ) ) ;
#710 = DIRECTION ( 'NONE',  ( 1.000000000000000000, -0.000000000000000000, -0.000000000000000000 ) ) ;
#711 = CIRCLE ( 'NONE', #5305, 2.000000000000000888 ) ;
#712 = EDGE_CURVE ( 'NONE', #1933, #1832, #5138, .T. ) ;
#713 = EDGE_CURVE ( 'NONE', #490, #3219, #2258, .T. ) ;
#714 = VERTEX_POINT ( 'NONE', #1353 ) ;
#715 = DIRECTION ( 'NONE',  ( 1.000000000000000000, -0.000000000000000000, -0.000000000000000000 ) ) ;
#716 = CARTESIAN_POINT ( 'NONE',  ( 25.56611042798300204, 15.69635822053743190, 7.127055109273923605 ) ) ;
#717 = DIRECTION ( 'NONE',  ( 0.000000000000000000, 0.000000000000000000, -1.000000000000000000 ) ) ;
#718 = CARTESIAN_POINT ( 'NONE',  ( 32.00000000000000000, 7.320511353742844562, 4.199503167022117900 ) ) ;
#719 = TOROIDAL_SURFACE ( 'NONE', #2888, 28.99999999999999645, 1.000000000000000000 ) ;
#720 = CARTESIAN_POINT ( 'NONE',  ( 22.00000000000000000, 8.324467844093694779, 5.748609342109912035 ) ) ;
#721 = ORIENTED_EDGE ( 'NONE', *, *, #1937, .T. ) ;
#722 = EDGE_LOOP ( 'NONE', ( #5210, #347 ) ) ;
#723 = LINE ( 'NONE', #2526, #3851 ) ;
#724 = ORIENTED_EDGE ( 'NONE', *, *, #3810, .F. ) ;
#725 = AXIS2_PLACEMENT_3D ( 'NONE', #3573, #5287, #1424 ) ;
#726 = FACE_OUTER_BOUND ( 'NONE', #854, .T. ) ;
#727 = CIRCLE ( 'NONE', #3873, 25.00000000000000000 ) ;
#728 = CIRCLE ( 'NONE', #4513, 1.050000000000001377 ) ;
#729 = CARTESIAN_POINT ( 'NONE',  ( 22.00000000000000000, -0.9986093421101105427, -3.324467844093419444 ) ) ;
#730 = DIRECTION ( 'NONE',  ( 1.000000000000000000, 0.000000000000000000, 0.000000000000000000 ) ) ;
#731 = ORIENTED_EDGE ( 'NONE', *, *, #1141, .T. ) ;
#732 = DIRECTION ( 'NONE',  ( -1.228755106119178627E-15, 0.7058823529411762943, 0.7083290928701352351 ) ) ;
#733 = ORIENTED_EDGE ( 'NONE', *, *, #24, .F. ) ;
#734 = ADVANCED_FACE ( 'NONE', ( #2657 ), #719, .T. ) ;
#735 = CARTESIAN_POINT ( 'NONE',  ( 32.00000000001788436, -11.16349863209685545, 3.579086510862758530 ) ) ;
#736 = VECTOR ( 'NONE', #688, 1000.000000000000000 ) ;
#737 = DIRECTION ( 'NONE',  ( 1.000000000000000000, -0.000000000000000000, -0.000000000000000000 ) ) ;
#738 = AXIS2_PLACEMENT_3D ( 'NONE', #2244, #1866, #3102 ) ;
#739 = AXIS2_PLACEMENT_3D ( 'NONE', #2662, #4347, #2581 ) ;
#740 = EDGE_CURVE ( 'NONE', #3793, #1589, #4853, .T. ) ;
#741 = CARTESIAN_POINT ( 'NONE',  ( 22.00000000000000000, -7.999999999999928946, 5.000000000000472511 ) ) ;
#742 = CARTESIAN_POINT ( 'NONE',  ( 26.14999999999999858, 7.150532155906305753, 5.367174514907097738 ) ) ;
#743 = VERTEX_POINT ( 'NONE', #4715 ) ;
#744 = DIRECTION ( 'NONE',  ( 0.000000000000000000, 0.7083290928701352351, 0.7058823529411762943 ) ) ;
#745 = CARTESIAN_POINT ( 'NONE',  ( 24.00000000000000000, 8.000000000000000000, 5.000000000000000000 ) ) ;
#746 = DIRECTION ( 'NONE',  ( 0.000000000000000000, 0.000000000000000000, 1.000000000000000000 ) ) ;
#747 = VERTEX_POINT ( 'NONE', #2574 ) ;
#748 = LINE ( 'NONE', #4634, #17 ) ;
#749 = EDGE_LOOP ( 'NONE', ( #4773, #764, #1598, #1625 ) ) ;
#750 = ORIENTED_EDGE ( 'NONE', *, *, #2145, .F. ) ;
#751 = CARTESIAN_POINT ( 'NONE',  ( 25.52929422039571961, 15.75624799845410173, 6.336034964627279997 ) ) ;
#752 = CARTESIAN_POINT ( 'NONE',  ( 23.61871844307139412, -8.195102670001645606, 4.223293172939052376 ) ) ;
#753 = CARTESIAN_POINT ( 'NONE',  ( 24.81150049239076694, -15.01658573132048069, 10.00000000000000000 ) ) ;
#754 = CARTESIAN_POINT ( 'NONE',  ( 24.85854012602414898, 14.94559794137272313, 10.00056601382142674 ) ) ;
#755 = ORIENTED_EDGE ( 'NONE', *, *, #4150, .F. ) ;
#756 = LINE ( 'NONE', #4221, #4743 ) ;
#757 = ORIENTED_EDGE ( 'NONE', *, *, #2677, .F. ) ;
#758 = CARTESIAN_POINT ( 'NONE',  ( 32.00000000001536904, -11.25012648553505734, 5.568155046897474314 ) ) ;
#759 = CYLINDRICAL_SURFACE ( 'NONE', #71, 1.049999999999997158 ) ;
#760 = EDGE_LOOP ( 'NONE', ( #1026, #408, #721, #4083, #863, #2984, #2232 ) ) ;
#761 = DIRECTION ( 'NONE',  ( 0.000000000000000000, 0.000000000000000000, -1.000000000000000000 ) ) ;
#762 = CARTESIAN_POINT ( 'NONE',  ( 23.95558160194302033, -7.150532155906250686, 5.367174514907379290 ) ) ;
#763 = EDGE_CURVE ( 'NONE', #1647, #2399, #5039, .T. ) ;
#764 = ORIENTED_EDGE ( 'NONE', *, *, #4726, .F. ) ;
#765 = DIRECTION ( 'NONE',  ( 0.000000000000000000, 0.000000000000000000, 1.000000000000000000 ) ) ;
#766 = DIRECTION ( 'NONE',  ( 1.000000000000000000, 0.000000000000000000, 0.000000000000000000 ) ) ;
#767 = CARTESIAN_POINT ( 'NONE',  ( -10.00000000000000000, -25.00000000000000000, 0.000000000000000000 ) ) ;
#768 = DIRECTION ( 'NONE',  ( 0.000000000000000000, 0.000000000000000000, -1.000000000000000000 ) ) ;
#769 =( BOUNDED_CURVE ( )  B_SPLINE_CURVE ( 3, ( #4202, #340, #1633, #2514 ),
 .UNSPECIFIED., .F., .F. ) 
 B_SPLINE_CURVE_WITH_KNOTS ( ( 4, 4 ),
 ( 0.000000000000000000, 1.570796326794896558 ),
 .UNSPECIFIED. ) 
 CURVE ( )  GEOMETRIC_REPRESENTATION_ITEM ( )  RATIONAL_B_SPLINE_CURVE ( ( 1.000000000000000000, 0.8047378541243649375, 0.8047378541243649375, 1.000000000000000000 ) ) 
 REPRESENTATION_ITEM ( '' )  );
#770 = EDGE_CURVE ( 'NONE', #2105, #1801, #809, .T. ) ;
#771 = EDGE_CURVE ( 'NONE', #394, #2958, #4454, .T. ) ;
#772 = DIRECTION ( 'NONE',  ( 1.000000000000000000, -0.000000000000000000, -0.000000000000000000 ) ) ;
#773 = ORIENTED_EDGE ( 'NONE', *, *, #3534, .T. ) ;
#774 = ORIENTED_EDGE ( 'NONE', *, *, #4568, .F. ) ;
#775 = CARTESIAN_POINT ( 'NONE',  ( 23.59837083658660717, 8.253637765948658611, 5.748609342110841069 ) ) ;
#776 = FACE_OUTER_BOUND ( 'NONE', #2795, .T. ) ;
#777 = CARTESIAN_POINT ( 'NONE',  ( 0.000000000000000000, 0.000000000000000000, 0.000000000000000000 ) ) ;
#778 = EDGE_CURVE ( 'NONE', #1367, #2637, #3141, .T. ) ;
#779 = EDGE_CURVE ( 'NONE', #169, #827, #3521, .T. ) ;
#780 = CIRCLE ( 'NONE', #3757, 1.050000000000001377 ) ;
#781 = ORIENTED_EDGE ( 'NONE', *, *, #2823, .F. ) ;
#782 = VERTEX_POINT ( 'NONE', #587 ) ;
#783 = DIRECTION ( 'NONE',  ( 1.000000000000000000, 0.000000000000000000, 0.000000000000000000 ) ) ;
#784 = ORIENTED_EDGE ( 'NONE', *, *, #2081, .F. ) ;
#785 = AXIS2_PLACEMENT_3D ( 'NONE', #4995, #5114, #4208 ) ;
#786 = AXIS2_PLACEMENT_3D ( 'NONE', #3807, #4735, #2142 ) ;
#787 = AXIS2_PLACEMENT_3D ( 'NONE', #214, #1919, #1046 ) ;
#788 = VECTOR ( 'NONE', #4186, 1000.000000000000000 ) ;
#789 = CARTESIAN_POINT ( 'NONE',  ( 23.57335858787706684, -8.324467844094758817, 5.748609342101492992 ) ) ;
#790 = ORIENTED_EDGE ( 'NONE', *, *, #5194, .F. ) ;
#791 = CARTESIAN_POINT ( 'NONE',  ( 32.00000000000000000, 0.000000000000000000, 5.000000000000000000 ) ) ;
#792 = CARTESIAN_POINT ( 'NONE',  ( -10.00000000000000000, -25.00000000000000000, 10.00000000000000000 ) ) ;
#793 = ORIENTED_EDGE ( 'NONE', *, *, #1800, .T. ) ;
#794 = CARTESIAN_POINT ( 'NONE',  ( 24.85854012602414542, -14.93495841316096140, 9.000622615203569765 ) ) ;
#795 = CARTESIAN_POINT ( 'NONE',  ( 32.00000000000000000, 2.714842239903703103E-13, 11.95000000000020002 ) ) ;
#796 = ADVANCED_FACE ( 'NONE', ( #981 ), #3201, .F. ) ;
#797 = CARTESIAN_POINT ( 'NONE',  ( 25.64260328921920262, -15.57102747257624920, 9.000000000000001776 ) ) ;
#798 = CARTESIAN_POINT ( 'NONE',  ( 23.65854107221092661, 8.079197629375631351, 3.952991052807436567 ) ) ;
#799 = CIRCLE ( 'NONE', #2242, 0.2500000000000002220 ) ;
#800 = CARTESIAN_POINT ( 'NONE',  ( 23.65854107221094793, -8.079197629375563849, 3.952991052807908634 ) ) ;
#801 = ORIENTED_EDGE ( 'NONE', *, *, #4240, .T. ) ;
#802 = ORIENTED_EDGE ( 'NONE', *, *, #453, .F. ) ;
#803 = DIRECTION ( 'NONE',  ( 1.000000000000000000, -0.000000000000000000, -0.000000000000000000 ) ) ;
#804 = ORIENTED_EDGE ( 'NONE', *, *, #2465, .T. ) ;
#805 = ADVANCED_FACE ( 'NONE', ( #2316 ), #4540, .F. ) ;
#806 = DIRECTION ( 'NONE',  ( 1.000000000000000000, 0.000000000000000000, 0.000000000000000000 ) ) ;
#807 = CARTESIAN_POINT ( 'NONE',  ( 32.00000000000000000, 2.697013575311803147E-13, 13.80000000000020144 ) ) ;
#808 = ADVANCED_FACE ( 'NONE', ( #2290 ), #4007, .F. ) ;
#809 = CIRCLE ( 'NONE', #100, 1.050000000000000488 ) ;
#810 = ORIENTED_EDGE ( 'NONE', *, *, #5156, .F. ) ;
#811 = FACE_OUTER_BOUND ( 'NONE', #4139, .T. ) ;
#812 = ORIENTED_EDGE ( 'NONE', *, *, #1329, .F. ) ;
#813 = ADVANCED_FACE ( 'NONE', ( #4929 ), #1036, .F. ) ;
#814 = AXIS2_PLACEMENT_3D ( 'NONE', #2793, #199, #5007 ) ;
#815 = DIRECTION ( 'NONE',  ( 0.000000000000000000, 0.000000000000000000, 1.000000000000000000 ) ) ;
#816 = VERTEX_POINT ( 'NONE', #5303 ) ;
#817 = DIRECTION ( 'NONE',  ( 1.000000000000000000, 0.000000000000000000, 0.000000000000000000 ) ) ;
#818 = FACE_OUTER_BOUND ( 'NONE', #1307, .T. ) ;
#819 = CARTESIAN_POINT ( 'NONE',  ( 23.35953986857690978, -8.906954653906975494, 4.786085431552131730 ) ) ;
#820 = CIRCLE ( 'NONE', #4064, 1.000000000000000000 ) ;
#821 = VERTEX_POINT ( 'NONE', #1438 ) ;
#822 = CARTESIAN_POINT ( 'NONE',  ( 31.77136511615317360, 9.474792057425259983, 11.26666421406275731 ) ) ;
#823 = FACE_OUTER_BOUND ( 'NONE', #2042, .T. ) ;
#824 = CARTESIAN_POINT ( 'NONE',  ( 23.65854107221095148, -8.079197629375560297, 6.047008947193036832 ) ) ;
#825 = AXIS2_PLACEMENT_3D ( 'NONE', #3111, #503, #3081 ) ;
#826 = AXIS2_PLACEMENT_3D ( 'NONE', #994, #5178, #2182 ) ;
#827 = VERTEX_POINT ( 'NONE', #2379 ) ;
#828 = FACE_OUTER_BOUND ( 'NONE', #4864, .T. ) ;
#829 = ORIENTED_EDGE ( 'NONE', *, *, #4993, .T. ) ;
#830 = VERTEX_POINT ( 'NONE', #3172 ) ;
#831 = CARTESIAN_POINT ( 'NONE',  ( 31.74198508190061929, -9.459649690036417979, 11.31731698734095204 ) ) ;
#832 = ORIENTED_EDGE ( 'NONE', *, *, #2193, .T. ) ;
#833 = CARTESIAN_POINT ( 'NONE',  ( 30.60626535231351752, -10.43239609156355918, -0.7730333647211660164 ) ) ;
#834 = CARTESIAN_POINT ( 'NONE',  ( 24.00000000000000000, -8.000000000000000000, 3.000000000000395239 ) ) ;
#835 = ORIENTED_EDGE ( 'NONE', *, *, #5500, .T. ) ;
#836 = ORIENTED_EDGE ( 'NONE', *, *, #3773, .T. ) ;
#837 = DIRECTION ( 'NONE',  ( 0.000000000000000000, 0.000000000000000000, -1.000000000000000000 ) ) ;
#838 = EDGE_LOOP ( 'NONE', ( #1787, #4193, #3970, #2911, #2932 ) ) ;
#839 = EDGE_CURVE ( 'NONE', #1582, #4785, #5489, .T. ) ;
#840 = CYLINDRICAL_SURFACE ( 'NONE', #165, 2.000000000000001776 ) ;
#841 = ORIENTED_EDGE ( 'NONE', *, *, #5001, .F. ) ;
#842 = FACE_OUTER_BOUND ( 'NONE', #30, .T. ) ;
#843 = CYLINDRICAL_SURFACE ( 'NONE', #539, 3.100000000000000089 ) ;
#844 = DIRECTION ( 'NONE',  ( 1.000000000000000000, 0.000000000000000000, 0.000000000000000000 ) ) ;
#845 = EDGE_CURVE ( 'NONE', #855, #4643, #4950, .T. ) ;
#846 = ADVANCED_FACE ( 'NONE', ( #2799 ), #228, .T. ) ;
#847 = ORIENTED_EDGE ( 'NONE', *, *, #4738, .T. ) ;
#848 = CARTESIAN_POINT ( 'NONE',  ( 24.78784984624523346, -15.05199322349037239, 0.000000000000000000 ) ) ;
#849 = CARTESIAN_POINT ( 'NONE',  ( 28.85278793385408136, 11.03144683307148277, 10.83302633637168277 ) ) ;
#850 = DIRECTION ( 'NONE',  ( 1.000000000000000000, -0.000000000000000000, -0.000000000000000000 ) ) ;
#851 = TOROIDAL_SURFACE ( 'NONE', #3030, 11.00000000000000000, 1.000000000000000000 ) ;
#852 = EDGE_LOOP ( 'NONE', ( #1523, #5241, #119, #3346 ) ) ;
#853 = CARTESIAN_POINT ( 'NONE',  ( 23.66270325383140616, 8.067009396170385926, 4.014756238084844497 ) ) ;
#854 = EDGE_LOOP ( 'NONE', ( #3038, #865, #5271, #193 ) ) ;
#855 = VERTEX_POINT ( 'NONE', #3643 ) ;
#856 = DIRECTION ( 'NONE',  ( 0.000000000000000000, 0.000000000000000000, -1.000000000000000000 ) ) ;
#857 = CARTESIAN_POINT ( 'NONE',  ( 29.30518029138887570, -11.33640400774229384, -0.6920281207466549844 ) ) ;
#858 = CARTESIAN_POINT ( 'NONE',  ( 31.99999999998810907, -10.57103729390121671, 1.140821780238517436 ) ) ;
#859 = AXIS2_PLACEMENT_3D ( 'NONE', #4517, #3649, #1883 ) ;
#860 = CARTESIAN_POINT ( 'NONE',  ( 23.90418610870747074, -7.320511353742773508, 4.199503167022589523 ) ) ;
#861 = CARTESIAN_POINT ( 'NONE',  ( 24.00000000000000000, 8.551344190098962628, 5.893599230104925368 ) ) ;
#862 = ORIENTED_EDGE ( 'NONE', *, *, #2966, .F. ) ;
#863 = ORIENTED_EDGE ( 'NONE', *, *, #3699, .T. ) ;
#864 = CARTESIAN_POINT ( 'NONE',  ( 22.00000000000000000, 2.697013575311803147E-13, 14.05000000000020144 ) ) ;
#865 = ORIENTED_EDGE ( 'NONE', *, *, #2987, .T. ) ;
#866 = CARTESIAN_POINT ( 'NONE',  ( 26.67512260751209752, 12.78242135464935103, -0.2473309970101000010 ) ) ;
#867 = ORIENTED_EDGE ( 'NONE', *, *, #1943, .F. ) ;
#868 = VECTOR ( 'NONE', #230, 1000.000000000000000 ) ;
#869 = DIRECTION ( 'NONE',  ( 1.000000000000000000, 0.000000000000000000, 0.000000000000000000 ) ) ;
#870 = CARTESIAN_POINT ( 'NONE',  ( 26.14999999999999858, -8.324467844093623725, 5.748609342110383658 ) ) ;
#871 = CIRCLE ( 'NONE', #2321, 0.2500000000000002220 ) ;
#872 = ORIENTED_EDGE ( 'NONE', *, *, #4012, .F. ) ;
#873 = FACE_OUTER_BOUND ( 'NONE', #5535, .T. ) ;
#874 = CYLINDRICAL_SURFACE ( 'NONE', #2306, 1.000000000000000000 ) ;
#875 = ADVANCED_FACE ( 'NONE', ( #5357 ), #5389, .F. ) ;
#876 = CARTESIAN_POINT ( 'NONE',  ( -10.00000000000000000, -30.00000000000000000, 0.000000000000000000 ) ) ;
#877 = CARTESIAN_POINT ( 'NONE',  ( 26.14999999999999858, 8.000000000000000000, 5.000000000000000000 ) ) ;
#878 = ORIENTED_EDGE ( 'NONE', *, *, #1437, .T. ) ;
#879 = CARTESIAN_POINT ( 'NONE',  ( 23.95558160194302033, -7.150532155906250686, 5.367174514907379290 ) ) ;
#880 = CARTESIAN_POINT ( 'NONE',  ( 31.99999999999938183, 10.66290373854445228, 8.597481403485737417 ) ) ;
#881 = DIRECTION ( 'NONE',  ( 1.000000000000000000, -0.000000000000000000, -0.000000000000000000 ) ) ;
#882 = CARTESIAN_POINT ( 'NONE',  ( 28.02188700053628878, -11.37186326620975052, 10.20213806287016034 ) ) ;
#883 = AXIS2_PLACEMENT_3D ( 'NONE', #2339, #222, #2448 ) ;
#884 = CARTESIAN_POINT ( 'NONE',  ( -4.999999999999999112, -30.00100000000000122, 4.999999999999999112 ) ) ;
#885 = DIRECTION ( 'NONE',  ( 1.000000000000000000, -0.000000000000000000, -0.000000000000000000 ) ) ;
#886 = ORIENTED_EDGE ( 'NONE', *, *, #4981, .T. ) ;
#887 = ORIENTED_EDGE ( 'NONE', *, *, #1906, .T. ) ;
#888 = CARTESIAN_POINT ( 'NONE',  ( 24.00000000000000000, -7.968702294789022034, 12.94117647058823373 ) ) ;
#889 = EDGE_LOOP ( 'NONE', ( #3398, #4336, #381 ) ) ;
#890 = AXIS2_PLACEMENT_3D ( 'NONE', #4287, #1406, #3615 ) ;
#891 = CARTESIAN_POINT ( 'NONE',  ( 26.14999999999999858, 8.000000000000000000, 5.000000000000000000 ) ) ;
#892 = CARTESIAN_POINT ( 'NONE',  ( 22.00000000000000000, -8.079197629375560297, 6.047008947193036832 ) ) ;
#893 = AXIS2_PLACEMENT_3D ( 'NONE', #3453, #3479, #5192 ) ;
#894 = EDGE_LOOP ( 'NONE', ( #910, #1688, #1164, #2282 ) ) ;
#895 = DIRECTION ( 'NONE',  ( 0.000000000000000000, 0.000000000000000000, 1.000000000000000000 ) ) ;
#896 = CARTESIAN_POINT ( 'NONE',  ( 22.00000000000000000, -7.999999999999928946, 3.950000000000472244 ) ) ;
#897 = DIRECTION ( 'NONE',  ( -0.000000000000000000, -1.000000000000000000, 0.000000000000000000 ) ) ;
#898 = AXIS2_PLACEMENT_3D ( 'NONE', #2751, #1130, #2440 ) ;
#900 = ADVANCED_FACE ( 'NONE', ( #3561 ), #4511, .T. ) ;
#899 = AXIS2_PLACEMENT_3D ( 'NONE', #4551, #4468, #687 ) ;
#901 = CIRCLE ( 'NONE', #2164, 25.00000000000000000 ) ;
#902 = EDGE_LOOP ( 'NONE', ( #3686, #5445, #5417, #2654 ) ) ;
#903 = CARTESIAN_POINT ( 'NONE',  ( 24.00000000000000000, -7.999999999999928946, 3.950000000000472244 ) ) ;
#904 = CARTESIAN_POINT ( 'NONE',  ( 32.00000000000000000, 15.05199322349037239, 20.00000000000000000 ) ) ;
#905 = DIRECTION ( 'NONE',  ( 0.000000000000000000, 0.000000000000000000, -1.000000000000000000 ) ) ;
#906 = AXIS2_PLACEMENT_3D ( 'NONE', #2587, #86, #2563 ) ;
#907 = EDGE_CURVE ( 'NONE', #499, #4405, #674, .T. ) ;
#908 = EDGE_CURVE ( 'NONE', #4643, #4039, #2936, .T. ) ;
#909 = CARTESIAN_POINT ( 'NONE',  ( 24.83506915225696332, 14.98111279469657120, 10.00018813114886918 ) ) ;
#910 = ORIENTED_EDGE ( 'NONE', *, *, #1175, .T. ) ;
#911 = CARTESIAN_POINT ( 'NONE',  ( 27.91314898150654855, -12.73332014002467538, 9.537290766691185695 ) ) ;
#912 = CARTESIAN_POINT ( 'NONE',  ( 31.99999999999999289, 9.832929583556619946, -0.4712810577177004578 ) ) ;
#913 = CARTESIAN_POINT ( 'NONE',  ( 22.00000000000000000, -7.150532155906233811, 5.617174514907571137 ) ) ;
#914 = CARTESIAN_POINT ( 'NONE',  ( 26.14999999999999858, -7.999999999999928946, 5.000000000000472511 ) ) ;
#915 = ADVANCED_FACE ( 'NONE', ( #2586 ), #4227, .F. ) ;
#916 = ADVANCED_FACE ( 'NONE', ( #163 ), #3520, .F. ) ;
#917 = DIRECTION ( 'NONE',  ( 0.000000000000000000, 0.000000000000000000, -1.000000000000000000 ) ) ;
#918 = ORIENTED_EDGE ( 'NONE', *, *, #4460, .T. ) ;
#919 = EDGE_LOOP ( 'NONE', ( #4890, #1224, #3359, #755, #2747 ) ) ;
#920 = CARTESIAN_POINT ( 'NONE',  ( 31.38481814145687565, 9.687609946218302071, -1.307992909785185232 ) ) ;
#921 = ORIENTED_EDGE ( 'NONE', *, *, #2889, .T. ) ;
#922 = LINE ( 'NONE', #2680, #2545 ) ;
#923 = CARTESIAN_POINT ( 'NONE',  ( 25.66548267483434387, 15.53334935468561895, 0.001836489102996011853 ) ) ;
#924 = ORIENTED_EDGE ( 'NONE', *, *, #3935, .F. ) ;
#925 = CYLINDRICAL_SURFACE ( 'NONE', #2219, 11.25000000000000178 ) ;
#926 = LINE ( 'NONE', #2626, #3164 ) ;
#927 = DIRECTION ( 'NONE',  ( 1.000000000000000000, -0.000000000000000000, -0.000000000000000000 ) ) ;
#928 = ORIENTED_EDGE ( 'NONE', *, *, #470, .T. ) ;
#929 = DIRECTION ( 'NONE',  ( 1.000000000000000000, -0.000000000000000000, -0.000000000000000000 ) ) ;
#930 = CARTESIAN_POINT ( 'NONE',  ( 29.61826377693847689, -11.26047617470555195, -0.2416915136738633785 ) ) ;
#931 = DIRECTION ( 'NONE',  ( -1.000000000000000000, 0.000000000000000000, 0.000000000000000000 ) ) ;
#932 = ADVANCED_FACE ( 'NONE', ( #495 ), #2696, .T. ) ;
#933 = CARTESIAN_POINT ( 'NONE',  ( 25.68830209145096788, 15.49558368575902456, 9.996534882536534994 ) ) ;
#934 = EDGE_LOOP ( 'NONE', ( #4222, #645, #1577, #545 ) ) ;
#935 = ORIENTED_EDGE ( 'NONE', *, *, #5006, .F. ) ;
#936 = CARTESIAN_POINT ( 'NONE',  ( 30.40778073212252508, -10.39068265660198165, 11.14310971742569834 ) ) ;
#937 = ADVANCED_FACE ( 'NONE', ( #84 ), #3185, .T. ) ;
#938 = DIRECTION ( 'NONE',  ( 0.000000000000000000, 0.000000000000000000, -1.000000000000000000 ) ) ;
#939 = DIRECTION ( 'NONE',  ( 0.000000000000000000, 0.000000000000000000, -1.000000000000000000 ) ) ;
#940 = EDGE_CURVE ( 'NONE', #3661, #4617, #2801, .T. ) ;
#941 = CARTESIAN_POINT ( 'NONE',  ( 26.14999999999999858, 7.150532155906305753, 4.382825485092902262 ) ) ;
#942 = CYLINDRICAL_SURFACE ( 'NONE', #4960, 0.2500000000000002220 ) ;
#943 = ORIENTED_EDGE ( 'NONE', *, *, #137, .T. ) ;
#944 = CARTESIAN_POINT ( 'NONE',  ( 22.00000000000000000, 7.150532155906305753, 5.367174514907097738 ) ) ;
#945 = ORIENTED_EDGE ( 'NONE', *, *, #3714, .F. ) ;
#946 = AXIS2_PLACEMENT_3D ( 'NONE', #2930, #4615, #5511 ) ;
#947 = ADVANCED_FACE ( 'NONE', ( #2241 ), #2278, .T. ) ;
#948 = EDGE_CURVE ( 'NONE', #782, #3447, #5316, .T. ) ;
#949 =( BOUNDED_SURFACE ( )  B_SPLINE_SURFACE ( 3, 2, ( 
 ( #353, #3797, #2045 ),
 ( #4442, #1725, #2239 ),
 ( #2667, #82, #4776 ),
 ( #3124, #3964, #1751 ),
 ( #911, #575, #2612 ),
 ( #23, #2302, #5233 ),
 ( #3518, #465, #140 ),
 ( #493, #4353, #4408 ),
 ( #1301, #936, #3464 ),
 ( #3548, #1369, #3069 ),
 ( #2639, #1391, #2210 ),
 ( #3929, #3099, #546 ) ),
 .UNSPECIFIED., .F., .F., .T. ) 
 B_SPLINE_SURFACE_WITH_KNOTS ( ( 4, 2, 2, 2, 2, 4 ),
 ( 3, 3 ),
 ( 0.0001334045740362377590, 0.002419625678124019078, 0.004705846782211800181, 0.006992067886299581717, 0.008135178438343472485, 0.009278288990387363253 ),
 ( 0.000000000000000000, 1.000000000000000000 ),
 .UNSPECIFIED. ) 
 GEOMETRIC_REPRESENTATION_ITEM ( )  RATIONAL_B_SPLINE_SURFACE ( (
 ( 1.000000000000000000, 0.7090413745937778067, 1.000000000000000000),
 ( 1.000000000000000000, 0.7265085048963408898, 1.000000000000000000),
 ( 1.000000000000000000, 0.7465645483332687959, 1.000000000000000000),
 ( 1.000000000000000000, 0.7892090850276800573, 1.000000000000000000),
 ( 1.000000000000000000, 0.8118883292479680547, 1.000000000000000000),
 ( 1.000000000000000000, 0.8573700429950227297, 1.000000000000000000),
 ( 1.000000000000000000, 0.8800946451847598828, 1.000000000000000000),
 ( 1.000000000000000000, 0.9117530248629088785, 1.000000000000000000),
 ( 1.000000000000000000, 0.9218584377975646005, 1.000000000000000000),
 ( 1.000000000000000000, 0.9401501768339560750, 1.000000000000000000),
 ( 1.000000000000000000, 0.9483427632656939998, 1.000000000000000000),
 ( 1.000000000000000000, 0.9545604369877805917, 1.000000000000000000) ) ) 
 REPRESENTATION_ITEM ( '' )  SURFACE ( )  );
#950 = FACE_OUTER_BOUND ( 'NONE', #330, .T. ) ;
#951 = CARTESIAN_POINT ( 'NONE',  ( 32.00000000000000000, -0.8935992301046571384, 13.55134419009916336 ) ) ;
#952 = ORIENTED_EDGE ( 'NONE', *, *, #1966, .F. ) ;
#953 = CARTESIAN_POINT ( 'NONE',  ( -10.00000000000000000, -30.00000000000000000, 0.4142135623730954230 ) ) ;
#954 = DIRECTION ( 'NONE',  ( 1.000000000000000000, 0.000000000000000000, 0.000000000000000000 ) ) ;
#955 = AXIS2_PLACEMENT_3D ( 'NONE', #3982, #4763, #4341 ) ;
#956 = VECTOR ( 'NONE', #4534, 1000.000000000000000 ) ;
#957 = CARTESIAN_POINT ( 'NONE',  ( 30.12996816277104628, 10.62954098981725082, 11.02121614350284595 ) ) ;
#958 = CARTESIAN_POINT ( 'NONE',  ( 24.00000000000000000, -10.00000000000000711, 10.00000000000000000 ) ) ;
#959 = VECTOR ( 'NONE', #715, 1000.000000000000000 ) ;
#960 = CARTESIAN_POINT ( 'NONE',  ( 24.83506915225679990, -14.98111279469646284, 10.00018813114887095 ) ) ;
#961 = VECTOR ( 'NONE', #2356, 1000.000000000000000 ) ;
#962 = CIRCLE ( 'NONE', #5555, 0.2500000000000011102 ) ;
#963 = CARTESIAN_POINT ( 'NONE',  ( 31.88627199456431427, -9.574733044159673412, -1.004658661014631305 ) ) ;
#964 = ORIENTED_EDGE ( 'NONE', *, *, #350, .F. ) ;
#965 = VERTEX_POINT ( 'NONE', #4779 ) ;
#966 = CARTESIAN_POINT ( 'NONE',  ( 26.35242302954722149, 14.33830338964672713, 13.07367574620078443 ) ) ;
#967 = DIRECTION ( 'NONE',  ( 1.000000000000000000, -0.000000000000000000, -0.000000000000000000 ) ) ;
#968 = CARTESIAN_POINT ( 'NONE',  ( 32.00000000001079314, -10.02140073190670400, 10.11964028626920076 ) ) ;
#969 = CYLINDRICAL_SURFACE ( 'NONE', #5425, 1.050000000000001377 ) ;
#970 = FACE_OUTER_BOUND ( 'NONE', #4695, .T. ) ;
#971 = ORIENTED_EDGE ( 'NONE', *, *, #2944, .F. ) ;
#972 = ORIENTED_EDGE ( 'NONE', *, *, #1839, .T. ) ;
#973 = FACE_OUTER_BOUND ( 'NONE', #269, .T. ) ;
#974 = ORIENTED_EDGE ( 'NONE', *, *, #2890, .T. ) ;
#975 = ADVANCED_FACE ( 'NONE', ( #142 ), #1864, .T. ) ;
#976 = FACE_OUTER_BOUND ( 'NONE', #572, .T. ) ;
#977 = CARTESIAN_POINT ( 'NONE',  ( 29.07318899598345752, 11.69921859594934332, 9.998289351839812156 ) ) ;
#978 = EDGE_CURVE ( 'NONE', #2051, #4812, #1835, .T. ) ;
#979 = VERTEX_POINT ( 'NONE', #2670 ) ;
#980 = FACE_BOUND ( 'NONE', #2842, .T. ) ;
#981 = FACE_OUTER_BOUND ( 'NONE', #3418, .T. ) ;
#982 = AXIS2_PLACEMENT_3D ( 'NONE', #1714, #4737, #3088 ) ;
#983 = VECTOR ( 'NONE', #5275, 1000.000000000000000 ) ;
#984 = CARTESIAN_POINT ( 'NONE',  ( 23.49200954670464370, -8.551344190098888021, 5.893599230105401432 ) ) ;
#985 = CARTESIAN_POINT ( 'NONE',  ( 23.99751377134736430, 7.008524212523341568, 4.653218621390197818 ) ) ;
#986 = CARTESIAN_POINT ( 'NONE',  ( 32.00000000000000000, -7.028708731544392130, 4.601135020562523437 ) ) ;
#987 = AXIS2_PLACEMENT_3D ( 'NONE', #1902, #4951, #2875 ) ;
#988 = TOROIDAL_SURFACE ( 'NONE', #5323, 10.25000000000000178, 1.000000000000000000 ) ;
#989 = CARTESIAN_POINT ( 'NONE',  ( 22.00000000000000000, 1.047008947192363593, -3.079197629375364897 ) ) ;
#990 = ORIENTED_EDGE ( 'NONE', *, *, #3279, .F. ) ;
#991 = CARTESIAN_POINT ( 'NONE',  ( 30.92405067934207352, 9.479722446659192059, -1.691281680929529463 ) ) ;
#992 = CARTESIAN_POINT ( 'NONE',  ( 25.84735620030498282, 15.23191083009863966, 10.22100240430891382 ) ) ;
#993 = CIRCLE ( 'NONE', #4777, 1.000000000000000888 ) ;
#994 = CARTESIAN_POINT ( 'NONE',  ( 26.14999999999999858, -7.150532155906233811, 5.617174514907571137 ) ) ;
#995 = CARTESIAN_POINT ( 'NONE',  ( 26.65712083516232056, -13.76403226767924615, 14.37691874463029151 ) ) ;
#996 = VECTOR ( 'NONE', #3739, 1000.000000000000000 ) ;
#997 =( NAMED_UNIT ( * ) PLANE_ANGLE_UNIT ( ) SI_UNIT ( $, .RADIAN. ) );
#998 = CIRCLE ( 'NONE', #3178, 30.00000000000000000 ) ;
#999 = CARTESIAN_POINT ( 'NONE',  ( 31.00000000000000000, -9.390462030729407772, -1.756999056569589657 ) ) ;
#1000 = VERTEX_POINT ( 'NONE', #3966 ) ;
#1001 = ORIENTED_EDGE ( 'NONE', *, *, #3279, .T. ) ;
#1002 = CARTESIAN_POINT ( 'NONE',  ( 22.00000000000000000, -2.002642472099355980E-13, -2.999999999999725109 ) ) ;
#1003 = EDGE_LOOP ( 'NONE', ( #2970, #2926, #5176, #66 ) ) ;
#1004 = EDGE_CURVE ( 'NONE', #1818, #3090, #1255, .T. ) ;
#1005 = CYLINDRICAL_SURFACE ( 'NONE', #3361, 0.2499999999999993616 ) ;
#1006 = CARTESIAN_POINT ( 'NONE',  ( 27.25419343909853609, 13.41405203981998540, 9.323338346218953632 ) ) ;
#1007 = ORIENTED_EDGE ( 'NONE', *, *, #398, .F. ) ;
#1008 = CARTESIAN_POINT ( 'NONE',  ( 26.14999999999999858, 2.697013575311803147E-13, 14.05000000000020144 ) ) ;
#1009 = DIRECTION ( 'NONE',  ( -0.5149771470258572847, 0.8571553879953713873, 0.009120245150923035268 ) ) ;
#1010 = ADVANCED_FACE ( 'NONE', ( #1393 ), #3155, .F. ) ;
#1011 = VECTOR ( 'NONE', #429, 1000.000000000000000 ) ;
#1012 = CARTESIAN_POINT ( 'NONE',  ( 22.00000000000000000, -7.150532155906233811, 4.382825485093376550 ) ) ;
#1013 = DIRECTION ( 'NONE',  ( 1.000000000000000000, -0.000000000000000000, -0.000000000000000000 ) ) ;
#1014 = FACE_OUTER_BOUND ( 'NONE', #3129, .T. ) ;
#1015 = ADVANCED_FACE ( 'NONE', ( #4129 ), #292, .F. ) ;
#1016 = EDGE_CURVE ( 'NONE', #5122, #3408, #2868, .T. ) ;
#1017 = DIRECTION ( 'NONE',  ( -1.000000000000000000, 0.000000000000000000, -0.000000000000000000 ) ) ;
#1018 = ORIENTED_EDGE ( 'NONE', *, *, #1499, .T. ) ;
#1019 = CARTESIAN_POINT ( 'NONE',  ( 29.83667446502278509, 10.32707598087971590, -1.183585020366622720 ) ) ;
#1020 = CARTESIAN_POINT ( 'NONE',  ( 27.84147467800924503, 11.93088651888732699, 2.345527804210338463 ) ) ;
#1021 = DIRECTION ( 'NONE',  ( 1.000000000000000000, -0.000000000000000000, -0.000000000000000000 ) ) ;
#1022 = CARTESIAN_POINT ( 'NONE',  ( 22.00000000000000000, -8.079197629375563849, 3.952991052807908634 ) ) ;
#1023 = CYLINDRICAL_SURFACE ( 'NONE', #1554, 0.2500000000000002220 ) ;
#1024 = CARTESIAN_POINT ( 'NONE',  ( 32.00000000000000000, -7.150532155906233811, 5.367174514907572913 ) ) ;
#1025 = VERTEX_POINT ( 'NONE', #4043 ) ;
#1026 = ORIENTED_EDGE ( 'NONE', *, *, #2966, .T. ) ;
#1027 = CARTESIAN_POINT ( 'NONE',  ( 32.00000000000000000, 0.9986093421097119727, -3.324467844093424773 ) ) ;
#1028 = ORIENTED_EDGE ( 'NONE', *, *, #294, .F. ) ;
#1029 = CARTESIAN_POINT ( 'NONE',  ( 25.25918885205058473, -14.33936060511974020, -0.007016458167581065067 ) ) ;
#1030 = DIRECTION ( 'NONE',  ( 0.000000000000000000, 0.000000000000000000, -1.000000000000000000 ) ) ;
#1031 = DIRECTION ( 'NONE',  ( 1.000000000000000000, -0.000000000000000000, -0.000000000000000000 ) ) ;
#1032 = PRESENTATION_LAYER_ASSIGNMENT (  '', '', ( #3565 ) ) ;
#1033 = EDGE_LOOP ( 'NONE', ( #2283, #255, #4705, #4704 ) ) ;
#1034 = DIRECTION ( 'NONE',  ( 0.000000000000000000, 0.000000000000000000, 1.000000000000000000 ) ) ;
#1035 = ORIENTED_EDGE ( 'NONE', *, *, #2466, .F. ) ;
#1036 = CYLINDRICAL_SURFACE ( 'NONE', #3784, 1.050000000000001377 ) ;
#1037 = EDGE_CURVE ( 'NONE', #4573, #2399, #629, .T. ) ;
#1038 = CARTESIAN_POINT ( 'NONE',  ( 26.14999999999999858, 0.9986093421101819301, 13.07446784409389373 ) ) ;
#1039 = CARTESIAN_POINT ( 'NONE',  ( 24.00000000000000000, 7.000000000000007994, 4.679843788128335014 ) ) ;
#1040 = DIRECTION ( 'NONE',  ( 1.000000000000000000, -0.000000000000000000, -0.000000000000000000 ) ) ;
#1041 = LINE ( 'NONE', #1533, #961 ) ;
#1042 = EDGE_LOOP ( 'NONE', ( #3329, #33, #2692, #793 ) ) ;
#1043 = EDGE_CURVE ( 'NONE', #5123, #3060, #4578, .T. ) ;
#1044 = CARTESIAN_POINT ( 'NONE',  ( 29.51584991239430877, 11.34399442518551382, -0.1927679095891420002 ) ) ;
#1045 = CARTESIAN_POINT ( 'NONE',  ( 27.93303319451245414, 11.64926158109101628, 0.8668983528406185579 ) ) ;
#1046 = DIRECTION ( 'NONE',  ( 0.000000000000000000, 0.000000000000000000, 1.000000000000000000 ) ) ;
#1047 = CARTESIAN_POINT ( 'NONE',  ( 22.00000000000000000, 7.150532155906305753, 4.382825485092902262 ) ) ;
#1048 = CIRCLE ( 'NONE', #2501, 1.049999999999999822 ) ;
#1049 = AXIS2_PLACEMENT_3D ( 'NONE', #2724, #595, #5368 ) ;
#1050 = DIRECTION ( 'NONE',  ( 1.000000000000000000, -0.000000000000000000, -0.000000000000000000 ) ) ;
#1051 = DIRECTION ( 'NONE',  ( 1.000000000000000000, -0.000000000000000000, -0.000000000000000000 ) ) ;
#1052 = VERTEX_POINT ( 'NONE', #718 ) ;
#1053 = ORIENTED_EDGE ( 'NONE', *, *, #366, .F. ) ;
#1054 = DIRECTION ( 'NONE',  ( 0.000000000000000000, 0.000000000000000000, 1.000000000000000000 ) ) ;
#1055 = ORIENTED_EDGE ( 'NONE', *, *, #1210, .F. ) ;
#1056 = FACE_OUTER_BOUND ( 'NONE', #5211, .T. ) ;
#1057 = DIRECTION ( 'NONE',  ( 1.000000000000000000, -0.000000000000000000, -0.000000000000000000 ) ) ;
#1058 = DIRECTION ( 'NONE',  ( 0.000000000000000000, 0.000000000000000000, 1.000000000000000000 ) ) ;
#1059 = ORIENTED_EDGE ( 'NONE', *, *, #4050, .T. ) ;
#1060 = CARTESIAN_POINT ( 'NONE',  ( 27.19884808451489278, -12.31458526506116691, 10.37080715331764580 ) ) ;
#1061 = ORIENTED_EDGE ( 'NONE', *, *, #3714, .T. ) ;
#1062 = DIRECTION ( 'NONE',  ( 0.000000000000000000, 0.000000000000000000, -1.000000000000000000 ) ) ;
#1063 = AXIS2_PLACEMENT_3D ( 'NONE', #4982, #4504, #303 ) ;
#1064 = ADVANCED_FACE ( 'NONE', ( #4973 ), #1893, .T. ) ;
#1065 = CARTESIAN_POINT ( 'NONE',  ( 24.78784984624523346, 15.05199322349037239, 1.000000000000001776 ) ) ;
#1066 = FACE_OUTER_BOUND ( 'NONE', #1860, .T. ) ;
#1067 = DIRECTION ( 'NONE',  ( 0.000000000000000000, 0.000000000000000000, -1.000000000000000000 ) ) ;
#1068 = DIRECTION ( 'NONE',  ( 1.000000000000000000, -0.000000000000000000, -0.000000000000000000 ) ) ;
#1069 = ORIENTED_EDGE ( 'NONE', *, *, #187, .F. ) ;
#1070 = TOROIDAL_SURFACE ( 'NONE', #3697, 11.00000000000000000, 1.000000000000000000 ) ;
#1071 = CARTESIAN_POINT ( 'NONE',  ( 24.00000000000000000, -8.000000000000000000, 7.000000000000396128 ) ) ;
#1072 = CARTESIAN_POINT ( 'NONE',  ( 31.99999999997028155, 10.58244709853398291, 1.141928316378354014 ) ) ;
#1073 = DIRECTION ( 'NONE',  ( 0.000000000000000000, 1.000000000000000000, -0.000000000000000000 ) ) ;
#1074 = DIRECTION ( 'NONE',  ( 1.000000000000000000, -0.000000000000000000, -0.000000000000000000 ) ) ;
#1075 = EDGE_CURVE ( 'NONE', #5069, #5029, #189, .T. ) ;
#1076 = VECTOR ( 'NONE', #2287, 1000.000000000000000 ) ;
#1077 = CARTESIAN_POINT ( 'NONE',  ( 25.70509321710714445, -13.79652757875891034, -0.06577213950479962601 ) ) ;
#1078 = VERTEX_POINT ( 'NONE', #1953 ) ;
#1079 = AXIS2_PLACEMENT_3D ( 'NONE', #677, #1094, #4930 ) ;
#1080 = VERTEX_POINT ( 'NONE', #3736 ) ;
#1081 = FACE_OUTER_BOUND ( 'NONE', #4058, .T. ) ;
#1082 = ORIENTED_EDGE ( 'NONE', *, *, #2690, .T. ) ;
#1083 = CARTESIAN_POINT ( 'NONE',  ( 31.00000000000000000, -15.05199322349037239, 20.00000000000000000 ) ) ;
#1084 = EDGE_CURVE ( 'NONE', #3219, #3075, #5045, .T. ) ;
#1085 = EDGE_CURVE ( 'NONE', #3408, #2732, #4053, .T. ) ;
#1086 = VECTOR ( 'NONE', #2131, 1000.000000000000000 ) ;
#1087 = DIRECTION ( 'NONE',  ( 0.000000000000000000, 0.000000000000000000, 1.000000000000000000 ) ) ;
#1088 = CARTESIAN_POINT ( 'NONE',  ( 26.14999999999999858, -7.999999999999928946, 5.000000000000472511 ) ) ;
#1089 = VERTEX_POINT ( 'NONE', #2389 ) ;
#1090 = FACE_OUTER_BOUND ( 'NONE', #1163, .T. ) ;
#1091 = ORIENTED_EDGE ( 'NONE', *, *, #779, .T. ) ;
#1092 = CARTESIAN_POINT ( 'NONE',  ( 22.00000000000000000, -0.8004968329776132041, 12.32051135374304707 ) ) ;
#1093 = CIRCLE ( 'NONE', #4788, 0.2500000000000002220 ) ;
#1094 = DIRECTION ( 'NONE',  ( -0.000000000000000000, 0.7058823529411765163, 0.7083290928701350131 ) ) ;
#1095 = ORIENTED_EDGE ( 'NONE', *, *, #2466, .T. ) ;
#1096 = DIRECTION ( 'NONE',  ( 1.000000000000000000, 0.000000000000000000, 0.000000000000000000 ) ) ;
#1097 = CARTESIAN_POINT ( 'NONE',  ( 26.14999999999999858, -7.028708731544392130, 4.601135020562523437 ) ) ;
#1098 = LINE ( 'NONE', #4968, #1768 ) ;
#1099 = ORIENTED_EDGE ( 'NONE', *, *, #2741, .T. ) ;
#1100 = CARTESIAN_POINT ( 'NONE',  ( 24.85854012602414898, 14.94559794137272313, 10.00056601382142674 ) ) ;
#1101 = CARTESIAN_POINT ( 'NONE',  ( 26.14999999999999858, 2.714842239903703103E-13, 13.00000000000019895 ) ) ;
#1102 = CARTESIAN_POINT ( 'NONE',  ( 22.00000000000000000, 7.320511353742844562, 5.800496832977882100 ) ) ;
#1103 = CARTESIAN_POINT ( 'NONE',  ( 23.49200954670464370, -8.551344190098888021, 5.893599230105401432 ) ) ;
#1104 = DIRECTION ( 'NONE',  ( -1.000000000000000000, 0.000000000000000000, 0.000000000000000000 ) ) ;
#1105 = ORIENTED_EDGE ( 'NONE', *, *, #5494, .T. ) ;
#1106 = ORIENTED_EDGE ( 'NONE', *, *, #3838, .T. ) ;
#1107 = DIRECTION ( 'NONE',  ( 0.000000000000000000, 0.000000000000000000, -1.000000000000000000 ) ) ;
#1108 = ORIENTED_EDGE ( 'NONE', *, *, #2713, .T. ) ;
#1109 = EDGE_CURVE ( 'NONE', #1647, #3309, #4156, .T. ) ;
#1110 = CARTESIAN_POINT ( 'NONE',  ( 26.49999277787117080, -14.27854934052939484, 0.8890595878119410544 ) ) ;
#1111 = CIRCLE ( 'NONE', #4093, 1.049999999999997158 ) ;
#1112 = EDGE_CURVE ( 'NONE', #5367, #2901, #1620, .T. ) ;
#1113 = FACE_OUTER_BOUND ( 'NONE', #4091, .T. ) ;
#1114 = CARTESIAN_POINT ( 'NONE',  ( 32.00000000000000000, -7.028708731544392130, 5.398864979438423362 ) ) ;
#1115 = B_SPLINE_CURVE_WITH_KNOTS ( 'NONE', 3,
 ( #2769, #588, #4488, #5306 ),
 .UNSPECIFIED., .F., .F.,
 ( 4, 4 ),
 ( 0.0007669826723582137381, 0.0008495824387531083740 ),
 .UNSPECIFIED. ) ;
#1116 = ORIENTED_EDGE ( 'NONE', *, *, #4436, .F. ) ;
#1117 = CARTESIAN_POINT ( 'NONE',  ( 29.97304835859173622, -10.23017799126187555, 11.23613021650186461 ) ) ;
#1118 = ORIENTED_EDGE ( 'NONE', *, *, #2090, .F. ) ;
#1119 = EDGE_CURVE ( 'NONE', #5269, #2146, #1188, .T. ) ;
#1120 = CARTESIAN_POINT ( 'NONE',  ( 27.90430946005972856, -11.73896237888751415, 1.210944228749112783 ) ) ;
#1121 = CIRCLE ( 'NONE', #1664, 3.100000000000000089 ) ;
#1122 = CARTESIAN_POINT ( 'NONE',  ( 23.68543856465405284, -7.999999999999948486, 3.950000000000283951 ) ) ;
#1123 = DIRECTION ( 'NONE',  ( 1.000000000000000000, 0.000000000000000000, 0.000000000000000000 ) ) ;
#1124 = CARTESIAN_POINT ( 'NONE',  ( 23.39081227529138474, -8.824502545779383311, 4.876014872774070419 ) ) ;
#1125 = CIRCLE ( 'NONE', #1972, 0.2500000000000002220 ) ;
#1126 = ORIENTED_EDGE ( 'NONE', *, *, #3133, .T. ) ;
#1127 = CARTESIAN_POINT ( 'NONE',  ( 31.63025617028102943, 9.435938562265789642, 11.45978637628572372 ) ) ;
#1128 = CARTESIAN_POINT ( 'NONE',  ( 27.23037442504190508, 12.58994474459773016, -6.370169158579677138 ) ) ;
#1129 = CARTESIAN_POINT ( 'NONE',  ( 26.14999999999999858, 0.9986093421097119727, -3.324467844093424773 ) ) ;
#1130 = DIRECTION ( 'NONE',  ( -0.000000000000000000, -0.000000000000000000, -1.000000000000000000 ) ) ;
#1131 = EDGE_CURVE ( 'NONE', #3245, #4627, #1538, .T. ) ;
#1132 = DIRECTION ( 'NONE',  ( 1.000000000000000000, -0.000000000000000000, -0.000000000000000000 ) ) ;
#1133 = VERTEX_POINT ( 'NONE', #1103 ) ;
#1134 = AXIS2_PLACEMENT_3D ( 'NONE', #3557, #4761, #4451 ) ;
#1135 = ORIENTED_EDGE ( 'NONE', *, *, #398, .T. ) ;
#1136 = CARTESIAN_POINT ( 'NONE',  ( 24.00000000000000000, -15.05199322349037239, -9.999999999999998224 ) ) ;
#1137 = ORIENTED_EDGE ( 'NONE', *, *, #203, .F. ) ;
#1138 = CARTESIAN_POINT ( 'NONE',  ( 22.00000000000000000, -9.049999999999929656, 5.000000000000472511 ) ) ;
#1139 = VECTOR ( 'NONE', #3399, 1000.000000000000000 ) ;
#1140 = AXIS2_PLACEMENT_3D ( 'NONE', #5408, #1958, #2788 ) ;
#1141 = EDGE_CURVE ( 'NONE', #5434, #2494, #1798, .T. ) ;
#1142 = FACE_OUTER_BOUND ( 'NONE', #902, .T. ) ;
#1143 = CARTESIAN_POINT ( 'NONE',  ( 23.32883760827339614, 8.987024208099832379, 4.615262750779309364 ) ) ;
#1144 = CARTESIAN_POINT ( 'NONE',  ( 25.71573116485256705, 15.44995697913202726, 9.000622615203571542 ) ) ;
#1145 = VERTEX_POINT ( 'NONE', #3325 ) ;
#1146 = CARTESIAN_POINT ( 'NONE',  ( 26.16603052893363568, -14.67569385005964655, -2.144592919036321543 ) ) ;
#1147 = EDGE_CURVE ( 'NONE', #5029, #2700, #1259, .T. ) ;
#1148 = EDGE_CURVE ( 'NONE', #3524, #3132, #2415, .T. ) ;
#1149 = LINE ( 'NONE', #4120, #691 ) ;
#1150 = TOROIDAL_SURFACE ( 'NONE', #5026, 28.99999999999999645, 1.000000000000000000 ) ;
#1151 = CARTESIAN_POINT ( 'NONE',  ( 23.35181259531253772, -8.927502658779326694, 5.510773111356430221 ) ) ;
#1152 = PLANE ( 'NONE',  #1386 ) ;
#1153 = CIRCLE ( 'NONE', #1873, 1.049999999999998934 ) ;
#1154 = ORIENTED_EDGE ( 'NONE', *, *, #1573, .T. ) ;
#1155 = CARTESIAN_POINT ( 'NONE',  ( -10.00000000000000000, -30.00000000000000000, 1.000000000000000000 ) ) ;
#1156 = SURFACE_SIDE_STYLE ('',( #4235 ) ) ;
#1157 = CARTESIAN_POINT ( 'NONE',  ( 31.00000000000000000, -7.968702294789020257, -2.941176470588235947 ) ) ;
#1158 = DIRECTION ( 'NONE',  ( -1.000000000000000000, 0.000000000000000000, 0.000000000000000000 ) ) ;
#1159 = VECTOR ( 'NONE', #2601, 1000.000000000000000 ) ;
#1160 = CIRCLE ( 'NONE', #3607, 5.000000000000000000 ) ;
#1161 = ORIENTED_EDGE ( 'NONE', *, *, #3847, .T. ) ;
#1162 = CYLINDRICAL_SURFACE ( 'NONE', #2902, 1.050000000000001377 ) ;
#1163 = EDGE_LOOP ( 'NONE', ( #784, #2188, #943, #5435 ) ) ;
#1164 = ORIENTED_EDGE ( 'NONE', *, *, #5352, .F. ) ;
#1165 = CARTESIAN_POINT ( 'NONE',  ( 22.00000000000000000, -0.8935992301046571384, 13.55134419009916336 ) ) ;
#1166 = CARTESIAN_POINT ( 'NONE',  ( 23.65854107221094793, -8.079197629375563849, 3.952991052807908634 ) ) ;
#1167 = CARTESIAN_POINT ( 'NONE',  ( 29.51351296427164073, -11.34584477530107272, -0.1918187806283696284 ) ) ;
#1168 = CIRCLE ( 'NONE', #1079, 0.9999999999999998890 ) ;
#1169 = VECTOR ( 'NONE', #5346, 1000.000000000000000 ) ;
#1170 = CARTESIAN_POINT ( 'NONE',  ( 31.58153269725703893, -9.442722495556900242, 11.49703610850629154 ) ) ;
#1171 = ORIENTED_EDGE ( 'NONE', *, *, #262, .F. ) ;
#1172 = ORIENTED_EDGE ( 'NONE', *, *, #5257, .F. ) ;
#1173 = DIRECTION ( 'NONE',  ( 0.000000000000000000, 0.000000000000000000, 1.000000000000000000 ) ) ;
#1174 = ORIENTED_EDGE ( 'NONE', *, *, #2915, .F. ) ;
#1175 = EDGE_CURVE ( 'NONE', #3300, #3724, #633, .T. ) ;
#1176 = CIRCLE ( 'NONE', #5239, 0.2499999999999982792 ) ;
#1177 = LINE ( 'NONE', #1912, #4060 ) ;
#1178 = ORIENTED_EDGE ( 'NONE', *, *, #1662, .T. ) ;
#1179 = EDGE_CURVE ( 'NONE', #2163, #2248, #993, .T. ) ;
#1180 = CYLINDRICAL_SURFACE ( 'NONE', #1468, 0.2500000000000002220 ) ;
#1181 = CARTESIAN_POINT ( 'NONE',  ( 24.00000000000000000, 8.079197629375634904, 6.047008947192564321 ) ) ;
#1182 = EDGE_LOOP ( 'NONE', ( #1227, #2908, #5392, #5004 ) ) ;
#1183 = CARTESIAN_POINT ( 'NONE',  ( 32.00000000000000000, 9.833050188516100576, 10.47105285652818019 ) ) ;
#1184 = CARTESIAN_POINT ( 'NONE',  ( 24.00000000000000000, 15.05199322349037239, 20.00000000000000000 ) ) ;
#1185 = DIRECTION ( 'NONE',  ( 0.000000000000000000, 0.000000000000000000, 1.000000000000000000 ) ) ;
#1186 = DIRECTION ( 'NONE',  ( 0.000000000000000000, 1.387778780781444413E-14, 1.000000000000000000 ) ) ;
#1187 = EDGE_CURVE ( 'NONE', #2357, #1251, #3790, .T. ) ;
#1188 = B_SPLINE_CURVE_WITH_KNOTS ( 'NONE', 3,
 ( #2007, #1566, #5402, #628, #2362, #5344, #4941, #5455, #3212, #4911 ),
 .UNSPECIFIED., .F., .F.,
 ( 4, 2, 2, 2, 4 ),
 ( 0.000000000000000000, 0.0001862811617670645883, 0.0003725623235341291766, 0.0005588434853011938191, 0.0007451246470682583532 ),
 .UNSPECIFIED. ) ;
#1189 = AXIS2_PLACEMENT_3D ( 'NONE', #741, #1202, #2457 ) ;
#1190 = CARTESIAN_POINT ( 'NONE',  ( -10.00000000000000000, -25.00000000000000000, 0.9999999999999991118 ) ) ;
#1191 = ORIENTED_EDGE ( 'NONE', *, *, #1412, .T. ) ;
#1192 = ORIENTED_EDGE ( 'NONE', *, *, #3260, .T. ) ;
#1193 = DIRECTION ( 'NONE',  ( 0.000000000000000000, 0.000000000000000000, -1.000000000000000000 ) ) ;
#1194 = CYLINDRICAL_SURFACE ( 'NONE', #946, 1.049999999999999822 ) ;
#1195 = DIRECTION ( 'NONE',  ( 0.000000000000000000, 0.000000000000000000, -1.000000000000000000 ) ) ;
#1196 = ORIENTED_EDGE ( 'NONE', *, *, #2404, .T. ) ;
#1197 = CARTESIAN_POINT ( 'NONE',  ( 22.00000000000000000, 8.000000000000000000, 5.000000000000000000 ) ) ;
#1198 = ORIENTED_EDGE ( 'NONE', *, *, #2008, .F. ) ;
#1199 = CARTESIAN_POINT ( 'NONE',  ( 31.99999999999231193, -11.24993634088720995, 4.712173923172656487 ) ) ;
#1200 = CARTESIAN_POINT ( 'NONE',  ( 31.00000000000000000, 9.390462030729404219, -1.756999056569591433 ) ) ;
#1201 = CARTESIAN_POINT ( 'NONE',  ( -9.000000000000001776, 30.00000000000000000, 0.000000000000000000 ) ) ;
#1202 = DIRECTION ( 'NONE',  ( 1.000000000000000000, -0.000000000000000000, -0.000000000000000000 ) ) ;
#1203 = CARTESIAN_POINT ( 'NONE',  ( 32.00000000000000000, -7.260373201918885577, -2.235294117647059764 ) ) ;
#1204 = EDGE_CURVE ( 'NONE', #3962, #5508, #11, .T. ) ;
#1205 = ORIENTED_EDGE ( 'NONE', *, *, #1109, .F. ) ;
#1206 = CARTESIAN_POINT ( 'NONE',  ( 31.97341900468594744, 9.721475284177849119, 10.68651351314677278 ) ) ;
#1207 = DIRECTION ( 'NONE',  ( 0.000000000000000000, 0.7058823529411767383, -0.7083290928701349021 ) ) ;
#1208 = CARTESIAN_POINT ( 'NONE',  ( 23.54063383467337189, -8.417138313416728579, 5.748609342110918341 ) ) ;
#1209 = DIRECTION ( 'NONE',  ( 1.000000000000000000, -0.000000000000000000, -0.000000000000000000 ) ) ;
#1210 = EDGE_CURVE ( 'NONE', #965, #3990, #2897, .T. ) ;
#1211 = EDGE_CURVE ( 'NONE', #1599, #2525, #3841, .T. ) ;
#1212 = DIRECTION ( 'NONE',  ( 0.000000000000000000, 0.000000000000000000, 1.000000000000000000 ) ) ;
#1213 = ORIENTED_EDGE ( 'NONE', *, *, #4877, .F. ) ;
#1214 = ORIENTED_EDGE ( 'NONE', *, *, #1112, .T. ) ;
#1215 = CARTESIAN_POINT ( 'NONE',  ( 22.00000000000000000, -7.028708731544392130, 5.398864979438423362 ) ) ;
#1216 = CARTESIAN_POINT ( 'NONE',  ( 23.92643153730581673, 7.247601007098980475, 5.381568421538752034 ) ) ;
#1217 = CARTESIAN_POINT ( 'NONE',  ( 31.13329652312942741, -9.945286567092974650, -1.116734974096964539 ) ) ;
#1218 = CARTESIAN_POINT ( 'NONE',  ( 25.64260328921920262, -15.57102747257624742, 1.000000000000000666 ) ) ;
#1219 = AXIS2_PLACEMENT_3D ( 'NONE', #1197, #4644, #1652 ) ;
#1220 = CIRCLE ( 'NONE', #2766, 2.000000000000001776 ) ;
#1221 = CARTESIAN_POINT ( 'NONE',  ( 24.00000000000000000, -7.968702294789020257, -2.941176470588235947 ) ) ;
#1222 = ORIENTED_EDGE ( 'NONE', *, *, #223, .T. ) ;
#1223 = CARTESIAN_POINT ( 'NONE',  ( 23.87149367489576690, 7.427264281840088245, 5.891112310277075714 ) ) ;
#1224 = ORIENTED_EDGE ( 'NONE', *, *, #166, .T. ) ;
#1225 = AXIS2_PLACEMENT_3D ( 'NONE', #40, #3832, #5548 ) ;
#1226 = AXIS2_PLACEMENT_3D ( 'NONE', #1136, #244, #2959 ) ;
#1227 = ORIENTED_EDGE ( 'NONE', *, *, #223, .F. ) ;
#1228 = CARTESIAN_POINT ( 'NONE',  ( 26.14999999999999858, -7.150532155906233811, 5.617174514907571137 ) ) ;
#1229 = FACE_OUTER_BOUND ( 'NONE', #3992, .T. ) ;
#1230 = CARTESIAN_POINT ( 'NONE',  ( 23.40003769285658564, -8.799899771271920912, 5.062215086249268303 ) ) ;
#1231 = EDGE_CURVE ( 'NONE', #855, #138, #5481, .T. ) ;
#1232 = VERTEX_POINT ( 'NONE', #4180 ) ;
#1233 = CARTESIAN_POINT ( 'NONE',  ( 25.64260328921920618, -15.57102747257624742, 0.9999999999999991118 ) ) ;
#1234 = CARTESIAN_POINT ( 'NONE',  ( -10.00000000000000000, -30.00000000000000000, 9.585786437626905965 ) ) ;
#1235 = DIRECTION ( 'NONE',  ( 1.000000000000000000, 0.000000000000000000, 0.000000000000000000 ) ) ;
#1236 = DIRECTION ( 'NONE',  ( 0.000000000000000000, 0.000000000000000000, -1.000000000000000000 ) ) ;
#1237 = EDGE_CURVE ( 'NONE', #3020, #2732, #4630, .T. ) ;
#1238 = VERTEX_POINT ( 'NONE', #798 ) ;
#1239 = CARTESIAN_POINT ( 'NONE',  ( 23.66758219945635844, -8.052722242822710541, 3.950988407216950105 ) ) ;
#1240 = EDGE_LOOP ( 'NONE', ( #210, #2761, #5195, #5484, #4228, #4510, #1475, #475, #4491, #2682, #3113, #420, #3416, #3667, #1241, #2976, #689, #4141, #147, #5543, #5405 ) ) ;
#1241 = ORIENTED_EDGE ( 'NONE', *, *, #3405, .T. ) ;
#1242 = CARTESIAN_POINT ( 'NONE',  ( 31.88675288699396049, -9.575326850766867182, 11.00328110387448710 ) ) ;
#1243 = ORIENTED_EDGE ( 'NONE', *, *, #2987, .F. ) ;
#1244 = EDGE_CURVE ( 'NONE', #2443, #2299, #3656, .T. ) ;
#1245 = CARTESIAN_POINT ( 'NONE',  ( 32.00000000000000000, 9.020238095238095610, 4.751777863547702374 ) ) ;
#1246 = ADVANCED_FACE ( 'NONE', ( #2556, #3350 ), #2490, .F. ) ;
#1247 = CARTESIAN_POINT ( 'NONE',  ( 26.14999999999999858, 1.986258379993444123E-13, 15.00000000000022915 ) ) ;
#1248 = FACE_OUTER_BOUND ( 'NONE', #462, .T. ) ;
#1249 = ORIENTED_EDGE ( 'NONE', *, *, #3988, .T. ) ;
#1250 = AXIS2_PLACEMENT_3D ( 'NONE', #3116, #5252, #3921 ) ;
#1251 = VERTEX_POINT ( 'NONE', #4237 ) ;
#1252 = DIRECTION ( 'NONE',  ( 1.000000000000000000, -0.000000000000000000, -0.000000000000000000 ) ) ;
#1253 = ORIENTED_EDGE ( 'NONE', *, *, #1889, .F. ) ;
#1254 = EDGE_CURVE ( 'NONE', #1888, #427, #5234, .T. ) ;
#1255 = CIRCLE ( 'NONE', #3166, 0.2500000000000002220 ) ;
#1256 = CARTESIAN_POINT ( 'NONE',  ( 29.97304835859173977, 10.23017799126187732, -1.236130216501864387 ) ) ;
#1257 = ORIENTED_EDGE ( 'NONE', *, *, #839, .F. ) ;
#1258 = FACE_OUTER_BOUND ( 'NONE', #2734, .T. ) ;
#1259 = CIRCLE ( 'NONE', #899, 3.100000000000000089 ) ;
#1260 = CARTESIAN_POINT ( 'NONE',  ( 32.00000000000000000, 6.123233995736766282E-16, 10.00000000000000000 ) ) ;
#1261 = AXIS2_PLACEMENT_3D ( 'NONE', #877, #2664, #4322 ) ;
#1262 = DIRECTION ( 'NONE',  ( 0.000000000000000000, 0.000000000000000000, 1.000000000000000000 ) ) ;
#1263 = AXIS2_PLACEMENT_3D ( 'NONE', #550, #4862, #4498 ) ;
#1264 = ORIENTED_EDGE ( 'NONE', *, *, #323, .T. ) ;
#1265 = FACE_OUTER_BOUND ( 'NONE', #552, .T. ) ;
#1266 = CARTESIAN_POINT ( 'NONE',  ( 24.00000000000000000, 0.000000000000000000, -6.250000000000000888 ) ) ;
#1267 = DIRECTION ( 'NONE',  ( 1.000000000000000000, -0.000000000000000000, -0.000000000000000000 ) ) ;
#1268 = CARTESIAN_POINT ( 'NONE',  ( 22.00000000000000000, 2.714842239903703103E-13, 11.95000000000020002 ) ) ;
#1269 = CIRCLE ( 'NONE', #2276, 1.050000000000000488 ) ;
#1270 =( BOUNDED_CURVE ( )  B_SPLINE_CURVE ( 3, ( #4629, #5528, #1234, #5115 ),
 .UNSPECIFIED., .F., .F. ) 
 B_SPLINE_CURVE_WITH_KNOTS ( ( 4, 4 ),
 ( 4.712388980384689674, 6.283185307179586232 ),
 .UNSPECIFIED. ) 
 CURVE ( )  GEOMETRIC_REPRESENTATION_ITEM ( )  RATIONAL_B_SPLINE_CURVE ( ( 1.000000000000000000, 0.8047378541243649375, 0.8047378541243649375, 1.000000000000000000 ) ) 
 REPRESENTATION_ITEM ( '' )  );
#1271 = CARTESIAN_POINT ( 'NONE',  ( 25.64260328921920262, 15.57102747257624920, 9.000000000000001776 ) ) ;
#1272 = ORIENTED_EDGE ( 'NONE', *, *, #4181, .F. ) ;
#1273 = EDGE_CURVE ( 'NONE', #2215, #4306, #4025, .T. ) ;
#1274 = ORIENTED_EDGE ( 'NONE', *, *, #4294, .F. ) ;
#1275 = DIRECTION ( 'NONE',  ( 1.000000000000000000, -0.000000000000000000, -0.000000000000000000 ) ) ;
#1276 = ORIENTED_EDGE ( 'NONE', *, *, #5173, .T. ) ;
#1277 = CARTESIAN_POINT ( 'NONE',  ( 31.14537892415019016, -9.242442109970646413, -1.860644014456564799 ) ) ;
#1278 = DIRECTION ( 'NONE',  ( 1.000000000000000000, 0.000000000000000000, 0.000000000000000000 ) ) ;
#1279 = LINE ( 'NONE', #29, #4685 ) ;
#1280 = ORIENTED_EDGE ( 'NONE', *, *, #5395, .F. ) ;
#1281 = EDGE_CURVE ( 'NONE', #5515, #3956, #727, .T. ) ;
#1282 = VERTEX_POINT ( 'NONE', #404 ) ;
#1283 = DIRECTION ( 'NONE',  ( 0.000000000000000000, 0.000000000000000000, -1.000000000000000000 ) ) ;
#1284 = ORIENTED_EDGE ( 'NONE', *, *, #508, .T. ) ;
#1285 = EDGE_CURVE ( 'NONE', #322, #5069, #368, .T. ) ;
#1286 = CARTESIAN_POINT ( 'NONE',  ( 23.59839272658998155, -8.253575777493832533, 5.748609342109975096 ) ) ;
#1287 = EDGE_CURVE ( 'NONE', #2135, #4333, #1691, .T. ) ;
#1288 = EDGE_LOOP ( 'NONE', ( #2428, #5213, #2312, #1842 ) ) ;
#1289 = DIRECTION ( 'NONE',  ( 1.000000000000000000, -0.000000000000000000, -0.000000000000000000 ) ) ;
#1290 = DIRECTION ( 'NONE',  ( -0.000000000000000000, -0.000000000000000000, -1.000000000000000000 ) ) ;
#1291 = CARTESIAN_POINT ( 'NONE',  ( -4.999999999999999112, -30.00000000000000000, 4.999999999999999112 ) ) ;
#1292 = ORIENTED_EDGE ( 'NONE', *, *, #907, .F. ) ;
#1293 = CARTESIAN_POINT ( 'NONE',  ( 27.91227886841868511, 12.73415437601358668, 9.536981387163869783 ) ) ;
#1294 = CARTESIAN_POINT ( 'NONE',  ( 26.14999999999999858, -1.405126015541213746E-13, -2.999999999999773515 ) ) ;
#1295 = CARTESIAN_POINT ( 'NONE',  ( 23.68543856465402442, 8.000000000000000000, 3.949999999999999734 ) ) ;
#1296 = AXIS2_PLACEMENT_3D ( 'NONE', #1384, #5255, #2175 ) ;
#1297 = DIRECTION ( 'NONE',  ( 0.000000000000000000, 0.000000000000000000, -1.000000000000000000 ) ) ;
#1298 = ORIENTED_EDGE ( 'NONE', *, *, #4601, .F. ) ;
#1299 = EDGE_LOOP ( 'NONE', ( #5191, #2285, #836, #3516 ) ) ;
#1300 = CARTESIAN_POINT ( 'NONE',  ( 25.71294240508852624, 13.78616494518801261, -0.06652272296076097713 ) ) ;
#1301 = CARTESIAN_POINT ( 'NONE',  ( 30.61210644814171289, -10.42728535748318386, 10.77652568691483914 ) ) ;
#1302 = DIRECTION ( 'NONE',  ( 1.000000000000000000, -0.000000000000000000, -0.000000000000000000 ) ) ;
#1303 = CARTESIAN_POINT ( 'NONE',  ( 27.93303319451245414, -11.64926158109148524, 9.133101647158495595 ) ) ;
#1304 = FACE_OUTER_BOUND ( 'NONE', #5253, .T. ) ;
#1305 = DIRECTION ( 'NONE',  ( -1.000000000000000000, -0.000000000000000000, -0.000000000000000000 ) ) ;
#1306 = ORIENTED_EDGE ( 'NONE', *, *, #1075, .T. ) ;
#1307 = EDGE_LOOP ( 'NONE', ( #4986, #2763, #3046, #5284, #270, #935, #3972 ) ) ;
#1308 = CARTESIAN_POINT ( 'NONE',  ( 24.81150049239077049, 15.01658573132047891, 1.734723475976807094E-15 ) ) ;
#1309 = ORIENTED_EDGE ( 'NONE', *, *, #3954, .F. ) ;
#1310 = EDGE_CURVE ( 'NONE', #2391, #306, #4569, .T. ) ;
#1311 = CIRCLE ( 'NONE', #2491, 0.2500000000000002220 ) ;
#1312 = AXIS2_PLACEMENT_3D ( 'NONE', #479, #126, #2624 ) ;
#1313 = B_SPLINE_CURVE_WITH_KNOTS ( 'NONE', 3,
 ( #984, #1580, #3782, #1151, #2057, #2433 ),
 .UNSPECIFIED., .F., .F.,
 ( 4, 2, 4 ),
 ( 0.000000000000000000, 0.0004170219546709275473, 0.0008340439093418550946 ),
 .UNSPECIFIED. ) ;
#1314 = CARTESIAN_POINT ( 'NONE',  ( 26.14999999999999858, -0.8004968329780802749, -2.320511353742570559 ) ) ;
#1315 = DIRECTION ( 'NONE',  ( 0.000000000000000000, 0.000000000000000000, 1.000000000000000000 ) ) ;
#1316 = ORIENTED_EDGE ( 'NONE', *, *, #763, .T. ) ;
#1317 = CARTESIAN_POINT ( 'NONE',  ( 24.00000000000000000, -15.05199322349037239, 10.00000000000000000 ) ) ;
#1318 = VECTOR ( 'NONE', #529, 1000.000000000000000 ) ;
#1319 = CIRCLE ( 'NONE', #328, 0.2500000000000002220 ) ;
#1320 = LINE ( 'NONE', #896, #3428 ) ;
#1321 = CIRCLE ( 'NONE', #2044, 0.2500000000000002220 ) ;
#1322 = CYLINDRICAL_SURFACE ( 'NONE', #982, 0.2499999999999985012 ) ;
#1323 = ADVANCED_FACE ( 'NONE', ( #1968 ), #4542, .F. ) ;
#1324 = AXIS2_PLACEMENT_3D ( 'NONE', #3626, #2412, #5312 ) ;
#1325 = ORIENTED_EDGE ( 'NONE', *, *, #1043, .T. ) ;
#1326 = CYLINDRICAL_SURFACE ( 'NONE', #5073, 1.050000000000001377 ) ;
#1327 = CARTESIAN_POINT ( 'NONE',  ( 26.14999999999999858, 0.3988649794377492896, -2.028708731544191846 ) ) ;
#1328 = CARTESIAN_POINT ( 'NONE',  ( 24.78784984624522991, -15.05199322349037416, 10.00000000000000178 ) ) ;
#1329 = EDGE_CURVE ( 'NONE', #2443, #3158, #5015, .T. ) ;
#1330 = EDGE_CURVE ( 'NONE', #5515, #4739, #1177, .T. ) ;
#1331 = ORIENTED_EDGE ( 'NONE', *, *, #3051, .T. ) ;
#1332 = CARTESIAN_POINT ( 'NONE',  ( 31.84895812351384237, -9.528485656729731801, -1.111421237525820560 ) ) ;
#1333 = ORIENTED_EDGE ( 'NONE', *, *, #2438, .T. ) ;
#1334 = CARTESIAN_POINT ( 'NONE',  ( 26.08159321850557788, 14.84099669349047268, 0.9745617797713588271 ) ) ;
#1335 = FACE_OUTER_BOUND ( 'NONE', #1820, .T. ) ;
#1336 = AXIS2_PLACEMENT_3D ( 'NONE', #1640, #316, #1667 ) ;
#1337 = CARTESIAN_POINT ( 'NONE',  ( 31.84947682801039193, 9.528931250444486523, -1.110248209744358450 ) ) ;
#1338 = DIRECTION ( 'NONE',  ( 1.000000000000000000, 0.000000000000000000, 0.000000000000000000 ) ) ;
#1339 = CARTESIAN_POINT ( 'NONE',  ( 26.14999999999999858, 0.6171745149068980085, -2.150532155906033083 ) ) ;
#1340 = DIRECTION ( 'NONE',  ( 1.000000000000000000, -0.000000000000000000, -0.000000000000000000 ) ) ;
#1341 = ORIENTED_EDGE ( 'NONE', *, *, #4608, .F. ) ;
#1342 = ORIENTED_EDGE ( 'NONE', *, *, #5156, .T. ) ;
#1343 = CARTESIAN_POINT ( 'NONE',  ( 23.95802997638840282, -7.142585102985274936, 4.639721171818367296 ) ) ;
#1344 = ORIENTED_EDGE ( 'NONE', *, *, #130, .T. ) ;
#1345 = ADVANCED_FACE ( 'NONE', ( #3288 ), #310, .T. ) ;
#1346 = AXIS2_PLACEMENT_3D ( 'NONE', #4876, #1009, #2764 ) ;
#1347 = CARTESIAN_POINT ( 'NONE',  ( 24.00000000000000000, 0.000000000000000000, 5.000000000000000000 ) ) ;
#1348 = CARTESIAN_POINT ( 'NONE',  ( 25.71573116485256705, 15.44995697913202726, 0.9993773847964306789 ) ) ;
#1349 = B_SPLINE_CURVE_WITH_KNOTS ( 'NONE', 3,
 ( #1788, #920, #2217, #5184, #1819, #4390, #1757, #3499, #1735, #3942, #5212, #3472 ),
 .UNSPECIFIED., .F., .F.,
 ( 4, 2, 2, 2, 2, 4 ),
 ( 0.0009206666958217385498, 0.002020445169247742610, 0.003120223642673746346, 0.005319780589525746443, 0.007519337536377746108, 0.009718894483229746639 ),
 .UNSPECIFIED. ) ;
#1350 = ORIENTED_EDGE ( 'NONE', *, *, #1330, .T. ) ;
#1351 = DIRECTION ( 'NONE',  ( 0.000000000000000000, 0.000000000000000000, -1.000000000000000000 ) ) ;
#1352 = DIRECTION ( 'NONE',  ( 1.000000000000000000, -0.000000000000000000, -0.000000000000000000 ) ) ;
#1353 = CARTESIAN_POINT ( 'NONE',  ( 32.00000000000000000, 7.150532155906305753, 5.367174514907097738 ) ) ;
#1354 = PRODUCT_DEFINITION_SHAPE ( 'NONE', 'NONE',  #4412 ) ;
#1355 = EDGE_CURVE ( 'NONE', #4254, #1025, #3313, .T. ) ;
#1356 = AXIS2_PLACEMENT_3D ( 'NONE', #2949, #1158, #746 ) ;
#1357 = AXIS2_PLACEMENT_3D ( 'NONE', #5383, #668, #1030 ) ;
#1358 = ORIENTED_EDGE ( 'NONE', *, *, #4399, .T. ) ;
#1359 = EDGE_CURVE ( 'NONE', #225, #4918, #280, .T. ) ;
#1360 = CARTESIAN_POINT ( 'NONE',  ( 25.71444945113152158, 13.78445227988372501, 10.06675914138679140 ) ) ;
#1361 = CARTESIAN_POINT ( 'NONE',  ( 26.10121084761965093, -14.80834406687990956, 0.9732311633950145868 ) ) ;
#1362 = CARTESIAN_POINT ( 'NONE',  ( 24.00000000000000000, -7.320511353742771732, 5.800496832978356387 ) ) ;
#1363 = AXIS2_PLACEMENT_3D ( 'NONE', #1514, #3243, #4527 ) ;
#1364 = DIRECTION ( 'NONE',  ( 1.000000000000000000, -0.000000000000000000, -0.000000000000000000 ) ) ;
#1365 = ORIENTED_EDGE ( 'NONE', *, *, #1692, .T. ) ;
#1366 = EDGE_CURVE ( 'NONE', #637, #743, #4063, .T. ) ;
#1367 = VERTEX_POINT ( 'NONE', #206 ) ;
#1368 = CARTESIAN_POINT ( 'NONE',  ( 26.02726834853483950, 14.89687090967042415, 0.02914062812945390074 ) ) ;
#1369 = CARTESIAN_POINT ( 'NONE',  ( 30.92995790287087843, -9.907736373928392126, 11.41674273764619763 ) ) ;
#1370 = CIRCLE ( 'NONE', #825, 0.2500000000000002220 ) ;
#1371 = DIRECTION ( 'NONE',  ( -1.000000000000000000, -0.000000000000000000, -0.000000000000000000 ) ) ;
#1372 = CARTESIAN_POINT ( 'NONE',  ( 26.14999999999999858, -8.000000000000000000, 5.000000000000395239 ) ) ;
#1373 = CARTESIAN_POINT ( 'NONE',  ( 23.95558160194302033, -7.150532155906250686, 5.367174514907379290 ) ) ;
#1374 = CARTESIAN_POINT ( 'NONE',  ( 24.00000000000000000, 9.020238095238095610, 5.248222136452297626 ) ) ;
#1375 = ORIENTED_EDGE ( 'NONE', *, *, #1532, .T. ) ;
#1376 = ORIENTED_EDGE ( 'NONE', *, *, #1112, .F. ) ;
#1377 = DIRECTION ( 'NONE',  ( -1.000000000000000000, -0.000000000000000000, -0.000000000000000000 ) ) ;
#1378 = ORIENTED_EDGE ( 'NONE', *, *, #4012, .T. ) ;
#1379 = DIRECTION ( 'NONE',  ( 1.000000000000000000, -0.000000000000000000, -0.000000000000000000 ) ) ;
#1380 = ORIENTED_EDGE ( 'NONE', *, *, #4671, .T. ) ;
#1381 = DIRECTION ( 'NONE',  ( 1.000000000000000000, -0.000000000000000000, -0.000000000000000000 ) ) ;
#1382 = CARTESIAN_POINT ( 'NONE',  ( 0.000000000000000000, 25.00000000000000000, 10.00000000000000000 ) ) ;
#1383 = CARTESIAN_POINT ( 'NONE',  ( 22.00000000000000000, -7.150532155906233811, 4.382825485093376550 ) ) ;
#1384 = CARTESIAN_POINT ( 'NONE',  ( 24.00000000000000000, -7.999999999999928946, 5.000000000000472511 ) ) ;
#1385 = CARTESIAN_POINT ( 'NONE',  ( 25.66707489108231499, -15.53072726891064903, 8.999999999937699613 ) ) ;
#1386 = AXIS2_PLACEMENT_3D ( 'NONE', #4231, #4174, #2029 ) ;
#1387 = EDGE_CURVE ( 'NONE', #2146, #3500, #5361, .T. ) ;
#1388 = DIRECTION ( 'NONE',  ( 1.000000000000000000, -0.000000000000000000, -0.000000000000000000 ) ) ;
#1389 = ORIENTED_EDGE ( 'NONE', *, *, #1797, .F. ) ;
#1390 = VERTEX_POINT ( 'NONE', #3728 ) ;
#1391 = CARTESIAN_POINT ( 'NONE',  ( 31.18212378988529210, -9.658470283729696959, 11.57009055808644504 ) ) ;
#1392 = CARTESIAN_POINT ( 'NONE',  ( 26.14999999999999858, -1.405126015541213746E-13, -2.999999999999773515 ) ) ;
#1393 = FACE_OUTER_BOUND ( 'NONE', #4165, .T. ) ;
#1394 = EDGE_CURVE ( 'NONE', #3732, #4645, #2805, .T. ) ;
#1395 = CARTESIAN_POINT ( 'NONE',  ( -10.00000000000000000, 25.00000000000000000, 10.00000000000000000 ) ) ;
#1396 = DIRECTION ( 'NONE',  ( 0.000000000000000000, 0.000000000000000000, -1.000000000000000000 ) ) ;
#1397 = ORIENTED_EDGE ( 'NONE', *, *, #1889, .T. ) ;
#1398 = VERTEX_POINT ( 'NONE', #1939 ) ;
#1399 = DIRECTION ( 'NONE',  ( 0.000000000000000000, 0.000000000000000000, 1.000000000000000000 ) ) ;
#1400 = ORIENTED_EDGE ( 'NONE', *, *, #1929, .F. ) ;
#1401 = AXIS2_PLACEMENT_3D ( 'NONE', #3316, #710, #3344 ) ;
#1402 = DIRECTION ( 'NONE',  ( 1.000000000000000000, -0.000000000000000000, -0.000000000000000000 ) ) ;
#1403 = CARTESIAN_POINT ( 'NONE',  ( 28.01204373401267134, 12.65022996102013231, 9.579946949276111567 ) ) ;
#1404 = ORIENTED_EDGE ( 'NONE', *, *, #1731, .F. ) ;
#1405 = CARTESIAN_POINT ( 'NONE',  ( 22.00000000000000000, 7.320511353742844562, 4.199503167022117900 ) ) ;
#1406 = DIRECTION ( 'NONE',  ( 1.000000000000000000, -0.000000000000000000, -0.000000000000000000 ) ) ;
#1407 = CIRCLE ( 'NONE', #3581, 1.050000000000000488 ) ;
#1408 = AXIS2_PLACEMENT_3D ( 'NONE', #5442, #3222, #1058 ) ;
#1409 = CARTESIAN_POINT ( 'NONE',  ( 23.49200954670461527, 8.551344190098962628, 5.893599230104925368 ) ) ;
#1410 = CARTESIAN_POINT ( 'NONE',  ( 27.25419343909854319, -13.41405203981998540, 0.6766616537810514753 ) ) ;
#1411 = CIRCLE ( 'NONE', #696, 1.050000000000000488 ) ;
#1412 = EDGE_CURVE ( 'NONE', #701, #2550, #1168, .T. ) ;
#1413 = PLANE ( 'NONE',  #2815 ) ;
#1414 = B_SPLINE_CURVE_WITH_KNOTS ( 'NONE', 3,
 ( #2599, #4199, #2168, #3891 ),
 .UNSPECIFIED., .F., .F.,
 ( 4, 4 ),
 ( 8.297560211715929775E-05, 0.0008501621565838460510 ),
 .UNSPECIFIED. ) ;
#1415 = AXIS2_PLACEMENT_3D ( 'NONE', #3802, #4675, #5517 ) ;
#1416 = AXIS2_PLACEMENT_3D ( 'NONE', #2500, #1275, #1697 ) ;
#1417 = DIRECTION ( 'NONE',  ( 1.000000000000000000, 0.000000000000000000, 0.000000000000000000 ) ) ;
#1418 = ORIENTED_EDGE ( 'NONE', *, *, #3009, .T. ) ;
#1419 = EDGE_LOOP ( 'NONE', ( #57, #5062, #1137, #4603 ) ) ;
#1420 = CARTESIAN_POINT ( 'NONE',  ( -4.999999999999999112, -30.00100000000000122, 1.899999999999999245 ) ) ;
#1421 = CARTESIAN_POINT ( 'NONE',  ( 26.08026755274475406, 14.82713313144619072, 11.67064080539308613 ) ) ;
#1422 = EDGE_CURVE ( 'NONE', #4500, #3445, #1544, .T. ) ;
#1423 = DIRECTION ( 'NONE',  ( 1.000000000000000000, 0.000000000000000000, 0.000000000000000000 ) ) ;
#1424 = DIRECTION ( 'NONE',  ( 0.000000000000000000, 0.000000000000000000, -1.000000000000000000 ) ) ;
#1425 = CARTESIAN_POINT ( 'NONE',  ( 26.14999999999999858, -0.3988649794381502467, -2.028708731544192290 ) ) ;
#1426 = ORIENTED_EDGE ( 'NONE', *, *, #4320, .F. ) ;
#1427 = ORIENTED_EDGE ( 'NONE', *, *, #1085, .T. ) ;
#1428 = LINE ( 'NONE', #3161, #247 ) ;
#1429 = VERTEX_POINT ( 'NONE', #2800 ) ;
#1430 = EDGE_CURVE ( 'NONE', #1740, #4107, #2622, .T. ) ;
#1431 = B_SPLINE_CURVE_WITH_KNOTS ( 'NONE', 3,
 ( #4264, #2114, #4572, #2886, #2434, #371 ),
 .UNSPECIFIED., .F., .F.,
 ( 4, 2, 4 ),
 ( 0.000000000000000000, 0.0003221698549617785364, 0.0006443397099235570729 ),
 .UNSPECIFIED. ) ;
#1432 = CARTESIAN_POINT ( 'NONE',  ( 24.00000000000000000, -8.324467844093623725, 5.998609342110383658 ) ) ;
#1433 = CYLINDRICAL_SURFACE ( 'NONE', #2037, 1.050000000000000488 ) ;
#1434 = VERTEX_POINT ( 'NONE', #1122 ) ;
#1435 = CARTESIAN_POINT ( 'NONE',  ( 32.00000000000000000, 1.047008947192363593, -3.079197629375364897 ) ) ;
#1436 = EDGE_CURVE ( 'NONE', #3433, #4344, #1149, .T. ) ;
#1437 = EDGE_CURVE ( 'NONE', #3451, #4918, #2589, .T. ) ;
#1438 = CARTESIAN_POINT ( 'NONE',  ( -5.327213576290985256E-15, -28.99999999999999645, 10.00000000000000000 ) ) ;
#1439 = CIRCLE ( 'NONE', #1531, 3.100000000000000533 ) ;
#1440 = VECTOR ( 'NONE', #2811, 1000.000000000000000 ) ;
#1441 = CYLINDRICAL_SURFACE ( 'NONE', #3636, 0.2500000000000002220 ) ;
#1442 = CARTESIAN_POINT ( 'NONE',  ( 23.99160798210721524, 7.028708731544464960, 4.601135020562050926 ) ) ;
#1443 = CARTESIAN_POINT ( 'NONE',  ( 22.00000000000000000, 8.000000000000000000, 5.000000000000000000 ) ) ;
#1444 = CIRCLE ( 'NONE', #814, 1.050000000000000488 ) ;
#1445 = CARTESIAN_POINT ( 'NONE',  ( 32.00000000000000000, 2.714842239903703103E-13, 13.00000000000019895 ) ) ;
#1446 = ORIENTED_EDGE ( 'NONE', *, *, #4289, .T. ) ;
#1447 = DIRECTION ( 'NONE',  ( -1.000000000000000000, 0.000000000000000000, 0.000000000000000000 ) ) ;
#1448 = CARTESIAN_POINT ( 'NONE',  ( 28.26303190290115452, 10.59183561553470554, -2.190479725044353732 ) ) ;
#1449 = DIRECTION ( 'NONE',  ( -1.000000000000000000, 0.000000000000000000, -0.000000000000000000 ) ) ;
#1450 = DIRECTION ( 'NONE',  ( 1.000000000000000000, -0.000000000000000000, -0.000000000000000000 ) ) ;
#1451 = AXIS2_PLACEMENT_3D ( 'NONE', #5373, #1104, #4889 ) ;
#1452 = DIRECTION ( 'NONE',  ( -0.000000000000000000, -0.000000000000000000, -1.000000000000000000 ) ) ;
#1453 = EDGE_CURVE ( 'NONE', #3651, #3593, #1220, .T. ) ;
#1454 = PRODUCT_DEFINITION_FORMATION_WITH_SPECIFIED_SOURCE ( 'å¯', '', #5277, .NOT_KNOWN. ) ;
#1455 = AXIS2_PLACEMENT_3D ( 'NONE', #3621, #156, #4010 ) ;
#1456 = CARTESIAN_POINT ( 'NONE',  ( -10.00000000000000000, 25.00000000000000000, 0.000000000000000000 ) ) ;
#1457 = VERTEX_POINT ( 'NONE', #707 ) ;
#1458 = ORIENTED_EDGE ( 'NONE', *, *, #3833, .F. ) ;
#1459 = CARTESIAN_POINT ( 'NONE',  ( 22.00000000000000000, -0.6171745149072963565, -2.150532155906031306 ) ) ;
#1460 = ORIENTED_EDGE ( 'NONE', *, *, #2432, .F. ) ;
#1461 = DIRECTION ( 'NONE',  ( 1.000000000000000000, 0.000000000000000000, 0.000000000000000000 ) ) ;
#1462 = CARTESIAN_POINT ( 'NONE',  ( 26.14999999999999858, -8.551344190098888021, 5.893599230105401432 ) ) ;
#1463 = ORIENTED_EDGE ( 'NONE', *, *, #2575, .T. ) ;
#1464 = CYLINDRICAL_SURFACE ( 'NONE', #1502, 1.050000000000000488 ) ;
#1465 = ORIENTED_EDGE ( 'NONE', *, *, #4354, .T. ) ;
#1466 = DIRECTION ( 'NONE',  ( 1.000000000000000000, -0.000000000000000000, -0.000000000000000000 ) ) ;
#1467 = EDGE_CURVE ( 'NONE', #1974, #2571, #1319, .T. ) ;
#1468 = AXIS2_PLACEMENT_3D ( 'NONE', #4146, #285, #5423 ) ;
#1469 = EDGE_CURVE ( 'NONE', #5348, #5477, #1603, .T. ) ;
#1470 = CARTESIAN_POINT ( 'NONE',  ( 24.00000000000000000, 8.324467844093694779, 4.001390657890087965 ) ) ;
#1471 = CARTESIAN_POINT ( 'NONE',  ( 24.00000000000000000, 0.000000000000000000, 5.000000000000000000 ) ) ;
#1472 = CYLINDRICAL_SURFACE ( 'NONE', #5334, 1.049999999999999822 ) ;
#1473 = ADVANCED_FACE ( 'NONE', ( #4622 ), #759, .F. ) ;
#1474 = LINE ( 'NONE', #5310, #2041 ) ;
#1475 = ORIENTED_EDGE ( 'NONE', *, *, #1737, .T. ) ;
#1476 = DIRECTION ( 'NONE',  ( 0.000000000000000000, 0.000000000000000000, 1.000000000000000000 ) ) ;
#1477 = CARTESIAN_POINT ( 'NONE',  ( 25.67912851486452297, 15.51092155592789190, 1.338446569849680579 ) ) ;
#1478 = CARTESIAN_POINT ( 'NONE',  ( 26.14999999999999858, -2.002642472099355980E-13, -2.999999999999725109 ) ) ;
#1479 = DIRECTION ( 'NONE',  ( 1.000000000000000000, -0.000000000000000000, -0.000000000000000000 ) ) ;
#1480 = DIRECTION ( 'NONE',  ( 0.000000000000000000, 1.000000000000000000, 0.000000000000000000 ) ) ;
#1481 = DIRECTION ( 'NONE',  ( 0.000000000000000000, -3.634658711570448212E-14, 1.000000000000000000 ) ) ;
#1482 = VERTEX_POINT ( 'NONE', #2480 ) ;
#1483 = ORIENTED_EDGE ( 'NONE', *, *, #4292, .F. ) ;
#1484 = CARTESIAN_POINT ( 'NONE',  ( 26.14999999999999858, 8.324467844093694779, 5.998609342109912035 ) ) ;
#1485 = VERTEX_POINT ( 'NONE', #3369 ) ;
#1486 = CARTESIAN_POINT ( 'NONE',  ( -9.000000000000001776, -25.00000000000000000, 1.000000000000000000 ) ) ;
#1487 = ADVANCED_FACE ( 'NONE', ( #3025 ), #4259, .F. ) ;
#1488 = CARTESIAN_POINT ( 'NONE',  ( 23.99999999999999289, -7.826014620373562103, 9.667132293028808832 ) ) ;
#1489 = CARTESIAN_POINT ( 'NONE',  ( 24.00000000000000000, 7.000000000000007994, 10.00000000000000000 ) ) ;
#1490 = AXIS2_PLACEMENT_3D ( 'NONE', #904, #2633, #3484 ) ;
#1491 = ORIENTED_EDGE ( 'NONE', *, *, #1512, .T. ) ;
#1492 = CARTESIAN_POINT ( 'NONE',  ( 24.00000000000000000, -8.000000000000000000, 5.000000000000395239 ) ) ;
#1493 = ORIENTED_EDGE ( 'NONE', *, *, #1804, .F. ) ;
#1494 = CARTESIAN_POINT ( 'NONE',  ( 26.14999999999999858, -8.000000000000000000, 5.000000000000395239 ) ) ;
#1495 = ADVANCED_FACE ( 'NONE', ( #1739 ), #840, .F. ) ;
#1496 = APPLICATION_CONTEXT ( 'automotive_design' ) ;
#1497 =( BOUNDED_SURFACE ( )  B_SPLINE_SURFACE ( 3, 2, ( 
 ( #2149, #3959, #1328 ),
 ( #1385, #4770, #4402 ),
 ( #3458, #3119, #960 ),
 ( #3866, #1829, #3898 ) ),
 .UNSPECIFIED., .F., .F., .T. ) 
 B_SPLINE_SURFACE_WITH_KNOTS ( ( 4, 4 ),
 ( 3, 3 ),
 ( 5.421010862427522170E-20, 0.0001367283808642309913 ),
 ( 0.000000000000000000, 1.000000000000000000 ),
 .UNSPECIFIED. ) 
 GEOMETRIC_REPRESENTATION_ITEM ( )  RATIONAL_B_SPLINE_SURFACE ( (
 ( 1.000000000000000000, 0.7071067811865475727, 1.000000000000000000),
 ( 1.000000000000000000, 0.7077566748671564323, 1.000000000000000000),
 ( 1.000000000000000000, 0.7084015398519705187, 1.000000000000000000),
 ( 1.000000000000000000, 0.7090413745937775847, 1.000000000000000000) ) ) 
 REPRESENTATION_ITEM ( '' )  SURFACE ( )  );
#1498 = DIRECTION ( 'NONE',  ( 1.000000000000000000, 0.000000000000000000, 0.000000000000000000 ) ) ;
#1499 = EDGE_CURVE ( 'NONE', #2013, #3170, #3493, .T. ) ;
#1500 = DIRECTION ( 'NONE',  ( 1.000000000000000000, -0.000000000000000000, -0.000000000000000000 ) ) ;
#1501 = FACE_OUTER_BOUND ( 'NONE', #2335, .T. ) ;
#1502 = AXIS2_PLACEMENT_3D ( 'NONE', #4140, #5355, #277 ) ;
#1503 = CIRCLE ( 'NONE', #4650, 0.2499999999999993616 ) ;
#1504 = DIRECTION ( 'NONE',  ( 1.000000000000000000, -0.000000000000000000, -0.000000000000000000 ) ) ;
#1505 = EDGE_LOOP ( 'NONE', ( #683, #1306, #4868, #4106 ) ) ;
#1506 = CARTESIAN_POINT ( 'NONE',  ( 29.30740114538450669, 11.33453767083229913, -0.6926591119922361761 ) ) ;
#1507 = CARTESIAN_POINT ( 'NONE',  ( 32.00000000000080291, 11.23904358527381753, 5.571800551583477201 ) ) ;
#1508 = CARTESIAN_POINT ( 'NONE',  ( 22.00000000000000000, 8.079197629375634904, 6.047008947192564321 ) ) ;
#1509 = CARTESIAN_POINT ( 'NONE',  ( 22.00000000000000000, -7.999999999999928946, 5.000000000000472511 ) ) ;
#1510 = AXIS2_PLACEMENT_3D ( 'NONE', #146, #1843, #3579 ) ;
#1511 = CIRCLE ( 'NONE', #786, 1.049999999999999822 ) ;
#1512 = EDGE_CURVE ( 'NONE', #501, #109, #3319, .T. ) ;
#1513 = AXIS2_PLACEMENT_3D ( 'NONE', #5057, #5559, #4210 ) ;
#1514 = CARTESIAN_POINT ( 'NONE',  ( 24.00000000000000000, -8.324467844093623725, 5.998609342110383658 ) ) ;
#1515 = ORIENTED_EDGE ( 'NONE', *, *, #3103, .F. ) ;
#1516 = UNCERTAINTY_MEASURE_WITH_UNIT (LENGTH_MEASURE( 1.000000000000000082E-05 ), #2332, 'distance_accuracy_value', 'NONE');
#1517 = VERTEX_POINT ( 'NONE', #2083 ) ;
#1518 = FACE_OUTER_BOUND ( 'NONE', #3940, .T. ) ;
#1519 = ORIENTED_EDGE ( 'NONE', *, *, #771, .F. ) ;
#1520 = CARTESIAN_POINT ( 'NONE',  ( 25.71573116485256705, -15.44995697913203081, 0.9993773847964302348 ) ) ;
#1521 = CARTESIAN_POINT ( 'NONE',  ( 24.00000000000000711, -7.160290881884261438, 9.301077675688160795 ) ) ;
#1522 = CARTESIAN_POINT ( 'NONE',  ( 22.00000000000000000, -7.150532155906233811, 5.367174514907572913 ) ) ;
#1523 = ORIENTED_EDGE ( 'NONE', *, *, #3984, .F. ) ;
#1524 = CARTESIAN_POINT ( 'NONE',  ( 32.00000000000000000, -7.320511353742773508, 4.199503167022589523 ) ) ;
#1525 = ORIENTED_EDGE ( 'NONE', *, *, #3847, .F. ) ;
#1526 = DIRECTION ( 'NONE',  ( 0.000000000000000000, 0.000000000000000000, 1.000000000000000000 ) ) ;
#1527 = DIRECTION ( 'NONE',  ( 1.000000000000000000, -0.000000000000000000, -0.000000000000000000 ) ) ;
#1528 = EDGE_CURVE ( 'NONE', #5269, #3391, #1925, .T. ) ;
#1529 = DIRECTION ( 'NONE',  ( 0.000000000000000000, -1.652117596168387953E-15, 1.000000000000000000 ) ) ;
#1530 = PLANE ( 'NONE',  #3817 ) ;
#1532 = EDGE_CURVE ( 'NONE', #2818, #2637, #242, .T. ) ;
#1531 = AXIS2_PLACEMENT_3D ( 'NONE', #3002, #897, #2628 ) ;
#1533 = CARTESIAN_POINT ( 'NONE',  ( -10.00000000000000000, 0.000000000000000000, 9.000000000000001776 ) ) ;
#1534 = ORIENTED_EDGE ( 'NONE', *, *, #2438, .F. ) ;
#1535 = CARTESIAN_POINT ( 'NONE',  ( 31.40234533810987827, 9.386764480391224907, -1.757631797851984423 ) ) ;
#1536 = CARTESIAN_POINT ( 'NONE',  ( 25.51229378617529164, 15.78362651057465449, 3.937193312827932168 ) ) ;
#1537 = FACE_OUTER_BOUND ( 'NONE', #3109, .T. ) ;
#1538 = LINE ( 'NONE', #1586, #2263 ) ;
#1539 = AXIS2_PLACEMENT_3D ( 'NONE', #3939, #1340, #1840 ) ;
#1540 = EDGE_CURVE ( 'NONE', #2676, #4721, #1503, .T. ) ;
#1541 = EDGE_CURVE ( 'NONE', #4785, #1898, #3955, .T. ) ;
#1542 = LINE ( 'NONE', #4553, #736 ) ;
#1543 = EDGE_LOOP ( 'NONE', ( #1341, #1001, #2237, #456, #4184, #2225, #4416, #3473, #4856, #2474, #3251, #1817, #3738 ) ) ;
#1544 = CIRCLE ( 'NONE', #1885, 0.9999999999999997780 ) ;
#1545 = VERTEX_POINT ( 'NONE', #4709 ) ;
#1546 = CARTESIAN_POINT ( 'NONE',  ( 24.00000000000000000, 8.000000000000000000, 5.000000000000000000 ) ) ;
#1547 = ORIENTED_EDGE ( 'NONE', *, *, #4224, .F. ) ;
#1548 = DIRECTION ( 'NONE',  ( 0.000000000000000000, 0.000000000000000000, -1.000000000000000000 ) ) ;
#1549 = VECTOR ( 'NONE', #1388, 1000.000000000000000 ) ;
#1550 = FACE_BOUND ( 'NONE', #1907, .T. ) ;
#1551 = ORIENTED_EDGE ( 'NONE', *, *, #1943, .T. ) ;
#1552 = LINE ( 'NONE', #3750, #1676 ) ;
#1553 = VERTEX_POINT ( 'NONE', #5102 ) ;
#1554 = AXIS2_PLACEMENT_3D ( 'NONE', #2752, #2305, #4808 ) ;
#1555 = CARTESIAN_POINT ( 'NONE',  ( 27.99295935382178513, -11.46216089036248498, 0.1466873054028230983 ) ) ;
#1556 = AXIS2_PLACEMENT_3D ( 'NONE', #5262, #3125, #1727 ) ;
#1557 = CARTESIAN_POINT ( 'NONE',  ( 26.14999999999999858, -0.6171745149072963565, -2.150532155906031306 ) ) ;
#1558 = CARTESIAN_POINT ( 'NONE',  ( 32.00000000000000000, -0.8935992301051296494, -3.551344190098685960 ) ) ;
#1559 = CARTESIAN_POINT ( 'NONE',  ( 23.87813577244091334, 7.405043232292419120, 4.422043425385552951 ) ) ;
#1560 = EDGE_CURVE ( 'NONE', #4617, #3661, #1591, .T. ) ;
#1561 = CIRCLE ( 'NONE', #4711, 0.2500000000000002220 ) ;
#1562 = ORIENTED_EDGE ( 'NONE', *, *, #4288, .T. ) ;
#1563 = CARTESIAN_POINT ( 'NONE',  ( 31.84895812351384237, 9.528485656729724695, 11.11142123752582478 ) ) ;
#1564 = CARTESIAN_POINT ( 'NONE',  ( 32.00000000000000000, 1.047008947192835882, 13.07919762937583563 ) ) ;
#1565 = DIRECTION ( 'NONE',  ( 0.000000000000000000, 0.000000000000000000, -1.000000000000000000 ) ) ;
#1566 = CARTESIAN_POINT ( 'NONE',  ( 23.33856327601358416, 8.961884788091550647, 5.241225558328123313 ) ) ;
#1567 = CARTESIAN_POINT ( 'NONE',  ( -9.000000000000001776, -25.00000000000000000, 0.000000000000000000 ) ) ;
#1568 = ORIENTED_EDGE ( 'NONE', *, *, #4453, .T. ) ;
#1569 = DIRECTION ( 'NONE',  ( -1.000000000000000000, 0.000000000000000000, 0.000000000000000000 ) ) ;
#1570 = VERTEX_POINT ( 'NONE', #419 ) ;
#1571 = EDGE_CURVE ( 'NONE', #3245, #4801, #5014, .T. ) ;
#1572 = DIRECTION ( 'NONE',  ( 0.000000000000000000, 0.000000000000000000, -1.000000000000000000 ) ) ;
#1573 = EDGE_CURVE ( 'NONE', #4636, #4306, #388, .T. ) ;
#1574 = CARTESIAN_POINT ( 'NONE',  ( 24.00000000000000000, -7.000000000000007994, 4.679843788128579263 ) ) ;
#1575 = DIRECTION ( 'NONE',  ( 1.000000000000000000, -0.000000000000000000, -0.000000000000000000 ) ) ;
#1576 = CARTESIAN_POINT ( 'NONE',  ( 31.00000000000000000, -15.05199322349037239, -9.999999999999998224 ) ) ;
#1577 = ORIENTED_EDGE ( 'NONE', *, *, #2685, .T. ) ;
#1578 = CARTESIAN_POINT ( 'NONE',  ( 32.00000000001884359, -10.25493684099904712, 0.3658879418299226804 ) ) ;
#1579 = DIRECTION ( 'NONE',  ( -0.000000000000000000, 1.000000000000000000, -0.000000000000000000 ) ) ;
#1580 = CARTESIAN_POINT ( 'NONE',  ( 23.45031344172688748, -8.665890543797512890, 5.822924967548861908 ) ) ;
#1581 = DIRECTION ( 'NONE',  ( 1.000000000000000000, -0.000000000000000000, -0.000000000000000000 ) ) ;
#1582 = VERTEX_POINT ( 'NONE', #1348 ) ;
#1583 = CARTESIAN_POINT ( 'NONE',  ( 26.14999999999999858, 1.988707673591738826E-13, 11.00000000000022560 ) ) ;
#1584 = CARTESIAN_POINT ( 'NONE',  ( 24.00000000000000000, 9.049999999999998934, 5.000000000000000000 ) ) ;
#1585 = DIRECTION ( 'NONE',  ( 0.000000000000000000, 0.000000000000000000, 1.000000000000000000 ) ) ;
#1586 = CARTESIAN_POINT ( 'NONE',  ( 24.00000000000000000, -7.000000000000007994, 10.00000000000000000 ) ) ;
#1587 = EDGE_LOOP ( 'NONE', ( #4837, #4244, #594, #2789 ) ) ;
#1588 = CARTESIAN_POINT ( 'NONE',  ( 22.00000000000000000, -7.999999999999928946, 5.000000000000472511 ) ) ;
#1589 = VERTEX_POINT ( 'NONE', #951 ) ;
#1590 = AXIS2_PLACEMENT_3D ( 'NONE', #3420, #817, #5136 ) ;
#1591 = CIRCLE ( 'NONE', #5106, 2.000000000000000888 ) ;
#1592 = ORIENTED_EDGE ( 'NONE', *, *, #1998, .T. ) ;
#1593 = LINE ( 'NONE', #3358, #788 ) ;
#1594 = CARTESIAN_POINT ( 'NONE',  ( 23.87939246511637492, 7.401014521890537878, 5.569161430831285564 ) ) ;
#1595 = FACE_OUTER_BOUND ( 'NONE', #1808, .T. ) ;
#1596 = ADVANCED_FACE ( 'NONE', ( #4339 ), #2291, .T. ) ;
#1597 = FACE_OUTER_BOUND ( 'NONE', #838, .T. ) ;
#1598 = ORIENTED_EDGE ( 'NONE', *, *, #3032, .F. ) ;
#1599 = VERTEX_POINT ( 'NONE', #4817 ) ;
#1600 = DIRECTION ( 'NONE',  ( 0.000000000000000000, 0.000000000000000000, -1.000000000000000000 ) ) ;
#1601 = VERTEX_POINT ( 'NONE', #3137 ) ;
#1602 = CARTESIAN_POINT ( 'NONE',  ( 31.99999999999902300, -10.66290373854457130, 1.402518596514313431 ) ) ;
#1603 = LINE ( 'NONE', #3342, #868 ) ;
#1604 = ADVANCED_FACE ( 'NONE', ( #533 ), #2220, .T. ) ;
#1605 = ADVANCED_FACE ( 'NONE', ( #2653 ), #3403, .T. ) ;
#1606 = CARTESIAN_POINT ( 'NONE',  ( -5.510910596163088767E-15, -28.99999999999999645, 1.000000000000000000 ) ) ;
#1607 = CARTESIAN_POINT ( 'NONE',  ( 23.33857411026889395, -8.961856783135822013, 5.241222200526803654 ) ) ;
#1608 = CIRCLE ( 'NONE', #4677, 0.2499999999999993616 ) ;
#1609 = ORIENTED_EDGE ( 'NONE', *, *, #1310, .F. ) ;
#1610 = LINE ( 'NONE', #1638, #3404 ) ;
#1611 = CARTESIAN_POINT ( 'NONE',  ( 26.14999999999999858, 8.000000000000000000, 7.000000000000000888 ) ) ;
#1612 = DIRECTION ( 'NONE',  ( 0.000000000000000000, -1.000000000000000000, -0.000000000000000000 ) ) ;
#1613 = DIRECTION ( 'NONE',  ( 0.000000000000000000, 0.000000000000000000, -1.000000000000000000 ) ) ;
#1614 = ORIENTED_EDGE ( 'NONE', *, *, #1857, .F. ) ;
#1615 = ORIENTED_EDGE ( 'NONE', *, *, #5298, .F. ) ;
#1616 = CARTESIAN_POINT ( 'NONE',  ( 25.59724602527309401, 15.64561313282290200, 7.673778800068862260 ) ) ;
#1617 = EDGE_LOOP ( 'NONE', ( #2961, #3547, #964, #5516 ) ) ;
#1618 = CARTESIAN_POINT ( 'NONE',  ( 0.000000000000000000, -15.05199322349037239, 0.000000000000000000 ) ) ;
#1619 = EDGE_CURVE ( 'NONE', #3181, #394, #3843, .T. ) ;
#1620 = CIRCLE ( 'NONE', #3437, 2.000000000000000888 ) ;
#1621 = AXIS2_PLACEMENT_3D ( 'NONE', #2134, #3362, #5067 ) ;
#1622 = EDGE_LOOP ( 'NONE', ( #4323, #1969, #1178, #2127, #694, #1161, #250, #1192, #1342 ) ) ;
#1623 = ORIENTED_EDGE ( 'NONE', *, *, #603, .F. ) ;
#1624 = CYLINDRICAL_SURFACE ( 'NONE', #5375, 0.2499999999999993616 ) ;
#1625 = ORIENTED_EDGE ( 'NONE', *, *, #3699, .F. ) ;
#1626 = CARTESIAN_POINT ( 'NONE',  ( 26.35242302954722504, -14.33830338964672002, -3.073675746200326131 ) ) ;
#1627 = AXIS2_PLACEMENT_3D ( 'NONE', #914, #4672, #3017 ) ;
#1628 = EDGE_CURVE ( 'NONE', #4306, #151, #5248, .T. ) ;
#1629 = CARTESIAN_POINT ( 'NONE',  ( 28.29091448443741896, 11.43575990088715777, -0.6652469895575534586 ) ) ;
#1630 = ORIENTED_EDGE ( 'NONE', *, *, #5194, .T. ) ;
#1631 = CARTESIAN_POINT ( 'NONE',  ( 26.14999999999999858, 8.079197629375631351, 3.952991052807436567 ) ) ;
#1632 = CIRCLE ( 'NONE', #107, 0.2500000000000002220 ) ;
#1633 = CARTESIAN_POINT ( 'NONE',  ( -9.585786437626905965, 29.58578643762690064, 10.00000000000000000 ) ) ;
#1634 = CARTESIAN_POINT ( 'NONE',  ( 23.31598817775513055, -9.020238095238022780, 4.751777863548173997 ) ) ;
#1635 = EDGE_CURVE ( 'NONE', #5122, #2152, #4201, .T. ) ;
#1636 = EDGE_CURVE ( 'NONE', #2940, #671, #2549, .T. ) ;
#1637 = ORIENTED_EDGE ( 'NONE', *, *, #5162, .T. ) ;
#1638 = CARTESIAN_POINT ( 'NONE',  ( 22.00000000000000000, -7.320511353742771732, 5.800496832978356387 ) ) ;
#1639 = DIRECTION ( 'NONE',  ( 1.000000000000000000, 0.000000000000000000, 0.000000000000000000 ) ) ;
#1640 = CARTESIAN_POINT ( 'NONE',  ( 26.14999999999999858, 1.986258379993444123E-13, 13.00000000000022737 ) ) ;
#1641 = CARTESIAN_POINT ( 'NONE',  ( -9.000000000000001776, 25.00000000000000000, 9.000000000000001776 ) ) ;
#1642 = VECTOR ( 'NONE', #5448, 1000.000000000000000 ) ;
#1643 = DIRECTION ( 'NONE',  ( 1.000000000000000000, 0.000000000000000000, 0.000000000000000000 ) ) ;
#1644 = ORIENTED_EDGE ( 'NONE', *, *, #5227, .T. ) ;
#1645 = ORIENTED_EDGE ( 'NONE', *, *, #350, .T. ) ;
#1646 = DIRECTION ( 'NONE',  ( 1.000000000000000000, -0.000000000000000000, -0.000000000000000000 ) ) ;
#1647 = VERTEX_POINT ( 'NONE', #5217 ) ;
#1648 = DIRECTION ( 'NONE',  ( -0.000000000000000000, -1.000000000000000000, -0.000000000000000000 ) ) ;
#1649 = CYLINDRICAL_SURFACE ( 'NONE', #5237, 0.2500000000000002220 ) ;
#1650 = ORIENTED_EDGE ( 'NONE', *, *, #591, .F. ) ;
#1651 = VERTEX_POINT ( 'NONE', #561 ) ;
#1652 = DIRECTION ( 'NONE',  ( 0.000000000000000000, 0.000000000000000000, -1.000000000000000000 ) ) ;
#1653 = ORIENTED_EDGE ( 'NONE', *, *, #1938, .T. ) ;
#1654 = EDGE_CURVE ( 'NONE', #1434, #3122, #5301, .T. ) ;
#1655 = CIRCLE ( 'NONE', #4810, 3.100000000000000089 ) ;
#1656 = DIRECTION ( 'NONE',  ( 1.000000000000000000, -0.000000000000000000, -0.000000000000000000 ) ) ;
#1657 = ORIENTED_EDGE ( 'NONE', *, *, #640, .F. ) ;
#1658 = DIRECTION ( 'NONE',  ( 1.000000000000000000, 0.000000000000000000, 0.000000000000000000 ) ) ;
#1659 = ADVANCED_FACE ( 'NONE', ( #3585 ), #1433, .F. ) ;
#1660 = CARTESIAN_POINT ( 'NONE',  ( 23.49200954670461527, 8.551344190098962628, 5.893599230104925368 ) ) ;
#1661 = CARTESIAN_POINT ( 'NONE',  ( 23.94109218335131928, -7.199074340161912389, 5.367174514907578242 ) ) ;
#1662 = EDGE_CURVE ( 'NONE', #1429, #3461, #2952, .T. ) ;
#1663 = VERTEX_POINT ( 'NONE', #4088 ) ;
#1664 = AXIS2_PLACEMENT_3D ( 'NONE', #3435, #4723, #856 ) ;
#1665 = LINE ( 'NONE', #2865, #3583 ) ;
#1666 = CARTESIAN_POINT ( 'NONE',  ( 32.00000000000000000, 0.000000000000000000, 5.000000000000000000 ) ) ;
#1667 = DIRECTION ( 'NONE',  ( 0.000000000000000000, 0.000000000000000000, 1.000000000000000000 ) ) ;
#1668 = DIRECTION ( 'NONE',  ( 1.000000000000000000, -0.000000000000000000, -0.000000000000000000 ) ) ;
#1669 = CARTESIAN_POINT ( 'NONE',  ( 32.00000000000000000, 15.05199322349037239, -9.999999999999998224 ) ) ;
#1670 = ORIENTED_EDGE ( 'NONE', *, *, #3915, .T. ) ;
#1671 = ADVANCED_FACE ( 'NONE', ( #669 ), #4984, .F. ) ;
#1672 = DIRECTION ( 'NONE',  ( 1.000000000000000000, 0.000000000000000000, 0.000000000000000000 ) ) ;
#1673 = CARTESIAN_POINT ( 'NONE',  ( 23.94113570200494223, 7.198928544767219329, 5.367174514907095961 ) ) ;
#1674 = DIRECTION ( 'NONE',  ( 0.000000000000000000, 0.000000000000000000, 1.000000000000000000 ) ) ;
#1675 = CARTESIAN_POINT ( 'NONE',  ( 23.00000000000000000, 6.123233995736766282E-16, 10.00000000000000000 ) ) ;
#1676 = VECTOR ( 'NONE', #2023, 1000.000000000000000 ) ;
#1677 = CIRCLE ( 'NONE', #4831, 1.049999999999999822 ) ;
#1678 = ORIENTED_EDGE ( 'NONE', *, *, #556, .F. ) ;
#1679 = VERTEX_POINT ( 'NONE', #1114 ) ;
#1680 = CYLINDRICAL_SURFACE ( 'NONE', #5291, 0.2500000000000002220 ) ;
#1681 = VERTEX_POINT ( 'NONE', #1905 ) ;
#1682 = AXIS2_PLACEMENT_3D ( 'NONE', #2746, #5338, #1858 ) ;
#1683 = DIRECTION ( 'NONE',  ( -1.000000000000000000, 0.000000000000000000, 0.000000000000000000 ) ) ;
#1684 = ORIENTED_EDGE ( 'NONE', *, *, #5215, .T. ) ;
#1685 = CARTESIAN_POINT ( 'NONE',  ( 32.00000000000000000, 0.000000000000000000, -5.250000000000001776 ) ) ;
#1686 = CARTESIAN_POINT ( 'NONE',  ( 0.000000000000000000, 0.000000000000000000, 10.00000000000000000 ) ) ;
#1687 = DIRECTION ( 'NONE',  ( 0.000000000000000000, 0.000000000000000000, -1.000000000000000000 ) ) ;
#1688 = ORIENTED_EDGE ( 'NONE', *, *, #3104, .T. ) ;
#1689 = CARTESIAN_POINT ( 'NONE',  ( 24.83506455939966528, -14.98111974432974058, -0.0001880572038644982185 ) ) ;
#1690 = CARTESIAN_POINT ( 'NONE',  ( 24.00000000000000000, -7.999999999999928946, 5.000000000000472511 ) ) ;
#1691 = LINE ( 'NONE', #3427, #5321 ) ;
#1692 = EDGE_CURVE ( 'NONE', #2024, #3366, #4474, .T. ) ;
#1693 = CIRCLE ( 'NONE', #4849, 0.2499999999999997780 ) ;
#1694 = CARTESIAN_POINT ( 'NONE',  ( 26.14999999999999858, -0.6171745149072963565, -2.150532155906031306 ) ) ;
#1695 = ORIENTED_EDGE ( 'NONE', *, *, #122, .T. ) ;
#1696 = VERTEX_POINT ( 'NONE', #5384 ) ;
#1697 = DIRECTION ( 'NONE',  ( 0.000000000000000000, 0.000000000000000000, -1.000000000000000000 ) ) ;
#1698 = CARTESIAN_POINT ( 'NONE',  ( 23.49200954670464370, -8.551344190098891573, 4.106400769895547143 ) ) ;
#1699 = CARTESIAN_POINT ( 'NONE',  ( 31.38950386049611652, -9.687895078621419742, -1.306905723580985113 ) ) ;
#1700 = VECTOR ( 'NONE', #927, 1000.000000000000000 ) ;
#1701 = DIRECTION ( 'NONE',  ( 1.000000000000000000, -0.000000000000000000, -0.000000000000000000 ) ) ;
#1702 = EDGE_CURVE ( 'NONE', #5520, #5450, #4895, .T. ) ;
#1703 = EDGE_CURVE ( 'NONE', #351, #2076, #512, .T. ) ;
#1704 = ORIENTED_EDGE ( 'NONE', *, *, #1966, .T. ) ;
#1705 = ORIENTED_EDGE ( 'NONE', *, *, #3744, .T. ) ;
#1706 = CARTESIAN_POINT ( 'NONE',  ( 24.00000000000000000, -8.324467844093623725, 4.001390657890562252 ) ) ;
#1707 = ORIENTED_EDGE ( 'NONE', *, *, #4320, .T. ) ;
#1708 = CIRCLE ( 'NONE', #3073, 1.000000000000000000 ) ;
#1709 = CARTESIAN_POINT ( 'NONE',  ( 25.25644294446886562, 14.34351554059721678, -0.006972249112055477552 ) ) ;
#1710 = EDGE_LOOP ( 'NONE', ( #513, #3546, #491, #3200, #4795, #5152 ) ) ;
#1711 = DIRECTION ( 'NONE',  ( 0.000000000000000000, 0.000000000000000000, 1.000000000000000000 ) ) ;
#1712 = DIRECTION ( 'NONE',  ( 0.000000000000000000, 0.000000000000000000, -1.000000000000000000 ) ) ;
#1713 = AXIS2_PLACEMENT_3D ( 'NONE', #1729, #413, #4781 ) ;
#1714 = CARTESIAN_POINT ( 'NONE',  ( 22.00000000000000000, -0.6171745149072963565, -2.150532155906031306 ) ) ;
#1715 = CIRCLE ( 'NONE', #1263, 5.000000000000000000 ) ;
#1716 = ORIENTED_EDGE ( 'NONE', *, *, #4460, .F. ) ;
#1717 = CARTESIAN_POINT ( 'NONE',  ( 26.49999277787182095, 14.27854934052864699, 9.110940412188320181 ) ) ;
#1718 = CYLINDRICAL_SURFACE ( 'NONE', #3214, 2.000000000000000000 ) ;
#1719 = EDGE_CURVE ( 'NONE', #2155, #3956, #3306, .T. ) ;
#1720 = DIRECTION ( 'NONE',  ( 1.000000000000000000, -0.000000000000000000, -0.000000000000000000 ) ) ;
#1721 = CARTESIAN_POINT ( 'NONE',  ( 23.31598817775510213, 9.020238095238095610, 5.248222136452297626 ) ) ;
#1722 = ORIENTED_EDGE ( 'NONE', *, *, #139, .F. ) ;
#1723 = ORIENTED_EDGE ( 'NONE', *, *, #325, .T. ) ;
#1724 = CARTESIAN_POINT ( 'NONE',  ( 24.85854012602414187, 14.94559794137272135, -0.0005660138213917521172 ) ) ;
#1725 = CARTESIAN_POINT ( 'NONE',  ( 26.02726834853493187, -14.89687090967126615, 9.970859371863665999 ) ) ;
#1726 = EDGE_CURVE ( 'NONE', #4404, #2676, #4382, .T. ) ;
#1727 = DIRECTION ( 'NONE',  ( 0.000000000000000000, -1.652117596168387953E-15, 1.000000000000000000 ) ) ;
#1728 = CARTESIAN_POINT ( 'NONE',  ( 25.85233607199084815, -15.22074132943938274, 10.18884092425830978 ) ) ;
#1729 = CARTESIAN_POINT ( 'NONE',  ( 24.00000000000000000, -1.405126015541213746E-13, -2.999999999999773515 ) ) ;
#1730 = AXIS2_PLACEMENT_3D ( 'NONE', #4740, #1745, #2265 ) ;
#1731 = EDGE_CURVE ( 'NONE', #4590, #1778, #1677, .T. ) ;
#1732 = FACE_OUTER_BOUND ( 'NONE', #4307, .T. ) ;
#1733 = VERTEX_POINT ( 'NONE', #1489 ) ;
#1734 = ORIENTED_EDGE ( 'NONE', *, *, #4240, .F. ) ;
#1735 = CARTESIAN_POINT ( 'NONE',  ( 27.51347820366568087, 13.12090764405492571, 0.6020135844680151171 ) ) ;
#1736 = EDGE_LOOP ( 'NONE', ( #5459, #878, #1844, #5087 ) ) ;
#1737 = EDGE_CURVE ( 'NONE', #2011, #2146, #3512, .T. ) ;
#1738 = CARTESIAN_POINT ( 'NONE',  ( -4.999999999999999112, -25.00000000000000000, 1.899999999999999245 ) ) ;
#1739 = FACE_OUTER_BOUND ( 'NONE', #2566, .T. ) ;
#1740 = VERTEX_POINT ( 'NONE', #2878 ) ;
#1741 = DIRECTION ( 'NONE',  ( 0.5190342490858752544, -0.8547534429739735984, 3.180009297515679503E-16 ) ) ;
#1742 = FACE_OUTER_BOUND ( 'NONE', #1899, .T. ) ;
#1743 = DIRECTION ( 'NONE',  ( 0.000000000000000000, 0.000000000000000000, -1.000000000000000000 ) ) ;
#1744 = EDGE_LOOP ( 'NONE', ( #2346, #4483, #5509, #2537, #4419, #4674, #2369 ) ) ;
#1745 = DIRECTION ( 'NONE',  ( -0.000000000000000000, -0.000000000000000000, -1.000000000000000000 ) ) ;
#1746 = CARTESIAN_POINT ( 'NONE',  ( 26.14999999999999858, -8.000000000000000000, 7.000000000000396128 ) ) ;
#1747 = DIRECTION ( 'NONE',  ( 0.000000000000000000, 0.000000000000000000, -1.000000000000000000 ) ) ;
#1748 = CARTESIAN_POINT ( 'NONE',  ( 31.58153269725703183, -9.442722495556905571, -1.497036108506285546 ) ) ;
#1749 = ORIENTED_EDGE ( 'NONE', *, *, #1231, .F. ) ;
#1750 = FACE_OUTER_BOUND ( 'NONE', #5002, .T. ) ;
#1751 = CARTESIAN_POINT ( 'NONE',  ( 26.70660679305419194, -12.75174128255887496, 10.25396834337961494 ) ) ;
#1752 = DIRECTION ( 'NONE',  ( 0.000000000000000000, 0.000000000000000000, 1.000000000000000000 ) ) ;
#1753 = CARTESIAN_POINT ( 'NONE',  ( 26.34279055043914752, -14.36175782974828685, 13.06770831050522474 ) ) ;
#1754 = DIRECTION ( 'NONE',  ( 1.000000000000000000, 0.000000000000000000, 0.000000000000000000 ) ) ;
#1755 = FACE_OUTER_BOUND ( 'NONE', #2723, .T. ) ;
#1756 = ORIENTED_EDGE ( 'NONE', *, *, #5499, .F. ) ;
#1757 = CARTESIAN_POINT ( 'NONE',  ( 29.08351821904668810, 11.69081086603699049, -0.002931140495357481210 ) ) ;
#1758 = VERTEX_POINT ( 'NONE', #4587 ) ;
#1759 = EDGE_CURVE ( 'NONE', #1052, #3487, #5550, .T. ) ;
#1760 = AXIS2_PLACEMENT_3D ( 'NONE', #2107, #783, #1283 ) ;
#1761 = AXIS2_PLACEMENT_3D ( 'NONE', #2706, #2195, #92 ) ;
#1762 = ADVANCED_FACE ( 'NONE', ( #2850, #2375, #5414, #5354, #1550, #4560 ), #2425, .T. ) ;
#1763 = CIRCLE ( 'NONE', #1049, 0.2500000000000002220 ) ;
#1764 = CARTESIAN_POINT ( 'NONE',  ( 24.00000000000000000, 8.000000000000000000, 3.950000000000000178 ) ) ;
#1765 = CARTESIAN_POINT ( 'NONE',  ( 31.38409413674581572, 9.688511250482427783, 11.30729713937861369 ) ) ;
#1766 = VERTEX_POINT ( 'NONE', #3639 ) ;
#1767 = CARTESIAN_POINT ( 'NONE',  ( -9.000000000000001776, -28.99999999999999645, 0.000000000000000000 ) ) ;
#1768 = VECTOR ( 'NONE', #135, 1000.000000000000000 ) ;
#1769 = DIRECTION ( 'NONE',  ( -0.000000000000000000, -0.000000000000000000, -1.000000000000000000 ) ) ;
#1770 = VECTOR ( 'NONE', #162, 1000.000000000000000 ) ;
#1771 = CARTESIAN_POINT ( 'NONE',  ( 0.000000000000000000, 30.00000000000000000, 9.000000000000001776 ) ) ;
#1772 = AXIS2_PLACEMENT_3D ( 'NONE', #1459, #3660, #4556 ) ;
#1773 = EDGE_CURVE ( 'NONE', #4627, #4739, #3135, .T. ) ;
#1774 = ORIENTED_EDGE ( 'NONE', *, *, #3614, .T. ) ;
#1775 = FACE_OUTER_BOUND ( 'NONE', #1033, .T. ) ;
#1776 = DIRECTION ( 'NONE',  ( 1.000000000000000000, 0.000000000000000000, 0.000000000000000000 ) ) ;
#1777 = DIRECTION ( 'NONE',  ( 1.000000000000000000, -0.000000000000000000, -0.000000000000000000 ) ) ;
#1778 = VERTEX_POINT ( 'NONE', #2794 ) ;
#1779 = ORIENTED_EDGE ( 'NONE', *, *, #5009, .T. ) ;
#1780 = DIRECTION ( 'NONE',  ( 1.000000000000000000, -0.000000000000000000, -0.000000000000000000 ) ) ;
#1781 = DIRECTION ( 'NONE',  ( 0.000000000000000000, 0.000000000000000000, 1.000000000000000000 ) ) ;
#1782 = DIRECTION ( 'NONE',  ( -1.000000000000000000, 0.000000000000000000, 0.000000000000000000 ) ) ;
#1783 = CIRCLE ( 'NONE', #4937, 9.999999999999998224 ) ;
#1784 = CARTESIAN_POINT ( 'NONE',  ( 22.00000000000000000, -7.028708731544392130, 4.601135020562523437 ) ) ;
#1785 = CARTESIAN_POINT ( 'NONE',  ( 26.10053183050515102, -14.80947425912552262, 9.026722780398642954 ) ) ;
#1786 = ORIENTED_EDGE ( 'NONE', *, *, #294, .T. ) ;
#1787 = ORIENTED_EDGE ( 'NONE', *, *, #283, .F. ) ;
#1788 = CARTESIAN_POINT ( 'NONE',  ( 31.58153269725703183, 9.442722495556902018, -1.497036108506289320 ) ) ;
#1789 = ORIENTED_EDGE ( 'NONE', *, *, #1573, .F. ) ;
#1790 = EDGE_CURVE ( 'NONE', #4624, #2068, #3180, .T. ) ;
#1791 = AXIS2_PLACEMENT_3D ( 'NONE', #1872, #3606, #4793 ) ;
#1792 = AXIS2_PLACEMENT_3D ( 'NONE', #4092, #4899, #1850 ) ;
#1793 = CARTESIAN_POINT ( 'NONE',  ( 32.00000000000000000, 9.946350224409563623, -0.2566735882483586750 ) ) ;
#1794 = CARTESIAN_POINT ( 'NONE',  ( 25.71105991754769349, 15.45773205190787714, 0.004883159926585659526 ) ) ;
#1795 = VERTEX_POINT ( 'NONE', #3989 ) ;
#1796 = DIRECTION ( 'NONE',  ( 0.000000000000000000, 0.000000000000000000, 1.000000000000000000 ) ) ;
#1797 = EDGE_CURVE ( 'NONE', #5508, #4213, #2833, .T. ) ;
#1798 = CIRCLE ( 'NONE', #3704, 0.9999999999999997780 ) ;
#1799 = CIRCLE ( 'NONE', #2261, 30.00000000000000000 ) ;
#1800 = EDGE_CURVE ( 'NONE', #3477, #1089, #3650, .T. ) ;
#1801 = VERTEX_POINT ( 'NONE', #3262 ) ;
#1802 = DIRECTION ( 'NONE',  ( 0.000000000000000000, 0.000000000000000000, -1.000000000000000000 ) ) ;
#1803 = DIRECTION ( 'NONE',  ( 0.000000000000000000, 0.000000000000000000, 1.000000000000000000 ) ) ;
#1804 = EDGE_CURVE ( 'NONE', #1933, #3524, #4121, .T. ) ;
#1805 = CARTESIAN_POINT ( 'NONE',  ( 22.00000000000000000, -1.986099686646560856E-13, -4.049999999999727152 ) ) ;
#1806 = VECTOR ( 'NONE', #772, 1000.000000000000000 ) ;
#1807 = CARTESIAN_POINT ( 'NONE',  ( 25.69145084716772587, 15.49037043290564952, 9.000206944328791536 ) ) ;
#1808 = EDGE_LOOP ( 'NONE', ( #2995, #2920, #2898, #319 ) ) ;
#1809 = LINE ( 'NONE', #1420, #3676 ) ;
#1810 = CARTESIAN_POINT ( 'NONE',  ( 32.00000000001868017, 10.25493684099953917, 9.634112058169188586 ) ) ;
#1811 = AXIS2_PLACEMENT_3D ( 'NONE', #1443, #3177, #4434 ) ;
#1812 = DIRECTION ( 'NONE',  ( 0.000000000000000000, 0.000000000000000000, -1.000000000000000000 ) ) ;
#1813 = DIRECTION ( 'NONE',  ( 1.000000000000000000, 0.000000000000000000, -0.000000000000000000 ) ) ;
#1814 = AXIS2_PLACEMENT_3D ( 'NONE', #51, #967, #3572 ) ;
#1815 = CARTESIAN_POINT ( 'NONE',  ( 22.00000000000000000, 8.079197629375631351, 3.952991052807436567 ) ) ;
#1816 = DIRECTION ( 'NONE',  ( 1.000000000000000000, -0.000000000000000000, -0.000000000000000000 ) ) ;
#1817 = ORIENTED_EDGE ( 'NONE', *, *, #5522, .T. ) ;
#1818 = VERTEX_POINT ( 'NONE', #2271 ) ;
#1819 = CARTESIAN_POINT ( 'NONE',  ( 30.41235414192287578, 10.59613786853515016, -0.6633659610785743732 ) ) ;
#1820 = EDGE_LOOP ( 'NONE', ( #463, #2470, #5547, #3237, #444, #1333 ) ) ;
#1821 = CIRCLE ( 'NONE', #3008, 0.2500000000000002220 ) ;
#1822 = DIRECTION ( 'NONE',  ( 0.000000000000000000, 0.000000000000000000, -1.000000000000000000 ) ) ;
#1823 = CARTESIAN_POINT ( 'NONE',  ( 25.64260328921920618, 15.57102747257624742, 1.000000000000000000 ) ) ;
#1824 = ORIENTED_EDGE ( 'NONE', *, *, #3238, .T. ) ;
#1825 = LINE ( 'NONE', #3612, #164 ) ;
#1826 = CARTESIAN_POINT ( 'NONE',  ( 22.00000000000000000, -2.002642472099355980E-13, -2.999999999999725109 ) ) ;
#1827 = FACE_OUTER_BOUND ( 'NONE', #5093, .T. ) ;
#1828 = CARTESIAN_POINT ( 'NONE',  ( 29.96744999706078616, 10.23425996343857314, 11.23387986399883687 ) ) ;
#1829 = CARTESIAN_POINT ( 'NONE',  ( 25.71105991754769704, -15.45773205190788069, 9.995116840073414721 ) ) ;
#1830 = EDGE_CURVE ( 'NONE', #1758, #1485, #4854, .T. ) ;
#1831 = ORIENTED_EDGE ( 'NONE', *, *, #3905, .F. ) ;
#1832 = VERTEX_POINT ( 'NONE', #3236 ) ;
#1833 = CARTESIAN_POINT ( 'NONE',  ( 26.16603052893363568, 14.67569385005965366, 12.14459291903586013 ) ) ;
#1834 = CARTESIAN_POINT ( 'NONE',  ( 32.00000000000000000, -15.05199322349037239, -9.999999999999998224 ) ) ;
#1835 = LINE ( 'NONE', #5236, #2891 ) ;
#1836 = DIRECTION ( 'NONE',  ( 1.000000000000000000, -0.000000000000000000, -0.000000000000000000 ) ) ;
#1837 = CIRCLE ( 'NONE', #5533, 5.000000000000000000 ) ;
#1838 = ADVANCED_FACE ( 'NONE', ( #4014 ), #182, .F. ) ;
#1839 = EDGE_CURVE ( 'NONE', #3090, #1251, #1915, .T. ) ;
#1840 = DIRECTION ( 'NONE',  ( 0.000000000000000000, 0.000000000000000000, -1.000000000000000000 ) ) ;
#1841 = ORIENTED_EDGE ( 'NONE', *, *, #104, .F. ) ;
#1842 = ORIENTED_EDGE ( 'NONE', *, *, #4281, .F. ) ;
#1843 = DIRECTION ( 'NONE',  ( 1.000000000000000000, -0.000000000000000000, -0.000000000000000000 ) ) ;
#1844 = ORIENTED_EDGE ( 'NONE', *, *, #4708, .T. ) ;
#1845 = AXIS2_PLACEMENT_3D ( 'NONE', #4965, #1013, #4009 ) ;
#1846 = DIRECTION ( 'NONE',  ( 1.000000000000000000, 0.000000000000000000, 0.000000000000000000 ) ) ;
#1847 = CARTESIAN_POINT ( 'NONE',  ( 22.00000000000000000, -7.999999999999928946, 3.950000000000472244 ) ) ;
#1848 = EDGE_LOOP ( 'NONE', ( #1243, #4746, #2665, #1483 ) ) ;
#1849 = FACE_OUTER_BOUND ( 'NONE', #5492, .T. ) ;
#1850 = DIRECTION ( 'NONE',  ( 0.000000000000000000, 0.000000000000000000, -1.000000000000000000 ) ) ;
#1851 = CIRCLE ( 'NONE', #327, 9.999999999999998224 ) ;
#1852 = VECTOR ( 'NONE', #1017, 1000.000000000000000 ) ;
#1853 = CARTESIAN_POINT ( 'NONE',  ( 32.00000000000000000, 0.9986093421101819301, 13.07446784409389373 ) ) ;
#1854 = CARTESIAN_POINT ( 'NONE',  ( 32.00000000000000000, -2.002642472099355980E-13, -2.999999999999725109 ) ) ;
#1855 = CIRCLE ( 'NONE', #75, 0.2500000000000002220 ) ;
#1856 = LINE ( 'NONE', #4067, #4609 ) ;
#1857 = EDGE_CURVE ( 'NONE', #3219, #394, #4834, .T. ) ;
#1858 = DIRECTION ( 'NONE',  ( -1.000000000000000000, 0.000000000000000000, 0.000000000000000000 ) ) ;
#1859 = ORIENTED_EDGE ( 'NONE', *, *, #3644, .F. ) ;
#1860 = EDGE_LOOP ( 'NONE', ( #4848, #4024, #5230, #5268 ) ) ;
#1861 = CARTESIAN_POINT ( 'NONE',  ( 28.96873937260204457, 10.94911282346781789, -0.8686016079899413489 ) ) ;
#1862 = CARTESIAN_POINT ( 'NONE',  ( 25.59821252629880917, 15.64410712223309297, 7.655272029225208108 ) ) ;
#1863 = CARTESIAN_POINT ( 'NONE',  ( -10.00000000000000000, 0.000000000000000000, 0.000000000000000000 ) ) ;
#1864 = CYLINDRICAL_SURFACE ( 'NONE', #3971, 0.2499999999999985012 ) ;
#1865 = EDGE_CURVE ( 'NONE', #4404, #1758, #335, .T. ) ;
#1866 = DIRECTION ( 'NONE',  ( 1.000000000000000000, 0.000000000000000000, 0.000000000000000000 ) ) ;
#1867 = DIRECTION ( 'NONE',  ( 1.000000000000000000, -0.000000000000000000, -0.000000000000000000 ) ) ;
#1868 = ORIENTED_EDGE ( 'NONE', *, *, #3501, .F. ) ;
#1869 = ORIENTED_EDGE ( 'NONE', *, *, #4632, .T. ) ;
#1870 = DIRECTION ( 'NONE',  ( 1.000000000000000000, -0.000000000000000000, -0.000000000000000000 ) ) ;
#1871 = ORIENTED_EDGE ( 'NONE', *, *, #5281, .T. ) ;
#1872 = CARTESIAN_POINT ( 'NONE',  ( 26.14999999999999858, -0.6171745149068267322, 12.15053215590650559 ) ) ;
#1873 = AXIS2_PLACEMENT_3D ( 'NONE', #3465, #3965, #494 ) ;
#1874 = EDGE_CURVE ( 'NONE', #1238, #1778, #1474, .T. ) ;
#1875 = CYLINDRICAL_SURFACE ( 'NONE', #3439, 1.000000000000000888 ) ;
#1876 = CARTESIAN_POINT ( 'NONE',  ( 26.53985228730178036, 14.22598237359156848, 9.119407848732665300 ) ) ;
#1877 = ORIENTED_EDGE ( 'NONE', *, *, #770, .T. ) ;
#1878 = DIRECTION ( 'NONE',  ( 0.000000000000000000, 0.000000000000000000, 1.000000000000000000 ) ) ;
#1879 = DIRECTION ( 'NONE',  ( 1.000000000000000000, -0.000000000000000000, -0.000000000000000000 ) ) ;
#1880 = AXIS2_PLACEMENT_3D ( 'NONE', #4398, #4368, #1687 ) ;
#1881 = AXIS2_PLACEMENT_3D ( 'NONE', #1606, #3343, #5049 ) ;
#1882 = CARTESIAN_POINT ( 'NONE',  ( 30.66132727737474895, 9.700912801338041902, 11.54853809428052891 ) ) ;
#1883 = DIRECTION ( 'NONE',  ( 0.000000000000000000, 0.000000000000000000, 1.000000000000000000 ) ) ;
#1884 = FACE_OUTER_BOUND ( 'NONE', #3355, .T. ) ;
#1885 = AXIS2_PLACEMENT_3D ( 'NONE', #1065, #2431, #4989 ) ;
#1886 = VECTOR ( 'NONE', #2816, 1000.000000000000000 ) ;
#1887 = CARTESIAN_POINT ( 'NONE',  ( -10.00000000000000000, -30.00000000000000000, 9.000000000000001776 ) ) ;
#1888 = VERTEX_POINT ( 'NONE', #4098 ) ;
#1889 = EDGE_CURVE ( 'NONE', #1, #90, #4206, .T. ) ;
#1890 = CARTESIAN_POINT ( 'NONE',  ( 28.38050535232492066, 11.36781999985221248, -0.6911460015880370733 ) ) ;
#1891 = CARTESIAN_POINT ( 'NONE',  ( 27.79527094582527624, 12.07148321101943189, 3.470495363417340329 ) ) ;
#1892 = CARTESIAN_POINT ( 'NONE',  ( 22.00000000000000000, -7.028708731544392130, 5.398864979438423362 ) ) ;
#1893 = CYLINDRICAL_SURFACE ( 'NONE', #3608, 0.2499999999999985012 ) ;
#1894 = AXIS2_PLACEMENT_3D ( 'NONE', #5507, #2495, #1643 ) ;
#1895 = LINE ( 'NONE', #1395, #4427 ) ;
#1896 = VECTOR ( 'NONE', #1720, 1000.000000000000000 ) ;
#1897 = LINE ( 'NONE', #1955, #4866 ) ;
#1898 = VERTEX_POINT ( 'NONE', #4935 ) ;
#1899 = EDGE_LOOP ( 'NONE', ( #5068, #662, #4756, #3469 ) ) ;
#1900 = DIRECTION ( 'NONE',  ( 1.000000000000000000, -0.000000000000000000, -0.000000000000000000 ) ) ;
#1901 = ORIENTED_EDGE ( 'NONE', *, *, #1175, .F. ) ;
#1902 = CARTESIAN_POINT ( 'NONE',  ( 0.000000000000000000, 28.99999999999999645, 1.000000000000000000 ) ) ;
#1903 = EDGE_CURVE ( 'NONE', #2326, #2542, #3710, .T. ) ;
#1904 = CARTESIAN_POINT ( 'NONE',  ( 24.00000000000000711, -7.028149174526985732, 9.138089562656441345 ) ) ;
#1905 = CARTESIAN_POINT ( 'NONE',  ( 24.00000000000000000, -7.968702294789022034, 12.94117647058823728 ) ) ;
#1906 = EDGE_CURVE ( 'NONE', #1089, #1482, #1041, .T. ) ;
#1907 = EDGE_LOOP ( 'NONE', ( #802, #2820, #2874, #252, #528, #2935, #4642, #3047, #2881, #2707, #3854, #1562 ) ) ;
#1908 = DIRECTION ( 'NONE',  ( 1.000000000000000000, 0.000000000000000000, 0.000000000000000000 ) ) ;
#1909 = ORIENTED_EDGE ( 'NONE', *, *, #1903, .T. ) ;
#1910 = DIRECTION ( 'NONE',  ( 0.000000000000000000, 0.000000000000000000, -1.000000000000000000 ) ) ;
#1911 = CIRCLE ( 'NONE', #565, 0.2500000000000002220 ) ;
#1912 = CARTESIAN_POINT ( 'NONE',  ( 24.00000000000000000, -7.000000000000007994, 10.00000000000000000 ) ) ;
#1913 = CARTESIAN_POINT ( 'NONE',  ( 23.50707971369708815, 8.509943855954967162, 5.804153020065712099 ) ) ;
#1914 = DIRECTION ( 'NONE',  ( 0.000000000000000000, 0.000000000000000000, -1.000000000000000000 ) ) ;
#1915 = LINE ( 'NONE', #2721, #3140 ) ;
#1916 = ORIENTED_EDGE ( 'NONE', *, *, #705, .T. ) ;
#1917 = CARTESIAN_POINT ( 'NONE',  ( 31.14539996323948401, 9.242419554687078431, -1.860660113575078656 ) ) ;
#1918 = CARTESIAN_POINT ( 'NONE',  ( 31.99999999999231193, 11.24993634088721173, 5.287826076826649846 ) ) ;
#1919 = DIRECTION ( 'NONE',  ( 1.000000000000000000, -0.000000000000000000, -0.000000000000000000 ) ) ;
#1920 = DIRECTION ( 'NONE',  ( -1.000000000000000000, 0.000000000000000000, 0.000000000000000000 ) ) ;
#1921 = ADVANCED_FACE ( 'NONE', ( #4070 ), #3231, .T. ) ;
#1922 = DIRECTION ( 'NONE',  ( 1.000000000000000000, -0.000000000000000000, -0.000000000000000000 ) ) ;
#1923 = ORIENTED_EDGE ( 'NONE', *, *, #2018, .F. ) ;
#1924 = EDGE_LOOP ( 'NONE', ( #3049, #4692 ) ) ;
#1925 = B_SPLINE_CURVE_WITH_KNOTS ( 'NONE', 3,
 ( #2570, #2110, #5519, #2054 ),
 .UNSPECIFIED., .F., .F.,
 ( 4, 4 ),
 ( 0.000000000000000000, 0.0008331556607133252254 ),
 .UNSPECIFIED. ) ;
#1926 = CARTESIAN_POINT ( 'NONE',  ( 24.00000000000000000, -9.020238095238024556, 5.248222136452771025 ) ) ;
#1927 = VERTEX_POINT ( 'NONE', #5396 ) ;
#1928 = CARTESIAN_POINT ( 'NONE',  ( 24.85854012602414898, -14.94559794137272846, -0.0005660138214270971080 ) ) ;
#1929 = EDGE_CURVE ( 'NONE', #2299, #4046, #1098, .T. ) ;
#1930 = DIRECTION ( 'NONE',  ( -1.000000000000000000, 2.041077998578912357E-17, -2.041077998578916054E-17 ) ) ;
#1931 = DIRECTION ( 'NONE',  ( 0.000000000000000000, 0.000000000000000000, -1.000000000000000000 ) ) ;
#1932 = CIRCLE ( 'NONE', #3115, 0.2500000000000002220 ) ;
#1933 = VERTEX_POINT ( 'NONE', #3452 ) ;
#1934 = CARTESIAN_POINT ( 'NONE',  ( 26.14999999999999858, 9.020238095238095610, 4.751777863547702374 ) ) ;
#1935 = EDGE_LOOP ( 'NONE', ( #5260, #19 ) ) ;
#1936 = DIRECTION ( 'NONE',  ( -0.000000000000000000, 1.000000000000000000, -0.000000000000000000 ) ) ;
#1937 = EDGE_CURVE ( 'NONE', #5434, #2391, #682, .T. ) ;
#1938 = EDGE_CURVE ( 'NONE', #1663, #2153, #3781, .T. ) ;
#1939 = CARTESIAN_POINT ( 'NONE',  ( 26.14999999999999858, -8.079197629375560297, 6.047008947193036832 ) ) ;
#1940 = EDGE_LOOP ( 'NONE', ( #1253, #1331, #3923, #3223, #1375, #183, #4375, #5443, #733, #1645, #801, #527, #3375, #773 ) ) ;
#1941 = CARTESIAN_POINT ( 'NONE',  ( 24.00000000000000000, -7.000000000000007994, 10.00000000000000000 ) ) ;
#1942 = FACE_BOUND ( 'NONE', #3871, .T. ) ;
#1943 = EDGE_CURVE ( 'NONE', #3487, #2854, #1511, .T. ) ;
#1944 = ADVANCED_FACE ( 'NONE', ( #1258 ), #4545, .F. ) ;
#1945 = AXIS2_PLACEMENT_3D ( 'NONE', #3776, #4308, #1600 ) ;
#1946 = AXIS2_PLACEMENT_3D ( 'NONE', #1088, #1031, #3282 ) ;
#1947 = DIRECTION ( 'NONE',  ( 0.000000000000000000, 0.000000000000000000, -1.000000000000000000 ) ) ;
#1948 = VECTOR ( 'NONE', #5022, 1000.000000000000000 ) ;
#1949 = VERTEX_POINT ( 'NONE', #2572 ) ;
#1950 = CARTESIAN_POINT ( 'NONE',  ( 24.00000000000000000, 0.000000000000000000, 5.000000000000000000 ) ) ;
#1951 = CARTESIAN_POINT ( 'NONE',  ( 25.85233607198866679, 15.22074132944305802, -0.1888409242583107550 ) ) ;
#1952 = CARTESIAN_POINT ( 'NONE',  ( 22.00000000000000000, 8.324467844093694779, 5.748609342109912035 ) ) ;
#1953 = CARTESIAN_POINT ( 'NONE',  ( 32.00000000000000000, 0.6171745149068980085, -2.400532155906033083 ) ) ;
#1954 = CIRCLE ( 'NONE', #4479, 5.000000000000000000 ) ;
#1955 = CARTESIAN_POINT ( 'NONE',  ( 22.00000000000000000, 0.3988649794377492896, -2.028708731544191846 ) ) ;
#1956 = ORIENTED_EDGE ( 'NONE', *, *, #592, .T. ) ;
#1957 = ORIENTED_EDGE ( 'NONE', *, *, #2784, .T. ) ;
#1958 = DIRECTION ( 'NONE',  ( -1.000000000000000000, 0.000000000000000000, 0.000000000000000000 ) ) ;
#1959 = ORIENTED_EDGE ( 'NONE', *, *, #566, .T. ) ;
#1960 = CARTESIAN_POINT ( 'NONE',  ( -9.000000000000001776, -28.99999999999999645, 10.00000000000000000 ) ) ;
#1961 = DIRECTION ( 'NONE',  ( 0.000000000000000000, 0.000000000000000000, -1.000000000000000000 ) ) ;
#1962 = CARTESIAN_POINT ( 'NONE',  ( 23.45031344172686971, 8.665890543797583945, 4.177075032451611492 ) ) ;
#1963 = EDGE_LOOP ( 'NONE', ( #3885, #2238, #3827, #862 ) ) ;
#1964 = DIRECTION ( 'NONE',  ( 1.000000000000000000, 0.000000000000000000, 0.000000000000000000 ) ) ;
#1965 = VERTEX_POINT ( 'NONE', #5166 ) ;
#1966 = EDGE_CURVE ( 'NONE', #1434, #5409, #1414, .T. ) ;
#1967 = CARTESIAN_POINT ( 'NONE',  ( 27.79527094582162761, -12.07148321101943367, 6.529504636580785615 ) ) ;
#1968 = FACE_OUTER_BOUND ( 'NONE', #4290, .T. ) ;
#1969 = ORIENTED_EDGE ( 'NONE', *, *, #283, .T. ) ;
#1970 = DIRECTION ( 'NONE',  ( 0.000000000000000000, 1.000000000000000000, 0.000000000000000000 ) ) ;
#1971 = FACE_OUTER_BOUND ( 'NONE', #3914, .T. ) ;
#1972 = AXIS2_PLACEMENT_3D ( 'NONE', #3029, #2230, #3952 ) ;
#1973 = ADVANCED_FACE ( 'NONE', ( #4312 ), #5521, .T. ) ;
#1974 = VERTEX_POINT ( 'NONE', #339 ) ;
#1975 = EDGE_CURVE ( 'NONE', #2550, #1740, #3672, .T. ) ;
#1976 = CARTESIAN_POINT ( 'NONE',  ( 32.00000000000000000, -0.3988649794376790680, 12.02870873154466480 ) ) ;
#1977 = CARTESIAN_POINT ( 'NONE',  ( 28.02188700053629589, 11.37186326621064225, -0.2021380628685347791 ) ) ;
#1978 = LINE ( 'NONE', #1952, #378 ) ;
#1979 = DIRECTION ( 'NONE',  ( 1.000000000000000000, -0.000000000000000000, -0.000000000000000000 ) ) ;
#1980 = AXIS2_PLACEMENT_3D ( 'NONE', #4410, #3126, #3907 ) ;
#1981 = AXIS2_PLACEMENT_3D ( 'NONE', #3221, #4112, #611 ) ;
#1982 = CARTESIAN_POINT ( 'NONE',  ( 27.19654025390179442, -12.31657027535709759, -0.3702376189723692868 ) ) ;
#1983 = ORIENTED_EDGE ( 'NONE', *, *, #3877, .T. ) ;
#1984 = VECTOR ( 'NONE', #1979, 1000.000000000000000 ) ;
#1985 = ORIENTED_EDGE ( 'NONE', *, *, #537, .F. ) ;
#1986 = CIRCLE ( 'NONE', #1894, 28.99999999999999645 ) ;
#1987 = CARTESIAN_POINT ( 'NONE',  ( 31.00000000000000000, -9.390462030729407772, -1.756999056569589657 ) ) ;
#1988 = EDGE_LOOP ( 'NONE', ( #663, #2703, #4334, #5427 ) ) ;
#1989 = CARTESIAN_POINT ( 'NONE',  ( 22.00000000000000000, -7.999999999999928946, 5.000000000000472511 ) ) ;
#1990 = CIRCLE ( 'NONE', #738, 0.2499999999999985012 ) ;
#1991 = CARTESIAN_POINT ( 'NONE',  ( 24.00000000000000711, -9.722646932619163351, 10.00000000000000533 ) ) ;
#1992 = DIRECTION ( 'NONE',  ( 1.000000000000000000, 0.000000000000000000, 0.000000000000000000 ) ) ;
#1993 = VERTEX_POINT ( 'NONE', #1685 ) ;
#1994 = CARTESIAN_POINT ( 'NONE',  ( 24.00000000000000000, 8.000000000000000000, 5.000000000000000000 ) ) ;
#1995 = ORIENTED_EDGE ( 'NONE', *, *, #4931, .T. ) ;
#1996 = CARTESIAN_POINT ( 'NONE',  ( 25.52333261771839901, -15.76582239810426778, 3.930373554733964436 ) ) ;
#1997 = VECTOR ( 'NONE', #2439, 1000.000000000000000 ) ;
#1998 = EDGE_CURVE ( 'NONE', #3272, #4254, #4641, .T. ) ;
#1999 = DIRECTION ( 'NONE',  ( 0.000000000000000000, 0.000000000000000000, 1.000000000000000000 ) ) ;
#2000 = ORIENTED_EDGE ( 'NONE', *, *, #5365, .F. ) ;
#2001 = DIRECTION ( 'NONE',  ( 0.000000000000000000, 0.000000000000000000, -1.000000000000000000 ) ) ;
#2002 = CARTESIAN_POINT ( 'NONE',  ( 0.000000000000000000, 0.000000000000000000, 0.000000000000000000 ) ) ;
#2003 = AXIS2_PLACEMENT_3D ( 'NONE', #618, #2319, #5362 ) ;
#2004 = ORIENTED_EDGE ( 'NONE', *, *, #1692, .F. ) ;
#2005 = FACE_OUTER_BOUND ( 'NONE', #2598, .T. ) ;
#2006 = CARTESIAN_POINT ( 'NONE',  ( 23.49200954670464370, -8.551344190098888021, 5.893599230105401432 ) ) ;
#2007 = CARTESIAN_POINT ( 'NONE',  ( 23.31598817775510213, 9.020238095238095610, 5.248222136452297626 ) ) ;
#2008 = EDGE_CURVE ( 'NONE', #3540, #3482, #1954, .T. ) ;
#2009 = DIRECTION ( 'NONE',  ( 1.000000000000000000, 0.000000000000000000, 0.000000000000000000 ) ) ;
#2010 = EDGE_CURVE ( 'NONE', #3075, #3181, #3937, .T. ) ;
#2011 = VERTEX_POINT ( 'NONE', #4713 ) ;
#2012 = CARTESIAN_POINT ( 'NONE',  ( 24.00000000000000000, 7.000000000000007994, 0.000000000000000000 ) ) ;
#2013 = VERTEX_POINT ( 'NONE', #4682 ) ;
#2014 = VERTEX_POINT ( 'NONE', #1631 ) ;
#2015 = LINE ( 'NONE', #3330, #3143 ) ;
#2016 = VERTEX_POINT ( 'NONE', #3370 ) ;
#2017 = CYLINDRICAL_SURFACE ( 'NONE', #4414, 1.049999999999998934 ) ;
#2018 = EDGE_CURVE ( 'NONE', #4892, #5101, #517, .T. ) ;
#2019 = EDGE_CURVE ( 'NONE', #5376, #2443, #4285, .T. ) ;
#2020 = DIRECTION ( 'NONE',  ( 0.000000000000000000, 0.000000000000000000, -1.000000000000000000 ) ) ;
#2021 = DIRECTION ( 'NONE',  ( 0.000000000000000000, 0.000000000000000000, -1.000000000000000000 ) ) ;
#2022 = ORIENTED_EDGE ( 'NONE', *, *, #2423, .F. ) ;
#2023 = DIRECTION ( 'NONE',  ( -0.000000000000000000, 1.000000000000000000, -0.000000000000000000 ) ) ;
#2024 = VERTEX_POINT ( 'NONE', #4229 ) ;
#2025 = CARTESIAN_POINT ( 'NONE',  ( 27.23029209038935861, -12.59012282196161969, -6.369912032411445324 ) ) ;
#2026 = CIRCLE ( 'NONE', #4104, 1.000000000000000222 ) ;
#2027 = DIRECTION ( 'NONE',  ( 1.000000000000000000, -0.000000000000000000, -0.000000000000000000 ) ) ;
#2028 = CARTESIAN_POINT ( 'NONE',  ( 24.00000000000000000, -15.05199322349037239, -9.999999999999998224 ) ) ;
#2029 = DIRECTION ( 'NONE',  ( -0.000000000000000000, 0.000000000000000000, 1.000000000000000000 ) ) ;
#2030 = ORIENTED_EDGE ( 'NONE', *, *, #3186, .F. ) ;
#2031 = DIRECTION ( 'NONE',  ( 6.080109272680268956E-16, 0.7058823529411762943, -0.7083290928701352351 ) ) ;
#2032 = FILL_AREA_STYLE ('',( #2553 ) ) ;
#2033 = ADVANCED_FACE ( 'NONE', ( #2544 ), #2972, .F. ) ;
#2034 = DIRECTION ( 'NONE',  ( 0.000000000000000000, 0.000000000000000000, 1.000000000000000000 ) ) ;
#2035 = DIRECTION ( 'NONE',  ( 0.000000000000000000, 0.000000000000000000, -1.000000000000000000 ) ) ;
#2036 = CIRCLE ( 'NONE', #955, 1.000000000000000888 ) ;
#2037 = AXIS2_PLACEMENT_3D ( 'NONE', #2737, #584, #3610 ) ;
#2038 = CYLINDRICAL_SURFACE ( 'NONE', #3795, 1.050000000000001377 ) ;
#2039 = EDGE_LOOP ( 'NONE', ( #2004, #3066, #5468, #1623, #2817, #3558, #2126, #1061, #654, #4928, #867, #4949, #55 ) ) ;
#2040 = CIRCLE ( 'NONE', #5199, 0.2500000000000002220 ) ;
#2041 = VECTOR ( 'NONE', #3147, 1000.000000000000000 ) ;
#2042 = EDGE_LOOP ( 'NONE', ( #872, #5231, #5518, #481 ) ) ;
#2043 = CARTESIAN_POINT ( 'NONE',  ( 24.00000000000000000, -7.968702294789020257, -2.941176470588235947 ) ) ;
#2044 = AXIS2_PLACEMENT_3D ( 'NONE', #2979, #5024, #5116 ) ;
#2045 = CARTESIAN_POINT ( 'NONE',  ( 24.85854012602414542, -14.94559794137272135, 10.00056601382139476 ) ) ;
#2046 = CARTESIAN_POINT ( 'NONE',  ( 26.14999999999999858, -0.9986093421096409184, 13.07446784409389906 ) ) ;
#2047 = ADVANCED_FACE ( 'NONE', ( #842 ), #925, .T. ) ;
#2048 = CARTESIAN_POINT ( 'NONE',  ( 28.02809103044440064, -12.62478741439603347, 9.579038591251094914 ) ) ;
#2049 = ORIENTED_EDGE ( 'NONE', *, *, #2115, .T. ) ;
#2050 = CARTESIAN_POINT ( 'NONE',  ( 25.71573116485256350, -15.44995697913202726, 0.9993773847964274593 ) ) ;
#2051 = VERTEX_POINT ( 'NONE', #3950 ) ;
#2052 = EDGE_CURVE ( 'NONE', #2940, #4722, #2036, .T. ) ;
#2053 = CARTESIAN_POINT ( 'NONE',  ( 26.45309665359240370, -14.15218342580691946, -3.528352157664489397 ) ) ;
#2054 = CARTESIAN_POINT ( 'NONE',  ( 23.49200954670461527, 8.551344190098962628, 5.893599230104925368 ) ) ;
#2055 = ORIENTED_EDGE ( 'NONE', *, *, #4051, .T. ) ;
#2056 = CARTESIAN_POINT ( 'NONE',  ( 31.00000000000000000, 0.000000000000000000, 5.000000000000000000 ) ) ;
#2057 = CARTESIAN_POINT ( 'NONE',  ( 23.32883760827342456, -8.987024208099761324, 5.384737249221164923 ) ) ;
#2058 = CARTESIAN_POINT ( 'NONE',  ( 23.90142887410414474, -7.329632960201779568, 5.435999903177828330 ) ) ;
#2059 = CIRCLE ( 'NONE', #1063, 2.000000000000001776 ) ;
#2060 = VERTEX_POINT ( 'NONE', #3114 ) ;
#2061 = DIRECTION ( 'NONE',  ( 1.000000000000000000, -0.000000000000000000, 0.000000000000000000 ) ) ;
#2062 = LINE ( 'NONE', #2120, #2116 ) ;
#2063 = CYLINDRICAL_SURFACE ( 'NONE', #3799, 30.00000000000000000 ) ;
#2064 = CARTESIAN_POINT ( 'NONE',  ( 23.83883916946517800, -7.533893359698340397, 5.981622659326741420 ) ) ;
#2065 = AXIS2_PLACEMENT_3D ( 'NONE', #2143, #3086, #2228 ) ;
#2066 = EDGE_CURVE ( 'NONE', #747, #4309, #2588, .T. ) ;
#2067 = CARTESIAN_POINT ( 'NONE',  ( 32.00000000000000000, -7.999999999999928946, 3.950000000000472244 ) ) ;
#2068 = VERTEX_POINT ( 'NONE', #1435 ) ;
#2069 = ORIENTED_EDGE ( 'NONE', *, *, #3838, .F. ) ;
#2070 = LINE ( 'NONE', #1215, #4657 ) ;
#2071 = CARTESIAN_POINT ( 'NONE',  ( 23.55718077081370154, -8.370336346872715438, 4.254123304700861752 ) ) ;
#2072 = AXIS2_PLACEMENT_3D ( 'NONE', #1494, #3227, #1526 ) ;
#2073 = CARTESIAN_POINT ( 'NONE',  ( 24.00000000000000000, 1.988707673591738826E-13, 11.00000000000022560 ) ) ;
#2074 = TOROIDAL_SURFACE ( 'NONE', #3080, 11.00000000000000000, 1.000000000000000000 ) ;
#2075 = LINE ( 'NONE', #2877, #3973 ) ;
#2076 = VERTEX_POINT ( 'NONE', #3171 ) ;
#2077 = ORIENTED_EDGE ( 'NONE', *, *, #3207, .T. ) ;
#2078 = CARTESIAN_POINT ( 'NONE',  ( 23.90418610870744942, 7.320511353742844562, 5.800496832977882100 ) ) ;
#2079 = ORIENTED_EDGE ( 'NONE', *, *, #1467, .F. ) ;
#2080 = AXIS2_PLACEMENT_3D ( 'NONE', #2236, #108, #5258 ) ;
#2081 = EDGE_CURVE ( 'NONE', #3831, #1052, #3559, .T. ) ;
#2082 = EDGE_CURVE ( 'NONE', #4610, #4957, #342, .T. ) ;
#2083 = CARTESIAN_POINT ( 'NONE',  ( 26.14999999999999858, 8.324467844093694779, 5.748609342109912035 ) ) ;
#2084 = ORIENTED_EDGE ( 'NONE', *, *, #4224, .T. ) ;
#2085 = CARTESIAN_POINT ( 'NONE',  ( 23.40867371141267839, -8.780282026623817515, 4.247653740812954659 ) ) ;
#2086 = VECTOR ( 'NONE', #488, 1000.000000000000000 ) ;
#2087 = DIRECTION ( 'NONE',  ( 0.000000000000000000, 0.000000000000000000, -1.000000000000000000 ) ) ;
#2088 = DIRECTION ( 'NONE',  ( 1.000000000000000000, 0.000000000000000000, 0.000000000000000000 ) ) ;
#2089 = B_SPLINE_CURVE_WITH_KNOTS ( 'NONE', 3,
 ( #2471, #2446, #1616, #751, #4162, #301, #4273, #3384 ),
 .UNSPECIFIED., .F., .F.,
 ( 4, 2, 2, 4 ),
 ( 0.001024023837135167817, 0.003041287478725477819, 0.005058551120315788255, 0.009093078403496410861 ),
 .UNSPECIFIED. ) ;
#2090 = EDGE_CURVE ( 'NONE', #637, #1398, #1311, .T. ) ;
#2091 = ADVANCED_FACE ( 'NONE', ( #980, #1849 ), #4397, .T. ) ;
#2092 = ORIENTED_EDGE ( 'NONE', *, *, #24, .T. ) ;
#2093 = CARTESIAN_POINT ( 'NONE',  ( 31.00000000000000000, 7.260373201918889130, 12.23529411764705976 ) ) ;
#2094 = CARTESIAN_POINT ( 'NONE',  ( 22.00000000000000000, -9.020238095238022780, 4.751777863548173997 ) ) ;
#2095 = CARTESIAN_POINT ( 'NONE',  ( 24.00000000000000000, -8.324467844093623725, 5.748609342110383658 ) ) ;
#2096 = CARTESIAN_POINT ( 'NONE',  ( 23.90418610870747074, -7.320511353742771732, 5.800496832978356387 ) ) ;
#2097 = ORIENTED_EDGE ( 'NONE', *, *, #2524, .T. ) ;
#2098 = CARTESIAN_POINT ( 'NONE',  ( -5.327213576290985256E-15, -28.99999999999999645, 9.000000000000001776 ) ) ;
#2099 = ORIENTED_EDGE ( 'NONE', *, *, #5249, .F. ) ;
#2100 = ORIENTED_EDGE ( 'NONE', *, *, #304, .F. ) ;
#2101 = CARTESIAN_POINT ( 'NONE',  ( 32.00000000000000000, -7.320511353742771732, 5.800496832978356387 ) ) ;
#2102 = LINE ( 'NONE', #4187, #502 ) ;
#2103 = DIRECTION ( 'NONE',  ( 1.000000000000000000, 0.000000000000000000, 0.000000000000000000 ) ) ;
#2104 = CARTESIAN_POINT ( 'NONE',  ( 24.78784984624522991, -15.05199322349037239, 10.00000000000000000 ) ) ;
#2105 = VERTEX_POINT ( 'NONE', #482 ) ;
#2106 = ORIENTED_EDGE ( 'NONE', *, *, #4111, .F. ) ;
#2107 = CARTESIAN_POINT ( 'NONE',  ( 31.00000000000000000, 0.000000000000000000, 5.000000000000000000 ) ) ;
#2108 = VERTEX_POINT ( 'NONE', #5251 ) ;
#2109 = ADVANCED_FACE ( 'NONE', ( #2739 ), #2226, .T. ) ;
#2110 = CARTESIAN_POINT ( 'NONE',  ( 23.34166596962900186, 8.953864781646872828, 5.521028518674227392 ) ) ;
#2111 = ORIENTED_EDGE ( 'NONE', *, *, #2465, .F. ) ;
#2112 = CARTESIAN_POINT ( 'NONE',  ( 22.00000000000000000, 8.000000000000000000, 5.000000000000000000 ) ) ;
#2113 = CARTESIAN_POINT ( 'NONE',  ( -4.999999999999999112, -30.00000000000000000, 8.099999999999999645 ) ) ;
#2114 = CARTESIAN_POINT ( 'NONE',  ( 31.49546782470930140, 9.454705597701218878, -1.562833828927828961 ) ) ;
#2115 = EDGE_CURVE ( 'NONE', #3831, #202, #2132, .T. ) ;
#2116 = VECTOR ( 'NONE', #1639, 1000.000000000000000 ) ;
#2117 = ORIENTED_EDGE ( 'NONE', *, *, #1628, .T. ) ;
#2118 = VECTOR ( 'NONE', #4035, 1000.000000000000000 ) ;
#2119 = CARTESIAN_POINT ( 'NONE',  ( 25.71573116485256350, -15.44995697913202726, 0.9993773847964274593 ) ) ;
#2120 = CARTESIAN_POINT ( 'NONE',  ( 0.000000000000000000, -25.00000000000000000, 9.000000000000001776 ) ) ;
#2121 = EDGE_CURVE ( 'NONE', #4645, #3181, #1825, .T. ) ;
#2122 = FACE_BOUND ( 'NONE', #3529, .T. ) ;
#2123 = DIRECTION ( 'NONE',  ( 1.000000000000000000, -0.000000000000000000, -0.000000000000000000 ) ) ;
#2124 = ORIENTED_EDGE ( 'NONE', *, *, #778, .F. ) ;
#2125 = CARTESIAN_POINT ( 'NONE',  ( 26.14999999999999858, 1.047008947192835882, 13.07919762937583563 ) ) ;
#2126 = ORIENTED_EDGE ( 'NONE', *, *, #1085, .F. ) ;
#2127 = ORIENTED_EDGE ( 'NONE', *, *, #2848, .T. ) ;
#2128 = CARTESIAN_POINT ( 'NONE',  ( 24.00000000000000000, 7.150532155906305753, 5.367174514907097738 ) ) ;
#2129 = CARTESIAN_POINT ( 'NONE',  ( 23.88480251836864099, 7.383518228046217047, 5.720948905260941686 ) ) ;
#2130 = CARTESIAN_POINT ( 'NONE',  ( 32.00000000000000000, -7.999999999999928946, 5.000000000000472511 ) ) ;
#2131 = DIRECTION ( 'NONE',  ( 1.000000000000000000, -0.000000000000000000, -0.000000000000000000 ) ) ;
#2132 = CIRCLE ( 'NONE', #5549, 1.049999999999999822 ) ;
#2133 = AXIS2_PLACEMENT_3D ( 'NONE', #2971, #4679, #3805 ) ;
#2134 = CARTESIAN_POINT ( 'NONE',  ( 0.000000000000000000, 0.000000000000000000, 9.000000000000001776 ) ) ;
#2135 = VERTEX_POINT ( 'NONE', #4819 ) ;
#2136 = CARTESIAN_POINT ( 'NONE',  ( 24.00000000000000000, 7.000000000000007994, 10.00000000000000000 ) ) ;
#2137 = EDGE_LOOP ( 'NONE', ( #1018, #1106, #1868, #5010 ) ) ;
#2138 = VECTOR ( 'NONE', #383, 1000.000000000000000 ) ;
#2139 = DIRECTION ( 'NONE',  ( 1.000000000000000000, -0.000000000000000000, -0.000000000000000000 ) ) ;
#2140 = ADVANCED_FACE ( 'NONE', ( #67 ), #4426, .T. ) ;
#2141 = ORIENTED_EDGE ( 'NONE', *, *, #5331, .T. ) ;
#2142 = DIRECTION ( 'NONE',  ( 0.000000000000000000, 0.000000000000000000, -1.000000000000000000 ) ) ;
#2143 = CARTESIAN_POINT ( 'NONE',  ( 0.000000000000000000, 0.000000000000000000, 0.000000000000000000 ) ) ;
#2144 = CARTESIAN_POINT ( 'NONE',  ( 22.00000000000000000, 0.8935992301051999265, 13.55134419009915803 ) ) ;
#2145 = EDGE_CURVE ( 'NONE', #2060, #1282, #152, .T. ) ;
#2146 = VERTEX_POINT ( 'NONE', #94 ) ;
#2147 = CARTESIAN_POINT ( 'NONE',  ( 0.000000000000000000, -26.00000000000000355, 9.000000000000001776 ) ) ;
#2148 = CARTESIAN_POINT ( 'NONE',  ( 26.67462643495546715, 12.78293003198356637, 10.24723478175092595 ) ) ;
#2149 = CARTESIAN_POINT ( 'NONE',  ( 25.64260328921920262, -15.57102747257624920, 9.000000000000001776 ) ) ;
#2150 = ADVANCED_FACE ( 'NONE', ( #1090 ), #3199, .T. ) ;
#2151 = CARTESIAN_POINT ( 'NONE',  ( 25.66707489108231499, 15.53072726891064903, 8.999999999937699613 ) ) ;
#2152 = VERTEX_POINT ( 'NONE', #1934 ) ;
#2153 = VERTEX_POINT ( 'NONE', #1524 ) ;
#2154 = CARTESIAN_POINT ( 'NONE',  ( 26.40206444282815568, 14.34797010010416685, 0.005408131055767326570 ) ) ;
#2155 = VERTEX_POINT ( 'NONE', #3284 ) ;
#2156 = CARTESIAN_POINT ( 'NONE',  ( 24.78784984624522991, -15.05199322349037239, 10.00000000000000000 ) ) ;
#2157 = CARTESIAN_POINT ( 'NONE',  ( 25.67912851486513759, -15.51092155592688826, 8.661553430150773281 ) ) ;
#2158 = CARTESIAN_POINT ( 'NONE',  ( 25.66707489108231499, -15.53072726891065081, 1.000000000062302385 ) ) ;
#2159 = FACE_OUTER_BOUND ( 'NONE', #573, .T. ) ;
#2160 = VERTEX_POINT ( 'NONE', #4536 ) ;
#2161 = EDGE_LOOP ( 'NONE', ( #3872, #4729, #1723, #2337 ) ) ;
#2162 = DIRECTION ( 'NONE',  ( 0.000000000000000000, 0.000000000000000000, 1.000000000000000000 ) ) ;
#2163 = VERTEX_POINT ( 'NONE', #4897 ) ;
#2164 = AXIS2_PLACEMENT_3D ( 'NONE', #3333, #2991, #2967 ) ;
#2165 = DIRECTION ( 'NONE',  ( 0.000000000000000000, 0.000000000000000000, 1.000000000000000000 ) ) ;
#2166 = DIRECTION ( 'NONE',  ( 0.000000000000000000, 0.000000000000000000, -1.000000000000000000 ) ) ;
#2167 = ORIENTED_EDGE ( 'NONE', *, *, #3310, .F. ) ;
#2168 = CARTESIAN_POINT ( 'NONE',  ( 23.84518278690848447, -7.513179094718789308, 4.035960305764531242 ) ) ;
#2169 = DIRECTION ( 'NONE',  ( 0.000000000000000000, 0.000000000000000000, -1.000000000000000000 ) ) ;
#2170 = AXIS2_PLACEMENT_3D ( 'NONE', #5433, #2925, #406 ) ;
#2171 = FACE_OUTER_BOUND ( 'NONE', #2909, .T. ) ;
#2172 = VECTOR ( 'NONE', #2464, 1000.000000000000000 ) ;
#2173 = ORIENTED_EDGE ( 'NONE', *, *, #256, .F. ) ;
#2174 = CYLINDRICAL_SURFACE ( 'NONE', #1730, 30.00000000000000000 ) ;
#2175 = DIRECTION ( 'NONE',  ( 0.000000000000000000, 1.652117596168389334E-15, 1.000000000000000000 ) ) ;
#2176 = CARTESIAN_POINT ( 'NONE',  ( 32.00000000000000000, -2.002642472099355980E-13, -2.999999999999725109 ) ) ;
#2177 = EDGE_CURVE ( 'NONE', #1647, #499, #780, .T. ) ;
#2178 = CARTESIAN_POINT ( 'NONE',  ( 23.50154126806526733, 8.525158916272621568, 4.162974552471220058 ) ) ;
#2179 = ORIENTED_EDGE ( 'NONE', *, *, #1043, .F. ) ;
#2180 = CARTESIAN_POINT ( 'NONE',  ( 32.00000000000123634, 10.90933057800250694, 7.802955704858755226 ) ) ;
#2181 = EDGE_CURVE ( 'NONE', #2901, #4627, #690, .T. ) ;
#2182 = DIRECTION ( 'NONE',  ( 0.000000000000000000, 6.938893903907270187E-15, 1.000000000000000000 ) ) ;
#2183 = DIRECTION ( 'NONE',  ( 0.000000000000000000, 0.000000000000000000, -1.000000000000000000 ) ) ;
#2184 = EDGE_CURVE ( 'NONE', #4213, #4333, #2678, .T. ) ;
#2185 = CARTESIAN_POINT ( 'NONE',  ( 25.68830209145093235, -15.49558368575899614, 0.003465117463684667248 ) ) ;
#2186 = VECTOR ( 'NONE', #1970, 1000.000000000000000 ) ;
#2187 = DIRECTION ( 'NONE',  ( 1.000000000000000000, -0.000000000000000000, -0.000000000000000000 ) ) ;
#2188 = ORIENTED_EDGE ( 'NONE', *, *, #5562, .T. ) ;
#2189 = B_SPLINE_CURVE_WITH_KNOTS ( 'NONE', 3,
 ( #4902, #207, #1913, #1409 ),
 .UNSPECIFIED., .F., .F.,
 ( 4, 4 ),
 ( 0.0004509099824889616494, 0.0007458276187673981185 ),
 .UNSPECIFIED. ) ;
#2190 = ORIENTED_EDGE ( 'NONE', *, *, #5554, .T. ) ;
#2191 = FACE_OUTER_BOUND ( 'NONE', #5320, .T. ) ;
#2192 = VERTEX_POINT ( 'NONE', #5416 ) ;
#2193 = EDGE_CURVE ( 'NONE', #473, #4873, #3110, .T. ) ;
#2194 = EDGE_CURVE ( 'NONE', #3122, #555, #1407, .T. ) ;
#2195 = DIRECTION ( 'NONE',  ( 0.000000000000000000, 0.000000000000000000, 1.000000000000000000 ) ) ;
#2196 = CIRCLE ( 'NONE', #5308, 0.2499999999999997780 ) ;
#2197 = ORIENTED_EDGE ( 'NONE', *, *, #2010, .T. ) ;
#2198 = FACE_BOUND ( 'NONE', #2394, .T. ) ;
#2199 = DIRECTION ( 'NONE',  ( 0.000000000000000000, 0.000000000000000000, -1.000000000000000000 ) ) ;
#2200 = ORIENTED_EDGE ( 'NONE', *, *, #2324, .T. ) ;
#2201 = CARTESIAN_POINT ( 'NONE',  ( 22.00000000000000000, -0.9986093421096409184, 13.07446784409389906 ) ) ;
#2202 = DIRECTION ( 'NONE',  ( 0.000000000000000000, 0.000000000000000000, -1.000000000000000000 ) ) ;
#2203 = CARTESIAN_POINT ( 'NONE',  ( 22.00000000000000000, 7.150532155906305753, 5.367174514907097738 ) ) ;
#2204 = COLOUR_RGB ( '',0.7921568627450980005, 0.8196078431372548767, 0.9333333333333333481 ) ;
#2205 = CARTESIAN_POINT ( 'NONE',  ( 23.65848928328688672, 8.079420911863834931, 4.080242953289741514 ) ) ;
#2206 = ORIENTED_EDGE ( 'NONE', *, *, #3737, .T. ) ;
#2207 = EDGE_CURVE ( 'NONE', #4892, #2755, #2345, .T. ) ;
#2208 = ORIENTED_EDGE ( 'NONE', *, *, #2541, .T. ) ;
#2209 = DIRECTION ( 'NONE',  ( -0.000000000000000000, 1.000000000000000000, -0.000000000000000000 ) ) ;
#2210 = CARTESIAN_POINT ( 'NONE',  ( 30.92405067934158680, -9.479722446658856327, 11.69128168092977127 ) ) ;
#2211 = CYLINDRICAL_SURFACE ( 'NONE', #91, 2.000000000000000000 ) ;
#2212 = CARTESIAN_POINT ( 'NONE',  ( 32.00000000000000000, -0.6171745149072963565, -2.150532155906031306 ) ) ;
#2213 = LINE ( 'NONE', #1675, #21 ) ;
#2214 = CARTESIAN_POINT ( 'NONE',  ( 22.00000000000000000, 8.324467844093694779, 4.001390657890087965 ) ) ;
#2215 = VERTEX_POINT ( 'NONE', #226 ) ;
#2216 = ORIENTED_EDGE ( 'NONE', *, *, #287, .T. ) ;
#2217 = CARTESIAN_POINT ( 'NONE',  ( 31.15759157186201023, 9.920189980843256095, -1.135460805567651610 ) ) ;
#2218 = ORIENTED_EDGE ( 'NONE', *, *, #2540, .F. ) ;
#2219 = AXIS2_PLACEMENT_3D ( 'NONE', #2655, #2683, #1351 ) ;
#2220 = TOROIDAL_SURFACE ( 'NONE', #1761, 28.99999999999999645, 1.000000000000000000 ) ;
#2221 = AXIS2_PLACEMENT_3D ( 'NONE', #2462, #2946, #4575 ) ;
#2222 = DIRECTION ( 'NONE',  ( -0.000000000000000000, -0.000000000000000000, -1.000000000000000000 ) ) ;
#2223 = CARTESIAN_POINT ( 'NONE',  ( 25.66707489108231144, 15.53072726891065614, 1.000000000062261973 ) ) ;
#2224 = EDGE_CURVE ( 'NONE', #4107, #2421, #1851, .T. ) ;
#2225 = ORIENTED_EDGE ( 'NONE', *, *, #4072, .F. ) ;
#2226 = CYLINDRICAL_SURFACE ( 'NONE', #3134, 1.000000000000000000 ) ;
#2227 = AXIS2_PLACEMENT_3D ( 'NONE', #2513, #1741, #3478 ) ;
#2228 = DIRECTION ( 'NONE',  ( 1.000000000000000000, 0.000000000000000000, -0.000000000000000000 ) ) ;
#2229 = AXIS2_PLACEMENT_3D ( 'NONE', #2750, #1073, #4997 ) ;
#2230 = DIRECTION ( 'NONE',  ( 1.000000000000000000, -0.000000000000000000, -0.000000000000000000 ) ) ;
#2231 = EDGE_CURVE ( 'NONE', #4957, #5099, #1552, .T. ) ;
#2232 = ORIENTED_EDGE ( 'NONE', *, *, #3713, .T. ) ;
#2233 = CARTESIAN_POINT ( 'NONE',  ( 29.30518029138466218, 11.33640400774101309, 10.69202812074828479 ) ) ;
#2234 = DIRECTION ( 'NONE',  ( 0.000000000000000000, 1.000000000000000000, 0.000000000000000000 ) ) ;
#2235 = CARTESIAN_POINT ( 'NONE',  ( 22.00000000000000000, -8.324467844093623725, 5.998609342110383658 ) ) ;
#2236 = CARTESIAN_POINT ( 'NONE',  ( 26.14999999999999858, 2.714842239903703103E-13, 13.00000000000019895 ) ) ;
#2237 = ORIENTED_EDGE ( 'NONE', *, *, #3773, .F. ) ;
#2238 = ORIENTED_EDGE ( 'NONE', *, *, #1800, .F. ) ;
#2239 = CARTESIAN_POINT ( 'NONE',  ( 25.25820555470225415, -14.34084847083586745, 10.00700062708222582 ) ) ;
#2240 = CARTESIAN_POINT ( 'NONE',  ( 22.00000000000000000, 8.324467844093694779, 5.998609342109912035 ) ) ;
#2241 = FACE_OUTER_BOUND ( 'NONE', #760, .T. ) ;
#2242 = AXIS2_PLACEMENT_3D ( 'NONE', #1484, #3688, #1054 ) ;
#2243 = EDGE_CURVE ( 'NONE', #2068, #2525, #4381, .T. ) ;
#2244 = CARTESIAN_POINT ( 'NONE',  ( 32.00000000000000000, -7.150532155906233811, 5.617174514907571137 ) ) ;
#2245 = DIRECTION ( 'NONE',  ( 1.000000000000000000, 0.000000000000000000, 0.000000000000000000 ) ) ;
#2246 = ORIENTED_EDGE ( 'NONE', *, *, #2193, .F. ) ;
#2247 = UNCERTAINTY_MEASURE_WITH_UNIT (LENGTH_MEASURE( 1.000000000000000082E-05 ), #2894, 'distance_accuracy_value', 'NONE');
#2248 = VERTEX_POINT ( 'NONE', #4166 ) ;
#2249 = LINE ( 'NONE', #500, #4205 ) ;
#2250 = VERTEX_POINT ( 'NONE', #4589 ) ;
#2251 = AXIS2_PLACEMENT_3D ( 'NONE', #3193, #4286, #423 ) ;
#2252 = ADVANCED_FACE ( 'NONE', ( #3641 ), #1464, .F. ) ;
#2253 = AXIS2_PLACEMENT_3D ( 'NONE', #153, #563, #4847 ) ;
#2254 = DIRECTION ( 'NONE',  ( 1.000000000000000000, -0.000000000000000000, -0.000000000000000000 ) ) ;
#2255 = DIRECTION ( 'NONE',  ( 1.000000000000000000, -0.000000000000000000, -0.000000000000000000 ) ) ;
#2256 = ORIENTED_EDGE ( 'NONE', *, *, #2090, .T. ) ;
#2257 = DIRECTION ( 'NONE',  ( 0.000000000000000000, 0.000000000000000000, -1.000000000000000000 ) ) ;
#2258 = LINE ( 'NONE', #1771, #4138 ) ;
#2259 = EDGE_CURVE ( 'NONE', #3075, #2940, #4975, .T. ) ;
#2260 = VECTOR ( 'NONE', #3727, 1000.000000000000000 ) ;
#2261 = AXIS2_PLACEMENT_3D ( 'NONE', #471, #3911, #4499 ) ;
#2262 = EDGE_CURVE ( 'NONE', #3611, #3461, #5288, .T. ) ;
#2263 = VECTOR ( 'NONE', #264, 1000.000000000000000 ) ;
#2264 = AXIS2_PLACEMENT_3D ( 'NONE', #4212, #3381, #1212 ) ;
#2265 = DIRECTION ( 'NONE',  ( -1.000000000000000000, 0.000000000000000000, 0.000000000000000000 ) ) ;
#2266 = CARTESIAN_POINT ( 'NONE',  ( 31.00000000000000000, 9.390462030729404219, 11.75699905656959388 ) ) ;
#2267 = PLANE ( 'NONE',  #5059 ) ;
#2268 = ADVANCED_FACE ( 'NONE', ( #2452 ), #307, .F. ) ;
#2269 = EDGE_CURVE ( 'NONE', #3060, #1025, #3318, .T. ) ;
#2270 = VECTOR ( 'NONE', #1836, 1000.000000000000000 ) ;
#2271 = CARTESIAN_POINT ( 'NONE',  ( 26.14999999999999858, -9.020238095238022780, 4.751777863548173997 ) ) ;
#2272 = ORIENTED_EDGE ( 'NONE', *, *, #4901, .T. ) ;
#2273 = ORIENTED_EDGE ( 'NONE', *, *, #139, .T. ) ;
#2274 = VECTOR ( 'NONE', #1452, 1000.000000000000000 ) ;
#2275 = CARTESIAN_POINT ( 'NONE',  ( 28.02580622632163099, 11.35883836079236175, 10.20258039053228849 ) ) ;
#2276 = AXIS2_PLACEMENT_3D ( 'NONE', #3349, #1267, #1185 ) ;
#2277 = CARTESIAN_POINT ( 'NONE',  ( 31.00000000000000000, 15.05199322349037239, -9.999999999999998224 ) ) ;
#2278 = PLANE ( 'NONE',  #4143 ) ;
#2279 = AXIS2_PLACEMENT_3D ( 'NONE', #2695, #4409, #4443 ) ;
#2280 = FACE_OUTER_BOUND ( 'NONE', #4508, .T. ) ;
#2281 = CARTESIAN_POINT ( 'NONE',  ( 31.00000000000000000, 0.000000000000000000, -5.250000000000001776 ) ) ;
#2282 = ORIENTED_EDGE ( 'NONE', *, *, #5162, .F. ) ;
#2283 = ORIENTED_EDGE ( 'NONE', *, *, #3613, .F. ) ;
#2284 = CARTESIAN_POINT ( 'NONE',  ( 31.00000000000000000, -9.390462030729407772, -1.756999056569589657 ) ) ;
#2285 = ORIENTED_EDGE ( 'NONE', *, *, #3537, .T. ) ;
#2286 = AXIS2_PLACEMENT_3D ( 'NONE', #791, #311, #761 ) ;
#2287 = DIRECTION ( 'NONE',  ( 0.000000000000000000, 0.000000000000000000, -1.000000000000000000 ) ) ;
#2288 = DIRECTION ( 'NONE',  ( 1.000000000000000000, -0.000000000000000000, -0.000000000000000000 ) ) ;
#2289 = ORIENTED_EDGE ( 'NONE', *, *, #3644, .T. ) ;
#2290 = FACE_OUTER_BOUND ( 'NONE', #4256, .T. ) ;
#2291 =( BOUNDED_SURFACE ( )  B_SPLINE_SURFACE ( 3, 2, ( 
 ( #1823, #3082, #4790 ),
 ( #2223, #923, #3053 ),
 ( #3168, #3980, #3112 ),
 ( #4395, #1794, #2681 ) ),
 .UNSPECIFIED., .F., .F., .T. ) 
 B_SPLINE_SURFACE_WITH_KNOTS ( ( 4, 4 ),
 ( 3, 3 ),
 ( -5.421010862427522170E-20, 0.0001367283808642287416 ),
 ( 0.000000000000000000, 1.000000000000000000 ),
 .UNSPECIFIED. ) 
 GEOMETRIC_REPRESENTATION_ITEM ( )  RATIONAL_B_SPLINE_SURFACE ( (
 ( 1.000000000000000000, 0.7071067811865485719, 1.000000000000000000),
 ( 1.000000000000000000, 0.7077566748671534347, 1.000000000000000000),
 ( 1.000000000000000000, 0.7084015398519721840, 1.000000000000000000),
 ( 1.000000000000000000, 0.7090413745937775847, 1.000000000000000000) ) ) 
 REPRESENTATION_ITEM ( '' )  SURFACE ( )  );
#2292 = CARTESIAN_POINT ( 'NONE',  ( 24.78784984624522991, 15.05199322349037239, 10.00000000000000000 ) ) ;
#2293 = CARTESIAN_POINT ( 'NONE',  ( 32.00000000000000000, 0.2482221364525674379, 14.02023809523829634 ) ) ;
#2294 = CARTESIAN_POINT ( 'NONE',  ( 24.00000000000000000, 7.028708731544464960, 5.398864979437949962 ) ) ;
#2295 = EDGE_CURVE ( 'NONE', #3445, #1000, #5160, .T. ) ;
#2296 = DIRECTION ( 'NONE',  ( 0.000000000000000000, 0.000000000000000000, 1.000000000000000000 ) ) ;
#2297 = ORIENTED_EDGE ( 'NONE', *, *, #1131, .T. ) ;
#2298 = ADVANCED_FACE ( 'NONE', ( #4706 ), #2969, .F. ) ;
#2299 = VERTEX_POINT ( 'NONE', #3390 ) ;
#2300 = ADVANCED_FACE ( 'NONE', ( #811 ), #1624, .T. ) ;
#2301 = CARTESIAN_POINT ( 'NONE',  ( 30.13532588123739586, 10.62493123097040737, -1.023479251990242256 ) ) ;
#2302 = CARTESIAN_POINT ( 'NONE',  ( 28.76255203145471739, -11.80134779499954689, 10.51929889668748253 ) ) ;
#2303 = PLANE ( 'NONE',  #559 ) ;
#2304 = CARTESIAN_POINT ( 'NONE',  ( 32.00000000000000000, -9.314444372593719379, 11.30901149387581661 ) ) ;
#2305 = DIRECTION ( 'NONE',  ( 1.000000000000000000, -0.000000000000000000, -0.000000000000000000 ) ) ;
#2306 = AXIS2_PLACEMENT_3D ( 'NONE', #3896, #2234, #3865 ) ;
#2307 = LINE ( 'NONE', #2730, #1169 ) ;
#2308 = EDGE_LOOP ( 'NONE', ( #3689, #4947, #4071, #3190 ) ) ;
#2309 = ADVANCED_FACE ( 'NONE', ( #4618 ), #2951, .T. ) ;
#2310 = ORIENTED_EDGE ( 'NONE', *, *, #1790, .F. ) ;
#2311 = CARTESIAN_POINT ( 'NONE',  ( 32.00000000000000000, 2.714842239903703103E-13, 13.00000000000019895 ) ) ;
#2312 = ORIENTED_EDGE ( 'NONE', *, *, #655, .F. ) ;
#2313 = DIRECTION ( 'NONE',  ( 0.000000000000000000, 0.000000000000000000, -1.000000000000000000 ) ) ;
#2314 = CARTESIAN_POINT ( 'NONE',  ( 32.00000000000000000, 0.000000000000000000, 5.000000000000000000 ) ) ;
#2315 = ORIENTED_EDGE ( 'NONE', *, *, #591, .T. ) ;
#2316 = FACE_OUTER_BOUND ( 'NONE', #2499, .T. ) ;
#2317 = CIRCLE ( 'NONE', #5472, 1.050000000000000488 ) ;
#2318 = AXIS2_PLACEMENT_3D ( 'NONE', #4925, #4482, #2021 ) ;
#2319 = DIRECTION ( 'NONE',  ( 1.000000000000000000, -0.000000000000000000, -0.000000000000000000 ) ) ;
#2320 = CARTESIAN_POINT ( 'NONE',  ( 23.88154864479442807, 7.394029183439841724, 4.299021353772603860 ) ) ;
#2321 = AXIS2_PLACEMENT_3D ( 'NONE', #4100, #4126, #1476 ) ;
#2322 = DIRECTION ( 'NONE',  ( 1.000000000000000000, -0.000000000000000000, -0.000000000000000000 ) ) ;
#2323 = CIRCLE ( 'NONE', #3671, 2.000000000000000888 ) ;
#2324 = EDGE_CURVE ( 'NONE', #1545, #2594, #756, .T. ) ;
#2325 = CARTESIAN_POINT ( 'NONE',  ( 25.51271008735640322, -15.78295359878664428, 6.355168825252020426 ) ) ;
#2326 = VERTEX_POINT ( 'NONE', #2050 ) ;
#2327 = CARTESIAN_POINT ( 'NONE',  ( 30.12247690317761695, 10.12109021683083654, -1.296709869340769039 ) ) ;
#2328 = DIRECTION ( 'NONE',  ( 0.000000000000000000, 0.000000000000000000, 1.000000000000000000 ) ) ;
#2329 = LINE ( 'NONE', #1508, #4656 ) ;
#2330 = CARTESIAN_POINT ( 'NONE',  ( 22.00000000000000000, 9.020238095238095610, 5.248222136452297626 ) ) ;
#2331 = EDGE_CURVE ( 'NONE', #2152, #3751, #445, .T. ) ;
#2332 =( LENGTH_UNIT ( ) NAMED_UNIT ( * ) SI_UNIT ( .MILLI., .METRE. ) );
#2333 = LINE ( 'NONE', #1456, #4328 ) ;
#2334 = ORIENTED_EDGE ( 'NONE', *, *, #507, .T. ) ;
#2335 = EDGE_LOOP ( 'NONE', ( #3592, #3189, #3225, #505 ) ) ;
#2336 = CYLINDRICAL_SURFACE ( 'NONE', #1772, 0.2499999999999985012 ) ;
#2337 = ORIENTED_EDGE ( 'NONE', *, *, #1469, .T. ) ;
#2338 = B_SPLINE_CURVE_WITH_KNOTS ( 'NONE', 3,
 ( #5557, #1689, #4370, #848 ),
 .UNSPECIFIED., .F., .F.,
 ( 4, 4 ),
 ( 2.117582368135750848E-21, 0.0001277395478454520594 ),
 .UNSPECIFIED. ) ;
#2339 = CARTESIAN_POINT ( 'NONE',  ( 22.00000000000000000, 0.6171745149068980085, -2.150532155906033083 ) ) ;
#2340 = EDGE_CURVE ( 'NONE', #3130, #1663, #2317, .T. ) ;
#2341 = ADVANCED_FACE ( 'NONE', ( #3337 ), #5070, .F. ) ;
#2342 = CARTESIAN_POINT ( 'NONE',  ( -10.00000000000000000, -30.00000000000000000, 1.000000000000000000 ) ) ;
#2343 = CARTESIAN_POINT ( 'NONE',  ( 23.49200954670461527, 8.551344190098960851, 4.106400769895071079 ) ) ;
#2344 = ORIENTED_EDGE ( 'NONE', *, *, #5421, .T. ) ;
#2345 = LINE ( 'NONE', #702, #4295 ) ;
#2346 = ORIENTED_EDGE ( 'NONE', *, *, #2432, .T. ) ;
#2347 = DIRECTION ( 'NONE',  ( -1.000000000000000000, 0.000000000000000000, -0.000000000000000000 ) ) ;
#2348 = AXIS2_PLACEMENT_3D ( 'NONE', #177, #1936, #3587 ) ;
#2349 = DIRECTION ( 'NONE',  ( 0.000000000000000000, 0.000000000000000000, 1.000000000000000000 ) ) ;
#2350 = DIRECTION ( 'NONE',  ( 1.000000000000000000, -0.000000000000000000, -0.000000000000000000 ) ) ;
#2351 = CARTESIAN_POINT ( 'NONE',  ( 22.00000000000000000, -8.324467844093623725, 4.001390657890562252 ) ) ;
#2352 = PRODUCT_RELATED_PRODUCT_CATEGORY ( 'part', '', ( #5277 ) ) ;
#2353 = FACE_OUTER_BOUND ( 'NONE', #4389, .T. ) ;
#2354 = VECTOR ( 'NONE', #4514, 1000.000000000000000 ) ;
#2355 = CIRCLE ( 'NONE', #1981, 28.99999999999999645 ) ;
#2356 = DIRECTION ( 'NONE',  ( 0.000000000000000000, 1.000000000000000000, 0.000000000000000000 ) ) ;
#2357 = VERTEX_POINT ( 'NONE', #5041 ) ;
#2358 = CARTESIAN_POINT ( 'NONE',  ( 32.00000000000000000, 8.079197629375631351, 3.952991052807436567 ) ) ;
#2359 = CARTESIAN_POINT ( 'NONE',  ( 28.21836164880890152, 10.73895296397470034, -1.867835753932362453 ) ) ;
#2360 = EDGE_CURVE ( 'NONE', #5356, #1965, #2975, .T. ) ;
#2361 = DIRECTION ( 'NONE',  ( 1.000000000000000000, -0.000000000000000000, -0.000000000000000000 ) ) ;
#2362 = CARTESIAN_POINT ( 'NONE',  ( 23.39996206470518914, 8.800100873393359890, 5.063017996540550847 ) ) ;
#2363 = AXIS2_PLACEMENT_3D ( 'NONE', #387, #5180, #3467 ) ;
#2364 = CARTESIAN_POINT ( 'NONE',  ( 24.00000000000000000, 7.028708731544464960, 4.601135020562050926 ) ) ;
#2365 = VECTOR ( 'NONE', #3630, 1000.000000000000000 ) ;
#2366 = EDGE_CURVE ( 'NONE', #743, #5378, #599, .T. ) ;
#2367 = CIRCLE ( 'NONE', #1455, 1.000000000000000888 ) ;
#2368 = CARTESIAN_POINT ( 'NONE',  ( 28.28862796395911161, -11.43747266769678639, -0.6645780292493101982 ) ) ;
#2369 = ORIENTED_EDGE ( 'NONE', *, *, #3746, .T. ) ;
#2370 = DIRECTION ( 'NONE',  ( 1.000000000000000000, -0.000000000000000000, -0.000000000000000000 ) ) ;
#2371 = EDGE_LOOP ( 'NONE', ( #3665, #3785 ) ) ;
#2372 = EDGE_CURVE ( 'NONE', #1733, #1485, #4730, .T. ) ;
#2373 = CARTESIAN_POINT ( 'NONE',  ( 32.00000000000000000, -1.047008947192292094, 13.07919762937583741 ) ) ;
#2374 = CARTESIAN_POINT ( 'NONE',  ( 24.00000000000000000, -7.000000000000007994, 6.732050807569278206 ) ) ;
#2375 = FACE_OUTER_BOUND ( 'NONE', #1622, .T. ) ;
#2376 = ORIENTED_EDGE ( 'NONE', *, *, #531, .F. ) ;
#2377 = CARTESIAN_POINT ( 'NONE',  ( 25.69145111809021387, 15.49036998196783088, 9.000206948901947612 ) ) ;
#2378 = ORIENTED_EDGE ( 'NONE', *, *, #2207, .T. ) ;
#2379 = CARTESIAN_POINT ( 'NONE',  ( 24.00000000000000000, 7.968702294789020257, -2.941176470588235947 ) ) ;
#2380 = CARTESIAN_POINT ( 'NONE',  ( 22.00000000000000000, -8.324467844093623725, 5.748609342110383658 ) ) ;
#2381 = DIRECTION ( 'NONE',  ( 0.000000000000000000, 0.000000000000000000, -1.000000000000000000 ) ) ;
#2382 = CARTESIAN_POINT ( 'NONE',  ( 23.97616050134781673, 7.081436752699675985, 4.630558875471305846 ) ) ;
#2383 = DIRECTION ( 'NONE',  ( 0.000000000000000000, 0.000000000000000000, -1.000000000000000000 ) ) ;
#2384 = ORIENTED_EDGE ( 'NONE', *, *, #3976, .F. ) ;
#2385 = DIRECTION ( 'NONE',  ( 0.000000000000000000, 0.000000000000000000, -1.000000000000000000 ) ) ;
#2386 = FACE_OUTER_BOUND ( 'NONE', #3882, .T. ) ;
#2387 = CIRCLE ( 'NONE', #2852, 1.049999999999998934 ) ;
#2388 = CARTESIAN_POINT ( 'NONE',  ( 26.14999999999999858, 8.000000000000000000, 7.000000000000000888 ) ) ;
#2389 = CARTESIAN_POINT ( 'NONE',  ( -10.00000000000000000, -30.00000000000000000, 9.000000000000001776 ) ) ;
#2390 = LINE ( 'NONE', #240, #4147 ) ;
#2391 = VERTEX_POINT ( 'NONE', #4255 ) ;
#2392 = ORIENTED_EDGE ( 'NONE', *, *, #1874, .T. ) ;
#2393 = PLANE ( 'NONE',  #4392 ) ;
#2394 = EDGE_LOOP ( 'NONE', ( #2190, #300 ) ) ;
#2395 = CARTESIAN_POINT ( 'NONE',  ( 24.00000000000000000, 7.150532155906305753, 4.382825485092902262 ) ) ;
#2396 = ADVANCED_FACE ( 'NONE', ( #391 ), #1680, .T. ) ;
#2397 = B_SPLINE_CURVE_WITH_KNOTS ( 'NONE', 3,
 ( #4128, #188, #4886, #3654 ),
 .UNSPECIFIED., .F., .F.,
 ( 4, 4 ),
 ( 0.000000000000000000, 8.420028101477653945E-05 ),
 .UNSPECIFIED. ) ;
#2398 = CARTESIAN_POINT ( 'NONE',  ( 24.00000000000001066, -7.108718844548936211, 9.252423319988496431 ) ) ;
#2399 = VERTEX_POINT ( 'NONE', #2567 ) ;
#2400 = CARTESIAN_POINT ( 'NONE',  ( 28.85536696450160576, -11.02960775455800757, 10.83376535898801052 ) ) ;
#2401 = ORIENTED_EDGE ( 'NONE', *, *, #3954, .T. ) ;
#2402 = APPLICATION_CONTEXT ( 'automotive_design' ) ;
#2403 = CARTESIAN_POINT ( 'NONE',  ( 22.00000000000000000, -0.2482221364524973550, -4.020238095237822051 ) ) ;
#2404 = EDGE_CURVE ( 'NONE', #5283, #90, #4279, .T. ) ;
#2405 = EDGE_CURVE ( 'NONE', #2435, #5409, #4987, .T. ) ;
#2406 = DIRECTION ( 'NONE',  ( 0.000000000000000000, 0.000000000000000000, -1.000000000000000000 ) ) ;
#2407 = DIRECTION ( 'NONE',  ( 1.000000000000000000, 0.000000000000000000, 0.000000000000000000 ) ) ;
#2408 = DIRECTION ( 'NONE',  ( 0.000000000000000000, 0.000000000000000000, -1.000000000000000000 ) ) ;
#2409 = ADVANCED_FACE ( 'NONE', ( #4839 ), #89, .F. ) ;
#2410 = CIRCLE ( 'NONE', #4297, 2.000000000000000888 ) ;
#2411 = ORIENTED_EDGE ( 'NONE', *, *, #771, .T. ) ;
#2412 = DIRECTION ( 'NONE',  ( 1.000000000000000000, 0.000000000000000000, 0.000000000000000000 ) ) ;
#2413 = CARTESIAN_POINT ( 'NONE',  ( 27.78351298194677099, 12.10676887608715901, 5.774478938882131374 ) ) ;
#2414 = DIRECTION ( 'NONE',  ( 1.000000000000000000, -0.000000000000000000, -0.000000000000000000 ) ) ;
#2415 = LINE ( 'NONE', #598, #1984 ) ;
#2416 = VECTOR ( 'NONE', #2482, 1000.000000000000000 ) ;
#2417 = DIRECTION ( 'NONE',  ( 0.000000000000000000, 0.000000000000000000, -1.000000000000000000 ) ) ;
#2418 = ORIENTED_EDGE ( 'NONE', *, *, #1929, .T. ) ;
#2419 = EDGE_LOOP ( 'NONE', ( #379, #4955, #5040, #2983 ) ) ;
#2420 = CARTESIAN_POINT ( 'NONE',  ( 22.00000000000000000, 8.000000000000000000, 5.000000000000000000 ) ) ;
#2421 = VERTEX_POINT ( 'NONE', #2284 ) ;
#2422 = PLANE ( 'NONE',  #98 ) ;
#2423 = EDGE_CURVE ( 'NONE', #1681, #3611, #4361, .T. ) ;
#2424 = CARTESIAN_POINT ( 'NONE',  ( 22.00000000000000000, 8.079197629375634904, 6.047008947192564321 ) ) ;
#2425 = PLANE ( 'NONE',  #2863 ) ;
#2426 = VERTEX_POINT ( 'NONE', #32 ) ;
#2427 = DIRECTION ( 'NONE',  ( 1.000000000000000000, -0.000000000000000000, -0.000000000000000000 ) ) ;
#2428 = ORIENTED_EDGE ( 'NONE', *, *, #3032, .T. ) ;
#2429 = AXIS2_PLACEMENT_3D ( 'NONE', #4639, #3850, #3438 ) ;
#2430 = CARTESIAN_POINT ( 'NONE',  ( 27.79938849126917333, -12.05877008510846515, 3.459309788885202241 ) ) ;
#2431 = DIRECTION ( 'NONE',  ( -0.5190342490858751434, 0.8547534429739734874, 0.000000000000000000 ) ) ;
#2432 = EDGE_CURVE ( 'NONE', #979, #4957, #2249, .T. ) ;
#2433 = CARTESIAN_POINT ( 'NONE',  ( 23.31598817775512700, -9.020238095238024556, 5.248222136452771025 ) ) ;
#2434 = CARTESIAN_POINT ( 'NONE',  ( 31.10175532883806326, 9.418760826227737581, -1.737562626253672526 ) ) ;
#2435 = VERTEX_POINT ( 'NONE', #58 ) ;
#2436 = DIRECTION ( 'NONE',  ( -1.000000000000000000, 0.000000000000000000, 0.000000000000000000 ) ) ;
#2437 = DIRECTION ( 'NONE',  ( 0.000000000000000000, 0.000000000000000000, 1.000000000000000000 ) ) ;
#2438 = EDGE_CURVE ( 'NONE', #1570, #1582, #1349, .T. ) ;
#2439 = DIRECTION ( 'NONE',  ( 1.000000000000000000, -0.000000000000000000, -0.000000000000000000 ) ) ;
#2440 = DIRECTION ( 'NONE',  ( 1.000000000000000000, 0.000000000000000000, 0.000000000000000000 ) ) ;
#2441 = EDGE_CURVE ( 'NONE', #3445, #4785, #5318, .T. ) ;
#2442 = CARTESIAN_POINT ( 'NONE',  ( 23.67654746123912801, -8.026323710463183048, 3.950000000000472244 ) ) ;
#2443 = VERTEX_POINT ( 'NONE', #3884 ) ;
#2444 = ORIENTED_EDGE ( 'NONE', *, *, #5266, .T. ) ;
#2445 = AXIS2_PLACEMENT_3D ( 'NONE', #5121, #4693, #4350 ) ;
#2446 = CARTESIAN_POINT ( 'NONE',  ( 25.64831842182778132, 15.56216233860662079, 8.341062438212079044 ) ) ;
#2447 = ORIENTED_EDGE ( 'NONE', *, *, #1244, .F. ) ;
#2448 = DIRECTION ( 'NONE',  ( 0.000000000000000000, 0.000000000000000000, -1.000000000000000000 ) ) ;
#2449 = AXIS2_PLACEMENT_3D ( 'NONE', #5290, #2814, #2009 ) ;
#2450 = CARTESIAN_POINT ( 'NONE',  ( 23.41292135369124949, 8.765989327792828689, 4.268966004186816932 ) ) ;
#2451 = ORIENTED_EDGE ( 'NONE', *, *, #5080, .T. ) ;
#2452 = FACE_OUTER_BOUND ( 'NONE', #609, .T. ) ;
#2453 = EDGE_LOOP ( 'NONE', ( #530, #2256, #372, #415 ) ) ;
#2454 = CARTESIAN_POINT ( 'NONE',  ( 32.00000000000896705, -10.90287209533170731, 7.787362474976345261 ) ) ;
#2455 = CARTESIAN_POINT ( 'NONE',  ( 24.00000000000000000, 15.05199322349037239, 20.00000000000000000 ) ) ;
#2456 = EDGE_LOOP ( 'NONE', ( #3961, #219, #1053, #4529, #3012, #433 ) ) ;
#2457 = DIRECTION ( 'NONE',  ( 0.000000000000000000, 0.000000000000000000, -1.000000000000000000 ) ) ;
#2458 = DIRECTION ( 'NONE',  ( -0.000000000000000000, -0.000000000000000000, -1.000000000000000000 ) ) ;
#2459 = AXIS2_PLACEMENT_3D ( 'NONE', #373, #4266, #401 ) ;
#2460 = ADVANCED_FACE ( 'NONE', ( #3528, #3108 ), #4813, .T. ) ;
#2461 = ORIENTED_EDGE ( 'NONE', *, *, #3059, .F. ) ;
#2462 = CARTESIAN_POINT ( 'NONE',  ( 26.14999999999999858, 2.697013575311803147E-13, 14.05000000000020144 ) ) ;
#2463 = DIRECTION ( 'NONE',  ( 1.000000000000000000, 0.000000000000000000, 0.000000000000000000 ) ) ;
#2464 = DIRECTION ( 'NONE',  ( -1.000000000000000000, -0.000000000000000000, -0.000000000000000000 ) ) ;
#2465 = EDGE_CURVE ( 'NONE', #579, #714, #4757, .T. ) ;
#2466 = EDGE_CURVE ( 'NONE', #4739, #5367, #2323, .T. ) ;
#2467 = ORIENTED_EDGE ( 'NONE', *, *, #2052, .F. ) ;
#2468 = LINE ( 'NONE', #4269, #1806 ) ;
#2469 = EDGE_LOOP ( 'NONE', ( #1191, #1831, #3148, #1458, #810 ) ) ;
#2470 = ORIENTED_EDGE ( 'NONE', *, *, #1636, .T. ) ;
#2471 = CARTESIAN_POINT ( 'NONE',  ( 25.71573116485256705, 15.44995697913202726, 9.000622615203571542 ) ) ;
#2472 = CARTESIAN_POINT ( 'NONE',  ( 23.89295654188998341, 7.357180056536068768, 5.766497062780308269 ) ) ;
#2473 = DIRECTION ( 'NONE',  ( 1.000000000000000000, 0.000000000000000000, 0.000000000000000000 ) ) ;
#2474 = ORIENTED_EDGE ( 'NONE', *, *, #2366, .T. ) ;
#2475 = ORIENTED_EDGE ( 'NONE', *, *, #4436, .T. ) ;
#2476 = DIRECTION ( 'NONE',  ( 1.000000000000000000, -0.000000000000000000, -0.000000000000000000 ) ) ;
#2477 = ORIENTED_EDGE ( 'NONE', *, *, #4608, .T. ) ;
#2478 = CARTESIAN_POINT ( 'NONE',  ( 25.72447613156984403, -15.43624360167200749, 0.7822049121911482938 ) ) ;
#2479 = CIRCLE ( 'NONE', #5364, 1.050000000000000488 ) ;
#2480 = CARTESIAN_POINT ( 'NONE',  ( -10.00000000000000000, -25.00000000000000000, 9.000000000000001776 ) ) ;
#2481 = ORIENTED_EDGE ( 'NONE', *, *, #4900, .F. ) ;
#2482 = DIRECTION ( 'NONE',  ( -1.000000000000000000, 0.000000000000000000, 0.000000000000000000 ) ) ;
#2483 = DIRECTION ( 'NONE',  ( 1.000000000000000000, 0.000000000000000000, 0.000000000000000000 ) ) ;
#2484 = CARTESIAN_POINT ( 'NONE',  ( 23.88488389220778529, -7.383255221498030707, 5.721609719763754320 ) ) ;
#2485 = ADVANCED_FACE ( 'NONE', ( #973 ), #120, .F. ) ;
#2486 = ORIENTED_EDGE ( 'NONE', *, *, #1571, .F. ) ;
#2487 = CYLINDRICAL_SURFACE ( 'NONE', #295, 0.2500000000000011102 ) ;
#2488 = DIRECTION ( 'NONE',  ( 1.000000000000000000, -0.000000000000000000, -0.000000000000000000 ) ) ;
#2489 = CARTESIAN_POINT ( 'NONE',  ( 25.69145111809021031, -15.49036998196783266, 9.000206948901949389 ) ) ;
#2490 = PLANE ( 'NONE',  #3441 ) ;
#2491 = AXIS2_PLACEMENT_3D ( 'NONE', #4845, #3533, #127 ) ;
#2492 = AXIS2_PLACEMENT_3D ( 'NONE', #2314, #174, #1931 ) ;
#2493 = CIRCLE ( 'NONE', #1324, 0.2499999999999985012 ) ;
#2494 = VERTEX_POINT ( 'NONE', #5294 ) ;
#2495 = DIRECTION ( 'NONE',  ( -0.000000000000000000, -0.000000000000000000, -1.000000000000000000 ) ) ;
#2496 = ORIENTED_EDGE ( 'NONE', *, *, #5215, .F. ) ;
#2497 = AXIS2_PLACEMENT_3D ( 'NONE', #2311, #4026, #1107 ) ;
#2498 = AXIS2_PLACEMENT_3D ( 'NONE', #2056, #5496, #3027 ) ;
#2499 = EDGE_LOOP ( 'NONE', ( #647, #4978, #3726, #5182 ) ) ;
#2500 = CARTESIAN_POINT ( 'NONE',  ( 22.00000000000000000, 8.000000000000000000, 5.000000000000000000 ) ) ;
#2501 = AXIS2_PLACEMENT_3D ( 'NONE', #4910, #3241, #717 ) ;
#2502 = EDGE_LOOP ( 'NONE', ( #731, #1272, #3498, #4694 ) ) ;
#2503 = EDGE_CURVE ( 'NONE', #5101, #5038, #1428, .T. ) ;
#2504 = CARTESIAN_POINT ( 'NONE',  ( 28.76148613605251825, -11.80230400425570103, -0.5189706703761195472 ) ) ;
#2505 = ADVANCED_FACE ( 'NONE', ( #2191 ), #2733, .T. ) ;
#2506 = ORIENTED_EDGE ( 'NONE', *, *, #2915, .T. ) ;
#2507 = ORIENTED_EDGE ( 'NONE', *, *, #4775, .F. ) ;
#2508 = CARTESIAN_POINT ( 'NONE',  ( 23.70485844768506922, 7.943565159385341801, 6.057268429805768406 ) ) ;
#2509 = EDGE_LOOP ( 'NONE', ( #4896, #1460, #534, #4151 ) ) ;
#2510 = EDGE_CURVE ( 'NONE', #2051, #2060, #2869, .T. ) ;
#2511 = EDGE_CURVE ( 'NONE', #3170, #5283, #2040, .T. ) ;
#2512 = CARTESIAN_POINT ( 'NONE',  ( 29.69505418531688790, 10.42880762643891224, -1.130049857867994278 ) ) ;
#2513 = CARTESIAN_POINT ( 'NONE',  ( 24.78784984624523346, 15.05199322349037416, 9.000000000000001776 ) ) ;
#2514 = CARTESIAN_POINT ( 'NONE',  ( -9.000000000000001776, 28.99999999999999645, 10.00000000000000000 ) ) ;
#2515 = CARTESIAN_POINT ( 'NONE',  ( 32.00000000000000000, -7.999999999999928946, 5.000000000000472511 ) ) ;
#2516 = AXIS2_PLACEMENT_3D ( 'NONE', #777, #3412, #5126 ) ;
#2517 = ORIENTED_EDGE ( 'NONE', *, *, #3945, .T. ) ;
#2518 = DIRECTION ( 'NONE',  ( 0.5149771470258572847, 0.8571553879953713873, 0.009120245150923335375 ) ) ;
#2519 = CARTESIAN_POINT ( 'NONE',  ( 24.00000000000000000, 8.000000000000000000, 2.999999999999999556 ) ) ;
#2520 = CARTESIAN_POINT ( 'NONE',  ( -9.585786437626905965, 29.58578643762690064, 1.092332116235429474E-16 ) ) ;
#2521 = AXIS2_PLACEMENT_3D ( 'NONE', #4736, #869, #2600 ) ;
#2522 = CYLINDRICAL_SURFACE ( 'NONE', #2170, 0.2499999999999997780 ) ;
#2523 = ORIENTED_EDGE ( 'NONE', *, *, #1330, .F. ) ;
#2524 = EDGE_CURVE ( 'NONE', #3580, #2637, #5017, .T. ) ;
#2525 = VERTEX_POINT ( 'NONE', #4583 ) ;
#2526 = CARTESIAN_POINT ( 'NONE',  ( 22.00000000000000000, -0.2482221364520284246, 14.02023809523829811 ) ) ;
#2527 = CARTESIAN_POINT ( 'NONE',  ( 23.95558160194299901, 7.150532155906303977, 5.367174514907097738 ) ) ;
#2528 = CYLINDRICAL_SURFACE ( 'NONE', #2429, 2.000000000000000888 ) ;
#2529 = CIRCLE ( 'NONE', #4239, 0.2500000000000002220 ) ;
#2530 = CARTESIAN_POINT ( 'NONE',  ( 32.00000000000000000, -0.9986093421096409184, 13.32446784409389906 ) ) ;
#2531 = AXIS2_PLACEMENT_3D ( 'NONE', #2455, #1498, #3230 ) ;
#2532 = AXIS2_PLACEMENT_3D ( 'NONE', #3685, #3271, #2841 ) ;
#2533 = CARTESIAN_POINT ( 'NONE',  ( 31.00000000000000000, 15.05199322349037239, 20.00000000000000000 ) ) ;
#2534 = EDGE_CURVE ( 'NONE', #1832, #3132, #3936, .T. ) ;
#2535 = ORIENTED_EDGE ( 'NONE', *, *, #2950, .F. ) ;
#2536 = DIRECTION ( 'NONE',  ( -0.000000000000000000, -0.000000000000000000, -1.000000000000000000 ) ) ;
#2537 = ORIENTED_EDGE ( 'NONE', *, *, #1281, .F. ) ;
#2538 = CIRCLE ( 'NONE', #2627, 1.050000000000002265 ) ;
#2539 = CARTESIAN_POINT ( 'NONE',  ( 27.19884808451490699, 12.31458526506117224, -0.3708071533176443002 ) ) ;
#2540 = EDGE_CURVE ( 'NONE', #2135, #5477, #2773, .T. ) ;
#2541 = EDGE_CURVE ( 'NONE', #3451, #3447, #4979, .T. ) ;
#2542 = VERTEX_POINT ( 'NONE', #3275 ) ;
#2543 = CIRCLE ( 'NONE', #4157, 0.2500000000000002220 ) ;
#2544 = FACE_OUTER_BOUND ( 'NONE', #4265, .T. ) ;
#2545 = VECTOR ( 'NONE', #3136, 1000.000000000000000 ) ;
#2546 = CARTESIAN_POINT ( 'NONE',  ( 23.99471234278997400, 7.018112389117928451, 5.373061423329911435 ) ) ;
#2547 = CARTESIAN_POINT ( 'NONE',  ( 23.39074976723969002, -8.824665140958114051, 5.123939351976802392 ) ) ;
#2548 = CIRCLE ( 'NONE', #2821, 11.00000000000000000 ) ;
#2549 = B_SPLINE_CURVE_WITH_KNOTS ( 'NONE', 3,
 ( #4003, #5273, #1876, #1006, #149, #1403, #4843, #977, #3917, #4424, #4872, #63, #1765, #3503 ),
 .UNSPECIFIED., .F., .F.,
 ( 4, 2, 2, 2, 2, 2, 4 ),
 ( 0.000000000000000000, 0.002200007650135389018, 0.003300011475203083744, 0.004400015300270778036, 0.006600022950406170090, 0.007700026775473860045, 0.008800030600541550868 ),
 .UNSPECIFIED. ) ;
#2550 = VERTEX_POINT ( 'NONE', #220 ) ;
#2551 = B_SPLINE_CURVE_WITH_KNOTS ( 'NONE', 3,
 ( #999, #631, #3157, #578, #4105, #5292, #2368, #1982, #4471, #1077, #4045, #4944 ),
 .UNSPECIFIED., .F., .F.,
 ( 4, 2, 2, 2, 2, 4 ),
 ( 0.002054905502306695036, 0.003149494973536988516, 0.004244084444767282430, 0.006433263387227879798, 0.008622442329688478901, 0.01081162127214907800 ),
 .UNSPECIFIED. ) ;
#2552 = CARTESIAN_POINT ( 'NONE',  ( 22.00000000000000000, 0.6171745149068980085, -2.400532155906033083 ) ) ;
#2553 = FILL_AREA_STYLE_COLOUR ( '', #2204 ) ;
#2554 = PLANE ( 'NONE',  #1336 ) ;
#2555 = CIRCLE ( 'NONE', #3286, 1.049999999999999822 ) ;
#2556 = FACE_BOUND ( 'NONE', #3276, .T. ) ;
#2557 = VERTEX_POINT ( 'NONE', #693 ) ;
#2558 = FACE_OUTER_BOUND ( 'NONE', #390, .T. ) ;
#2559 = ORIENTED_EDGE ( 'NONE', *, *, #323, .F. ) ;
#2560 = ORIENTED_EDGE ( 'NONE', *, *, #1387, .T. ) ;
#2561 = CARTESIAN_POINT ( 'NONE',  ( 23.90418610870744942, 7.320511353742844562, 5.800496832977882100 ) ) ;
#2562 = DIRECTION ( 'NONE',  ( -0.000000000000000000, -0.000000000000000000, -1.000000000000000000 ) ) ;
#2563 = DIRECTION ( 'NONE',  ( 0.000000000000000000, 0.000000000000000000, -1.000000000000000000 ) ) ;
#2564 = CARTESIAN_POINT ( 'NONE',  ( 24.00000000000000000, -7.000000000000007994, 3.267949192431513605 ) ) ;
#2565 = EDGE_LOOP ( 'NONE', ( #4167, #2077, #2507, #3244 ) ) ;
#2566 = EDGE_LOOP ( 'NONE', ( #2777, #2506, #634, #367 ) ) ;
#2567 = CARTESIAN_POINT ( 'NONE',  ( 26.14999999999999858, -1.047008947192762607, -3.079197629375359124 ) ) ;
#2568 = ORIENTED_EDGE ( 'NONE', *, *, #5173, .F. ) ;
#2569 = CIRCLE ( 'NONE', #681, 2.000000000000000000 ) ;
#2570 = CARTESIAN_POINT ( 'NONE',  ( 23.31598817775510213, 9.020238095238095610, 5.248222136452297626 ) ) ;
#2571 = VERTEX_POINT ( 'NONE', #1926 ) ;
#2572 = CARTESIAN_POINT ( 'NONE',  ( 24.00000000000000000, 6.123233995736766282E-16, 10.00000000000000000 ) ) ;
#2573 = DIRECTION ( 'NONE',  ( 1.000000000000000000, -0.000000000000000000, -0.000000000000000000 ) ) ;
#2574 = CARTESIAN_POINT ( 'NONE',  ( 26.14999999999999858, -0.2482221364520284246, 14.02023809523829811 ) ) ;
#2575 = EDGE_CURVE ( 'NONE', #1517, #3020, #799, .T. ) ;
#2576 =( GEOMETRIC_REPRESENTATION_CONTEXT ( 3 ) GLOBAL_UNCERTAINTY_ASSIGNED_CONTEXT ( ( #2247 ) ) GLOBAL_UNIT_ASSIGNED_CONTEXT ( ( #2894, #5056, #5558 ) ) REPRESENTATION_CONTEXT ( 'NONE', 'WORKASPACE' ) );
#2577 = ORIENTED_EDGE ( 'NONE', *, *, #948, .F. ) ;
#2578 = CIRCLE ( 'NONE', #859, 2.000000000000001776 ) ;
#2579 = CYLINDRICAL_SURFACE ( 'NONE', #4168, 0.2500000000000002220 ) ;
#2580 = CARTESIAN_POINT ( 'NONE',  ( 28.28862796395912227, 11.43747266769678284, 10.66457802924931642 ) ) ;
#2581 = DIRECTION ( 'NONE',  ( 0.000000000000000000, 0.000000000000000000, -1.000000000000000000 ) ) ;
#2582 = CARTESIAN_POINT ( 'NONE',  ( 24.78784984624522991, 15.05199322349037416, 10.00000000000000178 ) ) ;
#2583 = ORIENTED_EDGE ( 'NONE', *, *, #5522, .F. ) ;
#2584 = ORIENTED_EDGE ( 'NONE', *, *, #603, .T. ) ;
#2585 = CYLINDRICAL_SURFACE ( 'NONE', #4579, 25.00000000000000000 ) ;
#2586 = FACE_OUTER_BOUND ( 'NONE', #297, .T. ) ;
#2587 = CARTESIAN_POINT ( 'NONE',  ( 32.00000000000000000, 8.324467844093694779, 5.998609342109912035 ) ) ;
#2588 = CIRCLE ( 'NONE', #4830, 0.2500000000000002220 ) ;
#2589 = CIRCLE ( 'NONE', #3669, 0.2499999999999982792 ) ;
#2590 = LINE ( 'NONE', #2647, #3530 ) ;
#2591 = ORIENTED_EDGE ( 'NONE', *, *, #358, .T. ) ;
#2592 = ORIENTED_EDGE ( 'NONE', *, *, #5080, .F. ) ;
#2593 = CARTESIAN_POINT ( 'NONE',  ( 23.99160798210723655, -7.028708731544392130, 4.601135020562523437 ) ) ;
#2594 = VERTEX_POINT ( 'NONE', #3603 ) ;
#2595 = CIRCLE ( 'NONE', #3050, 11.00000000000000000 ) ;
#2596 = EDGE_CURVE ( 'NONE', #2068, #2594, #1693, .T. ) ;
#2597 = DIRECTION ( 'NONE',  ( 1.000000000000000000, -0.000000000000000000, -0.000000000000000000 ) ) ;
#2598 = EDGE_LOOP ( 'NONE', ( #3406, #2757, #3151, #4663 ) ) ;
#2599 = CARTESIAN_POINT ( 'NONE',  ( 23.68543856465405284, -7.999999999999948486, 3.950000000000283951 ) ) ;
#2600 = DIRECTION ( 'NONE',  ( 0.000000000000000000, 0.000000000000000000, -1.000000000000000000 ) ) ;
#2601 = DIRECTION ( 'NONE',  ( 1.000000000000000000, -0.000000000000000000, -0.000000000000000000 ) ) ;
#2602 = AXIS2_PLACEMENT_3D ( 'NONE', #1546, #4476, #171 ) ;
#2603 = ADVANCED_FACE ( 'NONE', ( #3634 ), #2336, .T. ) ;
#2604 = ORIENTED_EDGE ( 'NONE', *, *, #2262, .T. ) ;
#2605 = EDGE_CURVE ( 'NONE', #665, #2421, #476, .T. ) ;
#2606 = CARTESIAN_POINT ( 'NONE',  ( 25.25918885205388165, 14.33936060512287547, 10.00701645816755025 ) ) ;
#2607 = DIRECTION ( 'NONE',  ( -1.000000000000000000, -0.000000000000000000, -0.000000000000000000 ) ) ;
#2608 = DIRECTION ( 'NONE',  ( 0.000000000000000000, 1.000000000000000000, -0.000000000000000000 ) ) ;
#2609 = CARTESIAN_POINT ( 'NONE',  ( 23.57925354394370743, 8.307971614806850980, 4.257760512773103301 ) ) ;
#2610 = ORIENTED_EDGE ( 'NONE', *, *, #1141, .F. ) ;
#2611 = CARTESIAN_POINT ( 'NONE',  ( 27.25912353859040493, 13.28926930102402260, -0.1283056207578490426 ) ) ;
#2612 = CARTESIAN_POINT ( 'NONE',  ( 27.24803092624159717, -12.27133189585159734, 10.38252539974772048 ) ) ;
#2613 = CARTESIAN_POINT ( 'NONE',  ( 31.97401127724096170, 9.722910279134186595, -0.6835850982757945005 ) ) ;
#2614 = DIRECTION ( 'NONE',  ( 0.000000000000000000, 0.000000000000000000, -1.000000000000000000 ) ) ;
#2615 = DIRECTION ( 'NONE',  ( -0.000000000000000000, 1.000000000000000000, -0.000000000000000000 ) ) ;
#2616 = AXIS2_PLACEMENT_3D ( 'NONE', #5220, #1352, #4367 ) ;
#2617 = DIRECTION ( 'NONE',  ( 1.000000000000000000, -0.000000000000000000, -0.000000000000000000 ) ) ;
#2618 = ORIENTED_EDGE ( 'NONE', *, *, #5554, .F. ) ;
#2619 = ORIENTED_EDGE ( 'NONE', *, *, #2605, .F. ) ;
#2620 = CARTESIAN_POINT ( 'NONE',  ( 24.00000000000000000, -8.000000000000000000, 5.000000000000395239 ) ) ;
#2621 = ORIENTED_EDGE ( 'NONE', *, *, #3103, .T. ) ;
#2622 = CIRCLE ( 'NONE', #4869, 11.25000000000000178 ) ;
#2623 = DIRECTION ( 'NONE',  ( 0.000000000000000000, 0.000000000000000000, -1.000000000000000000 ) ) ;
#2624 = DIRECTION ( 'NONE',  ( 0.000000000000000000, 0.000000000000000000, 1.000000000000000000 ) ) ;
#2625 = ORIENTED_EDGE ( 'NONE', *, *, #3440, .T. ) ;
#2626 = CARTESIAN_POINT ( 'NONE',  ( 24.00000000000000000, -7.000000000000007994, 10.00000000000000000 ) ) ;
#2627 = AXIS2_PLACEMENT_3D ( 'NONE', #3037, #4745, #4700 ) ;
#2628 = DIRECTION ( 'NONE',  ( 0.000000000000000000, 0.000000000000000000, 1.000000000000000000 ) ) ;
#2629 = ADVANCED_FACE ( 'NONE', ( #1081 ), #3191, .T. ) ;
#2630 = AXIS2_PLACEMENT_3D ( 'NONE', #4760, #125, #1822 ) ;
#2631 = EDGE_LOOP ( 'NONE', ( #1264, #144, #4447, #4555, #3394, #1491 ) ) ;
#2632 = CARTESIAN_POINT ( 'NONE',  ( 24.85854012602414898, 14.94559794137272490, 10.00056601382142851 ) ) ;
#2633 = DIRECTION ( 'NONE',  ( -1.000000000000000000, -0.000000000000000000, -0.000000000000000000 ) ) ;
#2634 = DIRECTION ( 'NONE',  ( 1.000000000000000000, 0.000000000000000000, 0.000000000000000000 ) ) ;
#2635 = ADVANCED_FACE ( 'NONE', ( #5436 ), #664, .F. ) ;
#2636 = CARTESIAN_POINT ( 'NONE',  ( 23.49200954670461527, 8.551344190098960851, 4.106400769895071079 ) ) ;
#2637 = VERTEX_POINT ( 'NONE', #2756 ) ;
#2638 = CARTESIAN_POINT ( 'NONE',  ( 31.67148386518588055, -9.440152368435100527, 11.41391886613615014 ) ) ;
#2639 = CARTESIAN_POINT ( 'NONE',  ( 31.39088358695755332, -9.686141446367965813, 11.30826457171082744 ) ) ;
#2640 = CARTESIAN_POINT ( 'NONE',  ( 31.74198508190063350, 9.459649690036416203, -1.317316987340956924 ) ) ;
#2641 = CARTESIAN_POINT ( 'NONE',  ( -4.999999999999999112, 30.00000000000000000, 4.999999999999999112 ) ) ;
#2642 = ADVANCED_FACE ( 'NONE', ( #195 ), #2393, .F. ) ;
#2643 = CARTESIAN_POINT ( 'NONE',  ( 24.85854012602414898, -14.94559794137272668, -0.0005660138214264465867 ) ) ;
#2644 = EDGE_CURVE ( 'NONE', #1390, #2854, #962, .T. ) ;
#2645 = AXIS2_PLACEMENT_3D ( 'NONE', #3061, #44, #4768 ) ;
#2646 = ADVANCED_FACE ( 'NONE', ( #1518 ), #3246, .F. ) ;
#2647 = CARTESIAN_POINT ( 'NONE',  ( 22.00000000000000000, -7.320511353742773508, 4.199503167022589523 ) ) ;
#2648 = EDGE_LOOP ( 'NONE', ( #586, #3775, #1344, #3586 ) ) ;
#2649 = ORIENTED_EDGE ( 'NONE', *, *, #1654, .T. ) ;
#2650 = CARTESIAN_POINT ( 'NONE',  ( 23.87815362243174988, -7.404985602581851012, 4.422337864503274041 ) ) ;
#2651 = ORIENTED_EDGE ( 'NONE', *, *, #4421, .T. ) ;
#2652 = DIRECTION ( 'NONE',  ( 0.000000000000000000, 0.000000000000000000, -1.000000000000000000 ) ) ;
#2653 = FACE_OUTER_BOUND ( 'NONE', #749, .T. ) ;
#2654 = ORIENTED_EDGE ( 'NONE', *, *, #5052, .F. ) ;
#2655 = CARTESIAN_POINT ( 'NONE',  ( 24.00000000000000000, 0.000000000000000000, 5.000000000000000000 ) ) ;
#2656 = CARTESIAN_POINT ( 'NONE',  ( 32.00000000000000000, -7.260373201918887354, 12.23529411764705976 ) ) ;
#2657 = FACE_OUTER_BOUND ( 'NONE', #1988, .T. ) ;
#2658 = ORIENTED_EDGE ( 'NONE', *, *, #1281, .T. ) ;
#2659 = CARTESIAN_POINT ( 'NONE',  ( 28.96622921217967672, 10.95087152942909547, 10.86790452493680625 ) ) ;
#2660 = CARTESIAN_POINT ( 'NONE',  ( 29.07318899598346107, -11.69921859594934155, 0.001710648160191534026 ) ) ;
#2661 = EDGE_CURVE ( 'NONE', #2940, #1582, #2089, .T. ) ;
#2662 = CARTESIAN_POINT ( 'NONE',  ( 32.00000000000000000, 2.714842239903703103E-13, 13.00000000000019895 ) ) ;
#2663 = VECTOR ( 'NONE', #2607, 1000.000000000000000 ) ;
#2664 = DIRECTION ( 'NONE',  ( 1.000000000000000000, -0.000000000000000000, -0.000000000000000000 ) ) ;
#2665 = ORIENTED_EDGE ( 'NONE', *, *, #1211, .T. ) ;
#2666 = ORIENTED_EDGE ( 'NONE', *, *, #4759, .T. ) ;
#2667 = CARTESIAN_POINT ( 'NONE',  ( 26.49860837638646061, -14.28028607794340132, 9.110610567979868790 ) ) ;
#2668 = EDGE_CURVE ( 'NONE', #2011, #1795, #2015, .T. ) ;
#2669 = LINE ( 'NONE', #4860, #4252 ) ;
#2670 = CARTESIAN_POINT ( 'NONE',  ( -5.510910596163088767E-15, -28.99999999999999645, 0.000000000000000000 ) ) ;
#2671 = DIRECTION ( 'NONE',  ( 1.000000000000000000, -0.000000000000000000, -0.000000000000000000 ) ) ;
#2672 = ADVANCED_FACE ( 'NONE', ( #3742 ), #409, .F. ) ;
#2673 = CARTESIAN_POINT ( 'NONE',  ( 22.00000000000000000, 8.324467844093694779, 5.998609342109912035 ) ) ;
#2674 = ORIENTED_EDGE ( 'NONE', *, *, #1037, .T. ) ;
#2675 = DIRECTION ( 'NONE',  ( 0.000000000000000000, 0.000000000000000000, 1.000000000000000000 ) ) ;
#2676 = VERTEX_POINT ( 'NONE', #2128 ) ;
#2677 = EDGE_CURVE ( 'NONE', #4636, #4219, #1593, .T. ) ;
#2678 = CIRCLE ( 'NONE', #2765, 2.000000000000000888 ) ;
#2679 = CIRCLE ( 'NONE', #2221, 0.2500000000000002220 ) ;
#2680 = CARTESIAN_POINT ( 'NONE',  ( 24.00000000000000000, 7.968702294789022034, 12.94117647058823373 ) ) ;
#2681 = CARTESIAN_POINT ( 'NONE',  ( 24.85854012602414542, 14.94559794137272490, -0.0005660138214255792249 ) ) ;
#2682 = ORIENTED_EDGE ( 'NONE', *, *, #3169, .F. ) ;
#2683 = DIRECTION ( 'NONE',  ( 1.000000000000000000, 0.000000000000000000, 0.000000000000000000 ) ) ;
#2684 = VECTOR ( 'NONE', #2941, 1000.000000000000000 ) ;
#2685 = EDGE_CURVE ( 'NONE', #3321, #1589, #5033, .T. ) ;
#2686 = DIRECTION ( 'NONE',  ( -0.000000000000000000, -1.000000000000000000, 0.000000000000000000 ) ) ;
#2687 = CARTESIAN_POINT ( 'NONE',  ( 27.41430013576381342, 13.22568499017184429, 9.366484793701932432 ) ) ;
#2688 = CARTESIAN_POINT ( 'NONE',  ( 25.71573116485256350, -15.44995697913202726, 0.9993773847964274593 ) ) ;
#2689 = DIRECTION ( 'NONE',  ( 1.000000000000000000, -0.000000000000000000, -0.000000000000000000 ) ) ;
#2690 = EDGE_CURVE ( 'NONE', #5356, #3975, #4373, .T. ) ;
#2691 = CARTESIAN_POINT ( 'NONE',  ( 23.51834039195292192, 8.478856550859253716, 4.206796391944586766 ) ) ;
#2692 = ORIENTED_EDGE ( 'NONE', *, *, #4738, .F. ) ;
#2693 = ORIENTED_EDGE ( 'NONE', *, *, #2767, .T. ) ;
#2694 = CARTESIAN_POINT ( 'NONE',  ( 28.09801164723669586, 11.12908760247345619, 10.89119787096651315 ) ) ;
#2695 = CARTESIAN_POINT ( 'NONE',  ( 24.78784984624523346, -15.05199322349037239, 0.9999999999999991118 ) ) ;
#2696 = CYLINDRICAL_SURFACE ( 'NONE', #1980, 0.2499999999999993616 ) ;
#2697 = CIRCLE ( 'NONE', #5568, 1.050000000000000488 ) ;
#2698 = DIRECTION ( 'NONE',  ( 1.000000000000000000, -0.000000000000000000, -0.000000000000000000 ) ) ;
#2699 = DIRECTION ( 'NONE',  ( 0.000000000000000000, 0.000000000000000000, 1.000000000000000000 ) ) ;
#2700 = VERTEX_POINT ( 'NONE', #3848 ) ;
#2701 = ORIENTED_EDGE ( 'NONE', *, *, #2889, .F. ) ;
#2702 = CARTESIAN_POINT ( 'NONE',  ( 24.85854012602414898, 14.94559794137272668, -0.0005660138214257712371 ) ) ;
#2703 = ORIENTED_EDGE ( 'NONE', *, *, #5187, .F. ) ;
#2704 = CIRCLE ( 'NONE', #181, 1.050000000000000488 ) ;
#2705 = LINE ( 'NONE', #5272, #1076 ) ;
#2706 = CARTESIAN_POINT ( 'NONE',  ( 0.000000000000000000, 0.000000000000000000, 9.000000000000001776 ) ) ;
#2707 = ORIENTED_EDGE ( 'NONE', *, *, #2767, .F. ) ;
#2708 = CARTESIAN_POINT ( 'NONE',  ( 26.14999999999999858, -8.000000000000000000, 5.000000000000395239 ) ) ;
#2709 = CARTESIAN_POINT ( 'NONE',  ( -10.00000000000000000, 28.99999999999999645, 10.00000000000000000 ) ) ;
#2710 = AXIS2_PLACEMENT_3D ( 'NONE', #2641, #4327, #2183 ) ;
#2711 = CIRCLE ( 'NONE', #2989, 1.049999999999999822 ) ;
#2712 = EDGE_CURVE ( 'NONE', #965, #579, #3944, .T. ) ;
#2713 = EDGE_CURVE ( 'NONE', #2076, #1679, #2070, .T. ) ;
#2714 = ADVANCED_FACE ( 'NONE', ( #5510 ), #4637, .F. ) ;
#2715 = AXIS2_PLACEMENT_3D ( 'NONE', #5058, #346, #317 ) ;
#2716 = AXIS2_PLACEMENT_3D ( 'NONE', #3460, #5174, #1297 ) ;
#2717 = B_SPLINE_CURVE_WITH_KNOTS ( 'NONE', 3,
 ( #2803, #619, #2320, #1559, #3258, #680, #4880, #4851, #2382, #1442 ),
 .UNSPECIFIED., .F., .F.,
 ( 4, 2, 2, 2, 4 ),
 ( 0.000000000000000000, 0.0001844666470970172110, 0.0003689332941940344219, 0.0005533999412910516058, 0.0007378665883880688439 ),
 .UNSPECIFIED. ) ;
#2718 = DIRECTION ( 'NONE',  ( 0.000000000000000000, 0.000000000000000000, 1.000000000000000000 ) ) ;
#2719 = DIRECTION ( 'NONE',  ( 1.000000000000000000, 0.000000000000000000, 0.000000000000000000 ) ) ;
#2720 = DIRECTION ( 'NONE',  ( 1.000000000000000000, -0.000000000000000000, -0.000000000000000000 ) ) ;
#2721 = CARTESIAN_POINT ( 'NONE',  ( 22.00000000000000000, -9.020238095238024556, 5.248222136452771025 ) ) ;
#2722 = ORIENTED_EDGE ( 'NONE', *, *, #5513, .T. ) ;
#2723 = EDGE_LOOP ( 'NONE', ( #3818, #4531, #3941, #231 ) ) ;
#2724 = CARTESIAN_POINT ( 'NONE',  ( 26.14999999999999858, -0.9986093421096409184, 13.32446784409389906 ) ) ;
#2725 = CARTESIAN_POINT ( 'NONE',  ( 27.90430946005790602, 11.73896237889116456, 8.789055771251797822 ) ) ;
#2726 = CIRCLE ( 'NONE', #739, 1.049999999999998934 ) ;
#2727 = CYLINDRICAL_SURFACE ( 'NONE', #5426, 0.2500000000000002220 ) ;
#2728 = DIRECTION ( 'NONE',  ( 0.000000000000000000, 0.000000000000000000, -1.000000000000000000 ) ) ;
#2729 = VECTOR ( 'NONE', #1302, 1000.000000000000000 ) ;
#2730 = CARTESIAN_POINT ( 'NONE',  ( 22.00000000000000000, 0.2482221364525674379, 14.02023809523829634 ) ) ;
#2731 = ORIENTED_EDGE ( 'NONE', *, *, #1654, .F. ) ;
#2732 = VERTEX_POINT ( 'NONE', #4215 ) ;
#2733 = CYLINDRICAL_SURFACE ( 'NONE', #426, 1.000000000000000888 ) ;
#2734 = EDGE_LOOP ( 'NONE', ( #2568, #3912, #2956, #5545 ) ) ;
#2735 = EDGE_CURVE ( 'NONE', #747, #4362, #723, .T. ) ;
#2736 = DIRECTION ( 'NONE',  ( 1.000000000000000000, -0.000000000000000000, -0.000000000000000000 ) ) ;
#2737 = CARTESIAN_POINT ( 'NONE',  ( 22.00000000000000000, -7.999999999999928946, 5.000000000000472511 ) ) ;
#2738 = ORIENTED_EDGE ( 'NONE', *, *, #3414, .T. ) ;
#2739 = FACE_OUTER_BOUND ( 'NONE', #2509, .T. ) ;
#2740 = DIRECTION ( 'NONE',  ( 0.000000000000000000, -3.552713678800489096E-15, 1.000000000000000000 ) ) ;
#2741 = EDGE_CURVE ( 'NONE', #4107, #4716, #4246, .T. ) ;
#2742 = CARTESIAN_POINT ( 'NONE',  ( 31.18075723467021376, 9.660152213516360220, 11.56893086860631925 ) ) ;
#2743 = CARTESIAN_POINT ( 'NONE',  ( 32.00000000000000000, 2.697013575311803147E-13, 14.05000000000020144 ) ) ;
#2744 = EDGE_CURVE ( 'NONE', #4617, #5367, #3770, .T. ) ;
#2745 = CYLINDRICAL_SURFACE ( 'NONE', #1811, 1.049999999999999822 ) ;
#2746 = CARTESIAN_POINT ( 'NONE',  ( 0.000000000000000000, 0.000000000000000000, 10.00000000000000000 ) ) ;
#2747 = ORIENTED_EDGE ( 'NONE', *, *, #3613, .T. ) ;
#2748 = CARTESIAN_POINT ( 'NONE',  ( 32.00000000000000000, -15.05199322349037239, 20.00000000000000000 ) ) ;
#2749 = CARTESIAN_POINT ( 'NONE',  ( 27.11214747453838925, 12.84565389937563396, -6.000958842206673971 ) ) ;
#2750 = CARTESIAN_POINT ( 'NONE',  ( -10.00000000000000000, 25.00000000000000000, 0.000000000000000000 ) ) ;
#2751 = CARTESIAN_POINT ( 'NONE',  ( 0.000000000000000000, 0.000000000000000000, 9.000000000000001776 ) ) ;
#2752 = CARTESIAN_POINT ( 'NONE',  ( 22.00000000000000000, -8.324467844093623725, 5.998609342110383658 ) ) ;
#2753 = CIRCLE ( 'NONE', #4011, 1.050000000000002265 ) ;
#2754 = CARTESIAN_POINT ( 'NONE',  ( 23.90418610870744942, 7.320511353742844562, 4.199503167022117900 ) ) ;
#2755 = VERTEX_POINT ( 'NONE', #2101 ) ;
#2756 = CARTESIAN_POINT ( 'NONE',  ( 32.00000000000000000, -0.8004968329776132041, 12.32051135374304707 ) ) ;
#2757 = ORIENTED_EDGE ( 'NONE', *, *, #5532, .T. ) ;
#2758 = CARTESIAN_POINT ( 'NONE',  ( 24.00000000000000000, 0.000000000000000000, 5.000000000000000000 ) ) ;
#2759 = CARTESIAN_POINT ( 'NONE',  ( 24.00000000000000000, -7.000000000000007994, 9.000000000000001776 ) ) ;
#2760 = CARTESIAN_POINT ( 'NONE',  ( 0.000000000000000000, -25.00000000000000000, 10.00000000000000000 ) ) ;
#2761 = ORIENTED_EDGE ( 'NONE', *, *, #428, .T. ) ;
#2762 = CARTESIAN_POINT ( 'NONE',  ( 22.00000000000000000, 7.150532155906305753, 4.382825485092902262 ) ) ;
#2763 = ORIENTED_EDGE ( 'NONE', *, *, #5187, .T. ) ;
#2764 = DIRECTION ( 'NONE',  ( -0.8571910388284190718, -0.5149985659710673014, 0.000000000000000000 ) ) ;
#2765 = AXIS2_PLACEMENT_3D ( 'NONE', #1994, #3666, #4927 ) ;
#2766 = AXIS2_PLACEMENT_3D ( 'NONE', #2830, #4595, #2856 ) ;
#2767 = EDGE_CURVE ( 'NONE', #782, #3010, #2963, .T. ) ;
#2768 = CIRCLE ( 'NONE', #337, 1.050000000000000044 ) ;
#2769 = CARTESIAN_POINT ( 'NONE',  ( 23.68543856465402442, 8.000000000000000000, 3.949999999999999734 ) ) ;
#2770 = CARTESIAN_POINT ( 'NONE',  ( 24.85854012602414898, 14.94559794137272313, 10.00056601382142674 ) ) ;
#2771 = AXIS2_PLACEMENT_3D ( 'NONE', #236, #1447, #3652 ) ;
#2772 = DIRECTION ( 'NONE',  ( 1.000000000000000000, 0.000000000000000000, 0.000000000000000000 ) ) ;
#2773 = CIRCLE ( 'NONE', #2602, 1.049999999999999822 ) ;
#2774 = EDGE_CURVE ( 'NONE', #4030, #4001, #5390, .T. ) ;
#2775 = ADVANCED_FACE ( 'NONE', ( #492 ), #4407, .T. ) ;
#2776 = CARTESIAN_POINT ( 'NONE',  ( 25.64831842182778132, -15.56216233860661724, 1.658937561787922954 ) ) ;
#2777 = ORIENTED_EDGE ( 'NONE', *, *, #4258, .F. ) ;
#2778 = CARTESIAN_POINT ( 'NONE',  ( 25.69145111809021031, 15.49036998196783088, 0.9997930510980523877 ) ) ;
#2779 = CARTESIAN_POINT ( 'NONE',  ( 31.99999999999095124, 11.02882112425493233, 2.762341826069669715 ) ) ;
#2780 = CARTESIAN_POINT ( 'NONE',  ( 0.000000000000000000, 25.00000000000000000, 10.00000000000000000 ) ) ;
#2781 = DIRECTION ( 'NONE',  ( 0.000000000000000000, 8.881784197001220769E-16, 1.000000000000000000 ) ) ;
#2782 = FACE_OUTER_BOUND ( 'NONE', #2419, .T. ) ;
#2783 = EDGE_CURVE ( 'NONE', #1766, #4501, #1809, .T. ) ;
#2784 = EDGE_CURVE ( 'NONE', #3060, #3122, #1411, .T. ) ;
#2785 = FACE_OUTER_BOUND ( 'NONE', #919, .T. ) ;
#2786 = ORIENTED_EDGE ( 'NONE', *, *, #3340, .F. ) ;
#2787 = ORIENTED_EDGE ( 'NONE', *, *, #3744, .F. ) ;
#2788 = DIRECTION ( 'NONE',  ( 0.000000000000000000, 0.000000000000000000, 1.000000000000000000 ) ) ;
#2789 = ORIENTED_EDGE ( 'NONE', *, *, #293, .F. ) ;
#2790 = DIRECTION ( 'NONE',  ( 1.000000000000000000, -0.000000000000000000, -0.000000000000000000 ) ) ;
#2791 = B_SPLINE_CURVE_WITH_KNOTS ( 'NONE', 3,
 ( #1634, #4991, #819, #1124, #5108, #1230, #2547, #3291, #1607, #4651 ),
 .UNSPECIFIED., .F., .F.,
 ( 4, 2, 2, 2, 4 ),
 ( 0.000000000000000000, 0.0001862811617670639920, 0.0003725623235341279840, 0.0005588434853011919759, 0.0007451246470682559679 ),
 .UNSPECIFIED. ) ;
#2792 = AXIS2_PLACEMENT_3D ( 'NONE', #4670, #4699, #2473 ) ;
#2793 = CARTESIAN_POINT ( 'NONE',  ( 32.00000000000000000, -7.999999999999928946, 5.000000000000472511 ) ) ;
#2794 = CARTESIAN_POINT ( 'NONE',  ( 24.00000000000000000, 8.079197629375631351, 3.952991052807436567 ) ) ;
#2795 = EDGE_LOOP ( 'NONE', ( #331, #349, #4315, #2246 ) ) ;
#2796 = DIRECTION ( 'NONE',  ( 0.000000000000000000, 0.000000000000000000, 1.000000000000000000 ) ) ;
#2797 = ORIENTED_EDGE ( 'NONE', *, *, #2744, .T. ) ;
#2798 = CIRCLE ( 'NONE', #2251, 3.100000000000000533 ) ;
#2799 = FACE_OUTER_BOUND ( 'NONE', #3160, .T. ) ;
#2800 = CARTESIAN_POINT ( 'NONE',  ( 32.00000000000000000, 7.260373201918886465, 12.23529411764705799 ) ) ;
#2801 = CIRCLE ( 'NONE', #5411, 2.000000000000000888 ) ;
#2802 = CARTESIAN_POINT ( 'NONE',  ( 31.38950386050003161, 9.687895078621943767, 11.30690572357637080 ) ) ;
#2803 = CARTESIAN_POINT ( 'NONE',  ( 23.90418610870744942, 7.320511353742844562, 4.199503167022117900 ) ) ;
#2804 = EDGE_CURVE ( 'NONE', #5520, #3633, #5119, .T. ) ;
#2805 = CIRCLE ( 'NONE', #2531, 10.00000000000000000 ) ;
#2806 = CIRCLE ( 'NONE', #4061, 1.000000000000000000 ) ;
#2807 = ORIENTED_EDGE ( 'NONE', *, *, #2829, .T. ) ;
#2808 = FACE_OUTER_BOUND ( 'NONE', #5218, .T. ) ;
#2809 = CARTESIAN_POINT ( 'NONE',  ( 31.99999999998404121, 9.615138724412775062, -0.8470738114283379305 ) ) ;
#2810 = DIRECTION ( 'NONE',  ( 1.000000000000000000, -0.000000000000000000, -0.000000000000000000 ) ) ;
#2811 = DIRECTION ( 'NONE',  ( 1.000000000000000000, -0.000000000000000000, -0.000000000000000000 ) ) ;
#2812 = AXIS2_PLACEMENT_3D ( 'NONE', #4374, #1364, #3960 ) ;
#2813 = ADVANCED_FACE ( 'NONE', ( #1750 ), #3830, .T. ) ;
#2814 = DIRECTION ( 'NONE',  ( 0.000000000000000000, 0.000000000000000000, 1.000000000000000000 ) ) ;
#2815 = AXIS2_PLACEMENT_3D ( 'NONE', #876, #2608, #4318 ) ;
#2816 = DIRECTION ( 'NONE',  ( 0.000000000000000000, 0.000000000000000000, 1.000000000000000000 ) ) ;
#2817 = ORIENTED_EDGE ( 'NONE', *, *, #5359, .T. ) ;
#2818 = VERTEX_POINT ( 'NONE', #1976 ) ;
#2819 = CARTESIAN_POINT ( 'NONE',  ( 22.00000000000000000, -0.6171745149072963565, -2.400532155906029974 ) ) ;
#2820 = ORIENTED_EDGE ( 'NONE', *, *, #4086, .T. ) ;
#2821 = AXIS2_PLACEMENT_3D ( 'NONE', #1834, #4379, #1812 ) ;
#2822 = DIRECTION ( 'NONE',  ( 1.000000000000000000, -0.000000000000000000, -0.000000000000000000 ) ) ;
#2823 = EDGE_CURVE ( 'NONE', #1582, #4500, #2835, .T. ) ;
#2824 = DIRECTION ( 'NONE',  ( 1.000000000000000000, 0.000000000000000000, 0.000000000000000000 ) ) ;
#2825 = ORIENTED_EDGE ( 'NONE', *, *, #3373, .F. ) ;
#2826 = DIRECTION ( 'NONE',  ( 0.000000000000000000, 0.000000000000000000, -1.000000000000000000 ) ) ;
#2827 = ORIENTED_EDGE ( 'NONE', *, *, #4633, .T. ) ;
#2828 = DIRECTION ( 'NONE',  ( 0.000000000000000000, 0.000000000000000000, -1.000000000000000000 ) ) ;
#2829 = EDGE_CURVE ( 'NONE', #4873, #3611, #4832, .T. ) ;
#2830 = CARTESIAN_POINT ( 'NONE',  ( 24.00000000000000000, 1.986258379993444123E-13, 13.00000000000022737 ) ) ;
#2831 = CARTESIAN_POINT ( 'NONE',  ( 23.99751377134736430, -7.008524212523319363, 5.346781378610415025 ) ) ;
#2832 = CYLINDRICAL_SURFACE ( 'NONE', #3307, 0.2499999999999997780 ) ;
#2833 = LINE ( 'NONE', #3568, #5289 ) ;
#2834 = EDGE_LOOP ( 'NONE', ( #4470, #5103, #2693, #3326 ) ) ;
#2835 = B_SPLINE_CURVE_WITH_KNOTS ( 'NONE', 3,
 ( #3152, #2778, #4970, #4493 ),
 .UNSPECIFIED., .F., .F.,
 ( 4, 4 ),
 ( 1.734723475976807094E-18, 0.0001414430564826919985 ),
 .UNSPECIFIED. ) ;
#2836 = CARTESIAN_POINT ( 'NONE',  ( 31.18212378988949496, 9.658470283730878236, -1.570090558084459076 ) ) ;
#2837 = DIRECTION ( 'NONE',  ( 1.000000000000000000, -0.000000000000000000, -0.000000000000000000 ) ) ;
#2838 = VECTOR ( 'NONE', #286, 1000.000000000000000 ) ;
#2839 = FACE_BOUND ( 'NONE', #722, .T. ) ;
#2840 = CARTESIAN_POINT ( 'NONE',  ( 24.78784984624522991, -15.05199322349037416, 9.000000000000001776 ) ) ;
#2841 = DIRECTION ( 'NONE',  ( 0.000000000000000000, 0.000000000000000000, 1.000000000000000000 ) ) ;
#2842 = EDGE_LOOP ( 'NONE', ( #4300, #5031, #1923, #4284, #1118, #2701, #2055, #356, #1222, #1493, #5339, #4840, #1650 ) ) ;
#2843 = VERTEX_POINT ( 'NONE', #625 ) ;
#2844 = CARTESIAN_POINT ( 'NONE',  ( 31.58153269725703183, -9.442722495556905571, -1.497036108506285546 ) ) ;
#2845 = ORIENTED_EDGE ( 'NONE', *, *, #3414, .F. ) ;
#2846 = CARTESIAN_POINT ( 'NONE',  ( 26.70772146342006437, -12.75072507097290142, -0.2542266141084359443 ) ) ;
#2847 = CIRCLE ( 'NONE', #3120, 0.2499999999999993616 ) ;
#2848 = EDGE_CURVE ( 'NONE', #3461, #4030, #2595, .T. ) ;
#2849 = CARTESIAN_POINT ( 'NONE',  ( 23.00000000000000000, 0.000000000000000000, 0.000000000000000000 ) ) ;
#2850 = FACE_BOUND ( 'NONE', #382, .T. ) ;
#2851 = EDGE_CURVE ( 'NONE', #3732, #1681, #3320, .T. ) ;
#2852 = AXIS2_PLACEMENT_3D ( 'NONE', #2515, #2088, #2943 ) ;
#2853 = CARTESIAN_POINT ( 'NONE',  ( 30.76790521797506273, -9.615815409904557853, 11.60221984516951288 ) ) ;
#2854 = VERTEX_POINT ( 'NONE', #2358 ) ;
#2855 = CARTESIAN_POINT ( 'NONE',  ( 27.77949564851784103, -12.11887500161252085, 4.610143887767758741 ) ) ;
#2856 = DIRECTION ( 'NONE',  ( 0.000000000000000000, 0.000000000000000000, 1.000000000000000000 ) ) ;
#2857 = EDGE_CURVE ( 'NONE', #1052, #3366, #2493, .T. ) ;
#2858 = EDGE_CURVE ( 'NONE', #3724, #3321, #1763, .T. ) ;
#2859 = ORIENTED_EDGE ( 'NONE', *, *, #256, .T. ) ;
#2860 = FACE_OUTER_BOUND ( 'NONE', #2137, .T. ) ;
#2861 = CARTESIAN_POINT ( 'NONE',  ( 24.00000000000000000, -7.320511353742773508, 4.199503167022589523 ) ) ;
#2862 = AXIS2_PLACEMENT_3D ( 'NONE', #1706, #2476, #2162 ) ;
#2863 = AXIS2_PLACEMENT_3D ( 'NONE', #275, #1992, #3723 ) ;
#2864 = ORIENTED_EDGE ( 'NONE', *, *, #2848, .F. ) ;
#2865 = CARTESIAN_POINT ( 'NONE',  ( -5.510910596163088767E-15, -28.99999999999999645, 10.00000000000000000 ) ) ;
#2866 = CARTESIAN_POINT ( 'NONE',  ( -10.00000000000000000, 28.99999999999999645, 9.000000000000001776 ) ) ;
#2867 = DIRECTION ( 'NONE',  ( 1.000000000000000000, -0.000000000000000000, -0.000000000000000000 ) ) ;
#2868 = LINE ( 'NONE', #2330, #3076 ) ;
#2869 = CIRCLE ( 'NONE', #1140, 2.000000000000000000 ) ;
#2870 =( BOUNDED_SURFACE ( )  B_SPLINE_SURFACE ( 3, 2, ( 
 ( #2632, #4345, #5196 ),
 ( #2606, #4316, #4796 ),
 ( #1360, #5170, #1717 ),
 ( #73, #3509, #2687 ),
 ( #3456, #3117, #1293 ),
 ( #3542, #4822, #3034 ),
 ( #2659, #2233, #3957 ),
 ( #101, #957, #4400 ),
 ( #3986, #679, #3619 ),
 ( #1882, #4432, #4096 ),
 ( #4456, #2742, #2802 ),
 ( #5335, #4065, #154 ) ),
 .UNSPECIFIED., .F., .F., .T. ) 
 B_SPLINE_SURFACE_WITH_KNOTS ( ( 4, 2, 2, 2, 2, 4 ),
 ( 3, 3 ),
 ( 0.000000000000000000, 0.002285587216450113857, 0.004571174432900227715, 0.006856761649350342006, 0.007999555257575398717, 0.009142348865800455429 ),
 ( 0.000000000000000000, 1.000000000000000000 ),
 .UNSPECIFIED. ) 
 GEOMETRIC_REPRESENTATION_ITEM ( )  RATIONAL_B_SPLINE_SURFACE ( (
 ( 1.000000000000000000, 0.7090413745937775847, 1.000000000000000000),
 ( 1.000000000000000000, 0.7265525937276809954, 1.000000000000000000),
 ( 1.000000000000000000, 0.7466301496509879509, 1.000000000000000000),
 ( 1.000000000000000000, 0.7892559959998592944, 1.000000000000000000),
 ( 1.000000000000000000, 0.8118494181824630340, 1.000000000000000000),
 ( 1.000000000000000000, 0.8573243514902826323, 1.000000000000000000),
 ( 1.000000000000000000, 0.8799961413930421639, 1.000000000000000000),
 ( 1.000000000000000000, 0.9115492980076850271, 1.000000000000000000),
 ( 1.000000000000000000, 0.9216471604786284910, 1.000000000000000000),
 ( 1.000000000000000000, 0.9400076705697841817, 1.000000000000000000),
 ( 1.000000000000000000, 0.9483071230858844958, 1.000000000000000000),
 ( 1.000000000000000000, 0.9545598488074860111, 1.000000000000000000) ) ) 
 REPRESENTATION_ITEM ( '' )  SURFACE ( )  );
#2871 = CARTESIAN_POINT ( 'NONE',  ( 0.000000000000000000, 0.000000000000000000, 10.00000000000000000 ) ) ;
#2872 = ORIENTED_EDGE ( 'NONE', *, *, #262, .T. ) ;
#2873 = DIRECTION ( 'NONE',  ( 0.000000000000000000, 6.938893903907222067E-15, 1.000000000000000000 ) ) ;
#2874 = ORIENTED_EDGE ( 'NONE', *, *, #4292, .T. ) ;
#2875 = DIRECTION ( 'NONE',  ( 0.000000000000000000, 0.000000000000000000, -1.000000000000000000 ) ) ;
#2876 = ADVANCED_FACE ( 'NONE', ( #4858 ), #4441, .T. ) ;
#2877 = CARTESIAN_POINT ( 'NONE',  ( 22.00000000000000000, -0.3988649794381500802, -2.028708731544192290 ) ) ;
#2878 = CARTESIAN_POINT ( 'NONE',  ( 31.00000000000000000, 0.000000000000000000, -6.250000000000000888 ) ) ;
#2879 = ORIENTED_EDGE ( 'NONE', *, *, #2360, .F. ) ;
#2880 = DIRECTION ( 'NONE',  ( 0.000000000000000000, -0.7083290928701352351, 0.7058823529411762943 ) ) ;
#2881 = ORIENTED_EDGE ( 'NONE', *, *, #2928, .T. ) ;
#2882 = CIRCLE ( 'NONE', #440, 1.050000000000000488 ) ;
#2883 = CARTESIAN_POINT ( 'NONE',  ( 28.35443485798840157, -10.28927796387614180, -2.821898625430559804 ) ) ;
#2884 = DIRECTION ( 'NONE',  ( 0.000000000000000000, 0.000000000000000000, 1.000000000000000000 ) ) ;
#2885 = CARTESIAN_POINT ( 'NONE',  ( 23.31598817775513055, -9.020238095238022780, 4.751777863548173997 ) ) ;
#2886 = CARTESIAN_POINT ( 'NONE',  ( 31.20566514469175701, 9.438252085086242360, -1.705089442095196306 ) ) ;
#2887 = EDGE_CURVE ( 'NONE', #4722, #3181, #4574, .T. ) ;
#2888 = AXIS2_PLACEMENT_3D ( 'NONE', #536, #1262, #954 ) ;
#2889 = EDGE_CURVE ( 'NONE', #4619, #637, #871, .T. ) ;
#2890 = EDGE_CURVE ( 'NONE', #4812, #1282, #4920, .T. ) ;
#2891 = VECTOR ( 'NONE', #4806, 1000.000000000000000 ) ;
#2892 = ORIENTED_EDGE ( 'NONE', *, *, #4912, .T. ) ;
#2893 = FACE_OUTER_BOUND ( 'NONE', #1744, .T. ) ;
#2894 =( LENGTH_UNIT ( ) NAMED_UNIT ( * ) SI_UNIT ( .MILLI., .METRE. ) );
#2895 = DIRECTION ( 'NONE',  ( 0.000000000000000000, 0.000000000000000000, 1.000000000000000000 ) ) ;
#2896 = DIRECTION ( 'NONE',  ( 1.000000000000000000, -0.000000000000000000, -0.000000000000000000 ) ) ;
#2897 = CIRCLE ( 'NONE', #3173, 1.049999999999999822 ) ;
#2898 = ORIENTED_EDGE ( 'NONE', *, *, #4399, .F. ) ;
#2899 = DIRECTION ( 'NONE',  ( 1.000000000000000000, -0.000000000000000000, -0.000000000000000000 ) ) ;
#2900 = ORIENTED_EDGE ( 'NONE', *, *, #477, .T. ) ;
#2901 = VERTEX_POINT ( 'NONE', #1071 ) ;
#2902 = AXIS2_PLACEMENT_3D ( 'NONE', #5088, #298, #1613 ) ;
#2903 = CARTESIAN_POINT ( 'NONE',  ( 23.65854107221092306, 8.079197629375634904, 6.047008947192564321 ) ) ;
#2904 = FACE_OUTER_BOUND ( 'NONE', #5259, .T. ) ;
#2905 = CARTESIAN_POINT ( 'NONE',  ( 30.12996816276909229, -10.62954098981657047, -1.021216143503654417 ) ) ;
#2906 = CIRCLE ( 'NONE', #377, 0.2500000000000002220 ) ;
#2907 = CARTESIAN_POINT ( 'NONE',  ( 29.62578373606595861, -11.25433819067080421, 10.24533084517900150 ) ) ;
#2908 = ORIENTED_EDGE ( 'NONE', *, *, #56, .T. ) ;
#2909 = EDGE_LOOP ( 'NONE', ( #278, #2618, #3604, #4554 ) ) ;
#2910 = DIRECTION ( 'NONE',  ( 0.000000000000000000, 0.000000000000000000, -1.000000000000000000 ) ) ;
#2911 = ORIENTED_EDGE ( 'NONE', *, *, #1512, .F. ) ;
#2912 = ADVANCED_FACE ( 'NONE', ( #2808 ), #656, .T. ) ;
#2913 = CARTESIAN_POINT ( 'NONE',  ( 32.00000000000080291, -11.23904358527381753, 4.428199448416526351 ) ) ;
#2914 = ORIENTED_EDGE ( 'NONE', *, *, #2503, .F. ) ;
#2915 = EDGE_CURVE ( 'NONE', #1553, #3651, #3322, .T. ) ;
#2916 = CARTESIAN_POINT ( 'NONE',  ( 26.14999999999999858, 8.000000000000000000, 5.000000000000000000 ) ) ;
#2917 = CARTESIAN_POINT ( 'NONE',  ( 23.90418610870747074, -7.320511353742771732, 5.800496832978356387 ) ) ;
#2918 = AXIS2_PLACEMENT_3D ( 'NONE', #794, #2518, #4234 ) ;
#2919 = EDGE_CURVE ( 'NONE', #4610, #1601, #4659, .T. ) ;
#2920 = ORIENTED_EDGE ( 'NONE', *, *, #3804, .T. ) ;
#2921 = CARTESIAN_POINT ( 'NONE',  ( 32.00000000000000000, -0.9986093421101105427, -3.324467844093419444 ) ) ;
#2922 = CARTESIAN_POINT ( 'NONE',  ( 31.00000000000000000, -7.260373201918885577, -2.235294117647059764 ) ) ;
#2923 = DIRECTION ( 'NONE',  ( 1.000000000000000000, 0.000000000000000000, 0.000000000000000000 ) ) ;
#2924 = CARTESIAN_POINT ( 'NONE',  ( -10.00000000000000000, 30.00000000000000000, 0.4142135623730951455 ) ) ;
#2925 = DIRECTION ( 'NONE',  ( 1.000000000000000000, -0.000000000000000000, -0.000000000000000000 ) ) ;
#2926 = ORIENTED_EDGE ( 'NONE', *, *, #4900, .T. ) ;
#2927 = ORIENTED_EDGE ( 'NONE', *, *, #3846, .T. ) ;
#2928 = EDGE_CURVE ( 'NONE', #3309, #3010, #1855, .T. ) ;
#2929 = DIRECTION ( 'NONE',  ( 0.000000000000000000, 0.000000000000000000, 1.000000000000000000 ) ) ;
#2930 = CARTESIAN_POINT ( 'NONE',  ( 22.00000000000000000, 8.000000000000000000, 5.000000000000000000 ) ) ;
#2931 = DIRECTION ( 'NONE',  ( -1.000000000000000000, 0.000000000000000000, 0.000000000000000000 ) ) ;
#2932 = ORIENTED_EDGE ( 'NONE', *, *, #2944, .T. ) ;
#2933 = ORIENTED_EDGE ( 'NONE', *, *, #1636, .F. ) ;
#2934 = CARTESIAN_POINT ( 'NONE',  ( 22.00000000000000000, 7.150532155906305753, 5.617174514907096849 ) ) ;
#2935 = ORIENTED_EDGE ( 'NONE', *, *, #4539, .F. ) ;
#2936 = LINE ( 'NONE', #3367, #2260 ) ;
#2937 = ADVANCED_FACE ( 'NONE', ( #2893 ), #3293, .F. ) ;
#2938 = VECTOR ( 'NONE', #458, 1000.000000000000000 ) ;
#2939 = DIRECTION ( 'NONE',  ( 0.000000000000000000, 0.000000000000000000, 1.000000000000000000 ) ) ;
#2940 = VERTEX_POINT ( 'NONE', #314 ) ;
#2941 = DIRECTION ( 'NONE',  ( -0.000000000000000000, 1.000000000000000000, -0.000000000000000000 ) ) ;
#2942 = LINE ( 'NONE', #369, #5043 ) ;
#2943 = DIRECTION ( 'NONE',  ( 0.000000000000000000, 0.000000000000000000, -1.000000000000000000 ) ) ;
#2944 = EDGE_CURVE ( 'NONE', #501, #1429, #425, .T. ) ;
#2945 = EDGE_LOOP ( 'NONE', ( #2111, #3687, #4665, #4898 ) ) ;
#2946 = DIRECTION ( 'NONE',  ( 1.000000000000000000, -0.000000000000000000, -0.000000000000000000 ) ) ;
#2947 = CARTESIAN_POINT ( 'NONE',  ( 22.00000000000000000, 8.551344190098960851, 4.106400769895071079 ) ) ;
#2948 = CARTESIAN_POINT ( 'NONE',  ( 0.000000000000000000, 0.000000000000000000, 10.00000000000000000 ) ) ;
#2949 = CARTESIAN_POINT ( 'NONE',  ( 26.14999999999999858, 8.000000000000000000, 5.000000000000000000 ) ) ;
#2950 = EDGE_CURVE ( 'NONE', #4309, #830, #2679, .T. ) ;
#2951 = TOROIDAL_SURFACE ( 'NONE', #1760, 10.25000000000000178, 1.000000000000000000 ) ;
#2952 = CIRCLE ( 'NONE', #2492, 10.25000000000000178 ) ;
#2953 = EDGE_CURVE ( 'NONE', #1232, #2326, #5514, .T. ) ;
#2954 = ORIENTED_EDGE ( 'NONE', *, *, #3919, .F. ) ;
#2955 = DIRECTION ( 'NONE',  ( 0.000000000000000000, 0.000000000000000000, -1.000000000000000000 ) ) ;
#2956 = ORIENTED_EDGE ( 'NONE', *, *, #2081, .T. ) ;
#2957 = VECTOR ( 'NONE', #4438, 1000.000000000000000 ) ;
#2958 = VERTEX_POINT ( 'NONE', #3812 ) ;
#2959 = DIRECTION ( 'NONE',  ( 0.000000000000000000, 0.000000000000000000, -1.000000000000000000 ) ) ;
#2960 = CIRCLE ( 'NONE', #518, 1.049999999999998934 ) ;
#2961 = ORIENTED_EDGE ( 'NONE', *, *, #2066, .T. ) ;
#2962 = FACE_OUTER_BOUND ( 'NONE', #3162, .T. ) ;
#2963 = CIRCLE ( 'NONE', #5297, 1.049999999999998934 ) ;
#2964 = CARTESIAN_POINT ( 'NONE',  ( 24.78784984624522991, -15.05199322349037239, 6.505213034913026604E-16 ) ) ;
#2965 = EDGE_CURVE ( 'NONE', #671, #1696, #4175, .T. ) ;
#2966 = EDGE_CURVE ( 'NONE', #3640, #821, #1665, .T. ) ;
#2967 = DIRECTION ( 'NONE',  ( 1.000000000000000000, 0.000000000000000000, 0.000000000000000000 ) ) ;
#2968 = ORIENTED_EDGE ( 'NONE', *, *, #2996, .F. ) ;
#2969 = CYLINDRICAL_SURFACE ( 'NONE', #5105, 1.050000000000002265 ) ;
#2970 = ORIENTED_EDGE ( 'NONE', *, *, #1430, .F. ) ;
#2971 = CARTESIAN_POINT ( 'NONE',  ( 23.00000000000000000, 0.000000000000000000, 5.000000000000000000 ) ) ;
#2972 = CYLINDRICAL_SURFACE ( 'NONE', #1590, 10.00000000000000000 ) ;
#2973 = CARTESIAN_POINT ( 'NONE',  ( 24.00000000000000000, 0.000000000000000000, 0.000000000000000000 ) ) ;
#2974 = DIRECTION ( 'NONE',  ( 0.000000000000000000, 0.000000000000000000, -1.000000000000000000 ) ) ;
#2975 = B_SPLINE_CURVE_WITH_KNOTS ( 'NONE', 3,
 ( #3021, #2508, #360, #5131, #1223, #2078 ),
 .UNSPECIFIED., .F., .F.,
 ( 4, 2, 4 ),
 ( 0.000000000000000000, 0.0004250810782919235134, 0.0008501621565838470267 ),
 .UNSPECIFIED. ) ;
#2976 = ORIENTED_EDGE ( 'NONE', *, *, #1830, .T. ) ;
#2977 = CARTESIAN_POINT ( 'NONE',  ( 31.74204273713045055, 9.459623026596817752, 11.31730102669183502 ) ) ;
#2978 = CARTESIAN_POINT ( 'NONE',  ( 26.14999999999999858, -7.999999999999928946, 5.000000000000472511 ) ) ;
#2979 = CARTESIAN_POINT ( 'NONE',  ( 32.00000000000000000, 0.6171745149068980085, -2.150532155906033083 ) ) ;
#2980 = DIRECTION ( 'NONE',  ( 0.000000000000000000, 1.652117596168387953E-15, 1.000000000000000000 ) ) ;
#2981 = AXIS2_PLACEMENT_3D ( 'NONE', #1138, #2822, #5351 ) ;
#2982 = CARTESIAN_POINT ( 'NONE',  ( 23.68543856465405284, -7.999999999999948486, 3.950000000000283951 ) ) ;
#2983 = ORIENTED_EDGE ( 'NONE', *, *, #1273, .F. ) ;
#2984 = ORIENTED_EDGE ( 'NONE', *, *, #4281, .T. ) ;
#2985 = CARTESIAN_POINT ( 'NONE',  ( 31.84947682801039903, -9.528931250444482970, 11.11024820974435734 ) ) ;
#2986 = DIRECTION ( 'NONE',  ( 1.000000000000000000, 0.000000000000000000, 0.000000000000000000 ) ) ;
#2987 = EDGE_CURVE ( 'NONE', #3777, #1078, #3376, .T. ) ;
#2988 = CARTESIAN_POINT ( 'NONE',  ( 24.85854012602414542, -14.94559794137272668, 10.00056601382142674 ) ) ;
#2989 = AXIS2_PLACEMENT_3D ( 'NONE', #891, #478, #3916 ) ;
#2990 = DIRECTION ( 'NONE',  ( 0.000000000000000000, 1.776356839400240604E-15, 1.000000000000000000 ) ) ;
#2991 = DIRECTION ( 'NONE',  ( 0.000000000000000000, 0.000000000000000000, 1.000000000000000000 ) ) ;
#2992 = ORIENTED_EDGE ( 'NONE', *, *, #4523, .T. ) ;
#2993 = VERTEX_POINT ( 'NONE', #5478 ) ;
#2994 = DIRECTION ( 'NONE',  ( 0.000000000000000000, 0.000000000000000000, -1.000000000000000000 ) ) ;
#2995 = ORIENTED_EDGE ( 'NONE', *, *, #5052, .T. ) ;
#2996 = EDGE_CURVE ( 'NONE', #2215, #4253, #1610, .T. ) ;
#2997 = CARTESIAN_POINT ( 'NONE',  ( 30.50909204433976996, 9.823497344555779165, -1.472506431557609075 ) ) ;
#2998 = ORIENTED_EDGE ( 'NONE', *, *, #1830, .F. ) ;
#2999 = DIRECTION ( 'NONE',  ( 0.000000000000000000, 0.000000000000000000, -1.000000000000000000 ) ) ;
#3000 = CIRCLE ( 'NONE', #2630, 1.050000000000001377 ) ;
#3001 = CARTESIAN_POINT ( 'NONE',  ( 24.00000000000000000, 9.020238095238095610, 4.751777863547702374 ) ) ;
#3002 = CARTESIAN_POINT ( 'NONE',  ( -4.999999999999999112, -30.00000000000000000, 4.999999999999999112 ) ) ;
#3003 = AXIS2_PLACEMENT_3D ( 'NONE', #4805, #141, #938 ) ;
#3004 = ORIENTED_EDGE ( 'NONE', *, *, #4393, .T. ) ;
#3005 = DIRECTION ( 'NONE',  ( 1.000000000000000000, -0.000000000000000000, -0.000000000000000000 ) ) ;
#3006 = PRESENTATION_STYLE_ASSIGNMENT (( #290 ) ) ;
#3007 = DIRECTION ( 'NONE',  ( 0.000000000000000000, 0.000000000000000000, -1.000000000000000000 ) ) ;
#3008 = AXIS2_PLACEMENT_3D ( 'NONE', #4964, #1096, #2381 ) ;
#3009 = EDGE_CURVE ( 'NONE', #4333, #1485, #2410, .T. ) ;
#3010 = VERTEX_POINT ( 'NONE', #4153 ) ;
#3011 = CARTESIAN_POINT ( 'NONE',  ( 25.64260328921920618, 15.57102747257624742, 10.00000000000000178 ) ) ;
#3012 = ORIENTED_EDGE ( 'NONE', *, *, #5006, .T. ) ;
#3013 = ORIENTED_EDGE ( 'NONE', *, *, #845, .T. ) ;
#3014 = DIRECTION ( 'NONE',  ( 1.000000000000000000, -0.000000000000000000, -0.000000000000000000 ) ) ;
#3015 = ORIENTED_EDGE ( 'NONE', *, *, #2774, .T. ) ;
#3016 = CARTESIAN_POINT ( 'NONE',  ( 29.83099510884741079, -10.33116619804049385, -1.181418258893595974 ) ) ;
#3017 = DIRECTION ( 'NONE',  ( 0.000000000000000000, 0.000000000000000000, 1.000000000000000000 ) ) ;
#3018 = CARTESIAN_POINT ( 'NONE',  ( 25.71573116485256350, -15.44995697913202726, 9.000622615203583976 ) ) ;
#3019 = ORIENTED_EDGE ( 'NONE', *, *, #1084, .T. ) ;
#3020 = VERTEX_POINT ( 'NONE', #289 ) ;
#3021 = CARTESIAN_POINT ( 'NONE',  ( 23.65854107221092306, 8.079197629375634904, 6.047008947192564321 ) ) ;
#3022 = EDGE_LOOP ( 'NONE', ( #4855, #359, #4048, #1869 ) ) ;
#3023 = ADVANCED_FACE ( 'NONE', ( #2005 ), #2487, .T. ) ;
#3024 = EDGE_CURVE ( 'NONE', #473, #2542, #5164, .T. ) ;
#3025 = FACE_OUTER_BOUND ( 'NONE', #2648, .T. ) ;
#3026 = ORIENTED_EDGE ( 'NONE', *, *, #1355, .T. ) ;
#3027 = DIRECTION ( 'NONE',  ( 0.000000000000000000, 1.776356839400250465E-15, -1.000000000000000000 ) ) ;
#3028 = CARTESIAN_POINT ( 'NONE',  ( 24.78784984624523346, 15.05199322349037239, 0.000000000000000000 ) ) ;
#3029 = CARTESIAN_POINT ( 'NONE',  ( 24.00000000000000000, 8.324467844093694779, 5.998609342109912035 ) ) ;
#3030 = AXIS2_PLACEMENT_3D ( 'NONE', #3925, #3062, #2202 ) ;
#3031 = EDGE_CURVE ( 'NONE', #4500, #2843, #3459, .T. ) ;
#3032 = EDGE_CURVE ( 'NONE', #5202, #2155, #5340, .T. ) ;
#3033 = EDGE_LOOP ( 'NONE', ( #4109, #4865, #308, #781 ) ) ;
#3034 = CARTESIAN_POINT ( 'NONE',  ( 28.96472146339266018, 11.79041757687893366, 9.951655909906001796 ) ) ;
#3035 = CARTESIAN_POINT ( 'NONE',  ( 25.70509321710714445, 13.79652757875890678, 10.06577213950480498 ) ) ;
#3036 = CARTESIAN_POINT ( 'NONE',  ( -4.999999999999999112, -25.00000000000000000, 8.099999999999999645 ) ) ;
#3037 = CARTESIAN_POINT ( 'NONE',  ( 26.14999999999999858, 2.714842239903703103E-13, 13.00000000000019895 ) ) ;
#3038 = ORIENTED_EDGE ( 'NONE', *, *, #3513, .T. ) ;
#3039 = ORIENTED_EDGE ( 'NONE', *, *, #1436, .T. ) ;
#3040 = CARTESIAN_POINT ( 'NONE',  ( 27.41327125352750471, 13.22672762857199302, 0.6338597125442079205 ) ) ;
#3041 = CARTESIAN_POINT ( 'NONE',  ( 28.35443485799875418, 10.28927796386634164, 12.82189862542187875 ) ) ;
#3042 = CARTESIAN_POINT ( 'NONE',  ( 26.14999999999999858, 0.6171745149073675218, 12.15053215590650737 ) ) ;
#3043 = CARTESIAN_POINT ( 'NONE',  ( 26.15634881010012336, -14.69499397442412025, 12.14621751423305973 ) ) ;
#3044 = CARTESIAN_POINT ( 'NONE',  ( 23.99160798210721524, 7.028708731544464960, 4.601135020562050926 ) ) ;
#3045 = CYLINDRICAL_SURFACE ( 'NONE', #3617, 1.000000000000000000 ) ;
#3046 = ORIENTED_EDGE ( 'NONE', *, *, #2295, .T. ) ;
#3047 = ORIENTED_EDGE ( 'NONE', *, *, #4354, .F. ) ;
#3048 = CARTESIAN_POINT ( 'NONE',  ( 24.83506455939966528, 14.98111974432974058, -0.0001880572038643579227 ) ) ;
#3049 = ORIENTED_EDGE ( 'NONE', *, *, #1204, .T. ) ;
#3050 = AXIS2_PLACEMENT_3D ( 'NONE', #2748, #160, #3708 ) ;
#3051 = EDGE_CURVE ( 'NONE', #1, #4039, #1911, .T. ) ;
#3052 = CARTESIAN_POINT ( 'NONE',  ( 31.00000000000000000, 9.390462030729404219, 11.75699905656959388 ) ) ;
#3053 = CARTESIAN_POINT ( 'NONE',  ( 24.81150572803957743, 15.01657789300533352, 0.000000000000000000 ) ) ;
#3054 = ORIENTED_EDGE ( 'NONE', *, *, #477, .F. ) ;
#3055 = DIRECTION ( 'NONE',  ( -1.000000000000000000, 0.000000000000000000, 0.000000000000000000 ) ) ;
#3056 = FACE_OUTER_BOUND ( 'NONE', #4369, .T. ) ;
#3057 = FACE_OUTER_BOUND ( 'NONE', #4114, .T. ) ;
#3058 = ADVANCED_FACE ( 'NONE', ( #1265 ), #1326, .F. ) ;
#3059 = EDGE_CURVE ( 'NONE', #2250, #4613, #2338, .T. ) ;
#3060 = VERTEX_POINT ( 'NONE', #457 ) ;
#3061 = CARTESIAN_POINT ( 'NONE',  ( 24.00000000000000000, -7.150532155906233811, 4.382825485093376550 ) ) ;
#3062 = DIRECTION ( 'NONE',  ( 1.000000000000000000, 0.000000000000000000, 0.000000000000000000 ) ) ;
#3063 = ADVANCED_FACE ( 'NONE', ( #5223 ), #2174, .T. ) ;
#3064 = DIRECTION ( 'NONE',  ( 1.000000000000000000, -0.000000000000000000, -0.000000000000000000 ) ) ;
#3065 = CARTESIAN_POINT ( 'NONE',  ( 31.00000000000000000, 15.05199322349037239, -9.999999999999998224 ) ) ;
#3066 = ORIENTED_EDGE ( 'NONE', *, *, #3310, .T. ) ;
#3067 = CIRCLE ( 'NONE', #1881, 1.000000000000000000 ) ;
#3068 = CARTESIAN_POINT ( 'NONE',  ( 26.70660679305419194, 12.75174128255984662, -0.2539683433794369116 ) ) ;
#3069 = CARTESIAN_POINT ( 'NONE',  ( 30.66574653017266172, -9.697236271564451116, 11.55087924424586276 ) ) ;
#3070 = CYLINDRICAL_SURFACE ( 'NONE', #1814, 1.050000000000000488 ) ;
#3071 = CARTESIAN_POINT ( 'NONE',  ( 28.09359731123537784, -11.14506071315452651, 10.88387770059794946 ) ) ;
#3072 = DIRECTION ( 'NONE',  ( 1.000000000000000000, -0.000000000000000000, -0.000000000000000000 ) ) ;
#3073 = AXIS2_PLACEMENT_3D ( 'NONE', #1486, #3220, #1548 ) ;
#3074 = CARTESIAN_POINT ( 'NONE',  ( -9.000000000000001776, 0.000000000000000000, 1.000000000000000000 ) ) ;
#3075 = VERTEX_POINT ( 'NONE', #3864 ) ;
#3076 = VECTOR ( 'NONE', #1074, 1000.000000000000000 ) ;
#3077 = ORIENTED_EDGE ( 'NONE', *, *, #5395, .T. ) ;
#3078 = CARTESIAN_POINT ( 'NONE',  ( 23.90660289764741364, -7.312717041043368837, 4.582638343047960028 ) ) ;
#3079 = EDGE_LOOP ( 'NONE', ( #4485, #2998, #3383, #3901, #4132, #1859, #196, #1956, #624, #1695, #4160, #121, #1404, #414, #1774, #2218, #4561, #615, #2787 ) ) ;
#3080 = AXIS2_PLACEMENT_3D ( 'NONE', #2533, #4191, #2020 ) ;
#3081 = DIRECTION ( 'NONE',  ( 0.000000000000000000, 0.000000000000000000, -1.000000000000000000 ) ) ;
#3082 = CARTESIAN_POINT ( 'NONE',  ( 25.64260328921920618, 15.57102747257624564, 3.035766082959412415E-15 ) ) ;
#3083 = EDGE_CURVE ( 'NONE', #39, #555, #4799, .T. ) ;
#3084 = ORIENTED_EDGE ( 'NONE', *, *, #1560, .T. ) ;
#3085 = DIRECTION ( 'NONE',  ( 0.000000000000000000, 0.000000000000000000, -1.000000000000000000 ) ) ;
#3086 = DIRECTION ( 'NONE',  ( 0.000000000000000000, 0.000000000000000000, 1.000000000000000000 ) ) ;
#3087 = CIRCLE ( 'NONE', #642, 1.050000000000000488 ) ;
#3088 = DIRECTION ( 'NONE',  ( 0.000000000000000000, 0.000000000000000000, -1.000000000000000000 ) ) ;
#3089 = AXIS2_PLACEMENT_3D ( 'NONE', #4798, #931, #3093 ) ;
#3090 = VERTEX_POINT ( 'NONE', #3924 ) ;
#3091 = CARTESIAN_POINT ( 'NONE',  ( 22.00000000000000000, -7.999999999999928946, 5.000000000000472511 ) ) ;
#3092 = CARTESIAN_POINT ( 'NONE',  ( 27.50179736773902661, -13.15382329386967797, 0.5975508367978512592 ) ) ;
#3093 = DIRECTION ( 'NONE',  ( 0.000000000000000000, 0.000000000000000000, 1.000000000000000000 ) ) ;
#3094 = ADVANCED_FACE ( 'NONE', ( #486 ), #2579, .T. ) ;
#3095 = FACE_OUTER_BOUND ( 'NONE', #4731, .T. ) ;
#3096 = EDGE_LOOP ( 'NONE', ( #241, #2461, #5458, #217 ) ) ;
#3097 = EDGE_LOOP ( 'NONE', ( #4359, #3943, #1446, #13 ) ) ;
#3098 = CARTESIAN_POINT ( 'NONE',  ( 25.25820555470034634, 14.34084847083534164, -0.007000627082228345378 ) ) ;
#3099 = CARTESIAN_POINT ( 'NONE',  ( 31.40234533810988538, -9.386764480391228460, 11.75763179785198531 ) ) ;
#3100 = DIRECTION ( 'NONE',  ( 1.000000000000000000, 0.000000000000000000, 0.000000000000000000 ) ) ;
#3101 = CARTESIAN_POINT ( 'NONE',  ( 26.76823736668651676, -13.54721519906396665, 14.80282511581098071 ) ) ;
#3102 = DIRECTION ( 'NONE',  ( 0.000000000000000000, 0.000000000000000000, -1.000000000000000000 ) ) ;
#3103 = EDGE_CURVE ( 'NONE', #2843, #2299, #3483, .T. ) ;
#3104 = EDGE_CURVE ( 'NONE', #3724, #3793, #514, .T. ) ;
#3105 = DIRECTION ( 'NONE',  ( 1.000000000000000000, -0.000000000000000000, -0.000000000000000000 ) ) ;
#3106 = ORIENTED_EDGE ( 'NONE', *, *, #4942, .F. ) ;
#3107 = ORIENTED_EDGE ( 'NONE', *, *, #697, .T. ) ;
#3108 = FACE_OUTER_BOUND ( 'NONE', #1924, .T. ) ;
#3109 = EDGE_LOOP ( 'NONE', ( #320, #544, #170 ) ) ;
#3110 = B_SPLINE_CURVE_WITH_KNOTS ( 'NONE', 3,
 ( #4090, #672, #5444, #5386, #1060, #4484, #2400, #4115, #1117, #4057, #2853, #251 ),
 .UNSPECIFIED., .F., .F.,
 ( 4, 2, 2, 2, 2, 4 ),
 ( 0.000000000000000000, 0.002122909815666589040, 0.004245819631333178079, 0.006368729446999766251, 0.007430184354833065108, 0.008491639262666364832 ),
 .UNSPECIFIED. ) ;
#3111 = CARTESIAN_POINT ( 'NONE',  ( 32.00000000000000000, -1.986099686646560856E-13, -4.049999999999727152 ) ) ;
#3112 = CARTESIAN_POINT ( 'NONE',  ( 24.83506915225726175, 14.98111279469675239, -0.0001881311488663445089 ) ) ;
#3113 = ORIENTED_EDGE ( 'NONE', *, *, #2690, .F. ) ;
#3114 = CARTESIAN_POINT ( 'NONE',  ( 26.14999999999999858, -1.405126015541213746E-13, -0.9999999999997736255 ) ) ;
#3115 = AXIS2_PLACEMENT_3D ( 'NONE', #2743, #4489, #179 ) ;
#3116 = CARTESIAN_POINT ( 'NONE',  ( 31.00000000000000000, 0.000000000000000000, 5.000000000000000000 ) ) ;
#3117 = CARTESIAN_POINT ( 'NONE',  ( 27.73467727182505982, 12.78116404673078854, 10.23356687170460511 ) ) ;
#3118 = CARTESIAN_POINT ( 'NONE',  ( -4.999999999999999112, 30.00000000000000000, 1.899999999999999245 ) ) ;
#3120 = AXIS2_PLACEMENT_3D ( 'NONE', #1584, #2488, #2437 ) ;
#3119 = CARTESIAN_POINT ( 'NONE',  ( 25.68830209145082222, -15.49558368575893219, 9.996534882536803224 ) ) ;
#3121 = CARTESIAN_POINT ( 'NONE',  ( 31.74204273713045765, -9.459623026596812423, -1.317301026691831245 ) ) ;
#3122 = VERTEX_POINT ( 'NONE', #903 ) ;
#3123 = ORIENTED_EDGE ( 'NONE', *, *, #1937, .F. ) ;
#3124 = CARTESIAN_POINT ( 'NONE',  ( 27.41327125352774630, -13.22672762857155249, 9.366140287457591640 ) ) ;
#3125 = DIRECTION ( 'NONE',  ( 1.000000000000000000, -0.000000000000000000, -0.000000000000000000 ) ) ;
#3126 = DIRECTION ( 'NONE',  ( 1.000000000000000000, -0.000000000000000000, -0.000000000000000000 ) ) ;
#3127 = ADVANCED_FACE ( 'NONE', ( #873 ), #2870, .T. ) ;
#3128 = LINE ( 'NONE', #5264, #3622 ) ;
#3129 = EDGE_LOOP ( 'NONE', ( #5185, #3760, #1397, #4185 ) ) ;
#3130 = VERTEX_POINT ( 'NONE', #3233 ) ;
#3131 = CARTESIAN_POINT ( 'NONE',  ( 26.14999999999999858, 8.000000000000000000, 5.000000000000000000 ) ) ;
#3132 = VERTEX_POINT ( 'NONE', #4543 ) ;
#3133 = EDGE_CURVE ( 'NONE', #4627, #172, #3648, .T. ) ;
#3134 = AXIS2_PLACEMENT_3D ( 'NONE', #176, #535, #2257 ) ;
#3135 = CIRCLE ( 'NONE', #1408, 2.000000000000000888 ) ;
#3136 = DIRECTION ( 'NONE',  ( -1.000000000000000000, -0.000000000000000000, -0.000000000000000000 ) ) ;
#3137 = CARTESIAN_POINT ( 'NONE',  ( -5.510910596163088767E-15, -30.00000000000000000, 0.9999999999999991118 ) ) ;
#3138 = EDGE_LOOP ( 'NONE', ( #3794, #4520, #435, #3263 ) ) ;
#3139 = CARTESIAN_POINT ( 'NONE',  ( -9.585786437626905965, -29.58578643762690064, 3.244476573706588632E-16 ) ) ;
#3140 = VECTOR ( 'NONE', #1504, 1000.000000000000000 ) ;
#3141 = LINE ( 'NONE', #1092, #3967 ) ;
#3142 = B_SPLINE_CURVE_WITH_KNOTS ( 'NONE', 3,
 ( #3519, #912, #2613, #5206, #1337, #5235, #2640, #3930, #4751, #4355 ),
 .UNSPECIFIED., .F., .F.,
 ( 4, 2, 2, 2, 4 ),
 ( 0.000000000000000000, 0.0007211743381108155944, 0.001081761507166221874, 0.001262055091693924580, 0.001442348676221627286 ),
 .UNSPECIFIED. ) ;
#3143 = VECTOR ( 'NONE', #3434, 1000.000000000000000 ) ;
#3144 = CARTESIAN_POINT ( 'NONE',  ( 22.00000000000000000, -7.150532155906233811, 5.617174514907571137 ) ) ;
#3145 = CARTESIAN_POINT ( 'NONE',  ( 29.69000667247718184, 10.43242222436062683, 11.12818430980497020 ) ) ;
#3146 = DIRECTION ( 'NONE',  ( 0.000000000000000000, 0.000000000000000000, -1.000000000000000000 ) ) ;
#3147 = DIRECTION ( 'NONE',  ( 1.000000000000000000, -0.000000000000000000, -0.000000000000000000 ) ) ;
#3148 = ORIENTED_EDGE ( 'NONE', *, *, #566, .F. ) ;
#3149 = VECTOR ( 'NONE', #4275, 1000.000000000000000 ) ;
#3150 = EDGE_CURVE ( 'NONE', #5048, #2732, #1821, .T. ) ;
#3151 = ORIENTED_EDGE ( 'NONE', *, *, #5464, .T. ) ;
#3152 = CARTESIAN_POINT ( 'NONE',  ( 25.71573116485256705, 15.44995697913202726, 0.9993773847964306789 ) ) ;
#3153 = CARTESIAN_POINT ( 'NONE',  ( 32.00000000007148060, 9.623131277257712668, 10.85325821477984576 ) ) ;
#3154 = CARTESIAN_POINT ( 'NONE',  ( 32.00000000000000000, -0.9986093421096409184, 13.07446784409389906 ) ) ;
#3155 = CYLINDRICAL_SURFACE ( 'NONE', #725, 1.050000000000000488 ) ;
#3156 = CARTESIAN_POINT ( 'NONE',  ( 22.00000000000000000, -7.999999999999928946, 5.000000000000472511 ) ) ;
#3157 = CARTESIAN_POINT ( 'NONE',  ( 30.50454979865427418, -9.827105656559718128, -1.470289224320211474 ) ) ;
#3158 = VERTEX_POINT ( 'NONE', #131 ) ;
#3159 = EDGE_CURVE ( 'NONE', #3245, #3633, #582, .T. ) ;
#3160 = EDGE_LOOP ( 'NONE', ( #2069, #3679, #1196, #3825 ) ) ;
#3161 = CARTESIAN_POINT ( 'NONE',  ( 22.00000000000000000, -7.150532155906233811, 5.367174514907572913 ) ) ;
#3162 = EDGE_LOOP ( 'NONE', ( #4814, #3741, #5000, #3632, #4762, #3578, #3054, #3247, #1789, #2106, #1824, #1985, #1592, #3363, #1630, #1704, #5374, #1670, #4883, #2523, #2658 ) ) ;
#3163 = AXIS2_PLACEMENT_3D ( 'NONE', #1826, #204, #4033 ) ;
#3164 = VECTOR ( 'NONE', #1290, 1000.000000000000000 ) ;
#3165 = EDGE_CURVE ( 'NONE', #1795, #1778, #211, .T. ) ;
#3166 = AXIS2_PLACEMENT_3D ( 'NONE', #114, #3550, #5263 ) ;
#3167 = DIRECTION ( 'NONE',  ( 0.000000000000000000, 0.000000000000000000, -1.000000000000000000 ) ) ;
#3168 = CARTESIAN_POINT ( 'NONE',  ( 25.69145084716772587, 15.49037043290564242, 0.9997930556712146810 ) ) ;
#3169 = EDGE_CURVE ( 'NONE', #3975, #3391, #2189, .T. ) ;
#3170 = VERTEX_POINT ( 'NONE', #1038 ) ;
#3171 = CARTESIAN_POINT ( 'NONE',  ( 26.14999999999999858, -7.028708731544392130, 5.398864979438423362 ) ) ;
#3172 = CARTESIAN_POINT ( 'NONE',  ( 26.14999999999999858, 0.2482221364525674934, 14.02023809523829634 ) ) ;
#3173 = AXIS2_PLACEMENT_3D ( 'NONE', #5144, #2123, #2980 ) ;
#3174 = CIRCLE ( 'NONE', #1713, 2.000000000000000000 ) ;
#3175 = CARTESIAN_POINT ( 'NONE',  ( 23.99471234278998821, -7.018112389117884931, 5.373061423330452335 ) ) ;
#3176 = CARTESIAN_POINT ( 'NONE',  ( 23.99160798210721524, 7.028708731544464960, 4.601135020562050926 ) ) ;
#3177 = DIRECTION ( 'NONE',  ( 1.000000000000000000, -0.000000000000000000, -0.000000000000000000 ) ) ;
#3178 = AXIS2_PLACEMENT_3D ( 'NONE', #630, #3522, #167 ) ;
#3179 = AXIS2_PLACEMENT_3D ( 'NONE', #5226, #2634, #3146 ) ;
#3180 = LINE ( 'NONE', #989, #4566 ) ;
#3181 = VERTEX_POINT ( 'NONE', #2292 ) ;
#3182 = CARTESIAN_POINT ( 'NONE',  ( 27.24803092624025780, 12.27133189585078199, -0.3825253997479981516 ) ) ;
#3183 = CARTESIAN_POINT ( 'NONE',  ( 26.99558847870174816, 13.08830676816545058, -5.614011658606370858 ) ) ;
#3184 = PLANE ( 'NONE',  #2229 ) ;
#3185 = CYLINDRICAL_SURFACE ( 'NONE', #3867, 0.2499999999999985012 ) ;
#3186 = EDGE_CURVE ( 'NONE', #4272, #1238, #1115, .T. ) ;
#3187 = LINE ( 'NONE', #3968, #2274 ) ;
#3188 = CARTESIAN_POINT ( 'NONE',  ( 22.00000000000000000, -7.999999999999928946, 5.000000000000472511 ) ) ;
#3189 = ORIENTED_EDGE ( 'NONE', *, *, #1804, .T. ) ;
#3190 = ORIENTED_EDGE ( 'NONE', *, *, #1737, .F. ) ;
#3191 = CYLINDRICAL_SURFACE ( 'NONE', #4923, 0.2500000000000002220 ) ;
#3192 = ORIENTED_EDGE ( 'NONE', *, *, #3304, .T. ) ;
#3193 = CARTESIAN_POINT ( 'NONE',  ( -4.999999999999999112, -25.00000000000000000, 4.999999999999999112 ) ) ;
#3194 = CIRCLE ( 'NONE', #2286, 10.25000000000000178 ) ;
#3195 = B_SPLINE_CURVE_WITH_KNOTS ( 'NONE', 3,
 ( #2266, #3987, #132, #1828, #3145, #849, #2580, #430, #2148, #3035, #5424, #2770 ),
 .UNSPECIFIED., .F., .F.,
 ( 4, 2, 2, 2, 2, 4 ),
 ( 0.002054905502306683326, 0.003149494973536981143, 0.004244084444767278960, 0.006433263387227868522, 0.008622442329688459819, 0.01081162127214905025 ),
 .UNSPECIFIED. ) ;
#3196 = DIRECTION ( 'NONE',  ( 1.000000000000000000, -0.000000000000000000, -0.000000000000000000 ) ) ;
#3197 = DIRECTION ( 'NONE',  ( 0.000000000000000000, 0.000000000000000000, -1.000000000000000000 ) ) ;
#3198 = VERTEX_POINT ( 'NONE', #1853 ) ;
#3199 = CYLINDRICAL_SURFACE ( 'NONE', #3228, 0.2499999999999985012 ) ;
#3200 = ORIENTED_EDGE ( 'NONE', *, *, #3905, .T. ) ;
#3201 = CYLINDRICAL_SURFACE ( 'NONE', #1792, 1.049999999999998934 ) ;
#3202 = ADVANCED_FACE ( 'NONE', ( #1827 ), #3562, .T. ) ;
#3203 = ADVANCED_FACE ( 'NONE', ( #4879 ), #4034, .T. ) ;
#3204 = CARTESIAN_POINT ( 'NONE',  ( 24.00000000000000000, -7.000000000000007994, 5.320156211872366647 ) ) ;
#3205 = FACE_OUTER_BOUND ( 'NONE', #2371, .T. ) ;
#3206 = CARTESIAN_POINT ( 'NONE',  ( 22.00000000000000000, 8.000000000000000000, 5.000000000000000000 ) ) ;
#3207 = EDGE_CURVE ( 'NONE', #4774, #4802, #2555, .T. ) ;
#3208 = CARTESIAN_POINT ( 'NONE',  ( 25.58136602702081319, -15.67360146999221371, 7.686006266522694474 ) ) ;
#3209 = EDGE_LOOP ( 'NONE', ( #1280, #1378, #3553, #5159 ) ) ;
#3210 = CARTESIAN_POINT ( 'NONE',  ( 28.40475010390319710, 10.11526761016500586, -3.111086205100526580 ) ) ;
#3211 = LINE ( 'NONE', #2780, #4480 ) ;
#3212 = CARTESIAN_POINT ( 'NONE',  ( 23.33857411026886197, 8.961856783135891291, 4.758777799473669745 ) ) ;
#3213 = DIRECTION ( 'NONE',  ( 0.000000000000000000, 0.000000000000000000, -1.000000000000000000 ) ) ;
#3214 = AXIS2_PLACEMENT_3D ( 'NONE', #1294, #3958, #1803 ) ;
#3215 = CARTESIAN_POINT ( 'NONE',  ( 23.76836475586370412, 7.754482099087798730, 3.949999999999999734 ) ) ;
#3216 = EDGE_LOOP ( 'NONE', ( #1779, #887, #3749, #2625 ) ) ;
#3217 = ORIENTED_EDGE ( 'NONE', *, *, #5388, .F. ) ;
#3218 = CARTESIAN_POINT ( 'NONE',  ( 32.00000000000000000, -8.324467844093623725, 4.001390657890562252 ) ) ;
#3219 = VERTEX_POINT ( 'NONE', #3588 ) ;
#3220 = DIRECTION ( 'NONE',  ( 0.000000000000000000, 1.000000000000000000, 0.000000000000000000 ) ) ;
#3221 = CARTESIAN_POINT ( 'NONE',  ( 0.000000000000000000, 0.000000000000000000, 10.00000000000000000 ) ) ;
#3222 = DIRECTION ( 'NONE',  ( -1.000000000000000000, 0.000000000000000000, 0.000000000000000000 ) ) ;
#3223 = ORIENTED_EDGE ( 'NONE', *, *, #4050, .F. ) ;
#3224 = DIRECTION ( 'NONE',  ( -1.000000000000000000, 0.000000000000000000, 0.000000000000000000 ) ) ;
#3225 = ORIENTED_EDGE ( 'NONE', *, *, #1148, .T. ) ;
#3226 = ADVANCED_FACE ( 'NONE', ( #651 ), #1441, .T. ) ;
#3227 = DIRECTION ( 'NONE',  ( -1.000000000000000000, -0.000000000000000000, -0.000000000000000000 ) ) ;
#3228 = AXIS2_PLACEMENT_3D ( 'NONE', #2762, #4985, #2826 ) ;
#3229 = AXIS2_PLACEMENT_3D ( 'NONE', #338, #4310, #2166 ) ;
#3230 = DIRECTION ( 'NONE',  ( 0.000000000000000000, 0.000000000000000000, -1.000000000000000000 ) ) ;
#3231 = TOROIDAL_SURFACE ( 'NONE', #5200, 10.25000000000000178, 1.000000000000000000 ) ;
#3232 = AXIS2_PLACEMENT_3D ( 'NONE', #238, #3266, #4972 ) ;
#3233 = CARTESIAN_POINT ( 'NONE',  ( 26.14999999999999858, -7.999999999999928946, 3.950000000000472244 ) ) ;
#3234 = DIRECTION ( 'NONE',  ( -1.000000000000000000, 0.000000000000000000, 0.000000000000000000 ) ) ;
#3235 = ADVANCED_FACE ( 'NONE', ( #1066 ), #4516, .T. ) ;
#3236 = CARTESIAN_POINT ( 'NONE',  ( 32.00000000000000000, -8.079197629375563849, 3.952991052807908634 ) ) ;
#3237 = ORIENTED_EDGE ( 'NONE', *, *, #3448, .F. ) ;
#3238 = EDGE_CURVE ( 'NONE', #1133, #5098, #1313, .T. ) ;
#3239 = CARTESIAN_POINT ( 'NONE',  ( 22.00000000000000000, 0.6171745149068980085, -2.150532155906033083 ) ) ;
#3240 = CARTESIAN_POINT ( 'NONE',  ( 28.09359731123537429, 11.14506071315083346, -0.8838777006005157366 ) ) ;
#3241 = DIRECTION ( 'NONE',  ( 1.000000000000000000, 0.000000000000000000, 0.000000000000000000 ) ) ;
#3242 = CARTESIAN_POINT ( 'NONE',  ( -4.999999999999999112, 30.00000000000000000, 8.099999999999999645 ) ) ;
#3243 = DIRECTION ( 'NONE',  ( 1.000000000000000000, -0.000000000000000000, -0.000000000000000000 ) ) ;
#3244 = ORIENTED_EDGE ( 'NONE', *, *, #1528, .F. ) ;
#3245 = VERTEX_POINT ( 'NONE', #3315 ) ;
#3246 = CYLINDRICAL_SURFACE ( 'NONE', #1226, 9.999999999999998224 ) ;
#3247 = ORIENTED_EDGE ( 'NONE', *, *, #1273, .T. ) ;
#3248 = CARTESIAN_POINT ( 'NONE',  ( 26.02802840874981527, -14.89552278559242282, 0.02919893502064199731 ) ) ;
#3249 = AXIS2_PLACEMENT_3D ( 'NONE', #3042, #881, #1781 ) ;
#3250 = CARTESIAN_POINT ( 'NONE',  ( 24.00000000000000000, -7.324667540100429974, 9.430201039479154446 ) ) ;
#3251 = ORIENTED_EDGE ( 'NONE', *, *, #5439, .F. ) ;
#3252 = DIRECTION ( 'NONE',  ( 1.000000000000000000, -0.000000000000000000, -0.000000000000000000 ) ) ;
#3253 = ORIENTED_EDGE ( 'NONE', *, *, #4568, .T. ) ;
#3254 = CARTESIAN_POINT ( 'NONE',  ( 22.00000000000000000, -9.049999999999929656, 5.000000000000472511 ) ) ;
#3255 = AXIS2_PLACEMENT_3D ( 'NONE', #648, #1879, #2740 ) ;
#3256 = DIRECTION ( 'NONE',  ( 1.000000000000000000, -0.000000000000000000, -0.000000000000000000 ) ) ;
#3257 = DIRECTION ( 'NONE',  ( 1.000000000000000000, -0.000000000000000000, -0.000000000000000000 ) ) ;
#3258 = CARTESIAN_POINT ( 'NONE',  ( 23.88394681246289508, 7.386375596348625727, 4.485482644308993017 ) ) ;
#3260 = EDGE_CURVE ( 'NONE', #1993, #701, #3194, .T. ) ;
#3259 = AXIS2_PLACEMENT_3D ( 'NONE', #3764, #5117, #1236 ) ;
#3261 = AXIS2_PLACEMENT_3D ( 'NONE', #191, #605, #1481 ) ;
#3262 = CARTESIAN_POINT ( 'NONE',  ( 26.14999999999999858, 7.320511353742844562, 5.800496832977882100 ) ) ;
#3263 = ORIENTED_EDGE ( 'NONE', *, *, #4912, .F. ) ;
#3264 = CARTESIAN_POINT ( 'NONE',  ( 24.00000000000000000, 0.000000000000000000, 5.000000000000000000 ) ) ;
#3265 = CARTESIAN_POINT ( 'NONE',  ( 32.00000000000767386, 9.469062246644027070, -1.080738080792095657 ) ) ;
#3266 = DIRECTION ( 'NONE',  ( 1.000000000000000000, 0.000000000000000000, 0.000000000000000000 ) ) ;
#3267 = DIRECTION ( 'NONE',  ( -0.000000000000000000, -1.000000000000000000, -0.000000000000000000 ) ) ;
#3268 = CIRCLE ( 'NONE', #1627, 1.050000000000000488 ) ;
#3269 = APPLICATION_PROTOCOL_DEFINITION ( 'draft international standard', 'automotive_design', 1998, #2402 ) ;
#3270 = VECTOR ( 'NONE', #3324, 1000.000000000000000 ) ;
#3271 = DIRECTION ( 'NONE',  ( 1.000000000000000000, -0.000000000000000000, -0.000000000000000000 ) ) ;
#3272 = VERTEX_POINT ( 'NONE', #2885 ) ;
#3273 = B_SPLINE_CURVE_WITH_KNOTS ( 'NONE', 3,
 ( #2156, #753, #5512, #2988 ),
 .UNSPECIFIED., .F., .F.,
 ( 4, 4 ),
 ( 1.734723475976807094E-18, 0.0001277395478454535231 ),
 .UNSPECIFIED. ) ;
#3274 = ORIENTED_EDGE ( 'NONE', *, *, #2259, .F. ) ;
#3275 = CARTESIAN_POINT ( 'NONE',  ( 25.71573116485256350, -15.44995697913202726, 9.000622615203583976 ) ) ;
#3276 = EDGE_LOOP ( 'NONE', ( #4767, #928 ) ) ;
#3277 = CIRCLE ( 'NONE', #1556, 1.049999999999999822 ) ;
#3278 = CARTESIAN_POINT ( 'NONE',  ( 25.71444945113151448, -13.78445227988500399, -0.06675914138655848762 ) ) ;
#3279 = EDGE_CURVE ( 'NONE', #4396, #2153, #1561, .T. ) ;
#3280 = ADVANCED_FACE ( 'NONE', ( #3371 ), #4598, .F. ) ;
#3281 = CARTESIAN_POINT ( 'NONE',  ( 24.00000000000000355, -8.901701395976500564, 9.920642769730408261 ) ) ;
#3282 = DIRECTION ( 'NONE',  ( 0.000000000000000000, 1.652117596168385587E-15, 1.000000000000000000 ) ) ;
#3283 = ORIENTED_EDGE ( 'NONE', *, *, #3476, .F. ) ;
#3284 = CARTESIAN_POINT ( 'NONE',  ( 0.000000000000000000, -25.00000000000000000, 9.000000000000001776 ) ) ;
#3285 = EDGE_LOOP ( 'NONE', ( #3556, #4472, #1116, #3019, #5325, #4945 ) ) ;
#3286 = AXIS2_PLACEMENT_3D ( 'NONE', #5278, #5393, #1529 ) ;
#3287 = CARTESIAN_POINT ( 'NONE',  ( 31.99999999999919709, -11.19591203902685450, 3.862190614884521533 ) ) ;
#3288 = FACE_OUTER_BOUND ( 'NONE', #1419, .T. ) ;
#3289 = ORIENTED_EDGE ( 'NONE', *, *, #1179, .F. ) ;
#3290 = DIRECTION ( 'NONE',  ( 1.000000000000000000, 0.000000000000000000, 0.000000000000000000 ) ) ;
#3291 = CARTESIAN_POINT ( 'NONE',  ( 23.35992072533898067, -8.905952685117028977, 5.213042560872083619 ) ) ;
#3292 = EDGE_LOOP ( 'NONE', ( #3328, #221, #1644, #2392 ) ) ;
#3293 = PLANE ( 'NONE',  #785 ) ;
#3294 = CARTESIAN_POINT ( 'NONE',  ( 26.65712083516230990, 13.76403226767927102, -4.376918744629833213 ) ) ;
#3295 = ADVANCED_FACE ( 'NONE', ( #2860 ), #1180, .T. ) ;
#3296 = CARTESIAN_POINT ( 'NONE',  ( 22.00000000000000000, 0.8004968329781555481, 12.32051135374304529 ) ) ;
#3297 = DIRECTION ( 'NONE',  ( 0.000000000000000000, 0.000000000000000000, -1.000000000000000000 ) ) ;
#3298 = DIRECTION ( 'NONE',  ( -1.000000000000000000, -0.000000000000000000, -0.000000000000000000 ) ) ;
#3299 = ORIENTED_EDGE ( 'NONE', *, *, #2207, .F. ) ;
#3300 = VERTEX_POINT ( 'NONE', #4173 ) ;
#3301 = DIRECTION ( 'NONE',  ( 0.000000000000000000, 0.000000000000000000, -1.000000000000000000 ) ) ;
#3302 = ORIENTED_EDGE ( 'NONE', *, *, #4190, .F. ) ;
#3303 = CARTESIAN_POINT ( 'NONE',  ( 24.00000000000000000, 8.000000000000000000, 5.000000000000000000 ) ) ;
#3304 = EDGE_CURVE ( 'NONE', #4716, #2016, #4085, .T. ) ;
#3305 = CARTESIAN_POINT ( 'NONE',  ( 26.14999999999999858, 0.3988649794382214675, 12.02870873154466480 ) ) ;
#3306 = LINE ( 'NONE', #2760, #956 ) ;
#3307 = AXIS2_PLACEMENT_3D ( 'NONE', #2351, #4066, #4903 ) ;
#3308 = CARTESIAN_POINT ( 'NONE',  ( 32.00000000000000000, -2.002642472099355980E-13, -2.999999999999725109 ) ) ;
#3309 = VERTEX_POINT ( 'NONE', #1558 ) ;
#3310 = EDGE_CURVE ( 'NONE', #2024, #714, #4348, .T. ) ;
#3311 = EDGE_CURVE ( 'NONE', #2016, #5515, #4122, .T. ) ;
#3312 = CARTESIAN_POINT ( 'NONE',  ( 25.59821252629490829, -15.64410712223951450, 2.344727970774326486 ) ) ;
#3313 = LINE ( 'NONE', #5391, #112 ) ;
#3314 = EDGE_CURVE ( 'NONE', #2958, #2163, #5475, .T. ) ;
#3315 = CARTESIAN_POINT ( 'NONE',  ( 24.00000000000000000, -7.000000000000007994, 5.320156211872366647 ) ) ;
#3316 = CARTESIAN_POINT ( 'NONE',  ( 24.00000000000000000, -7.150532155906233811, 5.617174514907571137 ) ) ;
#3317 = ADVANCED_BREP_SHAPE_REPRESENTATION ( '\X2\73af5f6265cb8f6c\X0\', ( #218, #2449 ), #5150 ) ;
#3318 = CIRCLE ( 'NONE', #2862, 0.2500000000000002220 ) ;
#3319 = CIRCLE ( 'NONE', #3229, 10.00000000000000000 ) ;
#3320 = CIRCLE ( 'NONE', #5109, 11.25000000000000178 ) ;
#3321 = VERTEX_POINT ( 'NONE', #5497 ) ;
#3322 = LINE ( 'NONE', #1583, #1948 ) ;
#3323 = CARTESIAN_POINT ( 'NONE',  ( 24.00000000000000000, -7.000000000000007994, 9.000000000000001776 ) ) ;
#3324 = DIRECTION ( 'NONE',  ( 1.000000000000000000, -0.000000000000000000, -0.000000000000000000 ) ) ;
#3325 = CARTESIAN_POINT ( 'NONE',  ( 0.000000000000000000, 25.00000000000000000, 0.000000000000000000 ) ) ;
#3326 = ORIENTED_EDGE ( 'NONE', *, *, #5331, .F. ) ;
#3327 = DIRECTION ( 'NONE',  ( 0.000000000000000000, 0.000000000000000000, -1.000000000000000000 ) ) ;
#3328 = ORIENTED_EDGE ( 'NONE', *, *, #3165, .F. ) ;
#3329 = ORIENTED_EDGE ( 'NONE', *, *, #5009, .F. ) ;
#3330 = CARTESIAN_POINT ( 'NONE',  ( 22.00000000000000000, 8.551344190098960851, 4.106400769895071079 ) ) ;
#3331 = CARTESIAN_POINT ( 'NONE',  ( 23.99160798210721524, 7.028708731544464960, 5.398864979437949962 ) ) ;
#3332 = CARTESIAN_POINT ( 'NONE',  ( 31.61362864888314661, -9.402301859442305343, -1.528305277676023755 ) ) ;
#3333 = CARTESIAN_POINT ( 'NONE',  ( 0.000000000000000000, 0.000000000000000000, 9.000000000000001776 ) ) ;
#3334 = EDGE_LOOP ( 'NONE', ( #5165, #4425, #2092, #4962 ) ) ;
#3335 = B_SPLINE_CURVE_WITH_KNOTS ( 'NONE', 3,
 ( #74, #5279, #5197, #4401, #3510, #5224 ),
 .UNSPECIFIED., .F., .F.,
 ( 4, 2, 4 ),
 ( -7.903415490536450184E-06, 0.0003163839923218615051, 0.0006406714001342690267 ),
 .UNSPECIFIED. ) ;
#3336 = ORIENTED_EDGE ( 'NONE', *, *, #3314, .F. ) ;
#3337 = FACE_OUTER_BOUND ( 'NONE', #5536, .T. ) ;
#3338 = ORIENTED_EDGE ( 'NONE', *, *, #4653, .T. ) ;
#3339 = CARTESIAN_POINT ( 'NONE',  ( 31.99999999996423838, -11.03505484702433037, 2.739280660172949133 ) ) ;
#3340 = EDGE_CURVE ( 'NONE', #5508, #3962, #4857, .T. ) ;
#3341 = ADVANCED_FACE ( 'NONE', ( #1229 ), #4230, .T. ) ;
#3342 = CARTESIAN_POINT ( 'NONE',  ( 22.00000000000000000, 7.028708731544464960, 4.601135020562050926 ) ) ;
#3343 = DIRECTION ( 'NONE',  ( 1.000000000000000000, 0.000000000000000000, 0.000000000000000000 ) ) ;
#3344 = DIRECTION ( 'NONE',  ( 0.000000000000000000, 0.000000000000000000, 1.000000000000000000 ) ) ;
#3345 = EDGE_CURVE ( 'NONE', #1601, #979, #3067, .T. ) ;
#3346 = ORIENTED_EDGE ( 'NONE', *, *, #3051, .F. ) ;
#3347 = CARTESIAN_POINT ( 'NONE',  ( 25.69145111809021031, -15.49036998196783088, 0.9997930510980528318 ) ) ;
#3348 = CYLINDRICAL_SURFACE ( 'NONE', #3747, 10.00000000000000000 ) ;
#3349 = CARTESIAN_POINT ( 'NONE',  ( 26.14999999999999858, -7.999999999999928946, 5.000000000000472511 ) ) ;
#3350 = FACE_OUTER_BOUND ( 'NONE', #4056, .T. ) ;
#3351 = VECTOR ( 'NONE', #1479, 1000.000000000000000 ) ;
#3352 = AXIS2_PLACEMENT_3D ( 'NONE', #4754, #885, #917 ) ;
#3353 = ORIENTED_EDGE ( 'NONE', *, *, #1662, .F. ) ;
#3354 = DIRECTION ( 'NONE',  ( 0.000000000000000000, 0.000000000000000000, 1.000000000000000000 ) ) ;
#3355 = EDGE_LOOP ( 'NONE', ( #2030, #2859, #3819, #4969 ) ) ;
#3356 = ORIENTED_EDGE ( 'NONE', *, *, #1437, .F. ) ;
#3357 = VECTOR ( 'NONE', #441, 1000.000000000000000 ) ;
#3358 = CARTESIAN_POINT ( 'NONE',  ( 22.00000000000000000, -8.324467844093623725, 5.748609342110383658 ) ) ;
#3359 = ORIENTED_EDGE ( 'NONE', *, *, #1719, .T. ) ;
#3360 = CARTESIAN_POINT ( 'NONE',  ( 26.14999999999999858, -8.000000000000000000, 7.000000000000396128 ) ) ;
#3361 = AXIS2_PLACEMENT_3D ( 'NONE', #3531, #1379, #3167 ) ;
#3362 = DIRECTION ( 'NONE',  ( 0.000000000000000000, 0.000000000000000000, 1.000000000000000000 ) ) ;
#3363 = ORIENTED_EDGE ( 'NONE', *, *, #48, .F. ) ;
#3364 = ORIENTED_EDGE ( 'NONE', *, *, #5249, .T. ) ;
#3365 = CARTESIAN_POINT ( 'NONE',  ( 26.14999999999999858, -7.999999999999928946, 5.000000000000472511 ) ) ;
#3366 = VERTEX_POINT ( 'NONE', #5078 ) ;
#3367 = CARTESIAN_POINT ( 'NONE',  ( 22.00000000000000000, 0.3988649794382210789, 12.02870873154466658 ) ) ;
#3368 = EDGE_CURVE ( 'NONE', #1949, #4131, #1160, .T. ) ;
#3369 = CARTESIAN_POINT ( 'NONE',  ( 24.00000000000000000, 7.000000000000007994, 6.732050807568882078 ) ) ;
#3370 = CARTESIAN_POINT ( 'NONE',  ( 24.00000000000000000, -15.05199322349037239, 0.000000000000000000 ) ) ;
#3371 = FACE_OUTER_BOUND ( 'NONE', #1182, .T. ) ;
#3372 = LINE ( 'NONE', #792, #4541 ) ;
#3373 = EDGE_CURVE ( 'NONE', #490, #2958, #769, .T. ) ;
#3374 = AXIS2_PLACEMENT_3D ( 'NONE', #1470, #2350, #2718 ) ;
#3375 = ORIENTED_EDGE ( 'NONE', *, *, #3501, .T. ) ;
#3376 = LINE ( 'NONE', #2552, #959 ) ;
#3377 = CARTESIAN_POINT ( 'NONE',  ( 22.00000000000000000, 7.028708731544464960, 4.601135020562050926 ) ) ;
#3378 = EDGE_CURVE ( 'NONE', #827, #2550, #2942, .T. ) ;
#3379 = FACE_OUTER_BOUND ( 'NONE', #3138, .T. ) ;
#3380 = DIRECTION ( 'NONE',  ( 1.000000000000000000, 0.000000000000000000, 0.000000000000000000 ) ) ;
#3381 = DIRECTION ( 'NONE',  ( -1.000000000000000000, -0.000000000000000000, -0.000000000000000000 ) ) ;
#3382 = EDGE_LOOP ( 'NONE', ( #2411, #3999, #1105, #272, #2651, #4758, #3855 ) ) ;
#3383 = ORIENTED_EDGE ( 'NONE', *, *, #1865, .F. ) ;
#3384 = CARTESIAN_POINT ( 'NONE',  ( 25.71573116485256705, 15.44995697913202726, 0.9993773847964306789 ) ) ;
#3385 = ORIENTED_EDGE ( 'NONE', *, *, #366, .T. ) ;
#3386 = CARTESIAN_POINT ( 'NONE',  ( 24.00000000000000000, 15.05199322349037239, -9.999999999999998224 ) ) ;
#3387 = CARTESIAN_POINT ( 'NONE',  ( -9.000000000000001776, 25.00000000000000000, 0.000000000000000000 ) ) ;
#3388 = ORIENTED_EDGE ( 'NONE', *, *, #4807, .F. ) ;
#3389 = ORIENTED_EDGE ( 'NONE', *, *, #5499, .T. ) ;
#3390 = CARTESIAN_POINT ( 'NONE',  ( -10.00000000000000000, 30.00000000000000000, 0.9999999999999991118 ) ) ;
#3391 = VERTEX_POINT ( 'NONE', #1660 ) ;
#3392 = AXIS2_PLACEMENT_3D ( 'NONE', #685, #4101, #237 ) ;
#3393 = CARTESIAN_POINT ( 'NONE',  ( 32.00000000000000000, -0.6171745149068267322, 12.15053215590650559 ) ) ;
#3394 = ORIENTED_EDGE ( 'NONE', *, *, #4455, .F. ) ;
#3395 = CARTESIAN_POINT ( 'NONE',  ( 32.00000000000000000, 0.000000000000000000, 5.000000000000000000 ) ) ;
#3396 = CARTESIAN_POINT ( 'NONE',  ( 32.00000000000000000, 9.020238095238095610, 5.248222136452297626 ) ) ;
#3397 = CARTESIAN_POINT ( 'NONE',  ( 31.00000000000000000, 7.968702294789022034, 12.94117647058823373 ) ) ;
#3398 = ORIENTED_EDGE ( 'NONE', *, *, #428, .F. ) ;
#3399 = DIRECTION ( 'NONE',  ( 1.000000000000000000, -0.000000000000000000, 0.000000000000000000 ) ) ;
#3400 = CARTESIAN_POINT ( 'NONE',  ( 24.00000000000000000, -8.079197629375560297, 6.047008947193036832 ) ) ;
#3401 = CARTESIAN_POINT ( 'NONE',  ( 0.000000000000000000, 0.000000000000000000, 0.9999999999999991118 ) ) ;
#3402 = DIRECTION ( 'NONE',  ( 1.000000000000000000, 0.000000000000000000, 0.000000000000000000 ) ) ;
#3403 = TOROIDAL_SURFACE ( 'NONE', #4744, 26.00000000000000355, 1.000000000000000000 ) ;
#3404 = VECTOR ( 'NONE', #5055, 1000.000000000000000 ) ;
#3405 = EDGE_CURVE ( 'NONE', #2426, #1758, #5360, .T. ) ;
#3406 = ORIENTED_EDGE ( 'NONE', *, *, #197, .F. ) ;
#3407 = LINE ( 'NONE', #4183, #996 ) ;
#3408 = VERTEX_POINT ( 'NONE', #3396 ) ;
#3409 = ORIENTED_EDGE ( 'NONE', *, *, #5082, .T. ) ;
#3410 = CARTESIAN_POINT ( 'NONE',  ( 32.00000000000000711, -9.832929583556625275, 10.47128105771770024 ) ) ;
#3411 = CARTESIAN_POINT ( 'NONE',  ( 23.65848818703609879, -8.079423893758818309, 4.080204685415641741 ) ) ;
#3412 = DIRECTION ( 'NONE',  ( -0.000000000000000000, -0.000000000000000000, -1.000000000000000000 ) ) ;
#3413 = LINE ( 'NONE', #4329, #1086 ) ;
#3414 = EDGE_CURVE ( 'NONE', #4195, #1367, #3780, .T. ) ;
#3415 = DIRECTION ( 'NONE',  ( -0.000000000000000000, -0.000000000000000000, -1.000000000000000000 ) ) ;
#3416 = ORIENTED_EDGE ( 'NONE', *, *, #35, .F. ) ;
#3417 = DIRECTION ( 'NONE',  ( 1.000000000000000000, -0.000000000000000000, -0.000000000000000000 ) ) ;
#3418 = EDGE_LOOP ( 'NONE', ( #1749, #1841, #1707, #1059 ) ) ;
#3419 = CARTESIAN_POINT ( 'NONE',  ( 30.76790521797507694, 9.615815409904563182, -1.602219845169515988 ) ) ;
#3420 = CARTESIAN_POINT ( 'NONE',  ( 24.00000000000000000, -15.05199322349037239, 20.00000000000000000 ) ) ;
#3421 = CYLINDRICAL_SURFACE ( 'NONE', #2616, 0.2500000000000002220 ) ;
#3422 = CARTESIAN_POINT ( 'NONE',  ( -9.585786437626905965, -25.41421356237309581, 10.00000000000000000 ) ) ;
#3423 = ORIENTED_EDGE ( 'NONE', *, *, #2018, .T. ) ;
#3424 = DIRECTION ( 'NONE',  ( 1.000000000000000000, 0.000000000000000000, 0.000000000000000000 ) ) ;
#3425 = DIRECTION ( 'NONE',  ( 1.000000000000000000, -0.000000000000000000, -0.000000000000000000 ) ) ;
#3426 = DIRECTION ( 'NONE',  ( 1.000000000000000000, -0.000000000000000000, -0.000000000000000000 ) ) ;
#3427 = CARTESIAN_POINT ( 'NONE',  ( 24.00000000000000000, 7.000000000000007994, 10.00000000000000000 ) ) ;
#3428 = VECTOR ( 'NONE', #4342, 1000.000000000000000 ) ;
#3429 = EDGE_CURVE ( 'NONE', #4676, #4739, #926, .T. ) ;
#3430 = B_SPLINE_CURVE_WITH_KNOTS ( 'NONE', 3,
 ( #2754, #4914, #3215, #4078 ),
 .UNSPECIFIED., .F., .F.,
 ( 4, 4 ),
 ( 0.000000000000000000, 0.0007669826723582137381 ),
 .UNSPECIFIED. ) ;
#3431 = CARTESIAN_POINT ( 'NONE',  ( 31.99999999999999289, -9.833050188516098800, -0.4710528565281759117 ) ) ;
#3432 = EDGE_LOOP ( 'NONE', ( #5222, #2827, #2584, #1172 ) ) ;
#3433 = VERTEX_POINT ( 'NONE', #2113 ) ;
#3434 = DIRECTION ( 'NONE',  ( 1.000000000000000000, -0.000000000000000000, -0.000000000000000000 ) ) ;
#3435 = CARTESIAN_POINT ( 'NONE',  ( -4.999999999999999112, 25.00000000000000000, 4.999999999999999112 ) ) ;
#3436 = EDGE_CURVE ( 'NONE', #606, #1733, #4319, .T. ) ;
#3437 = AXIS2_PLACEMENT_3D ( 'NONE', #3683, #1920, #3655 ) ;
#3438 = DIRECTION ( 'NONE',  ( 0.000000000000000000, 0.000000000000000000, 1.000000000000000000 ) ) ;
#3439 = AXIS2_PLACEMENT_3D ( 'NONE', #3609, #4894, #1087 ) ;
#3440 = EDGE_CURVE ( 'NONE', #5129, #4610, #5137, .T. ) ;
#3441 = AXIS2_PLACEMENT_3D ( 'NONE', #3815, #1612, #2035 ) ;
#3442 = CIRCLE ( 'NONE', #1363, 0.2500000000000002220 ) ;
#3443 = CARTESIAN_POINT ( 'NONE',  ( 30.41235414192287223, -10.59613786853514483, 10.66336596107857737 ) ) ;
#3444 = ORIENTED_EDGE ( 'NONE', *, *, #5440, .F. ) ;
#3445 = VERTEX_POINT ( 'NONE', #3028 ) ;
#3446 = CARTESIAN_POINT ( 'NONE',  ( 22.00000000000000000, 2.714842239903703103E-13, 13.00000000000019895 ) ) ;
#3447 = VERTEX_POINT ( 'NONE', #396 ) ;
#3448 = EDGE_CURVE ( 'NONE', #4462, #1696, #4771, .T. ) ;
#3449 = EDGE_CURVE ( 'NONE', #4344, #4501, #2798, .T. ) ;
#3450 = CARTESIAN_POINT ( 'NONE',  ( 25.70478220803816782, 13.79684267902431216, -0.06571058100071756891 ) ) ;
#3451 = VERTEX_POINT ( 'NONE', #5551 ) ;
#3452 = CARTESIAN_POINT ( 'NONE',  ( 26.14999999999999858, -8.079197629375563849, 3.952991052807908634 ) ) ;
#3453 = CARTESIAN_POINT ( 'NONE',  ( 26.14999999999999858, 0.6171745149068980085, -2.150532155906033083 ) ) ;
#3454 = LINE ( 'NONE', #2144, #1159 ) ;
#3455 = ORIENTED_EDGE ( 'NONE', *, *, #1016, .F. ) ;
#3456 = CARTESIAN_POINT ( 'NONE',  ( 27.24709013984224626, 12.27214081004807689, 10.38229392664436013 ) ) ;
#3457 = LINE ( 'NONE', #45, #4905 ) ;
#3458 = CARTESIAN_POINT ( 'NONE',  ( 25.69145084716772232, -15.49037043290565663, 9.000206944328791536 ) ) ;
#3459 = CIRCLE ( 'NONE', #2459, 30.00000000000000000 ) ;
#3460 = CARTESIAN_POINT ( 'NONE',  ( 22.00000000000000000, 0.6171745149073675218, 12.15053215590650737 ) ) ;
#3461 = VERTEX_POINT ( 'NONE', #2656 ) ;
#3462 = ADVANCED_FACE ( 'NONE', ( #3056 ), #3421, .T. ) ;
#3463 = ORIENTED_EDGE ( 'NONE', *, *, #5470, .F. ) ;
#3464 = CARTESIAN_POINT ( 'NONE',  ( 30.12247690317761695, -10.12109021683079035, 11.29670986934080013 ) ) ;
#3465 = CARTESIAN_POINT ( 'NONE',  ( 24.00000000000000000, -7.999999999999928946, 5.000000000000472511 ) ) ;
#3466 = CARTESIAN_POINT ( 'NONE',  ( 27.90644977481440492, -11.73147692595461145, 8.767147575761264022 ) ) ;
#3467 = DIRECTION ( 'NONE',  ( 0.000000000000000000, 6.938893903907270187E-15, 1.000000000000000000 ) ) ;
#3468 = CYLINDRICAL_SURFACE ( 'NONE', #5139, 2.000000000000001776 ) ;
#3469 = ORIENTED_EDGE ( 'NONE', *, *, #61, .T. ) ;
#3470 = ADVANCED_FACE ( 'NONE', ( #818 ), #41, .F. ) ;
#3471 = ORIENTED_EDGE ( 'NONE', *, *, #1560, .F. ) ;
#3472 = CARTESIAN_POINT ( 'NONE',  ( 25.71573116485256705, 15.44995697913202726, 0.9993773847964306789 ) ) ;
#3473 = ORIENTED_EDGE ( 'NONE', *, *, #507, .F. ) ;
#3474 = CARTESIAN_POINT ( 'NONE',  ( 25.64260328921920618, 15.57102747257624742, 1.000000000000001776 ) ) ;
#3475 = CARTESIAN_POINT ( 'NONE',  ( 23.66357514965655184, -8.064456199165444872, 5.972305160938759627 ) ) ;
#3476 = EDGE_CURVE ( 'NONE', #4619, #449, #8, .T. ) ;
#3477 = VERTEX_POINT ( 'NONE', #173 ) ;
#3478 = DIRECTION ( 'NONE',  ( 0.8547534429739734874, 0.5190342490858751434, 0.000000000000000000 ) ) ;
#3479 = DIRECTION ( 'NONE',  ( 1.000000000000000000, -0.000000000000000000, -0.000000000000000000 ) ) ;
#3480 = LINE ( 'NONE', #510, #1700 ) ;
#3481 = AXIS2_PLACEMENT_3D ( 'NONE', #5084, #4154, #5023 ) ;
#3482 = VERTEX_POINT ( 'NONE', #1260 ) ;
#3483 = LINE ( 'NONE', #14, #4260 ) ;
#3484 = DIRECTION ( 'NONE',  ( 0.000000000000000000, 0.000000000000000000, -1.000000000000000000 ) ) ;
#3485 = LINE ( 'NONE', #459, #2086 ) ;
#3486 = CARTESIAN_POINT ( 'NONE',  ( 23.61880550692337621, 8.194853047379455191, 4.223196051300950771 ) ) ;
#3487 = VERTEX_POINT ( 'NONE', #4764 ) ;
#3488 = EDGE_LOOP ( 'NONE', ( #678, #5242, #974, #750 ) ) ;
#3489 = CARTESIAN_POINT ( 'NONE',  ( 25.71105991754768993, 15.45773205190787536, 0.004883159926623389761 ) ) ;
#3490 = DIRECTION ( 'NONE',  ( 0.000000000000000000, -9.769962616701375978E-15, 1.000000000000000000 ) ) ;
#3491 = FACE_OUTER_BOUND ( 'NONE', #934, .T. ) ;
#3492 = CARTESIAN_POINT ( 'NONE',  ( 28.45518346585487635, -9.940845844078337379, 13.40093368014039577 ) ) ;
#3493 = CIRCLE ( 'NONE', #422, 0.2500000000000002220 ) ;
#3494 = CARTESIAN_POINT ( 'NONE',  ( 25.71105991754769704, -15.45773205190788069, 0.004883159926584792164 ) ) ;
#3495 = AXIS2_PLACEMENT_3D ( 'NONE', #1445, #3624, #1947 ) ;
#3496 = DIRECTION ( 'NONE',  ( 0.000000000000000000, 0.000000000000000000, -1.000000000000000000 ) ) ;
#3497 = ORIENTED_EDGE ( 'NONE', *, *, #3159, .F. ) ;
#3498 = ORIENTED_EDGE ( 'NONE', *, *, #3024, .F. ) ;
#3499 = CARTESIAN_POINT ( 'NONE',  ( 28.02809103044439709, 12.62478741439604235, 0.4209614087489081946 ) ) ;
#3500 = VERTEX_POINT ( 'NONE', #3001 ) ;
#3501 = EDGE_CURVE ( 'NONE', #1888, #3198, #3695, .T. ) ;
#3502 = CARTESIAN_POINT ( 'NONE',  ( 26.14999999999999858, 0.8004968329781555481, 12.32051135374304529 ) ) ;
#3503 = CARTESIAN_POINT ( 'NONE',  ( 31.58153269725703183, 9.442722495556909124, 11.49703610850628444 ) ) ;
#3504 = CARTESIAN_POINT ( 'NONE',  ( 22.00000000000000000, -0.9986093421096409184, 13.32446784409389906 ) ) ;
#3505 = CARTESIAN_POINT ( 'NONE',  ( 32.00000000000000000, 0.000000000000000000, 5.000000000000000000 ) ) ;
#3506 = CARTESIAN_POINT ( 'NONE',  ( 32.00000000000000000, 7.260373201918885577, -2.235294117647059764 ) ) ;
#3507 = ADVANCED_FACE ( 'NONE', ( #1742 ), #843, .F. ) ;
#3508 = EDGE_LOOP ( 'NONE', ( #3824, #4787, #829, #1734 ) ) ;
#3509 = CARTESIAN_POINT ( 'NONE',  ( 27.26011545229629007, 13.28818371724462111, 10.12851762654599952 ) ) ;
#3510 = CARTESIAN_POINT ( 'NONE',  ( 31.49547480309143666, -9.454704626077562679, 11.56282849386344758 ) ) ;
#3511 = FACE_OUTER_BOUND ( 'NONE', #2502, .T. ) ;
#3512 = B_SPLINE_CURVE_WITH_KNOTS ( 'NONE', 3,
 ( #2343, #1962, #2450, #4507, #1143, #3692 ),
 .UNSPECIFIED., .F., .F.,
 ( 4, 2, 4 ),
 ( 0.000000000000000000, 0.0004170219546709272220, 0.0008340439093418544440 ),
 .UNSPECIFIED. ) ;
#3513 = EDGE_CURVE ( 'NONE', #225, #3777, #4943, .T. ) ;
#3514 = CARTESIAN_POINT ( 'NONE',  ( 31.97341900468594744, -9.721475284177852672, -0.6865135131467717811 ) ) ;
#3515 = ORIENTED_EDGE ( 'NONE', *, *, #2887, .F. ) ;
#3516 = ORIENTED_EDGE ( 'NONE', *, *, #1938, .F. ) ;
#3517 = DIRECTION ( 'NONE',  ( 1.000000000000000000, -0.000000000000000000, -0.000000000000000000 ) ) ;
#3518 = CARTESIAN_POINT ( 'NONE',  ( 29.51584991239493050, -11.34399442518505730, 10.19276790958930334 ) ) ;
#3519 = CARTESIAN_POINT ( 'NONE',  ( 32.00000000000000000, 9.946350224409563623, -0.2566735882483586750 ) ) ;
#3520 = CYLINDRICAL_SURFACE ( 'NONE', #2710, 3.100000000000000089 ) ;
#3521 = CIRCLE ( 'NONE', #2253, 11.25000000000000178 ) ;
#3522 = DIRECTION ( 'NONE',  ( -0.000000000000000000, -0.000000000000000000, -1.000000000000000000 ) ) ;
#3523 = CARTESIAN_POINT ( 'NONE',  ( 27.51347820366568087, -13.12090764405492394, 9.397986415531986992 ) ) ;
#3524 = VERTEX_POINT ( 'NONE', #5167 ) ;
#3525 = AXIS2_PLACEMENT_3D ( 'NONE', #1509, #5371, #5431 ) ;
#3526 = ORIENTED_EDGE ( 'NONE', *, *, #2784, .F. ) ;
#3527 = AXIS2_PLACEMENT_3D ( 'NONE', #1347, #1846, #2623 ) ;
#3528 = FACE_BOUND ( 'NONE', #410, .T. ) ;
#3529 = EDGE_LOOP ( 'NONE', ( #632, #4243, #5465, #288, #2535, #4233, #259, #4198, #1901, #3364, #2845, #4079, #3013, #724 ) ) ;
#3530 = VECTOR ( 'NONE', #4358, 1000.000000000000000 ) ;
#3531 = CARTESIAN_POINT ( 'NONE',  ( 22.00000000000000000, 9.049999999999998934, 5.000000000000000000 ) ) ;
#3532 = ORIENTED_EDGE ( 'NONE', *, *, #2596, .F. ) ;
#3533 = DIRECTION ( 'NONE',  ( 1.000000000000000000, -0.000000000000000000, -0.000000000000000000 ) ) ;
#3534 = EDGE_CURVE ( 'NONE', #3198, #90, #4052, .T. ) ;
#3535 = CARTESIAN_POINT ( 'NONE',  ( 32.00000000000000000, 8.000000000000000000, 5.000000000000000000 ) ) ;
#3536 = CIRCLE ( 'NONE', #4518, 0.2500000000000011102 ) ;
#3537 = EDGE_CURVE ( 'NONE', #3130, #5089, #1320, .T. ) ;
#3538 = VECTOR ( 'NONE', #5337, 1000.000000000000000 ) ;
#3539 = CIRCLE ( 'NONE', #787, 0.2499999999999993616 ) ;
#3540 = VERTEX_POINT ( 'NONE', #483 ) ;
#3541 = ADVANCED_FACE ( 'NONE', ( #2198, #3920, #3662, #4049 ), #2422, .F. ) ;
#3542 = CARTESIAN_POINT ( 'NONE',  ( 28.37933962458394177, 11.36869181531428374, 10.69080345623152439 ) ) ;
#3543 = CARTESIAN_POINT ( 'NONE',  ( 26.14999999999999858, 8.551344190098960851, 4.106400769895071079 ) ) ;
#3544 = CYLINDRICAL_SURFACE ( 'NONE', #558, 0.2500000000000002220 ) ;
#3545 = CARTESIAN_POINT ( 'NONE',  ( 31.67081268300314534, -9.440009727810764417, -1.414774945664549088 ) ) ;
#3546 = ORIENTED_EDGE ( 'NONE', *, *, #2441, .T. ) ;
#3547 = ORIENTED_EDGE ( 'NONE', *, *, #4974, .T. ) ;
#3548 = CARTESIAN_POINT ( 'NONE',  ( 31.13761500528992698, -9.941001680470289870, 11.11987436688336217 ) ) ;
#3549 = DIRECTION ( 'NONE',  ( 1.000000000000000000, -0.000000000000000000, -0.000000000000000000 ) ) ;
#3550 = DIRECTION ( 'NONE',  ( 1.000000000000000000, -0.000000000000000000, -0.000000000000000000 ) ) ;
#3551 = DIRECTION ( 'NONE',  ( 1.000000000000000000, -0.000000000000000000, -0.000000000000000000 ) ) ;
#3552 = DIRECTION ( 'NONE',  ( 0.000000000000000000, 0.000000000000000000, 1.000000000000000000 ) ) ;
#3553 = ORIENTED_EDGE ( 'NONE', *, *, #4539, .T. ) ;
#3554 = ORIENTED_EDGE ( 'NONE', *, *, #1532, .F. ) ;
#3555 = CARTESIAN_POINT ( 'NONE',  ( 23.88151225710988257, -7.394146638010727024, 4.299400256530953257 ) ) ;
#3556 = ORIENTED_EDGE ( 'NONE', *, *, #2823, .T. ) ;
#3557 = CARTESIAN_POINT ( 'NONE',  ( 0.000000000000000000, 0.000000000000000000, 10.00000000000000000 ) ) ;
#3558 = ORIENTED_EDGE ( 'NONE', *, *, #3150, .T. ) ;
#3559 = LINE ( 'NONE', #1405, #70 ) ;
#3560 = AXIS2_PLACEMENT_3D ( 'NONE', #568, #208, #1914 ) ;
#3561 = FACE_OUTER_BOUND ( 'NONE', #3894, .T. ) ;
#3562 = CYLINDRICAL_SURFACE ( 'NONE', #2003, 0.2499999999999985012 ) ;
#3563 = FACE_OUTER_BOUND ( 'NONE', #93, .T. ) ;
#3565 = STYLED_ITEM ( 'NONE', ( #3006 ), #218 ) ;
#3564 = CARTESIAN_POINT ( 'NONE',  ( 32.00000000000000000, -0.3988649794381500802, -2.028708731544192290 ) ) ;
#3566 = ADVANCED_FACE ( 'NONE', ( #1056 ), #4532, .T. ) ;
#3567 = AXIS2_PLACEMENT_3D ( 'NONE', #2002, #2458, #3730 ) ;
#3568 = CARTESIAN_POINT ( 'NONE',  ( 26.14999999999999858, 8.000000000000000000, 2.999999999999999556 ) ) ;
#3569 = ORIENTED_EDGE ( 'NONE', *, *, #35, .T. ) ;
#3570 = ORIENTED_EDGE ( 'NONE', *, *, #2224, .T. ) ;
#3571 = CARTESIAN_POINT ( 'NONE',  ( 28.26196620810208771, 10.59690177721545545, 12.20969995447325296 ) ) ;
#3572 = DIRECTION ( 'NONE',  ( 0.000000000000000000, 0.000000000000000000, -1.000000000000000000 ) ) ;
#3573 = CARTESIAN_POINT ( 'NONE',  ( 22.00000000000000000, 2.714842239903703103E-13, 13.00000000000019895 ) ) ;
#3574 = CARTESIAN_POINT ( 'NONE',  ( 24.00000000000000000, -7.000000000000007994, 0.000000000000000000 ) ) ;
#3575 = ADVANCED_FACE ( 'NONE', ( #1595 ), #2017, .F. ) ;
#3576 = CYLINDRICAL_SURFACE ( 'NONE', #3352, 0.2500000000000002220 ) ;
#3577 = ORIENTED_EDGE ( 'NONE', *, *, #2177, .T. ) ;
#3578 = ORIENTED_EDGE ( 'NONE', *, *, #2804, .F. ) ;
#3579 = DIRECTION ( 'NONE',  ( 0.000000000000000000, 0.000000000000000000, -1.000000000000000000 ) ) ;
#3580 = VERTEX_POINT ( 'NONE', #2373 ) ;
#3581 = AXIS2_PLACEMENT_3D ( 'NONE', #201, #3252, #2796 ) ;
#3582 = AXIS2_PLACEMENT_3D ( 'NONE', #5163, #2597, #2939 ) ;
#3583 = VECTOR ( 'NONE', #2061, 1000.000000000000000 ) ;
#3584 = DIRECTION ( 'NONE',  ( 1.000000000000000000, 0.000000000000000000, 0.000000000000000000 ) ) ;
#3585 = FACE_OUTER_BOUND ( 'NONE', #3022, .T. ) ;
#3586 = ORIENTED_EDGE ( 'NONE', *, *, #4623, .F. ) ;
#3587 = DIRECTION ( 'NONE',  ( 0.000000000000000000, 0.000000000000000000, 1.000000000000000000 ) ) ;
#3588 = CARTESIAN_POINT ( 'NONE',  ( 6.123233995736756422E-16, 30.00000000000000000, 9.000000000000001776 ) ) ;
#3589 = DIRECTION ( 'NONE',  ( 1.000000000000000000, 0.000000000000000000, 0.000000000000000000 ) ) ;
#3590 = LINE ( 'NONE', #4881, #3538 ) ;
#3591 = DIRECTION ( 'NONE',  ( 0.000000000000000000, 1.817329355785226630E-14, 1.000000000000000000 ) ) ;
#3592 = ORIENTED_EDGE ( 'NONE', *, *, #712, .F. ) ;
#3593 = VERTEX_POINT ( 'NONE', #198 ) ;
#3594 = DIRECTION ( 'NONE',  ( 0.000000000000000000, 0.000000000000000000, -1.000000000000000000 ) ) ;
#3595 = CARTESIAN_POINT ( 'NONE',  ( 31.99999999999919709, 11.19591203902685450, 6.137809385115481575 ) ) ;
#3596 = FACE_OUTER_BOUND ( 'NONE', #2456, .T. ) ;
#3597 = CARTESIAN_POINT ( 'NONE',  ( 22.00000000000000000, -7.150532155906233811, 5.617174514907571137 ) ) ;
#3598 = DIRECTION ( 'NONE',  ( 1.000000000000000000, -0.000000000000000000, -0.000000000000000000 ) ) ;
#3599 = ADVANCED_FACE ( 'NONE', ( #666 ), #610, .T. ) ;
#3600 = PLANE ( 'NONE',  #3880 ) ;
#3601 = ORIENTED_EDGE ( 'NONE', *, *, #5562, .F. ) ;
#3602 = VERTEX_POINT ( 'NONE', #5438 ) ;
#3603 = CARTESIAN_POINT ( 'NONE',  ( 32.00000000000000000, 0.8935992301047267494, -3.551344190098690845 ) ) ;
#3604 = ORIENTED_EDGE ( 'NONE', *, *, #4623, .T. ) ;
#3605 = ADVANCED_FACE ( 'NONE', ( #5005 ), #1070, .T. ) ;
#3606 = DIRECTION ( 'NONE',  ( 1.000000000000000000, -0.000000000000000000, -0.000000000000000000 ) ) ;
#3607 = AXIS2_PLACEMENT_3D ( 'NONE', #4625, #2483, #3729 ) ;
#3608 = AXIS2_PLACEMENT_3D ( 'NONE', #1047, #4496, #4525 ) ;
#3609 = CARTESIAN_POINT ( 'NONE',  ( -10.00000000000000000, -26.00000000000000355, 9.000000000000001776 ) ) ;
#3610 = DIRECTION ( 'NONE',  ( 0.000000000000000000, 0.000000000000000000, -1.000000000000000000 ) ) ;
#3611 = VERTEX_POINT ( 'NONE', #639 ) ;
#3612 = CARTESIAN_POINT ( 'NONE',  ( 28.25663638864329030, 15.05199322349037239, 10.00000000000000000 ) ) ;
#3613 = EDGE_CURVE ( 'NONE', #5099, #5129, #1708, .T. ) ;
#3614 = EDGE_CURVE ( 'NONE', #1080, #5477, #5228, .T. ) ;
#3615 = DIRECTION ( 'NONE',  ( 0.000000000000000000, 0.000000000000000000, 1.000000000000000000 ) ) ;
#3616 = VECTOR ( 'NONE', #1527, 1000.000000000000000 ) ;
#3617 = AXIS2_PLACEMENT_3D ( 'NONE', #3074, #3998, #3552 ) ;
#3618 = TOROIDAL_SURFACE ( 'NONE', #5327, 11.00000000000000000, 1.000000000000000000 ) ;
#3619 = CARTESIAN_POINT ( 'NONE',  ( 30.60626535231255474, 10.43239609156416492, 10.77303336472112782 ) ) ;
#3620 = FACE_OUTER_BOUND ( 'NONE', #1710, .T. ) ;
#3621 = CARTESIAN_POINT ( 'NONE',  ( 24.85854012602414542, -14.93495841316095962, 0.9993773847964317891 ) ) ;
#3622 = VECTOR ( 'NONE', #1480, 1000.000000000000000 ) ;
#3623 = CIRCLE ( 'NONE', #3527, 11.25000000000000178 ) ;
#3624 = DIRECTION ( 'NONE',  ( 1.000000000000000000, 0.000000000000000000, 0.000000000000000000 ) ) ;
#3625 = EDGE_LOOP ( 'NONE', ( #3385, #3389, #918, #2418 ) ) ;
#3626 = CARTESIAN_POINT ( 'NONE',  ( 32.00000000000000000, 7.150532155906305753, 4.382825485092902262 ) ) ;
#3627 = CARTESIAN_POINT ( 'NONE',  ( 31.99999999999997868, 11.20724115630790507, 3.870713521460047435 ) ) ;
#3628 = CARTESIAN_POINT ( 'NONE',  ( 23.57335858787853766, 8.324467844091019586, 5.748609342088650820 ) ) ;
#3629 = CARTESIAN_POINT ( 'NONE',  ( 32.00000000000000000, 8.000000000000000000, 5.000000000000000000 ) ) ;
#3630 = DIRECTION ( 'NONE',  ( 1.000000000000000000, -0.000000000000000000, -0.000000000000000000 ) ) ;
#3631 = DIRECTION ( 'NONE',  ( 1.000000000000000000, -0.000000000000000000, -0.000000000000000000 ) ) ;
#3632 = ORIENTED_EDGE ( 'NONE', *, *, #1131, .F. ) ;
#3633 = VERTEX_POINT ( 'NONE', #246 ) ;
#3634 = FACE_OUTER_BOUND ( 'NONE', #1736, .T. ) ;
#3635 = ORIENTED_EDGE ( 'NONE', *, *, #3429, .F. ) ;
#3636 = AXIS2_PLACEMENT_3D ( 'NONE', #1012, #1500, #4932 ) ;
#3637 = EDGE_CURVE ( 'NONE', #3593, #3651, #2059, .T. ) ;
#3638 = CARTESIAN_POINT ( 'NONE',  ( 26.14999999999999858, 1.047008947192363593, -3.079197629375364897 ) ) ;
#3639 = CARTESIAN_POINT ( 'NONE',  ( -4.999999999999999112, -30.00000000000000000, 1.899999999999999245 ) ) ;
#3640 = VERTEX_POINT ( 'NONE', #1960 ) ;
#3641 = FACE_OUTER_BOUND ( 'NONE', #3432, .T. ) ;
#3642 = ORIENTED_EDGE ( 'NONE', *, *, #763, .F. ) ;
#3643 = CARTESIAN_POINT ( 'NONE',  ( 26.14999999999999858, 2.714842239903703103E-13, 11.95000000000020002 ) ) ;
#3644 = EDGE_CURVE ( 'NONE', #562, #4721, #2697, .T. ) ;
#3645 = ADVANCED_FACE ( 'NONE', ( #726 ), #5379, .T. ) ;
#3646 = ADVANCED_FACE ( 'NONE', ( #4585 ), #706, .T. ) ;
#3647 = CARTESIAN_POINT ( 'NONE',  ( 0.000000000000000000, 28.99999999999999645, 0.000000000000000000 ) ) ;
#3648 = LINE ( 'NONE', #1941, #129 ) ;
#3649 = DIRECTION ( 'NONE',  ( -1.000000000000000000, 0.000000000000000000, 0.000000000000000000 ) ) ;
#3650 = LINE ( 'NONE', #1887, #1852 ) ;
#3651 = VERTEX_POINT ( 'NONE', #2073 ) ;
#3652 = DIRECTION ( 'NONE',  ( 0.000000000000000000, 0.000000000000000000, 1.000000000000000000 ) ) ;
#3653 = CARTESIAN_POINT ( 'NONE',  ( 25.73040220909622633, 15.42597319960716895, 0.8264160056566203227 ) ) ;
#3654 = CARTESIAN_POINT ( 'NONE',  ( 24.00000000000000000, -7.000000000000007994, 4.679843788128579263 ) ) ;
#3655 = DIRECTION ( 'NONE',  ( 0.000000000000000000, 0.000000000000000000, 1.000000000000000000 ) ) ;
#3656 =( BOUNDED_CURVE ( )  B_SPLINE_CURVE ( 3, ( #4211, #2520, #2924, #4690 ),
 .UNSPECIFIED., .F., .F. ) 
 B_SPLINE_CURVE_WITH_KNOTS ( ( 4, 4 ),
 ( 4.712388980384689674, 6.283185307179585344 ),
 .UNSPECIFIED. ) 
 CURVE ( )  GEOMETRIC_REPRESENTATION_ITEM ( )  RATIONAL_B_SPLINE_CURVE ( ( 1.000000000000000000, 0.8047378541243649375, 0.8047378541243649375, 1.000000000000000000 ) ) 
 REPRESENTATION_ITEM ( '' )  );
#3657 = CARTESIAN_POINT ( 'NONE',  ( -4.999999999999999112, 25.00000000000000000, 8.099999999999999645 ) ) ;
#3658 = ORIENTED_EDGE ( 'NONE', *, *, #190, .F. ) ;
#3659 = ORIENTED_EDGE ( 'NONE', *, *, #2783, .F. ) ;
#3660 = DIRECTION ( 'NONE',  ( 1.000000000000000000, -0.000000000000000000, -0.000000000000000000 ) ) ;
#3661 = VERTEX_POINT ( 'NONE', #3360 ) ;
#3662 = FACE_BOUND ( 'NONE', #4557, .T. ) ;
#3663 = DIRECTION ( 'NONE',  ( -2.041077998578914206E-17, 0.000000000000000000, 1.000000000000000000 ) ) ;
#3664 = DIRECTION ( 'NONE',  ( 1.000000000000000000, 0.000000000000000000, 0.000000000000000000 ) ) ;
#3665 = ORIENTED_EDGE ( 'NONE', *, *, #531, .T. ) ;
#3666 = DIRECTION ( 'NONE',  ( -1.000000000000000000, 0.000000000000000000, 0.000000000000000000 ) ) ;
#3667 = ORIENTED_EDGE ( 'NONE', *, *, #27, .F. ) ;
#3668 = CARTESIAN_POINT ( 'NONE',  ( 22.00000000000000000, -2.002642472099355980E-13, -2.999999999999725109 ) ) ;
#3669 = AXIS2_PLACEMENT_3D ( 'NONE', #1557, #4094, #2884 ) ;
#3670 = CARTESIAN_POINT ( 'NONE',  ( 26.14999999999999858, -2.002642472099355980E-13, -2.999999999999725109 ) ) ;
#3671 = AXIS2_PLACEMENT_3D ( 'NONE', #2620, #474, #2675 ) ;
#3672 = CIRCLE ( 'NONE', #2498, 11.25000000000000178 ) ;
#3673 = CIRCLE ( 'NONE', #601, 1.050000000000000488 ) ;
#3674 = CARTESIAN_POINT ( 'NONE',  ( 23.99160798210723655, -7.028708731544392130, 5.398864979438423362 ) ) ;
#3675 = DIRECTION ( 'NONE',  ( 0.000000000000000000, 0.000000000000000000, -1.000000000000000000 ) ) ;
#3676 = VECTOR ( 'NONE', #2209, 1000.000000000000000 ) ;
#3677 = ADVANCED_FACE ( 'NONE', ( #2962 ), #2585, .F. ) ;
#3678 = CARTESIAN_POINT ( 'NONE',  ( 25.52929422039572671, -15.75624799845410173, 3.663965035372723555 ) ) ;
#3679 = ORIENTED_EDGE ( 'NONE', *, *, #2511, .T. ) ;
#3680 = CARTESIAN_POINT ( 'NONE',  ( 31.61364982869466900, 9.402274870643527294, -1.528326200149962011 ) ) ;
#3681 = CARTESIAN_POINT ( 'NONE',  ( 28.35617045010567949, 10.28015935256312474, -2.811512068881189208 ) ) ;
#3682 = DIRECTION ( 'NONE',  ( -0.000000000000000000, 0.000000000000000000, 1.000000000000000000 ) ) ;
#3683 = CARTESIAN_POINT ( 'NONE',  ( 24.00000000000000000, -8.000000000000000000, 5.000000000000395239 ) ) ;
#3684 = EDGE_CURVE ( 'NONE', #5434, #473, #3273, .T. ) ;
#3685 = CARTESIAN_POINT ( 'NONE',  ( 24.00000000000000000, 8.000000000000000000, 5.000000000000000000 ) ) ;
#3686 = ORIENTED_EDGE ( 'NONE', *, *, #4111, .T. ) ;
#3687 = ORIENTED_EDGE ( 'NONE', *, *, #3946, .T. ) ;
#3688 = DIRECTION ( 'NONE',  ( 1.000000000000000000, -0.000000000000000000, -0.000000000000000000 ) ) ;
#3689 = ORIENTED_EDGE ( 'NONE', *, *, #2668, .T. ) ;
#3690 = DIRECTION ( 'NONE',  ( 1.000000000000000000, -0.000000000000000000, -0.000000000000000000 ) ) ;
#3691 = CARTESIAN_POINT ( 'NONE',  ( 26.14999999999999858, -8.000000000000000000, 3.000000000000395239 ) ) ;
#3692 = CARTESIAN_POINT ( 'NONE',  ( 23.31598817775510213, 9.020238095238095610, 4.751777863547702374 ) ) ;
#3693 = DIRECTION ( 'NONE',  ( 0.000000000000000000, 0.000000000000000000, -1.000000000000000000 ) ) ;
#3694 = ORIENTED_EDGE ( 'NONE', *, *, #2405, .T. ) ;
#3695 = CIRCLE ( 'NONE', #184, 0.2500000000000002220 ) ;
#3696 = CARTESIAN_POINT ( 'NONE',  ( 25.73040220909404852, -15.42597319961083002, 9.173583994343376347 ) ) ;
#3697 = AXIS2_PLACEMENT_3D ( 'NONE', #1083, #4893, #1572 ) ;
#3698 = DIRECTION ( 'NONE',  ( 1.000000000000000000, -0.000000000000000000, -0.000000000000000000 ) ) ;
#3699 = EDGE_CURVE ( 'NONE', #306, #5202, #4492, .T. ) ;
#3700 = AXIS2_PLACEMENT_3D ( 'NONE', #2212, #1338, #939 ) ;
#3701 = DIRECTION ( 'NONE',  ( 1.000000000000000000, 0.000000000000000000, 0.000000000000000000 ) ) ;
#3702 = CIRCLE ( 'NONE', #3791, 0.2500000000000002220 ) ;
#3703 = CARTESIAN_POINT ( 'NONE',  ( 32.00000000000000000, -8.551344190098888021, 5.893599230105401432 ) ) ;
#3704 = AXIS2_PLACEMENT_3D ( 'NONE', #2840, #4076, #215 ) ;
#3705 = CIRCLE ( 'NONE', #4602, 1.000000000000000888 ) ;
#3706 = ADVANCED_FACE ( 'NONE', ( #3874 ), #2528, .F. ) ;
#3707 = ORIENTED_EDGE ( 'NONE', *, *, #1394, .T. ) ;
#3708 = DIRECTION ( 'NONE',  ( 0.000000000000000000, 9.777532319142003049E-15, -1.000000000000000000 ) ) ;
#3709 = CARTESIAN_POINT ( 'NONE',  ( 32.00000000001794831, 11.16349863209669202, 6.420913489138211361 ) ) ;
#3710 = B_SPLINE_CURVE_WITH_KNOTS ( 'NONE', 3,
 ( #4882, #2776, #4461, #3678, #593, #2325, #3208, #4906 ),
 .UNSPECIFIED., .F., .F.,
 ( 4, 2, 2, 4 ),
 ( 0.001024023837135169986, 0.003041287478725484758, 0.005058551120315799531, 0.009093078403496428208 ),
 .UNSPECIFIED. ) ;
#3711 = LINE ( 'NONE', #1892, #1997 ) ;
#3712 = CARTESIAN_POINT ( 'NONE',  ( 26.14999999999999858, -0.9986093421096409184, 13.32446784409389906 ) ) ;
#3713 = EDGE_CURVE ( 'NONE', #2108, #3640, #385, .T. ) ;
#3714 = EDGE_CURVE ( 'NONE', #3408, #3751, #1608, .T. ) ;
#3715 = AXIS2_PLACEMENT_3D ( 'NONE', #2176, #2772, #4490 ) ;
#3716 = FACE_OUTER_BOUND ( 'NONE', #4351, .T. ) ;
#3717 = ORIENTED_EDGE ( 'NONE', *, *, #670, .T. ) ;
#3718 = EDGE_LOOP ( 'NONE', ( #952, #2649, #5140, #3388 ) ) ;
#3719 = DIRECTION ( 'NONE',  ( 1.000000000000000000, 0.000000000000000000, 0.000000000000000000 ) ) ;
#3720 = ORIENTED_EDGE ( 'NONE', *, *, #304, .T. ) ;
#3721 = DIRECTION ( 'NONE',  ( 1.000000000000000000, 0.000000000000000000, 0.000000000000000000 ) ) ;
#3722 = CARTESIAN_POINT ( 'NONE',  ( 5.919126195878864508E-16, 28.99999999999999645, 0.9999999999999991118 ) ) ;
#3723 = DIRECTION ( 'NONE',  ( 0.000000000000000000, 0.000000000000000000, -1.000000000000000000 ) ) ;
#3724 = VERTEX_POINT ( 'NONE', #2046 ) ;
#3725 = DIRECTION ( 'NONE',  ( 0.000000000000000000, 0.000000000000000000, 1.000000000000000000 ) ) ;
#3726 = ORIENTED_EDGE ( 'NONE', *, *, #2243, .T. ) ;
#3727 = DIRECTION ( 'NONE',  ( 1.000000000000000000, -0.000000000000000000, -0.000000000000000000 ) ) ;
#3728 = CARTESIAN_POINT ( 'NONE',  ( 32.00000000000000000, 8.551344190098960851, 4.106400769895071079 ) ) ;
#3729 = DIRECTION ( 'NONE',  ( 0.000000000000000000, 0.000000000000000000, -1.000000000000000000 ) ) ;
#3730 = DIRECTION ( 'NONE',  ( 1.000000000000000000, 0.000000000000000000, 0.000000000000000000 ) ) ;
#3731 = EDGE_CURVE ( 'NONE', #2016, #4613, #3772, .T. ) ;
#3732 = VERTEX_POINT ( 'NONE', #411 ) ;
#3733 = CARTESIAN_POINT ( 'NONE',  ( 22.00000000000000000, 8.324467844093694779, 4.001390657890087965 ) ) ;
#3734 = DIRECTION ( 'NONE',  ( 1.000000000000000000, 0.000000000000000000, 0.000000000000000000 ) ) ;
#3735 = CARTESIAN_POINT ( 'NONE',  ( 25.66707455275584238, -15.53072782607180002, 9.000000000000000000 ) ) ;
#3736 = CARTESIAN_POINT ( 'NONE',  ( 24.00000000000000000, 7.320511353742844562, 4.199503167022117900 ) ) ;
#3737 = EDGE_CURVE ( 'NONE', #1000, #827, #1783, .T. ) ;
#3738 = ORIENTED_EDGE ( 'NONE', *, *, #97, .T. ) ;
#3739 = DIRECTION ( 'NONE',  ( 1.000000000000000000, -0.000000000000000000, -0.000000000000000000 ) ) ;
#3740 = ORIENTED_EDGE ( 'NONE', *, *, #2783, .T. ) ;
#3741 = ORIENTED_EDGE ( 'NONE', *, *, #4726, .T. ) ;
#3742 = FACE_OUTER_BOUND ( 'NONE', #889, .T. ) ;
#3743 = ORIENTED_EDGE ( 'NONE', *, *, #137, .F. ) ;
#3744 = EDGE_CURVE ( 'NONE', #2192, #4213, #711, .T. ) ;
#3745 = DIRECTION ( 'NONE',  ( 0.000000000000000000, 0.000000000000000000, -1.000000000000000000 ) ) ;
#3746 = EDGE_CURVE ( 'NONE', #4613, #979, #3857, .T. ) ;
#3747 = AXIS2_PLACEMENT_3D ( 'NONE', #1184, #3734, #374 ) ;
#3748 = ORIENTED_EDGE ( 'NONE', *, *, #4775, .T. ) ;
#3749 = ORIENTED_EDGE ( 'NONE', *, *, #538, .T. ) ;
#3750 = CARTESIAN_POINT ( 'NONE',  ( -9.000000000000001776, -25.00000000000000000, 0.000000000000000000 ) ) ;
#3751 = VERTEX_POINT ( 'NONE', #1245 ) ;
#3752 = CARTESIAN_POINT ( 'NONE',  ( 28.02580622631979068, -11.35883836079374731, -0.2025803905341339028 ) ) ;
#3753 = DIRECTION ( 'NONE',  ( 0.000000000000000000, 0.000000000000000000, 1.000000000000000000 ) ) ;
#3754 = VECTOR ( 'NONE', #2255, 1000.000000000000000 ) ;
#3755 = DIRECTION ( 'NONE',  ( 0.000000000000000000, 0.000000000000000000, -1.000000000000000000 ) ) ;
#3756 = CARTESIAN_POINT ( 'NONE',  ( 23.89296127555271454, -7.357164599370657143, 5.766511394895864839 ) ) ;
#3757 = AXIS2_PLACEMENT_3D ( 'NONE', #614, #4956, #3725 ) ;
#3758 = VECTOR ( 'NONE', #1575, 1000.000000000000000 ) ;
#3759 = VECTOR ( 'NONE', #5343, 1000.000000000000000 ) ;
#3760 = ORIENTED_EDGE ( 'NONE', *, *, #3984, .T. ) ;
#3761 = CARTESIAN_POINT ( 'NONE',  ( 31.88627199456431427, 9.574733044159669859, 11.00465866101463241 ) ) ;
#3762 = DIRECTION ( 'NONE',  ( 0.000000000000000000, 0.000000000000000000, -1.000000000000000000 ) ) ;
#3763 = FACE_OUTER_BOUND ( 'NONE', #3285, .T. ) ;
#3764 = CARTESIAN_POINT ( 'NONE',  ( -4.999999999999999112, 30.00000000000000000, 4.999999999999999112 ) ) ;
#3765 = SHAPE_DEFINITION_REPRESENTATION ( #1354, #3317 ) ;
#3766 = ORIENTED_EDGE ( 'NONE', *, *, #2331, .T. ) ;
#3767 = DIRECTION ( 'NONE',  ( 1.836970198721031660E-16, 1.000000000000000000, 0.000000000000000000 ) ) ;
#3768 = ORIENTED_EDGE ( 'NONE', *, *, #3083, .T. ) ;
#3769 = ORIENTED_EDGE ( 'NONE', *, *, #5500, .F. ) ;
#3770 = LINE ( 'NONE', #3796, #5382 ) ;
#3771 = DIRECTION ( 'NONE',  ( 0.000000000000000000, 0.000000000000000000, -1.000000000000000000 ) ) ;
#3772 = LINE ( 'NONE', #1618, #3149 ) ;
#3773 = EDGE_CURVE ( 'NONE', #5089, #2153, #2882, .T. ) ;
#3774 = ADVANCED_FACE ( 'NONE', ( #4326 ), #2211, .F. ) ;
#3775 = ORIENTED_EDGE ( 'NONE', *, *, #5462, .T. ) ;
#3776 = CARTESIAN_POINT ( 'NONE',  ( 22.00000000000000000, -7.999999999999928946, 5.000000000000472511 ) ) ;
#3777 = VERTEX_POINT ( 'NONE', #5286 ) ;
#3778 = CARTESIAN_POINT ( 'NONE',  ( 32.00000000000195399, -10.90933057800226713, 2.197044295141159953 ) ) ;
#3779 = CARTESIAN_POINT ( 'NONE',  ( 24.00000000000000000, 7.150532155906305753, 5.617174514907096849 ) ) ;
#3780 = CIRCLE ( 'NONE', #1791, 0.2500000000000002220 ) ;
#3781 = LINE ( 'NONE', #450, #5553 ) ;
#3782 = CARTESIAN_POINT ( 'NONE',  ( 23.41292135369128147, -8.765989327792752306, 5.731033995813658244 ) ) ;
#3783 = CARTESIAN_POINT ( 'NONE',  ( 26.14999999999999858, -1.405126015541213746E-13, -2.999999999999773515 ) ) ;
#3784 = AXIS2_PLACEMENT_3D ( 'NONE', #3668, #128, #1062 ) ;
#3785 = ORIENTED_EDGE ( 'NONE', *, *, #2510, .T. ) ;
#3786 = DIRECTION ( 'NONE',  ( 1.000000000000000000, 0.000000000000000000, 0.000000000000000000 ) ) ;
#3787 = LINE ( 'NONE', #3377, #676 ) ;
#3788 = CARTESIAN_POINT ( 'NONE',  ( 24.00000000000000000, 0.000000000000000000, 0.000000000000000000 ) ) ;
#3789 = CARTESIAN_POINT ( 'NONE',  ( 32.00000000000000000, -9.049999999999929656, 5.000000000000472511 ) ) ;
#3790 = CIRCLE ( 'NONE', #4959, 0.2500000000000002220 ) ;
#3791 = AXIS2_PLACEMENT_3D ( 'NONE', #117, #1816, #2699 ) ;
#3792 = LINE ( 'NONE', #5534, #4422 ) ;
#3793 = VERTEX_POINT ( 'NONE', #3154 ) ;
#3794 = ORIENTED_EDGE ( 'NONE', *, *, #3345, .T. ) ;
#3795 = AXIS2_PLACEMENT_3D ( 'NONE', #1588, #1132, #3327 ) ;
#3796 = CARTESIAN_POINT ( 'NONE',  ( 26.14999999999999858, -8.000000000000000000, 3.000000000000395239 ) ) ;
#3797 = CARTESIAN_POINT ( 'NONE',  ( 25.71105991754768993, -15.45773205190787714, 9.995116840073382747 ) ) ;
#3798 = CARTESIAN_POINT ( 'NONE',  ( 30.66132727737341312, -9.700912801338363423, -1.548538094280336619 ) ) ;
#3799 = AXIS2_PLACEMENT_3D ( 'NONE', #2948, #375, #4606 ) ;
#3800 = DIRECTION ( 'NONE',  ( 1.000000000000000000, -0.000000000000000000, -0.000000000000000000 ) ) ;
#3801 = ORIENTED_EDGE ( 'NONE', *, *, #1359, .T. ) ;
#3802 = CARTESIAN_POINT ( 'NONE',  ( 32.00000000000000000, -8.324467844093623725, 5.998609342110383658 ) ) ;
#3803 = ORIENTED_EDGE ( 'NONE', *, *, #4455, .T. ) ;
#3804 = EDGE_CURVE ( 'NONE', #3602, #2571, #1153, .T. ) ;
#3805 = DIRECTION ( 'NONE',  ( 0.000000000000000000, 0.000000000000000000, -1.000000000000000000 ) ) ;
#3806 = ORIENTED_EDGE ( 'NONE', *, *, #5464, .F. ) ;
#3807 = CARTESIAN_POINT ( 'NONE',  ( 32.00000000000000000, 8.000000000000000000, 5.000000000000000000 ) ) ;
#3808 = CARTESIAN_POINT ( 'NONE',  ( -9.000000000000001776, 0.000000000000000000, 10.00000000000000000 ) ) ;
#3809 = CARTESIAN_POINT ( 'NONE',  ( 23.87937970755165296, -7.401055222585156912, 5.569549832951350865 ) ) ;
#3810 = EDGE_CURVE ( 'NONE', #4563, #4643, #5028, .T. ) ;
#3811 = ORIENTED_EDGE ( 'NONE', *, *, #3877, .F. ) ;
#3812 = CARTESIAN_POINT ( 'NONE',  ( -9.000000000000001776, 28.99999999999999645, 10.00000000000000000 ) ) ;
#3813 = CARTESIAN_POINT ( 'NONE',  ( 31.00000000000000000, 9.390462030729404219, 11.75699905656959388 ) ) ;
#3814 = CARTESIAN_POINT ( 'NONE',  ( 32.00000000000000000, 2.697013575311803147E-13, 14.05000000000020144 ) ) ;
#3815 = CARTESIAN_POINT ( 'NONE',  ( -10.00000000000000000, 30.00000000000000000, 10.00000000000000000 ) ) ;
#3816 = CYLINDRICAL_SURFACE ( 'NONE', #2264, 2.000000000000000888 ) ;
#3817 = AXIS2_PLACEMENT_3D ( 'NONE', #4123, #3234, #155 ) ;
#3818 = ORIENTED_EDGE ( 'NONE', *, *, #65, .F. ) ;
#3819 = ORIENTED_EDGE ( 'NONE', *, *, #1731, .T. ) ;
#3820 = DIRECTION ( 'NONE',  ( 0.000000000000000000, 0.000000000000000000, -1.000000000000000000 ) ) ;
#3821 = CARTESIAN_POINT ( 'NONE',  ( 32.00000000000000000, 0.8004968329781557701, 12.32051135374304529 ) ) ;
#3822 = CARTESIAN_POINT ( 'NONE',  ( 24.00000000000000000, 8.000000000000000000, 5.000000000000000000 ) ) ;
#3823 = CARTESIAN_POINT ( 'NONE',  ( 25.71573116485256705, -15.44995697913202903, 0.9993773847964309009 ) ) ;
#3824 = ORIENTED_EDGE ( 'NONE', *, *, #4974, .F. ) ;
#3825 = ORIENTED_EDGE ( 'NONE', *, *, #3534, .F. ) ;
#3826 = DIRECTION ( 'NONE',  ( 1.000000000000000000, -0.000000000000000000, -0.000000000000000000 ) ) ;
#3827 = ORIENTED_EDGE ( 'NONE', *, *, #5082, .F. ) ;
#3828 = ADVANCED_FACE ( 'NONE', ( #3491 ), #524, .T. ) ;
#3829 = CARTESIAN_POINT ( 'NONE',  ( 26.14999999999999858, -8.000000000000000000, 5.000000000000395239 ) ) ;
#3830 =( BOUNDED_SURFACE ( )  B_SPLINE_SURFACE ( 3, 2, ( 
 ( #3993, #3489, #1724 ),
 ( #1334, #1368, #3098 ),
 ( #436, #2154, #1300 ),
 ( #3040, #2611, #3068 ),
 ( #5232, #4803, #3182 ),
 ( #4521, #574, #1890 ),
 ( #1044, #1506, #1861 ),
 ( #4884, #2301, #1019 ),
 ( #260, #5399, #2327 ),
 ( #5428, #4548, #684 ),
 ( #4017, #2836, #991 ),
 ( #3680, #1535, #1917 ) ),
 .UNSPECIFIED., .F., .F., .T. ) 
 B_SPLINE_SURFACE_WITH_KNOTS ( ( 4, 2, 2, 2, 2, 4 ),
 ( 3, 3 ),
 ( 0.0001334045740362390059, 0.002419625678124019078, 0.004705846782211799313, 0.006992067886299579982, 0.008135178438343469015, 0.009278288990387359783 ),
 ( 0.000000000000000000, 1.000000000000000000 ),
 .UNSPECIFIED. ) 
 GEOMETRIC_REPRESENTATION_ITEM ( )  RATIONAL_B_SPLINE_SURFACE ( (
 ( 1.000000000000000000, 0.7090413745937790280, 1.000000000000000000),
 ( 1.000000000000000000, 0.7265085048964995407, 1.000000000000000000),
 ( 1.000000000000000000, 0.7465645483330570764, 1.000000000000000000),
 ( 1.000000000000000000, 0.7892090850278913328, 1.000000000000000000),
 ( 1.000000000000000000, 0.8118883292481395841, 1.000000000000000000),
 ( 1.000000000000000000, 0.8573700429948514223, 1.000000000000000000),
 ( 1.000000000000000000, 0.8800946451845884644, 1.000000000000000000),
 ( 1.000000000000000000, 0.9117530248629945877, 1.000000000000000000),
 ( 1.000000000000000000, 0.9218584377975858057, 1.000000000000000000),
 ( 1.000000000000000000, 0.9401501768339346476, 1.000000000000000000),
 ( 1.000000000000000000, 0.9483427632657094319, 1.000000000000000000),
 ( 1.000000000000000000, 0.9545604369877809248, 1.000000000000000000) ) ) 
 REPRESENTATION_ITEM ( '' )  SURFACE ( )  );
#3831 = VERTEX_POINT ( 'NONE', #113 ) ;
#3832 = DIRECTION ( 'NONE',  ( -1.000000000000000000, 0.000000000000000000, 0.000000000000000000 ) ) ;
#3833 = EDGE_CURVE ( 'NONE', #4462, #1570, #3142, .T. ) ;
#3834 = CARTESIAN_POINT ( 'NONE',  ( 22.00000000000000000, -8.551344190098888021, 5.893599230105401432 ) ) ;
#3835 = CARTESIAN_POINT ( 'NONE',  ( -10.00000000000000000, 30.00000000000000000, 9.000000000000001776 ) ) ;
#3836 = EDGE_CURVE ( 'NONE', #322, #2700, #2669, .T. ) ;
#3837 = ORIENTED_EDGE ( 'NONE', *, *, #3378, .T. ) ;
#3838 = EDGE_CURVE ( 'NONE', #3170, #3198, #83, .T. ) ;
#3839 = DIRECTION ( 'NONE',  ( 0.000000000000000000, 0.000000000000000000, -1.000000000000000000 ) ) ;
#3840 = LINE ( 'NONE', #767, #3909 ) ;
#3841 = LINE ( 'NONE', #5086, #5419 ) ;
#3842 = AXIS2_PLACEMENT_3D ( 'NONE', #1492, #3224, #1034 ) ;
#3843 = CIRCLE ( 'NONE', #1134, 28.99999999999999645 ) ;
#3844 = FACE_OUTER_BOUND ( 'NONE', #852, .T. ) ;
#3845 = ORIENTED_EDGE ( 'NONE', *, *, #1703, .F. ) ;
#3846 = EDGE_CURVE ( 'NONE', #5101, #2076, #4431, .T. ) ;
#3847 = EDGE_CURVE ( 'NONE', #2557, #553, #2548, .T. ) ;
#3848 = CARTESIAN_POINT ( 'NONE',  ( -4.999999999999999112, 25.00000000000000000, 1.899999999999999245 ) ) ;
#3849 = CARTESIAN_POINT ( 'NONE',  ( 23.96813384091123211, 7.108479875274002602, 5.367174514907097738 ) ) ;
#3850 = DIRECTION ( 'NONE',  ( -1.000000000000000000, -0.000000000000000000, -0.000000000000000000 ) ) ;
#3851 = VECTOR ( 'NONE', #352, 1000.000000000000000 ) ;
#3852 = CARTESIAN_POINT ( 'NONE',  ( 25.69145084716772587, -15.49037043290564952, 0.9997930556713335859 ) ) ;
#3853 = CARTESIAN_POINT ( 'NONE',  ( 31.15759157186201023, -9.920189980843250765, 11.13546080556765894 ) ) ;
#3854 = ORIENTED_EDGE ( 'NONE', *, *, #948, .T. ) ;
#3855 = ORIENTED_EDGE ( 'NONE', *, *, #1619, .T. ) ;
#3856 = ORIENTED_EDGE ( 'NONE', *, *, #3373, .T. ) ;
#3857 = CIRCLE ( 'NONE', #2516, 28.99999999999999645 ) ;
#3858 = CARTESIAN_POINT ( 'NONE',  ( 26.14999999999999858, 0.9986093421101819301, 13.32446784409389373 ) ) ;
#3859 = ORIENTED_EDGE ( 'NONE', *, *, #713, .T. ) ;
#3860 = DIRECTION ( 'NONE',  ( -0.000000000000000000, -1.000000000000000000, -0.000000000000000000 ) ) ;
#3861 = DIRECTION ( 'NONE',  ( 1.000000000000000000, -0.000000000000000000, -0.000000000000000000 ) ) ;
#3862 = ORIENTED_EDGE ( 'NONE', *, *, #3449, .T. ) ;
#3863 = AXIS2_PLACEMENT_3D ( 'NONE', #5168, #3861, #4765 ) ;
#3864 = CARTESIAN_POINT ( 'NONE',  ( 25.64260328921920618, 15.57102747257624920, 9.000000000000001776 ) ) ;
#3865 = DIRECTION ( 'NONE',  ( 0.000000000000000000, 0.000000000000000000, 1.000000000000000000 ) ) ;
#3866 = CARTESIAN_POINT ( 'NONE',  ( 25.71573116485256705, -15.44995697913202903, 9.000622615203569765 ) ) ;
#3868 = ADVANCED_FACE ( 'NONE', ( #4828 ), #2727, .T. ) ;
#3867 = AXIS2_PLACEMENT_3D ( 'NONE', #3597, #1450, #2728 ) ;
#3869 = CARTESIAN_POINT ( 'NONE',  ( 24.85854012602414898, 14.94559794137272490, 10.00056601382142674 ) ) ;
#3870 = EDGE_LOOP ( 'NONE', ( #4386, #5302, #521, #400 ) ) ;
#3871 = EDGE_LOOP ( 'NONE', ( #3801, #3356, #708, #2674, #3642, #3577, #80, #3077, #924, #613, #3444, #333 ) ) ;
#3872 = ORIENTED_EDGE ( 'NONE', *, *, #3614, .F. ) ;
#3873 = AXIS2_PLACEMENT_3D ( 'NONE', #376, #5531, #3402 ) ;
#3874 = FACE_OUTER_BOUND ( 'NONE', #243, .T. ) ;
#3875 = CARTESIAN_POINT ( 'NONE',  ( 27.84147467801108178, -11.93088651888732521, 7.654472195790566147 ) ) ;
#3876 = AXIS2_PLACEMENT_3D ( 'NONE', #4054, #5329, #4087 ) ;
#3877 = EDGE_CURVE ( 'NONE', #5122, #3020, #3277, .T. ) ;
#3878 = CARTESIAN_POINT ( 'NONE',  ( 25.64260328921920618, -15.57102747257624564, 6.505213034913026604E-16 ) ) ;
#3879 = ADVANCED_FACE ( 'NONE', ( #3906 ), #3070, .F. ) ;
#3880 = AXIS2_PLACEMENT_3D ( 'NONE', #5319, #4976, #216 ) ;
#3881 = CARTESIAN_POINT ( 'NONE',  ( 22.00000000000000000, 8.551344190098962628, 5.893599230104925368 ) ) ;
#3882 = EDGE_LOOP ( 'NONE', ( #3856, #1519, #1614, #200 ) ) ;
#3883 = ORIENTED_EDGE ( 'NONE', *, *, #940, .F. ) ;
#3884 = CARTESIAN_POINT ( 'NONE',  ( -9.000000000000001776, 28.99999999999999645, 0.000000000000000000 ) ) ;
#3885 = ORIENTED_EDGE ( 'NONE', *, *, #203, .T. ) ;
#3886 = AXIS2_PLACEMENT_3D ( 'NONE', #941, #2671, #4469 ) ;
#3887 = CIRCLE ( 'NONE', #3715, 1.050000000000001377 ) ;
#3888 = CYLINDRICAL_SURFACE ( 'NONE', #4068, 2.000000000000000888 ) ;
#3889 = CARTESIAN_POINT ( 'NONE',  ( 23.65609928018709951, -8.086502447873343158, 5.892335883213852377 ) ) ;
#3890 = ORIENTED_EDGE ( 'NONE', *, *, #697, .F. ) ;
#3891 = CARTESIAN_POINT ( 'NONE',  ( 23.90418610870747074, -7.320511353742773508, 4.199503167022589523 ) ) ;
#3892 = DIRECTION ( 'NONE',  ( 1.000000000000000000, 0.000000000000000000, 0.000000000000000000 ) ) ;
#3893 = CARTESIAN_POINT ( 'NONE',  ( -10.00000000000000000, -25.00000000000000000, 9.585786437626905965 ) ) ;
#3894 = EDGE_LOOP ( 'NONE', ( #2079, #1722, #5293, #1358 ) ) ;
#3895 = CARTESIAN_POINT ( 'NONE',  ( 32.00000000000000000, 0.6171745149073675218, 12.15053215590650737 ) ) ;
#3896 = CARTESIAN_POINT ( 'NONE',  ( -9.000000000000001776, 0.000000000000000000, 1.000000000000000000 ) ) ;
#3897 = EDGE_CURVE ( 'NONE', #1232, #4613, #4967, .T. ) ;
#3898 = CARTESIAN_POINT ( 'NONE',  ( 24.85854012602414898, -14.94559794137272668, 10.00056601382142674 ) ) ;
#3899 = AXIS2_PLACEMENT_3D ( 'NONE', #2028, #3701, #5019 ) ;
#3900 = CARTESIAN_POINT ( 'NONE',  ( 31.77136511615317360, -9.474792057425267089, -1.266664214062754201 ) ) ;
#3901 = ORIENTED_EDGE ( 'NONE', *, *, #1726, .T. ) ;
#3902 = ORIENTED_EDGE ( 'NONE', *, *, #4453, .F. ) ;
#3903 = CARTESIAN_POINT ( 'NONE',  ( 23.96815301235806217, -7.108415647444650709, 5.367174514907567584 ) ) ;
#3904 = CARTESIAN_POINT ( 'NONE',  ( 25.72447613156203161, 15.43624360168487009, 9.217795087809772525 ) ) ;
#3905 = EDGE_CURVE ( 'NONE', #1898, #2550, #124, .T. ) ;
#3906 = FACE_OUTER_BOUND ( 'NONE', #1299, .T. ) ;
#3907 = DIRECTION ( 'NONE',  ( 0.000000000000000000, 0.000000000000000000, -1.000000000000000000 ) ) ;
#3908 = DIRECTION ( 'NONE',  ( 0.000000000000000000, 0.000000000000000000, 1.000000000000000000 ) ) ;
#3909 = VECTOR ( 'NONE', #850, 1000.000000000000000 ) ;
#3910 = ADVANCED_FACE ( 'NONE', ( #576 ), #2303, .T. ) ;
#3911 = DIRECTION ( 'NONE',  ( 0.000000000000000000, 0.000000000000000000, 1.000000000000000000 ) ) ;
#3912 = ORIENTED_EDGE ( 'NONE', *, *, #2115, .F. ) ;
#3913 = CARTESIAN_POINT ( 'NONE',  ( 23.89051716104827250, -7.365145540204178332, 4.240888652928684444 ) ) ;
#3914 = EDGE_LOOP ( 'NONE', ( #4503, #1091, #3837, #4784 ) ) ;
#3915 = EDGE_CURVE ( 'NONE', #2435, #4676, #2397, .T. ) ;
#3916 = DIRECTION ( 'NONE',  ( 0.000000000000000000, 0.000000000000000000, 1.000000000000000000 ) ) ;
#3917 = CARTESIAN_POINT ( 'NONE',  ( 29.61826377693846979, 11.26047617470555373, 10.24169151367386732 ) ) ;
#3918 = CARTESIAN_POINT ( 'NONE',  ( 26.14999999999999858, 8.000000000000000000, 5.000000000000000000 ) ) ;
#3919 = EDGE_CURVE ( 'NONE', #3633, #4801, #3711, .T. ) ;
#3920 = FACE_BOUND ( 'NONE', #1935, .T. ) ;
#3921 = DIRECTION ( 'NONE',  ( 0.000000000000000000, 1.776356839400250465E-15, -1.000000000000000000 ) ) ;
#3922 = AXIS2_PLACEMENT_3D ( 'NONE', #1101, #2837, #4549 ) ;
#3923 = ORIENTED_EDGE ( 'NONE', *, *, #4289, .F. ) ;
#3924 = CARTESIAN_POINT ( 'NONE',  ( 26.14999999999999858, -9.020238095238024556, 5.248222136452771025 ) ) ;
#3925 = CARTESIAN_POINT ( 'NONE',  ( 31.00000000000000000, -15.05199322349037239, -9.999999999999998224 ) ) ;
#3926 = DIRECTION ( 'NONE',  ( -1.000000000000000000, 0.000000000000000000, 0.000000000000000000 ) ) ;
#3927 = DIRECTION ( 'NONE',  ( 1.000000000000000000, 0.000000000000000000, 0.000000000000000000 ) ) ;
#3928 = ORIENTED_EDGE ( 'NONE', *, *, #569, .F. ) ;
#3929 = CARTESIAN_POINT ( 'NONE',  ( 31.61364982869467610, -9.402274870643527294, 11.52832620014996401 ) ) ;
#3930 = CARTESIAN_POINT ( 'NONE',  ( 31.67148386518588055, 9.440152368435098751, -1.413918866136155250 ) ) ;
#3931 = DIRECTION ( 'NONE',  ( 1.000000000000000000, -0.000000000000000000, -0.000000000000000000 ) ) ;
#3932 = AXIS2_PLACEMENT_3D ( 'NONE', #3308, #1908, #4562 ) ;
#3933 = AXIS2_PLACEMENT_3D ( 'NONE', #3393, #37, #6 ) ;
#3934 = DIRECTION ( 'NONE',  ( 0.000000000000000000, 0.000000000000000000, 1.000000000000000000 ) ) ;
#3935 = EDGE_CURVE ( 'NONE', #4624, #1545, #5246, .T. ) ;
#3936 = CIRCLE ( 'NONE', #4654, 0.2499999999999997780 ) ;
#3937 = CIRCLE ( 'NONE', #2227, 0.9999999999999997780 ) ;
#3938 = CIRCLE ( 'NONE', #1513, 1.049999999999998934 ) ;
#3939 = CARTESIAN_POINT ( 'NONE',  ( 22.00000000000000000, 2.714842239903703103E-13, 13.00000000000019895 ) ) ;
#3940 = EDGE_LOOP ( 'NONE', ( #1995, #4992, #5461, #485, #5060, #3570 ) ) ;
#3941 = ORIENTED_EDGE ( 'NONE', *, *, #1254, .T. ) ;
#3942 = CARTESIAN_POINT ( 'NONE',  ( 26.54435501880736936, 14.21934304231286461, 0.8799176032170422657 ) ) ;
#3943 = ORIENTED_EDGE ( 'NONE', *, *, #1231, .T. ) ;
#3944 = CIRCLE ( 'NONE', #519, 0.2499999999999993616 ) ;
#3945 = EDGE_CURVE ( 'NONE', #3975, #2993, #1978, .T. ) ;
#3946 = EDGE_CURVE ( 'NONE', #579, #1801, #3539, .T. ) ;
#3947 = DIRECTION ( 'NONE',  ( 1.000000000000000000, 0.000000000000000000, 0.000000000000000000 ) ) ;
#3948 = DIRECTION ( 'NONE',  ( 1.000000000000000000, 0.000000000000000000, 0.000000000000000000 ) ) ;
#3949 = ORIENTED_EDGE ( 'NONE', *, *, #5388, .T. ) ;
#3950 = CARTESIAN_POINT ( 'NONE',  ( 26.14999999999999858, -1.402676721942919044E-13, -4.999999999999773515 ) ) ;
#3951 = CARTESIAN_POINT ( 'NONE',  ( 23.99751377134736430, 7.008524212523341568, 5.346781378609803070 ) ) ;
#3952 = DIRECTION ( 'NONE',  ( 0.000000000000000000, 0.000000000000000000, 1.000000000000000000 ) ) ;
#3953 = ADVANCED_FACE ( 'NONE', ( #1537 ), #5430, .F. ) ;
#3954 = EDGE_CURVE ( 'NONE', #5356, #562, #2329, .T. ) ;
#3955 = B_SPLINE_CURVE_WITH_KNOTS ( 'NONE', 3,
 ( #5495, #1709, #3450, #866, #2539, #1629, #5075, #2512, #1256, #2997, #3419, #1200 ),
 .UNSPECIFIED., .F., .F.,
 ( 4, 2, 2, 2, 2, 4 ),
 ( 0.000000000000000000, 0.002122909815666592943, 0.004245819631333185885, 0.006368729446999778394, 0.007430184354833068577, 0.008491639262666359628 ),
 .UNSPECIFIED. ) ;
#3956 = VERTEX_POINT ( 'NONE', #4550 ) ;
#3957 = CARTESIAN_POINT ( 'NONE',  ( 29.51351296426989279, 11.34584477530183477, 10.19181878062935453 ) ) ;
#3958 = DIRECTION ( 'NONE',  ( -1.000000000000000000, -0.000000000000000000, -0.000000000000000000 ) ) ;
#3959 = CARTESIAN_POINT ( 'NONE',  ( 25.64260328921920618, -15.57102747257624742, 10.00000000000000178 ) ) ;
#3960 = DIRECTION ( 'NONE',  ( 0.000000000000000000, -8.881784197001194145E-16, 1.000000000000000000 ) ) ;
#3961 = ORIENTED_EDGE ( 'NONE', *, *, #5494, .F. ) ;
#3962 = VERTEX_POINT ( 'NONE', #2388 ) ;
#3963 = AXIS2_PLACEMENT_3D ( 'NONE', #1686, #1769, #3892 ) ;
#3964 = CARTESIAN_POINT ( 'NONE',  ( 27.25912353858923609, -13.28926930102388759, 10.12830562076124430 ) ) ;
#3965 = DIRECTION ( 'NONE',  ( 1.000000000000000000, -0.000000000000000000, -0.000000000000000000 ) ) ;
#3966 = CARTESIAN_POINT ( 'NONE',  ( 24.00000000000000000, 15.05199322349037239, 0.000000000000000000 ) ) ;
#3967 = VECTOR ( 'NONE', #1466, 1000.000000000000000 ) ;
#3968 = CARTESIAN_POINT ( 'NONE',  ( 24.00000000000000000, 7.000000000000007994, 10.00000000000000000 ) ) ;
#3969 = DIRECTION ( 'NONE',  ( 0.000000000000000000, 0.000000000000000000, -1.000000000000000000 ) ) ;
#3970 = ORIENTED_EDGE ( 'NONE', *, *, #4523, .F. ) ;
#3971 = AXIS2_PLACEMENT_3D ( 'NONE', #913, #3931, #2614 ) ;
#3972 = ORIENTED_EDGE ( 'NONE', *, *, #2019, .T. ) ;
#3973 = VECTOR ( 'NONE', #3800, 1000.000000000000000 ) ;
#3974 = CARTESIAN_POINT ( 'NONE',  ( 24.78784984624523346, 15.05199322349037239, 0.000000000000000000 ) ) ;
#3975 = VERTEX_POINT ( 'NONE', #3628 ) ;
#3976 = EDGE_CURVE ( 'NONE', #1965, #4721, #4102, .T. ) ;
#3977 = AXIS2_PLACEMENT_3D ( 'NONE', #3670, #737, #2349 ) ;
#3978 = VECTOR ( 'NONE', #3105, 1000.000000000000000 ) ;
#3979 = DIRECTION ( 'NONE',  ( 0.000000000000000000, 0.000000000000000000, -1.000000000000000000 ) ) ;
#3980 = CARTESIAN_POINT ( 'NONE',  ( 25.68830209145121657, 15.49558368575917555, 0.003465117463570470402 ) ) ;
#3981 = ORIENTED_EDGE ( 'NONE', *, *, #2194, .F. ) ;
#3982 = CARTESIAN_POINT ( 'NONE',  ( 24.85854012602414898, 14.93495841316095785, 9.000622615203567989 ) ) ;
#3983 = AXIS2_PLACEMENT_3D ( 'NONE', #884, #2615, #3908 ) ;
#3984 = EDGE_CURVE ( 'NONE', #4563, #1, #5401, .T. ) ;
#3985 = AXIS2_PLACEMENT_3D ( 'NONE', #4871, #1402, #148 ) ;
#3986 = CARTESIAN_POINT ( 'NONE',  ( 30.11639232562599133, 10.12560422019469364, 11.29414212059622713 ) ) ;
#3987 = CARTESIAN_POINT ( 'NONE',  ( 30.76508046820791975, 9.618558112260034321, 11.60033607795361199 ) ) ;
#3988 = EDGE_CURVE ( 'NONE', #1390, #3751, #1048, .T. ) ;
#3989 = CARTESIAN_POINT ( 'NONE',  ( 24.00000000000000000, 8.551344190098960851, 4.106400769895071079 ) ) ;
#3990 = VERTEX_POINT ( 'NONE', #4495 ) ;
#3991 = AXIS2_PLACEMENT_3D ( 'NONE', #3144, #3257, #4850 ) ;
#3992 = EDGE_LOOP ( 'NONE', ( #1426, #2738, #4016, #3554 ) ) ;
#3993 = CARTESIAN_POINT ( 'NONE',  ( 25.71573116485255639, 15.44995697913202370, 0.9993773847964652068 ) ) ;
#3994 = CARTESIAN_POINT ( 'NONE',  ( 26.76701862883338379, 13.55467398544222668, 14.83213511460348144 ) ) ;
#3995 = DIRECTION ( 'NONE',  ( 0.000000000000000000, 0.000000000000000000, -1.000000000000000000 ) ) ;
#3996 = DIRECTION ( 'NONE',  ( 0.000000000000000000, 0.000000000000000000, 1.000000000000000000 ) ) ;
#3997 = CYLINDRICAL_SURFACE ( 'NONE', #284, 1.050000000000000488 ) ;
#3998 = DIRECTION ( 'NONE',  ( 0.000000000000000000, 1.000000000000000000, 0.000000000000000000 ) ) ;
#3999 = ORIENTED_EDGE ( 'NONE', *, *, #3314, .T. ) ;
#4000 = DIRECTION ( 'NONE',  ( 1.000000000000000000, -0.000000000000000000, -0.000000000000000000 ) ) ;
#4001 = VERTEX_POINT ( 'NONE', #4940 ) ;
#4002 = CYLINDRICAL_SURFACE ( 'NONE', #4953, 0.2499999999999993616 ) ;
#4003 = CARTESIAN_POINT ( 'NONE',  ( 25.71573116485256705, 15.44995697913202726, 9.000622615203571542 ) ) ;
#4004 = ADVANCED_FACE ( 'NONE', ( #2839, #3596 ), #3184, .F. ) ;
#4005 = ORIENTED_EDGE ( 'NONE', *, *, #1366, .T. ) ;
#4006 = DIRECTION ( 'NONE',  ( 1.000000000000000000, -0.000000000000000000, -0.000000000000000000 ) ) ;
#4007 = CYLINDRICAL_SURFACE ( 'NONE', #2348, 3.100000000000000533 ) ;
#4008 = DIRECTION ( 'NONE',  ( 0.000000000000000000, 0.000000000000000000, 1.000000000000000000 ) ) ;
#4009 = DIRECTION ( 'NONE',  ( 0.000000000000000000, 0.000000000000000000, -1.000000000000000000 ) ) ;
#4011 = AXIS2_PLACEMENT_3D ( 'NONE', #5065, #2986, #3771 ) ;
#4010 = DIRECTION ( 'NONE',  ( -0.8571910388284190718, 0.5149985659710673014, 0.000000000000000000 ) ) ;
#4012 = EDGE_CURVE ( 'NONE', #4791, #1927, #5314, .T. ) ;
#4013 = EDGE_CURVE ( 'NONE', #4624, #1599, #2768, .T. ) ;
#4014 = FACE_OUTER_BOUND ( 'NONE', #1240, .T. ) ;
#4015 = ORIENTED_EDGE ( 'NONE', *, *, #670, .F. ) ;
#4016 = ORIENTED_EDGE ( 'NONE', *, *, #778, .T. ) ;
#4017 = CARTESIAN_POINT ( 'NONE',  ( 31.39088358695955350, 9.686141446367919627, -1.308264571708949164 ) ) ;
#4018 = CARTESIAN_POINT ( 'NONE',  ( 25.55519248226704931, 15.71487996717090319, 2.887439735576597499 ) ) ;
#4019 = DIRECTION ( 'NONE',  ( -0.000000000000000000, -1.000000000000000000, -0.000000000000000000 ) ) ;
#4020 = CARTESIAN_POINT ( 'NONE',  ( 32.00000000000591172, -9.469062246644906367, 11.08073808079229039 ) ) ;
#4021 = CARTESIAN_POINT ( 'NONE',  ( 22.00000000000000000, -7.999999999999928946, 5.000000000000472511 ) ) ;
#4022 = CYLINDRICAL_SURFACE ( 'NONE', #4870, 1.049999999999998934 ) ;
#4023 = ORIENTED_EDGE ( 'NONE', *, *, #1903, .F. ) ;
#4024 = ORIENTED_EDGE ( 'NONE', *, *, #2804, .T. ) ;
#4025 = B_SPLINE_CURVE_WITH_KNOTS ( 'NONE', 3,
 ( #2096, #2064, #5560, #824 ),
 .UNSPECIFIED., .F., .F.,
 ( 4, 4 ),
 ( 0.000000000000000000, 0.0008495824387531080487 ),
 .UNSPECIFIED. ) ;
#4026 = DIRECTION ( 'NONE',  ( 1.000000000000000000, 0.000000000000000000, 0.000000000000000000 ) ) ;
#4027 = ORIENTED_EDGE ( 'NONE', *, *, #1571, .T. ) ;
#4028 = CARTESIAN_POINT ( 'NONE',  ( 32.00000000000000000, -7.999999999999928946, 5.000000000000472511 ) ) ;
#4029 = CARTESIAN_POINT ( 'NONE',  ( 23.65854107221095148, -8.079197629375560297, 6.047008947193036832 ) ) ;
#4030 = VERTEX_POINT ( 'NONE', #4524 ) ;
#4031 = DIRECTION ( 'NONE',  ( 1.000000000000000000, -0.000000000000000000, -0.000000000000000000 ) ) ;
#4032 = AXIS2_PLACEMENT_3D ( 'NONE', #1002, #554, #4786 ) ;
#4033 = DIRECTION ( 'NONE',  ( 0.000000000000000000, 0.000000000000000000, -1.000000000000000000 ) ) ;
#4034 = CYLINDRICAL_SURFACE ( 'NONE', #38, 0.2500000000000002220 ) ;
#4035 = DIRECTION ( 'NONE',  ( 0.000000000000000000, 0.000000000000000000, 1.000000000000000000 ) ) ;
#4036 = DIRECTION ( 'NONE',  ( 0.000000000000000000, 0.000000000000000000, -1.000000000000000000 ) ) ;
#4037 = VECTOR ( 'NONE', #1870, 1000.000000000000000 ) ;
#4038 = CARTESIAN_POINT ( 'NONE',  ( 24.00000000000000000, 7.000000000000007994, 10.00000000000000000 ) ) ;
#4039 = VERTEX_POINT ( 'NONE', #4467 ) ;
#4040 = CARTESIAN_POINT ( 'NONE',  ( 31.00000000000000000, -15.05199322349037239, 20.00000000000000000 ) ) ;
#4041 = CARTESIAN_POINT ( 'NONE',  ( 32.00000000000000711, 11.08119519512957751, 3.038272796997294911 ) ) ;
#4042 = DIRECTION ( 'NONE',  ( 0.000000000000000000, -3.552713678800508818E-15, 1.000000000000000000 ) ) ;
#4043 = CARTESIAN_POINT ( 'NONE',  ( 24.00000000000000000, -8.551344190098891573, 4.106400769895547143 ) ) ;
#4044 = EDGE_CURVE ( 'NONE', #606, #1145, #3211, .T. ) ;
#4045 = CARTESIAN_POINT ( 'NONE',  ( 25.25675967879018913, -14.34303627744092680, -0.006977348534373388825 ) ) ;
#4046 = VERTEX_POINT ( 'NONE', #4075 ) ;
#4047 = DIRECTION ( 'NONE',  ( 0.000000000000000000, 0.000000000000000000, -1.000000000000000000 ) ) ;
#4048 = ORIENTED_EDGE ( 'NONE', *, *, #712, .T. ) ;
#4049 = FACE_OUTER_BOUND ( 'NONE', #361, .T. ) ;
#4050 = EDGE_CURVE ( 'NONE', #2818, #138, #78, .T. ) ;
#4051 = EDGE_CURVE ( 'NONE', #4619, #3090, #2960, .T. ) ;
#4052 = CIRCLE ( 'NONE', #2521, 0.2500000000000002220 ) ;
#4053 = CIRCLE ( 'NONE', #362, 1.049999999999999822 ) ;
#4054 = CARTESIAN_POINT ( 'NONE',  ( 22.00000000000000000, 0.9986093421097119727, -3.324467844093424773 ) ) ;
#4055 = DIRECTION ( 'NONE',  ( 0.000000000000000000, 0.000000000000000000, -1.000000000000000000 ) ) ;
#4056 = EDGE_LOOP ( 'NONE', ( #1716, #3859, #2475, #2621 ) ) ;
#4057 = CARTESIAN_POINT ( 'NONE',  ( 30.50909204433976996, -9.823497344555779165, 11.47250643155761551 ) ) ;
#4058 = EDGE_LOOP ( 'NONE', ( #5486, #4161, #3748, #136 ) ) ;
#4059 = DIRECTION ( 'NONE',  ( 1.000000000000000000, -0.000000000000000000, -0.000000000000000000 ) ) ;
#4060 = VECTOR ( 'NONE', #4144, 1000.000000000000000 ) ;
#4061 = AXIS2_PLACEMENT_3D ( 'NONE', #3722, #1930, #3663 ) ;
#4062 = B_SPLINE_CURVE_WITH_KNOTS ( 'NONE', 3,
 ( #2688, #1361, #4346, #1410, #3092, #4769, #4797, #2660, #930, #15, #4823, #4371, #487, #515 ),
 .UNSPECIFIED., .F., .F.,
 ( 4, 2, 2, 2, 2, 2, 4 ),
 ( 2.168404344971008868E-19, 0.002200007650135392054, 0.003300011475203089815, 0.004400015300270786710, 0.006600022950406176162, 0.007700026775473866117, 0.008800030600541556072 ),
 .UNSPECIFIED. ) ;
#4063 = LINE ( 'NONE', #2380, #454 ) ;
#4064 = AXIS2_PLACEMENT_3D ( 'NONE', #469, #5127, #3934 ) ;
#4065 = CARTESIAN_POINT ( 'NONE',  ( 31.40232453845027294, 9.386790142486523436, 11.75761408499698213 ) ) ;
#4066 = DIRECTION ( 'NONE',  ( 1.000000000000000000, -0.000000000000000000, -0.000000000000000000 ) ) ;
#4067 = CARTESIAN_POINT ( 'NONE',  ( 24.00000000000000000, 0.000000000000000000, 0.000000000000000000 ) ) ;
#4068 = AXIS2_PLACEMENT_3D ( 'NONE', #36, #62, #532 ) ;
#4069 = B_SPLINE_CURVE_WITH_KNOTS ( 'NONE', 3,
 ( #2006, #403, #1208, #345 ),
 .UNSPECIFIED., .F., .F.,
 ( 4, 4 ),
 ( 0.000000000000000000, 0.0002946557546840183526 ),
 .UNSPECIFIED. ) ;
#4070 = FACE_OUTER_BOUND ( 'NONE', #1003, .T. ) ;
#4071 = ORIENTED_EDGE ( 'NONE', *, *, #1387, .F. ) ;
#4072 = EDGE_CURVE ( 'NONE', #2357, #3132, #3938, .T. ) ;
#4073 = CARTESIAN_POINT ( 'NONE',  ( 24.78784984624522991, 15.05199322349037239, 10.00000000000000000 ) ) ;
#4074 = CARTESIAN_POINT ( 'NONE',  ( 32.00000000001129763, 10.02140073190797231, -0.1196402862661356953 ) ) ;
#4075 = CARTESIAN_POINT ( 'NONE',  ( -10.00000000000000000, 25.00000000000000000, 1.000000000000000000 ) ) ;
#4076 = DIRECTION ( 'NONE',  ( 0.5190342490858752544, 0.8547534429739735984, -0.000000000000000000 ) ) ;
#4077 = DIRECTION ( 'NONE',  ( 0.000000000000000000, 0.000000000000000000, 1.000000000000000000 ) ) ;
#4078 = CARTESIAN_POINT ( 'NONE',  ( 23.68543856465402442, 8.000000000000000000, 3.949999999999999734 ) ) ;
#4079 = ORIENTED_EDGE ( 'NONE', *, *, #104, .T. ) ;
#4080 = EDGE_CURVE ( 'NONE', #4253, #151, #3673, .T. ) ;
#4081 = ORIENTED_EDGE ( 'NONE', *, *, #4437, .F. ) ;
#4082 = DIRECTION ( 'NONE',  ( 0.000000000000000000, 0.000000000000000000, -1.000000000000000000 ) ) ;
#4083 = ORIENTED_EDGE ( 'NONE', *, *, #1310, .T. ) ;
#4084 = DIRECTION ( 'NONE',  ( 0.000000000000000000, 0.000000000000000000, 1.000000000000000000 ) ) ;
#4085 = CIRCLE ( 'NONE', #3899, 9.999999999999998224 ) ;
#4086 = EDGE_CURVE ( 'NONE', #1651, #1078, #1321, .T. ) ;
#4087 = DIRECTION ( 'NONE',  ( 0.000000000000000000, 0.000000000000000000, -1.000000000000000000 ) ) ;
#4088 = CARTESIAN_POINT ( 'NONE',  ( 26.14999999999999858, -7.320511353742773508, 4.199503167022589523 ) ) ;
#4089 = ORIENTED_EDGE ( 'NONE', *, *, #3946, .F. ) ;
#4090 = CARTESIAN_POINT ( 'NONE',  ( 24.85854012602414542, -14.94559794137272668, 10.00056601382142674 ) ) ;
#4091 = EDGE_LOOP ( 'NONE', ( #2310, #59, #2200, #3532 ) ) ;
#4092 = CARTESIAN_POINT ( 'NONE',  ( 22.00000000000000000, 2.714842239903703103E-13, 13.00000000000019895 ) ) ;
#4093 = AXIS2_PLACEMENT_3D ( 'NONE', #1854, #3589, #1067 ) ;
#4094 = DIRECTION ( 'NONE',  ( 1.000000000000000000, -0.000000000000000000, -0.000000000000000000 ) ) ;
#4095 = ADVANCED_FACE ( 'NONE', ( #2122, #5530 ), #2554, .T. ) ;
#4096 = CARTESIAN_POINT ( 'NONE',  ( 31.13329652313039020, 9.945286567092365360, 11.11673497409700495 ) ) ;
#4097 = CYLINDRICAL_SURFACE ( 'NONE', #1845, 0.2499999999999993616 ) ;
#4098 = CARTESIAN_POINT ( 'NONE',  ( 32.00000000000000000, 0.8935992301051999265, 13.55134419009915803 ) ) ;
#4099 = EDGE_LOOP ( 'NONE', ( #5148, #2376, #692, #3949 ) ) ;
#4100 = CARTESIAN_POINT ( 'NONE',  ( 26.14999999999999858, -8.324467844093623725, 5.998609342110383658 ) ) ;
#4101 = DIRECTION ( 'NONE',  ( 1.000000000000000000, 0.000000000000000000, 0.000000000000000000 ) ) ;
#4102 = LINE ( 'NONE', #1102, #5381 ) ;
#4103 = DIRECTION ( 'NONE',  ( 1.000000000000000000, -0.000000000000000000, -0.000000000000000000 ) ) ;
#4104 = AXIS2_PLACEMENT_3D ( 'NONE', #2922, #1207, #5479 ) ;
#4105 = CARTESIAN_POINT ( 'NONE',  ( 29.69000667247717473, -10.43242222436062683, -1.128184309804962426 ) ) ;
#4106 = ORIENTED_EDGE ( 'NONE', *, *, #3836, .F. ) ;
#4107 = VERTEX_POINT ( 'NONE', #1157 ) ;
#4108 = DIRECTION ( 'NONE',  ( 0.000000000000000000, 0.000000000000000000, 1.000000000000000000 ) ) ;
#4109 = ORIENTED_EDGE ( 'NONE', *, *, #839, .T. ) ;
#4110 = DIRECTION ( 'NONE',  ( 1.000000000000000000, -0.000000000000000000, -0.000000000000000000 ) ) ;
#4111 = EDGE_CURVE ( 'NONE', #1133, #4636, #4069, .T. ) ;
#4112 = DIRECTION ( 'NONE',  ( 0.000000000000000000, 0.000000000000000000, 1.000000000000000000 ) ) ;
#4113 = CARTESIAN_POINT ( 'NONE',  ( 24.00000000000000000, 8.000000000000000000, 5.000000000000000000 ) ) ;
#4114 = EDGE_LOOP ( 'NONE', ( #2731, #790, #1325, #1957 ) ) ;
#4115 = CARTESIAN_POINT ( 'NONE',  ( 29.69505418531690211, -10.42880762643890513, 11.13004985786799850 ) ) ;
#4116 = ORIENTED_EDGE ( 'NONE', *, *, #4182, .F. ) ;
#4117 = CARTESIAN_POINT ( 'NONE',  ( 25.55519248226583784, -15.71487996717290159, 7.112560264422485012 ) ) ;
#4118 = AXIS2_PLACEMENT_3D ( 'NONE', #2708, #3055, #895 ) ;
#4119 = AXIS2_PLACEMENT_3D ( 'NONE', #5330, #3664, #3197 ) ;
#4120 = CARTESIAN_POINT ( 'NONE',  ( -4.999999999999999112, -30.00100000000000122, 8.099999999999999645 ) ) ;
#4121 = CIRCLE ( 'NONE', #4384, 0.2500000000000002220 ) ;
#4122 = LINE ( 'NONE', #2973, #2186 ) ;
#4123 = CARTESIAN_POINT ( 'NONE',  ( 26.14999999999999858, -1.405126015541213746E-13, -2.999999999999773515 ) ) ;
#4124 = AXIS2_PLACEMENT_3D ( 'NONE', #2420, #4133, #5377 ) ;
#4125 = ORIENTED_EDGE ( 'NONE', *, *, #3684, .T. ) ;
#4126 = DIRECTION ( 'NONE',  ( 1.000000000000000000, -0.000000000000000000, -0.000000000000000000 ) ) ;
#4127 = CARTESIAN_POINT ( 'NONE',  ( 28.45518346585486924, 9.940845844078348037, -3.400933680140389992 ) ) ;
#4128 = CARTESIAN_POINT ( 'NONE',  ( 23.99160798210723655, -7.028708731544392130, 4.601135020562523437 ) ) ;
#4129 = FACE_OUTER_BOUND ( 'NONE', #3718, .T. ) ;
#4130 = CARTESIAN_POINT ( 'NONE',  ( -4.999999999999999112, 30.00000000000000000, 8.099999999999999645 ) ) ;
#4131 = VERTEX_POINT ( 'NONE', #3788 ) ;
#4132 = ORIENTED_EDGE ( 'NONE', *, *, #1540, .T. ) ;
#4133 = DIRECTION ( 'NONE',  ( 1.000000000000000000, -0.000000000000000000, -0.000000000000000000 ) ) ;
#4134 = ORIENTED_EDGE ( 'NONE', *, *, #187, .T. ) ;
#4135 = DIRECTION ( 'NONE',  ( 0.000000000000000000, 3.469446951953635094E-15, 1.000000000000000000 ) ) ;
#4136 = CYLINDRICAL_SURFACE ( 'NONE', #1357, 1.049999999999998934 ) ;
#4137 = CARTESIAN_POINT ( 'NONE',  ( 24.00000000000000000, 7.150532155906305753, 5.617174514907096849 ) ) ;
#4138 = VECTOR ( 'NONE', #844, 1000.000000000000000 ) ;
#4139 = EDGE_LOOP ( 'NONE', ( #5032, #804, #2167, #2592 ) ) ;
#4140 = CARTESIAN_POINT ( 'NONE',  ( 22.00000000000000000, 8.000000000000000000, 5.000000000000000000 ) ) ;
#4141 = ORIENTED_EDGE ( 'NONE', *, *, #3436, .F. ) ;
#4142 = CARTESIAN_POINT ( 'NONE',  ( 26.08026755274478603, -14.82713313144613032, -1.670640805393545758 ) ) ;
#4143 = AXIS2_PLACEMENT_3D ( 'NONE', #5207, #3996, #1813 ) ;
#4144 = DIRECTION ( 'NONE',  ( 0.000000000000000000, 0.000000000000000000, 1.000000000000000000 ) ) ;
#4145 = ADVANCED_FACE ( 'NONE', ( #3379 ), #1150, .T. ) ;
#4146 = CARTESIAN_POINT ( 'NONE',  ( 22.00000000000000000, 0.9986093421101819301, 13.32446784409389373 ) ) ;
#4147 = VECTOR ( 'NONE', #3631, 1000.000000000000000 ) ;
#4148 = CARTESIAN_POINT ( 'NONE',  ( 22.00000000000000000, -0.8004968329780802749, -2.320511353742570559 ) ) ;
#4149 = CIRCLE ( 'NONE', #4696, 0.2500000000000002220 ) ;
#4150 = EDGE_CURVE ( 'NONE', #5099, #3956, #3840, .T. ) ;
#4151 = ORIENTED_EDGE ( 'NONE', *, *, #2919, .F. ) ;
#4152 = EDGE_CURVE ( 'NONE', #4791, #499, #2196, .T. ) ;
#4153 = CARTESIAN_POINT ( 'NONE',  ( 32.00000000000000000, -1.047008947192762607, -3.079197629375359124 ) ) ;
#4154 = DIRECTION ( 'NONE',  ( 0.000000000000000000, 1.000000000000000000, -0.000000000000000000 ) ) ;
#4155 = CARTESIAN_POINT ( 'NONE',  ( 25.71573116485256350, -15.44995697913202726, 9.000622615203583976 ) ) ;
#4156 = LINE ( 'NONE', #239, #3351 ) ;
#4157 = AXIS2_PLACEMENT_3D ( 'NONE', #1339, #3072, #4357 ) ;
#4158 = APPLICATION_PROTOCOL_DEFINITION ( 'draft international standard', 'automotive_design', 1998, #1496 ) ;
#4159 = CARTESIAN_POINT ( 'NONE',  ( 0.000000000000000000, -26.00000000000000355, 10.00000000000000000 ) ) ;
#4160 = ORIENTED_EDGE ( 'NONE', *, *, #4218, .F. ) ;
#4161 = ORIENTED_EDGE ( 'NONE', *, *, #3169, .T. ) ;
#4162 = CARTESIAN_POINT ( 'NONE',  ( 25.51227572086725459, 15.78365571146888868, 5.664818349549998189 ) ) ;
#4163 = ORIENTED_EDGE ( 'NONE', *, *, #2575, .F. ) ;
#4164 = DIRECTION ( 'NONE',  ( 1.000000000000000000, -0.000000000000000000, -0.000000000000000000 ) ) ;
#4165 = EDGE_LOOP ( 'NONE', ( #2099, #1637, #2097, #2124 ) ) ;
#4166 = CARTESIAN_POINT ( 'NONE',  ( -10.00000000000000000, 25.00000000000000000, 9.000000000000001776 ) ) ;
#4167 = ORIENTED_EDGE ( 'NONE', *, *, #4190, .T. ) ;
#4168 = AXIS2_PLACEMENT_3D ( 'NONE', #1383, #3005, #4717 ) ;
#4169 = CARTESIAN_POINT ( 'NONE',  ( 32.00000000001463718, -10.82950739136924945, 8.059717403200957975 ) ) ;
#4170 = ADVANCED_FACE ( 'NONE', ( #3763 ), #2063, .T. ) ;
#4171 = CARTESIAN_POINT ( 'NONE',  ( 24.00000000000000000, -9.049999999999929656, 5.000000000000472511 ) ) ;
#4172 = ORIENTED_EDGE ( 'NONE', *, *, #640, .T. ) ;
#4173 = CARTESIAN_POINT ( 'NONE',  ( 26.14999999999999858, -1.047008947192292094, 13.07919762937583741 ) ) ;
#4174 = DIRECTION ( 'NONE',  ( -1.000000000000000000, 0.000000000000000000, -0.000000000000000000 ) ) ;
#4175 = B_SPLINE_CURVE_WITH_KNOTS ( 'NONE', 3,
 ( #4688, #1127, #5527, #2977, #822, #1563, #3761, #1206, #1183, #4177 ),
 .UNSPECIFIED., .F., .F.,
 ( 4, 2, 2, 2, 4 ),
 ( 0.000000000000000000, 0.0001811485040179662055, 0.0003622970080359324109, 0.0007245940160718693755, 0.001449188032143736149 ),
 .UNSPECIFIED. ) ;
#4176 = ORIENTED_EDGE ( 'NONE', *, *, #3150, .F. ) ;
#4177 = CARTESIAN_POINT ( 'NONE',  ( 32.00000000000000000, 9.946350224409561847, 10.25667358824836128 ) ) ;
#4178 = DIRECTION ( 'NONE',  ( 1.000000000000000000, -0.000000000000000000, -0.000000000000000000 ) ) ;
#4179 = DIRECTION ( 'NONE',  ( 1.000000000000000000, -0.000000000000000000, -0.000000000000000000 ) ) ;
#4180 = CARTESIAN_POINT ( 'NONE',  ( 25.64260328921920618, -15.57102747257624742, 0.9999999999999991118 ) ) ;
#4181 = EDGE_CURVE ( 'NONE', #2542, #2494, #235, .T. ) ;
#4182 = EDGE_CURVE ( 'NONE', #449, #743, #1632, .T. ) ;
#4183 = CARTESIAN_POINT ( 'NONE',  ( 22.00000000000000000, -8.079197629375560297, 6.047008947193036832 ) ) ;
#4184 = ORIENTED_EDGE ( 'NONE', *, *, #2534, .T. ) ;
#4185 = ORIENTED_EDGE ( 'NONE', *, *, #2404, .F. ) ;
#4186 = DIRECTION ( 'NONE',  ( 1.000000000000000000, -0.000000000000000000, -0.000000000000000000 ) ) ;
#4187 = CARTESIAN_POINT ( 'NONE',  ( 22.00000000000000000, -9.020238095238022780, 4.751777863548173997 ) ) ;
#4188 = CARTESIAN_POINT ( 'NONE',  ( 32.00000000000000000, 9.049999999999998934, 5.000000000000000000 ) ) ;
#4189 = AXIS2_PLACEMENT_3D ( 'NONE', #2866, #4466, #2328 ) ;
#4190 = EDGE_CURVE ( 'NONE', #5269, #4774, #5504, .T. ) ;
#4191 = DIRECTION ( 'NONE',  ( 1.000000000000000000, 0.000000000000000000, 0.000000000000000000 ) ) ;
#4192 = ORIENTED_EDGE ( 'NONE', *, *, #4258, .T. ) ;
#4193 = ORIENTED_EDGE ( 'NONE', *, *, #2965, .F. ) ;
#4194 = CARTESIAN_POINT ( 'NONE',  ( 22.00000000000000000, 9.020238095238095610, 4.751777863547702374 ) ) ;
#4195 = VERTEX_POINT ( 'NONE', #4689 ) ;
#4196 = CARTESIAN_POINT ( 'NONE',  ( 25.51229378617612653, -15.78362651057331156, 6.062806687172057174 ) ) ;
#4197 = B_SPLINE_CURVE_WITH_KNOTS ( 'NONE', 3,
 ( #3331, #437, #3849, #5538 ),
 .UNSPECIFIED., .F., .F.,
 ( 4, 4 ),
 ( 0.000000000000000000, 0.0001316018679310511559 ),
 .UNSPECIFIED. ) ;
#4198 = ORIENTED_EDGE ( 'NONE', *, *, #2858, .F. ) ;
#4199 = CARTESIAN_POINT ( 'NONE',  ( 23.76764507862014142, -7.756612832980144034, 3.950000000000464251 ) ) ;
#4200 = VECTOR ( 'NONE', #5100, 1000.000000000000000 ) ;
#4201 = CIRCLE ( 'NONE', #1312, 0.2499999999999993616 ) ;
#4202 = CARTESIAN_POINT ( 'NONE',  ( -10.00000000000000000, 30.00000000000000000, 9.000000000000001776 ) ) ;
#4203 = CARTESIAN_POINT ( 'NONE',  ( 24.85854012602414542, -14.94559794137272668, 10.00056601382142674 ) ) ;
#4204 = AXIS2_PLACEMENT_3D ( 'NONE', #4040, #185, #2385 ) ;
#4205 = VECTOR ( 'NONE', #1377, 1000.000000000000000 ) ;
#4206 = CIRCLE ( 'NONE', #3495, 1.050000000000002265 ) ;
#4207 = ORIENTED_EDGE ( 'NONE', *, *, #1119, .T. ) ;
#4208 = DIRECTION ( 'NONE',  ( 1.000000000000000000, 0.000000000000000000, -0.000000000000000000 ) ) ;
#4209 = DIRECTION ( 'NONE',  ( 1.000000000000000000, -0.000000000000000000, -0.000000000000000000 ) ) ;
#4210 = DIRECTION ( 'NONE',  ( 0.000000000000000000, 0.000000000000000000, -1.000000000000000000 ) ) ;
#4211 = CARTESIAN_POINT ( 'NONE',  ( -9.000000000000001776, 28.99999999999999645, 0.000000000000000000 ) ) ;
#4212 = CARTESIAN_POINT ( 'NONE',  ( 26.14999999999999858, -8.000000000000000000, 5.000000000000395239 ) ) ;
#4213 = VERTEX_POINT ( 'NONE', #2519 ) ;
#4214 = ORIENTED_EDGE ( 'NONE', *, *, #3449, .F. ) ;
#4215 = CARTESIAN_POINT ( 'NONE',  ( 32.00000000000000000, 8.551344190098962628, 5.893599230104925368 ) ) ;
#4216 = DIRECTION ( 'NONE',  ( 1.000000000000000000, -0.000000000000000000, -0.000000000000000000 ) ) ;
#4217 = CARTESIAN_POINT ( 'NONE',  ( 30.92565730929016610, -9.911947795871499878, -1.414190264534168184 ) ) ;
#4218 = EDGE_CURVE ( 'NONE', #1795, #3500, #123, .T. ) ;
#4219 = VERTEX_POINT ( 'NONE', #2095 ) ;
#4220 = ORIENTED_EDGE ( 'NONE', *, *, #779, .F. ) ;
#4221 = CARTESIAN_POINT ( 'NONE',  ( 22.00000000000000000, 0.8935992301047267494, -3.551344190098690845 ) ) ;
#4222 = ORIENTED_EDGE ( 'NONE', *, *, #3104, .F. ) ;
#4223 = VECTOR ( 'NONE', #1648, 1000.000000000000000 ) ;
#4224 = EDGE_CURVE ( 'NONE', #3962, #2192, #5143, .T. ) ;
#4225 = EDGE_CURVE ( 'NONE', #1933, #3130, #1269, .T. ) ;
#4226 = CARTESIAN_POINT ( 'NONE',  ( 23.62320616407774310, -8.182095423729171202, 5.780316713321243860 ) ) ;
#4227 =( BOUNDED_SURFACE ( )  B_SPLINE_SURFACE ( 3, 2, ( 
 ( #2025, #4564, #4303 ),
 ( #4593, #2883, #4725 ),
 ( #5418, #5044, #253 ),
 ( #2053, #5471, #1578 ),
 ( #1626, #704, #4752 ),
 ( #1146, #3752, #858 ),
 ( #4142, #1555, #1602 ),
 ( #334, #1120, #3778 ),
 ( #2478, #309, #3339 ),
 ( #3312, #5493, #735 ),
 ( #279, #2430, #3287 ),
 ( #1996, #4988, #2913 ),
 ( #5074, #2855, #1199 ),
 ( #4196, #4621, #758 ),
 ( #4117, #1967, #439 ),
 ( #2157, #3875, #26 ),
 ( #3696, #5446, #5013 ),
 ( #1728, #3466, #2454 ),
 ( #5179, #1303, #4169 ),
 ( #3043, #882, #577 ),
 ( #1753, #3071, #4829 ),
 ( #995, #525, #968 ),
 ( #3101, #4356, #52 ),
 ( #4380, #5315, #4861 ),
 ( #4444, #4887, #4020 ),
 ( #468, #3492, #2304 ) ),
 .UNSPECIFIED., .F., .F., .T. ) 
 B_SPLINE_SURFACE_WITH_KNOTS ( ( 4, 2, 2, 2, 2, 2, 2, 2, 2, 2, 2, 2, 4 ),
 ( 3, 3 ),
 ( 0.02435880501926130509, 0.02750288358636351904, 0.02907492286991462255, 0.03064696215346572952, 0.03379104072056794000, 0.03536308000411904351, 0.03693511928767015395, 0.04007919785477236790, 0.04165123713832347141, 0.04322327642187458185, 0.04636735498897679580, 0.04793939427252789931, 0.04951143355607900975 ),
 ( 0.000000000000000000, 1.000000000000000000 ),
 .UNSPECIFIED. ) 
 GEOMETRIC_REPRESENTATION_ITEM ( )  RATIONAL_B_SPLINE_SURFACE ( (
 ( 1.000000000000000000, 0.9231822669101197310, 1.000000000000000000),
 ( 1.000000000000000000, 0.9222003919215092660, 1.000000000000000000),
 ( 1.000000000000000000, 0.9214314514365625763, 1.000000000000000000),
 ( 1.000000000000000000, 0.9205026561231377524, 1.000000000000000000),
 ( 1.000000000000000000, 0.9202292017943835001, 1.000000000000000000),
 ( 1.000000000000000000, 0.9197526404251658017, 1.000000000000000000),
 ( 1.000000000000000000, 0.9195490260328180732, 1.000000000000000000),
 ( 1.000000000000000000, 0.9190203643207603967, 1.000000000000000000),
 ( 1.000000000000000000, 0.9187753183159459436, 1.000000000000000000),
 ( 1.000000000000000000, 0.9185288974576319987, 1.000000000000000000),
 ( 1.000000000000000000, 0.9184680817655613838, 1.000000000000000000),
 ( 1.000000000000000000, 0.9183874828031174387, 1.000000000000000000),
 ( 1.000000000000000000, 0.9183673851711355862, 1.000000000000000000),
 ( 1.000000000000000000, 0.9183670328587461018, 1.000000000000000000),
 ( 1.000000000000000000, 0.9184450922089271163, 1.000000000000000000),
 ( 1.000000000000000000, 0.9186867424566699247, 1.000000000000000000),
 ( 1.000000000000000000, 0.9187884250348982151, 1.000000000000000000),
 ( 1.000000000000000000, 0.9190410958815510289, 1.000000000000000000),
 ( 1.000000000000000000, 0.9191917261708867359, 1.000000000000000000),
 ( 1.000000000000000000, 0.9197214018987475148, 1.000000000000000000),
 ( 1.000000000000000000, 0.9201779803195078156, 1.000000000000000000),
 ( 1.000000000000000000, 0.9211054884916295427, 1.000000000000000000),
 ( 1.000000000000000000, 0.9214578875359620280, 1.000000000000000000),
 ( 1.000000000000000000, 0.9222500042420933575, 1.000000000000000000),
 ( 1.000000000000000000, 0.9226904915576270572, 1.000000000000000000),
 ( 1.000000000000000000, 0.9231826096183742836, 1.000000000000000000) ) ) 
 REPRESENTATION_ITEM ( '' )  SURFACE ( )  );
#4228 = ORIENTED_EDGE ( 'NONE', *, *, #3186, .T. ) ;
#4229 = CARTESIAN_POINT ( 'NONE',  ( 32.00000000000000000, 7.028708731544464960, 5.398864979437949962 ) ) ;
#4230 = CYLINDRICAL_SURFACE ( 'NONE', #4680, 0.2500000000000002220 ) ;
#4231 = CARTESIAN_POINT ( 'NONE',  ( -10.00000000000000000, 0.000000000000000000, 0.000000000000000000 ) ) ;
#4232 = AXIS2_PLACEMENT_3D ( 'NONE', #4789, #3584, #4338 ) ;
#4233 = ORIENTED_EDGE ( 'NONE', *, *, #2066, .F. ) ;
#4234 = DIRECTION ( 'NONE',  ( -0.8571910388284190718, 0.5149985659710673014, 0.000000000000000000 ) ) ;
#4235 = SURFACE_STYLE_FILL_AREA ( #2032 ) ;
#4236 = DIRECTION ( 'NONE',  ( 0.000000000000000000, 1.652117596168387953E-15, 1.000000000000000000 ) ) ;
#4237 = CARTESIAN_POINT ( 'NONE',  ( 32.00000000000000000, -9.020238095238024556, 5.248222136452771025 ) ) ;
#4238 = VECTOR ( 'NONE', #1668, 1000.000000000000000 ) ;
#4239 = AXIS2_PLACEMENT_3D ( 'NONE', #1432, #2736, #2165 ) ;
#4240 = EDGE_CURVE ( 'NONE', #5415, #427, #1093, .T. ) ;
#4241 = EDGE_LOOP ( 'NONE', ( #703, #4452, #2619, #1028 ) ) ;
#4242 = DIRECTION ( 'NONE',  ( 1.000000000000000000, -0.000000000000000000, -0.000000000000000000 ) ) ;
#4243 = ORIENTED_EDGE ( 'NONE', *, *, #2511, .F. ) ;
#4244 = ORIENTED_EDGE ( 'NONE', *, *, #4294, .T. ) ;
#4245 = CIRCLE ( 'NONE', #116, 1.050000000000001155 ) ;
#4246 = LINE ( 'NONE', #2043, #2138 ) ;
#4247 = CARTESIAN_POINT ( 'NONE',  ( 23.57928402621903174, -8.307883814536705103, 4.257712807570117164 ) ) ;
#4248 = DIRECTION ( 'NONE',  ( 0.000000000000000000, 0.000000000000000000, -1.000000000000000000 ) ) ;
#4249 = CARTESIAN_POINT ( 'NONE',  ( 24.81150572803980126, -15.01657789300547385, 6.505213034913026604E-16 ) ) ;
#4250 = VECTOR ( 'NONE', #5256, 1000.000000000000000 ) ;
#4251 = ADVANCED_FACE ( 'NONE', ( #823 ), #3544, .T. ) ;
#4252 = VECTOR ( 'NONE', #4019, 1000.000000000000000 ) ;
#4253 = VERTEX_POINT ( 'NONE', #1362 ) ;
#4254 = VERTEX_POINT ( 'NONE', #133 ) ;
#4255 = CARTESIAN_POINT ( 'NONE',  ( 24.00000000000000000, -15.05199322349037239, 10.00000000000000000 ) ) ;
#4256 = EDGE_LOOP ( 'NONE', ( #3107, #3740, #4134, #4439 ) ) ;
#4257 = ADVANCED_FACE ( 'NONE', ( #4852 ), #103, .T. ) ;
#4258 = EDGE_CURVE ( 'NONE', #1553, #2160, #205, .T. ) ;
#4259 = CYLINDRICAL_SURFACE ( 'NONE', #2133, 5.000000000000000000 ) ;
#4260 = VECTOR ( 'NONE', #4291, 1000.000000000000000 ) ;
#4261 = EDGE_LOOP ( 'NONE', ( #4311, #2864, #5456, #392, #2216 ) ) ;
#4262 = CARTESIAN_POINT ( 'NONE',  ( 23.31598817775513055, -9.020238095238022780, 4.751777863548173997 ) ) ;
#4263 = CARTESIAN_POINT ( 'NONE',  ( 24.00000000000000000, 7.000000000000007994, 5.320156211871665874 ) ) ;
#4264 = CARTESIAN_POINT ( 'NONE',  ( 31.58153269725703183, 9.442722495556902018, -1.497036108506289320 ) ) ;
#4265 = EDGE_LOOP ( 'NONE', ( #832, #2807, #2022, #7, #3123, #4125 ) ) ;
#4266 = DIRECTION ( 'NONE',  ( 0.000000000000000000, 0.000000000000000000, 1.000000000000000000 ) ) ;
#4267 = CARTESIAN_POINT ( 'NONE',  ( 26.14999999999999858, -1.986099686646560856E-13, -4.049999999999727152 ) ) ;
#4268 = DIRECTION ( 'NONE',  ( -0.000000000000000000, -1.000000000000000000, 0.000000000000000000 ) ) ;
#4269 = CARTESIAN_POINT ( 'NONE',  ( 22.00000000000000000, 8.000000000000000000, 3.950000000000000178 ) ) ;
#4270 = VECTOR ( 'NONE', #397, 1000.000000000000000 ) ;
#4271 = ORIENTED_EDGE ( 'NONE', *, *, #1237, .T. ) ;
#4272 = VERTEX_POINT ( 'NONE', #1295 ) ;
#4273 = CARTESIAN_POINT ( 'NONE',  ( 25.58136602702082385, 15.67360146999221726, 2.313993733477318404 ) ) ;
#4274 = CARTESIAN_POINT ( 'NONE',  ( 24.00000000000000000, -7.028708731544392130, 4.601135020562523437 ) ) ;
#4275 = DIRECTION ( 'NONE',  ( 1.000000000000000000, 0.000000000000000000, -0.000000000000000000 ) ) ;
#4276 = CARTESIAN_POINT ( 'NONE',  ( 32.00000000000000000, -8.079197629375560297, 6.047008947193036832 ) ) ;
#4277 = CARTESIAN_POINT ( 'NONE',  ( 32.00000000000000000, 8.079197629375634904, 6.047008947192564321 ) ) ;
#4278 = ORIENTED_EDGE ( 'NONE', *, *, #5128, .T. ) ;
#4279 = LINE ( 'NONE', #416, #4570 ) ;
#4280 = ORIENTED_EDGE ( 'NONE', *, *, #2503, .T. ) ;
#4281 = EDGE_CURVE ( 'NONE', #5202, #2108, #431, .T. ) ;
#4282 = CIRCLE ( 'NONE', #1401, 0.2499999999999985012 ) ;
#4283 = DIRECTION ( 'NONE',  ( 0.000000000000000000, 0.000000000000000000, 1.000000000000000000 ) ) ;
#4284 = ORIENTED_EDGE ( 'NONE', *, *, #5406, .T. ) ;
#4285 = LINE ( 'NONE', #1201, #2684 ) ;
#4286 = DIRECTION ( 'NONE',  ( 0.000000000000000000, 1.000000000000000000, -0.000000000000000000 ) ) ;
#4287 = CARTESIAN_POINT ( 'NONE',  ( 26.14999999999999858, -0.9986093421101105427, -3.324467844093419444 ) ) ;
#4288 = EDGE_CURVE ( 'NONE', #3447, #4340, #5155, .T. ) ;
#4289 = EDGE_CURVE ( 'NONE', #138, #4039, #2726, .T. ) ;
#4290 = EDGE_LOOP ( 'NONE', ( #3811, #5407, #1427, #522 ) ) ;
#4291 = DIRECTION ( 'NONE',  ( -1.000000000000000000, -0.000000000000000000, -0.000000000000000000 ) ) ;
#4292 = EDGE_CURVE ( 'NONE', #1078, #2525, #2906, .T. ) ;
#4293 = CARTESIAN_POINT ( 'NONE',  ( 26.14999999999999858, 2.697013575311803147E-13, 13.80000000000020144 ) ) ;
#4294 = EDGE_CURVE ( 'NONE', #1457, #2676, #542, .T. ) ;
#4295 = VECTOR ( 'NONE', #2427, 1000.000000000000000 ) ;
#4296 = AXIS2_PLACEMENT_3D ( 'NONE', #644, #730, #4055 ) ;
#4297 = AXIS2_PLACEMENT_3D ( 'NONE', #4628, #2436, #765 ) ;
#4298 = CARTESIAN_POINT ( 'NONE',  ( 31.63025617028104008, -9.435938562265784313, -1.459786376285726828 ) ) ;
#4299 = EDGE_LOOP ( 'NONE', ( #1135, #4192 ) ) ;
#4300 = ORIENTED_EDGE ( 'NONE', *, *, #1703, .T. ) ;
#4301 = ORIENTED_EDGE ( 'NONE', *, *, #2851, .T. ) ;
#4302 = CARTESIAN_POINT ( 'NONE',  ( 30.92269260995032809, -9.481174433818150504, -1.690246302364259323 ) ) ;
#4303 = CARTESIAN_POINT ( 'NONE',  ( 32.00000000000000000, -9.314552050325787036, -1.308852518625850614 ) ) ;
#4304 = FACE_OUTER_BOUND ( 'NONE', #3096, .T. ) ;
#4305 = DIRECTION ( 'NONE',  ( 1.000000000000000000, -0.000000000000000000, -0.000000000000000000 ) ) ;
#4306 = VERTEX_POINT ( 'NONE', #46 ) ;
#4307 = EDGE_LOOP ( 'NONE', ( #1174, #1007, #31, #5012 ) ) ;
#4308 = DIRECTION ( 'NONE',  ( 1.000000000000000000, -0.000000000000000000, -0.000000000000000000 ) ) ;
#4309 = VERTEX_POINT ( 'NONE', #4293 ) ;
#4310 = DIRECTION ( 'NONE',  ( 1.000000000000000000, 0.000000000000000000, 0.000000000000000000 ) ) ;
#4311 = ORIENTED_EDGE ( 'NONE', *, *, #2774, .F. ) ;
#4312 = FACE_OUTER_BOUND ( 'NONE', #1963, .T. ) ;
#4313 = CARTESIAN_POINT ( 'NONE',  ( -10.00000000000000000, -30.00000000000000000, 1.000000000000000000 ) ) ;
#4314 = DIRECTION ( 'NONE',  ( 1.000000000000000000, -0.000000000000000000, -0.000000000000000000 ) ) ;
#4315 = ORIENTED_EDGE ( 'NONE', *, *, #287, .F. ) ;
#4316 = CARTESIAN_POINT ( 'NONE',  ( 26.02802840875384405, 14.89552278559359877, 9.970801064987911744 ) ) ;
#4317 = DIRECTION ( 'NONE',  ( 1.000000000000000000, -0.000000000000000000, -0.000000000000000000 ) ) ;
#4318 = DIRECTION ( 'NONE',  ( 0.000000000000000000, 0.000000000000000000, 1.000000000000000000 ) ) ;
#4319 = CIRCLE ( 'NONE', #3963, 25.00000000000000000 ) ;
#4320 = EDGE_CURVE ( 'NONE', #4195, #2818, #3485, .T. ) ;
#4321 = ADVANCED_FACE ( 'NONE', ( #5172 ), #2267, .F. ) ;
#4322 = DIRECTION ( 'NONE',  ( 0.000000000000000000, 1.652117596168387953E-15, 1.000000000000000000 ) ) ;
#4323 = ORIENTED_EDGE ( 'NONE', *, *, #3448, .T. ) ;
#4324 = CARTESIAN_POINT ( 'NONE',  ( 26.14999999999999858, 2.714842239903703103E-13, 13.00000000000019895 ) ) ;
#4325 = AXIS2_PLACEMENT_3D ( 'NONE', #650, #4487, #1999 ) ;
#4326 = FACE_OUTER_BOUND ( 'NONE', #4099, .T. ) ;
#4327 = DIRECTION ( 'NONE',  ( -0.000000000000000000, -1.000000000000000000, -0.000000000000000000 ) ) ;
#4328 = VECTOR ( 'NONE', #1867, 1000.000000000000000 ) ;
#4329 = CARTESIAN_POINT ( 'NONE',  ( 22.00000000000000000, -1.047008947192762607, -3.079197629375359124 ) ) ;
#4330 = ADVANCED_FACE ( 'NONE', ( #3511 ), #1497, .T. ) ;
#4331 = CIRCLE ( 'NONE', #460, 11.00000000000000000 ) ;
#4332 = DIRECTION ( 'NONE',  ( 0.000000000000000000, 0.000000000000000000, 1.000000000000000000 ) ) ;
#4333 = VERTEX_POINT ( 'NONE', #16 ) ;
#4334 = ORIENTED_EDGE ( 'NONE', *, *, #4653, .F. ) ;
#4335 = CARTESIAN_POINT ( 'NONE',  ( 23.90418610870747074, -7.320511353742773508, 4.199503167022589523 ) ) ;
#4336 = ORIENTED_EDGE ( 'NONE', *, *, #2540, .T. ) ;
#4337 = CIRCLE ( 'NONE', #4232, 0.2499999999999993616 ) ;
#4338 = DIRECTION ( 'NONE',  ( 0.000000000000000000, 0.000000000000000000, -1.000000000000000000 ) ) ;
#4339 = FACE_OUTER_BOUND ( 'NONE', #3033, .T. ) ;
#4340 = VERTEX_POINT ( 'NONE', #3564 ) ;
#4341 = DIRECTION ( 'NONE',  ( 0.8571910388284190718, 0.5149985659710673014, 0.000000000000000000 ) ) ;
#4342 = DIRECTION ( 'NONE',  ( 1.000000000000000000, -0.000000000000000000, -0.000000000000000000 ) ) ;
#4343 = DIRECTION ( 'NONE',  ( 1.000000000000000000, 0.000000000000000000, 0.000000000000000000 ) ) ;
#4344 = VERTEX_POINT ( 'NONE', #3036 ) ;
#4345 = CARTESIAN_POINT ( 'NONE',  ( 25.71105991754769704, 15.45773205190787714, 9.995116840073416498 ) ) ;
#4346 = CARTESIAN_POINT ( 'NONE',  ( 26.53985228730178747, -14.22598237359157558, 0.8805921512673384743 ) ) ;
#4347 = DIRECTION ( 'NONE',  ( 1.000000000000000000, 0.000000000000000000, 0.000000000000000000 ) ) ;
#4348 = CIRCLE ( 'NONE', #4620, 0.2499999999999993616 ) ;
#4349 = ADVANCED_FACE ( 'NONE', ( #4742, #5280 ), #1413, .F. ) ;
#4350 = DIRECTION ( 'NONE',  ( 0.000000000000000000, 0.000000000000000000, 1.000000000000000000 ) ) ;
#4351 = EDGE_LOOP ( 'NONE', ( #3497, #4027, #2954 ) ) ;
#4352 = CARTESIAN_POINT ( 'NONE',  ( 31.63008446413677177, -9.435962469490711158, 11.45991764787817857 ) ) ;
#4353 = CARTESIAN_POINT ( 'NONE',  ( 30.13532588123675993, -10.62493123097005210, 11.02347925198978196 ) ) ;
#4354 = EDGE_CURVE ( 'NONE', #3309, #4405, #3887, .T. ) ;
#4355 = CARTESIAN_POINT ( 'NONE',  ( 31.58153269725703183, 9.442722495556902018, -1.497036108506289320 ) ) ;
#4356 = CARTESIAN_POINT ( 'NONE',  ( 28.26303190289838341, -10.59183561553654940, 12.19047972504377952 ) ) ;
#4357 = DIRECTION ( 'NONE',  ( 0.000000000000000000, 1.734723475976805517E-15, 1.000000000000000000 ) ) ;
#4358 = DIRECTION ( 'NONE',  ( 1.000000000000000000, -0.000000000000000000, -0.000000000000000000 ) ) ;
#4359 = ORIENTED_EDGE ( 'NONE', *, *, #845, .F. ) ;
#4360 = ORIENTED_EDGE ( 'NONE', *, *, #1244, .T. ) ;
#4361 = LINE ( 'NONE', #888, #1318 ) ;
#4362 = VERTEX_POINT ( 'NONE', #620 ) ;
#4363 = ADVANCED_FACE ( 'NONE', ( #2353 ), #2745, .F. ) ;
#4364 = FACE_OUTER_BOUND ( 'NONE', #2565, .T. ) ;
#4365 = EDGE_LOOP ( 'NONE', ( #3463, #2315, #1653, #990 ) ) ;
#4366 = CARTESIAN_POINT ( 'NONE',  ( 26.14999999999999858, -1.405126015541213746E-13, -0.9999999999997736255 ) ) ;
#4367 = DIRECTION ( 'NONE',  ( 0.000000000000000000, 0.000000000000000000, -1.000000000000000000 ) ) ;
#4368 = DIRECTION ( 'NONE',  ( 1.000000000000000000, 0.000000000000000000, 0.000000000000000000 ) ) ;
#4369 = EDGE_LOOP ( 'NONE', ( #1684, #4278, #118, #5183 ) ) ;
#4370 = CARTESIAN_POINT ( 'NONE',  ( 24.81150049239077049, -15.01658573132047891, 1.907208014382448173E-15 ) ) ;
#4371 = CARTESIAN_POINT ( 'NONE',  ( 31.15543378252532847, -9.922397796697783434, -1.133822747974180700 ) ) ;
#4372 = CARTESIAN_POINT ( 'NONE',  ( 32.00000000000000000, 0.6171745149068980085, -2.150532155906033083 ) ) ;
#4373 = B_SPLINE_CURVE_WITH_KNOTS ( 'NONE', 3,
 ( #2903, #4667, #5064, #5092, #775, #5485 ),
 .UNSPECIFIED., .F., .F.,
 ( 4, 2, 4 ),
 ( 0.000000000000000000, 0.0002254549912444808247, 0.0004509099824889616494 ),
 .UNSPECIFIED. ) ;
#4374 = CARTESIAN_POINT ( 'NONE',  ( 26.14999999999999858, 2.714842239903703103E-13, 13.00000000000019895 ) ) ;
#4375 = ORIENTED_EDGE ( 'NONE', *, *, #5352, .T. ) ;
#4376 = ORIENTED_EDGE ( 'NONE', *, *, #2269, .F. ) ;
#4377 = DIRECTION ( 'NONE',  ( 0.000000000000000000, 0.000000000000000000, 1.000000000000000000 ) ) ;
#4378 = CARTESIAN_POINT ( 'NONE',  ( 32.00000000000000000, 9.314552050325792365, 11.30885251862584617 ) ) ;
#4379 = DIRECTION ( 'NONE',  ( -1.000000000000000000, -0.000000000000000000, -0.000000000000000000 ) ) ;
#4380 = CARTESIAN_POINT ( 'NONE',  ( 26.99558847870357425, -13.08830676816175753, 15.61401165860637974 ) ) ;
#4381 = CIRCLE ( 'NONE', #3932, 1.050000000000000488 ) ;
#4382 = CIRCLE ( 'NONE', #5473, 0.2499999999999993616 ) ;
#4383 = AXIS2_PLACEMENT_3D ( 'NONE', #3239, #5341, #212 ) ;
#4384 = AXIS2_PLACEMENT_3D ( 'NONE', #5366, #623, #2296 ) ;
#4385 = FACE_OUTER_BOUND ( 'NONE', #5556, .T. ) ;
#4386 = ORIENTED_EDGE ( 'NONE', *, *, #1857, .T. ) ;
#4387 = EDGE_CURVE ( 'NONE', #2326, #2250, #2367, .T. ) ;
#4388 = B_SPLINE_CURVE_WITH_KNOTS ( 'NONE', 3,
 ( #2917, #3756, #2484, #4600, #3809, #5524, #2058, #4626, #1661, #762 ),
 .UNSPECIFIED., .F., .F.,
 ( 4, 2, 2, 2, 4 ),
 ( 0.000000000000000000, 0.0001515865106863562625, 0.0003031730213727125249, 0.0004547595320590687874, 0.0006063460427454250498 ),
 .UNSPECIFIED. ) ;
#4389 = EDGE_LOOP ( 'NONE', ( #1055, #2451, #1365, #3743 ) ) ;
#4390 = CARTESIAN_POINT ( 'NONE',  ( 29.62578373606595150, 11.25433819067080599, -0.2453308451789955047 ) ) ;
#4391 = ORIENTED_EDGE ( 'NONE', *, *, #1773, .T. ) ;
#4392 = AXIS2_PLACEMENT_3D ( 'NONE', #5349, #1569, #4108 ) ;
#4393 = EDGE_CURVE ( 'NONE', #5203, #1000, #1856, .T. ) ;
#4394 = DIRECTION ( 'NONE',  ( 0.000000000000000000, 0.000000000000000000, -1.000000000000000000 ) ) ;
#4395 = CARTESIAN_POINT ( 'NONE',  ( 25.71573116485256350, 15.44995697913202726, 0.9993773847964317891 ) ) ;
#4396 = VERTEX_POINT ( 'NONE', #986 ) ;
#4397 = PLANE ( 'NONE',  #4118 ) ;
#4398 = CARTESIAN_POINT ( 'NONE',  ( 32.00000000000000000, -0.9986093421096409184, 13.32446784409389906 ) ) ;
#4399 = EDGE_CURVE ( 'NONE', #5098, #2571, #4458, .T. ) ;
#4400 = CARTESIAN_POINT ( 'NONE',  ( 30.33361331597427579, 10.66295882119717753, 10.61914862778700375 ) ) ;
#4401 = CARTESIAN_POINT ( 'NONE',  ( 31.40289402401862873, -9.456013139653444810, 11.61724192465461591 ) ) ;
#4402 = CARTESIAN_POINT ( 'NONE',  ( 24.81150572803956322, -15.01657789300531221, 10.00000000000000178 ) ) ;
#4403 = CARTESIAN_POINT ( 'NONE',  ( 32.00000000000000000, -9.946350224409563623, -0.2566735882483586750 ) ) ;
#4404 = VERTEX_POINT ( 'NONE', #2294 ) ;
#4405 = VERTEX_POINT ( 'NONE', #180 ) ;
#4406 =( BOUNDED_SURFACE ( )  B_SPLINE_SURFACE ( 3, 2, ( 
 ( #4825, #4800, #3869 ),
 ( #1807, #933, #909 ),
 ( #2151, #5147, #461 ),
 ( #1271, #3011, #2582 ) ),
 .UNSPECIFIED., .F., .F., .T. ) 
 B_SPLINE_SURFACE_WITH_KNOTS ( ( 4, 4 ),
 ( 3, 3 ),
 ( -1.409462824231155764E-18, 0.0001367283808642324279 ),
 ( 0.000000000000000000, 1.000000000000000000 ),
 .UNSPECIFIED. ) 
 GEOMETRIC_REPRESENTATION_ITEM ( )  RATIONAL_B_SPLINE_SURFACE ( (
 ( 1.000000000000000000, 0.7090413745937775847, 1.000000000000000000),
 ( 1.000000000000000000, 0.7084015398519711848, 1.000000000000000000),
 ( 1.000000000000000000, 0.7077566748671553221, 1.000000000000000000),
 ( 1.000000000000000000, 0.7071067811865475727, 1.000000000000000000) ) ) 
 REPRESENTATION_ITEM ( '' )  SURFACE ( )  );
#4407 = CYLINDRICAL_SURFACE ( 'NONE', #5112, 0.2499999999999993616 ) ;
#4408 = CARTESIAN_POINT ( 'NONE',  ( 29.83667446502211718, -10.32707598087892897, 11.18358502036702262 ) ) ;
#4409 = DIRECTION ( 'NONE',  ( 0.5190342490858752544, 0.8547534429739735984, 0.000000000000000000 ) ) ;
#4410 = CARTESIAN_POINT ( 'NONE',  ( 22.00000000000000000, 9.049999999999998934, 5.000000000000000000 ) ) ;
#4411 = AXIS2_PLACEMENT_3D ( 'NONE', #95, #4314, #2199 ) ;
#4412 = PRODUCT_DEFINITION ( 'æ™', '', #1454, #4946 ) ;
#4413 = CARTESIAN_POINT ( 'NONE',  ( 26.14999999999999858, 8.324467844093694779, 4.001390657890087965 ) ) ;
#4414 = AXIS2_PLACEMENT_3D ( 'NONE', #1989, #2790, #5463 ) ;
#4415 = CYLINDRICAL_SURFACE ( 'NONE', #455, 0.2500000000000011102 ) ;
#4416 = ORIENTED_EDGE ( 'NONE', *, *, #1187, .T. ) ;
#4417 = ORIENTED_EDGE ( 'NONE', *, *, #97, .F. ) ;
#4418 = DIRECTION ( 'NONE',  ( -1.000000000000000000, 0.000000000000000000, 0.000000000000000000 ) ) ;
#4419 = ORIENTED_EDGE ( 'NONE', *, *, #3311, .F. ) ;
#4421 = EDGE_CURVE ( 'NONE', #1733, #4645, #3590, .T. ) ;
#4420 = AXIS2_PLACEMENT_3D ( 'NONE', #3712, #1209, #1186 ) ;
#4422 = VECTOR ( 'NONE', #2899, 1000.000000000000000 ) ;
#4423 = CARTESIAN_POINT ( 'NONE',  ( 32.00000000000000000, 0.000000000000000000, 5.000000000000000000 ) ) ;
#4424 = CARTESIAN_POINT ( 'NONE',  ( 30.40761835490592091, 10.60017686928303071, 10.66067328963407057 ) ) ;
#4425 = ORIENTED_EDGE ( 'NONE', *, *, #2735, .T. ) ;
#4426 = CYLINDRICAL_SURFACE ( 'NONE', #4565, 0.2500000000000002220 ) ;
#4427 = VECTOR ( 'NONE', #5238, 1000.000000000000000 ) ;
#4428 = DIRECTION ( 'NONE',  ( 0.000000000000000000, 0.000000000000000000, 1.000000000000000000 ) ) ;
#4429 = ADVANCED_FACE ( 'NONE', ( #1014 ), #4904, .F. ) ;
#4430 = ADVANCED_FACE ( 'NONE', ( #1884 ), #1472, .F. ) ;
#4431 = CIRCLE ( 'NONE', #826, 0.2499999999999985012 ) ;
#4432 = CARTESIAN_POINT ( 'NONE',  ( 30.92565730929214851, 9.911947795871503430, 11.41419026453404229 ) ) ;
#4433 = CARTESIAN_POINT ( 'NONE',  ( 24.00000000000000000, -15.05199322349037239, 20.00000000000000000 ) ) ;
#4434 = DIRECTION ( 'NONE',  ( 0.000000000000000000, 0.000000000000000000, -1.000000000000000000 ) ) ;
#4435 = B_SPLINE_CURVE_WITH_KNOTS ( 'NONE', 3,
 ( #3052, #5189, #4816, #447 ),
 .UNSPECIFIED., .F., .F.,
 ( 4, 4 ),
 ( -7.903415488838650568E-06, 0.0006379528489559823431 ),
 .UNSPECIFIED. ) ;
#4436 = EDGE_CURVE ( 'NONE', #3219, #2843, #5247, .T. ) ;
#4437 = EDGE_CURVE ( 'NONE', #4030, #2557, #649, .T. ) ;
#4438 = DIRECTION ( 'NONE',  ( 0.000000000000000000, 0.000000000000000000, 1.000000000000000000 ) ) ;
#4439 = ORIENTED_EDGE ( 'NONE', *, *, #1436, .F. ) ;
#4440 = ORIENTED_EDGE ( 'NONE', *, *, #1467, .T. ) ;
#4441 = CYLINDRICAL_SURFACE ( 'NONE', #4383, 0.2500000000000002220 ) ;
#4442 = CARTESIAN_POINT ( 'NONE',  ( 26.08159321850583012, -14.84099669349006057, 9.025438220227078645 ) ) ;
#4443 = DIRECTION ( 'NONE',  ( -0.8547534429739734874, 0.5190342490858751434, 0.000000000000000000 ) ) ;
#4444 = CARTESIAN_POINT ( 'NONE',  ( 27.11214747453895768, -12.84565389937440294, 16.00095884220328557 ) ) ;
#4445 =( NAMED_UNIT ( * ) SI_UNIT ( $, .STERADIAN. ) SOLID_ANGLE_UNIT ( ) );
#4446 = LINE ( 'NONE', #268, #1886 ) ;
#4447 = ORIENTED_EDGE ( 'NONE', *, *, #2121, .F. ) ;
#4448 = CARTESIAN_POINT ( 'NONE',  ( -9.000000000000001776, 0.000000000000000000, 9.000000000000001776 ) ) ;
#4449 = ORIENTED_EDGE ( 'NONE', *, *, #2331, .F. ) ;
#4450 = CARTESIAN_POINT ( 'NONE',  ( 23.99999999999999645, -7.000000000000007105, 9.071052770921253838 ) ) ;
#4451 = DIRECTION ( 'NONE',  ( 1.000000000000000000, 0.000000000000000000, 0.000000000000000000 ) ) ;
#4452 = ORIENTED_EDGE ( 'NONE', *, *, #4931, .F. ) ;
#4453 = EDGE_CURVE ( 'NONE', #4716, #169, #3623, .T. ) ;
#4454 = LINE ( 'NONE', #2709, #5 ) ;
#4455 = EDGE_CURVE ( 'NONE', #501, #3732, #922, .T. ) ;
#4456 = CARTESIAN_POINT ( 'NONE',  ( 30.92269260995705338, 9.481174433823126080, 11.69024630236070905 ) ) ;
#4457 = FACE_OUTER_BOUND ( 'NONE', #1587, .T. ) ;
#4459 = CIRCLE ( 'NONE', #3392, 0.2499999999999985012 ) ;
#4458 = LINE ( 'NONE', #5309, #4966 ) ;
#4460 = EDGE_CURVE ( 'NONE', #490, #2299, #2705, .T. ) ;
#4461 = CARTESIAN_POINT ( 'NONE',  ( 25.59724602527309401, -15.64561313282290200, 2.326221199931139960 ) ) ;
#4462 = VERTEX_POINT ( 'NONE', #1793 ) ;
#4463 = EDGE_CURVE ( 'NONE', #1927, #4405, #1370, .T. ) ;
#4464 = ADVANCED_FACE ( 'NONE', ( #4364 ), #4842, .F. ) ;
#4465 = DIRECTION ( 'NONE',  ( 1.000000000000000000, 0.000000000000000000, 0.000000000000000000 ) ) ;
#4466 = DIRECTION ( 'NONE',  ( -1.000000000000000000, 0.000000000000000000, 0.000000000000000000 ) ) ;
#4467 = CARTESIAN_POINT ( 'NONE',  ( 32.00000000000000000, 0.3988649794382210789, 12.02870873154466658 ) ) ;
#4468 = DIRECTION ( 'NONE',  ( 0.000000000000000000, -1.000000000000000000, 0.000000000000000000 ) ) ;
#4469 = DIRECTION ( 'NONE',  ( 0.000000000000000000, 0.000000000000000000, 1.000000000000000000 ) ) ;
#4470 = ORIENTED_EDGE ( 'NONE', *, *, #1037, .F. ) ;
#4471 = CARTESIAN_POINT ( 'NONE',  ( 26.67462643495547425, -12.78293003198357702, -0.2472347817509213674 ) ) ;
#4472 = ORIENTED_EDGE ( 'NONE', *, *, #3031, .T. ) ;
#4473 = VECTOR ( 'NONE', #506, 1000.000000000000000 ) ;
#4474 = CIRCLE ( 'NONE', #4119, 1.049999999999999822 ) ;
#4475 = ORIENTED_EDGE ( 'NONE', *, *, #4586, .T. ) ;
#4476 = DIRECTION ( 'NONE',  ( 1.000000000000000000, -0.000000000000000000, -0.000000000000000000 ) ) ;
#4477 = ORIENTED_EDGE ( 'NONE', *, *, #2181, .F. ) ;
#4478 = CARTESIAN_POINT ( 'NONE',  ( 26.40335252749556361, -14.34623168028176110, 0.005267532826418391302 ) ) ;
#4479 = AXIS2_PLACEMENT_3D ( 'NONE', #3395, #1658, #2999 ) ;
#4480 = VECTOR ( 'NONE', #658, 1000.000000000000000 ) ;
#4481 = DIRECTION ( 'NONE',  ( 1.000000000000000000, -0.000000000000000000, -0.000000000000000000 ) ) ;
#4482 = DIRECTION ( 'NONE',  ( 1.000000000000000000, -0.000000000000000000, -0.000000000000000000 ) ) ;
#4483 = ORIENTED_EDGE ( 'NONE', *, *, #2231, .T. ) ;
#4484 = CARTESIAN_POINT ( 'NONE',  ( 28.29091448443741186, -11.43575990088715955, 10.66524698955755923 ) ) ;
#4485 = ORIENTED_EDGE ( 'NONE', *, *, #5036, .F. ) ;
#4486 = CARTESIAN_POINT ( 'NONE',  ( 22.00000000000000000, 0.9986093421101819301, 13.32446784409389373 ) ) ;
#4487 = DIRECTION ( 'NONE',  ( 0.000000000000000000, 1.000000000000000000, 0.000000000000000000 ) ) ;
#4488 = CARTESIAN_POINT ( 'NONE',  ( 23.66754195791078885, 8.052840083269536819, 3.950997320878632202 ) ) ;
#4489 = DIRECTION ( 'NONE',  ( 1.000000000000000000, 0.000000000000000000, 0.000000000000000000 ) ) ;
#4490 = DIRECTION ( 'NONE',  ( 0.000000000000000000, 0.000000000000000000, -1.000000000000000000 ) ) ;
#4491 = ORIENTED_EDGE ( 'NONE', *, *, #1528, .T. ) ;
#4492 = CIRCLE ( 'NONE', #2792, 26.00000000000000355 ) ;
#4493 = CARTESIAN_POINT ( 'NONE',  ( 25.64260328921920618, 15.57102747257624742, 1.000000000000001776 ) ) ;
#4494 = CARTESIAN_POINT ( 'NONE',  ( 27.79938849126824962, 12.05877008510754678, 6.540690211114800867 ) ) ;
#4495 = CARTESIAN_POINT ( 'NONE',  ( 26.14999999999999858, 7.028708731544464072, 4.601135020562050926 ) ) ;
#4496 = DIRECTION ( 'NONE',  ( 1.000000000000000000, -0.000000000000000000, -0.000000000000000000 ) ) ;
#4497 = EDGE_CURVE ( 'NONE', #714, #816, #4337, .T. ) ;
#4498 = DIRECTION ( 'NONE',  ( 0.000000000000000000, 0.000000000000000000, -1.000000000000000000 ) ) ;
#4499 = DIRECTION ( 'NONE',  ( 1.000000000000000000, 0.000000000000000000, 0.000000000000000000 ) ) ;
#4500 = VERTEX_POINT ( 'NONE', #3474 ) ;
#4501 = VERTEX_POINT ( 'NONE', #1738 ) ;
#4502 = DIRECTION ( 'NONE',  ( 1.000000000000000000, 0.000000000000000000, 0.000000000000000000 ) ) ;
#4503 = ORIENTED_EDGE ( 'NONE', *, *, #508, .F. ) ;
#4504 = DIRECTION ( 'NONE',  ( -1.000000000000000000, 0.000000000000000000, 0.000000000000000000 ) ) ;
#4505 = ADVANCED_FACE ( 'NONE', ( #976 ), #1005, .T. ) ;
#4506 = FACE_OUTER_BOUND ( 'NONE', #1288, .T. ) ;
#4507 = CARTESIAN_POINT ( 'NONE',  ( 23.35181259531250930, 8.927502658779397748, 4.489226888644044955 ) ) ;
#4508 = EDGE_LOOP ( 'NONE', ( #3717, #88, #4535 ) ) ;
#4509 = CARTESIAN_POINT ( 'NONE',  ( 31.00000000000000000, -7.260373201918887354, 12.23529411764705799 ) ) ;
#4510 = ORIENTED_EDGE ( 'NONE', *, *, #5227, .F. ) ;
#4511 = CYLINDRICAL_SURFACE ( 'NONE', #4952, 0.2500000000000002220 ) ;
#4512 = AXIS2_PLACEMENT_3D ( 'NONE', #5047, #3698, #4961 ) ;
#4513 = AXIS2_PLACEMENT_3D ( 'NONE', #4028, #2824, #1961 ) ;
#4514 = DIRECTION ( 'NONE',  ( 1.000000000000000000, 0.000000000000000000, -0.000000000000000000 ) ) ;
#4515 = VECTOR ( 'NONE', #4242, 1000.000000000000000 ) ;
#4516 = CYLINDRICAL_SURFACE ( 'NONE', #3991, 0.2499999999999985012 ) ;
#4517 = CARTESIAN_POINT ( 'NONE',  ( 26.14999999999999858, 1.986258379993444123E-13, 13.00000000000022737 ) ) ;
#4518 = AXIS2_PLACEMENT_3D ( 'NONE', #4413, #1050, #4077 ) ;
#4519 = CARTESIAN_POINT ( 'NONE',  ( 31.00000000000000000, 0.000000000000000000, 5.000000000000000000 ) ) ;
#4520 = ORIENTED_EDGE ( 'NONE', *, *, #3746, .F. ) ;
#4521 = CARTESIAN_POINT ( 'NONE',  ( 28.96580939438065982, 11.78949611384789797, 0.04788191538271883985 ) ) ;
#4522 = CARTESIAN_POINT ( 'NONE',  ( 27.90644977480979705, 11.73147692595506442, 1.232852424238347178 ) ) ;
#4523 = EDGE_CURVE ( 'NONE', #109, #671, #4435, .T. ) ;
#4524 = CARTESIAN_POINT ( 'NONE',  ( 32.00000000000000000, -9.946350224409561847, 10.25667358824836128 ) ) ;
#4525 = DIRECTION ( 'NONE',  ( 0.000000000000000000, 0.000000000000000000, -1.000000000000000000 ) ) ;
#4526 = ADVANCED_FACE ( 'NONE', ( #560 ), #3888, .F. ) ;
#4527 = DIRECTION ( 'NONE',  ( 0.000000000000000000, 0.000000000000000000, 1.000000000000000000 ) ) ;
#4528 = ORIENTED_EDGE ( 'NONE', *, *, #4586, .F. ) ;
#4529 = ORIENTED_EDGE ( 'NONE', *, *, #5365, .T. ) ;
#4530 = DIRECTION ( 'NONE',  ( 0.000000000000000000, 0.000000000000000000, -1.000000000000000000 ) ) ;
#4531 = ORIENTED_EDGE ( 'NONE', *, *, #602, .T. ) ;
#4532 = CYLINDRICAL_SURFACE ( 'NONE', #2981, 0.2500000000000002220 ) ;
#4533 = FACE_OUTER_BOUND ( 'NONE', #3097, .T. ) ;
#4534 = DIRECTION ( 'NONE',  ( -0.000000000000000000, -0.000000000000000000, -1.000000000000000000 ) ) ;
#4535 = ORIENTED_EDGE ( 'NONE', *, *, #3915, .F. ) ;
#4536 = CARTESIAN_POINT ( 'NONE',  ( 26.14999999999999858, 1.986258379993444123E-13, 15.00000000000022915 ) ) ;
#4537 = ORIENTED_EDGE ( 'NONE', *, *, #2269, .T. ) ;
#4538 = ADVANCED_FACE ( 'NONE', ( #950 ), #4002, .T. ) ;
#4539 = EDGE_CURVE ( 'NONE', #1927, #2594, #3000, .T. ) ;
#4540 = CYLINDRICAL_SURFACE ( 'NONE', #3163, 1.050000000000000488 ) ;
#4541 = VECTOR ( 'NONE', #2974, 1000.000000000000000 ) ;
#4542 = CYLINDRICAL_SURFACE ( 'NONE', #4512, 1.049999999999999822 ) ;
#4543 = CARTESIAN_POINT ( 'NONE',  ( 32.00000000000000000, -8.551344190098891573, 4.106400769895547143 ) ) ;
#4544 = CARTESIAN_POINT ( 'NONE',  ( -10.00000000000000000, 25.00000000000000000, 0.000000000000000000 ) ) ;
#4545 = CYLINDRICAL_SURFACE ( 'NONE', #698, 1.049999999999999822 ) ;
#4546 = ORIENTED_EDGE ( 'NONE', *, *, #2953, .T. ) ;
#4547 = VECTOR ( 'NONE', #4209, 1000.000000000000000 ) ;
#4548 = CARTESIAN_POINT ( 'NONE',  ( 30.92995790286957103, 9.907736373928390350, -1.416742737646155215 ) ) ;
#4549 = DIRECTION ( 'NONE',  ( 0.000000000000000000, -3.552713678800489096E-15, 1.000000000000000000 ) ) ;
#4550 = CARTESIAN_POINT ( 'NONE',  ( 0.000000000000000000, -25.00000000000000000, 0.000000000000000000 ) ) ;
#4551 = CARTESIAN_POINT ( 'NONE',  ( -4.999999999999999112, 25.00000000000000000, 4.999999999999999112 ) ) ;
#4552 = AXIS2_PLACEMENT_3D ( 'NONE', #4433, #2719, #3675 ) ;
#4553 = CARTESIAN_POINT ( 'NONE',  ( 22.00000000000000000, -8.551344190098888021, 5.893599230105401432 ) ) ;
#4554 = ORIENTED_EDGE ( 'NONE', *, *, #2008, .T. ) ;
#4555 = ORIENTED_EDGE ( 'NONE', *, *, #1394, .F. ) ;
#4556 = DIRECTION ( 'NONE',  ( 0.000000000000000000, 0.000000000000000000, -1.000000000000000000 ) ) ;
#4557 = EDGE_LOOP ( 'NONE', ( #3217, #5054 ) ) ;
#4558 = CARTESIAN_POINT ( 'NONE',  ( 27.26011545229400213, -13.28818371724425340, -0.1285176265474090029 ) ) ;
#4559 = CARTESIAN_POINT ( 'NONE',  ( 24.78784984624523346, -15.05199322349037239, 0.000000000000000000 ) ) ;
#4560 = FACE_BOUND ( 'NONE', #2039, .T. ) ;
#4561 = ORIENTED_EDGE ( 'NONE', *, *, #1287, .T. ) ;
#4562 = DIRECTION ( 'NONE',  ( 0.000000000000000000, 0.000000000000000000, -1.000000000000000000 ) ) ;
#4563 = VERTEX_POINT ( 'NONE', #3502 ) ;
#4564 = CARTESIAN_POINT ( 'NONE',  ( 28.45514836229059696, -9.940967247844726629, -3.400731931823891774 ) ) ;
#4565 = AXIS2_PLACEMENT_3D ( 'NONE', #3504, #5219, #3085 ) ;
#4566 = VECTOR ( 'NONE', #1068, 1000.000000000000000 ) ;
#4567 = AXIS2_PLACEMENT_3D ( 'NONE', #1950, #3786, #5502 ) ;
#4568 = EDGE_CURVE ( 'NONE', #4219, #151, #2529, .T. ) ;
#4569 = LINE ( 'NONE', #617, #4597 ) ;
#4570 = VECTOR ( 'NONE', #2, 1000.000000000000000 ) ;
#4571 = DIRECTION ( 'NONE',  ( -1.000000000000000000, 0.000000000000000000, 0.000000000000000000 ) ) ;
#4572 = CARTESIAN_POINT ( 'NONE',  ( 31.40287903387964974, 9.456013391232337639, -1.617250792097523870 ) ) ;
#4573 = VERTEX_POINT ( 'NONE', #1314 ) ;
#4574 = B_SPLINE_CURVE_WITH_KNOTS ( 'NONE', 3,
 ( #1100, #4938, #4907, #4073 ),
 .UNSPECIFIED., .F., .F.,
 ( 4, 4 ),
 ( 0.000000000000000000, 0.0001277395478454563962 ),
 .UNSPECIFIED. ) ;
#4575 = DIRECTION ( 'NONE',  ( 0.000000000000000000, 0.000000000000000000, 1.000000000000000000 ) ) ;
#4576 = CARTESIAN_POINT ( 'NONE',  ( 26.34279055043916884, 14.36175782974825665, -3.067708310506144453 ) ) ;
#4577 = CARTESIAN_POINT ( 'NONE',  ( 22.00000000000000000, 0.2482221364520993401, -4.020238095237822051 ) ) ;
#4578 = LINE ( 'NONE', #1022, #1440 ) ;
#4579 = AXIS2_PLACEMENT_3D ( 'NONE', #5487, #2562, #5035 ) ;
#4580 = FACE_OUTER_BOUND ( 'NONE', #3209, .T. ) ;
#4581 = ORIENTED_EDGE ( 'NONE', *, *, #5439, .T. ) ;
#4582 = ORIENTED_EDGE ( 'NONE', *, *, #1210, .T. ) ;
#4583 = CARTESIAN_POINT ( 'NONE',  ( 32.00000000000000000, 0.8004968329776833702, -2.320511353742571448 ) ) ;
#4584 = EDGE_LOOP ( 'NONE', ( #4936, #886, #5350, #581 ) ) ;
#4585 = FACE_OUTER_BOUND ( 'NONE', #4241, .T. ) ;
#4586 = EDGE_CURVE ( 'NONE', #202, #2014, #2711, .T. ) ;
#4587 = CARTESIAN_POINT ( 'NONE',  ( 24.00000000000000000, 7.000000000000007994, 5.320156211871665874 ) ) ;
#4588 = ORIENTED_EDGE ( 'NONE', *, *, #2713, .F. ) ;
#4589 = CARTESIAN_POINT ( 'NONE',  ( 24.85854012602414542, -14.94559794137272490, -0.0005660138214253673718 ) ) ;
#4590 = VERTEX_POINT ( 'NONE', #1764 ) ;
#4591 =( BOUNDED_SURFACE ( )  B_SPLINE_SURFACE ( 3, 2, ( 
 ( #5177, #4804, #4378 ),
 ( #523, #3041, #3153 ),
 ( #3994, #3571, #4859 ),
 ( #111, #5261, #1810 ),
 ( #966, #2694, #4750 ),
 ( #1833, #2275, #5285 ),
 ( #1421, #5205, #880 ),
 ( #992, #2725, #2180 ),
 ( #3904, #50, #5429 ),
 ( #1862, #4885, #3709 ),
 ( #716, #4494, #3595 ),
 ( #5369, #2413, #1507 ),
 ( #5400, #596, #1918 ),
 ( #1536, #4971, #261 ),
 ( #4018, #1891, #3627 ),
 ( #1477, #1020, #4041 ),
 ( #3653, #4908, #2779 ),
 ( #1951, #4522, #186 ),
 ( #161, #1045, #5342 ),
 ( #5313, #1977, #1072 ),
 ( #4576, #3240, #626 ),
 ( #3294, #2359, #4074 ),
 ( #213, #1448, #4939 ),
 ( #3183, #3681, #2809 ),
 ( #2749, #3210, #3265 ),
 ( #1128, #4127, #657 ) ),
 .UNSPECIFIED., .F., .F., .T. ) 
 B_SPLINE_SURFACE_WITH_KNOTS ( ( 4, 2, 2, 2, 2, 2, 2, 2, 2, 2, 2, 2, 4 ),
 ( 3, 3 ),
 ( 0.02435880501926130162, 0.02750288358636351210, 0.02907492286991461908, 0.03064696215346572605, 0.03379104072056793306, 0.03536308000411904351, 0.03693511928767014701, 0.04007919785477236096, 0.04165123713832346447, 0.04322327642187456798, 0.04636735498897677499, 0.04793939427252788543, 0.04951143355607898894 ),
 ( 0.000000000000000000, 1.000000000000000000 ),
 .UNSPECIFIED. ) 
 GEOMETRIC_REPRESENTATION_ITEM ( )  RATIONAL_B_SPLINE_SURFACE ( (
 ( 1.000000000000000000, 0.9231822669101197310, 1.000000000000000000),
 ( 1.000000000000000000, 0.9222003919215968626, 1.000000000000000000),
 ( 1.000000000000000000, 0.9214314514364453368, 1.000000000000000000),
 ( 1.000000000000000000, 0.9205026561231964832, 1.000000000000000000),
 ( 1.000000000000000000, 0.9202292017943833891, 1.000000000000000000),
 ( 1.000000000000000000, 0.9197526404251656906, 1.000000000000000000),
 ( 1.000000000000000000, 0.9195490260328180732, 1.000000000000000000),
 ( 1.000000000000000000, 0.9190203643207603967, 1.000000000000000000),
 ( 1.000000000000000000, 0.9187753183155914494, 1.000000000000000000),
 ( 1.000000000000000000, 0.9185288974578090793, 1.000000000000000000),
 ( 1.000000000000000000, 0.9184680817655612728, 1.000000000000000000),
 ( 1.000000000000000000, 0.9183874828031173276, 1.000000000000000000),
 ( 1.000000000000000000, 0.9183673851711652292, 1.000000000000000000),
 ( 1.000000000000000000, 0.9183670328586868159, 1.000000000000000000),
 ( 1.000000000000000000, 0.9184450922089854030, 1.000000000000000000),
 ( 1.000000000000000000, 0.9186867424566405038, 1.000000000000000000),
 ( 1.000000000000000000, 0.9187884250350162318, 1.000000000000000000),
 ( 1.000000000000000000, 0.9190410958814327902, 1.000000000000000000),
 ( 1.000000000000000000, 0.9191917261709452447, 1.000000000000000000),
 ( 1.000000000000000000, 0.9197214018986300532, 1.000000000000000000),
 ( 1.000000000000000000, 0.9201779803195665464, 1.000000000000000000),
 ( 1.000000000000000000, 0.9211054884916000107, 1.000000000000000000),
 ( 1.000000000000000000, 0.9214578875359914489, 1.000000000000000000),
 ( 1.000000000000000000, 0.9222500042420639366, 1.000000000000000000),
 ( 1.000000000000000000, 0.9226904915576500388, 1.000000000000000000),
 ( 1.000000000000000000, 0.9231826096183741726, 1.000000000000000000) ) ) 
 REPRESENTATION_ITEM ( '' )  SURFACE ( )  );
#4592 = AXIS2_PLACEMENT_3D ( 'NONE', #3505, #509, #68 ) ;
#4593 = CARTESIAN_POINT ( 'NONE',  ( 26.99431047823053120, -13.10051087122169911, -5.632944992246421201 ) ) ;
#4594 = VECTOR ( 'NONE', #3267, 1000.000000000000000 ) ;
#4595 = DIRECTION ( 'NONE',  ( -1.000000000000000000, 0.000000000000000000, 0.000000000000000000 ) ) ;
#4596 = ADVANCED_FACE ( 'NONE', ( #1142 ), #583, .T. ) ;
#4597 = VECTOR ( 'NONE', #5474, 1000.000000000000000 ) ;
#4598 = CYLINDRICAL_SURFACE ( 'NONE', #1189, 1.049999999999998934 ) ;
#4599 = VECTOR ( 'NONE', #3196, 1000.000000000000000 ) ;
#4600 = CARTESIAN_POINT ( 'NONE',  ( 23.87797994131367574, -7.405552655423209174, 5.622767555038677756 ) ) ;
#4601 = EDGE_CURVE ( 'NONE', #821, #5434, #2355, .T. ) ;
#4602 = AXIS2_PLACEMENT_3D ( 'NONE', #2098, #348, #3767 ) ;
#4603 = ORIENTED_EDGE ( 'NONE', *, *, #3713, .F. ) ;
#4604 = DIRECTION ( 'NONE',  ( 1.000000000000000000, 0.000000000000000000, 0.000000000000000000 ) ) ;
#4605 = ADVANCED_FACE ( 'NONE', ( #4506 ), #1875, .T. ) ;
#4606 = DIRECTION ( 'NONE',  ( -1.000000000000000000, 0.000000000000000000, 0.000000000000000000 ) ) ;
#4607 = CARTESIAN_POINT ( 'NONE',  ( 22.00000000000000000, 8.551344190098962628, 5.893599230104925368 ) ) ;
#4608 = EDGE_CURVE ( 'NONE', #4396, #1679, #728, .T. ) ;
#4609 = VECTOR ( 'NONE', #570, 1000.000000000000000 ) ;
#4610 = VERTEX_POINT ( 'NONE', #2342 ) ;
#4611 = LINE ( 'NONE', #720, #4515 ) ;
#4612 = ORIENTED_EDGE ( 'NONE', *, *, #5281, .F. ) ;
#4613 = VERTEX_POINT ( 'NONE', #4559 ) ;
#4614 = CARTESIAN_POINT ( 'NONE',  ( 26.14999999999999858, 7.150532155906305753, 5.617174514907096849 ) ) ;
#4615 = DIRECTION ( 'NONE',  ( 1.000000000000000000, -0.000000000000000000, -0.000000000000000000 ) ) ;
#4616 = CARTESIAN_POINT ( 'NONE',  ( 30.11639232562732715, -10.12560422019437567, -1.294142120596416978 ) ) ;
#4617 = VERTEX_POINT ( 'NONE', #3691 ) ;
#4618 = FACE_OUTER_BOUND ( 'NONE', #20, .T. ) ;
#4619 = VERTEX_POINT ( 'NONE', #1462 ) ;
#4620 = AXIS2_PLACEMENT_3D ( 'NONE', #4990, #1123, #3755 ) ;
#4621 = CARTESIAN_POINT ( 'NONE',  ( 27.77942556374183525, -12.11908642879848941, 5.769557800798498448 ) ) ;
#4622 = FACE_OUTER_BOUND ( 'NONE', #4584, .T. ) ;
#4623 = EDGE_CURVE ( 'NONE', #4131, #3540, #4924, .T. ) ;
#4624 = VERTEX_POINT ( 'NONE', #3638 ) ;
#4625 = CARTESIAN_POINT ( 'NONE',  ( 24.00000000000000000, 0.000000000000000000, 5.000000000000000000 ) ) ;
#4626 = CARTESIAN_POINT ( 'NONE',  ( 23.92631559219370985, -7.247982045913442306, 5.381792151565884197 ) ) ;
#4627 = VERTEX_POINT ( 'NONE', #2374 ) ;
#4628 = CARTESIAN_POINT ( 'NONE',  ( 24.00000000000000000, 8.000000000000000000, 5.000000000000000000 ) ) ;
#4629 = CARTESIAN_POINT ( 'NONE',  ( -9.000000000000001776, -28.99999999999999645, 10.00000000000000000 ) ) ;
#4630 = LINE ( 'NONE', #4607, #4238 ) ;
#4631 = ADVANCED_FACE ( 'NONE', ( #1113 ), #699, .T. ) ;
#4632 = EDGE_CURVE ( 'NONE', #1832, #5089, #1444, .T. ) ;
#4633 = EDGE_CURVE ( 'NONE', #2105, #4755, #249, .T. ) ;
#4634 = CARTESIAN_POINT ( 'NONE',  ( 22.00000000000000000, -1.047008947192292094, 13.07919762937583741 ) ) ;
#4635 = ORIENTED_EDGE ( 'NONE', *, *, #5046, .T. ) ;
#4636 = VERTEX_POINT ( 'NONE', #643 ) ;
#4637 = CYLINDRICAL_SURFACE ( 'NONE', #1416, 1.049999999999999822 ) ;
#4638 = CARTESIAN_POINT ( 'NONE',  ( 23.63644623352971053, -8.143682410348903389, 4.184624976390520779 ) ) ;
#4639 = CARTESIAN_POINT ( 'NONE',  ( 26.14999999999999858, 8.000000000000000000, 5.000000000000000000 ) ) ;
#4640 = CIRCLE ( 'NONE', #1296, 1.049999999999998934 ) ;
#4641 = B_SPLINE_CURVE_WITH_KNOTS ( 'NONE', 3,
 ( #4262, #4648, #2085, #421 ),
 .UNSPECIFIED., .F., .F.,
 ( 4, 4 ),
 ( 8.673617379884035472E-19, 0.0008331556607133241412 ),
 .UNSPECIFIED. ) ;
#4642 = ORIENTED_EDGE ( 'NONE', *, *, #4463, .T. ) ;
#4643 = VERTEX_POINT ( 'NONE', #3305 ) ;
#4644 = DIRECTION ( 'NONE',  ( 1.000000000000000000, -0.000000000000000000, -0.000000000000000000 ) ) ;
#4645 = VERTEX_POINT ( 'NONE', #224 ) ;
#4646 = DIRECTION ( 'NONE',  ( 1.000000000000000000, -0.000000000000000000, -0.000000000000000000 ) ) ;
#4647 = ORIENTED_EDGE ( 'NONE', *, *, #2372, .T. ) ;
#4648 = CARTESIAN_POINT ( 'NONE',  ( 23.34166596962903029, -8.953864781646799997, 4.478971481326246007 ) ) ;
#4649 = AXIS2_PLACEMENT_3D ( 'NONE', #4509, #732, #2880 ) ;
#4650 = AXIS2_PLACEMENT_3D ( 'NONE', #3779, #4646, #815 ) ;
#4651 = CARTESIAN_POINT ( 'NONE',  ( 23.31598817775512700, -9.020238095238024556, 5.248222136452771025 ) ) ;
#4652 = AXIS2_PLACEMENT_3D ( 'NONE', #2093, #2031, #744 ) ;
#4653 = EDGE_CURVE ( 'NONE', #2843, #3158, #2806, .T. ) ;
#4654 = AXIS2_PLACEMENT_3D ( 'NONE', #3218, #3719, #4082 ) ;
#4655 = AXIS2_PLACEMENT_3D ( 'NONE', #5282, #1417, #571 ) ;
#4656 = VECTOR ( 'NONE', #1021, 1000.000000000000000 ) ;
#4657 = VECTOR ( 'NONE', #321, 1000.000000000000000 ) ;
#4658 = ORIENTED_EDGE ( 'NONE', *, *, #4421, .F. ) ;
#4659 = LINE ( 'NONE', #1155, #1139 ) ;
#4660 = DIRECTION ( 'NONE',  ( 1.000000000000000000, -0.000000000000000000, -0.000000000000000000 ) ) ;
#4661 = CARTESIAN_POINT ( 'NONE',  ( 22.00000000000000000, 9.020238095238095610, 5.248222136452297626 ) ) ;
#4662 = DIRECTION ( 'NONE',  ( 1.000000000000000000, -0.000000000000000000, -0.000000000000000000 ) ) ;
#4663 = ORIENTED_EDGE ( 'NONE', *, *, #2644, .F. ) ;
#4664 = DIRECTION ( 'NONE',  ( 1.000000000000000000, 0.000000000000000000, -0.000000000000000000 ) ) ;
#4665 = ORIENTED_EDGE ( 'NONE', *, *, #5257, .T. ) ;
#4666 = ORIENTED_EDGE ( 'NONE', *, *, #1412, .F. ) ;
#4667 = CARTESIAN_POINT ( 'NONE',  ( 23.66357039907080306, 8.064470110438943351, 5.972375657815549133 ) ) ;
#4668 = CARTESIAN_POINT ( 'NONE',  ( 23.90137556981195033, 7.329808478963175666, 5.436087262193471048 ) ) ;
#4669 = ADVANCED_FACE ( 'NONE', ( #4533 ), #4136, .F. ) ;
#4670 = CARTESIAN_POINT ( 'NONE',  ( 0.000000000000000000, 0.000000000000000000, 10.00000000000000000 ) ) ;
#4671 = EDGE_CURVE ( 'NONE', #172, #306, #326, .T. ) ;
#4672 = DIRECTION ( 'NONE',  ( 1.000000000000000000, -0.000000000000000000, -0.000000000000000000 ) ) ;
#4673 = LINE ( 'NONE', #5037, #635 ) ;
#4674 = ORIENTED_EDGE ( 'NONE', *, *, #3731, .T. ) ;
#4675 = DIRECTION ( 'NONE',  ( 1.000000000000000000, 0.000000000000000000, 0.000000000000000000 ) ) ;
#4676 = VERTEX_POINT ( 'NONE', #1574 ) ;
#4677 = AXIS2_PLACEMENT_3D ( 'NONE', #4188, #806, #4248 ) ;
#4678 = ADVANCED_FACE ( 'NONE', ( #1597 ), #2074, .T. ) ;
#4679 = DIRECTION ( 'NONE',  ( 1.000000000000000000, -0.000000000000000000, -0.000000000000000000 ) ) ;
#4680 = AXIS2_PLACEMENT_3D ( 'NONE', #709, #4683, #2001 ) ;
#4681 = ORIENTED_EDGE ( 'NONE', *, *, #5532, .F. ) ;
#4682 = CARTESIAN_POINT ( 'NONE',  ( 26.14999999999999858, 0.8935992301051998155, 13.55134419009915803 ) ) ;
#4683 = DIRECTION ( 'NONE',  ( 1.000000000000000000, -0.000000000000000000, -0.000000000000000000 ) ) ;
#4684 = FACE_OUTER_BOUND ( 'NONE', #3625, .T. ) ;
#4685 = VECTOR ( 'NONE', #2187, 1000.000000000000000 ) ;
#4686 = EDGE_LOOP ( 'NONE', ( #1909, #5274, #835, #847, #2892, #4546 ) ) ;
#4687 = ADVANCED_FACE ( 'NONE', ( #4703 ), #370, .T. ) ;
#4688 = CARTESIAN_POINT ( 'NONE',  ( 31.58153269725703183, 9.442722495556909124, 11.49703610850628444 ) ) ;
#4689 = CARTESIAN_POINT ( 'NONE',  ( 26.14999999999999858, -0.3988649794376790680, 12.02870873154466480 ) ) ;
#4690 = CARTESIAN_POINT ( 'NONE',  ( -10.00000000000000000, 30.00000000000000000, 0.9999999999999991118 ) ) ;
#4691 = CIRCLE ( 'NONE', #2080, 1.050000000000000488 ) ;
#4692 = ORIENTED_EDGE ( 'NONE', *, *, #3340, .T. ) ;
#4693 = DIRECTION ( 'NONE',  ( 1.000000000000000000, -0.000000000000000000, -0.000000000000000000 ) ) ;
#4694 = ORIENTED_EDGE ( 'NONE', *, *, #3684, .F. ) ;
#4695 = EDGE_LOOP ( 'NONE', ( #757, #1154, #2117, #774 ) ) ;
#4696 = AXIS2_PLACEMENT_3D ( 'NONE', #2530, #1278, #53 ) ;
#4697 = CARTESIAN_POINT ( 'NONE',  ( 31.77156217917478997, -9.474885474964901633, 11.26633697009613755 ) ) ;
#4698 = CARTESIAN_POINT ( 'NONE',  ( 23.89121023240404895, 7.362776248628192022, 5.475756280523430775 ) ) ;
#4699 = DIRECTION ( 'NONE',  ( -0.000000000000000000, -0.000000000000000000, -1.000000000000000000 ) ) ;
#4700 = DIRECTION ( 'NONE',  ( 0.000000000000000000, 8.881784197001194145E-16, 1.000000000000000000 ) ) ;
#4701 = AXIS2_PLACEMENT_3D ( 'NONE', #590, #2322, #4036 ) ;
#4702 = AXIS2_PLACEMENT_3D ( 'NONE', #2277, #1423, #3995 ) ;
#4703 = FACE_OUTER_BOUND ( 'NONE', #5135, .T. ) ;
#4704 = ORIENTED_EDGE ( 'NONE', *, *, #3440, .F. ) ;
#4705 = ORIENTED_EDGE ( 'NONE', *, *, #2082, .F. ) ;
#4706 = FACE_OUTER_BOUND ( 'NONE', #3334, .T. ) ;
#4707 = EDGE_LOOP ( 'NONE', ( #5063, #3883, #2872, #175, #4391, #1095 ) ) ;
#4708 = EDGE_CURVE ( 'NONE', #4918, #4340, #2075, .T. ) ;
#4709 = CARTESIAN_POINT ( 'NONE',  ( 26.14999999999999858, 0.8935992301047267494, -3.551344190098690845 ) ) ;
#4710 = ADVANCED_FACE ( 'NONE', ( #1248 ), #1649, .T. ) ;
#4711 = AXIS2_PLACEMENT_3D ( 'NONE', #257, #3290, #2087 ) ;
#4712 = ORIENTED_EDGE ( 'NONE', *, *, #122, .F. ) ;
#4713 = CARTESIAN_POINT ( 'NONE',  ( 23.49200954670461527, 8.551344190098960851, 4.106400769895071079 ) ) ;
#4714 = DIRECTION ( 'NONE',  ( 0.000000000000000000, -1.000000000000000000, 0.000000000000000000 ) ) ;
#4715 = CARTESIAN_POINT ( 'NONE',  ( 32.00000000000000000, -8.324467844093623725, 5.748609342110383658 ) ) ;
#4716 = VERTEX_POINT ( 'NONE', #1221 ) ;
#4717 = DIRECTION ( 'NONE',  ( 0.000000000000000000, 0.000000000000000000, -1.000000000000000000 ) ) ;
#4718 = FACE_OUTER_BOUND ( 'NONE', #2631, .T. ) ;
#4719 = DIRECTION ( 'NONE',  ( 0.000000000000000000, 0.000000000000000000, 1.000000000000000000 ) ) ;
#4720 = DIRECTION ( 'NONE',  ( 0.000000000000000000, 0.000000000000000000, -1.000000000000000000 ) ) ;
#4721 = VERTEX_POINT ( 'NONE', #305 ) ;
#4722 = VERTEX_POINT ( 'NONE', #754 ) ;
#4723 = DIRECTION ( 'NONE',  ( 0.000000000000000000, -1.000000000000000000, 0.000000000000000000 ) ) ;
#4724 = CARTESIAN_POINT ( 'NONE',  ( 28.96622921218235192, -10.95087152942996589, -0.8679045249363632752 ) ) ;
#4725 = CARTESIAN_POINT ( 'NONE',  ( 32.00000000006856737, -9.623131277258005767, -0.8532582147818864593 ) ) ;
#4726 = EDGE_CURVE ( 'NONE', #2155, #172, #901, .T. ) ;
#4727 = CARTESIAN_POINT ( 'NONE',  ( 23.65854107221092306, 8.079197629375634904, 6.047008947192564321 ) ) ;
#4728 = CARTESIAN_POINT ( 'NONE',  ( 24.85854012602414898, 14.94559794137272668, -0.0005660138214257712371 ) ) ;
#4729 = ORIENTED_EDGE ( 'NONE', *, *, #4901, .F. ) ;
#4730 = LINE ( 'NONE', #2136, #5380 ) ;
#4731 = EDGE_LOOP ( 'NONE', ( #2197, #3515, #2467, #3274 ) ) ;
#4732 = CIRCLE ( 'NONE', #150, 1.049999999999998934 ) ;
#4733 = DIRECTION ( 'NONE',  ( 0.000000000000000000, 8.673617379884027583E-16, 1.000000000000000000 ) ) ;
#4734 = ORIENTED_EDGE ( 'NONE', *, *, #1635, .T. ) ;
#4735 = DIRECTION ( 'NONE',  ( 1.000000000000000000, 0.000000000000000000, 0.000000000000000000 ) ) ;
#4736 = CARTESIAN_POINT ( 'NONE',  ( 32.00000000000000000, 0.9986093421101819301, 13.32446784409389373 ) ) ;
#4737 = DIRECTION ( 'NONE',  ( 1.000000000000000000, -0.000000000000000000, -0.000000000000000000 ) ) ;
#4738 = EDGE_CURVE ( 'NONE', #3477, #1601, #4673, .T. ) ;
#4739 = VERTEX_POINT ( 'NONE', #2564 ) ;
#4740 = CARTESIAN_POINT ( 'NONE',  ( 0.000000000000000000, 0.000000000000000000, 10.00000000000000000 ) ) ;
#4741 = FACE_OUTER_BOUND ( 'NONE', #3488, .T. ) ;
#4742 = FACE_BOUND ( 'NONE', #5149, .T. ) ;
#4743 = VECTOR ( 'NONE', #3826, 1000.000000000000000 ) ;
#4744 = AXIS2_PLACEMENT_3D ( 'NONE', #504, #1315, #3948 ) ;
#4745 = DIRECTION ( 'NONE',  ( 1.000000000000000000, -0.000000000000000000, -0.000000000000000000 ) ) ;
#4746 = ORIENTED_EDGE ( 'NONE', *, *, #5440, .T. ) ;
#4747 = VECTOR ( 'NONE', #4000, 1000.000000000000000 ) ;
#4748 = EDGE_LOOP ( 'NONE', ( #1035, #3635, #3106, #3768, #3981, #3526, #4537, #2100, #4440, #3, #4635, #3253, #158, #227, #2344, #2486, #2297, #4477, #1376 ) ) ;
#4749 = DIRECTION ( 'NONE',  ( 1.000000000000000000, -0.000000000000000000, -0.000000000000000000 ) ) ;
#4750 = CARTESIAN_POINT ( 'NONE',  ( 32.00000000001142553, 10.36710023398344660, 9.377592801906827091 ) ) ;
#4751 = CARTESIAN_POINT ( 'NONE',  ( 31.63008446413676822, 9.435962469490702276, -1.459917647878180791 ) ) ;
#4752 = CARTESIAN_POINT ( 'NONE',  ( 32.00000000001189449, -10.36710023398344305, 0.6224071980935550474 ) ) ;
#4753 = CYLINDRICAL_SURFACE ( 'NONE', #3983, 3.100000000000000533 ) ;
#4754 = CARTESIAN_POINT ( 'NONE',  ( 22.00000000000000000, -8.324467844093623725, 5.998609342110383658 ) ) ;
#4755 = VERTEX_POINT ( 'NONE', #4277 ) ;
#4756 = ORIENTED_EDGE ( 'NONE', *, *, #3836, .T. ) ;
#4757 = LINE ( 'NONE', #944, #4747 ) ;
#4758 = ORIENTED_EDGE ( 'NONE', *, *, #2121, .T. ) ;
#4759 = EDGE_CURVE ( 'NONE', #4001, #2542, #5372, .T. ) ;
#4760 = CARTESIAN_POINT ( 'NONE',  ( 32.00000000000000000, -2.002642472099355980E-13, -2.999999999999725109 ) ) ;
#4761 = DIRECTION ( 'NONE',  ( 0.000000000000000000, 0.000000000000000000, 1.000000000000000000 ) ) ;
#4762 = ORIENTED_EDGE ( 'NONE', *, *, #3159, .T. ) ;
#4763 = DIRECTION ( 'NONE',  ( 0.5149771470258572847, -0.8571553879953714983, 0.009120245150923321498 ) ) ;
#4764 = CARTESIAN_POINT ( 'NONE',  ( 32.00000000000000000, 8.000000000000000000, 3.950000000000000178 ) ) ;
#4765 = DIRECTION ( 'NONE',  ( 0.000000000000000000, 0.000000000000000000, -1.000000000000000000 ) ) ;
#4766 = ADVANCED_FACE ( 'NONE', ( #970 ), #3576, .T. ) ;
#4767 = ORIENTED_EDGE ( 'NONE', *, *, #1285, .T. ) ;
#4768 = DIRECTION ( 'NONE',  ( 0.000000000000000000, 6.938893903907222067E-15, 1.000000000000000000 ) ) ;
#4769 = CARTESIAN_POINT ( 'NONE',  ( 28.01204373401268199, -12.65022996102013764, 0.4200530507238872113 ) ) ;
#4770 = CARTESIAN_POINT ( 'NONE',  ( 25.66548267483431189, -15.53334935468560651, 9.998163510896665329 ) ) ;
#4771 = CIRCLE ( 'NONE', #4592, 11.25000000000000178 ) ;
#4772 = FACE_OUTER_BOUND ( 'NONE', #2469, .T. ) ;
#4773 = ORIENTED_EDGE ( 'NONE', *, *, #4671, .F. ) ;
#4774 = VERTEX_POINT ( 'NONE', #1374 ) ;
#4775 = EDGE_CURVE ( 'NONE', #3391, #4802, #54, .T. ) ;
#4776 = CARTESIAN_POINT ( 'NONE',  ( 25.71294240508852624, -13.78616494518898783, 10.06652272296058470 ) ) ;
#4777 = AXIS2_PLACEMENT_3D ( 'NONE', #1641, #4268, #5505 ) ;
#4778 = DIRECTION ( 'NONE',  ( 0.000000000000000000, 0.000000000000000000, -1.000000000000000000 ) ) ;
#4779 = CARTESIAN_POINT ( 'NONE',  ( 26.14999999999999858, 7.028708731544464960, 5.398864979437949962 ) ) ;
#4780 = CIRCLE ( 'NONE', #5050, 1.000000000000000000 ) ;
#4781 = DIRECTION ( 'NONE',  ( 0.000000000000000000, 0.000000000000000000, 1.000000000000000000 ) ) ;
#4782 = CIRCLE ( 'NONE', #2363, 0.2499999999999985012 ) ;
#4783 = CARTESIAN_POINT ( 'NONE',  ( 26.14999999999999858, 0.2482221364520993401, -4.020238095237822051 ) ) ;
#4784 = ORIENTED_EDGE ( 'NONE', *, *, #1975, .T. ) ;
#4785 = VERTEX_POINT ( 'NONE', #4728 ) ;
#4786 = DIRECTION ( 'NONE',  ( 0.000000000000000000, 0.000000000000000000, -1.000000000000000000 ) ) ;
#4787 = ORIENTED_EDGE ( 'NONE', *, *, #2950, .T. ) ;
#4788 = AXIS2_PLACEMENT_3D ( 'NONE', #3814, #1235, #3007 ) ;
#4789 = CARTESIAN_POINT ( 'NONE',  ( 32.00000000000000000, 7.150532155906305753, 5.617174514907096849 ) ) ;
#4790 = CARTESIAN_POINT ( 'NONE',  ( 24.78784984624523346, 15.05199322349037239, 0.000000000000000000 ) ) ;
#4791 = VERTEX_POINT ( 'NONE', #4783 ) ;
#4792 = DIRECTION ( 'NONE',  ( 1.000000000000000000, -0.000000000000000000, -0.000000000000000000 ) ) ;
#4793 = DIRECTION ( 'NONE',  ( 0.000000000000000000, 0.000000000000000000, 1.000000000000000000 ) ) ;
#4794 = DIRECTION ( 'NONE',  ( 1.000000000000000000, -0.000000000000000000, -0.000000000000000000 ) ) ;
#4795 = ORIENTED_EDGE ( 'NONE', *, *, #3378, .F. ) ;
#4796 = CARTESIAN_POINT ( 'NONE',  ( 26.08249253864087436, 14.83949981716509825, 9.025499219139986096 ) ) ;
#4797 = CARTESIAN_POINT ( 'NONE',  ( 28.27540881039045928, -12.40631068112016067, 0.3213740293068802489 ) ) ;
#4798 = CARTESIAN_POINT ( 'NONE',  ( 26.14999999999999858, 1.986258379993444123E-13, 13.00000000000022737 ) ) ;
#4799 = CIRCLE ( 'NONE', #2645, 0.2500000000000002220 ) ;
#4800 = CARTESIAN_POINT ( 'NONE',  ( 25.71105991754769704, 15.45773205190787714, 9.995116840073414721 ) ) ;
#4801 = VERTEX_POINT ( 'NONE', #4811 ) ;
#4802 = VERTEX_POINT ( 'NONE', #861 ) ;
#4803 = CARTESIAN_POINT ( 'NONE',  ( 27.73551125773750314, 12.78030585462954072, -0.2337649940360085887 ) ) ;
#4804 = CARTESIAN_POINT ( 'NONE',  ( 28.45514836229059341, 9.940967247844731958, 13.40073193182388778 ) ) ;
#4805 = CARTESIAN_POINT ( 'NONE',  ( 22.00000000000000000, -0.9986093421096409184, 13.32446784409389906 ) ) ;
#4806 = DIRECTION ( 'NONE',  ( -1.000000000000000000, -0.000000000000000000, -0.000000000000000000 ) ) ;
#4807 = EDGE_CURVE ( 'NONE', #5409, #555, #2590, .T. ) ;
#4808 = DIRECTION ( 'NONE',  ( 0.000000000000000000, 0.000000000000000000, -1.000000000000000000 ) ) ;
#4809 = ADVANCED_FACE ( 'NONE', ( #2159 ), #3045, .T. ) ;
#4810 = AXIS2_PLACEMENT_3D ( 'NONE', #652, #5307, #5079 ) ;
#4811 = CARTESIAN_POINT ( 'NONE',  ( 24.00000000000000000, -7.028708731544392130, 5.398864979438423362 ) ) ;
#4812 = VERTEX_POINT ( 'NONE', #498 ) ;
#4813 = PLANE ( 'NONE',  #4921 ) ;
#4814 = ORIENTED_EDGE ( 'NONE', *, *, #1719, .F. ) ;
#4815 = ADVANCED_FACE ( 'NONE', ( #5267 ), #942, .T. ) ;
#4816 = CARTESIAN_POINT ( 'NONE',  ( 31.40951020086923151, 9.466673767246673421, 11.62854955631000564 ) ) ;
#4817 = CARTESIAN_POINT ( 'NONE',  ( 26.14999999999999858, 0.8004968329776831482, -2.320511353742571448 ) ) ;
#4818 = EDGE_LOOP ( 'NONE', ( #4214, #1069 ) ) ;
#4819 = CARTESIAN_POINT ( 'NONE',  ( 24.00000000000000000, 7.000000000000007994, 4.679843788128335014 ) ) ;
#4820 = CARTESIAN_POINT ( 'NONE',  ( 22.00000000000000000, -8.079197629375563849, 3.952991052807908634 ) ) ;
#4821 = MECHANICAL_DESIGN_GEOMETRIC_PRESENTATION_REPRESENTATION (  '', ( #3565 ), #2576 ) ;
#4822 = CARTESIAN_POINT ( 'NONE',  ( 28.76148613605256443, 11.80230400425500115, 10.51897067037628020 ) ) ;
#4823 = CARTESIAN_POINT ( 'NONE',  ( 30.66572322216479307, -10.37950092663010793, -0.8095621501148327903 ) ) ;
#4824 = CARTESIAN_POINT ( 'NONE',  ( -10.00000000000000000, -26.00000000000000355, 10.00000000000000000 ) ) ;
#4825 = CARTESIAN_POINT ( 'NONE',  ( 25.71573116485256705, 15.44995697913202726, 9.000622615203569765 ) ) ;
#4826 = ORIENTED_EDGE ( 'NONE', *, *, #5406, .F. ) ;
#4827 = CARTESIAN_POINT ( 'NONE',  ( 23.98059427784008335, -7.066302617605231262, 5.377886436631497347 ) ) ;
#4828 = FACE_OUTER_BOUND ( 'NONE', #159, .T. ) ;
#4829 = CARTESIAN_POINT ( 'NONE',  ( 31.99999999997842082, -10.38103860029020353, 9.370731602468303834 ) ) ;
#4830 = AXIS2_PLACEMENT_3D ( 'NONE', #1008, #4031, #5332 ) ;
#4831 = AXIS2_PLACEMENT_3D ( 'NONE', #4113, #5008, #612 ) ;
#4832 = CIRCLE ( 'NONE', #4204, 10.00000000000000000 ) ;
#4833 = FACE_OUTER_BOUND ( 'NONE', #2453, .T. ) ;
#4834 = CIRCLE ( 'NONE', #4655, 1.000000000000000888 ) ;
#4835 = ADVANCED_FACE ( 'NONE', ( #4385 ), #988, .T. ) ;
#4836 = CYLINDRICAL_SURFACE ( 'NONE', #1539, 1.050000000000000488 ) ;
#4837 = ORIENTED_EDGE ( 'NONE', *, *, #27, .T. ) ;
#4838 = ORIENTED_EDGE ( 'NONE', *, *, #1355, .F. ) ;
#4839 = FACE_OUTER_BOUND ( 'NONE', #2834, .T. ) ;
#4840 = ORIENTED_EDGE ( 'NONE', *, *, #2340, .T. ) ;
#4841 = VECTOR ( 'NONE', #1646, 1000.000000000000000 ) ;
#4842 = CYLINDRICAL_SURFACE ( 'NONE', #3985, 1.049999999999999822 ) ;
#4843 = CARTESIAN_POINT ( 'NONE',  ( 28.27540881039045928, 12.40631068112015889, 9.678625970693122582 ) ) ;
#4844 = ORIENTED_EDGE ( 'NONE', *, *, #1773, .F. ) ;
#4845 = CARTESIAN_POINT ( 'NONE',  ( 26.14999999999999858, -8.324467844093623725, 5.998609342110383658 ) ) ;
#4846 = ADVANCED_FACE ( 'NONE', ( #1755 ), #4836, .F. ) ;
#4847 = DIRECTION ( 'NONE',  ( 0.000000000000000000, 0.000000000000000000, -1.000000000000000000 ) ) ;
#4848 = ORIENTED_EDGE ( 'NONE', *, *, #1702, .F. ) ;
#4849 = AXIS2_PLACEMENT_3D ( 'NONE', #1027, #4502, #4047 ) ;
#4850 = DIRECTION ( 'NONE',  ( 0.000000000000000000, 0.000000000000000000, -1.000000000000000000 ) ) ;
#4851 = CARTESIAN_POINT ( 'NONE',  ( 23.95777556610197223, 7.143433172546846954, 4.639609838881654014 ) ) ;
#4852 = FACE_OUTER_BOUND ( 'NONE', #276, .T. ) ;
#4853 = CIRCLE ( 'NONE', #1880, 0.2500000000000002220 ) ;
#4854 = LINE ( 'NONE', #4038, #2957 ) ;
#4855 = ORIENTED_EDGE ( 'NONE', *, *, #3537, .F. ) ;
#4856 = ORIENTED_EDGE ( 'NONE', *, *, #4182, .T. ) ;
#4857 = CIRCLE ( 'NONE', #448, 2.000000000000000888 ) ;
#4858 = FACE_OUTER_BOUND ( 'NONE', #1848, .T. ) ;
#4859 = CARTESIAN_POINT ( 'NONE',  ( 31.99999999996264322, 9.895446284328022202, 10.38029177249043933 ) ) ;
#4860 = CARTESIAN_POINT ( 'NONE',  ( -4.999999999999999112, 30.00000000000000000, 1.899999999999999245 ) ) ;
#4861 = CARTESIAN_POINT ( 'NONE',  ( 31.99999999998414424, -9.615138724412524596, 10.84707381142869487 ) ) ;
#4862 = DIRECTION ( 'NONE',  ( 1.000000000000000000, 0.000000000000000000, 0.000000000000000000 ) ) ;
#4863 = CARTESIAN_POINT ( 'NONE',  ( -9.000000000000001776, -28.99999999999999645, 0.000000000000000000 ) ) ;
#4864 = EDGE_LOOP ( 'NONE', ( #3471, #2797, #1214, #1171 ) ) ;
#4865 = ORIENTED_EDGE ( 'NONE', *, *, #2441, .F. ) ;
#4866 = VECTOR ( 'NONE', #1922, 1000.000000000000000 ) ;
#4867 = DIRECTION ( 'NONE',  ( 1.000000000000000000, -0.000000000000000000, -0.000000000000000000 ) ) ;
#4868 = ORIENTED_EDGE ( 'NONE', *, *, #1147, .T. ) ;
#4869 = AXIS2_PLACEMENT_3D ( 'NONE', #5422, #254, #2406 ) ;
#4870 = AXIS2_PLACEMENT_3D ( 'NONE', #3188, #1051, #2417 ) ;
#4871 = CARTESIAN_POINT ( 'NONE',  ( 22.00000000000000000, 8.000000000000000000, 5.000000000000000000 ) ) ;
#4872 = CARTESIAN_POINT ( 'NONE',  ( 30.66572322216478952, 10.37950092663011326, 10.80956215011483401 ) ) ;
#4873 = VERTEX_POINT ( 'NONE', #442 ) ;
#4874 = CARTESIAN_POINT ( 'NONE',  ( -10.00000000000000000, -30.00000000000000000, 1.000000000000000000 ) ) ;
#4875 = CIRCLE ( 'NONE', #3886, 0.2499999999999985012 ) ;
#4876 = CARTESIAN_POINT ( 'NONE',  ( 24.85854012602414542, 14.93495841316095962, 0.9993773847964313450 ) ) ;
#4877 = EDGE_CURVE ( 'NONE', #562, #2993, #3702, .T. ) ;
#4878 = ADVANCED_FACE ( 'NONE', ( #5209 ), #4415, .T. ) ;
#4879 = FACE_OUTER_BOUND ( 'NONE', #3508, .T. ) ;
#4880 = CARTESIAN_POINT ( 'NONE',  ( 23.92298186832836748, 7.259103670150152787, 4.615636194061030650 ) ) ;
#4881 = CARTESIAN_POINT ( 'NONE',  ( 24.00000000000000000, 0.000000000000000000, 10.00000000000000000 ) ) ;
#4882 = CARTESIAN_POINT ( 'NONE',  ( 25.71573116485256350, -15.44995697913202726, 0.9993773847964274593 ) ) ;
#4883 = ORIENTED_EDGE ( 'NONE', *, *, #3429, .T. ) ;
#4884 = CARTESIAN_POINT ( 'NONE',  ( 30.33902137348355055, 10.65840723784198119, -0.6221025127917950703 ) ) ;
#4885 = CARTESIAN_POINT ( 'NONE',  ( 27.81130966847658215, 12.02268580626922478, 6.923693572656923756 ) ) ;
#4886 = CARTESIAN_POINT ( 'NONE',  ( 23.99751377134736430, -7.008524212523318475, 4.653218621390531773 ) ) ;
#4887 = CARTESIAN_POINT ( 'NONE',  ( 28.40475010390373711, -10.11526761017091758, 13.11108620510234601 ) ) ;
#4888 = LINE ( 'NONE', #1815, #2365 ) ;
#4889 = DIRECTION ( 'NONE',  ( 0.000000000000000000, 0.000000000000000000, 1.000000000000000000 ) ) ;
#4890 = ORIENTED_EDGE ( 'NONE', *, *, #538, .F. ) ;
#4891 = CARTESIAN_POINT ( 'NONE',  ( 22.00000000000000000, 8.324467844093694779, 5.998609342109912035 ) ) ;
#4892 = VERTEX_POINT ( 'NONE', #87 ) ;
#4893 = DIRECTION ( 'NONE',  ( 1.000000000000000000, 0.000000000000000000, 0.000000000000000000 ) ) ;
#4894 = DIRECTION ( 'NONE',  ( -1.000000000000000000, 0.000000000000000000, 0.000000000000000000 ) ) ;
#4895 = LINE ( 'NONE', #1522, #3758 ) ;
#4896 = ORIENTED_EDGE ( 'NONE', *, *, #2082, .T. ) ;
#4897 = CARTESIAN_POINT ( 'NONE',  ( -9.000000000000001776, 25.00000000000000000, 10.00000000000000000 ) ) ;
#4898 = ORIENTED_EDGE ( 'NONE', *, *, #4497, .F. ) ;
#4899 = DIRECTION ( 'NONE',  ( 1.000000000000000000, -0.000000000000000000, -0.000000000000000000 ) ) ;
#4900 = EDGE_CURVE ( 'NONE', #1740, #1993, #4780, .T. ) ;
#4901 = EDGE_CURVE ( 'NONE', #417, #1080, #1279, .T. ) ;
#4902 = CARTESIAN_POINT ( 'NONE',  ( 23.57335858787853766, 8.324467844091019586, 5.748609342088650820 ) ) ;
#4903 = DIRECTION ( 'NONE',  ( 0.000000000000000000, 0.000000000000000000, -1.000000000000000000 ) ) ;
#4905 = VECTOR ( 'NONE', #4317, 1000.000000000000000 ) ;
#4904 = CYLINDRICAL_SURFACE ( 'NONE', #4701, 1.050000000000002265 ) ;
#4906 = CARTESIAN_POINT ( 'NONE',  ( 25.71573116485256350, -15.44995697913202726, 9.000622615203583976 ) ) ;
#4907 = CARTESIAN_POINT ( 'NONE',  ( 24.81150049239077049, 15.01658573132048069, 10.00000000000000000 ) ) ;
#4908 = CARTESIAN_POINT ( 'NONE',  ( 27.86062918806364763, 11.87241148884534603, 1.973146315902331915 ) ) ;
#4909 = ADVANCED_FACE ( 'NONE', ( #1732 ), #3468, .F. ) ;
#4910 = CARTESIAN_POINT ( 'NONE',  ( 32.00000000000000000, 8.000000000000000000, 5.000000000000000000 ) ) ;
#4911 = CARTESIAN_POINT ( 'NONE',  ( 23.31598817775510213, 9.020238095238095610, 4.751777863547702374 ) ) ;
#4912 = EDGE_CURVE ( 'NONE', #1601, #1232, #1799, .T. ) ;
#4913 = CARTESIAN_POINT ( 'NONE',  ( 26.14999999999999858, 8.000000000000000000, 2.999999999999999556 ) ) ;
#4914 = CARTESIAN_POINT ( 'NONE',  ( 23.84519245746856342, 7.513147516751527810, 4.035987110205240036 ) ) ;
#4915 = ORIENTED_EDGE ( 'NONE', *, *, #940, .T. ) ;
#4916 = EDGE_LOOP ( 'NONE', ( #1082, #2517, #1213, #1309 ) ) ;
#4917 = DIRECTION ( 'NONE',  ( 1.000000000000000000, 0.000000000000000000, 0.000000000000000000 ) ) ;
#4918 = VERTEX_POINT ( 'NONE', #1425 ) ;
#4919 = CARTESIAN_POINT ( 'NONE',  ( 25.71105991754769704, -15.45773205190788069, 0.004883159926584141643 ) ) ;
#4920 = CIRCLE ( 'NONE', #2771, 2.000000000000000000 ) ;
#4921 = AXIS2_PLACEMENT_3D ( 'NONE', #3131, #4418, #1399 ) ;
#4922 = AXIS2_PLACEMENT_3D ( 'NONE', #5370, #597, #1565 ) ;
#4923 = AXIS2_PLACEMENT_3D ( 'NONE', #4891, #1900, #4530 ) ;
#4924 = LINE ( 'NONE', #2849, #194 ) ;
#4925 = CARTESIAN_POINT ( 'NONE',  ( 22.00000000000000000, -7.999999999999928946, 5.000000000000472511 ) ) ;
#4926 = ORIENTED_EDGE ( 'NONE', *, *, #1430, .T. ) ;
#4927 = DIRECTION ( 'NONE',  ( 0.000000000000000000, 0.000000000000000000, 1.000000000000000000 ) ) ;
#4928 = ORIENTED_EDGE ( 'NONE', *, *, #2644, .T. ) ;
#4929 = FACE_OUTER_BOUND ( 'NONE', #5042, .T. ) ;
#4930 = DIRECTION ( 'NONE',  ( 0.000000000000000000, -0.7083290928701350131, 0.7058823529411765163 ) ) ;
#4931 = EDGE_CURVE ( 'NONE', #2421, #2250, #2551, .T. ) ;
#4932 = DIRECTION ( 'NONE',  ( 0.000000000000000000, 0.000000000000000000, -1.000000000000000000 ) ) ;
#4933 = LINE ( 'NONE', #4544, #2118 ) ;
#4934 = EDGE_CURVE ( 'NONE', #1080, #4590, #5412, .T. ) ;
#4935 = CARTESIAN_POINT ( 'NONE',  ( 31.00000000000000000, 9.390462030729404219, -1.756999056569591433 ) ) ;
#4936 = ORIENTED_EDGE ( 'NONE', *, *, #1359, .F. ) ;
#4937 = AXIS2_PLACEMENT_3D ( 'NONE', #3386, #2103, #1195 ) ;
#4938 = CARTESIAN_POINT ( 'NONE',  ( 24.83506455939966173, 14.98111974432973703, 10.00018805720386617 ) ) ;
#4939 = CARTESIAN_POINT ( 'NONE',  ( 32.00000000001595879, 9.891138359683017356, -0.3669867519215549989 ) ) ;
#4940 = CARTESIAN_POINT ( 'NONE',  ( 31.58153269725703893, -9.442722495556900242, 11.49703610850629154 ) ) ;
#4941 = CARTESIAN_POINT ( 'NONE',  ( 23.39074976723966515, 8.824665140958185106, 4.876060648023671895 ) ) ;
#4942 = EDGE_CURVE ( 'NONE', #39, #4676, #115, .T. ) ;
#4943 = CIRCLE ( 'NONE', #893, 0.2500000000000002220 ) ;
#4944 = CARTESIAN_POINT ( 'NONE',  ( 24.85854012602414542, -14.94559794137272490, -0.0005660138214253673718 ) ) ;
#4945 = ORIENTED_EDGE ( 'NONE', *, *, #2661, .T. ) ;
#4946 = PRODUCT_DEFINITION_CONTEXT ( 'detailed design', #1496, 'design' ) ;
#4947 = ORIENTED_EDGE ( 'NONE', *, *, #4218, .T. ) ;
#4948 = CARTESIAN_POINT ( 'NONE',  ( 26.14999999999999858, 0.9986093421101819301, 13.32446784409389373 ) ) ;
#4949 = ORIENTED_EDGE ( 'NONE', *, *, #1759, .F. ) ;
#4950 = CIRCLE ( 'NONE', #3255, 1.049999999999998934 ) ;
#4951 = DIRECTION ( 'NONE',  ( 1.000000000000000000, 0.000000000000000000, 0.000000000000000000 ) ) ;
#4952 = AXIS2_PLACEMENT_3D ( 'NONE', #3254, #4958, #2828 ) ;
#4953 = AXIS2_PLACEMENT_3D ( 'NONE', #5300, #2254, #3979 ) ;
#4954 = CARTESIAN_POINT ( 'NONE',  ( 24.00000000000000000, -7.448861120911138833, 9.496179874325914483 ) ) ;
#4955 = ORIENTED_EDGE ( 'NONE', *, *, #4080, .T. ) ;
#4956 = DIRECTION ( 'NONE',  ( 1.000000000000000000, -0.000000000000000000, -0.000000000000000000 ) ) ;
#4957 = VERTEX_POINT ( 'NONE', #4863 ) ;
#4958 = DIRECTION ( 'NONE',  ( 1.000000000000000000, -0.000000000000000000, -0.000000000000000000 ) ) ;
#4959 = AXIS2_PLACEMENT_3D ( 'NONE', #3789, #3380, #768 ) ;
#4960 = AXIS2_PLACEMENT_3D ( 'NONE', #2673, #4305, #1396 ) ;
#4961 = DIRECTION ( 'NONE',  ( 0.000000000000000000, 0.000000000000000000, -1.000000000000000000 ) ) ;
#4962 = ORIENTED_EDGE ( 'NONE', *, *, #2685, .F. ) ;
#4963 = AXIS2_PLACEMENT_3D ( 'NONE', #2871, #3354, #4664 ) ;
#4964 = CARTESIAN_POINT ( 'NONE',  ( 32.00000000000000000, 8.324467844093694779, 5.998609342109912035 ) ) ;
#4965 = CARTESIAN_POINT ( 'NONE',  ( 22.00000000000000000, 7.150532155906305753, 5.617174514907096849 ) ) ;
#4966 = VECTOR ( 'NONE', #2720, 1000.000000000000000 ) ;
#4967 = CIRCLE ( 'NONE', #2279, 0.9999999999999997780 ) ;
#4968 = CARTESIAN_POINT ( 'NONE',  ( -10.00000000000000000, 25.00000000000000000, 1.000000000000000000 ) ) ;
#4969 = ORIENTED_EDGE ( 'NONE', *, *, #1874, .F. ) ;
#4970 = CARTESIAN_POINT ( 'NONE',  ( 25.66707455275584238, 15.53072782607179825, 1.000000000000001998 ) ) ;
#4971 = CARTESIAN_POINT ( 'NONE',  ( 27.77942556374182814, 12.11908642879756570, 4.230442199202374631 ) ) ;
#4972 = DIRECTION ( 'NONE',  ( 0.000000000000000000, 0.000000000000000000, -1.000000000000000000 ) ) ;
#4973 = FACE_OUTER_BOUND ( 'NONE', #2161, .T. ) ;
#4974 = EDGE_CURVE ( 'NONE', #4309, #5415, #2390, .T. ) ;
#4975 = B_SPLINE_CURVE_WITH_KNOTS ( 'NONE', 3,
 ( #646, #5011, #2377, #1144 ),
 .UNSPECIFIED., .F., .F.,
 ( 4, 4 ),
 ( 0.000000000000000000, 0.0001414430564826952511 ),
 .UNSPECIFIED. ) ;
#4976 = DIRECTION ( 'NONE',  ( 0.000000000000000000, -1.000000000000000000, -0.000000000000000000 ) ) ;
#4977 = ORIENTED_EDGE ( 'NONE', *, *, #1797, .T. ) ;
#4978 = ORIENTED_EDGE ( 'NONE', *, *, #1790, .T. ) ;
#4979 = LINE ( 'NONE', #2819, #4037 ) ;
#4980 = ORIENTED_EDGE ( 'NONE', *, *, #1540, .F. ) ;
#4981 = EDGE_CURVE ( 'NONE', #225, #1651, #1897, .T. ) ;
#4982 = CARTESIAN_POINT ( 'NONE',  ( 24.00000000000000000, 1.986258379993444123E-13, 13.00000000000022737 ) ) ;
#4983 = CARTESIAN_POINT ( 'NONE',  ( 23.99999999999999645, -9.447628340633986710, 9.983330657060465185 ) ) ;
#4984 = CYLINDRICAL_SURFACE ( 'NONE', #2318, 1.049999999999998934 ) ;
#4985 = DIRECTION ( 'NONE',  ( 1.000000000000000000, -0.000000000000000000, -0.000000000000000000 ) ) ;
#4986 = ORIENTED_EDGE ( 'NONE', *, *, #1329, .T. ) ;
#4987 = B_SPLINE_CURVE_WITH_KNOTS ( 'NONE', 3,
 ( #2593, #5243, #1343, #580, #3078, #5270, #2650, #3555, #3913, #4335 ),
 .UNSPECIFIED., .F., .F.,
 ( 4, 2, 2, 2, 4 ),
 ( 0.000000000000000000, 0.0001843561093272036162, 0.0003687122186544072324, 0.0005530683279816108215, 0.0007374244373088144648 ),
 .UNSPECIFIED. ) ;
#4988 = CARTESIAN_POINT ( 'NONE',  ( 27.78351298194585084, -12.10676887608623709, 4.225521061117870403 ) ) ;
#4989 = DIRECTION ( 'NONE',  ( -0.8547534429739734874, -0.5190342490858751434, 0.000000000000000000 ) ) ;
#4990 = CARTESIAN_POINT ( 'NONE',  ( 32.00000000000000000, 7.150532155906305753, 5.617174514907096849 ) ) ;
#4991 = CARTESIAN_POINT ( 'NONE',  ( 23.33856327601360903, -8.961884788091477816, 4.758774441672349198 ) ) ;
#4992 = ORIENTED_EDGE ( 'NONE', *, *, #3059, .T. ) ;
#4993 = EDGE_CURVE ( 'NONE', #830, #427, #2307, .T. ) ;
#4994 = CLOSED_SHELL ( 'NONE', ( #1921, #1487, #3706, #1495, #5188, #296, #975, #4596, #1015, #4430, #4815, #336, #808, #916, #621, #3645, #3202, #4257, #3879, #3295, #2396, #2140, #4669, #34, #3462, #2300, #2047, #418, #2775, #2252, #3868, #1323, #932, #2635, #3023, #1944, #2150, #4363, #3953, #5299, #796, #3341, #1010, #3828, #2298, #3203, #4846, #846, #4429, #3094, #1659, #355, #3280, #3566, #5016, #5529, #2268, #937, #3058, #5469, #2876, #805, #4631, #5110, #4251, #813, #4710, #2409, #2603, #1473, #3541, #1762, #3677, #947, #2937, #3063, #5018, #4349, #3910, #2912, #1246, #564, #4004, #3470, #5077, #4170, #1838, #3507, #5432, #4538, #2341, #2629, #4464, #4505, #2714, #4878, #2485, #1064, #2672, #3226, #638, #5118, #1671, #900, #3575, #4766, #5525, #3235, #5091, #3774, #434, #2642, #875, #2091, #4909, #4095, #4321, #4526, #2460, #641, #134, #386, #85, #2033, #915, #2646, #1605, #4605, #1345, #1973, #4687, #4330, #2505, #64, #96, #3605, #1604, #2309, #5225, #4678, #3127, #229, #2109, #4145, #5398, #3646, #265, #4835, #5221, #2813, #1596, #4809, #734, #3599 ) ) ;
#4995 = CARTESIAN_POINT ( 'NONE',  ( 0.000000000000000000, 0.000000000000000000, 0.000000000000000000 ) ) ;
#4996 = CYLINDRICAL_SURFACE ( 'NONE', #4189, 1.000000000000000888 ) ;
#4997 = DIRECTION ( 'NONE',  ( 0.000000000000000000, 0.000000000000000000, 1.000000000000000000 ) ) ;
#4998 = CARTESIAN_POINT ( 'NONE',  ( 26.14999999999999858, -2.002642472099355980E-13, -2.999999999999725109 ) ) ;
#4999 = DIRECTION ( 'NONE',  ( 1.000000000000000000, -0.000000000000000000, -0.000000000000000000 ) ) ;
#5000 = ORIENTED_EDGE ( 'NONE', *, *, #3133, .F. ) ;
#5001 = EDGE_CURVE ( 'NONE', #417, #4272, #3430, .T. ) ;
#5002 = EDGE_LOOP ( 'NONE', ( #1959, #5437, #1257, #1534 ) ) ;
#5003 = CARTESIAN_POINT ( 'NONE',  ( 32.00000000000000000, 8.324467844093694779, 4.001390657890087965 ) ) ;
#5004 = ORIENTED_EDGE ( 'NONE', *, *, #1148, .F. ) ;
#5005 = FACE_OUTER_BOUND ( 'NONE', #4261, .T. ) ;
#5006 = EDGE_CURVE ( 'NONE', #5376, #1145, #2333, .T. ) ;
#5007 = DIRECTION ( 'NONE',  ( 0.000000000000000000, 0.000000000000000000, -1.000000000000000000 ) ) ;
#5008 = DIRECTION ( 'NONE',  ( 1.000000000000000000, -0.000000000000000000, -0.000000000000000000 ) ) ;
#5009 = EDGE_CURVE ( 'NONE', #4610, #1089, #4446, .T. ) ;
#5010 = ORIENTED_EDGE ( 'NONE', *, *, #602, .F. ) ;
#5011 = CARTESIAN_POINT ( 'NONE',  ( 25.66707455275584238, 15.53072782607179825, 9.000000000000001776 ) ) ;
#5012 = ORIENTED_EDGE ( 'NONE', *, *, #3637, .T. ) ;
#5013 = CARTESIAN_POINT ( 'NONE',  ( 31.99999999999103650, -11.02882112425480976, 7.237658173930761052 ) ) ;
#5014 = CIRCLE ( 'NONE', #3582, 1.050000000000001377 ) ;
#5015 = LINE ( 'NONE', #3647, #2354 ) ;
#5016 = ADVANCED_FACE ( 'NONE', ( #5404 ), #4022, .F. ) ;
#5017 = CIRCLE ( 'NONE', #2497, 1.050000000000000488 ) ;
#5018 = ADVANCED_FACE ( 'NONE', ( #168, #2785 ), #3600, .F. ) ;
#5019 = DIRECTION ( 'NONE',  ( 0.000000000000000000, 0.000000000000000000, -1.000000000000000000 ) ) ;
#5020 = LINE ( 'NONE', #341, #4270 ) ;
#5021 = ORIENTED_EDGE ( 'NONE', *, *, #5298, .T. ) ;
#5022 = DIRECTION ( 'NONE',  ( -1.000000000000000000, -0.000000000000000000, -0.000000000000000000 ) ) ;
#5023 = DIRECTION ( 'NONE',  ( 0.000000000000000000, 0.000000000000000000, 1.000000000000000000 ) ) ;
#5024 = DIRECTION ( 'NONE',  ( 1.000000000000000000, 0.000000000000000000, 0.000000000000000000 ) ) ;
#5025 = DIRECTION ( 'NONE',  ( -0.000000000000000000, -0.000000000000000000, -1.000000000000000000 ) ) ;
#5026 = AXIS2_PLACEMENT_3D ( 'NONE', #3401, #1585, #2923 ) ;
#5027 = B_SPLINE_CURVE_WITH_KNOTS ( 'NONE', 3,
 ( #2636, #2178, #2691, #5201, #2609, #3486, #79, #2205, #853, #520 ),
 .UNSPECIFIED., .F., .F.,
 ( 4, 2, 2, 2, 4 ),
 ( 0.000000000000000000, 0.0001863684255393673495, 0.0003727368510787346990, 0.0005591052766181020756, 0.0007454737021574693980 ),
 .UNSPECIFIED. ) ;
#5028 = CIRCLE ( 'NONE', #3249, 0.2500000000000002220 ) ;
#5029 = VERTEX_POINT ( 'NONE', #3657 ) ;
#5030 = CARTESIAN_POINT ( 'NONE',  ( 26.14999999999999858, -7.150532155906233811, 5.367174514907572913 ) ) ;
#5031 = ORIENTED_EDGE ( 'NONE', *, *, #3846, .F. ) ;
#5032 = ORIENTED_EDGE ( 'NONE', *, *, #2712, .T. ) ;
#5033 = LINE ( 'NONE', #1165, #4841 ) ;
#5034 = CARTESIAN_POINT ( 'NONE',  ( 23.87798631311430242, 7.405531878000763513, 5.622349032879364827 ) ) ;
#5035 = DIRECTION ( 'NONE',  ( -1.000000000000000000, 0.000000000000000000, 0.000000000000000000 ) ) ;
#5036 = EDGE_CURVE ( 'NONE', #1485, #2192, #549, .T. ) ;
#5037 = CARTESIAN_POINT ( 'NONE',  ( -5.510910596163088767E-15, -30.00000000000000000, 10.00000000000000000 ) ) ;
#5038 = VERTEX_POINT ( 'NONE', #1024 ) ;
#5039 = CIRCLE ( 'NONE', #890, 0.2500000000000002220 ) ;
#5040 = ORIENTED_EDGE ( 'NONE', *, *, #1628, .F. ) ;
#5041 = CARTESIAN_POINT ( 'NONE',  ( 32.00000000000000000, -9.020238095238022780, 4.751777863548173997 ) ) ;
#5042 = EDGE_LOOP ( 'NONE', ( #5483, #5466, #1465, #1292 ) ) ;
#5043 = VECTOR ( 'NONE', #2407, 1000.000000000000000 ) ;
#5044 = CARTESIAN_POINT ( 'NONE',  ( 28.26196620810940985, -10.59690177721915028, -2.209699954472714278 ) ) ;
#5046 = EDGE_CURVE ( 'NONE', #3602, #4219, #3442, .T. ) ;
#5045 = CIRCLE ( 'NONE', #898, 30.00000000000000000 ) ;
#5047 = CARTESIAN_POINT ( 'NONE',  ( 22.00000000000000000, 8.000000000000000000, 5.000000000000000000 ) ) ;
#5048 = VERTEX_POINT ( 'NONE', #661 ) ;
#5049 = DIRECTION ( 'NONE',  ( 0.000000000000000000, 0.000000000000000000, -1.000000000000000000 ) ) ;
#5050 = AXIS2_PLACEMENT_3D ( 'NONE', #2281, #143, #3496 ) ;
#5051 = LINE ( 'NONE', #4148, #2838 ) ;
#5052 = EDGE_CURVE ( 'NONE', #1133, #3602, #1542, .T. ) ;
#5053 = CIRCLE ( 'NONE', #1261, 1.049999999999999822 ) ;
#5054 = ORIENTED_EDGE ( 'NONE', *, *, #2890, .F. ) ;
#5055 = DIRECTION ( 'NONE',  ( 1.000000000000000000, -0.000000000000000000, -0.000000000000000000 ) ) ;
#5056 =( NAMED_UNIT ( * ) PLANE_ANGLE_UNIT ( ) SI_UNIT ( $, .RADIAN. ) );
#5057 = CARTESIAN_POINT ( 'NONE',  ( 32.00000000000000000, -7.999999999999928946, 5.000000000000472511 ) ) ;
#5058 = CARTESIAN_POINT ( 'NONE',  ( 32.00000000000000000, 2.714842239903703103E-13, 13.00000000000019895 ) ) ;
#5059 = AXIS2_PLACEMENT_3D ( 'NONE', #5198, #3926, #76 ) ;
#5060 = ORIENTED_EDGE ( 'NONE', *, *, #2741, .F. ) ;
#5061 = CARTESIAN_POINT ( 'NONE',  ( 26.14999999999999858, 9.020238095238095610, 5.248222136452297626 ) ) ;
#5062 = ORIENTED_EDGE ( 'NONE', *, *, #1906, .F. ) ;
#5063 = ORIENTED_EDGE ( 'NONE', *, *, #2744, .F. ) ;
#5064 = CARTESIAN_POINT ( 'NONE',  ( 23.65619271430616166, 8.086229236742166648, 5.892834767043307664 ) ) ;
#5065 = CARTESIAN_POINT ( 'NONE',  ( 32.00000000000000000, 2.714842239903703103E-13, 13.00000000000019895 ) ) ;
#5066 = CARTESIAN_POINT ( 'NONE',  ( 27.73467727182500298, -12.78116404673015438, -0.2335668717047333920 ) ) ;
#5067 = DIRECTION ( 'NONE',  ( 1.000000000000000000, 0.000000000000000000, 0.000000000000000000 ) ) ;
#5068 = ORIENTED_EDGE ( 'NONE', *, *, #1075, .F. ) ;
#5069 = VERTEX_POINT ( 'NONE', #4130 ) ;
#5070 = CYLINDRICAL_SURFACE ( 'NONE', #1219, 1.050000000000000488 ) ;
#5071 = ORIENTED_EDGE ( 'NONE', *, *, #2019, .F. ) ;
#5072 = EDGE_CURVE ( 'NONE', #1398, #5378, #3407, .T. ) ;
#5073 = AXIS2_PLACEMENT_3D ( 'NONE', #3091, #929, #1802 ) ;
#5074 = CARTESIAN_POINT ( 'NONE',  ( 25.51248291300371562, -15.78332080482595856, 4.461584507794921883 ) ) ;
#5075 = CARTESIAN_POINT ( 'NONE',  ( 28.85536696450160221, 11.02960775455801290, -0.8337653589880067440 ) ) ;
#5076 = DIRECTION ( 'NONE',  ( 1.000000000000000000, -0.000000000000000000, -0.000000000000000000 ) ) ;
#5077 = ADVANCED_FACE ( 'NONE', ( #318 ), #5457, .T. ) ;
#5078 = CARTESIAN_POINT ( 'NONE',  ( 32.00000000000000000, 7.028708731544464960, 4.601135020562050926 ) ) ;
#5079 = DIRECTION ( 'NONE',  ( 0.000000000000000000, 0.000000000000000000, -1.000000000000000000 ) ) ;
#5080 = EDGE_CURVE ( 'NONE', #965, #2024, #3792, .T. ) ;
#5081 = EDGE_LOOP ( 'NONE', ( #2914, #2927, #1108, #4417 ) ) ;
#5082 = EDGE_CURVE ( 'NONE', #821, #3477, #3705, .T. ) ;
#5083 = DIRECTION ( 'NONE',  ( 0.000000000000000000, 0.000000000000000000, -1.000000000000000000 ) ) ;
#5084 = CARTESIAN_POINT ( 'NONE',  ( -4.999999999999999112, -25.00000000000000000, 4.999999999999999112 ) ) ;
#5085 = DIRECTION ( 'NONE',  ( 1.000000000000000000, -0.000000000000000000, -0.000000000000000000 ) ) ;
#5086 = CARTESIAN_POINT ( 'NONE',  ( 22.00000000000000000, 0.8004968329776833702, -2.320511353742571448 ) ) ;
#5087 = ORIENTED_EDGE ( 'NONE', *, *, #4288, .F. ) ;
#5088 = CARTESIAN_POINT ( 'NONE',  ( 22.00000000000000000, -2.002642472099355980E-13, -2.999999999999725109 ) ) ;
#5089 = VERTEX_POINT ( 'NONE', #2067 ) ;
#5090 = ORIENTED_EDGE ( 'NONE', *, *, #3009, .F. ) ;
#5091 = ADVANCED_FACE ( 'NONE', ( #3716 ), #2038, .F. ) ;
#5092 = CARTESIAN_POINT ( 'NONE',  ( 23.62328767781882277, 8.181860197812516944, 5.780414580519581236 ) ) ;
#5093 = EDGE_LOOP ( 'NONE', ( #3423, #4280, #2583, #3299 ) ) ;
#5094 = CARTESIAN_POINT ( 'NONE',  ( 27.91227886841904748, -12.73415437601335931, 0.4630186128364627285 ) ) ;
#5095 = VECTOR ( 'NONE', #4660, 1000.000000000000000 ) ;
#5096 = CARTESIAN_POINT ( 'NONE',  ( 25.66548267483456058, -15.53334935468575928, 0.001836489103295081650 ) ) ;
#5097 = DIRECTION ( 'NONE',  ( 1.000000000000000000, -0.000000000000000000, -0.000000000000000000 ) ) ;
#5098 = VERTEX_POINT ( 'NONE', #380 ) ;
#5099 = VERTEX_POINT ( 'NONE', #1567 ) ;
#5100 = DIRECTION ( 'NONE',  ( -1.000000000000000000, -0.000000000000000000, 0.000000000000000000 ) ) ;
#5101 = VERTEX_POINT ( 'NONE', #5030 ) ;
#5102 = CARTESIAN_POINT ( 'NONE',  ( 26.14999999999999858, 1.988707673591738826E-13, 11.00000000000022560 ) ) ;
#5103 = ORIENTED_EDGE ( 'NONE', *, *, #569, .T. ) ;
#5104 = DIRECTION ( 'NONE',  ( 1.000000000000000000, -0.000000000000000000, -0.000000000000000000 ) ) ;
#5105 = AXIS2_PLACEMENT_3D ( 'NONE', #3446, #5467, #837 ) ;
#5106 = AXIS2_PLACEMENT_3D ( 'NONE', #3829, #1683, #4283 ) ;
#5107 = CARTESIAN_POINT ( 'NONE',  ( 23.99160798210721524, 7.028708731544464960, 5.398864979437949962 ) ) ;
#5108 = CARTESIAN_POINT ( 'NONE',  ( 23.39996206470522111, -8.800100873393290613, 4.936982003459923440 ) ) ;
#5109 = AXIS2_PLACEMENT_3D ( 'NONE', #3264, #4465, #3594 ) ;
#5110 = ADVANCED_FACE ( 'NONE', ( #4580 ), #1162, .F. ) ;
#5111 = AXIS2_PLACEMENT_3D ( 'NONE', #1228, #5076, #1711 ) ;
#5112 = AXIS2_PLACEMENT_3D ( 'NONE', #110, #4749, #464 ) ;
#5113 = ORIENTED_EDGE ( 'NONE', *, *, #1839, .F. ) ;
#5114 = DIRECTION ( 'NONE',  ( 0.000000000000000000, 0.000000000000000000, 1.000000000000000000 ) ) ;
#5115 = CARTESIAN_POINT ( 'NONE',  ( -10.00000000000000000, -30.00000000000000000, 9.000000000000001776 ) ) ;
#5116 = DIRECTION ( 'NONE',  ( 0.000000000000000000, 0.000000000000000000, -1.000000000000000000 ) ) ;
#5117 = DIRECTION ( 'NONE',  ( 0.000000000000000000, -1.000000000000000000, 0.000000000000000000 ) ) ;
#5118 = ADVANCED_FACE ( 'NONE', ( #2558 ), #2522, .T. ) ;
#5119 = B_SPLINE_CURVE_WITH_KNOTS ( 'NONE', 3,
 ( #879, #3903, #4827, #22 ),
 .UNSPECIFIED., .F., .F.,
 ( 4, 4 ),
 ( 0.0006063460427454250498, 0.0007378665883880684102 ),
 .UNSPECIFIED. ) ;
#5120 = EDGE_LOOP ( 'NONE', ( #4360, #1515, #3338, #812 ) ) ;
#5121 = CARTESIAN_POINT ( 'NONE',  ( 26.14999999999999858, 8.324467844093694779, 5.998609342109912035 ) ) ;
#5122 = VERTEX_POINT ( 'NONE', #5061 ) ;
#5123 = VERTEX_POINT ( 'NONE', #5482 ) ;
#5124 = CARTESIAN_POINT ( 'NONE',  ( 31.97401127724095460, -9.722910279134183043, 10.68358509827579184 ) ) ;
#5125 = CARTESIAN_POINT ( 'NONE',  ( 23.50153741599725521, -8.525169498565157156, 4.162951689233548080 ) ) ;
#5126 = DIRECTION ( 'NONE',  ( 1.000000000000000000, 0.000000000000000000, 0.000000000000000000 ) ) ;
#5127 = DIRECTION ( 'NONE',  ( -0.000000000000000000, -1.000000000000000000, 0.000000000000000000 ) ) ;
#5128 = EDGE_CURVE ( 'NONE', #1517, #5048, #4611, .T. ) ;
#5129 = VERTEX_POINT ( 'NONE', #1190 ) ;
#5130 = EDGE_LOOP ( 'NONE', ( #2273, #3720, #4838, #5488 ) ) ;
#5131 = CARTESIAN_POINT ( 'NONE',  ( 23.83360862627633381, 7.548363185566118183, 5.957705415612775113 ) ) ;
#5132 = ORIENTED_EDGE ( 'NONE', *, *, #48, .T. ) ;
#5133 = AXIS2_PLACEMENT_3D ( 'NONE', #1291, #2686, #1796 ) ;
#5134 = CARTESIAN_POINT ( 'NONE',  ( 22.00000000000000000, -2.002642472099355980E-13, -2.999999999999725109 ) ) ;
#5135 = EDGE_LOOP ( 'NONE', ( #3409, #3769, #2610, #1298 ) ) ;
#5136 = DIRECTION ( 'NONE',  ( 0.000000000000000000, 0.000000000000000000, -1.000000000000000000 ) ) ;
#5137 = LINE ( 'NONE', #4313, #267 ) ;
#5138 = LINE ( 'NONE', #4820, #622 ) ;
#5139 = AXIS2_PLACEMENT_3D ( 'NONE', #5181, #1305, #4332 ) ;
#5140 = ORIENTED_EDGE ( 'NONE', *, *, #2194, .T. ) ;
#5141 = DIRECTION ( 'NONE',  ( 0.000000000000000000, 0.000000000000000000, -1.000000000000000000 ) ) ;
#5142 = DIRECTION ( 'NONE',  ( 0.000000000000000000, 1.652117596168389334E-15, 1.000000000000000000 ) ) ;
#5143 = LINE ( 'NONE', #1611, #2172 ) ;
#5144 = CARTESIAN_POINT ( 'NONE',  ( 26.14999999999999858, 8.000000000000000000, 5.000000000000000000 ) ) ;
#5145 = VECTOR ( 'NONE', #4662, 1000.000000000000000 ) ;
#5146 = CIRCLE ( 'NONE', #2812, 1.050000000000002265 ) ;
#5147 = CARTESIAN_POINT ( 'NONE',  ( 25.66548267483426216, 15.53334935468556921, 9.998163510896670658 ) ) ;
#5148 = ORIENTED_EDGE ( 'NONE', *, *, #978, .F. ) ;
#5149 = EDGE_LOOP ( 'NONE', ( #3890, #1657 ) ) ;
#5150 =( GEOMETRIC_REPRESENTATION_CONTEXT ( 3 ) GLOBAL_UNCERTAINTY_ASSIGNED_CONTEXT ( ( #1516 ) ) GLOBAL_UNIT_ASSIGNED_CONTEXT ( ( #2332, #997, #4445 ) ) REPRESENTATION_CONTEXT ( 'NONE', 'WORKASPACE' ) );
#5151 = CARTESIAN_POINT ( 'NONE',  ( 32.00000000000000000, -2.002642472099355980E-13, -2.999999999999725109 ) ) ;
#5152 = ORIENTED_EDGE ( 'NONE', *, *, #3737, .F. ) ;
#5153 = CARTESIAN_POINT ( 'NONE',  ( 28.96472146339229781, -11.79041757687916459, 0.04834409009367213184 ) ) ;
#5154 = CARTESIAN_POINT ( 'NONE',  ( 24.83506915225697043, -14.98111279469656765, -0.0001881311488692024659 ) ) ;
#5155 = CIRCLE ( 'NONE', #3179, 0.2499999999999985012 ) ;
#5156 = EDGE_CURVE ( 'NONE', #701, #4462, #4331, .T. ) ;
#5157 = AXIS2_PLACEMENT_3D ( 'NONE', #1129, #2867, #263 ) ;
#5158 = ORIENTED_EDGE ( 'NONE', *, *, #5072, .F. ) ;
#5159 = ORIENTED_EDGE ( 'NONE', *, *, #2324, .F. ) ;
#5160 = LINE ( 'NONE', #5491, #4200 ) ;
#5161 = ORIENTED_EDGE ( 'NONE', *, *, #1204, .F. ) ;
#5162 = EDGE_CURVE ( 'NONE', #3300, #3580, #748, .T. ) ;
#5163 = CARTESIAN_POINT ( 'NONE',  ( 24.00000000000000000, -7.999999999999928946, 5.000000000000472511 ) ) ;
#5164 = CIRCLE ( 'NONE', #2918, 1.000000000000000888 ) ;
#5165 = ORIENTED_EDGE ( 'NONE', *, *, #5328, .F. ) ;
#5166 = CARTESIAN_POINT ( 'NONE',  ( 23.90418610870744942, 7.320511353742844562, 5.800496832977882100 ) ) ;
#5167 = CARTESIAN_POINT ( 'NONE',  ( 26.14999999999999858, -8.551344190098891573, 4.106400769895547143 ) ) ;
#5168 = CARTESIAN_POINT ( 'NONE',  ( 22.00000000000000000, -7.999999999999928946, 5.000000000000472511 ) ) ;
#5169 = ORIENTED_EDGE ( 'NONE', *, *, #4934, .T. ) ;
#5170 = CARTESIAN_POINT ( 'NONE',  ( 26.40335252749251893, 14.34623168028216789, 9.994732467174978652 ) ) ;
#5171 = LINE ( 'NONE', #541, #2938 ) ;
#5172 = FACE_OUTER_BOUND ( 'NONE', #3079, .T. ) ;
#5173 = EDGE_CURVE ( 'NONE', #202, #3487, #2468, .T. ) ;
#5174 = DIRECTION ( 'NONE',  ( 1.000000000000000000, -0.000000000000000000, -0.000000000000000000 ) ) ;
#5175 = ORIENTED_EDGE ( 'NONE', *, *, #197, .T. ) ;
#5176 = ORIENTED_EDGE ( 'NONE', *, *, #105, .F. ) ;
#5177 = CARTESIAN_POINT ( 'NONE',  ( 27.23029209038935505, 12.59012282196162680, 16.36991203241144177 ) ) ;
#5178 = DIRECTION ( 'NONE',  ( 1.000000000000000000, -0.000000000000000000, -0.000000000000000000 ) ) ;
#5179 = CARTESIAN_POINT ( 'NONE',  ( 25.92278239187456990, -15.10078510573257127, 10.68941087664398815 ) ) ;
#5180 = DIRECTION ( 'NONE',  ( 1.000000000000000000, -0.000000000000000000, -0.000000000000000000 ) ) ;
#5181 = CARTESIAN_POINT ( 'NONE',  ( 26.14999999999999858, 1.986258379993444123E-13, 13.00000000000022737 ) ) ;
#5182 = ORIENTED_EDGE ( 'NONE', *, *, #1211, .F. ) ;
#5183 = ORIENTED_EDGE ( 'NONE', *, *, #4633, .F. ) ;
#5184 = CARTESIAN_POINT ( 'NONE',  ( 30.67033742854309253, 10.37538498983579771, -0.8124110387625730345 ) ) ;
#5185 = ORIENTED_EDGE ( 'NONE', *, *, #5296, .F. ) ;
#5186 = CIRCLE ( 'NONE', #3922, 1.049999999999998934 ) ;
#5187 = EDGE_CURVE ( 'NONE', #3158, #3445, #1986, .T. ) ;
#5188 = ADVANCED_FACE ( 'NONE', ( #828 ), #3816, .F. ) ;
#5189 = CARTESIAN_POINT ( 'NONE',  ( 31.20398965179170858, 9.447192833327028083, 11.71803470236161537 ) ) ;
#5190 = DIRECTION ( 'NONE',  ( 0.000000000000000000, 0.000000000000000000, 1.000000000000000000 ) ) ;
#5191 = ORIENTED_EDGE ( 'NONE', *, *, #2340, .F. ) ;
#5192 = DIRECTION ( 'NONE',  ( 0.000000000000000000, 1.734723475976805517E-15, 1.000000000000000000 ) ) ;
#5193 = FACE_OUTER_BOUND ( 'NONE', #99, .T. ) ;
#5194 = EDGE_CURVE ( 'NONE', #5123, #1434, #5304, .T. ) ;
#5195 = ORIENTED_EDGE ( 'NONE', *, *, #325, .F. ) ;
#5196 = CARTESIAN_POINT ( 'NONE',  ( 25.71573116485256705, 15.44995697913202726, 9.000622615203571542 ) ) ;
#5197 = CARTESIAN_POINT ( 'NONE',  ( 31.20569812628125916, -9.438256656663751798, 11.70507694249858766 ) ) ;
#5198 = CARTESIAN_POINT ( 'NONE',  ( 24.00000000000000000, 8.000000000000000000, 5.000000000000000000 ) ) ;
#5199 = AXIS2_PLACEMENT_3D ( 'NONE', #4948, #2370, #2873 ) ;
#5200 = AXIS2_PLACEMENT_3D ( 'NONE', #4519, #653, #2383 ) ;
#5201 = CARTESIAN_POINT ( 'NONE',  ( 23.55730866721997785, 8.369979185107631281, 4.254286103081025061 ) ) ;
#5202 = VERTEX_POINT ( 'NONE', #4159 ) ;
#5203 = VERTEX_POINT ( 'NONE', #2012 ) ;
#5204 = CARTESIAN_POINT ( 'NONE',  ( 24.00000000000000000, -7.999999999999928946, 5.000000000000472511 ) ) ;
#5205 = CARTESIAN_POINT ( 'NONE',  ( 27.99295935382269818, 11.46216089036065711, 9.853312694596718657 ) ) ;
#5206 = CARTESIAN_POINT ( 'NONE',  ( 31.88675288699394628, 9.575326850766865405, -1.003281103874488656 ) ) ;
#5207 = CARTESIAN_POINT ( 'NONE',  ( 0.000000000000000000, 0.000000000000000000, 10.00000000000000000 ) ) ;
#5208 = DIRECTION ( 'NONE',  ( 0.000000000000000000, 0.000000000000000000, -1.000000000000000000 ) ) ;
#5209 = FACE_OUTER_BOUND ( 'NONE', #3292, .T. ) ;
#5210 = ORIENTED_EDGE ( 'NONE', *, *, #61, .F. ) ;
#5211 = EDGE_LOOP ( 'NONE', ( #245, #5347, #972, #5490 ) ) ;
#5212 = CARTESIAN_POINT ( 'NONE',  ( 26.10053183050514747, 14.80947425912552085, 0.9732772196013593780 ) ) ;
#5213 = ORIENTED_EDGE ( 'NONE', *, *, #166, .F. ) ;
#5214 = B_SPLINE_CURVE_WITH_KNOTS ( 'NONE', 3,
 ( #1166, #5566, #3411, #4638, #752, #4247, #2071, #384, #5125, #1698 ),
 .UNSPECIFIED., .F., .F.,
 ( 4, 2, 2, 2, 4 ),
 ( 0.000000000000000000, 0.0001864569046918498549, 0.0003729138093836997098, 0.0005593707140755495646, 0.0007458276187673994195 ),
 .UNSPECIFIED. ) ;
#5215 = EDGE_CURVE ( 'NONE', #2105, #1517, #281, .T. ) ;
#5216 = CARTESIAN_POINT ( 'NONE',  ( 6.123233995736756422E-16, 30.00000000000000000, 10.00000000000000000 ) ) ;
#5217 = CARTESIAN_POINT ( 'NONE',  ( 26.14999999999999858, -0.8935992301051296494, -3.551344190098685960 ) ) ;
#5218 = EDGE_LOOP ( 'NONE', ( #81, #1916, #3803, #4301 ) ) ;
#5219 = DIRECTION ( 'NONE',  ( 1.000000000000000000, -0.000000000000000000, -0.000000000000000000 ) ) ;
#5220 = CARTESIAN_POINT ( 'NONE',  ( 22.00000000000000000, 8.324467844093694779, 5.998609342109912035 ) ) ;
#5221 = ADVANCED_FACE ( 'NONE', ( #4772 ), #3618, .T. ) ;
#5222 = ORIENTED_EDGE ( 'NONE', *, *, #770, .F. ) ;
#5223 = FACE_OUTER_BOUND ( 'NONE', #4686, .T. ) ;
#5224 = CARTESIAN_POINT ( 'NONE',  ( 31.58153269725703893, -9.442722495556900242, 11.49703610850629154 ) ) ;
#5225 = ADVANCED_FACE ( 'NONE', ( #3095 ), #4406, .T. ) ;
#5226 = CARTESIAN_POINT ( 'NONE',  ( 32.00000000000000000, -0.6171745149072963565, -2.150532155906031306 ) ) ;
#5227 = EDGE_CURVE ( 'NONE', #2011, #1238, #5027, .T. ) ;
#5228 = CIRCLE ( 'NONE', #4, 0.2499999999999985012 ) ;
#5229 = DIRECTION ( 'NONE',  ( 0.000000000000000000, 0.000000000000000000, 1.000000000000000000 ) ) ;
#5230 = ORIENTED_EDGE ( 'NONE', *, *, #3919, .T. ) ;
#5231 = ORIENTED_EDGE ( 'NONE', *, *, #4152, .T. ) ;
#5232 = CARTESIAN_POINT ( 'NONE',  ( 27.91314898150599078, 12.73332014002496138, 0.4627092333079564357 ) ) ;
#5233 = CARTESIAN_POINT ( 'NONE',  ( 28.38050535232358129, -11.36781999985139358, 10.69114600158831863 ) ) ;
#5234 = CIRCLE ( 'NONE', #2715, 1.050000000000000488 ) ;
#5235 = CARTESIAN_POINT ( 'NONE',  ( 31.77156217917479708, 9.474885474964910514, -1.266336970096142656 ) ) ;
#5236 = CARTESIAN_POINT ( 'NONE',  ( 26.14999999999999858, -1.402676721942919044E-13, -4.999999999999773515 ) ) ;
#5237 = AXIS2_PLACEMENT_3D ( 'NONE', #729, #5097, #389 ) ;
#5238 = DIRECTION ( 'NONE',  ( 1.000000000000000000, -0.000000000000000000, -0.000000000000000000 ) ) ;
#5239 = AXIS2_PLACEMENT_3D ( 'NONE', #1694, #1777, #5229 ) ;
#5240 = CARTESIAN_POINT ( 'NONE',  ( 26.54435501880736581, -14.21934304231285395, 9.120082396782956735 ) ) ;
#5241 = ORIENTED_EDGE ( 'NONE', *, *, #3810, .T. ) ;
#5242 = ORIENTED_EDGE ( 'NONE', *, *, #978, .T. ) ;
#5243 = CARTESIAN_POINT ( 'NONE',  ( 23.97615390895659715, -7.081459254993029973, 4.630571432442484259 ) ) ;
#5244 = ORIENTED_EDGE ( 'NONE', *, *, #3476, .T. ) ;
#5245 = AXIS2_PLACEMENT_3D ( 'NONE', #2235, #3064, #1747 ) ;
#5246 = CIRCLE ( 'NONE', #5157, 0.2499999999999997780 ) ;
#5247 = LINE ( 'NONE', #5216, #363 ) ;
#5248 = LINE ( 'NONE', #892, #3754 ) ;
#5249 = EDGE_CURVE ( 'NONE', #3300, #1367, #4691, .T. ) ;
#5250 = ORIENTED_EDGE ( 'NONE', *, *, #705, .F. ) ;
#5251 = CARTESIAN_POINT ( 'NONE',  ( -9.000000000000001776, -26.00000000000000355, 10.00000000000000000 ) ) ;
#5252 = DIRECTION ( 'NONE',  ( -1.000000000000000000, -0.000000000000000000, -0.000000000000000000 ) ) ;
#5253 = EDGE_LOOP ( 'NONE', ( #3659, #4172, #3039, #3862 ) ) ;
#5254 = DIRECTION ( 'NONE',  ( 0.000000000000000000, 0.000000000000000000, 1.000000000000000000 ) ) ;
#5255 = DIRECTION ( 'NONE',  ( 1.000000000000000000, -0.000000000000000000, -0.000000000000000000 ) ) ;
#5256 = DIRECTION ( 'NONE',  ( -1.000000000000000000, 0.000000000000000000, -0.000000000000000000 ) ) ;
#5257 = EDGE_CURVE ( 'NONE', #1801, #816, #489, .T. ) ;
#5258 = DIRECTION ( 'NONE',  ( 0.000000000000000000, 1.776356839400241787E-15, 1.000000000000000000 ) ) ;
#5259 = EDGE_LOOP ( 'NONE', ( #4528, #1276, #1551, #3806 ) ) ;
#5260 = ORIENTED_EDGE ( 'NONE', *, *, #3637, .F. ) ;
#5261 = CARTESIAN_POINT ( 'NONE',  ( 28.13738793140888816, 11.00257930591244637, 11.23020847316936965 ) ) ;
#5262 = CARTESIAN_POINT ( 'NONE',  ( 26.14999999999999858, 8.000000000000000000, 5.000000000000000000 ) ) ;
#5263 = DIRECTION ( 'NONE',  ( 0.000000000000000000, 0.000000000000000000, 1.000000000000000000 ) ) ;
#5264 = CARTESIAN_POINT ( 'NONE',  ( -10.00000000000000000, 0.000000000000000000, 9.000000000000001776 ) ) ;
#5265 = CIRCLE ( 'NONE', #399, 0.2500000000000002220 ) ;
#5266 = EDGE_CURVE ( 'NONE', #4573, #3451, #1176, .T. ) ;
#5267 = FACE_OUTER_BOUND ( 'NONE', #4916, .T. ) ;
#5268 = ORIENTED_EDGE ( 'NONE', *, *, #5421, .F. ) ;
#5269 = VERTEX_POINT ( 'NONE', #1721 ) ;
#5270 = CARTESIAN_POINT ( 'NONE',  ( 23.88388688373513347, -7.386571596695884701, 4.485365709213638752 ) ) ;
#5271 = ORIENTED_EDGE ( 'NONE', *, *, #4086, .F. ) ;
#5272 = CARTESIAN_POINT ( 'NONE',  ( -10.00000000000000000, 30.00000000000000000, 10.00000000000000000 ) ) ;
#5273 = CARTESIAN_POINT ( 'NONE',  ( 26.10121084761964738, 14.80834406687990423, 9.026768836604986745 ) ) ;
#5274 = ORIENTED_EDGE ( 'NONE', *, *, #4181, .T. ) ;
#5275 = DIRECTION ( 'NONE',  ( 1.000000000000000000, -0.000000000000000000, -0.000000000000000000 ) ) ;
#5276 = AXIS2_PLACEMENT_3D ( 'NONE', #1471, #5363, #2408 ) ;
#5277 = PRODUCT ( '\X2\73af5f6265cb8f6c\X0\', '\X2\73af5f6265cb8f6c\X0\', '', ( #660 ) ) ;
#5278 = CARTESIAN_POINT ( 'NONE',  ( 24.00000000000000000, 8.000000000000000000, 5.000000000000000000 ) ) ;
#5279 = CARTESIAN_POINT ( 'NONE',  ( 31.10242414462945604, -9.418946828092732204, 11.73743487479928049 ) ) ;
#5280 = FACE_OUTER_BOUND ( 'NONE', #1042, .T. ) ;
#5281 = EDGE_CURVE ( 'NONE', #302, #2152, #5053, .T. ) ;
#5282 = CARTESIAN_POINT ( 'NONE',  ( 6.123233995736756422E-16, 28.99999999999999645, 9.000000000000001776 ) ) ;
#5283 = VERTEX_POINT ( 'NONE', #2125 ) ;
#5284 = ORIENTED_EDGE ( 'NONE', *, *, #4393, .F. ) ;
#5285 = CARTESIAN_POINT ( 'NONE',  ( 31.99999999998857092, 10.57103729390120250, 8.859178219761101758 ) ) ;
#5286 = CARTESIAN_POINT ( 'NONE',  ( 26.14999999999999858, 0.6171745149068980085, -2.400532155906033083 ) ) ;
#5287 = DIRECTION ( 'NONE',  ( 1.000000000000000000, -0.000000000000000000, -0.000000000000000000 ) ) ;
#5288 = CIRCLE ( 'NONE', #4649, 0.9999999999999995559 ) ;
#5289 = VECTOR ( 'NONE', #209, 1000.000000000000000 ) ;
#5290 = CARTESIAN_POINT ( 'NONE',  ( 0.000000000000000000, 0.000000000000000000, 0.000000000000000000 ) ) ;
#5291 = AXIS2_PLACEMENT_3D ( 'NONE', #864, #3417, #2994 ) ;
#5292 = CARTESIAN_POINT ( 'NONE',  ( 28.85278793385408491, -11.03144683307148988, -0.8330263363716781111 ) ) ;
#5293 = ORIENTED_EDGE ( 'NONE', *, *, #537, .T. ) ;
#5294 = CARTESIAN_POINT ( 'NONE',  ( 25.64260328921920262, -15.57102747257624920, 9.000000000000001776 ) ) ;
#5295 = ORIENTED_EDGE ( 'NONE', *, *, #3083, .F. ) ;
#5296 = EDGE_CURVE ( 'NONE', #4563, #5283, #5146, .T. ) ;
#5297 = AXIS2_PLACEMENT_3D ( 'NONE', #5151, #1672, #3820 ) ;
#5298 = EDGE_CURVE ( 'NONE', #665, #2557, #675, .T. ) ;
#5299 = ADVANCED_FACE ( 'NONE', ( #3844 ), #432, .T. ) ;
#5300 = CARTESIAN_POINT ( 'NONE',  ( 22.00000000000000000, 7.150532155906305753, 5.617174514907096849 ) ) ;
#5301 = LINE ( 'NONE', #1847, #600 ) ;
#5302 = ORIENTED_EDGE ( 'NONE', *, *, #1619, .F. ) ;
#5303 = CARTESIAN_POINT ( 'NONE',  ( 32.00000000000000000, 7.320511353742844562, 5.800496832977882100 ) ) ;
#5304 = B_SPLINE_CURVE_WITH_KNOTS ( 'NONE', 3,
 ( #800, #1239, #2442, #2982 ),
 .UNSPECIFIED., .F., .F.,
 ( 4, 4 ),
 ( 0.000000000000000000, 8.297560211715929775E-05 ),
 .UNSPECIFIED. ) ;
#5305 = AXIS2_PLACEMENT_3D ( 'NONE', #3822, #2931, #1674 ) ;
#5306 = CARTESIAN_POINT ( 'NONE',  ( 23.65854107221092661, 8.079197629375631351, 3.952991052807436567 ) ) ;
#5307 = DIRECTION ( 'NONE',  ( 0.000000000000000000, -1.000000000000000000, 0.000000000000000000 ) ) ;
#5308 = AXIS2_PLACEMENT_3D ( 'NONE', #4267, #5085, #2034 ) ;
#5309 = CARTESIAN_POINT ( 'NONE',  ( 22.00000000000000000, -9.020238095238024556, 5.248222136452771025 ) ) ;
#5310 = CARTESIAN_POINT ( 'NONE',  ( 22.00000000000000000, 8.079197629375631351, 3.952991052807436567 ) ) ;
#5311 = ORIENTED_EDGE ( 'NONE', *, *, #2712, .F. ) ;
#5312 = DIRECTION ( 'NONE',  ( 0.000000000000000000, 0.000000000000000000, -1.000000000000000000 ) ) ;
#5313 = CARTESIAN_POINT ( 'NONE',  ( 26.15634881009966506, 14.69499397442491784, -2.146217514233063728 ) ) ;
#5314 = LINE ( 'NONE', #4577, #1770 ) ;
#5315 = CARTESIAN_POINT ( 'NONE',  ( 28.35617045010842574, -10.28015935256129154, 12.81151206888176475 ) ) ;
#5316 = CIRCLE ( 'NONE', #3700, 0.2499999999999985012 ) ;
#5317 = DIRECTION ( 'NONE',  ( 0.000000000000000000, 0.000000000000000000, -1.000000000000000000 ) ) ;
#5318 = B_SPLINE_CURVE_WITH_KNOTS ( 'NONE', 3,
 ( #3974, #1308, #3048, #2702 ),
 .UNSPECIFIED., .F., .F.,
 ( 4, 4 ),
 ( 3.405913227925540829E-23, 0.0001277395478454520594 ),
 .UNSPECIFIED. ) ;
#5319 = CARTESIAN_POINT ( 'NONE',  ( -10.00000000000000000, -25.00000000000000000, 10.00000000000000000 ) ) ;
#5320 = EDGE_LOOP ( 'NONE', ( #3289, #3336, #2825, #1756 ) ) ;
#5321 = VECTOR ( 'NONE', #5025, 1000.000000000000000 ) ;
#5322 = ORIENTED_EDGE ( 'NONE', *, *, #3311, .T. ) ;
#5323 = AXIS2_PLACEMENT_3D ( 'NONE', #526, #2245, #3969 ) ;
#5324 = CARTESIAN_POINT ( 'NONE',  ( 31.20428972839088289, -9.447276286514112442, -1.717977384301714761 ) ) ;
#5325 = ORIENTED_EDGE ( 'NONE', *, *, #2259, .T. ) ;
#5326 = CARTESIAN_POINT ( 'NONE',  ( 32.00000000000000000, 0.9986093421101819301, 13.32446784409389373 ) ) ;
#5327 = AXIS2_PLACEMENT_3D ( 'NONE', #3065, #3927, #4720 ) ;
#5328 = EDGE_CURVE ( 'NONE', #747, #3321, #2538, .T. ) ;
#5329 = DIRECTION ( 'NONE',  ( 1.000000000000000000, -0.000000000000000000, -0.000000000000000000 ) ) ;
#5330 = CARTESIAN_POINT ( 'NONE',  ( 32.00000000000000000, 8.000000000000000000, 5.000000000000000000 ) ) ;
#5331 = EDGE_CURVE ( 'NONE', #2399, #3010, #3413, .T. ) ;
#5332 = DIRECTION ( 'NONE',  ( 0.000000000000000000, -8.881784197000266247E-16, 1.000000000000000000 ) ) ;
#5333 = CARTESIAN_POINT ( 'NONE',  ( 26.14999999999999858, 8.000000000000000000, 5.000000000000000000 ) ) ;
#5334 = AXIS2_PLACEMENT_3D ( 'NONE', #3206, #1040, #2652 ) ;
#5335 = CARTESIAN_POINT ( 'NONE',  ( 31.14537892415018661, 9.242442109970644637, 11.86064401445656813 ) ) ;
#5336 = CYLINDRICAL_SURFACE ( 'NONE', #5276, 11.25000000000000178 ) ;
#5337 = DIRECTION ( 'NONE',  ( 0.000000000000000000, 1.000000000000000000, 0.000000000000000000 ) ) ;
#5338 = DIRECTION ( 'NONE',  ( -0.000000000000000000, -0.000000000000000000, -1.000000000000000000 ) ) ;
#5339 = ORIENTED_EDGE ( 'NONE', *, *, #4225, .T. ) ;
#5340 = CIRCLE ( 'NONE', #480, 1.000000000000000888 ) ;
#5341 = DIRECTION ( 'NONE',  ( 1.000000000000000000, -0.000000000000000000, -0.000000000000000000 ) ) ;
#5342 = CARTESIAN_POINT ( 'NONE',  ( 32.00000000001485745, 10.82950739136864726, 1.940282596797307857 ) ) ;
#5343 = DIRECTION ( 'NONE',  ( 1.000000000000000000, -0.000000000000000000, -0.000000000000000000 ) ) ;
#5344 = CARTESIAN_POINT ( 'NONE',  ( 23.40003769285655366, 8.799899771271990190, 4.937784913751205096 ) ) ;
#5345 = LINE ( 'NONE', #1784, #2270 ) ;
#5346 = DIRECTION ( 'NONE',  ( 1.000000000000000000, -0.000000000000000000, -0.000000000000000000 ) ) ;
#5347 = ORIENTED_EDGE ( 'NONE', *, *, #1004, .T. ) ;
#5348 = VERTEX_POINT ( 'NONE', #3044 ) ;
#5349 = CARTESIAN_POINT ( 'NONE',  ( 24.00000000000000000, -8.000000000000000000, 5.000000000000395239 ) ) ;
#5350 = ORIENTED_EDGE ( 'NONE', *, *, #453, .T. ) ;
#5351 = DIRECTION ( 'NONE',  ( 0.000000000000000000, 0.000000000000000000, -1.000000000000000000 ) ) ;
#5352 = EDGE_CURVE ( 'NONE', #3580, #3793, #4149, .T. ) ;
#5353 = CARTESIAN_POINT ( 'NONE',  ( 22.00000000000000000, -8.324467844093623725, 5.998609342110383658 ) ) ;
#5354 = FACE_BOUND ( 'NONE', #1543, .T. ) ;
#5355 = DIRECTION ( 'NONE',  ( 1.000000000000000000, -0.000000000000000000, -0.000000000000000000 ) ) ;
#5356 = VERTEX_POINT ( 'NONE', #4727 ) ;
#5357 = FACE_OUTER_BOUND ( 'NONE', #4707, .T. ) ;
#5358 = EDGE_CURVE ( 'NONE', #2160, #3593, #28, .T. ) ;
#5359 = EDGE_CURVE ( 'NONE', #4755, #5048, #5420, .T. ) ;
#5360 = B_SPLINE_CURVE_WITH_KNOTS ( 'NONE', 3,
 ( #5107, #2546, #3951, #4263 ),
 .UNSPECIFIED., .F., .F.,
 ( 4, 4 ),
 ( 0.000000000000000000, 8.420028101501702905E-05 ),
 .UNSPECIFIED. ) ;
#5361 = LINE ( 'NONE', #282, #3616 ) ;
#5362 = DIRECTION ( 'NONE',  ( 0.000000000000000000, 0.000000000000000000, -1.000000000000000000 ) ) ;
#5363 = DIRECTION ( 'NONE',  ( 1.000000000000000000, 0.000000000000000000, 0.000000000000000000 ) ) ;
#5364 = AXIS2_PLACEMENT_3D ( 'NONE', #4324, #1780, #3490 ) ;
#5365 = EDGE_CURVE ( 'NONE', #4046, #5376, #820, .T. ) ;
#5366 = CARTESIAN_POINT ( 'NONE',  ( 26.14999999999999858, -8.324467844093623725, 4.001390657890562252 ) ) ;
#5367 = VERTEX_POINT ( 'NONE', #834 ) ;
#5368 = DIRECTION ( 'NONE',  ( 0.000000000000000000, 2.602085213965208275E-15, 1.000000000000000000 ) ) ;
#5369 = CARTESIAN_POINT ( 'NONE',  ( 25.52333261771839545, 15.76582239810427488, 6.069626445266266046 ) ) ;
#5370 = CARTESIAN_POINT ( 'NONE',  ( 22.00000000000000000, 8.000000000000000000, 5.000000000000000000 ) ) ;
#5371 = DIRECTION ( 'NONE',  ( 1.000000000000000000, -0.000000000000000000, -0.000000000000000000 ) ) ;
#5372 = B_SPLINE_CURVE_WITH_KNOTS ( 'NONE', 3,
 ( #1170, #5541, #3853, #5570, #3443, #2907, #329, #2048, #3523, #5240, #1785, #3018 ),
 .UNSPECIFIED., .F., .F.,
 ( 4, 2, 2, 2, 2, 4 ),
 ( 0.0009206666958217251057, 0.002020445169247730901, 0.003120223642673736371, 0.005319780589525737770, 0.007519337536377739169, 0.009718894483229739700 ),
 .UNSPECIFIED. ) ;
#5373 = CARTESIAN_POINT ( 'NONE',  ( 24.00000000000000000, 8.000000000000000000, 5.000000000000000000 ) ) ;
#5374 = ORIENTED_EDGE ( 'NONE', *, *, #2405, .F. ) ;
#5375 = AXIS2_PLACEMENT_3D ( 'NONE', #2934, #1252, #2910 ) ;
#5376 = VERTEX_POINT ( 'NONE', #3387 ) ;
#5377 = DIRECTION ( 'NONE',  ( 0.000000000000000000, 0.000000000000000000, -1.000000000000000000 ) ) ;
#5378 = VERTEX_POINT ( 'NONE', #4276 ) ;
#5379 = CYLINDRICAL_SURFACE ( 'NONE', #883, 0.2500000000000002220 ) ;
#5380 = VECTOR ( 'NONE', #2536, 1000.000000000000000 ) ;
#5381 = VECTOR ( 'NONE', #2361, 1000.000000000000000 ) ;
#5382 = VECTOR ( 'NONE', #5565, 1000.000000000000000 ) ;
#5383 = CARTESIAN_POINT ( 'NONE',  ( 22.00000000000000000, 2.714842239903703103E-13, 13.00000000000019895 ) ) ;
#5384 = CARTESIAN_POINT ( 'NONE',  ( 32.00000000000000000, 9.946350224409561847, 10.25667358824836128 ) ) ;
#5385 = EDGE_LOOP ( 'NONE', ( #4612, #5175, #1249, #4449 ) ) ;
#5386 = CARTESIAN_POINT ( 'NONE',  ( 26.67512260751208331, -12.78242135464934748, 10.24733099701009742 ) ) ;
#5387 = ORIENTED_EDGE ( 'NONE', *, *, #5036, .T. ) ;
#5388 = EDGE_CURVE ( 'NONE', #1282, #4812, #3174, .T. ) ;
#5389 = CYLINDRICAL_SURFACE ( 'NONE', #2072, 2.000000000000000888 ) ;
#5390 = B_SPLINE_CURVE_WITH_KNOTS ( 'NONE', 3,
 ( #5537, #3410, #5124, #1242, #2985, #4697, #831, #2638, #4352, #49 ),
 .UNSPECIFIED., .F., .F.,
 ( 4, 2, 2, 2, 4 ),
 ( 0.000000000000000000, 0.0007211743381108141849, 0.001081761507166215368, 0.001262055091693916990, 0.001442348676221618395 ),
 .UNSPECIFIED. ) ;
#5391 = CARTESIAN_POINT ( 'NONE',  ( 22.00000000000000000, -8.551344190098891573, 4.106400769895547143 ) ) ;
#5392 = ORIENTED_EDGE ( 'NONE', *, *, #4072, .T. ) ;
#5393 = DIRECTION ( 'NONE',  ( 1.000000000000000000, -0.000000000000000000, -0.000000000000000000 ) ) ;
#5394 = CARTESIAN_POINT ( 'NONE',  ( 6.123233995736756422E-16, 28.99999999999999645, 10.00000000000000000 ) ) ;
#5395 = EDGE_CURVE ( 'NONE', #4791, #1545, #4245, .T. ) ;
#5396 = CARTESIAN_POINT ( 'NONE',  ( 32.00000000000000000, 0.2482221364520993401, -4.020238095237822051 ) ) ;
#5397 = EDGE_LOOP ( 'NONE', ( #2900, #192, #1678, #2968 ) ) ;
#5398 = ADVANCED_FACE ( 'NONE', ( #4304 ), #557, .T. ) ;
#5399 = CARTESIAN_POINT ( 'NONE',  ( 30.40778073212388222, 10.39068265660197987, -1.143109717425736527 ) ) ;
#5400 = CARTESIAN_POINT ( 'NONE',  ( 25.51248291300412774, 15.78332080482529243, 5.538415492205066570 ) ) ;
#5401 = LINE ( 'NONE', #3296, #3759 ) ;
#5402 = CARTESIAN_POINT ( 'NONE',  ( 23.35953986857688491, 8.906954653907044772, 5.213914568448343445 ) ) ;
#5403 = VECTOR ( 'NONE', #2573, 1000.000000000000000 ) ;
#5404 = FACE_OUTER_BOUND ( 'NONE', #313, .T. ) ;
#5405 = ORIENTED_EDGE ( 'NONE', *, *, #5513, .F. ) ;
#5406 = EDGE_CURVE ( 'NONE', #4892, #1398, #3268, .T. ) ;
#5407 = ORIENTED_EDGE ( 'NONE', *, *, #1016, .T. ) ;
#5408 = CARTESIAN_POINT ( 'NONE',  ( 26.14999999999999858, -1.405126015541213746E-13, -2.999999999999773515 ) ) ;
#5409 = VERTEX_POINT ( 'NONE', #860 ) ;
#5410 = CARTESIAN_POINT ( 'NONE',  ( 26.08249253864124029, -14.83949981716448718, 0.9745007808593871834 ) ) ;
#5411 = AXIS2_PLACEMENT_3D ( 'NONE', #1372, #1782, #548 ) ;
#5412 = CIRCLE ( 'NONE', #2532, 1.049999999999999822 ) ;
#5413 = CARTESIAN_POINT ( 'NONE',  ( 23.99999999999999645, -8.630766953553921539, 9.874810519440591960 ) ) ;
#5414 = FACE_BOUND ( 'NONE', #1940, .T. ) ;
#5415 = VERTEX_POINT ( 'NONE', #807 ) ;
#5416 = CARTESIAN_POINT ( 'NONE',  ( 24.00000000000000000, 8.000000000000000000, 7.000000000000000888 ) ) ;
#5417 = ORIENTED_EDGE ( 'NONE', *, *, #5046, .F. ) ;
#5418 = CARTESIAN_POINT ( 'NONE',  ( 26.76701862883610872, -13.55467398543705038, -4.832135114601656234 ) ) ;
#5419 = VECTOR ( 'NONE', #2896, 1000.000000000000000 ) ;
#5420 = CIRCLE ( 'NONE', #906, 0.2500000000000002220 ) ;
#5421 = EDGE_CURVE ( 'NONE', #5450, #4801, #4782, .T. ) ;
#5422 = CARTESIAN_POINT ( 'NONE',  ( 31.00000000000000000, 0.000000000000000000, 5.000000000000000000 ) ) ;
#5423 = DIRECTION ( 'NONE',  ( 0.000000000000000000, 0.000000000000000000, -1.000000000000000000 ) ) ;
#5424 = CARTESIAN_POINT ( 'NONE',  ( 25.25675967879019623, 14.34303627744092857, 10.00697734853437026 ) ) ;
#5425 = AXIS2_PLACEMENT_3D ( 'NONE', #4021, #2698, #3213 ) ;
#5426 = AXIS2_PLACEMENT_3D ( 'NONE', #2240, #3549, #547 ) ;
#5427 = ORIENTED_EDGE ( 'NONE', *, *, #3031, .F. ) ;
#5428 = CARTESIAN_POINT ( 'NONE',  ( 31.13761500529016857, 9.941001680470350266, -1.119874366882941619 ) ) ;
#5429 = CARTESIAN_POINT ( 'NONE',  ( 31.99999999996410693, 11.03505484702465722, 7.260719339825116414 ) ) ;
#5430 = CYLINDRICAL_SURFACE ( 'NONE', #4922, 1.049999999999999822 ) ;
#5431 = DIRECTION ( 'NONE',  ( 0.000000000000000000, 0.000000000000000000, -1.000000000000000000 ) ) ;
#5432 = ADVANCED_FACE ( 'NONE', ( #1304 ), #4753, .F. ) ;
#5433 = CARTESIAN_POINT ( 'NONE',  ( 22.00000000000000000, -8.324467844093623725, 4.001390657890562252 ) ) ;
#5434 = VERTEX_POINT ( 'NONE', #2104 ) ;
#5435 = ORIENTED_EDGE ( 'NONE', *, *, #2857, .F. ) ;
#5436 = FACE_OUTER_BOUND ( 'NONE', #5385, .T. ) ;
#5437 = ORIENTED_EDGE ( 'NONE', *, *, #1541, .F. ) ;
#5438 = CARTESIAN_POINT ( 'NONE',  ( 24.00000000000000000, -8.551344190098888021, 5.893599230105401432 ) ) ;
#5439 = EDGE_CURVE ( 'NONE', #2755, #5378, #3087, .T. ) ;
#5440 = EDGE_CURVE ( 'NONE', #3777, #1599, #2543, .T. ) ;
#5441 = CARTESIAN_POINT ( 'NONE',  ( 24.00000000000000000, -10.00000000000000711, 10.00000000000000000 ) ) ;
#5442 = CARTESIAN_POINT ( 'NONE',  ( 24.00000000000000000, -8.000000000000000000, 5.000000000000395239 ) ) ;
#5443 = ORIENTED_EDGE ( 'NONE', *, *, #740, .T. ) ;
#5444 = CARTESIAN_POINT ( 'NONE',  ( 25.70478220803816782, -13.79684267902431571, 10.06571058100071880 ) ) ;
#5445 = ORIENTED_EDGE ( 'NONE', *, *, #2677, .T. ) ;
#5446 = CARTESIAN_POINT ( 'NONE',  ( 27.86062918805903266, -11.87241148884581854, 8.026853684097972064 ) ) ;
#5447 = DIRECTION ( 'NONE',  ( 1.000000000000000000, -0.000000000000000000, -0.000000000000000000 ) ) ;
#5448 = DIRECTION ( 'NONE',  ( -0.000000000000000000, -1.000000000000000000, -0.000000000000000000 ) ) ;
#5449 = CARTESIAN_POINT ( 'NONE',  ( 26.14999999999999858, -7.150532155906233811, 4.382825485093376550 ) ) ;
#5450 = VERTEX_POINT ( 'NONE', #497 ) ;
#5451 = AXIS2_PLACEMENT_3D ( 'NONE', #1666, #2463, #3762 ) ;
#5452 = DIRECTION ( 'NONE',  ( 1.000000000000000000, -0.000000000000000000, -0.000000000000000000 ) ) ;
#5453 = CARTESIAN_POINT ( 'NONE',  ( 32.00000000000000000, 0.000000000000000000, 5.000000000000000000 ) ) ;
#5454 = DIRECTION ( 'NONE',  ( 0.000000000000000000, 0.000000000000000000, -1.000000000000000000 ) ) ;
#5455 = CARTESIAN_POINT ( 'NONE',  ( 23.35992072533896291, 8.905952685117101808, 4.786957439128388891 ) ) ;
#5456 = ORIENTED_EDGE ( 'NONE', *, *, #2262, .F. ) ;
#5457 = PLANE ( 'NONE',  #4963 ) ;
#5458 = ORIENTED_EDGE ( 'NONE', *, *, #4387, .F. ) ;
#5459 = ORIENTED_EDGE ( 'NONE', *, *, #2541, .F. ) ;
#5460 = CARTESIAN_POINT ( 'NONE',  ( 22.00000000000000000, 8.000000000000000000, 5.000000000000000000 ) ) ;
#5461 = ORIENTED_EDGE ( 'NONE', *, *, #3731, .F. ) ;
#5462 = EDGE_CURVE ( 'NONE', #1949, #3482, #2213, .T. ) ;
#5463 = DIRECTION ( 'NONE',  ( 0.000000000000000000, 0.000000000000000000, -1.000000000000000000 ) ) ;
#5464 = EDGE_CURVE ( 'NONE', #2014, #2854, #4888, .T. ) ;
#5465 = ORIENTED_EDGE ( 'NONE', *, *, #1499, .F. ) ;
#5466 = ORIENTED_EDGE ( 'NONE', *, *, #1109, .T. ) ;
#5467 = DIRECTION ( 'NONE',  ( 1.000000000000000000, -0.000000000000000000, -0.000000000000000000 ) ) ;
#5468 = ORIENTED_EDGE ( 'NONE', *, *, #4497, .T. ) ;
#5469 = ADVANCED_FACE ( 'NONE', ( #2280 ), #969, .F. ) ;
#5470 = EDGE_CURVE ( 'NONE', #351, #4396, #5345, .T. ) ;
#5471 = CARTESIAN_POINT ( 'NONE',  ( 28.13738793140522532, -11.00257930591061672, -1.230208473169579042 ) ) ;
#5472 = AXIS2_PLACEMENT_3D ( 'NONE', #3365, #332, #1173 ) ;
#5473 = AXIS2_PLACEMENT_3D ( 'NONE', #4137, #4164, #700 ) ;
#5474 = DIRECTION ( 'NONE',  ( 0.000000000000000000, 1.000000000000000000, 0.000000000000000000 ) ) ;
#5475 = LINE ( 'NONE', #3808, #1642 ) ;
#5476 = DIRECTION ( 'NONE',  ( -1.000000000000000000, 0.000000000000000000, 0.000000000000000000 ) ) ;
#5477 = VERTEX_POINT ( 'NONE', #2364 ) ;
#5478 = CARTESIAN_POINT ( 'NONE',  ( 24.00000000000000000, 8.324467844093694779, 5.748609342109912035 ) ) ;
#5479 = DIRECTION ( 'NONE',  ( 0.000000000000000000, 0.7083290928701347910, 0.7058823529411767383 ) ) ;
#5480 = CARTESIAN_POINT ( 'NONE',  ( 32.00000000000000000, -8.324467844093623725, 5.998609342110383658 ) ) ;
#5481 = LINE ( 'NONE', #1268, #5145 ) ;
#5482 = CARTESIAN_POINT ( 'NONE',  ( 23.65854107221094793, -8.079197629375563849, 3.952991052807908634 ) ) ;
#5483 = ORIENTED_EDGE ( 'NONE', *, *, #2177, .F. ) ;
#5484 = ORIENTED_EDGE ( 'NONE', *, *, #5001, .T. ) ;
#5485 = CARTESIAN_POINT ( 'NONE',  ( 23.57335858787853766, 8.324467844091019586, 5.748609342088650820 ) ) ;
#5486 = ORIENTED_EDGE ( 'NONE', *, *, #3945, .F. ) ;
#5487 = CARTESIAN_POINT ( 'NONE',  ( 0.000000000000000000, 0.000000000000000000, 10.00000000000000000 ) ) ;
#5488 = ORIENTED_EDGE ( 'NONE', *, *, #1998, .F. ) ;
#5489 = CIRCLE ( 'NONE', #1346, 1.000000000000000888 ) ;
#5490 = ORIENTED_EDGE ( 'NONE', *, *, #1187, .F. ) ;
#5491 = CARTESIAN_POINT ( 'NONE',  ( 0.000000000000000000, 15.05199322349037239, 0.000000000000000000 ) ) ;
#5492 = EDGE_LOOP ( 'NONE', ( #4915, #3084 ) ) ;
#5493 = CARTESIAN_POINT ( 'NONE',  ( 27.81130966847196717, -12.02268580626876826, 3.076306427343840078 ) ) ;
#5494 = EDGE_CURVE ( 'NONE', #2163, #606, #1895, .T. ) ;
#5495 = CARTESIAN_POINT ( 'NONE',  ( 24.85854012602414898, 14.94559794137272668, -0.0005660138214257712371 ) ) ;
#5496 = DIRECTION ( 'NONE',  ( -1.000000000000000000, -0.000000000000000000, -0.000000000000000000 ) ) ;
#5497 = CARTESIAN_POINT ( 'NONE',  ( 26.14999999999999858, -0.8935992301046571384, 13.55134419009916336 ) ) ;
#5498 = DIRECTION ( 'NONE',  ( 0.000000000000000000, 0.000000000000000000, 1.000000000000000000 ) ) ;
#5499 = EDGE_CURVE ( 'NONE', #2248, #490, #3128, .T. ) ;
#5500 = EDGE_CURVE ( 'NONE', #2494, #3477, #998, .T. ) ;
#5501 = ORIENTED_EDGE ( 'NONE', *, *, #2224, .F. ) ;
#5502 = DIRECTION ( 'NONE',  ( 0.000000000000000000, 0.000000000000000000, -1.000000000000000000 ) ) ;
#5503 = LINE ( 'NONE', #2094, #4547 ) ;
#5504 = LINE ( 'NONE', #4661, #3270 ) ;
#5505 = DIRECTION ( 'NONE',  ( 0.000000000000000000, 0.000000000000000000, 1.000000000000000000 ) ) ;
#5506 = AXIS2_PLACEMENT_3D ( 'NONE', #745, #3426, #4236 ) ;
#5507 = CARTESIAN_POINT ( 'NONE',  ( 0.000000000000000000, 0.000000000000000000, 0.000000000000000000 ) ) ;
#5508 = VERTEX_POINT ( 'NONE', #4913 ) ;
#5509 = ORIENTED_EDGE ( 'NONE', *, *, #4150, .T. ) ;
#5510 = FACE_OUTER_BOUND ( 'NONE', #2308, .T. ) ;
#5511 = DIRECTION ( 'NONE',  ( 0.000000000000000000, 0.000000000000000000, -1.000000000000000000 ) ) ;
#5512 = CARTESIAN_POINT ( 'NONE',  ( 24.83506455939966173, -14.98111974432974058, 10.00018805720386617 ) ) ;
#5513 = EDGE_CURVE ( 'NONE', #4333, #5203, #3187, .T. ) ;
#5514 = B_SPLINE_CURVE_WITH_KNOTS ( 'NONE', 3,
 ( #1233, #343, #3347, #2119 ),
 .UNSPECIFIED., .F., .F.,
 ( 4, 4 ),
 ( 0.000000000000000000, 0.0001414430564826919985 ),
 .UNSPECIFIED. ) ;
#5515 = VERTEX_POINT ( 'NONE', #3574 ) ;
#5516 = ORIENTED_EDGE ( 'NONE', *, *, #2735, .F. ) ;
#5517 = DIRECTION ( 'NONE',  ( 0.000000000000000000, 0.000000000000000000, -1.000000000000000000 ) ) ;
#5518 = ORIENTED_EDGE ( 'NONE', *, *, #907, .T. ) ;
#5519 = CARTESIAN_POINT ( 'NONE',  ( 23.40867371141265707, 8.780282026623890346, 5.752346259187518740 ) ) ;
#5520 = VERTEX_POINT ( 'NONE', #1373 ) ;
#5521 = CYLINDRICAL_SURFACE ( 'NONE', #1225, 1.000000000000000888 ) ;
#5522 = EDGE_CURVE ( 'NONE', #2755, #5038, #1990, .T. ) ;
#5523 = DIRECTION ( 'NONE',  ( 0.000000000000000000, 0.000000000000000000, 1.000000000000000000 ) ) ;
#5524 = CARTESIAN_POINT ( 'NONE',  ( 23.89109657034125078, -7.363144592618907858, 5.476370150540761372 ) ) ;
#5525 = ADVANCED_FACE ( 'NONE', ( #2782 ), #3997, .F. ) ;
#5526 = ORIENTED_EDGE ( 'NONE', *, *, #5470, .T. ) ;
#5527 = CARTESIAN_POINT ( 'NONE',  ( 31.67081268300314534, 9.440009727810769746, 11.41477494566455064 ) ) ;
#5528 = CARTESIAN_POINT ( 'NONE',  ( -9.585786437626905965, -29.58578643762690064, 10.00000000000000000 ) ) ;
#5529 = ADVANCED_FACE ( 'NONE', ( #4833 ), #1023, .T. ) ;
#5530 = FACE_OUTER_BOUND ( 'NONE', #4299, .T. ) ;
#5531 = DIRECTION ( 'NONE',  ( -0.000000000000000000, -0.000000000000000000, -1.000000000000000000 ) ) ;
#5532 = EDGE_CURVE ( 'NONE', #302, #2014, #3536, .T. ) ;
#5533 = AXIS2_PLACEMENT_3D ( 'NONE', #5453, #766, #402 ) ;
#5534 = CARTESIAN_POINT ( 'NONE',  ( 22.00000000000000000, 7.028708731544464960, 5.398864979437949962 ) ) ;
#5535 = EDGE_LOOP ( 'NONE', ( #5571, #2559, #2992, #2933 ) ) ;
#5536 = EDGE_LOOP ( 'NONE', ( #2401, #2289, #2384, #2879 ) ) ;
#5537 = CARTESIAN_POINT ( 'NONE',  ( 32.00000000000000000, -9.946350224409561847, 10.25667358824836128 ) ) ;
#5538 = CARTESIAN_POINT ( 'NONE',  ( 23.95558160194299901, 7.150532155906303977, 5.367174514907097738 ) ) ;
#5539 = CARTESIAN_POINT ( 'NONE',  ( 30.40195164158270202, -10.39583056857168408, -1.140365893703188194 ) ) ;
#5540 = CARTESIAN_POINT ( 'NONE',  ( 32.00000000000000000, -7.999999999999928946, 5.000000000000472511 ) ) ;
#5541 = CARTESIAN_POINT ( 'NONE',  ( 31.38481814145688986, -9.687609946218303847, 11.30799290978519345 ) ) ;
#5542 = ORIENTED_EDGE ( 'NONE', *, *, #2184, .T. ) ;
#5543 = ORIENTED_EDGE ( 'NONE', *, *, #585, .T. ) ;
#5544 = DIRECTION ( 'NONE',  ( 1.000000000000000000, -0.000000000000000000, -0.000000000000000000 ) ) ;
#5545 = ORIENTED_EDGE ( 'NONE', *, *, #1759, .T. ) ;
#5546 = DIRECTION ( 'NONE',  ( 0.000000000000000000, 0.000000000000000000, -1.000000000000000000 ) ) ;
#5547 = ORIENTED_EDGE ( 'NONE', *, *, #2965, .T. ) ;
#5548 = DIRECTION ( 'NONE',  ( 0.000000000000000000, 0.000000000000000000, 1.000000000000000000 ) ) ;
#5549 = AXIS2_PLACEMENT_3D ( 'NONE', #3918, #1381, #1878 ) ;
#5550 = CIRCLE ( 'NONE', #4296, 1.049999999999999822 ) ;
#5551 = CARTESIAN_POINT ( 'NONE',  ( 26.14999999999999858, -0.6171745149072963565, -2.400532155906029974 ) ) ;
#5552 = CARTESIAN_POINT ( 'NONE',  ( 26.14999999999999858, -0.2482221364524974383, -4.020238095237822051 ) ) ;
#5553 = VECTOR ( 'NONE', #1289, 1000.000000000000000 ) ;
#5554 = EDGE_CURVE ( 'NONE', #4131, #1949, #1715, .T. ) ;
#5555 = AXIS2_PLACEMENT_3D ( 'NONE', #5003, #4917, #3301 ) ;
#5556 = EDGE_LOOP ( 'NONE', ( #2481, #72, #4666, #5564 ) ) ;
#5557 = CARTESIAN_POINT ( 'NONE',  ( 24.85854012602414542, -14.94559794137272490, -0.0005660138214253673718 ) ) ;
#5558 =( NAMED_UNIT ( * ) SI_UNIT ( $, .STERADIAN. ) SOLID_ANGLE_UNIT ( ) );
#5559 = DIRECTION ( 'NONE',  ( 1.000000000000000000, 0.000000000000000000, 0.000000000000000000 ) ) ;
#5560 = CARTESIAN_POINT ( 'NONE',  ( 23.75111995902365081, -7.808096277910398619, 6.067515538291558208 ) ) ;
#5561 =( BOUNDED_CURVE ( )  B_SPLINE_CURVE ( 3, ( #452, #3422, #3893, #42 ),
 .UNSPECIFIED., .F., .F. ) 
 B_SPLINE_CURVE_WITH_KNOTS ( ( 4, 4 ),
 ( 4.712388980384689674, 6.283185307179586232 ),
 .UNSPECIFIED. ) 
 CURVE ( )  GEOMETRIC_REPRESENTATION_ITEM ( )  RATIONAL_B_SPLINE_CURVE ( ( 1.000000000000000000, 0.8047378541243649375, 0.8047378541243649375, 1.000000000000000000 ) ) 
 REPRESENTATION_ITEM ( '' )  );
#5562 = EDGE_CURVE ( 'NONE', #3831, #3990, #4875, .T. ) ;
#5563 = ORIENTED_EDGE ( 'NONE', *, *, #2605, .T. ) ;
#5564 = ORIENTED_EDGE ( 'NONE', *, *, #3260, .F. ) ;
#5565 = DIRECTION ( 'NONE',  ( -1.000000000000000000, -0.000000000000000000, -0.000000000000000000 ) ) ;
#5566 = CARTESIAN_POINT ( 'NONE',  ( 23.66270045104660014, -8.067017603643737544, 4.014714645829271511 ) ) ;
#5567 = CARTESIAN_POINT ( 'NONE',  ( 28.37933962458394177, -11.36869181531494988, -0.6908034562312945770 ) ) ;
#5568 = AXIS2_PLACEMENT_3D ( 'NONE', #3303, #3690, #4084 ) ;
#5569 = CARTESIAN_POINT ( 'NONE',  ( 26.14999999999999858, -2.002642472099355980E-13, -2.999999999999725109 ) ) ;
#5570 = CARTESIAN_POINT ( 'NONE',  ( 30.67033742854309253, -10.37538498983579416, 10.81241103876257981 ) ) ;
#5571 = ORIENTED_EDGE ( 'NONE', *, *, #2052, .T. ) ;
ENDSEC;
END-ISO-10303-21;
